FIPS_5digit,State,County,Housing Score
20071,KS,Greeley County,100.0
48393,TX,Roberts County,99.12619178151733
21105,KY,Hickman County,98.96478529167625
31143,NE,Polk County,98.8936050218075
17065,IL,Hamilton County,98.57695220537846
20199,KS,Wallace County,98.52226925872372
20075,KS,Hamilton County,98.49731652597484
20129,KS,Morton County,98.22852625494498
20101,KS,Lane County,98.1301663205681
20135,KS,Ness County,97.93523660881746
48271,TX,Kinney County,97.88821938153161
19069,IA,Franklin County,97.84752113001123
46091,SD,Marshall County,97.74816322690569
20163,KS,Rooks County,97.69684462908228
20069,KS,Gray County,97.5835373240255
31007,NE,Banner County,97.51810583042591
29087,MO,Holt County,97.48698663888395
40025,OK,Cimarron County,97.24977191064524
1037,AL,Coosa County,97.19694090469878
31149,NE,Rock County,97.17094737162091
38081,ND,Sargent County,96.91012032559983
20195,KS,Trego County,96.89025423808916
51091,VA,Highland County,96.83269149874758
31129,NE,Nuckolls County,96.80438036831511
31081,NE,Hamilton County,96.75101852850874
46039,SD,Deuel County,96.55802035076373
17171,IL,Scott County,96.35094566350124
20039,KS,Decatur County,96.21109053719778
38013,ND,Burke County,96.16088211019486
19195,IA,Worth County,96.07332292070438
54073,WV,Pleasants County,95.99655343331115
38063,ND,Nelson County,95.9883346763025
27101,MN,Murray County,95.97409010217594
31059,NE,Fillmore County,95.77543231836326
19093,IA,Ida County,95.76960495798893
48105,TX,Crockett County,95.75391559186868
27069,MN,Kittson County,95.70982918677348
20115,KS,Marion County,95.61938600162678
54017,WV,Doddridge County,95.49316936572322
42047,PA,Elk County,95.4340706356834
46057,SD,Hamlin County,95.41283915870646
17151,IL,Pope County,95.41224398792923
38019,ND,Cavalier County,95.39866224215447
54063,WV,Monroe County,95.39220476218043
19197,IA,Wright County,95.35611247893702
18147,IN,Spencer County,95.33727212930667
19011,IA,Benton County,95.33057933999034
20179,KS,Sheridan County,95.2861721951315
39137,OH,Putnam County,95.25790398029953
17059,IL,Gallatin County,95.1824327232185
19147,IA,Palo Alto County,95.1757850089071
38055,ND,McLean County,95.17529768815056
19025,IA,Calhoun County,95.07315357853156
54013,WV,Calhoun County,95.05161214657718
28015,MS,Carroll County,95.02442642765249
17169,IL,Schuyler County,95.0240053868522
20159,KS,Rice County,95.02284633087618
17069,IL,Hardin County,94.98763941158069
20183,KS,Smith County,94.94718176802714
5117,AR,Prairie County,94.92167079940451
18159,IN,Tipton County,94.83527143743095
19159,IA,Ringgold County,94.82788776927835
29033,MO,Carroll County,94.8245399675584
20119,KS,Meade County,94.81609141426665
17009,IL,Brown County,94.80226949020444
31039,NE,Cuming County,94.79388959386617
19149,IA,Plymouth County,94.75581167025943
38103,ND,Wells County,94.70777968257661
16007,ID,Bear Lake County,94.70081197656192
47175,TN,Van Buren County,94.67098547122518
17157,IL,Randolph County,94.67092747685338
46055,SD,Haakon County,94.62744949814068
39069,OH,Henry County,94.61468773111889
5013,AR,Calhoun County,94.60877541533065
20131,KS,Nemaha County,94.53529845258525
19173,IA,Taylor County,94.51591061780897
31027,NE,Cedar County,94.5075793989384
38075,ND,Renville County,94.49291385093353
31181,NE,Webster County,94.4874890295556
54093,WV,Tucker County,94.46467253884893
20201,KS,Washington County,94.43063449111503
39175,OH,Wyandot County,94.41511297456452
17035,IL,Cumberland County,94.41361991952309
38097,ND,Traill County,94.4020541293334
54095,WV,Tyler County,94.38149542989632
46069,SD,Hyde County,94.33208399484757
38073,ND,Ransom County,94.3129015856875
19131,IA,Mitchell County,94.2747355207863
55091,WI,Pepin County,94.2588507973354
31139,NE,Pierce County,94.2554680342681
20171,KS,Scott County,94.24576644415265
56041,WY,Uinta County,94.23140092055435
17071,IL,Henderson County,94.22668821888104
56009,WY,Converse County,94.2218642908147
46063,SD,Harding County,94.07623953198514
48151,TX,Fisher County,94.05288036846292
46003,SD,Aurora County,94.03467051405883
38031,ND,Foster County,93.96673271148404
20087,KS,Jefferson County,93.9505659443832
48345,TX,Motley County,93.91761147908508
20185,KS,Stafford County,93.8857645375166
31117,NE,McPherson County,93.83733414853947
18015,IN,Carroll County,93.83005871418858
20041,KS,Dickinson County,93.82283158166018
5025,AR,Cleveland County,93.81600525342785
48081,TX,Coke County,93.80906273602247
31171,NE,Thomas County,93.80273447101361
48109,TX,Culberson County,93.79583199596964
19089,IA,Howard County,93.78113724107598
29197,MO,Schuyler County,93.78085866954844
17017,IL,Cass County,93.77902666492433
29041,MO,Chariton County,93.77660397487718
1029,AL,Cleburne County,93.75654249879031
48275,TX,Knox County,93.74887892706292
20083,KS,Hodgeman County,93.73942977512924
17047,IL,Edwards County,93.7285543815861
29186,MO,Ste. Genevieve County,93.72561154039323
31169,NE,Thayer County,93.69418827254832
39125,OH,Paulding County,93.6812837631524
17049,IL,Effingham County,93.65714005442359
19071,IA,Fremont County,93.63725577834117
31035,NE,Clay County,93.62395489827138
20067,KS,Grant County,93.62136619578746
20097,KS,Kiowa County,93.61147340789317
20187,KS,Stanton County,93.59781892505578
20093,KS,Kearny County,93.57905348291945
19037,IA,Chickasaw County,93.56373770025208
38099,ND,Walsh County,93.55602147005082
38011,ND,Bowman County,93.55185568450194
19189,IA,Winnebago County,93.54198153851661
47109,TN,McNairy County,93.53601714939674
39107,OH,Mercer County,93.53000616735912
20053,KS,Ellsworth County,93.52308152381352
17045,IL,Edgar County,93.52063904659995
31159,NE,Seward County,93.49110026686498
17067,IL,Hancock County,93.48185013631249
30075,MT,Powder River County,93.44445919708824
31107,NE,Knox County,93.42576750249006
31125,NE,Nance County,93.40395576496195
27063,MN,Jackson County,93.37764322928028
31037,NE,Colfax County,93.36768710340235
20033,KS,Comanche County,93.3497138277371
20145,KS,Pawnee County,93.3224451856946
46107,SD,Potter County,93.32079456825592
39011,OH,Auglaize County,93.28464884515608
48017,TX,Bailey County,93.28277109086405
17139,IL,Moultrie County,93.2575673347665
38067,ND,Pembina County,93.24808229696131
4011,AZ,Greenlee County,93.2446925749792
29051,MO,Cole County,93.24398542629689
19119,IA,Lyon County,93.22344838150762
29151,MO,Osage County,93.22164167843847
19151,IA,Pocahontas County,93.18476601500846
20141,KS,Osborne County,93.1794870924493
38045,ND,LaMoure County,93.17277001275664
20017,KS,Chase County,93.16565639193064
19167,IA,Sioux County,93.16515302361
29073,MO,Gasconade County,93.13684660453187
1027,AL,Clay County,93.12514592446544
19067,IA,Floyd County,93.11437167209509
27167,MN,Wilkin County,93.11301680194691
38083,ND,Sheridan County,93.11188506260437
46061,SD,Hanson County,93.1012130342947
46135,SD,Yankton County,93.0881353659983
54007,WV,Braxton County,93.07520536801
31097,NE,Johnson County,93.07217538230319
48111,TX,Dallam County,93.0175463820237
46119,SD,Sully County,93.00779892592915
31057,NE,Dundy County,92.98852893904504
17187,IL,Warren County,92.98770492701506
39135,OH,Preble County,92.97704934895792
19097,IA,Jackson County,92.96808309189842
19075,IA,Grundy County,92.93660849796633
46015,SD,Brule County,92.92763307568224
29227,MO,Worth County,92.92751484602277
29205,MO,Shelby County,92.92212001362891
38009,ND,Bottineau County,92.92168783774952
1075,AL,Lamar County,92.92032328716823
19017,IA,Bremer County,92.9202332950306
48065,TX,Carson County,92.90793958768755
40093,OK,Major County,92.88225956940963
19161,IA,Sac County,92.83341899244556
19105,IA,Jones County,92.82805466892084
20089,KS,Jewell County,92.8128033115043
54021,WV,Gilmer County,92.81134767180384
49015,UT,Emery County,92.80673689232484
38033,ND,Golden Valley County,92.78565363705297
19191,IA,Winneshiek County,92.77489616244226
17155,IL,Putnam County,92.76510196715664
48319,TX,Mason County,92.7629036541504
38029,ND,Emmons County,92.71439205346265
5053,AR,Grant County,92.69614457624839
17101,IL,Lawrence County,92.67439017203618
46009,SD,Bon Homme County,92.65888154432399
46021,SD,Campbell County,92.64799041423267
19091,IA,Humboldt County,92.64770484333123
40059,OK,Harper County,92.64274678478824
29157,MO,Perry County,92.63749505282259
38091,ND,Steele County,92.61539391613206
48413,TX,Schleicher County,92.60613857183621
13219,GA,Oconee County,92.57066010334763
48333,TX,Mills County,92.554921710525
29129,MO,Mercer County,92.55052755818288
56017,WY,Hot Springs County,92.538098517233
19015,IA,Boone County,92.52511678522667
48033,TX,Borden County,92.50953628719412
38087,ND,Slope County,92.49621656933273
29063,MO,DeKalb County,92.49329299152383
19035,IA,Cherokee County,92.49050165320828
21225,KY,Union County,92.47957470574649
18125,IN,Pike County,92.46874317277452
21027,KY,Breckinridge County,92.45090400540411
13125,GA,Glascock County,92.4501760816778
46075,SD,Jones County,92.4344047057462
31049,NE,Deuel County,92.4319885801907
17145,IL,Perry County,92.43124173936123
18069,IN,Huntington County,92.41610032730668
46059,SD,Hand County,92.39837863962741
29175,MO,Randolph County,92.39374639066425
20193,KS,Thomas County,92.38777428220043
18133,IN,Putnam County,92.38366122196055
1067,AL,Henry County,92.36918053378687
31099,NE,Kearney County,92.3529288059767
20031,KS,Coffey County,92.34984684540068
27155,MN,Traverse County,92.34304886016056
46067,SD,Hutchinson County,92.32731681624472
51021,VA,Bland County,92.32027207646513
39149,OH,Shelby County,92.31487367536059
19081,IA,Hancock County,92.30134265501155
20025,KS,Clark County,92.29455936843902
20197,KS,Wabaunsee County,92.28695901095033
17159,IL,Richland County,92.28399422864432
19099,IA,Jasper County,92.28006168760064
36121,NY,Wyoming County,92.2730464176022
48461,TX,Upton County,92.25559354057962
38049,ND,McHenry County,92.2506890171989
27173,MN,Yellow Medicine County,92.23774794603237
16029,ID,Caribou County,92.22374247476827
39121,OH,Noble County,92.22261471640387
19095,IA,Iowa County,92.18411213290517
54053,WV,Mason County,92.17943522267633
17015,IL,Carroll County,92.16898527857464
39037,OH,Darke County,92.15324908590875
19023,IA,Butler County,92.14992316032796
19115,IA,Louisa County,92.14647630811709
55083,WI,Oconto County,92.11154920107379
27133,MN,Rock County,92.10606454786753
48169,TX,Garza County,92.10404626212984
46037,SD,Day County,92.0712603245851
17189,IL,Washington County,92.06717941137791
17079,IL,Jasper County,92.04782961374798
55069,WI,Lincoln County,92.04703659398106
27089,MN,Marshall County,92.03060949987284
21233,KY,Webster County,92.02072984413667
1019,AL,Cherokee County,92.00758422564053
20047,KS,Edwards County,91.99698103403921
21167,KY,Mercer County,91.99461285177713
38043,ND,Kidder County,91.99370389622706
54103,WV,Wetzel County,91.981803558256
39021,OH,Champaign County,91.97209842112652
56023,WY,Lincoln County,91.96437970955873
38051,ND,McIntosh County,91.95868043231373
32027,NV,Pershing County,91.95753466016234
5121,AR,Randolph County,91.94158963395198
46115,SD,Spink County,91.9310335352081
48417,TX,Shackelford County,91.91292427055261
16043,ID,Fremont County,91.89505563074552
17129,IL,Menard County,91.88761801878606
18113,IN,Noble County,91.88421729723159
29207,MO,Stoddard County,91.88086615107089
17133,IL,Monroe County,91.8767966471166
18033,IN,DeKalb County,91.8732477263594
31183,NE,Wheeler County,91.85920444774531
28057,MS,Itawamba County,91.85915109478277
46111,SD,Sanborn County,91.84957648521687
56043,WY,Washakie County,91.8418288506898
31147,NE,Richardson County,91.83680050924198
29135,MO,Moniteau County,91.83509397440653
28117,MS,Prentiss County,91.82455645543791
18087,IN,LaGrange County,91.81443915355057
54091,WV,Taylor County,91.81219553616272
18179,IN,Wells County,91.8016682915255
17061,IL,Greene County,91.78188908750678
31135,NE,Perkins County,91.77606397275376
31003,NE,Antelope County,91.76532598668534
54023,WV,Grant County,91.74666247331412
38021,ND,Dickey County,91.6882455209316
20029,KS,Cloud County,91.67697981815358
20147,KS,Phillips County,91.6745241016551
46087,SD,McCook County,91.6718551675292
1093,AL,Marion County,91.66653606784662
20165,KS,Rush County,91.65628188853913
19143,IA,Osceola County,91.63973340708304
56035,WY,Sublette County,91.6393432419132
54009,WV,Brooke County,91.61160460547401
19165,IA,Shelby County,91.59753188751924
38039,ND,Griggs County,91.58227996160353
40053,OK,Grant County,91.57864190023214
21031,KY,Butler County,91.57058919764006
47183,TN,Weakley County,91.56646746226927
29045,MO,Clark County,91.56636222101771
55071,WI,Manitowoc County,91.56592620157939
19133,IA,Monona County,91.56244852935549
48431,TX,Sterling County,91.55218917041027
21005,KY,Anderson County,91.547612716786
42123,PA,Warren County,91.54574449076064
48263,TX,Kent County,91.5447344459683
27125,MN,Red Lake County,91.53888406376234
38027,ND,Eddy County,91.53278794182319
55075,WI,Marinette County,91.5295159610421
29005,MO,Atchison County,91.48260278656284
49055,UT,Wayne County,91.47960947112453
1133,AL,Winston County,91.47042330413665
21039,KY,Carlisle County,91.46890673146531
39073,OH,Hocking County,91.46561318312447
17051,IL,Fayette County,91.44335617458611
46109,SD,Roberts County,91.43878183883419
1079,AL,Lawrence County,91.42868415585015
31021,NE,Burt County,91.38773916494169
39039,OH,Defiance County,91.38642059165183
47085,TN,Humphreys County,91.36416676096371
5009,AR,Boone County,91.36046700352225
29171,MO,Putnam County,91.35164890599218
19041,IA,Clay County,91.35015818721601
19183,IA,Washington County,91.34842976006878
17057,IL,Fulton County,91.34395473628727
18171,IN,Warren County,91.3342612963051
27015,MN,Brown County,91.31558931481604
21007,KY,Ballard County,91.31089697205533
31023,NE,Butler County,91.3072449718327
37111,NC,McDowell County,91.29666196951084
19031,IA,Cedar County,91.29466377171983
42061,PA,Huntingdon County,91.29427475157183
18037,IN,Dubois County,91.29280833515183
20013,KS,Brown County,91.26751155296414
20065,KS,Graham County,91.2386456245237
46129,SD,Walworth County,91.22220908524285
40007,OK,Beaver County,91.21223294661739
40003,OK,Alfalfa County,91.17713018695635
17173,IL,Shelby County,91.17197199163721
8017,CO,Cheyenne County,91.1692047005943
19051,IA,Davis County,91.16726138449289
19079,IA,Hamilton County,91.15705431652782
19027,IA,Carroll County,91.15522091268683
18183,IN,Whitley County,91.15223066926734
42083,PA,McKean County,91.14936817937412
48369,TX,Parmer County,91.14309891239022
39123,OH,Ottawa County,91.14268593026452
19019,IA,Buchanan County,91.13725346464773
31031,NE,Cherry County,91.13664013626237
18023,IN,Clinton County,91.12504585071008
30071,MT,Phillips County,91.1197081997268
31073,NE,Gosper County,91.1186903913965
46089,SD,McPherson County,91.09807775215847
38095,ND,Towner County,91.09753419710255
17073,IL,Henry County,91.09234118494287
35011,NM,De Baca County,91.08638956395382
46049,SD,Faulk County,91.08282239339133
17023,IL,Clark County,91.0819582693486
18045,IN,Fountain County,91.06359589637107
17085,IL,Jo Daviess County,91.06325187512857
21217,KY,Taylor County,91.06231740343951
20157,KS,Republic County,91.04728585809862
18131,IN,Pulaski County,91.04624201709044
13213,GA,Murray County,91.04252473484165
29117,MO,Livingston County,91.04104180618455
18135,IN,Randolph County,91.00553716895143
21185,KY,Oldham County,90.99103525109905
19009,IA,Audubon County,90.97788506083623
31011,NE,Boone County,90.96428495735832
47081,TN,Hickman County,90.95164511446052
39161,OH,Van Wert County,90.94976132778795
19083,IA,Hardin County,90.93044713122742
40103,OK,Noble County,90.92417662588876
31127,NE,Nemaha County,90.91399250495279
46097,SD,Miner County,90.89977007749803
27165,MN,Watonwan County,90.88711433619436
29195,MO,Saline County,90.87104238173995
5075,AR,Lawrence County,90.8467592464446
55087,WI,Outagamie County,90.84220018585398
18021,IN,Clay County,90.84128423256993
18117,IN,Orange County,90.83764211035306
54085,WV,Ritchie County,90.8330638273706
46117,SD,Stanley County,90.83068242770993
46083,SD,Lincoln County,90.8106200696648
47131,TN,Obion County,90.8064575972301
55115,WI,Shawano County,90.80603896899414
22127,LA,Winn Parish,90.80348977378661
38071,ND,Ramsey County,90.7889289803697
1095,AL,Marshall County,90.7745126959763
48269,TX,King County,90.76139166257116
5081,AR,Little River County,90.7494147042722
17117,IL,Macoupin County,90.72708939103846
31175,NE,Valley County,90.71552810042682
30105,MT,Valley County,90.71027919686645
20095,KS,Kingman County,90.7100802270826
29007,MO,Audrain County,90.70606159312844
24023,MD,Garrett County,90.68654113593253
40065,OK,Jackson County,90.68406355225169
31051,NE,Dixon County,90.66970789258694
20073,KS,Greenwood County,90.66673850470275
20123,KS,Mitchell County,90.66554433340818
13229,GA,Pierce County,90.66213690146249
31155,NE,Saunders County,90.6604584320891
17181,IL,Union County,90.65630920813939
20117,KS,Marshall County,90.6440790239845
19047,IA,Crawford County,90.61818853476434
40051,OK,Grady County,90.59914178262324
27033,MN,Cottonwood County,90.59750135267315
17125,IL,Mason County,90.59709505823308
49041,UT,Sevier County,90.59484711963725
29185,MO,St. Clair County,90.58177715511259
27043,MN,Faribault County,90.57926386662213
29121,MO,Macon County,90.5727643002035
5079,AR,Lincoln County,90.56218041311992
46105,SD,Perkins County,90.55907995760526
31165,NE,Sioux County,90.55670414400896
19005,IA,Allamakee County,90.55352598615342
40043,OK,Dewey County,90.55085940425498
17203,IL,Woodford County,90.5484681312241
54071,WV,Pendleton County,90.54816633057565
31089,NE,Holt County,90.54450969520363
22059,LA,La Salle Parish,90.52455668141833
46093,SD,Meade County,90.49887685382208
1035,AL,Conecuh County,90.49821230762153
20151,KS,Pratt County,90.49719688350513
19135,IA,Monroe County,90.49252211574412
19021,IA,Buena Vista County,90.49077541558039
39075,OH,Holmes County,90.4906597534332
20127,KS,Morris County,90.49039173037498
42057,PA,Fulton County,90.4865893250399
17025,IL,Clay County,90.4706825481055
5097,AR,Montgomery County,90.45992460504581
18155,IN,Switzerland County,90.45550484701961
27051,MN,Grant County,90.44053124116255
18169,IN,Wabash County,90.43897145216378
20081,KS,Haskell County,90.43499208627509
42067,PA,Juniata County,90.43315859083417
17195,IL,Whiteside County,90.41088566486388
37075,NC,Graham County,90.3986495557125
20009,KS,Barton County,90.39608409315764
19141,IA,O'Brien County,90.39512873091554
54065,WV,Morgan County,90.38685694179732
48433,TX,Stonewall County,90.38392593222683
22093,LA,St. James Parish,90.37325774060281
37121,NC,Mitchell County,90.37253166601306
47181,TN,Wayne County,90.36099539479308
40063,OK,Hughes County,90.34848955009133
18161,IN,Union County,90.34517959738577
39013,OH,Belmont County,90.33168618913754
18173,IN,Warrick County,90.3116767546859
28155,MS,Webster County,90.31130304526685
17039,IL,De Witt County,90.30692282218226
8033,CO,Dolores County,90.3045837389803
55065,WI,Lafayette County,90.29150363499008
26043,MI,Dickinson County,90.27507090201266
16011,ID,Bingham County,90.2592007302976
19175,IA,Union County,90.2527177897509
39171,OH,Williams County,90.24555811418418
5083,AR,Logan County,90.24082824304482
55067,WI,Langlade County,90.23606062969209
18073,IN,Jasper County,90.23061380868808
27129,MN,Renville County,90.20991116310995
22011,LA,Beauregard Parish,90.19861807431573
18051,IN,Gibson County,90.19448436516814
42111,PA,Somerset County,90.1768445384308
21169,KY,Metcalfe County,90.16009459504232
47161,TN,Stewart County,90.1477784658452
28129,MS,Smith County,90.14171394760548
17021,IL,Christian County,90.12626421450216
27091,MN,Martin County,90.1174055628592
19123,IA,Mahaska County,90.11422229817157
20001,KS,Allen County,90.10927978849196
54057,WV,Mineral County,90.10577843084273
38007,ND,Billings County,90.10428135589305
20113,KS,McPherson County,90.07932409668616
29179,MO,Reynolds County,90.07135717678713
18071,IN,Jackson County,90.0650605669372
22043,LA,Grant Parish,90.06101010876188
19109,IA,Kossuth County,90.05971388964588
29199,MO,Scotland County,90.05968596798735
47127,TN,Moore County,90.05925960628909
20023,KS,Cheyenne County,90.04585303264261
49017,UT,Garfield County,90.04330368907004
47035,TN,Cumberland County,90.03597167178866
31131,NE,Otoe County,90.02194452632038
47049,TN,Fentress County,90.0145977404845
18047,IN,Franklin County,89.99522276491722
20019,KS,Chautauqua County,89.99401771605761
46065,SD,Hughes County,89.99339151692615
1059,AL,Franklin County,89.98692511300096
27071,MN,Koochiching County,89.9858793840965
27149,MN,Stevens County,89.98279990400249
39019,OH,Carroll County,89.98063482087876
39147,OH,Seneca County,89.9699564460718
39051,OH,Fulton County,89.96980326370985
29057,MO,Dade County,89.96370726087903
28019,MS,Choctaw County,89.9601887882667
38061,ND,Mountrail County,89.9572915161687
37009,NC,Ashe County,89.9563577532222
18093,IN,Lawrence County,89.93541291883923
55061,WI,Kewaunee County,89.92732405500267
46073,SD,Jerauld County,89.92536765872505
30015,MT,Chouteau County,89.90922741081262
48289,TX,Leon County,89.90074966385706
46051,SD,Grant County,89.88015087288078
18065,IN,Henry County,89.87544652633727
51071,VA,Giles County,89.8700605578234
5105,AR,Perry County,89.8695118147586
21141,KY,Logan County,89.8691470875427
17033,IL,Crawford County,89.8667219774051
21055,KY,Crittenden County,89.85911818068368
17041,IL,Douglas County,89.85772012776225
5029,AR,Conway County,89.8456197337139
29105,MO,Laclede County,89.84286403247971
54031,WV,Hardy County,89.83964070460829
48233,TX,Hutchinson County,89.83269486598668
31069,NE,Garden County,89.82662684909192
26063,MI,Huron County,89.82356037975464
21143,KY,Lyon County,89.81636751699334
51035,VA,Carroll County,89.81447582772387
29061,MO,Daviess County,89.80804218831109
19049,IA,Dallas County,89.78920718657179
20063,KS,Gove County,89.77625176325017
29003,MO,Andrew County,89.76901315307664
48415,TX,Scurry County,89.7469249168639
17137,IL,Morgan County,89.74655290494611
47059,TN,Greene County,89.74411985661227
17153,IL,Pulaski County,89.74126788185164
48191,TX,Hall County,89.73025750809764
21011,KY,Bath County,89.72129262578898
48197,TX,Hardeman County,89.71305770220489
31141,NE,Platte County,89.71110036978288
18031,IN,Decatur County,89.7107300433246
19001,IA,Adair County,89.70589385874723
5073,AR,Lafayette County,89.70176084390965
46043,SD,Douglas County,89.69437758873603
1049,AL,DeKalb County,89.68299713304147
29075,MO,Gentry County,89.67910746502669
48057,TX,Calhoun County,89.67023455263906
40045,OK,Ellis County,89.66673754440211
20203,KS,Wichita County,89.66666517525628
54087,WV,Roane County,89.65989236108341
31151,NE,Saline County,89.65152012258673
29131,MO,Miller County,89.64795966937348
17135,IL,Montgomery County,89.64019770607915
37003,NC,Alexander County,89.6398591189194
29163,MO,Pike County,89.63926764613448
29125,MO,Maries County,89.62097573923221
55121,WI,Trempealeau County,89.61973275221783
20057,KS,Ford County,89.6196403746916
26157,MI,Tuscola County,89.61639999250629
48495,TX,Winkler County,89.60221848232264
47135,TN,Perry County,89.59709538913678
51163,VA,Rockbridge County,89.58605896653776
28115,MS,Pontotoc County,89.56716817915064
19181,IA,Warren County,89.56541001982481
19055,IA,Delaware County,89.55729472196982
20191,KS,Sumner County,89.55493499602358
20005,KS,Atchison County,89.53543528135145
46045,SD,Edmunds County,89.51433312600236
13207,GA,Monroe County,89.51138683383546
19087,IA,Henry County,89.50509051871774
29115,MO,Linn County,89.50250385058851
51077,VA,Grayson County,89.49275793145313
1111,AL,Randolph County,89.48108918671802
56003,WY,Big Horn County,89.47393059100648
48279,TX,Lamb County,89.4687597425596
35028,NM,Los Alamos County,89.46742332845632
42113,PA,Sullivan County,89.46479297433123
19003,IA,Adams County,89.46036246946746
54083,WV,Randolph County,89.45985720553395
42109,PA,Snyder County,89.45773008855325
18149,IN,Starke County,89.45687335438335
51191,VA,Washington County,89.45234269740034
17005,IL,Bond County,89.45197026167989
22113,LA,Vermilion Parish,89.44883447866405
21135,KY,Lewis County,89.44251666241539
29059,MO,Dallas County,89.41766054951195
18103,IN,Miami County,89.41613774418325
46127,SD,Union County,89.41003243875144
17087,IL,Johnson County,89.40269068373645
31067,NE,Gage County,89.38972909216425
17127,IL,Massac County,89.38938345351285
54067,WV,Nicholas County,89.38744946567437
17107,IL,Logan County,89.36915847871887
55015,WI,Calumet County,89.36878102296768
49045,UT,Tooele County,89.36300499059301
48035,TX,Bosque County,89.33645609560159
29225,MO,Webster County,89.33425762900275
31095,NE,Jefferson County,89.33333738269438
20207,KS,Woodson County,89.3303086170021
16071,ID,Oneida County,89.32845761060206
40129,OK,Roger Mills County,89.32063360312578
48095,TX,Concho County,89.31184892631923
17123,IL,Marshall County,89.30869077400595
39033,OH,Crawford County,89.29207252427223
31085,NE,Hayes County,89.27560655902737
20099,KS,Labette County,89.2718836857847
27117,MN,Pipestone County,89.27178435449139
26153,MI,Schoolcraft County,89.27053409753948
47005,TN,Benton County,89.26649866617771
54001,WV,Barbour County,89.2625144553048
5021,AR,Clay County,89.24221698102977
17131,IL,Mercer County,89.24047753039112
26141,MI,Presque Isle County,89.23997674110882
47103,TN,Lincoln County,89.23742109709906
48207,TX,Haskell County,89.23531239433697
20139,KS,Osage County,89.22741446954439
18123,IN,Perry County,89.21763891105208
5023,AR,Cleburne County,89.2164452981661
28101,MS,Newton County,89.21010338638695
1057,AL,Fayette County,89.20358088118539
5149,AR,Yell County,89.20129651097467
42059,PA,Greene County,89.17031287977191
27073,MN,Lac qui Parle County,89.16282625015066
21139,KY,Livingston County,89.1618909026795
55117,WI,Sheboygan County,89.14049165498598
51005,VA,Alleghany County,89.13992605960777
29027,MO,Callaway County,89.13429058554709
49033,UT,Rich County,89.12869509226891
40081,OK,Lincoln County,89.12611033595324
55129,WI,Washburn County,89.12483805398841
27093,MN,Meeker County,89.12170006286941
13209,GA,Montgomery County,89.11398346276532
21183,KY,Ohio County,89.11331335002018
31101,NE,Keith County,89.11154088974426
30025,MT,Fallon County,89.11035791795378
26029,MI,Charlevoix County,89.1034772589813
16033,ID,Clark County,89.10208832258763
26109,MI,Menominee County,89.10155989622353
48205,TX,Hartley County,89.09707965963726
29035,MO,Carter County,89.06641671295502
31063,NE,Frontier County,89.03414421614882
17147,IL,Piatt County,89.01596696792402
40149,OK,Washita County,89.00692198800476
31163,NE,Sherman County,89.00484858524834
54107,WV,Wood County,89.00201359380624
29139,MO,Montgomery County,88.9960932330571
20007,KS,Barber County,88.98210392721818
19137,IA,Montgomery County,88.97603954314577
40015,OK,Caddo County,88.97589241852799
37033,NC,Caswell County,88.9705300099394
21165,KY,Menifee County,88.96606158561988
13315,GA,Wilcox County,88.93431044878626
5039,AR,Dallas County,88.93313630693004
46101,SD,Moody County,88.93210711451779
18075,IN,Jay County,88.92738682422305
18119,IN,Owen County,88.92426967187225
20109,KS,Logan County,88.91994114492768
21157,KY,Marshall County,88.91393573865771
38003,ND,Barnes County,88.90507949719417
21215,KY,Spencer County,88.90230281025424
51023,VA,Botetourt County,88.89658317398799
35021,NM,Harding County,88.88836824818951
40033,OK,Cotton County,88.88794713377405
48011,TX,Armstrong County,88.88345541645927
13251,GA,Screven County,88.88058124920082
1091,AL,Marengo County,88.87868725420603
18061,IN,Harrison County,88.87728453864689
38047,ND,Logan County,88.86629036955178
42121,PA,Venango County,88.85789436969226
21187,KY,Owen County,88.85505095075747
39065,OH,Hardin County,88.85219175000378
35003,NM,Catron County,88.84769478644975
39091,OH,Logan County,88.84762509542294
31087,NE,Hitchcock County,88.84089282471227
26007,MI,Alpena County,88.8346800591441
18165,IN,Vermillion County,88.82822128393418
51111,VA,Lunenburg County,88.82469523452174
18017,IN,Cass County,88.81328019525026
27161,MN,Waseca County,88.8087342363584
27085,MN,McLeod County,88.80058392258557
21177,KY,Muhlenberg County,88.79813163850099
39167,OH,Washington County,88.79473928606568
55039,WI,Fond du Lac County,88.78123647269793
29083,MO,Henry County,88.77944110087016
48365,TX,Panola County,88.7782793578893
55141,WI,Wood County,88.77671487068868
18107,IN,Montgomery County,88.76940531123944
27127,MN,Redwood County,88.76524921070843
31185,NE,York County,88.76230334086128
18099,IN,Marshall County,88.75565019560445
39071,OH,Highland County,88.75430717827895
21149,KY,McLean County,88.7460929615072
1129,AL,Washington County,88.74207894246346
13133,GA,Greene County,88.73527194609792
18151,IN,Steuben County,88.72764634729295
21229,KY,Washington County,88.71557485349692
38065,ND,Oliver County,88.70266867523003
46035,SD,Davison County,88.69571183112014
29183,MO,St. Charles County,88.69052570546894
51141,VA,Patrick County,88.66501758784975
21061,KY,Edmonson County,88.65918133131082
19125,IA,Marion County,88.64470685028085
5033,AR,Crawford County,88.63106268510357
21179,KY,Nelson County,88.62949939101865
26011,MI,Arenac County,88.62874969349366
29089,MO,Howard County,88.61737290786449
26005,MI,Allegan County,88.61193131175557
29053,MO,Cooper County,88.6068220888212
47129,TN,Morgan County,88.60595201723348
18059,IN,Hancock County,88.59659510955564
26013,MI,Baraga County,88.59384592505049
27097,MN,Morrison County,88.58971988791525
13011,GA,Banks County,88.58860125842374
5007,AR,Benton County,88.58825366467813
1103,AL,Morgan County,88.58602824530747
29145,MO,Newton County,88.58414319050702
37193,NC,Wilkes County,88.58156921566612
39063,OH,Hancock County,88.58107341046491
47091,TN,Johnson County,88.578827170077
29111,MO,Lewis County,88.57726182991766
1123,AL,Tallapoosa County,88.57459179486219
2060,AK,Bristol Bay Borough,88.5682730354194
22049,LA,Jackson Parish,88.56365140758312
26131,MI,Ontonagon County,88.56269280749142
17175,IL,Stark County,88.55791533675931
51019,VA,Bedford County,88.55047999258507
51167,VA,Russell County,88.54000884940432
46053,SD,Gregory County,88.53225833384073
48119,TX,Delta County,88.53038538377001
46125,SD,Turner County,88.52661339577679
5109,AR,Pike County,88.5222757774611
38057,ND,Mercer County,88.51924596016985
47051,TN,Franklin County,88.51076039378609
47123,TN,Monroe County,88.49889333996737
27041,MN,Douglas County,88.48347354891824
46011,SD,Brookings County,88.47141556543804
29101,MO,Johnson County,88.4699962116339
54079,WV,Putnam County,88.46865667913461
29043,MO,Christian County,88.46649957648302
18027,IN,Daviess County,88.45924507599373
54035,WV,Jackson County,88.45313244054591
29079,MO,Grundy County,88.45260026454365
48093,TX,Comanche County,88.45084961475536
27111,MN,Otter Tail County,88.41668568246153
19033,IA,Cerro Gordo County,88.4106415124668
47143,TN,Rhea County,88.40901189359046
28095,MS,Monroe County,88.39462641601686
21033,KY,Caldwell County,88.39092054306195
55131,WI,Washington County,88.38293903031168
48159,TX,Franklin County,88.3775739525479
17103,IL,Lee County,88.37453976181169
13145,GA,Harris County,88.37206026614625
5103,AR,Ouachita County,88.37132433653775
47055,TN,Giles County,88.35816483350335
5047,AR,Franklin County,88.35279900226385
27047,MN,Freeborn County,88.34993487452935
19063,IA,Emmet County,88.34445104003714
19177,IA,Van Buren County,88.34035804110928
42107,PA,Schuylkill County,88.33001776227778
40147,OK,Washington County,88.3293051337076
55045,WI,Green County,88.32374554627556
46077,SD,Kingsbury County,88.31636153560174
5111,AR,Poinsett County,88.31138921751113
39165,OH,Warren County,88.31119183478047
55049,WI,Iowa County,88.31070340620214
51197,VA,Wythe County,88.30707832247771
48059,TX,Callahan County,88.30005970494514
49027,UT,Millard County,88.29737294969829
40073,OK,Kingfisher County,88.28908150098249
20077,KS,Harper County,88.28037409176136
30055,MT,McCone County,88.27588023090675
30095,MT,Stillwater County,88.26627100396472
31083,NE,Harlan County,88.26530601216429
32017,NV,Lincoln County,88.26372118006041
26037,MI,Clinton County,88.25040029989776
29221,MO,Washington County,88.24737912766669
40011,OK,Blaine County,88.22382925447842
48483,TX,Wheeler County,88.22143428963679
19073,IA,Greene County,88.2122761682535
18181,IN,White County,88.20252081106017
47137,TN,Pickett County,88.19845172341138
55011,WI,Buffalo County,88.19728418733325
28013,MS,Calhoun County,88.19437463757262
26057,MI,Gratiot County,88.19299344433998
29123,MO,Madison County,88.18303989813812
42005,PA,Armstrong County,88.14566224575557
51089,VA,Henry County,88.14190607787418
39143,OH,Sandusky County,88.13756288277956
55097,WI,Portage County,88.11680172512342
55073,WI,Marathon County,88.11652886773219
12125,FL,Union County,88.11474586036155
18079,IN,Jennings County,88.10759462723283
54005,WV,Boone County,88.1013754840935
19171,IA,Tama County,88.08202874509968
22053,LA,Jefferson Davis Parish,88.0791517438034
55135,WI,Waupaca County,88.07566443356512
29127,MO,Marion County,88.06716706949624
18085,IN,Kosciusko County,88.05253486705023
29065,MO,Dent County,88.0501313030764
17013,IL,Calhoun County,88.04712869983491
55077,WI,Marquette County,88.02860478402346
17141,IL,Ogle County,88.02175705396405
19121,IA,Madison County,88.02151834510808
42009,PA,Bedford County,88.02034799294678
37123,NC,Montgomery County,88.01815564424749
54029,WV,Hancock County,88.01551936046042
13001,GA,Appling County,88.01128790350329
18129,IN,Posey County,88.00558496107935
21137,KY,Lincoln County,87.99246427871323
31177,NE,Washington County,87.99230524339431
1045,AL,Dale County,87.99051554060671
40153,OK,Woodward County,87.96292548838716
51161,VA,Roanoke County,87.96022415767595
31041,NE,Custer County,87.95884456191669
40123,OK,Pontotoc County,87.94823370054667
28127,MS,Simpson County,87.94261743529437
13259,GA,Stewart County,87.94179476242984
56019,WY,Johnson County,87.93784344710052
26113,MI,Missaukee County,87.93615605432986
12123,FL,Taylor County,87.92762734574849
16031,ID,Cassia County,87.92315488105645
20003,KS,Anderson County,87.91985263291384
56031,WY,Platte County,87.90950710352382
18057,IN,Hamilton County,87.90647852960076
29055,MO,Crawford County,87.90008962137723
48343,TX,Morris County,87.8849306920803
27045,MN,Fillmore County,87.88092924494248
39015,OH,Brown County,87.87157021504092
37027,NC,Caldwell County,87.86747342154328
27107,MN,Norman County,87.86648647461084
55119,WI,Taylor County,87.86541901527396
17149,IL,Pike County,87.86467726500497
18077,IN,Jefferson County,87.86217441669478
46123,SD,Tripp County,87.85851213902139
47053,TN,Gibson County,87.85400338659538
17075,IL,Iroquois County,87.84454890878139
13073,GA,Columbia County,87.84314944454871
37035,NC,Catawba County,87.83428209688594
28041,MS,Greene County,87.83080130808253
1039,AL,Covington County,87.82024202703215
5145,AR,White County,87.81846501269344
42119,PA,Union County,87.81193135580511
1043,AL,Cullman County,87.79907900830864
40049,OK,Garvin County,87.79559861886983
21079,KY,Garrard County,87.79039852665801
20149,KS,Pottawatomie County,87.7902849674603
31145,NE,Red Willow County,87.78742563803837
51063,VA,Floyd County,87.78287725171006
30039,MT,Granite County,87.77549130484563
19107,IA,Keokuk County,87.7585328217261
1071,AL,Jackson County,87.75707612106608
39077,OH,Huron County,87.75031181211173
38041,ND,Hettinger County,87.74942793452962
27023,MN,Chippewa County,87.74525915388229
26151,MI,Sanilac County,87.73539092698552
17105,IL,Livingston County,87.72957486704749
42053,PA,Forest County,87.72784546180868
47079,TN,Henry County,87.72761814268456
51067,VA,Franklin County,87.71580639786544
19185,IA,Wayne County,87.70569432514627
1099,AL,Monroe County,87.70181570384918
19187,IA,Webster County,87.6891055460898
28037,MS,Franklin County,87.67757497377639
42087,PA,Mifflin County,87.6736186623056
39083,OH,Knox County,87.67091887847523
29209,MO,Stone County,87.66736673497044
40117,OK,Pawnee County,87.656857166155
55047,WI,Green Lake County,87.65615286294499
51011,VA,Appomattox County,87.6548010951834
39029,OH,Columbiana County,87.64468234882182
29109,MO,Lawrence County,87.64293846748951
29211,MO,Sullivan County,87.64159468418674
48103,TX,Crane County,87.63529532147479
28061,MS,Jasper County,87.6245266308252
17011,IL,Bureau County,87.62226542055504
37171,NC,Surry County,87.62197969067164
16063,ID,Lincoln County,87.61738460677306
5125,AR,Saline County,87.6121077479359
46079,SD,Lake County,87.60809692546022
20105,KS,Lincoln County,87.60480359836565
20153,KS,Rawlins County,87.60170466627987
1107,AL,Pickens County,87.59332172032295
42015,PA,Bradford County,87.59097535166339
47101,TN,Lewis County,87.57683098253408
29081,MO,Harrison County,87.57349999484836
40099,OK,Murray County,87.56729676148495
55043,WI,Grant County,87.56498186718134
39005,OH,Ashland County,87.55660201874016
29217,MO,Vernon County,87.53227163844724
39057,OH,Greene County,87.5322643311135
19145,IA,Page County,87.52649302168476
39103,OH,Medina County,87.51261668071814
27143,MN,Sibley County,87.50699299643364
47073,TN,Hawkins County,87.50663717194126
21087,KY,Green County,87.50251431154351
39159,OH,Union County,87.49726883035999
51031,VA,Campbell County,87.49407106584131
30043,MT,Jefferson County,87.48736786030086
47117,TN,Marshall County,87.48207541376472
48089,TX,Colorado County,87.47652367447769
18115,IN,Ohio County,87.47021781189254
55085,WI,Oneida County,87.46411147284856
21081,KY,Grant County,87.46070484994493
29103,MO,Knox County,87.45718427459491
21163,KY,Meade County,87.45383918724437
27081,MN,Lincoln County,87.45340605105316
18101,IN,Martin County,87.45138714239226
26009,MI,Antrim County,87.44056358776068
39055,OH,Geauga County,87.43940603163188
22023,LA,Cameron Parish,87.43005526087346
47185,TN,White County,87.42852612954825
51173,VA,Smyth County,87.42714428789112
1025,AL,Clarke County,87.42577648621533
39127,OH,Perry County,87.42277991982377
47083,TN,Houston County,87.4132082500508
1041,AL,Crenshaw County,87.41119127471457
49029,UT,Morgan County,87.40506050759892
42105,PA,Potter County,87.39452013750964
26149,MI,St. Joseph County,87.39426210947626
21069,KY,Fleming County,87.39236711634635
55019,WI,Clark County,87.39198770369575
13267,GA,Tattnall County,87.39058820639787
39169,OH,Wayne County,87.3866004291675
47107,TN,McMinn County,87.3827809833234
5115,AR,Pope County,87.37704619939745
38037,ND,Grant County,87.34989940011953
26105,MI,Mason County,87.3444128524234
38059,ND,Morton County,87.33745100400284
47027,TN,Clay County,87.33684354353868
13311,GA,White County,87.3333580026736
48149,TX,Fayette County,87.33114950315718
19113,IA,Linn County,87.32995563640686
21043,KY,Carter County,87.32928025804425
5085,AR,Lonoke County,87.32869989901074
37057,NC,Davidson County,87.32279287493581
38025,ND,Dunn County,87.31970980334951
18055,IN,Greene County,87.31948762823782
35033,NM,Mora County,87.31748420731071
42085,PA,Mercer County,87.31207030186218
20015,KS,Butler County,87.30146094614527
13171,GA,Lamar County,87.30044117853336
54105,WV,Wirt County,87.30006470582742
19111,IA,Lee County,87.29345570999189
17179,IL,Tazewell County,87.29098683668688
48295,TX,Lipscomb County,87.28172497832202
13301,GA,Warren County,87.27665904075344
13167,GA,Johnson County,87.27609512557997
21209,KY,Scott County,87.27440344187524
55137,WI,Waushara County,87.26271471989918
56015,WY,Goshen County,87.25571136638757
40085,OK,Love County,87.25298427071115
13157,GA,Jackson County,87.25096047948954
40083,OK,Logan County,87.24531549056957
26041,MI,Delta County,87.24291602771193
48161,TX,Freestone County,87.22936667854775
47121,TN,Meigs County,87.22791688774416
26001,MI,Alcona County,87.22751831046642
29039,MO,Cedar County,87.22661671130591
48447,TX,Throckmorton County,87.22383522973045
54089,WV,Summers County,87.21792783021789
54045,WV,Logan County,87.20775809912055
55005,WI,Barron County,87.20080066377304
21089,KY,Greenup County,87.19256884484685
47017,TN,Carroll County,87.18752266999819
27011,MN,Big Stone County,87.18453533507598
2275,AK,Wrangell City and Borough,87.1804101042371
54033,WV,Harrison County,87.17416969959406
18083,IN,Knox County,87.17238530229152
28145,MS,Union County,87.16518500906861
48267,TX,Kimble County,87.16125594122248
27135,MN,Roseau County,87.15521670952103
48317,TX,Martin County,87.15076177723368
40071,OK,Kay County,87.14835256034561
18029,IN,Dearborn County,87.12824440812925
38001,ND,Adams County,87.12164566552491
18063,IN,Hendricks County,87.1190166393419
18001,IN,Adams County,87.11853497978073
38015,ND,Burleigh County,87.09100275212948
48359,TX,Oldham County,87.09040713684671
41063,OR,Wallowa County,87.0832330952674
13183,GA,Long County,87.07798593703667
45001,SC,Abbeville County,87.0772223840937
13019,GA,Berrien County,87.06337400719963
42097,PA,Northumberland County,87.05112222479931
30099,MT,Teton County,87.04692229866487
48379,TX,Rains County,87.04093568248597
5001,AR,Arkansas County,87.03628501916795
17083,IL,Jersey County,87.02761966841592
37039,NC,Cherokee County,87.01884731394985
40067,OK,Jefferson County,87.01102754356033
17185,IL,Wabash County,87.00986409194935
31061,NE,Franklin County,87.00980498631657
19043,IA,Clayton County,86.98777934949638
47089,TN,Jefferson County,86.97934824647307
46013,SD,Brown County,86.9726236693361
28063,MS,Jefferson County,86.96898899898692
20059,KS,Franklin County,86.96585922855517
55139,WI,Winnebago County,86.96205922007037
20027,KS,Clay County,86.95658077120802
55023,WI,Crawford County,86.95201420527808
21239,KY,Woodford County,86.94660384527613
40069,OK,Johnston County,86.94302978788517
39041,OH,Delaware County,86.94245569964532
39111,OH,Monroe County,86.94169768167629
54051,WV,Marshall County,86.94073280876664
55041,WI,Forest County,86.93826412669318
56007,WY,Carbon County,86.9331486620102
26083,MI,Keweenaw County,86.91823978074139
31119,NE,Madison County,86.9041666925108
40105,OK,Nowata County,86.90004419076345
55051,WI,Iron County,86.8981484639859
38077,ND,Richland County,86.8966533168429
31161,NE,Sheridan County,86.89636278558005
47133,TN,Overton County,86.88368927134768
39109,OH,Miami County,86.86965124166626
27055,MN,Houston County,86.86876282229663
20035,KS,Cowley County,86.86338365920075
30037,MT,Golden Valley County,86.85993512733755
18025,IN,Crawford County,86.85744701857082
29119,MO,McDonald County,86.85573735422463
40075,OK,Kiowa County,86.85443492421332
40057,OK,Harmon County,86.84823460331458
21219,KY,Todd County,86.84348515019684
31005,NE,Arthur County,86.84299847884591
17027,IL,Clinton County,86.84278235153671
5065,AR,Izard County,86.837599716322
21107,KY,Hopkins County,86.81051707822579
28153,MS,Wayne County,86.80952315798656
48435,TX,Sutton County,86.8065987346157
21015,KY,Boone County,86.800580061509
31137,NE,Phelps County,86.79372418000678
22123,LA,West Carroll Parish,86.79259994823256
54043,WV,Lincoln County,86.78629552097007
53043,WA,Lincoln County,86.78600788021778
55111,WI,Sauk County,86.78335658889246
47145,TN,Roane County,86.77934719771112
21181,KY,Nicholas County,86.7742506407078
37167,NC,Stanly County,86.76600771398319
19059,IA,Dickinson County,86.76451289817706
18043,IN,Floyd County,86.73395754312769
1053,AL,Escambia County,86.72873096512853
27113,MN,Pennington County,86.72169946029186
31093,NE,Howard County,86.71734530205966
29137,MO,Monroe County,86.69612638006596
42021,PA,Cambria County,86.69496431845997
17001,IL,Adams County,86.6884176808589
48087,TX,Collingsworth County,86.67484709157729
27077,MN,Lake of the Woods County,86.6728372234515
21193,KY,Perry County,86.66897386663243
31133,NE,Pawnee County,86.65590381948903
21109,KY,Jackson County,86.65519137102136
19065,IA,Fayette County,86.65330916130053
55125,WI,Vilas County,86.64758637512999
56037,WY,Sweetwater County,86.63419635995217
5089,AR,Marion County,86.62980709469626
26027,MI,Cass County,86.62864539083417
13137,GA,Habersham County,86.62709715951581
18067,IN,Howard County,86.62297352555339
28003,MS,Alcorn County,86.62010484277258
18153,IN,Sullivan County,86.61331150282516
42039,PA,Crawford County,86.6131371350184
27049,MN,Goodhue County,86.58957399223212
40005,OK,Atoka County,86.5810355541987
47151,TN,Scott County,86.57774459075647
1105,AL,Perry County,86.57338757496511
40137,OK,Stephens County,86.57046216121617
17053,IL,Ford County,86.55803009272759
40029,OK,Coal County,86.54637878907211
21085,KY,Grayson County,86.54251883262805
39151,OH,Stark County,86.52057079582364
47061,TN,Grundy County,86.51739990626224
27147,MN,Steele County,86.50890261559105
17177,IL,Stephenson County,86.50552489429816
54099,WV,Wayne County,86.49940765395296
21207,KY,Russell County,86.48497362098493
54041,WV,Lewis County,86.47506688644023
16077,ID,Power County,86.46879987914157
48399,TX,Runnels County,86.46686398006773
29187,MO,St. Francois County,86.46608373350762
51159,VA,Richmond County,86.46234265401105
42033,PA,Clearfield County,86.45759739272626
31123,NE,Morrill County,86.4558072413824
18139,IN,Rush County,86.44886532204
20137,KS,Norton County,86.44333870893284
18175,IN,Washington County,86.43442200944541
26133,MI,Osceola County,86.43091164312372
31065,NE,Furnas County,86.4283837097398
5011,AR,Bradley County,86.41483564686769
1083,AL,Limestone County,86.41044422728723
39031,OH,Coshocton County,86.3966776012062
27079,MN,Le Sueur County,86.39064494737742
5129,AR,Searcy County,86.38315511682003
56029,WY,Park County,86.38083634193225
27157,MN,Wabasha County,86.38016538687417
1013,AL,Butler County,86.37988963825826
48503,TX,Young County,86.37027145465427
21091,KY,Hancock County,86.36773959779295
27153,MN,Todd County,86.36482027262574
40095,OK,Marshall County,86.3631728537572
55095,WI,Polk County,86.3617373525384
39115,OH,Morgan County,86.3615344730872
1127,AL,Walker County,86.35950843769535
13239,GA,Quitman County,86.35675467377322
22081,LA,Red River Parish,86.35475896894461
48195,TX,Hansford County,86.34865710242173
45065,SC,McCormick County,86.34668128773517
19127,IA,Marshall County,86.34645662412953
17121,IL,Marion County,86.34520701050947
27083,MN,Lyon County,86.33406299088772
26101,MI,Manistee County,86.32814745341905
26069,MI,Iosco County,86.32693443754441
54109,WV,Wyoming County,86.32654625213725
40131,OK,Rogers County,86.3183270271734
56005,WY,Campbell County,86.31754027057659
31029,NE,Chase County,86.31442435903871
47045,TN,Dyer County,86.31304473111368
21001,KY,Adair County,86.31165851422516
21155,KY,Marion County,86.30368080903267
46099,SD,Minnehaha County,86.29659146279974
40089,OK,McCurtain County,86.29383660593757
29159,MO,Pettis County,86.28817747100156
47163,TN,Sullivan County,86.28671746424416
12059,FL,Holmes County,86.28235574543291
20079,KS,Harvey County,86.28151696417689
49001,UT,Beaver County,86.27615892644307
47025,TN,Claiborne County,86.27594846566176
20049,KS,Elk County,86.26346267329532
21203,KY,Rockcastle County,86.2621063240224
21173,KY,Montgomery County,86.2583653106643
16061,ID,Lewis County,86.2436874528277
18049,IN,Fulton County,86.2397148112007
51017,VA,Bath County,86.23769275813457
48237,TX,Jack County,86.22850691212105
47023,TN,Chester County,86.2180221944038
26067,MI,Ionia County,86.21772824167117
19163,IA,Scott County,86.20303557367549
21041,KY,Carroll County,86.18944851143266
55099,WI,Price County,86.18055654583996
31053,NE,Dodge County,86.1749882266489
54049,WV,Marion County,86.16550001007492
40097,OK,Mayes County,86.16543888776539
19129,IA,Mills County,86.1617717801304
39027,OH,Clinton County,86.15077799511599
53023,WA,Garfield County,86.14331595698084
39081,OH,Jefferson County,86.13952074480896
5133,AR,Sevier County,86.13317968297545
13007,GA,Baker County,86.13159758780681
19045,IA,Clinton County,86.12144822706621
29099,MO,Jefferson County,86.10749772938628
55103,WI,Richland County,86.10604789694776
5141,AR,Van Buren County,86.09780086349203
55007,WI,Bayfield County,86.08929220970299
47077,TN,Henderson County,86.08592366308827
22007,LA,Assumption Parish,86.07926205006865
54019,WV,Fayette County,86.07782044048018
1115,AL,St. Clair County,86.06784203928342
55123,WI,Vernon County,86.06429567468788
26165,MI,Wexford County,86.0605381800722
42073,PA,Lawrence County,86.05194444355936
45021,SC,Cherokee County,86.03948734956052
51025,VA,Brunswick County,86.03850950982074
48079,TX,Cochran County,86.03597307352973
55017,WI,Chippewa County,86.02906243557702
49003,UT,Box Elder County,86.02420206687297
40087,OK,McClain County,86.01261445724316
16047,ID,Gooding County,86.00537567508165
40061,OK,Haskell County,86.00281721827827
18011,IN,Boone County,86.00027099552652
51181,VA,Surry County,85.99591302543948
21133,KY,Letcher County,85.98789375950784
55057,WI,Juneau County,85.98590869189042
8103,CO,Rio Blanco County,85.98527326649136
18121,IN,Parke County,85.98154942843632
39053,OH,Gallia County,85.97568138494428
51640,VA,Galax city,85.97522957625202
55055,WI,Jefferson County,85.97046662450072
36049,NY,Lewis County,85.96876143013363
21171,KY,Monroe County,85.95339473023749
1031,AL,Coffee County,85.93765821223629
19039,IA,Clarke County,85.93706934716187
35019,NM,Guadalupe County,85.93061543390397
30069,MT,Petroleum County,85.92957297420432
26095,MI,Luce County,85.92012009079427
31091,NE,Hooker County,85.909970273996
29173,MO,Ralls County,85.90970566713396
30077,MT,Powell County,85.9048722249241
47007,TN,Bledsoe County,85.90380613845696
13177,GA,Lee County,85.90328856672903
55027,WI,Dodge County,85.89274295530706
26155,MI,Shiawassee County,85.88818716543032
17193,IL,White County,85.8868449883731
29009,MO,Barry County,85.88525229499027
47087,TN,Jackson County,85.88483194929657
40079,OK,Le Flore County,85.88286401654028
1051,AL,Elmore County,85.87924818074447
28161,MS,Yalobusha County,85.85705928181002
27057,MN,Hubbard County,85.85679390431056
31153,NE,Sarpy County,85.84935052893687
29011,MO,Barton County,85.84765248841332
48211,TX,Hemphill County,85.84682547579574
20021,KS,Cherokee County,85.83579462790689
21151,KY,Madison County,85.82400932868651
29143,MO,New Madrid County,85.82278393454573
54055,WV,Mercer County,85.81404728781668
55021,WI,Columbia County,85.81064750771047
17191,IL,Wayne County,85.80632302189152
26023,MI,Branch County,85.79297369329399
31013,NE,Box Butte County,85.79214986602217
5061,AR,Howard County,85.78926426322595
26015,MI,Barry County,85.78666830875262
21083,KY,Graves County,85.78461732388811
38105,ND,Williams County,85.76980348086467
30097,MT,Sweet Grass County,85.76117285143013
51145,VA,Powhatan County,85.75819597878323
37011,NC,Avery County,85.7564227361391
51103,VA,Lancaster County,85.75326005585795
5057,AR,Hempstead County,85.75063221851482
48077,TX,Clay County,85.74560468081026
47071,TN,Hardin County,85.74023179444498
31121,NE,Merrick County,85.73702171383519
17165,IL,Saline County,85.73409482111077
47099,TN,Lawrence County,85.73394483480472
48297,TX,Live Oak County,85.72878261984617
45073,SC,Oconee County,85.72771048594629
39139,OH,Richland County,85.72394035632541
5087,AR,Madison County,85.71542844908267
48403,TX,Sabine County,85.70279571475027
5059,AR,Hot Spring County,85.68346362254773
21127,KY,Lawrence County,85.68221635628959
20155,KS,Reno County,85.6749118617264
47031,TN,Coffee County,85.67288900643618
36107,NY,Tioga County,85.6660395046223
28005,MS,Amite County,85.64885109304909
29067,MO,Douglas County,85.64828749180683
20011,KS,Bourbon County,85.64220999376494
49047,UT,Uintah County,85.63943838666542
42031,PA,Clarion County,85.62737504516078
48153,TX,Floyd County,85.62733013802128
51051,VA,Dickenson County,85.62411681008452
27031,MN,Cook County,85.62179993023871
21097,KY,Harrison County,85.6214090056073
51015,VA,Augusta County,85.6156515366223
26127,MI,Oceana County,85.61415897370611
29093,MO,Iron County,85.61224351978481
42117,PA,Tioga County,85.61170384678118
21125,KY,Laurel County,85.60014677339285
40017,OK,Canadian County,85.5891616565629
8057,CO,Jackson County,85.58911509005719
1021,AL,Chilton County,85.58808176908227
51113,VA,Madison County,85.57911027219686
26031,MI,Cheboygan County,85.57574727428064
29001,MO,Adair County,85.57132612446476
29215,MO,Texas County,85.57054750728875
29029,MO,Camden County,85.56624411806712
35007,NM,Colfax County,85.5603166364759
39003,OH,Allen County,85.55312966071173
5063,AR,Independence County,85.55164292006765
48285,TX,Lavaca County,85.54444650567915
21093,KY,Hardin County,85.5204624143235
26003,MI,Alger County,85.5082119491531
27005,MN,Becker County,85.48035105450116
12003,FL,Baker County,85.47076563538262
26123,MI,Newaygo County,85.46825346644907
13129,GA,Gordon County,85.4602540165036
48467,TX,Van Zandt County,85.45726597966615
40145,OK,Wagoner County,85.45307414259648
31167,NE,Stanton County,85.44728939380985
47177,TN,Warren County,85.44273639627616
27067,MN,Kandiyohi County,85.44229944295624
29167,MO,Polk County,85.441862859939
13197,GA,Marion County,85.43310003635558
51155,VA,Pulaski County,85.43306028612643
12133,FL,Washington County,85.4190847818724
13079,GA,Crawford County,85.4085566592613
39001,OH,Adams County,85.40555091274389
28055,MS,Issaquena County,85.40471097125948
38023,ND,Divide County,85.40166743896509
55009,WI,Brown County,85.38966413217204
1077,AL,Lauderdale County,85.38281004983395
42115,PA,Susquehanna County,85.36017700605146
51165,VA,Rockingham County,85.35432680454694
48217,TX,Hill County,85.35109883075044
28135,MS,Tallahatchie County,85.35101971639386
39047,OH,Fayette County,85.34397420144097
16039,ID,Elmore County,85.33149869622397
36003,NY,Allegany County,85.32774497705532
51195,VA,Wise County,85.31355787535715
26059,MI,Hillsdale County,85.307154586755
28079,MS,Leake County,85.30452969393896
48241,TX,Jasper County,85.3011782207964
39085,OH,Lake County,85.29573956331126
21045,KY,Casey County,85.29545678301533
55003,WI,Ashland County,85.29092845790738
13107,GA,Emanuel County,85.28796737243268
19029,IA,Cass County,85.28515322646743
5005,AR,Baxter County,85.27705239803961
48193,TX,Hamilton County,85.27508920232596
42063,PA,Indiana County,85.27453755092618
13055,GA,Chattooga County,85.26775941249029
29181,MO,Ripley County,85.26438852385462
26053,MI,Gogebic County,85.2593878778143
38069,ND,Pierce County,85.24232991791317
29201,MO,Scott County,85.23523444132617
21099,KY,Hart County,85.2339688897513
26079,MI,Kalkaska County,85.2313502621554
31105,NE,Kimball County,85.20927182046985
37023,NC,Burke County,85.20683254971547
17115,IL,Macon County,85.20163115280569
12129,FL,Wakulla County,85.19912740597307
27159,MN,Wadena County,85.19672945323272
26093,MI,Livingston County,85.19602072396107
36017,NY,Chenango County,85.19405589934682
5067,AR,Jackson County,85.18534066805243
37109,NC,Lincoln County,85.18082888803983
29219,MO,Warren County,85.1808228615377
20167,KS,Russell County,85.1699268369025
40151,OK,Woods County,85.1528495999432
5093,AR,Mississippi County,85.1470891302354
29069,MO,Dunklin County,85.14341772189943
21211,KY,Shelby County,85.14248504402211
31071,NE,Garfield County,85.13312220909724
20133,KS,Neosho County,85.13047203669365
1033,AL,Colbert County,85.12749926474349
29147,MO,Nodaway County,85.12668238015853
27065,MN,Kanabec County,85.12097274466026
16079,ID,Shoshone County,85.12000893377731
54025,WV,Greenbrier County,85.11095856760654
55013,WI,Burnett County,85.1087357844394
39155,OH,Trumbull County,85.103562853614
48351,TX,Newton County,85.10217462354755
18137,IN,Ripley County,85.10014843149072
1061,AL,Geneva County,85.08600944212411
48173,TX,Glasscock County,85.08371773361483
37103,NC,Jones County,85.078850415435
17099,IL,La Salle County,85.07814653974735
22005,LA,Ascension Parish,85.07741941336063
13065,GA,Clinch County,85.07611692371886
29133,MO,Mississippi County,85.0715001925937
23007,ME,Franklin County,85.05451804157097
28009,MS,Benton County,85.051330791924
54077,WV,Preston County,85.04824969724469
36101,NY,Steuben County,85.04078827197458
31179,NE,Wayne County,85.03932648467381
56045,WY,Weston County,85.03467150306253
28139,MS,Tippah County,85.01590767021388
26047,MI,Emmet County,85.01537060986482
29017,MO,Bollinger County,85.01526097307685
36037,NY,Genesee County,85.01510697765077
29023,MO,Butler County,85.01438842427405
19061,IA,Dubuque County,85.01253977359207
51185,VA,Tazewell County,85.01116290813202
37197,NC,Yadkin County,85.00784012431855
42065,PA,Jefferson County,85.00702565424984
47159,TN,Smith County,84.99634667601164
48335,TX,Mitchell County,84.98816393838926
45057,SC,Lancaster County,84.98484410204517
26137,MI,Otsego County,84.98211555693543
47057,TN,Grainger County,84.9768217694863
29229,MO,Wright County,84.97179172068748
16003,ID,Adams County,84.9502537252749
54075,WV,Pocahontas County,84.94882495892728
46005,SD,Beadle County,84.94484369086838
39105,OH,Meigs County,84.93419078404132
26143,MI,Roscommon County,84.93086086844255
5055,AR,Greene County,84.92974582754698
48219,TX,Hockley County,84.92806335462973
27017,MN,Carlton County,84.92192392618594
55089,WI,Ozaukee County,84.89843113909082
21063,KY,Elliott County,84.89626444017972
13069,GA,Coffee County,84.88439216944857
37199,NC,Yancey County,84.87664812608256
22037,LA,East Feliciana Parish,84.87556104311662
39163,OH,Vinton County,84.87417416020045
20189,KS,Stevens County,84.87122108191878
36043,NY,Herkimer County,84.86981136855363
31079,NE,Hall County,84.86290043024405
48133,TX,Eastland County,84.86265927850985
22003,LA,Allen Parish,84.84840134922604
55035,WI,Eau Claire County,84.81024143599947
5049,AR,Fulton County,84.80736141833576
8095,CO,Phillips County,84.79575495747238
5101,AR,Newton County,84.7952490450504
21161,KY,Mason County,84.78979874842203
54069,WV,Ohio County,84.78704330948032
18143,IN,Scott County,84.78288370323152
27099,MN,Mower County,84.77275265276488
51137,VA,Orange County,84.76727623868682
42131,PA,Wyoming County,84.76481465771558
27039,MN,Dodge County,84.7485563087408
49011,UT,Davis County,84.74313562368472
16023,ID,Butte County,84.74099473523142
49013,UT,Duchesne County,84.74062079056885
31025,NE,Cass County,84.73890905648668
21223,KY,Trimble County,84.73881442898953
37029,NC,Camden County,84.72235607761826
51109,VA,Louisa County,84.71706431316647
38017,ND,Cass County,84.7166753374768
12029,FL,Dixie County,84.71115349109941
21205,KY,Rowan County,84.70505372854166
51131,VA,Northampton County,84.69919433873068
20085,KS,Jackson County,84.69709832564065
51580,VA,Covington city,84.69178289785543
22085,LA,Sabine Parish,84.6882786011667
19053,IA,Decatur County,84.67177792401039
27151,MN,Swift County,84.66124051490635
13101,GA,Echols County,84.65489652440064
5127,AR,Scott County,84.64809515225484
40055,OK,Greer County,84.6440521307981
26117,MI,Montcalm County,84.64308154951127
47039,TN,Decatur County,84.6421187366214
40125,OK,Pottawatomie County,84.64210955322207
18091,IN,LaPorte County,84.63671736610189
47171,TN,Unicoi County,84.62145015036606
29113,MO,Lincoln County,84.6204923538809
27035,MN,Crow Wing County,84.61686329875987
31075,NE,Grant County,84.61394864231441
56013,WY,Fremont County,84.6013937027182
51099,VA,King George County,84.59825274863553
12075,FL,Levy County,84.5761993574391
16051,ID,Jefferson County,84.57239092031074
42023,PA,Cameron County,84.5700773890404
26017,MI,Bay County,84.56542091948539
35035,NM,Otero County,84.56241435886189
18007,IN,Benton County,84.55325176262971
31111,NE,Lincoln County,84.5486844859543
24001,MD,Allegany County,84.52438349109728
48009,TX,Archer County,84.52219306121046
18019,IN,Clark County,84.52005724271363
37045,NC,Cleveland County,84.51649037131887
39099,OH,Mahoning County,84.50668316484436
32033,NV,White Pine County,84.50523027668092
39157,OH,Tuscarawas County,84.48906340212918
54037,WV,Jefferson County,84.46939600050652
35023,NM,Hidalgo County,84.46845984102762
16037,ID,Custer County,84.4641931340379
28137,MS,Tate County,84.44618577696922
16045,ID,Gem County,84.44162279158991
49021,UT,Iron County,84.44144963889038
12013,FL,Calhoun County,84.4376564664341
37149,NC,Polk County,84.43628815156464
27121,MN,Pope County,84.43482695802855
47041,TN,DeKalb County,84.43402296404383
51143,VA,Pittsylvania County,84.43189887532746
21175,KY,Morgan County,84.42858646885477
18009,IN,Blackford County,84.41746295380925
55105,WI,Rock County,84.40690671208334
31077,NE,Greeley County,84.39826761443626
51033,VA,Caroline County,84.39574597639546
48283,TX,La Salle County,84.3858818362906
13291,GA,Union County,84.37684053953046
48131,TX,Duval County,84.37634562486667
46023,SD,Charles Mix County,84.37395328187361
46025,SD,Clark County,84.37179350554459
23003,ME,Aroostook County,84.36946556390309
26111,MI,Midland County,84.36504433814854
48501,TX,Yoakum County,84.36287866871162
55081,WI,Monroe County,84.36247723806292
40135,OK,Sequoyah County,84.3549632218024
26045,MI,Eaton County,84.34924602486275
27029,MN,Clearwater County,84.34596940354635
35039,NM,Rio Arriba County,84.33980176686613
5003,AR,Ashley County,84.32822831384209
29037,MO,Cass County,84.32446196172108
16049,ID,Idaho County,84.3236355603615
12077,FL,Liberty County,84.32109245886252
22063,LA,Livingston Parish,84.31248346108859
27021,MN,Cass County,84.31190906337388
20169,KS,Saline County,84.2712635487289
39059,OH,Guernsey County,84.27105974347509
18041,IN,Fayette County,84.2709189652993
26089,MI,Leelanau County,84.26416036684192
55133,WI,Waukesha County,84.25808360886236
48243,TX,Jeff Davis County,84.25526079861953
51027,VA,Buchanan County,84.24938345543781
48357,TX,Ochiltree County,84.2423602558423
13093,GA,Dooly County,84.23780986450424
1023,AL,Choctaw County,84.2303846065484
39173,OH,Wood County,84.2133658788964
48165,TX,Gaines County,84.20380879146718
29071,MO,Franklin County,84.1938705643391
22047,LA,Iberville Parish,84.19017753105611
39097,OH,Madison County,84.18078387355027
36041,NY,Hamilton County,84.17219714995886
49039,UT,Sanpete County,84.17108402376094
37161,NC,Rutherford County,84.1646343384246
17183,IL,Vermilion County,84.1630452997779
42055,PA,Franklin County,84.15660632072495
13155,GA,Irwin County,84.13315500892337
26051,MI,Gladwin County,84.13108190552694
48419,TX,Shelby County,84.12460039896213
48031,TX,Blanco County,84.10944743761364
13111,GA,Fannin County,84.09841760186426
35053,NM,Socorro County,84.09513972774553
27103,MN,Nicollet County,84.08330004527906
55107,WI,Rusk County,84.070516077711
13123,GA,Gilmer County,84.0669130822042
27119,MN,Polk County,84.05650969332487
36033,NY,Franklin County,84.03813995577745
5147,AR,Woodruff County,84.0346376994682
13161,GA,Jeff Davis County,84.03097842238257
1015,AL,Calhoun County,84.0291720504172
26139,MI,Ottawa County,84.02911122790891
53065,WA,Stevens County,84.02848143103839
8065,CO,Lake County,84.0213686132563
36009,NY,Cattaraugus County,84.01883158720297
1005,AL,Barbour County,84.01713748361993
30101,MT,Toole County,84.0091722140082
29141,MO,Morgan County,84.00092547374454
13119,GA,Franklin County,83.99638376282061
35059,NM,Union County,83.9939652617836
27075,MN,Lake County,83.99223553083006
51075,VA,Goochland County,83.99061598870193
29203,MO,Shannon County,83.987114482397
5131,AR,Sebastian County,83.98085118416955
20205,KS,Wilson County,83.98071062044447
30065,MT,Musselshell County,83.97533192581305
56025,WY,Natrona County,83.96319560108267
51135,VA,Nottoway County,83.96007478492699
5037,AR,Cross County,83.95578174558197
51045,VA,Craig County,83.95535627760901
40111,OK,Okmulgee County,83.9470067059215
45027,SC,Clarendon County,83.94521809506328
48075,TX,Childress County,83.94327473430054
35027,NM,Lincoln County,83.94014862022297
13023,GA,Bleckley County,83.93952388384548
18003,IN,Allen County,83.93410990214852
47029,TN,Cocke County,83.92746681112614
20091,KS,Johnson County,83.9156759761611
41049,OR,Morrow County,83.9067030599762
39145,OH,Scioto County,83.90364304773662
1117,AL,Shelby County,83.90234187832392
51009,VA,Amherst County,83.90087098730238
55113,WI,Sawyer County,83.89901328841357
37059,NC,Davie County,83.89466808281549
20143,KS,Ottawa County,83.89196967044658
27009,MN,Benton County,83.88398674553979
18081,IN,Johnson County,83.86511040154846
2063,AK,Chugach Census Area,83.86350842875784
5095,AR,Monroe County,83.85053966375654
53013,WA,Columbia County,83.84709341114545
28131,MS,Stone County,83.8410514167042
46081,SD,Lawrence County,83.83577346739158
13003,GA,Atkinson County,83.8233122798579
13181,GA,Lincoln County,83.81497231806439
29169,MO,Pulaski County,83.79716388016688
21189,KY,Owsley County,83.79540840610203
13313,GA,Whitfield County,83.7770187421825
37157,NC,Rockingham County,83.77344339096632
5019,AR,Clark County,83.772460965779
26135,MI,Oscoda County,83.7705666344145
55053,WI,Jackson County,83.76444363747945
31033,NE,Cheyenne County,83.74212233666076
19077,IA,Guthrie County,83.74112683780062
48129,TX,Donley County,83.72923716739697
48199,TX,Hardin County,83.72817264065449
40019,OK,Carter County,83.7227660248535
45025,SC,Chesterfield County,83.71514500504652
1055,AL,Etowah County,83.71015587207121
48381,TX,Randall County,83.69562851397085
46085,SD,Lyman County,83.6866383001105
29107,MO,Lafayette County,83.68342398839958
16067,ID,Minidoka County,83.66654576507166
17081,IL,Jefferson County,83.66220729175168
26091,MI,Lenawee County,83.65093330912993
28025,MS,Clay County,83.64537085237183
48147,TX,Fannin County,83.63741369533611
20175,KS,Seward County,83.6218254714564
21019,KY,Boyd County,83.62072164614908
12063,FL,Jackson County,83.61996160619525
51157,VA,Rappahannock County,83.60657112277721
19139,IA,Muscatine County,83.60261445753511
22027,LA,Claiborne Parish,83.5872049001168
47063,TN,Hamblen County,83.58480473630101
40121,OK,Pittsburg County,83.57589082908551
47097,TN,Lauderdale County,83.57504744107783
13005,GA,Bacon County,83.56423552044156
48401,TX,Rusk County,83.55560730793061
27105,MN,Nobles County,83.55168709910099
48239,TX,Jackson County,83.54577290456983
1089,AL,Madison County,83.53817411413226
55001,WI,Adams County,83.53244534760191
5135,AR,Sharp County,83.51984427438363
37013,NC,Beaufort County,83.49648548481758
56011,WY,Crook County,83.49452464543658
40047,OK,Garfield County,83.48802576576843
41025,OR,Harney County,83.48576485301582
36097,NY,Schuyler County,83.48395450665011
31019,NE,Buffalo County,83.48292037310215
17113,IL,McLean County,83.47911774449625
1069,AL,Houston County,83.47020244179507
21029,KY,Bullitt County,83.47009908566307
30011,MT,Carter County,83.46729416775585
18053,IN,Grant County,83.4648803618918
5043,AR,Drew County,83.46224574556284
5137,AR,Stone County,83.45951391970003
51139,VA,Page County,83.45580514929866
46041,SD,Dewey County,83.4549409393254
21053,KY,Clinton County,83.45300803009434
37169,NC,Stokes County,83.43943340542025
31001,NE,Adams County,83.43405090379642
17199,IL,Williamson County,83.42980512940719
38005,ND,Benson County,83.42390228251631
8105,CO,Rio Grande County,83.41492544335172
39101,OH,Marion County,83.41376634620016
30103,MT,Treasure County,83.40533689991517
40091,OK,McIntosh County,83.3965746713984
30021,MT,Dawson County,83.39222064612031
42129,PA,Westmoreland County,83.39108001890528
37163,NC,Sampson County,83.38810019633809
48051,TX,Burleson County,83.38522096295424
48099,TX,Coryell County,83.37877768087489
45007,SC,Anderson County,83.36972803044252
29013,MO,Bates County,83.36298060694605
29056,MO,Sullivan part,83.34067922277252
51001,VA,Accomack County,83.3309437913241
13317,GA,Wilkes County,83.32155965701044
32013,NV,Humboldt County,83.31745220833162
38079,ND,Rolette County,83.30898790392764
32011,NV,Eureka County,83.30828464546403
36031,NY,Essex County,83.30306472786128
45055,SC,Kershaw County,83.29992410100523
42125,PA,Washington County,83.29986133582614
26019,MI,Benzie County,83.29872107786656
48429,TX,Stephens County,83.29798130607934
13277,GA,Tift County,83.28352881078476
5113,AR,Polk County,83.27924462387739
48067,TX,Cass County,83.27501230615638
48023,TX,Baylor County,83.26348488444744
39067,OH,Harrison County,83.26130220488125
16005,ID,Bannock County,83.24206014175535
17007,IL,Boone County,83.23840876357428
21021,KY,Boyle County,83.22739791806686
28111,MS,Perry County,83.2249673217273
27169,MN,Winona County,83.222768762565
20177,KS,Shawnee County,83.22002203473703
48097,TX,Cooke County,83.21194907601884
39025,OH,Clermont County,83.20607012553268
37113,NC,Macon County,83.20335132816918
48425,TX,Somervell County,83.20078805522027
21231,KY,Wayne County,83.19314777826831
39119,OH,Muskingum County,83.1845785590019
20043,KS,Doniphan County,83.18193111818111
18039,IN,Elkhart County,83.17561237218376
37173,NC,Swain County,83.17551101988926
16085,ID,Valley County,83.17418334051662
39007,OH,Ashtabula County,83.1724449281802
37185,NC,Warren County,83.1717258396807
48371,TX,Pecos County,83.17063068185627
55031,WI,Douglas County,83.16564143347509
47013,TN,Campbell County,83.16443773362802
31173,NE,Thurston County,83.15970697392262
48331,TX,Milam County,83.13205780964036
47173,TN,Union County,83.11597191007986
26115,MI,Monroe County,83.11283782363739
16019,ID,Bonneville County,83.11257125890974
22117,LA,Washington Parish,83.10728235045836
5071,AR,Johnson County,83.10511705161943
35015,NM,Eddy County,83.10179132806061
42013,PA,Blair County,83.10053190671418
47139,TN,Polk County,83.09776033184984
51115,VA,Mathews County,83.09285882224731
17167,IL,Sangamon County,83.08488612535874
39023,OH,Clark County,83.07693119600982
16075,ID,Payette County,83.07572984421128
47033,TN,Crockett County,83.05872445837521
18109,IN,Morgan County,83.05852408411823
28073,MS,Lamar County,83.05633938681012
20125,KS,Montgomery County,83.04684260062892
42019,PA,Butler County,83.04635848896102
13305,GA,Wayne County,83.0399787135949
46029,SD,Codington County,83.03716150219985
48305,TX,Lynn County,83.02928687807064
33007,NH,Coos County,83.02064040133439
20181,KS,Sherman County,83.01843894708547
37061,NC,Duplin County,82.98632556233024
21065,KY,Estill County,82.9856934386106
38093,ND,Stutsman County,82.97994714804574
29153,MO,Ozark County,82.96653546831413
30013,MT,Cascade County,82.96536270978653
36011,NY,Cayuga County,82.94200503289873
28121,MS,Rankin County,82.93595773389744
48497,TX,Wise County,82.93483368031923
48411,TX,San Saba County,82.9227053515067
18177,IN,Wayne County,82.90770967524513
51029,VA,Buckingham County,82.90724161997954
37117,NC,Martin County,82.90614333943515
30091,MT,Sheridan County,82.90577273398314
40039,OK,Custer County,82.90476711088371
1121,AL,Talladega County,82.89803245421899
13257,GA,Stephens County,82.88883748691288
48185,TX,Grimes County,82.88057292535034
42001,PA,Adams County,82.87671350679231
26159,MI,Van Buren County,82.87338617212595
5015,AR,Carroll County,82.86695791285788
55033,WI,Dunn County,82.85033946464497
26061,MI,Houghton County,82.839864686545
13287,GA,Turner County,82.83607226021442
26129,MI,Ogemaw County,82.81812785554877
37097,NC,Iredell County,82.8084369358354
31015,NE,Boyd County,82.79775995288058
51085,VA,Hanover County,82.78782380692797
37031,NC,Carteret County,82.7839635233467
42037,PA,Columbia County,82.77202144616949
21003,KY,Allen County,82.76430471159038
19157,IA,Poweshiek County,82.753776460718
42007,PA,Beaver County,82.74714662280387
28039,MS,George County,82.7381283108277
15005,HI,Kalawao County,82.72339173595944
13143,GA,Haralson County,82.70984994582705
28109,MS,Pearl River County,82.70963933576554
26033,MI,Chippewa County,82.6996882010354
29031,MO,Cape Girardeau County,82.6950239213935
55029,WI,Door County,82.68890555501773
28123,MS,Scott County,82.68514709671521
40133,OK,Seminole County,82.68236115130688
45087,SC,Union County,82.67863722873297
16053,ID,Jerome County,82.67633260439668
28031,MS,Covington County,82.64734569376157
21129,KY,Lee County,82.64350075024663
45023,SC,Chester County,82.63896459133356
29149,MO,Oregon County,82.63226584550071
21073,KY,Franklin County,82.62971101582048
48315,TX,Marion County,82.62791536121757
21115,KY,Johnson County,82.62764052766919
41055,OR,Sherman County,82.61503670641217
17029,IL,Coles County,82.60872839803581
20103,KS,Leavenworth County,82.60080023877956
47003,TN,Bedford County,82.582649153216
45037,SC,Edgefield County,82.58064117729649
28007,MS,Attala County,82.58032082342262
47047,TN,Fayette County,82.57714876006595
40013,OK,Bryan County,82.5610575479268
26103,MI,Marquette County,82.56001926165862
21145,KY,McCracken County,82.55952520728921
17095,IL,Knox County,82.54454086631887
51175,VA,Southampton County,82.54141866169962
21025,KY,Breathitt County,82.53837586672006
54003,WV,Berkeley County,82.53676840964488
13147,GA,Hart County,82.5227176164812
54097,WV,Upshur County,82.51886022953846
48281,TX,Lampasas County,82.51648961769351
37005,NC,Alleghany County,82.5126256896177
1001,AL,Autauga County,82.51118242235229
53051,WA,Pend Oreille County,82.49743588881819
40077,OK,Latimer County,82.49603076018202
27019,MN,Carver County,82.49181922104239
47105,TN,Loudon County,82.47361509882484
29091,MO,Howell County,82.47091992276457
48083,TX,Coleman County,82.46192082241298
48341,TX,Moore County,82.460420244493
32015,NV,Lander County,82.45909539177167
35043,NM,Sandoval County,82.4564552201111
20173,KS,Sedgwick County,82.44092703203314
27095,MN,Mille Lacs County,82.41824698710681
53019,WA,Ferry County,82.41736764696917
30033,MT,Garfield County,82.41316626061067
26071,MI,Iron County,82.40891703125881
13169,GA,Jones County,82.40222020185713
39141,OH,Ross County,82.396241405383
48145,TX,Falls County,82.39047633466667
17055,IL,Franklin County,82.39041930936361
28107,MS,Panola County,82.38033788650824
54039,WV,Kanawha County,82.37553483805898
19153,IA,Polk County,82.37017357843771
47019,TN,Carter County,82.36417620061432
16035,ID,Clearwater County,82.34987596351463
29097,MO,Jasper County,82.33946112193865
17161,IL,Rock Island County,82.33124426133692
49009,UT,Daggett County,82.32706588450357
18005,IN,Bartholomew County,82.31408750669135
42099,PA,Perry County,82.31293509104694
45049,SC,Hampton County,82.31151379216693
38089,ND,Stark County,82.29625486181808
48073,TX,Cherokee County,82.29325273092405
16021,ID,Boundary County,82.29249314899175
21117,KY,Kenton County,82.29201681763081
21077,KY,Gallatin County,82.28874887848934
39079,OH,Jackson County,82.27936686319812
39045,OH,Fairfield County,82.2769866014015
40113,OK,Osage County,82.26062228950562
30085,MT,Roosevelt County,82.25722559524735
12027,FL,DeSoto County,82.25389555756657
48177,TX,Gonzales County,82.22979771826333
27115,MN,Pine County,82.22691519246379
45043,SC,Georgetown County,82.2262451422694
21147,KY,McCreary County,82.22583276072176
51169,VA,Scott County,82.22482945636914
37125,NC,Moore County,82.2217525793442
42035,PA,Clinton County,82.20576507399066
40115,OK,Ottawa County,82.20381212830503
22125,LA,West Feliciana Parish,82.19921298044207
30057,MT,Madison County,82.19807838593886
48455,TX,Trinity County,82.17607174872632
18111,IN,Newton County,82.17571000696122
51133,VA,Northumberland County,82.160969970848
20051,KS,Ellis County,82.15857414992429
39043,OH,Erie County,82.15671844888158
45029,SC,Colleton County,82.14848940557535
40127,OK,Pushmataha County,82.13436099731962
51083,VA,Halifax County,82.11446629490358
31047,NE,Dawson County,82.10098300877937
28081,MS,Lee County,82.09807148003084
26035,MI,Clare County,82.09569395800189
29047,MO,Clay County,82.08998901002994
56021,WY,Laramie County,82.08069968666148
51171,VA,Shenandoah County,82.05673600851803
48125,TX,Dickens County,82.03821233508081
19085,IA,Harrison County,82.02337337552883
47069,TN,Hardeman County,82.02005497692444
51119,VA,Middlesex County,82.01903783951703
38101,ND,Ward County,82.01688695865326
47167,TN,Tipton County,82.01420418167538
20111,KS,Lyon County,82.00692777292693
18127,IN,Porter County,81.99967798240237
30049,MT,Lewis and Clark County,81.99716996540101
47009,TN,Blount County,81.97669284136099
28157,MS,Wilkinson County,81.97515462851374
30061,MT,Mineral County,81.97404992330993
48175,TX,Goliad County,81.96649275207402
26039,MI,Crawford County,81.96141537556365
29177,MO,Ray County,81.95328321839135
49023,UT,Juab County,81.93943533725917
41069,OR,Wheeler County,81.93414748808006
48101,TX,Cottle County,81.91541258476198
8027,CO,Custer County,81.89662791957736
21049,KY,Clark County,81.89603408786583
22121,LA,West Baton Rouge Parish,81.88114364506713
13109,GA,Evans County,81.87613050698292
8021,CO,Conejos County,81.87136644008787
54047,WV,McDowell County,81.87104708124349
5031,AR,Craighead County,81.85982642220684
19193,IA,Woodbury County,81.8522511244941
26107,MI,Mecosta County,81.84014355671864
51069,VA,Frederick County,81.83942963455824
28023,MS,Clarke County,81.83805172611376
48507,TX,Zavala County,81.83557181198671
30073,MT,Pondera County,81.8333888999108
21237,KY,Wolfe County,81.80596792477873
19155,IA,Pottawattamie County,81.7965997585103
13201,GA,Miller County,81.79607516472751
36035,NY,Fulton County,81.79544308996246
22115,LA,Vernon Parish,81.78614374413925
1009,AL,Blount County,81.74399264630082
51117,VA,Mecklenburg County,81.7371438034143
30081,MT,Ravalli County,81.73531153510604
40021,OK,Cherokee County,81.7330070086726
13049,GA,Charlton County,81.73070786593894
35017,NM,Grant County,81.72463498056968
12121,FL,Suwannee County,81.71205319182108
45003,SC,Aiken County,81.69394572283629
5027,AR,Columbia County,81.6932381732404
27001,MN,Aitkin County,81.69062328324759
49005,UT,Cache County,81.68986788260389
40023,OK,Choctaw County,81.68681991900608
23015,ME,Lincoln County,81.68471058890452
36099,NY,Seneca County,81.68334340302435
48261,TX,Kenedy County,81.68087903291193
31017,NE,Brown County,81.67999528692968
48361,TX,Orange County,81.67307623666962
31113,NE,Logan County,81.6714882890228
36123,NY,Yates County,81.6698835101385
13071,GA,Colquitt County,81.66650418508621
13037,GA,Calhoun County,81.66169887511838
40037,OK,Creek County,81.62376498241767
51127,VA,New Kent County,81.61517183441913
29015,MO,Benton County,81.60149552184009
21123,KY,Larue County,81.57740167777568
40001,OK,Adair County,81.57651145657499
21213,KY,Simpson County,81.57435274172596
47155,TN,Sevier County,81.57428302836014
8115,CO,Sedgwick County,81.56926487711428
28159,MS,Winston County,81.5523566790301
48307,TX,McCulloch County,81.54148535948453
48353,TX,Nolan County,81.53579522135634
13103,GA,Effingham County,81.53524663251153
21023,KY,Bracken County,81.53263770585147
17119,IL,Madison County,81.52727320510066
46103,SD,Pennington County,81.52409376908483
22001,LA,Acadia Parish,81.52087062959666
40101,OK,Muskogee County,81.50985697566372
21059,KY,Daviess County,81.50429782417972
45063,SC,Lexington County,81.50155241273656
13225,GA,Peach County,81.49830296671283
37085,NC,Harnett County,81.49189910132459
39017,OH,Butler County,81.48948316195738
37137,NC,Pamlico County,81.46494165751487
28099,MS,Neshoba County,81.45602318327863
19007,IA,Appanoose County,81.45145633114367
28149,MS,Warren County,81.43708830527629
29049,MO,Clinton County,81.42796603930675
48457,TX,Tyler County,81.4254555987924
47179,TN,Washington County,81.42101392138277
48225,TX,Houston County,81.41690647406287
23011,ME,Kennebec County,81.40944001316566
27131,MN,Rice County,81.40477114022934
29165,MO,Platte County,81.40209770312829
42075,PA,Lebanon County,81.39616086380735
13083,GA,Dade County,81.39288096701287
42041,PA,Cumberland County,81.36450788402456
19117,IA,Lucas County,81.36219082536145
27109,MN,Olmsted County,81.35772322952808
21199,KY,Pulaski County,81.35475640228654
13025,GA,Brantley County,81.35475054711105
30109,MT,Wibaux County,81.33837359723549
28059,MS,Jackson County,81.33547096751693
45047,SC,Greenwood County,81.32487742324885
48189,TX,Hale County,81.3227126536497
48053,TX,Burnet County,81.32092422350601
48499,TX,Wood County,81.30269249953456
30027,MT,Fergus County,81.29947682071189
18095,IN,Madison County,81.29150983400176
13175,GA,Laurens County,81.27045440520486
37047,NC,Columbus County,81.26630433600056
37141,NC,Pender County,81.26333573493403
30041,MT,Hill County,81.26016653746811
48463,TX,Uvalde County,81.2577463889017
37175,NC,Transylvania County,81.25531537451961
55101,WI,Racine County,81.24045652418351
40041,OK,Delaware County,81.23920147738725
22031,LA,De Soto Parish,81.23918463226347
48373,TX,Polk County,81.2253340386625
46031,SD,Corson County,81.21756301226338
31157,NE,Scotts Bluff County,81.21721609448988
26145,MI,Saginaw County,81.2163148332823
23025,ME,Somerset County,81.20234588052206
55037,WI,Florence County,81.19417859861619
48223,TX,Hopkins County,81.18301907595091
8075,CO,Logan County,81.17105643281415
28089,MS,Madison County,81.16804730070798
21235,KY,Whitley County,81.15863849780462
29056,MO,Sullivan part,81.158274016278
45083,SC,Spartanburg County,81.15648442391478
39093,OH,Lorain County,81.12798863948231
16081,ID,Teton County,81.1208222826889
48485,TX,Wichita County,81.10995728631941
23009,ME,Hancock County,81.10265233347806
16083,ID,Twin Falls County,81.09588976935056
39117,OH,Morrow County,81.09447284294538
49031,UT,Piute County,81.07930692944726
29161,MO,Phelps County,81.07522972993567
27145,MN,Stearns County,81.07364627420638
45071,SC,Newberry County,81.06561457235368
13047,GA,Catoosa County,81.05694410761956
13153,GA,Houston County,81.05549483843609
36013,NY,Chautauqua County,81.05273396234895
53003,WA,Asotin County,81.05191768847088
13321,GA,Worth County,81.01843829194208
21075,KY,Fulton County,81.01109743009542
31103,NE,Keya Paha County,80.99250795419677
16013,ID,Blaine County,80.97883651203266
2282,AK,Yakutat City and Borough,80.97574957902603
28067,MS,Jones County,80.9652881151129
26075,MI,Jackson County,80.96429600074582
48421,TX,Sherman County,80.96288965053955
42133,PA,York County,80.94290705302743
28043,MS,Grenada County,80.94035557730876
21131,KY,Leslie County,80.93275372137394
48325,TX,Medina County,80.91798394704605
55127,WI,Walworth County,80.90754346108645
51049,VA,Cumberland County,80.90246378011062
45061,SC,Lee County,80.89412007736004
29189,MO,St. Louis County,80.89406950251107
2261,AK,Valdez-Cordova Census Area,80.88807146690249
37177,NC,Tyrrell County,80.8821601032553
30019,MT,Daniels County,80.88014720818545
26121,MI,Muskegon County,80.87068172422809
48179,TX,Gray County,80.86831362406156
48117,TX,Deaf Smith County,80.86785258650976
40107,OK,Okfuskee County,80.86260244250575
16041,ID,Franklin County,80.86016583834855
26097,MI,Mackinac County,80.85156278346399
12037,FL,Franklin County,80.85058938636051
22109,LA,Terrebonne Parish,80.81951368616356
27171,MN,Wright County,80.80959670633489
48407,TX,San Jacinto County,80.80900201665541
36065,NY,Oneida County,80.79590286845593
39153,OH,Summit County,80.79345835104641
53049,WA,Pacific County,80.79287478494706
28001,MS,Adams County,80.79098817648647
12113,FL,Santa Rosa County,80.77409944866487
48187,TX,Guadalupe County,80.75885367848927
37145,NC,Person County,80.75850597661253
36077,NY,Otsego County,80.75311646767052
31045,NE,Dawes County,80.74807413548469
22099,LA,St. Martin Parish,80.74749249405554
48069,TX,Castro County,80.74469199270442
30005,MT,Blaine County,80.7417884175724
36019,NY,Clinton County,80.73747598244664
39087,OH,Lawrence County,80.71406474708162
26085,MI,Lake County,80.70081187752274
51081,VA,Greensville County,80.69589802773037
48389,TX,Reeves County,80.69312588351498
13281,GA,Towns County,80.67089559839337
13265,GA,Taliaferro County,80.65932840660074
21119,KY,Knott County,80.65616237297733
37127,NC,Nash County,80.65284396815132
48487,TX,Wilbarger County,80.64996880447173
48123,TX,DeWitt County,80.62280165392069
47067,TN,Hancock County,80.61569687491397
39133,OH,Portage County,80.61344585772075
55109,WI,St. Croix County,80.59816018970044
48385,TX,Real County,80.59398717081498
13035,GA,Butts County,80.58445144113685
13211,GA,Morgan County,80.58386427187574
40035,OK,Craig County,80.57961434599166
48049,TX,Brown County,80.57484772564798
30083,MT,Richland County,80.56750951135992
13221,GA,Oglethorpe County,80.55075795447125
27139,MN,Scott County,80.54110939218289
8009,CO,Baca County,80.53731785644665
6003,CA,Alpine County,80.52830433684267
22025,LA,Catahoula Parish,80.52785719815815
20055,KS,Finney County,80.51997900196041
39089,OH,Licking County,80.51607485195433
29213,MO,Taney County,80.51512384457367
27027,MN,Clay County,80.5150507192099
28045,MS,Hancock County,80.50975394084517
37099,NC,Jackson County,80.50334585252935
26055,MI,Grand Traverse County,80.47897642813226
13249,GA,Schley County,80.47458677260104
2230,AK,Skagway Municipality,80.46456141032228
20037,KS,Crawford County,80.45893682781622
21095,KY,Harlan County,80.45748995214883
36025,NY,Delaware County,80.44384737727853
12023,FL,Columbia County,80.37639559207418
48337,TX,Montague County,80.37465825698963
13029,GA,Bryan County,80.3733573125246
22057,LA,Lafourche Parish,80.36912321332785
48383,TX,Reagan County,80.33957025327572
18145,IN,Shelby County,80.32724208136905
39095,OH,Lucas County,80.32514669149583
40031,OK,Comanche County,80.3140846123306
5069,AR,Jefferson County,80.3120183510649
37079,NC,Greene County,80.3063172102874
13295,GA,Walker County,80.30231841083344
48327,TX,Menard County,80.29231212267833
39131,OH,Pike County,80.28407782505845
13241,GA,Rabun County,80.27497594252124
42081,PA,Lycoming County,80.27040216567363
28033,MS,DeSoto County,80.24375906092341
9015,CT,Windham County,80.24232894351799
13099,GA,Early County,80.22609229582058
22013,LA,Bienville Parish,80.20370951729521
40027,OK,Cleveland County,80.19477434159357
27087,MN,Mahnomen County,80.18876950747564
13193,GA,Macon County,80.18363945593018
42093,PA,Montour County,80.17973275138992
47141,TN,Putnam County,80.17791503992831
26049,MI,Genesee County,80.13846757052701
48043,TX,Brewster County,80.13380807948586
28085,MS,Lincoln County,80.12771465929491
49025,UT,Kane County,80.12579503070803
21197,KY,Powell County,80.12507246110184
41001,OR,Baker County,80.11679732359624
48001,TX,Anderson County,80.11646138094937
46033,SD,Custer County,80.11545633416104
1017,AL,Chambers County,80.10836607023467
37001,NC,Alamance County,80.10830368187031
27061,MN,Itasca County,80.10536170651021
37073,NC,Gates County,80.10358140444022
36023,NY,Cortland County,80.09388017420915
30035,MT,Glacier County,80.09332924486111
45059,SC,Laurens County,80.08746251795581
13307,GA,Webster County,80.0509673457393
26025,MI,Calhoun County,80.04305447663445
37179,NC,Union County,80.03906242118033
5017,AR,Chicot County,80.03830288356257
29223,MO,Wayne County,80.02093463979584
13117,GA,Forsyth County,80.01886137686215
41059,OR,Umatilla County,80.0015211873446
47111,TN,Macon County,80.00011609169688
27137,MN,St. Louis County,79.99260481460962
13187,GA,Lumpkin County,79.98902068711904
51105,VA,Lee County,79.98234858992613
29025,MO,Caldwell County,79.98061357815997
48475,TX,Ward County,79.96463892341173
16015,ID,Boise County,79.95386784301994
54059,WV,Mingo County,79.94386509495538
30111,MT,Yellowstone County,79.93333620769708
18141,IN,St. Joseph County,79.90148225700408
13165,GA,Jenkins County,79.90015300065706
36069,NY,Ontario County,79.89096204698399
53025,WA,Grant County,79.88268761845747
49049,UT,Utah County,79.87361262489321
27007,MN,Beltrami County,79.8545396236946
42127,PA,Wayne County,79.84981691541705
12119,FL,Sumter County,79.84567284083951
48391,TX,Refugio County,79.8405590375275
48265,TX,Kerr County,79.82224269607238
47115,TN,Marion County,79.8207327009297
48227,TX,Howard County,79.81814866663892
23027,ME,Waldo County,79.81733051358637
48063,TX,Camp County,79.80558505100097
41061,OR,Union County,79.80324630649552
28017,MS,Chickasaw County,79.79619248686322
38053,ND,McKenzie County,79.79389197780804
20121,KS,Miami County,79.79114031662154
39113,OH,Montgomery County,79.78045988460373
30107,MT,Wheatland County,79.7686527402418
48299,TX,Llano County,79.76769400292177
26087,MI,Lapeer County,79.76133705388773
26119,MI,Montmorency County,79.75000017793647
36091,NY,Saratoga County,79.74840997634162
16009,ID,Benewah County,79.74511152866455
37105,NC,Lee County,79.74143009968456
31109,NE,Lancaster County,79.73276136901437
26077,MI,Kalamazoo County,79.73020153608091
16057,ID,Latah County,79.69411367102386
19013,IA,Black Hawk County,79.69390818132631
32019,NV,Lyon County,79.69069063902162
13061,GA,Clay County,79.6800009079363
13163,GA,Jefferson County,79.67797528583573
12079,FL,Madison County,79.67677240628679
50005,VT,Caledonia County,79.67159433033386
13199,GA,Meriwether County,79.65496362921166
5041,AR,Desha County,79.64909337894082
36113,NY,Warren County,79.64067911868918
26125,MI,Oakland County,79.64057263593052
36063,NY,Niagara County,79.63627131199003
9005,CT,Litchfield County,79.63266885288087
48115,TX,Dawson County,79.62931766268201
8099,CO,Prowers County,79.61338424388478
47125,TN,Montgomery County,79.5946465450117
48213,TX,Henderson County,79.57761953694677
32007,NV,Elko County,79.57655294752108
48405,TX,San Augustine County,79.5582383558865
13233,GA,Polk County,79.55733629575693
53027,WA,Grays Harbor County,79.55515016455621
42003,PA,Allegheny County,79.53958503852135
49057,UT,Weber County,79.53472694849107
55063,WI,La Crosse County,79.49304311036467
21057,KY,Cumberland County,79.49027777572523
38035,ND,Grand Forks County,79.48085640151038
47119,TN,Maury County,79.48041170753406
51101,VA,King William County,79.4656959560427
30087,MT,Rosebud County,79.46023905465627
51187,VA,Warren County,79.45809044535594
23017,ME,Oxford County,79.45329672745133
47021,TN,Cheatham County,79.45259736755177
21101,KY,Henderson County,79.4455303633204
13319,GA,Wilkinson County,79.44213785089586
22055,LA,Lafayette Parish,79.43527780112034
8063,CO,Kit Carson County,79.43467843627712
19101,IA,Jefferson County,79.42174984295367
51735,VA,Poquoson city,79.40998851082398
36053,NY,Madison County,79.40724954549304
45045,SC,Greenville County,79.403221193627
45009,SC,Bamberg County,79.38549103343406
30001,MT,Beaverhead County,79.3814506547272
48137,TX,Edwards County,79.35986458063759
19057,IA,Des Moines County,79.34652852561852
19179,IA,Wapello County,79.33661995579958
5139,AR,Union County,79.32588206976374
48437,TX,Swisher County,79.31940999079062
13283,GA,Treutlen County,79.31892058511886
9011,CT,New London County,79.31258275592833
18163,IN,Vanderburgh County,79.28125629046681
17063,IL,Grundy County,79.27787546045731
13017,GA,Ben Hill County,79.27086715736401
17143,IL,Peoria County,79.25237882163313
47011,TN,Bradley County,79.24988779529686
41021,OR,Gilliam County,79.2486513605423
18013,IN,Brown County,79.24391770560037
5045,AR,Faulkner County,79.23784253350014
48037,TX,Bowie County,79.2342610245964
35029,NM,Luna County,79.23047106727279
46019,SD,Butte County,79.22397029523664
37077,NC,Granville County,79.21103838556044
13091,GA,Dodge County,79.20464942943121
2066,AK,Copper River Census Area,79.19668731027
13269,GA,Taylor County,79.1953868838114
21113,KY,Jessamine County,79.18806199485213
16087,ID,Washington County,79.177579903631
45033,SC,Dillon County,79.17743274714813
4003,AZ,Cochise County,79.17499593878837
48039,TX,Brazoria County,79.1683508198246
51073,VA,Gloucester County,79.16095763041585
12107,FL,Putnam County,79.14640638037986
49007,UT,Carbon County,79.13845953431175
30003,MT,Big Horn County,79.13829864608253
21009,KY,Barren County,79.12653080016821
22019,LA,Calcasieu Parish,79.12090542428413
47065,TN,Hamilton County,79.10829068424893
13279,GA,Toombs County,79.09699026399355
48235,TX,Irion County,79.09615133632518
27141,MN,Sherburne County,79.09535652238155
35051,NM,Sierra County,79.0876219392374
36057,NY,Montgomery County,79.0852174748298
48477,TX,Washington County,79.05597231352938
45067,SC,Marion County,79.05053494755681
13043,GA,Candler County,79.04964469125281
13053,GA,Chattahoochee County,79.01563530372233
37159,NC,Rowan County,79.01185231699048
13271,GA,Telfair County,79.00226292733747
39129,OH,Pickaway County,78.99897088547182
50017,VT,Orange County,78.9823003080223
29021,MO,Buchanan County,78.98028990677318
30007,MT,Broadwater County,78.96372505632377
48441,TX,Taylor County,78.96055223386335
51775,VA,Salem city,78.9412956475491
42049,PA,Erie County,78.93144408530857
17201,IL,Winnebago County,78.92029237947162
37087,NC,Haywood County,78.91993699092981
22083,LA,Richland Parish,78.91819163318068
50009,VT,Essex County,78.91629800798613
40139,OK,Texas County,78.90729417045073
36115,NY,Washington County,78.90083168519467
37151,NC,Randolph County,78.89522771604032
47075,TN,Haywood County,78.87968217117005
47189,TN,Wilson County,78.87174131744607
47187,TN,Williamson County,78.862896073977
28087,MS,Lowndes County,78.85238442161453
41023,OR,Grant County,78.84016212496608
41013,OR,Crook County,78.8372149055648
27163,MN,Washington County,78.83472607863101
21013,KY,Bell County,78.83008898057021
32001,NV,Churchill County,78.80412712368769
13205,GA,Mitchell County,78.79676544886553
30023,MT,Deer Lodge County,78.79481795534527
40141,OK,Tillman County,78.79457433928975
36051,NY,Livingston County,78.7680317479933
30089,MT,Sanders County,78.76204455494694
37143,NC,Perquimans County,78.7585121998651
54101,WV,Webster County,78.75571882214983
53005,WA,Benton County,78.75078319399925
45031,SC,Darlington County,78.73904633110071
23029,ME,Washington County,78.72917613707271
37067,NC,Forsyth County,78.72910872071856
26021,MI,Berrien County,78.72659817727526
48459,TX,Upshur County,78.71385466352676
21195,KY,Pike County,78.70550716077238
47095,TN,Lake County,78.69733137553723
9013,CT,Tolland County,78.6931953735137
9003,CT,Hartford County,78.6931953735137
9007,CT,Middlesex County,78.6931953735137
4009,AZ,Graham County,78.67642421498715
23023,ME,Sagadahoc County,78.63660597781755
16001,ID,Ada County,78.63520962589367
5143,AR,Washington County,78.62899303921124
48163,TX,Frio County,78.62812571857324
26081,MI,Kent County,78.57172376934027
31115,NE,Loup County,78.57051527930577
30045,MT,Judith Basin County,78.56606947942113
6049,CA,Modoc County,78.56547939151946
12047,FL,Hamilton County,78.55333026316288
12067,FL,Lafayette County,78.53920582951618
21051,KY,Clay County,78.51019698214864
28077,MS,Lawrence County,78.49347197682823
22041,LA,Franklin Parish,78.47199743046404
48363,TX,Palo Pinto County,78.46644132277386
35006,NM,Cibola County,78.46632898486244
26147,MI,St. Clair County,78.46391200795505
18035,IN,Delaware County,78.4426668003022
8085,CO,Montrose County,78.4356868599869
47153,TN,Sequatchie County,78.43564046500498
40009,OK,Beckham County,78.40075924508582
13085,GA,Dawson County,78.38123977691258
36117,NY,Wayne County,78.37712592748656
46121,SD,Todd County,78.33741199635486
28141,MS,Tishomingo County,78.31189471835357
40143,OK,Tulsa County,78.29986722621014
1003,AL,Baldwin County,78.29308199864309
51037,VA,Charlotte County,78.29073089905252
5051,AR,Garland County,78.27577767175003
48293,TX,Limestone County,78.27240131783317
42079,PA,Luzerne County,78.25193927568249
51041,VA,Chesterfield County,78.24537811063243
50027,VT,Windsor County,78.23567827162783
13309,GA,Wheeler County,78.23358310667847
27025,MN,Chisago County,78.21461021440093
13289,GA,Twiggs County,78.21080465048271
29077,MO,Greene County,78.2084610535757
13293,GA,Upson County,78.18471672579334
28091,MS,Marion County,78.18192541580169
48349,TX,Navarro County,78.17222392658695
17003,IL,Alexander County,78.16888860386928
51093,VA,Isle of Wight County,78.14440876425533
51095,VA,James City County,78.14221432959012
16059,ID,Lemhi County,78.13442174917314
23021,ME,Piscataquis County,78.13357664906064
10005,DE,Sussex County,78.13056850320558
24043,MD,Washington County,78.12846401699449
17163,IL,St. Clair County,78.12623887147298
48155,TX,Foard County,78.12543057573485
48387,TX,Red River County,78.12304091529985
31055,NE,Douglas County,78.12225924314004
48015,TX,Austin County,78.12167983654491
28133,MS,Sunflower County,78.09898143706124
13115,GA,Floyd County,78.09818953118581
21071,KY,Floyd County,78.08924852269469
36089,NY,St. Lawrence County,78.07924188158667
50001,VT,Addison County,78.0675012367819
35041,NM,Roosevelt County,78.05561135602531
37019,NC,Brunswick County,78.05018026942898
16025,ID,Camas County,78.03915018082736
8121,CO,Washington County,78.0327207716609
22101,LA,St. Mary Parish,78.03066890102504
13223,GA,Paulding County,78.02166655319586
8089,CO,Otero County,78.01099309100921
46095,SD,Mellette County,77.9939503470804
54011,WV,Cabell County,77.99136667547158
48005,TX,Angelina County,77.97877174284172
28021,MS,Claiborne County,77.96432424872631
23001,ME,Androscoggin County,77.9461229711168
53039,WA,Klickitat County,77.92858389859624
22111,LA,Union Parish,77.89665359584042
13275,GA,Thomas County,77.89487138191802
12043,FL,Glades County,77.89243334852387
30009,MT,Carbon County,77.87942581429319
37155,NC,Robeson County,77.87938085151364
13299,GA,Ware County,77.87622691452384
51047,VA,Culpeper County,77.87572061175021
23013,ME,Knox County,77.87048012618331
16017,ID,Bonner County,77.85393296299445
6035,CA,Lassen County,77.8469913156537
48203,TX,Harrison County,77.8456315634331
21037,KY,Campbell County,77.8284235286461
47093,TN,Knox County,77.81823115170117
48313,TX,Madison County,77.79522784640749
22097,LA,St. Landry Parish,77.77772836761785
37093,NC,Hoke County,77.77669874585894
22015,LA,Bossier Parish,77.74801532101738
18089,IN,Lake County,77.72960268654387
51199,VA,York County,77.72273462033156
2164,AK,Lake and Peninsula Borough,77.68819743391654
22089,LA,St. Charles Parish,77.66392001851179
56033,WY,Sheridan County,77.66391959887167
13253,GA,Seminole County,77.66362300185557
54027,WV,Hampshire County,77.65662747862189
22107,LA,Tensas Parish,77.65518424011832
36007,NY,Broome County,77.6469883394163
8073,CO,Lincoln County,77.63397947445843
22091,LA,St. Helena Parish,77.62324425863562
51149,VA,Prince George County,77.60240835222922
37041,NC,Chowan County,77.6011519582871
13127,GA,Glynn County,77.59149494980386
48397,TX,Rockwall County,77.58744825482965
51065,VA,Fluvanna County,77.57476658694809
37139,NC,Pasquotank County,77.57389890457625
13039,GA,Camden County,77.56087284004239
48255,TX,Karnes County,77.54598983971799
48171,TX,Gillespie County,77.54010026673899
8087,CO,Morgan County,77.53861958991288
42011,PA,Berks County,77.53689121950356
35037,NM,Quay County,77.51145915981417
53047,WA,Okanogan County,77.49855465672177
13075,GA,Cook County,77.49672735180648
29019,MO,Boone County,77.49034389059739
51720,VA,Norton city,77.48310722986557
27037,MN,Dakota County,77.47217053450154
8081,CO,Moffat County,77.47021314368698
8111,CO,San Juan County,77.46611918223186
30053,MT,Lincoln County,77.46488697870689
22079,LA,Rapides Parish,77.45624798757635
30047,MT,Lake County,77.43062378923064
51079,VA,Greene County,77.4124582698459
4023,AZ,Santa Cruz County,77.40646871288091
30093,MT,Silver Bow County,77.38767207757749
48287,TX,Lee County,77.38569917729696
21121,KY,Knox County,77.3681426155231
24013,MD,Carroll County,77.35239224857641
22045,LA,Iberia Parish,77.34783025906532
13303,GA,Washington County,77.33995816940751
22009,LA,Avoyelles Parish,77.30161276747805
37191,NC,Wayne County,77.29288927321639
1087,AL,Macon County,77.28734690346904
9009,CT,New Haven County,77.28257178728161
48013,TX,Atascosa County,77.27857468682254
53001,WA,Adams County,77.27331204530289
50023,VT,Washington County,77.26742068979944
51530,VA,Buena Vista city,77.26466605756333
8083,CO,Montezuma County,77.24095785342556
23019,ME,Penobscot County,77.22343714682418
37107,NC,Lenoir County,77.211350013161
27003,MN,Anoka County,77.2008280818766
48047,TX,Brooks County,77.19880833784605
12041,FL,Gilchrist County,77.18696388338068
36075,NY,Oswego County,77.17880017485763
12017,FL,Citrus County,77.14927530889238
45041,SC,Florence County,77.14285745302813
48181,TX,Grayson County,77.13100939373093
13087,GA,Decatur County,77.12293912366096
13261,GA,Sumter County,77.11402217909692
2105,AK,Hoonah-Angoon Census Area,77.11363840507123
54081,WV,Raleigh County,77.09843502848877
55093,WI,Pierce County,77.09721094738754
8043,CO,Fremont County,77.0603331550942
42069,PA,Lackawanna County,77.050610940623
48493,TX,Wilson County,77.05036814091301
28069,MS,Kemper County,77.04624636591623
13195,GA,Madison County,77.03171374242534
12109,FL,St. Johns County,77.02692884155633
37053,NC,Currituck County,77.02384871353584
48091,TX,Comal County,77.01992783988202
31043,NE,Dakota County,77.00234496073959
9001,CT,Fairfield County,77.0013117181932
48449,TX,Titus County,76.99993836161681
48183,TX,Gregg County,76.96553688131972
12131,FL,Walton County,76.96434296561057
22077,LA,Pointe Coupee Parish,76.9642585951775
51678,VA,Lexington city,76.95424288651556
12089,FL,Nassau County,76.93306244733894
21227,KY,Warren County,76.92374623960177
37133,NC,Onslow County,76.8790434422923
48107,TX,Crosby County,76.86284307865223
42051,PA,Fayette County,76.83607401828542
20107,KS,Linn County,76.83534953228998
32023,NV,Nye County,76.83059986593751
5091,AR,Miller County,76.82603149257437
24019,MD,Dorchester County,76.81765720730142
5123,AR,St. Francis County,76.81056652723436
12055,FL,Highlands County,76.80427192970588
47043,TN,Dickson County,76.79595896362191
54015,WV,Clay County,76.74706543362677
51053,VA,Dinwiddie County,76.72230515124156
41011,OR,Coos County,76.70625571273196
46007,SD,Bennett County,76.69967420600314
45005,SC,Allendale County,76.682300454383
1007,AL,Bibb County,76.66020930426706
42043,PA,Dauphin County,76.61841887594095
36029,NY,Erie County,76.61300320688049
49051,UT,Wasatch County,76.59883801121984
35025,NM,Lea County,76.59466257266912
51520,VA,Bristol city,76.57980461606321
12065,FL,Jefferson County,76.55149365825508
48423,TX,Smith County,76.5494517232595
48481,TX,Wharton County,76.5486689450732
21111,KY,Jefferson County,76.53530857936819
2013,AK,Aleutians East Borough,76.52918508619985
20061,KS,Geary County,76.52143747617976
22103,LA,St. Tammany Parish,76.52026022951223
5119,AR,Pulaski County,76.47337851689694
13009,GA,Baldwin County,76.4697252920097
37049,NC,Craven County,76.45745502382182
36067,NY,Onondaga County,76.45674051697158
12019,FL,Clay County,76.45661398630122
17111,IL,McHenry County,76.444605630565
28125,MS,Sharkey County,76.43249959160369
48395,TX,Robertson County,76.4278130520456
38085,ND,Sioux County,76.41642146322107
45069,SC,Marlboro County,76.41121120542257
48451,TX,Tom Green County,76.40340448911628
6011,CA,Colusa County,76.39995633415491
17093,IL,Kendall County,76.37535352297985
53041,WA,Lewis County,76.36112066586983
8125,CO,Yuma County,76.35968553066961
12049,FL,Hardee County,76.34565342376601
13033,GA,Burke County,76.3386777261683
37181,NC,Vance County,76.33827395596639
45085,SC,Sumter County,76.32872272514244
13105,GA,Elbert County,76.32714031860738
37195,NC,Wilson County,76.30091567066293
48253,TX,Jones County,76.27458933527252
30017,MT,Custer County,76.26106793522706
37081,NC,Guilford County,76.25385935241242
42029,PA,Chester County,76.2304733168336
29155,MO,Pemiscot County,76.22759077639228
48045,TX,Briscoe County,76.2231348512849
42071,PA,Lancaster County,76.22114898600789
53045,WA,Mason County,76.21004959715668
8049,CO,Grand County,76.20950920094678
21159,KY,Martin County,76.2034724865489
49037,UT,San Juan County,76.19617734574697
21201,KY,Robertson County,76.19494560807193
24047,MD,Worcester County,76.17742344114042
37055,NC,Dare County,76.16228652010051
13173,GA,Lanier County,76.14578409692652
50019,VT,Orleans County,76.1417718911344
8055,CO,Huerfano County,76.1226170577281
51790,VA,Staunton city,76.11350517306566
21035,KY,Calloway County,76.08200650108078
48027,TX,Bell County,76.08005930726314
48071,TX,Chambers County,76.04296480683699
45091,SC,York County,76.04057779945313
1097,AL,Mobile County,76.02430636963825
30051,MT,Liberty County,76.02062125339317
22065,LA,Madison Parish,76.01461328467914
47001,TN,Anderson County,75.9852695222087
22105,LA,Tangipahoa Parish,75.98021829346663
21153,KY,Magoffin County,75.9582922930501
17091,IL,Kankakee County,75.94990124146416
37091,NC,Hertford County,75.91414475667295
51057,VA,Essex County,75.88281510718355
56027,WY,Niobrara County,75.86905796077589
48003,TX,Andrews County,75.85871121066305
16027,ID,Canyon County,75.85412519236587
37037,NC,Chatham County,75.85346220961631
48443,TX,Terrell County,75.81827011542518
33013,NH,Merrimack County,75.8039385803117
22095,LA,St. John the Baptist Parish,75.7885320115108
13131,GA,Grady County,75.78610830345092
28093,MS,Marshall County,75.7851412724589
35013,NM,Dona Ana County,75.75426706346883
37025,NC,Cabarrus County,75.7532787985368
48221,TX,Hood County,75.74195382690796
1119,AL,Sumter County,75.74145794924537
8007,CO,Archuleta County,75.728007370754
22029,LA,Concordia Parish,75.71728092848473
27013,MN,Blue Earth County,75.69026288316833
16055,ID,Kootenai County,75.68808324750425
48277,TX,Lamar County,75.64407334934096
48339,TX,Montgomery County,75.64294772976989
53007,WA,Chelan County,75.64192125150274
48247,TX,Jim Hogg County,75.6254790913613
48465,TX,Val Verde County,75.61750779255824
13077,GA,Coweta County,75.61162842381671
16073,ID,Owyhee County,75.61115365076738
19169,IA,Story County,75.61105335920824
30029,MT,Flathead County,75.60730740692527
36083,NY,Rensselaer County,75.59025122490597
31009,NE,Blaine County,75.58571763677239
45075,SC,Orangeburg County,75.58137466196973
26099,MI,Macomb County,75.57132249775307
33001,NH,Belknap County,75.52873520141625
13237,GA,Putnam County,75.52034188259466
42095,PA,Northampton County,75.51835206534388
48367,TX,Parker County,75.50800247103689
16069,ID,Nez Perce County,75.47882465733787
41037,OR,Lake County,75.47277324900979
48489,TX,Willacy County,75.45713878600432
22039,LA,Evangeline Parish,75.44817828986065
45011,SC,Barnwell County,75.44509198194446
36039,NY,Greene County,75.42541510714514
41031,OR,Jefferson County,75.4186488767974
18167,IN,Vigo County,75.4185494936989
1125,AL,Tuscaloosa County,75.41786699618245
51193,VA,Westmoreland County,75.41714142735363
37153,NC,Richmond County,75.40450331704486
46071,SD,Jackson County,75.40100837061195
53009,WA,Clallam County,75.38708444635876
8119,CO,Teller County,75.33819161279742
53021,WA,Franklin County,75.33368418611254
13231,GA,Pike County,75.30910022448461
35005,NM,Chaves County,75.2863980982726
48245,TX,Jefferson County,75.24257578823871
48469,TX,Victoria County,75.21394097614514
33005,NH,Cheshire County,75.19680204790751
28147,MS,Walthall County,75.15494208942482
2220,AK,Sitka City and Borough,75.1364267931679
40109,OK,Oklahoma County,75.12055731572322
17197,IL,Will County,75.10490622980113
8003,CO,Alamosa County,75.10157349140412
54061,WV,Monongalia County,75.09229637674214
28035,MS,Forrest County,75.08459887158612
2170,AK,Matanuska-Susitna Borough,75.07692055866546
22021,LA,Caldwell Parish,75.04360224369196
13057,GA,Cherokee County,75.03641651993772
48157,TX,Fort Bend County,75.0208375329124
51680,VA,Lynchburg city,74.97920284038358
13263,GA,Talbot County,74.97828703803941
37183,NC,Wake County,74.95315624098852
21067,KY,Fayette County,74.9444937908357
41019,OR,Douglas County,74.91117955235502
48473,TX,Waller County,74.90828301292179
36015,NY,Chemung County,74.90665908180682
55059,WI,Kenosha County,74.89894094943539
28047,MS,Harrison County,74.89218769130305
12007,FL,Bradford County,74.88840943710711
24029,MD,Kent County,74.88304120989672
22119,LA,Webster Parish,74.85200381228792
47147,TN,Robertson County,74.82601434806509
47165,TN,Sumner County,74.79736020864497
53017,WA,Douglas County,74.79234149638717
45017,SC,Calhoun County,74.77510987204667
48249,TX,Jim Wells County,74.73841979112326
13185,GA,Lowndes County,74.71867571987472
46047,SD,Fall River County,74.71674241828053
6063,CA,Plumas County,74.70633330672925
5107,AR,Phillips County,74.6959594821888
1109,AL,Pike County,74.68646951858679
53031,WA,Jefferson County,74.68550187763596
48301,TX,Loving County,74.68096475801728
39061,OH,Hamilton County,74.67906429839877
51590,VA,Danville city,74.67790362473282
44009,RI,Washington County,74.67385338884365
35045,NM,San Juan County,74.67249904330578
8061,CO,Kiowa County,74.67126145570786
26065,MI,Ingham County,74.67025904668108
12051,FL,Hendry County,74.66004877034932
28029,MS,Copiah County,74.62951487305352
39035,OH,Cuyahoga County,74.62556370390284
45081,SC,Saluda County,74.58141721213168
27059,MN,Isanti County,74.54773966182911
13189,GA,McDuffie County,74.54689993766407
8077,CO,Mesa County,74.51591058151386
28113,MS,Pike County,74.50297201738114
36105,NY,Sullivan County,74.47039709778483
13235,GA,Pulaski County,74.46673256931803
12045,FL,Gulf County,74.44397793589539
21221,KY,Trigg County,74.40353315779255
45051,SC,Horry County,74.39640709629879
28065,MS,Jefferson Davis County,74.37766353796191
12093,FL,Okeechobee County,74.37638521164695
55078,WI,Menominee County,74.371228082057
41045,OR,Malheur County,74.31795575736427
32021,NV,Mineral County,74.31742183421854
12083,FL,Marion County,74.29115315280677
8023,CO,Costilla County,74.28470889332037
2198,AK,Prince of Wales-Hyder Census Area,74.23376155942255
53063,WA,Spokane County,74.23123328733
30067,MT,Park County,74.21838822575877
48229,TX,Hudspeth County,74.19696220018746
30059,MT,Meagher County,74.17389239694756
13139,GA,Hall County,74.14729754469258
28075,MS,Lauderdale County,74.14421568223867
37187,NC,Washington County,74.14016676453964
35057,NM,Torrance County,74.13092464516942
36021,NY,Columbia County,74.10745205037756
13031,GA,Bulloch County,74.09219393981614
46137,SD,Ziebach County,74.0828853679066
42017,PA,Bucks County,74.03645916297978
51595,VA,Emporia city,74.02878303298135
21191,KY,Pendleton County,74.0269723170111
42091,PA,Montgomery County,74.02143894554531
13273,GA,Terrell County,74.02124332995017
12033,FL,Escambia County,74.01760020266592
41057,OR,Tillamook County,74.00892522775752
17109,IL,McDonough County,73.98419726051178
2122,AK,Kenai Peninsula Borough,73.95269733813275
48251,TX,Johnson County,73.94819774118163
21103,KY,Henry County,73.94644319042108
21017,KY,Bourbon County,73.93075918812043
48061,TX,Cameron County,73.92506630189588
28011,MS,Bolivar County,73.91816891158332
1063,AL,Greene County,73.90874689929232
48019,TX,Bandera County,73.90663005366596
18157,IN,Tippecanoe County,73.8940873745154
45089,SC,Williamsburg County,73.89170234640328
44001,RI,Bristol County,73.86836087537972
6027,CA,Inyo County,73.8505907029563
36055,NY,Monroe County,73.8501479443593
33003,NH,Carroll County,73.84297457145982
24003,MD,Anne Arundel County,73.8080902981236
37083,NC,Halifax County,73.80620726914796
6015,CA,Del Norte County,73.80522553113761
13113,GA,Fayette County,73.79909933591114
36095,NY,Schoharie County,73.78867732990227
1011,AL,Bullock County,73.77701706545392
33019,NH,Sullivan County,73.76669582033696
39049,OH,Franklin County,73.76381172128816
37165,NC,Scotland County,73.76223177765786
37017,NC,Bladen County,73.73077701481938
19103,IA,Johnson County,73.72456783904245
24027,MD,Howard County,73.71662395396835
24011,MD,Caroline County,73.71631638471449
24037,MD,St. Mary's County,73.695024542615
35047,NM,San Miguel County,73.67845028489566
37131,NC,Northampton County,73.67407979683927
48025,TX,Bee County,73.66908431367666
22075,LA,Plaquemines Parish,73.64319462456191
29085,MO,Hickory County,73.62536661264713
50015,VT,Lamoille County,73.60860778472112
35009,NM,Curry County,73.56213959198149
47149,TN,Rutherford County,73.54768889089911
35061,NM,Valencia County,73.53886760876576
49053,UT,Washington County,73.53428823056998
29095,MO,Jackson County,73.52294965005565
37043,NC,Clay County,73.48854249718266
55025,WI,Dane County,73.48573262390659
22069,LA,Natchitoches Parish,73.47349261187436
6105,CA,Trinity County,73.4477092891916
49035,UT,Salt Lake County,73.4421856768081
53015,WA,Cowlitz County,73.43968378641608
28027,MS,Coahoma County,73.40905687163156
10001,DE,Kent County,73.36651461028832
37101,NC,Johnston County,73.35992163816044
49043,UT,Summit County,73.3422350058162
51087,VA,Henrico County,73.3198751636472
5099,AR,Nevada County,73.30698724870162
30063,MT,Missoula County,73.30625279393146
51179,VA,Stafford County,73.25245389535196
51107,VA,Loudoun County,73.21947039411472
26073,MI,Isabella County,73.21296722750847
1047,AL,Dallas County,73.20936216913665
12015,FL,Charlotte County,73.20243986435584
4015,AZ,Mohave County,73.18838362467044
1101,AL,Montgomery County,73.17536055839817
17043,IL,DuPage County,73.15049926318225
13067,GA,Cobb County,73.12171347043993
36045,NY,Jefferson County,73.11162410216676
2195,AK,Petersburg Borough,73.0959844481409
51003,VA,Albemarle County,73.08941820406615
9150,CT,Northeastern Connecticut Planning Region,73.08490466750294
51550,VA,Chesapeake city,73.03952254480534
16065,ID,Madison County,73.03723061601919
24025,MD,Harford County,73.00210597123525
51036,VA,Charles City County,72.98199594343858
17019,IL,Champaign County,72.98086841353155
13285,GA,Troup County,72.97346792111885
50021,VT,Rutland County,72.97311364742788
51007,VA,Amelia County,72.96526828367747
12091,FL,Okaloosa County,72.90685431874769
13227,GA,Pickens County,72.8522165919317
8045,CO,Garfield County,72.83235796861688
13243,GA,Randolph County,72.79125261348304
18097,IN,Marion County,72.78726101138231
32005,NV,Douglas County,72.74693367446278
24035,MD,Queen Anne's County,72.71368791826745
20045,KS,Douglas County,72.67584601417288
45077,SC,Pickens County,72.65752932752115
8123,CO,Weld County,72.62775192930509
17097,IL,Lake County,72.5563394629067
37065,NC,Edgecombe County,72.55344306972268
48259,TX,Kendall County,72.54074873578952
46027,SD,Clay County,72.50391808021108
51620,VA,Franklin city,72.49006750394024
24009,MD,Calvert County,72.48537074930007
42025,PA,Carbon County,72.47911917322449
48141,TX,El Paso County,72.47592148795218
13179,GA,Liberty County,72.47057242465739
48321,TX,Matagorda County,72.43162925027717
8029,CO,Delta County,72.408092561089
8067,CO,La Plata County,72.34550938016646
44003,RI,Kent County,72.34282719757968
8025,CO,Crowley County,72.33796164972713
47113,TN,Madison County,72.33702149320791
48445,TX,Terry County,72.32336653309885
45015,SC,Berkeley County,72.30637985370647
8101,CO,Pueblo County,72.30152166362888
24015,MD,Cecil County,72.28540865320113
37147,NC,Pitt County,72.27796990481026
48427,TX,Starr County,72.26369690031291
2240,AK,Southeast Fairbanks Census Area,72.25150436170158
1081,AL,Lee County,72.24783874012998
48505,TX,Zapata County,72.21670193547628
50003,VT,Bennington County,72.20673602665981
34005,NJ,Burlington County,72.20193285402176
13081,GA,Crisp County,72.17892894499487
36001,NY,Albany County,72.1688523123162
51147,VA,Prince Edward County,72.15492521164863
28071,MS,Lafayette County,72.14906938093645
2020,AK,Anchorage Municipality,72.09218144452437
25015,MA,Hampshire County,72.09201306403864
12061,FL,Indian River County,72.0726519841262
51810,VA,Virginia Beach city,72.07078795854828
48143,TX,Erath County,72.05847830512525
4019,AZ,Pima County,72.04820378166683
24045,MD,Wicomico County,72.03962045853999
33009,NH,Grafton County,72.02299810670124
53069,WA,Wahkiakum County,72.00404699142449
48491,TX,Williamson County,71.95434552686316
32510,NV,Carson City,71.95332803976557
51097,VA,King and Queen County,71.93980655085511
17037,IL,DeKalb County,71.93245998186879
5077,AR,Lee County,71.90601011520822
53071,WA,Walla Walla County,71.88104662388501
48377,TX,Presidio County,71.85305615508433
8011,CO,Bent County,71.79597076863939
8035,CO,Douglas County,71.79312575878312
51820,VA,Waynesboro city,71.78488512369593
37069,NC,Franklin County,71.78269569636785
17089,IL,Kane County,71.76006747445423
48291,TX,Liberty County,71.74902408584936
1073,AL,Jefferson County,71.7420758067575
27053,MN,Hennepin County,71.69523043418069
51690,VA,Martinsville city,71.67530317198644
20161,KS,Riley County,71.64914380848032
48311,TX,McMullen County,71.60682154359003
48085,TX,Collin County,71.60084401638842
51570,VA,Colonial Heights city,71.58213675518834
28163,MS,Yazoo County,71.51656353862488
4012,AZ,La Paz County,71.50917626116674
30031,MT,Gallatin County,71.49850052604499
34041,NJ,Warren County,71.4716841363543
13297,GA,Walton County,71.46907492810143
13015,GA,Bartow County,71.46205204660102
33011,NH,Hillsborough County,71.43329931468317
51183,VA,Sussex County,71.40340736813383
41041,OR,Lincoln County,71.37916875471275
4027,AZ,Yuma County,71.37065252525451
1113,AL,Russell County,71.36983781468774
2110,AK,Juneau City and Borough,71.35570006127388
48323,TX,Maverick County,71.33891552698289
21047,KY,Christian County,71.31074706906269
6093,CA,Siskiyou County,71.30598769191612
51121,VA,Montgomery County,71.29905241392028
35055,NM,Taos County,71.2600536058238
22067,LA,Morehouse Parish,71.21737046762532
37015,NC,Bertie County,71.20212605402149
12009,FL,Brevard County,71.14180574995522
37119,NC,Mecklenburg County,71.10546389306187
53077,WA,Yakima County,71.10521219785431
56039,WY,Teton County,71.10418512881205
36073,NY,Orleans County,71.09100559745781
8109,CO,Saguache County,71.06597013402882
12105,FL,Polk County,71.06592603052549
51800,VA,Suffolk city,71.03725552237466
8093,CO,Park County,71.02598092094985
4001,AZ,Apache County,71.02318691785165
1131,AL,Wilcox County,71.00488218361609
8039,CO,Elbert County,70.98532454525363
34015,NJ,Gloucester County,70.91468821673524
48121,TX,Denton County,70.89627459427047
45013,SC,Beaufort County,70.89223640056757
35031,NM,McKinley County,70.87566483512651
45053,SC,Jasper County,70.85644614639307
53029,WA,Island County,70.8539607835087
22061,LA,Lincoln Parish,70.82821824180436
48409,TX,San Patricio County,70.81700894671859
17077,IL,Jackson County,70.81204503890113
37021,NC,Buncombe County,70.80964670245034
8071,CO,Las Animas County,70.80005842995287
13151,GA,Henry County,70.79535408440252
48139,TX,Ellis County,70.78104414108886
35001,NM,Bernalillo County,70.77197274160916
24041,MD,Talbot County,70.75549745637872
41035,OR,Klamath County,70.74715871532266
28103,MS,Noxubee County,70.73562362268262
48309,TX,McLennan County,70.7207223437259
8053,CO,Hinsdale County,70.71694894716634
12005,FL,Bay County,70.7014766033301
10003,DE,New Castle County,70.6707520115855
44005,RI,Newport County,70.6644186688042
28119,MS,Quitman County,70.64922733071302
48007,TX,Aransas County,70.60434444625841
42077,PA,Lehigh County,70.59925672045098
37063,NC,Durham County,70.5838843664713
36093,NY,Schenectady County,70.5791625142308
12035,FL,Flagler County,70.54906633843716
50025,VT,Windham County,70.47781971286018
37007,NC,Anson County,70.4656112019575
20209,KS,Wyandotte County,70.45898515844671
37051,NC,Cumberland County,70.42674303244311
25003,MA,Berkshire County,70.4107843068879
37089,NC,Henderson County,70.40774739203113
4017,AZ,Navajo County,70.40446782419905
48215,TX,Hidalgo County,70.38973767814545
5035,AR,Crittenden County,70.38140229666341
8091,CO,Ouray County,70.34814264807397
22073,LA,Ouachita Parish,70.33758223373889
39009,OH,Athens County,70.31553442903123
53057,WA,Skagit County,70.3114135940339
56001,WY,Albany County,70.29209737760229
45039,SC,Fairfield County,70.27115124020912
51770,VA,Roanoke city,70.18426271081749
13013,GA,Barrow County,70.1702925932023
47015,TN,Cannon County,70.14744951350792
48167,TX,Galveston County,69.94780257966832
41007,OR,Clatsop County,69.94726527412158
22033,LA,East Baton Rouge Parish,69.93053923949034
42089,PA,Monroe County,69.92683481205925
13215,GA,Muscogee County,69.89813589588941
13027,GA,Brooks County,69.89716482219964
32029,NV,Storey County,69.8411103603366
49019,UT,Grand County,69.78654639142827
2016,AK,Aleutians West Census Area,69.7233337288862
1065,AL,Hale County,69.72128822498934
8014,CO,Broomfield County,69.67264264960522
41065,OR,Wasco County,69.58830182381956
48347,TX,Nacogdoches County,69.47519107139166
28053,MS,Humphreys County,69.4669845296096
41015,OR,Curry County,69.44534274771875
8041,CO,El Paso County,69.44198715865579
48257,TX,Kaufman County,69.43024623828327
13149,GA,Heard County,69.41871953949835
51610,VA,Falls Church city,69.39144773323076
12039,FL,Gadsden County,69.38783488121783
8015,CO,Chaffee County,69.37645214556717
37115,NC,Madison County,69.33506921669712
4021,AZ,Pinal County,69.28610356627117
55079,WI,Milwaukee County,69.28340089586986
41043,OR,Linn County,69.20473862308828
4007,AZ,Gila County,69.18410758685368
28083,MS,Leflore County,69.17408529977313
48375,TX,Potter County,69.14437134211029
41053,OR,Polk County,69.1308526077066
28097,MS,Montgomery County,69.08015155098708
8019,CO,Clear Creek County,69.03367367836553
41027,OR,Hood River County,69.00498913039897
41029,OR,Jackson County,68.84083121185243
37095,NC,Hyde County,68.83192149040347
6005,CA,Amador County,68.81847889452887
26161,MI,Washtenaw County,68.80953221782482
45035,SC,Dorchester County,68.7960917995382
48135,TX,Ector County,68.73028491175243
53067,WA,Thurston County,68.7156331456613
34037,NJ,Sussex County,68.69985849200644
48303,TX,Lubbock County,68.69496443486786
51177,VA,Spotsylvania County,68.65219120225025
42027,PA,Centre County,68.6481294655621
13097,GA,Douglas County,68.57949821558441
51125,VA,Nelson County,68.56066417903502
37129,NC,New Hanover County,68.54612640938689
2090,AK,Fairbanks North Star Borough,68.44318757055682
47157,TN,Shelby County,68.42269306656858
6021,CA,Glenn County,68.38414117102242
41047,OR,Marion County,68.36630419999008
13191,GA,McIntosh County,68.34747423204878
24021,MD,Frederick County,68.34052157521265
18105,IN,Monroe County,68.32614881081953
4025,AZ,Yavapai County,68.3101399760304
6051,CA,Mono County,68.30502222469127
48355,TX,Nueces County,68.29346521286286
2130,AK,Ketchikan Gateway Borough,68.13618009013703
51061,VA,Fauquier County,68.10250816608202
37071,NC,Gaston County,68.07875860691891
48479,TX,Webb County,68.0687614907692
25005,MA,Bristol County,68.06167668877121
37135,NC,Orange County,68.04430787358467
41017,OR,Deschutes County,67.99813871072452
48329,TX,Midland County,67.98860889875218
24039,MD,Somerset County,67.91355040650572
48029,TX,Bexar County,67.77350840931838
34027,NJ,Morris County,67.76677209605089
22017,LA,Caddo Parish,67.75238880694134
2068,AK,Denali Borough,67.67931172517956
35049,NM,Santa Fe County,67.63608958495557
9160,CT,Northwest Hills Planning Region,67.62259420981401
6103,CA,Tehama County,67.61118358987258
45079,SC,Richland County,67.59499236782943
29510,MO,St. Louis city,67.58704249404649
51840,VA,Winchester city,67.58262166492419
51059,VA,Fairfax County,67.57244816907406
22051,LA,Jefferson Parish,67.55745059199842
53035,WA,Kitsap County,67.55737840840139
27123,MN,Ramsey County,67.47528722777926
13159,GA,Jasper County,67.44944623883576
48439,TX,Tarrant County,67.4222848818438
8051,CO,Gunnison County,67.38409862570892
48471,TX,Walker County,67.37400998682791
28151,MS,Washington County,67.33389502337755
41009,OR,Columbia County,67.31382010769913
28049,MS,Hinds County,67.28384764736582
13051,GA,Chatham County,67.2720870197491
12127,FL,Volusia County,67.19840404778591
32031,NV,Washoe County,67.09539559958243
51153,VA,Prince William County,67.07643162047214
34019,NJ,Hunterdon County,67.05918252890363
6109,CA,Tuolumne County,66.97219074658796
13141,GA,Hancock County,66.944390616447
13245,GA,Richmond County,66.93341970844398
8069,CO,Larimer County,66.92171092185072
28105,MS,Oktibbeha County,66.80365838855626
50011,VT,Franklin County,66.73717308371464
12085,FL,Martin County,66.7090633566937
25013,MA,Hampden County,66.70145548862985
9130,CT,Lower Connecticut River Valley Planning Region,66.65291281737805
22087,LA,St. Bernard Parish,66.59182629179446
51043,VA,Clarke County,66.58685415257563
25011,MA,Franklin County,66.56458186692011
25027,MA,Worcester County,66.55429836546875
42045,PA,Delaware County,66.43366990970149
47037,TN,Davidson County,66.3659908573356
45019,SC,Charleston County,66.3246814153234
6101,CA,Sutter County,66.30902755555091
6043,CA,Mariposa County,66.30083124543991
4013,AZ,Maricopa County,66.29406044512129
1085,AL,Lowndes County,66.27369928988254
8107,CO,Routt County,66.25973594557671
51660,VA,Harrisonburg city,66.1911636004967
23005,ME,Cumberland County,66.14521578904028
26163,MI,Wayne County,66.14037792281553
23031,ME,York County,66.09007418348006
13045,GA,Carroll County,66.07196025947026
6009,CA,Calaveras County,66.03189921797397
53011,WA,Clark County,65.92321983975098
48021,TX,Bastrop County,65.9218659426122
40119,OK,Payne County,65.86422063486837
51830,VA,Williamsburg city,65.82930870534858
44007,RI,Providence County,65.8240670589757
34033,NJ,Salem County,65.74312255139056
41067,OR,Washington County,65.72046404707795
24005,MD,Baltimore County,65.67216206411247
8059,CO,Jefferson County,65.63404520402271
53059,WA,Skamania County,65.60009061961186
33017,NH,Strafford County,65.57695281635543
12069,FL,Lake County,65.41760339567121
12073,FL,Leon County,65.41504134431806
12053,FL,Hernando County,65.3972016236971
12115,FL,Sarasota County,65.35242342245786
42103,PA,Pike County,65.31587638503478
13021,GA,Bibb County,65.29924213566014
12031,FL,Duval County,65.21823939015397
53053,WA,Pierce County,65.17967099493556
12101,FL,Pasco County,65.16754816206549
6107,CA,Tulare County,65.11578615231375
13121,GA,Fulton County,65.10364222140005
8117,CO,Summit County,65.10273321867913
13217,GA,Newton County,64.91796368426913
12081,FL,Manatee County,64.85824809337073
13247,GA,Rockdale County,64.73345796428191
6115,CA,Yuba County,64.71087614982653
30079,MT,Prairie County,64.70586342218101
6089,CA,Shasta County,64.6978671336828
36027,NY,Dutchess County,64.59152260688573
53073,WA,Whatcom County,64.57840964569526
6029,CA,Kern County,64.57174114131897
6031,CA,Kings County,64.55055101807082
13135,GA,Gwinnett County,64.5202665232262
24017,MD,Charles County,64.48587415139369
51013,VA,Arlington County,64.4415708161628
12117,FL,Seminole County,64.43140977442164
34009,NJ,Cape May County,64.21683341954876
48201,TX,Harris County,64.16181744090738
48453,TX,Travis County,64.1004424142892
50013,VT,Grand Isle County,64.06330256271335
48231,TX,Hunt County,63.93928053393595
12111,FL,St. Lucie County,63.9126320318994
41005,OR,Clackamas County,63.900936461532716
53055,WA,San Juan County,63.87482402758056
41033,OR,Josephine County,63.77655553538264
50007,VT,Chittenden County,63.7745242687587
6061,CA,Placer County,63.65468284364535
6033,CA,Lake County,63.507746958457034
34035,NJ,Somerset County,63.4891721430706
34025,NJ,Monmouth County,63.4737073733317
37189,NC,Watauga County,63.42418766033096
34007,NJ,Camden County,63.358791480029936
41039,OR,Lane County,63.23795906053178
36111,NY,Ulster County,63.10607901437189
2100,AK,Haines Borough,63.05142066356617
12071,FL,Lee County,63.0181472558991
48273,TX,Kleberg County,62.97946346608966
53037,WA,Kittitas County,62.906148365701824
51650,VA,Hampton city,62.78752928741184
13255,GA,Spalding County,62.52751391598755
6099,CA,Stanislaus County,62.46584158684735
24031,MD,Montgomery County,62.327850180487964
9180,CT,Southeastern Connecticut Planning Region,62.266630963445316
6017,CA,El Dorado County,62.06538159748334
13089,GA,DeKalb County,61.99387407186186
13095,GA,Dougherty County,61.95110772452684
51700,VA,Newport News city,61.87139566646208
47169,TN,Trousdale County,61.81397729883632
32003,NV,Clark County,61.81332868612321
9110,CT,Capitol Planning Region,61.79967062476953
51600,VA,Fairfax city,61.78506642038716
41071,OR,Yamhill County,61.50174815053868
17031,IL,Cook County,61.25893407622932
51510,VA,Alexandria city,61.23625843425032
28051,MS,Holmes County,61.22327793120262
6077,CA,San Joaquin County,61.17131992031317
41003,OR,Benton County,61.137557011355746
6007,CA,Butte County,61.031132196190725
12057,FL,Hillsborough County,60.890288563824754
12001,FL,Alachua County,60.802542586285576
6025,CA,Imperial County,60.80175450208784
51750,VA,Radford city,60.74744481220604
48041,TX,Brazos County,60.745063376104085
34021,NJ,Mercer County,60.67556686603111
8005,CO,Arapahoe County,60.54916296343302
51685,VA,Manassas Park city,60.54817201359269
12103,FL,Pinellas County,60.283130116667486
6047,CA,Merced County,60.25925167338489
48127,TX,Dimmit County,60.25654893822816
48209,TX,Hays County,60.17223345891495
9140,CT,Naugatuck Valley Planning Region,60.15539777756486
6019,CA,Fresno County,60.09942463785754
6039,CA,Madera County,60.09456027736819
51683,VA,Manassas city,59.96366631151627
12021,FL,Collier County,59.874836932521006
48055,TX,Caldwell County,59.855582508597756
22035,LA,East Carroll Parish,59.77421580886184
6045,CA,Mendocino County,59.72671805713721
8001,CO,Adams County,59.59005033287499
8031,CO,Denver County,59.354510748189696
2150,AK,Kodiak Island Borough,59.34174241250753
53075,WA,Whitman County,59.30386098446374
34029,NJ,Ocean County,59.29194442888054
13059,GA,Clarke County,59.19907690424992
34001,NJ,Atlantic County,59.01259473311697
6057,CA,Nevada County,58.92804794756587
8097,CO,Pitkin County,58.83020426680142
51710,VA,Norfolk city,58.75077004293466
48113,TX,Dallas County,58.58744191997535
34003,NJ,Bergen County,58.36522691254297
6023,CA,Humboldt County,58.28414587635645
51760,VA,Richmond city,58.26247324271159
34023,NJ,Middlesex County,58.22476884825209
36071,NY,Orange County,58.201838714269385
46017,SD,Buffalo County,57.996676274042
12095,FL,Orange County,57.956380863575085
8047,CO,Gilpin County,57.93098251159241
11001,DC,District of Columbia,57.8571362499209
51540,VA,Charlottesville city,57.74129974956688
25001,MA,Barnstable County,57.52716371821449
34039,NJ,Union County,57.52600321694748
36109,NY,Tompkins County,57.51128032334371
41051,OR,Multnomah County,57.02025705197149
34011,NJ,Cumberland County,56.84611748736405
6091,CA,Sierra County,56.6241632080892
2070,AK,Dillingham Census Area,56.53498748565404
33015,NH,Rockingham County,56.35231850280065
8113,CO,San Miguel County,56.26441252289131
53061,WA,Snohomish County,56.16516963988557
2185,AK,North Slope Borough,56.13489257744781
24033,MD,Prince George's County,56.12332665963499
51740,VA,Portsmouth city,55.95975232749813
4005,AZ,Coconino County,55.77425331550618
6067,CA,Sacramento County,55.722035438427795
8013,CO,Boulder County,55.63420117046572
53033,WA,King County,55.54472723039388
12097,FL,Osceola County,55.363721536439996
2290,AK,Yukon-Koyukuk Census Area,55.018240831288836
6095,CA,Solano County,54.49928801090048
42101,PA,Philadelphia County,53.746209205614896
6065,CA,Riverside County,53.7336427360385
6069,CA,San Benito County,53.69811962919411
36059,NY,Nassau County,53.62161366828303
8079,CO,Mineral County,53.45692915834239
22071,LA,Orleans Parish,53.297625557478646
13063,GA,Clayton County,53.17404996226655
15001,HI,Hawaii County,53.0091499882338
25007,MA,Dukes County,52.90981413820462
9170,CT,South Central Connecticut Planning Region,52.858191565588065
51670,VA,Hopewell city,52.81160456765964
25017,MA,Middlesex County,52.71897612522864
8037,CO,Eagle County,52.66920617287462
51630,VA,Fredericksburg city,52.62954427321776
6113,CA,Yolo County,52.404270901429676
36103,NY,Suffolk County,52.34651623488424
36079,NY,Putnam County,52.14931075355728
25019,MA,Nantucket County,51.89853147185916
25021,MA,Norfolk County,51.89154881835499
12099,FL,Palm Beach County,51.77831606129562
25023,MA,Plymouth County,51.539563067457344
46102,SD,Oglala Lakota County,51.483422620128664
6071,CA,San Bernardino County,51.303131363057155
32009,NV,Esmeralda County,51.274428479186824
6079,CA,San Luis Obispo County,50.58368378445305
36119,NY,Westchester County,49.7195098801753
24510,MD,Baltimore city,49.699785096974885
6097,CA,Sonoma County,49.11409637952743
51730,VA,Petersburg city,48.30428440985313
6013,CA,Contra Costa County,48.01395120584519
34013,NJ,Essex County,47.648899793728354
9190,CT,Western Connecticut Planning Region,47.56762830747368
28143,MS,Tunica County,47.41199107214832
15007,HI,Kauai County,47.19467251332551
6111,CA,Ventura County,46.73933363187071
2188,AK,Northwest Arctic Borough,46.1674476379405
6055,CA,Napa County,45.656490291858866
2158,AK,Kusilvak Census Area,45.58151192262206
6001,CA,Alameda County,45.53745407654106
2180,AK,Nome Census Area,45.15631818181192
34031,NJ,Passaic County,45.137174030017256
12011,FL,Broward County,44.879841137607286
15009,HI,Maui County,44.51615127310971
15003,HI,Honolulu County,43.67196042292807
25009,MA,Essex County,43.66651100440195
12087,FL,Monroe County,43.067349599636266
34017,NJ,Hudson County,42.94049000692202
6085,CA,Santa Clara County,41.25246698136981
36085,NY,Richmond County,40.80572135088234
6073,CA,San Diego County,40.23423077870656
36087,NY,Rockland County,40.0966209707825
36061,NY,New York County,39.992770101457516
9120,CT,Greater Bridgeport Planning Region,39.55652618572086
6059,CA,Orange County,39.49566663179681
12086,FL,Miami-Dade County,37.67988014227884
6053,CA,Monterey County,37.586388263060556
25025,MA,Suffolk County,37.39214386660596
6081,CA,San Mateo County,33.68192895399375
6037,CA,Los Angeles County,33.190020879424516
6083,CA,Santa Barbara County,33.14301142783092
2050,AK,Bethel Census Area,32.89262986072456
6041,CA,Marin County,32.25035989158212
6075,CA,San Francisco County,31.763221369814087
36081,NY,Queens County,30.683592406053233
36047,NY,Kings County,26.084711572521
6087,CA,Santa Cruz County,25.208312475630382
36005,NY,Bronx County,0.0
