,state,county,Long_Commute_Driving_Alone_Raw,Broadband_Access_Raw,popdensity2010,mean_commutetime2000
0,1,1,0.421,0.9088043333,821.5462575833334,28.164479333333333
1,1,3,0.381,0.8975085057,393.89150012903224,26.657520677419356
2,1,5,0.375,0.7230176211,143.95300966666665,23.508563666666667
3,1,7,0.535,0.8115176331,45.4047525,33.742693
4,1,9,0.614,0.8392865268,92.4256838888889,35.865771555555554
5,1,11,0.428,0.6498696785,20.8882355,28.943081000000003
6,1,13,0.342,0.7975764252,169.32318156666668,26.979843555555554
7,1,15,0.307,0.8533850416,605.2209805141936,23.641529133333332
8,1,17,0.334,0.7876145763,398.96150977777774,23.104985555555558
9,1,19,0.443,0.8023289109,68.44108433333334,30.176126
10,1,21,0.504,0.8212942919,106.00641988888889,34.45860033333334
11,1,23,0.565,0.7174333204,15.07621575,36.527508
12,1,25,0.363,0.70989115,31.44743422222222,28.98733022222222
13,1,27,0.403,0.7776235906,26.537915249999998,27.425009250000002
14,1,29,0.594,0.7515814669,30.174476,30.65173475
15,1,31,0.311,0.8687919463,377.5030609285714,23.661052714285713
16,1,33,0.245,0.7886195648,816.7616950714286,24.190206285714286
17,1,35,0.439,0.6806537102,21.12211106,26.774951799999997
18,1,37,0.425,0.8038562247,22.764187000000003,28.35028966666667
19,1,39,0.292,0.7889617109,144.38143984285713,22.88360107142857
20,1,41,0.472,0.68,22.75738683333333,33.691571
21,1,43,0.351,0.8565266479,209.46960077777777,29.828590666666667
22,1,45,0.311,0.8446557742,242.72652414285716,22.4294495
23,1,47,0.31,0.7928775298,672.85017968,23.855009199999998
24,1,49,0.303,0.8528482232,109.93476164285714,24.63905114285714
25,1,51,0.486,0.9006732454,278.8456951333334,29.508587533333333
26,1,53,0.29,0.7539316172,129.717046,24.968534777777776
27,1,55,0.309,0.8496169561,850.5005747666668,24.301153199999998
28,1,57,0.422,0.7782184763,32.7350182,29.709084400000002
29,1,59,0.361,0.6628137669,136.92519611111112,25.668881444444445
30,1,61,0.411,0.765971564,53.01850983333333,28.026908666666667
31,1,63,0.441,0.6038854132,14.442646033333332,31.532876333333334
32,1,65,0.543,0.76033207,25.473696500000003,30.240004
33,1,67,0.402,0.8001196888,42.67800916666667,27.273439166666666
34,1,69,0.247,0.8534087974,1019.9770526363637,20.816248954545454
35,1,71,0.4,0.8686868687,145.4346778909091,28.174101909090908
36,1,73,0.336,0.8851776238,2005.5156798711657,25.442114214723926
37,1,75,0.374,0.7242831362,24.232802000000003,25.465988999999997
38,1,77,0.334,0.817185445,931.611715909091,23.907123363636366
39,1,79,0.538,0.7443895017,71.48311266666667,29.347470777777783
40,1,81,0.269,0.8693482868,1440.3451812222222,20.989433407407407
41,1,83,0.427,0.8915819195,426.239251375,27.056020625
42,1,85,0.628,0.6462388849,16.0582375,37.452003500000004
43,1,87,0.375,0.7586351559,384.8769656916666,25.72301825
44,1,89,0.269,0.9130664927,1593.7759040547946,21.459085945205477
45,1,91,0.382,0.7646749836,37.67443995,28.571047500000002
46,1,93,0.305,0.7657715652,45.299227,24.07612275
47,1,95,0.346,0.8942246197,312.75224605555553,25.301209055555557
48,1,97,0.365,0.8388481499,1970.4541276842106,25.213427833333334
49,1,99,0.321,0.6875338021,30.26717785714286,26.806012142857146
50,1,101,0.223,0.8895412238,1862.9129223999998,21.66528870769231
51,1,103,0.367,0.8317607483,1105.0955924074074,23.807906222222226
52,1,105,0.452,0.7145539906,15.184425966666666,34.79966
53,1,107,0.599,0.7553987907,25.7580578,31.0896506
54,1,109,0.208,0.8047600159,106.2876295,24.87567275
55,1,111,0.427,0.8067272926,47.51461016666667,31.726270333333332
56,1,113,0.338,0.7745543222,1104.2708685384616,25.729051692307692
57,1,115,0.565,0.9033268556,246.53234330769232,33.42714915384615
58,1,117,0.514,0.9355726228,869.5811053833332,30.137589083333335
59,1,119,0.437,0.7655823715,14.583279525,27.85280325
60,1,121,0.364,0.8606220925,431.65644990909095,25.58032977272727
61,1,123,0.381,0.8204012569,101.6234554,26.661947000000005
62,1,125,0.286,0.8747150271,1576.1385186595744,22.16757259574468
63,1,127,0.455,0.8172523447,144.76339661111112,34.91580444444444
64,1,129,0.55,0.7941176471,17.63748934,35.188053000000004
65,1,131,0.531,0.7303005686,15.1663309,34.548089
66,1,133,0.441,0.7780874786,56.61248071428572,27.780129714285717
67,2,13,0.0,0.5801603206,0.44987479,7.8330126
68,2,16,0.008,0.7748208802,2.1866198050000003,9.38943075
69,2,20,0.148,0.9428375422,3846.983954447273,20.59068801818182
70,2,50,0.006,0.8064792963,9.434397537333334,9.160137266666666
71,2,60,0.037,0.8056537102,1.9787911,11.656827
72,2,68,0.255,0.818011257,0.14319983,16.680338
73,2,70,0.005,0.8011569053,7.593779254999999,10.9081573
74,2,90,0.181,0.9058215391,1289.6077250105263,18.596898736842103
75,2,100,0.111,0.8120133482,1.0816872,13.785543
76,2,105,0.204,0.6540130152,34.333833615,16.7464755
77,2,110,0.076,0.9332470696,608.8443618666666,16.992732333333333
78,2,122,0.204,0.8686302401,81.98555654015384,21.699560230769233
79,2,130,0.067,0.9005515033,529.032945475,16.34908025
80,2,150,0.024,0.9175347222,566.228656572,11.65026264
81,2,158,0.0,0.8064516129,,
82,2,164,0.026,0.7422360248,0.068958201,8.822896
83,2,170,0.422,0.9207953228,282.7821174608333,37.73839879166667
84,2,180,0.0,0.8348887294,2.68461912,7.574637149999999
85,2,185,0.072,0.7074829932,14.638671156333332,7.166064733333333
86,2,188,0.0,0.882773803,6.3185685,9.279510049999999
87,2,195,0.0,0.86656558,1.1624074,12.467145
88,2,198,0.115,0.7751277683,7.467671575,18.9317155
89,2,220,0.019,0.8972309449,404.41871195000004,13.176464
90,2,230,0.003,0.8957871397,2.1400542,9.6618624
91,2,240,0.109,0.7914322804,0.42125657,15.740338000000001
92,2,261,,,0.5277730233333333,13.423946666666666
93,2,270,,,0.43667296,7.2296596
94,2,275,0.023,0.8881578947,0.93213296,12.276658
95,2,282,0.0,0.8212560386,0.086542092,10.967154
96,2,290,0.102,0.5334484247,0.03867867425,10.338025575
97,4,1,0.45,0.5330984882,65.79246846250001,27.6793576875
98,4,3,0.254,0.8613202314,1000.0279698125,21.41216134375
99,4,5,0.155,0.8305432311,1073.6012158528572,21.14169382142857
100,4,7,0.22,0.8069496409,179.41369555,22.383964125
101,4,9,0.242,0.8407704655,635.9001965444445,23.302371444444443
102,4,11,0.207,0.868757259,10.717280733333332,22.640888333333333
103,4,12,0.148,0.7570608754,231.52674468888893,18.270011
104,4,13,0.378,0.9206471059,4440.827014181714,28.504091927552142
105,4,15,0.18,0.8672638521,1184.7753313302326,21.463452069767442
106,4,17,0.34,0.7134359603,137.35730042903225,25.395070419354838
107,4,19,0.34,0.9090552597,3061.455650039834,25.67127100414938
108,4,21,0.544,0.917159161,1372.3923599920001,30.48089992
109,4,23,0.245,0.8426498573,878.53330904,21.3175688
110,4,25,0.274,0.9036179982,732.3768558071429,23.206313238095237
111,4,27,0.228,0.8649597545,2477.0397414083636,21.046631809433965
112,5,1,0.22,0.809625019,146.60409566250001,18.861002
113,5,3,0.273,0.7967773302,92.19692322857144,21.298441
114,5,5,0.141,0.8549950749,255.9930966666667,18.659972222222223
115,5,7,0.235,0.9301921666,922.7406253265306,20.83058006122449
116,5,9,0.22,0.8783482143,320.21913685714287,20.20533057142857
117,5,11,0.303,0.7761111111,40.40445964,23.634953799999998
118,5,13,0.306,0.803030303,8.5704155,26.336851
119,5,15,0.259,0.8565640194,82.2156878,20.8203594
120,5,17,0.279,0.7757080888,82.560256,19.54975225
121,5,19,0.26,0.8055726034,475.7293612,20.5908804
122,5,21,0.376,0.7871157619,127.21563616666667,22.583703166666666
123,5,23,0.4,0.8278829604,114.55698371428572,29.29585414285714
124,5,25,0.53,0.7905477981,14.664469,32.8940705
125,5,27,0.262,0.7875852171,345.27980740000004,19.9701506
126,5,29,0.43,0.7959773576,69.78354533333334,25.771667166666663
127,5,31,0.167,0.8743224854,1061.2473187647058,19.476996529411764
128,5,33,0.269,0.8521353397,513.7021538181818,24.78507690909091
129,5,35,0.324,0.8409313993,1494.48756779,23.72422435
130,5,37,0.318,0.816370325,208.8843931,25.061933166666666
131,5,39,0.357,0.7204123711,67.93048186666667,26.43462866666667
132,5,41,0.214,0.7433684211,33.88206874,20.443328
133,5,43,0.242,0.7925471159,82.85403812,21.8184418
134,5,45,0.402,0.926820284,943.56037596,26.360315319999998
135,5,47,0.388,0.7646118058,45.44148166666667,27.81245366666667
136,5,49,0.433,0.6909317804,20.1261705,27.295763
137,5,51,0.25,0.8317033042,743.4988905,22.075886349999998
138,5,53,0.548,0.8552120776,93.98344175,33.1884575
139,5,55,0.3,0.8552382015,438.97526666666664,20.217026444444443
140,5,57,0.318,0.7621411323,246.0767026,21.3630328
141,5,59,0.462,0.7758036526,240.67565100000002,28.12227814285714
142,5,61,0.278,0.7707486941,210.43652213333334,20.126625333333333
143,5,63,0.178,0.7468825353,131.674655375,21.111234250000003
144,5,65,0.421,0.7063855182,26.941985,27.00640925
145,5,67,0.294,0.7732195602,97.88665160000001,23.2793206
146,5,69,0.238,0.7850743815,1104.0825205125,22.724105541666663
147,5,71,0.181,0.7016024684,136.56399633333334,20.689371333333334
148,5,73,0.47,0.6700468019,18.96556725,27.5382995
149,5,75,0.434,0.8215006991,144.74079736666667,24.709147333333334
150,5,77,0.295,0.8084059069,84.7284375,24.97229175
151,5,79,0.394,0.6273450824,74.032875,25.96041925
152,5,81,0.493,0.7872651357,29.536675,26.26190425
153,5,83,0.402,0.7884252711,138.03318099999998,26.472892666666667
154,5,85,0.479,0.8828054787,392.90626137500004,28.482508875
155,5,87,0.527,0.8865381602,39.33308875,34.99775175
156,5,89,0.392,0.8625274123,39.0357645,26.891272
157,5,91,0.246,0.8203666238,1301.9470599166666,20.3988415
158,5,93,0.254,0.8273844353,302.06318358333334,20.15738025
159,5,95,0.425,0.7548776162,18.897872066666665,22.737922666666666
160,5,97,0.496,0.7689232409,13.762775833333334,29.277062666666666
161,5,99,0.41,0.6863609641,17.175264833333333,27.592673333333334
162,5,101,0.623,0.7845195146,12.39804495,36.602642
163,5,103,0.207,0.8023282887,288.3162693333333,22.362041666666666
164,5,105,0.591,0.79609375,23.693052466666668,36.967407
165,5,107,0.199,0.7920375465,223.98924956666667,21.56408233333333
166,5,109,0.434,0.7776699029,19.999208666666664,27.519824333333332
167,5,111,0.414,0.7960358764,212.9897319714286,23.652909857142856
168,5,113,0.187,0.786276002,61.273816333333336,21.59064383333333
169,5,115,0.218,0.8327586923,487.96765905454544,21.500013272727273
170,5,117,0.43,0.724317694,13.611039333333332,27.942611
171,5,119,0.208,0.8755879211,1930.4886261421054,22.39863687368421
172,5,121,0.314,0.7687738651,165.62608175,22.570648
173,5,123,0.253,0.811699023,273.99276783333335,23.367634166666665
174,5,125,0.426,0.878037468,572.5898062380953,28.53673942857143
175,5,127,0.39,0.7501909855,90.67168006666668,24.932225666666668
176,5,129,0.423,0.74836173,14.0102306,32.28755566666667
177,5,131,0.179,0.8379049489,1756.8533261153848,19.83294696153846
178,5,133,0.327,0.7867298578,236.2506625,23.54257875
179,5,135,0.378,0.7414096916,53.863161000000005,27.437935
180,5,137,0.421,0.7033454252,22.652150333333335,27.220329666666668
181,5,139,0.225,0.813553719,412.8125612,19.1118406
182,5,141,0.392,0.7932536894,40.3617644,31.8542168
183,5,143,0.236,0.8906218903,1473.22341659375,21.510114
184,5,145,0.31,0.8558300225,312.9252133076923,24.325042076923076
185,5,147,0.341,0.6236832546,12.291656499999998,19.1270465
186,5,149,0.321,0.7802061344,94.76931881666667,23.820896166666667
187,6,1,0.468,0.93499259,10187.868634880555,32.75608401666667
188,6,3,0.608,0.8689217759,1.5914251,18.927351
189,6,5,0.454,0.8794970746,111.16165555555555,29.407162111111106
190,6,7,0.241,0.9073774971,2133.910012627451,21.994942882352944
191,6,9,0.516,0.8555623848,65.53238164,32.8301667
192,6,11,0.353,0.8293597643,29.32588568,22.6625892
193,6,13,0.51,0.9530269979,4883.488351850242,36.602914178743966
194,6,15,0.124,0.9025049371,1057.9227616,17.174855
195,6,17,0.393,0.9236387168,969.238328685,31.03680890476191
196,6,19,0.26,0.871521559,4147.243936499498,23.493803487437187
197,6,21,0.322,0.9045375397,383.0747410166667,22.572191833333335
198,6,23,0.186,0.9045883596,1231.4511757966668,19.440033333333336
199,6,25,0.238,0.8817869134,3007.878338294516,21.61272283870968
200,6,27,0.19,0.8273381295,327.414690465,16.690377333333334
201,6,29,0.254,0.8978700571,3580.0884666172187,24.4103224527027
202,6,31,0.315,0.8777894641,2636.8546842185187,21.87443236
203,6,33,0.429,0.8496813837,663.2138017133333,29.141177799999998
204,6,35,0.163,0.872406181,191.43812783777776,21.85350222222222
205,6,37,0.489,0.9168578519,13089.723405784856,31.331939549677422
206,6,39,0.425,0.900613304,2277.1285220913046,27.427691739130434
207,6,41,0.413,0.9508241199,5920.490821272728,34.29190536363637
208,6,43,0.424,0.8415169661,18.0005034,31.530813
209,6,45,0.261,0.8704657217,684.73254172,21.2495531
210,6,47,0.354,0.8809290231,2503.7168755204084,24.986743693877553
211,6,49,0.267,0.8268995098,83.38304205,15.901089975
212,6,51,0.167,0.9108857091,43.0880329,20.26721566666667
213,6,53,0.321,0.9309861715,5749.452504551613,24.293406764130435
214,6,55,0.349,0.9302901556,3486.9369957675,26.08702545
215,6,57,0.311,0.9175602417,473.19286929500004,26.856781050000002
216,6,59,0.401,0.9437530591,8188.233879991409,28.974803613402063
217,6,61,0.388,0.9356268739,2427.6782422857145,27.786024226190474
218,6,63,0.263,0.834761018,20.975476371428574,22.14138385714286
219,6,65,0.489,0.9272192004,3847.608834328477,31.619125960264903
220,6,67,0.387,0.9327887115,5284.2075743886435,26.67018949526814
221,6,69,0.513,0.9429859322,2911.6097109727275,34.67079418181818
222,6,71,0.449,0.9214840031,4603.788591582494,31.761034040871937
223,6,73,0.373,0.9424368567,7066.995082485487,26.98733906937799
224,6,75,0.476,0.9231380119,29373.325344387755,32.75065587692308
225,6,77,0.415,0.9128112921,5184.239260164749,29.434388323741008
226,6,79,0.241,0.9243138011,2157.6960866679246,21.244578547169812
227,6,81,0.386,0.9523681663,8330.915059980893,28.603475096153844
228,6,83,0.214,0.9212271751,5598.880209174506,20.839840494382024
229,6,85,0.387,0.9509234232,8251.388910181451,28.011941717741934
230,6,87,0.377,0.9354412478,4037.203843576923,29.53677226923077
231,6,89,0.153,0.8952191737,1225.5749450291667,21.11241766666667
232,6,91,0.409,0.7404643449,3.3990269,29.389778
233,6,93,0.237,0.8634368223,156.73092662142858,19.303471978571427
234,6,95,0.448,0.9314826701,4681.548407811458,32.9623328
235,6,97,0.321,0.9402513412,3233.9114209909094,27.989730252525252
236,6,99,0.371,0.9099837354,4415.172402351063,26.79424719148936
237,6,101,0.347,0.8846269555,2407.960652914286,26.55874076190476
238,6,103,0.331,0.8612085134,424.1929570909091,23.242804909090907
239,6,105,0.35,0.7924809231,4.95235802,24.9312754
240,6,107,0.282,0.8784377508,2819.2347567987176,22.91787864935065
241,6,109,0.321,0.8818448858,1377.0720753818182,26.972540700000003
242,6,111,0.321,0.930942833,5019.130421078382,26.835943791907514
243,6,113,0.309,0.9173669102,4700.102994195122,21.955325463414635
244,6,115,0.482,0.9148344796,1727.5736652857142,27.901833571428572
245,8,1,0.482,0.9212927921,4454.814888257732,29.283712385416667
246,8,3,0.112,0.897108067,268.24107025,16.17423475
247,8,5,0.404,0.9420969711,4984.326560068027,27.79332980952381
248,8,7,0.196,0.8929539295,50.558078775,22.006286
249,8,9,0.135,0.8229755179,2.426278845,15.415905
250,8,11,0.303,0.8336,4.2958341,19.280109
251,8,13,0.305,0.9495600089,3475.038960886765,23.861133955882355
252,8,14,0.412,0.9598331231,2768.745353888889,29.016273
253,8,15,0.187,0.8648178358,361.93711451999997,16.748314
254,8,17,0.201,0.8881491345,1.0324607,14.182566
255,8,19,0.52,0.9206560284,105.05521566666665,31.826166666666666
256,8,21,0.402,0.8039845758,10.2279228,23.513236
257,8,23,0.383,0.834815756,2.8694277,24.0568205
258,8,25,0.438,0.8102025506,7.3950272,23.452829
259,8,27,0.589,0.8043300654,5.760704,27.026737
260,8,29,0.344,0.798940544,59.863845142857144,23.40194414285714
261,8,31,0.368,0.9221125196,7099.445307736111,25.921414716312057
262,8,33,0.277,0.7439418417,1.934303,26.441216
263,8,35,0.412,0.9766252847,2385.1874213,31.60953137704918
264,8,37,0.27,0.9505523409,120.64959065714287,22.968998642857144
265,8,39,0.745,0.9421145283,54.057024642857144,43.58955099999999
266,8,41,0.291,0.9442604194,3334.5422632484615,23.470646753846154
267,8,43,0.273,0.8427239333,1019.8152680000001,25.997690000000002
268,8,45,0.447,0.9219799749,198.30787793636364,30.97783436363636
269,8,47,0.524,0.8940182055,36.2985,37.176506
270,8,49,0.323,0.9275541796,13.5151412,23.78896966666667
271,8,51,0.265,0.9330633936,277.7802230475,20.98743775
272,8,53,0.036,0.9365750529,0.75453055,17.509914
273,8,55,0.322,0.7771509168,40.126016050000004,22.1134045
274,8,57,0.053,0.832807571,0.86384094,14.972266
275,8,59,0.411,0.944123884,3466.2197959782607,29.226185525547443
276,8,61,0.219,0.8449477352,0.79082823,18.269806
277,8,63,0.16,0.8874399451,3.821631066666667,16.125239
278,8,65,0.39,0.8942210206,169.59255085,40.790127
279,8,67,0.277,0.8820258621,503.54189329999997,21.272907699999998
280,8,69,0.296,0.9270770794,2714.209608958904,22.642066726027398
281,8,71,0.199,0.8536039397,274.54194965,20.490734333333332
282,8,73,0.26,0.7736040609,5.1094139,19.6438485
283,8,75,0.136,0.8553019146,149.3655385333333,18.326112666666667
284,8,77,0.109,0.919143729,2071.165982148276,18.988835689655172
285,8,79,0.174,0.9193548387,0.81309539,17.151352
286,8,81,0.231,0.8589477654,708.318667505,26.30869725
287,8,83,0.202,0.8207054512,225.22290734285716,22.482518142857142
288,8,85,0.181,0.8489930972,560.10730794,22.2284257
289,8,87,0.24,0.9081845373,747.63834525,20.511187749999998
290,8,89,0.199,0.8537223603,432.15414719999995,20.422343
291,8,91,0.417,0.9200477327,8.1906519,25.369125
292,8,93,0.685,0.9125133183,16.123614,45.4059252
293,8,95,0.193,0.8154922001,6.2885752,15.798960999999998
294,8,97,0.296,0.9241501495,137.68530185,18.0348525
295,8,99,0.124,0.8345749343,659.6512868,16.63374
296,8,101,0.236,0.8651203256,2606.7758114654544,22.319766660377358
297,8,103,0.176,0.9439505218,2.1103015999999997,17.8316425
298,8,105,0.232,0.8072337043,257.0055304,19.831176
299,8,107,0.257,0.9191072606,65.4331644875,21.602553375
300,8,109,0.324,0.856792395,4.3948066,21.0904435
301,8,111,0.14,0.8342541436,1.8039268,18.558823
302,8,113,0.223,0.883941971,53.776116775,21.252867
303,8,115,0.25,0.865,4.3409162,16.948336
304,8,117,0.226,0.9710051025,55.694523000000004,17.205457000000003
305,8,119,0.531,0.9221540922,172.87485555,29.946334166666663
306,8,121,0.259,0.8666666667,2.3915464,21.437445500000003
307,8,123,0.437,0.9187961906,2089.110590487013,25.179705246753244
308,8,125,0.192,0.8961334344,4.3605149,15.945936
309,9,1,,,5136.887872,29.605913038095238
310,9,3,,,4261.775080084822,23.36061657657658
311,9,5,,,910.8990779607843,27.55489507843137
312,9,7,,,1511.8663727777778,25.546527527777776
313,9,9,,,4278.766361375661,24.2118585026455
314,9,11,,,1643.608174476923,23.32410586153846
315,9,13,,,1339.8028386551723,26.97967189285714
316,9,15,,,1033.0812598,27.4845026
317,10,1,0.349,0.9042582045,1017.3872733125,23.80380209375
318,10,3,0.324,0.923473713,4624.197001538461,25.336534263565895
319,10,5,0.388,0.8995281602,428.5693131509434,24.942528490566037
320,11,1,0.487,0.9016780903,16133.188992201116,32.99451576966292
321,12,1,0.248,0.8771458466,2413.132785357143,21.983379785714284
322,12,3,0.535,0.8842654239,107.78387025,34.1293385
323,12,5,0.34,0.9152237316,1528.169821116279,21.49055330232558
324,12,7,0.509,0.8812609842,144.5079735,29.90020225
325,12,9,0.343,0.9206912569,2208.3150521486723,25.22083719642857
326,12,11,0.455,0.9094561846,5896.226530660435,28.75117558171745
327,12,13,0.52,0.8534054054,32.05551,30.037121666666668
328,12,15,0.353,0.9088765794,1369.0532250263159,24.491706315789475
329,12,17,0.384,0.8929570594,552.3462743333333,27.25038062962963
330,12,19,0.569,0.9440047947,1318.81343554,35.11300873333333
331,12,21,0.346,0.9174659812,2288.6392801643833,23.60185397260274
332,12,23,0.311,0.8681886228,362.2603126666666,25.62382775
333,12,27,0.414,0.818426043,326.9214487777778,30.242102888888887
334,12,29,0.229,0.7363784666,48.0192198,29.979526000000003
335,12,31,0.349,0.8991210424,2918.39426583237,26.45807061849711
336,12,33,0.299,0.8996663861,1875.027468140845,23.904914929577462
337,12,35,0.418,0.8594520439,1204.3850848,26.32466945
338,12,37,0.196,0.8790158601,36.94514025,20.580999
339,12,39,0.551,0.7492872308,116.03324344444445,31.23280733333333
340,12,41,0.504,0.8092000579,53.920224600000005,33.9949778
341,12,43,0.456,0.7839912281,17.005307333333334,27.44958533333333
342,12,45,0.374,0.8713793103,35.43255733333333,26.348665999999998
343,12,47,0.398,0.7706422018,26.730998,25.689768666666666
344,12,49,0.385,0.8121011291,76.09100600000001,28.125785166666663
345,12,51,0.41,0.8298909925,295.1481701666667,28.08889716666667
346,12,53,0.448,0.9106575288,1313.875235659091,30.23326025
347,12,55,0.243,0.8467448795,618.6965314248148,23.311222576923075
348,12,57,0.47,0.931233092,3200.4502717428527,27.41918441772152
349,12,59,0.554,0.7597008607,50.05251749999999,33.093216749999996
350,12,61,0.266,0.8843164085,1291.3453692,20.99079468965517
351,12,63,0.466,0.8047892945,76.83697063636363,25.570107363636364
352,12,65,0.577,0.7383259912,40.638718,30.500943666666668
353,12,67,0.541,0.855288278,27.117313499999998,25.1551245
354,12,69,0.496,0.9130641986,1010.7405857321429,27.97084589285714
355,12,71,0.444,0.9127439078,1729.2750905602409,26.693743446666666
356,12,73,0.219,0.9070131678,2485.5346637941175,22.732797588235293
357,12,75,0.511,0.7728081887,64.1854549,30.456927333333333
358,12,77,0.554,0.7928739233,11.171705150000001,35.6466905
359,12,79,0.394,0.7299426934,74.732522,25.252787
360,12,81,0.415,0.9078063429,2592.8403583846157,24.96141751282051
361,12,83,0.374,0.902919973,798.3747230634921,27.16997618032787
362,12,85,0.426,0.9096431731,1713.7596999411765,25.88955511764706
363,12,86,0.523,0.8697032043,10624.377170887645,31.46914094509804
364,12,87,0.213,0.8804215998,1983.0933575089334,19.604415206666665
365,12,89,0.544,0.9435086062,479.20866133333334,29.06345616666667
366,12,91,0.36,0.9201288589,2074.5699040731706,23.146440975609757
367,12,93,0.36,0.8300520182,372.94596858181814,28.648359363636363
368,12,95,0.455,0.9298182183,3617.434499262136,27.927586975728154
369,12,97,0.623,0.9175655616,1979.3543837487803,29.51125348780488
370,12,99,0.384,0.9013186434,3854.9179939882733,26.641050312312313
371,12,101,0.518,0.8979900809,2067.8912375263158,31.49139778195489
372,12,103,0.344,0.8940228049,4314.38041897541,24.952100663934427
373,12,105,0.446,0.8820826842,1456.7414049932468,26.770854961038964
374,12,107,0.476,0.8408809135,277.9179621764706,30.372970875
375,12,109,0.437,0.9420088765,1152.0424542820513,27.211430564102564
376,12,111,0.45,0.9128760255,1873.7685375454546,27.236494279069767
377,12,113,0.514,0.9288421053,789.4957813599999,29.51290476
378,12,115,0.34,0.9173637368,2504.6192101382976,22.684018382978724
379,12,117,0.415,0.938941509,2895.1632044186044,28.351980837209304
380,12,119,0.404,0.9060814747,851.7401093347369,27.991154777777776
381,12,121,0.405,0.8512237425,71.57283942857143,28.45633385714286
382,12,123,0.211,0.8127063796,79.01184500000001,21.412729499999998
383,12,125,0.551,0.8971851145,63.485747,29.89670166666667
384,12,127,0.38,0.897782608,2013.682490318584,26.295858849557522
385,12,129,0.596,0.8949700501,92.0087605,35.998662
386,12,131,0.412,0.9037937475,186.8271177272727,31.552616545454544
387,12,133,0.628,0.8400129282,65.23042485714286,29.609410999999998
388,13,1,0.292,0.7218985363,64.75195972,26.1372298
389,13,3,0.393,0.7870805895,22.774816666666666,25.568195333333335
390,13,5,0.356,0.8168452529,51.143214,24.082329333333334
391,13,7,0.402,0.578994614,9.95814485,29.8225165
392,13,9,0.348,0.8689891135,654.3265462222222,20.666846333333336
393,13,11,0.54,0.8445557684,80.93621250000001,31.58740225
394,13,13,0.587,0.926536782,550.9989722222222,34.90143311111111
395,13,15,0.444,0.845577854,418.8572997333333,32.02479746666667
396,13,17,0.191,0.7236805362,286.7514632,20.000608399999997
397,13,19,0.256,0.8038075861,47.490489333333336,23.596844333333333
398,13,21,0.239,0.8533201521,1696.5224323636364,23.023825795454545
399,13,23,0.472,0.7179547046,85.48033733333334,26.587689666666666
400,13,25,0.555,0.7555653193,43.978417666666665,35.03021366666667
401,13,27,0.376,0.7062062062,41.42906000000001,25.1835064
402,13,29,0.634,0.9178307313,317.20685599999996,32.856806999999996
403,13,31,0.313,0.8609129343,842.1365760833334,23.241651666666666
404,13,33,0.482,0.8284049687,31.370331116666666,30.467302333333333
405,13,35,0.478,0.858073363,143.66467033333333,32.689349666666665
406,13,37,0.402,0.7692307692,27.1515185,28.3992945
407,13,39,0.374,0.8956906393,292.0585426,23.964942
408,13,43,0.259,0.8075543868,44.806846666666665,24.706714
409,13,45,0.42,0.8839855039,431.5139740588235,29.97183105882353
410,13,47,0.338,0.8827422625,750.3326818181818,24.92162872727273
411,13,49,0.374,0.8186490455,14.58771825,36.8046935
412,13,51,0.286,0.9148447262,2974.7462789063384,23.28442379710145
413,13,53,0.097,0.8418555614,532.8789308600001,15.904214999999999
414,13,55,0.389,0.8283745351,147.18060549999998,26.78662033333333
415,13,57,0.552,0.949330186,1190.1471626923076,36.46467969230769
416,13,59,0.198,0.9146618415,2258.9676200000004,19.413966133333336
417,13,61,0.279,0.7557251908,16.291246,26.668814
418,13,63,0.538,0.8998447352,2548.8680892,31.386426775510202
419,13,65,0.362,0.7198380567,10.69050125,21.5216275
420,13,67,0.502,0.9586108176,2540.8169912500002,33.23151918333333
421,13,69,0.129,0.8268050659,152.69738144444443,21.809516
422,13,71,0.289,0.8107931219,414.4864202,22.8823836
423,13,73,0.371,0.9072442064,1300.4881145499999,27.063673299999998
424,13,75,0.37,0.7615056144,78.17649,21.88038625
425,13,77,0.48,0.9193705914,557.91935545,31.480049150000003
426,13,79,0.613,0.7665148064,42.34183433333333,33.87178433333333
427,13,81,0.148,0.7322370073,196.81585733333335,20.2168195
428,13,83,0.453,0.8455810942,95.9878085,28.5411675
429,13,85,0.542,0.9180191811,165.274448,35.59464
430,13,87,0.222,0.7207370632,144.98988828571427,24.990813857142857
431,13,89,0.499,0.9225238073,3634.2416826896556,32.85764626388889
432,13,91,0.375,0.7213459516,50.44868283333333,27.990691333333334
433,13,93,0.411,0.662158714,37.05711566666667,23.51714133333333
434,13,95,0.163,0.8034130688,1379.5394202592593,19.84589288888889
435,13,97,0.549,0.9299752625,1036.2987735,34.6165559
436,13,99,0.236,0.6084590651,24.137374,24.451516599999998
437,13,101,0.479,0.6807278743,16.67407535,27.615215499999998
438,13,103,0.539,0.8189768627,183.4557552,32.655779100000004
439,13,105,0.35,0.7708914494,212.72758119999997,22.5193354
440,13,107,0.351,0.826902141,38.948079166666666,25.077364666666668
441,13,109,0.372,0.7881836945,68.65479266666667,24.050488
442,13,111,0.287,0.8831969017,90.4759548,32.174504400000004
443,13,113,0.531,0.9482470402,759.104187,32.523032549999996
444,13,115,0.279,0.8701755342,762.8354448,23.712127950000003
445,13,117,0.477,0.9724183278,987.9739835555555,35.19456026666667
446,13,119,0.381,0.7997492592,104.4159682,26.9847598
447,13,121,0.397,0.9244764532,3857.630561127451,30.798210666831686
448,13,123,0.405,0.8841579448,98.15074200000001,32.433119999999995
449,13,125,0.599,0.6266794626,21.44149,34.823387
450,13,127,0.191,0.8530252708,900.2814771333334,20.1069888
451,13,129,0.326,0.8199222686,426.2076553333333,24.017563000000003
452,13,131,0.374,0.8314305569,81.090858,27.387857166666663
453,13,133,0.371,0.8474381851,57.904922428571425,26.505080999999997
454,13,135,0.544,0.9322104246,2737.8607736283184,34.15570668141593
455,13,137,0.38,0.8776171486,238.724262625,24.872898125
456,13,139,0.381,0.9313107784,862.6881266666667,28.431410361111112
457,13,141,0.516,0.595371669,19.047076,34.122242
458,13,143,0.45,0.838748914,115.2764236,32.8709544
459,13,145,0.386,0.865078737,76.9920062,30.2909784
460,13,147,0.339,0.8435929052,106.47186940000002,22.028844
461,13,149,0.649,0.7438968217,41.380452999999996,38.35932066666667
462,13,151,0.535,0.9241047125,944.9740704,34.576016960000004
463,13,153,0.28,0.9185623733,1440.8465652608695,21.50608652173913
464,13,155,0.332,0.7852348993,25.246779,23.7099735
465,13,157,0.53,0.9152580071,200.5215082727273,30.35856881818182
466,13,159,0.607,0.80110117,39.606275000000004,37.497688333333336
467,13,161,0.292,0.7518628912,58.62499333333333,23.811361333333334
468,13,163,0.48,0.7934224049,32.5040745,28.580337999999998
469,13,165,0.353,0.7104662537,22.7231595,25.684799499999997
470,13,167,0.492,0.8034003091,36.079065333333325,29.981702000000002
471,13,169,0.494,0.8791198589,155.18280516666667,28.373868
472,13,171,0.478,0.8377142857,108.27020233333333,29.356880333333333
473,13,173,0.417,0.8619988379,53.5105475,28.2266455
474,13,175,0.241,0.8211548006,363.62289792307695,24.810562615384615
475,13,177,0.264,0.8948160535,202.4887048,23.6092152
476,13,179,0.339,0.9305733573,911.808388,23.974515071428574
477,13,181,0.428,0.6115591398,38.0586335,33.960354
478,13,183,0.408,0.8975325565,26.926405666666668,30.4651365
479,13,185,0.169,0.8117654915,1456.54440616,19.53554216
480,13,187,0.414,0.9075962722,123.57381050000001,30.86190075
481,13,189,0.325,0.7495782116,138.33339619999998,24.544268199999998
482,13,191,0.598,0.8285953177,29.601562,29.59231133333334
483,13,193,0.421,0.7236775819,39.4922345,26.6936425
484,13,195,0.432,0.8699403396,110.43010183333332,28.193235833333333
485,13,197,0.624,0.7176271186,23.983906,33.2380495
486,13,199,0.62,0.8084455324,53.4194095,31.18527375
487,13,201,0.347,0.6345688961,26.565130333333332,23.34902866666667
488,13,205,0.394,0.776985616,47.562289199999995,24.5606494
489,13,207,0.388,0.8795932073,88.4715064,29.1317092
490,13,209,0.324,0.8063555114,38.54264,26.753725666666668
491,13,211,0.417,0.8619273707,50.6563958,27.036628999999998
492,13,213,0.402,0.8438196356,207.99972,25.518597625
493,13,215,0.175,0.8736104218,2501.086806584906,21.083781538461537
494,13,217,0.525,0.9369371592,693.1075061538462,31.984649384615388
495,13,219,0.216,0.9466068881,231.51471666666666,26.162242666666668
496,13,221,0.526,0.7901564288,44.03071075,33.031644
497,13,223,0.66,0.9486076986,725.4555071578947,41.32465973684211
498,13,225,0.301,0.8457798522,194.9432396666667,25.36342433333333
499,13,227,0.481,0.9174965528,148.8515925,35.23858433333333
500,13,229,0.323,0.7965581644,63.158955750000004,28.15110275
501,13,231,0.537,0.8142966949,82.91772125,33.406231
502,13,233,0.421,0.851039261,157.2345344285714,31.078871999999997
503,13,235,0.37,0.6769183922,55.22674800000001,24.437224666666665
504,13,237,0.445,0.8524768107,69.6141076,27.959968200000002
505,13,239,0.281,0.6342245989,16.616304,26.643261
506,13,241,0.284,0.8885139885,44.5676692,24.6363116
507,13,243,0.331,0.810892587,17.721056400000002,26.547171499999997
508,13,245,0.235,0.8578036069,1927.8445082978724,23.144522425531918
509,13,247,0.578,0.9109514414,984.1548066666668,31.9424262
510,13,249,0.428,0.803318992,30.0144795,26.607731
511,13,251,0.487,0.8158723494,26.144470419999998,31.417414199999996
512,13,253,0.353,0.6500544662,65.95026633333333,24.825526
513,13,255,0.429,0.8508008291,627.30403525,28.832686583333338
514,13,257,0.267,0.8162709225,304.26120099999997,21.183422
515,13,259,0.486,0.6662870159,14.179753999999999,29.790577
516,13,261,0.277,0.8484513274,393.29185675,20.648232125
517,13,263,0.649,0.7164296998,17.899170333333334,34.005840666666664
518,13,265,0.485,0.6692546584,8.8228645,31.177885
519,13,267,0.348,0.7896967289,57.65614000000001,27.634864800000003
520,13,269,0.477,0.7425677883,26.274131333333333,30.793816333333336
521,13,271,0.278,0.7524815882,44.343370666666665,27.141579333333336
522,13,273,0.448,0.7713859911,50.837714025000004,24.5633725
523,13,275,0.211,0.8423975176,344.0850890909091,22.05553590909091
524,13,277,0.205,0.7393990091,432.0487121111111,19.197878555555558
525,13,279,0.295,0.8191962082,179.89157333333335,22.534552166666668
526,13,281,0.28,0.8754081457,75.01828866666666,27.748480333333333
527,13,283,0.489,0.7316861725,33.0232595,28.2677235
528,13,285,0.266,0.8606894974,549.1212657857143,22.4565385
529,13,287,0.384,0.6989084294,33.0967915,22.116478999999998
530,13,289,0.454,0.7276237276,25.354061,30.4541075
531,13,291,0.22,0.8833091173,81.7229235,27.13091233333333
532,13,293,0.387,0.8321287463,220.8886572857143,26.422538
533,13,295,0.411,0.8597456171,469.1267693846154,27.504423307692306
534,13,297,0.558,0.9035506852,393.80570466666666,35.64853366666667
535,13,299,0.19,0.7239235194,784.9802153333334,21.15009977777778
536,13,301,0.387,0.6188094047,24.0133085,28.013367499999998
537,13,303,0.27,0.8054180418,49.11241998,24.747541000000002
538,13,305,0.363,0.8362154821,209.24327833333334,26.422332
539,13,307,0.495,0.7114252061,13.391268,25.8857735
540,13,309,0.505,0.7741100324,26.4255465,29.686141
541,13,311,0.437,0.8667242372,132.8287502,30.9747588
542,13,313,0.236,0.8718318052,849.8392186666666,21.545047444444446
543,13,315,0.367,0.7168530351,24.457218500000003,27.57686825
544,13,317,0.446,0.614654333,22.83720775,23.883072
545,13,319,0.437,0.7756199582,28.166807699999996,30.210037999999997
546,13,321,0.473,0.7421279837,50.8085504,26.854324199999997
547,15,1,0.391,0.8961594342,747.4883195545455,26.131511666666665
548,15,3,0.429,0.9153892025,11712.349968080249,28.821300121008402
549,15,5,0.0,0.9545454545,7.5056291,14.413794
550,15,7,0.324,0.9382910718,412.8880459642857,21.795327142857143
551,15,9,0.322,0.8870145084,2083.1845092285716,22.83574523529412
552,16,1,0.229,0.9441128622,2951.72257140678,20.722364372881355
553,16,3,0.221,0.7716894977,3.3817424000000003,21.52466
554,16,5,0.132,0.874805039,1978.9942263727273,18.36397177272727
555,16,7,0.378,0.8960138648,6.17687415,22.154379
556,16,9,0.301,0.8283056812,11.976147000000001,19.747877
557,16,11,0.264,0.8950590293,136.81206405,21.75745125
558,16,13,0.206,0.9548971696,16.8783649,18.55302775
559,16,15,0.636,0.9015323496,3.7004333,39.824188
560,16,17,0.335,0.8736670238,362.7314396111111,28.35591111111111
561,16,19,0.148,0.9245931117,2093.564860938095,21.03724461904762
562,16,21,0.238,0.8926577042,10.725741,22.717027
563,16,23,0.249,0.8761061947,1.2954441,22.484753
564,16,25,0.675,0.8613569322,1.03956,31.368362
565,16,27,0.4,0.9277249469,2050.670259586207,23.639982620689654
566,16,29,0.207,0.9279835391,4.51239525,19.0663215
567,16,31,0.152,0.8837096383,356.4188639666666,18.174104833333335
568,16,33,0.406,0.8452380952,0.55663097,21.435207
569,16,35,0.281,0.8228025835,27.947741649999998,26.576686000000002
570,16,37,0.216,0.8608380755,0.88763529,26.328279
571,16,39,0.241,0.9106747788,80.51128208,20.3229532
572,16,41,0.365,0.9449691992,25.3237305,23.6612665
573,16,43,0.268,0.9214380826,38.95756166666666,22.09784433333333
574,16,45,0.522,0.8941398866,287.0365047333333,28.90766933333333
575,16,47,0.278,0.8523222061,30.987512000000002,20.9200105
576,16,49,0.238,0.8390437034,6.437302634,21.6415444
577,16,51,0.248,0.9429235276,158.11100255,25.4906325
578,16,53,0.245,0.8713100756,823.39363942,20.6370638
579,16,55,0.281,0.9105985182,1449.205867212,22.61571532
580,16,57,0.232,0.8973720264,173.34670745714286,21.148045999999997
581,16,59,0.1,0.8507462687,2.9028966666666665,18.650411666666667
582,16,61,0.338,0.8001293661,25.585113423333336,34.540300333333334
583,16,63,0.553,0.8366013072,4.3349242,31.295732
584,16,65,0.201,0.7915166693,3369.8006896666666,15.926197000000002
585,16,67,0.125,0.8665216278,177.43046482,18.596054000000002
586,16,69,0.128,0.8651014493,1285.5072476700002,18.7612764
587,16,71,0.293,0.8555900621,3.571485,27.196251
588,16,73,0.446,0.8472222222,53.34591781,26.572186
589,16,75,0.265,0.8646767219,117.59572075,21.479575750000002
590,16,77,0.164,0.8984490399,6.7314528,21.444638
591,16,79,0.265,0.8494453249,29.2764476,22.048045000000002
592,16,81,0.533,0.9407391209,22.627354,29.268045
593,16,83,0.172,0.8996520406,1200.2062026285714,18.341476142857143
594,16,85,0.142,0.9039174166,6.08375767,17.574070333333335
595,16,87,0.22,0.8662264612,12.1949307,21.817387999999998
596,17,1,0.165,0.8426359381,2106.2307410000003,17.037695499999998
597,17,3,0.5,0.5848849945,139.04362824999998,24.61572725
598,17,5,0.349,0.8511828645,304.37402925000004,26.861621
599,17,7,0.362,0.8901592274,1501.2416084285712,29.774001857142856
600,17,9,0.177,0.8213755567,352.55933695000004,21.796587
601,17,11,0.226,0.8352009136,205.5393974,21.417107
602,17,13,0.632,0.8608837971,20.18692,41.900526
603,17,15,0.333,0.8525779562,140.6264695,24.049668666666665
604,17,17,0.283,0.8488802337,1019.0190362000001,22.552713
605,17,19,0.133,0.8876899388,5251.265287883721,17.911626023255813
606,17,21,0.337,0.8372986552,862.3470432,26.3940823
607,17,23,0.389,0.8682734576,132.62985625,24.10744625
608,17,25,0.307,0.8560117842,110.24617549999999,21.94876825
609,17,27,0.398,0.8969093549,90.49523775,26.964448125
610,17,29,0.202,0.8644701254,1318.9708810833333,18.015784083333333
611,17,31,0.509,0.8919311247,13813.815939461303,35.6079575304414
612,17,33,0.17,0.8863851032,463.6472485,19.569598833333334
613,17,35,0.29,0.8574162679,31.94819166666667,26.646725333333336
614,17,37,0.409,0.9272778145,1745.1061102380952,25.602884380952382
615,17,39,0.356,0.852303523,655.0618144,22.7567032
616,17,41,0.357,0.8000255722,280.7679944,22.0431742
617,17,43,0.397,0.9436361399,3865.2346186574077,31.178750106481484
618,17,45,0.22,0.8631108776,140.46335626,22.3626562
619,17,47,0.378,0.8296268375,119.66321466666666,22.959841333333333
620,17,49,0.175,0.8977191732,205.59430225,18.19138125
621,17,51,0.336,0.8188202247,249.8742234285714,23.143711142857143
622,17,53,0.389,0.8537011173,306.7890058,23.776624599999998
623,17,55,0.41,0.8251704898,369.95667899999995,24.257648583333335
624,17,57,0.381,0.8607394619,584.93114125,28.03394258333333
625,17,59,0.312,0.7633587786,17.292338,29.3369705
626,17,61,0.435,0.8564466105,241.9956051,30.097819800000003
627,17,63,0.436,0.904035481,479.8619428,28.063156900000003
628,17,65,0.418,0.8113432836,113.174548,27.776077666666666
629,17,67,0.377,0.8167664671,117.64056514285714,21.75090942857143
630,17,69,0.541,0.7601078167,25.465042500000003,25.6973885
631,17,71,0.381,0.826446281,20.61185,26.303062666666666
632,17,73,0.328,0.847095405,462.5318298461538,22.701390538461542
633,17,75,0.369,0.8432895085,121.55211922222222,23.971589666666667
634,17,77,0.247,0.8536469161,1124.6084427142857,19.612296642857142
635,17,79,0.418,0.8839617631,462.348185,21.481078333333333
636,17,81,0.219,0.8532252617,638.0800678181818,20.93496709090909
637,17,83,0.439,0.8361723447,86.37898733333333,31.207943166666666
638,17,85,0.255,0.8698122292,55.1760655,22.51736133333333
639,17,87,0.503,0.7914347931,310.4208845,29.397369
640,17,89,0.435,0.9245671303,4135.262156902439,28.692384768292683
641,17,91,0.318,0.8697151241,1527.6038775862069,24.990970689655175
642,17,93,0.528,0.9518483583,2006.1299050000002,31.563779899999997
643,17,95,0.224,0.8027931616,1027.0546965,19.424179125000002
644,17,97,0.428,0.9351944206,2978.2898820261435,32.45216772368421
645,17,99,0.329,0.8646323073,1105.2598787499999,23.30211932142857
646,17,101,0.287,0.8852973772,362.5026672,20.9750108
647,17,103,0.299,0.8551038709,418.5197597777778,23.446148777777776
648,17,105,0.28,0.8534282195,424.1349986,21.6222451
649,17,107,0.311,0.8539830966,507.386661,22.077237625
650,17,109,0.197,0.818707483,991.7008194,16.8217035
651,17,111,0.467,0.9511471774,1926.6490429423077,34.174518846153845
652,17,113,0.171,0.878358814,3068.6755341463413,18.51456904878049
653,17,115,0.142,0.8505792219,1928.1062595588237,19.26622617647059
654,17,117,0.441,0.8660432563,352.00019884615386,29.431435615384615
655,17,119,0.389,0.8993372035,1655.1863609508198,25.714073786885244
656,17,121,0.245,0.8490139024,704.2963118333333,20.718876666666667
657,17,123,0.424,0.8372280419,131.1603916,26.3182412
658,17,125,0.485,0.8615680784,271.0866608833333,31.194128666666668
659,17,127,0.288,0.77836556,666.94210425,21.2310745
660,17,129,0.444,0.8929740135,81.48461300000001,29.223981666666663
661,17,131,0.45,0.8911585841,73.34988375,28.83065375
662,17,133,0.485,0.914967462,294.099092,30.975696166666665
663,17,135,0.344,0.8231691079,369.65794700000004,26.156038
664,17,137,0.232,0.8176,1093.0036253,20.638691599999998
665,17,139,0.329,0.8112332532,433.04170525,22.64482425
666,17,141,0.382,0.8642184102,168.34185863636364,23.739782636363636
667,17,143,0.152,0.879687054,2636.682967625,20.015276520833336
668,17,145,0.379,0.8528896673,306.6917383333334,24.603746333333333
669,17,147,0.378,0.8715515983,78.04046075,25.538804
670,17,149,0.351,0.8048151333,94.7050788,26.200426400000005
671,17,151,0.523,0.7302052786,12.9932065,31.329190500000003
672,17,153,0.578,0.5676691729,31.056383500000003,27.1407445
673,17,155,0.382,0.8467448443,44.9522155,24.093604
674,17,157,0.324,0.8408876703,131.54324666666668,24.423569
675,17,159,0.239,0.8492423059,953.0716017999999,16.6328166
676,17,161,0.175,0.8924042358,2837.328636675,19.8399811
677,17,163,0.338,0.8812911635,1659.2477957333333,26.488764283333335
678,17,165,0.308,0.7589712919,599.9461662222222,22.92537077777778
679,17,167,0.15,0.8781350101,2182.638500962264,19.84022205660377
680,17,169,0.228,0.8751830161,168.98612310000001,23.553779666666667
681,17,171,0.301,0.8287401575,21.208633,25.0795925
682,17,173,0.324,0.8624218306,141.53305616666665,27.493933499999997
683,17,175,0.437,0.8392311053,21.203515,26.4635565
684,17,177,0.276,0.8442652422,909.7760878461539,20.61454669230769
685,17,179,0.236,0.8823310786,1361.4576059333333,21.69781223333333
686,17,181,0.468,0.7102979462,185.95358560000003,24.2909264
687,17,183,0.247,0.8527414279,789.4897192916666,21.005721041666664
688,17,185,0.274,0.8294314381,309.026788,22.4608695
689,17,187,0.218,0.8430526629,396.9402352,21.452704599999997
690,17,189,0.383,0.8544215309,89.69966975,25.145633
691,17,191,0.334,0.8021304538,178.8238712,21.570649600000003
692,17,193,0.366,0.7676838949,326.7129016,25.75203
693,17,195,0.204,0.8399741546,1075.589016111111,19.98663322222222
694,17,197,0.492,0.9321412291,2868.2749215526314,33.38728341721854
695,17,199,0.285,0.8683533746,812.4115064,22.299455533333333
696,17,201,0.229,0.8768547151,2787.677864195844,21.967989116883114
697,17,203,0.349,0.8808487486,122.93902844444445,23.60490511111111
698,18,1,0.235,0.7746456055,332.1575048571429,23.102599857142856
699,18,3,0.202,0.9075319588,2308.6842199687503,21.83876677083333
700,18,5,0.223,0.9212648557,1202.3416078666667,20.14218226666667
701,18,7,0.428,0.8771980398,22.587245333333332,25.411112333333335
702,18,9,0.367,0.8351778656,798.19116675,24.2369945
703,18,11,0.4,0.9266852726,736.3922132,25.1588654
704,18,13,0.577,0.8790141897,66.46001875,36.81499425
705,18,15,0.409,0.7973579262,169.87611585714285,25.382380714285716
706,18,17,0.248,0.8278611632,1396.963416090909,21.587970545454546
707,18,19,0.284,0.8785987313,1789.6577776923077,23.158537576923077
708,18,21,0.471,0.8668058059,312.04346,27.92178033333333
709,18,23,0.266,0.834059374,1433.464781625,21.45723025
710,18,25,0.691,0.6966980101,40.886584,37.53217433333333
711,18,27,0.257,0.7956431535,897.785315,23.700501857142857
712,18,29,0.531,0.8839587056,335.777347,31.6251868
713,18,31,0.29,0.8690815744,731.0287621666666,21.197246166666666
714,18,33,0.253,0.8520108184,342.6194018888889,21.083480111111115
715,18,35,0.25,0.8748970658,2410.6956545666667,20.79937753333333
716,18,37,0.159,0.8556402092,419.3045312857143,18.91771585714286
717,18,39,0.218,0.8817028986,1575.0023915833333,19.570183222222223
718,18,41,0.369,0.8422829412,1097.3443,23.574200142857144
719,18,43,0.276,0.8731594649,1958.5536798500002,22.2226668
720,18,45,0.419,0.8679603151,551.6087656000001,26.1858364
721,18,47,0.533,0.8297010185,123.5755838,31.1146992
722,18,49,0.363,0.8603507001,308.08898833333336,24.027261166666666
723,18,51,0.268,0.8808148373,381.78220071428575,24.654449
724,18,53,0.241,0.8686325074,1017.368283375,20.5788368125
725,18,55,0.429,0.8058054925,337.756285,30.452539666666667
726,18,57,0.426,0.9606896396,1698.9931392307694,26.75662423076923
727,18,59,0.436,0.9265335235,850.1992544000001,27.1826507
728,18,61,0.557,0.8154942589,100.60165133333334,31.2900015
729,18,63,0.395,0.9315147557,1003.2719259047619,27.02297414285714
730,18,65,0.37,0.8623510293,1254.8622213076924,25.05177446153846
731,18,67,0.224,0.8871587577,1909.7580952,18.765594
732,18,69,0.31,0.8486241545,603.8941120000001,21.68939411111111
733,18,71,0.306,0.8269371654,1008.9655503,22.1100116
734,18,73,0.468,0.8955188304,163.92722924999998,28.85477225
735,18,75,0.275,0.8031159693,276.65808257142857,23.517067714285712
736,18,77,0.275,0.8239231436,814.6078644285715,22.44515942857143
737,18,79,0.368,0.8550185874,352.94058533333333,25.950705666666664
738,18,81,0.417,0.9125875831,1765.0483400454543,25.76736022727273
739,18,83,0.243,0.8594970218,1655.4749692,19.5061296
740,18,85,0.221,0.8620027089,521.1683795263158,22.090787210526315
741,18,87,0.302,0.6619806311,118.470364125,23.347503125
742,18,89,0.426,0.8807746777,3074.908199239316,27.853519401709402
743,18,91,0.321,0.8840685882,1485.5846442142858,23.063145607142854
744,18,93,0.395,0.8379097933,754.6863521,25.1193692
745,18,95,0.403,0.8773725943,1531.1997183783785,25.506232459459458
746,18,97,0.314,0.8926567203,3470.812124821429,24.161556964285715
747,18,99,0.325,0.8182655234,308.72882991666665,22.630796083333333
748,18,101,0.509,0.8319755601,115.81297766666667,28.797974666666665
749,18,103,0.286,0.8614167295,1173.451239,22.5757173
750,18,105,0.186,0.8985994782,2829.131938193548,19.484909387096774
751,18,107,0.299,0.8784462767,640.9257339999999,22.52593322222222
752,18,109,0.537,0.893623931,929.1668430000001,29.976015384615383
753,18,111,0.46,0.8742622071,41.81939775,28.68318975
754,18,113,0.372,0.8460853597,616.5260192,22.5994722
755,18,115,0.487,0.8437865212,233.72193750000002,29.644351
756,18,117,0.348,0.8428821616,165.52397233333335,26.169163499999996
757,18,119,0.537,0.8029774366,79.4439016,36.4525082
758,18,121,0.478,0.7682539683,73.9557095,27.103714
759,18,123,0.319,0.8174429106,390.29233439999996,26.1411582
760,18,125,0.404,0.7919503404,125.41966975,27.74268925
761,18,127,0.433,0.9136504578,1389.333642771875,27.581060419354838
762,18,129,0.344,0.8993184031,473.5074261428572,24.47068942857143
763,18,131,0.363,0.8780138946,78.98464975,24.429353749999997
764,18,133,0.421,0.8610157368,160.8619527142857,29.031781857142857
765,18,135,0.365,0.8379493223,195.385419625,24.125702375
766,18,137,0.423,0.8576083128,88.51547950000001,28.048251000000004
767,18,139,0.374,0.8369924812,345.79897,26.878263800000003
768,18,141,0.237,0.8807251998,2644.6743689600003,21.097069213333334
769,18,143,0.372,0.8644806475,460.1651868,26.256305400000002
770,18,145,0.38,0.8704877377,1475.6895682,23.1341016
771,18,147,0.376,0.7998496052,61.60523020000001,29.5075824
772,18,149,0.467,0.824046586,183.89263528571428,30.224346
773,18,151,0.263,0.8447511805,207.537654,22.595373555555554
774,18,153,0.358,0.8160322203,118.5339608,28.874559599999998
775,18,155,0.571,0.7690531178,51.22473399999999,35.21759466666666
776,18,157,0.122,0.894658335,3893.263796513514,18.323497432432433
777,18,159,0.399,0.8978451716,82.994537,24.750967
778,18,161,0.443,0.8653576438,46.936953,24.561359500000002
779,18,163,0.192,0.8965776315,2867.092682277551,19.69636
780,18,165,0.41,0.8681402439,397.05196579999995,24.0733788
781,18,167,0.179,0.8599600892,1891.4156074999999,19.798494714285713
782,18,169,0.3,0.8749402581,720.0826225,20.19652375
783,18,171,0.433,0.8961000298,24.4578655,26.779332
784,18,173,0.295,0.9151313925,961.5770697272727,25.105477818181818
785,18,175,0.49,0.8166272512,399.4364816666667,29.102469666666668
786,18,177,0.217,0.8759042434,1292.6400981176469,20.059806764705883
787,18,179,0.313,0.8290492958,387.05636385714286,21.654705714285715
788,18,181,0.315,0.8769386721,286.03534537499996,24.030455
789,18,183,0.334,0.8848445689,146.48808457142857,24.727686142857145
790,19,1,0.27,0.8168711656,31.9903863,21.913899
791,19,3,0.249,0.8281045752,16.18899005,20.2947675
792,19,5,0.312,0.8416334661,83.6822186,20.6478644
793,19,7,0.271,0.8298042349,182.94692700000002,21.302993800000003
794,19,9,0.219,0.8320792079,58.220000399999996,19.567112666666667
795,19,11,0.402,0.8790426268,111.40089471428571,26.751331999999998
796,19,13,0.095,0.8807964272,2520.2889083157897,17.234740736842106
797,19,15,0.303,0.8783721994,591.6425740000001,22.107941428571426
798,19,17,0.293,0.9108635097,269.24348075,19.84648125
799,19,19,0.306,0.8598773006,198.661292,23.447378666666665
800,19,21,0.132,0.9225772239,174.38114500000003,16.962180833333335
801,19,23,0.423,0.8488194326,30.1696034,23.243085
802,19,25,0.305,0.8713329902,20.1919843,19.738337
803,19,27,0.121,0.8568,366.44253283333336,15.975772999999998
804,19,29,0.121,0.826049404,189.75946194,20.8376662
805,19,31,0.443,0.8701419286,51.01134499999999,25.5122422
806,19,33,0.128,0.8724576489,807.7621711818182,17.021256636363635
807,19,35,0.178,0.8476977568,79.110983925,19.02227525
808,19,37,0.246,0.8461384152,87.71791875,21.45656275
809,19,39,0.358,0.8410397401,223.42364590000003,25.973482666666666
810,19,41,0.21,0.8781900952,253.290865925,17.20007775
811,19,43,0.296,0.8186605455,26.78868083333333,21.788355833333338
812,19,45,0.279,0.8575177524,1213.6099864999999,20.275487916666666
813,19,47,0.169,0.8693209183,89.19918720000001,19.5829888
814,19,49,0.225,0.9194479789,1043.7925389333334,23.354761266666667
815,19,51,0.357,0.7027453455,17.462106,25.452661499999998
816,19,53,0.302,0.8084617908,43.946926966666666,23.412801333333334
817,19,55,0.212,0.8612040134,166.40167925,22.383784499999997
818,19,57,0.169,0.8778217361,1678.8678463636365,17.126441727272727
819,19,59,0.175,0.8853179191,256.4192214,17.0532874
820,19,61,0.128,0.8915609215,2397.6742775384614,16.82162407692308
821,19,63,0.219,0.8623151453,357.655283725,18.06815275
822,19,65,0.269,0.8373765695,191.97212557142856,19.22832957142857
823,19,67,0.241,0.8187311178,220.4591926,20.4590336
824,19,69,0.199,0.8161116552,74.8906999,19.533001
825,19,71,0.33,0.8510869565,18.683829966666664,23.604016
826,19,73,0.32,0.8813645621,18.4611184,21.19427
827,19,75,0.321,0.8790560472,34.1127255,21.0813995
828,19,77,0.43,0.8705035971,21.940352233333332,28.139388333333333
829,19,79,0.29,0.8321988286,165.77365416,18.431305599999998
830,19,81,0.244,0.8628088427,28.06776125,19.09085525
831,19,83,0.258,0.8216833096,83.49335133333334,18.788128
832,19,85,0.507,0.8406062625,111.1697064,29.389135
833,19,87,0.229,0.8540107654,211.37038040000002,18.4290154
834,19,89,0.303,0.8316993464,195.700198,20.884023
835,19,91,0.21,0.8614258735,183.27429035,19.40535475
836,19,93,0.187,0.8607214429,33.83274016666667,17.141317333333333
837,19,95,0.359,0.8871368083,28.13671925,23.112453000000002
838,19,97,0.378,0.8446344695,235.714235,23.4957625
839,19,99,0.378,0.8990371576,922.6621347777777,20.59924088888889
840,19,101,0.12,0.8714742658,308.86787975,16.33193375
841,19,103,0.191,0.8926608159,3606.127820125,18.601025875
842,19,105,0.406,0.8569490689,248.5304908,26.3760558
843,19,107,0.415,0.83099631,25.959679,26.86148925
844,19,109,0.191,0.8674254076,149.36093306666666,17.600508833333333
845,19,111,0.203,0.8604683677,928.7214593636363,17.956086818181817
846,19,113,0.164,0.9130256389,2139.2257894,19.091102955555556
847,19,115,0.386,0.8776249095,30.003246999999998,25.001067666666668
848,19,117,0.232,0.7734204793,158.388648975,25.19048925
849,19,119,0.235,0.896939694,22.319369000000005,19.612531333333333
850,19,121,0.492,0.8454339623,292.11198499999995,28.537018
851,19,123,0.179,0.8619952761,560.9251155714286,19.990188571428572
852,19,125,0.28,0.8718025207,760.58826925,22.677050125
853,19,127,0.213,0.8608645311,814.9838471,18.9087662
854,19,129,0.448,0.8896990092,369.71651860000003,25.1841544
855,19,131,0.27,0.8820638821,215.98377766666667,19.941435
856,19,133,0.264,0.8308918016,121.69987222500001,24.26681125
857,19,135,0.497,0.8221330659,22.563540566666664,26.765240000000002
858,19,137,0.255,0.8285962248,360.734579425,18.94317475
859,19,139,0.229,0.9059405941,1515.3858037000002,18.7452652
860,19,141,0.228,0.880331549,127.63790825,18.14276125
861,19,143,0.265,0.8607060629,20.236728,16.996127
862,19,145,0.199,0.8529459503,383.5714448666666,15.873198166666667
863,19,147,0.207,0.8689489168,67.95450220000001,17.81445375
864,19,149,0.249,0.8966689327,172.341034,20.367212
865,19,151,0.263,0.852464332,14.073038333333335,18.988349333333336
866,19,153,0.179,0.9046560345,3088.931174612245,19.53355012371134
867,19,155,0.229,0.8403986038,2304.8231358,21.690178266666667
868,19,157,0.262,0.8339109229,254.51000399999998,18.2013706
869,19,159,0.245,0.8341359016,10.70764365,21.9797825
870,19,161,0.23,0.8278052223,36.68563375,17.53850175
871,19,163,0.153,0.8901410389,2830.9692089361706,19.589413234042553
872,19,165,0.231,0.8585189645,47.411069,19.934435999999998
873,19,167,0.085,0.9087150127,322.64999200000005,14.319021000000001
874,19,169,0.201,0.7861940684,2467.53374155,18.26172885
875,19,171,0.297,0.8414797207,76.39200483333333,21.587166333333332
876,19,173,0.283,0.8470254958,13.308674833333333,21.11723333333333
877,19,175,0.163,0.8492581602,366.22429265,18.963045
878,19,177,0.254,0.7581090407,15.777754000000002,24.8781845
879,19,179,0.194,0.8315587734,973.3807289090909,19.838828909090907
880,19,181,0.382,0.9068203175,707.3225338333333,27.268917416666667
881,19,183,0.323,0.8747789567,259.0577448,22.6212916
882,19,185,0.268,0.7889584965,12.6240726,22.81046566666667
883,19,187,0.178,0.8357521898,996.575404,18.235397083333332
884,19,189,0.19,0.8797647571,230.1556853333333,16.211846333333334
885,19,191,0.182,0.8621446871,100.1183822,17.0798582
886,19,193,0.112,0.856529146,2780.8656625000003,18.93034248
887,19,195,0.308,0.8447574335,22.738929666666667,20.733065333333332
888,19,197,0.192,0.8208146487,92.31908544000001,17.018217200000002
889,20,1,0.178,0.8246908656,115.94652646,18.728703799999998
890,20,3,0.356,0.7195010648,22.90411645,27.4207185
891,20,5,0.319,0.8398570456,966.11279225,20.4905195
892,20,7,0.201,0.8482834994,4.61630225,14.7110715
893,20,9,0.104,0.8574224484,1091.17451555,17.850422375
894,20,11,0.257,0.8734835355,469.9904632199999,20.4975134
895,20,13,0.16,0.8421618715,55.97546776666667,19.102022
896,20,15,0.375,0.8856343656,838.2623521923077,24.080795076923078
897,20,17,0.28,0.7991266376,3.6090343,25.694189
898,20,19,0.321,0.8273764259,5.7428536,26.135
899,20,21,0.255,0.8413355765,136.96103948333334,21.715578833333335
900,20,23,0.203,0.8414839798,2.6728451,14.491255
901,20,25,0.262,0.8548585486,2.2726526,15.143063
902,20,27,0.335,0.8387985671,127.4173569,21.544837
903,20,29,0.19,0.8302452316,144.206833925,16.6172575
904,20,31,0.24,0.8595996617,47.047211000000004,20.398366333333332
905,20,33,0.171,0.8416565164,2.398839,15.295
906,20,35,0.221,0.8376190119,571.6163025545455,21.344359909090908
907,20,37,0.154,0.8599735799,907.4536319090909,17.67405709090909
908,20,39,0.238,0.8805535324,52.9431089,18.769624
909,20,41,0.344,0.8968333752,243.47477433333333,22.034507333333334
910,20,43,0.284,0.8719101124,23.811047333333335,22.65281166666667
911,20,45,0.303,0.9137948297,2423.173315909091,21.204680636363637
912,20,47,0.259,0.850884583,54.77169635,18.7252255
913,20,49,0.46,0.8401486989,4.4733143,32.854744
914,20,51,0.072,0.9226981782,566.2905068166666,15.262484166666667
915,20,53,0.246,0.8570201803,13.62049855,18.581649
916,20,55,0.08,0.880815275,1448.2362142499999,16.159302333333333
917,20,57,0.083,0.8722807614,375.7554258285714,16.734690285714287
918,20,59,0.366,0.8376907377,371.2377596,26.1019956
919,20,61,0.166,0.9324726191,1346.72877325,18.047351499999998
920,20,63,0.219,0.7924850555,2.57487275,16.038423
921,20,65,0.12,0.8738357324,41.8825868,18.247864
922,20,67,0.156,0.9427850231,213.72031755,16.131335999999997
923,20,69,0.185,0.864773821,7.74577545,17.7217265
924,20,71,0.114,0.9236641221,1.6019012,15.807448
925,20,73,0.365,0.814516129,73.12939033333333,26.007841333333335
926,20,75,0.212,0.8974025974,2.6994264,16.79517
927,20,77,0.161,0.8163265306,31.539467866666666,20.956066000000003
928,20,79,0.328,0.8425582431,448.1104553333333,19.277206166666666
929,20,81,0.244,0.8916184971,7.3694291,17.194603
930,20,83,0.33,0.7972972973,2.2279277,16.826412
931,20,85,0.368,0.8692156863,67.50672866666667,27.37428033333333
932,20,87,0.494,0.8833558863,39.28374975,30.94155825
933,20,89,0.227,0.8099369085,3.4507744000000002,18.6024345
934,20,91,0.225,0.9572590562,2915.2579193763845,21.866627823076925
935,20,93,0.232,0.9172161172,4.5684128,15.467902
936,20,95,0.341,0.8215673575,85.8232299,26.95915533333333
937,20,97,0.146,0.7943037975,3.5328844,15.381344
938,20,99,0.171,0.7935956311,363.484409175,18.78984325
939,20,101,0.185,0.8234482759,2.4391773,15.941115
940,20,103,0.394,0.9080123681,1265.576796,24.1355056875
941,20,105,0.279,0.7837837838,4.5051684,19.446678
942,20,107,0.507,0.8315887416,16.3461085,35.520881
943,20,109,0.25,0.901453958,2.5685139,15.739841
944,20,111,0.142,0.8853775709,1506.282666725,17.83870425
945,20,113,0.163,0.886922887,480.9284051,16.371843000000002
946,20,115,0.349,0.8337595908,17.100987925,21.973796
947,20,117,0.181,0.8434528164,30.865419275,18.69070575
948,20,119,0.18,0.8643048128,30.9638958,18.142829
949,20,121,0.541,0.8621785398,123.70509137500001,30.89966275
950,20,123,0.132,0.8371640047,11.02487495,14.459983999999999
951,20,125,0.19,0.8416595447,756.8567346153845,17.658594230769232
952,20,127,0.325,0.8495398159,49.74871685,22.261899
953,20,129,0.256,0.8442105263,4.4303994,14.911364
954,20,131,0.128,0.8532246108,20.492944233333333,17.199425666666667
955,20,133,0.162,0.8209427396,130.35194732,17.2758242
956,20,135,0.153,0.8899398108,6.376297999999999,16.517329
957,20,137,0.105,0.9259259259,6.4580121,13.406584
958,20,139,0.475,0.8333857278,99.10623029999999,31.1682952
959,20,141,0.131,0.8346799254,4.3226695,15.339219
960,20,143,0.305,0.8674800168,8.5285219,24.3692585
961,20,145,0.186,0.8919254658,52.13765915,16.964139
962,20,147,0.186,0.8556370302,40.53184526666667,15.628160666666668
963,20,149,0.333,0.9110523998,86.4872933,23.91557925
964,20,151,0.121,0.841806305,197.16885223333335,15.253632000000001
965,20,153,0.083,0.8430531732,2.3554912,15.342738
966,20,155,0.181,0.8257181187,1389.2903836411765,19.52108505882353
967,20,157,0.237,0.74222668,45.26780713333333,17.033589333333335
968,20,159,0.314,0.8543584191,41.98649976666667,18.833017666666667
969,20,161,0.143,0.9085013082,2968.5615709999997,16.137015076923078
970,20,163,0.158,0.8370681606,6.4282036,15.9977725
971,20,165,0.36,0.9044862518,11.5477287,19.5331775
972,20,167,0.151,0.8657631494,41.477457949999994,17.06155
973,20,169,0.113,0.8708013812,2089.2214433333334,16.17319841666667
974,20,171,0.206,0.8182648402,6.8790207,15.312017
975,20,173,0.164,0.9066353207,2912.0303449516127,19.760306733870966
976,20,175,0.112,0.8698668147,863.44685286,15.833981400000003
977,20,177,0.125,0.8603477888,2318.636081372093,19.08284223255814
978,20,179,0.169,0.9138943249,27.518865549999997,14.905370999999999
979,20,181,0.083,0.9181509754,50.56983135,18.3670775
980,20,183,0.138,0.8428390368,34.59445645,15.2338655
981,20,185,0.284,0.8554443054,5.8747885,19.091828999999997
982,20,187,0.123,0.8527980535,3.2850981,16.644928
983,20,189,0.226,0.9010620458,80.0496787,15.070791499999999
984,20,191,0.473,0.8457766882,66.41841203333333,23.83920983333333
985,20,193,0.086,0.8922928088,40.913265,13.667401
986,20,195,0.158,0.8900445765,3.373889,17.509169
987,20,197,0.482,0.8383027523,9.03065015,31.1065185
988,20,199,0.191,0.8651515152,1.6253453,17.857143
989,20,201,0.246,0.7574862927,6.7260785,19.6047145
990,20,203,0.174,0.9362186788,3.1089611,14.831573
991,20,205,0.224,0.7928876245,85.0981808,18.456432500000002
992,20,207,0.288,0.8246329527,44.25891945,21.8072275
993,20,209,0.245,0.8665926422,2571.77793626,22.655898890625
994,21,1,0.313,0.8468365302,60.48683942857143,26.155008000000002
995,21,3,0.413,0.7882068263,71.08614966666667,28.734263166666665
996,21,5,0.513,0.8755265375,344.9134686,30.026529
997,21,7,0.372,0.8596603653,32.40706933333333,24.56341433333333
998,21,9,0.302,0.8497663031,200.7252557,21.6622972
999,21,11,0.349,0.8357579591,39.380351999999995,30.045317333333333
1000,21,13,0.349,0.7694730212,217.2496238888889,26.645775444444446
1001,21,15,0.326,0.9285075783,1480.2135946363635,26.50128
1002,21,17,0.359,0.8462106299,350.92189033333335,27.4304735
1003,21,19,0.267,0.8638514935,1366.5063107692308,20.331446615384614
1004,21,21,0.273,0.8592241233,581.143233,19.89737728571429
1005,21,23,0.583,0.8620901011,42.17273333333333,38.223035
1006,21,25,0.426,0.7850686913,47.359898571428566,34.713075571428575
1007,21,27,0.52,0.79560612,35.67268933333333,34.8996065
1008,21,29,0.498,0.9016706444,928.1165077222221,27.92459305882353
1009,21,31,0.483,0.7864503398,30.6863116,31.1852354
1010,21,33,0.386,0.8465394255,41.72111566666667,24.906814999999998
1011,21,35,0.184,0.8248044545,899.6024814444445,19.33167044444444
1012,21,37,0.312,0.9033951876,4092.4090676799997,24.84606688
1013,21,39,0.438,0.8640724947,27.41099733333333,28.904737666666666
1014,21,41,0.301,0.8022999755,135.90086533333334,21.846695
1015,21,43,0.433,0.7849773407,80.17806757142857,31.947566857142856
1016,21,45,0.391,0.7857487534,34.635866,30.516556200000004
1017,21,47,0.198,0.820610687,1238.5740561578948,19.889203388888888
1018,21,49,0.4,0.8875050221,821.9767677,26.9794664
1019,21,51,0.35,0.8287823906,64.92937383333333,32.69231466666667
1020,21,53,0.224,0.7908027645,52.820519999999995,21.515328666666665
1021,21,55,0.323,0.7728679989,38.3659295,31.030942500000002
1022,21,57,0.226,0.7855967078,22.3576915,24.076086
1023,21,59,0.215,0.8933352771,1826.8897017391305,20.263736130434783
1024,21,61,0.574,0.8591321897,38.16353272,40.30487925
1025,21,63,0.462,0.7671472259,32.265586,41.604704
1026,21,65,0.506,0.7589830508,55.28858575,38.071433999999996
1027,21,67,0.199,0.9095302715,3887.670774597561,20.90999369512195
1028,21,69,0.45,0.7906212147,48.535189,27.17018025
1029,21,71,0.315,0.828077455,114.6573844,27.2085826
1030,21,73,0.246,0.8552864999,1170.5416366363636,19.216565181818183
1031,21,75,0.258,0.8576583801,34.8455995,20.433849000000002
1032,21,77,0.487,0.8406153846,82.399258,32.088617
1033,21,79,0.552,0.857509434,89.51570575,32.39681775
1034,21,81,0.486,0.8776394153,98.31121525,34.9773855
1035,21,83,0.261,0.8128179763,151.63817722222223,24.470596333333333
1036,21,85,0.296,0.8017805976,67.96569871428572,29.76857814285714
1037,21,87,0.378,0.8079198908,43.542484,30.68882825
1038,21,89,0.346,0.8198630137,630.3440838888888,25.072747444444442
1039,21,91,0.356,0.8351710489,50.22479166666667,24.997197333333332
1040,21,93,0.295,0.8915258135,1048.0153712727272,23.792020363636365
1041,21,95,0.304,0.8204761905,99.43954400000001,28.301475272727274
1042,21,97,0.434,0.7802182622,89.2726224,29.6963076
1043,21,99,0.37,0.8265023539,43.8966188,29.0679578
1044,21,101,0.293,0.886553256,1876.8330026363635,19.86633709090909
1045,21,103,0.483,0.8182853424,73.1308126,31.353648
1046,21,105,0.316,0.8963414634,20.23329,25.262085
1047,21,107,0.249,0.8794650228,461.18030883333336,23.540116166666667
1048,21,109,0.621,0.8259222333,39.00830466666667,35.43825666666667
1049,21,111,0.236,0.9006047506,3789.7928230314137,23.23922472105263
1050,21,113,0.384,0.8980402138,958.847367111111,25.648379666666667
1051,21,115,0.25,0.8652041163,104.748881,27.81816166666667
1052,21,117,0.272,0.9137780539,3418.0015048780488,24.022090487804878
1053,21,119,0.404,0.796071953,51.92501059999999,30.3740202
1054,21,121,0.307,0.8360409677,119.744513125,27.663695
1055,21,123,0.431,0.8588669125,58.72178325,28.951116250000002
1056,21,125,0.248,0.8792531991,297.0697856923077,23.509216461538465
1057,21,127,0.491,0.7996747967,40.1106154,38.4997522
1058,21,129,0.456,0.7455871067,35.003627,34.384852
1059,21,131,0.585,0.792018419,29.229810333333333,34.662073666666664
1060,21,133,0.403,0.8276562687,92.01517114285714,29.030628142857147
1061,21,135,0.546,0.8161060143,31.986105000000002,34.64400875
1062,21,137,0.427,0.8334365964,83.93803716666667,27.740091666666668
1063,21,139,0.462,0.8306681896,34.3033995,28.102130000000002
1064,21,141,0.435,0.8450833181,55.25715616666667,24.549264166666664
1065,21,143,0.365,0.9061840121,34.58667366666666,25.3859585
1066,21,145,0.144,0.8912669037,1072.3177504117648,18.893634235294115
1067,21,147,0.53,0.7747989276,51.201326975,33.438595750000005
1068,21,149,0.48,0.8536585366,44.22099033333333,30.738045333333332
1069,21,151,0.394,0.8779205926,1217.4949114210526,24.46252963157895
1070,21,153,0.454,0.8304119194,43.4515465,36.50706775
1071,21,155,0.211,0.8500658762,81.2310965,26.344077833333333
1072,21,157,0.31,0.8447148289,136.26634233333334,23.425197999999998
1073,21,159,0.453,0.8114358323,60.832294999999995,32.808086333333335
1074,21,161,0.265,0.8195467013,236.67585079999998,23.2281862
1075,21,163,0.497,0.8961844786,513.968032595,31.70389075
1076,21,165,0.651,0.7607875995,30.699774,35.9316635
1077,21,167,0.406,0.8556418956,112.83057979999998,26.2894988
1078,21,169,0.331,0.8247349823,34.556516666666674,26.64470233333334
1079,21,171,0.336,0.8063672045,37.60534525,24.48638175
1080,21,173,0.388,0.8908675799,177.86128616666667,27.444542833333333
1081,21,175,0.463,0.8203075627,43.2093502,32.317324
1082,21,177,0.36,0.8370612382,102.34117444444445,25.99531888888889
1083,21,179,0.399,0.8921062437,284.19243411111114,28.481325444444444
1084,21,181,0.645,0.7632058288,35.544309500000004,35.7772145
1085,21,183,0.513,0.8116876024,41.42937371428572,30.553605285714287
1086,21,185,0.461,0.9474551365,484.08815914285714,27.464544
1087,21,187,0.632,0.7563952124,30.888649666666666,34.56296233333333
1088,21,189,0.276,0.7284196547,35.804972,29.534681
1089,21,191,0.643,0.7592349522,52.055704666666664,36.707800666666664
1090,21,193,0.28,0.8664659524,122.30480225,25.579426625
1091,21,195,0.316,0.8037138533,227.3664629473684,28.940831368421055
1092,21,197,0.479,0.7720890041,75.08279999999999,31.863803
1093,21,199,0.223,0.8323302469,289.3107977142857,23.88120664285714
1094,21,201,0.603,0.7180783818,22.840326,37.517105
1095,21,203,0.375,0.7892034848,60.71606225,30.59712325
1096,21,205,0.255,0.9209202782,97.63871900000001,24.65085125
1097,21,207,0.255,0.8048543689,83.1907986,23.4974894
1098,21,209,0.297,0.9077263891,870.2864937857142,23.16074664285714
1099,21,211,0.438,0.9175910364,820.3581514444445,26.296326555555556
1100,21,213,0.243,0.8573286513,82.23373025000001,22.552176250000002
1101,21,215,0.628,0.8858680261,117.648073,34.15793125
1102,21,217,0.216,0.8566450971,231.72589680000002,22.9274402
1103,21,219,0.378,0.7401894452,34.1974,25.0315355
1104,21,221,0.419,0.7691284098,27.799923322,27.4198332
1105,21,223,0.551,0.790662191,61.189098,32.0244045
1106,21,225,0.28,0.8898205928,43.8995265,24.3879225
1107,21,227,0.182,0.9123561098,2137.7997990416666,20.134670875
1108,21,229,0.345,0.812688172,37.629763000000004,30.308263999999998
1109,21,231,0.308,0.8244892875,110.76504299999999,23.287674
1110,21,233,0.443,0.8504065041,44.32484575,27.283771
1111,21,235,0.297,0.8019896831,316.96674575,24.8472485
1112,21,237,0.537,0.7972495088,34.2543885,35.911604
1113,21,239,0.359,0.9090570604,517.540080375,22.805395125
1114,22,1,0.371,0.7952993636,326.6021904166667,27.939585500000003
1115,22,3,0.376,0.7712495104,234.7956318,27.218656399999997
1116,22,5,0.475,0.9096914887,733.6229014285715,27.343162214285712
1117,22,7,0.498,0.8043942993,73.51414633333333,29.673063666666668
1118,22,9,0.451,0.7588033012,92.91021434444446,30.59698155555556
1119,22,11,0.441,0.8845957198,190.03840125714285,29.540324571428574
1120,22,13,0.477,0.6484792627,44.27980874,33.2373908
1121,22,15,0.267,0.8271883369,1490.9804612272726,22.437674
1122,22,17,0.208,0.8288399338,1923.05624434375,22.267047746031746
1123,22,19,0.215,0.8512111176,1463.9340607272727,20.68098261904762
1124,22,21,0.439,0.7504069452,21.547402333333334,33.62291666666667
1125,22,23,0.426,0.8210422812,5.06789745,26.148785500000002
1126,22,25,0.505,0.7402470741,106.93005866666668,31.032136333333337
1127,22,27,0.377,0.5080693365,110.3765134,26.5547676
1128,22,29,0.23,0.7895057034,232.60400376,25.0903036
1129,22,31,0.44,0.787816963,62.26603457142857,31.398559857142857
1130,22,33,0.306,0.8997024081,2590.8170671847824,24.102921538461537
1131,22,35,0.168,0.6714513557,222.06646363333334,21.184023333333332
1132,22,37,0.623,0.7960526316,51.5475162,33.757127000000004
1133,22,39,0.388,0.7814542484,323.3397725,28.211383375
1134,22,41,0.307,0.6877975786,123.21505183333333,28.730285166666665
1135,22,43,0.324,0.7766504517,57.521434799999994,35.0344836
1136,22,45,0.307,0.8529532175,1793.8919668666667,23.247138066666665
1137,22,47,0.319,0.8386511965,321.96621728571427,28.030566285714286
1138,22,49,0.329,0.7361656551,72.1861126,24.7370456
1139,22,51,0.333,0.8696959082,5152.385631472,25.929800120967744
1140,22,53,0.5,0.7632433356,340.38776599999994,28.341028714285716
1141,22,55,0.259,0.9094276196,1951.892278139535,23.514195952380952
1142,22,57,0.369,0.8502821082,967.2870233913043,26.610457304347825
1143,22,59,0.387,0.8707761622,58.177622333333325,30.142045
1144,22,61,0.211,0.7958671828,596.7416255999999,19.7139097
1145,22,63,0.584,0.9058837273,523.7175855882352,35.493375470588234
1146,22,65,0.181,0.7079470199,1300.48811898,21.642633
1147,22,67,0.402,0.7151037938,577.6255100375,26.2003805
1148,22,69,0.263,0.8069180607,593.1366614555556,25.071433222222222
1149,22,71,0.271,0.8351863795,6642.305495174544,26.91824853714286
1150,22,73,0.216,0.8065916716,1247.6281649774999,20.985152675000002
1151,22,75,0.421,0.887195122,210.308246225,26.8799035
1152,22,77,0.494,0.8000487686,190.36069091666664,31.899633166666664
1153,22,79,0.221,0.8536374846,1064.5281257848485,22.75931281818182
1154,22,81,0.369,0.7341772152,59.1136245,30.3370035
1155,22,83,0.383,0.6803199559,112.14620433333334,26.456620333333333
1156,22,85,0.429,0.7800824985,67.464788,31.731760428571427
1157,22,87,0.492,0.8547111308,2078.8713622,31.353087294117646
1158,22,89,0.427,0.9256256041,886.7229375384615,27.789595692307692
1159,22,91,0.59,0.6827603024,27.4615855,37.146860000000004
1160,22,93,0.46,0.8554330285,351.2456264285714,27.009994714285714
1161,22,95,0.531,0.8940490551,1390.1295940909092,29.318354363636363
1162,22,97,0.405,0.7063341551,902.8482312631579,27.85105810526316
1163,22,99,0.396,0.8160597105,208.15083819090907,28.215813454545454
1164,22,101,0.256,0.8702485966,1199.9121056875,19.0881835625
1165,22,103,0.474,0.925256085,1125.898379904762,33.522163166666665
1166,22,105,0.443,0.8793209938,649.28952465,29.571377050000002
1167,22,107,0.366,0.6531614487,14.2175271,25.68009066666667
1168,22,109,0.283,0.8585836859,1138.232022852381,24.901607285714288
1169,22,111,0.52,0.6461743664,97.11505133333333,30.3928255
1170,22,113,0.442,0.8861914758,546.4798057833333,26.7931485
1171,22,115,0.29,0.8701701025,644.0183143333333,22.93858283333333
1172,22,117,0.408,0.707438672,249.0529308181818,30.248381272727272
1173,22,119,0.326,0.607411422,566.2267756363636,26.41397718181818
1174,22,121,0.376,0.9120192308,707.0699396,22.172834
1175,22,123,0.344,0.6384516129,33.55567666666666,26.22717666666667
1176,22,125,0.515,0.8780363078,35.97051456666666,26.56371233333333
1177,22,127,0.379,0.7689944706,332.661127075,26.16636
1178,23,1,0.365,0.8914908218,2030.01545075,24.472010714285716
1179,23,3,0.196,0.800667026,62.96905053541667,19.44235670833333
1180,23,5,0.309,0.9154327208,2790.910679,23.349307257575756
1181,23,7,0.376,0.8395279762,47.32850895555556,24.560096
1182,23,9,0.375,0.8908050576,70.29322232941176,23.662561
1183,23,11,0.332,0.8979531296,412.1727819354839,24.131651322580645
1184,23,13,0.215,0.8989376495,284.5797869,19.215638300000002
1185,23,15,0.373,0.8679711129,101.87381333333333,23.871690555555556
1186,23,17,0.436,0.8564193467,54.65315975882353,26.95770835294118
1187,23,19,0.27,0.8762525282,836.3464729586957,22.995871869565214
1188,23,21,0.318,0.8359018617,21.16097962625,23.645768375
1189,23,23,0.356,0.925935085,395.0781265,23.613915625
1190,23,25,0.411,0.8534547214,59.39610338764706,25.555269588235294
1191,23,27,0.377,0.8876173037,71.333198125,27.805996874999998
1192,23,29,0.265,0.827292873,59.06702129230769,20.174841999999998
1193,23,31,0.414,0.9131301939,731.115762825,27.01835755
1194,24,1,0.202,0.8383510716,1227.441341478261,22.74527126086957
1195,24,3,0.455,0.9485514441,3150.384494093269,30.2297417184466
1196,24,5,0.441,0.905073739,4377.453772845794,28.785406345971566
1197,24,9,0.611,0.929042855,609.4332505555556,40.68552733333333
1198,24,11,0.514,0.8628191446,217.21958044444443,31.688349222222225
1199,24,13,0.579,0.9147699529,817.7377542894737,36.371706921052635
1200,24,15,0.481,0.9068007567,553.8097287894736,29.671311999999997
1201,24,17,0.688,0.928686523,1427.4461077,41.16484713333333
1202,24,19,0.392,0.8556739718,691.5658049,26.025251444444443
1203,24,21,0.485,0.9259972301,1964.2569638688524,33.91081542622951
1204,24,23,0.296,0.8315161162,49.25794685714286,26.056982
1205,24,25,0.527,0.9226795385,2009.6387309649124,32.5902509122807
1206,24,27,0.444,0.9615211634,2680.685683272727,32.39373009090909
1207,24,29,0.353,0.8121922626,188.1173554,26.446880599999997
1208,24,31,0.517,0.9527251915,5997.990432530232,35.02463870232558
1209,24,33,0.611,0.9286244943,5197.505276876147,38.26094243119266
1210,24,35,0.513,0.8700412487,305.1650067272727,35.21802181818182
1211,24,37,0.39,0.9093021584,459.4561682352941,29.975209705882353
1212,24,39,0.398,0.8351012536,191.90750114285714,26.623140142857146
1213,24,41,0.322,0.8921102955,605.8019249,23.542256599999998
1214,24,43,0.396,0.8712023026,2215.92078528125,25.626588741935485
1215,24,45,0.267,0.8863715842,1538.468414263158,22.142662789473686
1216,24,47,0.264,0.900365132,762.779270375,23.565816200000004
1217,24,510,0.41,0.8311546319,12303.83994939,32.47048374
1218,25,1,0.289,0.937473903,804.8369650892856,24.328052035714286
1219,25,3,0.253,0.8926163809,1076.5870768461539,21.36370276923077
1220,25,5,0.408,0.8862283701,5326.13823792,26.427350439999998
1221,25,7,0.112,0.9243412116,359.76201175,16.47917525
1222,25,9,0.424,0.9144367869,6470.25822882716,28.600894438271602
1223,25,11,0.342,0.8985649883,825.8757374444444,24.879248833333335
1224,25,13,0.284,0.872753329,4087.04932153398,22.904984844660195
1225,25,15,0.371,0.9153472559,2003.3024971111113,23.286878088571427
1226,25,17,0.467,0.9420356009,7736.035367327044,29.246528697160883
1227,25,19,0.117,0.9504754358,432.4008936,11.6659408
1228,25,21,0.513,0.9423896975,4569.152316307692,32.11991797692308
1229,25,23,0.49,0.9204159307,2309.1383315,33.87297686
1230,25,25,0.486,0.902648797,22327.241610300494,31.141299184999998
1231,25,27,0.445,0.9183192158,3263.0383606627906,27.038778788372092
1232,26,1,0.394,0.810398749,28.90033064,27.3858432
1233,26,3,0.318,0.8375358166,10.7050502,22.351095666666666
1234,26,5,0.322,0.9000088921,363.9543184583333,23.895938416666667
1235,26,7,0.145,0.826448877,922.2717659999998,17.356199
1236,26,9,0.397,0.8794634765,77.89160857142858,24.136816857142858
1237,26,11,0.351,0.8483102321,49.8266596,28.868169599999998
1238,26,13,0.151,0.8151033863,9.890635150000001,18.718507000000002
1239,26,15,0.48,0.8607071162,122.88281236363636,29.325334090909088
1240,26,17,0.278,0.8786650934,2146.0860917307696,22.30752446153846
1241,26,19,0.389,0.9195017412,81.252884,24.1125118
1242,26,21,0.222,0.8585096856,1077.1043591458333,20.847784208333334
1243,26,23,0.259,0.8377260371,527.8380655833333,22.28911533333333
1244,26,25,0.228,0.8821657839,1206.2244022307693,20.69362076923077
1245,26,27,0.373,0.8779932666,156.6667590909091,25.506478636363635
1246,26,29,0.244,0.8968727035,342.05962773846153,20.415127692307692
1247,26,31,0.354,0.8537696384,108.66580825,23.94476925
1248,26,33,0.196,0.8557726978,1880.6011372928572,20.36724608333333
1249,26,35,0.421,0.809218107,125.14717599999999,29.229868
1250,26,37,0.29,0.8979689596,735.3620177272728,25.111272590909092
1251,26,39,0.258,0.8958229323,35.2458374,22.390594200000002
1252,26,41,0.161,0.8525786164,1154.2105100545455,20.993256272727272
1253,26,43,0.162,0.8636478838,556.8375540571429,17.799511
1254,26,45,0.272,0.8998337582,1016.4859264642857,23.596983464285717
1255,26,47,0.226,0.9040673788,302.478242,20.405160125000002
1256,26,49,0.349,0.8754680691,1826.934867648855,27.257779969230768
1257,26,51,0.443,0.843761302,64.69675444444445,31.44031177777778
1258,26,53,0.183,0.8361750497,406.85031119999996,18.75187342857143
1259,26,55,0.208,0.9085766239,662.4395876875,21.227066125
1260,26,57,0.307,0.8439115154,1452.9647608999999,23.5971427
1261,26,59,0.36,0.836207862,366.28247708333333,24.72593116666667
1262,26,61,0.123,0.8626061329,660.8196095000001,17.612800479999997
1263,26,63,0.222,0.8078201792,89.86302625,22.085552916666668
1264,26,65,0.192,0.8943945919,5139.7613071000005,20.907623762500002
1265,26,67,0.44,0.8718361312,822.777915076923,27.99845746153846
1266,26,69,0.247,0.8302035112,183.89842544444446,22.89258577777778
1267,26,71,0.211,0.8115427718,46.52421254,21.486875
1268,26,73,0.212,0.8145698019,1509.7209252,19.2305642
1269,26,75,0.29,0.9008608183,1798.1152930526314,23.958616810810813
1270,26,77,0.208,0.8986738948,2026.5281835789474,21.074977631578946
1271,26,79,0.446,0.8492742354,34.9694914,29.634858200000004
1272,26,81,0.212,0.9102997724,3164.310331671875,22.1173347890625
1273,26,83,0.314,0.828440367,3.2286663,21.96048
1274,26,85,0.479,0.7797606976,24.023504499999998,29.995752
1275,26,87,0.54,0.8761565011,675.5401014583334,36.872265391304346
1276,26,89,0.297,0.9164106367,82.442699,23.37812633333333
1277,26,91,0.412,0.8798154972,894.2022692173912,26.48795943478261
1278,26,93,0.509,0.922321122,702.2654318852459,33.06404975409836
1279,26,95,0.124,0.8390183028,6.881900933333334,19.368668
1280,26,97,0.279,0.8317082683,26.072339,22.9119224
1281,26,99,0.412,0.9245481531,3906.8647780152783,27.51480140232558
1282,26,101,0.266,0.8537388609,366.8888702222222,22.51606333333333
1283,26,103,0.187,0.8378455911,1600.7621228874998,19.164343458333335
1284,26,105,0.193,0.8411395461,564.6663034999999,20.2040215
1285,26,107,0.337,0.8044384502,1125.892319,25.571188909090907
1286,26,109,0.258,0.8262910798,763.2539790714285,21.036087000000002
1287,26,111,0.317,0.8817036523,1180.2415454736843,22.47518442105263
1288,26,113,0.299,0.8422608696,43.2892405,25.57022975
1289,26,115,0.417,0.8746740469,1034.805633131579,25.389319131578947
1290,26,117,0.491,0.8295035813,137.51953176923078,29.632994384615383
1291,26,119,0.411,0.8089746278,29.582658,24.9363976
1292,26,121,0.246,0.8645547741,1687.1937695476192,21.811651880952382
1293,26,123,0.44,0.826590488,142.55517454545455,32.87645554545455
1294,26,125,0.409,0.9363453576,2834.589455414201,28.23306990504451
1295,26,127,0.305,0.8114570118,61.26067885714286,25.531284571428575
1296,26,129,0.352,0.8442227582,54.51740114285714,25.850669714285715
1297,26,131,0.314,0.8371390195,7.5722892,23.617307999999998
1298,26,133,0.343,0.7980599647,52.64488299999999,23.942526833333332
1299,26,135,0.332,0.7870065789,17.8942082,23.291903
1300,26,137,0.239,0.9065114587,148.43607316666666,20.101515
1301,26,139,0.241,0.9156691117,1398.9738478490565,21.07815586792453
1302,26,141,0.349,0.8290056998,46.587514,24.699243166666665
1303,26,143,0.332,0.8737254902,174.28542199999998,24.8698102
1304,26,145,0.25,0.8800299023,1683.054013107143,22.510195946428574
1305,26,147,0.425,0.8964844336,1338.0172714081632,30.33521506122449
1306,26,149,0.282,0.8660313427,499.776853,21.67514229411765
1307,26,151,0.398,0.8347945676,100.60114650000001,29.289901333333333
1308,26,153,0.222,0.8403559278,149.57628193333332,21.156611333333334
1309,26,155,0.449,0.8667897748,1188.3309534705882,28.068064470588237
1310,26,157,0.416,0.8247019374,113.78929623076922,30.101776076923077
1311,26,159,0.332,0.8794059998,339.37202513333335,24.519283266666665
1312,26,161,0.31,0.9368668596,3279.32234755,23.98144468
1313,26,163,0.349,0.877840524,4930.18835104532,27.395984956882256
1314,26,165,0.302,0.8633452487,659.7704645,22.044071375
1315,27,1,0.343,0.8327325162,25.00026366666667,26.036091166666665
1316,27,3,0.395,0.9361538066,2226.180273060241,29.176436481927713
1317,27,5,0.255,0.8797556234,244.33050138999997,24.463742500000002
1318,27,7,0.183,0.9018874246,465.20299012,21.4529705
1319,27,9,0.247,0.899296714,680.1349993333333,23.17048322222222
1320,27,11,0.222,0.890316659,67.4557162,16.733290666666665
1321,27,13,0.143,0.8760990325,2158.423082625,18.106503875
1322,27,15,0.17,0.8637858578,1190.086536625,15.072317250000001
1323,27,17,0.303,0.8592184369,268.2272794,21.985244571428574
1324,27,19,0.372,0.9425070219,932.6156294210526,27.772040315789475
1325,27,21,0.327,0.8614505013,24.15772353,23.2649631
1326,27,23,0.174,0.8635488838,95.46950815,17.771074
1327,27,25,0.522,0.9177959721,260.59253049999995,34.600595399999996
1328,27,27,0.178,0.8802189753,2057.3039609384614,19.141708615384616
1329,27,29,0.386,0.8533127889,17.61851163333333,23.82529633333333
1330,27,31,0.185,0.9211111111,18.997551700000002,18.153984
1331,27,33,0.183,0.8351577592,22.422286,15.56589675
1332,27,35,0.252,0.8778928348,249.5858955,21.91306075
1333,27,37,0.34,0.9379304317,2612.739251073684,24.351358431578948
1334,27,39,0.322,0.9050885508,184.6680232,24.0539638
1335,27,41,0.174,0.8709807074,271.148166,18.574395444444445
1336,27,43,0.284,0.8395461912,100.58910183333334,20.046668666666665
1337,27,45,0.438,0.8521910503,27.837039,25.7383985
1338,27,47,0.223,0.848661234,942.5962041999999,18.9649331
1339,27,49,0.34,0.9080535887,490.0889893,23.307148
1340,27,51,0.32,0.8659262198,11.95552395,19.9290035
1341,27,53,0.259,0.9224259362,5421.377708632107,23.6338026187291
1342,27,55,0.34,0.8663611593,221.79765179999998,22.3077372
1343,27,57,0.279,0.8675295442,108.73812385714287,21.395983857142856
1344,27,59,0.518,0.9010393701,179.03844975,35.245205999999996
1345,27,61,0.287,0.8693679092,81.21432213636363,23.919822636363634
1346,27,63,0.187,0.8805700068,94.861840125,17.3433395
1347,27,65,0.433,0.8389189189,147.71162775,31.4025485
1348,27,67,0.141,0.8740401146,1080.5490838333333,19.412626416666665
1349,27,69,0.292,0.8606370876,4.1435211,20.9168215
1350,27,71,0.154,0.8691768827,236.700096075,16.9291035
1351,27,73,0.166,0.8448455397,11.545586966666667,18.506791
1352,27,75,0.391,0.8570576541,201.490357,20.937379333333332
1353,27,77,0.22,0.8774774775,4.580326449999999,18.236966
1354,27,79,0.376,0.8836420558,75.75732033333334,23.62990533333333
1355,27,81,0.383,0.8804928131,12.9850162,19.313474499999998
1356,27,83,0.134,0.88943317,483.00975685714286,15.427057285714286
1357,27,85,0.313,0.8746910694,419.7815397142857,22.45750914285714
1358,27,87,0.239,0.8359166221,10.3575439,22.323283
1359,27,89,0.372,0.864171123,6.95936585,24.86357675
1360,27,91,0.153,0.8575791855,168.2006565,17.850557666666667
1361,27,93,0.306,0.8745213872,244.811781,23.903764666666664
1362,27,95,0.454,0.8668404879,125.67636914285715,27.537063285714286
1363,27,97,0.424,0.8458874459,238.013305875,25.858672875
1364,27,99,0.26,0.8766859345,1662.4585435454546,19.494003363636363
1365,27,101,0.293,0.8225492919,13.325715466666665,20.303188666666667
1366,27,103,0.136,0.8749229821,1277.812189,16.404772285714284
1367,27,105,0.207,0.8652620627,357.0144300333333,17.0358715
1368,27,107,0.338,0.8669656203,9.4445522,21.960827666666663
1369,27,109,0.129,0.9137312582,2237.1356796363634,17.141926515151514
1370,27,111,0.258,0.8585044279,92.91877141176471,21.815292529411767
1371,27,113,0.094,0.8982171799,458.53704348,16.5925524
1372,27,115,0.451,0.8526819441,70.56413645,31.140141625
1373,27,117,0.202,0.8572148074,244.58672040000002,17.0253676
1374,27,119,0.218,0.8918701799,310.07917912,18.263922400000002
1375,27,121,0.268,0.8608381793,87.469714925,19.34149925
1376,27,123,0.258,0.9173707634,5238.834905036497,22.69032263235294
1377,27,125,0.302,0.8181818182,10.99665095,22.433473
1378,27,127,0.179,0.8378817414,152.69537883333334,17.3658645
1379,27,129,0.259,0.8335289187,24.596843783333338,19.197206333333334
1380,27,131,0.332,0.9197686871,1479.6975742307693,21.38868284615385
1381,27,133,0.334,0.8905460061,274.4516289333333,20.123189666666665
1382,27,135,0.169,0.8451634203,18.0778555,19.7495478
1383,27,137,0.202,0.8756723546,1949.80940505,20.234183272727275
1384,27,139,0.391,0.9444485416,1457.0510157142858,25.571401238095238
1385,27,141,0.499,0.9298446396,435.58717781818183,32.33415036363636
1386,27,143,0.447,0.8584296397,27.5393605,24.92474925
1387,27,145,0.243,0.8919211645,1523.995942827586,20.65881968965517
1388,27,147,0.224,0.8773415106,1107.425214625,17.781968875
1389,27,149,0.127,0.8949152542,52.85869003333334,14.429327333333333
1390,27,151,0.278,0.8299467828,147.406451175,18.11727075
1391,27,153,0.322,0.7908249577,49.85683425,23.395675875
1392,27,155,0.185,0.8106382979,6.2367778000000005,15.271096
1393,27,157,0.41,0.8451089933,330.01510666666667,24.540603333333333
1394,27,159,0.28,0.8405501783,53.63286633333333,19.985083666666668
1395,27,161,0.262,0.8790139907,440.74055799999996,19.6664338
1396,27,163,0.371,0.9407123033,2131.64186206,26.098782666666665
1397,27,165,0.264,0.8273064441,225.312352,18.675993333333334
1398,27,167,0.246,0.8350055741,331.35513645000003,19.42756
1399,27,169,0.211,0.909158123,1443.3868575,18.1387943
1400,27,171,0.511,0.9208635821,441.550584117647,31.482593117647056
1401,27,173,0.283,0.856498873,15.084135225,17.78073125
1402,28,1,0.176,0.8167285924,900.8156823333334,20.736525222222223
1403,28,3,0.257,0.7412646173,194.454892,21.878762714285717
1404,28,5,0.452,0.658478335,18.65449,34.017215666666665
1405,28,7,0.358,0.7862996753,257.9510435,26.7861735
1406,28,9,0.61,0.6207466138,21.03938,33.103418500000004
1407,28,11,0.218,0.761148904,564.7661043749999,20.834708
1408,28,13,0.417,0.7737008427,213.4128588,25.0446786
1409,28,15,0.479,0.6858501784,17.627214000000002,30.7777765
1410,28,17,0.362,0.7302798982,59.5252665,23.67356325
1411,28,19,0.516,0.7898550725,133.92977199999999,27.501188666666668
1412,28,21,0.515,0.773977433,299.1793076666667,28.670754000000002
1413,28,23,0.503,0.7769772654,54.59660125,29.587417000000002
1414,28,25,0.208,0.8141821946,668.6535504000001,22.6115868
1415,28,27,0.252,0.7542242704,1071.5154461428572,25.554418
1416,28,29,0.477,0.7685241268,241.32024466666667,29.919222166666668
1417,28,31,0.42,0.6249470264,141.83293225,27.381259
1418,28,33,0.406,0.9163673605,1437.0387660303031,27.05398003030303
1419,28,35,0.212,0.8449633268,1486.374988117647,21.418428
1420,28,37,0.533,0.8192607664,14.1178205,32.733565
1421,28,39,0.48,0.8050027189,136.791774,37.012316999999996
1422,28,41,0.508,0.7142482975,20.588709,40.7580185
1423,28,43,0.224,0.79543058,602.9911893999999,20.1298336
1424,28,45,0.522,0.8516900206,488.86728271428575,32.881021
1425,28,47,0.275,0.8710936538,1397.940458488889,22.708932266666668
1426,28,49,0.284,0.8830472581,2055.279412921875,22.41501575
1427,28,51,0.587,0.6571714143,27.252641,29.177806999999994
1428,28,53,0.288,0.6523476523,328.87872799999997,21.103393333333333
1429,28,55,0.307,0.4813829787,3.4039874,24.11203
1430,28,57,0.405,0.7982437121,120.6988216,27.917676
1431,28,59,0.352,0.8780402266,1134.0073658928573,24.066617821428572
1432,28,61,0.518,0.6010954617,43.494849249999994,27.88252025
1433,28,63,0.383,0.8722596965,301.4965095,29.835737
1434,28,65,0.514,0.7531371207,31.327330333333332,35.07130966666667
1435,28,67,0.286,0.7156504065,358.0410930714285,22.854378
1436,28,69,0.537,0.7157993144,13.750486500000001,33.437746000000004
1437,28,71,0.234,0.9009724473,781.4012119,19.7785834
1438,28,73,0.306,0.8860815072,342.423493625,25.58127825
1439,28,75,0.22,0.8289146499,1071.7112293157895,20.328502736842108
1440,28,77,0.505,0.685172334,31.079667,33.517681
1441,28,79,0.428,0.7374052004,65.78771880000001,31.9961882
1442,28,81,0.205,0.8288344908,586.3922843157894,20.287542333333334
1443,28,83,0.145,0.5962097664,861.9340192125,19.95648625
1444,28,85,0.29,0.8254260709,310.25911483333334,27.48395383333333
1445,28,87,0.175,0.8510666258,510.2120274285714,22.0764135
1446,28,89,0.286,0.9218043019,1086.212558809524,25.109276285714287
1447,28,91,0.381,0.7994347212,214.25262816666668,28.591950666666666
1448,28,93,0.511,0.7887951242,184.420088,31.158988833333336
1449,28,95,0.306,0.8444379434,253.65057522222222,25.547530666666667
1450,28,97,0.368,0.7335621864,76.60531966666666,25.77322433333333
1451,28,99,0.332,0.7833738454,240.36111442857143,24.221720142857144
1452,28,101,0.46,0.6933870339,114.78668880000001,24.6447152
1453,28,103,0.413,0.6864764923,296.368551,23.896542333333333
1454,28,105,0.238,0.8368544601,767.29624125,18.241004375
1455,28,107,0.449,0.7521402035,181.35155283333333,28.900041833333333
1456,28,109,0.494,0.8314486481,293.8469278888889,34.05509544444445
1457,28,111,0.451,0.7484622144,23.518555666666668,33.96435266666666
1458,28,113,0.3,0.7555497176,403.220446125,24.671095125
1459,28,115,0.38,0.7346344804,115.93136783333334,24.74374016666667
1460,28,117,0.355,0.7868204635,207.44020700000002,23.091480400000002
1461,28,119,0.483,0.6667923106,233.97809800000002,28.83926633333333
1462,28,121,0.38,0.9146820072,776.9952626666667,25.908966777777778
1463,28,123,0.404,0.7453454696,199.3326825,26.74322583333333
1464,28,125,0.344,0.565,521.0627076000001,23.118721
1465,28,127,0.419,0.770813747,173.182715,33.0753172
1466,28,129,0.44,0.5793959607,28.643966333333335,30.223301000000003
1467,28,131,0.585,0.7892986699,165.65777066666666,31.551337
1468,28,133,0.23,0.7038967486,362.69961571428576,20.225174285714285
1469,28,135,0.439,0.6677464137,387.1346285,30.29776
1470,28,137,0.617,0.8367537313,236.2841308,32.4755944
1471,28,139,0.319,0.8039513678,239.2669055,25.979095
1472,28,141,0.342,0.7418047029,106.6642915,25.324700749999998
1473,28,143,0.482,0.8363888889,49.338075,21.0105675
1474,28,145,0.33,0.7759,161.50899016666668,23.3896135
1475,28,147,0.484,0.7831481481,164.08655133333335,27.756129333333334
1476,28,149,0.244,0.8062559467,781.4929095000001,21.597799749999997
1477,28,151,0.176,0.5527369826,1234.4376106421053,18.290241842105264
1478,28,153,0.431,0.8011012624,119.07951825,28.7802635
1479,28,155,0.552,0.8056571568,149.874505,25.750832000000003
1480,28,157,0.668,0.7305005821,14.5044455,32.929790499999996
1481,28,159,0.349,0.7608203678,110.2092704,26.535610400000003
1482,28,161,0.449,0.7607702998,85.69571066666667,26.699130999999998
1483,28,163,0.466,0.7354925776,544.7097163833333,26.330242
1484,29,1,0.14,0.8193244305,2263.0410857142856,15.193527257142858
1485,29,3,0.25,0.8213620072,71.6866985,27.172689
1486,29,5,0.228,0.8440087146,10.34307355,19.371012
1487,29,7,0.315,0.8417306195,251.1478757142857,19.217597285714284
1488,29,9,0.278,0.8178892216,104.34857157142856,24.852118571428573
1489,29,11,0.351,0.8185310734,103.78160733333334,21.008596333333333
1490,29,13,0.513,0.8082008368,109.91351625,32.234517249999996
1491,29,15,0.436,0.8076169483,30.90337483333333,29.183802833333335
1492,29,17,0.612,0.7990738359,23.715887666666664,35.31856166666667
1493,29,19,0.155,0.9033082947,2002.3255360344826,18.641936689655175
1494,29,21,0.149,0.8399904186,2300.73527436,20.15220924
1495,29,23,0.176,0.8216494845,493.01479,19.7484197
1496,29,25,0.549,0.8156502367,21.9408665,36.3252715
1497,29,27,0.331,0.8973029686,216.707150625,23.75034625
1498,29,29,0.266,0.8309842749,189.10076681818182,24.665219454545454
1499,29,31,0.195,0.8957718781,1622.0991665625,19.5015055
1500,29,33,0.371,0.7830380482,72.0577846,27.151635
1501,29,35,0.3,0.8142493639,12.650510400000002,26.546245499999998
1502,29,37,0.484,0.9111578549,747.7245319,31.3044509
1503,29,39,0.318,0.8110361959,75.794156,24.66773866666667
1504,29,41,0.382,0.8229755179,11.555243866666666,24.003870000000003
1505,29,43,0.382,0.9115775339,467.12055071428574,26.098475
1506,29,45,0.395,0.7236203091,28.273561799999996,28.436494333333332
1507,29,47,0.286,0.9092250119,1750.831451840909,23.75245715909091
1508,29,49,0.514,0.8584607915,187.36047225,31.269709250000002
1509,29,51,0.17,0.878683406,886.3274214666667,19.325461800000003
1510,29,53,0.436,0.8674015237,284.92253880000004,22.6544138
1511,29,55,0.371,0.7842205323,64.17971516666667,28.883132
1512,29,57,0.396,0.8113890718,17.1230035,28.952146
1513,29,59,0.569,0.7834164024,45.09697633333332,32.936171333333334
1514,29,61,0.404,0.7860631716,16.1156295,30.0224945
1515,29,63,0.475,0.801589404,30.682319500000002,28.638513500000002
1516,29,65,0.294,0.7672246696,411.33086649999996,23.6869985
1517,29,67,0.337,0.784556314,43.708633133333336,31.229745333333337
1518,29,69,0.377,0.8630541872,301.50642899999997,21.6574026
1519,29,71,0.439,0.8955213287,290.0399095294118,31.29210488235294
1520,29,73,0.407,0.8326983601,133.1963188,30.0518756
1521,29,75,0.335,0.8130724396,14.022027999999999,24.6086235
1522,29,77,0.189,0.8492574483,2373.079696483871,20.06574691935484
1523,29,79,0.238,0.763322884,236.702815725,20.779909
1524,29,81,0.273,0.8126631854,154.04947293333333,22.574054333333333
1525,29,83,0.3,0.8480752595,270.1196926666667,27.118730333333332
1526,29,85,0.397,0.671680648,35.06933333333333,32.194207
1527,29,87,0.31,0.7886178862,13.030413600000001,23.659662666666666
1528,29,89,0.427,0.8452003459,28.186339000000004,26.690044999999998
1529,29,91,0.219,0.8235294118,206.92330462500001,20.53237975
1530,29,93,0.41,0.8227714962,44.5321025,27.68986925
1531,29,95,0.318,0.8969199871,2994.172028518593,24.93412111167513
1532,29,97,0.169,0.8890772634,1262.9351745909091,18.856468818181817
1533,29,99,0.537,0.9082562482,951.9453113809524,33.207684285714286
1534,29,101,0.33,0.8937137331,635.6238066666667,23.780821255555555
1535,29,103,0.358,0.6556836903,11.512389149999999,24.0604285
1536,29,105,0.262,0.7744412925,452.693346,20.509579333333335
1537,29,107,0.411,0.8442675671,77.82984114285715,30.109559285714287
1538,29,109,0.387,0.8422485368,284.238596,24.48444957142857
1539,29,111,0.388,0.7210820896,29.618177,24.96323925
1540,29,113,0.547,0.9149866191,137.21257714285713,33.733368
1541,29,115,0.266,0.7733139051,110.86281124,20.8818478
1542,29,117,0.182,0.7613615789,804.9178402800001,18.7057248
1543,29,119,0.42,0.7740836466,50.4949145,28.723193000000002
1544,29,121,0.304,0.7871195561,78.68811186,22.758243
1545,29,123,0.343,0.8431798436,128.11629733333334,30.193517
1546,29,125,0.518,0.7737556561,20.047841000000002,34.57008366666667
1547,29,127,0.195,0.8878521283,1331.371841875,17.75421075
1548,29,129,0.349,0.8059006211,8.993223650000001,25.118308
1549,29,131,0.472,0.8395455451,179.2990224,26.445146
1550,29,133,0.256,0.869488923,338.464989275,21.11346475
1551,29,135,0.406,0.7956356079,211.50220075,25.26923825
1552,29,137,0.389,0.8017913898,13.742027,25.47874333333333
1553,29,139,0.458,0.8073654391,25.7177115,29.0988245
1554,29,141,0.416,0.7618931447,89.6824646,26.187046399999996
1555,29,143,0.29,0.8621247793,146.5819625,20.047894
1556,29,145,0.273,0.859128781,350.45965183333334,22.442757333333333
1557,29,147,0.151,0.8371677196,553.9651760600001,18.907107000000003
1558,29,149,0.288,0.7485119048,18.7789762,27.262877
1559,29,151,0.368,0.8322056834,23.61497025,29.7974945
1560,29,153,0.486,0.7859335752,13.126614499999999,30.267688
1561,29,155,0.24,0.8183277163,242.5024202333333,19.401036666666666
1562,29,157,0.269,0.837498293,389.26600080000003,23.5617586
1563,29,159,0.202,0.886284466,1133.8023853636364,19.440394
1564,29,161,0.186,0.8836998413,677.5036067,20.3175262
1565,29,163,0.28,0.8449852736,255.8898436,25.671748200000003
1566,29,165,0.331,0.9278557577,1283.258660286,24.16781235
1567,29,167,0.439,0.8088985531,49.53558925,26.961887
1568,29,169,0.273,0.8476938055,548.0715887777778,21.077577444444444
1569,29,171,0.254,0.7646744931,27.3697951,25.9276505
1570,29,173,0.252,0.89239707,28.967043,22.393032666666667
1571,29,175,0.26,0.8326848249,494.09812250000004,22.1046645
1572,29,177,0.529,0.8269953571,129.48037150000002,35.22091025
1573,29,179,0.376,0.7755190311,8.44375135,27.4927585
1574,29,181,0.453,0.8171215881,42.38117655,26.62676625
1575,29,183,0.369,0.9435789819,2601.5936772842406,28.2358202278481
1576,29,185,0.364,0.8017114914,15.749715799999999,31.653567
1577,29,186,0.36,0.8414171236,95.42382025,27.76212275
1578,29,187,0.288,0.8533156389,704.4055247272728,28.53898490909091
1579,29,189,0.299,0.9239714616,3272.0833143869345,25.317782256281408
1580,29,195,0.185,0.8601398601,984.3383763124999,18.271766625
1581,29,197,0.379,0.6730615508,14.424861,25.724138
1582,29,199,0.238,0.7945560596,137.3154385,22.621808
1583,29,201,0.231,0.8622963793,364.5341177,20.4799152
1584,29,203,0.409,0.7883654532,10.50611615,25.929446
1585,29,205,0.263,0.8155012637,13.996172333333334,21.870596000000003
1586,29,207,0.353,0.8502589309,250.74738325,22.135516875
1587,29,209,0.475,0.8798723501,130.4591395,30.280053666666664
1588,29,211,0.259,0.7651960784,17.72297,22.126290666666666
1589,29,213,0.247,0.8872883269,207.25596689,23.2817229
1590,29,215,0.343,0.8020352497,23.382224,26.466668249999998
1591,29,217,0.23,0.8365962892,276.1369509,22.010926833333333
1592,29,219,0.536,0.9029372298,130.4651756,31.5945962
1593,29,221,0.517,0.7952391697,110.99399739999998,36.438917200000006
1594,29,223,0.496,0.7908061292,25.5093905,33.483236
1595,29,225,0.484,0.801978038,95.20955775,30.139108874999998
1596,29,227,0.335,0.8157894737,8.142889,24.496984
1597,29,229,0.396,0.7652211373,53.36645849999999,28.7673475
1598,29,510,0.249,0.8569470405,6452.664287924528,26.892064320754717
1599,30,1,0.207,0.8716330988,154.63547343,16.398436333333333
1600,30,3,0.297,0.8122460038,3.017375978,22.2343862
1601,30,5,0.188,0.8332607749,2.199375175,16.742735500000002
1602,30,7,0.509,0.8213296399,151.30325,22.9024505
1603,30,9,0.417,0.8462680237,43.06630412,28.317268000000002
1604,30,11,0.329,0.8597662771,0.34722722,21.376202
1605,30,13,0.122,0.8735856083,2142.6570022727274,17.551433227272728
1606,30,15,0.301,0.7237793852,1.6200396000000001,20.379495499999997
1607,30,17,0.11,0.857850912,1601.5333172849998,13.274362433333332
1608,30,19,0.153,0.8645251397,1.2278198,12.892091
1609,30,21,0.19,0.8714285714,73.20356938,16.12361
1610,30,23,0.293,0.7912280702,86.76902356666666,21.454828666666668
1611,30,25,0.117,0.8655021834,1.783101,15.711644
1612,30,27,0.189,0.8638461538,371.41890705,16.8814135
1613,30,29,0.252,0.9003856041,688.6814105694737,20.405000105263156
1614,30,31,0.16,0.92296776,1582.8203047045456,17.663201863636363
1615,30,33,0.256,0.9115479115,0.25794828,14.118705
1616,30,35,0.201,0.8411595592,126.91885281225,17.52404575
1617,30,37,0.447,0.7430939227,0.75212151,29.454546
1618,30,39,0.477,0.8349090909,1.7824321,26.341755
1619,30,41,0.079,0.8101509798,425.6289589,15.295860833333334
1620,30,43,0.295,0.8936605317,25.6249768,23.89860366666667
1621,30,45,0.387,0.8500551268,1.1081275,18.985472
1622,30,47,0.255,0.83137577,24.2356619,21.860108125
1623,30,49,0.129,0.8892187245,583.0659387714286,18.604096857142856
1624,30,51,0.211,0.697810219,1.6356128,15.672969
1625,30,53,0.175,0.8688191465,377.70537784,18.343758
1626,30,55,0.284,0.8202933985,0.65602994,16.779976
1627,30,57,0.394,0.8703753713,2.1451605333333332,22.520431000000002
1628,30,59,0.255,0.8049052397,0.79058057,16.951948
1629,30,61,0.427,0.7997185741,3.4667542,22.4365005
1630,30,63,0.155,0.9236086906,2103.32565154,18.297372250000002
1631,30,65,0.378,0.8240262787,102.14493440000001,24.907456500000002
1632,30,67,0.392,0.8814339348,333.81767156,20.510527666666665
1633,30,69,0.243,0.84,0.2985127,12.026011
1634,30,71,0.157,0.8795929904,0.82742625,15.016104
1635,30,73,0.247,0.8022321429,3.9016062,17.368779
1636,30,75,0.418,0.7812061711,0.52861464,14.747968
1637,30,77,0.2,0.7836456559,8.015463024999999,25.97342
1638,30,79,0.318,0.7711538462,0.67885923,14.675
1639,30,81,0.311,0.8800788114,27.209083040000003,24.6125787
1640,30,83,0.288,0.8562222222,30.960440475000002,16.03510475
1641,30,85,0.265,0.6857429719,4.7657385,13.551648333333333
1642,30,87,0.135,0.7530140111,47.44156514,17.068416250000002
1643,30,89,0.316,0.8509077572,3.9323719666666666,24.026346666666665
1644,30,91,0.113,0.8646258503,2.05790775,15.327403
1645,30,93,0.087,0.8498729393,2282.9890419125,15.467065375
1646,30,95,0.365,0.8475058155,6.514737,29.025369333333334
1647,30,97,0.26,0.8784235137,1.9679767,20.862633
1648,30,99,0.3,0.8405383361,3.5340879,21.212326
1649,30,101,0.111,0.8804168952,1486.0058826333334,15.376406000000001
1650,30,103,0.15,0.7591623037,0.73460352,18.039188
1651,30,105,0.169,0.8438133874,137.24211208999998,14.840615
1652,30,107,0.225,0.7734104046,1.5233331,18.154472
1653,30,109,0.255,0.8803418803,1.1436411,18.870689
1654,30,111,0.141,0.9087943181,2423.89160255625,18.5623129375
1655,31,1,0.154,0.8819379845,1139.7016302333332,16.619986111111114
1656,31,3,0.213,0.825828061,65.02196303333334,18.495598
1657,31,5,0.391,0.8695652174,0.64303738,21.233334
1658,31,7,0.432,0.8333333333,0.92479163,26.001534
1659,31,9,0.257,0.8125,0.67241168,21.557417
1660,31,11,0.202,0.8197093551,82.76675929999999,16.705723
1661,31,13,0.067,0.9224156932,70.20960706666666,15.402124
1662,31,15,0.246,0.8826530612,3.8874691,16.783316
1663,31,17,0.051,0.8435430464,2.5750554,14.026452
1664,31,19,0.156,0.9075882413,1471.7312524454546,16.51729509090909
1665,31,21,0.377,0.8364143704,14.085145000000002,24.867794
1666,31,23,0.357,0.8612210288,40.8673145,24.168508333333335
1667,31,25,0.515,0.9008616608,92.33741416666668,27.956449333333335
1668,31,27,0.264,0.8046212343,12.0028805,18.6223765
1669,31,29,0.16,0.872651357,4.4341636,13.990273
1670,31,31,0.137,0.8362494392,1.956344725,14.779189
1671,31,33,0.172,0.914272581,335.9783284333334,16.062845999999997
1672,31,35,0.336,0.8662626263,11.8833329,20.777912999999998
1673,31,37,0.188,0.8790876614,88.32842616666666,19.861274666666667
1674,31,39,0.199,0.8106821787,21.062735333333332,17.425983
1675,31,41,0.19,0.816427289,67.240189875,19.01458975
1676,31,43,0.081,0.8332648308,1370.298242,18.878846
1677,31,45,0.186,0.8308192842,116.18031214999999,16.084636
1678,31,47,0.193,0.8317746604,361.6920007285714,15.865201142857144
1679,31,49,0.344,0.8557575758,4.412858,17.879555
1680,31,51,0.364,0.8243182834,12.964241150000001,24.742166500000003
1681,31,53,0.24,0.8815178632,1699.7752251111112,20.697432222222222
1682,31,55,0.178,0.9153181896,3924.1081894102563,20.24200216025641
1683,31,57,0.152,0.8345771144,2.183373,15.001959
1684,31,59,0.202,0.811922754,10.17170625,16.8571265
1685,31,61,0.282,0.811627907,5.71157575,21.9646185
1686,31,63,0.354,0.7321937322,2.8278501,19.422407
1687,31,65,0.178,0.7487537388,6.895813,16.832516
1688,31,67,0.263,0.8618205632,795.4997493857143,20.320631
1689,31,69,0.131,0.8282950423,1.2069592,15.565024
1690,31,71,0.125,0.8226666667,3.5960619,15.857414
1691,31,73,0.206,0.8352638353,4.4613724,20.356997
1692,31,75,0.312,0.806779661,0.79100877,19.966454
1693,31,77,0.234,0.8522848034,4.4541087,19.832708
1694,31,79,0.126,0.8792510039,1607.7089025714286,16.545723928571427
1695,31,81,0.246,0.9179765647,67.55675623333333,19.079198666666667
1696,31,83,0.252,0.7991666667,6.1846619,19.181391
1697,31,85,0.227,0.8067226891,1.3561233,18.915094
1698,31,87,0.232,0.7635555556,4.0961037,20.004389
1699,31,89,0.15,0.8287401575,31.46205595,16.5323975
1700,31,91,0.263,0.7133757962,1.0206332,16.335365
1701,31,93,0.401,0.8127506014,11.3602348,22.5369545
1702,31,95,0.218,0.7909441233,335.5176264,20.041396000000002
1703,31,97,0.349,0.8462857143,20.237765500000002,25.4598875
1704,31,99,0.25,0.8798534799,97.5582489,19.552222
1705,31,101,0.116,0.8585909782,1215.1440598666668,16.205954000000002
1706,31,103,0.384,0.8409785933,1.0658774,19.081896
1707,31,105,0.226,0.8497713912,4.0143046,15.923546
1708,31,107,0.245,0.829984544,8.657544766666666,18.391712333333334
1709,31,109,0.156,0.9215659569,3820.579155837838,19.091174819444447
1710,31,111,0.126,0.8806993486,1391.983876175,17.228964375
1711,31,113,0.413,0.8520900322,1.3370484,25.982027
1712,31,115,0.339,0.859437751,1.1121083,22.367886
1713,31,117,0.37,0.9387755102,0.62749135,33.962585
1714,31,119,0.093,0.8419304692,1412.307038111111,15.043982111111111
1715,31,121,0.277,0.8619937695,94.32790403333333,21.10054
1716,31,123,0.28,0.8010582011,3.5411332,21.318666
1717,31,125,0.318,0.8276374443,8.4572487,23.123747
1718,31,127,0.198,0.8129445235,75.2249936,17.8652725
1719,31,129,0.21,0.8394722375,57.01963085,17.7377065
1720,31,131,0.373,0.9205978515,719.72022042,23.0575382
1721,31,133,0.224,0.7790157846,6.432755,21.60437
1722,31,135,0.179,0.8803786575,3.3622577,16.496658
1723,31,137,0.183,0.833202409,120.79338733333334,15.930543666666667
1724,31,139,0.281,0.8681357118,13.42659145,20.419699
1725,31,141,0.135,0.8725929243,857.3329521285714,15.96244542857143
1726,31,143,0.259,0.8542274052,12.273997000000001,20.3257835
1727,31,145,0.082,0.8426384511,223.71391196666664,13.600733666666665
1728,31,147,0.249,0.8203760876,38.761264266666664,20.190275
1729,31,149,0.088,0.7920962199,1.5134114,16.394701
1730,31,151,0.274,0.8292682927,59.159192049999994,22.03626275
1731,31,153,0.204,0.9478262066,2349.5100023255814,21.05808818604651
1732,31,155,0.465,0.9116780045,88.2453816,25.5775462
1733,31,157,0.081,0.8291923408,808.6209539545456,16.34485590909091
1734,31,159,0.333,0.8886380737,267.911268,20.81368825
1735,31,161,0.298,0.8336475024,4.0173578,17.5104415
1736,31,163,0.292,0.7704791345,5.5705972,25.388342
1737,31,165,0.431,0.7789934354,0.63433236,23.997253
1738,31,167,0.272,0.8248143294,22.3975606,20.842058
1739,31,169,0.13,0.8616714697,9.3972876,14.972669
1740,31,171,0.215,0.9245283019,0.9071331,16.964285
1741,31,173,0.264,0.8179525971,17.310698,19.942337000000002
1742,31,175,0.124,0.81064764,40.9121072,15.830223499999999
1743,31,177,0.383,0.9236086283,157.4487354,24.3029262
1744,31,179,0.169,0.8928761297,190.00276195,17.315234500000003
1745,31,181,0.341,0.8995342648,6.69661355,21.539852000000003
1746,31,183,0.264,0.7604456825,1.4221585,18.411016
1747,31,185,0.135,0.918053319,134.849467575,15.05670625
1748,32,1,0.239,0.8845600329,675.101302012857,22.16880057142857
1749,32,3,0.345,0.9052453569,6243.711745586243,25.995873839835728
1750,32,5,0.378,0.9341581342,699.4676125,24.7486390625
1751,32,7,0.194,0.883556738,475.0826330157143,25.213198928571426
1752,32,9,0.201,0.9188640974,0.21860053,22.098015
1753,32,11,0.267,0.9047619048,0.47585016,19.143618
1754,32,13,0.208,0.883807346,416.51446544749996,28.787307
1755,32,15,0.093,0.9516550523,1.0518924,24.706486
1756,32,17,0.218,0.8087330873,0.556347685,19.480878500000003
1757,32,19,0.459,0.911326474,483.01566253,29.9612713
1758,32,21,0.189,0.8452655889,8.712825825,18.722933
1759,32,23,0.305,0.807774689,136.026292576,29.145571666666665
1760,32,27,0.415,0.8852192745,1.118683,23.690554
1761,32,29,0.557,0.9407684098,15.251787,30.541395
1762,32,31,0.24,0.9029045855,3479.083008493609,20.735015611111113
1763,32,33,0.143,0.8500146757,23.084059133333337,20.437643666666666
1764,32,510,0.272,0.9003889734,3290.9193066153844,19.262989153846153
1765,33,1,0.38,0.9020215943,410.41486246666665,26.023984
1766,33,3,0.357,0.9062273715,68.92071954545455,26.553888454545458
1767,33,5,0.3,0.9019954782,438.460419125,23.3896325625
1768,33,7,0.28,0.8627152989,108.59574188181818,20.294750454545454
1769,33,9,0.323,0.8812418645,194.75303568421054,23.495002736842107
1770,33,11,0.378,0.9262037059,3435.233201255814,27.00940696470588
1771,33,13,0.395,0.9107122177,736.5616612777777,25.557108027777776
1772,33,15,0.439,0.9443154169,972.8501512307693,30.081983875
1773,33,17,0.375,0.9174212522,1123.2288547199998,25.45143744
1774,33,19,0.41,0.8611232042,163.5227366,24.9762725
1775,34,1,0.307,0.9044447715,4145.148668115941,24.13392891304348
1776,34,3,0.41,0.9396587104,7771.007042625698,31.923523189944135
1777,34,5,0.437,0.9411460641,2627.2757358508775,29.332663324561405
1778,34,7,0.402,0.9122845505,4779.302665031496,28.978957086614173
1779,34,9,0.294,0.9152786856,1371.74895471875,24.5037065625
1780,34,11,0.355,0.8750492117,2508.5427467352943,24.565933806451614
1781,34,13,0.447,0.8776053397,14775.454286523809,33.017547785714285
1782,34,15,0.457,0.9188700848,2111.270587301587,29.332642
1783,34,17,0.529,0.9107568211,32234.739400096383,34.7014810969697
1784,34,19,0.545,0.9423512579,824.4752934615384,35.060822384615385
1785,34,21,0.323,0.9023143697,7447.434620909091,27.406432155844154
1786,34,23,0.455,0.9313929518,5488.585545371428,33.121426199999995
1787,34,25,0.444,0.9315933572,3468.962026818182,35.046022888111885
1788,34,27,0.445,0.9473311093,2455.5360732999998,30.95576699
1789,34,29,0.427,0.8759776583,2677.23164149752,33.4660558
1790,34,31,0.381,0.9150109011,13065.4366071,27.604573900000002
1791,34,33,0.394,0.8870624171,1253.6536530416668,25.440321416666666
1792,34,35,0.466,0.9543871033,2958.441368397059,31.08028095588235
1793,34,37,0.569,0.9402386268,937.4961909024391,39.74361770731707
1794,34,39,0.408,0.9217308083,9765.170718425927,30.43562359259259
1795,34,41,0.536,0.9132679171,1655.9011535217392,34.50849639130435
1796,35,1,0.256,0.8818408443,4159.08626020915,22.88917665359477
1797,35,3,0.253,0.6486322188,0.53800792,24.311028
1798,35,5,0.171,0.7822495234,1149.071081345625,18.4468416875
1799,35,6,0.324,0.7323117443,610.8991457571428,24.583270714285714
1800,35,7,0.178,0.7818215407,4.6509417,16.866616333333333
1801,35,9,0.13,0.878837096,1484.4294386083336,17.114183999999998
1802,35,11,0.015,0.7661623109,0.87056744,17.243483
1803,35,13,0.246,0.8823895606,1937.04569247561,22.786443170731705
1804,35,15,0.222,0.8526995053,1098.6863222,19.719283
1805,35,17,0.174,0.8466889511,226.08870351250002,21.59351775
1806,35,19,0.217,0.7711922812,1.5466187,17.647854
1807,35,21,0.408,0.6595744681,0.32699081,21.293549
1808,35,23,0.239,0.7921385743,276.00927253,22.122167
1809,35,25,0.255,0.8437398242,1046.98465585,19.267044222222225
1810,35,27,0.233,0.8306313993,106.151532572,22.3563522
1811,35,28,0.061,0.9464133479,172.3323375,16.2820155
1812,35,29,0.207,0.7925567056,825.1883231333333,19.2704135
1813,35,31,0.361,0.5780538695,297.87611478823527,26.277017352941176
1814,35,33,0.742,0.5816172777,2.5273471,35.549564
1815,35,35,0.238,0.879555281,1242.2417367625,21.8526965625
1816,35,37,0.129,0.7030716724,161.24682,15.153942666666666
1817,35,39,0.466,0.7128838451,198.0781048,29.424587888888887
1818,35,41,0.22,0.8570239911,926.85800344,17.8410992
1819,35,43,0.503,0.8888251018,1349.4621551892856,30.533738629629628
1820,35,45,0.324,0.6917399459,737.7315266121212,26.330937575757574
1821,35,47,0.249,0.7510902382,495.5395265714286,25.447232000000003
1822,35,49,0.29,0.8813231816,1534.718689028,24.127282660000002
1823,35,51,0.094,0.8095589592,549.4299483,20.2350965
1824,35,53,0.178,0.5970892378,394.62023826499995,21.586631
1825,35,55,0.331,0.839200498,74.01652281666667,26.380450166666666
1826,35,57,0.653,0.7861101489,31.843494449999998,36.203618
1827,35,59,0.184,0.8324468085,1.1896718,19.781797
1828,35,61,0.488,0.8026286312,505.9306266388889,31.9298105
1829,36,1,0.212,0.8937601712,4385.8280804,21.932620653333334
1830,36,3,0.326,0.8479216744,51.576563561538464,23.25579369230769
1831,36,5,0.568,0.852733711,59550.51215148672,44.640327132930516
1832,36,7,0.149,0.8842396156,2935.2742473090907,19.977715054545452
1833,36,9,0.308,0.8150021997,564.5421239047619,23.03496475
1834,36,11,0.323,0.8705240314,1479.3605888947368,23.107653947368423
1835,36,13,0.208,0.85847543,1639.5725634,19.3298844
1836,36,15,0.175,0.8692003666,2773.7283157272727,18.98072186363636
1837,36,17,0.298,0.8771212121,610.4725680833334,25.420456916666666
1838,36,19,0.22,0.8672616901,1779.163655263158,20.210344
1839,36,21,0.372,0.8827113189,409.3069239047619,27.166019999999996
1840,36,23,0.333,0.8705242967,2731.228751666667,21.27615
1841,36,25,0.34,0.8572861139,341.6483647857143,24.13325857142857
1842,36,27,0.421,0.9255538964,1619.562087341772,30.491104805194805
1843,36,29,0.232,0.8903430541,4702.395624338983,22.47347588162393
1844,36,31,0.314,0.8943200948,37.67191966923077,22.697307153846154
1845,36,33,0.206,0.847041697,199.99054829285714,20.51376821428571
1846,36,35,0.324,0.8657053125,1658.9148025333334,24.01842806666667
1847,36,37,0.333,0.8858653963,1408.042207,22.932338666666666
1848,36,39,0.445,0.8456674731,469.7036818666666,28.829337357142858
1849,36,41,0.384,0.8792041686,3.3761271,23.36328925
1850,36,43,0.344,0.8746165343,880.0376942631578,22.590477789473685
1851,36,45,0.212,0.894284919,1100.775639396,19.63220488
1852,36,47,0.629,0.8791892995,48426.41369456395,45.491779688502675
1853,36,49,0.319,0.8464135791,23.151689857142856,23.055143571428573
1854,36,51,0.402,0.8766903695,1082.7555267999999,25.834634714285716
1855,36,53,0.385,0.8770879787,634.2956316875001,23.852926625
1856,36,55,0.173,0.8931331476,4708.187752447917,21.123643712041886
1857,36,57,0.365,0.8242175315,2011.5076557500001,23.9459626875
1858,36,59,0.47,0.9368657855,7606.629277347671,36.26185123550725
1859,36,61,0.675,0.9113307608,85269.31571197083,32.51615098939929
1860,36,63,0.311,0.8860131376,2957.198991704918,21.006883033333335
1861,36,65,0.226,0.8780852259,2889.269294898919,20.74734893150685
1862,36,67,0.175,0.8953391156,3891.2785848142853,20.436618507142857
1863,36,69,0.325,0.9032379834,1059.30622852,24.23672356
1864,36,71,0.456,0.8859231962,2720.5797650126583,32.571703784810126
1865,36,73,0.445,0.8703726555,542.7251638,26.8775463
1866,36,75,0.387,0.8969702113,1135.6850820689654,24.90847396551724
1867,36,77,0.32,0.856334041,1677.4248674705882,22.180826117647058
1868,36,79,0.598,0.9458264392,815.6183136842105,40.0008967368421
1869,36,81,0.636,0.9068471318,35025.63705834222,45.03359469290123
1870,36,83,0.306,0.9019823955,2651.9287227619047,25.12442157142857
1871,36,85,0.53,0.8950525443,13005.231240522937,44.81566727777778
1872,36,87,0.418,0.877541536,5345.378633538462,33.57674696923077
1873,36,89,0.269,0.8474791527,844.7147671678571,20.468074053571428
1874,36,91,0.367,0.9196173687,1353.5861043599998,26.2070583
1875,36,93,0.311,0.8829383029,4491.178214232557,23.015584279069767
1876,36,95,0.474,0.8603585497,781.9647729999999,27.835381675
1877,36,97,0.388,0.8505064146,63.568196799999996,26.8637384
1878,36,99,0.272,0.8467724249,219.71702340000002,24.1191896
1879,36,101,0.275,0.8600575599,955.1174711666666,23.178517666666668
1880,36,103,0.433,0.9266553447,3329.917529636646,32.64398673291925
1881,36,105,0.338,0.8759887473,154.994051625,29.398721
1882,36,107,0.349,0.8967052538,586.9303807,25.3633755
1883,36,109,0.2,0.8981487901,3085.288829608696,18.762701739130435
1884,36,111,0.377,0.9116613091,1103.7796755042552,27.212715638297873
1885,36,113,0.276,0.8925801405,1337.4716091052633,23.160580421052632
1886,36,115,0.402,0.861878453,524.9688991764706,26.991126411764707
1887,36,117,0.377,0.8819004762,406.2673884090909,26.4768455
1888,36,119,0.436,0.92415788,9496.044448161436,34.68795566666667
1889,36,121,0.397,0.8459078891,83.89384863636364,27.151009454545456
1890,36,123,0.31,0.7813084112,90.6460372,24.933865
1891,37,1,0.37,0.8818690551,1088.97009825,22.89172633333333
1892,37,3,0.393,0.8463476071,197.46951714285711,24.521994
1893,37,5,0.27,0.8104575163,67.27965999999999,24.17878966666667
1894,37,7,0.479,0.8438777965,66.72099633333333,28.732142333333332
1895,37,9,0.325,0.8018168181,80.62240983333334,29.199362833333335
1896,37,11,0.268,0.826040555,78.55981,23.7103456
1897,37,13,0.35,0.8457833848,284.35817690909096,26.379159909090912
1898,37,15,0.35,0.6990318907,30.624794,28.45974975
1899,37,17,0.446,0.8342071336,58.375402333333334,27.54046483333333
1900,37,19,0.325,0.9265317524,346.53627865625,25.18278759375
1901,37,21,0.2,0.8772791024,1056.8141692857143,22.382707642857145
1902,37,23,0.285,0.8277813397,432.67534127777776,22.090947833333335
1903,37,25,0.435,0.9127037452,1211.6777674054053,28.360147783783784
1904,37,27,0.343,0.851583959,503.66074094117647,22.62227476470588
1905,37,29,0.405,0.9222391084,43.533209,33.662029
1906,37,31,0.291,0.9201871915,639.2404612972973,24.044319555555557
1907,37,33,0.545,0.7957819523,59.566483,32.027210333333336
1908,37,35,0.258,0.8748178709,801.4602429032259,22.036450064516128
1909,37,37,0.426,0.8667720832,229.66646953846154,28.598869999999998
1910,37,39,0.317,0.8221131728,72.12042085714286,24.18894685714286
1911,37,41,0.337,0.8330272166,232.49224733333335,24.797059
1912,37,43,0.292,0.7907161278,69.663834,25.640801500000002
1913,37,45,0.327,0.8076468376,447.5492218636364,24.470908681818184
1914,37,47,0.425,0.8023612628,97.6102156153846,27.982839461538465
1915,37,49,0.258,0.8355999228,893.6499706190476,21.638139476190478
1916,37,51,0.261,0.8969153437,1748.6764555147058,22.58987019402985
1917,37,53,0.626,0.9139775594,111.28987128571428,35.74706257142857
1918,37,55,0.237,0.9287751016,528.6108576555556,20.483482444444448
1919,37,57,0.319,0.8713364082,643.567102382353,23.69992294117647
1920,37,59,0.402,0.9166716055,197.13430242857143,24.99619642857143
1921,37,61,0.401,0.7886146497,86.65627736363636,27.048131
1922,37,63,0.266,0.9282320833,2639.6208236655,22.322817750000002
1923,37,65,0.321,0.7757128961,404.985717,22.498980714285715
1924,37,67,0.247,0.8919180958,1637.998025376344,22.195187204301078
1925,37,69,0.598,0.8765031703,149.90230433333332,35.169903999999995
1926,37,71,0.422,0.8717804241,1040.1732812307691,25.717223553846154
1927,37,73,0.621,0.7428300545,38.66094733333333,37.32720833333334
1928,37,75,0.278,0.806763285,37.83686433333333,26.176621333333333
1929,37,77,0.522,0.8878066378,379.15736769230773,28.184553692307695
1930,37,79,0.402,0.8042746304,84.404611,27.082876499999998
1931,37,81,0.245,0.893126729,2117.5151725630253,22.33502984745763
1932,37,83,0.343,0.7022546746,646.1311088333333,25.06351008333333
1933,37,85,0.514,0.8349678242,296.7042757777778,31.308119185185184
1934,37,87,0.342,0.8291872105,343.08803469062497,24.000240125
1935,37,89,0.288,0.879975408,640.1996476666667,22.767111269230767
1936,37,91,0.362,0.7951734902,103.10228280000001,24.952513200000002
1937,37,93,0.509,0.8843468528,306.80781444444443,27.030697625000002
1938,37,95,0.195,0.6888888889,9.4826174,22.491997
1939,37,97,0.33,0.9261023095,646.9378330909091,26.39485609090909
1940,37,99,0.27,0.7648645673,114.23913099999999,22.507458888888888
1941,37,101,0.55,0.861713633,343.22619328,31.96501272
1942,37,103,0.452,0.7619412516,21.695627666666667,30.685586333333333
1943,37,105,0.39,0.7603309137,703.4325768461538,25.683356923076925
1944,37,107,0.305,0.7959005669,796.3357397333333,23.050197733333334
1945,37,109,0.502,0.9044309296,487.43759944444446,29.311205500000003
1946,37,111,0.342,0.829601518,376.59114600000004,25.7539387
1947,37,113,0.293,0.8078496407,140.67833277777777,20.904960666666668
1948,37,115,0.493,0.8172401476,60.04837683333333,33.92627366666667
1949,37,117,0.411,0.8145497276,105.29780483333333,25.875055833333334
1950,37,119,0.352,0.9313909733,2661.774503088884,27.423550891774894
1951,37,121,0.363,0.8047106536,90.5877375,27.001327
1952,37,123,0.393,0.7866997519,62.02919816666667,27.120491
1953,37,125,0.417,0.8957350399,365.8592002222222,23.217510555555556
1954,37,127,0.288,0.8253547727,634.5677542222222,23.572825166666668
1955,37,129,0.206,0.9187309526,2016.6710661877273,21.554663795454545
1956,37,131,0.399,0.6979070686,63.332784200000006,27.2745308
1957,37,133,0.317,0.9216586684,1121.2581178064515,23.497965967741937
1958,37,135,0.319,0.9356667139,2240.3699879285714,22.98695242857143
1959,37,137,0.353,0.8529074216,39.441532,29.5663875
1960,37,139,0.361,0.8990515785,1167.0214019999999,24.4122818
1961,37,141,0.529,0.8802583637,164.95006098666667,30.118259799999997
1962,37,143,0.524,0.841218638,63.24604166666666,32.06724033333333
1963,37,145,0.501,0.875208192,273.67371299999996,30.703174714285716
1964,37,147,0.233,0.8705520135,1512.63242953125,22.06293140625
1965,37,149,0.451,0.8285779764,145.70179514285715,26.513185
1966,37,151,0.331,0.8603651044,574.8776783571428,24.247183714285715
1967,37,153,0.348,0.845519777,446.3440900909091,22.275778454545453
1968,37,155,0.33,0.736173498,436.19127564516134,26.632340838709677
1969,37,157,0.394,0.8199036342,336.17999633333335,27.039331
1970,37,159,0.353,0.8872095842,730.9509228999999,24.188517033333333
1971,37,161,0.35,0.8261687164,274.7518047692307,23.296051153846154
1972,37,163,0.434,0.8289479856,108.115193,26.404106272727276
1973,37,165,0.302,0.8453458306,357.27592214285715,21.449749999999998
1974,37,167,0.424,0.8726878376,325.5551586923077,26.613513615384615
1975,37,169,0.524,0.8486115412,207.46331266666664,31.499029333333333
1976,37,171,0.309,0.8335490022,336.5154186363636,25.74832559090909
1977,37,173,0.227,0.7579235909,84.5067976,21.17792025
1978,37,175,0.32,0.8617546265,179.07494057142858,23.947705000000003
1979,37,177,0.355,0.744740533,11.32803,33.985657
1980,37,179,0.486,0.9338570612,787.792478292683,30.973012292682924
1981,37,181,0.323,0.8190411044,830.3343122,24.17745
1982,37,183,0.367,0.9465572799,2285.597957291818,26.437629607526883
1983,37,185,0.389,0.7649432535,55.59852733333333,32.853660999999995
1984,37,187,0.362,0.7293046358,59.729792333333336,30.067595666666666
1985,37,189,0.245,0.8901684996,610.2939577692307,21.53828869230769
1986,37,191,0.267,0.8873272479,591.4306886923076,22.397298384615382
1987,37,193,0.337,0.8637256719,233.1623147142857,24.429987428571426
1988,37,195,0.286,0.8172550213,1135.9435203157896,22.926404105263156
1989,37,197,0.425,0.8379775734,119.7501072857143,28.244867285714285
1990,37,199,0.375,0.8050806058,66.026691,28.712600199999997
1991,38,1,0.148,0.7978410206,2.3723724,13.382917
1992,38,3,0.23,0.8120362737,440.235203225,18.13643575
1993,38,5,0.204,0.8178980229,6.59621465,20.114002499999998
1994,38,7,0.487,0.7930107527,0.68154931,23.176752
1995,38,9,0.285,0.9124304267,195.30879643333333,18.945678666666666
1996,38,11,0.196,0.8940986257,66.14013569999999,14.69952
1997,38,13,0.417,0.9162191192,1.7833065,19.252037
1998,38,15,0.101,0.8867471074,2047.9394223789473,17.26553489473684
1999,38,17,0.11,0.8912793261,3335.755138039394,17.401366303030304
2000,38,19,0.176,0.8382066277,155.3159114,13.919629
2001,38,21,0.221,0.8166922683,66.7472972,16.232060333333333
2002,38,23,0.216,0.9090909091,1.642626,14.637697
2003,38,25,0.327,0.8658294779,1.7605529,21.651968
2004,38,27,0.301,0.8520140105,3.7846868,17.900579
2005,38,29,0.231,0.768469657,2.3503163,18.184978
2006,38,31,0.177,0.899669967,5.2608137,13.516038
2007,38,33,0.323,0.8521870287,1.6786805,15.774898
2008,38,35,0.109,0.8754066677,2674.102616211111,16.30015261111111
2009,38,37,0.239,0.802238806,1.442917,20.803047
2010,38,39,0.184,0.8467230444,3.414149,15.573636
2011,38,41,0.291,0.8265582656,2.1838968,17.050925
2012,38,43,0.266,0.7378210806,1.8021165,22.275612
2013,38,45,0.248,0.8697429907,3.79235865,17.552007500000002
2014,38,47,0.278,0.7968952135,2.0043955,19.064102
2015,38,49,0.511,0.8136865342,2.98249825,24.8650465
2016,38,51,0.151,0.8018471872,2.881815,14.539307
2017,38,53,0.248,0.8561759729,54.771649024999995,20.70964775
2018,38,55,0.341,0.841586482,4.8447225,23.167939
2019,38,57,0.212,0.8825820812,128.15969653333335,16.832071
2020,38,59,0.172,0.8959272674,770.0475482600001,21.5148854
2021,38,61,0.304,0.8627246679,8.242493300000001,17.303653999999998
2022,38,63,0.295,0.7938223938,3.1840289,22.875582
2023,38,65,0.324,0.8569463549,2.5549784,24.675364
2024,38,67,0.202,0.844880027,75.35199352,17.6516358
2025,38,69,0.123,0.8869565217,4.2097572,16.145685
2026,38,71,0.117,0.8192864031,389.8024983,15.014568000000002
2027,38,73,0.197,0.8477223427,102.48413636666668,17.260801333333333
2028,38,75,0.459,0.9295010846,2.8162494,19.859888
2029,38,77,0.29,0.8849793022,372.0446485666667,20.864462
2030,38,79,0.208,0.8646228974,32.678886150000004,16.39673075
2031,38,81,0.218,0.8731257209,4.62276745,17.041808500000002
2032,38,83,0.282,0.8357988166,1.3585237,19.046371
2033,38,85,0.283,0.7600749766,5.4852378999999996,18.9022225
2034,38,87,0.344,0.7970588235,0.59839231,18.756554
2035,38,89,0.152,0.8843156541,1226.2419679625,16.298844375
2036,38,91,0.192,0.7606019152,2.7730389,19.787731
2037,38,93,0.162,0.8565895643,803.7268136166667,16.1583115
2038,38,95,0.18,0.8361169102,2.1921582,17.379398
2039,38,97,0.232,0.8118214717,175.005095775,19.20581725
2040,38,99,0.176,0.8265168539,179.6831815666667,18.633521666666667
2041,38,101,0.14,0.8961470484,1486.2487424307692,16.20020246153846
2042,38,103,0.173,0.8113938053,182.44293455000002,16.901697499999997
2043,38,105,0.176,0.8892082571,1064.4060436285713,16.51851214285714
2044,39,1,0.475,0.8252199413,62.69391333333334,35.9525345
2045,39,3,0.193,0.8789093041,1830.1283960606058,19.643113
2046,39,5,0.327,0.8619637843,700.8510275454545,21.021573727272727
2047,39,7,0.353,0.8575425447,819.4347093599999,24.68763564
2048,39,9,0.255,0.8513775196,2611.9080943333333,22.051769999999998
2049,39,11,0.169,0.8762070603,515.4451826363636,19.358268454545453
2050,39,13,0.292,0.838147448,985.4992356999999,23.88932565
2051,39,15,0.563,0.8263633712,104.00143766666666,36.21536655555556
2052,39,17,0.36,0.9115071059,2482.5075719,24.0729473875
2053,39,19,0.441,0.7777100035,106.21637257142858,29.501813571428574
2054,39,21,0.414,0.8825425477,358.3494207,26.1207809
2055,39,23,0.272,0.8954902847,2068.4294421363634,22.62620056818182
2056,39,25,0.478,0.9185974814,1113.146952225,29.837316199999997
2057,39,27,0.389,0.8703278094,650.7863236666667,25.22585411111111
2058,39,29,0.351,0.8552749245,969.0316855416667,24.091958083333335
2059,39,31,0.329,0.8031628533,832.6079121999999,22.5555891
2060,39,33,0.292,0.8786975717,890.4762624615385,20.616629692307693
2061,39,35,0.303,0.8728267166,5231.960784194977,26.18925589616253
2062,39,37,0.3,0.8513969623,303.06857475,23.62171508333333
2063,39,39,0.246,0.8783818939,467.64780988888896,20.24480777777778
2064,39,41,0.396,0.957429619,1367.4363417142856,28.126839457142857
2065,39,43,0.241,0.8636137227,1976.3084146111114,19.232948166666667
2066,39,45,0.462,0.9120192067,1534.1991915357141,29.367551214285715
2067,39,47,0.402,0.8607649334,277.52480414285714,25.732107428571428
2068,39,49,0.238,0.9327477269,4555.192090811725,23.227878369718308
2069,39,51,0.331,0.889224572,327.00311944444445,23.025244444444446
2070,39,53,0.298,0.7612560814,144.809355,28.232161571428573
2071,39,55,0.446,0.8693905078,319.99294814285713,29.465038380952382
2072,39,57,0.247,0.9233379768,1432.9129888285715,21.88549477142857
2073,39,59,0.233,0.8444635933,791.8506101,24.1560878
2074,39,61,0.3,0.9037483567,4156.928114099099,24.462032234234233
2075,39,63,0.176,0.9010373838,1169.7441206923077,18.819236153846155
2076,39,65,0.401,0.8468960806,283.67443985714283,23.452664571428574
2077,39,67,0.468,0.8218206384,51.362714800000006,30.4542978
2078,39,69,0.303,0.8790308213,202.51653100000001,22.868178285714286
2079,39,71,0.439,0.8077197573,169.93612533333334,29.647444999999998
2080,39,73,0.473,0.8597492434,145.29669385714286,34.73872071428571
2081,39,75,0.258,0.6220921507,121.703471,22.196612125
2082,39,77,0.305,0.8730368727,421.5953233846154,21.081507153846154
2083,39,79,0.349,0.8237847222,180.6270825714286,28.132721
2084,39,81,0.321,0.8438087514,1432.2277702173913,23.188734217391303
2085,39,83,0.378,0.8749306593,376.616532,26.883440250000003
2086,39,85,0.313,0.9170845004,2363.6288543103447,24.42391796551724
2087,39,87,0.286,0.8449402249,1197.3711594375,24.9375764375
2088,39,89,0.431,0.9194348876,1198.1758095,26.239497718750002
2089,39,91,0.285,0.879537785,571.4655799090909,23.710171363636366
2090,39,93,0.371,0.865806954,2340.6196806164385,23.858432698630136
2091,39,95,0.191,0.8826984946,3724.2542267716535,21.868656551181104
2092,39,97,0.423,0.8953193151,514.2011111666667,26.914266833333333
2093,39,99,0.236,0.8671758835,2102.056793542857,22.430303171428573
2094,39,101,0.282,0.8725738053,2418.7320461111112,22.475684333333334
2095,39,103,0.429,0.9160827586,1167.7581652972972,28.312495324324328
2096,39,105,0.51,0.7477183099,182.65339116666667,30.204817000000002
2097,39,107,0.205,0.9051480526,213.69712355555555,21.149694999999998
2098,39,109,0.263,0.9071854944,607.0811508571429,21.465047952380953
2099,39,111,0.497,0.7773139746,41.21415,31.41464225
2100,39,113,0.229,0.8925565612,3019.7608257908496,22.559988565789475
2101,39,115,0.573,0.7740102965,55.707763,35.70740175
2102,39,117,0.575,0.8875752844,86.3141225,32.008706999999994
2103,39,119,0.319,0.8774640072,988.8937941052632,25.498656263157894
2104,39,121,0.354,0.754087639,77.440241,27.67187766666667
2105,39,123,0.34,0.8562821292,523.8452183076923,22.90700323076923
2106,39,125,0.365,0.8108179769,82.2329192,25.9029158
2107,39,127,0.504,0.8423102854,147.04648583333332,34.89746566666667
2108,39,129,0.47,0.8789463852,1097.7189775384616,27.31531315384615
2109,39,131,0.393,0.7882766272,108.81061733333333,28.6703375
2110,39,133,0.393,0.8842627014,1209.0271280000002,26.949973771428574
2111,39,135,0.413,0.8574841715,232.3469215,27.572423
2112,39,137,0.339,0.8698853716,87.37375457142856,22.229804857142856
2113,39,139,0.219,0.8677798194,1339.3391600333334,20.704496633333335
2114,39,141,0.313,0.8725067111,1062.56059,26.43989494117647
2115,39,143,0.237,0.8651644037,1197.5794545333333,20.677187399999998
2116,39,145,0.347,0.8463875406,1373.4638172500001,25.396565799999998
2117,39,147,0.257,0.8621204579,819.7832097142857,21.373336785714287
2118,39,149,0.191,0.9103055467,1065.7864688,18.5079311
2119,39,151,0.262,0.8598985621,2231.7334100930234,22.256003976744186
2120,39,153,0.285,0.9036003887,3014.028969111111,23.96906782222222
2121,39,155,0.262,0.8324258432,1403.9598509454545,22.405146236363635
2122,39,157,0.274,0.8352611011,562.6700320476191,23.32343280952381
2123,39,159,0.378,0.9412215365,463.98399140000004,24.896775400000003
2124,39,161,0.241,0.8692816067,582.7405553333333,19.933509333333333
2125,39,163,0.57,0.800076599,42.89777833333333,37.111883666666664
2126,39,165,0.389,0.9449871522,1290.783995090909,25.051506727272727
2127,39,167,0.281,0.8533772652,1000.01259175,22.67031
2128,39,169,0.243,0.8364862419,788.66325640625,20.60540333125
2129,39,171,0.221,0.8476221288,388.64645755555557,19.208985555555554
2130,39,173,0.232,0.9203227713,1429.6627763928573,21.361045821428572
2131,39,175,0.262,0.8567961165,168.83876,20.9409725
2132,40,1,0.38,0.6168062374,85.6617234,26.728578199999998
2133,40,3,0.288,0.8603174603,7.911948766666666,18.705742333333333
2134,40,5,0.362,0.7676186563,25.05668285,29.28692825
2135,40,7,0.193,0.8778761062,72.8627559,21.103859333333336
2136,40,9,0.172,0.8698730469,62.367917125000005,19.1267005
2137,40,11,0.217,0.8417329797,48.72936712,20.9371824
2138,40,13,0.211,0.8031699024,662.6970887,24.819991636363635
2139,40,15,0.332,0.8292709706,41.182411625,24.964514375
2140,40,17,0.378,0.9284595573,1654.4423820172412,23.82246596551724
2141,40,19,0.239,0.8192936941,703.5404289090909,24.263213454545454
2142,40,21,0.317,0.8201923599,316.25488911111114,26.385545666666665
2143,40,23,0.337,0.7331853875,92.080772,25.1870216
2144,40,25,0.028,0.7692307692,38.3974884,16.7257195
2145,40,27,0.337,0.9211053577,2562.0043927903225,23.321309967741936
2146,40,29,0.303,0.7985507246,11.5043219,26.315916
2147,40,31,0.152,0.8886578112,1990.046926646875,18.3737063125
2148,40,33,0.491,0.8225255973,9.8648273,25.721494
2149,40,35,0.33,0.7225609756,107.50942534,24.8211136
2150,40,37,0.434,0.872511678,339.33612004761903,27.271102428571425
2151,40,39,0.195,0.8985534125,63.268967540000006,17.343831799999997
2152,40,41,0.43,0.8207324276,100.62980155555556,27.69135922222222
2153,40,43,0.306,0.8369905956,5.599606266666666,22.951975
2154,40,45,0.304,0.809951624,3.578614,19.4925125
2155,40,47,0.142,0.8599749059,1331.7665701166668,18.353374666666667
2156,40,49,0.34,0.8622,104.31521,24.505827222222223
2157,40,51,0.431,0.8567672833,441.55308329999997,26.7697112
2158,40,53,0.354,0.7440514469,4.839763850000001,21.7283705
2159,40,55,0.205,0.7931034483,9.81036325,20.033773500000002
2160,40,57,0.295,0.8221052632,5.4393759,16.26524
2161,40,59,0.302,0.7960159363,3.64133765,18.8858775
2162,40,61,0.348,0.8001313485,24.903136,30.309479500000002
2163,40,63,0.405,0.7539345491,128.80616504,25.0900444
2164,40,65,0.071,0.8779914093,701.0970649125,16.684237625
2165,40,67,0.405,0.7203703704,8.7954865,27.10533133333333
2166,40,69,0.405,0.7895274585,16.711358666666666,26.080197
2167,40,71,0.173,0.8156257478,893.7839439090909,17.163382545454546
2168,40,73,0.338,0.8886327363,51.55110145,24.07896625
2169,40,75,0.334,0.8388639761,12.737089466666667,20.489780333333332
2170,40,77,0.348,0.7684319834,17.143068733333333,24.386026666666666
2171,40,79,0.314,0.7816234498,114.13469195,24.191354
2172,40,81,0.509,0.7934782609,39.80694271428571,32.62452642857143
2173,40,83,0.483,0.908645073,322.74768950000004,29.203418875
2174,40,85,0.354,0.8348818689,52.44030593333334,27.399047666666664
2175,40,87,0.464,0.9117628705,122.2100155,29.160181000000005
2176,40,89,0.286,0.7724699222,57.298532762499995,26.068752875
2177,40,91,0.393,0.7408768706,99.31194083333334,28.245115
2178,40,93,0.353,0.8944079975,22.23821,20.973000000000003
2179,40,95,0.359,0.7960675135,141.9372245,24.744134250000002
2180,40,97,0.394,0.8613349054,310.0071595555556,27.20498877777778
2181,40,99,0.29,0.7498994773,61.29810333333333,22.186161666666667
2182,40,101,0.249,0.7621355459,884.1595946875,22.0477155
2183,40,103,0.295,0.8144182727,159.5620396,19.792536
2184,40,105,0.461,0.6901749664,42.060047275,29.22743325
2185,40,107,0.365,0.7704708291,46.96647525,28.56432825
2186,40,109,0.256,0.9041293462,3067.288070540664,22.07076645833333
2187,40,111,0.41,0.8161106017,240.65314669999998,28.679856899999997
2188,40,113,0.384,0.8598453789,235.53035736363637,27.36539381818182
2189,40,115,0.264,0.8043385793,992.450624,21.730668555555557
2190,40,117,0.514,0.7705764745,106.85902516000002,31.354152799999998
2191,40,119,0.19,0.8535914165,1602.5656102352941,18.47598170588235
2192,40,121,0.23,0.8569890645,346.4554127692308,21.30783466923077
2193,40,123,0.16,0.8425938293,850.8101899999999,19.2327403
2194,40,125,0.355,0.8630977014,1054.9955404375,26.2943610625
2195,40,127,0.357,0.6864716636,10.793639166666667,28.90115133333333
2196,40,129,0.339,0.8685874912,3.1959381,23.002043
2197,40,131,0.409,0.8907116063,569.1237760357143,26.911308285714284
2198,40,133,0.335,0.7366969314,224.97751055555557,25.413330444444444
2199,40,135,0.378,0.7976817703,149.19123966666666,27.932261999999998
2200,40,137,0.242,0.8363710239,585.5436833636363,21.609436454545456
2201,40,139,0.178,0.8737991266,535.997801,17.9827516
2202,40,141,0.352,0.7517890772,52.9675255,21.9081452
2203,40,143,0.184,0.9043123673,2758.5385351885716,20.847948
2204,40,145,0.398,0.9097987895,670.0242746818182,27.653212
2205,40,147,0.248,0.8555059235,1094.7655976923077,21.876681076923077
2206,40,149,0.296,0.8388198,13.022664175,21.454036000000002
2207,40,151,0.214,0.8047591743,128.20607420000002,14.664125666666665
2208,40,153,0.188,0.8729669788,207.07239208000001,20.1976192
2209,41,1,0.174,0.8804901556,314.19396905,17.533627666666664
2210,41,3,0.209,0.9258214491,2841.470147722222,19.289052444444444
2211,41,5,0.419,0.9286995736,2403.062695505375,28.148993025
2212,41,7,0.246,0.9097540757,911.3901721636364,20.223044
2213,41,9,0.58,0.9234669242,651.5325444,32.2435849
2214,41,11,0.212,0.8908399901,832.4349658153847,20.168775384615383
2215,41,13,0.381,0.8852258852,19.024645375000002,21.257424
2216,41,15,0.267,0.8992021277,293.57475461999996,15.9101806
2217,41,17,0.217,0.9297691023,1026.6395733958332,20.195400333333335
2218,41,19,0.217,0.8677721362,271.3244219590909,22.199427772727272
2219,41,21,0.173,0.8780207135,1.5529433,18.847977
2220,41,23,0.193,0.8210023866,1.869882635,19.2356585
2221,41,25,0.183,0.7886023559,2.25626035,17.326082
2222,41,27,0.204,0.9150870192,750.305102,20.50901275
2223,41,29,0.175,0.8953010068,2168.8754582487804,19.961130536585365
2224,41,31,0.387,0.8899411017,221.5127483,20.937203166666666
2225,41,33,0.251,0.9005944518,994.47059453125,22.3733790625
2226,41,35,0.165,0.8504507628,1093.288343655,19.3618096
2227,41,37,0.137,0.7109877265,2.937618195,16.4939965
2228,41,39,0.18,0.9143433913,2623.183473451163,21.253606395348836
2229,41,41,0.247,0.9080117395,537.9677072352941,21.020918
2230,41,43,0.359,0.9035302964,1474.777625742857,23.35007776190476
2231,41,45,0.213,0.8672178504,272.726466895,19.407192428571427
2232,41,47,0.306,0.9131509493,3035.695292189655,24.674434931034483
2233,41,49,0.238,0.873438223,13.92213675,23.4824525
2234,41,51,0.324,0.9297940079,6566.28188939649,25.081846847953216
2235,41,53,0.397,0.9038803954,1640.9082438333335,24.777462083333333
2236,41,55,0.306,0.8265306122,2.142786,21.371584
2237,41,57,0.246,0.8887196412,53.6659309125,21.523927125
2238,41,59,0.238,0.8531247783,283.86513533333334,18.647418466666668
2239,41,61,0.154,0.8291267502,567.7860773125001,17.39451875
2240,41,63,0.114,0.8241954708,4.683520333333333,18.878922333333332
2241,41,65,0.202,0.879358371,1111.2340789375,19.209280624999998
2242,41,67,0.313,0.9471480337,4130.862876836539,25.40478533653846
2243,41,69,0.322,0.7993966817,0.84035623,28.178499
2244,41,71,0.413,0.9170872386,1592.3057854705883,26.79884094117647
2245,42,1,0.419,0.8855757096,940.3211483913044,26.584001739130436
2246,42,3,0.374,0.8983032239,4744.740769474875,26.7082545075
2247,42,5,0.458,0.8465383654,1056.1201521578946,28.30729552631579
2248,42,7,0.379,0.8774157694,1893.5913050588235,25.572709980392155
2249,42,9,0.347,0.8207255983,292.69408409090914,27.553032636363636
2250,42,11,0.327,0.8805325879,5951.197134777778,23.5002003
2251,42,13,0.223,0.8468584316,3012.964778088235,20.21602888235294
2252,42,15,0.353,0.8411401968,558.7957982857143,23.664010642857143
2253,42,17,0.439,0.9406841251,2591.1766791608393,30.216691035211266
2254,42,19,0.432,0.8956695121,1371.4673906136363,26.236495704545458
2255,42,21,0.293,0.8315197874,1740.147748595238,22.564818904761903
2256,42,23,0.181,0.8111260655,1463.666886,16.333179
2257,42,25,0.532,0.8794153471,807.44920275,31.591755666666668
2258,42,27,0.236,0.8549300071,4280.187618580645,20.928494612903226
2259,42,29,0.425,0.9410933524,2202.4972275603445,29.39923875
2260,42,31,0.323,0.8348685089,388.2164481,23.9668663
2261,42,33,0.331,0.8152014709,700.4826063,25.487052799999997
2262,42,35,0.319,0.8326124001,855.7527442777778,24.816498888888887
2263,42,37,0.252,0.8625647368,1368.6645106,21.5850022
2264,42,39,0.293,0.8420097573,652.6073644782608,23.172809347826085
2265,42,41,0.253,0.9094564918,2419.9691751632654,21.261939857142856
2266,42,43,0.259,0.8931472992,3901.3527988615383,22.411563523076925
2267,42,45,0.451,0.9220345241,6679.206794236111,28.984807475524473
2268,42,47,0.189,0.8555745123,327.3545378888889,19.070088777777777
2269,42,49,0.199,0.8745390805,3576.3492459577465,19.834904633802818
2270,42,51,0.372,0.8289545504,1043.8814083333334,27.167898361111114
2271,42,53,0.353,0.7160493827,17.107843,25.670044333333333
2272,42,55,0.321,0.8819096275,1213.9601005185186,24.248451074074072
2273,42,57,0.492,0.8170890188,39.60176633333333,31.83140633333333
2274,42,59,0.48,0.8546651564,678.6060427777778,28.939655555555557
2275,42,61,0.468,0.8426237685,377.40191508333334,30.232429999999997
2276,42,63,0.339,0.7888575764,1883.8538508695653,25.06067434782609
2277,42,65,0.291,0.7990882628,785.4323971538462,22.24148730769231
2278,42,67,0.442,0.811827957,68.2069864,34.4358862
2279,42,69,0.219,0.8711281807,3742.6151321525426,20.341935915254236
2280,42,71,0.303,0.8685117985,3568.9136106122446,22.86467560204082
2281,42,73,0.313,0.8597694765,1762.4485198214286,22.438890535714286
2282,42,75,0.299,0.8570533252,2192.5531311935483,23.313879193548384
2283,42,77,0.302,0.8868625606,5821.536787105263,23.426813842105265
2284,42,79,0.258,0.8627860965,3190.9365622663463,22.078357298076924
2285,42,81,0.206,0.8663232398,1786.3608683999998,20.16025124137931
2286,42,83,0.264,0.8543569489,806.3221586666667,20.54347825
2287,42,85,0.274,0.8441992065,1527.3887537666667,20.250357633333333
2288,42,87,0.303,0.8225597233,1306.4276934166667,22.72451083333333
2289,42,89,0.497,0.9184141871,657.7892814848484,35.56664624242424
2290,42,91,0.441,0.937022134,3545.6886854028435,28.27147073809524
2291,42,93,0.239,0.8556379243,921.3612782499999,20.34833275
2292,42,95,0.364,0.8912062949,3628.612037647059,25.597754279411763
2293,42,97,0.334,0.8271733057,3240.836491833333,24.39461479166667
2294,42,99,0.589,0.8549802545,116.99543630000001,37.2628083
2295,42,101,0.52,0.8749637639,18709.13289842565,33.80402144973545
2296,42,103,0.603,0.9039526844,438.48278794444445,41.97719905555555
2297,42,105,0.324,0.829806127,23.38837848,23.549549
2298,42,107,0.382,0.8474375707,1809.2187313250001,26.050383649999997
2299,42,109,0.318,0.8104337068,1174.001607625,22.539340375000002
2300,42,111,0.308,0.8018300024,510.01657928571433,23.98017880952381
2301,42,113,0.498,0.7933753943,15.6302012,26.642912
2302,42,115,0.423,0.8728818978,243.66875954545455,27.256594818181817
2303,42,117,0.357,0.8598473466,109.5351267,24.4792035
2304,42,119,0.204,0.7664498986,1417.8075436,20.2871624
2305,42,121,0.286,0.8718957923,1083.7599705625,21.4463780625
2306,42,123,0.224,0.8285907443,830.3433279230769,21.01077676923077
2307,42,125,0.415,0.8904922147,1784.4550175254237,26.99846879661017
2308,42,127,0.395,0.8596042138,170.73408185714285,27.262823
2309,42,129,0.394,0.871554879,2062.70391041,26.53372694
2310,42,131,0.369,0.8616415718,92.65755814285714,27.07907271428571
2311,42,133,0.366,0.8938498504,3006.8099407555555,24.877119322222224
2312,44,1,0.418,0.9201853759,3059.296500909091,24.433441909090906
2313,44,3,0.347,0.9157857113,2650.849949233333,24.47140946153846
2314,44,5,0.319,0.9353064721,2704.566711818182,22.33545540909091
2315,44,7,0.341,0.8928169042,7233.236195241135,23.316880687943264
2316,44,9,0.405,0.9362511528,887.2696557142857,25.608787160714286
2317,45,1,0.392,0.8007550336,53.80875216666667,27.097650833333333
2318,45,3,0.353,0.896758301,589.1395513333333,26.49154346875
2319,45,5,0.528,0.7059753399,24.006383333333332,26.597296
2320,45,7,0.364,0.872074902,667.8668856153846,24.392431692307692
2321,45,9,0.44,0.781141115,40.1561455,29.462682
2322,45,11,0.446,0.7391143456,63.978217,27.977075000000003
2323,45,13,0.348,0.9087874711,712.48715325,23.502639575
2324,45,15,0.487,0.8738433612,1503.7403759777778,28.73598372727273
2325,45,17,0.447,0.7852710647,42.533545333333336,31.53704833333333
2326,45,19,0.342,0.8618795549,2543.3139110941174,23.649702588235293
2327,45,21,0.36,0.7895627516,320.3144404615384,23.57883830769231
2328,45,23,0.523,0.8010211976,428.12162927272726,29.34469018181818
2329,45,25,0.377,0.798860825,90.4105804,26.224631799999997
2330,45,27,0.488,0.8382291405,69.63156758333334,27.515095363636362
2331,45,29,0.507,0.8207039078,159.7536569,33.412640555555555
2332,45,31,0.288,0.7532902608,443.16573462499997,23.287909875
2333,45,33,0.372,0.6455086427,131.94194433333334,28.181402666666667
2334,45,35,0.534,0.8856479301,1680.20827552,29.94110904
2335,45,37,0.422,0.7765039966,75.86754833333333,28.765574833333332
2336,45,39,0.589,0.8105551123,71.0295602,31.0958028
2337,45,41,0.264,0.8070142036,730.1180429787878,24.611628424242426
2338,45,43,0.392,0.8424397398,245.60002021428573,27.281733142857142
2339,45,45,0.31,0.9108001891,1712.334170972973,22.85133998198198
2340,45,47,0.204,0.8021245949,607.0802412142857,22.016867785714286
2341,45,49,0.49,0.7967342342,38.40713,33.808958000000004
2342,45,51,0.294,0.9154394647,892.7639851690141,24.886266323943662
2343,45,53,0.529,0.8239935588,44.50495275,35.987359500000004
2344,45,55,0.528,0.8876995015,204.54534393333333,30.381873933333335
2345,45,57,0.503,0.8701663096,460.04259,28.084634857142856
2346,45,59,0.407,0.8386139744,173.40298917647058,25.717422705882353
2347,45,61,0.399,0.807435653,40.11886714285714,32.0221665
2348,45,63,0.373,0.91039747,952.0335830405405,27.703336191780824
2349,45,65,0.67,0.7784270757,27.875817666666666,33.168418333333335
2350,45,67,0.47,0.6553274516,99.302931125,27.07435275
2351,45,69,0.359,0.6506321307,96.779993,25.395152714285718
2352,45,71,0.35,0.832260184,137.23918175,26.7900885
2353,45,73,0.293,0.8256916174,284.34212073333333,24.064067866666665
2354,45,75,0.432,0.776216545,526.27472635,27.015377100000002
2355,45,77,0.401,0.8520737686,583.76345425,25.623746535714282
2356,45,79,0.303,0.8906344521,2302.5343157023594,22.204857556818183
2357,45,81,0.496,0.7519648328,47.0801814,33.3574092
2358,45,83,0.317,0.8699905137,937.2043149130435,23.171275695652174
2359,45,85,0.253,0.8401447269,765.920983,22.981285956521738
2360,45,87,0.423,0.8149599591,358.1905323333333,27.04989822222222
2361,45,89,0.499,0.7160361842,1258.1981554545453,32.04457827272727
2362,45,91,0.418,0.9220232389,1267.5340804130435,27.747023260869568
2363,46,3,0.247,0.8166986564,3.8253875,19.47275
2364,46,5,0.104,0.8653306613,680.3309565333334,16.193857833333336
2365,46,7,0.147,0.63671875,92.02290930000001,17.759309
2366,46,9,0.329,0.8215169002,12.656613499999999,18.865847000000002
2367,46,11,0.1,0.8983691623,556.540612,15.605732333333334
2368,46,13,0.07,0.8813248594,1184.1460386375,14.515398375
2369,46,15,0.159,0.8115942029,42.329963,17.896352
2370,46,17,0.174,0.6149193548,4.0561409,17.048969
2371,46,19,0.254,0.8773049645,35.1574511,21.5984465
2372,46,21,0.129,0.7755681818,1.9981545,18.36315
2373,46,23,0.142,0.8037258816,8.556789533333335,15.158672333333334
2374,46,25,0.305,0.845688351,3.8544116,18.944149
2375,46,27,0.257,0.8973206258,1644.5674471,18.56903966666667
2376,46,29,0.111,0.8691044414,1064.2162505285714,16.20760557142857
2377,46,31,0.321,0.8165467626,2.2923778550000002,22.0524595
2378,46,33,0.384,0.8688321349,42.947783199999996,21.5625985
2379,46,35,0.083,0.8541427588,562.2073274749999,15.026762
2380,46,37,0.295,0.8262910798,35.36876536666667,19.168633
2381,46,39,0.4,0.8172222222,48.7996549,20.5640175
2382,46,41,0.186,0.7757287329,95.83547185,17.5296675
2383,46,43,0.292,0.8460161146,6.9522605,15.913551
2384,46,45,0.331,0.9056010069,3.63748825,18.017032
2385,46,47,0.225,0.8382224804,47.815539449999996,20.642557
2386,46,49,0.253,0.8361244019,2.4079449,15.631945
2387,46,51,0.142,0.8293743727,16.68611675,17.9512975
2388,46,53,0.211,0.8024464832,4.50293495,14.7931575
2389,46,55,0.274,0.7106824926,1.0698501,14.747179
2390,46,57,0.272,0.8693259972,12.1791066,22.892558
2391,46,59,0.201,0.8572469046,25.487628,17.64779
2392,46,61,0.239,0.9144620811,7.6660538,24.22855
2393,46,63,0.263,0.9269776876,0.46979553,18.895699
2394,46,65,0.072,0.8992618917,358.893150675,13.45812775
2395,46,67,0.221,0.839673913,10.705800400000001,18.22534
2396,46,69,0.258,0.8859813084,1.6501573,14.338118
2397,46,71,0.095,0.5986486486,1.6132634499999998,19.2359315
2398,46,73,0.168,0.8162031439,3.9355192,17.662281
2399,46,75,0.267,0.8366197183,1.0374578,15.515315
2400,46,77,0.252,0.874938454,6.11718105,19.1899125
2401,46,79,0.193,0.8745682211,146.41449236666668,20.063417333333334
2402,46,81,0.191,0.8866407044,468.252631,18.7236248
2403,46,83,0.15,0.9614186527,654.9124912545454,21.11238381818182
2404,46,85,0.142,0.817721519,3.3471636,16.2179145
2405,46,87,0.477,0.8751127142,9.73836905,25.944178
2406,46,89,0.304,0.7466517857,2.1633861,17.06325
2407,46,91,0.175,0.8572296476,5.5556483,18.158342
2408,46,93,0.263,0.890263537,142.18034684,18.8141298
2409,46,95,0.289,0.7077922078,1.5665804,22.141323
2410,46,97,0.235,0.7958515284,4.1889429,18.578299
2411,46,99,0.121,0.9224458092,2598.742499595238,18.264012095238098
2412,46,101,0.328,0.8654153355,24.72806715,22.173949999999998
2413,46,102,0.133,0.5770779934,,19.385807666666665
2414,46,103,0.139,0.9035187536,1559.653996873913,17.956122739130432
2415,46,105,0.132,0.8763955343,1.0388514,14.227782
2416,46,107,0.152,0.9020568071,2.7045543,15.032314
2417,46,109,0.199,0.8184304074,45.15748285,18.17106325
2418,46,111,0.372,0.8083961249,4.1365066,21.875847
2419,46,113,,,,
2420,46,115,0.223,0.8809620872,61.00439763333333,17.61444033333333
2421,46,117,0.085,0.8600628931,2.0534022,14.9073
2422,46,119,0.276,0.8141025641,1.3637036,17.916792
2423,46,121,0.218,0.6972514147,7.521963599999999,20.010584
2424,46,123,0.112,0.859602649,52.218291150000006,16.118682
2425,46,125,0.447,0.8407355021,13.6174675,25.306154499999998
2426,46,127,0.221,0.8792813026,43.34758300000001,19.875983333333334
2427,46,129,0.18,0.8510016694,97.64966555,13.8550205
2428,46,135,0.112,0.8609068627,1058.73589924,16.066368
2429,46,137,0.326,0.7776243094,1.4281548,20.99262
2430,47,1,0.401,0.8847796938,700.0167335555556,24.131013588235295
2431,47,3,0.378,0.8509470796,211.48896344444444,25.57293388888889
2432,47,5,0.343,0.753608545,131.224601,28.074841199999998
2433,47,7,0.505,0.8206566916,32.07237166666667,34.12369066666667
2434,47,9,0.391,0.8783816048,724.4921360625001,25.367555035714286
2435,47,11,0.299,0.8787849865,1182.8883131578946,20.83426894736842
2436,47,13,0.476,0.7668322461,297.22963863636363,32.62199081818182
2437,47,15,0.647,0.7954625396,54.39423,34.52652233333333
2438,47,17,0.393,0.781844022,54.402335125,25.62716742857143
2439,47,19,0.34,0.8002728626,604.4869502352941,25.20475688235294
2440,47,21,0.638,0.8932612522,187.73141700000002,35.314495111111114
2441,47,23,0.516,0.8610453182,304.0871316666667,26.797461
2442,47,25,0.322,0.751783591,153.99280666666667,31.18855111111111
2443,47,27,0.43,0.7591377694,33.021229000000005,29.340888
2444,47,29,0.496,0.7561991668,143.49157292333334,31.819243333333336
2445,47,31,0.368,0.8067473897,412.73975421333336,24.61680766666667
2446,47,33,0.364,0.8620313069,59.337484200000006,22.7017526
2447,47,35,0.262,0.8560862754,194.60364014285713,23.688358571428573
2448,47,37,0.347,0.915973145,2815.405616335404,24.121211132075473
2449,47,39,0.373,0.7904933544,49.8283,26.9379195
2450,47,41,0.426,0.7938787522,85.70687825,25.9428835
2451,47,43,0.534,0.8501801631,159.0479326,32.6878034
2452,47,45,0.239,0.872211771,307.528835,20.525164875
2453,47,47,0.62,0.8879856545,95.66312672727273,37.47364954545455
2454,47,49,0.325,0.8348040488,57.9381295,29.443702000000002
2455,47,51,0.354,0.7886178862,156.86107944444444,25.19303988888889
2456,47,53,0.404,0.8639168076,112.93487488857144,23.557191928571427
2457,47,55,0.447,0.8256191289,51.7436755,27.020189375
2458,47,57,0.536,0.7703324273,99.34514039999999,30.7607506
2459,47,59,0.359,0.7756024632,232.4236372,24.004143666666668
2460,47,61,0.525,0.8253035644,42.349824,33.3469125
2461,47,63,0.249,0.8632657815,954.0868683333333,21.084569583333334
2462,47,65,0.268,0.9035330038,1532.997830700122,23.325561036585366
2463,47,67,0.415,0.6660656329,30.6715345,32.4561465
2464,47,69,0.531,0.799204332,57.13408483333333,31.743971333333334
2465,47,71,0.288,0.8497184529,128.626394,24.496722333333334
2466,47,73,0.372,0.8404937202,280.96201984615385,25.82916046153846
2467,47,75,0.447,0.762349986,111.0486015,25.449272666666662
2468,47,77,0.422,0.7990483163,78.53470383333332,26.15218
2469,47,79,0.219,0.8190079515,319.02910777777777,21.960537111111112
2470,47,81,0.539,0.7722222222,48.95934783333334,38.541048499999995
2471,47,83,0.593,0.8166144201,46.494621333333335,33.563598
2472,47,85,0.456,0.8254662005,59.2398582,29.9937476
2473,47,87,0.513,0.7865814696,41.521220750000005,30.391962499999998
2474,47,89,0.456,0.849468409,220.96567900000002,28.436505555555556
2475,47,91,0.366,0.7946179587,69.572794,33.7367644
2476,47,93,0.269,0.8799886466,1724.118659107143,23.503918794642857
2477,47,95,0.384,0.7507418398,49.6545,21.4985135
2478,47,97,0.312,0.8386151509,178.81280755555554,23.969606
2479,47,99,0.363,0.8180076628,105.51255772727272,26.47660881818182
2480,47,101,0.519,0.7828449447,56.2615975,30.4476335
2481,47,103,0.492,0.777709233,83.8095691111111,30.55708522222222
2482,47,105,0.354,0.8939755952,358.8806402,25.7159245
2483,47,107,0.332,0.8618601835,283.6855819,23.8361806
2484,47,109,0.384,0.8358148073,44.561054285714285,28.498682285714285
2485,47,111,0.508,0.835326087,74.98696975,32.14435725
2486,47,113,0.174,0.8768907776,1081.1376328518518,20.558940814814815
2487,47,115,0.557,0.8312949952,76.6445655,31.243045
2488,47,117,0.508,0.8856647573,543.8929764999999,26.219892
2489,47,119,0.493,0.896776539,455.8283506470588,27.529474647058827
2490,47,121,0.549,0.8028035613,60.19433833333333,35.099888666666665
2491,47,123,0.432,0.8391847742,112.03200457142857,28.339564142857142
2492,47,125,0.338,0.9263765847,1326.1255296615384,26.06072394871795
2493,47,127,0.304,0.7308567096,48.6968635,23.490175999999998
2494,47,129,0.556,0.8365331107,53.014403200000004,36.5123674
2495,47,131,0.23,0.8203100032,168.0523283,20.153737
2496,47,133,0.399,0.7621218861,62.13887471428571,28.22519757142857
2497,47,135,0.489,0.7661184211,19.232572500000003,28.960081000000002
2498,47,137,0.494,0.7597340931,31.151253,25.029896
2499,47,139,0.524,0.8391657335,36.96297,32.2478076
2500,47,141,0.246,0.8554617781,767.6116324,20.436913133333334
2501,47,143,0.374,0.8885448916,193.82512516666668,26.43754216666667
2502,47,145,0.462,0.8705798838,238.71655454545453,26.922848499999997
2503,47,147,0.541,0.8642046478,516.5600267857143,29.860200071428572
2504,47,149,0.429,0.9396477066,1569.492439163265,28.793747571428568
2505,47,151,0.352,0.765570734,49.7164162,28.3738154
2506,47,153,0.495,0.8202908022,87.21314933333333,30.804997
2507,47,155,0.386,0.8349098697,325.1250822997444,25.88964383333333
2508,47,157,0.286,0.8720291744,3076.6693894964706,24.88300605022831
2509,47,159,0.467,0.8650741567,124.55281459999999,30.6129242
2510,47,161,0.561,0.8171273922,24.1709198,38.81702933333333
2511,47,163,0.256,0.8686264764,962.0564418717948,21.69837353846154
2512,47,165,0.477,0.9208797226,771.7552343095239,29.241925095238095
2513,47,167,0.584,0.8495386799,320.7803396923077,33.717176307692306
2514,47,169,0.629,0.8477310005,151.541393,31.3571085
2515,47,171,0.346,0.8232731001,649.74543525,23.076919
2516,47,173,0.614,0.7696564149,104.671153,35.35130375
2517,47,175,0.576,0.8497156783,24.489245,31.326290999999998
2518,47,177,0.383,0.8207289859,253.35636777777776,23.733763222222223
2519,47,179,0.24,0.8769961233,1378.6702926086957,21.047364
2520,47,181,0.479,0.8119986048,24.929266,32.13998925
2521,47,183,0.265,0.8237155341,445.57223472727276,21.807111454545453
2522,47,185,0.341,0.8389237342,129.1064355,23.351784999999996
2523,47,187,0.453,0.9550575422,967.8895065405407,27.35624437837838
2524,47,189,0.538,0.9169743327,766.4865625714285,30.29657814285714
2525,48,1,0.343,0.8369501808,441.7956085454545,21.699844
2526,48,3,0.318,0.9039823009,1311.3630292,22.72727875
2527,48,5,0.215,0.888947581,614.6336983529412,20.58342894117647
2528,48,7,0.244,0.8752768785,763.7125712,22.8560346
2529,48,9,0.214,0.8415236987,18.3896334,23.89864233333333
2530,48,11,0.433,0.9190981432,2.0910583,25.466373
2531,48,13,0.514,0.8284941389,134.217333625,34.670314375
2532,48,15,0.418,0.8088549368,51.56896866666667,31.009041666666665
2533,48,17,0.167,0.8026666667,8.6659727,18.562284
2534,48,19,0.691,0.8851615789,85.3735239,36.9266096
2535,48,21,0.624,0.8608235696,200.6519147,38.402392299999995
2536,48,23,0.144,0.8262273902,4.2951899,19.843151
2537,48,25,0.254,0.7769490735,629.7924550714287,25.594312714285714
2538,48,27,0.27,0.8988286409,2111.5000707076924,21.84541711111111
2539,48,29,0.365,0.9030823796,4003.070219372066,25.868854052341597
2540,48,31,0.453,0.899020196,17.969876,32.666109
2541,48,33,0.22,0.8577405858,0.71425152,22.551516
2542,48,35,0.424,0.8218829517,305.9153621428572,30.69137657142857
2543,48,37,0.193,0.8007815867,919.2879326666666,21.3143695
2544,48,39,0.531,0.9324384071,1255.87434828,29.44818494
2545,48,41,0.14,0.8475258723,3056.3930550714285,18.370304536585365
2546,48,43,0.227,0.7963075675,598.15530248,13.880043
2547,48,45,0.203,0.6954954955,1.8188869,19.794157
2548,48,47,0.155,0.7572815534,519.08446515,20.5014985
2549,48,49,0.156,0.8746244743,740.4119739666667,19.948362833333334
2550,48,51,0.491,0.803071364,101.01490140000001,29.334796
2551,48,53,0.419,0.9044751748,173.72241,31.148765625
2552,48,55,0.531,0.8843783749,312.007272375,34.250652625
2553,48,57,0.222,0.8473446059,1051.9047714,20.4503788
2554,48,59,0.326,0.8842848959,223.06846913333334,24.309436
2555,48,61,0.226,0.8014767232,3235.5743654686044,21.64454202352941
2556,48,63,0.284,0.8366474236,243.343479,22.881942999999996
2557,48,65,0.405,0.812771503,6.6523001,23.2074365
2558,48,67,0.404,0.7934607219,133.39418857142854,27.532134285714285
2559,48,69,0.153,0.8281829419,42.38684286666666,17.97370666666667
2560,48,71,0.488,0.8924387003,74.8768745,27.889002599999998
2561,48,73,0.379,0.8404202378,275.05872725,24.082821083333332
2562,48,75,0.359,0.8077276909,241.70998105,15.71698
2563,48,77,0.372,0.8412585758,76.1107718,27.252279666666666
2564,48,79,0.403,0.7692307692,4.0340576,19.426598
2565,48,81,0.438,0.8488918737,3.86170185,24.625690499999997
2566,48,83,0.388,0.8386996904,73.33944176666667,25.489282666666668
2567,48,85,0.457,0.960852812,3574.4206692236844,31.23503094078947
2568,48,87,0.212,0.8658922914,3.3284664,16.185738
2569,48,89,0.33,0.8100831464,27.70606778,26.775781799999997
2570,48,91,0.484,0.9492838243,799.6959004166666,30.190565000000003
2571,48,93,0.262,0.8446709917,175.19505995000003,22.560982
2572,48,95,0.505,0.8409893993,4.154304,21.456003
2573,48,97,0.385,0.804085651,343.659863875,26.509897875
2574,48,99,0.294,0.8875818997,1421.0833308157896,22.60302552631579
2575,48,101,0.335,0.642732049,1.6711768,18.260925
2576,48,103,0.379,0.7801801802,5.5727587,19.849493
2577,48,105,0.345,0.7610544218,1.3247478,17.045971
2578,48,107,0.478,0.8627152989,6.9577857666666665,22.38898233333333
2579,48,109,0.179,0.6253561254,0.62893444,14.965078
2580,48,111,0.155,0.794774547,457.3898595,16.51995
2581,48,113,0.424,0.9021210468,5317.189935659735,28.384478096774195
2582,48,115,0.264,0.828358209,520.770284975,15.777496500000002
2583,48,117,0.154,0.8041185334,2069.84556105,19.666833
2584,48,119,0.411,0.7914081146,116.75697149999999,28.0451495
2585,48,121,0.461,0.954548469,3628.5029062554745,31.187730423357667
2586,48,123,0.365,0.7321562173,23.113525000000003,25.1908764
2587,48,125,0.442,0.8552631579,2.7103636,21.040426
2588,48,127,0.333,0.7468438538,10.16939015,21.455068500000003
2589,48,129,0.241,0.6699916874,194.7891884,23.402123500000002
2590,48,131,0.361,0.6768048128,8.847111866666667,26.801393333333333
2591,48,133,0.27,0.8240792411,20.8831594,21.4708178
2592,48,135,0.3,0.8515747653,2517.960957542857,19.552594964285714
2593,48,137,0.208,0.5949367089,0.94529474,23.929239
2594,48,139,0.512,0.9169958752,542.287526032258,31.619767580645163
2595,48,141,0.302,0.882955784,4207.98055008031,24.66939703043478
2596,48,143,0.233,0.8899200195,370.82739975,21.909331375
2597,48,145,0.468,0.7949742054,349.1128323333333,25.707578333333334
2598,48,147,0.511,0.8178691472,156.1356048888889,30.728620777777778
2599,48,149,0.225,0.7706747844,74.55601685714285,24.64452442857143
2600,48,151,0.33,0.8270440252,4.5470084,21.3354605
2601,48,153,0.229,0.7292418773,6.66144325,17.697328499999998
2602,48,155,0.272,0.6555819477,1.8966578,18.159231
2603,48,157,0.574,0.9487945275,3019.540774736842,34.57095485526316
2604,48,159,0.323,0.898021309,157.873683,22.141356333333334
2605,48,161,0.392,0.7751565458,211.2290217,24.810538714285713
2606,48,163,0.232,0.8015163297,16.854058666666667,24.670931666666664
2607,48,165,0.245,0.8078503613,779.5596436,17.769067
2608,48,167,0.417,0.9279708076,2774.216555287879,26.384869772727274
2609,48,169,0.38,0.817166783,7.2318258,18.943726
2610,48,171,0.251,0.8695883605,62.427375600000005,22.8499338
2611,48,173,0.311,0.8117913832,1.3618923,20.511215
2612,48,175,0.519,0.7389285714,10.774617549999999,29.996136999999997
2613,48,177,0.394,0.8264106583,689.0364292333334,24.93411983333333
2614,48,179,0.232,0.8460762049,1556.7014197142857,18.399832142857143
2615,48,181,0.327,0.87705579,787.0052336153847,25.376398730769232
2616,48,183,0.209,0.8775406719,1417.342769504,20.41229588
2617,48,185,0.613,0.8224317232,75.87777433333333,32.525771666666664
2618,48,187,0.455,0.9264371833,1435.9224354137932,26.350830620689656
2619,48,189,0.219,0.8075947073,897.4728873333333,17.695353333333333
2620,48,191,0.219,0.7659758204,3.7951674,17.182453
2621,48,193,0.299,0.8318442884,118.65626016666668,25.057171
2622,48,195,0.292,0.8741105638,7.440381749999999,16.783614
2623,48,197,0.158,0.7457627119,5.9544187,16.561714
2624,48,199,0.538,0.8510804598,225.116897,30.08089309090909
2625,48,201,0.469,0.9096766802,5111.9156273256995,29.739710484693877
2626,48,203,0.284,0.8103832181,263.5019777857143,23.46606435714286
2627,48,205,0.091,0.9363914373,4.1462812,14.728198
2628,48,207,0.169,0.8415559772,7.118739550000001,19.3050635
2629,48,209,0.501,0.9203377814,1050.2379896,30.796465160000004
2630,48,211,0.253,0.8165204678,4.2006607,18.150957
2631,48,213,0.439,0.8312421388,287.8497177058823,35.749847941176476
2632,48,215,0.264,0.8458398958,2240.91456290708,22.346709205357143
2633,48,217,0.444,0.870476332,475.0719242727273,28.942658818181815
2634,48,219,0.331,0.8241499131,399.60165745714284,23.172772428571427
2635,48,221,0.466,0.9241635985,340.85002760000003,34.5915021
2636,48,223,0.256,0.8750540424,522.6271272222223,23.121501666666667
2637,48,225,0.387,0.7842206543,331.2267605,24.90918942857143
2638,48,227,0.272,0.8619937956,1022.74477149,17.9551581
2639,48,229,0.513,0.8689492326,0.76044911,18.392202
2640,48,231,0.434,0.8768009801,542.1804984736842,31.814939052631576
2641,48,233,0.224,0.8631912442,681.8557678285714,20.163187571428573
2642,48,235,0.426,0.7277227723,1.5205936,26.060568
2643,48,237,0.351,0.8421955403,195.84605176666665,28.16924933333333
2644,48,239,0.494,0.8368362832,19.512534,24.89442
2645,48,241,0.384,0.8868808078,248.544832125,27.105544000000002
2646,48,243,0.168,0.8099173554,1.0341988,23.216316
2647,48,245,0.228,0.8887512547,2413.3804639430555,21.231422101449276
2648,48,247,0.209,0.7313677314,54.92146375,22.709654999999998
2649,48,249,0.407,0.7269514213,1067.5074622857142,24.64753628571429
2650,48,251,0.575,0.9137640405,1066.179777642857,32.65000246428571
2651,48,253,0.351,0.850199071,431.43976288333334,21.666723400000002
2652,48,255,0.257,0.7613611889,21.656981025,29.25493375
2653,48,257,0.598,0.9014546406,315.71717027777777,36.53841416666667
2654,48,259,0.513,0.9319960577,404.1385023333334,30.6813195
2655,48,261,0.591,0.5294117647,0.285258,19.059172
2656,48,263,0.178,0.9306569343,0.89528388,18.734806
2657,48,265,0.22,0.8969775902,587.7616943999999,19.6831852
2658,48,267,0.289,0.8062432723,564.9798999000001,21.136436500000002
2659,48,269,0.202,1.0,0.31398484,16.233109
2660,48,271,0.186,0.7372881356,2.6454811,21.183958
2661,48,273,0.24,0.8355095811,1280.69169492,19.694896
2662,48,275,0.148,0.875,6.7606491,15.9222995
2663,48,277,0.159,0.7991623454,615.9889156666667,20.287136916666665
2664,48,279,0.236,0.8217054264,16.79054912,18.5791264
2665,48,281,0.39,0.8871977415,208.79581042,26.8393086
2666,48,283,0.264,0.7183600713,4.6317625,23.821203
2667,48,285,0.296,0.8158900836,161.1758746,22.319350666666665
2668,48,287,0.475,0.8236607143,67.87157975,32.40228775
2669,48,289,0.48,0.8266116712,15.942624333333335,28.998626333333334
2670,48,291,0.655,0.8880002666,115.75428807142858,38.57113957142857
2671,48,293,0.38,0.7606395768,471.4748158125,22.497601875
2672,48,295,0.21,0.8692098093,4.7170968,19.530399
2673,48,297,0.396,0.7472684086,191.3743623,28.833165
2674,48,299,0.394,0.8797220591,201.17143255,29.230376833333334
2675,48,301,0.0,0.8611111111,0.12258475,16.881578
2676,48,303,0.101,0.8768350195,3091.7606880441176,18.286437044776118
2677,48,305,0.428,0.8644724105,74.72350486666666,20.252483666666667
2678,48,307,0.151,0.8606770833,164.5844789,21.156455333333334
2679,48,309,0.194,0.8768730592,1796.4353480764705,20.897877686274512
2680,48,311,0.293,0.744047619,0.62048787,19.819181
2681,48,313,0.381,0.8538647343,102.20521225,26.3327755
2682,48,315,0.556,0.762913592,69.13505875000001,31.835974
2683,48,317,0.237,0.7525823906,12.27377955,20.052826
2684,48,319,0.415,0.8664516129,242.19448205,19.1779735
2685,48,321,0.345,0.8169859687,538.01828072,24.9764872
2686,48,323,0.188,0.7972161572,2757.2836993333335,19.536621222222223
2687,48,325,0.509,0.8598317982,65.1941564375,31.14005025
2688,48,327,0.231,0.7611044418,2.4855049,22.453814
2689,48,329,0.224,0.8948506494,2857.329840555555,18.908798615384615
2690,48,331,0.403,0.831027963,139.22531617142857,28.404189142857145
2691,48,333,0.263,0.8455284553,8.20607715,23.6078395
2692,48,335,0.334,0.799687622,26.557384000000003,20.525448
2693,48,337,0.51,0.7873986735,277.4363999,31.508339000000003
2694,48,339,0.5,0.9378020503,1251.0041653898306,34.74295574137931
2695,48,341,0.177,0.855532646,1672.8125934,17.96292725
2696,48,343,0.429,0.8437872171,274.7722566666667,24.705237666666665
2697,48,345,0.216,0.7394957983,1.2227632,18.580782
2698,48,347,0.209,0.8526319981,1077.417854923077,20.035170615384615
2699,48,349,0.321,0.8341268124,612.262846,27.670894800000003
2700,48,351,0.557,0.8922008983,17.564923625,36.51820375
2701,48,353,0.196,0.8068220775,1006.79046652,17.7985076
2702,48,355,0.18,0.8776477785,3666.3401968518515,21.19050249382716
2703,48,357,0.191,0.8781266631,868.3886285333334,18.921525
2704,48,359,0.465,0.8954041204,1.3675141,20.257191
2705,48,361,0.348,0.9064590071,415.48253047619045,23.21100919047619
2706,48,363,0.373,0.8717012145,841.8447970888889,25.05495377777778
2707,48,365,0.415,0.8317228376,101.35555533333333,27.702261000000004
2708,48,367,0.541,0.9340855873,401.36212436842106,34.25007715789474
2709,48,369,0.227,0.9007225888,12.040341999999999,16.885677
2710,48,371,0.209,0.8343774471,709.8633991,17.83303075
2711,48,373,0.356,0.850551817,174.54385870000002,30.766629000000002
2712,48,375,0.15,0.8596652739,2400.241377108823,19.259645484848484
2713,48,377,0.033,0.7653846154,2.6071965500000003,17.9656865
2714,48,379,0.595,0.8894770273,47.386483999999996,37.863302000000004
2715,48,381,0.169,0.9118691488,3229.2152569344826,19.420815172413793
2716,48,383,0.318,0.8776290631,2.8647981,19.14669
2717,48,385,0.032,0.7071498531,4.7325854,22.061861
2718,48,387,0.459,0.7224113759,13.212866700000001,29.425212
2719,48,389,0.209,0.7406513872,1014.67012022,18.9253074
2720,48,391,0.357,0.8094435076,13.19028025,23.233655
2721,48,393,0.22,0.7656765677,1.0053482,24.196346
2722,48,395,0.377,0.8209876543,28.917482999999997,29.842685999999997
2723,48,397,0.597,0.966163035,1425.44815,34.654219363636365
2724,48,399,0.358,0.8742105263,157.076617875,20.5153815
2725,48,401,0.404,0.7508768023,269.23861553846154,24.959138615384614
2726,48,403,0.363,0.8480644439,21.752396666666666,27.328181666666666
2727,48,405,0.433,0.7882001989,76.26856933333333,30.864829666666665
2728,48,407,0.602,0.8278625954,50.3259745,41.21599575
2729,48,409,0.323,0.8185418027,794.54908375,24.0003086875
2730,48,411,0.302,0.8821002387,118.90052315,22.920163000000002
2731,48,413,0.418,0.7247007617,2.6407146,21.951159
2732,48,415,0.157,0.849940988,182.04973272499998,18.80460075
2733,48,417,0.342,0.8728367193,3.6946864,24.795012
2734,48,419,0.29,0.7911082053,86.59410166666667,26.090244833333333
2735,48,421,0.297,0.9513064133,3.2869828,19.305283
2736,48,423,0.29,0.8877341168,1394.169494402439,22.754580463414634
2737,48,425,0.346,0.8860190904,400.9436895,25.8807315
2738,48,427,0.242,0.7283864755,940.0762107666667,22.799765933333333
2739,48,429,0.287,0.8651685393,180.43277669999998,19.318978666666666
2740,48,431,0.426,0.9278606965,1.2377484,23.224779
2741,48,433,0.233,0.8676470588,1.6260819,18.474674
2742,48,435,0.187,0.7443365696,2.8392091,15.353541
2743,48,437,0.326,0.7358336731,153.67624243333333,18.634330666666667
2744,48,439,0.412,0.925758334,3661.8368230180395,27.45385463865546
2745,48,441,0.082,0.9080161794,2143.315440368421,17.152005944444443
2746,48,443,0.14,0.825607064,0.41729823,16.795248
2747,48,445,0.304,0.8653711075,294.63745263333334,20.534556
2748,48,447,0.314,0.8294460641,1.7982537,20.444654
2749,48,449,0.176,0.8427935701,746.51924675,19.4146495
2750,48,451,0.123,0.8658610665,1805.2322008184,18.50700768
2751,48,453,0.368,0.9328965202,3997.677180830275,25.559912241860467
2752,48,455,0.58,0.8431957567,188.54090882,31.051857599999998
2753,48,457,0.426,0.8145058674,123.20406099999998,33.162773
2754,48,459,0.505,0.8779599271,198.90286485714287,28.341554
2755,48,461,0.351,0.7509433962,3.3814385000000002,21.067025
2756,48,463,0.147,0.8449299454,907.97772334,19.8468632
2757,48,465,0.124,0.7581707171,1806.2442734300002,18.257276100000002
2758,48,467,0.527,0.835557526,157.058622,37.2354171
2759,48,469,0.246,0.8029992385,1883.1739701739132,22.335847545454545
2760,48,471,0.357,0.8497617156,1321.1642229000001,23.6390411
2761,48,473,0.542,0.8673043768,348.4836651666667,33.72816383333333
2762,48,475,0.292,0.8193325662,925.1376147666666,20.048413333333333
2763,48,477,0.24,0.8277148655,173.84884983333333,21.278132166666666
2764,48,479,0.227,0.8420047253,5525.565633184918,23.368836049180327
2765,48,481,0.341,0.813059266,86.74525922727273,24.727051454545457
2766,48,483,0.343,0.8404542996,6.40265205,18.3537625
2767,48,485,0.077,0.8688668642,1877.3298001756755,17.906114777777777
2768,48,487,0.151,0.7796073464,249.58839214999998,14.5825375
2769,48,489,0.27,0.7517192735,105.53086492,24.34128
2770,48,491,0.448,0.9549045724,2113.773304483146,30.957393
2771,48,493,0.612,0.8685971324,132.5775582727273,36.87662881818182
2772,48,495,0.376,0.8888888889,719.6171429333334,23.379865666666664
2773,48,497,0.523,0.8851145193,127.63224281818181,35.156994
2774,48,499,0.464,0.8596674167,159.7276545,28.9769707
2775,48,501,0.423,0.9231651376,16.9343848,16.0968905
2776,48,503,0.179,0.8968182404,669.21637655,18.06831625
2777,48,505,0.214,0.7118386817,1442.5660118333333,21.640617333333335
2778,48,507,0.173,0.7625329815,213.531641625,19.757558
2779,49,1,0.209,0.8051131601,4.33284815,18.1969235
2780,49,3,0.317,0.9263185379,1037.3969158154543,22.835606272727272
2781,49,5,0.135,0.9230251867,1986.086665396923,19.134914653846156
2782,49,7,0.173,0.8317337654,450.22142314,17.5267582
2783,49,9,0.172,0.8854961832,1.5194145,19.648485
2784,49,11,0.289,0.9404049741,2815.1229077777775,24.019363833333333
2785,49,13,0.267,0.8973786119,96.43001983333333,23.523853333333335
2786,49,15,0.234,0.8824387398,6.1720434,21.071354
2787,49,17,0.126,0.8075974346,1.8051909099999999,14.9042825
2788,49,19,0.128,0.8779668607,159.95269059999998,15.1190775
2789,49,21,0.135,0.8976498118,604.045613875,17.07436625
2790,49,23,0.336,0.8714057508,142.066811,25.686023
2791,49,25,0.086,0.9107142857,9.666522005000001,20.1163855
2792,49,27,0.167,0.854464495,4.414441036666667,19.234355333333333
2793,49,29,0.421,0.947295423,13.5595629,28.780661
2794,49,31,0.558,0.7195767196,2.0533366,24.407143
2795,49,33,0.338,0.9436964504,2.2006755,29.344398
2796,49,35,0.253,0.9361216931,5064.176261985849,24.089633952606633
2797,49,37,0.312,0.7030107527,2.3747713,25.23426775
2798,49,39,0.237,0.866255144,34.20176188000001,21.5124004
2799,49,41,0.137,0.8885432166,59.09873133999999,17.6541132
2800,49,43,0.334,0.9519237411,220.74232638538462,26.62636023076923
2801,49,45,0.513,0.9527548807,1458.560915240909,34.0804434
2802,49,47,0.195,0.894639866,312.13205891666667,19.814799
2803,49,49,0.275,0.9201490782,3952.8955467789065,22.050921299212597
2804,49,51,0.327,0.9416770964,643.724033275,26.33066125
2805,49,53,0.15,0.92179514,1152.6388132714285,18.480926714285715
2806,49,55,0.226,0.9041474654,1.1289581,18.86095
2807,49,57,0.255,0.9408573625,3503.0933230399996,22.7225835
2808,50,1,0.405,0.9022407433,192.6270976,24.8895795
2809,50,3,0.196,0.8159333151,363.2605424166666,20.708915083333334
2810,50,5,0.332,0.8485672129,95.4600958,23.7453376
2811,50,7,0.262,0.9179336485,2975.8786057142856,21.104522088235296
2812,50,9,0.427,0.8391352144,13.892305299999999,22.69564
2813,50,11,0.454,0.8852333588,748.8913629000001,27.359738699999998
2814,50,13,0.609,0.922677063,91.4226655,34.725785
2815,50,15,0.404,0.8976715686,61.239267285714284,28.674451285714287
2816,50,17,0.426,0.8662236122,52.2350367,27.2780632
2817,50,19,0.32,0.8809261301,194.8777602,21.9960799
2818,50,21,0.294,0.8419129205,678.8752852,22.5611884
2819,50,23,0.337,0.9032739264,741.3582692105263,23.109507315789475
2820,50,25,0.281,0.7904883011,215.9421377222222,22.406632944444443
2821,50,27,0.352,0.8817191332,155.07717983333333,22.50411961111111
2822,51,1,0.251,0.8268074395,94.99364055599999,23.458835555555552
2823,51,3,0.269,0.9126575537,1427.2580741363636,22.794185454545456
2824,51,5,0.266,0.8259694851,264.31186933333333,24.872072833333334
2825,51,7,0.714,0.7895931883,35.668644,43.6693615
2826,51,9,0.323,0.8135726657,322.4684071111111,23.812942222222222
2827,51,11,0.453,0.8005485296,55.63619133333333,30.437537666666667
2828,51,13,0.395,0.944911683,14164.69220862034,28.682530847457624
2829,51,15,0.318,0.8615063308,135.91586176923076,25.20780423076923
2830,51,17,0.31,0.7950589556,8.9406185,25.722918
2831,51,19,0.391,0.8637531347,173.107901625,29.848518235294115
2832,51,21,0.41,0.6904051173,19.0337975,32.304557
2833,51,23,0.336,0.8749332316,197.72120237500002,27.721573499999998
2834,51,25,0.472,0.7749608764,432.8208992,30.260046
2835,51,27,0.451,0.7352741124,49.39180914285714,34.27761457142857
2836,51,29,0.642,0.7279775652,34.71617375,39.888587
2837,51,31,0.31,0.8340126812,510.7584018333334,24.53519866666667
2838,51,33,0.617,0.8470890411,63.68975157142857,37.67251142857143
2839,51,35,0.383,0.8166973505,70.16844485714286,27.422974714285715
2840,51,36,0.643,0.7119104174,45.324455666666665,35.88088233333333
2841,51,37,0.525,0.7266825362,26.095560000000003,31.255416333333333
2842,51,41,0.404,0.9390128179,1669.5880747042254,27.422492464788732
2843,51,43,0.537,0.8964784994,76.18576866666668,35.132039999999996
2844,51,45,0.662,0.8784246575,15.749513,37.612034
2845,51,47,0.512,0.9063172622,293.20718225,36.216976
2846,51,49,0.605,0.788742515,37.1586055,37.338659
2847,51,51,0.484,0.7706839251,54.139012,36.77440975
2848,51,53,0.517,0.8473194591,256.80633985714286,30.431324833333335
2849,51,57,0.463,0.7816196542,76.59659633333334,34.35601066666667
2850,51,59,0.465,0.9625481325,5554.7829070178295,33.16808248828125
2851,51,61,0.58,0.9111779487,185.3826761764706,40.00876029411764
2852,51,63,0.524,0.8064370582,43.241307666666664,36.19681166666667
2853,51,65,0.598,0.9091795922,329.76032825,33.661904250000006
2854,51,67,0.521,0.8087528909,122.3411071,30.420029900000003
2855,51,69,0.395,0.8877045838,615.5235102857142,28.24649157142857
2856,51,71,0.485,0.805436549,52.8511945,28.552763249999998
2857,51,73,0.594,0.8884918271,337.096853,35.29269625
2858,51,75,0.489,0.9216019175,178.9261532,33.4692622
2859,51,77,0.393,0.7865204773,42.317082799999994,29.5353636
2860,51,79,0.482,0.9091253792,139.39443066666666,30.604068666666667
2861,51,81,0.378,0.83538163,7205.4001640000015,23.078774999999997
2862,51,83,0.343,0.6624734879,153.49338833333334,26.64302
2863,51,85,0.385,0.9118347139,672.8873292173913,26.695175347826083
2864,51,87,0.252,0.9179713715,2653.494388734375,22.56450346031746
2865,51,89,0.261,0.7463785787,264.0616489285714,23.833212714285715
2866,51,91,0.322,0.7357926221,5.5906696,30.570168
2867,51,93,0.491,0.8460391547,328.057091625,30.975273125
2868,51,95,0.361,0.944148512,765.4906172727274,25.742032545454546
2869,51,97,0.61,0.7356076759,23.9860815,39.437129999999996
2870,51,99,0.506,0.911005366,133.36851919999998,31.8442212
2871,51,101,0.684,0.7731553057,154.06238100000002,35.912384
2872,51,103,0.27,0.7403072421,108.486349,24.501109
2873,51,105,0.34,0.694529955,89.32616566666667,30.341416999999996
2874,51,107,0.47,0.9665395567,2734.5927196604616,33.34463293846154
2875,51,109,0.638,0.8274932615,67.4270375,36.92492283333333
2876,51,111,0.408,0.5999143286,32.996474666666664,29.108311666666665
2877,51,113,0.412,0.8367952522,45.168115,31.012626500000003
2878,51,115,0.507,0.7488717813,107.54808750000001,41.655913999999996
2879,51,117,0.353,0.7175065323,62.79452333333333,26.247379555555554
2880,51,119,0.438,0.8191421931,111.284558,35.13063325
2881,51,121,0.175,0.9109743813,1392.0281833125,20.035337375
2882,51,125,0.553,0.8057187017,35.825099,34.809085
2883,51,127,0.558,0.889639141,95.92322899999999,34.12067566666666
2884,51,131,0.298,0.8289621581,61.340342,22.261895666666664
2885,51,133,0.469,0.8005886681,66.72815833333333,28.670455333333333
2886,51,135,0.387,0.7186817189,45.2914844025,31.055855
2887,51,137,0.586,0.915729188,179.61822320000002,35.051707199999996
2888,51,139,0.483,0.7885161426,79.5349286,31.655728
2889,51,141,0.51,0.800949083,44.9494205,28.186207
2890,51,143,0.365,0.7580887427,101.010596125,27.2353908125
2891,51,145,0.591,0.905120617,136.6268072,38.0480248
2892,51,147,0.313,0.7515873016,3111.056351,24.2038044
2893,51,149,0.405,0.9209781412,389.16224585714286,23.083040714285715
2894,51,153,0.64,0.9624213338,3210.1768921927714,40.18683995121952
2895,51,155,0.312,0.7959126929,350.0906993,23.05171775
2896,51,157,0.586,0.8919958057,27.4121105,39.4954075
2897,51,159,0.421,0.7973387922,54.137085,29.088013500000002
2898,51,161,0.266,0.8892457495,1398.583196888889,21.86496483333333
2899,51,163,0.402,0.8343802345,40.6672395,25.9792535
2900,51,165,0.269,0.8525649026,204.417377,23.905472789473684
2901,51,167,0.444,0.6830945559,68.38495485714286,33.03650314285714
2902,51,169,0.476,0.7389118534,82.3833725,32.224955666666666
2903,51,171,0.457,0.8477674052,124.9519751111111,28.289586
2904,51,173,0.336,0.7920989625,116.29969344444446,23.118938111111113
2905,51,175,0.517,0.8338899376,93.9543476,23.566898600000002
2906,51,177,0.507,0.9479615512,1356.4554590666667,38.55161913333333
2907,51,179,0.537,0.9640413962,1418.0071287037038,39.00258677037037
2908,51,181,0.703,0.7666061706,28.764099,38.653059
2909,51,183,0.65,0.8226720648,415.7674108,30.3030344
2910,51,185,0.321,0.8444611623,150.58700163636365,27.377711181818185
2911,51,187,0.589,0.9195155304,752.055697,39.163253375
2912,51,191,0.311,0.8081200832,235.77592961538463,25.10500469230769
2913,51,193,0.578,0.7953667954,116.97998875,36.50331125
2914,51,195,0.278,0.7847741017,137.90074254545453,25.849421272727273
2915,51,197,0.28,0.8181671507,75.48358683333333,25.390745499999998
2916,51,199,0.292,0.9347702779,1602.0126421428572,24.83213614285714
2917,51,510,0.438,0.9378624799,12308.791971052633,31.855148947368424
2918,51,515,,,,
2919,51,520,0.16,0.7597925481,1461.52195,18.96415725
2920,51,530,0.128,0.8782075833,991.94513,20.215206
2921,51,540,0.135,0.8995888116,5618.712375,17.54025275
2922,51,550,0.393,0.9202368965,2626.3182180731706,25.92174807317073
2923,51,570,0.345,0.8738237243,2813.89156,22.6524954
2924,51,580,0.139,0.8190934617,1101.741235,20.0036795
2925,51,590,0.193,0.7604658652,1458.314175285625,20.252182
2926,51,595,0.276,0.8377647589,886.934055,19.5844325
2927,51,600,0.476,0.9632015724,3833.4667199999994,32.4333102
2928,51,610,0.355,0.9767057657,6073.324366666667,28.901321333333332
2929,51,620,0.289,0.9008264463,1279.642155,22.882399
2930,51,630,0.417,0.9196015031,4784.752733333334,25.80834833333333
2931,51,640,0.185,0.8658849395,839.17038,17.0443555
2932,51,650,0.266,0.9145999307,3599.630409090909,22.938173727272726
2933,51,660,0.135,0.8349200854,4051.3696536363636,15.993070545454545
2934,51,670,0.395,0.8559142068,2593.5203857142856,24.646340999999996
2935,51,678,0.191,0.891800097,2820.1843,11.834521
2936,51,680,0.113,0.9223690173,2306.696312105263,17.55794357894737
2937,51,683,0.533,0.9572680009,5251.180514285715,35.165484285714285
2938,51,685,0.597,0.9403678606,6201.4509,38.0464725
2939,51,690,0.197,0.8245239366,1321.64084,19.6611416
2940,51,700,0.301,0.9065806486,3917.9306224999996,24.41225668181818
2941,51,710,0.273,0.8732439099,5959.049439655875,23.3281615
2942,51,720,0.145,0.7804249839,529.07367,18.907856
2943,51,730,0.337,0.8308873031,2281.2421545454545,24.154310363636363
2944,51,735,0.335,0.9334335409,1143.5533266666666,25.121925
2945,51,740,0.318,0.8748676849,3826.848942419355,24.49537935483871
2946,51,750,0.187,0.8850909091,1861.8727,17.111341333333332
2947,51,760,0.219,0.8492339322,5522.546746969697,23.833568015151513
2948,51,770,0.2,0.8403140758,2790.5278608695653,20.38754543478261
2949,51,775,0.181,0.8956607495,1771.46426,18.3408418
2950,51,790,0.263,0.836650229,1871.5074783333332,20.082438666666665
2951,51,800,0.503,0.8896668731,1089.0827170357143,29.074299142857143
2952,51,810,0.313,0.9408509455,4382.675248777778,24.841108141414143
2953,51,820,0.268,0.8753638254,1762.7908900000002,19.8957038
2954,51,830,0.218,0.8966418661,1759.6212733333334,19.699354333333336
2955,51,840,0.213,0.86370502,3189.37522,21.81946
2956,53,1,0.281,0.8736708459,640.5666568,19.024072999999998
2957,53,3,0.086,0.8698876881,2106.13277075,17.206092166666668
2958,53,5,0.223,0.9175315531,1879.8759446402971,22.960549135135135
2959,53,7,0.221,0.8964152474,1056.8161809857143,18.89950628571429
2960,53,9,0.214,0.9147104168,884.3864063238094,21.828535047619045
2961,53,11,0.323,0.9396184852,3124.620804625,25.769887471153844
2962,53,13,0.355,0.7478858351,4.6947546,20.202536
2963,53,15,0.347,0.8956207238,2141.8332895333333,22.686779041666668
2964,53,17,0.215,0.8899923606,1731.4471223,20.101877375
2965,53,19,0.231,0.769279796,4.714725166666667,24.303432333333333
2966,53,21,0.216,0.9233463837,2107.6807371461537,22.333378166666666
2967,53,23,0.381,0.8269961977,3.1884687,18.854395
2968,53,25,0.257,0.8967306243,446.5337525875,19.21959325
2969,53,27,0.313,0.8872990461,537.37255995625,23.226567375
2970,53,29,0.333,0.9427228461,1101.4638933333333,30.11066304761905
2971,53,31,0.305,0.9037509284,402.04103238571423,26.836615571428574
2972,53,33,0.418,0.9477192162,5878.153871363475,28.33123294962217
2973,53,35,0.325,0.947960173,2020.545593925926,32.19894387037037
2974,53,37,0.257,0.8985766032,716.2588658625,22.135819625
2975,53,39,0.345,0.8593206466,16.80665906666667,24.412184
2976,53,41,0.389,0.8627839327,659.099370475,25.56154985
2977,53,43,0.412,0.8604850826,231.4609573,22.9303765
2978,53,45,0.548,0.9073818626,472.4830924142857,31.68935814285714
2979,53,47,0.241,0.8641329614,63.01072192,20.572014799999998
2980,53,49,0.308,0.8939295343,227.30780397142857,20.395432714285715
2981,53,51,0.446,0.855549837,30.613697000000002,33.082748200000005
2982,53,53,0.458,0.9381958305,3062.440643464535,30.600787389534887
2983,53,55,0.083,0.9272442355,180.87724425,16.136872
2984,53,57,0.35,0.9235412865,1326.1665986862067,25.812254862068965
2985,53,59,0.485,0.8668680765,39.012831912399996,28.751696600000002
2986,53,61,0.48,0.9381415858,3237.642106632886,31.795394523489932
2987,53,63,0.256,0.9125991875,2989.004336030476,22.34181900952381
2988,53,65,0.447,0.8520781752,239.33310465,26.947791
2989,53,67,0.354,0.935957396,1617.6928378163266,26.305511326530613
2990,53,69,0.473,0.8766041461,15.103939,28.584293
2991,53,71,0.116,0.8877725524,2504.2295855416664,17.614983833333334
2992,53,73,0.242,0.928969495,1831.3842073411765,22.32155782352941
2993,53,75,0.146,0.8522727273,1774.3206335799998,17.569493
2994,53,77,0.198,0.8888440287,2238.220504366667,20.719050288888887
2995,54,1,0.417,0.8250723897,105.77340125,28.11132725
2996,54,3,0.411,0.9099910902,949.9925994285715,28.782148785714288
2997,54,5,0.532,0.8630605523,77.845660375,33.88375325
2998,54,7,0.476,0.7825903233,29.23663,33.881846333333336
2999,54,9,0.355,0.8293949348,481.51433833333334,24.911804333333333
3000,54,11,0.262,0.840206449,3046.269460275862,21.12445527586207
3001,54,13,0.555,0.7277289837,27.605709,37.4886065
3002,54,15,0.447,0.8344594595,27.52087966666667,42.84364933333333
3003,54,17,0.533,0.819047619,28.435368500000003,36.2088375
3004,54,19,0.434,0.8090508411,310.39765108333336,28.974176
3005,54,21,0.425,0.7706463196,53.6674535,26.046313500000004
3006,54,23,0.314,0.8260971055,35.984964,27.407670666666665
3007,54,25,0.384,0.8222977566,73.96263757142857,26.231124428571427
3008,54,27,0.679,0.8065597319,38.383933400000004,38.9265278
3009,54,29,0.361,0.8879062912,842.744745,22.57934225
3010,54,31,0.34,0.817058724,25.042885666666667,27.466530000000002
3011,54,33,0.245,0.8415449654,692.6742073636364,23.72103322727273
3012,54,35,0.432,0.791199081,122.71776383333334,28.017922999999996
3013,54,37,0.579,0.9122759123,660.0970333333333,36.5956978
3014,54,39,0.238,0.8618597505,1712.5308734905661,22.35238716981132
3015,54,41,0.444,0.8102305476,194.47908999999999,25.9819076
3016,54,43,0.544,0.8219178082,53.955963399999995,40.084486600000005
3017,54,45,0.311,0.8882704098,115.14609366666666,30.336712777777777
3018,54,47,0.588,0.8153917335,45.34532625,34.991593625
3019,54,49,0.384,0.8873067712,1085.1380312222223,24.54337761111111
3020,54,51,0.386,0.8372968212,743.3282533333334,25.555839555555554
3021,54,53,0.415,0.8252115553,150.20019316666665,28.901513166666664
3022,54,55,0.306,0.8440175316,673.70889175,24.84320225
3023,54,57,0.288,0.8858665171,220.3481064285714,28.94178157142857
3024,54,59,0.548,0.8376789082,113.80781014285715,30.84920385714286
3025,54,61,0.251,0.8971844638,3285.3791445416664,21.63781725
3026,54,63,0.64,0.7983530405,36.40182633333333,34.98129933333333
3027,54,65,0.59,0.8126473443,113.9634635,37.8933505
3028,54,67,0.382,0.8270974466,46.77787314285714,29.729876714285716
3029,54,69,0.249,0.8386278403,1741.84681,19.9240495
3030,54,71,0.456,0.7533710309,10.973275800000001,35.320577
3031,54,73,0.485,0.8891687657,61.64249649999999,26.6282785
3032,54,75,0.336,0.7128072445,9.19153425,30.575572
3033,54,77,0.48,0.8410564976,77.320386875,31.25355175
3034,54,79,0.407,0.8665056007,748.6010552999999,28.691446300000003
3035,54,81,0.245,0.7515656183,721.260704117647,26.424933941176473
3036,54,83,0.218,0.8023110255,439.78565239999995,23.85200085714286
3037,54,85,0.492,0.7871956718,28.046087666666665,33.707516
3038,54,87,0.505,0.7384782216,86.00519375,34.37832625
3039,54,89,0.557,0.7076667359,525.216371,32.48252625
3040,54,91,0.387,0.8323281062,95.2451475,27.33767375
3041,54,93,0.424,0.7901926445,22.586763,27.96241733333333
3042,54,95,0.527,0.8378292606,70.56951233333334,33.06788266666666
3043,54,97,0.375,0.8345848978,726.9495533333334,25.429371
3044,54,99,0.362,0.8135048232,800.4980655454546,29.786578272727272
3045,54,101,0.426,0.7861169838,16.811079000000003,30.520880000000002
3046,54,103,0.428,0.7942616034,162.1411884,29.059952600000003
3047,54,105,0.687,0.7696764848,24.7376785,34.364655
3048,54,107,0.171,0.8485968745,1688.8259683461538,20.270255000000002
3049,54,109,0.481,0.7474135756,54.48639166666667,36.53843316666667
3050,55,1,0.438,0.8275050797,34.761191000000004,28.707168857142854
3051,55,3,0.162,0.8032715058,289.8136899142857,17.861334
3052,55,5,0.228,0.8344975272,178.0515605,20.2928871
3053,55,7,0.305,0.8828732243,12.73112448,23.4738024
3054,55,9,0.163,0.9096582251,2764.9833776296296,18.797625943396227
3055,55,11,0.383,0.8617357695,64.270567,25.0516682
3056,55,13,0.37,0.8309580923,20.37145166666667,27.561052166666666
3057,55,15,0.277,0.9179022646,1457.8040096363636,20.650267454545453
3058,55,17,0.264,0.8901644898,439.7340524545454,22.564580272727273
3059,55,19,0.306,0.7790734321,46.58682525,21.5299345
3060,55,21,0.421,0.8773059304,182.16201583333336,26.17860991666667
3061,55,23,0.263,0.8192048012,461.5616546666667,22.493967833333333
3062,55,25,0.237,0.9261768727,4435.911325352381,21.066744085714284
3063,55,27,0.335,0.888475212,1099.05977785,22.05693345
3064,55,29,0.182,0.8850246922,137.95549844444446,19.55785977777778
3065,55,31,0.286,0.8704808149,1464.7353044666668,20.461272833333336
3066,55,33,0.308,0.8821463527,321.036425,23.763938500000002
3067,55,35,0.143,0.9021058228,1985.6712361500001,18.63925285
3068,55,37,0.2,0.8568720379,9.5455717,20.9444085
3069,55,39,0.258,0.8909010601,2018.37916765,19.695167599999998
3070,55,41,0.333,0.8342611336,14.758021575,24.1851905
3071,55,43,0.271,0.8448752072,197.69157308333334,21.64748175
3072,55,45,0.377,0.8700108912,315.477921125,22.538522999999998
3073,55,47,0.348,0.8311433133,182.09228883333333,23.314636833333335
3074,55,49,0.403,0.8838307708,58.16924983333333,26.306006999999997
3075,55,51,0.233,0.8660562903,74.56596383333333,21.597725999999998
3076,55,53,0.357,0.8415467187,102.76056315999999,22.4805314
3077,55,55,0.403,0.8957190538,755.1283813,22.705873349999997
3078,55,57,0.34,0.8238673214,109.33653685714286,23.085153285714284
3079,55,59,0.371,0.9175082433,3568.0851620000003,26.86353022857143
3080,55,61,0.412,0.8561272442,293.29253175,23.2883165
3081,55,63,0.177,0.8882733514,2250.5478262,18.25590608
3082,55,65,0.362,0.8056552962,29.6180564,24.585404
3083,55,67,0.275,0.8699744364,300.95792656666663,22.691935833333332
3084,55,69,0.303,0.8404356813,479.89780893,21.121426399999997
3085,55,71,0.217,0.8768875061,1255.5135521578948,18.906078263157895
3086,55,73,0.176,0.8877498989,1159.0611026296297,19.100895370370367
3087,55,75,0.224,0.8575107296,291.57905951666663,22.09858208333333
3088,55,77,0.42,0.8747275105,36.2563378,27.541908799999998
3089,55,78,0.177,0.873502994,34.16947655,20.403371
3090,55,79,0.256,0.8751895663,8075.32301989899,23.922236307432435
3091,55,81,0.257,0.8505935773,307.269804,20.236279777777778
3092,55,83,0.448,0.8779636539,52.0303758,26.270633499999995
3093,55,85,0.22,0.8781898402,166.15519045714285,19.620602785714286
3094,55,87,0.219,0.9204546926,2520.562281825,19.202872199999998
3095,55,89,0.351,0.9295397977,1189.6240571666667,23.44903422222222
3096,55,91,0.401,0.8606557377,34.217941499999995,26.6836185
3097,55,93,0.449,0.9096098953,592.649789875,27.47888575
3098,55,95,0.439,0.866057677,63.60344260000001,29.977307200000002
3099,55,97,0.222,0.9174989877,1277.4982285714286,19.220043428571426
3100,55,99,0.28,0.8232069438,37.35376998333333,19.816886166666666
3101,55,101,0.346,0.8997206386,2910.772684159091,23.272523977272726
3102,55,103,0.305,0.7932293861,131.61421560000002,24.4855454
3103,55,105,0.321,0.8911510532,2106.3391677631575,21.188162315789473
3104,55,107,0.344,0.8344783512,127.47480252,23.3279748
3105,55,109,0.423,0.9161970105,557.4840145000001,27.59675157142857
3106,55,111,0.312,0.8823701003,253.82088676923078,21.90974476923077
3107,55,113,0.246,0.8401783619,36.12833846666666,21.3433065
3108,55,115,0.33,0.8473431669,261.26364490909094,24.176578363636363
3109,55,117,0.153,0.9043013798,2123.0627376923076,18.52724780769231
3110,55,119,0.259,0.8126652398,152.07177098333335,20.5621115
3111,55,121,0.343,0.8517030848,39.954654375000004,22.389502625
3112,55,123,0.396,0.7903331692,68.18438142857143,24.518135
3113,55,125,0.217,0.8610319139,40.37776426,19.017139399999998
3114,55,127,0.338,0.8756157926,708.4848636818182,24.84433227272727
3115,55,129,0.285,0.8424757604,22.54266084,23.386322999999997
3116,55,131,0.409,0.9224354662,1139.97973925,24.52104982142857
3117,55,133,0.298,0.9330775226,1524.1830030232559,23.478347058139533
3118,55,135,0.379,0.8588014647,199.7004829166667,22.596932416666665
3119,55,137,0.443,0.8376076648,44.65270971428571,27.606455
3120,55,139,0.179,0.8979960533,2930.869604390244,19.031364146341463
3121,55,141,0.242,0.8861686807,727.986979235294,18.332689411764704
3122,56,1,0.096,0.8956589801,2273.733311876,15.6174824
3123,56,3,0.229,0.8650447556,4.4556677,16.543469666666667
3124,56,5,0.169,0.9242686951,713.2736483142857,21.32273514285714
3125,56,7,0.167,0.9124893798,170.099612342,15.6816382
3126,56,9,0.277,0.814438409,146.78816810749998,26.848957
3127,56,11,0.378,0.86129367,2.653983,22.7186185
3128,56,13,0.185,0.8668467252,455.187118448,18.0683778
3129,56,15,0.189,0.8072432218,94.897576125,19.9311775
3130,56,17,0.12,0.8932178932,723.2018757999999,16.382886
3131,56,19,0.153,0.8770094412,120.85362823,21.237927499999998
3132,56,21,0.126,0.9081006047,1718.0948463952384,17.2057262
3133,56,23,0.27,0.8621697154,33.219305355,26.533583750000002
3134,56,25,0.111,0.9089079165,2030.6113369966665,17.575649055555555
3135,56,27,0.195,0.8141980719,0.945912,15.460348
3136,56,29,0.181,0.9029516655,638.9516057,17.4403732
3137,56,31,0.157,0.7812741811,3.9223741,15.426585
3138,56,33,0.148,0.8915279319,1321.6710048,17.997959666666667
3139,56,35,0.364,0.8537241194,2.1058997,20.710876
3140,56,37,0.195,0.8910039732,783.7186055349999,22.043981916666667
3141,56,39,0.117,0.9168709368,110.03363485,18.0119325
3142,56,41,0.172,0.9080090921,49.5155479,21.99296633333333
3143,56,43,0.096,0.8402107112,1297.9384533999998,12.830585666666666
3144,56,45,0.26,0.8267973856,46.2143778,23.740728
3145,72,1,,,1303.1292349999999,
3146,72,3,,,1669.571248888889,
3147,72,5,,,3736.95671875,
3148,72,7,,,1647.4166500000001,
3149,72,9,,,1642.6483366666669,
3150,72,11,,,2494.04374,
3151,72,13,,,2393.3931879166666,
3152,72,15,,,1950.46732,
3153,72,17,,,2007.26889,
3154,72,19,,,1306.31049,
3155,72,21,,,8749.21194967742,
3156,72,23,,,1419.6717163636363,
3157,72,25,,,7064.201385151516,
3158,72,27,,,1574.260457142857,
3159,72,29,,,3544.3404616666667,
3160,72,31,,,9243.503453307316,
3161,72,33,,,6889.202964823529,
3162,72,35,,,4043.5073981818186,
3163,72,37,,,1140.61664405,
3164,72,39,,,728.032775,
3165,72,41,,,1664.067365,
3166,72,43,,,3273.3222522222222,
3167,72,45,,,2034.7719080000002,
3168,72,47,,,1687.1935366666667,
3169,72,49,,,156.40056,
3170,72,51,,,2329.592317142857,
3171,72,53,,,3522.534267777778,
3172,72,54,,,937.342975,
3173,72,55,,,2709.2661957142855,
3174,72,57,,,3655.8322833333336,
3175,72,59,,,1433.674552,
3176,72,61,,,7279.2814795652175,
3177,72,63,,,3404.13175125,
3178,72,65,,,1558.2676516666668,
3179,72,67,,,3438.5849574999997,
3180,72,69,,,2056.2216458333332,
3181,72,71,,,1578.3015766666667,
3182,72,73,,,1772.0558800000001,
3183,72,75,,,2228.3134274999998,
3184,72,77,,,1877.7006233333334,
3185,72,79,,,1030.040954,
3186,72,81,,,1219.19843875,
3187,72,83,,,281.70467333333335,
3188,72,85,,,1953.9640066666668,
3189,72,87,,,5906.4589160000005,
3190,72,89,,,2285.037738,
3191,72,91,,,3928.72105,
3192,72,93,,,323.916705,
3193,72,95,,,1209.21715,
3194,72,97,,,6604.534829615384,
3195,72,99,,,1205.226907142857,
3196,72,101,,,1472.0052699999999,
3197,72,103,,,647.8699375,
3198,72,105,,,1465.9677980000001,
3199,72,107,,,566.5263985714286,
3200,72,109,,,664.6841625,
3201,72,111,,,1232.9746116666668,
3202,72,113,,,6233.824893111111,
3203,72,115,,,1471.1356799999999,
3204,72,117,,,1312.6471166666668,
3205,72,119,,,2486.4865018181818,
3206,72,121,,,3401.1802533333334,
3207,72,123,,,2389.7779327142857,
3208,72,125,,,1219.3990714285715,
3209,72,127,,,13915.495264316924,
3210,72,129,,,2263.1891744444447,
3211,72,131,,,1925.6542144444445,
3212,72,133,,,1862.4745859999998,
3213,72,135,,,4638.582035384616,
3214,72,137,,,7674.6637328,
3215,72,139,,,6208.213426666667,
3216,72,141,,,1347.8637575,
3217,72,143,,,2444.0008728571433,
3218,72,145,,,2669.289401538462,
3219,72,147,,,182.72638999999998,
3220,72,149,,,1770.3620433333333,
3221,72,151,,,1918.5748125,
3222,72,153,,,2792.3293136363636,
