FIPS,County,Social Capital and Community Score
8014,"Broomfield, Colorado",100.0
51510,"Alexandria, Virginia",90.0443501405742
51013,"Arlington, Virginia",85.51509262127507
13053,"Chattahoochee, Georgia",83.6909584814406
8035,"Douglas, Colorado",79.77290608681854
16065,"Madison, Idaho",74.77615977688382
24027,"Howard, Maryland",72.14448191520742
8039,"Elbert, Colorado",71.78768562467826
51179,"Stafford, Virginia",71.56795773817093
51107,"Loudoun, Virginia",69.39238095192182
51059,"Fairfax County, Virginia",69.17240005220691
51199,"York, Virginia",69.16472520704899
8059,"Jefferson, Colorado",67.2387300760884
51630,"Fredericksburg, Virginia",67.15037776284079
48085,"Collin, Texas",66.19095160218995
8093,"Park, Colorado",65.30829912207639
8013,"Boulder, Colorado",65.14719766589796
6075,"San Francisco, California",64.4713872598955
34019,"Hunterdon, New Jersey",64.1378027768382
47187,"Williamson, Tennessee",64.00288835272674
51683,"Manassas, Virginia",63.83388100697292
51153,"Prince William, Virginia",63.829393802190225
13113,"Fayette, Georgia",63.69835139554395
51043,"Clarke, Virginia",63.548378718513646
39041,"Delaware, Ohio",63.333126348481386
29165,"Platte, Missouri",63.31323311052521
37135,"Orange, North Carolina",63.22070756329601
27163,"Washington, Minnesota",63.12724347423618
6061,"Placer, California",63.079341775806206
18057,"Hamilton, Indiana",62.64126890841756
41003,"Benton, Oregon",62.35559241843931
25021,"Norfolk, Massachusetts",62.29810798488281
49011,"Davis, Utah",62.24243112357611
13117,"Forsyth, Georgia",62.109024298022334
27141,"Sherburne, Minnesota",61.88938487068051
49049,"Utah, Utah",61.42886534963581
27019,"Carver, Minnesota",61.382351763181454
33015,"Rockingham, New Hampshire",61.33341355776031
25015,"Hampshire, Massachusetts",61.312202825167404
35028,"Los Alamos, New Mexico",61.27587745499034
48121,"Denton, Texas",60.80349348734069
6081,"San Mateo, California",60.52104717217327
51061,"Fauquier, Virginia",60.304858308434085
55089,"Ozaukee, Wisconsin",60.19491048255969
27037,"Dakota, Minnesota",59.965329281938
24031,"Montgomery, Maryland",59.95601341337152
53075,"Whitman, Washington",59.78901623147155
48397,"Rockwall, Texas",59.737240576767505
17093,"Kendall, Illinois",59.56899995242464
48491,"Williamson, Texas",59.49894824664115
31153,"Sarpy, Nebraska",59.40862964284063
36109,"Tompkins, New York",59.3124816576171
17043,"DuPage, Illinois",59.23758475112491
9013,"Tolland, Connecticut",58.950678580997476
19049,"Dallas, Iowa",58.871394144795396
55133,"Waukesha, Wisconsin",58.79916474652772
51157,"Rappahannock, Virginia",58.70272703518461
24013,"Carroll, Maryland",58.6612082914974
21185,"Oldham, Kentucky",58.56393688868684
53029,"Island, Washington",58.5111218749555
24009,"Calvert, Maryland",58.49352229976782
2090,"Fairbanks North Star, Alaska",58.34400619572897
41005,"Clackamas, Oregon",58.30119379943864
46083,"Lincoln, South Dakota",58.157283279213814
8069,"Larimer, Colorado",58.0123116224638
19169,"Story, Iowa",57.955210628000806
49043,"Summit, Utah",57.83889004500702
20161,"Riley, Kansas",57.835018935359116
2170,"Matanuska-Susitna, Alaska",57.82845624700729
34035,"Somerset, New Jersey",57.734663961303475
51735,"Poquoson, Virginia",57.66737658183422
13219,"Oconee, Georgia",57.57652616218712
24021,"Frederick, Maryland",57.46481843366781
53061,"Snohomish, Washington",57.342741550962096
8005,"Arapahoe, Colorado",57.18149752574494
56001,"Albany, Wyoming",57.13556610477977
41067,"Washington, Oregon",57.10866266037009
27003,"Anoka, Minnesota",56.95758894491952
29183,"St. Charles, Missouri",56.89835813521126
48259,"Kendall, Texas",56.773492251679144
24025,"Harford, Maryland",56.75041573554744
39165,"Warren, Ohio",56.6242056384599
51085,"Hanover, Virginia",56.62226976091579
30031,"Gallatin, Montana",56.58714453966892
49029,"Morgan, Utah",56.57175835148011
24017,"Charles, Maryland",56.33568523028241
20061,"Geary, Kansas",56.2811763494767
11001,"District of Columbia, District of Columbia",56.26150860620015
51177,"Spotsylvania, Virginia",56.24372440452932
8097,"Pitkin, Colorado",56.24340358803656
46027,"Clay, South Dakota",56.11767843011667
9007,"Middlesex, Connecticut",56.112748589792574
34037,"Sussex, New Jersey",56.03746892845039
6085,"Santa Clara, California",56.036085343800934
26161,"Washtenaw, Michigan",55.92096276818187
36079,"Putnam, New York",55.90889677300569
26093,"Livingston, Michigan",55.673015184280615
27171,"Wright, Minnesota",55.664780059827144
41051,"Multnomah, Oregon",55.65667001106741
8119,"Teller, Colorado",55.61050768386797
13057,"Cherokee, Georgia",55.57649603138508
34027,"Morris, New Jersey",55.49725668235222
53033,"King, Washington",55.48508180880314
6041,"Marin, California",55.377962845032755
2020,"Anchorage, Alaska",55.302981839275546
51099,"King George, Virginia",55.28952298623234
53067,"Thurston, Washington",55.26472075039922
42091,"Montgomery, Pennsylvania",55.25923350127995
8041,"El Paso, Colorado",55.171788105539235
24003,"Anne Arundel, Maryland",55.107718790742545
39055,"Geauga, Ohio",54.96686289422934
33013,"Merrimack, New Hampshire",54.960888815765365
6017,"El Dorado, California",54.950952953231166
8031,"Denver, Colorado",54.92597583072376
13067,"Cobb, Georgia",54.91122385520821
24035,"Queen Anne's, Maryland",54.886005997066746
13223,"Paulding, Georgia",54.846982577047065
48091,"Comal, Texas",54.7381332195926
18063,"Hendricks, Indiana",54.73186410259474
27139,"Scott, Minnesota",54.684858172824455
15003,"Honolulu, Hawaii",54.66184549139608
20091,"Johnson, Kansas",54.61794559892541
25017,"Middlesex, Massachusetts",54.540092108373614
55109,"St. Croix, Wisconsin",54.5308028772564
51145,"Powhatan, Virginia",54.480590137687535
51550,"Chesapeake, Virginia",54.459104363906384
53055,"San Juan, Washington",54.29515097146521
31025,"Cass, Nebraska",54.15378933906353
6001,"Alameda, California",54.1494597972747
27103,"Nicollet, Minnesota",54.104318465975865
56039,"Teton, Wyoming",54.05246435064278
49035,"Salt Lake, Utah",54.02941547335672
53053,"Pierce, Washington",53.891256719132265
20045,"Douglas, Kansas",53.8788726594279
17111,"McHenry, Illinois",53.85602093349618
16001,"Ada, Idaho",53.838422589838906
51810,"Virginia Beach, Virginia",53.793125258447915
27059,"Isanti, Minnesota",53.726250131779786
48367,"Parker, Texas",53.65002623247166
13135,"Gwinnett, Georgia",53.64835163702336
19181,"Warren, Iowa",53.59832412947482
53011,"Clark, Washington",53.57236203280775
53035,"Kitsap, Washington",53.390164783539554
50007,"Chittenden, Vermont",53.228657219955785
39103,"Medina, Ohio",53.175149972605965
44009,"Washington, Rhode Island",53.08759618640121
13097,"Douglas, Georgia",53.05650680430275
34003,"Bergen, New Jersey",53.010722534664204
19103,"Johnson, Iowa",52.953279159074285
27025,"Chisago, Minnesota",52.95042846566352
12117,"Seminole, Florida",52.910447541020446
55131,"Washington, Wisconsin",52.90606649692666
27027,"Clay, Minnesota",52.732646118744555
42017,"Bucks, Pennsylvania",52.66125696597136
51075,"Goochland, Virginia",52.650993152716076
24037,"St. Mary's, Maryland",52.63803413744094
31143,"Polk, Nebraska",52.60431842966026
55025,"Dane, Wisconsin",52.501558132412384
48209,"Hays, Texas",52.454058196607946
51137,"Orange, Virginia",52.443983757333825
6057,"Nevada, California",52.436470377728796
2122,"Kenai Peninsula, Alaska",52.37630398298805
49005,"Cache, Utah",52.33857348701445
42029,"Chester, Pennsylvania",52.19490558173848
40017,"Canadian, Oklahoma",52.12881142868403
49045,"Tooele, Utah",52.013640582133824
18011,"Boone, Indiana",52.00512483503773
12097,"Osceola, Florida",51.91946645973344
36091,"Saratoga, New York",51.87699739575788
2110,"Juneau, Alaska",51.85056562816322
33011,"Hillsborough, New Hampshire",51.80979550507986
51095,"James City, Virginia",51.79564873518859
48187,"Guadalupe, Texas",51.791790374219005
12109,"St. Johns, Florida",51.762893091534124
27053,"Hennepin, Minnesota",51.76183711549543
26089,"Leelanau, Michigan",51.65848752593409
16057,"Latah, Idaho",51.6406515135452
31177,"Washington, Nebraska",51.60113709474125
40027,"Cleveland, Oklahoma",51.582714669055896
36061,"New York, New York",51.580911214508404
53073,"Whatcom, Washington",51.51846871432332
23005,"Cumberland, Maine",51.5099550560701
49051,"Wasatch, Utah",51.49747213324074
13151,"Henry, Georgia",51.49533014992146
31159,"Seward, Nebraska",51.44446899794697
8051,"Gunnison, Colorado",51.41608353998613
48157,"Fort Bend, Texas",51.39099906222276
19121,"Madison, Iowa",51.35368501130908
34041,"Warren, New Jersey",51.31187028292413
8107,"Routt, Colorado",51.30237945035828
46127,"Union, South Dakota",51.28852990713039
24033,"Prince George's, Maryland",51.27517448039013
9005,"Litchfield, Connecticut",51.271887465685815
27109,"Olmsted, Minnesota",51.22202153953551
6013,"Contra Costa, California",51.05934885216348
16085,"Valley, Idaho",51.044486457121415
33017,"Strafford, New Hampshire",50.982807742372316
2220,"Sitka, Alaska",50.95289725308575
13121,"Fulton, Georgia",50.94513971716535
38101,"Ward, North Dakota",50.944800765469836
31063,"Frontier, Nebraska",50.91494451513102
8001,"Adams, Colorado",50.8800833706361
41053,"Polk, Oregon",50.87833499535358
27123,"Ramsey, Minnesota",50.853663768328325
51127,"New Kent, Virginia",50.80738290486384
30095,"Stillwater, Montana",50.706277374799924
38055,"McLean, North Dakota",50.68835679272624
18059,"Hancock, Indiana",50.607411905417756
19017,"Bremer, Iowa",50.57253263431143
34005,"Burlington, New Jersey",50.52439642288748
48453,"Travis, Texas",50.457635855989565
8113,"San Miguel, Colorado",50.448463274587965
38021,"Dickey, North Dakota",50.381651661196834
51041,"Chesterfield, Virginia",50.33384313838304
35043,"Sandoval, New Mexico",50.32191430999687
27009,"Benton, Minnesota",50.314685833113785
37183,"Wake, North Carolina",50.29746062239522
54037,"Jefferson, West Virginia",50.27822815807338
16051,"Jefferson, Idaho",50.27420960723858
17037,"DeKalb, Illinois",50.17362418205972
48065,"Carson, Texas",50.12243082594563
6073,"San Diego, California",50.094669266517144
12019,"Clay, Florida",50.04238262644822
49053,"Washington, Utah",50.028093719630576
27039,"Dodge, Minnesota",50.02243951919729
39159,"Union, Ohio",50.0151265466308
34015,"Gloucester, New Jersey",50.006992125910465
39057,"Greene, Ohio",49.992353552537395
33001,"Belknap, New Hampshire",49.96862580726944
24005,"Baltimore County, Maryland",49.95590271985045
38049,"McHenry, North Dakota",49.900244227111386
13029,"Bryan, Georgia",49.88034640011938
55093,"Pierce, Wisconsin",49.85662009790737
31155,"Saunders, Nebraska",49.85513809787917
18105,"Monroe, Indiana",49.81752364408364
18081,"Johnson, Indiana",49.81602392253052
34025,"Monmouth, New Jersey",49.80625739720391
37029,"Camden, North Carolina",49.763125152473464
30043,"Jefferson, Montana",49.75282377566907
6079,"San Luis Obispo, California",49.733221171214076
51750,"Radford, Virginia",49.71733485736991
17063,"Grundy, Illinois",49.70615746358226
40087,"McClain, Oklahoma",49.658237538800996
13247,"Rockdale, Georgia",49.64236483101654
48339,"Montgomery, Texas",49.615053004126025
6095,"Solano, California",49.60979275072791
46033,"Custer, South Dakota",49.579506656779834
39173,"Wood, Ohio",49.50261234773143
44001,"Bristol, Rhode Island",49.444065659361264
29043,"Christian, Missouri",49.40320982307846
38053,"McKenzie, North Dakota",49.372375933925795
51093,"Isle of Wight, Virginia",49.34146657520881
21015,"Boone, Kentucky",49.233279353387026
46125,"Turner, South Dakota",49.2186520973853
44003,"Kent, Rhode Island",49.184793739317854
8117,"Summit, Colorado",49.18183214179035
36059,"Nassau, New York",49.159694632767305
56011,"Crook, Wyoming",49.00520691025327
56035,"Sublette, Wyoming",48.99253567513405
48031,"Blanco, Texas",48.9898894616419
25023,"Plymouth, Massachusetts",48.94316897978801
32005,"Douglas, Nevada",48.765289478821586
51069,"Frederick, Virginia",48.758981046968415
51087,"Henrico, Virginia",48.753230221824886
20015,"Butler, Kansas",48.7494773035974
27013,"Blue Earth, Minnesota",48.74179937854078
53005,"Benton, Washington",48.72616191026686
46093,"Meade, South Dakota",48.65994783867571
27049,"Goodhue, Minnesota",48.65898512471831
51003,"Albemarle, Virginia",48.61927200907931
20103,"Leavenworth, Kansas",48.58063092222981
42095,"Northampton, Pennsylvania",48.516974362366675
49021,"Iron, Utah",48.508312947604246
38057,"Mercer, North Dakota",48.501914278539196
6113,"Yolo, California",48.42380681791635
38017,"Cass, North Dakota",48.39905227229585
26139,"Ottawa, Michigan",48.39560839552031
8067,"La Plata, Colorado",48.33787386247992
19113,"Linn, Iowa",48.33053723311451
17089,"Kane, Illinois",48.324718165393065
13073,"Columbia, Georgia",48.30423010341167
29047,"Clay, Missouri",48.295529400841126
36027,"Dutchess, New York",48.290383029846936
49057,"Weber, Utah",48.179608557846045
6009,"Calaveras, California",48.172356805820975
26125,"Oakland, Michigan",48.16283883839038
13157,"Jackson, Georgia",48.14080606272464
51840,"Winchester, Virginia",48.13160955398263
51065,"Fluvanna, Virginia",48.11752893822188
48381,"Randall, Texas",48.11220447517901
42041,"Cumberland, Pennsylvania",48.10756951511845
2261,"Valdez-Cordova, Alaska",48.091930192878195
17133,"Monroe, Illinois",48.05592555583155
17197,"Will, Illinois",48.04840004452968
6071,"San Bernardino, California",48.04815132453669
49003,"Box Elder, Utah",47.95916463961913
6005,"Amador, California",47.95194809265571
33009,"Grafton, New Hampshire",47.944616478577444
38035,"Grand Forks, North Dakota",47.92920805231736
29037,"Cass, Missouri",47.92723123221013
53037,"Kittitas, Washington",47.86828446225047
36103,"Suffolk, New York",47.85823619003908
37133,"Onslow, North Carolina",47.85162178150756
41017,"Deschutes, Oregon",47.82112831677537
13085,"Dawson, Georgia",47.7134904478235
38089,"Stark, North Dakota",47.68551506757573
56029,"Park, Wyoming",47.683098651943766
17113,"McLean, Illinois",47.65605703388894
31179,"Wayne, Nebraska",47.64442380023733
48199,"Hardin, Texas",47.61377302515911
40145,"Wagoner, Oklahoma",47.59972001509636
48019,"Bandera, Texas",47.589542134098785
38015,"Burleigh, North Dakota",47.584103651805734
6097,"Sonoma, California",47.575559428284514
44005,"Newport, Rhode Island",47.53559113474385
38105,"Williams, North Dakota",47.52346960708779
6087,"Santa Cruz, California",47.50926872076539
53031,"Jefferson, Washington",47.49638055711546
36081,"Queens, New York",47.4888960813861
20087,"Jefferson, Kansas",47.45415254783585
51121,"Montgomery, Virginia",47.44738173693236
6065,"Riverside, California",47.436495711761175
42103,"Pike, Pennsylvania",47.43540234727005
56017,"Hot Springs, Wyoming",47.40253433753202
6059,"Orange, California",47.353181188301036
48071,"Chambers, Texas",47.34677161240866
9011,"New London, Connecticut",47.31480071657083
40053,"Grant, Oklahoma",47.27894299416344
13089,"DeKalb, Georgia",47.26498609174824
42027,"Centre, Pennsylvania",47.241508393067306
24015,"Cecil, Maryland",47.19376359509624
55087,"Outagamie, Wisconsin",47.14707469200982
46011,"Brookings, South Dakota",47.10468559802051
32019,"Lyon, Nevada",47.08773497934992
29101,"Johnson, Missouri",47.0699407761336
6067,"Sacramento, California",47.06823152371893
2150,"Kodiak Island, Alaska",47.0162581305884
55139,"Winnebago, Wisconsin",46.9936702112459
53043,"Lincoln, Washington",46.9708584627346
56021,"Laramie, Wyoming",46.96547218057883
17203,"Woodford, Illinois",46.943685885835826
39025,"Clermont, Ohio",46.86822733588011
48221,"Hood, Texas",46.86596419654826
18127,"Porter, Indiana",46.8510524371096
25001,"Barnstable, Massachusetts",46.8308623991234
12113,"Santa Rosa, Florida",46.82518915599931
6069,"San Benito, California",46.81348017440967
36119,"Westchester, New York",46.77713538972826
42089,"Monroe, Pennsylvania",46.742343977209785
8123,"Weld, Colorado",46.69560343550504
26037,"Clinton, Michigan",46.66552738818338
31081,"Hamilton, Nebraska",46.65893002570519
16019,"Bonneville, Idaho",46.654960080865735
34029,"Ocean, New Jersey",46.64315610601463
30063,"Missoula, Montana",46.622377081804736
17007,"Boone, Illinois",46.59525850659762
26111,"Midland, Michigan",46.59076478691554
31099,"Kearney, Nebraska",46.5723653859144
30009,"Carbon, Montana",46.54807781800745
20197,"Wabaunsee, Kansas",46.479287776350844
40131,"Rogers, Oklahoma",46.47698056162582
6111,"Ventura, California",46.44894671483413
55035,"Eau Claire, Wisconsin",46.43672591987744
15009,"Maui, Hawaii",46.425669275302155
38103,"Wells, North Dakota",46.41773891416891
27051,"Grant, Minnesota",46.34151795159941
47125,"Montgomery, Tennessee",46.321939807954685
55033,"Dunn, Wisconsin",46.28979278823766
31109,"Lancaster, Nebraska",46.280135971576655
53063,"Spokane, Washington",46.25791631161025
19129,"Mills, Iowa",46.23654222692928
51047,"Culpeper, Virginia",46.230745797045216
48497,"Wise, Texas",46.22340424649452
48043,"Brewster, Texas",46.17874516945311
55055,"Jefferson, Wisconsin",46.127538548853295
27149,"Stevens, Minnesota",46.11933762440602
36001,"Albany, New York",46.111348163285506
25027,"Worcester, Massachusetts",46.08452441384636
19031,"Cedar, Iowa",46.04234798276515
19075,"Grundy, Iowa",46.0247827591479
27131,"Rice, Minnesota",45.99006465492812
18043,"Floyd, Indiana",45.980425708870186
23031,"York, Maine",45.96862021647735
36085,"Richmond, New York",45.92770284684943
26045,"Eaton, Michigan",45.91918825169181
55021,"Columbia, Wisconsin",45.91001370633965
42093,"Montour, Pennsylvania",45.810551897826485
12095,"Orange, Florida",45.8052703216365
30067,"Park, Montana",45.798224259958396
27079,"Le Sueur, Minnesota",45.735069173768515
40003,"Alfalfa, Oklahoma",45.73149062692999
51101,"King William, Virginia",45.72514282343182
50001,"Addison, Vermont",45.72068723044383
18173,"Warrick, Indiana",45.68315952645616
47149,"Rutherford, Tennessee",45.68239304568177
17019,"Champaign, Illinois",45.6579838560957
48251,"Johnson, Texas",45.64978319802784
26055,"Grand Traverse, Michigan",45.59083491472259
30057,"Madison, Montana",45.55597786133955
25011,"Franklin, Massachusetts",45.54127318458636
48099,"Coryell, Texas",45.49609035906411
50023,"Washington, Vermont",45.48028371491738
38059,"Morton, North Dakota",45.47615242231494
12101,"Pasco, Florida",45.4678601895232
20121,"Miami, Kansas",45.45681824676223
27121,"Pope, Minnesota",45.40798752898199
38097,"Traill, North Dakota",45.40616222627384
51033,"Caroline, Virginia",45.34807127645967
12091,"Okaloosa, Florida",45.330799037182786
4013,"Maricopa, Arizona",45.317449222490914
33005,"Cheshire, New Hampshire",45.29161603745084
12085,"Martin, Florida",45.28430076180942
24043,"Washington, Maryland",45.25148342633835
29219,"Warren, Missouri",45.246727135712014
55059,"Kenosha, Wisconsin",45.223080478992934
10003,"New Castle, Delaware",45.20430330069212
42045,"Delaware, Pennsylvania",45.193913055134665
15007,"Kauai, Hawaii",45.17017334702684
48329,"Midland, Texas",45.16030860396039
48039,"Brazoria, Texas",45.12866487723621
8015,"Chaffee, Colorado",45.10663793239982
6037,"Los Angeles, California",45.1032156361878
20069,"Gray, Kansas",45.10072452034559
19011,"Benton, Iowa",45.092977099655144
41071,"Yamhill, Oregon",45.08473128261233
23023,"Sagadahoc, Maine",45.08274401154619
39045,"Fairfield, Ohio",45.078990208797656
40119,"Payne, Oklahoma",45.040774024248506
29049,"Clinton, Missouri",45.025939897812236
33003,"Carroll, New Hampshire",45.018877471486064
48425,"Somervell, Texas",45.006286597374306
48439,"Tarrant, Texas",45.002405892859024
31045,"Dawes, Nebraska",44.99972251623969
17097,"Lake, Illinois",44.99391474713638
56019,"Johnson, Wyoming",44.98527133728073
34023,"Middlesex, New Jersey",44.97847717103559
38045,"LaMoure, North Dakota",44.96973523050672
36071,"Orange, New York",44.9496798503012
17147,"Piatt, Illinois",44.93713083865951
51161,"Roanoke County, Virginia",44.92299386287456
16055,"Kootenai, Idaho",44.920107061601556
55097,"Portage, Wisconsin",44.9085996454151
27095,"Mille Lacs, Minnesota",44.906409871419015
2240,"Southeast Fairbanks, Alaska",44.8250754659295
51073,"Gloucester, Virginia",44.82198917304287
51115,"Mathews, Virginia",44.82051724499238
13145,"Harris, Georgia",44.81875913954547
56023,"Lincoln, Wyoming",44.7789636239764
36111,"Ulster, New York",44.72672024335187
31019,"Buffalo, Nebraska",44.692345457421204
29113,"Lincoln, Missouri",44.67422269771472
19059,"Dickinson, Iowa",44.65713243987706
37189,"Watauga, North Carolina",44.64477213553065
16027,"Canyon, Idaho",44.62277072993051
20051,"Ellis, Kansas",44.611475725081235
48257,"Kaufman, Texas",44.60103701050154
51023,"Botetourt, Virginia",44.588679552511636
29003,"Andrew, Missouri",44.56136244620295
46081,"Lawrence, South Dakota",44.54306502764236
36005,"Bronx, New York",44.53965488759744
55127,"Walworth, Wisconsin",44.5353505750792
27041,"Douglas, Minnesota",44.520202247514106
13063,"Clayton, Georgia",44.489976154660226
48359,"Oldham, Texas",44.4797429699769
16015,"Boise, Idaho",44.4707931968422
13013,"Barrow, Georgia",44.46950304639755
40083,"Logan, Oklahoma",44.4686838079254
51187,"Warren, Virginia",44.45237075574525
1117,"Shelby, Alabama",44.42134438792186
12115,"Sarasota, Florida",44.4178974953188
24047,"Worcester, Maryland",44.39510562117915
42001,"Adams, Pennsylvania",44.38900649515156
27145,"Stearns, Minnesota",44.361976346389234
56005,"Campbell, Wyoming",44.32107517349226
39133,"Portage, Ohio",44.313232104890275
16039,"Elmore, Idaho",44.29283540359731
20113,"McPherson, Kansas",44.25471353686133
41039,"Lane, Oregon",44.23450804920914
42019,"Butler, Pennsylvania",44.231956821588305
51650,"Hampton, Virginia",44.22028116196954
29510,"St. Louis City, Missouri",44.218983776333175
46099,"Minnehaha, South Dakota",44.2139738192539
6109,"Tuolumne, California",44.21327650528972
8049,"Grand, Colorado",44.16530215393942
38075,"Renville, North Dakota",44.162782120058104
49023,"Juab, Utah",44.0901902300849
47189,"Wilson, Tennessee",44.07217483258714
13231,"Pike, Georgia",44.017494902280745
36083,"Rensselaer, New York",44.0116264600637
13183,"Long, Georgia",43.988026892566765
31169,"Thayer, Nebraska",43.96904935847021
46077,"Kingsbury, South Dakota",43.966590164879506
22063,"Livingston, Louisiana",43.95869734673058
12011,"Broward, Florida",43.95183066148816
36047,"Kings, New York",43.94088333462406
48139,"Ellis, Texas",43.92443751935299
16081,"Teton, Idaho",43.916718039751565
29019,"Boone, Missouri",43.862685140762785
20149,"Pottawatomie, Kansas",43.84394999629039
36069,"Ontario, New York",43.828727246843115
55095,"Polk, Wisconsin",43.81853760197789
51053,"Dinwiddie, Virginia",43.815478832831275
49017,"Garfield, Utah",43.8138504147894
20193,"Thomas, Kansas",43.779790313322124
26099,"Macomb, Michigan",43.771614142030316
30049,"Lewis and Clark, Montana",43.75857668164429
32031,"Washoe, Nevada",43.75526226176291
25009,"Essex, Massachusetts",43.74627830238461
29077,"Greene, Missouri",43.74144938853565
29099,"Jefferson, Missouri",43.703667226742596
20095,"Kingman, Kansas",43.683475610738455
31121,"Merrick, Nebraska",43.67820960608459
19153,"Polk, Iowa",43.6617519160728
16005,"Bannock, Idaho",43.63115363018535
50027,"Windsor, Vermont",43.62660392184745
27093,"Meeker, Minnesota",43.61953877445956
27085,"McLeod, Minnesota",43.61366737335196
53057,"Skagit, Washington",43.59776470927548
46087,"McCook, South Dakota",43.58911423425854
31101,"Keith, Nebraska",43.54744825315127
31027,"Cedar, Nebraska",43.53958793601468
6055,"Napa, California",43.52847550819122
6089,"Shasta, California",43.51004941375602
49025,"Kane, Utah",43.50776319559922
20181,"Sherman, Kansas",43.50669067791472
29189,"St. Louis County, Missouri",43.48959768831831
26087,"Lapeer, Michigan",43.45969457797114
56025,"Natrona, Wyoming",43.448790476917466
32003,"Clark, Nevada",43.442892902124235
13047,"Catoosa, Georgia",43.41916164364759
20041,"Dickinson, Kansas",43.41054840751005
56045,"Weston, Wyoming",43.4033518324781
37053,"Currituck, North Carolina",43.37186413486534
51113,"Madison, Virginia",43.35524032062575
40093,"Major, Oklahoma",43.345884952832186
39051,"Fulton, Ohio",43.34433244165732
48059,"Callahan, Texas",43.32986195741565
38077,"Richland, North Dakota",43.321583244334875
26067,"Ionia, Michigan",43.31465229132398
55063,"La Crosse, Wisconsin",43.296633414761814
22103,"St. Tammany, Louisiana",43.27613458647041
19191,"Winneshiek, Iowa",43.26765027738422
12089,"Nassau, Florida",43.259807706998075
21215,"Spencer, Kentucky",43.24443046581655
48493,"Wilson, Texas",43.23914655203406
20031,"Coffey, Kansas",43.23250617920908
12057,"Hillsborough, Florida",43.23113412355934
8077,"Mesa, Colorado",43.21097767344918
6035,"Lassen, California",43.20991572497412
24041,"Talbot, Maryland",43.20252156541114
2130,"Ketchikan Gateway, Alaska",43.20100854104588
48175,"Goliad, Texas",43.18883926623628
17155,"Putnam, Illinois",43.187456477376244
29063,"DeKalb, Missouri",43.16235478196502
19015,"Boone, Iowa",43.15437282116862
27147,"Steele, Minnesota",43.12041366653922
56033,"Sheridan, Wyoming",43.114579003710276
18109,"Morgan, Indiana",43.04648439142642
19019,"Buchanan, Iowa",43.0178193201795
26081,"Kent, Michigan",43.00752848922831
48281,"Lampasas, Texas",42.947171505638416
20079,"Harvey, Kansas",42.94329109774361
19195,"Worth, Iowa",42.90949796880316
39085,"Lake, Ohio",42.89203885410296
37129,"New Hanover, North Carolina",42.863948519170364
48027,"Bell, Texas",42.84473556619164
26005,"Allegan, Michigan",42.84202246587054
36113,"Warren, New York",42.81591508267259
56031,"Platte, Wyoming",42.81007098127316
37063,"Durham, North Carolina",42.80766164912954
26065,"Ingham, Michigan",42.80076600094234
48167,"Galveston, Texas",42.78577486622181
20139,"Osage, Kansas",42.775112713950065
29169,"Pulaski, Missouri",42.755942651860074
18157,"Tippecanoe, Indiana",42.75587854821531
27045,"Fillmore, Minnesota",42.74866865309218
30111,"Yellowstone, Montana",42.74134717092252
38019,"Cavalier, North Dakota",42.71482638224366
37021,"Buncombe, North Carolina",42.70826725882131
38003,"Barnes, North Dakota",42.694247710612856
26015,"Barry, Michigan",42.69159131307039
27157,"Wabasha, Minnesota",42.611388181573915
55015,"Calumet, Wisconsin",42.59355611729597
21239,"Woodford, Kentucky",42.59010474333741
39123,"Ottawa, Ohio",42.580335477667056
55049,"Iowa, Wisconsin",42.57936261202819
40151,"Woods, Oklahoma",42.57746627340438
42077,"Lehigh, Pennsylvania",42.56182518372243
30081,"Ravalli, Montana",42.52732373226653
46047,"Fall River, South Dakota",42.51412725703523
6043,"Mariposa, California",42.494148410336166
27055,"Houston, Minnesota",42.46699320400686
9015,"Windham, Connecticut",42.452346564421084
20127,"Morris, Kansas",42.44708062964878
12001,"Alachua, Florida",42.37391570513122
27169,"Winona, Minnesota",42.37089451841453
56009,"Converse, Wyoming",42.35855086605754
48361,"Orange, Texas",42.323403002923854
41009,"Columbia, Oregon",42.32180375016628
55117,"Sheboygan, Wisconsin",42.30660386031104
21067,"Fayette, Kentucky",42.29787809350644
13297,"Walton, Georgia",42.29729537124604
42071,"Lancaster, Pennsylvania",42.291101857088314
39129,"Pickaway, Ohio",42.28737175460158
55009,"Brown, Wisconsin",42.26820246989729
32015,"Lander, Nevada",42.260025468457336
39049,"Franklin, Ohio",42.24984296083017
6077,"San Joaquin, California",42.225041441952285
18129,"Posey, Indiana",42.21292027914683
8103,"Rio Blanco, Colorado",42.19621114583285
37025,"Cabarrus, North Carolina",42.18901887169865
22071,"Orleans, Louisiana",42.17292189194189
17141,"Ogle, Illinois",42.15477447926301
21117,"Kenton, Kentucky",42.1538716426025
38073,"Ransom, North Dakota",42.13015397023982
26073,"Isabella, Michigan",42.12874886149398
51800,"Suffolk, Virginia",42.122737191661784
4005,"Coconino, Arizona",42.1048057157634
25025,"Suffolk, Massachusetts",42.0774420957664
26115,"Monroe, Michigan",42.04385018139406
20115,"Marion, Kansas",42.02882927884781
42133,"York, Pennsylvania",42.0280040839685
17129,"Menard, Illinois",42.00800475246756
40037,"Creek, Oklahoma",41.99337579152444
26117,"Montcalm, Michigan",41.98630431382202
18015,"Carroll, Indiana",41.98580150897396
15001,"Hawaii, Hawaii",41.96806465303836
17005,"Bond, Illinois",41.95731337149501
48473,"Waller, Texas",41.955157361835624
49041,"Sevier, Utah",41.954803811740064
12103,"Pinellas, Florida",41.94369268476182
55017,"Chippewa, Wisconsin",41.90435738272843
5085,"Lonoke, Arkansas",41.89045563274817
19119,"Lyon, Iowa",41.88105026420036
49047,"Uintah, Utah",41.864703031376656
41007,"Clatsop, Oregon",41.86301542084179
4021,"Pinal, Arizona",41.85139725148599
50025,"Windham, Vermont",41.82836997615139
48201,"Harris, Texas",41.81943362399608
26103,"Marquette, Michigan",41.8099583343021
27081,"Lincoln, Minnesota",41.8056906815966
30091,"Sheridan, Montana",41.80046600343488
46103,"Pennington, South Dakota",41.78100407339748
16043,"Fremont, Idaho",41.75931985777111
12073,"Leon, Florida",41.74845627423563
48077,"Clay, Texas",41.73038070111901
6099,"Stanislaus, California",41.728332409423594
27119,"Polk, Minnesota",41.71289750878688
51181,"Surry, Virginia",41.71068621485531
39017,"Butler, Ohio",41.70765236734365
48237,"Jack, Texas",41.69143319124582
13011,"Banks, Georgia",41.685366244512515
41047,"Marion, Oregon",41.68478624053515
31055,"Douglas, Nebraska",41.66817657885174
34009,"Cape May, New Jersey",41.65794911675665
20093,"Kearny, Kansas",41.65189490672505
31139,"Pierce, Nebraska",41.6415591204492
19023,"Butler, Iowa",41.64122022005321
24029,"Kent, Maryland",41.599404224603106
56037,"Sweetwater, Wyoming",41.59833497642656
46079,"Lake, South Dakota",41.58906203921223
31021,"Burt, Nebraska",41.584832584471506
16029,"Caribou, Idaho",41.576658760416066
31033,"Cheyenne, Nebraska",41.55547385406418
5125,"Saline, Arkansas",41.54464478440994
22005,"Ascension, Louisiana",41.54008258223121
19077,"Guthrie, Iowa",41.53299270859313
13103,"Effingham, Georgia",41.52580271765702
19163,"Scott, Iowa",41.52397683676977
30099,"Teton, Montana",41.523496696121384
36053,"Madison, New York",41.502943055172764
39117,"Morrow, Ohio",41.49321998823924
27137,"St. Louis, Minnesota",41.482573212837536
55039,"Fond du Lac, Wisconsin",41.4600919368268
39069,"Henry, Ohio",41.452538258799166
21037,"Campbell, Kentucky",41.449391506053644
42119,"Union, Pennsylvania",41.43097594214289
32510,"Carson City, Nevada",41.43070150668444
31185,"York, Nebraska",41.36342993141449
55073,"Marathon, Wisconsin",41.34988700901672
27161,"Waseca, Minnesota",41.34019894857931
55077,"Marquette, Wisconsin",41.32060005085633
18133,"Putnam, Indiana",41.3151243326291
13039,"Camden, Georgia",41.30808361185947
20005,"Atchison, Kansas",41.303306633261215
21029,"Bullitt, Kentucky",41.28580098843157
38031,"Foster, North Dakota",41.28559287949067
38081,"Sargent, North Dakota",41.27819088099422
25007,"Dukes, Massachusetts",41.23159916194729
56007,"Carbon, Wyoming",41.22216790066883
42003,"Allegheny, Pennsylvania",41.20550894059712
20143,"Ottawa, Kansas",41.19555894464456
22115,"Vernon, Louisiana",41.1928164271495
39089,"Licking, Ohio",41.172817430891854
32013,"Humboldt, Nevada",41.16922031230706
36051,"Livingston, New York",41.15372961423193
27143,"Sibley, Minnesota",41.1530601344137
40143,"Tulsa, Oklahoma",41.14421387704403
27075,"Lake, Minnesota",41.137347650454856
13077,"Coweta, Georgia",41.12848365287186
31123,"Morrill, Nebraska",41.11451152633592
53015,"Cowlitz, Washington",41.086481384435714
36077,"Otsego, New York",41.08411752557585
31035,"Clay, Nebraska",41.078097199466576
9003,"Hartford, Connecticut",41.064476019452144
9009,"New Haven, Connecticut",41.05027222635289
12009,"Brevard, Florida",41.041443426376006
29225,"Webster, Missouri",41.03815622664174
19125,"Marion, Iowa",41.03294206437811
17179,"Tazewell, Illinois",41.00067817270472
39097,"Madison, Ohio",40.99661010404839
41029,"Jackson, Oregon",40.958642040327206
42129,"Westmoreland, Pennsylvania",40.946062547283475
48041,"Brazos, Texas",40.94472066945317
26107,"Mecosta, Michigan",40.94106250641678
13187,"Lumpkin, Georgia",40.94041491189607
36045,"Jefferson, New York",40.93252891233284
36093,"Schenectady, New York",40.927466786523155
46065,"Hughes, South Dakota",40.92545783750904
32007,"Elko, Nevada",40.9215337232461
26077,"Kalamazoo, Michigan",40.90600725343689
48029,"Bexar, Texas",40.90332719568517
50015,"Lamoille, Vermont",40.896101939311144
48021,"Bastrop, Texas",40.882401973380894
55029,"Door, Wisconsin",40.876977272934596
42125,"Washington, Pennsylvania",40.87039250495908
8121,"Washington, Colorado",40.84356801635835
18159,"Tipton, Indiana",40.84051447204451
37119,"Mecklenburg, North Carolina",40.83175158629661
30083,"Richland, Montana",40.79696362880231
53051,"Pend Oreille, Washington",40.74039906131473
48143,"Erath, Texas",40.72764560676967
30021,"Dawson, Montana",40.718924919815876
19149,"Plymouth, Iowa",40.7000395922811
6115,"Yuba, California",40.69723656711701
8037,"Eagle, Colorado",40.68259792849591
51079,"Greene, Virginia",40.65985218083972
47093,"Knox, Tennessee",40.65867548305445
4025,"Yavapai, Arizona",40.655810260589874
42011,"Berks, Pennsylvania",40.653693363239874
5007,"Benton, Arkansas",40.64470873480235
16073,"Owyhee, Idaho",40.61661811832922
31065,"Furnas, Nebraska",40.608937796380346
6007,"Butte, California",40.58020150747403
34039,"Union, New Jersey",40.56692366721612
16083,"Twin Falls, Idaho",40.547876782194614
31181,"Webster, Nebraska",40.53068872994778
48135,"Ector, Texas",40.52981199792324
18183,"Whitley, Indiana",40.49218450736139
6063,"Plumas, California",40.485810024379774
19085,"Harrison, Iowa",40.4306340951156
19033,"Cerro Gordo, Iowa",40.42449127609985
19165,"Shelby, Iowa",40.402969022849994
51710,"Norfolk, Virginia",40.40236799470219
42099,"Perry, Pennsylvania",40.396692488458484
51019,"Bedford County, Virginia",40.33040437010874
53003,"Asotin, Washington",40.3188792944272
32001,"Churchill, Nevada",40.315853041479016
20177,"Shawnee, Kansas",40.31116572825868
54061,"Monongalia, West Virginia",40.29759272535973
21209,"Scott, Kentucky",40.291475828851084
36087,"Rockland, New York",40.28128483924584
41043,"Linn, Oregon",40.27301668093883
1089,"Madison, Alabama",40.25342270273436
39039,"Defiance, Ohio",40.248408323144105
45035,"Dorchester, South Carolina",40.24387764751543
36107,"Tioga, New York",40.23567955493855
49013,"Duchesne, Utah",40.18883601149405
31041,"Custer, Nebraska",40.17316433624632
9001,"Fairfield, Connecticut",40.170248652814195
32033,"White Pine, Nevada",40.161792896025304
26147,"St. Clair, Michigan",40.156416787108085
39109,"Miami, Ohio",40.153991614528515
48009,"Archer, Texas",40.14168400981384
18019,"Clark, Indiana",40.14098542075673
55101,"Racine, Wisconsin",40.12315301526997
40007,"Beaver, Oklahoma",40.12273053975312
27035,"Crow Wing, Minnesota",40.115480094653265
20201,"Washington, Kansas",40.11308306534673
19131,"Mitchell, Iowa",40.10300516947545
36021,"Columbia, New York",40.100824779641
17167,"Sangamon, Illinois",40.09879572741643
51700,"Newport News, Virginia",40.08158169254568
31127,"Nemaha, Nebraska",40.07577383932249
56015,"Goshen, Wyoming",40.07340954079442
47165,"Sumner, Tennessee",40.069593561748086
21113,"Jessamine, Kentucky",40.06569095256797
8045,"Garfield, Colorado",40.05644833509035
5143,"Washington, Arkansas",40.04340513876317
29095,"Jackson, Missouri",39.99518970388947
27017,"Carlton, Minnesota",39.98755471907491
51660,"Harrisonburg, Virginia",39.98593109974989
12087,"Monroe, Florida",39.97643128228627
29051,"Cole, Missouri",39.97191005394494
19029,"Cass, Iowa",39.96368986429648
20027,"Clay, Kansas",39.95964763900914
12069,"Lake, Florida",39.95868494908477
20053,"Ellsworth, Kansas",39.95162633318955
31161,"Sheridan, Nebraska",39.94790476781502
40051,"Grady, Oklahoma",39.94155450686284
13179,"Liberty, Georgia",39.936060144810575
46115,"Spink, South Dakota",39.933404611367216
20085,"Jackson, Kansas",39.921685818921226
19183,"Washington, Iowa",39.915016379992785
27083,"Lyon, Minnesota",39.87131854259133
31137,"Phelps, Nebraska",39.87130399618898
55027,"Dodge, Wisconsin",39.85794806795358
27101,"Murray, Minnesota",39.8498431978558
18005,"Bartholomew, Indiana",39.84284051263186
18013,"Brown, Indiana",39.840210625936
10001,"Kent, Delaware",39.79351920105375
19035,"Cherokee, Iowa",39.768502762188426
27107,"Norman, Minnesota",39.75725305520526
39011,"Auglaize, Ohio",39.7571725537858
12099,"Palm Beach, Florida",39.753587640826346
16041,"Franklin, Idaho",39.74301647802553
19157,"Poweshiek, Iowa",39.7352049440293
48231,"Hunt, Texas",39.73351712679178
17123,"Marshall, Illinois",39.72724111664275
31013,"Box Butte, Nebraska",39.725123061858866
19095,"Iowa, Iowa",39.7180156921939
17139,"Moultrie, Illinois",39.708535516352185
48159,"Franklin, Texas",39.69777440771903
31023,"Butler, Nebraska",39.671285898327135
35001,"Bernalillo, New Mexico",39.669266879845935
38009,"Bottineau, North Dakota",39.633343022362475
17109,"McDonough, Illinois",39.62118202058033
17073,"Henry, Illinois",39.58831003765589
26047,"Emmet, Michigan",39.57988747204675
19105,"Jones, Iowa",39.56295093008041
20151,"Pratt, Kansas",39.56124193449288
51109,"Louisa, Virginia",39.555685912192686
38067,"Pembina, North Dakota",39.55403262892351
37093,"Hoke, North Carolina",39.541110615759855
27167,"Wilkin, Minnesota",39.53744248498019
16017,"Bonner, Idaho",39.523092755037666
8043,"Fremont, Colorado",39.522583775561436
18073,"Jasper, Indiana",39.51910055632567
26155,"Shiawassee, Michigan",39.51653350446427
27069,"Kittson, Minnesota",39.500652675694035
30013,"Cascade, Montana",39.493237561194924
34007,"Camden, New Jersey",39.483660602318835
18047,"Franklin, Indiana",39.48078884083427
20157,"Republic, Kansas",39.479338623803116
18051,"Gibson, Indiana",39.46195166293192
55045,"Green, Wisconsin",39.45812831692532
42025,"Carbon, Pennsylvania",39.45527151433335
19027,"Carroll, Iowa",39.45504497026453
12021,"Collier, Florida",39.45487912082872
48459,"Upshur, Texas",39.43524092263384
20159,"Rice, Kansas",39.43219126732364
27063,"Jackson, Minnesota",39.42935677389203
53007,"Chelan, Washington",39.42755652929493
26091,"Lenawee, Michigan",39.417902370597915
41063,"Wallowa, Oregon",39.40901918998999
19081,"Hancock, Iowa",39.406860256968955
8029,"Delta, Colorado",39.40285963649017
53041,"Lewis, Washington",39.394914654697104
42043,"Dauphin, Pennsylvania",39.39096764322603
55123,"Vernon, Wisconsin",39.385700609566875
18029,"Dearborn, Indiana",39.36772722212606
56041,"Uinta, Wyoming",39.36191014332023
19061,"Dubuque, Iowa",39.33916748839607
48299,"Llano, Texas",39.338623115245
6083,"Santa Barbara, California",39.33220510840222
20163,"Rooks, Kansas",39.33082104839719
26029,"Charlevoix, Michigan",39.302667160187525
49039,"Sanpete, Utah",39.28807250698017
48113,"Dallas, Texas",39.259461802933245
48441,"Taylor, Texas",39.23806158008057
48015,"Austin, Texas",39.22962823666556
27057,"Hubbard, Minnesota",39.21003686857943
36115,"Washington, New York",39.204730557358076
48181,"Grayson, Texas",39.18477299194148
36037,"Genesee, New York",39.16468520716679
39137,"Putnam, Ohio",39.15495727568065
26009,"Antrim, Michigan",39.150161444839114
17031,"Cook, Illinois",39.14068591806759
31125,"Nance, Nebraska",39.12313329643183
40123,"Pontotoc, Oklahoma",39.10130023476058
1001,"Autauga, Alabama",39.09928442927591
8075,"Logan, Colorado",39.097578448035875
21093,"Hardin, Kentucky",39.08163350070084
18145,"Shelby, Indiana",39.077773760850306
20171,"Scott, Kansas",39.05796334895063
20147,"Phillips, Kansas",38.99976617720864
6023,"Humboldt, California",38.991022611038694
19001,"Adair, Iowa",38.98847580184191
18085,"Kosciusko, Indiana",38.98196561373683
24011,"Caroline, Maryland",38.96188587214902
46067,"Hutchinson, South Dakota",38.96172658748196
51119,"Middlesex, Virginia",38.96116575835057
42075,"Lebanon, Pennsylvania",38.952766734340976
19037,"Chickasaw, Iowa",38.94193786085897
12031,"Duval, Florida",38.940187045010056
53045,"Mason, Washington",38.928994749600584
30001,"Beaverhead, Montana",38.924083594944896
20059,"Franklin, Kansas",38.91942544126196
34033,"Salem, New Jersey",38.90911301034098
55141,"Wood, Wisconsin",38.8945682542083
27015,"Brown, Minnesota",38.88898347792824
54003,"Berkeley, West Virginia",38.884298759078064
20183,"Smith, Kansas",38.86013641308562
46057,"Hamlin, South Dakota",38.85554802063302
46019,"Butte, South Dakota",38.84595909144324
17085,"Jo Daviess, Illinois",38.84422015527364
36023,"Cortland, New York",38.840425911256396
48471,"Walker, Texas",38.834436183276324
34017,"Hudson, New Jersey",38.82103584500924
4003,"Cochise, Arizona",38.81736507227054
36055,"Monroe, New York",38.815565739704724
48467,"Van Zandt, Texas",38.78336412127838
19155,"Pottawattamie, Iowa",38.78027924132188
19101,"Jefferson, Iowa",38.77354620846379
39063,"Hancock, Ohio",38.76209134663183
30029,"Flathead, Montana",38.75258981667423
19141,"O'Brien, Iowa",38.74797794789991
44007,"Providence, Rhode Island",38.74097823540785
39061,"Hamilton, Ohio",38.73895900712109
48133,"Eastland, Texas",38.73836519682132
19147,"Palo Alto, Iowa",38.73501934219895
19099,"Jasper, Iowa",38.72613346200463
37179,"Union, North Carolina",38.70924618022805
23011,"Kennebec, Maine",38.707938692898175
55011,"Buffalo, Wisconsin",38.703727727364274
19073,"Greene, Iowa",38.695093094528296
40031,"Comanche, Oklahoma",38.6867488301488
19051,"Davis, Iowa",38.68628162468934
49019,"Grand, Utah",38.685287270475925
39169,"Wayne, Ohio",38.676656682212815
31051,"Dixon, Nebraska",38.672718410352836
22023,"Cameron, Louisiana",38.67079931237385
12035,"Flagler, Florida",38.667917590635135
31011,"Boone, Nebraska",38.65436744249926
51125,"Nelson, Virginia",38.64508635034316
42127,"Wayne, Pennsylvania",38.64067766507946
39075,"Holmes, Ohio",38.62415506552726
48051,"Burleson, Texas",38.62296052876883
12015,"Charlotte, Florida",38.615308934432335
27111,"Otter Tail, Minnesota",38.600028911831984
27129,"Renville, Minnesota",38.59132088356688
47037,"Davidson, Tennessee",38.58800939504257
37051,"Cumberland, North Carolina",38.58537474233481
20107,"Linn, Kansas",38.579568652943856
55137,"Waushara, Wisconsin",38.565896042409335
48053,"Burnet, Texas",38.551941930150484
45019,"Charleston, South Carolina",38.550962203835724
20145,"Pawnee, Kansas",38.543176369218045
37141,"Pender, North Carolina",38.52525514034773
38061,"Mountrail, North Dakota",38.524669394102
12053,"Hernando, Florida",38.494031321027954
48457,"Tyler, Texas",38.490322522062066
27065,"Kanabec, Minnesota",38.48238847383857
31111,"Lincoln, Nebraska",38.477078007199175
48193,"Hamilton, Texas",38.457081858204624
56003,"Big Horn, Wyoming",38.45580608019066
46135,"Yankton, South Dakota",38.43075112440479
17103,"Lee, Illinois",38.42894388608812
5045,"Faulkner, Arkansas",38.41353132498935
18115,"Ohio, Indiana",38.41052769433257
46091,"Marshall, South Dakota",38.385643250897715
48407,"San Jacinto, Texas",38.38451178789904
26027,"Cass, Michigan",38.37568290385377
36095,"Schoharie, New York",38.34511650076937
40117,"Pawnee, Oklahoma",38.33923642264343
20173,"Sedgwick, Kansas",38.33089132200567
6101,"Sutter, California",38.31434749789357
4019,"Pima, Arizona",38.3055380733665
42055,"Franklin, Pennsylvania",38.304543844054216
48147,"Fannin, Texas",38.28935223767326
17119,"Madison, Illinois",38.27746054941828
53039,"Klickitat, Washington",38.2697157209581
20191,"Sumner, Kansas",38.26643359055822
29209,"Stone, Missouri",38.26432622840119
27001,"Aitkin, Minnesota",38.2643077074806
40147,"Washington, Oklahoma",38.26099122180093
38093,"Stutsman, North Dakota",38.25226046816307
48289,"Leon, Texas",38.2470045981502
17067,"Hancock, Illinois",38.228140118188605
38099,"Walsh, North Dakota",38.21586912476489
12071,"Lee, Florida",38.21218452953253
37031,"Carteret, North Carolina",38.20038740477786
16011,"Bingham, Idaho",38.18862991337539
48007,"Aransas, Texas",38.176800564664234
46101,"Moody, South Dakota",38.17319025199637
55111,"Sauk, Wisconsin",38.169052309869045
27159,"Wadena, Minnesota",38.16185896572376
6051,"Mono, California",38.1589828336588
19189,"Winnebago, Iowa",38.1363616659804
29031,"Cape Girardeau, Missouri",38.106271307534186
53071,"Walla Walla, Washington",38.1037946776314
25005,"Bristol, Massachusetts",38.098833563954884
19053,"Decatur, Iowa",38.09145094727181
38069,"Pierce, North Dakota",38.08484533830394
47021,"Cheatham, Tennessee",38.0745497166548
32017,"Lincoln, Nevada",38.07101241804676
31003,"Antelope, Nebraska",38.06554939263969
20081,"Haskell, Kansas",38.05964847227036
55047,"Green Lake, Wisconsin",38.044946753957944
51015,"Augusta, Virginia",38.04420952345722
39021,"Champaign, Ohio",38.0302626699811
17039,"De Witt, Illinois",38.015086067889946
8073,"Lincoln, Colorado",38.00108265624947
26159,"Van Buren, Michigan",38.00097145403676
40149,"Washita, Oklahoma",38.000963749709776
18111,"Newton, Indiana",37.988562146771805
48303,"Lubbock, Texas",37.988413035143125
48171,"Gillespie, Texas",37.986049559834804
36007,"Broome, New York",37.98160416154582
50021,"Rutland, Vermont",37.959509487114595
19025,"Calhoun, Iowa",37.93926719809043
27073,"Lac qui Parle, Minnesota",37.93756932558039
17053,"Ford, Illinois",37.92678708843883
29177,"Ray, Missouri",37.917197592680864
16045,"Gem, Idaho",37.915188527807395
40125,"Pottawatomie, Oklahoma",37.914159788382385
48291,"Liberty, Texas",37.90493127306974
20077,"Harper, Kansas",37.89915920448173
53065,"Stevens, Washington",37.85793938589509
36067,"Onondaga, New York",37.834295122154806
50017,"Orange, Vermont",37.82053794585484
51520,"Bristol, Virginia",37.81046758891146
36039,"Greene, New York",37.80674099135348
12005,"Bay, Florida",37.7864743416783
22011,"Beauregard, Louisiana",37.78613116657521
17099,"LaSalle, Illinois",37.784525093528885
13227,"Pickens, Georgia",37.782480360470835
23009,"Hancock, Maine",37.77303954404516
18007,"Benton, Indiana",37.74686604930621
40103,"Noble, Oklahoma",37.716308396104246
55083,"Oconto, Wisconsin",37.715398697763334
46013,"Brown, South Dakota",37.71489008987963
47001,"Anderson, Tennessee",37.71240963153347
30101,"Toole, Montana",37.69345175030908
48211,"Hemphill, Texas",37.68398565056963
36117,"Wayne, New York",37.67284165998761
8063,"Kit Carson, Colorado",37.672173596799986
47127,"Moore, Tennessee",37.66584149257707
48035,"Bosque, Texas",37.661677306363444
53021,"Franklin, Washington",37.65997811529094
18137,"Ripley, Indiana",37.643448641614796
40043,"Dewey, Oklahoma",37.60500181217883
24510,"Baltimore City, Maryland",37.60375326528875
39005,"Ashland, Ohio",37.59101399390832
31131,"Otoe, Nebraska",37.572319866347485
19043,"Clayton, Iowa",37.562842766077225
19083,"Hardin, Iowa",37.558698354334226
55135,"Waupaca, Wisconsin",37.55427769269249
37101,"Johnston, North Carolina",37.54089793263625
17077,"Jackson, Illinois",37.53990919851063
19133,"Monona, Iowa",37.539184649251936
41013,"Crook, Oregon",37.523799954446524
30007,"Broadwater, Montana",37.51712856326736
55129,"Washburn, Wisconsin",37.51546345967373
46009,"Bon Homme, South Dakota",37.51378156481347
28121,"Rankin, Mississippi",37.49936755459648
31059,"Fillmore, Nebraska",37.48603875848139
27097,"Morrison, Minnesota",37.479125207415095
27117,"Pipestone, Minnesota",37.47364660748137
41061,"Union, Oregon",37.472727399747015
54079,"Putnam, West Virginia",37.46558682160379
39153,"Summit, Ohio",37.454324522149086
22089,"St. Charles, Louisiana",37.4477554263197
20137,"Norton, Kansas",37.439133007488635
6053,"Monterey, California",37.42941055944085
19167,"Sioux, Iowa",37.41879123022625
29147,"Nodaway, Missouri",37.41174517311912
8081,"Moffat, Colorado",37.41068179829836
39135,"Preble, Ohio",37.4105556283802
37125,"Moore, North Carolina",37.40599594181
18077,"Jefferson, Indiana",37.39938008561642
2185,"North Slope, Alaska",37.392504579943065
19109,"Kossuth, Iowa",37.38899624634107
55053,"Jackson, Wisconsin",37.37875571739302
36025,"Delaware, New York",37.37113026997695
18087,"LaGrange, Indiana",37.36545506842776
33019,"Sullivan, New Hampshire",37.359579309171465
40073,"Kingfisher, Oklahoma",37.35700605877248
18061,"Harrison, Indiana",37.34770926707358
48355,"Nueces, Texas",37.34475195048305
50011,"Franklin, Vermont",37.34088220687263
26123,"Newaygo, Michigan",37.3408712808506
55005,"Barron, Wisconsin",37.325016514731495
31089,"Holt, Nebraska",37.31145301959977
29027,"Callaway, Missouri",37.310344901555126
17027,"Clinton, Illinois",37.3021383583205
56043,"Washakie, Wyoming",37.29910602846131
19013,"Black Hawk, Iowa",37.29896255669075
48305,"Lynn, Texas",37.29518954733578
40109,"Oklahoma, Oklahoma",37.28473415684924
18163,"Vanderburgh, Indiana",37.28273840590718
39113,"Montgomery, Ohio",37.270926823427004
39093,"Lorain, Ohio",37.262476962728336
18161,"Union, Indiana",37.256861233201164
17161,"Rock Island, Illinois",37.23292434229178
16075,"Payette, Idaho",37.23168261632509
53059,"Skamania, Washington",37.21812029688126
41023,"Grant, Oregon",37.212430514090585
20007,"Barber, Kansas",37.2036970956353
18099,"Marshall, Indiana",37.188784442654196
39009,"Athens, Ohio",37.18707540059171
17011,"Bureau, Illinois",37.184175584425745
35057,"Torrance, New Mexico",37.183539332967456
45045,"Greenville, South Carolina",37.174074574708676
17189,"Washington, Illinois",37.16416159955717
13015,"Bartow, Georgia",37.161219919428646
19067,"Floyd, Iowa",37.15589721260812
42037,"Columbia, Pennsylvania",37.14730179471822
41015,"Curry, Oregon",37.137871618487615
19041,"Clay, Iowa",37.13699025228108
39083,"Knox, Ohio",37.134982891767784
27005,"Becker, Minnesota",37.131406665007255
51049,"Cumberland, Virginia",37.130038083472314
39125,"Paulding, Ohio",37.124938072844294
49027,"Millard, Utah",37.11543946663327
29145,"Newton, Missouri",37.11238476584956
40013,"Bryan, Oklahoma",37.10926472688864
19071,"Fremont, Iowa",37.09936222524719
26019,"Benzie, Michigan",37.08486488837887
12131,"Walton, Florida",37.06712564250137
6093,"Siskiyou, California",37.064690453952764
27113,"Pennington, Minnesota",37.051973785714495
31157,"Scotts Bluff, Nebraska",37.0490286241538
55031,"Douglas, Wisconsin",37.044033732780214
30017,"Custer, Montana",37.041891902709835
17175,"Stark, Illinois",37.03072866771832
16047,"Gooding, Idaho",37.02998965519275
37055,"Dare, North Carolina",37.019161301125685
16013,"Blaine, Idaho",37.01190442034837
20131,"Nemaha, Kansas",37.00615301490118
29071,"Franklin, Missouri",37.000383224035474
40081,"Lincoln, Oklahoma",36.99643275914649
36063,"Niagara, New York",36.96554259752688
48409,"San Patricio, Texas",36.95330298252573
22015,"Bossier, Louisiana",36.929832306103485
55043,"Grant, Wisconsin",36.92689009130789
18089,"Lake, Indiana",36.924045772810736
23001,"Androscoggin, Maine",36.90721635812269
46035,"Davison, South Dakota",36.8985199667346
55023,"Crawford, Wisconsin",36.89658742834867
47147,"Robertson, Tennessee",36.884469423532664
48451,"Tom Green, Texas",36.884153239390464
55057,"Juneau, Wisconsin",36.878722126551075
47009,"Blount, Tennessee",36.866215655636076
36097,"Schuyler, New York",36.856550897630825
8007,"Archuleta, Colorado",36.8535620140939
48003,"Andrews, Texas",36.84459291748242
18141,"St. Joseph, Indiana",36.834203223972665
55013,"Burnett, Wisconsin",36.82959850262038
39149,"Shelby, Ohio",36.82311592198014
17131,"Mercer, Illinois",36.81949338754523
42007,"Beaver, Pennsylvania",36.81898306043869
18003,"Allen, Indiana",36.80544715165182
12081,"Manatee, Florida",36.800987122911565
40039,"Custer, Oklahoma",36.781291122608394
29107,"Lafayette, Missouri",36.768850297563034
48233,"Hutchinson, Texas",36.74451897933249
31119,"Madison, Nebraska",36.74106525949845
27173,"Yellow Medicine, Minnesota",36.73622450081124
19087,"Henry, Iowa",36.735343489729416
47065,"Hamilton, Tennessee",36.732308448837806
46029,"Codington, South Dakota",36.72550219537752
37081,"Guilford, North Carolina",36.71912889418682
12086,"Miami-Dade, Florida",36.71224542254296
20043,"Doniphan, Kansas",36.702408123255466
23013,"Knox, Maine",36.691261519146806
51680,"Lynchburg, Virginia",36.65863594252582
18033,"DeKalb, Indiana",36.65785967274418
27133,"Rock, Minnesota",36.65297716203861
20185,"Stafford, Kansas",36.630952896360625
48337,"Montague, Texas",36.623831149691455
51165,"Rockingham, Virginia",36.620959408573505
39091,"Logan, Ohio",36.61148998657834
42101,"Philadelphia, Pennsylvania",36.60864689251572
22019,"Calcasieu, Louisiana",36.60852567898726
31175,"Valley, Nebraska",36.607246092117066
12127,"Volusia, Florida",36.605106097559016
29057,"Dade, Missouri",36.58122566767341
17041,"Douglas, Illinois",36.57925810350545
37109,"Lincoln, North Carolina",36.57919306394415
45063,"Lexington, South Carolina",36.57766368041614
48379,"Rains, Texas",36.57621307737703
46015,"Brule, South Dakota",36.574995718285116
18181,"White, Indiana",36.55340385751625
13153,"Houston, Georgia",36.55230959190431
26097,"Mackinac, Michigan",36.54474362678896
16069,"Nez Perce, Idaho",36.522833355542545
27067,"Kandiyohi, Minnesota",36.5092331805419
21111,"Jefferson, Kentucky",36.506372560595096
6103,"Tehama, California",36.49587505409884
45015,"Berkeley, South Carolina",36.477154583873215
36105,"Sullivan, New York",36.455466715831456
29161,"Phelps, Missouri",36.44858668899576
29025,"Caldwell, Missouri",36.446547195586795
22055,"Lafayette, Louisiana",36.44101411459459
48341,"Moore, Texas",36.43670872066596
55071,"Manitowoc, Wisconsin",36.42363927699985
17117,"Macoupin, Illinois",36.41583699402109
39035,"Cuyahoga, Ohio",36.415835796371496
51171,"Shenandoah, Virginia",36.41468821191674
25003,"Berkshire, Massachusetts",36.40797087345856
21211,"Shelby, Kentucky",36.40395860714212
18035,"Delaware, Indiana",36.397299131938944
29029,"Camden, Missouri",36.3943974820989
27151,"Swift, Minnesota",36.39295451088789
20013,"Brown, Kansas",36.382274947172895
48499,"Wood, Texas",36.362987280090444
19055,"Delaware, Iowa",36.35995023287811
26059,"Hillsdale, Michigan",36.35528017225341
55061,"Kewaunee, Wisconsin",36.35021064133743
51031,"Campbell, Virginia",36.33310071972601
39019,"Carroll, Ohio",36.32483427987266
27115,"Pine, Minnesota",36.320950105868924
13177,"Lee, Georgia",36.31823529269994
19123,"Mahaska, Iowa",36.3166139006045
20123,"Mitchell, Kansas",36.29186237139878
55105,"Rock, Wisconsin",36.28171854429297
21073,"Franklin, Kentucky",36.27923696910419
19063,"Emmet, Iowa",36.27786462979073
21005,"Anderson, Kentucky",36.26556610423145
1031,"Coffee, Alabama",36.26257183861244
27089,"Marshall, Minnesota",36.25875041798856
41033,"Josephine, Oregon",36.24400822363643
19151,"Pocahontas, Iowa",36.23854695435359
29015,"Benton, Missouri",36.23274617341207
18049,"Fulton, Indiana",36.22674700891417
55079,"Milwaukee, Wisconsin",36.22245428765724
47179,"Washington, Tennessee",36.22040440219768
53009,"Clallam, Washington",36.21178153115172
28033,"DeSoto, Mississippi",36.21030942036873
22033,"East Baton Rouge, Louisiana",36.208653231532075
27011,"Big Stone, Minnesota",36.206072839927785
31001,"Adams, Nebraska",36.19948580538688
39027,"Clinton, Ohio",36.198819064886834
47089,"Jefferson, Tennessee",36.193190275176036
45091,"York, South Carolina",36.188970728057285
31029,"Chase, Nebraska",36.18276624924537
42131,"Wyoming, Pennsylvania",36.178212453766534
36029,"Erie, New York",36.178092126619106
48469,"Victoria, Texas",36.16520262131918
42053,"Forest, Pennsylvania",36.16473863482022
37085,"Harnett, North Carolina",36.14194931454424
18039,"Elkhart, Indiana",36.13274310589325
41027,"Hood River, Oregon",36.12716332707972
30089,"Sanders, Montana",36.08022455043924
18151,"Steuben, Indiana",36.077934873652374
21021,"Boyle, Kentucky",36.0756499151264
26137,"Otsego, Michigan",36.07476875600343
23027,"Waldo, Maine",36.03910748992876
23019,"Penobscot, Maine",36.035067871409545
45077,"Pickens, South Carolina",36.029927031382186
35045,"San Juan, New Mexico",36.02599715438319
18139,"Rush, Indiana",36.02338750977992
41041,"Lincoln, Oregon",36.01493535574789
55099,"Price, Wisconsin",36.01397089121059
23015,"Lincoln, Maine",36.005738142714925
18097,"Marion, Indiana",36.0017600218702
30105,"Valley, Montana",35.984122609084
48297,"Live Oak, Texas",35.983927629257764
13139,"Hall, Georgia",35.96664445476471
19091,"Humboldt, Iowa",35.95490222507727
55007,"Bayfield, Wisconsin",35.94566010491496
26151,"Sanilac, Michigan",35.944445877787494
47031,"Coffee, Tennessee",35.941819935699364
46051,"Grant, South Dakota",35.941649619300506
42069,"Lackawanna, Pennsylvania",35.931969037938366
37089,"Henderson, North Carolina",35.92093835652505
39167,"Washington, Ohio",35.879067784401755
40099,"Murray, Oklahoma",35.867790290583535
48325,"Medina, Texas",35.8200921460835
22125,"West Feliciana, Louisiana",35.808203104242445
42109,"Snyder, Pennsylvania",35.7955391490661
55069,"Lincoln, Wisconsin",35.77258923884072
1003,"Baldwin, Alabama",35.7238932329449
48185,"Grimes, Texas",35.71887076259211
17105,"Livingston, Illinois",35.70998114243722
39151,"Stark, Ohio",35.686467491850266
10005,"Sussex, Delaware",35.67776395447136
46053,"Gregory, South Dakota",35.667821839967004
48265,"Kerr, Texas",35.66457946804705
18147,"Spencer, Indiana",35.641820995437556
39015,"Brown, Ohio",35.64136067925943
36031,"Essex, New York",35.61865950809688
18031,"Decatur, Indiana",35.61474099378834
49015,"Emery, Utah",35.59056205518035
30073,"Pondera, Montana",35.57916847275395
32023,"Nye, Nevada",35.570354833740424
19097,"Jackson, Iowa",35.561932779214324
37069,"Franklin, North Carolina",35.541795467891575
12111,"St. Lucie, Florida",35.538058977061226
51007,"Amelia, Virginia",35.52752492730993
18179,"Wells, Indiana",35.499729737441456
28073,"Lamar, Mississippi",35.49706908531137
53017,"Douglas, Washington",35.49377290539821
20155,"Reno, Kansas",35.49273196515045
17163,"St. Clair, Illinois",35.47157214221572
27127,"Redwood, Minnesota",35.463438865851145
48375,"Potter, Texas",35.45322165736527
26157,"Tuscola, Michigan",35.45124322587373
55125,"Vilas, Wisconsin",35.446552686866596
12105,"Polk, Florida",35.445085816714226
37067,"Forsyth, North Carolina",35.44439431924446
54069,"Ohio, West Virginia",35.44302846434902
39171,"Williams, Ohio",35.416920542421316
26003,"Alger, Michigan",35.40070062260535
30027,"Fergus, Montana",35.35238545782165
19193,"Woodbury, Iowa",35.34865063219016
19107,"Keokuk, Iowa",35.326540844501245
20117,"Marshall, Kansas",35.30888599304828
48477,"Washington, Texas",35.30871780355477
40113,"Osage, Oklahoma",35.30638530581408
36121,"Wyoming, New York",35.29922480560696
48423,"Smith, Texas",35.297791340219646
20073,"Greenwood, Kansas",35.289347477921
29013,"Bates, Missouri",35.24669263293005
20003,"Anderson, Kansas",35.22315408838832
40033,"Cotton, Oklahoma",35.222631555326615
26057,"Gratiot, Michigan",35.22005490531643
39065,"Hardin, Ohio",35.200479977697555
36099,"Seneca, New York",35.188539443647265
51193,"Westmoreland, Virginia",35.16645645268026
17107,"Logan, Illinois",35.158508841335895
48123,"DeWitt, Texas",35.15198245607863
48475,"Ward, Texas",35.148752078176095
17029,"Coles, Illinois",35.120639124314444
42079,"Luzerne, Pennsylvania",35.114100728714945
31067,"Gage, Nebraska",35.11264419385524
36075,"Oswego, New York",35.10483871573432
50005,"Caledonia, Vermont",35.1008638358692
17049,"Effingham, Illinois",35.09827190508461
51063,"Floyd, Virginia",35.08335758561828
36123,"Yates, New York",35.082261530669285
26051,"Gladwin, Michigan",35.080487671176456
19079,"Hamilton, Iowa",35.07938807678473
46037,"Day, South Dakota",35.04423226242093
35049,"Santa Fe, New Mexico",35.01884171751666
17015,"Carroll, Illinois",34.961945502873505
21143,"Lyon, Kentucky",34.96078174495949
31141,"Platte, Nebraska",34.94992067534262
12061,"Indian River, Florida",34.93589156707007
48161,"Freestone, Texas",34.93079764155876
37097,"Iredell, North Carolina",34.92102984229823
41001,"Baker, Oregon",34.898285807474984
13217,"Newton, Georgia",34.88753466131821
16071,"Oneida, Idaho",34.87386532553337
42063,"Indiana, Pennsylvania",34.8730364396048
55075,"Marinette, Wisconsin",34.862805199685006
21123,"Larue, Kentucky",34.86120697013693
48097,"Cooke, Texas",34.845919913295845
19065,"Fayette, Iowa",34.84335857216801
34013,"Essex, New Jersey",34.83757573471935
35015,"Eddy, New Mexico",34.83683461226861
24045,"Wicomico, Maryland",34.83305063961228
48239,"Jackson, Texas",34.810325025355304
48241,"Jasper, Texas",34.78813293514176
17091,"Kankakee, Illinois",34.77505600992201
21035,"Calloway, Kentucky",34.7694707184408
45013,"Beaufort, South Carolina",34.756235561467555
42081,"Lycoming, Pennsylvania",34.74583787040284
31053,"Dodge, Nebraska",34.74173140138141
29167,"Polk, Missouri",34.74150883828208
18121,"Parke, Indiana",34.74007583687031
41057,"Tillamook, Oregon",34.73564428487915
6029,"Kern, California",34.720028734214694
27061,"Itasca, Minnesota",34.717153984863394
27153,"Todd, Minnesota",34.705771047772764
51760,"Richmond City, Virginia",34.70224576479294
19045,"Clinton, Iowa",34.69386470960526
5119,"Pulaski, Arkansas",34.69244057573932
42115,"Susquehanna, Pennsylvania",34.6895502422463
17201,"Winnebago, Illinois",34.68132124793287
19089,"Howard, Iowa",34.66911773854998
30077,"Powell, Montana",34.66815794766628
8085,"Montrose, Colorado",34.66709405590617
17199,"Williamson, Illinois",34.652504507595275
26149,"St. Joseph, Michigan",34.652189739947836
40019,"Carter, Oklahoma",34.6491403440803
40049,"Garvin, Oklahoma",34.64513380341655
22051,"Jefferson, Louisiana",34.61732344725495
47047,"Fayette, Tennessee",34.59226922655024
41019,"Douglas, Oregon",34.58862920283073
55103,"Richland, Wisconsin",34.58378576148726
48315,"Marion, Texas",34.57571875357966
55085,"Oneida, Wisconsin",34.570985544529
34001,"Atlantic, New Jersey",34.56243430694377
48335,"Mitchell, Texas",34.552870379550846
48217,"Hill, Texas",34.54147874355503
48149,"Fayette, Texas",34.53371032719301
6039,"Madera, California",34.49926472186557
27077,"Lake of the Woods, Minnesota",34.49445704282583
26075,"Jackson, Michigan",34.48948207131674
12033,"Escambia, Florida",34.47875947193612
47167,"Tipton, Tennessee",34.47588867637331
18067,"Howard, Indiana",34.4744685099389
18107,"Montgomery, Indiana",34.470876052773654
20141,"Osborne, Kansas",34.45392889789011
21151,"Madison, Kentucky",34.432601057984456
6047,"Merced, California",34.39712926406
20169,"Saline, Kansas",34.38175350668587
50003,"Bennington, Vermont",34.320122147962415
39157,"Tuscarawas, Ohio",34.31087011603196
19143,"Osceola, Iowa",34.307308890424274
17075,"Iroquois, Illinois",34.29939657080809
37059,"Davie, North Carolina",34.293149236063506
31097,"Johnson, Nebraska",34.283398423937136
12129,"Wakulla, Florida",34.28323456739976
48401,"Rusk, Texas",34.27697677669849
48219,"Hockley, Texas",34.265405514869016
27135,"Roseau, Minnesota",34.2560148852124
16031,"Cassia, Idaho",34.23100627240263
13051,"Chatham, Georgia",34.21655407391305
45079,"Richland, South Carolina",34.20614610865015
42113,"Sullivan, Pennsylvania",34.18376846180964
27099,"Mower, Minnesota",34.16047687615125
20035,"Cowley, Kansas",34.14640072576591
22075,"Plaquemines, Louisiana",34.14157226579436
48213,"Henderson, Texas",34.14021237854369
55115,"Shawano, Wisconsin",34.134925250331136
55065,"Lafayette, Wisconsin",34.13398102020022
20037,"Crawford, Kansas",34.13144921351272
19177,"Van Buren, Iowa",34.11765015336209
21145,"McCracken, Kentucky",34.11243241408235
26101,"Manistee, Michigan",34.09552476149164
37071,"Gaston, North Carolina",34.08360463085546
39077,"Huron, Ohio",34.079956073783286
20111,"Lyon, Kansas",34.07547620374387
18069,"Huntington, Indiana",34.071483029667135
27091,"Martin, Minnesota",34.06957643391422
29001,"Adair, Missouri",34.052226669593786
36015,"Chemung, New York",34.03743030561239
16053,"Jerome, Idaho",34.03703733274238
40059,"Harper, Oklahoma",34.031546122560805
5145,"White, Arkansas",34.02837061300645
35025,"Lea, New Mexico",34.02040818674536
40137,"Stephens, Oklahoma",34.00575483629621
48287,"Lee, Texas",34.00175808969205
17047,"Edwards, Illinois",33.993171648399844
8083,"Montezuma, Colorado",33.99283805221076
36011,"Cayuga, New York",33.98786405649415
22121,"West Baton Rouge, Louisiana",33.9712711208664
6031,"Kings, California",33.96519613624568
17001,"Adams, Illinois",33.96370703909143
27033,"Cottonwood, Minnesota",33.961655619934724
31031,"Cherry, Nebraska",33.91799172741231
40029,"Coal, Oklahoma",33.8660479742171
13311,"White, Georgia",33.85770184740264
21227,"Warren, Kentucky",33.85239723669835
36017,"Chenango, New York",33.852090751680514
16049,"Idaho, Idaho",33.815449700593156
48365,"Panola, Texas",33.80274589853063
16021,"Boundary, Idaho",33.80070984810526
48183,"Gregg, Texas",33.791651771410656
38071,"Ramsey, North Dakota",33.784330638927344
39143,"Sandusky, Ohio",33.776723129963045
40085,"Love, Oklahoma",33.775824375878024
40153,"Woodward, Oklahoma",33.76992117826752
39161,"Van Wert, Ohio",33.76518170937345
39037,"Darke, Ohio",33.7557764006048
26017,"Bay, Michigan",33.74035298634534
17173,"Shelby, Illinois",33.737090559712975
40011,"Blaine, Oklahoma",33.7221979263487
51067,"Franklin County, Virginia",33.716779439616865
36057,"Montgomery, New York",33.705845885244905
31039,"Cuming, Nebraska",33.7057063452506
51149,"Prince George, Virginia",33.70552121006429
20167,"Russell, Kansas",33.704508111480514
17143,"Peoria, Illinois",33.702779632680055
1115,"St. Clair, Alabama",33.700479973316135
26079,"Kalkaska, Michigan",33.69838231412963
37035,"Catawba, North Carolina",33.677938695983265
8087,"Morgan, Colorado",33.67636483189829
29109,"Lawrence, Missouri",33.66749856083664
26063,"Huron, Michigan",33.66627009375921
5023,"Cleburne, Arkansas",33.66308725455434
26135,"Oscoda, Michigan",33.65816215600031
48503,"Young, Texas",33.656987080451586
55081,"Monroe, Wisconsin",33.63981683943369
26163,"Wayne, Michigan",33.619470643547515
4011,"Greenlee, Arizona",33.61503750268122
18167,"Vigo, Indiana",33.613227527051045
29005,"Atchison, Missouri",33.60646679126478
13045,"Carroll, Georgia",33.60282745536201
47011,"Bradley, Tennessee",33.59677156502558
48245,"Jefferson, Texas",33.595239974060505
29097,"Jasper, Missouri",33.583913997166256
55119,"Taylor, Wisconsin",33.566699650264894
18091,"LaPorte, Indiana",33.56425464649751
41011,"Coos, Oregon",33.557800999166524
21081,"Grant, Kentucky",33.53815865076086
26109,"Menominee, Michigan",33.526440017559715
5053,"Grant, Arkansas",33.52289105840304
40035,"Craig, Oklahoma",33.51801245845168
48373,"Polk, Texas",33.50869351462986
51740,"Portsmouth, Virginia",33.50701146439491
29213,"Taney, Missouri",33.50037256677148
4015,"Mohave, Arizona",33.4962742377041
41037,"Lake, Oregon",33.490968158252734
26133,"Osceola, Michigan",33.4800805937265
29187,"St. Francois, Missouri",33.47711579644688
48055,"Caldwell, Texas",33.473429685951
13143,"Haralson, Georgia",33.46361890432402
17195,"Whiteside, Illinois",33.46340906588896
5115,"Pope, Arkansas",33.45492547279299
48223,"Hopkins, Texas",33.44428015856904
37049,"Craven, North Carolina",33.43206319153691
36019,"Clinton, New York",33.42938954401125
18045,"Fountain, Indiana",33.42554935685344
13211,"Morgan, Georgia",33.412325156878026
40097,"Mayes, Oklahoma",33.400771763469805
55121,"Trempealeau, Wisconsin",33.39814660253723
17149,"Pike, Illinois",33.397819423463524
20009,"Barton, Kansas",33.38777607952736
18119,"Owen, Indiana",33.387489618381295
18065,"Henry, Indiana",33.38491990741577
39175,"Wyandot, Ohio",33.377917060339804
55001,"Adams, Wisconsin",33.35951600886871
13221,"Oglethorpe, Georgia",33.35482106555401
1051,"Elmore, Alabama",33.34922892524336
48485,"Wichita, Texas",33.34899154491125
26023,"Branch, Michigan",33.345404019450875
17083,"Jersey, Illinois",33.334352277263235
34031,"Passaic, New Jersey",33.330498186840856
8101,"Pueblo, Colorado",33.31887522065748
51009,"Amherst, Virginia",33.30841134996678
19171,"Tama, Iowa",33.284195508897355
26061,"Houghton, Michigan",33.26657787367124
40121,"Pittsburg, Oklahoma",33.261625240957756
29061,"Daviess, Missouri",33.260605975878114
39147,"Seneca, Ohio",33.25442643792508
41049,"Morrow, Oregon",33.24791480149894
51045,"Craig, Virginia",33.24044321234867
48005,"Angelina, Texas",33.23284350483634
48363,"Palo Pinto, Texas",33.18967250164867
21157,"Marshall, Kentucky",33.18068358199837
48049,"Brown, Texas",33.17627947269266
56013,"Fremont, Wyoming",33.15780652086222
5033,"Crawford, Arkansas",33.15333119174311
41059,"Umatilla, Oregon",33.138377627329504
42049,"Erie, Pennsylvania",33.11579406180436
13195,"Madison, Georgia",33.11141568236015
20029,"Cloud, Kansas",33.109120688853174
17009,"Brown, Illinois",33.09953420030064
48013,"Atascosa, Texas",33.07552954819457
19137,"Montgomery, Iowa",33.0682307582913
26043,"Dickinson, Michigan",33.06739217790538
5051,"Garland, Arkansas",33.04811888896103
29021,"Buchanan, Missouri",33.03104903227156
39043,"Erie, Ohio",33.01728864947017
19175,"Union, Iowa",32.99007205052877
39141,"Ross, Ohio",32.989623819153714
1083,"Limestone, Alabama",32.975834165412444
48253,"Jones, Texas",32.97331569796895
6027,"Inyo, California",32.97158130480132
48351,"Newton, Texas",32.96372425787945
27021,"Cass, Minnesota",32.95887206855922
48285,"Lavaca, Texas",32.95638589992386
37037,"Chatham, North Carolina",32.94648324061655
18083,"Knox, Indiana",32.93018197730007
35035,"Otero, New Mexico",32.92272461381437
48415,"Scurry, Texas",32.92023703329185
17137,"Morgan, Illinois",32.92013287511324
37149,"Polk, North Carolina",32.919991495225716
19159,"Ringgold, Iowa",32.91379105047709
5131,"Sebastian, Arkansas",32.912820956577505
29083,"Henry, Missouri",32.90936571358088
21163,"Meade, Kentucky",32.90730024088623
40069,"Johnston, Oklahoma",32.906997639745455
40065,"Jackson, Oklahoma",32.90120277390397
20205,"Wilson, Kansas",32.89531957732951
1081,"Lee, Alabama",32.88335036481044
17023,"Clark, Illinois",32.87306486580412
48141,"El Paso, Texas",32.865581409927884
31145,"Red Willow, Nebraska",32.84723013687131
19069,"Franklin, Iowa",32.840044214089595
19145,"Page, Iowa",32.82875089227312
48455,"Trinity, Texas",32.81514368207149
34021,"Mercer, New Jersey",32.794645085925836
25019,"Nantucket, Massachusetts",32.75159524043202
55019,"Clark, Wisconsin",32.74273184476902
47141,"Putnam, Tennessee",32.73942527108278
48165,"Gaines, Texas",32.723856554163774
20133,"Neosho, Kansas",32.71679064406081
13207,"Monroe, Georgia",32.71103282993927
17035,"Cumberland, Illinois",32.70853791269559
19057,"Des Moines, Iowa",32.700668398971125
18021,"Clay, Indiana",32.696981547553
48107,"Crosby, Texas",32.684723510497086
18055,"Greene, Indiana",32.67585044609653
29117,"Livingston, Missouri",32.66778906319722
48313,"Madison, Texas",32.64769241490752
1045,"Dale, Alabama",32.64348383854579
40105,"Nowata, Oklahoma",32.62787692636585
42005,"Armstrong, Pennsylvania",32.62775639743986
24023,"Garrett, Maryland",32.61798297342312
6019,"Fresno, California",32.6166624459991
40101,"Muskogee, Oklahoma",32.616283249404844
51021,"Bland, Virginia",32.59964940642825
42035,"Clinton, Pennsylvania",32.59661137721315
29089,"Howard, Missouri",32.59100891536242
48037,"Bowie, Texas",32.57579629822275
42107,"Schuylkill, Pennsylvania",32.5724688652404
40047,"Garfield, Oklahoma",32.56147564566947
19139,"Muscatine, Iowa",32.55609254875869
26049,"Genesee, Michigan",32.548790691390764
18103,"Miami, Indiana",32.54635620096451
19173,"Taylor, Iowa",32.54368943144916
16087,"Washington, Idaho",32.52949068762936
27023,"Chippewa, Minnesota",32.51920058331748
51191,"Washington, Virginia",32.51386482481201
31107,"Knox, Nebraska",32.49165948168673
29053,"Cooper, Missouri",32.48827935540524
47105,"Loudon, Tennessee",32.48498840209218
20067,"Grant, Kansas",32.48400082091473
36073,"Orleans, New York",32.4724331299411
19187,"Webster, Iowa",32.45760114469449
21049,"Clark, Kentucky",32.43925425072267
49037,"San Juan, Utah",32.40189713459923
39013,"Belmont, Ohio",32.40085425368361
48309,"McLennan, Texas",32.40081119493617
41065,"Wasco, Oregon",32.377695025903435
47163,"Sullivan, Tennessee",32.36548489493744
37159,"Rowan, North Carolina",32.364008591671414
19197,"Wright, Iowa",32.35685242168984
26105,"Mason, Michigan",32.35221607843557
17087,"Johnson, Illinois",32.34403894043096
47119,"Maury, Tennessee",32.337142131473286
21167,"Mercer, Kentucky",32.336363140478056
36043,"Herkimer, New York",32.324342209866145
29135,"Moniteau, Missouri",32.313183897107386
27047,"Freeborn, Minnesota",32.30972347162702
36065,"Oneida, New York",32.309350077563046
19185,"Wayne, Iowa",32.28077548419691
55003,"Ashland, Wisconsin",32.23885840485446
48103,"Crane, Texas",32.22045101785295
19135,"Monroe, Iowa",32.21529943102437
13035,"Butts, Georgia",32.21115233575694
42085,"Mercer, Pennsylvania",32.206333017201686
39071,"Highland, Ohio",32.204555062218816
48203,"Harrison, Texas",32.188606761180196
18095,"Madison, Indiana",32.1778035305214
55067,"Langlade, Wisconsin",32.17303986527479
25013,"Hampden, Massachusetts",32.17078224840414
39095,"Lucas, Ohio",32.167716085531694
48207,"Haskell, Texas",32.16514959373504
26025,"Calhoun, Michigan",32.1488939442507
40091,"McIntosh, Oklahoma",32.145039889194834
17115,"Macon, Illinois",32.14217632740654
21091,"Hancock, Kentucky",32.13489956997167
18037,"Dubois, Indiana",32.13430748317717
29059,"Dallas, Missouri",32.13103608409873
53019,"Ferry, Washington",32.0841103391862
6033,"Lake, California",32.08284834190861
20099,"Labette, Kansas",32.06676069902781
48495,"Winkler, Texas",32.06667838089086
28071,"Lafayette, Mississippi",32.04338018048023
20125,"Montgomery, Kansas",32.0224808839188
48093,"Comanche, Texas",32.01821181290277
26127,"Oceana, Michigan",32.00155755487402
18125,"Pike, Indiana",31.986016923763298
48179,"Gray, Texas",31.977861522889683
53025,"Grant, Washington",31.96167355821995
13031,"Bulloch, Georgia",31.954009353637236
18113,"Noble, Indiana",31.95041846610095
40009,"Beckham, Oklahoma",31.935225341231867
37019,"Brunswick, North Carolina",31.931162028103238
23017,"Oxford, Maine",31.92907283532469
17127,"Massac, Illinois",31.91933822422186
40021,"Cherokee, Oklahoma",31.90680218401511
16059,"Lemhi, Idaho",31.884283646701967
41035,"Klamath, Oregon",31.882882106662
13291,"Union, Georgia",31.881504989555477
18177,"Wayne, Indiana",31.879301483604433
55107,"Rusk, Wisconsin",31.854734659176852
49007,"Carbon, Utah",31.853443227106986
28089,"Madison, Mississippi",31.809304861552995
8105,"Rio Grande, Colorado",31.800261539338887
36003,"Allegany, New York",31.799363664323316
40111,"Okmulgee, Oklahoma",31.787237188933954
16007,"Bear Lake, Idaho",31.783688642512132
39107,"Mercer, Ohio",31.76957036860478
39121,"Noble, Ohio",31.762329648516683
47155,"Sevier, Tennessee",31.755156998658425
12083,"Marion, Florida",31.736095387334334
42059,"Greene, Pennsylvania",31.72200342069932
5031,"Craighead, Arkansas",31.705417224455562
18009,"Blackford, Indiana",31.66238286312204
29186,"Ste Genevieve, Missouri",31.65893832590454
26021,"Berrien, Michigan",31.655962684663493
13215,"Muscogee, Georgia",31.65381978498127
18165,"Vermillion, Indiana",31.6246057413455
45083,"Spartanburg, South Carolina",31.60670536995144
26041,"Delta, Michigan",31.602324451654084
40077,"Latimer, Oklahoma",31.59974279076856
40071,"Kay, Oklahoma",31.599338347992518
48119,"Delta, Texas",31.57990745890185
26001,"Alcona, Michigan",31.57404464437885
21103,"Henry, Kentucky",31.568895227777315
42073,"Lawrence, Pennsylvania",31.565976537381623
13295,"Walker, Georgia",31.548410370811542
45003,"Aiken, South Carolina",31.548075862247288
53027,"Grays Harbor, Washington",31.515647591381146
19005,"Allamakee, Iowa",31.51048343975098
42039,"Crawford, Pennsylvania",31.50741628811302
36035,"Fulton, New York",31.503819097987357
26129,"Ogemaw, Michigan",31.501965958487986
45051,"Horry, South Carolina",31.50155219437717
42015,"Bradford, Pennsylvania",31.498551325489572
46129,"Walworth, South Dakota",31.492228259477102
42111,"Somerset, Pennsylvania",31.48674310093706
36101,"Steuben, New York",31.485486807533043
13169,"Jones, Georgia",31.46590175355552
13059,"Clarke, Georgia",31.451392840748532
20189,"Stevens, Kansas",31.450688195828917
54011,"Cabell, West Virginia",31.436860297676922
17033,"Crawford, Illinois",31.426205251214057
35061,"Valencia, New Mexico",31.406039846646415
31079,"Hall, Nebraska",31.392396538658957
29115,"Linn, Missouri",31.366256350849355
48273,"Kleberg, Texas",31.35665309781137
17125,"Mason, Illinois",31.34991455783372
35009,"Curry, New Mexico",31.327567387388626
21179,"Nelson, Kentucky",31.314959735226395
21077,"Gallatin, Kentucky",31.31322150945337
23025,"Somerset, Maine",31.31071952185608
54065,"Morgan, West Virginia",31.295561120321057
36009,"Cattaraugus, New York",31.290984331945637
12017,"Citrus, Florida",31.286427529628124
39067,"Harrison, Ohio",31.277981706868594
19115,"Louisa, Iowa",31.26806626759831
39003,"Allen, Ohio",31.251666115239672
48347,"Nacogdoches, Texas",31.207697669908608
53049,"Pacific, Washington",31.193078282596094
39099,"Mahoning, Ohio",31.180828500854187
17071,"Henderson, Illinois",31.176247752994936
39047,"Fayette, Ohio",31.16342225371092
35027,"Lincoln, New Mexico",31.157835676094862
48057,"Calhoun, Texas",31.135321122028948
31095,"Jefferson, Nebraska",31.122698589088316
26143,"Roscommon, Michigan",31.114363709250526
46123,"Tripp, South Dakota",31.099302318690263
39139,"Richland, Ohio",31.0889390476483
8003,"Alamosa, Colorado",31.075549908194887
23007,"Franklin, Maine",31.07526675736561
42031,"Clarion, Pennsylvania",31.056229570714365
36049,"Lewis, New York",31.047737678365827
39023,"Clark, Ohio",31.040143220245774
17177,"Stephenson, Illinois",31.018556730739714
21019,"Boyd, Kentucky",31.009998440232305
41025,"Harney, Oregon",31.001392715217513
51155,"Pulaski, Virginia",30.989056911351874
18169,"Wabash, Indiana",30.986434421258902
6107,"Tulare, California",30.958175819158466
20021,"Cherokee, Kansas",30.942975691375317
29009,"Barry, Missouri",30.942270846204202
18123,"Perry, Indiana",30.93003169868246
26165,"Wexford, Michigan",30.922535863914412
26113,"Missaukee, Michigan",30.919146621297443
18171,"Warren, Indiana",30.915369142192837
51133,"Northumberland, Virginia",30.88749417148214
29159,"Pettis, Missouri",30.853027246714642
18149,"Starke, Indiana",30.847102745698514
8095,"Phillips, Colorado",30.84199262507025
48195,"Hansford, Texas",30.837460458240418
42097,"Northumberland, Pennsylvania",30.837430822996765
47015,"Cannon, Tennessee",30.835279516468965
48227,"Howard, Texas",30.814618968470754
29011,"Barton, Missouri",30.807645622337798
26121,"Muskegon, Michigan",30.802328980923292
6045,"Mendocino, California",30.799780972189417
18131,"Pulaski, Indiana",30.792303338124828
37001,"Alamance, North Carolina",30.783791886738083
51159,"Richmond County, Virginia",30.780539026067345
39127,"Perry, Ohio",30.77092987718976
26033,"Chippewa, Michigan",30.753332714771904
21059,"Daviess, Kentucky",30.735684527323524
28047,"Harrison, Mississippi",30.734229030257627
17079,"Jasper, Illinois",30.723664558583042
40141,"Tillman, Oklahoma",30.71902768625035
13137,"Habersham, Georgia",30.718601565331667
35041,"Roosevelt, New Mexico",30.717075393449488
19039,"Clarke, Iowa",30.709311474460694
13083,"Dade, Georgia",30.69460589075924
39033,"Crawford, Ohio",30.682619731012366
36013,"Chautauqua, New York",30.671826517679186
22053,"Jefferson Davis, Louisiana",30.671702821797737
1009,"Blount, Alabama",30.662943978542167
21089,"Greenup, Kentucky",30.653848776432056
42013,"Blair, Pennsylvania",30.631273777393087
48391,"Refugio, Texas",30.620974283596862
37099,"Jackson, North Carolina",30.58985158463979
39155,"Trumbull, Ohio",30.568253515504733
30093,"Silver Bow, Montana",30.55936268977711
54049,"Marion, West Virginia",30.552412701300273
48111,"Dallam, Texas",30.54243749317828
42117,"Tioga, Pennsylvania",30.519714717031505
26141,"Presque Isle, Michigan",30.5012894094693
13111,"Fannin, Georgia",30.47311295902016
29139,"Montgomery, Missouri",30.45377014658089
47183,"Weakley, Tennessee",30.427083374019116
22109,"Terrebonne, Louisiana",30.415820424712912
31147,"Richardson, Nebraska",30.413832486779757
5089,"Marion, Arkansas",30.41346175942769
47145,"Roane, Tennessee",30.404303715737168
37147,"Pitt, North Carolina",30.39681598641593
6025,"Imperial, California",30.390920212189222
29073,"Gasconade, Missouri",30.385937421277497
24001,"Allegany, Maryland",30.3817164977587
29175,"Randolph, Missouri",30.372044751605863
54033,"Harrison, West Virginia",30.353405861631323
40067,"Jefferson, Oklahoma",30.34746806787259
48403,"Sabine, Texas",30.335314518103544
5005,"Baxter, Arkansas",30.330359257231603
17157,"Randolph, Illinois",30.330348001451075
19111,"Lee, Iowa",30.324999771565547
46005,"Beadle, South Dakota",30.298612357424958
35055,"Taos, New Mexico",30.268729225503392
1073,"Jefferson, Alabama",30.26728848112764
1103,"Morgan, Alabama",30.261793776066128
54039,"Kanawha, West Virginia",30.254084128810476
48089,"Colorado, Texas",30.25165116455339
20209,"Wyandotte, Kansas",30.248020345267157
18023,"Clinton, Indiana",30.200475310236662
5105,"Perry, Arkansas",30.197276767571996
17095,"Knox, Illinois",30.167155624510798
33007,"Coos, New Hampshire",30.164648091335305
18071,"Jackson, Indiana",30.161872964956295
8071,"Las Animas, Colorado",30.16155818175846
21079,"Garrard, Kentucky",30.16088805143896
40135,"Sequoyah, Oklahoma",30.15085478461364
31151,"Saline, Nebraska",30.146903712258162
51770,"Roanoke City, Virginia",30.13680698348767
39073,"Hocking, Ohio",30.13446677859768
47043,"Dickson, Tennessee",30.106490648207913
48395,"Robertson, Texas",30.104007643074226
21191,"Pendleton, Kentucky",30.090287797066615
47117,"Marshall, Tennessee",30.072042940986577
40127,"Pushmataha, Oklahoma",30.05209968496434
17185,"Wabash, Illinois",30.03486749908793
26031,"Cheboygan, Michigan",30.02985632827973
29127,"Marion, Missouri",30.029017385720337
48255,"Karnes, Texas",30.010216238480435
29217,"Vernon, Missouri",30.002787520661666
51011,"Appomattox, Virginia",30.002067831716868
5055,"Greene, Arkansas",29.980210154277852
53047,"Okanogan, Washington",29.979072016646676
37175,"Transylvania, North Carolina",29.976153062724574
29173,"Ralls, Missouri",29.962797593634367
21007,"Ballard, Kentucky",29.949454437125734
48501,"Yoakum, Texas",29.94944334155734
34011,"Cumberland, New Jersey",29.92385830257307
40041,"Delaware, Oklahoma",29.90875886680957
17081,"Jefferson, Illinois",29.90587279842431
42021,"Cambria, Pennsylvania",29.90099527697636
22105,"Tangipahoa, Louisiana",29.89439637193923
54107,"Wood, West Virginia",29.872875208107285
17057,"Fulton, Illinois",29.852730769485575
26071,"Iron, Michigan",29.850334404188843
47157,"Shelby, Tennessee",29.844956492823393
13171,"Lamar, Georgia",29.84439807064449
17187,"Warren, Illinois",29.816353348601726
39053,"Gallia, Ohio",29.811585606394353
29119,"McDonald, Missouri",29.801618462012886
26035,"Clare, Michigan",29.80043022691823
39101,"Marion, Ohio",29.791932593353398
12119,"Sumter, Florida",29.790504213162322
20055,"Finney, Kansas",29.7212696851515
48075,"Childress, Texas",29.720145465830385
51071,"Giles, Virginia",29.71751430072052
40075,"Kiowa, Oklahoma",29.7050650484675
17159,"Richland, Illinois",29.698597400052694
53077,"Yakima, Washington",29.691560669971444
16067,"Minidoka, Idaho",29.685985547055
29033,"Carroll, Missouri",29.685537117656363
12003,"Baker, Florida",29.68081114576985
39119,"Muskingum, Ohio",29.67414508491157
26011,"Arenac, Michigan",29.660587352158917
27165,"Watonwan, Minnesota",29.64812245112852
22043,"Grant, Louisiana",29.617193480807096
42121,"Venango, Pennsylvania",29.611482765956794
29123,"Madison, Missouri",29.60995900487117
13127,"Glynn, Georgia",29.601513764119147
45007,"Anderson, South Carolina",29.594691100046933
18001,"Adams, Indiana",29.580836939635542
22079,"Rapides, Louisiana",29.567678878421166
13129,"Gordon, Georgia",29.542586731776677
6105,"Trinity, California",29.5370840156466
22037,"East Feliciana, Louisiana",29.533893700086285
13159,"Jasper, Georgia",29.531713793195003
17055,"Franklin, Illinois",29.52744615289391
45055,"Kershaw, South Carolina",29.521975384275763
41045,"Malheur, Oregon",29.512848999041978
19117,"Lucas, Iowa",29.505291417197103
30047,"Lake, Montana",29.50031076796058
36089,"St. Lawrence, New York",29.490571035143297
40005,"Atoka, Oklahoma",29.485753826213763
48369,"Parmer, Texas",29.48331859006118
48353,"Nolan, Texas",29.48058346780818
13185,"Lowndes, Georgia",29.474719612481227
21139,"Livingston, Kentucky",29.47230499291187
26039,"Crawford, Michigan",29.467257618654585
19179,"Wapello, Iowa",29.464376197537405
37169,"Stokes, North Carolina",29.431664322915164
39029,"Columbiana, Ohio",29.425620222579983
27029,"Clearwater, Minnesota",29.41798197643466
5009,"Boone, Arkansas",29.394585582980977
5015,"Carroll, Arkansas",29.392883561397248
12133,"Washington, Florida",29.33474106966833
17135,"Montgomery, Illinois",29.326346992249153
47081,"Hickman, Tennessee",29.298079467299903
28035,"Forrest, Mississippi",29.291438161462164
37057,"Davidson, North Carolina",29.28915939357246
48067,"Cass, Texas",29.289046725203605
12041,"Gilchrist, Florida",29.28609090284338
13149,"Heard, Georgia",29.269827583479323
12007,"Bradford, Florida",29.265489890556633
48399,"Runnels, Texas",29.23879288432355
21223,"Trimble, Kentucky",29.227481177324847
40063,"Hughes, Oklahoma",29.209964022395546
18155,"Switzerland, Indiana",29.204658273743505
51175,"Southampton, Virginia",29.19310714488079
16077,"Power, Idaho",29.187878725238303
29137,"Monroe, Missouri",29.15994702762542
27007,"Beltrami, Minnesota",29.15835247771106
42047,"Elk, Pennsylvania",29.14236830259614
17101,"Lawrence, Illinois",29.129968755979586
18135,"Randolph, Indiana",29.11967741526634
13079,"Crawford, Georgia",29.117606230073523
21205,"Rowan, Kentucky",29.114036205189777
29111,"Lewis, Missouri",29.111726544608874
18143,"Scott, Indiana",29.11088944208912
29205,"Shelby, Missouri",29.10850073369759
37073,"Gates, North Carolina",29.082988359255946
29125,"Maries, Missouri",29.077094175118525
17021,"Christian, Illinois",29.074311703946815
4001,"Apache, Arizona",29.06695839072234
5087,"Madison, Arkansas",29.0515889487734
45037,"Edgefield, South Carolina",29.048924296588147
40079,"Le Flore, Oklahoma",29.044747472810613
18093,"Lawrence, Indiana",29.04124311425369
16035,"Clearwater, Idaho",29.038550888501536
17145,"Perry, Illinois",29.016802291522946
4027,"Yuma, Arizona",29.016801782759337
16079,"Shoshone, Idaho",29.007969379602304
29079,"Grundy, Missouri",29.000499752216186
6049,"Modoc, California",28.982705871782848
35013,"DoÃÂ±a Ana, New Mexico",28.982083023178628
13281,"Towns, Georgia",28.969051408812824
48321,"Matagorda, Texas",28.96418842671381
48349,"Navarro, Texas",28.96022224815405
39081,"Jefferson, Ohio",28.92523944141608
51147,"Prince Edward, Virginia",28.854903454095492
39007,"Ashtabula, Ohio",28.847686589552403
26145,"Saginaw, Michigan",28.84465734392878
18153,"Sullivan, Indiana",28.829327476402174
29041,"Chariton, Missouri",28.826346508889355
37003,"Alexander, North Carolina",28.823931725154413
22113,"Vermilion, Louisiana",28.809426288123568
29023,"Butler, Missouri",28.80203138963949
8125,"Yuma, Colorado",28.801255011276304
1077,"Lauderdale, Alabama",28.791857295835154
4007,"Gila, Arizona",28.790417644768336
37139,"Pasquotank, North Carolina",28.78685007782662
37167,"Stanly, North Carolina",28.785775195085584
37105,"Lee, North Carolina",28.772568912297196
21221,"Trigg, Kentucky",28.7345603669725
6021,"Glenn, California",28.732693412291216
28045,"Hancock, Mississippi",28.724660562625054
48331,"Milam, Texas",28.704434305278276
18017,"Cass, Indiana",28.69781852186451
5059,"Hot Spring, Arkansas",28.68355353502482
39087,"Lawrence, Ohio",28.672183042812627
47107,"McMinn, Tennessee",28.669656663495747
37077,"Granville, North Carolina",28.65892395854554
49001,"Beaver, Utah",28.65588837455537
13119,"Franklin, Georgia",28.65196699181872
37087,"Haywood, North Carolina",28.619990596072526
29141,"Morgan, Missouri",28.616063441198875
22087,"St. Bernard, Louisiana",28.60794573863659
47051,"Franklin, Tennessee",28.607785051546227
27043,"Faribault, Minnesota",28.602619870895484
39131,"Pike, Ohio",28.578075302543265
30087,"Rosebud, Montana",28.577908795913228
40133,"Seminole, Oklahoma",28.569679946898002
1043,"Cullman, Alabama",28.558761726770182
42105,"Potter, Pennsylvania",28.557122776645055
26053,"Gogebic, Michigan",28.5483060825119
48383,"Reagan, Texas",28.528459265259798
39059,"Guernsey, Ohio",28.48303587655857
51163,"Rockbridge, Virginia",28.473078000548448
13115,"Floyd, Georgia",28.453767606237523
2198,"Prince of Wales-Hyder, Alaska",28.403486638972016
22057,"Lafourche, Louisiana",28.400816348349423
48001,"Anderson, Texas",28.396640995728905
19127,"Marshall, Iowa",28.394426255894366
51103,"Lancaster, Virginia",28.393020680421806
42051,"Fayette, Pennsylvania",28.391605224249144
29075,"Gentry, Missouri",28.360333993839387
26007,"Alpena, Michigan",28.329960989545018
54009,"Brooke, West Virginia",28.326339378934655
13225,"Peach, Georgia",28.317846904022026
29121,"Macon, Missouri",28.306537579898805
42057,"Fulton, Pennsylvania",28.285460635820712
21083,"Graves, Kentucky",28.279886323169023
48073,"Cherokee, Texas",28.26847475758669
42065,"Jefferson, Pennsylvania",28.253851430956235
27071,"Koochiching, Minnesota",28.25198025318324
40015,"Caddo, Oklahoma",28.250447742787916
29131,"Miller, Missouri",28.248428399685398
20011,"Bourbon, Kansas",28.223436180873286
31047,"Dawson, Nebraska",28.222363053920375
48083,"Coleman, Texas",28.18818611565792
19021,"Buena Vista, Iowa",28.18521925197209
1097,"Mobile, Alabama",28.173557795643088
17171,"Scott, Illinois",28.158898692044005
17051,"Fayette, Illinois",28.153622383588477
37115,"Madison, North Carolina",28.151376296226836
12121,"Suwannee, Florida",28.145124882680477
22073,"Ouachita, Louisiana",28.131534894320502
17061,"Greene, Illinois",28.124293331824436
31043,"Dakota, Nebraska",28.120748407645763
45073,"Oconee, South Carolina",28.118016509052136
13313,"Whitfield, Georgia",28.09808317565014
39145,"Scioto, Ohio",28.091310688891475
47177,"Warren, Tennessee",28.08739792631556
17193,"White, Illinois",28.085718985077
40095,"Marshall, Oklahoma",28.08511479648895
39111,"Monroe, Ohio",28.079934316227433
42067,"Juniata, Pennsylvania",28.063671247982025
22003,"Allen, Louisiana",28.05250114493067
29007,"Audrain, Missouri",28.029070015061663
17065,"Hamilton, Illinois",28.02554339572157
5141,"Van Buren, Arkansas",28.017832081447303
29151,"Osage, Missouri",28.000452423843992
5029,"Conway, Arkansas",28.000020410560854
47121,"Meigs, Tennessee",27.99880762052782
37151,"Randolph, North Carolina",27.997780718792818
1069,"Houston, Alabama",27.982573201853377
48277,"Lamar, Texas",27.947385148291243
1095,"Marshall, Alabama",27.896879049123697
47023,"Chester, Tennessee",27.896550024762167
24039,"Somerset, Maryland",27.89245054776064
21047,"Christian, Kentucky",27.88000756588432
18079,"Jennings, Indiana",27.869912118902946
29157,"Perry, Missouri",27.866317882523685
47161,"Stewart, Tennessee",27.860010573221945
37023,"Burke, North Carolina",27.797738966833563
37043,"Clay, North Carolina",27.794741370609664
42123,"Warren, Pennsylvania",27.78934637546751
42061,"Huntingdon, Pennsylvania",27.785271390986537
37191,"Wayne, North Carolina",27.765491746713057
1029,"Cleburne, Alabama",27.764718961384887
30023,"Deer Lodge, Montana",27.758321913222417
48307,"McCulloch, Texas",27.75152738021588
18041,"Fayette, Indiana",27.743779324755653
29201,"Scott, Missouri",27.730889840369795
1125,"Tuscaloosa, Alabama",27.728773662928468
26069,"Iosco, Michigan",27.715872220882048
21017,"Bourbon, Kentucky",27.708940289583605
35059,"Union, New Mexico",27.702435671390802
40115,"Ottawa, Oklahoma",27.700841992704735
51057,"Essex, Virginia",27.652145377241826
47139,"Polk, Tennessee",27.649404365980224
29093,"Iron, Missouri",27.610515406097193
20001,"Allen, Kansas",27.607401722886614
48479,"Webb, Texas",27.60337067712394
29163,"Pike, Missouri",27.593549475143632
21107,"Hopkins, Kentucky",27.58870817989345
47103,"Lincoln, Tennessee",27.58677304196611
50019,"Orleans, Vermont",27.578903055133246
40107,"Okfuskee, Oklahoma",27.562710949846913
18075,"Jay, Indiana",27.55563671537191
29017,"Bollinger, Missouri",27.553202107742486
35005,"Chaves, New Mexico",27.544744892386692
48371,"Pecos, Texas",27.537989882424696
35031,"McKinley, New Mexico",27.49078769789023
48465,"Val Verde, Texas",27.4854367165547
13241,"Rabun, Georgia",27.468018144856682
42087,"Mifflin, Pennsylvania",27.460208243653007
47169,"Trousdale, Tennessee",27.451659106923476
18053,"Grant, Indiana",27.44115935898143
22001,"Acadia, Louisiana",27.41431940148164
12125,"Union, Florida",27.374174976158045
30053,"Lincoln, Montana",27.369199414438413
23021,"Piscataquis, Maine",27.368729033322452
28105,"Oktibbeha, Mississippi",27.36790202598861
18175,"Washington, Indiana",27.348754038637324
29207,"Stoddard, Missouri",27.34506615587925
28059,"Jackson, Mississippi",27.330390619249183
21199,"Pulaski, Kentucky",27.31019142325437
17181,"Union, Illinois",27.29067914699586
1015,"Calhoun, Alabama",27.288154476469778
22017,"Caddo, Louisiana",27.27668079057624
48429,"Stephens, Texas",27.265502715052552
5019,"Clark, Arkansas",27.254189440890986
12023,"Columbia, Florida",27.220139981710183
47109,"McNairy, Tennessee",27.206975626640883
48153,"Floyd, Texas",27.18759891236931
5139,"Union, Arkansas",27.157467291566302
5063,"Independence, Arkansas",27.14593775480384
42009,"Bedford, Pennsylvania",27.112960863575104
48215,"Hidalgo, Texas",27.111022166115056
40139,"Texas, Oklahoma",27.097332511634658
40061,"Haskell, Oklahoma",27.090882397527672
1033,"Colbert, Alabama",27.089224119174716
54091,"Taylor, West Virginia",27.081951942745825
1055,"Etowah, Alabama",27.067505611836296
22007,"Assumption, Louisiana",27.06423054071383
19007,"Appanoose, Iowa",27.052438473644557
29105,"Laclede, Missouri",27.01546543240828
22099,"St. Martin, Louisiana",27.011425932220874
21141,"Logan, Kentucky",27.01007608950569
21009,"Barren, Kentucky",27.00417385938892
48481,"Wharton, Texas",26.999906146215714
28137,"Tate, Mississippi",26.992522713485982
18117,"Orange, Indiana",26.989349235377762
18027,"Daviess, Indiana",26.98321745379191
47113,"Madison, Tennessee",26.93855734221883
47003,"Bedford, Tennessee",26.932480413193844
24019,"Dorchester, Maryland",26.924704973349726
29091,"Howell, Missouri",26.912165866842138
28109,"Pearl River, Mississippi",26.897044662482745
39031,"Coshocton, Ohio",26.89497256268169
47053,"Gibson, Tennessee",26.87230046925456
17121,"Marion, Illinois",26.868095926545994
51185,"Tazewell, Virginia",26.856292308575014
1079,"Lawrence, Alabama",26.841084825770757
21177,"Muhlenberg, Kentucky",26.816391212904684
48445,"Terry, Texas",26.79944553012112
37143,"Perquimans, North Carolina",26.784743957119506
1113,"Russell, Alabama",26.752266871712322
13255,"Spalding, Georgia",26.74955910167573
54083,"Randolph, West Virginia",26.729133799201133
13245,"Richmond, Georgia",26.72570117195337
29055,"Crawford, Missouri",26.71831885201893
47073,"Hawkins, Tennessee",26.697053996163124
39001,"Adams, Ohio",26.68041240578572
5047,"Franklin, Arkansas",26.67523874195065
4009,"Graham, Arizona",26.645476304247097
48389,"Reeves, Texas",26.6413999780252
37197,"Yadkin, North Carolina",26.638405082638133
29229,"Wright, Missouri",26.616178551139086
5081,"Little River, Arkansas",26.607490935455758
53001,"Adams, Washington",26.596687576464735
12075,"Levy, Florida",26.59263856238893
13213,"Murray, Georgia",26.579861300516107
54051,"Marshall, West Virginia",26.56708632012065
47041,"DeKalb, Tennessee",26.564207157865184
21023,"Bracken, Kentucky",26.563281023123235
47063,"Hamblen, Tennessee",26.542977924111355
21173,"Montgomery, Kentucky",26.52259096186703
5149,"Yell, Arkansas",26.517679149193135
5027,"Columbia, Arkansas",26.514883027124554
6015,"Del Norte, California",26.504392101567575
48343,"Morris, Texas",26.45680323379552
5083,"Logan, Arkansas",26.414787769096883
5135,"Sharp, Arkansas",26.40883031516451
37027,"Caldwell, North Carolina",26.408283081611106
48025,"Bee, Texas",26.407437531956866
8089,"Otero, Colorado",26.405106155792645
17191,"Wayne, Illinois",26.37407181920563
41031,"Jefferson, Oregon",26.360436214195555
28131,"Stone, Mississippi",26.357159688952763
21149,"McLean, Kentucky",26.356198209448923
13173,"Lanier, Georgia",26.33949745801048
13229,"Pierce, Georgia",26.323104572261986
29215,"Texas, Missouri",26.318581410523123
29039,"Cedar, Missouri",26.289744788724583
17025,"Clay, Illinois",26.285439643789353
22095,"St. John the Baptist, Louisiana",26.276722294140637
12059,"Holmes, Florida",26.271589312578154
22061,"Lincoln, Louisiana",26.26619324133565
47077,"Henderson, Tennessee",26.265080501497355
17183,"Vermilion, Illinois",26.196996008725225
17165,"Saline, Illinois",26.150051126429798
21187,"Owen, Kentucky",26.128084075463047
27105,"Nobles, Minnesota",26.11241315232941
42033,"Clearfield, Pennsylvania",26.103446687204247
30041,"Hill, Montana",26.099821639537822
5075,"Lawrence, Arkansas",26.099754611133964
51197,"Wythe, Virginia",26.097409461076243
13023,"Bleckley, Georgia",26.088870856986528
48063,"Camp, Texas",26.06732487631796
36033,"Franklin, New York",26.065101468310893
39105,"Meigs, Ohio",26.046385480834893
22045,"Iberia, Louisiana",26.006151794538674
54029,"Hancock, West Virginia",25.978137964666047
13049,"Charlton, Georgia",25.977882783561856
4017,"Navajo, Arizona",25.95868559458007
48069,"Castro, Texas",25.95711545415287
54081,"Raleigh, West Virginia",25.935945165916863
13021,"Bibb, Georgia",25.920703257057948
21101,"Henderson, Kentucky",25.905287830993174
21097,"Harrison, Kentucky",25.89506304431783
51169,"Scott, Virginia",25.87906651719515
35007,"Colfax, New Mexico",25.866579373987648
47045,"Dyer, Tennessee",25.86500227174582
8021,"Conejos, Colorado",25.85589106445316
5071,"Johnson, Arkansas",25.854065216388257
35051,"Sierra, New Mexico",25.851795467353796
55113,"Sawyer, Wisconsin",25.845692940466204
29065,"Dent, Missouri",25.80139660374013
47035,"Cumberland, Tennessee",25.79684123596072
48437,"Swisher, Texas",25.79278689840421
13123,"Gilmer, Georgia",25.723337529799377
37127,"Nash, North Carolina",25.712894556265464
21031,"Butler, Kentucky",25.703488480393517
21027,"Breckinridge, Kentucky",25.68170554866948
1101,"Montgomery, Alabama",25.679157044020997
48177,"Gonzales, Texas",25.678971847908972
13257,"Stephens, Georgia",25.66126470306217
21219,"Todd, Kentucky",25.64179371520347
1067,"Henry, Alabama",25.627652469798623
12055,"Highlands, Florida",25.600056599791053
21161,"Mason, Kentucky",25.588666789279547
18101,"Martin, Indiana",25.58722335831564
40023,"Choctaw, Oklahoma",25.559341480778524
54073,"Pleasants, West Virginia",25.539945400088282
47017,"Carroll, Tennessee",25.534129781833737
37039,"Cherokee, North Carolina",25.517693256811253
23003,"Aroostook, Maine",25.508150978147214
22093,"St. James, Louisiana",25.46098523850716
51139,"Page, Virginia",25.458985687754975
28049,"Hinds, Mississippi",25.422357700560717
22047,"Iberville, Louisiana",25.393195685048536
47055,"Giles, Tennessee",25.355984400745402
21229,"Washington, Kentucky",25.348898481739173
21233,"Webster, Kentucky",25.326772719558587
48279,"Lamb, Texas",25.31063884554394
29081,"Harrison, Missouri",25.303957135088623
13267,"Tattnall, Georgia",25.30338629004693
48061,"Cameron, Texas",25.28514024675723
48225,"Houston, Texas",25.266834968290386
17169,"Schuyler, Illinois",25.266118479046373
28081,"Lee, Mississippi",25.261369656787092
51077,"Grayson, Virginia",25.255387701260585
12065,"Jefferson, Florida",25.244643953090023
6011,"Colusa, California",25.238503556975793
47143,"Rhea, Tennessee",25.23461154841995
29221,"Washington, Missouri",25.22789445841987
54093,"Tucker, West Virginia",25.225733283696783
55041,"Forest, Wisconsin",25.214081554590056
17045,"Edgar, Illinois",25.19484703016004
54077,"Preston, West Virginia",25.17497123390033
42083,"McKean, Pennsylvania",25.15130781737321
21033,"Caldwell, Kentucky",25.097545060736266
5049,"Fulton, Arkansas",25.080316270583676
5091,"Miller, Arkansas",25.079222640178884
12067,"Lafayette, Florida",25.07161580473805
48487,"Wilbarger, Texas",25.063654743802044
37137,"Pamlico, North Carolina",25.054465050997997
8099,"Prowers, Colorado",25.052359190645486
47071,"Hardin, Tennessee",25.045870188163576
12045,"Gulf, Florida",25.02505051218677
47159,"Smith, Tennessee",25.014072164125867
45071,"Newberry, South Carolina",25.0134398506177
54035,"Jackson, West Virginia",24.9627683016356
48293,"Limestone, Texas",24.926017441771677
20057,"Ford, Kansas",24.90945429263155
21055,"Crittenden, Kentucky",24.86981719715235
13043,"Candler, Georgia",24.859513706190345
48249,"Jim Wells, Texas",24.847544059412254
47079,"Henry, Tennessee",24.810622231405148
20175,"Seward, Kansas",24.804668954466315
28039,"George, Mississippi",24.78952606370797
22059,"La Salle, Louisiana",24.78295232623538
13233,"Polk, Georgia",24.766210184022018
37011,"Avery, North Carolina",24.7493173876823
35017,"Grant, New Mexico",24.74395420200017
48357,"Ochiltree, Texas",24.741635987370074
28057,"Itawamba, Mississippi",24.737554299698918
47087,"Jackson, Tennessee",24.723716079986964
1021,"Chilton, Alabama",24.714109948428558
48411,"San Saba, Texas",24.70712148259212
19047,"Crawford, Iowa",24.64289129070275
37045,"Cleveland, North Carolina",24.63048472312096
47059,"Greene, Tennessee",24.59998098118847
48387,"Red River, Texas",24.599964190224657
5065,"Izard, Arkansas",24.59026693430804
29045,"Clark, Missouri",24.58634341031066
13019,"Berrien, Georgia",24.57903329490411
37195,"Wilson, North Carolina",24.540669065896246
21137,"Lincoln, Kentucky",24.53665101982782
21061,"Edmonson, Kentucky",24.46378706192947
19161,"Sac, Iowa",24.4534392621484
13285,"Troup, Georgia",24.422057831957105
48189,"Hale, Texas",24.41407350096031
47033,"Crockett, Tennessee",24.410088164145627
47039,"Decatur, Tennessee",24.3897751035313
47131,"Obion, Tennessee",24.369234975273425
22031,"De Soto, Louisiana",24.295034490519214
26095,"Luce, Michigan",24.268404656096294
47129,"Morgan, Tennessee",24.247958123587292
18025,"Crawford, Indiana",24.222360382541638
51037,"Charlotte, Virginia",24.18547507798103
39115,"Morgan, Ohio",24.183148956158526
16009,"Benewah, Idaho",24.166744334715062
37171,"Surry, North Carolina",24.07787817476888
39079,"Jackson, Ohio",24.065288340487342
51195,"Wise, Virginia",24.06281544853924
48115,"Dawson, Texas",24.039116676220683
5113,"Polk, Arkansas",24.020078814317202
47019,"Carter, Tennessee",23.93371479049341
21217,"Taylor, Kentucky",23.927755131252024
13305,"Wayne, Georgia",23.920462053562787
12063,"Jackson, Florida",23.904470622636033
5097,"Montgomery, Arkansas",23.898174897054172
22111,"Union, Louisiana",23.81939666805753
21125,"Laurel, Kentucky",23.81795392497868
12049,"Hardee, Florida",23.79201959579344
35006,"Cibola, New Mexico",23.779583652690835
13181,"Lincoln, Georgia",23.76957345466139
21099,"Hart, Kentucky",23.746323499833863
45057,"Lancaster, South Carolina",23.704829394369124
29195,"Saline, Missouri",23.673197547024696
5043,"Drew, Arkansas",23.646129960193807
22097,"St. Landry, Louisiana",23.638554819158625
48419,"Shelby, Texas",23.597729559165444
1127,"Walker, Alabama",23.57900960085059
21011,"Bath, Kentucky",23.553114840388652
1061,"Geneva, Alabama",23.548101802502075
21085,"Grayson, Kentucky",23.528447208741824
47171,"Unicoi, Tennessee",23.517613774007994
54027,"Hampshire, West Virginia",23.46055194735841
28129,"Smith, Mississippi",23.43959451153131
21115,"Johnson, Kentucky",23.433500011935486
39163,"Vinton, Ohio",23.33116489036172
37033,"Caswell, North Carolina",23.330396932848245
47123,"Monroe, Tennessee",23.312904550885623
37161,"Rutherford, North Carolina",23.307499872260415
37013,"Beaufort, North Carolina",23.305947404702636
47185,"White, Tennessee",23.285578629078913
37193,"Wilkes, North Carolina",23.26326955449661
51141,"Patrick, Virginia",23.260603878906213
54057,"Mineral, West Virginia",23.247259353221413
47099,"Lawrence, Tennessee",23.24325643597501
45041,"Florence, South Carolina",23.2307510801974
21003,"Allen, Kentucky",23.230387180152213
21183,"Ohio, Kentucky",23.197844605838185
46023,"Charles Mix, South Dakota",23.11686100337729
22077,"Pointe Coupee, Louisiana",23.116291652025485
48017,"Bailey, Texas",23.08534383667701
51005,"Alleghany, Virginia",23.035105700842966
48117,"Deaf Smith, Texas",23.013527451044176
1027,"Clay, Alabama",23.006070650186086
47085,"Humphreys, Tennessee",22.966349380849707
51029,"Buckingham, Virginia",22.94407172785924
5137,"Stone, Arkansas",22.924394609571582
54053,"Mason, West Virginia",22.909610104489346
13131,"Grady, Georgia",22.9027022604193
13275,"Thomas, Georgia",22.888447639774334
48323,"Maverick, Texas",22.87724781939614
22123,"West Carroll, Louisiana",22.83991194122977
37145,"Person, North Carolina",22.836433976297275
37113,"Macon, North Carolina",22.816705132469593
5121,"Randolph, Arkansas",22.79925823917146
22101,"St. Mary, Louisiana",22.759726240209062
13235,"Pulaski, Georgia",22.756488350045494
1049,"DeKalb, Alabama",22.74892640989591
45085,"Sumter, South Carolina",22.738552486060797
21087,"Green, Kentucky",22.733529117270283
21235,"Whitley, Kentucky",22.652329137917437
54099,"Wayne, West Virginia",22.575203202249124
47135,"Perry, Tennessee",22.573591718980676
13197,"Marion, Georgia",22.555336374244543
22021,"Caldwell, Louisiana",22.521127309827957
28093,"Marshall, Mississippi",22.508681804963597
28115,"Pontotoc, Mississippi",22.48774004615579
47101,"Lewis, Tennessee",22.375526339642274
54019,"Fayette, West Virginia",22.364185353246093
21041,"Carroll, Kentucky",22.359980736321397
46109,"Roberts, South Dakota",22.345899756051907
5103,"Ouachita, Arkansas",22.326336222614277
5037,"Cross, Arkansas",22.283523734087353
13025,"Brantley, Georgia",22.27521568567473
12047,"Hamilton, Florida",22.268946112667685
48145,"Falls, Texas",22.240485877365256
1019,"Cherokee, Alabama",22.225351858304933
13277,"Tift, Georgia",22.223083407082324
37157,"Rockingham, North Carolina",22.137730494198966
54095,"Tyler, West Virginia",22.097679127598294
54025,"Greenbrier, West Virginia",22.073314134933025
54055,"Mercer, West Virginia",22.065339956735404
5117,"Prairie, Arkansas",22.040822687324578
42023,"Cameron, Pennsylvania",22.01207122222981
2070,"Dillingham, Alaska",22.009775975193183
51173,"Smyth, Virginia",22.009581674115335
28041,"Greene, Mississippi",22.009448816262868
5021,"Clay, Arkansas",21.983327502065652
4012,"La Paz, Arizona",21.923517260702045
28111,"Perry, Mississippi",21.905457836139387
37061,"Duplin, North Carolina",21.893300401904188
22009,"Avoyelles, Louisiana",21.892406992621353
5109,"Pike, Arkansas",21.880331645616742
40089,"McCurtain, Oklahoma",21.86154853441224
54097,"Upshur, West Virginia",21.816570351345685
37079,"Greene, North Carolina",21.809625467581537
51135,"Nottoway, Virginia",21.790585332573762
13147,"Hart, Georgia",21.781075652276236
21069,"Fleming, Kentucky",21.74080062751682
51035,"Carroll, Virginia",21.71973456773039
47083,"Houston, Tennessee",21.71375788033422
1041,"Crenshaw, Alabama",21.67529672675087
47173,"Union, Tennessee",21.663358186705427
13109,"Evans, Georgia",21.64765506761304
28067,"Jones, Mississippi",21.619143630118582
54085,"Ritchie, West Virginia",21.61762934625479
29149,"Oregon, Missouri",21.615419825081027
5111,"Poinsett, Arkansas",21.612626012944304
28127,"Simpson, Mississippi",21.60313377408173
28145,"Union, Mississippi",21.588549369788133
54041,"Lewis, West Virginia",21.56573014155043
37111,"McDowell, North Carolina",21.560745478213324
1039,"Covington, Alabama",21.53502088039391
12093,"Okeechobee, Florida",21.518740173829833
51143,"Pittsylvania, Virginia",21.518651823720685
47007,"Bledsoe, Tennessee",21.517795678631032
5129,"Searcy, Arkansas",21.505167727676675
54001,"Barbour, West Virginia",21.469959070016344
47005,"Benton, Tennessee",21.451081379436893
17017,"Cass, Illinois",21.447396778800833
47111,"Macon, Tennessee",21.44030891681627
1071,"Jackson, Alabama",21.40051455834262
28087,"Lowndes, Mississippi",21.341174446949225
21171,"Monroe, Kentucky",21.33896570837472
47057,"Grainger, Tennessee",21.333402653333458
47153,"Sequatchie, Tennessee",21.295443241962285
13251,"Screven, Georgia",21.28489191316768
4023,"Santa Cruz, Arizona",21.256536895229505
1093,"Marion, Alabama",21.25389206015526
1109,"Pike, Alabama",21.234338668800255
54087,"Roane, West Virginia",21.20931910096288
51167,"Russell, Virginia",21.191255215095982
5079,"Lincoln, Arkansas",21.15156366939883
29181,"Ripley, Missouri",21.124082178652134
47115,"Marion, Tennessee",21.091934593994676
31037,"Colfax, Nebraska",21.081568886104865
12107,"Putnam, Florida",21.05554054598301
1007,"Bibb, Alabama",21.027646773126612
54063,"Monroe, West Virginia",20.972622340720886
5061,"Howard, Arkansas",20.968093669543457
37163,"Sampson, North Carolina",20.951952345858054
21225,"Union, Kentucky",20.91753328250137
28077,"Lawrence, Mississippi",20.90178008349956
1129,"Washington, Alabama",20.899671769777527
47133,"Overton, Tennessee",20.834573413181133
48283,"La Salle, Texas",20.83074845837895
48449,"Titus, Texas",20.801900812489574
1057,"Fayette, Alabama",20.78748060573363
13237,"Putnam, Georgia",20.770938085891345
48163,"Frio, Texas",20.71008013017357
23029,"Washington, Maine",20.699890518073477
5003,"Ashley, Arkansas",20.675828582669407
26013,"Baraga, Michigan",20.665735053824395
22083,"Richland, Louisiana",20.524855731399125
22117,"Washington, Louisiana",20.473368420444025
48463,"Uvalde, Texas",20.448508254784464
5133,"Sevier, Arkansas",20.43827079978259
35047,"San Miguel, New Mexico",20.42445619801367
21155,"Marion, Kentucky",20.422802241115637
51117,"Mecklenburg, Virginia",20.42262251224612
13075,"Cook, Georgia",20.359254810173198
45001,"Abbeville, South Carolina",20.336167866464898
35037,"Quay, New Mexico",20.322612564172417
13279,"Toombs, Georgia",20.311358836179956
29143,"New Madrid, Missouri",20.255500362345124
35039,"Rio Arriba, New Mexico",20.252641063215798
54089,"Summers, West Virginia",20.244660840710438
45047,"Greenwood, South Carolina",20.232026491059703
37107,"Lenoir, North Carolina",20.195545707781527
54031,"Hardy, West Virginia",20.140949076423066
12051,"Hendry, Florida",20.130071040047255
22127,"Winn, Louisiana",20.062317905565145
12077,"Liberty, Florida",20.060349035910818
29069,"Dunklin, Missouri",20.054131757898986
21193,"Perry, Kentucky",20.049407556046443
13319,"Wilkinson, Georgia",19.98005824195018
5035,"Crittenden, Arkansas",19.935446548580334
13299,"Ware, Georgia",19.926401151815064
47181,"Wayne, Tennessee",19.913803155610534
28031,"Covington, Mississippi",19.910534070509243
29223,"Wayne, Missouri",19.908003759690622
45053,"Jasper, South Carolina",19.90207392576536
37121,"Mitchell, North Carolina",19.863854237524922
45059,"Laurens, South Carolina",19.852554831412675
22119,"Webster, Louisiana",19.83168297610744
22069,"Natchitoches, Louisiana",19.817435427294992
47013,"Campbell, Tennessee",19.816490139462875
12013,"Calhoun, Florida",19.816045024660497
13027,"Brooks, Georgia",19.805579736841853
13199,"Meriwether, Georgia",19.80032565560225
28095,"Monroe, Mississippi",19.759180218188817
13001,"Appling, Georgia",19.735022210754796
13155,"Irwin, Georgia",19.72110914060617
51111,"Lunenburg, Virginia",19.717622877332783
13009,"Baldwin, Georgia",19.715576481811812
45043,"Georgetown, South Carolina",19.683839636709134
28003,"Alcorn, Mississippi",19.583161541014427
5069,"Jefferson, Arkansas",19.56311496512957
45017,"Calhoun, South Carolina",19.544553014149734
26153,"Schoolcraft, Michigan",19.533587294321556
5099,"Nevada, Arkansas",19.440321714824908
22025,"Catahoula, Louisiana",19.36986666129031
21203,"Rockcastle, Kentucky",19.361882825188793
21195,"Pike, Kentucky",19.32974308215945
28141,"Tishomingo, Mississippi",19.305853438219078
1111,"Randolph, Alabama",19.302750575510526
37009,"Ashe, North Carolina",19.288381737247544
51083,"Halifax, Virginia",19.278999103123677
21127,"Lawrence, Kentucky",19.250719977476994
28023,"Clarke, Mississippi",19.216249048361295
5011,"Bradley, Arkansas",19.208129867230692
54067,"Nicholas, West Virginia",19.195555863452125
21197,"Powell, Kentucky",19.192405989287217
21043,"Carter, Kentucky",19.125394600050797
45031,"Darlington, South Carolina",19.120042011567424
21001,"Adair, Kentucky",19.11113001006328
51001,"Accomack, Virginia",19.098063424355924
1059,"Franklin, Alabama",19.073288414492144
13095,"Dougherty, Georgia",19.0610482087675
54005,"Boone, West Virginia",19.000299181797843
47025,"Claiborne, Tennessee",18.99524389283828
28085,"Lincoln, Mississippi",18.96099732075879
51105,"Lee, Virginia",18.888531160860893
28075,"Lauderdale, Mississippi",18.875456934523037
1133,"Winston, Alabama",18.836811225339204
51089,"Henry, Virginia",18.826894433498616
1121,"Talladega, Alabama",18.801896785220016
13091,"Dodge, Georgia",18.798356183521943
22085,"Sabine, Louisiana",18.76463436919813
40001,"Adair, Oklahoma",18.71096389506106
27087,"Mahnomen, Minnesota",18.67777034702865
28117,"Prentiss, Mississippi",18.642618389557118
54103,"Wetzel, West Virginia",18.625206422120318
28139,"Tippah, Mississippi",18.568924959922786
13321,"Worth, Georgia",18.55695312166257
12027,"DeSoto, Florida",18.55680776624715
47029,"Cocke, Tennessee",18.55168501385075
5001,"Arkansas, Arkansas",18.53694521115207
37199,"Yancey, North Carolina",18.53666911697079
21071,"Floyd, Kentucky",18.472859351515137
54007,"Braxton, West Virginia",18.45290714867545
13069,"Coffee, Georgia",18.316001851526387
28037,"Franklin, Mississippi",18.28702169166196
37117,"Martin, North Carolina",18.261396837457188
35053,"Socorro, New Mexico",18.240793133284473
28149,"Warren, Mississippi",18.17331352281212
37047,"Columbus, North Carolina",18.14758947207173
21135,"Lewis, Kentucky",18.13888482307657
37065,"Edgecombe, North Carolina",18.08884578765695
45027,"Clarendon, South Carolina",18.064641973431943
5067,"Jackson, Arkansas",18.017685209119264
21045,"Casey, Kentucky",17.959297193457058
47097,"Lauderdale, Tennessee",17.913678463018538
13055,"Chattooga, Georgia",17.797689891853327
45021,"Cherokee, South Carolina",17.795130938493216
21169,"Metcalfe, Kentucky",17.775166680217946
54059,"Mingo, West Virginia",17.752151547297135
2188,"Northwest Arctic, Alaska",17.735320911389024
2050,"Bethel, Alaska",17.728604774361028
28091,"Marion, Mississippi",17.72832997517476
48489,"Willacy, Texas",17.70450653039296
13175,"Laurens, Georgia",17.604525024896137
22049,"Jackson, Louisiana",17.5930502948498
51131,"Northampton, Virginia",17.53289484967568
48127,"Dimmit, Texas",17.38703749624318
5127,"Scott, Arkansas",17.384135625321186
12029,"Dixie, Florida",17.3534553962668
1075,"Lamar, Alabama",17.328415963696067
22039,"Evangeline, Louisiana",17.25672634110364
13293,"Upson, Georgia",17.24041477340822
37123,"Montgomery, North Carolina",17.23685662622229
13107,"Emanuel, Georgia",17.18551695379876
45011,"Barnwell, South Carolina",17.179645412191643
13005,"Bacon, Georgia",17.171561687468095
13033,"Burke, Georgia",17.166929694623317
35029,"Luna, New Mexico",17.125999319769335
28015,"Carroll, Mississippi",17.078554046972314
28061,"Jasper, Mississippi",17.07598553206975
21175,"Morgan, Kentucky",17.047742640267842
51051,"Dickenson, Virginia",17.03349736621191
37153,"Richmond, North Carolina",17.02024109931966
37173,"Swain, North Carolina",16.92759272653401
28123,"Scott, Mississippi",16.904893076571817
54023,"Grant, West Virginia",16.897424096381002
45025,"Chesterfield, South Carolina",16.860785646224
51025,"Brunswick, Virginia",16.834947419260423
21133,"Letcher, Kentucky",16.783379107830033
13269,"Taylor, Georgia",16.76444777697728
28153,"Wayne, Mississippi",16.721164066458215
30085,"Roosevelt, Montana",16.70866473131932
45081,"Saluda, South Carolina",16.67591504363474
1123,"Tallapoosa, Alabama",16.662618297962105
28097,"Montgomery, Mississippi",16.653642748875193
31173,"Thurston, Nebraska",16.566691231636216
1091,"Marengo, Alabama",16.534875901483183
28101,"Newton, Mississippi",16.518855876756174
21065,"Estill, Kentucky",16.475545458257393
21121,"Knox, Kentucky",16.456564269865375
54045,"Logan, West Virginia",16.44137136466278
48427,"Starr, Texas",16.42180609295138
5057,"Hempstead, Arkansas",16.355635134092783
46041,"Dewey, South Dakota",16.315963619925515
30003,"Big Horn, Montana",16.311247417346962
13283,"Treutlen, Georgia",16.252064995636204
21207,"Russell, Kentucky",16.248435284943895
54015,"Clay, West Virginia",16.1826276425408
37017,"Bladen, North Carolina",16.17490909181607
13287,"Turner, Georgia",16.146407024491126
22013,"Bienville, Louisiana",16.138603189033688
13003,"Atkinson, Georgia",16.130361549933884
54043,"Lincoln, West Virginia",16.125820761189345
13071,"Colquitt, Georgia",16.068512692417656
28043,"Grenada, Mississippi",16.003061538695366
37165,"Scotland, North Carolina",15.983126966490977
29155,"Pemiscot, Missouri",15.896679970712746
1017,"Chambers, Alabama",15.884510348429536
37041,"Chowan, North Carolina",15.850775621454218
45023,"Chester, South Carolina",15.816340748589596
13317,"Wilkes, Georgia",15.80018022977992
37005,"Alleghany, North Carolina",15.794258493903074
28017,"Chickasaw, Mississippi",15.788864741673503
37155,"Robeson, North Carolina",15.734290925125189
45029,"Colleton, South Carolina",15.710751437345213
13065,"Clinch, Georgia",15.615543993543843
37185,"Warren, North Carolina",15.504695600901483
37181,"Vance, North Carolina",15.379390239577809
51027,"Buchanan, Virginia",15.165997631835602
13161,"Jeff Davis, Georgia",15.137560562654203
1065,"Hale, Alabama",15.120653258601743
47091,"Johnson, Tennessee",15.085818788793048
22041,"Franklin, Louisiana",15.061739589190504
21119,"Knott, Kentucky",14.91957098309731
13253,"Seminole, Georgia",14.902131649415878
22081,"Red River, Louisiana",14.801128644157515
5093,"Mississippi, Arkansas",14.75143280105339
45009,"Bamberg, South Carolina",14.738027730878645
45075,"Orangeburg, South Carolina",14.487216001967113
13105,"Elbert, Georgia",14.486024723730534
30035,"Glacier, Montana",14.416972626936214
13189,"McDuffie, Georgia",14.395675161068677
13087,"Decatur, Georgia",14.390478217134445
29133,"Mississippi, Missouri",14.288143363567695
1087,"Macon, Alabama",14.254749803299552
1025,"Clarke, Alabama",14.252985420003395
1023,"Choctaw, Alabama",14.209679730445682
45039,"Fairfield, South Carolina",14.111327212571576
28029,"Copiah, Mississippi",13.989893197527056
47069,"Hardeman, Tennessee",13.97252116115121
21159,"Martin, Kentucky",13.964588199348105
47061,"Grundy, Tennessee",13.955225624200123
54109,"Wyoming, West Virginia",13.896309422559941
1107,"Pickens, Alabama",13.869064115023575
30005,"Blaine, Montana",13.779498022817785
47049,"Fentress, Tennessee",13.748895413703202
46102,"Shannon, South Dakota",13.70846661118574
28113,"Pike, Mississippi",13.632036372854959
1053,"Escambia, Alabama",13.607546353567487
48047,"Brooks, Texas",13.575897851997388
22027,"Claiborne, Louisiana",13.536940743107747
28079,"Leake, Mississippi",13.524119039349463
5041,"Desha, Arkansas",13.509860851164527
22067,"Morehouse, Louisiana",13.462881742882441
13261,"Sumter, Georgia",13.453416770466026
28007,"Attala, Mississippi",13.432295908838595
51081,"Greensville, Virginia",13.31599115273635
12039,"Gadsden, Florida",13.288369225096607
22029,"Concordia, Louisiana",13.243650003358917
37083,"Halifax, North Carolina",13.187285988965112
48131,"Duval, Texas",13.174077081158552
21153,"Magoffin, Kentucky",12.951396068083925
13271,"Telfair, Georgia",12.884698588302356
21013,"Bell, Kentucky",12.79733310633418
12079,"Madison, Florida",12.626186447642358
13205,"Mitchell, Georgia",12.623694095637935
21231,"Wayne, Kentucky",12.473841425310548
12123,"Taylor, Florida",12.438060520255387
37007,"Anson, North Carolina",12.407296667948819
47151,"Scott, Tennessee",12.366238264962801
28107,"Panola, Mississippi",12.09140849507162
47075,"Haywood, Tennessee",12.066805246440357
45061,"Lee, South Carolina",11.912484443774108
13133,"Greene, Georgia",11.88368400173332
37015,"Bertie, North Carolina",11.803124297278373
28159,"Winston, Mississippi",11.644681737859376
13081,"Crisp, Georgia",11.642929098757577
28025,"Clay, Mississippi",11.622284104723189
37091,"Hertford, North Carolina",11.600340696889903
45033,"Dillon, South Carolina",11.464435333019594
1013,"Butler, Alabama",11.393114391974736
45067,"Marion, South Carolina",11.379097329362237
2180,"Nome, Alaska",11.371803114805825
1047,"Dallas, Alabama",11.25301371177507
1005,"Barbour, Alabama",11.214601161589465
54047,"McDowell, West Virginia",11.054860813443131
45087,"Union, South Carolina",11.028384010356442
38079,"Rolette, North Dakota",11.003251485139486
13017,"Ben Hill, Georgia",10.756729618798829
28013,"Calhoun, Mississippi",10.68177574319577
5123,"St. Francis, Arkansas",10.634139500949292
48247,"Jim Hogg, Texas",10.627091624775515
1099,"Monroe, Alabama",10.602387613133638
1085,"Lowndes, Alabama",10.386299452530578
21051,"Clay, Kentucky",10.275635592729309
28011,"Bolivar, Mississippi",10.261415006774477
45089,"Williamsburg, South Carolina",10.25329196592792
45069,"Marlboro, South Carolina",9.923753986352645
37075,"Graham, North Carolina",9.570387835617764
28099,"Neshoba, Mississippi",9.470186078380879
13163,"Jefferson, Georgia",8.984555449578737
45049,"Hampton, South Carolina",8.761284001152932
37187,"Washington, North Carolina",8.697493186802381
28151,"Washington, Mississippi",8.658427008635536
21095,"Harlan, Kentucky",8.235198101339627
21025,"Breathitt, Kentucky",8.02097677571904
13303,"Washington, Georgia",8.020588601194488
21147,"McCreary, Kentucky",7.889816763175234
28001,"Adams, Mississippi",6.758267722229766
13099,"Early, Georgia",6.638950817455511
21131,"Leslie, Kentucky",6.605263673335522
28083,"Leflore, Mississippi",6.588488192874642
5107,"Phillips, Arkansas",6.550480684235192
28027,"Coahoma, Mississippi",5.614735806596308
28135,"Tallahatchie, Mississippi",5.519194890048442
28163,"Yazoo, Mississippi",4.593361573617095
13273,"Terrell, Georgia",4.524856664913031
28133,"Sunflower, Mississippi",3.9458352331042974
48505,"Zapata, Texas",3.5158399906319215
28051,"Holmes, Mississippi",3.1733237663409133
1131,"Wilcox, Alabama",0.0
