FIPS,County,ec_county,child_ec_county,support_ratio_county,volunteering_rate_county,civic_organizations_county,clustering_county
1001,"Autauga, Alabama",0.72077,1.11754,0.98275,0.04355,0.01518,0.10347
1003,"Baldwin, Alabama",0.74313003,0.83064002,0.98684001,0.061170001,0.01526,0.096239999
1005,"Barbour, Alabama",0.41365999,0.58541,0.99910998,0.02093,0.01474,0.14911
1007,"Bibb, Alabama",0.63151997,0.72264999,0.99716002,0.05294,0.01439,0.14252
1009,"Blount, Alabama",0.72561997,0.76095998,0.99068999,0.057039998,0.017240001,0.11243
1011,"Bullock, Alabama",0.35515001,,1.0,0.017130001,0.0097500002,0.18581
1013,"Butler, Alabama",0.46026,0.63507003,1.0,0.038070001,0.01286,0.16094001
1015,"Calhoun, Alabama",0.60189003,0.80397999,0.99700999,0.053130001,0.01739,0.11236
1017,"Chambers, Alabama",0.49761,0.62215,0.99759001,0.025660001,0.01098,0.13574
1019,"Cherokee, Alabama",0.60461003,0.61975002,0.99697,0.046659999,0.017960001,0.12273
1021,"Chilton, Alabama",0.63505,0.69858998,0.99571002,0.043400001,0.01515,0.11835
1023,"Choctaw, Alabama",0.67873001,0.54825997,0.99840999,0.029410001,0.01217,0.16136999
1025,"Clarke, Alabama",0.56535,0.68379003,0.99831003,0.029850001,0.01082,0.16028
1027,"Clay, Alabama",0.57560998,0.86899,0.99790001,0.037909999,0.01335,0.13297001
1029,"Cleburne, Alabama",0.69016999,0.69476002,0.99343997,0.05923,0.0188,0.11669
1031,"Coffee, Alabama",0.68441999,0.99527001,0.98683,0.053630002,0.01115,0.097510003
1033,"Colbert, Alabama",0.64434999,0.77718002,0.99436003,0.054359999,0.01223,0.11592
1035,"Conecuh, Alabama",0.44521999,,0.99812001,0.021400001,0.01334,0.15876
1037,"Coosa, Alabama",0.48805001,,0.98088002,0.030440001,0.0142,0.13034999
1039,"Covington, Alabama",0.60332,0.70292002,0.99905998,0.032450002,0.01542,0.12664001
1041,"Crenshaw, Alabama",0.60762,0.73427999,0.99773002,0.0372,0.01466,0.13204999
1043,"Cullman, Alabama",0.65998,0.77515,0.99382001,0.03751,0.0122,0.10496
1045,"Dale, Alabama",0.63924998,0.75909001,0.98250002,0.05418,0.01732,0.099959999
1047,"Dallas, Alabama",0.45451,0.56362998,0.99936998,0.06154,0.01578,0.16320001
1049,"DeKalb, Alabama",0.59283,0.59898001,0.99579,0.03723,0.01482,0.11258
1051,"Elmore, Alabama",0.69626999,0.92319,0.98908001,0.048909999,0.01296,0.10608
1053,"Escambia, Alabama",0.46434,0.59649998,1.0,0.029829999,0.01554,0.14405
1055,"Etowah, Alabama",0.59388,0.70437002,0.99601001,0.10062,0.01497,0.11482
1057,"Fayette, Alabama",0.68558002,0.61176997,0.99755001,0.04036,0.01137,0.13292
1059,"Franklin, Alabama",0.57484001,0.57801002,0.99583,0.03076,0.01146,0.12577
1061,"Geneva, Alabama",0.58556002,0.63264,0.99361002,0.040070001,0.01518,0.11434
1063,"Greene, Alabama",0.458,,0.99800003,0.023879999,0.01494,0.17622
1065,"Hale, Alabama",0.58731002,0.56084001,0.99646002,0.03379,0.01227,0.1498
1067,"Henry, Alabama",0.60405999,0.69160002,0.99054003,0.031909999,0.019339999,0.11537
1069,"Houston, Alabama",0.57523,0.81533003,0.99401999,0.036819998,0.01367,0.10276
1071,"Jackson, Alabama",0.57870001,0.64797002,0.99743998,0.039099999,0.01501,0.1224
1073,"Jefferson, Alabama",0.59913999,0.74403,0.99241,0.061239999,0.01602,0.095320001
1075,"Lamar, Alabama",0.71999002,0.46472001,1.0,0.033149999,0.01517,0.14041001
1077,"Lauderdale, Alabama",0.69683999,0.80091,0.99726999,0.05923,0.019130001,0.11744
1079,"Lawrence, Alabama",0.63709003,0.77948999,0.99711001,0.075659998,0.01598,0.12177
1081,"Lee, Alabama",0.72622001,0.89086002,0.99093997,0.054719999,0.01548,0.11028
1083,"Limestone, Alabama",0.70283997,0.83678001,0.98565,0.049339999,0.01228,0.1044
1085,"Lowndes, Alabama",0.41341001,0.45875999,0.99537998,0.02665,0.02108,0.15244
1087,"Macon, Alabama",0.45666999,0.4395,0.99694997,0.022539999,0.027079999,0.13407999
1089,"Madison, Alabama",0.74789,1.10624,0.98901999,0.067910001,0.01661,0.098099999
1091,"Marengo, Alabama",0.57516998,0.68480998,0.99905002,0.049279999,0.01546,0.15583999
1093,"Marion, Alabama",0.64333999,0.68886,0.99787003,0.02806,0.01225,0.12976
1095,"Marshall, Alabama",0.56095999,0.85096997,0.99274999,0.033980001,0.01194,0.10477
1097,"Mobile, Alabama",0.56962001,0.77516001,0.99576998,0.045000002,0.01322,0.096320003
1099,"Monroe, Alabama",0.47554001,0.60307002,0.99856001,0.034680001,0.01195,0.16456001
1101,"Montgomery, Alabama",0.49068999,0.79247999,0.99729002,0.029139999,0.018510001,0.10102
1103,"Morgan, Alabama",0.61510003,0.90508002,0.9939,0.045650002,0.01534,0.10716
1105,"Perry, Alabama",,,0.99896497,0.031367633,0.019242616,0.19801068
1107,"Pickens, Alabama",0.62550998,0.55018002,0.99844998,0.042319998,0.0128,0.16098
1109,"Pike, Alabama",0.59630001,0.65039998,0.99858999,0.036729999,0.019819999,0.12736
1111,"Randolph, Alabama",0.55489999,0.69924003,0.99857998,0.030950001,0.01612,0.13440999
1113,"Russell, Alabama",0.56879997,0.58965999,0.98253,0.047249999,0.0073899999,0.099420004
1115,"St. Clair, Alabama",0.78175998,0.77757001,0.98808002,0.058680002,0.01571,0.10566
1117,"Shelby, Alabama",0.82049,1.08032,0.97235,0.059209999,0.015699999,0.098700002
1119,"Sumter, Alabama",0.54794002,,0.99831003,0.042410001,0.021369999,0.15988
1121,"Talladega, Alabama",0.52474999,0.67399001,0.99888998,0.034320001,0.01546,0.13107
1123,"Tallapoosa, Alabama",0.51406997,0.68627,0.99917001,0.02613,0.024110001,0.14791
1125,"Tuscaloosa, Alabama",0.64775002,0.82072002,0.99621999,0.0451,0.01334,0.11285
1127,"Walker, Alabama",0.64082003,0.62895,0.99795002,0.045030002,0.01458,0.11568
1129,"Washington, Alabama",0.70414001,0.79619998,0.99853998,0.031819999,0.01032,0.14909001
1131,"Wilcox, Alabama",0.42162001,0.34766001,0.99989003,0.01901,0.01398,0.19053
1133,"Winston, Alabama",0.59921002,0.5668,0.99743998,0.03503,0.01305,0.12928
2013,"Aleutians East, Alaska",0.91415,,0.99333,0.039310001,0.0080500003,0.17668
2016,"Aleutians West, Alaska",0.83311999,,0.98166001,0.059119999,0.01085,0.13175
2020,"Anchorage, Alaska",1.02472,1.34806,0.97893,0.1071,0.017619999,0.092150003
2050,"Bethel, Alaska",0.76327002,1.02683,1.0,0.11584,0.01144,0.22093999
2060,"Bristol Bay, Alaska",,,0.99449265,0.042672243,0.12029663,0.13310137
2068,"Denali, Alaska",1.16948,,0.98901999,0.14221001,0.02723,0.086390004
2070,"Dillingham, Alaska",0.90030998,0.81506997,1.0,0.16418999,0.02486,0.21399
2090,"Fairbanks North Star, Alaska",1.09859,1.3839999,0.97803998,0.12425,0.017440001,0.09251
2100,"Haines, Alaska",1.1621799,,1.0,0.10074,0.068839997,0.12548999
2105,"Hoonah-Angoon, Alaska",1.04737,,0.99783999,0.13991,0.05531,0.1559
2110,"Juneau, Alaska",1.1094,1.30547,0.99326998,0.11854,0.025119999,0.10861
2122,"Kenai Peninsula, Alaska",1.03391,1.2195899,0.99194002,0.16959,0.030470001,0.10711
2130,"Ketchikan Gateway, Alaska",0.98493999,1.23446,0.99817002,0.11885,0.03097,0.13572
2150,"Kodiak Island, Alaska",1.06233,1.14385,0.99536002,0.15803,0.023770001,0.12197
2158,"Wade Hampton, Alaska",0.64175999,,1.0,0.09008,0.0082,0.26097
2164,"Lake and Peninsula, Alaska",,,0.99520481,0.086068638,0.028940175,0.15680957
2170,"Matanuska-Susitna, Alaska",1.09532,1.2169501,0.97605997,0.15514,0.020780001,0.091619998
2180,"Nome, Alaska",0.83958,0.74658,0.9989,0.076159999,0.018270001,0.23547
2185,"North Slope, Alaska",1.08719,1.23939,0.99747002,0.2256,0.01016,0.19751
2188,"Northwest Arctic, Alaska",0.83544999,0.95924997,1.0,0.12913001,0.01402,0.22847
2195,"Petersburg, Alaska",1.04632,,0.99869001,0.14663,0.039140001,0.15200999
2198,"Prince of Wales-Hyder, Alaska",0.86852002,1.04765,1.0,0.11994,0.03107,0.18854
2220,"Sitka, Alaska",1.1381,1.20061,0.99596,0.13887,0.035069998,0.11636
2230,"Skagway, Alaska",1.1267101,,0.99884999,0.090599999,0.036789998,0.11203
2240,"Southeast Fairbanks, Alaska",0.99532002,1.13311,0.99175,0.1129,0.037179999,0.12862
2261,"Valdez-Cordova, Alaska",1.0594701,1.29258,0.99518001,0.11341,0.032910001,0.12568
2275,"Wrangell, Alaska",1.06294,,0.99879998,0.11285,0.040259998,0.16279
2290,"Yukon-Koyukuk, Alaska",0.79198003,,0.99452001,0.16680001,0.022089999,0.20638999
4001,"Apache, Arizona",0.48368001,0.49801999,0.97656,0.060210001,0.018680001,0.085869998
4003,"Cochise, Arizona",0.79714,0.75994003,0.98288,0.083509997,0.022360001,0.093999997
4005,"Coconino, Arizona",0.75237,0.78612,0.97488999,0.10576,0.02241,0.088289998
4007,"Gila, Arizona",0.61997002,0.75176001,0.99426001,0.080339998,0.02561,0.11768
4009,"Graham, Arizona",0.68656999,0.76119,0.99585003,0.063620001,0.0099299997,0.12089
4011,"Greenlee, Arizona",0.81149,0.94648999,0.99454999,0.05745,0.01355,0.11659
4012,"La Paz, Arizona",0.61006999,0.49496001,0.99476999,0.0603,0.02823,0.12695999
4013,"Maricopa, Arizona",0.74400002,0.92000002,0.95842999,0.04837,0.0096699996,0.078369997
4015,"Mohave, Arizona",0.77204001,0.63424999,0.98514998,0.071999997,0.01219,0.095729999
4017,"Navajo, Arizona",0.57981002,0.61697,0.98989999,0.066600002,0.01581,0.11027
4019,"Pima, Arizona",0.71572,0.77517998,0.97719997,0.053169999,0.01337,0.080949999
4021,"Pinal, Arizona",0.77478999,0.70965999,0.95612001,0.053769998,0.0088400003,0.085150003
4023,"Santa Cruz, Arizona",0.52688998,0.61212999,0.99507999,0.02172,0.020509999,0.11585
4025,"Yavapai, Arizona",0.84227997,0.7554,0.98193002,0.068680003,0.02716,0.089060001
4027,"Yuma, Arizona",0.66210002,0.60227001,0.98925,0.0363,0.0094400002,0.088310003
5001,"Arkansas, Arkansas",0.61054999,0.66711003,0.99893999,0.06696,0.0136,0.14993
5003,"Ashley, Arkansas",0.68015999,0.67588001,0.99778998,0.060989998,0.01436,0.14714
5005,"Baxter, Arkansas",0.78823,0.57344002,0.99365002,0.079580002,0.01836,0.10587
5007,"Benton, Arkansas",0.84904999,0.77778,0.97933,0.080600001,0.01637,0.090640001
5009,"Boone, Arkansas",0.76545,0.57844001,0.99632001,0.090460002,0.021369999,0.11089
5011,"Bradley, Arkansas",0.60974002,0.71063,0.99726999,0.036120001,0.0098599996,0.14124
5013,"Calhoun, Arkansas",0.69174999,,0.99831998,0.069770001,0.01246,0.14181
5015,"Carroll, Arkansas",0.71524,0.50901002,0.99168003,0.087109998,0.02517,0.10578
5017,"Chicot, Arkansas",0.56199002,,0.99822003,0.024420001,0.01534,0.16948999
5019,"Clark, Arkansas",0.71052998,0.74087,0.99629998,0.061590001,0.020300001,0.12499
5021,"Clay, Arkansas",0.74431998,0.49261001,0.99528003,0.075110003,0.01129,0.13318001
5023,"Cleburne, Arkansas",0.77938998,0.67954999,0.99171001,0.094719999,0.02029,0.10399
5025,"Cleveland, Arkansas",0.75866997,,0.99579,0.048020002,0.0098599996,0.12567
5027,"Columbia, Arkansas",0.64563,0.68333,0.99865001,0.17177001,0.022089999,0.14371
5029,"Conway, Arkansas",0.70840001,0.61382002,0.99294001,0.070610002,0.019330001,0.11337
5031,"Craighead, Arkansas",0.72960001,0.79284,0.99348998,0.064730003,0.01572,0.10714
5033,"Crawford, Arkansas",0.76648998,0.65438002,0.98910999,0.080320001,0.01754,0.10028
5035,"Crittenden, Arkansas",0.56164002,0.59034002,0.99615002,0.056499999,0.0093900003,0.12523
5037,"Cross, Arkansas",0.68954998,0.62629002,0.99791998,0.066349998,0.01478,0.13518
5039,"Dallas, Arkansas",0.57362998,,0.99596,0.034910001,0.01119,0.14267001
5041,"Desha, Arkansas",0.56584001,0.55400002,0.99941999,0.02887,0.01767,0.15496001
5043,"Drew, Arkansas",0.71228999,0.67329001,0.99883002,0.049229998,0.017890001,0.13121
5045,"Faulkner, Arkansas",0.83756,0.83561999,0.98666,0.084569998,0.016070001,0.099569999
5047,"Franklin, Arkansas",0.75325,0.56203997,0.99669999,0.10194,0.01849,0.12435
5049,"Fulton, Arkansas",0.73201001,0.52302998,0.99378997,0.078599997,0.016829999,0.1235
5051,"Garland, Arkansas",0.70425999,0.75690001,0.99392003,0.083760001,0.02125,0.10116
5053,"Grant, Arkansas",0.82261002,0.80343997,0.99176002,0.073820002,0.01174,0.11056
5055,"Greene, Arkansas",0.74122,0.70393002,0.99528003,0.072959997,0.01221,0.10686
5057,"Hempstead, Arkansas",0.57415003,0.48791,0.99934,0.058619998,0.01313,0.13684
5059,"Hot Spring, Arkansas",0.68937999,0.66768998,0.99484003,0.082340002,0.01935,0.11315
5061,"Howard, Arkansas",0.62585002,0.67632997,0.99759001,0.062290002,0.01187,0.13742
5063,"Independence, Arkansas",0.72654998,0.62058002,0.99801999,0.06219,0.01945,0.11242
5065,"Izard, Arkansas",0.73961002,0.46794,0.99463999,0.094059996,0.017650001,0.12540001
5067,"Jackson, Arkansas",0.64454001,0.49491999,0.99835002,0.04826,0.01805,0.13863
5069,"Jefferson, Arkansas",0.57021999,0.63954002,0.99888003,0.03545,0.01459,0.12823001
5071,"Johnson, Arkansas",0.63472998,0.55083001,0.99577999,0.13080999,0.01475,0.11966
5073,"Lafayette, Arkansas",0.64393997,,0.99399,0.09623,0.00667,0.12875
5075,"Lawrence, Arkansas",0.72068,0.52320999,0.99342,0.078210004,0.0162,0.11592
5077,"Lee, Arkansas",0.52933002,,0.99953997,0.04104,0.02445,0.15696
5079,"Lincoln, Arkansas",0.65166003,0.64401001,0.99663001,0.067749999,0.01006,0.13755
5081,"Little River, Arkansas",0.71503001,0.70688999,0.99734998,0.066629998,0.017550001,0.12375
5083,"Logan, Arkansas",0.72668999,0.57258999,0.99590999,0.10919,0.01825,0.12656
5085,"Lonoke, Arkansas",0.84548002,0.93474001,0.97763002,0.068470001,0.01086,0.093630001
5087,"Madison, Arkansas",0.79619998,0.52318001,0.99186999,0.12502,0.01119,0.11853
5089,"Marion, Arkansas",0.71357,0.53855997,0.98830998,0.092730001,0.025280001,0.10864
5091,"Miller, Arkansas",0.64515001,0.55084997,0.99171001,0.070029996,0.01187,0.11225
5093,"Mississippi, Arkansas",0.57393003,0.53232998,0.99956,0.032729998,0.01426,0.14452
5095,"Monroe, Arkansas",0.55575001,,0.99817002,0.033039998,0.015830001,0.13361
5097,"Montgomery, Arkansas",0.69204998,0.47451001,0.99383003,0.058540002,0.0189,0.11672
5099,"Nevada, Arkansas",0.61993998,0.47097,0.99857002,0.07897,0.02128,0.13518
5101,"Newton, Arkansas",0.76115,,0.99409002,0.13005,0.023080001,0.14032
5103,"Ouachita, Arkansas",0.63314998,0.63552999,0.99794,0.080200002,0.01816,0.13527
5105,"Perry, Arkansas",0.77210999,0.66273999,0.99237001,0.071610004,0.019479999,0.11429
5107,"Phillips, Arkansas",0.49533999,0.49114001,0.99962002,0.021269999,0.01466,0.17674001
5109,"Pike, Arkansas",0.66134,0.65402001,0.99726999,0.06408,0.01419,0.13676
5111,"Poinsett, Arkansas",0.64930999,0.45846999,0.99423999,0.063450001,0.01486,0.12112
5113,"Polk, Arkansas",0.69538999,0.48590001,0.99664998,0.10515,0.02097,0.12809999
5115,"Pope, Arkansas",0.74772,0.76617002,0.99427003,0.10076,0.01918,0.10761
5117,"Prairie, Arkansas",0.70025998,0.61693001,0.99975002,0.085069999,0.0146,0.13950001
5119,"Pulaski, Arkansas",0.68171,0.82804,0.99194998,0.060589999,0.02083,0.091870002
5121,"Randolph, Arkansas",0.72465003,0.4425,0.99553001,0.073859997,0.01336,0.12163
5123,"St. Francis, Arkansas",0.53117001,0.40893999,0.99822998,0.039829999,0.01056,0.152
5125,"Saline, Arkansas",0.79585999,1.0282201,0.98153001,0.073399998,0.01182,0.096069999
5127,"Scott, Arkansas",0.65103,0.45759001,0.99809998,0.053649999,0.02256,0.14466999
5129,"Searcy, Arkansas",0.70889002,0.52564001,0.99553001,0.095490001,0.016759999,0.14452
5131,"Sebastian, Arkansas",0.73863,0.70490003,0.98936999,0.06803,0.01461,0.097520001
5133,"Sevier, Arkansas",0.62248999,0.54229999,0.99662,0.080739997,0.01099,0.132
5135,"Sharp, Arkansas",0.70662999,0.39508,0.99027997,0.10254,0.01884,0.112
5137,"Stone, Arkansas",0.71987998,0.44778001,0.99913001,0.086379997,0.02696,0.12996
5139,"Union, Arkansas",0.68690997,0.66816998,1.0,0.19355001,0.01778,0.14419
5141,"Van Buren, Arkansas",0.71042001,0.5571,0.99311,0.078840002,0.026690001,0.11538
5143,"Washington, Arkansas",0.80754,0.89169002,0.98194999,0.078419998,0.01411,0.094999999
5145,"White, Arkansas",0.79613,0.72071999,0.99084997,0.075750001,0.01511,0.10009
5147,"Woodruff, Arkansas",0.64192998,,0.99615002,0.041579999,0.01609,0.13221
5149,"Yell, Arkansas",0.63029999,0.65851003,0.99347001,0.086110003,0.01218,0.11517
6001,"Alameda, California",0.91564,0.99251997,0.94234997,0.071089998,0.01575,0.086630002
6003,"Alpine, California",,,0.87769938,0.14653735,0.082809731,0.091637172
6005,"Amador, California",0.92817998,1.1136,0.98970997,0.13452999,0.02789,0.10103
6007,"Butte, California",0.80008,0.92039001,0.98411,0.093960002,0.017240001,0.097589999
6009,"Calaveras, California",0.92421001,1.1551,0.98408002,0.097350001,0.028860001,0.10166
6011,"Colusa, California",0.58380002,0.82441998,0.99716997,0.051490001,0.015769999,0.12258
6013,"Contra Costa, California",0.88687998,1.14285,0.95846999,0.053070001,0.01432,0.089469999
6015,"Del Norte, California",0.63748002,0.70925999,0.99712002,0.066780001,0.025429999,0.12148
6017,"El Dorado, California",1.01846,1.1982,0.96995002,0.10019,0.01701,0.087700002
6019,"Fresno, California",0.57849997,0.75003999,0.97832,0.033690002,0.0089199999,0.085189998
6021,"Glenn, California",0.63274997,0.76097,0.99119997,0.078610003,0.01146,0.11322
6023,"Humboldt, California",0.81883001,0.89279002,0.98978001,0.10646,0.024180001,0.10776
6025,"Imperial, California",0.73171002,0.72803003,0.99202001,0.041129999,0.01122,0.10064
6027,"Inyo, California",0.79105997,0.88185,0.99720001,0.069789998,0.031399999,0.12489
6029,"Kern, California",0.6207,0.80997998,0.98127002,0.05748,0.0098900003,0.087279998
6031,"Kings, California",0.61815,0.92861003,0.98330998,0.029449999,0.0046399999,0.089280002
6033,"Lake, California",0.65311998,0.80712003,0.99138999,0.084639996,0.0177,0.10667
6035,"Lassen, California",0.81195998,1.02992,0.99467999,0.17283,0.02445,0.10753
6037,"Los Angeles, California",0.73580003,0.75217003,0.94514,0.046920002,0.01358,0.081759997
6039,"Madera, California",0.56068999,0.89611,0.97716999,0.033229999,0.0079300003,0.08743
6041,"Marin, California",0.81247997,1.16879,0.95152998,0.082209997,0.029689999,0.086240001
6043,"Mariposa, California",0.95354998,0.95412999,0.99344999,0.099679999,0.035270002,0.1116
6045,"Mendocino, California",0.69420999,0.75048,0.99517,0.096100003,0.02589,0.11799
6047,"Merced, California",0.63156003,0.89232999,0.98152,0.036540002,0.0085399998,0.091959998
6049,"Modoc, California",0.66933,0.71214998,0.99549001,0.075089999,0.032480001,0.12079
6051,"Mono, California",0.9637,0.74369001,0.99330002,0.069799997,0.03342,0.10773
6053,"Monterey, California",0.61296999,0.90011001,0.97865999,0.072810002,0.01629,0.092030004
6055,"Napa, California",0.80387002,1.1099,0.98259002,0.051109999,0.01936,0.091959998
6057,"Nevada, California",1.01335,1.0956399,0.98294002,0.12127,0.030200001,0.090109996
6059,"Orange, California",0.85553998,0.89409,0.95327997,0.046700001,0.01335,0.086589999
6061,"Placer, California",1.0711,1.33257,0.94410002,0.078850001,0.015769999,0.087250002
6063,"Plumas, California",0.89507997,0.86422002,0.99444997,0.11806,0.041080002,0.11529
6065,"Riverside, California",0.74834001,0.94273001,0.94778001,0.039820001,0.0094799995,0.080349997
6067,"Sacramento, California",0.81634998,1.00345,0.96402001,0.06047,0.01406,0.084650002
6069,"San Benito, California",0.82344002,1.19525,0.97492999,0.060389999,0.01418,0.092289999
6071,"San Bernardino, California",0.73532999,0.91341001,0.94182998,0.038770001,0.01036,0.080420002
6073,"San Diego, California",0.90846002,1.00844,0.95931,0.05587,0.01499,0.084210001
6075,"San Francisco, California",1.31244,0.76213002,0.92522001,0.084530003,0.01926,0.079460002
6077,"San Joaquin, California",0.72867,1.0142699,0.96973997,0.03596,0.01006,0.086479999
6079,"San Luis Obispo, California",0.93507999,1.13587,0.98347998,0.11962,0.025490001,0.095940001
6081,"San Mateo, California",1.16289,1.09759,0.93785,0.05632,0.01163,0.088699996
6083,"Santa Barbara, California",0.72433001,0.99298,0.98363,0.050930001,0.01894,0.093419999
6085,"Santa Clara, California",1.15832,1.0641,0.95429999,0.05407,0.01259,0.08963
6087,"Santa Cruz, California",0.81641001,1.04211,0.97289997,0.084919997,0.022779999,0.087530002
6089,"Shasta, California",0.79174,0.94797999,0.98763001,0.12800001,0.01929,0.088019997
6091,"Sierra, California",1.03074,,0.98012,0.14386,0.050480001,0.10716
6093,"Siskiyou, California",0.74171001,0.80195999,0.99580002,0.15254,0.033690002,0.11225
6095,"Solano, California",0.87462997,1.21323,0.96779001,0.0535,0.0089400001,0.087360002
6097,"Sonoma, California",0.86228001,1.16857,0.98087001,0.086240001,0.01945,0.092950001
6099,"Stanislaus, California",0.74586999,0.96781999,0.97188997,0.04253,0.0082,0.084260002
6101,"Sutter, California",0.71074998,1.00217,0.98209,0.052439999,0.01048,0.094700001
6103,"Tehama, California",0.64851999,0.85077,0.98190999,0.096670002,0.01097,0.094949998
6105,"Trinity, California",0.73521,0.54317999,0.99326998,0.12196,0.026590001,0.11937
6107,"Tulare, California",0.54176003,0.82749999,0.98430997,0.028170001,0.0081099998,0.088409998
6109,"Tuolumne, California",0.9109,1.0138201,0.99375999,0.13939001,0.02723,0.10637
6111,"Ventura, California",0.78140998,1.1205601,0.97039002,0.056940001,0.01212,0.08512
6113,"Yolo, California",0.81755,1.08104,0.96081001,0.071220003,0.018139999,0.095069997
6115,"Yuba, California",0.72917002,0.78634,0.96395999,0.064029999,0.01054,0.08794
8001,"Adams, Colorado",0.81186002,0.78512001,0.92894,0.04752,0.0075400001,0.077160001
8003,"Alamosa, Colorado",0.73189002,0.73917001,0.99471998,0.050999999,0.02079,0.1042
8005,"Arapahoe, Colorado",0.83072001,1.0621001,0.92438,0.05429,0.01001,0.080200002
8007,"Archuleta, Colorado",0.93331999,0.73706001,0.99405003,0.05607,0.03413,0.10691
8009,"Baca, Colorado",0.88227999,,0.99877,0.099660002,0.02084,0.145
8011,"Bent, Colorado",0.65877998,,0.98966002,0.053070001,0.01413,0.10687
8013,"Boulder, Colorado",1.1075,1.15285,0.93155003,0.089000002,0.02327,0.086220004
8014,"Broomfield, Colorado",1.1688499,1.29898,0.78333002,0.0748,0.01142,0.08568
8015,"Chaffee, Colorado",1.09936,0.72198999,0.98942,0.092179999,0.03486,0.093089998
8017,"Cheyenne, Colorado",1.04763,,0.99842,0.096610002,0.082230002,0.11848
8019,"Clear Creek, Colorado",1.0602601,,0.98052001,0.090010002,0.030130001,0.094250001
8021,"Conejos, Colorado",0.75433999,0.59077001,0.99015999,0.042300001,0.015830001,0.1228
8023,"Costilla, Colorado",,,0.95564628,0.062567726,0.050639536,0.10037565
8025,"Crowley, Colorado",0.75880998,,0.98479998,0.099250004,0.018409999,0.097630002
8027,"Custer, Colorado",1.0331399,,0.98386002,0.12661,0.081890002,0.093029998
8029,"Delta, Colorado",0.87716001,0.75581002,0.98750001,0.083789997,0.02844,0.098559998
8031,"Denver, Colorado",0.90732002,0.58323997,0.91143,0.07474,0.0156,0.081029996
8033,"Dolores, Colorado",0.94189,,0.99730003,0.090170003,0.064630002,0.12093
8035,"Douglas, Colorado",1.3532701,1.43038,0.90309,0.071970001,0.01052,0.081270002
8037,"Eagle, Colorado",0.87858999,0.90592003,0.98764998,0.060430001,0.020020001,0.09347
8039,"Elbert, Colorado",1.15659,1.19841,0.91428,0.10185,0.02751,0.08715
8041,"El Paso, Colorado",0.96052998,1.12466,0.95445001,0.06278,0.01177,0.078139998
8043,"Fremont, Colorado",0.87696999,0.80075002,0.99190003,0.10796,0.02248,0.098530002
8045,"Garfield, Colorado",0.80632001,0.93471003,0.98664999,0.079350002,0.01725,0.095600002
8047,"Gilpin, Colorado",1.07927,,0.91494,0.10344,0.026289999,0.081359997
8049,"Grand, Colorado",1.10788,0.79869002,0.99141997,0.064779997,0.033939999,0.096830003
8051,"Gunnison, Colorado",1.24836,0.85913002,0.99241,0.14248,0.033369999,0.096430004
8055,"Huerfano, Colorado",0.78763002,,0.99307001,0.069490001,0.047320001,0.11185
8057,"Jackson, Colorado",,,0.99296713,0.099603206,0.043994449,0.099756964
8059,"Jefferson, Colorado",1.11146,0.99291998,0.90302998,0.068149999,0.01132,0.080949999
8061,"Kiowa, Colorado",,,0.99715626,0.03668661,0.051219892,0.13098979
8063,"Kit Carson, Colorado",0.95122999,0.82106,0.99606001,0.088699996,0.026860001,0.11345
8065,"Lake, Colorado",0.88313001,,0.98259002,0.066739999,0.021539999,0.099720001
8067,"La Plata, Colorado",1.04206,0.96271002,0.98322999,0.075410001,0.02581,0.088200003
8069,"Larimer, Colorado",1.123,1.12076,0.95437002,0.073559999,0.016829999,0.087779999
8071,"Las Animas, Colorado",0.76256001,0.75322002,0.99608999,0.059149999,0.023949999,0.11774
8073,"Lincoln, Colorado",0.96450001,0.74000001,0.99412,0.050829999,0.031199999,0.10041
8075,"Logan, Colorado",0.96489,0.89737999,0.99458998,0.087360002,0.018300001,0.10945
8077,"Mesa, Colorado",0.91115999,0.85345,0.9878,0.098590001,0.01616,0.08416
8081,"Moffat, Colorado",0.88957,0.98935997,0.99471998,0.074320003,0.017379999,0.11528
8083,"Montezuma, Colorado",0.74285001,0.72710001,0.99327999,0.07333,0.030029999,0.10202
8085,"Montrose, Colorado",0.82997,0.66654003,0.99021,0.072460003,0.02276,0.10075
8087,"Morgan, Colorado",0.81336999,0.76871997,0.99529999,0.096639998,0.01532,0.10917
8089,"Otero, Colorado",0.71502,0.59941,0.99673998,0.058899999,0.02066,0.115
8091,"Ouray, Colorado",1.2136199,,0.97481,0.088830002,0.062040001,0.083169997
8093,"Park, Colorado",1.15571,0.96844,0.92698002,0.08568,0.034559999,0.086159997
8095,"Phillips, Colorado",0.84065998,0.68618,0.99669999,0.070019998,0.02334,0.11808
8097,"Pitkin, Colorado",1.2436399,1.1525,0.98449999,0.080159999,0.02854,0.087080002
8099,"Prowers, Colorado",0.73517001,0.69081998,0.99791998,0.04843,0.02379,0.133
8101,"Pueblo, Colorado",0.73233002,0.73417997,0.99085999,0.044969998,0.01162,0.086740002
8103,"Rio Blanco, Colorado",1.01608,0.86971998,0.99596,0.13719,0.033070002,0.11756
8105,"Rio Grande, Colorado",0.76765001,0.59138,0.99106002,0.064209998,0.02644,0.10192
8107,"Routt, Colorado",1.16202,1.13177,0.98961997,0.073650002,0.026699999,0.09437
8109,"Saguache, Colorado",0.76845998,,0.98637003,0.088459998,0.045290001,0.10025
8111,"San Juan, Colorado",,,0.98810619,0.10691312,0.11207242,0.082522742
8113,"San Miguel, Colorado",1.2128,0.90518999,0.99397999,0.10464,0.038410001,0.094070002
8115,"Sedgwick, Colorado",0.97241998,,0.99378002,0.06617,0.03119,0.10723
8117,"Summit, Colorado",1.00858,1.03541,0.97514999,0.064970002,0.01929,0.089429997
8119,"Teller, Colorado",1.04694,0.95993,0.95622998,0.080930002,0.032129999,0.087540001
8121,"Washington, Colorado",1.06846,0.77841002,0.99071997,0.09883,0.02194,0.11066
8123,"Weld, Colorado",0.87436998,0.90625,0.96107,0.056680001,0.01036,0.084080003
8125,"Yuma, Colorado",0.81590003,0.76912999,0.99790001,0.070469998,0.018719999,0.13072
9001,"Fairfield, Connecticut",0.70120001,1.08856,0.98093998,0.050069999,0.01733,0.097520001
9003,"Hartford, Connecticut",0.77675003,1.08182,0.98426002,0.057240002,0.016039999,0.097319998
9005,"Litchfield, Connecticut",1.08725,1.30311,0.98329997,0.074409999,0.02303,0.1088
9007,"Middlesex, Connecticut",1.1066999,1.35662,0.96917999,0.07801,0.019950001,0.10525
9009,"New Haven, Connecticut",0.79593003,1.06996,0.98545003,0.059009999,0.01485,0.096519999
9011,"New London, Connecticut",0.98711002,1.18094,0.98759001,0.083319999,0.0175,0.099909998
9013,"Tolland, Connecticut",1.17711,1.36584,0.96503001,0.090580001,0.01959,0.10662
9015,"Windham, Connecticut",0.95749003,1.03262,0.98811001,0.069600001,0.017240001,0.10542
10001,"Kent, Delaware",0.79290998,0.97771001,0.98771,0.053720001,0.01685,0.091240004
10003,"New Castle, Delaware",0.83468997,1.16108,0.98723,0.058460001,0.01749,0.085359998
10005,"Sussex, Delaware",0.71723998,0.92646998,0.99137002,0.057270002,0.018230001,0.098370001
11001,"District of Columbia, District of Columbia",0.99615997,0.80768001,0.95258999,0.095490001,0.041409999,0.077699997
12001,"Alachua, Florida",0.81159002,1.00691,0.98689997,0.085830003,0.02101,0.094169997
12003,"Baker, Florida",0.66503,0.97051001,0.99733001,0.052280001,0.01257,0.11862
12005,"Bay, Florida",0.70344001,0.95849001,0.98887998,0.057459999,0.01718,0.089919999
12007,"Bradford, Florida",0.61645001,0.78573,0.99541003,0.073179998,0.02142,0.11117
12009,"Brevard, Florida",0.78833997,0.96875,0.98549002,0.070459999,0.01581,0.08901
12011,"Broward, Florida",0.75189,0.95972002,0.96746999,0.037420001,0.01445,0.080229998
12013,"Calhoun, Florida",0.58503997,0.56835002,0.99658,0.04473,0.01417,0.12649
12015,"Charlotte, Florida",0.77934003,0.74655998,0.97749001,0.06532,0.01926,0.09149
12017,"Citrus, Florida",0.69256002,0.55716997,0.98703998,0.06425,0.017000001,0.090269998
12019,"Clay, Florida",0.79848999,1.01562,0.95287001,0.067259997,0.01085,0.080190003
12021,"Collier, Florida",0.65601999,0.94564003,0.98026001,0.074409999,0.01606,0.088040002
12023,"Columbia, Florida",0.58517998,0.73583001,0.99331999,0.047279999,0.01421,0.10456
12027,"DeSoto, Florida",0.42908001,0.52140999,0.99351001,0.058940001,0.0094400002,0.11423
12029,"Dixie, Florida",0.51828998,0.47246,0.99526,0.047060002,0.01538,0.12643
12031,"Duval, Florida",0.67084002,0.93093997,0.98289001,0.052689999,0.013,0.079630002
12033,"Escambia, Florida",0.68265998,0.82133001,0.98971999,0.05576,0.01455,0.089380004
12035,"Flagler, Florida",0.82933998,0.75010997,0.98022997,0.06061,0.017039999,0.091049999
12037,"Franklin, Florida",0.57659,,0.99878001,0.04022,0.03813,0.16384999
12039,"Gadsden, Florida",0.41552001,0.43836001,0.99583,0.031350002,0.01581,0.12983
12041,"Gilchrist, Florida",0.62075001,0.72749001,0.98793,0.058759999,0.01317,0.10527
12043,"Glades, Florida",0.50062001,,0.99239999,0.0704,0.017689999,0.1156
12045,"Gulf, Florida",0.66769999,0.65898001,0.99659002,0.050870001,0.027109999,0.12656
12047,"Hamilton, Florida",0.48493999,0.69651997,0.99360001,0.05675,0.01022,0.11686
12049,"Hardee, Florida",0.45475999,0.70665997,0.99612999,0.063960001,0.016650001,0.10862
12051,"Hendry, Florida",0.43957999,0.66424,0.99456,0.047260001,0.0091800001,0.11605
12053,"Hernando, Florida",0.73304999,0.82010001,0.97850001,0.0614,0.01233,0.086290002
12055,"Highlands, Florida",0.60219997,0.59236997,0.99293,0.041069999,0.01753,0.10297
12057,"Hillsborough, Florida",0.67980999,0.97842997,0.96801001,0.050349999,0.01291,0.079170004
12059,"Holmes, Florida",0.59316999,0.65121001,0.99128997,0.054189999,0.01957,0.11125
12061,"Indian River, Florida",0.70945001,0.84066999,0.99018002,0.060849998,0.020400001,0.09725
12063,"Jackson, Florida",0.55905998,0.72953999,0.99568999,0.038070001,0.015860001,0.11612
12065,"Jefferson, Florida",0.61988997,0.61549997,0.98918003,0.050000001,0.022709999,0.12113
12067,"Lafayette, Florida",0.56705999,0.83586001,0.99620003,0.042029999,0.0195,0.1243
12069,"Lake, Florida",0.73413002,0.82998002,0.97412997,0.0568,0.016209999,0.086280003
12071,"Lee, Florida",0.67043,0.89972001,0.98150003,0.064120002,0.01309,0.085759997
12073,"Leon, Florida",0.75659001,1.10285,0.98720998,0.067089997,0.02224,0.096440002
12075,"Levy, Florida",0.60833001,0.55765998,0.98948997,0.056079999,0.021090001,0.10566
12077,"Liberty, Florida",0.62063003,0.64763999,0.99822998,0.05466,0.018850001,0.14172
12079,"Madison, Florida",0.49355999,0.48227999,0.99934,0.0427,0.022220001,0.15132
12081,"Manatee, Florida",0.66821998,0.86738998,0.98216999,0.053180002,0.01425,0.087619998
12083,"Marion, Florida",0.62976998,0.66760999,0.98606002,0.0449,0.0118,0.083219998
12085,"Martin, Florida",0.78965002,1.05699,0.97710001,0.08399,0.020540001,0.091459997
12086,"Miami-Dade, Florida",0.58605999,0.74071997,0.96485001,0.027690001,0.01182,0.079300001
12087,"Monroe, Florida",0.78771001,0.98176003,0.99033999,0.066799998,0.02533,0.096529998
12089,"Nassau, Florida",0.85834002,1.02609,0.98578,0.085129999,0.01552,0.093680002
12091,"Okaloosa, Florida",0.83223999,1.07432,0.97681999,0.056230001,0.01449,0.08636
12093,"Okeechobee, Florida",0.50796998,0.62129003,0.99586999,0.054249998,0.01093,0.11327
12095,"Orange, Florida",0.74878001,0.94198,0.96158999,0.048390001,0.01372,0.07722
12097,"Osceola, Florida",0.73128003,0.88922,0.92736,0.03782,0.01037,0.073380001
12099,"Palm Beach, Florida",0.68330997,0.90135998,0.97763997,0.05421,0.01449,0.08185
12101,"Pasco, Florida",0.76490003,0.84337997,0.95429999,0.056919999,0.01127,0.081249997
12103,"Pinellas, Florida",0.78494,0.86220002,0.9777,0.067149997,0.016489999,0.082259998
12105,"Polk, Florida",0.61522001,0.79833001,0.98066998,0.049970001,0.0090100002,0.07914
12107,"Putnam, Florida",0.49083999,0.58418,0.99355,0.05841,0.01389,0.11663
12109,"St. Johns, Florida",0.97408003,1.0254,0.96526998,0.088019997,0.01474,0.08467
12111,"St. Lucie, Florida",0.66801,0.75546998,0.97962999,0.056650002,0.0093200002,0.084140003
12113,"Santa Rosa, Florida",0.86142999,0.98751003,0.96877003,0.071379997,0.01213,0.085150003
12115,"Sarasota, Florida",0.81924999,0.95314002,0.97533,0.06583,0.02311,0.08901
12117,"Seminole, Florida",0.84119999,1.0961601,0.94951999,0.060230002,0.01559,0.082850002
12119,"Sumter, Florida",0.66283,0.56844002,0.98095,0.041549999,0.01708,0.098739997
12121,"Suwannee, Florida",0.56638998,0.75503999,0.99179,0.059920002,0.016179999,0.1057
12123,"Taylor, Florida",0.53534001,0.52578998,0.99941999,0.04112,0.021050001,0.16065
12125,"Union, Florida",0.64183003,0.70455998,0.99384999,0.0757,0.0091800001,0.11055
12127,"Volusia, Florida",0.72371,0.76793998,0.98089999,0.050930001,0.01449,0.086669996
12129,"Wakulla, Florida",0.75171,0.83901,0.98863,0.068619996,0.01471,0.10599
12131,"Walton, Florida",0.75123,0.73898,0.98061001,0.065080002,0.01898,0.092040002
12133,"Washington, Florida",0.60503,0.71337998,0.98747998,0.055610001,0.01812,0.10516
13001,"Appling, Georgia",0.50406998,0.74024999,0.99945003,0.049869999,0.01292,0.13128
13003,"Atkinson, Georgia",0.44181001,0.61857998,0.99576998,0.022980001,0.0089499997,0.12714
13005,"Bacon, Georgia",0.46742001,0.74304998,0.99694002,0.02795,0.00923,0.13691001
13007,"Baker, Georgia",,,0.98462361,0.033110324,0.021789122,0.12444405
13009,"Baldwin, Georgia",0.51651001,0.74300998,0.99756002,0.035100002,0.019239999,0.13662
13011,"Banks, Georgia",0.73139,0.77539998,0.95249999,0.07299,0.01743,0.10429
13013,"Barrow, Georgia",0.77371001,0.90322,0.95537001,0.054409999,0.0087200003,0.090389997
13015,"Bartow, Georgia",0.73395997,0.91653001,0.98478001,0.058540002,0.01283,0.095519997
13017,"Ben Hill, Georgia",0.42513999,0.51586998,0.99895,0.021330001,0.0132,0.14523
13019,"Berrien, Georgia",0.57459998,0.65912998,0.99063998,0.045759998,0.0097399997,0.11086
13021,"Bibb, Georgia",0.48056999,0.78722,0.99498999,0.05466,0.01306,0.10359
13023,"Bleckley, Georgia",0.56774998,0.8197,0.99621999,0.10004,0.01389,0.12806
13025,"Brantley, Georgia",0.55225003,0.59631002,0.99233001,0.047350001,0.01177,0.11515
13027,"Brooks, Georgia",0.46237001,0.68787003,0.99517,0.028109999,0.021779999,0.12696999
13029,"Bryan, Georgia",0.84745002,1.1381299,0.95776999,0.084129997,0.0090500005,0.096479997
13031,"Bulloch, Georgia",0.67528999,0.84135002,0.99338001,0.10514,0.01787,0.11676
13033,"Burke, Georgia",0.49522001,0.61721998,0.99681002,0.046379998,0.01444,0.13663
13035,"Butts, Georgia",0.68724,0.80839002,0.98504001,0.058839999,0.015760001,0.11022
13037,"Calhoun, Georgia",,,0.99442649,0.022070305,0.0084098652,0.14485426
13039,"Camden, Georgia",0.81356001,1.0435899,0.98811001,0.080300003,0.0131,0.095320001
13043,"Candler, Georgia",0.54737997,0.68212998,0.99476999,0.098509997,0.017309999,0.12289
13045,"Carroll, Georgia",0.70406002,0.86063999,0.99075001,0.067560002,0.01465,0.10323
13047,"Catoosa, Georgia",0.77608001,0.94080001,0.96639001,0.054699998,0.01874,0.093929999
13049,"Charlton, Georgia",0.59315997,0.88549,0.99502999,0.057920001,0.01082,0.12639
13051,"Chatham, Georgia",0.66373003,0.89423001,0.99125999,0.05655,0.01543,0.094959997
13053,"Chattahoochee, Georgia",0.95985001,0.83256,0.80991,0.075120002,0.021640001,0.081780002
13055,"Chattooga, Georgia",0.51730001,0.53030002,0.99676001,0.04025,0.01192,0.12307
13057,"Cherokee, Georgia",0.96524,1.2670701,0.95738,0.065399997,0.01187,0.087849997
13059,"Clarke, Georgia",0.74735999,0.62414998,0.98636001,0.072729997,0.019300001,0.10796
13061,"Clay, Georgia",,,0.99734533,0.033174369,0.017339068,0.16376519
13063,"Clayton, Georgia",0.54623002,0.69616002,0.9174,0.02438,0.0147,0.088090003
13065,"Clinch, Georgia",0.44760001,0.62851,0.99897999,0.12337,0.015659999,0.1602
13067,"Cobb, Georgia",0.79141998,1.1193,0.93268001,0.055270001,0.01507,0.087899998
13069,"Coffee, Georgia",0.43913001,0.71355999,0.99909002,0.03655,0.01225,0.12533
13071,"Colquitt, Georgia",0.43972,0.61717999,0.99589998,0.027829999,0.0072400002,0.12693
13073,"Columbia, Georgia",0.84439999,1.23801,0.97399002,0.06112,0.01039,0.088890001
13075,"Cook, Georgia",0.51209003,0.62153,0.99321002,0.038690001,0.01454,0.12286
13077,"Coweta, Georgia",0.79878002,1.10317,0.98657,0.059190001,0.01311,0.097029999
13079,"Crawford, Georgia",0.55186999,0.7622,0.98721999,0.04479,0.0298,0.11137
13081,"Crisp, Georgia",0.38777,0.65103,0.99805999,0.033679999,0.00911,0.15063
13083,"Dade, Georgia",0.70831001,0.79288,0.99307001,0.053950001,0.02307,0.11388
13085,"Dawson, Georgia",0.93358999,1.12122,0.97075999,0.047600001,0.01539,0.095919997
13087,"Decatur, Georgia",0.43533999,0.61875999,0.99836999,0.025459999,0.01336,0.13738
13089,"DeKalb, Georgia",0.67078,0.80089998,0.93278998,0.06205,0.01396,0.086759999
13091,"Dodge, Georgia",0.50563997,0.62427998,0.99910003,0.082970001,0.01459,0.13590001
13093,"Dooly, Georgia",0.40094,,0.99651003,0.0254,0.01452,0.14381
13095,"Dougherty, Georgia",0.41666999,0.62908,0.99707001,0.042180002,0.01285,0.11409
13097,"Douglas, Georgia",0.70517999,1.10709,0.92813998,0.047040001,0.01271,0.089089997
13099,"Early, Georgia",0.37959999,0.59362,0.99839997,0.020819999,0.01206,0.17196999
13101,"Echols, Georgia",,,0.94756949,0.026256939,0.035384431,0.11481056
13103,"Effingham, Georgia",0.78047001,1.05706,0.98022002,0.062339999,0.01007,0.094640002
13105,"Elbert, Georgia",0.47905001,0.66285002,0.99759001,0.024390001,0.01685,0.15020999
13107,"Emanuel, Georgia",0.48594999,0.64832997,0.99840999,0.070720002,0.01168,0.14093
13109,"Evans, Georgia",0.48333001,0.76696998,0.99476999,0.04843,0.01558,0.12796
13111,"Fannin, Georgia",0.71499997,0.68368,0.99510002,0.12335,0.023949999,0.12164
13113,"Fayette, Georgia",0.92997998,1.4150701,0.93348998,0.060589999,0.023669999,0.089960001
13115,"Floyd, Georgia",0.59062999,0.87491,0.99550998,0.049770001,0.01774,0.11267
13117,"Forsyth, Georgia",1.04118,1.34657,0.94400001,0.058619998,0.019300001,0.088160001
13119,"Franklin, Georgia",0.63177001,0.76661003,0.98843998,0.031289998,0.017270001,0.10947
13121,"Fulton, Georgia",0.77526999,0.94527,0.94120002,0.055670001,0.02132,0.085239999
13123,"Gilmer, Georgia",0.64308,0.7331,0.99725002,0.053939998,0.021980001,0.12296
13125,"Glascock, Georgia",0.68391001,,0.99507999,0.035020001,0.01397,0.13684
13127,"Glynn, Georgia",0.58587998,0.88907999,0.99602997,0.062180001,0.02049,0.11149
13129,"Gordon, Georgia",0.62281001,0.86159003,0.99360001,0.038320001,0.01542,0.1064
13131,"Grady, Georgia",0.47452,0.87426001,0.99624002,0.042769998,0.01444,0.12603
13133,"Greene, Georgia",0.51841003,0.44161999,0.99856001,0.023700001,0.02196,0.15030999
13135,"Gwinnett, Georgia",0.76938999,1.15078,0.93440998,0.042490002,0.01495,0.090089999
13137,"Habersham, Georgia",0.68133998,0.79640001,0.98943001,0.035659999,0.017340001,0.10622
13139,"Hall, Georgia",0.65626001,0.97602999,0.98258001,0.03537,0.01316,0.096089996
13141,"Hancock, Georgia",,,0.99963397,0.0213688,0.019992953,0.17536643
13143,"Haralson, Georgia",0.69749999,0.81035,0.98796999,0.078220002,0.01506,0.10501
13145,"Harris, Georgia",0.78325999,1.16048,0.97378999,0.063610002,0.01311,0.09725
13147,"Hart, Georgia",0.57889003,0.65495002,0.99554998,0.030549999,0.02258,0.12693
13149,"Heard, Georgia",0.66123003,0.76546001,0.98566997,0.02774,0.01499,0.11027
13151,"Henry, Georgia",0.68510002,1.13794,0.93247002,0.040890001,0.01213,0.09121
13153,"Houston, Georgia",0.65016001,1.1253099,0.98971999,0.046259999,0.01196,0.099699996
13155,"Irwin, Georgia",0.51484001,0.79736,0.99238002,0.02039,0.01135,0.1388
13157,"Jackson, Georgia",0.80273998,1.12207,0.95959997,0.05745,0.0097700004,0.090549998
13159,"Jasper, Georgia",0.66744,0.69041002,0.98329002,0.04527,0.01341,0.10847
13161,"Jeff Davis, Georgia",0.47599,0.58064997,0.99725002,0.01723,0.0079600001,0.12908
13163,"Jefferson, Georgia",0.43592,0.46114001,0.99719,0.02393,0.01616,0.15688001
13165,"Jenkins, Georgia",0.49079999,,0.99795997,0.050489999,0.017899999,0.15093
13167,"Johnson, Georgia",0.48172,,0.99651003,0.068729997,0.01179,0.14804
13169,"Jones, Georgia",0.71539003,0.90423,0.99251002,0.045910001,0.01956,0.11746
13171,"Lamar, Georgia",0.61382002,0.79131001,0.98701,0.06036,0.018309999,0.1133
13173,"Lanier, Georgia",0.58043998,0.65085,0.98819,0.059440002,0.0167,0.11259
13175,"Laurens, Georgia",0.49801001,0.71195,0.99900001,0.027140001,0.01493,0.13632999
13177,"Lee, Georgia",0.66077,1.0870399,0.98771,0.091509998,0.0090800002,0.11125
13179,"Liberty, Georgia",0.70756,0.94221002,0.97131997,0.040109999,0.01336,0.091710001
13181,"Lincoln, Georgia",0.67811,0.80413002,0.99913001,0.030990001,0.021509999,0.13717
13183,"Long, Georgia",0.73553002,0.85513002,0.94927001,0.04747,0.0078800004,0.089220002
13185,"Lowndes, Georgia",0.61049002,0.86062002,0.99321997,0.043620002,0.01181,0.10434
13187,"Lumpkin, Georgia",0.88255,0.89225,0.9799,0.047619998,0.026769999,0.10312
13189,"McDuffie, Georgia",0.48166999,0.69865,0.99741,0.026690001,0.01278,0.15248001
13191,"McIntosh, Georgia",0.56230003,,0.99642998,0.059009999,0.031629998,0.13417
13193,"Macon, Georgia",0.41894001,,0.99707001,0.023159999,0.01189,0.1507
13195,"Madison, Georgia",0.65618998,0.8021,0.97978997,0.058729999,0.01308,0.10527
13197,"Marion, Georgia",0.53254998,0.80751002,0.99334002,0.036710002,0.0095600002,0.12684999
13199,"Meriwether, Georgia",0.5438,0.54434001,0.99185997,0.0392,0.0153,0.1247
13201,"Miller, Georgia",0.4876,,0.99708998,0.028410001,0.019029999,0.14715999
13205,"Mitchell, Georgia",0.41181999,0.61370999,0.99757999,0.033300001,0.01277,0.14726
13207,"Monroe, Georgia",0.64038998,0.99149001,0.98896003,0.05229,0.01795,0.11498
13209,"Montgomery, Georgia",0.55312002,,0.99482,0.034159999,0.029100001,0.12625
13211,"Morgan, Georgia",0.65363002,0.99211001,0.99425,0.080410004,0.025450001,0.11887
13213,"Murray, Georgia",0.55356002,0.68616003,0.98746997,0.036839999,0.0083600003,0.099820003
13215,"Muscogee, Georgia",0.57656997,0.87655997,0.99388999,0.05508,0.0165,0.094609998
13217,"Newton, Georgia",0.63354999,0.94771999,0.98220003,0.042690001,0.01411,0.10006
13219,"Oconee, Georgia",0.98903,1.35842,0.96003002,0.067400001,0.02179,0.092919998
13221,"Oglethorpe, Georgia",0.64497,0.75979,0.98272002,0.10809,0.0218,0.11434
13223,"Paulding, Georgia",0.90148997,1.17414,0.95038998,0.080030002,0.01173,0.087990001
13225,"Peach, Georgia",0.56546998,0.74000001,0.98036999,0.03774,0.01249,0.10939
13227,"Pickens, Georgia",0.80698001,0.91596001,0.98892999,0.08241,0.020780001,0.10787
13229,"Pierce, Georgia",0.61289001,0.84419,0.99634999,0.041669998,0.01664,0.12082
13231,"Pike, Georgia",0.73501003,1.15101,0.97610998,0.085309997,0.01994,0.1032
13233,"Polk, Georgia",0.59742999,0.73594999,0.99324,0.040169999,0.01168,0.11698
13235,"Pulaski, Georgia",0.60264999,0.69753999,0.99361998,0.03712,0.01133,0.12408
13237,"Putnam, Georgia",0.56972998,0.72741002,0.99456,0.03221,0.01517,0.13535
13239,"Quitman, Georgia",,,0.97289497,0.015235725,0.023445917,0.13266686
13241,"Rabun, Georgia",0.70200998,0.72933,0.99662,0.06419,0.034790002,0.13297001
13243,"Randolph, Georgia",0.41136,,0.99905998,0.021020001,0.018829999,0.16902
13245,"Richmond, Georgia",0.53325999,0.69955999,0.99387002,0.040429998,0.01719,0.097070001
13247,"Rockdale, Georgia",0.66245002,1.02338,0.93268001,0.035119999,0.02373,0.09482
13249,"Schley, Georgia",0.64025003,,0.99631,0.087300003,0.01815,0.1444
13251,"Screven, Georgia",0.57675999,0.81589001,0.99751002,0.07096,0.01592,0.14945
13253,"Seminole, Georgia",0.49382001,0.66218001,0.99763,0.050179999,0.0084100002,0.14991
13255,"Spalding, Georgia",0.54765999,0.74974,0.99201,0.07023,0.015659999,0.1133
13257,"Stephens, Georgia",0.60609001,0.71297997,0.99444997,0.036200002,0.018890001,0.11321
13259,"Stewart, Georgia",,,0.99558318,0.034652516,0.0086770775,0.13906649
13261,"Sumter, Georgia",0.41328999,0.5855,0.99866003,0.077380002,0.01866,0.15469
13263,"Talbot, Georgia",,,0.99645346,0.021144053,0.019698191,0.14587127
13265,"Taliaferro, Georgia",,,0.98825127,0.045559488,0.013426044,0.13612175
13267,"Tattnall, Georgia",0.51916999,0.85595,0.99712998,0.065159999,0.01312,0.11918
13269,"Taylor, Georgia",0.50997001,0.69273001,0.99910998,0.033500001,0.018999999,0.14559001
13271,"Telfair, Georgia",0.45355001,0.52890003,0.99922001,0.024599999,0.00868,0.13438
13273,"Terrell, Georgia",0.34740999,0.48264,0.99862999,0.028659999,0.01498,0.17329
13275,"Thomas, Georgia",0.54233003,0.80769998,0.99880999,0.037360001,0.017720001,0.12526
13277,"Tift, Georgia",0.49325001,0.76481998,0.99563003,0.047230002,0.01218,0.12141
13279,"Toombs, Georgia",0.50645,0.67290998,0.99840999,0.044459999,0.01373,0.12173
13281,"Towns, Georgia",0.75435001,0.63098001,0.99160999,0.065180004,0.02647,0.12085
13283,"Treutlen, Georgia",0.53789997,0.53665,0.99664003,0.04589,0.0079500005,0.13414
13285,"Troup, Georgia",0.52875,0.89221001,0.99759001,0.035580002,0.01544,0.1225
13287,"Turner, Georgia",0.42993999,0.83594,0.99801999,0.03345,0.01473,0.1523
13289,"Twiggs, Georgia",0.51507002,,0.99065,0.047370002,0.02421,0.12620001
13291,"Union, Georgia",0.73474997,0.72267997,0.99461001,0.097199999,0.03108,0.11873
13293,"Upson, Georgia",0.52252001,0.62954998,0.99725002,0.04549,0.01379,0.13950001
13295,"Walker, Georgia",0.66544998,0.69809997,0.98356003,0.0537,0.01148,0.097390004
13297,"Walton, Georgia",0.77209002,1.0852799,0.97481,0.047680002,0.01165,0.096369997
13299,"Ware, Georgia",0.47767001,0.65145999,0.99715,0.039820001,0.01368,0.11865
13301,"Warren, Georgia",,,0.99609959,0.02027717,0.02005261,0.18299519
13303,"Washington, Georgia",0.47859001,0.53749001,1.0,0.035470001,0.01524,0.17445999
13305,"Wayne, Georgia",0.57977998,0.78257,0.99764001,0.055149999,0.01534,0.12569
13307,"Webster, Georgia",,,0.99316794,0.049405456,0.012424016,0.13187797
13309,"Wheeler, Georgia",0.48390001,,0.99419999,0.02318,0.0093900003,0.12223
13311,"White, Georgia",0.80394,0.78907001,0.98892999,0.050080001,0.022120001,0.11013
13313,"Whitfield, Georgia",0.55201,0.79729998,0.9921,0.03616,0.01168,0.098190002
13315,"Wilcox, Georgia",0.47446001,,0.99531001,0.03356,0.0112,0.12303
13317,"Wilkes, Georgia",0.52776003,0.66022003,0.99800003,0.071429998,0.01462,0.15863
13319,"Wilkinson, Georgia",0.55173999,0.60869002,0.99602002,0.028820001,0.032299999,0.13601001
13321,"Worth, Georgia",0.49377999,0.69531,0.99813002,0.072229996,0.01257,0.14001
15001,"Hawaii, Hawaii",0.89262998,0.94862002,0.99081999,0.11044,0.01963,0.10099
15003,"Honolulu, Hawaii",1.12176,1.34715,0.97829002,0.060770001,0.01293,0.092490003
15007,"Kauai, Hawaii",1.0647399,1.08143,0.99594998,0.10953,0.0263,0.11484
15009,"Maui, Hawaii",1.0858901,1.10931,0.99382001,0.085220002,0.01932,0.10364
16001,"Ada, Idaho",0.98964,1.1076,0.97092998,0.11842,0.0147,0.083319999
16003,"Adams, Idaho",0.86124003,,0.98451,0.14134,0.03063,0.10358
16005,"Bannock, Idaho",0.8642,1.0447201,0.99074,0.11557,0.0123,0.093259998
16007,"Bear Lake, Idaho",0.98764998,0.89428997,0.99823999,0.042339999,0.016209999,0.13694
16009,"Benewah, Idaho",0.69935,0.56461,0.99651003,0.10736,0.02578,0.14034
16011,"Bingham, Idaho",0.82173997,0.93778002,0.9867,0.067850001,0.0125,0.10212
16013,"Blaine, Idaho",0.91799998,0.75766999,0.99504,0.073650002,0.030479999,0.10683
16015,"Boise, Idaho",0.88226002,0.80844998,0.98606998,0.13090999,0.035980001,0.09488
16017,"Bonner, Idaho",0.88963002,0.65464997,0.98648,0.09922,0.033100002,0.098130003
16019,"Bonneville, Idaho",0.90030003,1.15852,0.98426998,0.069600001,0.0096399998,0.085440002
16021,"Boundary, Idaho",0.83205003,0.74225003,0.99278998,0.096320003,0.027860001,0.12099
16023,"Butte, Idaho",0.89429998,,0.99452001,0.10236,0.01564,0.12043
16025,"Camas, Idaho",,,0.98639446,0.079140276,0.04584102,0.097487435
16027,"Canyon, Idaho",0.77136999,0.78656,0.96051002,0.10131,0.0093,0.083499998
16029,"Caribou, Idaho",0.98451,1.21165,0.99668002,0.089900002,0.01454,0.12442
16031,"Cassia, Idaho",0.70995998,0.90065002,0.99146003,0.071740001,0.0088099996,0.099990003
16035,"Clearwater, Idaho",0.72012001,0.58934999,0.99522001,0.07993,0.02788,0.11219
16037,"Custer, Idaho",0.88988,,0.99406999,0.10525,0.02887,0.10749
16039,"Elmore, Idaho",0.87404001,0.94476998,0.97913998,0.10182,0.01064,0.090709999
16041,"Franklin, Idaho",1.01656,1.11454,0.99417001,0.04411,0.0071800002,0.11453
16043,"Fremont, Idaho",0.96243,0.79198998,0.9903,0.16067,0.017030001,0.10708
16045,"Gem, Idaho",0.82819003,0.62769002,0.98299998,0.13233,0.01339,0.095789999
16047,"Gooding, Idaho",0.68133003,0.82317001,0.98786002,0.13341001,0.01853,0.10086
16049,"Idaho, Idaho",0.79925001,0.76912999,0.99488997,0.11831,0.02581,0.12121
16051,"Jefferson, Idaho",1.0208,1.07761,0.97218001,0.091739997,0.00825,0.091470003
16053,"Jerome, Idaho",0.55858999,0.81948,0.97223997,0.054699998,0.00679,0.093599997
16055,"Kootenai, Idaho",0.9138,0.90205002,0.97968,0.088550001,0.01445,0.08608
16057,"Latah, Idaho",1.07522,1.13968,0.97773999,0.096469998,0.03039,0.10741
16059,"Lemhi, Idaho",0.89494997,0.69577998,0.99664003,0.081900001,0.025590001,0.1246
16061,"Lewis, Idaho",0.79544002,,0.96777999,0.10732,0.10592,0.11741
16063,"Lincoln, Idaho",0.67234999,,0.98241001,0.12407,0.0163,0.10129
16065,"Madison, Idaho",1.28088,1.5221,0.93515998,0.14855,0.0082,0.087810002
16067,"Minidoka, Idaho",0.66323,0.73367,0.98969001,0.057859998,0.0095899999,0.10339
16069,"Nez Perce, Idaho",0.76748002,0.93129998,0.99291003,0.10073,0.01887,0.11029
16071,"Oneida, Idaho",1.03951,0.85334998,0.99742001,0.067089997,0.0091000004,0.12297
16073,"Owyhee, Idaho",0.70852,0.80927002,0.96762002,0.099699996,0.017899999,0.098750003
16075,"Payette, Idaho",0.71708,0.87228,0.98281997,0.079769999,0.01512,0.098630004
16077,"Power, Idaho",0.64029002,0.81423002,0.99478,0.069119997,0.02282,0.11834
16079,"Shoshone, Idaho",0.72836,0.74160999,0.99563003,0.097999997,0.018610001,0.12627999
16081,"Teton, Idaho",1.02827,0.77187997,0.98014998,0.073129997,0.02186,0.093719997
16083,"Twin Falls, Idaho",0.80756998,0.97206998,0.98751003,0.071419999,0.0139,0.09076
16085,"Valley, Idaho",0.94411999,0.89938003,0.98497999,0.18113001,0.04166,0.092100002
16087,"Washington, Idaho",0.75248998,0.66803002,0.99076003,0.094209999,0.020439999,0.10751
17001,"Adams, Illinois",0.84658998,0.83587003,0.99848998,0.094240002,0.018309999,0.11587
17003,"Alexander, Illinois",0.60172999,,0.99307001,0.083499998,0.022019999,0.13925
17005,"Bond, Illinois",0.87770998,1.07593,0.99440998,0.17208,0.0209,0.12530001
17007,"Boone, Illinois",0.80488002,1.13085,0.96627003,0.071790002,0.01245,0.098020002
17009,"Brown, Illinois",0.86974001,0.97257,1.0,0.12462,0.016960001,0.1432
17011,"Bureau, Illinois",0.87740999,1.08026,0.99554998,0.06865,0.022469999,0.12579
17013,"Calhoun, Illinois",0.99957001,,0.99989998,0.084040001,0.01438,0.19456001
17015,"Carroll, Illinois",0.87941998,0.86015999,0.99606001,0.08337,0.032099999,0.12743001
17017,"Cass, Illinois",0.59776002,0.68155003,0.99664998,0.06174,0.01186,0.13271999
17019,"Champaign, Illinois",0.91205001,1.17127,0.98782998,0.088380001,0.02135,0.10359
17021,"Christian, Illinois",0.81603003,0.80609,0.99994999,0.10542,0.0211,0.14153001
17023,"Clark, Illinois",0.86019999,0.89428997,0.99526,0.078290001,0.02141,0.13248
17025,"Clay, Illinois",0.80944997,0.71218002,0.99840999,0.091559999,0.016930001,0.14278001
17027,"Clinton, Illinois",1.05951,0.98764998,0.99677002,0.098549999,0.01382,0.13785
17029,"Coles, Illinois",0.81581002,0.88521999,0.99502999,0.076650001,0.02169,0.11269
17031,"Cook, Illinois",0.75869,0.77640003,0.97693998,0.066019997,0.0122,0.08433
17033,"Crawford, Illinois",0.88082999,0.90110999,0.99887002,0.084749997,0.020020001,0.14024
17035,"Cumberland, Illinois",0.86751997,0.82313001,0.99001998,0.068960004,0.017270001,0.1283
17037,"DeKalb, Illinois",0.96710002,1.22893,0.97565001,0.085469998,0.01784,0.10211
17039,"De Witt, Illinois",0.89556998,0.85043001,0.99151999,0.1309,0.02286,0.12202
17041,"Douglas, Illinois",0.89494997,0.92925,0.99333,0.069420002,0.02314,0.11971
17043,"DuPage, Illinois",1.03581,1.28125,0.94612002,0.067699999,0.01526,0.094449997
17045,"Edgar, Illinois",0.74488002,0.80822998,0.99818999,0.057130001,0.017619999,0.14268
17047,"Edwards, Illinois",0.86596,0.9152,0.99366999,0.11307,0.01842,0.13793001
17049,"Effingham, Illinois",0.88552999,0.94047999,0.99899,0.1086,0.01888,0.12836
17051,"Fayette, Illinois",0.73540002,0.78525001,0.99805999,0.068020001,0.02186,0.12785999
17053,"Ford, Illinois",0.92458999,1.00598,0.99243999,0.065739997,0.021050001,0.12179
17055,"Franklin, Illinois",0.71328998,0.77143002,0.99527001,0.073430002,0.01681,0.11678
17057,"Fulton, Illinois",0.80118001,0.79003,0.99637002,0.099140003,0.01544,0.13208
17059,"Gallatin, Illinois",0.74414998,,0.99777001,0.15355,0.015860001,0.13841
17061,"Greene, Illinois",0.82710999,0.61598003,0.99813002,0.15798,0.01798,0.14331999
17063,"Grundy, Illinois",1.0577199,1.30233,0.98246002,0.072279997,0.01422,0.10816
17065,"Hamilton, Illinois",0.82358003,0.8355,0.99700999,0.079379998,0.013,0.14234
17067,"Hancock, Illinois",0.91314,0.77091002,0.99603999,0.21617,0.024019999,0.13279
17069,"Hardin, Illinois",0.71897,,0.99836999,0.06188,0.01264,0.16587
17071,"Henderson, Illinois",0.85506999,0.70217001,0.99414998,0.14132001,0.01403,0.13513
17073,"Henry, Illinois",0.87853003,0.97193003,0.99160999,0.13818,0.01833,0.12138
17075,"Iroquois, Illinois",0.86128998,0.95297003,0.99552,0.071160004,0.016620001,0.12413
17077,"Jackson, Illinois",0.81449002,0.87481999,0.98626,0.071010001,0.023739999,0.10877
17079,"Jasper, Illinois",0.86857998,0.86495,0.99664998,0.087439999,0.016589999,0.14025
17081,"Jefferson, Illinois",0.71473998,0.87015998,0.99676001,0.064989999,0.01499,0.11917
17083,"Jersey, Illinois",0.90250999,0.93774998,0.99610001,0.082850002,0.01709,0.1362
17085,"Jo Daviess, Illinois",1.01666,0.83184999,0.99414003,0.11111,0.029200001,0.12612
17087,"Johnson, Illinois",0.84772998,0.78219998,0.99453998,0.092309996,0.018890001,0.12537999
17089,"Kane, Illinois",0.81374002,1.07953,0.96054,0.068429999,0.017200001,0.093910001
17091,"Kankakee, Illinois",0.81575,0.99008,0.99763,0.069899999,0.01571,0.11561
17093,"Kendall, Illinois",0.97558999,1.3710099,0.94747001,0.081440002,0.0099999998,0.092139997
17095,"Knox, Illinois",0.74163997,0.76596999,0.99748999,0.088370003,0.02018,0.1196
17097,"Lake, Illinois",0.79540002,1.1381299,0.97597998,0.065509997,0.01406,0.093719997
17099,"LaSalle, Illinois",0.88068002,1.01372,0.99379998,0.095810004,0.01534,0.11996
17101,"Lawrence, Illinois",0.77241999,0.81958997,0.99777001,0.091059998,0.01581,0.13211
17103,"Lee, Illinois",0.89144999,0.97303998,0.99201,0.084030002,0.016799999,0.11356
17105,"Livingston, Illinois",0.88341999,1.01033,0.99729002,0.07305,0.01956,0.12476
17107,"Logan, Illinois",0.84324002,0.98444998,0.9971,0.072839998,0.019090001,0.12026
17109,"McDonough, Illinois",0.87976003,0.89339,0.99387997,0.10022,0.035190001,0.11292
17111,"McHenry, Illinois",1.0315599,1.32226,0.97126001,0.085699998,0.01337,0.10014
17113,"McLean, Illinois",0.96234,1.2444299,0.98714,0.084959999,0.01888,0.10347
17115,"Macon, Illinois",0.67282999,0.99032998,0.99653,0.065530002,0.01536,0.11374
17117,"Macoupin, Illinois",0.8581,0.96977001,0.99137002,0.10192,0.01319,0.12408
17119,"Madison, Illinois",0.80873001,0.97482997,0.98931003,0.08986,0.01512,0.10833
17121,"Marion, Illinois",0.69865,0.75642002,0.99651998,0.066249996,0.01418,0.12367
17123,"Marshall, Illinois",0.90486002,0.99811,0.99226999,0.12477,0.023010001,0.12559
17125,"Mason, Illinois",0.82437003,0.72078001,0.99449003,0.12791,0.02063,0.13322
17127,"Massac, Illinois",0.80937999,0.75401002,0.9982,0.11605,0.024089999,0.12587
17129,"Menard, Illinois",0.91246998,1.09126,0.99216002,0.10347,0.02107,0.11533
17131,"Mercer, Illinois",0.92795002,0.91175002,0.99414003,0.10605,0.02087,0.12768
17133,"Monroe, Illinois",1.13726,1.24187,0.99296999,0.088150002,0.0165,0.11365
17135,"Montgomery, Illinois",0.80458999,0.81230998,0.99792999,0.058279999,0.01895,0.12745
17137,"Morgan, Illinois",0.74520999,0.76871002,0.99541003,0.13584,0.016650001,0.11683
17139,"Moultrie, Illinois",0.88616002,0.91204,0.99131,0.11749,0.02062,0.11197
17141,"Ogle, Illinois",0.92101002,1.08206,0.98822999,0.09403,0.01818,0.11501
17143,"Peoria, Illinois",0.70376998,0.92351002,0.99359,0.068539999,0.01812,0.10823
17145,"Perry, Illinois",0.78083003,0.80555999,0.99843001,0.079410002,0.023010001,0.1339
17147,"Piatt, Illinois",1.01722,1.06934,0.98733997,0.11098,0.021980001,0.11769
17149,"Pike, Illinois",0.82776999,0.78795999,0.99794,0.20972,0.017680001,0.14369
17151,"Pope, Illinois",0.80373001,,0.99321997,0.15937001,0.035160001,0.12583999
17153,"Pulaski, Illinois",0.64888,,0.99461001,0.055539999,0.024590001,0.13562
17155,"Putnam, Illinois",0.93984997,1.11473,0.98939002,0.16658001,0.0082599996,0.12504999
17157,"Randolph, Illinois",0.80009001,0.81026,0.99607998,0.093160003,0.01421,0.12898
17159,"Richland, Illinois",0.81281,0.89495999,0.99756998,0.05895,0.01945,0.13581
17161,"Rock Island, Illinois",0.74805999,0.87840003,0.99044001,0.11645,0.01761,0.1048
17163,"St. Clair, Illinois",0.70964003,0.89195001,0.99182999,0.070479997,0.01463,0.095299996
17165,"Saline, Illinois",0.69823998,0.74957001,0.99787003,0.065750003,0.016070001,0.12673
17167,"Sangamon, Illinois",0.77772999,1.03029,0.99137998,0.087350003,0.018200001,0.098250002
17169,"Schuyler, Illinois",0.83855999,0.56125998,0.99773002,0.095250003,0.01832,0.13991
17171,"Scott, Illinois",0.85881001,0.76429999,0.99667001,0.088299997,0.0079899998,0.13756
17173,"Shelby, Illinois",0.88202,0.83854997,0.99444002,0.084150001,0.02196,0.12738
17175,"Stark, Illinois",0.92452002,0.94678998,0.99574,0.08777,0.019160001,0.12116
17177,"Stephenson, Illinois",0.77122998,0.83867002,0.99567002,0.05917,0.01987,0.1199
17179,"Tazewell, Illinois",0.89353001,0.96269,0.98727,0.08788,0.01483,0.10323
17181,"Union, Illinois",0.73984998,0.78034002,0.99643999,0.067759998,0.01585,0.13051
17183,"Vermilion, Illinois",0.63591999,0.79825002,0.99730003,0.057689998,0.01405,0.12077
17185,"Wabash, Illinois",0.85715997,0.82191002,0.99912,0.099869996,0.020679999,0.14177001
17187,"Warren, Illinois",0.74355,0.78259999,0.99702001,0.099780001,0.02025,0.12744001
17189,"Washington, Illinois",0.92009997,0.93339002,0.99441999,0.10197,0.019640001,0.12444
17191,"Wayne, Illinois",0.79851002,0.76422,0.99668002,0.070430003,0.02098,0.14596
17193,"White, Illinois",0.76433003,0.81559998,0.99865001,0.11052,0.018200001,0.14292
17195,"Whiteside, Illinois",0.80208999,0.95846999,0.99662,0.068549998,0.018130001,0.12137
17197,"Will, Illinois",0.88901001,1.15271,0.96889001,0.063309997,0.01191,0.095739998
17199,"Williamson, Illinois",0.76560998,0.86799997,0.99185997,0.068680003,0.017589999,0.10641
17201,"Winnebago, Illinois",0.69253999,0.91426998,0.99177003,0.058759999,0.01332,0.096089996
17203,"Woodford, Illinois",1.06163,1.11509,0.98251998,0.08371,0.020129999,0.11348
18001,"Adams, Indiana",0.88123,0.75392002,0.99633002,0.04851,0.018370001,0.12841
18003,"Allen, Indiana",0.76571,0.92057002,0.98988003,0.070309997,0.01273,0.098289996
18005,"Bartholomew, Indiana",0.82498997,1.02782,0.99211001,0.076370001,0.0166,0.10016
18007,"Benton, Indiana",0.85102999,0.77367002,0.98303998,0.099119999,0.02035,0.11096
18009,"Blackford, Indiana",0.73729998,0.69814998,0.99260998,0.12537999,0.018750001,0.11863
18011,"Boone, Indiana",0.98833001,1.11246,0.96529001,0.10732,0.01472,0.099169999
18013,"Brown, Indiana",0.84320003,0.81937999,0.97974998,0.14806999,0.02702,0.12508
18015,"Carroll, Indiana",0.89156002,0.93867999,0.98386002,0.097039998,0.027450001,0.11145
18017,"Cass, Indiana",0.64837998,0.73782998,0.99447,0.068269998,0.01497,0.1085
18019,"Clark, Indiana",0.82122999,0.88578999,0.98006999,0.083099999,0.0085699996,0.094999999
18021,"Clay, Indiana",0.7888,0.77354002,0.99256003,0.10693,0.01519,0.11886
18023,"Clinton, Indiana",0.70153999,0.74169999,0.99342,0.084600002,0.015900001,0.11305
18025,"Crawford, Indiana",0.77706999,0.47059,0.99302,0.067869999,0.01534,0.12575001
18027,"Daviess, Indiana",0.73146999,0.90047002,0.99822003,0.075110003,0.01792,0.14492001
18029,"Dearborn, Indiana",0.94990999,0.93519998,0.99115002,0.074639998,0.018750001,0.11137
18031,"Decatur, Indiana",0.86707002,0.79911,0.99471998,0.11764,0.018139999,0.11602
18033,"DeKalb, Indiana",0.85146999,0.78658998,0.98602998,0.071479999,0.0177,0.10528
18035,"Delaware, Indiana",0.75151998,0.82498997,0.99311,0.12894,0.02244,0.10829
18037,"Dubois, Indiana",0.88872999,0.87861001,0.99803001,0.085150003,0.016310001,0.13302
18039,"Elkhart, Indiana",0.68068999,0.92004001,0.98734999,0.068690002,0.01406,0.095729999
18041,"Fayette, Indiana",0.69010001,0.64969999,0.99703997,0.12503999,0.016209999,0.12326
18043,"Floyd, Indiana",0.89868999,0.97412002,0.97201002,0.09003,0.01302,0.094860002
18045,"Fountain, Indiana",0.84794003,0.80997998,0.99408001,0.10129,0.02022,0.12589
18047,"Franklin, Indiana",0.89889997,1.05092,0.99361002,0.088160001,0.02943,0.12498
18049,"Fulton, Indiana",0.78792,0.67951,0.99246001,0.19777,0.01715,0.11433
18051,"Gibson, Indiana",0.86931002,0.95943999,0.99317002,0.14885999,0.01589,0.11864
18053,"Grant, Indiana",0.63485998,0.63765001,0.99602997,0.074100003,0.020649999,0.10792
18055,"Greene, Indiana",0.80587,0.69288999,0.99559999,0.15335999,0.018549999,0.12396
18057,"Hamilton, Indiana",1.1047699,1.36393,0.95139998,0.10307,0.01324,0.092129998
18059,"Hancock, Indiana",0.97965997,1.06177,0.96452999,0.089369997,0.016559999,0.098789997
18061,"Harrison, Indiana",0.90402001,0.83933002,0.99010003,0.086900003,0.01732,0.11154
18063,"Hendricks, Indiana",0.92931998,1.22805,0.95687997,0.098710001,0.016720001,0.097939998
18065,"Henry, Indiana",0.76604998,0.69696999,0.99334002,0.12291,0.020810001,0.1117
18067,"Howard, Indiana",0.77929997,0.87387002,0.99633002,0.073859997,0.017100001,0.10482
18069,"Huntington, Indiana",0.80271,0.7101,0.99032998,0.089639999,0.02025,0.10801
18071,"Jackson, Indiana",0.67777997,0.86729002,0.99553001,0.080700003,0.01406,0.11798
18073,"Jasper, Indiana",0.88543999,0.94661999,0.98784,0.097790003,0.01383,0.1106
18075,"Jay, Indiana",0.70731997,0.65377003,0.99546999,0.12642001,0.01599,0.12924001
18077,"Jefferson, Indiana",0.80694997,0.81326002,0.99643999,0.18449,0.023530001,0.11945
18079,"Jennings, Indiana",0.74383998,0.70497,0.99545002,0.07683,0.01072,0.11959
18081,"Johnson, Indiana",0.90367001,1.12582,0.96359998,0.08568,0.01083,0.096539997
18083,"Knox, Indiana",0.77276999,0.82507002,0.99633002,0.14595,0.01615,0.12712
18085,"Kosciusko, Indiana",0.82953,0.94818002,0.98974001,0.069159999,0.01922,0.1009
18087,"LaGrange, Indiana",0.80260998,0.88309002,0.98601002,0.06803,0.02348,0.10852
18089,"Lake, Indiana",0.73655999,0.88253999,0.98299003,0.06033,0.01079,0.095059998
18091,"LaPorte, Indiana",0.7274,0.80761999,0.99233001,0.093850002,0.01529,0.10642
18093,"Lawrence, Indiana",0.76993001,0.63404,0.99659002,0.082010001,0.021,0.11634
18095,"Madison, Indiana",0.70077997,0.74436003,0.99195999,0.084370002,0.01719,0.10429
18097,"Marion, Indiana",0.64282,0.79659998,0.98211002,0.068999998,0.015690001,0.087470002
18099,"Marshall, Indiana",0.79961002,0.90021998,0.98913002,0.081890002,0.02437,0.11126
18101,"Martin, Indiana",0.90463001,0.74151999,0.99658,0.076559998,0.01723,0.16034
18103,"Miami, Indiana",0.72579002,0.80277997,0.99018002,0.06741,0.01684,0.10869
18105,"Monroe, Indiana",1.02991,1.0185,0.98132998,0.12898999,0.02471,0.099880002
18107,"Montgomery, Indiana",0.82707,0.89166999,0.99637002,0.076549999,0.0186,0.11442
18109,"Morgan, Indiana",0.88023001,0.96416998,0.98031998,0.10055,0.0167,0.1037
18111,"Newton, Indiana",0.8114,0.79299998,0.98206002,0.095469996,0.02251,0.1086
18113,"Noble, Indiana",0.74302,0.75459999,0.98923999,0.05807,0.02,0.11058
18115,"Ohio, Indiana",0.89984,1.05424,0.99062997,0.09127,0.01705,0.12709001
18117,"Orange, Indiana",0.78084999,0.66447997,0.99866003,0.10657,0.02172,0.13758001
18119,"Owen, Indiana",0.78828001,0.58704001,0.98523003,0.12002,0.019780001,0.11237
18121,"Parke, Indiana",0.82599002,0.76545,0.99153,0.10906,0.024350001,0.11945
18123,"Perry, Indiana",0.88709998,0.80575001,0.99844003,0.09821,0.01605,0.13531999
18125,"Pike, Indiana",0.84871,0.65219998,0.99548,0.17568,0.019330001,0.13603
18127,"Porter, Indiana",0.91794997,1.07507,0.97817999,0.094800003,0.01598,0.097769998
18129,"Posey, Indiana",0.88253999,1.0032901,0.99054003,0.14930999,0.02537,0.11932
18131,"Pulaski, Indiana",0.83494002,0.59903002,0.99204999,0.10305,0.01818,0.11991
18133,"Putnam, Indiana",0.91301,0.86725003,0.98999,0.14374,0.01873,0.10851
18135,"Randolph, Indiana",0.72804999,0.64498001,0.99395001,0.11208,0.019610001,0.12247
18137,"Ripley, Indiana",0.96222001,0.79698998,0.99326998,0.12837,0.017890001,0.12009
18139,"Rush, Indiana",0.85039997,0.85460001,0.99387002,0.12775999,0.0239,0.12559
18141,"St. Joseph, Indiana",0.73885,0.91008002,0.98901999,0.065439999,0.01447,0.094889998
18143,"Scott, Indiana",0.73525,0.75889999,0.99518001,0.081160001,0.015790001,0.12213
18145,"Shelby, Indiana",0.80817997,0.94826001,0.99000001,0.11301,0.016519999,0.1072
18147,"Spencer, Indiana",0.92299002,0.90968001,0.99602997,0.090209998,0.02551,0.13065
18149,"Starke, Indiana",0.79974997,0.68198001,0.99201,0.094410002,0.01705,0.12061
18151,"Steuben, Indiana",0.80950999,0.85394001,0.99167001,0.067270003,0.02365,0.10642
18153,"Sullivan, Indiana",0.82416999,0.72983998,0.99719,0.082979999,0.017039999,0.13057999
18155,"Switzerland, Indiana",0.89344001,0.59867001,0.99579,0.088330001,0.018650001,0.12795
18157,"Tippecanoe, Indiana",0.88608998,1.00251,0.98668998,0.086560003,0.018999999,0.09956
18159,"Tipton, Indiana",0.93202001,0.99515003,0.99066001,0.09691,0.02424,0.1175
18161,"Union, Indiana",0.90530998,0.77987999,0.99597001,0.19698,0.024490001,0.13379
18163,"Vanderburgh, Indiana",0.79108,0.87911999,0.99291003,0.088069998,0.01764,0.09888
18165,"Vermillion, Indiana",0.81395,0.78349,0.99250001,0.10081,0.01352,0.12653001
18167,"Vigo, Indiana",0.75757998,0.77484,0.99467999,0.08862,0.01816,0.10413
18169,"Wabash, Indiana",0.77568001,0.7101,0.99498999,0.0748,0.02486,0.11642
18171,"Warren, Indiana",0.84447998,0.79730999,0.99188,0.064730003,0.025289999,0.13609
18173,"Warrick, Indiana",0.96556002,0.96469003,0.97864002,0.10822,0.01408,0.10083
18175,"Washington, Indiana",0.81598002,0.62322998,0.99668002,0.059739999,0.016419999,0.12131
18177,"Wayne, Indiana",0.68084002,0.6904,0.99557,0.14432999,0.020059999,0.11177
18179,"Wells, Indiana",0.83754998,0.89183003,0.98944002,0.05731,0.01639,0.1119
18181,"White, Indiana",0.79141998,0.79904002,0.98923999,0.12214,0.01521,0.10734
18183,"Whitley, Indiana",0.93697,0.89345998,0.98598999,0.096170001,0.0176,0.11062
19001,"Adair, Iowa",1.04217,0.80233002,0.99501997,0.091109999,0.040690001,0.12763999
19003,"Adams, Iowa",0.99168003,,0.99730003,0.071089998,0.02774,0.12864999
19005,"Allamakee, Iowa",0.95157999,0.76674998,0.9975,0.10094,0.02224,0.14259
19007,"Appanoose, Iowa",0.83076,0.76648003,0.99893999,0.082520001,0.02101,0.14641
19009,"Audubon, Iowa",1.0862499,,0.99540001,0.083630003,0.031640001,0.12437
19011,"Benton, Iowa",1.12208,1.00179,0.98512,0.097910002,0.017960001,0.11905
19013,"Black Hawk, Iowa",0.84346002,0.95526999,0.9932,0.07412,0.0167,0.10819
19015,"Boone, Iowa",1.105,0.90331,0.98965001,0.1028,0.02255,0.11721
19017,"Bremer, Iowa",1.1985101,1.05158,0.98540002,0.10522,0.026459999,0.10904
19019,"Buchanan, Iowa",1.12161,1.00256,0.99426001,0.093460001,0.021469999,0.12076
19021,"Buena Vista, Iowa",0.61985999,0.86421001,0.99680001,0.059289999,0.01757,0.11752
19023,"Butler, Iowa",1.15878,0.82868999,0.99062997,0.089579999,0.02368,0.12118
19025,"Calhoun, Iowa",1.0970401,0.79408997,0.99563003,0.091700003,0.026690001,0.12835
19027,"Carroll, Iowa",1.1022201,1.0073299,0.99599999,0.057390001,0.019610001,0.12658
19029,"Cass, Iowa",0.91459,0.83844,0.99523997,0.19573,0.019409999,0.12148
19031,"Cedar, Iowa",1.12602,0.91881001,0.98532999,0.12529001,0.018750001,0.11309
19033,"Cerro Gordo, Iowa",0.93401003,0.91956002,0.99479997,0.12766001,0.021029999,0.11279
19035,"Cherokee, Iowa",1.06761,0.90310001,0.99641001,0.092919998,0.02489,0.1229
19037,"Chickasaw, Iowa",1.0524,0.83626002,0.99729002,0.14313,0.023259999,0.13031
19039,"Clarke, Iowa",0.78982002,0.73167998,0.99202001,0.069430001,0.01698,0.11846
19041,"Clay, Iowa",0.96508002,0.79298002,0.99638999,0.093379997,0.021369999,0.11205
19043,"Clayton, Iowa",1.11678,0.82686001,0.99646997,0.082060002,0.02935,0.13473
19045,"Clinton, Iowa",0.85602999,0.88891,0.99488002,0.074249998,0.01491,0.11489
19047,"Crawford, Iowa",0.70107001,0.80277002,0.99772,0.04544,0.01306,0.13392
19049,"Dallas, Iowa",1.05221,1.30232,0.94564998,0.081029996,0.00825,0.09967
19051,"Davis, Iowa",0.95643997,0.90864998,0.99747998,0.15245999,0.0273,0.13286
19053,"Decatur, Iowa",0.97814,0.79729998,0.99457002,0.15202001,0.01536,0.12215
19055,"Delaware, Iowa",1.10604,0.88701999,0.99734998,0.067869999,0.019060001,0.13379
19057,"Des Moines, Iowa",0.82726002,0.81266999,0.99755001,0.09437,0.01849,0.12008
19059,"Dickinson, Iowa",1.1104701,1.03741,0.99606001,0.077950001,0.025389999,0.10957
19061,"Dubuque, Iowa",1.01527,0.94423002,0.99594998,0.0744,0.015769999,0.11175
19063,"Emmet, Iowa",0.91679001,0.96860999,0.99734002,0.072999999,0.023569999,0.12421
19065,"Fayette, Iowa",0.99362999,0.78337997,0.99416,0.06859,0.019929999,0.12343
19067,"Floyd, Iowa",0.96565998,0.77835,0.9939,0.14196999,0.02131,0.12702
19069,"Franklin, Iowa",0.81181997,0.96893001,0.99425,0.060419999,0.01533,0.12616999
19071,"Fremont, Iowa",0.98953998,0.77477002,0.99430001,0.094829999,0.027589999,0.12143
19073,"Greene, Iowa",1.02468,0.75095999,0.99713999,0.12217,0.033640001,0.1221
19075,"Grundy, Iowa",1.1821001,0.98756999,0.99092001,0.094850004,0.0219,0.11388
19077,"Guthrie, Iowa",1.09542,0.82753003,0.99028999,0.11038,0.0219,0.11862
19079,"Hamilton, Iowa",0.87664002,0.93430001,0.99579,0.079719998,0.023870001,0.12702
19081,"Hancock, Iowa",1.02168,0.89859003,0.99357998,0.075319998,0.02537,0.11829
19083,"Hardin, Iowa",1.0229501,0.80076998,0.99519998,0.10549,0.022530001,0.12327
19085,"Harrison, Iowa",1.09229,0.91097999,0.99307001,0.090410002,0.01836,0.12153
19087,"Henry, Iowa",0.93019003,0.87222999,0.99359,0.081029996,0.019090001,0.11693
19089,"Howard, Iowa",1.07022,0.83680999,0.99725997,0.093269996,0.01282,0.13651
19091,"Humboldt, Iowa",1.03614,0.89797997,0.99423999,0.065009996,0.01263,0.12711
19093,"Ida, Iowa",1.06471,,0.99746001,0.18035001,0.01756,0.12233
19095,"Iowa, Iowa",1.10716,0.9483,0.99289,0.069430001,0.01333,0.12211
19097,"Jackson, Iowa",1.00366,0.88881999,0.99361002,0.086290002,0.01162,0.13036001
19099,"Jasper, Iowa",0.97178,0.88676,0.99214,0.081009999,0.02406,0.11744
19101,"Jefferson, Iowa",0.99169999,0.82467002,0.99676001,0.12069,0.035100002,0.12639
19103,"Johnson, Iowa",1.09649,1.2263,0.97375,0.096160002,0.017929999,0.10672
19105,"Jones, Iowa",1.0578001,0.89262998,0.99335998,0.085749999,0.024350001,0.12355
19107,"Keokuk, Iowa",0.96718001,0.73957002,0.99432999,0.10164,0.018279999,0.12025
19109,"Kossuth, Iowa",1.01635,0.89311999,0.99712002,0.071280003,0.02507,0.12307
19111,"Lee, Iowa",0.79536003,0.74636,0.99747002,0.11625,0.01602,0.12767
19113,"Linn, Iowa",1.00389,1.177,0.98786998,0.10529,0.01368,0.09815
19115,"Louisa, Iowa",0.82337999,0.80113,0.99410999,0.09138,0.017349999,0.12988999
19117,"Lucas, Iowa",0.91488999,0.80430001,0.99528998,0.055300001,0.017510001,0.14079
19119,"Lyon, Iowa",1.16634,1.02918,0.99785,0.076899998,0.02177,0.12675001
19121,"Madison, Iowa",1.16129,1.00685,0.98334002,0.14293,0.03184,0.11235
19123,"Mahaska, Iowa",0.96131998,0.79303002,0.99611998,0.087839998,0.025590001,0.11862
19125,"Marion, Iowa",1.0699,0.95797998,0.99189001,0.054869998,0.02286,0.11539
19127,"Marshall, Iowa",0.70670003,0.83951002,0.99545997,0.050810002,0.01259,0.12008
19129,"Mills, Iowa",1.09574,1.07221,0.98951,0.082850002,0.027070001,0.11329
19131,"Mitchell, Iowa",1.13223,0.85522997,0.99739999,0.10919,0.038079999,0.13727
19133,"Monona, Iowa",1.00617,0.94072002,0.99721003,0.084409997,0.0231,0.12774999
19135,"Monroe, Iowa",0.97517002,0.75898999,0.99561,0.063749999,0.020330001,0.13141
19137,"Montgomery, Iowa",0.90561002,0.79903001,0.99708998,0.09369,0.018519999,0.12661
19139,"Muscatine, Iowa",0.81383002,0.86553001,0.99761999,0.08224,0.01502,0.11865
19141,"O'Brien, Iowa",1.0548,0.94292998,0.99414998,0.047759999,0.02141,0.11956
19143,"Osceola, Iowa",0.94143999,0.90675002,0.99299002,0.05353,0.018069999,0.12893
19145,"Page, Iowa",0.96125001,0.72505999,0.99795997,0.085749999,0.02338,0.12773
19147,"Palo Alto, Iowa",1.0679801,0.87939,0.99583,0.074029997,0.021640001,0.1198
19149,"Plymouth, Iowa",1.04109,1.09457,0.99335998,0.059939999,0.01477,0.12105
19151,"Pocahontas, Iowa",0.91883999,0.81550997,0.99308997,0.05607,0.031569999,0.11619
19153,"Polk, Iowa",0.86509001,1.04963,0.98370999,0.088500001,0.01749,0.099749997
19155,"Pottawattamie, Iowa",0.82823998,0.94497001,0.98615998,0.059379999,0.0133,0.099160001
19157,"Poweshiek, Iowa",1.02074,0.94637001,0.99583,0.077380002,0.0296,0.12196
19159,"Ringgold, Iowa",0.99833,0.85435998,0.99735999,0.090659998,0.02809,0.15092
19161,"Sac, Iowa",0.92429,0.90508002,0.99589998,0.065710001,0.024320001,0.18986
19163,"Scott, Iowa",0.84495997,1.02214,0.98954999,0.095150001,0.01396,0.098480001
19165,"Shelby, Iowa",1.04129,1.07428,0.99653,0.066150002,0.024119999,0.12545
19167,"Sioux, Iowa",0.98806,1.01904,0.99720001,0.060180001,0.02297,0.12762
19169,"Story, Iowa",1.1839,1.33436,0.96653998,0.085730001,0.02641,0.11211
19171,"Tama, Iowa",0.88661999,0.87853998,0.99308997,0.067129999,0.020330001,0.13068999
19173,"Taylor, Iowa",0.92896003,0.82287002,0.99883997,0.086970001,0.020509999,0.13246
19175,"Union, Iowa",0.89901,0.88155001,0.99763,0.073639996,0.017790001,0.12802
19177,"Van Buren, Iowa",0.91786999,0.77244997,0.99480999,0.10549,0.02633,0.13142
19179,"Wapello, Iowa",0.71122998,0.78483999,0.99612999,0.074989997,0.01481,0.11601
19181,"Warren, Iowa",1.11465,1.1433001,0.96877003,0.093340002,0.0188,0.10312
19183,"Washington, Iowa",1.02451,0.94976002,0.99399,0.077579997,0.020230001,0.11696
19185,"Wayne, Iowa",0.94835001,0.88041002,0.99663001,0.080959998,0.020740001,0.14386
19187,"Webster, Iowa",0.87379003,0.77076,0.99638999,0.088169999,0.01582,0.12076
19189,"Winnebago, Iowa",1.0075999,0.83934999,0.99651003,0.094109997,0.027899999,0.1212
19191,"Winneshiek, Iowa",1.2157,0.91882002,0.99668002,0.081540003,0.037050001,0.12784
19193,"Woodbury, Iowa",0.77585,0.97008997,0.99519002,0.052829999,0.01626,0.10423
19195,"Worth, Iowa",1.03399,0.87507999,0.98587,0.15290999,0.020719999,0.12428
19197,"Wright, Iowa",0.76385999,0.89595997,0.99453002,0.067029998,0.017759999,0.11892
20001,"Allen, Kansas",0.77282,0.65759999,0.99698001,0.077339999,0.023,0.12746
20003,"Anderson, Kansas",0.96709001,0.70556003,0.99286002,0.10266,0.022390001,0.12278
20005,"Atchison, Kansas",0.91580999,0.85604,0.99643999,0.23508,0.02114,0.12588
20007,"Barber, Kansas",1.00301,0.8193,1.0,0.16666999,0.02744,0.13888
20009,"Barton, Kansas",0.83504999,0.84828001,0.99634999,0.075790003,0.02203,0.11989
20011,"Bourbon, Kansas",0.81825,0.68252999,0.99747998,0.08642,0.02407,0.13459
20013,"Brown, Kansas",0.88506001,0.84391999,0.99866998,0.091559999,0.041639999,0.12408
20015,"Butler, Kansas",0.9878,1.12202,0.97679001,0.077090003,0.020190001,0.10018
20017,"Chase, Kansas",0.98408002,,0.99743998,0.091190003,0.038369998,0.12909
20019,"Chautauqua, Kansas",0.82738,,0.99699998,0.13123,0.027419999,0.12428
20021,"Cherokee, Kansas",0.80658001,0.64664,0.99128002,0.072279997,0.02165,0.11575
20023,"Cheyenne, Kansas",0.99049002,,0.99632001,0.27358001,0.043559998,0.11446
20025,"Clark, Kansas",1.10186,,0.99198997,0.073849998,0.0178,0.099770002
20027,"Clay, Kansas",0.97689998,0.95883,0.99655998,0.090290003,0.03325,0.12185
20029,"Cloud, Kansas",0.94858998,0.82230002,0.99642998,0.055059999,0.02627,0.13044
20031,"Coffey, Kansas",1.0122,1.12401,0.99708998,0.097649999,0.02479,0.1184
20033,"Comanche, Kansas",1.11961,,0.99886,0.11617,0.033890001,0.13265
20035,"Cowley, Kansas",0.79356998,0.87105,0.99484998,0.082670003,0.02125,0.11585
20037,"Crawford, Kansas",0.84542,0.78671002,0.99606001,0.093249999,0.02313,0.11637
20039,"Decatur, Kansas",0.94524002,,0.99992001,0.18974,0.02424,0.12461
20041,"Dickinson, Kansas",0.96974999,0.87661999,0.99084997,0.14331,0.02317,0.10612
20043,"Doniphan, Kansas",0.97083998,0.81068999,0.99366999,0.12424,0.01788,0.12653001
20045,"Douglas, Kansas",1.08681,1.20233,0.97549999,0.098099999,0.02454,0.10082
20047,"Edwards, Kansas",0.85889,,0.99769002,0.16255,0.02764,0.12178
20049,"Elk, Kansas",0.91036999,,0.99286002,0.12657,0.043389998,0.1118
20051,"Ellis, Kansas",1.10554,1.12629,0.99566001,0.075659998,0.02476,0.11782
20053,"Ellsworth, Kansas",0.95778,0.8635,0.99695998,0.088270001,0.04315,0.11629
20055,"Finney, Kansas",0.69670999,0.79052001,0.99634999,0.050409999,0.01448,0.10602
20057,"Ford, Kansas",0.60279,0.69709003,0.99585003,0.035769999,0.01495,0.11062
20059,"Franklin, Kansas",0.96956998,0.80405003,0.99177998,0.10082,0.01839,0.10897
20061,"Geary, Kansas",0.87906998,1.04013,0.93316001,0.063259996,0.01155,0.081179999
20063,"Gove, Kansas",1.12533,,0.99777001,0.07508,0.039650001,0.11695
20065,"Graham, Kansas",1.01243,,0.99738997,0.093319997,0.059069999,0.1228
20067,"Grant, Kansas",0.71670002,0.92123997,0.99799001,0.10388,0.02318,0.12454
20069,"Gray, Kansas",1.03863,1.12953,0.99401999,0.11768,0.02444,0.12035
20071,"Greeley, Kansas",,,0.99706852,0.2872653,0.055152521,0.12104063
20073,"Greenwood, Kansas",0.93081999,0.78560001,0.99738002,0.11413,0.034170002,0.13235
20075,"Hamilton, Kansas",0.63841999,,0.99608999,0.03019,0.022430001,0.111
20077,"Harper, Kansas",0.92580998,0.82169998,0.99748999,0.14599,0.035840001,0.12966
20079,"Harvey, Kansas",0.90732002,0.97363001,0.98645002,0.094070002,0.024460001,0.10468
20081,"Haskell, Kansas",0.89012998,1.02578,0.99378997,0.06312,0.02667,0.12061
20083,"Hodgeman, Kansas",1.13598,,0.99834001,0.14452,0.042440001,0.1162
20085,"Jackson, Kansas",0.99778998,0.82014,0.99080998,0.11333,0.019339999,0.11356
20087,"Jefferson, Kansas",1.10123,1.03758,0.98629999,0.10099,0.0241,0.11005
20089,"Jewell, Kansas",0.95844001,,0.99642003,0.16140001,0.02857,0.1204
20091,"Johnson, Kansas",1.0613101,1.26498,0.97061002,0.085330002,0.0136,0.094300002
20093,"Kearny, Kansas",0.82278001,1.13328,0.99707001,0.14133,0.01991,0.11355
20095,"Kingman, Kansas",0.98304999,0.99962002,0.99361998,0.11705,0.03204,0.11482
20097,"Kiowa, Kansas",1.12808,,0.99825001,0.040369999,0.064630002,0.12315
20099,"Labette, Kansas",0.78236997,0.81519997,0.99747998,0.11488,0.021709999,0.12676001
20101,"Lane, Kansas",0.94128001,,0.99772,0.14528,0.021539999,0.10429
20103,"Leavenworth, Kansas",0.97672999,1.08973,0.98034,0.085660003,0.018309999,0.09262
20105,"Lincoln, Kansas",0.97731,,0.99269998,0.12605,0.038789999,0.11155
20107,"Linn, Kansas",0.94910002,0.78057998,0.98984998,0.10713,0.020679999,0.11213
20109,"Logan, Kansas",0.99975002,,0.99553001,0.066090003,0.01383,0.11314
20111,"Lyon, Kansas",0.85102999,0.80079001,0.99673003,0.079970002,0.023600001,0.1147
20113,"McPherson, Kansas",1.04287,1.00959,0.99264997,0.074929997,0.027690001,0.10628
20115,"Marion, Kansas",1.00951,0.86269999,0.99400002,0.11409,0.033240002,0.11349
20117,"Marshall, Kansas",1.00089,0.84614998,0.99851,0.098810002,0.028000001,0.13666999
20119,"Meade, Kansas",0.94835001,,0.99592,0.085859999,0.042479999,0.10961
20121,"Miami, Kansas",1.05277,1.0323499,0.98967999,0.092519999,0.02788,0.11157
20123,"Mitchell, Kansas",1.06715,0.74059999,0.99658,0.068549998,0.03269,0.12606999
20125,"Montgomery, Kansas",0.74839002,0.75449002,0.99519998,0.098310001,0.021120001,0.11465
20127,"Morris, Kansas",1.02764,0.98091,0.99542999,0.10578,0.03176,0.12009
20129,"Morton, Kansas",0.88933998,,0.99756002,0.099200003,0.035750002,0.12624
20131,"Nemaha, Kansas",1.07207,0.98977,0.99760997,0.07745,0.023800001,0.14225
20133,"Neosho, Kansas",0.81098002,0.84495997,0.99765003,0.12364,0.01959,0.12999
20135,"Ness, Kansas",0.99545002,,0.99829,0.14573,0.035270002,0.11926
20137,"Norton, Kansas",0.94418001,0.99694002,0.99904001,0.076590002,0.02627,0.12436
20139,"Osage, Kansas",1.00543,0.85162997,0.98905998,0.12348,0.02255,0.10827
20141,"Osborne, Kansas",0.97916001,0.69455999,0.99768001,0.12413,0.030130001,0.13313
20143,"Ottawa, Kansas",1.00792,0.82931,0.98932999,0.075029999,0.03404,0.11107
20145,"Pawnee, Kansas",0.95029998,0.87909001,0.99456,0.10358,0.01957,0.11452
20147,"Phillips, Kansas",1.03273,0.78678,0.99811,0.12929,0.033130001,0.12521
20149,"Pottawatomie, Kansas",1.10542,0.90099001,0.98882002,0.10437,0.0208,0.11308
20151,"Pratt, Kansas",0.94848001,0.92495,0.99712998,0.086669996,0.034449998,0.11641
20153,"Rawlins, Kansas",0.98821002,,0.99700999,0.20879,0.02444,0.12471
20155,"Reno, Kansas",0.86844999,0.79382998,0.99473,0.065559998,0.01991,0.10355
20157,"Republic, Kansas",1.0118001,0.90280998,0.99671,0.11752,0.03022,0.12813
20159,"Rice, Kansas",0.90935999,0.83485001,0.99404001,0.12027,0.02681,0.11043
20161,"Riley, Kansas",1.11905,1.21858,0.96508002,0.093139999,0.024250001,0.095179997
20163,"Rooks, Kansas",1.04843,0.92348999,0.99971002,0.10094,0.03193,0.12847
20165,"Rush, Kansas",1.04391,,0.99220997,0.14740001,0.025669999,0.10643
20167,"Russell, Kansas",0.93883997,0.73971999,0.99583,0.086379997,0.0285,0.12822001
20169,"Saline, Kansas",0.83788002,0.84403998,0.99646002,0.058389999,0.018789999,0.10646
20171,"Scott, Kansas",0.85899001,0.94481999,0.99694002,0.16901,0.02084,0.12255
20173,"Sedgwick, Kansas",0.79304999,0.95005,0.98992997,0.059319999,0.01446,0.09386
20175,"Seward, Kansas",0.59332001,0.71460003,0.99662,0.026380001,0.01377,0.10738
20177,"Shawnee, Kansas",0.84419,0.93897003,0.99142998,0.085560001,0.01959,0.096299998
20179,"Sheridan, Kansas",1.06972,,0.99790001,0.089330003,0.03073,0.12454
20181,"Sherman, Kansas",0.95433003,0.95528001,0.99861997,0.17224,0.03424,0.1178
20183,"Smith, Kansas",1.0340101,0.78715003,0.99914998,0.14167,0.039919998,0.13348
20185,"Stafford, Kansas",0.91416001,0.76792997,0.99532002,0.08433,0.039110001,0.11891
20187,"Stanton, Kansas",0.74300998,,0.99852002,0.15528999,0.029410001,0.123
20189,"Stevens, Kansas",0.78669,0.94097,0.99706,0.051109999,0.01661,0.12319
20191,"Sumner, Kansas",0.94945002,1.00133,0.99313998,0.071039997,0.0221,0.12367
20193,"Thomas, Kansas",1.00006,1.13661,0.99514002,0.087609999,0.02275,0.11322
20195,"Trego, Kansas",1.04883,,0.99563003,0.099519998,0.032230001,0.12463
20197,"Wabaunsee, Kansas",1.10539,0.90429002,0.98799998,0.13513,0.02853,0.11311
20199,"Wallace, Kansas",1.1349699,,0.99862999,0.097489998,0.035459999,0.11139
20201,"Washington, Kansas",1.07432,0.93814999,0.99625999,0.17518,0.01746,0.14213
20203,"Wichita, Kansas",0.80993003,,0.99737,0.10057,0.029100001,0.12466
20205,"Wilson, Kansas",0.77942002,0.77161998,0.99811,0.18444,0.02063,0.13421001
20207,"Woodson, Kansas",0.89772999,,0.99510998,0.12732001,0.023460001,0.14059
20209,"Wyandotte, Kansas",0.59995002,0.53711998,0.97431999,0.048439998,0.01249,0.092200004
21001,"Adair, Kentucky",0.82176,0.37693,0.99914002,0.04555,0.02039,0.14184
21003,"Allen, Kentucky",0.79587001,0.46127,0.99434,0.066569999,0.01435,0.13016
21005,"Anderson, Kentucky",0.97829998,0.66161001,0.99128002,0.122,0.01485,0.11494
21007,"Ballard, Kentucky",0.91286999,0.60984999,0.99353999,0.06735,0.022840001,0.12759
21009,"Barren, Kentucky",0.79999,0.47442999,0.99377,0.080349997,0.01019,0.11074
21011,"Bath, Kentucky",0.82356,0.45153999,0.99232,0.05954,0.0083499998,0.12679
21013,"Bell, Kentucky",0.54250002,0.28318,0.99928999,0.031970002,0.01532,0.12762
21015,"Boone, Kentucky",0.94,1.18196,0.97180003,0.061760001,0.01368,0.095020004
21017,"Bourbon, Kentucky",0.85073,0.59915,0.99631,0.048689999,0.01918,0.12059
21019,"Boyd, Kentucky",0.84201002,0.57894999,0.99002999,0.063979998,0.01013,0.10324
21021,"Boyle, Kentucky",0.87402999,0.59565002,0.99084002,0.13173001,0.02297,0.10592
21023,"Bracken, Kentucky",0.97544998,0.47619,0.99614,0.056499999,0.021819999,0.13458
21025,"Breathitt, Kentucky",0.65075999,0.24899,1.0,0.044050001,0.01426,0.16756999
21027,"Breckinridge, Kentucky",0.92708999,0.41563001,0.99392998,0.046459999,0.01477,0.1224
21029,"Bullitt, Kentucky",0.93434,0.62343001,0.96761,0.069119997,0.01022,0.089230001
21031,"Butler, Kentucky",0.81712002,0.51492,0.99672002,0.11675,0.02091,0.13908
21033,"Caldwell, Kentucky",0.91578001,0.42297,0.99663001,0.082099997,0.01777,0.13367
21035,"Calloway, Kentucky",0.96552002,0.64723003,0.99339998,0.067149997,0.022229999,0.10877
21037,"Campbell, Kentucky",0.97575003,0.81121999,0.98040998,0.081909999,0.01393,0.10195
21039,"Carlisle, Kentucky",0.95319998,,0.99387002,0.066710003,0.016899999,0.13099
21041,"Carroll, Kentucky",0.74715,0.47955999,0.99427998,0.048239999,0.01276,0.12509
21043,"Carter, Kentucky",0.77390999,0.34819001,0.99615997,0.0502,0.01101,0.13087
21045,"Casey, Kentucky",0.74149001,0.36737001,0.99988002,0.078500003,0.016580001,0.14286
21047,"Christian, Kentucky",0.74645001,0.60984999,0.99386001,0.046259999,0.022290001,0.11281
21049,"Clark, Kentucky",0.82292998,0.62834001,0.98672003,0.064889997,0.01492,0.10581
21051,"Clay, Kentucky",0.56465,0.30221999,0.99958003,0.02973,0.0074700001,0.14033
21053,"Clinton, Kentucky",0.64265001,,0.99862999,0.036040001,0.01215,0.17925
21055,"Crittenden, Kentucky",0.88957,0.49369001,0.99795997,0.067299999,0.02142,0.13609999
21057,"Cumberland, Kentucky",0.74738002,,0.99871999,0.14313,0.017550001,0.17268001
21059,"Daviess, Kentucky",0.88028002,0.66873002,0.99781001,0.054269999,0.01495,0.10954
21061,"Edmonson, Kentucky",0.91134,0.49366,0.99507999,0.056899998,0.01605,0.13808
21063,"Elliott, Kentucky",0.77030998,,0.99874002,0.056680001,0.0091599999,0.15513
21065,"Estill, Kentucky",0.76797998,0.39930999,0.99794,0.050590001,0.01702,0.15364
21067,"Fayette, Kentucky",0.85557002,1.01053,0.98313999,0.068360001,0.01457,0.095720001
21069,"Fleming, Kentucky",0.89704001,0.39736,0.99721003,0.044629999,0.01204,0.13338
21071,"Floyd, Kentucky",0.70181,0.30829999,0.99663001,0.061299998,0.01175,0.12472
21073,"Franklin, Kentucky",0.87993002,0.65548998,0.99177003,0.10803,0.031750001,0.1107
21075,"Fulton, Kentucky",0.65978003,,0.99457002,0.049460001,0.0251,0.12444
21077,"Gallatin, Kentucky",0.81849003,0.62958002,0.98663002,0.054260001,0.022600001,0.1153
21079,"Garrard, Kentucky",0.86457998,0.47589001,0.98685998,0.062540002,0.016100001,0.10896
21081,"Grant, Kentucky",0.87752002,0.61141998,0.98451,0.046069998,0.017619999,0.10416
21083,"Graves, Kentucky",0.87553,0.51744002,0.99484003,0.071869999,0.01353,0.11572
21085,"Grayson, Kentucky",0.89462,0.38352999,0.99783999,0.07339,0.01465,0.12997
21087,"Green, Kentucky",0.85987997,0.43346,0.99546999,0.063749999,0.01925,0.13969
21089,"Greenup, Kentucky",0.88020998,0.57376999,0.99387002,0.065760002,0.01781,0.11085
21091,"Hancock, Kentucky",0.96610999,0.68122,0.99131,0.068070002,0.015659999,0.12606999
21093,"Hardin, Kentucky",0.89464998,0.72096997,0.98343998,0.064520001,0.01442,0.088380001
21095,"Harlan, Kentucky",0.53648001,0.27259001,0.99852997,0.043090001,0.0090100002,0.15223999
21097,"Harrison, Kentucky",0.91892999,0.52152997,0.99687999,0.05697,0.01475,0.12993
21099,"Hart, Kentucky",0.79969001,0.36456001,0.99397999,0.06151,0.01386,0.1163
21101,"Henderson, Kentucky",0.75729001,0.49017,0.99453998,0.055399999,0.017929999,0.11183
21103,"Henry, Kentucky",0.92777997,0.56641001,0.99182999,0.067610003,0.01847,0.11424
21105,"Hickman, Kentucky",0.83769,,0.99607998,0.054370001,0.018750001,0.13109
21107,"Hopkins, Kentucky",0.83636999,0.53470999,0.99747002,0.062650003,0.018920001,0.11494
21109,"Jackson, Kentucky",0.74194998,,0.99757999,0.02623,0.01092,0.13812999
21111,"Jefferson, Kentucky",0.72134,0.79277003,0.99137998,0.090379998,0.015969999,0.087389998
21113,"Jessamine, Kentucky",0.89270002,0.68430001,0.97092998,0.06295,0.01592,0.09595
21115,"Johnson, Kentucky",0.80589998,0.45646,0.99576002,0.070529997,0.01012,0.12559
21117,"Kenton, Kentucky",0.83428001,0.92746001,0.97461998,0.065970004,0.01014,0.092710003
21119,"Knott, Kentucky",0.64696002,0.37955001,0.99796999,0.04318,0.01148,0.13961001
21121,"Knox, Kentucky",0.72356999,0.25742,0.99649,0.035999998,0.01195,0.12768
21123,"Larue, Kentucky",0.93555999,0.59116,0.98589998,0.056809999,0.025830001,0.10875
21125,"Laurel, Kentucky",0.75147003,0.43634,0.99564999,0.035300002,0.01288,0.10718
21127,"Lawrence, Kentucky",0.75506997,0.35910001,0.99699003,0.058970001,0.0099200001,0.12935001
21129,"Lee, Kentucky",0.69847,,0.99939001,0.043699998,0.01798,0.1662
21131,"Leslie, Kentucky",0.65744001,0.22915,1.0,0.025,0.01139,0.16741
21133,"Letcher, Kentucky",0.67493999,0.31105,0.99831998,0.11915,0.01257,0.14591999
21135,"Lewis, Kentucky",0.80271,0.45855001,0.99949002,0.031319998,0.01127,0.14230999
21137,"Lincoln, Kentucky",0.7888,0.35723999,0.99097002,0.057330001,0.01196,0.11089
21139,"Livingston, Kentucky",0.90083998,0.46026999,0.99027997,0.09967,0.01519,0.12078
21141,"Logan, Kentucky",0.86803001,0.40134999,0.99620003,0.10468,0.0149,0.1186
21143,"Lyon, Kentucky",0.96608001,0.58441001,0.98703003,0.079489999,0.025979999,0.11601
21145,"McCracken, Kentucky",0.88722003,0.63002002,0.99473,0.11191,0.01736,0.10789
21147,"McCreary, Kentucky",0.57334,0.26517001,0.99962997,0.02991,0.01036,0.15408
21149,"McLean, Kentucky",0.89047998,0.47995001,0.99308002,0.055119999,0.01826,0.12667
21151,"Madison, Kentucky",0.88881999,0.61407,0.98566002,0.056290001,0.01816,0.10214
21153,"Magoffin, Kentucky",0.82762998,0.22188,1.0,0.10127,0.0090899998,0.16870999
21155,"Marion, Kentucky",0.87061,0.49476999,0.99861002,0.045370001,0.01013,0.14489
21157,"Marshall, Kentucky",0.98979998,0.49946001,0.99470001,0.098229997,0.02293,0.11331
21159,"Martin, Kentucky",0.68879002,0.29712,0.99816,0.036449999,0.01063,0.13925
21161,"Mason, Kentucky",0.88572001,0.54843003,0.99908,0.040649999,0.020749999,0.12769
21163,"Meade, Kentucky",0.92645001,0.60544002,0.99230999,0.062430002,0.01846,0.10803
21165,"Menifee, Kentucky",0.76712,,0.99394,0.04479,0.016519999,0.12755001
21167,"Mercer, Kentucky",0.91907001,0.57867998,0.99342,0.10177,0.018610001,0.11712
21169,"Metcalfe, Kentucky",0.78821999,0.26964,0.99377,0.049699999,0.00508,0.13109
21171,"Monroe, Kentucky",0.74926001,0.51582998,0.99884999,0.21001001,0.01067,0.17151999
21173,"Montgomery, Kentucky",0.84895003,0.45745,0.99434,0.067850001,0.0096300002,0.11332
21175,"Morgan, Kentucky",0.83109999,0.33273,0.99953002,0.10055,0.0091300001,0.15651999
21177,"Muhlenberg, Kentucky",0.86758,0.43601,0.99879003,0.13736001,0.01277,0.12706
21179,"Nelson, Kentucky",1.00158,0.60209,0.99454999,0.055160001,0.011,0.11574
21181,"Nicholas, Kentucky",0.87217999,,0.99761999,0.063000001,0.017759999,0.14311001
21183,"Ohio, Kentucky",0.83546001,0.47617999,0.99713999,0.056460001,0.01578,0.13139001
21185,"Oldham, Kentucky",1.06872,1.2839299,0.95997,0.084509999,0.02024,0.092720002
21187,"Owen, Kentucky",0.86804003,0.55119002,0.99517,0.055890001,0.02304,0.13372
21189,"Owsley, Kentucky",0.70379001,,0.99950999,0.02478,0.01042,0.18133
21191,"Pendleton, Kentucky",0.92027003,0.49625999,0.99057001,0.087180004,0.01392,0.11842
21193,"Perry, Kentucky",0.68518001,0.37847,0.99812001,0.09516,0.01123,0.12729
21195,"Pike, Kentucky",0.73913002,0.35894001,0.99834001,0.065240003,0.0121,0.12848
21197,"Powell, Kentucky",0.78012002,0.36311001,0.99741,0.041560002,0.017519999,0.13379
21199,"Pulaski, Kentucky",0.77807999,0.47442999,0.99524999,0.06301,0.01435,0.10272
21201,"Robertson, Kentucky",0.92444003,,0.99658,0.048250001,0.02313,0.13496
21203,"Rockcastle, Kentucky",0.77204001,0.36467001,0.99628001,0.039639998,0.01321,0.12959
21205,"Rowan, Kentucky",0.86527002,0.55045003,0.99418002,0.066229999,0.021029999,0.11802
21207,"Russell, Kentucky",0.75591999,0.35378,1.0,0.037919998,0.016519999,0.14222001
21209,"Scott, Kentucky",0.83482999,0.94616997,0.97628999,0.065920003,0.01112,0.10436
21211,"Shelby, Kentucky",0.88164997,0.78289998,0.98899001,0.072020002,0.01829,0.10679
21213,"Simpson, Kentucky",0.84390002,,0.99281001,0.070969999,0.02056,0.12157
21215,"Spencer, Kentucky",1.01521,0.77869999,0.97558999,0.097659998,0.01426,0.10373
21217,"Taylor, Kentucky",0.85095,0.46592,0.99712002,0.044489998,0.016559999,0.12525
21219,"Todd, Kentucky",0.78096002,0.53726,0.99620003,0.059119999,0.02368,0.12443
21221,"Trigg, Kentucky",0.86887997,0.56229001,0.99330997,0.050810002,0.023700001,0.12099
21223,"Trimble, Kentucky",0.83837998,0.57920003,0.99056,0.08653,0.017200001,0.12439
21225,"Union, Kentucky",0.82699001,0.51582003,0.99798,0.039820001,0.01027,0.13815001
21227,"Warren, Kentucky",0.84693998,0.78561002,0.99351001,0.0601,0.01581,0.10683
21229,"Washington, Kentucky",0.86001003,0.56278998,0.99581999,0.046720002,0.0178,0.13116001
21231,"Wayne, Kentucky",0.64111,0.27996999,0.99778998,0.037870001,0.01157,0.14212
21233,"Webster, Kentucky",0.79433,0.46147001,0.99330002,0.048379999,0.01925,0.11768
21235,"Whitley, Kentucky",0.74387002,0.41108,0.99469,0.035810001,0.0083799995,0.10855
21237,"Wolfe, Kentucky",0.66793001,,0.99869001,0.057080001,0.01216,0.14537001
21239,"Woodford, Kentucky",0.94396001,0.81739998,0.97891003,0.091909997,0.02242,0.10314
22001,"Acadia, Louisiana",0.72135001,0.71683002,0.99550998,0.069969997,0.01068,0.11878
22003,"Allen, Louisiana",0.74840999,0.74961001,0.99553001,0.086910002,0.0089999996,0.12497
22005,"Ascension, Louisiana",0.87848997,1.13608,0.98676002,0.063859999,0.0057799998,0.10315
22007,"Assumption, Louisiana",0.73692,0.90003002,0.99776,0.10404,0.0052299998,0.14373
22009,"Avoyelles, Louisiana",0.62866002,0.77803999,0.99781001,0.075669996,0.0081500001,0.14319
22011,"Beauregard, Louisiana",0.82858002,0.90859997,0.99169999,0.10153,0.01279,0.10507
22013,"Bienville, Louisiana",0.56870002,0.51695001,0.99682999,0.048039999,0.01458,0.14206
22015,"Bossier, Louisiana",0.68825001,0.98841,0.98527002,0.055199999,0.01128,0.095899999
22017,"Caddo, Louisiana",0.56309003,0.72476,0.99700999,0.03943,0.0164,0.094970003
22019,"Calcasieu, Louisiana",0.76890999,0.97711998,0.99654001,0.09815,0.01158,0.10347
22021,"Caldwell, Louisiana",0.71866,0.67828,0.99807,0.10433,0.0083400002,0.14787
22023,"Cameron, Louisiana",0.78324997,1.01951,0.98267001,0.070330001,0.02369,0.11764
22025,"Catahoula, Louisiana",0.69221002,0.67370999,0.99865001,0.049109999,0.01517,0.15245999
22027,"Claiborne, Louisiana",0.53834999,0.50213999,0.99756998,0.066079997,0.01725,0.15834001
22029,"Concordia, Louisiana",0.57236999,0.71618998,0.99957001,0.038910002,0.01174,0.17202
22031,"De Soto, Louisiana",0.64191997,0.69849002,0.99632001,0.083970003,0.01572,0.13237
22033,"East Baton Rouge, Louisiana",0.72828001,0.92549998,0.99115002,0.0491,0.01804,0.094379999
22035,"East Carroll, Louisiana",0.42721999,,1.0,0.02678,0.01213,0.22242001
22037,"East Feliciana, Louisiana",0.81941998,0.66654998,0.99068999,0.068570003,0.0134,0.12121
22039,"Evangeline, Louisiana",0.64047003,0.67565,0.99897999,0.047040001,0.0085399998,0.15277
22041,"Franklin, Louisiana",0.60131001,0.58859003,0.99887002,0.050639998,0.01314,0.15678
22043,"Grant, Louisiana",0.75945997,0.70352,0.99081999,0.056910001,0.01293,0.1134
22045,"Iberia, Louisiana",0.65674001,0.80160999,0.99659997,0.044599999,0.0078999996,0.11744
22047,"Iberville, Louisiana",0.75871003,0.77956003,0.99309999,0.04758,0.0098999999,0.13847999
22049,"Jackson, Louisiana",0.65794998,0.57295001,0.99748999,0.050179999,0.012,0.14786001
22051,"Jefferson, Louisiana",0.67338997,0.78621,0.98135,0.048610002,0.0088799996,0.088650003
22053,"Jefferson Davis, Louisiana",0.75457001,0.91592997,0.99895,0.0898,0.01159,0.12542
22055,"Lafayette, Louisiana",0.77750999,0.91175002,0.99011999,0.059050001,0.0091899997,0.094889998
22057,"Lafourche, Louisiana",0.77956003,0.84825999,0.99852997,0.071319997,0.0095899999,0.12909999
22059,"La Salle, Louisiana",0.81308001,0.91444999,0.99919999,0.053750001,0.01398,0.15943
22061,"Lincoln, Louisiana",0.66459,0.77956003,0.99774998,0.057700001,0.021509999,0.12715
22063,"Livingston, Louisiana",0.94003999,0.97443998,0.98104,0.081110001,0.00789,0.093610004
22065,"Madison, Louisiana",0.45612001,,1.0,0.01761,0.0060999999,0.19656
22067,"Morehouse, Louisiana",0.55290002,0.50259,0.99866998,0.042950001,0.0116,0.14848
22069,"Natchitoches, Louisiana",0.62965,0.63958001,0.99998999,0.049649999,0.01959,0.14031
22071,"Orleans, Louisiana",0.76718003,0.79834998,0.97718,0.085430004,0.019090001,0.079800002
22073,"Ouachita, Louisiana",0.65191001,0.84002,0.99713999,0.045510001,0.0142,0.11249
22075,"Plaquemines, Louisiana",0.81713003,0.93918002,0.99313003,0.063199997,0.0151,0.11805
22077,"Pointe Coupee, Louisiana",0.75199997,0.88461,0.99934,0.045090001,0.01244,0.15504
22079,"Rapides, Louisiana",0.69208997,0.84116,0.99725997,0.050209999,0.01557,0.11116
22081,"Red River, Louisiana",0.54865998,0.67072999,0.99835002,0.04329,0.01068,0.15708999
22083,"Richland, Louisiana",0.61541998,0.69209999,0.99896002,0.072460003,0.01198,0.14143001
22085,"Sabine, Louisiana",0.68944001,0.65043998,0.99808002,0.06357,0.01185,0.15547
22087,"St. Bernard, Louisiana",0.68550998,0.69924998,0.98900002,0.049559999,0.0077200001,0.10626
22089,"St. Charles, Louisiana",0.82530999,1.06515,0.99151999,0.063830003,0.01107,0.11147
22091,"St. Helena, Louisiana",0.61996001,,0.99663001,0.060040001,0.01794,0.15147001
22093,"St. James, Louisiana",0.80517,0.94375998,0.99698001,0.06013,0.0057600001,0.15576001
22095,"St. John the Baptist, Louisiana",0.67254001,0.83278,0.99552,0.038849998,0.01112,0.12336
22097,"St. Landry, Louisiana",0.63002002,0.68185002,0.99542999,0.046289999,0.0077900002,0.1179
22099,"St. Martin, Louisiana",0.71564001,0.73548001,0.99418998,0.051139999,0.00685,0.11608
22101,"St. Mary, Louisiana",0.61085999,0.79382002,0.99905002,0.055059999,0.01234,0.13339999
22103,"St. Tammany, Louisiana",0.88546997,1.0078599,0.98329997,0.075099997,0.01252,0.093319997
22105,"Tangipahoa, Louisiana",0.71471,0.78062999,0.99663001,0.087159999,0.01192,0.11384
22107,"Tensas, Louisiana",,,0.99989682,0.030390512,0.019150218,0.17384776
22109,"Terrebonne, Louisiana",0.74675,0.80303001,0.99663001,0.06583,0.00868,0.10867
22111,"Union, Louisiana",0.65164,0.63876998,0.99347001,0.079769999,0.0132,0.13098
22113,"Vermilion, Louisiana",0.81865001,0.73470002,0.99659997,0.076109998,0.0089999996,0.12321
22115,"Vernon, Louisiana",0.84250998,0.94054002,0.98238999,0.07141,0.01221,0.093510002
22117,"Washington, Louisiana",0.62948,0.69053,0.99906999,0.052760001,0.01336,0.13887
22119,"Webster, Louisiana",0.60824001,0.55996001,0.99721998,0.073540002,0.01589,0.13672
22121,"West Baton Rouge, Louisiana",0.77104998,0.99575001,0.98957998,0.05415,0.0091300001,0.11687
22123,"West Carroll, Louisiana",0.68151999,0.76612997,0.99866998,0.064329997,0.01212,0.14166
22125,"West Feliciana, Louisiana",0.84362,0.93741,0.99791002,0.16080999,0.02208,0.13676
22127,"Winn, Louisiana",0.61144,0.73900998,0.99839997,0.055670001,0.0094900001,0.14279
23001,"Androscoggin, Maine",0.79014999,0.85588002,0.98878002,0.085780002,0.01516,0.1016
23003,"Aroostook, Maine",0.75547999,0.78733999,0.99849999,0.073789999,0.02389,0.14894
23005,"Cumberland, Maine",1.05884,1.10396,0.97891003,0.10727,0.02228,0.097580001
23007,"Franklin, Maine",0.82718998,0.62348002,0.99403,0.072930001,0.027519999,0.11616
23009,"Hancock, Maine",0.86374003,0.79926997,0.99504,0.12072,0.041159999,0.12095
23011,"Kennebec, Maine",0.82814002,0.87011999,0.9885,0.086029999,0.02483,0.10492
23013,"Knox, Maine",0.85984999,0.83134001,0.99493998,0.12175,0.034120001,0.12521
23015,"Lincoln, Maine",0.85930002,0.75546002,0.98795998,0.095169999,0.03011,0.12042
23017,"Oxford, Maine",0.80254,0.69805998,0.98979998,0.082999997,0.021880001,0.11973
23019,"Penobscot, Maine",0.85664999,0.78355998,0.99194998,0.093319997,0.020129999,0.10924
23021,"Piscataquis, Maine",0.77823001,0.57652003,0.99524999,0.070419997,0.031909999,0.12853
23023,"Sagadahoc, Maine",0.93840998,0.94973999,0.97955,0.10348,0.02644,0.10659
23025,"Somerset, Maine",0.72096997,0.66751999,0.98755002,0.083939999,0.019130001,0.11134
23027,"Waldo, Maine",0.81066,0.64218003,0.98662001,0.11367,0.02911,0.10859
23029,"Washington, Maine",0.70222998,0.65662003,0.99842,0.082759999,0.030160001,0.16506
23031,"York, Maine",1.01457,1.02509,0.98175001,0.085280001,0.01698,0.10324
24001,"Allegany, Maryland",0.85816002,0.71981001,0.99931997,0.06538,0.02211,0.12074
24003,"Anne Arundel, Maryland",1.06954,1.2917,0.97073001,0.065980002,0.01542,0.091119997
24005,"Baltimore County, Maryland",0.88024998,1.1372,0.96594,0.054949999,0.01212,0.08348
24009,"Calvert, Maryland",1.20354,1.61136,0.98834002,0.0792,0.01436,0.099579997
24011,"Caroline, Maryland",0.81958997,1.06727,0.98922002,0.057360001,0.02042,0.11048
24013,"Carroll, Maryland",1.20996,1.38998,0.97803998,0.094769999,0.017580001,0.097070001
24015,"Cecil, Maryland",0.98762,1.16739,0.98593998,0.073969997,0.01392,0.096189998
24017,"Charles, Maryland",1.02714,1.44758,0.97005999,0.050620001,0.01487,0.090889998
24019,"Dorchester, Maryland",0.67486,0.88657999,0.99742001,0.04166,0.020819999,0.13105001
24021,"Frederick, Maryland",1.06832,1.43864,0.97346002,0.073349997,0.01833,0.09262
24023,"Garrett, Maryland",0.94959998,0.79947001,0.99682999,0.071719997,0.03018,0.13818
24025,"Harford, Maryland",1.1076,1.43455,0.97873998,0.072389998,0.01331,0.090109996
24027,"Howard, Maryland",1.1458499,1.56065,0.92721999,0.08151,0.017000001,0.09003
24029,"Kent, Maryland",0.91715997,1.03755,0.99509001,0.093649998,0.045329999,0.12501
24031,"Montgomery, Maryland",0.99388999,1.4048001,0.95327997,0.058789998,0.01915,0.088710003
24033,"Prince George's, Maryland",0.83344001,1.19388,0.95863998,0.034499999,0.01654,0.083269998
24035,"Queen Anne's, Maryland",1.07447,1.41,0.98545998,0.11949,0.023390001,0.10628
24037,"St. Mary's, Maryland",1.06085,1.49911,0.98901999,0.068570003,0.0104,0.098540001
24039,"Somerset, Maryland",0.70286,0.76521999,0.99198002,0.056249999,0.027799999,0.13287
24041,"Talbot, Maryland",0.85333002,1.29687,0.99413002,0.055860002,0.034669999,0.117
24043,"Washington, Maryland",0.91908997,1.04167,0.98768997,0.10014,0.019409999,0.095420003
24045,"Wicomico, Maryland",0.72296,1.00773,0.99511999,0.049449999,0.0188,0.1058
24047,"Worcester, Maryland",0.96828002,1.07144,0.98842001,0.073349997,0.024809999,0.1056
24510,"Baltimore City, Maryland",0.72158003,0.58837998,0.97364998,0.063249998,0.017200001,0.077079996
25001,"Barnstable, Massachusetts",1.06256,1.05355,0.98932999,0.081019998,0.031339999,0.10676
25003,"Berkshire, Massachusetts",0.89658999,0.93655998,0.99804002,0.074210003,0.027179999,0.11982
25005,"Bristol, Massachusetts",0.80197001,0.89407998,0.98510998,0.061810002,0.01269,0.096340001
25007,"Dukes, Massachusetts",0.91086,1.11642,0.99747998,0.10104,0.041809998,0.13065
25009,"Essex, Massachusetts",0.80094999,1.10448,0.97745001,0.05528,0.01454,0.094020002
25011,"Franklin, Massachusetts",1.0703,0.90451998,0.98742002,0.11804,0.024460001,0.10738
25013,"Hampden, Massachusetts",0.62908,0.79860997,0.98961002,0.056079999,0.01145,0.09206
25015,"Hampshire, Massachusetts",1.1361901,1.22282,0.96188003,0.14134,0.030680001,0.099320002
25017,"Middlesex, Massachusetts",1.01036,1.1601,0.95605999,0.077059999,0.016799999,0.09736
25019,"Nantucket, Massachusetts",0.69371998,1.03628,0.99728,0.034740001,0.031199999,0.12029
25021,"Norfolk, Massachusetts",1.19322,1.33293,0.94915998,0.073409997,0.01558,0.098650001
25023,"Plymouth, Massachusetts",1.0186,1.1818399,0.97943002,0.077569999,0.01598,0.10233
25025,"Suffolk, Massachusetts",0.84057999,0.64244998,0.95609999,0.054880001,0.01925,0.093390003
25027,"Worcester, Massachusetts",0.93479002,1.16125,0.9842,0.068279997,0.01585,0.097939998
26001,"Alcona, Michigan",0.72495002,0.53144002,0.98646998,0.14572001,0.025690001,0.11958
26003,"Alger, Michigan",0.89855999,0.65989,0.99858999,0.22348,0.041839998,0.14884
26005,"Allegan, Michigan",0.90799999,0.88015997,0.97588003,0.10031,0.019060001,0.1074
26007,"Alpena, Michigan",0.74457002,0.67470002,0.99874002,0.12193,0.025690001,0.13327999
26009,"Antrim, Michigan",0.79009998,0.74175,0.98299003,0.13590001,0.0328,0.11147
26011,"Arenac, Michigan",0.68506002,0.53793001,0.99169999,0.18148001,0.01344,0.12002
26013,"Baraga, Michigan",0.74835998,0.67609,0.99886,0.12435,0.025280001,0.17993
26015,"Barry, Michigan",0.91921997,0.86521,0.98162001,0.13929,0.01719,0.10963
26017,"Bay, Michigan",0.76617002,0.74036998,0.99092001,0.097120002,0.01335,0.1045
26019,"Benzie, Michigan",0.8233,0.59917998,0.98291999,0.11925,0.040169999,0.1145
26021,"Berrien, Michigan",0.71069998,0.80884999,0.99340999,0.084870003,0.020300001,0.11589
26023,"Branch, Michigan",0.70953,0.79865998,0.99251002,0.11185,0.016969999,0.11056
26025,"Calhoun, Michigan",0.68671,0.80716997,0.99225998,0.089780003,0.0148,0.10842
26027,"Cass, Michigan",0.74438,0.84188998,0.97812003,0.10285,0.01819,0.10698
26029,"Charlevoix, Michigan",0.85376,0.78814,0.99027997,0.1373,0.029960001,0.11163
26031,"Cheboygan, Michigan",0.75452,0.61015999,0.99268001,0.1269,0.02445,0.12619001
26033,"Chippewa, Michigan",0.81931001,0.67723,0.99765003,0.13484,0.023080001,0.13123
26035,"Clare, Michigan",0.68102002,0.54868001,0.99067003,0.13774,0.01871,0.11334
26037,"Clinton, Michigan",0.95652002,1.03021,0.97384,0.13045999,0.01945,0.11723
26039,"Crawford, Michigan",0.72381002,0.60472,0.99264002,0.11719,0.02303,0.12151
26041,"Delta, Michigan",0.79878998,0.78140998,0.99993002,0.12864,0.021500001,0.12839
26043,"Dickinson, Michigan",0.85292,0.83194,0.99588001,0.10022,0.016589999,0.12540001
26045,"Eaton, Michigan",0.88549,0.94143999,0.96908998,0.11618,0.016419999,0.10389
26047,"Emmet, Michigan",0.89324999,0.82055002,0.99066001,0.10858,0.02775,0.10815
26049,"Genesee, Michigan",0.63094997,0.85374999,0.99128002,0.07536,0.01313,0.10003
26051,"Gladwin, Michigan",0.74675,0.65707999,0.99071002,0.20266999,0.018239999,0.11831
26053,"Gogebic, Michigan",0.79926997,0.64872998,0.99642998,0.11501,0.02189,0.13432001
26055,"Grand Traverse, Michigan",0.96485001,0.96585,0.98812002,0.12249,0.022910001,0.09945
26057,"Gratiot, Michigan",0.78051001,0.76989001,0.99343997,0.14128,0.01794,0.11267
26059,"Hillsdale, Michigan",0.75218999,0.73118001,0.99137002,0.14826,0.019090001,0.10395
26061,"Houghton, Michigan",0.98352998,0.70493001,0.99655002,0.091899998,0.037969999,0.14065
26063,"Huron, Michigan",0.79988998,0.80444002,0.99721003,0.15509,0.02334,0.13082001
26065,"Ingham, Michigan",0.84715003,0.90349001,0.97982001,0.10254,0.02299,0.10091
26067,"Ionia, Michigan",0.84526002,0.83210999,0.98649001,0.24637,0.01495,0.11426
26069,"Iosco, Michigan",0.71617001,0.57881999,0.99599999,0.11951,0.019880001,0.12207
26071,"Iron, Michigan",0.79663002,0.64665997,0.99638999,0.15511,0.027939999,0.14165001
26073,"Isabella, Michigan",0.83946002,0.98527998,0.98466003,0.12492,0.018859999,0.10883
26075,"Jackson, Michigan",0.76345003,0.82773,0.99395001,0.090209998,0.01623,0.10498
26077,"Kalamazoo, Michigan",0.85193002,0.97402,0.98525,0.084040001,0.015769999,0.10221
26079,"Kalkaska, Michigan",0.74430001,0.56445003,0.98220998,0.16185001,0.01207,0.11221
26081,"Kent, Michigan",0.86475998,0.98576999,0.98264998,0.094970003,0.01426,0.097719997
26083,"Keweenaw, Michigan",,,0.9779188,0.10401861,0.063609913,0.14313193
26085,"Lake, Michigan",0.57981002,,0.96612,0.1288,0.03105,0.10127
26087,"Lapeer, Michigan",0.87651998,0.93352997,0.97904003,0.11685,0.018309999,0.10501
26089,"Leelanau, Michigan",1.03026,0.87652999,0.98174,0.14636,0.061489999,0.10694
26091,"Lenawee, Michigan",0.84977001,0.86628002,0.99290001,0.13101,0.019640001,0.10529
26093,"Livingston, Michigan",1.1063499,1.23906,0.96622998,0.11036,0.016349999,0.10569
26095,"Luce, Michigan",0.75418001,0.62605,0.99944001,0.1328,0.021199999,0.1523
26097,"Mackinac, Michigan",0.8344,0.69875997,0.99325001,0.15181001,0.044599999,0.12784
26099,"Macomb, Michigan",0.82560998,1.06552,0.97447997,0.060649998,0.0066800001,0.092249997
26101,"Manistee, Michigan",0.78073001,0.75660002,0.99387002,0.12892,0.02984,0.12333
26103,"Marquette, Michigan",1.00454,0.81559998,0.99564999,0.18979999,0.024730001,0.12115
26105,"Mason, Michigan",0.77788001,0.74106997,0.99495,0.11427,0.02045,0.1191
26107,"Mecosta, Michigan",0.80195999,0.77105999,0.98258001,0.16436,0.02407,0.10678
26109,"Menominee, Michigan",0.78579998,0.69801998,0.99207997,0.18528999,0.02,0.13145
26111,"Midland, Michigan",0.89341003,1.03093,0.98136997,0.13544001,0.018920001,0.10082
26113,"Missaukee, Michigan",0.71429002,0.65019,0.99272001,0.12526999,0.025900001,0.12065
26115,"Monroe, Michigan",0.89091003,1.04984,0.98856002,0.092739999,0.0141,0.10468
26117,"Montcalm, Michigan",0.80910999,0.74871999,0.98082,0.19802999,0.01499,0.1036
26119,"Montmorency, Michigan",0.75325,,0.99172002,0.21351001,0.015900001,0.12721001
26121,"Muskegon, Michigan",0.73636001,0.77287,0.99409002,0.086060002,0.01353,0.11463
26123,"Newaygo, Michigan",0.78179002,0.71504003,0.98500001,0.13846,0.019330001,0.10609
26125,"Oakland, Michigan",0.9016,1.08191,0.96842003,0.080679998,0.01427,0.096500002
26127,"Oceana, Michigan",0.69225001,0.58159,0.99004,0.14303,0.024669999,0.11185
26129,"Ogemaw, Michigan",0.71077001,0.64848,0.99378002,0.16562,0.024089999,0.12472
26131,"Ontonagon, Michigan",0.89139998,,0.99638999,0.24366,0.0381,0.15063
26133,"Osceola, Michigan",0.71890002,0.60992998,0.98957002,0.17135,0.01926,0.11337
26135,"Oscoda, Michigan",0.71429998,0.60944998,0.99764001,0.1576,0.064620003,0.13226999
26137,"Otsego, Michigan",0.80593002,0.79335999,0.99370003,0.1246,0.02537,0.11398
26139,"Ottawa, Michigan",0.98351997,1.0751801,0.97608,0.09223,0.01657,0.099210002
26141,"Presque Isle, Michigan",0.78723001,0.70036,0.99423999,0.14878,0.02352,0.13986
26143,"Roscommon, Michigan",0.7439,0.54848999,0.98966998,0.11351,0.02695,0.11435
26145,"Saginaw, Michigan",0.66187,0.79194999,0.99386001,0.080760002,0.01424,0.11852
26147,"St. Clair, Michigan",0.81867999,1.00906,0.98896003,0.1115,0.01174,0.10559
26149,"St. Joseph, Michigan",0.74633998,0.82507998,0.99195999,0.10451,0.015729999,0.10779
26151,"Sanilac, Michigan",0.76402003,0.74447,0.99215001,0.18688001,0.016890001,0.11701
26153,"Schoolcraft, Michigan",0.74065,0.53184998,0.99980998,0.13093001,0.02813,0.17361
26155,"Shiawassee, Michigan",0.84719998,0.89170003,0.98615998,0.12421,0.01668,0.11188
26157,"Tuscola, Michigan",0.76156002,0.75203001,0.98918998,0.15834001,0.01492,0.1151
26159,"Van Buren, Michigan",0.77098,0.78781003,0.98088002,0.1039,0.01959,0.10461
26161,"Washtenaw, Michigan",1.06823,1.17669,0.96605998,0.10925,0.02465,0.099420004
26163,"Wayne, Michigan",0.61658001,0.73591,0.98549998,0.059160002,0.01373,0.083489999
26165,"Wexford, Michigan",0.70775002,0.56199002,0.98957998,0.12502,0.01816,0.10887
27001,"Aitkin, Minnesota",1.0183001,0.73365003,0.99004,0.083789997,0.03167,0.11963
27003,"Anoka, Minnesota",1.03045,1.16975,0.9443,0.066660002,0.01011,0.094099998
27005,"Becker, Minnesota",0.98914999,0.82200003,0.99202001,0.080300003,0.02091,0.11998
27007,"Beltrami, Minnesota",0.75983,0.67874998,0.99558002,0.092919998,0.019330001,0.12203
27009,"Benton, Minnesota",1.17286,0.89344001,0.96131003,0.08106,0.017000001,0.10945
27011,"Big Stone, Minnesota",1.17421,0.87761998,0.99932998,0.058559999,0.033690002,0.14831001
27013,"Blue Earth, Minnesota",1.13203,1.1148601,0.98456001,0.086479999,0.01929,0.10877
27015,"Brown, Minnesota",1.14209,0.88278002,0.99585998,0.055690002,0.025280001,0.12616999
27017,"Carlton, Minnesota",1.02415,0.92500001,0.98860002,0.064230002,0.0196,0.11702
27019,"Carver, Minnesota",1.2180099,1.30637,0.95295,0.073559999,0.01395,0.098159999
27021,"Cass, Minnesota",0.77647001,0.70717001,0.991,0.10046,0.033119999,0.12314
27023,"Chippewa, Minnesota",0.86171001,0.90692002,0.99322999,0.06095,0.019239999,0.13240001
27025,"Chisago, Minnesota",1.20342,1.07434,0.96715999,0.076609999,0.01581,0.10614
27027,"Clay, Minnesota",1.04096,1.1348799,0.96100998,0.077270001,0.01568,0.10192
27029,"Clearwater, Minnesota",0.93194002,0.74115002,0.99541003,0.07141,0.01501,0.1392
27031,"Cook, Minnesota",1.13227,,0.99564999,0.11359,0.04752,0.12747
27033,"Cottonwood, Minnesota",0.86575001,0.83644003,0.99471003,0.047660001,0.026079999,0.1167
27035,"Crow Wing, Minnesota",1.04995,0.84038001,0.99303001,0.064450003,0.025939999,0.10976
27037,"Dakota, Minnesota",1.07026,1.31171,0.94606,0.072740003,0.01054,0.095289998
27039,"Dodge, Minnesota",1.1513799,1.16614,0.98079002,0.0704,0.01912,0.10932
27041,"Douglas, Minnesota",1.17767,1.0163,0.99352002,0.065229997,0.022120001,0.11392
27043,"Faribault, Minnesota",0.92145002,0.83939999,0.99405998,0.057390001,0.025869999,0.15931
27045,"Fillmore, Minnesota",1.19946,0.88113999,0.99256998,0.09048,0.02641,0.12475
27047,"Freeborn, Minnesota",0.89091998,0.79816002,0.99515003,0.043329999,0.019339999,0.11876
27049,"Goodhue, Minnesota",1.15031,1.1083601,0.98649001,0.10392,0.019470001,0.11316
27051,"Grant, Minnesota",1.15798,0.92641002,0.98777997,0.081929997,0.035220001,0.1137
27053,"Hennepin, Minnesota",0.97632003,1.12559,0.96723998,0.080870003,0.017209999,0.092610002
27055,"Houston, Minnesota",1.1802,0.93399,0.99234998,0.07406,0.02892,0.12727
27057,"Hubbard, Minnesota",0.99961001,0.79828,0.98894,0.090690002,0.02571,0.11706
27059,"Isanti, Minnesota",1.1776201,1.10299,0.96509999,0.079120003,0.01308,0.10259
27061,"Itasca, Minnesota",0.97575998,0.77794999,0.99596,0.078089997,0.02115,0.12254
27063,"Jackson, Minnesota",1.06769,0.89973998,0.99540001,0.064439997,0.026389999,0.11935
27065,"Kanabec, Minnesota",0.99628001,0.77402002,0.98557001,0.078560002,0.017589999,0.11342
27067,"Kandiyohi, Minnesota",0.89806002,0.90008003,0.99445999,0.072049998,0.021810001,0.11568
27069,"Kittson, Minnesota",1.21296,0.93436003,0.99760002,0.059390001,0.032609999,0.14094
27071,"Koochiching, Minnesota",0.96885002,0.77262002,0.99808002,0.12512,0.021640001,0.17016999
27073,"Lac qui Parle, Minnesota",1.20034,0.91924,0.99748999,0.044009998,0.031160001,0.14201
27075,"Lake, Minnesota",1.1386,0.85026002,0.99479997,0.10528,0.03915,0.1346
27077,"Lake of the Woods, Minnesota",1.12264,0.72031999,0.99677998,0.078189999,0.030510001,0.14226
27079,"Le Sueur, Minnesota",1.09262,1.05519,0.98215997,0.074670002,0.022949999,0.11857
27081,"Lincoln, Minnesota",1.20188,0.83585,0.99368,0.075659998,0.037319999,0.12895
27083,"Lyon, Minnesota",1.01829,0.99498999,0.99457997,0.059300002,0.020749999,0.11575
27085,"McLeod, Minnesota",1.1631,0.94915998,0.99162,0.081289999,0.019990001,0.11589
27087,"Mahnomen, Minnesota",0.58665001,0.72882998,0.99866003,0.067840002,0.01489,0.15411
27089,"Marshall, Minnesota",1.1634099,0.74699998,0.99422002,0.047540002,0.030160001,0.13429999
27091,"Martin, Minnesota",0.9472,0.89036,0.99901998,0.051210001,0.02526,0.12624
27093,"Meeker, Minnesota",1.13625,0.96831,0.98900002,0.092019998,0.02008,0.12101
27095,"Mille Lacs, Minnesota",1.08468,0.90306997,0.97746998,0.09781,0.017519999,0.11524
27097,"Morrison, Minnesota",1.02246,0.84355003,0.99190998,0.086390004,0.0164,0.12255
27099,"Mower, Minnesota",0.80070001,1.00834,0.99317002,0.05088,0.01695,0.12106
27101,"Murray, Minnesota",1.09631,0.94731998,0.99506998,0.064180002,0.02562,0.12504999
27103,"Nicollet, Minnesota",1.16146,1.07085,0.96386999,0.1036,0.01681,0.10622
27105,"Nobles, Minnesota",0.65442997,0.78514999,0.99511999,0.03139,0.01555,0.11913
27107,"Norman, Minnesota",1.04493,0.83029997,0.98962998,0.077490002,0.027519999,0.11957
27109,"Olmsted, Minnesota",1.11134,1.28669,0.98642999,0.076629996,0.01588,0.10126
27111,"Otter Tail, Minnesota",1.0625401,0.86001003,0.99335003,0.061149999,0.023809999,0.11943
27113,"Pennington, Minnesota",1.06635,1.0166301,0.99659997,0.047669999,0.01422,0.12986
27115,"Pine, Minnesota",0.99388999,0.7062,0.98760998,0.07237,0.016480001,0.11379
27117,"Pipestone, Minnesota",0.99159998,0.88038999,0.99497002,0.091880001,0.02135,0.1238
27119,"Polk, Minnesota",1.0387599,0.99387997,0.98821002,0.058710001,0.02568,0.11933
27121,"Pope, Minnesota",1.1796499,0.96399999,0.99106002,0.092479996,0.02782,0.11859
27123,"Ramsey, Minnesota",0.85487002,0.97048002,0.94818997,0.07621,0.017240001,0.091300003
27125,"Red Lake, Minnesota",1.13307,,0.98952001,0.073729999,0.0094699999,0.13118
27127,"Redwood, Minnesota",1.07268,0.75533998,0.99598002,0.058200002,0.028139999,0.12769
27129,"Renville, Minnesota",1.03032,0.9181,0.99225998,0.076729998,0.019780001,0.12407
27131,"Rice, Minnesota",1.0545,1.07056,0.98473001,0.074079998,0.023560001,0.11079
27133,"Rock, Minnesota",1.13959,0.80574,0.99489999,0.049199998,0.022600001,0.12874
27135,"Roseau, Minnesota",1.03732,0.83977997,0.99720001,0.074490003,0.018309999,0.13444
27137,"St. Louis, Minnesota",1.02886,0.90973997,0.99146003,0.088639997,0.02334,0.1128
27139,"Scott, Minnesota",1.08085,1.19682,0.95503998,0.066550002,0.0094499998,0.1018
27141,"Sherburne, Minnesota",1.13634,1.21857,0.93598998,0.099160001,0.0086599998,0.10156
27143,"Sibley, Minnesota",1.05668,0.88865,0.98598999,0.079460002,0.02204,0.11985
27145,"Stearns, Minnesota",1.0326101,1.02151,0.98192,0.077749997,0.01443,0.11046
27147,"Steele, Minnesota",1.02923,1.0743901,0.99002999,0.063610002,0.01787,0.11088
27149,"Stevens, Minnesota",0.95367002,1.14161,0.99247998,0.10675,0.0403,0.11637
27151,"Swift, Minnesota",1.00713,0.87752998,0.99447,0.08371,0.02709,0.13478
27153,"Todd, Minnesota",0.91159999,0.78074002,0.98791999,0.063019998,0.016650001,0.11814
27155,"Traverse, Minnesota",1.02214,,0.99154001,0.051580001,0.025280001,0.13793001
27157,"Wabasha, Minnesota",1.1791199,1.01726,0.99224001,0.066399999,0.01809,0.12453
27159,"Wadena, Minnesota",1.04469,0.71574003,0.98852003,0.08828,0.02176,0.11724
27161,"Waseca, Minnesota",1.06423,0.99111998,0.98789001,0.061020002,0.015659999,0.11772
27163,"Washington, Minnesota",1.1604199,1.29688,0.94050002,0.079429999,0.01381,0.097779997
27165,"Watonwan, Minnesota",0.81116003,0.83582002,0.99537998,0.043979999,0.01859,0.12800001
27167,"Wilkin, Minnesota",1.10428,0.83214003,0.98613,0.067550004,0.021029999,0.12536
27169,"Winona, Minnesota",1.1096801,0.96188998,0.99265999,0.06191,0.024499999,0.11486
27171,"Wright, Minnesota",1.25228,1.12995,0.96476001,0.088249996,0.01298,0.10586
27173,"Yellow Medicine, Minnesota",1.08412,0.80120999,0.99300998,0.063539997,0.02706,0.13080999
28001,"Adams, Mississippi",0.52726001,0.44501001,0.99987,0.028890001,0.01256,0.17479999
28003,"Alcorn, Mississippi",0.68052,0.46246001,0.99879003,0.036040001,0.015860001,0.12475
28005,"Amite, Mississippi",0.60856998,,0.99479002,0.05621,0.01315,0.14339
28007,"Attala, Mississippi",0.58020997,0.50184,0.99891001,0.027519999,0.0092799999,0.14564
28009,"Benton, Mississippi",0.70244002,,0.98745,0.03339,0.0091800001,0.12434
28011,"Bolivar, Mississippi",0.55483001,0.46147001,0.99981999,0.04253,0.01502,0.16463
28013,"Calhoun, Mississippi",0.60247999,0.42218,0.99844998,0.02269,0.0072300001,0.15435
28015,"Carroll, Mississippi",0.65749002,0.55373001,0.99431998,0.05669,0.0088799996,0.1525
28017,"Chickasaw, Mississippi",0.57459998,0.49315,0.99769002,0.041529998,0.01145,0.13708
28019,"Choctaw, Mississippi",0.69454998,,0.99874997,0.049369998,0.01969,0.13681
28021,"Claiborne, Mississippi",0.43199,,1.0,0.023560001,0.01572,0.19193999
28023,"Clarke, Mississippi",0.70547998,0.47479001,0.99838001,0.04611,0.01343,0.13270999
28025,"Clay, Mississippi",0.54637003,0.49263,0.99844003,0.023250001,0.0094799995,0.15096
28027,"Coahoma, Mississippi",0.43441999,0.3619,0.99906999,0.035700001,0.011,0.16332
28029,"Copiah, Mississippi",0.56206,0.46489999,0.99840999,0.053780001,0.01218,0.14632
28031,"Covington, Mississippi",0.62176001,0.42179,0.99559999,0.07113,0.01282,0.12281
28033,"DeSoto, Mississippi",0.69832999,0.96169001,0.97904998,0.046730001,0.01015,0.10384
28035,"Forrest, Mississippi",0.69357002,0.56922001,0.98979998,0.078299999,0.020749999,0.10661
28037,"Franklin, Mississippi",0.64894003,0.63897997,0.99992001,0.03994,0.018959999,0.14875001
28039,"George, Mississippi",0.78865999,0.53371,0.99535,0.054060001,0.0092900004,0.11873
28041,"Greene, Mississippi",0.72386003,0.54311001,0.99664998,0.039670002,0.02076,0.13155
28043,"Grenada, Mississippi",0.60509998,0.68065,0.99879998,0.03438,0.01226,0.15609001
28045,"Hancock, Mississippi",0.73575002,0.58958,0.99175,0.067139998,0.01482,0.10707
28047,"Harrison, Mississippi",0.69721001,0.65347999,0.98759001,0.057920001,0.01091,0.096900001
28049,"Hinds, Mississippi",0.60742003,0.56457001,0.99473,0.034309998,0.01918,0.098839998
28051,"Holmes, Mississippi",0.45950001,0.27331001,1.0,0.019540001,0.01259,0.16748001
28053,"Humphreys, Mississippi",0.4305,,0.99785,0.01342,0.00349,0.2137
28057,"Itawamba, Mississippi",0.81233001,0.52165997,0.995,0.058290001,0.0095300004,0.12253
28059,"Jackson, Mississippi",0.68848997,0.67676002,0.99399,0.046429999,0.01243,0.10807
28061,"Jasper, Mississippi",0.61036003,0.55008,0.99678999,0.051910002,0.01011,0.14266001
28063,"Jefferson, Mississippi",,,0.9975512,0.017126782,0.0037453461,0.18600801
28065,"Jefferson Davis, Mississippi",0.54497999,,0.99699998,0.075159997,0.0088200001,0.1311
28067,"Jones, Mississippi",0.62312001,0.58250999,0.99886,0.05847,0.01287,0.12155
28069,"Kemper, Mississippi",0.56220001,,0.99949998,0.045299999,0.01295,0.16632
28071,"Lafayette, Mississippi",0.86812001,0.7489,0.99177003,0.046500001,0.01808,0.11687
28073,"Lamar, Mississippi",0.78457999,0.80690002,0.98593998,0.09956,0.00538,0.10428
28075,"Lauderdale, Mississippi",0.62093002,0.53996003,1.0,0.036049999,0.01685,0.12876
28077,"Lawrence, Mississippi",0.68703002,0.52280003,0.99589998,0.060010001,0.0098799998,0.12965
28079,"Leake, Mississippi",0.58191001,0.47237,0.99734998,0.033879999,0.0078299996,0.14496
28081,"Lee, Mississippi",0.67948997,0.64275002,0.99615002,0.046009999,0.01188,0.1124
28083,"Leflore, Mississippi",0.48482001,0.43272001,0.99887002,0.02582,0.01135,0.16887
28085,"Lincoln, Mississippi",0.66824001,0.60017997,0.99838001,0.043820001,0.01107,0.14011
28087,"Lowndes, Mississippi",0.65670002,0.53667998,0.99789,0.057440002,0.01436,0.12481
28089,"Madison, Mississippi",0.69121999,0.91452998,0.98811001,0.039179999,0.01263,0.11217
28091,"Marion, Mississippi",0.64744002,0.41433001,0.99924999,0.07508,0.01553,0.13655999
28093,"Marshall, Mississippi",0.71250999,0.57341999,0.99471998,0.03548,0.01352,0.12612
28095,"Monroe, Mississippi",0.68526,0.63265002,0.99927998,0.034480002,0.01664,0.14135
28097,"Montgomery, Mississippi",0.61407,0.48952001,0.99776,0.096340001,0.01146,0.15125
28099,"Neshoba, Mississippi",0.57703,0.45469999,0.99992001,0.047490001,0.0092399996,0.16814999
28101,"Newton, Mississippi",0.64459002,0.5377,0.99665999,0.03359,0.01096,0.14478999
28103,"Noxubee, Mississippi",0.50427002,,1.0,0.031440001,0.0077399998,0.18629999
28105,"Oktibbeha, Mississippi",0.75051999,0.73615003,0.99343002,0.0515,0.0167,0.12706999
28107,"Panola, Mississippi",0.59382999,0.43998,0.99882001,0.030710001,0.0118,0.15191001
28109,"Pearl River, Mississippi",0.76780999,0.58171999,0.99427003,0.065650001,0.01175,0.115
28111,"Perry, Mississippi",0.76682001,0.49193001,0.99901003,0.060910001,0.01584,0.13101999
28113,"Pike, Mississippi",0.52130002,0.44431999,0.99904001,0.040259998,0.0135,0.13779999
28115,"Pontotoc, Mississippi",0.70828998,0.45862001,0.99523002,0.049369998,0.0094400002,0.11383
28117,"Prentiss, Mississippi",0.71544999,0.42614999,0.99858999,0.026380001,0.01146,0.12518001
28119,"Quitman, Mississippi",0.48859999,,0.99950999,0.018719999,0.01258,0.15652999
28121,"Rankin, Mississippi",0.86145997,0.87180001,0.98664999,0.057319999,0.0121,0.10124
28123,"Scott, Mississippi",0.55216998,0.54062003,0.99789,0.040800001,0.0077599999,0.1292
28125,"Sharkey, Mississippi",,,0.99912804,0.016115099,0.010853245,0.21454442
28127,"Simpson, Mississippi",0.70289999,0.53757,0.99734998,0.043359999,0.01042,0.12288
28129,"Smith, Mississippi",0.71680999,0.62983,0.99703002,0.047029998,0.0125,0.12616
28131,"Stone, Mississippi",0.73018998,0.61741,0.99291003,0.069619998,0.01247,0.12072
28133,"Sunflower, Mississippi",0.45051,0.38870001,0.99931002,0.020059999,0.01138,0.17377
28135,"Tallahatchie, Mississippi",0.48157001,0.38933,0.99682999,0.026240001,0.0075300001,0.17027999
28137,"Tate, Mississippi",0.73935997,0.78004998,0.99283999,0.036449999,0.0137,0.12683
28139,"Tippah, Mississippi",0.71019,0.45945999,0.99858999,0.036049999,0.01061,0.13038
28141,"Tishomingo, Mississippi",0.75365001,0.44387999,0.99949998,0.054049999,0.01637,0.13788
28143,"Tunica, Mississippi",0.43650001,,1.0,0.018920001,0.01289,0.16738001
28145,"Union, Mississippi",0.75875002,0.45080999,0.99677998,0.0328,0.013,0.12081
28147,"Walthall, Mississippi",0.57837999,,0.99529999,0.067000002,0.00605,0.133
28149,"Warren, Mississippi",0.64959002,0.58379,0.99905002,0.054299999,0.01664,0.1471
28151,"Washington, Mississippi",0.46313,0.47652,0.99947,0.027009999,0.0106,0.15726
28153,"Wayne, Mississippi",0.67897999,0.59026003,0.99855,0.05765,0.0065700002,0.15387
28155,"Webster, Mississippi",0.77095997,,0.99831003,0.075390004,0.0081099998,0.13697
28157,"Wilkinson, Mississippi",0.51727998,,1.0,0.03162,0.0089800004,0.19823
28159,"Winston, Mississippi",0.57770002,0.50195998,0.99921,0.048420001,0.0088299997,0.16098
28161,"Yalobusha, Mississippi",0.63774002,,0.99456,0.03847,0.01362,0.13251001
28163,"Yazoo, Mississippi",0.51337999,0.46397001,1.0,0.021910001,0.0091800001,0.1833
29001,"Adair, Missouri",0.88072002,0.71928,0.99585998,0.093570001,0.028449999,0.11873
29003,"Andrew, Missouri",1.05957,0.94555002,0.98583001,0.11761,0.02015,0.11482
29005,"Atchison, Missouri",0.97996002,0.80484003,0.99966002,0.08557,0.029890001,0.13632999
29007,"Audrain, Missouri",0.79408002,0.56190002,0.99566001,0.085479997,0.0184,0.11812
29009,"Barry, Missouri",0.73288,0.72785002,0.99191999,0.060830001,0.01812,0.10831
29011,"Barton, Missouri",0.82981002,0.74151999,0.99631,0.066040002,0.024970001,0.12335
29013,"Bates, Missouri",0.91988999,0.74721998,0.99686998,0.11537,0.02166,0.11863
29015,"Benton, Missouri",0.80689001,0.55653,0.98900002,0.16054,0.028379999,0.10715
29017,"Bollinger, Missouri",0.80588001,0.45637,0.99259001,0.15673,0.01184,0.12998
29019,"Boone, Missouri",0.9393,0.94963002,0.98689997,0.10415,0.02131,0.10036
29021,"Buchanan, Missouri",0.78388,0.76314998,0.99505001,0.081260003,0.0123,0.10262
29023,"Butler, Missouri",0.69722998,0.67312998,0.99567002,0.084870003,0.01363,0.10912
29025,"Caldwell, Missouri",0.97439998,0.73593003,0.99177003,0.10126,0.01619,0.11577
29027,"Callaway, Missouri",0.87033999,0.74588001,0.98751003,0.10445,0.01477,0.10424
29029,"Camden, Missouri",0.87019002,0.70578003,0.98711997,0.052829999,0.02307,0.098459996
29031,"Cape Girardeau, Missouri",0.88044,0.77894998,0.99528003,0.13934,0.019099999,0.10659
29033,"Carroll, Missouri",0.88050002,0.68944001,0.99835002,0.12905,0.015830001,0.13831
29035,"Carter, Missouri",0.74786001,,0.99185002,0.15595999,0.01481,0.13601001
29037,"Cass, Missouri",0.97582,1.02347,0.97358,0.10316,0.01224,0.098700002
29039,"Cedar, Missouri",0.84109002,0.54488999,0.99593002,0.08083,0.019440001,0.13176
29041,"Chariton, Missouri",0.97096997,0.67694002,0.99712002,0.075939998,0.017929999,0.14215
29043,"Christian, Missouri",0.99311,0.74349999,0.95226002,0.094679996,0.0146,0.091200002
29045,"Clark, Missouri",0.79117,0.59895003,1.0,0.12228,0.01455,0.14341
29047,"Clay, Missouri",0.96674001,0.98582,0.96968001,0.096450001,0.01036,0.093429998
29049,"Clinton, Missouri",0.98892999,0.93475002,0.98369998,0.14816,0.01323,0.10801
29051,"Cole, Missouri",0.90219998,0.82993001,0.99204999,0.096359998,0.03005,0.10447
29053,"Cooper, Missouri",0.86589003,0.63577998,0.99339998,0.088359997,0.02482,0.11671
29055,"Crawford, Missouri",0.74965,0.54654998,0.99410999,0.083240002,0.01953,0.12123
29057,"Dade, Missouri",0.84232002,0.68343002,0.99111998,0.11509,0.025669999,0.10521
29059,"Dallas, Missouri",0.80125999,0.43397,0.98167002,0.10889,0.01533,0.104
29061,"Daviess, Missouri",0.93577999,0.66962999,0.99482,0.097669996,0.021579999,0.12234
29063,"DeKalb, Missouri",1.02937,0.70857,0.97996998,0.12301,0.02682,0.10951
29065,"Dent, Missouri",0.72649997,0.66242999,0.99610001,0.067890003,0.01761,0.12747
29067,"Douglas, Missouri",,,0.77428323,0.037362274,0.19542867,0.1080419
29069,"Dunklin, Missouri",0.62049001,0.45017999,0.99625999,0.065049998,0.01318,0.12246
29071,"Franklin, Missouri",0.91658002,0.83056998,0.99207002,0.096610002,0.01539,0.11278
29073,"Gasconade, Missouri",0.92989999,0.72084999,0.99615997,0.070699997,0.024040001,0.13686
29075,"Gentry, Missouri",0.97992003,0.58252001,0.99653,0.069590002,0.016650001,0.13438
29077,"Greene, Missouri",0.87432998,0.79237002,0.97916001,0.11566,0.019540001,0.088969998
29079,"Grundy, Missouri",0.87336999,0.63163,0.99936002,0.080779999,0.03042,0.13237
29081,"Harrison, Missouri",0.91350001,0.57036,0.99730003,0.07779,0.01363,0.14207
29083,"Henry, Missouri",0.85105002,0.67391998,0.99469,0.086850002,0.02194,0.11192
29085,"Hickory, Missouri",0.81704003,,0.98815,0.065360002,0.024350001,0.10382
29087,"Holt, Missouri",1.0117,,0.99702001,0.05926,0.035750002,0.12544
29089,"Howard, Missouri",0.91316003,0.63562,0.99450999,0.088699996,0.03088,0.12522
29091,"Howell, Missouri",0.72566998,0.60119998,0.99791002,0.093560003,0.018619999,0.11976
29093,"Iron, Missouri",0.71837997,0.46079001,0.99089998,0.12227,0.021229999,0.11943
29095,"Jackson, Missouri",0.79030001,0.80276,0.98207003,0.081040002,0.015900001,0.085929997
29097,"Jasper, Missouri",0.77467,0.69,0.99122,0.072849996,0.01549,0.095940001
29099,"Jefferson, Missouri",0.97249001,0.82292998,0.97970998,0.11886,0.0097899996,0.097060002
29101,"Johnson, Missouri",1.00211,0.91738999,0.97991002,0.10929,0.02146,0.096479997
29103,"Knox, Missouri",0.90811998,,0.99404001,0.16989,0.01258,0.14091
29105,"Laclede, Missouri",0.73505002,0.54663002,0.99553001,0.0605,0.01657,0.10727
29107,"Lafayette, Missouri",0.94313997,0.75259,0.99050999,0.09736,0.018409999,0.11404
29109,"Lawrence, Missouri",0.78855997,0.66079003,0.98505998,0.069339998,0.017859999,0.10327
29111,"Lewis, Missouri",0.89155,0.56536001,0.99519002,0.10181,0.020570001,0.13079999
29113,"Lincoln, Missouri",0.97053999,0.89559001,0.97816002,0.10684,0.01007,0.097520001
29115,"Linn, Missouri",0.92702001,0.71335,0.99864,0.11959,0.020230001,0.13691001
29117,"Livingston, Missouri",0.89129001,0.66022003,0.99812001,0.1376,0.02538,0.12882
29119,"McDonald, Missouri",0.66126001,0.57858002,0.98461002,0.088540003,0.016030001,0.10661
29121,"Macon, Missouri",0.88959002,0.49105999,0.99572003,0.11489,0.01795,0.12853999
29123,"Madison, Missouri",0.78100002,0.55476999,0.99414998,0.15666001,0.0163,0.12609001
29125,"Maries, Missouri",0.90549999,0.66720003,0.99308997,0.095289998,0.018549999,0.1427
29127,"Marion, Missouri",0.78915,0.70705003,0.99583,0.080640003,0.01956,0.11986
29129,"Mercer, Missouri",0.92129999,,0.99677002,0.09228,0.01874,0.12985
29131,"Miller, Missouri",0.79863,0.55285001,0.99167001,0.060600001,0.024259999,0.11954
29133,"Mississippi, Missouri",0.59868002,0.41848999,0.99914002,0.078060001,0.02008,0.15603
29135,"Moniteau, Missouri",0.84129,0.70963001,0.99522001,0.13123,0.01338,0.12271
29137,"Monroe, Missouri",0.90342999,0.47272,0.99589002,0.14113,0.0196,0.13145
29139,"Montgomery, Missouri",0.87689,0.53852999,0.99011999,0.094180003,0.01623,0.11954
29141,"Morgan, Missouri",0.76003999,0.52012002,0.98953003,0.081579998,0.021050001,0.11529
29143,"New Madrid, Missouri",0.66044003,0.53650999,0.99703997,0.059050001,0.017759999,0.13596
29145,"Newton, Missouri",0.75031,0.72463,0.98074001,0.092759997,0.02692,0.10369
29147,"Nodaway, Missouri",1.0439399,0.81559002,0.99633998,0.069559999,0.028069999,0.12125
29149,"Oregon, Missouri",0.75041997,0.48258001,0.99555999,0.050379999,0.01808,0.13325
29151,"Osage, Missouri",1.02957,0.58904999,0.99804002,0.06938,0.02265,0.14590999
29153,"Ozark, Missouri",0.75700003,,0.99058998,0.15195,0.0242,0.1179
29155,"Pemiscot, Missouri",0.58319998,0.50663,0.99717999,0.032590002,0.0093,0.13547
29157,"Perry, Missouri",0.88116997,0.64484,0.99792999,0.11967,0.01684,0.14347
29159,"Pettis, Missouri",0.73417002,0.67899001,0.99383998,0.084700003,0.01536,0.10576
29161,"Phelps, Missouri",0.84004998,0.83352,0.99365002,0.084880002,0.02736,0.11089
29163,"Pike, Missouri",0.84051001,0.61004001,0.99765998,0.093829997,0.01921,0.13165
29165,"Platte, Missouri",1.04626,1.20994,0.92853999,0.088569999,0.01038,0.089440003
29167,"Polk, Missouri",0.83244002,0.68194002,0.98851001,0.072109997,0.01969,0.102
29169,"Pulaski, Missouri",0.90042001,0.77671999,0.97281998,0.062449999,0.01915,0.090170003
29171,"Putnam, Missouri",0.86056,,0.99914998,0.083570004,0.01757,0.13567001
29173,"Ralls, Missouri",0.89137,0.61142999,0.99330997,0.089910001,0.021989999,0.13080999
29175,"Randolph, Missouri",0.79058999,0.64384001,0.99484003,0.10034,0.018139999,0.11706
29177,"Ray, Missouri",0.90482998,0.84577,0.98952001,0.1034,0.0146,0.11206
29179,"Reynolds, Missouri",0.75088,,0.99800003,0.066320002,0.01695,0.1432
29181,"Ripley, Missouri",0.70137,0.40777999,0.99580002,0.086139999,0.01345,0.12825
29183,"St. Charles, Missouri",1.0878201,1.32578,0.97306001,0.10356,0.01056,0.089529999
29185,"St. Clair, Missouri",0.82225001,,0.99185002,0.1033,0.02345,0.11606
29186,"Ste Genevieve, Missouri",0.91892999,0.76253003,0.99489999,0.095739998,0.01371,0.13269
29187,"St. Francois, Missouri",0.79751003,0.65570998,0.99497002,0.12406,0.01595,0.10515
29189,"St. Louis County, Missouri",0.78839999,0.99315,0.98043001,0.084590003,0.01251,0.08495
29195,"Saline, Missouri",0.73493999,0.53868997,0.99781001,0.058880001,0.0184,0.12436
29197,"Schuyler, Missouri",0.86242998,,0.99804002,0.14888,0.02063,0.14612
29199,"Scotland, Missouri",0.91273999,,0.99786001,0.15239,0.01945,0.15666001
29201,"Scott, Missouri",0.73604,0.59847999,0.99716997,0.12284,0.01506,0.12207
29203,"Shannon, Missouri",0.68295002,,0.99777001,0.08585,0.01294,0.14916
29205,"Shelby, Missouri",0.91101003,0.66614997,0.99833,0.11908,0.01784,0.142
29207,"Stoddard, Missouri",0.80798,0.5442,0.99684,0.093189999,0.016829999,0.12141
29209,"Stone, Missouri",0.81120002,0.60662001,0.97577,0.083789997,0.031780001,0.10013
29211,"Sullivan, Missouri",0.72105998,,0.99489999,0.074199997,0.01197,0.13189
29213,"Taney, Missouri",0.78805,0.60508001,0.98782003,0.066409998,0.02208,0.097240001
29215,"Texas, Missouri",0.72820997,0.54359001,0.99575001,0.076130003,0.02665,0.12205
29217,"Vernon, Missouri",0.79631001,0.63015002,0.99580997,0.11647,0.017340001,0.12104
29219,"Warren, Missouri",0.94367999,0.86175001,0.97013003,0.1054,0.01474,0.10126
29221,"Washington, Missouri",0.70084,0.52859002,0.99594998,0.10312,0.01437,0.12122
29223,"Wayne, Missouri",0.71184999,0.37222999,0.99734998,0.09268,0.01905,0.1372
29225,"Webster, Missouri",0.87809998,0.71037,0.97091001,0.10175,0.01578,0.1015
29227,"Worth, Missouri",0.97425997,,0.99918997,0.072659999,0.041170001,0.15343
29229,"Wright, Missouri",0.72918999,0.53461999,0.99616998,0.077420004,0.019090001,0.1134
29510,"St. Louis City, Missouri",0.70038998,0.80781001,0.96816999,0.099179998,0.02554,0.081079997
30001,"Beaverhead, Montana",0.96219999,0.79738998,0.99620003,0.072570004,0.034639999,0.10632
30003,"Big Horn, Montana",0.48414001,0.79697001,0.99980998,0.072549999,0.019060001,0.1656
30005,"Blaine, Montana",0.55576998,0.62729001,0.99845999,0.051580001,0.020230001,0.16911
30007,"Broadwater, Montana",0.91826999,0.67435998,0.98861003,0.085419998,0.029170001,0.10605
30009,"Carbon, Montana",1.074,0.80021,0.99282998,0.11277,0.045759998,0.09888
30011,"Carter, Montana",,,1.0,0.086138502,0.055498078,0.13012493
30013,"Cascade, Montana",0.8251,0.90912998,0.99090999,0.077310003,0.01701,0.092210002
30015,"Chouteau, Montana",0.98580998,,0.99296999,0.10588,0.043359999,0.10331
30017,"Custer, Montana",0.94387001,1.04548,0.99636,0.045990001,0.02399,0.12519
30019,"Daniels, Montana",1.1474,,0.99949998,0.06199,0.01017,0.1418
30021,"Dawson, Montana",1.01449,1.10552,0.99735999,0.086329997,0.024089999,0.12783
30023,"Deer Lodge, Montana",0.81221002,0.63068002,0.99443001,0.049339999,0.02609,0.12683
30025,"Fallon, Montana",1.07262,,0.99957001,0.15602,0.033130001,0.13733
30027,"Fergus, Montana",0.91623002,0.81146997,0.99664998,0.061939999,0.030579999,0.11682
30029,"Flathead, Montana",0.91574001,0.79988998,0.99175,0.068319999,0.0221,0.096950002
30031,"Gallatin, Montana",1.13998,1.1875401,0.97359002,0.11734,0.022089999,0.095559999
30033,"Garfield, Montana",,,0.99719119,0.13044111,0.043380883,0.14688618
30035,"Glacier, Montana",0.45486999,0.64964002,0.99874002,0.14946,0.01537,0.17765
30039,"Granite, Montana",1.04951,,0.98927999,0.085649997,0.041370001,0.10471
30041,"Hill, Montana",0.64911997,0.86066002,0.99733001,0.086479999,0.01439,0.13748001
30043,"Jefferson, Montana",0.93286002,0.98523003,0.95885998,0.061250001,0.02468,0.096450001
30045,"Judith Basin, Montana",,,0.99088985,0.1022219,0.024329867,0.10339021
30047,"Lake, Montana",0.66709,0.75923002,0.99497998,0.075290002,0.02138,0.11441
30049,"Lewis and Clark, Montana",0.91167003,0.93294001,0.98839003,0.084720001,0.031029999,0.096089996
30051,"Liberty, Montana",,,0.99606222,0.097219855,0.016425673,0.12934971
30053,"Lincoln, Montana",0.79514003,0.54806,0.99469,0.071170002,0.02857,0.12605
30055,"McCone, Montana",1.13685,,0.99958998,0.09787,0.02616,0.15302999
30057,"Madison, Montana",1.1015199,0.77234,0.98264003,0.093960002,0.02603,0.098580003
30059,"Meagher, Montana",0.97684997,,0.99558002,0.13326,0.059700001,0.1112
30061,"Mineral, Montana",0.80008,,0.98474002,0.079219997,0.02798,0.098300003
30063,"Missoula, Montana",0.99296999,0.92210001,0.98320001,0.098289996,0.0272,0.095559999
30065,"Musselshell, Montana",0.93646002,,0.98199999,0.065729998,0.02925,0.10003
30067,"Park, Montana",1.0350699,0.73584998,0.98658001,0.13986,0.032170001,0.097139999
30071,"Phillips, Montana",0.95931,,0.99918997,0.13467,0.02365,0.16091
30073,"Pondera, Montana",0.83607,0.96293002,0.99330997,0.074320003,0.0286,0.12748
30075,"Powder River, Montana",,,0.99940258,0.07852596,0.037447151,0.13572437
30077,"Powell, Montana",0.78983003,0.86087,0.99456,0.06656,0.025140001,0.11023
30079,"Prairie, Montana",,,0.99280566,0.096387535,0.055895466,0.10522567
30081,"Ravalli, Montana",0.93080997,0.82525003,0.98098999,0.071520001,0.02864,0.099179998
30083,"Richland, Montana",0.97873998,1.15135,0.99646997,0.061360002,0.024669999,0.12251
30085,"Roosevelt, Montana",0.54457998,0.74662,0.99818999,0.07429,0.01242,0.163
30087,"Rosebud, Montana",0.66921997,0.87336999,0.99721003,0.087889999,0.018829999,0.13043
30089,"Sanders, Montana",0.83388001,0.60579997,0.98913002,0.09121,0.0361,0.1034
30091,"Sheridan, Montana",1.04522,1.07577,0.99997002,0.14727999,0.029300001,0.13923
30093,"Silver Bow, Montana",0.75958002,0.83140999,0.99700999,0.068039998,0.022050001,0.12277
30095,"Stillwater, Montana",1.00655,1.08459,0.98185003,0.10499,0.035689998,0.099760003
30097,"Sweet Grass, Montana",1.0379699,,0.99400997,0.088359997,0.039469998,0.11103
30099,"Teton, Montana",1.00205,0.88661999,0.99414998,0.062530003,0.042750001,0.11118
30101,"Toole, Montana",0.84884,0.83043998,0.99566001,0.091789998,0.038630001,0.11213
30105,"Valley, Montana",0.97478002,0.99523002,0.99862999,0.10353,0.025189999,0.14372
30107,"Wheatland, Montana",,,0.99168688,0.19818893,0.021895351,0.10485737
30111,"Yellowstone, Montana",0.8768,1.05426,0.98991001,0.071050003,0.01483,0.092069998
31001,"Adams, Nebraska",0.88799,0.86606997,0.99632001,0.063699998,0.02194,0.10812
31003,"Antelope, Nebraska",1.11277,0.70113999,0.99611002,0.079300001,0.035810001,0.123
31011,"Boone, Nebraska",1.11061,0.94343001,0.99914998,0.089000002,0.024809999,0.13424
31013,"Box Butte, Nebraska",0.91351002,0.96521997,0.99763,0.1752,0.01991,0.12744001
31015,"Boyd, Nebraska",1.09176,,0.99748999,0.06199,0.021330001,0.13844
31017,"Brown, Nebraska",0.97577,,0.99695998,0.0638,0.02306,0.12568
31019,"Buffalo, Nebraska",1.02719,1.07604,0.99211001,0.068439998,0.01771,0.099799998
31021,"Burt, Nebraska",1.08513,0.92619002,0.99535,0.089249998,0.02359,0.11599
31023,"Butler, Nebraska",1.06416,0.79121,0.99164999,0.078259997,0.020190001,0.11026
31025,"Cass, Nebraska",1.11209,1.11946,0.97286999,0.12651999,0.018449999,0.1003
31027,"Cedar, Nebraska",1.22321,0.90495998,0.99637997,0.12751999,0.02311,0.12784
31029,"Chase, Nebraska",0.98749,0.84877998,0.99902999,0.091760002,0.024809999,0.12497
31031,"Cherry, Nebraska",0.986,0.68410999,0.99761999,0.11518,0.02165,0.12718
31033,"Cheyenne, Nebraska",0.98580998,0.95459002,0.99346,0.089819998,0.02091,0.10743
31035,"Clay, Nebraska",1.03207,0.82931,0.98811001,0.092189997,0.0196,0.10988
31037,"Colfax, Nebraska",0.57292002,0.56804001,0.99171001,0.038509998,0.01272,0.12109
31039,"Cuming, Nebraska",0.97847998,0.75174999,0.99681997,0.050080001,0.02145,0.11768
31041,"Custer, Nebraska",1.03036,0.81915998,0.99798,0.11174,0.02767,0.1124
31043,"Dakota, Nebraska",0.62869,0.76628,0.98295999,0.032109998,0.0092099998,0.11355
31045,"Dawes, Nebraska",1.02863,1.0358599,0.99594998,0.10697,0.03159,0.1101
31047,"Dawson, Nebraska",0.67014998,0.84735,0.99581999,0.051849999,0.01473,0.11886
31049,"Deuel, Nebraska",1.0208,,0.98515999,0.12864,0.050159998,0.10272
31051,"Dixon, Nebraska",0.98905998,0.92927998,0.99201,0.06521,0.01368,0.11211
31053,"Dodge, Nebraska",0.83293998,0.76798999,0.99265999,0.074929997,0.016559999,0.10372
31055,"Douglas, Nebraska",0.80927998,1.02388,0.98496002,0.065590002,0.01392,0.091449998
31057,"Dundy, Nebraska",1.04444,,0.99672002,0.061939999,0.021020001,0.11541
31059,"Fillmore, Nebraska",1.07819,0.82318997,0.99712002,0.059179999,0.020710001,0.11625
31061,"Franklin, Nebraska",1.1055,,0.99215001,0.16339999,0.02385,0.11247
31063,"Frontier, Nebraska",1.0855401,0.99896002,0.9885,0.09612,0.05528,0.1033
31065,"Furnas, Nebraska",1.06473,0.84034997,0.99590999,0.11588,0.02063,0.11467
31067,"Gage, Nebraska",0.92404997,0.82163,0.99489999,0.080009997,0.01733,0.11727
31069,"Garden, Nebraska",,,0.99769527,0.22136679,0.037315845,0.11155088
31071,"Garfield, Nebraska",1.17126,,0.99527001,0.094549999,0.051449999,0.12803
31073,"Gosper, Nebraska",1.06101,,0.98356003,0.06208,0.023460001,0.10215
31075,"Grant, Nebraska",,,0.99476892,0.14807145,0.01352638,0.099408269
31077,"Greeley, Nebraska",1.15053,,0.99392998,0.054000001,0.033750001,0.1237
31079,"Hall, Nebraska",0.66930002,0.82726002,0.99375999,0.051350001,0.01543,0.10088
31081,"Hamilton, Nebraska",1.08571,1.0582401,0.98825997,0.063060001,0.029449999,0.10621
31083,"Harlan, Nebraska",1.1057301,,0.99545002,0.13544001,0.031769998,0.11592
31087,"Hitchcock, Nebraska",1.03206,,0.99198002,0.13823,0.02551,0.11901
31089,"Holt, Nebraska",1.03485,0.93658,0.99839997,0.073260002,0.02421,0.12846
31093,"Howard, Nebraska",1.07802,,0.99251997,0.11242,0.023010001,0.11336
31095,"Jefferson, Nebraska",0.85825002,0.68940997,0.99724001,0.062530003,0.027659999,0.11949
31097,"Johnson, Nebraska",0.79079002,0.94005001,0.99290001,0.079980001,0.01299,0.11728
31099,"Kearney, Nebraska",1.09842,0.92430001,0.98146999,0.079800002,0.024390001,0.10422
31101,"Keith, Nebraska",0.97583997,1.0396,0.99590999,0.08134,0.033829998,0.10746
31105,"Kimball, Nebraska",0.96209002,,0.99541998,0.19233,0.022700001,0.10809
31107,"Knox, Nebraska",0.96733999,0.68234998,0.99471998,0.090779997,0.02406,0.13233
31109,"Lancaster, Nebraska",0.96534002,1.10923,0.98607999,0.083580002,0.01595,0.09691
31111,"Lincoln, Nebraska",0.89218998,0.95743001,0.99457002,0.073849998,0.016690001,0.10547
31113,"Logan, Nebraska",,,0.98374081,0.13875784,0.051495273,0.1071602
31119,"Madison, Nebraska",0.92909002,0.91153002,0.99535,0.05026,0.016319999,0.10793
31121,"Merrick, Nebraska",1.11498,0.92826998,0.99206001,0.10038,0.02165,0.1133
31123,"Morrill, Nebraska",0.90884,0.85886002,0.98913002,0.13018,0.02258,0.10877
31125,"Nance, Nebraska",1.11717,0.81708002,0.99241,0.068360001,0.01719,0.11672
31127,"Nemaha, Nebraska",1.02378,1.01752,0.99520999,0.063770004,0.02293,0.11959
31129,"Nuckolls, Nebraska",0.99331999,,0.99707001,0.08721,0.022299999,0.12104
31131,"Otoe, Nebraska",0.92979997,0.91674,0.99119997,0.06397,0.02031,0.11596
31133,"Pawnee, Nebraska",1.03197,,0.99618,0.11796,0.025529999,0.11784
31135,"Perkins, Nebraska",1.14323,,0.99612999,0.04611,0.039799999,0.1162
31137,"Phelps, Nebraska",1.01046,0.92154998,0.99656999,0.081390001,0.02476,0.11367
31139,"Pierce, Nebraska",1.16286,0.83147001,0.99338001,0.098020002,0.019540001,0.11738
31141,"Platte, Nebraska",0.79223001,0.98408997,0.9939,0.052140001,0.01108,0.10761
31143,"Polk, Nebraska",1.08955,1.04892,0.98878998,0.1882,0.034159999,0.10717
31145,"Red Willow, Nebraska",0.97069001,0.78613001,0.99720001,0.067230001,0.01675,0.12592
31147,"Richardson, Nebraska",0.95959997,0.80144,0.99759001,0.046709999,0.02596,0.14171
31149,"Rock, Nebraska",,,0.99844593,0.18377869,0.030790176,0.12196596
31151,"Saline, Nebraska",0.72569001,0.75580001,0.9921,0.048220001,0.01908,0.11213
31153,"Sarpy, Nebraska",1.02101,1.21761,0.94086999,0.074040003,0.0103,0.089950003
31155,"Saunders, Nebraska",1.14193,1.0394599,0.98316997,0.1142,0.021059999,0.10634
31157,"Scotts Bluff, Nebraska",0.82388997,0.90662003,0.99827999,0.11501,0.020640001,0.10964
31159,"Seward, Nebraska",1.1193399,1.07541,0.98176998,0.085110001,0.03142,0.099720001
31161,"Sheridan, Nebraska",0.89170003,0.88576001,0.99623001,0.17245001,0.022019999,0.11798
31163,"Sherman, Nebraska",0.96961999,,0.99295998,0.091499999,0.041839998,0.11112
31167,"Stanton, Nebraska",1.06601,,0.97171998,0.058010001,0.01723,0.10898
31169,"Thayer, Nebraska",0.99821001,0.95311999,0.99778998,0.12944999,0.037390001,0.11213
31171,"Thomas, Nebraska",,,0.99625993,0.064065546,0.051116455,0.10054388
31173,"Thurston, Nebraska",0.53644001,0.66676998,0.99852997,0.04961,0.01719,0.15113001
31175,"Valley, Nebraska",1.07447,0.76840001,0.99856001,0.065300003,0.03002,0.12235
31177,"Washington, Nebraska",1.14897,1.20473,0.98354,0.085220002,0.022709999,0.10669
31179,"Wayne, Nebraska",1.0376101,1.15174,0.98931998,0.085830003,0.036060002,0.11391
31181,"Webster, Nebraska",1.00416,0.92777997,0.99386001,0.074050002,0.030510001,0.11567
31185,"York, Nebraska",1.00359,0.92269999,0.99299997,0.075149998,0.022679999,0.10548
32001,"Churchill, Nevada",0.82966,1.03461,0.98912001,0.070990004,0.01338,0.098650001
32003,"Clark, Nevada",0.73276001,0.89203,0.96588999,0.046700001,0.01146,0.07626
32005,"Douglas, Nevada",0.96063,1.00884,0.97500002,0.081280001,0.025280001,0.092540003
32007,"Elko, Nevada",0.89293998,1.1429,0.99374002,0.080870003,0.01194,0.1094
32011,"Eureka, Nevada",0.85731,,0.96287,0.083240002,0.017759999,0.10568
32013,"Humboldt, Nevada",0.87821001,1.10434,0.99517,0.12088,0.01489,0.11339
32015,"Lander, Nevada",0.94035,1.18349,0.99675,0.11584,0.01832,0.12187
32017,"Lincoln, Nevada",0.93839002,1.15943,0.9993,0.04905,0.02062,0.12439
32019,"Lyon, Nevada",0.79903001,0.84018999,0.95365,0.10398,0.01279,0.09031
32021,"Mineral, Nevada",,,0.9966749,0.071916148,0.024725305,0.13480139
32023,"Nye, Nevada",0.74346,0.76270998,0.98512,0.063989997,0.017419999,0.094939999
32027,"Pershing, Nevada",0.77140999,,0.99511999,0.13953,0.02506,0.12722
32029,"Storey, Nevada",0.81353003,,0.69676,0.06095,0.026450001,0.091519997
32031,"Washoe, Nevada",0.80659002,1.00967,0.97935998,0.071309999,0.01183,0.084600002
32033,"White Pine, Nevada",0.84535998,1.02855,0.99822003,0.16564,0.01925,0.11903
32510,"Carson City, Nevada",0.76688999,0.89538997,0.97640002,0.063100003,0.021090001,0.090719998
33001,"Belknap, New Hampshire",1.08412,1.08407,0.98030001,0.08546,0.0239,0.10133
33003,"Carroll, New Hampshire",1.0821199,0.85499001,0.98860002,0.08467,0.042119998,0.10987
33005,"Cheshire, New Hampshire",1.07577,0.98190999,0.99039,0.09601,0.02416,0.10732
33007,"Coos, New Hampshire",0.90846002,0.70204997,0.99629998,0.071790002,0.02726,0.1362
33009,"Grafton, New Hampshire",1.0929,1.00413,0.98133999,0.081419997,0.02963,0.10823
33011,"Hillsborough, New Hampshire",1.05302,1.20854,0.97485,0.073859997,0.01542,0.096869998
33013,"Merrimack, New Hampshire",1.1284,1.1476901,0.96783,0.0744,0.02589,0.098710001
33015,"Rockingham, New Hampshire",1.3597,1.22649,0.96403998,0.075879999,0.02031,0.098439999
33017,"Strafford, New Hampshire",1.13405,1.06715,0.97694999,0.080849998,0.01763,0.098059997
33019,"Sullivan, New Hampshire",0.95567,0.78596002,0.98964,0.058090001,0.022770001,0.10934
34001,"Atlantic, New Jersey",0.75431001,0.92916,0.99330002,0.051259998,0.016240001,0.10414
34003,"Bergen, New Jersey",1.0269099,1.28466,0.96578002,0.057039998,0.01442,0.10109
34005,"Burlington, New Jersey",0.97755998,1.30905,0.97543001,0.067570001,0.01488,0.10269
34007,"Camden, New Jersey",0.76767999,0.99694002,0.98465002,0.058820002,0.01354,0.09488
34009,"Cape May, New Jersey",0.94268,1.00007,0.99365997,0.089680001,0.02592,0.10975
34011,"Cumberland, New Jersey",0.66140997,0.84833997,0.99605,0.053059999,0.01266,0.10612
34013,"Essex, New Jersey",0.63766998,0.68734998,0.97381002,0.044399999,0.01253,0.0845
34015,"Gloucester, New Jersey",1.01538,1.2413501,0.97557998,0.067529999,0.01279,0.10165
34017,"Hudson, New Jersey",0.81652999,0.57604003,0.95617998,0.047490001,0.0065100002,0.091069996
34019,"Hunterdon, New Jersey",1.1822799,1.58443,0.96752,0.10238,0.02667,0.10412
34021,"Mercer, New Jersey",0.56733,0.96695,0.98983002,0.04659,0.0209,0.10249
34023,"Middlesex, New Jersey",0.85285997,1.0979,0.96917999,0.04941,0.01385,0.10132
34025,"Monmouth, New Jersey",0.94753999,1.33119,0.97981,0.075669996,0.01476,0.10181
34027,"Morris, New Jersey",1.08737,1.4161299,0.96915001,0.069739997,0.01723,0.10836
34029,"Ocean, New Jersey",0.99555999,1.1978,0.98469001,0.069600001,0.01225,0.10279
34031,"Passaic, New Jersey",0.59579003,0.79528999,0.97599,0.04532,0.0090800002,0.094130002
34033,"Salem, New Jersey",0.86607999,1.08102,0.98935002,0.060740001,0.01636,0.11556
34035,"Somerset, New Jersey",1.00537,1.46772,0.95846999,0.066229999,0.01629,0.10277
34037,"Sussex, New Jersey",1.25775,1.41259,0.98190999,0.087010004,0.01661,0.11296
34039,"Union, New Jersey",0.69148999,0.90498,0.96411002,0.04606,0.0112,0.091710001
34041,"Warren, New Jersey",1.13434,1.23386,0.97750998,0.076499999,0.016690001,0.11065
35001,"Bernalillo, New Mexico",0.66459,0.79860997,0.97403997,0.062309999,0.01402,0.076109998
35003,"Catron, New Mexico",,,0.98769432,0.11369923,0.051636558,0.096896648
35005,"Chaves, New Mexico",0.57494998,0.71597999,0.99416,0.029100001,0.0097399997,0.089769997
35006,"Cibola, New Mexico",0.46673,0.69134998,0.99133003,0.055029999,0.01305,0.1098
35007,"Colfax, New Mexico",0.64099997,0.52696002,0.99612999,0.11559,0.034949999,0.12893
35009,"Curry, New Mexico",0.66850001,0.73738003,0.98991001,0.038240001,0.01138,0.090350002
35011,"De Baca, New Mexico",,,0.99644679,0.057450198,0.018691998,0.11710335
35013,"DoÃÂ±a Ana, New Mexico",0.59858,0.59239,0.98628002,0.03441,0.01206,0.085139997
35015,"Eddy, New Mexico",0.74067003,1.06552,0.99445999,0.046239998,0.01074,0.10769
35017,"Grant, New Mexico",0.56770003,0.65004998,0.99887002,0.064549997,0.03167,0.11917
35019,"Guadalupe, New Mexico",0.59342998,,0.99879003,0.03373,0.01229,0.15351
35023,"Hidalgo, New Mexico",0.63405001,,0.99792999,0.0096500004,0.029379999,0.15415999
35025,"Lea, New Mexico",0.6886,1.01904,0.99533999,0.050480001,0.0092599997,0.10018
35027,"Lincoln, New Mexico",0.68344003,0.66745001,0.99396998,0.05957,0.031500001,0.10196
35028,"Los Alamos, New Mexico",1.1156501,1.4073499,0.97400999,0.12882,0.031369999,0.09691
35029,"Luna, New Mexico",0.46496999,0.34977001,0.99677998,0.047079999,0.01678,0.10761
35031,"McKinley, New Mexico",0.41604,0.57174999,0.97706002,0.039239999,0.01111,0.0823
35033,"Mora, New Mexico",,,0.99658549,0.088951163,0.033473715,0.1330927
35035,"Otero, New Mexico",0.73474002,0.74083,0.98969001,0.05652,0.019579999,0.10097
35037,"Quay, New Mexico",0.57808,0.61918998,0.99888003,0.053950001,0.02593,0.13638
35039,"Rio Arriba, New Mexico",0.44734001,0.50604999,0.99550003,0.04637,0.016930001,0.10447
35041,"Roosevelt, New Mexico",0.68822998,0.74302,0.99387002,0.037319999,0.022779999,0.1003
35043,"Sandoval, New Mexico",0.74976999,0.91500002,0.93621999,0.05759,0.01115,0.082010001
35045,"San Juan, New Mexico",0.59600002,0.86514002,0.98487997,0.066739999,0.01357,0.08264
35047,"San Miguel, New Mexico",0.4998,0.56717002,0.99773002,0.055089999,0.02276,0.12013
35049,"Santa Fe, New Mexico",0.62910998,0.64927,0.98456001,0.075199999,0.028720001,0.084969997
35051,"Sierra, New Mexico",0.57985997,0.64012003,1.0,0.067989998,0.042509999,0.12084
35053,"Socorro, New Mexico",0.53258002,0.53118998,0.99658,0.06397,0.02287,0.13758001
35055,"Taos, New Mexico",0.70545,0.48076999,0.99598002,0.11724,0.038910002,0.10951
35057,"Torrance, New Mexico",0.65758002,0.80610001,0.98029,0.070780002,0.030069999,0.097259998
35059,"Union, New Mexico",0.72306001,0.89981002,0.9993,0.060449999,0.02471,0.13933
35061,"Valencia, New Mexico",0.55430001,0.69108999,0.98118001,0.049279999,0.0108,0.085239999
36001,"Albany, New York",0.87391001,1.07797,0.97807002,0.081419997,0.022879999,0.098899998
36003,"Allegany, New York",0.77829999,0.72987998,0.99304003,0.073899999,0.0243,0.11585
36005,"Bronx, New York",0.68067002,0.64668,0.93305999,0.02304,0.0064900001,0.071620002
36007,"Broome, New York",0.81244999,0.95977002,0.99236,0.077189997,0.01678,0.10276
36009,"Cattaraugus, New York",0.75652999,0.79904002,0.99379998,0.073530003,0.018859999,0.118
36011,"Cayuga, New York",0.81484997,0.87636,0.99425,0.071199998,0.01564,0.11331
36013,"Chautauqua, New York",0.69059998,0.73961997,0.99466997,0.090970002,0.019160001,0.11125
36015,"Chemung, New York",0.73575002,0.92703003,0.99524999,0.050480001,0.01866,0.10382
36017,"Chenango, New York",0.79185998,0.86352998,0.99436998,0.08382,0.019610001,0.11631
36019,"Clinton, New York",0.84636998,0.92233002,0.99952,0.065289997,0.017820001,0.11831
36021,"Columbia, New York",0.88366997,0.95569003,0.99295002,0.093039997,0.0306,0.11269
36023,"Cortland, New York",0.80005997,1.01036,0.99633998,0.12459,0.022,0.11293
36025,"Delaware, New York",0.85110998,0.84917998,0.99495,0.12459,0.03785,0.12555
36027,"Dutchess, New York",0.95771003,1.25058,0.98387003,0.081110001,0.018680001,0.10291
36029,"Erie, New York",0.75937998,0.91329998,0.99233001,0.06515,0.01396,0.096780002
36031,"Essex, New York",0.86543,0.98504001,0.99470001,0.059610002,0.038240001,0.13474999
36033,"Franklin, New York",0.76937002,0.81323999,0.99971002,0.075690001,0.021369999,0.14693999
36035,"Fulton, New York",0.7155,0.85516,0.99645001,0.064390004,0.018130001,0.11084
36037,"Genesee, New York",0.90377998,0.99153,0.99186999,0.080059998,0.01522,0.11047
36039,"Greene, New York",0.87491,0.90223998,0.99118,0.077610001,0.02413,0.11298
36041,"Hamilton, New York",1.0166,,0.99584001,0.075450003,0.079159997,0.11687
36043,"Herkimer, New York",0.78821999,0.87668997,0.99690002,0.075989999,0.01792,0.11953
36045,"Jefferson, New York",0.87980002,0.98199999,0.98756999,0.062919997,0.01626,0.097840004
36047,"Kings, New York",0.77451998,0.61040998,0.94560999,0.059700001,0.0060299998,0.075889997
36049,"Lewis, New York",0.86748999,0.85979998,0.99849999,0.094420001,0.02098,0.14047
36051,"Livingston, New York",0.90139002,1.06405,0.98816001,0.06882,0.023840001,0.11433
36053,"Madison, New York",0.89937001,0.98913002,0.98356998,0.073420003,0.019470001,0.10828
36055,"Monroe, New York",0.71841002,1.0901,0.99155003,0.059739999,0.01242,0.092540003
36057,"Montgomery, New York",0.73624003,0.86756003,0.99066001,0.066189997,0.01554,0.10774
36059,"Nassau, New York",0.95231003,1.24707,0.97245002,0.05793,0.01306,0.1013
36061,"New York, New York",0.82734001,0.65170997,0.92580003,0.058899999,0.025760001,0.082539998
36063,"Niagara, New York",0.85018998,0.91194999,0.99027997,0.063610002,0.01784,0.10848
36065,"Oneida, New York",0.75343001,0.87884003,0.99418998,0.05198,0.01349,0.1092
36067,"Onondaga, New York",0.77278,1.01282,0.99127001,0.064230002,0.01637,0.10182
36069,"Ontario, New York",0.91204,1.05656,0.98470998,0.085110001,0.021369999,0.10601
36071,"Orange, New York",0.84834999,1.1849,0.98229003,0.072169997,0.016039999,0.10025
36073,"Orleans, New York",0.80096,0.87238997,0.9928,0.059519999,0.01343,0.1173
36075,"Oswego, New York",0.78162998,0.92458999,0.99105,0.059459999,0.015860001,0.10875
36077,"Otsego, New York",0.88191998,0.93406999,0.99166,0.11144,0.024080001,0.10605
36079,"Putnam, New York",1.03351,1.46328,0.96805,0.075850002,0.0178,0.10768
36081,"Queens, New York",0.77995998,0.77779001,0.93655002,0.04205,0.0046899999,0.078869998
36083,"Rensselaer, New York",0.87690002,1.08389,0.97957999,0.076679997,0.015790001,0.10364
36085,"Richmond, New York",0.93111998,1.13213,0.98435998,0.048459999,0.0087599996,0.084320001
36087,"Rockland, New York",0.71461999,1.24985,0.98825002,0.05091,0.018060001,0.10615
36089,"St. Lawrence, New York",0.79506999,0.83122998,0.99923998,0.067359999,0.0229,0.13101999
36091,"Saratoga, New York",1.03073,1.22621,0.9745,0.084820002,0.0163,0.09967
36093,"Schenectady, New York",0.83007997,0.92218,0.97869998,0.065789998,0.01016,0.093489997
36095,"Schoharie, New York",0.88620001,0.90666997,0.99466002,0.097029999,0.027550001,0.11489
36097,"Schuyler, New York",0.79557002,0.82718003,0.98843002,0.08145,0.033709999,0.11327
36099,"Seneca, New York",0.82130003,0.88119,0.99265999,0.078189999,0.02053,0.11524
36101,"Steuben, New York",0.77209002,0.80963999,0.99545997,0.054110002,0.019440001,0.11279
36103,"Suffolk, New York",0.94288999,1.27413,0.97871,0.060540002,0.01064,0.10117
36105,"Sullivan, New York",0.77954,0.98491001,0.9932,0.062259998,0.02124,0.10868
36107,"Tioga, New York",0.83236003,1.01,0.98663002,0.094769999,0.02214,0.11352
36109,"Tompkins, New York",1.05003,1.11856,0.97943997,0.22571,0.040630002,0.097070001
36111,"Ulster, New York",0.90713,1.0885,0.98881,0.093029998,0.033349998,0.10927
36113,"Warren, New York",0.91123003,0.94287997,0.98540998,0.097850002,0.022539999,0.10369
36115,"Washington, New York",0.83695,0.90398002,0.98861998,0.12213,0.01706,0.11018
36117,"Wayne, New York",0.84524,0.88739002,0.98842001,0.091009997,0.01574,0.10943
36119,"Westchester, New York",0.81660002,1.12902,0.96771002,0.050700001,0.01653,0.093680002
36121,"Wyoming, New York",0.91834998,0.83573002,0.99256998,0.068159997,0.02165,0.12014
36123,"Yates, New York",0.83705002,0.86294001,0.99614,0.08529,0.032529999,0.12251
37001,"Alamance, North Carolina",0.61148,0.80892003,0.98942,0.048549999,0.0146,0.099890001
37003,"Alexander, North Carolina",0.63590997,0.74779999,0.99343002,0.085579999,0.016559999,0.11457
37005,"Alleghany, North Carolina",0.56276,0.42447999,0.99830002,0.050639998,0.0287,0.14353
37007,"Anson, North Carolina",0.46175,0.49533001,0.99783999,0.02837,0.016319999,0.14358
37009,"Ashe, North Carolina",0.63370001,0.54266,0.99711001,0.067429997,0.025939999,0.1476
37011,"Avery, North Carolina",0.73922002,0.54145998,0.99563003,0.055980001,0.030300001,0.13008
37013,"Beaufort, North Carolina",0.56181002,0.68588001,0.99466002,0.04132,0.023460001,0.12369
37015,"Bertie, North Carolina",0.53906,0.39015999,0.99606001,0.02042,0.01616,0.146
37017,"Bladen, North Carolina",0.45526001,0.50076997,0.99783999,0.037209999,0.01873,0.12507001
37019,"Brunswick, North Carolina",0.72191,0.66806,0.98539001,0.065690003,0.0186,0.10531
37021,"Buncombe, North Carolina",0.80628997,0.75264001,0.97960001,0.14218999,0.02107,0.090470001
37023,"Burke, North Carolina",0.54716003,0.67751002,0.99172002,0.063689999,0.02004,0.10152
37025,"Cabarrus, North Carolina",0.73873001,0.98646998,0.96907997,0.05071,0.01074,0.090499997
37027,"Caldwell, North Carolina",0.55425,0.67395002,0.99298,0.043900002,0.01528,0.099579997
37029,"Camden, North Carolina",0.92234999,1.0256701,0.95757002,0.078189999,0.018200001,0.10058
37031,"Carteret, North Carolina",0.80018997,0.87879997,0.99158001,0.09392,0.03008,0.10749
37033,"Caswell, North Carolina",0.56954002,0.55592,0.99147999,0.04555,0.028650001,0.12053
37035,"Catawba, North Carolina",0.64618999,0.85885,0.98649001,0.04755,0.015969999,0.096720003
37037,"Chatham, North Carolina",0.63848001,0.89078999,0.98930001,0.047959998,0.02877,0.1097
37039,"Cherokee, North Carolina",0.61150998,0.52750999,0.99555999,0.12644,0.02328,0.12211
37041,"Chowan, North Carolina",0.56221998,0.54455,0.99755001,0.048900001,0.021749999,0.15064999
37043,"Clay, North Carolina",0.68169999,0.56169999,0.99305999,0.082979999,0.031099999,0.11825
37045,"Cleveland, North Carolina",0.55795997,0.68914998,0.99532002,0.03365,0.0186,0.10889
37047,"Columbus, North Carolina",0.44911999,0.68408,0.99866998,0.036910001,0.01497,0.12729999
37049,"Craven, North Carolina",0.73456001,0.83813,0.99017,0.05528,0.01763,0.10544
37051,"Cumberland, North Carolina",0.68410999,0.90034997,0.97815001,0.041859999,0.01333,0.083889998
37053,"Currituck, North Carolina",0.90688998,0.91609001,0.97434002,0.068559997,0.01228,0.095959999
37055,"Dare, North Carolina",0.87639999,0.88659,0.99501002,0.080399998,0.03112,0.11731
37057,"Davidson, North Carolina",0.57999998,0.79997998,0.98681998,0.033020001,0.01421,0.10297
37059,"Davie, North Carolina",0.70682001,0.86965001,0.98856997,0.061779998,0.01901,0.10509
37061,"Duplin, North Carolina",0.4862,0.59048003,0.99436998,0.076200001,0.01283,0.11462
37063,"Durham, North Carolina",0.73408002,0.90504998,0.96882999,0.070179999,0.01512,0.086860001
37065,"Edgecombe, North Carolina",0.45456001,0.58789998,0.99550003,0.024350001,0.01236,0.11721
37067,"Forsyth, North Carolina",0.64214998,0.91943002,0.98461998,0.046689998,0.0132,0.092019998
37069,"Franklin, North Carolina",0.76798999,0.79045999,0.97663999,0.045170002,0.01271,0.10358
37071,"Gaston, North Carolina",0.62857002,0.82340997,0.98392999,0.04473,0.0142,0.089749999
37073,"Gates, North Carolina",0.76517999,0.71319997,0.99387002,0.054299999,0.02028,0.1192
37075,"Graham, North Carolina",0.58879,0.40344,1.0,0.081869997,0.018309999,0.18000001
37077,"Granville, North Carolina",0.61255997,0.90623999,0.99036998,0.038940001,0.0111,0.11617
37079,"Greene, North Carolina",0.50579,0.62821001,0.99247003,0.035580002,0.017580001,0.11659
37081,"Guilford, North Carolina",0.66260999,0.95248997,0.98418999,0.044950001,0.018789999,0.094760001
37083,"Halifax, North Carolina",0.45603999,0.55476999,1.0,0.024669999,0.01914,0.14262
37085,"Harnett, North Carolina",0.68665999,0.80441999,0.97604001,0.056869999,0.01443,0.096699998
37087,"Haywood, North Carolina",0.65478998,0.67313999,0.99414003,0.068449996,0.02131,0.10849
37089,"Henderson, North Carolina",0.70547003,0.73804998,0.98122001,0.082989998,0.01729,0.095899999
37091,"Hertford, North Carolina",0.54784,0.42263001,0.99909002,0.02029,0.018130001,0.14907999
37093,"Hoke, North Carolina",0.67730999,0.63248998,0.94892001,0.04411,0.0092799999,0.086319998
37095,"Hyde, North Carolina",0.60378999,,0.99910003,0.058279999,0.04417,0.14325
37097,"Iredell, North Carolina",0.74871999,0.77223003,0.98451,0.06126,0.01356,0.097539999
37099,"Jackson, North Carolina",0.68485999,0.68243003,0.99123001,0.077600002,0.030950001,0.11523
37101,"Johnston, North Carolina",0.70789999,0.80826002,0.97441,0.056979999,0.01364,0.092950001
37103,"Jones, North Carolina",0.67894,,0.98453999,0.068750001,0.036400001,0.11159
37105,"Lee, North Carolina",0.63221997,0.72398001,0.99132001,0.047019999,0.015799999,0.1037
37107,"Lenoir, North Carolina",0.51138997,0.59776002,0.99713999,0.046890002,0.01891,0.12166
37109,"Lincoln, North Carolina",0.73951,0.81431001,0.98106003,0.059769999,0.0164,0.097230002
37111,"McDowell, North Carolina",0.50920999,0.61066002,0.99704999,0.047770001,0.015860001,0.11255
37113,"Macon, North Carolina",0.61914998,0.65377998,0.99791998,0.04899,0.027179999,0.131
37115,"Madison, North Carolina",0.62162,0.54903001,0.98966002,0.094520003,0.02334,0.10907
37117,"Martin, North Carolina",0.53527999,0.61682999,0.99766999,0.033769999,0.018279999,0.13338
37119,"Mecklenburg, North Carolina",0.69432002,0.91170001,0.9698,0.045880001,0.01303,0.084919997
37121,"Mitchell, North Carolina",0.57977003,0.55763,0.99741,0.05147,0.03032,0.13767999
37123,"Montgomery, North Carolina",0.49377999,0.55830002,0.99641001,0.03015,0.01668,0.12781
37125,"Moore, North Carolina",0.78341001,0.80069,0.98426002,0.06168,0.019239999,0.094740003
37127,"Nash, North Carolina",0.53665,0.79411,0.99675,0.032699998,0.017480001,0.10756
37129,"New Hanover, North Carolina",0.84261,0.91061002,0.98135,0.098130003,0.01774,0.093390003
37131,"Northampton, North Carolina",0.49340001,,0.99577999,0.0188,0.019440001,0.14196
37133,"Onslow, North Carolina",0.87911999,0.97412997,0.96130002,0.05926,0.0090399999,0.084119998
37135,"Orange, North Carolina",1.00869,1.22974,0.93409002,0.09381,0.02599,0.093479998
37137,"Pamlico, North Carolina",0.65873998,0.69690001,0.99733001,0.050469998,0.044829998,0.14181
37139,"Pasquotank, North Carolina",0.66816998,0.84371001,0.99510002,0.04944,0.018409999,0.11802
37141,"Pender, North Carolina",0.73663998,0.74479002,0.97136003,0.07525,0.01877,0.097099997
37143,"Perquimans, North Carolina",0.67325002,0.65594,0.98848999,0.050560001,0.021439999,0.12277
37145,"Person, North Carolina",0.62191999,0.73365003,0.99742001,0.052209999,0.01456,0.13123
37147,"Pitt, North Carolina",0.63674998,0.85847998,0.99352998,0.040849999,0.0165,0.10431
37149,"Polk, North Carolina",0.74510998,0.63468999,0.98756999,0.062059999,0.039900001,0.11141
37151,"Randolph, North Carolina",0.59280002,0.74969,0.99063998,0.032559998,0.0153,0.1027
37153,"Richmond, North Carolina",0.43776,0.61827999,0.99813998,0.03593,0.01462,0.12603
37155,"Robeson, North Carolina",0.36258,0.49489999,0.99817997,0.032310002,0.01017,0.10723
37157,"Rockingham, North Carolina",0.5424,0.58625001,0.99493998,0.043409999,0.01537,0.11194
37159,"Rowan, North Carolina",0.65586001,0.83851999,0.99010003,0.048289999,0.018409999,0.10094
37161,"Rutherford, North Carolina",0.56173003,0.63827997,0.99693,0.046750002,0.02042,0.11485
37163,"Sampson, North Carolina",0.45984,0.68849999,0.99607003,0.040739998,0.01317,0.11543
37165,"Scotland, North Carolina",0.39579999,0.52996999,0.99741,0.034060001,0.0134,0.11747
37167,"Stanly, North Carolina",0.71094,0.7924,0.9964,0.037360001,0.01873,0.11324
37169,"Stokes, North Carolina",0.64993,0.65428001,0.98975003,0.085589997,0.021500001,0.11178
37171,"Surry, North Carolina",0.56948,0.65477002,0.99677002,0.05235,0.018279999,0.11298
37173,"Swain, North Carolina",0.52556998,0.53904003,0.99892002,0.071160004,0.023429999,0.14464
37175,"Transylvania, North Carolina",0.71653003,0.64446998,0.99497998,0.085270002,0.034150001,0.11845
37177,"Tyrrell, North Carolina",,,0.99916643,0.030949086,0.030772101,0.15166131
37179,"Union, North Carolina",0.76831001,0.89734,0.97934002,0.05184,0.01443,0.09522
37181,"Vance, North Carolina",0.44448,0.62913001,0.99949002,0.021609999,0.016170001,0.13328999
37183,"Wake, North Carolina",0.87829,1.1677901,0.96714002,0.063529998,0.01353,0.086170003
37185,"Warren, North Carolina",0.49867001,0.49689999,0.99781001,0.03232,0.02318,0.1362
37187,"Washington, North Carolina",0.47264999,0.38082001,0.99681002,0.025560001,0.01518,0.15504999
37189,"Watauga, North Carolina",0.93870002,0.95921999,0.98414999,0.078340001,0.03912,0.10704
37191,"Wayne, North Carolina",0.56178999,0.76937002,0.99383998,0.050560001,0.01466,0.10241
37193,"Wilkes, North Carolina",0.56142002,0.69379997,0.99764001,0.054620001,0.01919,0.12104
37195,"Wilson, North Carolina",0.55903,0.74813002,0.99655998,0.038740002,0.01406,0.11185
37197,"Yadkin, North Carolina",0.60162002,0.69555002,0.99299997,0.046039999,0.02042,0.11082
37199,"Yancey, North Carolina",0.57858002,0.47826999,0.99835002,0.070299998,0.026210001,0.13798
38001,"Adams, North Dakota",1.1501499,,0.99790001,0.085969999,0.036910001,0.13312
38003,"Barnes, North Dakota",1.13077,1.02782,0.9946,0.06464,0.032900002,0.12698001
38005,"Benson, North Dakota",0.52886999,,0.99839997,0.047060002,0.01702,0.16708
38009,"Bottineau, North Dakota",1.09551,0.99370003,0.99865001,0.069519997,0.03737,0.13679001
38011,"Bowman, North Dakota",1.12242,,0.99840999,0.099650003,0.029759999,0.14269
38013,"Burke, North Dakota",1.20022,,0.99478,0.080080003,0.037009999,0.12602
38015,"Burleigh, North Dakota",1.02599,1.2012399,0.98922002,0.066919997,0.01771,0.098710001
38017,"Cass, North Dakota",1.0505199,1.2207201,0.98330998,0.05627,0.01369,0.10077
38019,"Cavalier, North Dakota",1.18753,0.98563999,1.0,0.11501,0.04874,0.14827999
38021,"Dickey, North Dakota",1.18812,1.32073,0.99776,0.094360001,0.043140002,0.13006
38023,"Divide, North Dakota",1.1331199,,0.99542999,0.1046,0.0081200004,0.13095
38025,"Dunn, North Dakota",0.96776998,,0.99071997,0.09922,0.024870001,0.10284
38027,"Eddy, North Dakota",0.90284997,,0.99387002,0.05029,0.02244,0.14652
38029,"Emmons, North Dakota",1.10806,,0.99589002,0.15412,0.01344,0.14063001
38031,"Foster, North Dakota",1.18168,1.10868,0.99765998,0.03297,0.028659999,0.13403
38033,"Golden Valley, North Dakota",1.19318,,0.99598998,0.15374,0.02935,0.11772
38035,"Grand Forks, North Dakota",1.07225,1.23019,0.98745,0.067369998,0.01526,0.10594
38037,"Grant, North Dakota",1.10545,,0.99457997,0.071680002,0.03128,0.12782
38039,"Griggs, North Dakota",1.17641,,0.99807,0.08399,0.02248,0.13258
38041,"Hettinger, North Dakota",1.16316,,0.98975003,0.12961,0.032650001,0.12335
38043,"Kidder, North Dakota",1.17696,,0.99473,0.11044,0.01105,0.11917
38045,"LaMoure, North Dakota",1.2376699,1.00459,0.99579,0.072760001,0.037769999,0.12857001
38047,"Logan, North Dakota",,,0.99278969,0.089821048,0.034111802,0.12629172
38049,"McHenry, North Dakota",1.17722,1.08767,0.99166,0.16423,0.020269999,0.11705
38051,"McIntosh, North Dakota",1.17327,,0.99722999,0.086460002,0.022530001,0.13090999
38053,"McKenzie, North Dakota",0.84794998,1.32302,0.98460001,0.12609001,0.01342,0.097539999
38055,"McLean, North Dakota",1.13799,1.2829601,0.98989999,0.092639998,0.022430001,0.11215
38057,"Mercer, North Dakota",1.15844,1.27653,0.99554998,0.061299998,0.02699,0.11453
38059,"Morton, North Dakota",0.96066999,1.12861,0.97600001,0.057,0.0099400003,0.10474
38061,"Mountrail, North Dakota",0.79137999,1.15727,0.99259001,0.076669998,0.01282,0.11375
38063,"Nelson, North Dakota",1.12535,,0.99378997,0.090889998,0.018209999,0.1269
38065,"Oliver, North Dakota",1.05109,,0.98003,0.052220002,0.01361,0.10678
38067,"Pembina, North Dakota",1.1064,1.02724,0.99693,0.054260001,0.028829999,0.1336
38069,"Pierce, North Dakota",1.17816,0.92826003,0.99602997,0.045570001,0.03026,0.141
38071,"Ramsey, North Dakota",0.89409,1.0013601,0.99816,0.076130003,0.022220001,0.13841
38073,"Ransom, North Dakota",1.19326,0.94926,0.99712998,0.10536,0.027100001,0.13319001
38075,"Renville, North Dakota",1.1142499,1.17305,0.99203998,0.054420002,0.018340001,0.12049
38077,"Richland, North Dakota",1.06183,1.11962,0.99172997,0.058090001,0.02141,0.11733
38079,"Rolette, North Dakota",0.54341,0.79587001,0.99959999,0.041590001,0.0080599999,0.18790001
38081,"Sargent, North Dakota",1.12652,1.11186,0.99691999,0.064649999,0.01959,0.13018
38083,"Sheridan, North Dakota",,,0.9880175,0.068582833,0.046583939,0.10900296
38085,"Sioux, North Dakota",0.44782999,,0.99606001,0.10233,0.016030001,0.12329
38089,"Stark, North Dakota",1.04264,1.33618,0.9928,0.057100002,0.01374,0.10353
38091,"Steele, North Dakota",,,0.99494129,0.093042761,0.024469396,0.1281956
38093,"Stutsman, North Dakota",1.04766,0.96947998,0.99673998,0.066569999,0.019400001,0.12448
38095,"Towner, North Dakota",1.0874799,,0.99608999,0.034899998,0.02815,0.134
38097,"Traill, North Dakota",1.15844,1.12755,0.99197,0.077540003,0.01657,0.11884
38099,"Walsh, North Dakota",0.98212999,0.96136999,0.99690002,0.090120003,0.024250001,0.12571999
38101,"Ward, North Dakota",1.03633,1.37841,0.98817003,0.082489997,0.01203,0.09939
38103,"Wells, North Dakota",1.16505,1.29599,0.99781001,0.073270001,0.032079998,0.134
38105,"Williams, North Dakota",0.93216997,1.39472,0.99005997,0.072729997,0.01178,0.10329
39001,"Adams, Ohio",0.70907998,0.72421002,0.99663001,0.078610003,0.01427,0.12605
39003,"Allen, Ohio",0.74994999,0.81329,0.99707001,0.070079997,0.017550001,0.11256
39005,"Ashland, Ohio",0.84399998,0.83928001,0.98991001,0.098449998,0.022430001,0.11002
39007,"Ashtabula, Ohio",0.66042,0.72071999,0.99628001,0.073849998,0.01725,0.10819
39009,"Athens, Ohio",0.82167,0.80133998,0.99212003,0.12246,0.02836,0.11394
39011,"Auglaize, Ohio",0.99730998,0.97871,0.99182999,0.087399997,0.01754,0.12101
39013,"Belmont, Ohio",0.81888002,0.78873998,0.99457997,0.085720003,0.01282,0.1156
39015,"Brown, Ohio",0.81642002,0.77631998,0.98697001,0.081710003,0.01371,0.10441
39017,"Butler, Ohio",0.74945003,1.06742,0.98073,0.07124,0.015869999,0.09702
39019,"Carroll, Ohio",0.81195003,0.78728998,0.98566997,0.091080002,0.02276,0.1122
39021,"Champaign, Ohio",0.83530998,0.8265,0.98592001,0.095349997,0.016829999,0.10516
39023,"Clark, Ohio",0.65981001,0.80208999,0.99417001,0.072800003,0.01407,0.10346
39025,"Clermont, Ohio",0.92811,0.97402,0.97268999,0.10006,0.01304,0.095009997
39027,"Clinton, Ohio",0.80985999,0.87007999,0.98904997,0.070940003,0.017000001,0.10676
39029,"Columbiana, Ohio",0.72987998,0.72114998,0.99430001,0.06684,0.01774,0.11448
39031,"Coshocton, Ohio",0.67357999,0.71279001,0.99687999,0.07931,0.01781,0.1218
39033,"Crawford, Ohio",0.72738999,0.66453999,0.99045998,0.069069996,0.01997,0.10829
39035,"Cuyahoga, Ohio",0.70183003,0.80729997,0.98492998,0.059950002,0.01506,0.086659998
39037,"Darke, Ohio",0.86445999,0.77388,0.99364001,0.075120002,0.018959999,0.11472
39039,"Defiance, Ohio",0.85663998,0.93867999,0.99115998,0.1122,0.018440001,0.10491
39041,"Delaware, Ohio",1.0463099,1.20717,0.9321,0.10482,0.01469,0.092040002
39043,"Erie, Ohio",0.75787002,0.88,0.99348003,0.078879997,0.015790001,0.11569
39045,"Fairfield, Ohio",0.86900002,1.06121,0.97715002,0.080069996,0.01537,0.097790003
39047,"Fayette, Ohio",0.71192998,0.88301003,0.99629998,0.071630001,0.01684,0.11648
39049,"Franklin, Ohio",0.79273999,0.96307999,0.97970003,0.083250001,0.01347,0.091159999
39051,"Fulton, Ohio",0.92549998,1.0085599,0.98585999,0.11197,0.01476,0.10628
39053,"Gallia, Ohio",0.70699,0.76248002,0.99724001,0.1092,0.01523,0.11926
39055,"Geauga, Ohio",1.07594,1.28353,0.96947998,0.089299999,0.02183,0.1049
39057,"Greene, Ohio",0.86914998,1.16869,0.96854001,0.09725,0.01809,0.097800002
39059,"Guernsey, Ohio",0.75321001,0.6814,0.99755001,0.10085,0.01387,0.12082
39061,"Hamilton, Ohio",0.70008999,0.99598002,0.99039,0.075769998,0.015969999,0.089699998
39063,"Hancock, Ohio",0.89083999,0.91469002,0.99264002,0.075390004,0.020479999,0.10513
39065,"Hardin, Ohio",0.81193,0.73697001,0.99267,0.14099,0.021609999,0.11707
39067,"Harrison, Ohio",0.73277003,0.78228003,0.99359,0.08783,0.016419999,0.1157
39069,"Henry, Ohio",0.92720002,0.92009997,0.99260002,0.154,0.020059999,0.11522
39071,"Highland, Ohio",0.73097003,0.71754998,0.99194002,0.10712,0.0163,0.11063
39073,"Hocking, Ohio",0.74777001,0.70785999,0.99368,0.096050002,0.018069999,0.12012
39075,"Holmes, Ohio",0.84948999,1.1189899,0.99316001,0.077270001,0.02479,0.12506001
39077,"Huron, Ohio",0.75757003,0.81664002,0.99201,0.09025,0.01702,0.10878
39079,"Jackson, Ohio",0.65818,0.61458999,0.99831003,0.077480003,0.015869999,0.12279
39081,"Jefferson, Ohio",0.73128003,0.74502999,0.99545002,0.076030001,0.01469,0.11871
39083,"Knox, Ohio",0.86973,0.82058001,0.99216998,0.085660003,0.02337,0.10822
39085,"Lake, Ohio",0.90890998,1.07921,0.98729002,0.067850001,0.01387,0.099600002
39087,"Lawrence, Ohio",0.72838998,0.67258,0.99355,0.065279998,0.0095199998,0.10801
39089,"Licking, Ohio",0.83693999,0.99892002,0.98528999,0.081239998,0.017729999,0.10203
39091,"Logan, Ohio",0.8348,0.88288999,0.99409002,0.078309998,0.01959,0.10596
39093,"Lorain, Ohio",0.73821998,0.91593999,0.98706001,0.079159997,0.01258,0.097750001
39095,"Lucas, Ohio",0.62805003,0.8416,0.99479002,0.073650002,0.01475,0.096790001
39097,"Madison, Ohio",0.81291997,1.01366,0.98119003,0.072939999,0.019339999,0.10611
39099,"Mahoning, Ohio",0.67082,0.85680997,0.99316001,0.049849998,0.015760001,0.10603
39101,"Marion, Ohio",0.67791998,0.76806998,0.99594003,0.059739999,0.01506,0.1045
39103,"Medina, Ohio",1.0374399,1.15139,0.96313,0.081309997,0.01458,0.097949997
39105,"Meigs, Ohio",0.72807002,0.72447002,0.99515998,0.066890001,0.01375,0.13059001
39107,"Mercer, Ohio",1.00626,0.76665998,0.99858999,0.084909998,0.01764,0.1384
39109,"Miami, Ohio",0.84397,0.91434997,0.98615998,0.088969998,0.01763,0.10114
39111,"Monroe, Ohio",0.85277998,0.69265002,0.99653,0.087169997,0.017349999,0.13703001
39113,"Montgomery, Ohio",0.69151998,0.91943002,0.98826998,0.085919999,0.01462,0.09409
39115,"Morgan, Ohio",0.68515003,0.50108999,0.99844003,0.163,0.019789999,0.13987
39117,"Morrow, Ohio",0.86496001,0.93563998,0.98201001,0.091799997,0.02025,0.10627
39119,"Muskingum, Ohio",0.7755,0.69299001,0.99756002,0.069760002,0.01574,0.11061
39121,"Noble, Ohio",0.81796998,0.67824,0.99817002,0.21503,0.025140001,0.14787
39123,"Ottawa, Ohio",0.90588999,0.99950999,0.98926002,0.090920001,0.030950001,0.10975
39125,"Paulding, Ohio",0.84733999,0.85245001,0.99246001,0.11048,0.01836,0.11129
39127,"Perry, Ohio",0.80677003,0.64381999,0.98900002,0.090659998,0.01114,0.11643
39129,"Pickaway, Ohio",0.82278001,0.94441003,0.97707999,0.089110002,0.01487,0.098909996
39131,"Pike, Ohio",0.66828001,0.73733002,0.99422002,0.078620002,0.01314,0.11336
39133,"Portage, Ohio",0.90020001,0.98543,0.97284001,0.082120001,0.017510001,0.1064
39135,"Preble, Ohio",0.86185998,0.83819002,0.98966002,0.097479999,0.015799999,0.10813
39137,"Putnam, Ohio",1.0652601,0.97834998,0.99462998,0.10539,0.01175,0.12964
39139,"Richland, Ohio",0.70231003,0.75563997,0.99344999,0.066749997,0.016319999,0.10469
39141,"Ross, Ohio",0.70226997,0.86761999,0.99545997,0.087800004,0.01454,0.10652
39143,"Sandusky, Ohio",0.77818,0.81278998,0.99327999,0.084880002,0.01521,0.10818
39145,"Scioto, Ohio",0.67526001,0.78808999,0.9975,0.061050002,0.01346,0.11344
39147,"Seneca, Ohio",0.78896999,0.78542,0.99395001,0.083209999,0.017139999,0.10996
39149,"Shelby, Ohio",0.83661997,0.96130002,0.99286997,0.06972,0.017130001,0.11039
39151,"Stark, Ohio",0.73763001,0.86396998,0.99062002,0.089680001,0.015769999,0.10232
39153,"Summit, Ohio",0.73465002,0.99251002,0.98707998,0.066399999,0.01565,0.10293
39155,"Trumbull, Ohio",0.68054003,0.73510998,0.99065,0.064139999,0.01311,0.10355
39157,"Tuscarawas, Ohio",0.79400998,0.86654001,0.99747002,0.10294,0.018540001,0.11437
39159,"Union, Ohio",1.0073299,1.1507,0.97276998,0.088519998,0.01403,0.1017
39161,"Van Wert, Ohio",0.85885,0.77328002,0.99743998,0.08574,0.02909,0.11956
39163,"Vinton, Ohio",0.64091998,0.55849999,0.99671,0.092050001,0.024150001,0.13179
39165,"Warren, Ohio",1.00939,1.24879,0.95521998,0.085649997,0.01377,0.095030002
39167,"Washington, Ohio",0.82717001,0.88569999,0.99418002,0.086220004,0.021819999,0.11345
39169,"Wayne, Ohio",0.85602999,0.89666998,0.99062002,0.087080002,0.02039,0.1053
39171,"Williams, Ohio",0.83604002,0.78280997,0.99348998,0.08811,0.0174,0.10472
39173,"Wood, Ohio",0.95169997,1.05979,0.96520001,0.089120001,0.01681,0.10097
39175,"Wyandot, Ohio",0.85679001,0.82304001,0.99624997,0.1068,0.01681,0.12457
40001,"Adair, Oklahoma",0.56884998,0.50847,0.99577999,0.059489999,0.0082700001,0.12545
40003,"Alfalfa, Oklahoma",0.97180998,1.01424,0.99492002,0.14762001,0.034299999,0.11102
40005,"Atoka, Oklahoma",0.74085999,0.63669997,0.99843001,0.18114001,0.01438,0.12977
40007,"Beaver, Oklahoma",0.85790002,0.93799001,0.99040002,0.10419,0.021819999,0.1072
40009,"Beckham, Oklahoma",0.79718,0.77916998,0.99633002,0.06718,0.0144,0.10855
40011,"Blaine, Oklahoma",0.78219002,0.85501999,0.99580002,0.07948,0.019959999,0.11219
40013,"Bryan, Oklahoma",0.76130998,0.82656002,0.99260998,0.13346,0.0095899999,0.097350001
40015,"Caddo, Oklahoma",0.71758002,0.68379003,0.99612999,0.071819998,0.01888,0.11593
40017,"Canadian, Oklahoma",0.8969,1.04733,0.95322001,0.087849997,0.0088299997,0.086709999
40019,"Carter, Oklahoma",0.73022002,0.85079002,0.99580997,0.11046,0.01353,0.10323
40021,"Cherokee, Oklahoma",0.72100002,0.60134,0.99348998,0.12989999,0.01847,0.10501
40023,"Choctaw, Oklahoma",0.65806001,0.55536002,0.99631,0.10824,0.0162,0.11904
40025,"Cimarron, Oklahoma",0.88417,,0.99939001,0.086549997,0.030160001,0.12871
40027,"Cleveland, Oklahoma",0.87399,1.02633,0.95561999,0.095310003,0.01451,0.088200003
40029,"Coal, Oklahoma",0.78437001,0.75375003,0.99676001,0.1824,0.01408,0.12335
40031,"Comanche, Oklahoma",0.76792997,0.89859998,0.98711997,0.063720003,0.01323,0.087329999
40033,"Cotton, Oklahoma",0.81432003,0.72087002,0.99414998,0.14047,0.01505,0.10837
40035,"Craig, Oklahoma",0.76392001,0.72834003,0.99291003,0.10645,0.01756,0.10745
40037,"Creek, Oklahoma",0.78388,0.74427003,0.97016001,0.12613,0.015869999,0.095349997
40039,"Custer, Oklahoma",0.81513,0.89275002,0.99505001,0.10251,0.017929999,0.10755
40041,"Delaware, Oklahoma",0.69872999,0.60368001,0.99017,0.082249999,0.01843,0.10589
40043,"Dewey, Oklahoma",1.0147001,0.82164001,0.99747002,0.10391,0.03076,0.12703
40045,"Ellis, Oklahoma",0.91093999,,0.99654001,0.16121,0.02399,0.11248
40047,"Garfield, Oklahoma",0.74176002,0.78088999,0.99449003,0.059,0.0139,0.09798
40049,"Garvin, Oklahoma",0.80202001,0.76959997,0.99441999,0.11998,0.01517,0.10948
40051,"Grady, Oklahoma",0.84030002,0.85320002,0.98839003,0.11608,0.01897,0.10109
40053,"Grant, Oklahoma",1.00205,0.90379,0.99497002,0.21595,0.02789,0.10769
40055,"Greer, Oklahoma",0.78727001,,0.99629003,0.070390001,0.034260001,0.1169
40057,"Harmon, Oklahoma",0.70244998,,0.99892998,0.066330001,0.01235,0.13884
40059,"Harper, Oklahoma",0.87738001,0.88129002,0.99829,0.094590001,0.02183,0.12704
40061,"Haskell, Oklahoma",0.73275,0.71087003,0.99664003,0.086350001,0.017100001,0.12943
40063,"Hughes, Oklahoma",0.67249,0.65314001,0.99509001,0.12611,0.01039,0.11106
40065,"Jackson, Oklahoma",0.76111001,0.76173002,0.99432999,0.070540003,0.016340001,0.10161
40067,"Jefferson, Oklahoma",0.79698002,0.59601998,0.99430001,0.14617001,0.01522,0.12401
40069,"Johnston, Oklahoma",0.77030998,0.57845998,0.99339998,0.15737,0.01901,0.11078
40071,"Kay, Oklahoma",0.71648997,0.83668,0.99647999,0.07925,0.01424,0.10948
40073,"Kingfisher, Oklahoma",0.87247002,1.00107,0.99528003,0.095150001,0.01325,0.11642
40075,"Kiowa, Oklahoma",0.74449998,0.60477,0.99672002,0.12159,0.02452,0.11954
40077,"Latimer, Oklahoma",0.83036,0.65779001,0.99405998,0.092409998,0.02719,0.12196
40079,"Le Flore, Oklahoma",0.73620999,0.68080002,0.99493003,0.071719997,0.01223,0.1096
40081,"Lincoln, Oklahoma",0.85468,0.81718999,0.99027997,0.089890003,0.020850001,0.10857
40083,"Logan, Oklahoma",0.88113999,0.87760001,0.98326999,0.13163,0.026520001,0.098499998
40085,"Love, Oklahoma",0.76358002,0.77402002,0.99131,0.10654,0.011,0.10766
40087,"McClain, Oklahoma",0.93167001,0.96805,0.96471,0.11382,0.01029,0.090439998
40089,"McCurtain, Oklahoma",0.63761002,0.54874998,0.99821001,0.094190001,0.0092700003,0.12622
40091,"McIntosh, Oklahoma",0.72637999,0.72162002,0.99181002,0.088749997,0.01448,0.1046
40093,"Major, Oklahoma",0.92264998,0.98983997,0.99454999,0.16037001,0.023709999,0.11247
40095,"Marshall, Oklahoma",0.71557999,0.56270999,0.99357003,0.085000001,0.01483,0.10807
40097,"Mayes, Oklahoma",0.76169002,0.72411001,0.99255002,0.086860001,0.01719,0.1023
40099,"Murray, Oklahoma",0.82839,0.81124997,0.99545002,0.11418,0.01729,0.1084
40101,"Muskogee, Oklahoma",0.66659999,0.75129002,0.99290001,0.092179999,0.01633,0.098360002
40103,"Noble, Oklahoma",0.84243,0.93198001,0.99201,0.087700002,0.02524,0.11507
40105,"Nowata, Oklahoma",0.80958003,0.58249003,0.99422997,0.16122,0.018680001,0.1174
40107,"Okfuskee, Oklahoma",0.68790001,0.50533998,0.99559999,0.13666999,0.015699999,0.11389
40109,"Oklahoma, Oklahoma",0.70977998,0.72266001,0.97979999,0.071759999,0.01613,0.084629998
40111,"Okmulgee, Oklahoma",0.71116,0.69150001,0.99392003,0.099459998,0.019169999,0.10548
40113,"Osage, Oklahoma",0.82165998,0.69853997,0.98644,0.10739,0.02221,0.11333
40115,"Ottawa, Oklahoma",0.67198002,0.62111998,0.99541998,0.065750003,0.0211,0.10814
40117,"Pawnee, Oklahoma",0.80603999,0.70266998,0.98345,0.14618,0.01984,0.10641
40119,"Payne, Oklahoma",0.95532,0.97131002,0.98284,0.091600001,0.02225,0.10027
40121,"Pittsburg, Oklahoma",0.76336002,0.78334999,0.99774998,0.12445,0.01401,0.11026
40123,"Pontotoc, Oklahoma",0.79229999,0.84772998,0.99410999,0.15624,0.01362,0.098760001
40125,"Pottawatomie, Oklahoma",0.76410002,0.74422997,0.98341,0.086159997,0.01493,0.087959997
40127,"Pushmataha, Oklahoma",0.71293998,0.67862999,0.99589998,0.13835999,0.01553,0.11988
40129,"Roger Mills, Oklahoma",0.91150999,,0.99833,0.12099,0.020679999,0.12264
40131,"Rogers, Oklahoma",0.86802,0.99590999,0.97512001,0.10697,0.01553,0.092739999
40133,"Seminole, Oklahoma",0.64942998,0.54812998,0.99304003,0.074079998,0.02028,0.097450003
40135,"Sequoyah, Oklahoma",0.71340001,0.68432999,0.99337,0.092160001,0.01215,0.10812
40137,"Stephens, Oklahoma",0.81597,0.77384001,0.99664003,0.07818,0.01646,0.10211
40139,"Texas, Oklahoma",0.63112003,0.80662,0.99619001,0.050269999,0.01537,0.11614
40141,"Tillman, Oklahoma",0.68554997,0.73183,0.99743003,0.15468,0.023669999,0.12669
40143,"Tulsa, Oklahoma",0.73294997,0.94303,0.98179001,0.084930003,0.01427,0.086599998
40145,"Wagoner, Oklahoma",0.87896001,0.64863998,0.94428998,0.11461,0.0090699997,0.089919999
40147,"Washington, Oklahoma",0.82841998,0.91496998,0.99522001,0.086850002,0.021330001,0.10077
40149,"Washita, Oklahoma",0.80930001,0.81639999,0.98773003,0.13658001,0.01331,0.10716
40151,"Woods, Oklahoma",1.0228,0.92883003,0.99899,0.12093,0.03599,0.11598
40153,"Woodward, Oklahoma",0.80843002,0.89798999,0.99642998,0.088239998,0.01326,0.11593
41001,"Baker, Oregon",0.74776,0.89934999,0.99607003,0.077339999,0.02929,0.11175
41003,"Benton, Oregon",1.02566,1.32683,0.94941002,0.12235,0.02984,0.10101
41005,"Clackamas, Oregon",0.97426999,1.1880701,0.94410998,0.085479997,0.01462,0.089879997
41007,"Clatsop, Oregon",0.85488999,0.92474997,0.99229002,0.13758001,0.026140001,0.10496
41009,"Columbia, Oregon",0.89573002,1.03017,0.98938,0.10387,0.02203,0.10966
41011,"Coos, Oregon",0.70731997,0.76464999,0.99276,0.087229997,0.023490001,0.10352
41013,"Crook, Oregon",0.79209,0.70864999,0.98636001,0.13207,0.02234,0.10438
41015,"Curry, Oregon",0.76620001,0.84647,0.99089003,0.092670001,0.033750001,0.10974
41017,"Deschutes, Oregon",0.96754998,0.92461997,0.97163999,0.077859998,0.01778,0.088119999
41019,"Douglas, Oregon",0.68304002,0.77484,0.99326003,0.11664,0.01929,0.099490002
41021,"Gilliam, Oregon",0.87222999,,0.98943001,0.081560001,0.059289999,0.10058
41023,"Grant, Oregon",0.82319999,0.78991002,0.99953997,0.18596999,0.035250001,0.12549999
41025,"Harney, Oregon",0.78446001,0.71319997,0.99722999,0.09584,0.025909999,0.12128
41027,"Hood River, Oregon",0.78618997,0.79179001,0.99053001,0.10537,0.02613,0.11066
41029,"Jackson, Oregon",0.75441003,0.83499002,0.98504001,0.11906,0.01888,0.087739997
41031,"Jefferson, Oregon",0.60784,0.54861999,0.98588997,0.075369999,0.0151,0.11149
41033,"Josephine, Oregon",0.72365999,0.73101002,0.98865998,0.11862,0.01682,0.094870001
41035,"Klamath, Oregon",0.68084002,0.71513999,0.99440002,0.086099997,0.02031,0.1002
41037,"Lake, Oregon",0.71856999,0.82009,0.99663001,0.084080003,0.031679999,0.11133
41039,"Lane, Oregon",0.83085001,0.90088999,0.97922999,0.11024,0.018449999,0.089419998
41041,"Lincoln, Oregon",0.7281,0.68013,0.99072999,0.13391,0.03224,0.10488
41043,"Linn, Oregon",0.81481999,0.85244,0.98171002,0.10612,0.01555,0.099459998
41045,"Malheur, Oregon",0.59495997,0.67265999,0.98616999,0.061670002,0.01429,0.099090002
41047,"Marion, Oregon",0.72185999,0.92089999,0.97192001,0.063589998,0.01393,0.086850002
41049,"Morrow, Oregon",0.60996997,0.9149,0.98335999,0.056779999,0.01991,0.11035
41051,"Multnomah, Oregon",0.91854,0.94975001,0.9436,0.10514,0.01651,0.081749998
41053,"Polk, Oregon",0.84210998,1.05966,0.95115,0.079329997,0.01381,0.093000002
41055,"Sherman, Oregon",0.88849998,,0.99096,0.06865,0.02781,0.097039998
41057,"Tillamook, Oregon",0.75831997,0.71539998,0.99575001,0.15961,0.03554,0.12274
41059,"Umatilla, Oregon",0.66812998,0.94190001,0.99386001,0.068300001,0.01671,0.10758
41061,"Union, Oregon",0.78798002,0.93404001,0.99501002,0.093340002,0.02516,0.10747
41063,"Wallowa, Oregon",0.91021001,0.80023003,0.99716997,0.069619998,0.058740001,0.11385
41065,"Wasco, Oregon",0.75089002,0.71201003,0.99384999,0.0757,0.03067,0.1115
41067,"Washington, Oregon",0.97408998,1.20093,0.94555998,0.068049997,0.01019,0.088200003
41069,"Wheeler, Oregon",,,0.98998141,0.08764869,0.065885492,0.10603494
41071,"Yamhill, Oregon",0.85421002,1.03458,0.97811002,0.078450002,0.017750001,0.0933
42001,"Adams, Pennsylvania",0.97083998,1.02393,0.9835,0.055500001,0.0233,0.10161
42003,"Allegheny, Pennsylvania",0.88018,0.98346001,0.98751998,0.070600003,0.017069999,0.099189997
42005,"Armstrong, Pennsylvania",0.87656999,0.81496,0.99607003,0.067730002,0.021199999,0.12367
42007,"Beaver, Pennsylvania",0.86811,0.91228002,0.99054003,0.056919999,0.017729999,0.10935
42009,"Bedford, Pennsylvania",0.84540999,0.68103999,0.99742001,0.066380002,0.0195,0.13552
42011,"Berks, Pennsylvania",0.78762001,1.02161,0.98592001,0.059719998,0.01368,0.091540001
42013,"Blair, Pennsylvania",0.78536999,0.71048999,0.99496001,0.06168,0.01701,0.11017
42015,"Bradford, Pennsylvania",0.81533998,0.81590003,0.99738997,0.078120001,0.01956,0.12275
42017,"Bucks, Pennsylvania",1.0862,1.2263,0.97468001,0.063890003,0.01395,0.094080001
42019,"Butler, Pennsylvania",1.00737,1.00385,0.98053998,0.062689997,0.01405,0.10375
42021,"Cambria, Pennsylvania",0.80493999,0.72877002,0.99603999,0.06899,0.01957,0.12137
42023,"Cameron, Pennsylvania",0.78442001,0.74660999,0.99880999,0.061250001,0.02183,0.16381
42025,"Carbon, Pennsylvania",0.94252002,0.89310998,0.98729002,0.084980004,0.01479,0.11051
42027,"Centre, Pennsylvania",1.077,1.07723,0.98821002,0.093759999,0.032480001,0.11438
42029,"Chester, Pennsylvania",1.0078,1.27724,0.97324997,0.075049996,0.019169999,0.10143
42031,"Clarion, Pennsylvania",0.815,0.76669002,0.99545997,0.0744,0.024180001,0.12543
42033,"Clearfield, Pennsylvania",0.7572,0.68717998,0.99742001,0.063409999,0.01983,0.13074
42035,"Clinton, Pennsylvania",0.81599998,0.83315003,0.99650002,0.1157,0.02025,0.13
42037,"Columbia, Pennsylvania",0.90041,0.86549002,0.99216998,0.074869998,0.017820001,0.10933
42039,"Crawford, Pennsylvania",0.78702998,0.70321,0.99423999,0.080370001,0.02227,0.11451
42041,"Cumberland, Pennsylvania",0.98786002,1.09786,0.97733003,0.069909997,0.018990001,0.097929999
42043,"Dauphin, Pennsylvania",0.75862002,1.03929,0.98841,0.06061,0.0219,0.10061
42045,"Delaware, Pennsylvania",0.87858999,1.10627,0.97832,0.058929998,0.01306,0.093819998
42047,"Elk, Pennsylvania",0.84274,0.82229,0.99888998,0.13682,0.01819,0.15380999
42049,"Erie, Pennsylvania",0.74436998,0.84504998,0.99335998,0.077079996,0.01313,0.10744
42051,"Fayette, Pennsylvania",0.72009999,0.71345001,0.99763,0.076310001,0.01431,0.11413
42053,"Forest, Pennsylvania",0.83029997,0.57213998,0.98098999,0.075759999,0.04315,0.11113
42055,"Franklin, Pennsylvania",0.85508001,0.9041,0.99054998,0.064280003,0.018169999,0.10034
42057,"Fulton, Pennsylvania",0.87519997,0.65363997,0.99549001,0.055810001,0.01722,0.12729999
42059,"Greene, Pennsylvania",0.82053,0.86514002,0.99752003,0.056439999,0.01908,0.12068
42061,"Huntingdon, Pennsylvania",0.81386,0.74326003,0.99752998,0.075130001,0.02007,0.13669001
42063,"Indiana, Pennsylvania",0.85698003,0.80212998,0.99212003,0.07965,0.01932,0.11357
42065,"Jefferson, Pennsylvania",0.79215997,0.68768001,0.9957,0.085349999,0.01585,0.12744001
42067,"Juniata, Pennsylvania",0.85202998,0.75295001,0.99759001,0.059470002,0.019069999,0.13562
42069,"Lackawanna, Pennsylvania",0.83389997,0.88696998,0.99368,0.075269997,0.01403,0.10575
42071,"Lancaster, Pennsylvania",0.88984001,1.02536,0.98636001,0.057349999,0.017209999,0.096259996
42073,"Lawrence, Pennsylvania",0.8143,0.79242003,0.99518001,0.066160001,0.01574,0.11654
42075,"Lebanon, Pennsylvania",0.80646998,0.96336001,0.98736,0.055509999,0.015,0.095990002
42077,"Lehigh, Pennsylvania",0.77371001,1.04869,0.97759002,0.046289999,0.01141,0.086929999
42079,"Luzerne, Pennsylvania",0.77534997,0.90856999,0.99111003,0.050700001,0.01081,0.099890001
42081,"Lycoming, Pennsylvania",0.85042,0.82735997,0.99585998,0.071560003,0.018929999,0.10861
42083,"McKean, Pennsylvania",0.71309,0.66248,0.99757999,0.088629998,0.018519999,0.13407999
42085,"Mercer, Pennsylvania",0.78386003,0.77915001,0.99484998,0.067450002,0.021469999,0.11281
42087,"Mifflin, Pennsylvania",0.76933002,0.70586002,0.99896002,0.10285,0.017419999,0.13286
42089,"Monroe, Pennsylvania",0.98337001,1.10031,0.98273998,0.067079999,0.01994,0.098520003
42091,"Montgomery, Pennsylvania",1.05414,1.25038,0.96341997,0.068499997,0.017689999,0.096280001
42093,"Montour, Pennsylvania",1.0483201,1.0438,0.97913998,0.066179998,0.01599,0.10781
42095,"Northampton, Pennsylvania",0.96735001,1.1637501,0.97648001,0.060079999,0.01464,0.094829999
42097,"Northumberland, Pennsylvania",0.80321002,0.71822,0.99396002,0.074539997,0.017270001,0.11698
42099,"Perry, Pennsylvania",0.94691998,0.93199003,0.98707998,0.08083,0.01572,0.1093
42101,"Philadelphia, Pennsylvania",0.72140998,0.59666002,0.97311997,0.055349998,0.0115,0.07801
42103,"Pike, Pennsylvania",1.0429,1.0713201,0.97947001,0.08783,0.01723,0.10667
42105,"Potter, Pennsylvania",0.81028003,0.67837,0.99804997,0.10306,0.024329999,0.13515
42107,"Schuylkill, Pennsylvania",0.84337002,0.83182001,0.99511999,0.062279999,0.016960001,0.11814
42109,"Snyder, Pennsylvania",0.89385003,0.85298997,0.99339002,0.062240001,0.0284,0.11844
42111,"Somerset, Pennsylvania",0.84035999,0.69948,0.99636,0.1221,0.021810001,0.12901001
42113,"Sullivan, Pennsylvania",0.90698999,0.71315998,0.99504,0.09347,0.0374,0.12856001
42115,"Susquehanna, Pennsylvania",0.86316001,0.80554998,0.99295002,0.11394,0.016489999,0.12182
42117,"Tioga, Pennsylvania",0.83758998,0.70254999,0.99681997,0.064740002,0.024040001,0.12026
42119,"Union, Pennsylvania",0.92391998,0.86804998,0.98457003,0.091470003,0.02816,0.10957
42121,"Venango, Pennsylvania",0.72775,0.72966999,0.99708998,0.080619998,0.02289,0.11799
42123,"Warren, Pennsylvania",0.76808,0.63928002,0.99794,0.0867,0.026419999,0.12781
42125,"Washington, Pennsylvania",0.91777998,0.98429,0.98570001,0.066430002,0.01555,0.10605
42127,"Wayne, Pennsylvania",0.97128999,0.81229001,0.99032998,0.093780003,0.02612,0.11771
42129,"Westmoreland, Pennsylvania",0.91854,0.99211001,0.98651999,0.074369997,0.01485,0.10702
42131,"Wyoming, Pennsylvania",0.89131999,0.87612998,0.99277002,0.095090002,0.01749,0.11955
42133,"York, Pennsylvania",0.88367999,1.0384099,0.98633999,0.059689999,0.01456,0.097029999
44001,"Bristol, Rhode Island",1.1302299,1.13542,0.98096001,0.078170002,0.01712,0.10734
44003,"Kent, Rhode Island",1.02583,1.13447,0.97334999,0.058959998,0.01263,0.097369999
44005,"Newport, Rhode Island",1.029,1.11924,0.98365003,0.057879999,0.02393,0.10073
44007,"Providence, Rhode Island",0.77961999,0.91749001,0.98430997,0.050650001,0.01327,0.090630002
44009,"Washington, Rhode Island",1.15201,1.28196,0.98100001,0.081490003,0.022120001,0.10806
45001,"Abbeville, South Carolina",0.58048999,0.66421998,0.99541003,0.02833,0.01997,0.13428999
45003,"Aiken, South Carolina",0.63625997,0.83320999,0.98973,0.04984,0.0134,0.099890001
45005,"Allendale, South Carolina",0.36094999,,0.99796999,0.020190001,0.01324,0.18100999
45007,"Anderson, South Carolina",0.63639998,0.75783002,0.99198997,0.0458,0.01517,0.10107
45009,"Bamberg, South Carolina",0.46811,0.63015997,0.99868,0.026660001,0.020129999,0.14568
45011,"Barnwell, South Carolina",0.48780999,0.80824,0.99787003,0.0263,0.01507,0.14893
45013,"Beaufort, South Carolina",0.72795999,0.87159002,0.98899001,0.05308,0.01626,0.10007
45015,"Berkeley, South Carolina",0.73764002,0.79898,0.97676998,0.053569999,0.00923,0.094530001
45017,"Calhoun, South Carolina",0.54623997,0.60974002,0.99564999,0.043200001,0.02,0.13293
45019,"Charleston, South Carolina",0.79374999,0.78368002,0.98155999,0.0669,0.016310001,0.090180002
45021,"Cherokee, South Carolina",0.47005999,0.59869999,0.99645001,0.036339998,0.01063,0.12265
45023,"Chester, South Carolina",0.51235998,0.58741999,0.99831003,0.03489,0.01914,0.14226
45025,"Chesterfield, South Carolina",0.50814003,0.61835003,0.99690002,0.02365,0.01193,0.13191999
45027,"Clarendon, South Carolina",0.51820999,0.66544998,0.99585998,0.027179999,0.0153,0.13578001
45029,"Colleton, South Carolina",0.49731001,0.56725001,0.99888003,0.04157,0.01284,0.13513
45031,"Darlington, South Carolina",0.49919,0.64254999,0.99700999,0.03081,0.01505,0.12401
45033,"Dillon, South Carolina",0.40854001,0.52528,0.99732,0.023460001,0.0080399998,0.13868
45035,"Dorchester, South Carolina",0.72189999,0.93826997,0.97254002,0.06047,0.0084199999,0.091320001
45037,"Edgefield, South Carolina",0.64774001,0.73926997,0.98245001,0.044440001,0.0095499996,0.11187
45039,"Fairfield, South Carolina",0.50717998,0.44891,0.99619001,0.036910001,0.018789999,0.14066
45041,"Florence, South Carolina",0.53241998,0.78005999,0.99699998,0.031429999,0.01309,0.11636
45043,"Georgetown, South Carolina",0.53513998,0.74412,0.9975,0.03593,0.02679,0.14538001
45045,"Greenville, South Carolina",0.71420002,0.88862002,0.98492998,0.04961,0.0143,0.088629998
45047,"Greenwood, South Carolina",0.51762003,0.70033997,0.99811,0.027969999,0.01636,0.12436
45049,"Hampton, South Carolina",0.49610999,0.55119002,0.99997002,0.026040001,0.015760001,0.17148
45051,"Horry, South Carolina",0.73052001,0.65908003,0.98886001,0.05438,0.01405,0.096770003
45053,"Jasper, South Carolina",0.51749998,0.56484002,0.99010998,0.02586,0.01616,0.12233
45055,"Kershaw, South Carolina",0.66712999,0.68369001,0.98711002,0.0605,0.01129,0.10519
45057,"Lancaster, South Carolina",0.61717999,0.56158,0.99142998,0.042819999,0.01084,0.11029
45059,"Laurens, South Carolina",0.51590002,0.63125998,0.99734002,0.03121,0.01565,0.12066
45061,"Lee, South Carolina",0.43004999,0.37213999,0.99579,0.042660002,0.01437,0.13505
45063,"Lexington, South Carolina",0.72398001,0.82762003,0.98127002,0.065439999,0.0123,0.094779998
45065,"McCormick, South Carolina",0.55756003,,0.99524999,0.032430001,0.03193,0.13134
45067,"Marion, South Carolina",0.42501,0.51350999,0.99923998,0.020260001,0.01372,0.14097001
45069,"Marlboro, South Carolina",0.38475001,0.50836003,0.99927002,0.02613,0.0095100002,0.14247
45071,"Newberry, South Carolina",0.54468,0.96459001,0.99568999,0.048530001,0.01518,0.13426
45073,"Oconee, South Carolina",0.65385002,0.71192998,0.99563998,0.063819997,0.01815,0.10966
45075,"Orangeburg, South Carolina",0.47217,0.51933002,0.99751002,0.02668,0.01343,0.13264
45077,"Pickens, South Carolina",0.74076003,0.79987001,0.98361999,0.055969998,0.01902,0.096749999
45079,"Richland, South Carolina",0.62936002,0.89534003,0.98962998,0.056290001,0.02,0.096539997
45081,"Saluda, South Carolina",0.41246,0.71028,0.99754,0.02678,0.01967,0.13666999
45083,"Spartanburg, South Carolina",0.63480002,0.86711001,0.99093997,0.040210001,0.01274,0.098099999
45085,"Sumter, South Carolina",0.54737997,0.68463999,0.99778003,0.031580001,0.01293,0.11019
45087,"Union, South Carolina",0.46540999,0.54642999,0.99909002,0.021709999,0.0123,0.15095
45089,"Williamsburg, South Carolina",0.44545999,0.47510001,0.99717999,0.021430001,0.01558,0.15079001
45091,"York, South Carolina",0.75866997,0.86532003,0.98693001,0.05759,0.01538,0.097949997
46003,"Aurora, South Dakota",1.01745,,0.99414003,0.057379998,0.02493,0.12276
46005,"Beadle, South Dakota",0.70385998,0.89361,0.99631,0.051229998,0.02008,0.11869
46007,"Bennett, South Dakota",0.46919999,,0.99848002,0.12269,0.01692,0.13219
46009,"Bon Homme, South Dakota",1.10237,0.81993002,0.99693,0.05914,0.02452,0.12193
46011,"Brookings, South Dakota",1.12134,1.07982,0.98944998,0.074579999,0.027519999,0.11022
46013,"Brown, South Dakota",0.97460002,0.96667999,0.99667001,0.051490001,0.019379999,0.11435
46015,"Brule, South Dakota",0.93831998,0.78386003,0.99506003,0.14549001,0.024730001,0.12974
46017,"Buffalo, South Dakota",,,1.0,0.081265204,0.020750331,0.17049883
46019,"Butte, South Dakota",0.93114001,0.85775,0.99062002,0.077890001,0.02373,0.10964
46021,"Campbell, South Dakota",,,0.99651945,0.091435678,0.034202766,0.12878819
46023,"Charles Mix, South Dakota",0.68909001,0.74226999,0.99905998,0.049369998,0.02193,0.14148
46025,"Clark, South Dakota",1.0449899,,0.99387997,0.11546,0.017969999,0.11585
46027,"Clay, South Dakota",1.12011,1.14833,0.97864997,0.14178,0.045079999,0.10956
46029,"Codington, South Dakota",1.03684,0.92140001,0.99645001,0.039799999,0.01514,0.11712
46031,"Corson, South Dakota",0.42884001,,0.99716997,0.11562,0.01175,0.12042
46033,"Custer, South Dakota",1.03025,0.83919001,0.97106999,0.085220002,0.03923,0.095919997
46035,"Davison, South Dakota",0.95797002,0.87481999,0.99496001,0.051580001,0.02015,0.11062
46037,"Day, South Dakota",1.04679,0.80773002,0.99507999,0.066679999,0.01991,0.12954
46039,"Deuel, South Dakota",1.1843801,,0.98940998,0.039250001,0.020269999,0.11941
46041,"Dewey, South Dakota",0.43900999,0.55299002,0.99910998,0.11785,0.01595,0.14571001
46043,"Douglas, South Dakota",1.1218899,,0.99712002,0.073830001,0.02148,0.1293
46045,"Edmunds, South Dakota",1.0732,,0.99405003,0.042890001,0.032129999,0.12413
46047,"Fall River, South Dakota",0.90066999,0.84109002,0.98646998,0.07463,0.045929998,0.10407
46049,"Faulk, South Dakota",1.2204,,0.99812001,0.028179999,0.03971,0.13349
46051,"Grant, South Dakota",0.97103,0.89661002,0.99756002,0.11462,0.02562,0.13812999
46053,"Gregory, South Dakota",0.95346999,0.96213001,0.99776,0.094149999,0.023979999,0.13723999
46055,"Haakon, South Dakota",1.03464,,0.99922001,0.052549999,0.02397,0.13134
46057,"Hamlin, South Dakota",0.94291002,0.95191002,0.98663002,0.042199999,0.022329999,0.11528
46059,"Hand, South Dakota",1.20684,,0.99754,0.091980003,0.022700001,0.13923
46061,"Hanson, South Dakota",1.21354,,0.98606998,0.02379,0.018139999,0.1214
46063,"Harding, South Dakota",,,0.9979071,0.077914,0.0087756328,0.12555927
46065,"Hughes, South Dakota",0.94766003,0.97441,0.99601001,0.082719997,0.037900001,0.11634
46067,"Hutchinson, South Dakota",1.12265,0.75670999,0.99370003,0.067460001,0.02627,0.1172
46069,"Hyde, South Dakota",1.04081,,0.99552,0.10275,0.016140001,0.12038
46071,"Jackson, South Dakota",0.51108998,,0.99416,0.075790003,0.0069300001,0.11835
46073,"Jerauld, South Dakota",0.99953002,,0.99247998,0.19802,0.02012,0.11966
46075,"Jones, South Dakota",,,0.99387366,0.036550969,0.032037038,0.12318727
46077,"Kingsbury, South Dakota",1.1634099,0.98377001,0.99277002,0.07948,0.02736,0.12106
46079,"Lake, South Dakota",1.06596,0.91662002,0.99493998,0.090259999,0.029279999,0.11784
46081,"Lawrence, South Dakota",1.0430599,0.96723002,0.99119997,0.089699998,0.02647,0.10523
46083,"Lincoln, South Dakota",1.15819,1.24204,0.95604002,0.073360004,0.0084199999,0.094959997
46085,"Lyman, South Dakota",0.56233001,,0.99825001,0.074579999,0.019200001,0.15673999
46087,"McCook, South Dakota",1.13397,0.88047999,0.98614001,0.04053,0.02727,0.10723
46089,"McPherson, South Dakota",1.16277,,0.99327999,0.088869996,0.01608,0.1223
46091,"Marshall, South Dakota",0.89946002,1.1655101,0.99694997,0.063089997,0.027240001,0.13042
46093,"Meade, South Dakota",1.00753,0.89757001,0.96337003,0.063989997,0.024320001,0.097609997
46095,"Mellette, South Dakota",,,0.98990327,0.071350336,0.0096532702,0.11646814
46097,"Miner, South Dakota",1.19283,,0.99682999,0.036339998,0.02801,0.12507001
46099,"Minnehaha, South Dakota",0.90403998,1.09052,0.98527002,0.070699997,0.01256,0.094719999
46101,"Moody, South Dakota",0.90495002,0.93695003,0.99198997,0.065580003,0.020880001,0.1112
46102,"Shannon, South Dakota",0.33048001,0.38385999,0.99861002,0.096809998,0.01646,0.1258
46103,"Pennington, South Dakota",0.83902001,0.9745,0.98544002,0.05883,0.018069999,0.090089999
46105,"Perkins, South Dakota",1.15097,,0.99980003,0.11785,0.034559999,0.13689999
46107,"Potter, South Dakota",1.23702,,0.99770999,0.073279999,0.034759998,0.13256
46109,"Roberts, South Dakota",0.65166998,0.74804997,0.99855,0.062210001,0.01787,0.14309999
46111,"Sanborn, South Dakota",1.01472,,0.99023998,0.073260002,0.00765,0.12407
46115,"Spink, South Dakota",1.08323,1.0184799,0.99558002,0.07102,0.02544,0.13131
46117,"Stanley, South Dakota",0.97946,,0.98031998,0.11455,0.02299,0.11839
46119,"Sully, South Dakota",,,0.99567723,0.059301987,0.019279245,0.12354407
46121,"Todd, South Dakota",0.29469001,,0.99844998,0.064130001,0.0078699999,0.1225
46123,"Tripp, South Dakota",0.86050999,0.87015998,0.99708003,0.092320003,0.017990001,0.13937999
46125,"Turner, South Dakota",1.14179,0.92227,0.98158997,0.10764,0.02438,0.10095
46127,"Union, South Dakota",1.1800801,1.15312,0.97725999,0.083829999,0.01283,0.10746
46129,"Walworth, South Dakota",0.84601998,0.68650001,0.99993002,0.11439,0.034979999,0.13166
46135,"Yankton, South Dakota",0.93689001,0.98142999,0.99458998,0.078510001,0.017829999,0.11587
46137,"Ziebach, South Dakota",,,0.99414873,0.099675767,0.0052331635,0.13706914
47001,"Anderson, Tennessee",0.75264001,0.78737998,0.97724998,0.067510001,0.01921,0.098679997
47003,"Bedford, Tennessee",0.62904,0.67777997,0.99146003,0.04899,0.01382,0.10837
47005,"Benton, Tennessee",0.63856,0.55717999,0.99730003,0.063150004,0.01839,0.12949
47007,"Bledsoe, Tennessee",0.59378999,0.61953002,0.99289,0.045910001,0.0118,0.12609001
47009,"Blount, Tennessee",0.77205002,0.79493999,0.98776001,0.06837,0.01902,0.092940003
47011,"Bradley, Tennessee",0.68295002,0.80286998,0.99109,0.045809999,0.02021,0.092629999
47013,"Campbell, Tennessee",0.58462,0.59122002,0.99888003,0.05201,0.01327,0.127
47015,"Cannon, Tennessee",0.76207,0.77923,0.99040002,0.064099997,0.019400001,0.12177
47017,"Carroll, Tennessee",0.69080001,0.63624001,0.99532002,0.04848,0.016349999,0.11674
47019,"Carter, Tennessee",0.60005999,0.44429001,0.99079001,0.067489997,0.02077,0.10998
47021,"Cheatham, Tennessee",0.84446001,0.78504997,0.98102999,0.082429998,0.01399,0.10258
47023,"Chester, Tennessee",0.75444001,0.68335998,0.99223,0.05271,0.01761,0.12159
47025,"Claiborne, Tennessee",0.60639,0.50724,0.99827999,0.062720001,0.01463,0.13072
47027,"Clay, Tennessee",0.66702998,,0.99852997,0.075910002,0.01825,0.15772
47029,"Cocke, Tennessee",0.53513002,0.47446999,0.99533999,0.045219999,0.01117,0.11768
47031,"Coffee, Tennessee",0.69243002,0.73861003,0.98769999,0.15019999,0.01322,0.1007
47033,"Crockett, Tennessee",0.67750001,0.62216997,0.99479997,0.084919997,0.01055,0.1265
47035,"Cumberland, Tennessee",0.62562001,0.60891002,0.99557,0.051509999,0.021570001,0.10883
47037,"Davidson, Tennessee",0.71960002,0.72592002,0.97324997,0.064659998,0.01571,0.084890001
47039,"Decatur, Tennessee",0.75637001,0.63854998,0.99620998,0.058150001,0.024019999,0.13931
47041,"DeKalb, Tennessee",0.63034999,0.69918001,0.99549001,0.10678,0.0146,0.12389
47043,"Dickson, Tennessee",0.74438,0.73885,0.99438,0.068109997,0.01309,0.11066
47045,"Dyer, Tennessee",0.62905002,0.70086002,0.99821001,0.099930003,0.0142,0.12227
47047,"Fayette, Tennessee",0.83490002,0.68678999,0.98132002,0.068429999,0.018929999,0.11173
47049,"Fentress, Tennessee",0.57985002,0.45442,0.99730998,0.055659998,0.01415,0.15239
47051,"Franklin, Tennessee",0.69016999,0.70748001,0.99655998,0.088129997,0.020579999,0.11803
47053,"Gibson, Tennessee",0.70519,0.65345001,0.99382001,0.047400001,0.01342,0.11173
47055,"Giles, Tennessee",0.66206998,0.70432001,0.99690002,0.050039999,0.018850001,0.12152
47057,"Grainger, Tennessee",0.59908998,0.43847001,0.98641002,0.04549,0.0086200004,0.11528
47059,"Greene, Tennessee",0.59437001,0.50985998,0.99372,0.076629996,0.01384,0.10525
47061,"Grundy, Tennessee",0.60712999,0.50518,0.99803001,0.04521,0.02399,0.16357
47063,"Hamblen, Tennessee",0.56844002,0.6785,0.99046999,0.039639998,0.01207,0.10071
47065,"Hamilton, Tennessee",0.75304002,0.87696999,0.98949999,0.06019,0.01712,0.093819998
47067,"Hancock, Tennessee",0.51174003,,0.99770999,0.02503,0.01555,0.19145
47069,"Hardeman, Tennessee",0.59661001,0.51222003,0.99680001,0.035980001,0.01306,0.15356
47071,"Hardin, Tennessee",0.69696999,0.59428,0.99809998,0.081139997,0.019330001,0.12358
47073,"Hawkins, Tennessee",0.59419,0.58249998,0.9892,0.10584,0.0099099996,0.11113
47075,"Haywood, Tennessee",0.50795001,0.45829999,1.0,0.049229998,0.018619999,0.15208
47077,"Henderson, Tennessee",0.69380999,0.62791002,0.99699998,0.11732,0.01342,0.12611
47079,"Henry, Tennessee",0.6868,0.59691,0.99673003,0.054919999,0.01811,0.11775
47081,"Hickman, Tennessee",0.68589997,0.56748998,0.99040997,0.133,0.01718,0.11676
47083,"Houston, Tennessee",0.71349001,0.57716,0.99557,0.088650003,0.01288,0.14422999
47085,"Humphreys, Tennessee",0.67760998,0.68068999,0.99598002,0.04682,0.01418,0.13203999
47087,"Jackson, Tennessee",0.65932,0.56317002,0.98825002,0.079369999,0.016140001,0.12788001
47089,"Jefferson, Tennessee",0.69108999,0.67571998,0.96885002,0.05531,0.01462,0.09302
47091,"Johnson, Tennessee",0.5571,0.48488,0.99779999,0.052060001,0.022190001,0.14930999
47093,"Knox, Tennessee",0.78470999,0.88725001,0.98227,0.083769999,0.015699999,0.090300001
47095,"Lake, Tennessee",0.52592999,,0.99883997,0.050319999,0.017720001,0.14552
47097,"Lauderdale, Tennessee",0.56652999,0.56914997,0.99772,0.095519997,0.0086899996,0.14373
47099,"Lawrence, Tennessee",0.67153001,0.61181998,0.99813998,0.063320003,0.015,0.12477
47101,"Lewis, Tennessee",0.68299001,0.50779998,0.99719,0.13055,0.01556,0.14067
47103,"Lincoln, Tennessee",0.66999,0.80628997,0.99531001,0.05187,0.01295,0.11772
47105,"Loudon, Tennessee",0.71500999,0.71372998,0.98373002,0.053690001,0.01787,0.10424
47107,"McMinn, Tennessee",0.65197998,0.67611003,0.99391001,0.055920001,0.017440001,0.10205
47109,"McNairy, Tennessee",0.74825001,0.69621998,0.99436003,0.04428,0.017209999,0.12082
47111,"Macon, Tennessee",0.62804002,0.63511002,0.99773997,0.081200004,0.01012,0.13421001
47113,"Madison, Tennessee",0.61183,0.73345,0.99372,0.045680001,0.01395,0.10812
47115,"Marion, Tennessee",0.63818997,0.62054998,0.99659002,0.049070001,0.0121,0.13037001
47117,"Marshall, Tennessee",0.72364998,0.67930001,0.98931998,0.079920001,0.01196,0.11128
47119,"Maury, Tennessee",0.80249,0.56353003,0.98654002,0.070840001,0.01295,0.097549997
47121,"Meigs, Tennessee",0.58504999,0.63902003,0.98619002,0.071970001,0.01143,0.10402
47123,"Monroe, Tennessee",0.60153002,0.56006002,0.99321002,0.039779998,0.01405,0.10982
47125,"Montgomery, Tennessee",0.83792001,1.00871,0.96868002,0.075970002,0.0073500001,0.085110001
47127,"Moore, Tennessee",0.84228998,0.84915,0.99312001,0.19999,0.01873,0.13087
47129,"Morgan, Tennessee",0.64822,0.70845002,0.99641001,0.04061,0.0197,0.12560999
47131,"Obion, Tennessee",0.6631,0.70045,0.99813002,0.038800001,0.01998,0.12332
47133,"Overton, Tennessee",0.70015001,0.52526999,0.99583,0.05861,0.015690001,0.13614
47135,"Perry, Tennessee",0.68383998,0.56862003,0.99882001,0.17278001,0.01857,0.15751
47137,"Pickett, Tennessee",0.66235,,0.99526,0.03568,0.01549,0.16636001
47139,"Polk, Tennessee",0.64074999,0.63911998,0.98727,0.069640003,0.01987,0.11746
47141,"Putnam, Tennessee",0.74646997,0.77460998,0.99272001,0.072109997,0.019130001,0.10684
47143,"Rhea, Tennessee",0.59630001,0.64929998,0.99326998,0.034109998,0.01485,0.10587
47145,"Roane, Tennessee",0.67638999,0.81920999,0.99177998,0.049070001,0.015729999,0.1091
47147,"Robertson, Tennessee",0.76104999,0.85812002,0.98501003,0.087559998,0.01548,0.10415
47149,"Rutherford, Tennessee",0.82494003,1.07787,0.97035003,0.060369998,0.01049,0.090410002
47151,"Scott, Tennessee",0.57778001,0.50669998,0.99937999,0.084509999,0.01128,0.16866
47153,"Sequatchie, Tennessee",0.63419002,0.58021998,0.99449003,0.041609999,0.01609,0.12837
47155,"Sevier, Tennessee",0.67552,0.66658998,0.98668998,0.056809999,0.016829999,0.094949998
47157,"Shelby, Tennessee",0.52814001,0.73611999,0.99208999,0.0535,0.01158,0.083140001
47159,"Smith, Tennessee",0.71149999,0.61453998,0.99465001,0.055160001,0.01426,0.12127
47161,"Stewart, Tennessee",0.81932002,0.58863997,0.99357003,0.067539997,0.020300001,0.12439
47163,"Sullivan, Tennessee",0.67641002,0.70354998,0.98812997,0.071330003,0.019069999,0.098980002
47165,"Sumner, Tennessee",0.82476002,0.86927003,0.98154002,0.07361,0.01743,0.096469998
47167,"Tipton, Tennessee",0.80690002,0.97367001,0.99408001,0.059939999,0.01289,0.11447
47169,"Trousdale, Tennessee",0.67444003,0.55531001,0.98817998,0.087930001,0.016100001,0.11501
47171,"Unicoi, Tennessee",0.62787998,0.44114,0.98975998,0.087480001,0.017379999,0.11978
47173,"Union, Tennessee",0.60087001,0.42227,0.98851001,0.05229,0.0096699996,0.11171
47175,"Van Buren, Tennessee",0.59694999,,0.99294001,0.0583,0.01456,0.13294999
47177,"Warren, Tennessee",0.60272002,0.58195001,0.99427998,0.16778,0.01327,0.11648
47179,"Washington, Tennessee",0.74717999,0.73291999,0.98194999,0.074830003,0.015799999,0.094379999
47181,"Wayne, Tennessee",0.68234003,0.62623,0.99994999,0.10644,0.01661,0.15808
47183,"Weakley, Tennessee",0.76284999,0.67729998,0.99528998,0.096720003,0.020020001,0.11662
47185,"White, Tennessee",0.62506998,0.45565,0.99190998,0.076949999,0.01273,0.11297
47187,"Williamson, Tennessee",1.1341701,1.2929,0.94541001,0.074730001,0.02128,0.086819999
47189,"Wilson, Tennessee",0.85267001,0.91118002,0.97368997,0.083580002,0.01332,0.090329997
48001,"Anderson, Texas",0.68866998,0.69498998,0.99404001,0.051320001,0.01543,0.10718
48003,"Andrews, Texas",0.84294999,1.12675,0.99835998,0.039889999,0.01073,0.10767
48005,"Angelina, Texas",0.69543999,0.75809002,0.99642998,0.14041001,0.01405,0.10558
48007,"Aransas, Texas",0.80969,0.80295002,0.98879999,0.09945,0.02668,0.10358
48009,"Archer, Texas",0.87865001,1.06295,0.99176002,0.060090002,0.027279999,0.11293
48011,"Armstrong, Texas",1.07024,,0.98859,0.072999999,0.033229999,0.097560003
48013,"Atascosa, Texas",0.68539,0.81388998,0.98694998,0.06498,0.0090300003,0.099289998
48015,"Austin, Texas",0.82190001,0.97577,0.99119002,0.099059999,0.021400001,0.10921
48017,"Bailey, Texas",0.56537998,0.69050997,0.99754,0.03373,0.01564,0.11395
48019,"Bandera, Texas",0.92465001,0.98097003,0.98369998,0.11108,0.033690002,0.095239997
48021,"Bastrop, Texas",0.66676003,0.92750001,0.96836001,0.057360001,0.017969999,0.09172
48023,"Baylor, Texas",0.84042001,,0.99851,0.04104,0.025180001,0.13619
48025,"Bee, Texas",0.67040998,0.73214,0.99680001,0.03923,0.0109,0.11016
48027,"Bell, Texas",0.77035999,0.95502001,0.97250003,0.047759999,0.0123,0.083070002
48029,"Bexar, Texas",0.71173,0.81053001,0.96619999,0.042479999,0.0099999998,0.077760004
48031,"Blanco, Texas",0.97692001,0.97136003,0.98679,0.077249996,0.060249999,0.099550001
48035,"Bosque, Texas",0.81014001,0.82642001,0.98368001,0.043540001,0.02173,0.096929997
48037,"Bowie, Texas",0.67631,0.90003002,0.99550998,0.087719999,0.01503,0.10942
48039,"Brazoria, Texas",0.83867002,1.1398,0.97718,0.05266,0.01276,0.092320003
48041,"Brazos, Texas",0.82018,1.03677,0.98505002,0.05706,0.015830001,0.097489998
48043,"Brewster, Texas",0.98229998,0.94836003,0.99377,0.13477001,0.036910001,0.10291
48045,"Briscoe, Texas",,,0.99656856,0.069683328,0.047466237,0.10951132
48047,"Brooks, Texas",0.47837001,0.63380003,1.0,0.071520001,0.01147,0.15802
48049,"Brown, Texas",0.76362997,0.78619999,0.99438,0.055830002,0.016140001,0.098569997
48051,"Burleson, Texas",0.79666001,0.89195001,0.99046999,0.11022,0.020129999,0.1041
48053,"Burnet, Texas",0.83811003,0.83336997,0.98861998,0.056779999,0.03064,0.09967
48055,"Caldwell, Texas",0.68268001,0.78467,0.98501003,0.061159998,0.018999999,0.10284
48057,"Calhoun, Texas",0.74904001,0.93730003,0.99715,0.074409999,0.016039999,0.12582999
48059,"Callahan, Texas",0.85600001,0.94797999,0.97992998,0.080410004,0.020950001,0.09567
48061,"Cameron, Texas",0.48561999,0.58761001,0.98868001,0.024180001,0.0078499997,0.083549999
48063,"Camp, Texas",0.69485003,0.64050001,0.99233001,0.043299999,0.01591,0.11674
48065,"Carson, Texas",1.04585,1.19245,0.99342,0.13969,0.01681,0.098569997
48067,"Cass, Texas",0.73061001,0.79054999,0.99572003,0.07429,0.0153,0.12078
48069,"Castro, Texas",0.62001997,0.64477998,0.99603999,0.12924001,0.01189,0.12392
48071,"Chambers, Texas",0.85763001,1.31888,0.98018998,0.082180001,0.01011,0.10181
48073,"Cherokee, Texas",0.64780998,0.70033997,0.99325001,0.062100001,0.01389,0.10625
48075,"Childress, Texas",0.78938001,0.90996999,1.0,0.0999,0.01667,0.14008
48077,"Clay, Texas",0.90792,0.87352002,0.98550999,0.084849998,0.02778,0.10301
48079,"Cochran, Texas",0.65393001,,0.99848002,0.02585,0.016279999,0.11301
48081,"Coke, Texas",0.9702,,0.99408001,0.083310001,0.029039999,0.097000003
48083,"Coleman, Texas",0.72548997,0.77802002,0.99874997,0.04699,0.020230001,0.11777
48085,"Collin, Texas",1.0616699,1.34808,0.92970997,0.072959997,0.01268,0.08433
48087,"Collingsworth, Texas",0.75351,,1.0,0.058350001,0.02083,0.1435
48089,"Colorado, Texas",0.73430002,0.90377998,0.99664003,0.041080002,0.020500001,0.1209
48091,"Comal, Texas",0.99019003,1.17737,0.96214998,0.074950002,0.01448,0.084940001
48093,"Comanche, Texas",0.74312001,0.85772997,0.99172002,0.054680001,0.01448,0.1123
48095,"Concho, Texas",,,0.98598343,0.030012129,0.013142718,0.10938022
48097,"Cooke, Texas",0.80071998,0.89660001,0.99492002,0.065949999,0.01994,0.10952
48099,"Coryell, Texas",0.83302999,0.93615001,0.96425998,0.06033,0.01362,0.088480003
48101,"Cottle, Texas",,,0.99693525,0.077123918,0.040715389,0.12246575
48103,"Crane, Texas",0.77411997,1.24866,0.99957001,0.021989999,0.01124,0.13330001
48105,"Crockett, Texas",0.75739002,,0.9989,0.0188,0.01102,0.14206
48107,"Crosby, Texas",0.72017002,0.65828001,0.99611002,0.1216,0.02674,0.10676
48109,"Culberson, Texas",0.77182001,,0.99680001,0.01939,0.02747,0.12953
48111,"Dallam, Texas",0.64752001,0.96512002,0.99532998,0.060150001,0.01162,0.11483
48113,"Dallas, Texas",0.63424999,0.77551001,0.96223003,0.040119998,0.01254,0.081050001
48115,"Dawson, Texas",0.63875997,0.69084001,0.99760002,0.0317,0.01374,0.11524
48117,"Deaf Smith, Texas",0.57874,0.64244998,0.99550003,0.028100001,0.0086500002,0.10686
48119,"Delta, Texas",0.83983999,0.75549001,0.99653,0.04854,0.01942,0.11205
48121,"Denton, Texas",0.98328,1.23541,0.93413001,0.06983,0.0095100002,0.086039998
48123,"DeWitt, Texas",0.77981001,1.0150501,0.99728,0.052620001,0.02919,0.11769
48125,"Dickens, Texas",,,0.99418873,0.020331247,0.037488196,0.10460667
48127,"Dimmit, Texas",0.57446003,0.70245999,0.99953997,0.024189999,0.01131,0.14177001
48129,"Donley, Texas",0.91601002,,0.9964,0.042210001,0.026799999,0.11634
48131,"Duval, Texas",0.59026998,0.64345998,0.99852002,0.02203,0.0047300002,0.15853
48133,"Eastland, Texas",0.78671002,0.79961997,0.99554002,0.19414,0.02275,0.11076
48135,"Ector, Texas",0.78214997,1.02469,0.98544002,0.033690002,0.00648,0.079899997
48137,"Edwards, Texas",0.69123,,0.99809998,0.060290001,0.04225,0.12486
48139,"Ellis, Texas",0.82852,1.10686,0.97977,0.0526,0.01481,0.092979997
48141,"El Paso, Texas",0.64658999,0.63757002,0.98031998,0.030540001,0.0088999998,0.076970004
48143,"Erath, Texas",0.86059999,1.00358,0.99031001,0.05517,0.02189,0.097499996
48145,"Falls, Texas",0.56549001,0.57253999,0.99458998,0.079800002,0.017960001,0.12515
48147,"Fannin, Texas",0.83718997,0.92117,0.99036998,0.074019998,0.01956,0.10395
48149,"Fayette, Texas",0.8592,0.86025,0.99566001,0.055659998,0.03029,0.11909
48151,"Fisher, Texas",0.86805999,,0.99471003,0.037780002,0.01922,0.11408
48153,"Floyd, Texas",0.69265002,0.77278,0.99741,0.037330002,0.02201,0.1197
48155,"Foard, Texas",,,0.99752891,0.30873594,0.045566134,0.13127731
48157,"Fort Bend, Texas",0.85812998,1.09045,0.95133001,0.061209999,0.01155,0.088160001
48159,"Franklin, Texas",0.80655003,1.02798,0.99040002,0.079530001,0.022919999,0.10681
48161,"Freestone, Texas",0.76169997,1.06358,0.99535,0.048110001,0.01812,0.11456
48163,"Frio, Texas",0.56471002,0.73572999,0.99791002,0.044989999,0.01086,0.13161001
48165,"Gaines, Texas",0.82081997,1.04704,0.99338001,0.034150001,0.0073899999,0.12389
48167,"Galveston, Texas",0.83270001,1.06902,0.98408002,0.064680003,0.01503,0.094099998
48169,"Garza, Texas",0.75414002,,0.9993,0.073449999,0.016519999,0.14259
48171,"Gillespie, Texas",0.84829998,0.90903997,0.99520999,0.063720003,0.03576,0.10915
48173,"Glasscock, Texas",,,0.9929772,0.027360562,0.026536714,0.10536134
48175,"Goliad, Texas",0.88993001,1.07222,0.99418998,0.11518,0.02909,0.1102
48177,"Gonzales, Texas",0.63777,0.83519,0.99730998,0.047449999,0.019610001,0.12941
48179,"Gray, Texas",0.74809998,0.90900999,0.99739999,0.05768,0.015,0.11206
48181,"Grayson, Texas",0.82727998,0.88861001,0.98870999,0.080679998,0.01702,0.096079998
48183,"Gregg, Texas",0.71904999,0.83604997,0.99206001,0.05779,0.01533,0.09753
48185,"Grimes, Texas",0.82354999,0.8484,0.98860002,0.049600001,0.01633,0.10336
48187,"Guadalupe, Texas",0.85474002,1.04396,0.95104003,0.074510001,0.01049,0.083740003
48189,"Hale, Texas",0.61313999,0.60513002,0.99655002,0.03819,0.01422,0.10454
48191,"Hall, Texas",,,0.99845695,0.035253618,0.02905078,0.11935971
48193,"Hamilton, Texas",0.85563999,0.84785002,0.99246001,0.11334,0.025319999,0.11004
48195,"Hansford, Texas",0.76011997,0.9601,0.99958998,0.054609999,0.01233,0.1198
48197,"Hardeman, Texas",0.80598998,,1.0,0.043260001,0.028820001,0.14146
48199,"Hardin, Texas",0.91417003,1.12656,0.98760998,0.16384,0.01087,0.10027
48201,"Harris, Texas",0.67668003,0.84483999,0.96063,0.04456,0.0099400003,0.079460002
48203,"Harrison, Texas",0.67927003,0.90170002,0.99408001,0.073100001,0.01781,0.11236
48207,"Haskell, Texas",0.78201997,0.79672003,0.99653,0.090740003,0.01843,0.11638
48209,"Hays, Texas",0.85219002,1.0323,0.94369,0.066320002,0.01292,0.087750003
48211,"Hemphill, Texas",0.8549,1.12142,0.99805999,0.073909998,0.023949999,0.12348
48213,"Henderson, Texas",0.75220001,0.81836998,0.98983002,0.05895,0.01435,0.10026
48215,"Hidalgo, Texas",0.52191001,0.56759,0.98246998,0.020640001,0.0056500002,0.080689996
48217,"Hill, Texas",0.74773002,0.81375003,0.98762,0.049989998,0.017580001,0.099849999
48219,"Hockley, Texas",0.73356003,0.81721002,0.98857999,0.05559,0.0142,0.097730003
48221,"Hood, Texas",0.90656,1.01838,0.97801,0.075620003,0.0187,0.087540001
48223,"Hopkins, Texas",0.79097003,0.91211998,0.99532998,0.039250001,0.016620001,0.10791
48225,"Houston, Texas",0.65561998,0.63554001,0.99926001,0.10482,0.02176,0.12818
48227,"Howard, Texas",0.76109999,0.83973002,0.99879003,0.052900001,0.01368,0.1093
48229,"Hudspeth, Texas",,,0.9957611,0.020763602,0.018998913,0.11338421
48231,"Hunt, Texas",0.82055002,0.90805,0.98333001,0.064659998,0.016209999,0.096179999
48233,"Hutchinson, Texas",0.80466998,1.00674,0.99764001,0.12104,0.01495,0.1175
48235,"Irion, Texas",,,0.98937774,0.23962601,0.024603065,0.097052641
48237,"Jack, Texas",0.82705998,0.90753001,0.99387997,0.18675999,0.029990001,0.11502
48239,"Jackson, Texas",0.83033001,1.0495501,0.99673003,0.072059996,0.01657,0.12579
48241,"Jasper, Texas",0.81098002,0.90985,0.99572998,0.1194,0.01485,0.12203
48243,"Jeff Davis, Texas",,,0.98050743,0.10319689,0.065539166,0.10492659
48245,"Jefferson, Texas",0.67346001,0.89666998,0.99396998,0.10974,0.01104,0.10759
48247,"Jim Hogg, Texas",0.57916999,0.90118003,0.99770999,0.0144,0.0087700002,0.20110001
48249,"Jim Wells, Texas",0.64227998,0.87343001,0.99870002,0.027240001,0.0093200002,0.12355
48251,"Johnson, Texas",0.86857998,0.99857002,0.97065002,0.056740001,0.00966,0.085790001
48253,"Jones, Texas",0.79263997,0.76753002,0.98878002,0.040589999,0.017379999,0.10575
48255,"Karnes, Texas",0.72005999,1.04932,0.99848998,0.0339,0.01503,0.12692
48257,"Kaufman, Texas",0.78201997,0.98645997,0.96099001,0.045430001,0.0125,0.09217
48259,"Kendall, Texas",1.02351,1.21639,0.95951998,0.063069999,0.025459999,0.08969
48265,"Kerr, Texas",0.79914999,0.77078003,0.99285001,0.061099999,0.029239999,0.10011
48267,"Kimble, Texas",0.80001998,,0.99757999,0.1309,0.029759999,0.12724
48271,"Kinney, Texas",,,0.99588811,0.12465426,0.029775431,0.12848695
48273,"Kleberg, Texas",0.73377001,0.84735,0.99475002,0.044360001,0.0138,0.10664
48275,"Knox, Texas",0.77196997,,0.99861997,0.045299999,0.020609999,0.13402
48277,"Lamar, Texas",0.71825999,0.80199999,0.99906999,0.063529998,0.017550001,0.12279
48279,"Lamb, Texas",0.65913999,0.70326,0.99782997,0.049260002,0.01802,0.11922
48281,"Lampasas, Texas",0.85227001,1.01665,0.98717999,0.10355,0.01991,0.10037
48283,"La Salle, Texas",0.58717,0.91895998,0.99699998,0.026179999,0.01262,0.15001
48285,"Lavaca, Texas",0.81727999,0.99168998,0.99690998,0.059039999,0.01723,0.12603
48287,"Lee, Texas",0.82529998,0.88356,0.99777001,0.096320003,0.021360001,0.12182
48289,"Leon, Texas",0.79465997,1.05641,0.99392998,0.067769997,0.022849999,0.10897
48291,"Liberty, Texas",0.70385998,0.95406997,0.98337001,0.07141,0.01271,0.096519999
48293,"Limestone, Texas",0.65666002,0.69102001,0.99812001,0.050949998,0.02159,0.12279
48295,"Lipscomb, Texas",0.80715001,,0.99838001,0.049679998,0.02084,0.12082
48297,"Live Oak, Texas",0.80335999,0.96859002,0.99285001,0.10561,0.01125,0.1173
48299,"Llano, Texas",0.80267,0.86887002,0.98320001,0.068230003,0.02619,0.10117
48303,"Lubbock, Texas",0.76855999,0.92638999,0.99087,0.060309999,0.01373,0.088890001
48305,"Lynn, Texas",0.85031998,0.77876002,0.98991001,0.1035,0.01599,0.10272
48307,"McCulloch, Texas",0.69806999,0.78211999,0.99883997,0.067699999,0.0176,0.1209
48309,"McLennan, Texas",0.68001002,0.86062998,0.99409997,0.043110002,0.01592,0.097290002
48311,"McMullen, Texas",,,0.98908442,0.034565095,0.021424251,0.10449245
48313,"Madison, Texas",0.69716001,0.91503,0.99520999,0.090960003,0.018650001,0.1172
48315,"Marion, Texas",0.76415002,0.7367,0.98745,0.065499999,0.028899999,0.10695
48317,"Martin, Texas",0.87796998,,0.98242998,0.066809997,0.0083699999,0.093350001
48319,"Mason, Texas",0.88789999,,0.99730998,0.032710001,0.02675,0.1218
48321,"Matagorda, Texas",0.71632999,0.82937002,0.99689001,0.056930002,0.0144,0.11797
48323,"Maverick, Texas",0.68305999,0.56156999,0.99721003,0.040580001,0.0038099999,0.10959
48325,"Medina, Texas",0.78584999,0.99941999,0.99033999,0.044969998,0.016480001,0.11019
48327,"Menard, Texas",0.64155,,0.99624997,0.074929997,0.023600001,0.11153
48329,"Midland, Texas",0.84231001,1.1839401,0.98220003,0.04042,0.0104,0.085249998
48331,"Milam, Texas",0.72762001,0.70525002,0.99544001,0.076920003,0.017899999,0.11822
48333,"Mills, Texas",0.85066998,,0.99487001,0.078780003,0.01946,0.10835
48335,"Mitchell, Texas",0.79342997,0.85513997,0.99725997,0.11237,0.02193,0.11715
48337,"Montague, Texas",0.84710002,0.90592003,0.99400002,0.07079,0.02674,0.11339
48339,"Montgomery, Texas",0.84201998,1.05314,0.95810997,0.064309999,0.01141,0.08461
48341,"Moore, Texas",0.62011999,0.83199,0.99735999,0.25261,0.01167,0.11219
48343,"Morris, Texas",0.66114998,0.64529997,0.99221998,0.05951,0.018580001,0.11737
48347,"Nacogdoches, Texas",0.70853001,0.7234,0.99378997,0.078560002,0.01843,0.10582
48349,"Navarro, Texas",0.67293,0.84965003,0.99602002,0.04061,0.01547,0.11227
48351,"Newton, Texas",0.79048997,0.74984002,0.99278998,0.13565999,0.01677,0.12377
48353,"Nolan, Texas",0.71263999,0.82736999,0.99774998,0.04135,0.016589999,0.11052
48355,"Nueces, Texas",0.72533,0.89911002,0.98667997,0.041390002,0.01126,0.083130002
48357,"Ochiltree, Texas",0.66895002,0.77721,0.99827999,0.04414,0.01493,0.12706999
48359,"Oldham, Texas",1.1142499,1.07802,0.99599999,0.044670001,0.01542,0.098580003
48361,"Orange, Texas",0.83389997,1.07574,0.99457997,0.16901,0.01169,0.10948
48363,"Palo Pinto, Texas",0.75871998,0.81923002,0.99383998,0.059179999,0.020810001,0.10654
48365,"Panola, Texas",0.78579998,0.93044001,0.99623001,0.074670002,0.016249999,0.11517
48367,"Parker, Texas",0.97498,1.1877199,0.96673,0.07378,0.01514,0.084700003
48369,"Parmer, Texas",0.61421001,0.91911,0.99444997,0.02345,0.01863,0.10892
48371,"Pecos, Texas",0.81389999,0.84606999,0.99909002,0.029510001,0.01107,0.12729
48373,"Polk, Texas",0.72953999,0.79285002,0.99110001,0.077200003,0.01514,0.10249
48375,"Potter, Texas",0.69432998,0.68997997,0.97873002,0.050299998,0.018959999,0.088090003
48377,"Presidio, Texas",0.8477,,0.99378002,0.069949999,0.023709999,0.11976
48379,"Rains, Texas",0.79636002,0.84789997,0.98784,0.06109,0.02234,0.10362
48381,"Randall, Texas",0.85433,1.33592,0.98338997,0.064089999,0.0077999998,0.087580003
48383,"Reagan, Texas",0.74109,0.87842,0.99675,0.037,0.01215,0.12171
48385,"Real, Texas",0.87980002,,0.99555999,0.049380001,0.042920001,0.11258
48387,"Red River, Texas",0.70543998,0.66964,0.99861997,0.074500002,0.01458,0.12887999
48389,"Reeves, Texas",0.72328001,0.75422001,0.99567002,0.02768,0.00942,0.11479
48391,"Refugio, Texas",0.73110998,0.90605003,0.99777001,0.13958,0.018829999,0.14255001
48395,"Robertson, Texas",0.71644998,0.84170997,0.99620998,0.084770001,0.018209999,0.12388
48397,"Rockwall, Texas",0.94744998,1.353,0.94736999,0.066419996,0.01121,0.082780004
48399,"Runnels, Texas",0.76265001,0.73917001,0.99633998,0.03238,0.026249999,0.11598
48401,"Rusk, Texas",0.72330999,0.88773,0.99318999,0.086089998,0.017790001,0.10858
48403,"Sabine, Texas",0.78754997,0.86264998,0.99708003,0.075379997,0.0147,0.127
48405,"San Augustine, Texas",0.64100999,,0.99616998,0.066600002,0.017550001,0.12805
48407,"San Jacinto, Texas",0.75695002,0.77239001,0.97047001,0.060210001,0.01204,0.095179997
48409,"San Patricio, Texas",0.74300998,0.96794999,0.98303002,0.05319,0.0096300002,0.10159
48411,"San Saba, Texas",0.73303002,0.73276001,0.99732,0.037519999,0.022709999,0.13612001
48413,"Schleicher, Texas",0.78022999,,0.99706,0.045820002,0.01091,0.1223
48415,"Scurry, Texas",0.78162003,0.98558003,0.99725002,0.063979998,0.0163,0.12138
48417,"Shackelford, Texas",0.88690001,,0.99857002,0.05192,0.046020001,0.11885
48419,"Shelby, Texas",0.63335001,0.79010999,0.99777001,0.049369998,0.01086,0.12980001
48421,"Sherman, Texas",0.71311998,,0.99181002,0.09251,0.0065299999,0.10942
48423,"Smith, Texas",0.75515002,0.80592,0.99087,0.059209999,0.019509999,0.095090002
48425,"Somervell, Texas",0.95037001,1.00598,0.98717999,0.074089997,0.028860001,0.09798
48427,"Starr, Texas",0.50836003,0.46836001,0.99761999,0.01111,0.0041399999,0.1087
48429,"Stephens, Texas",0.76441002,0.83745003,0.99752998,0.10432,0.01501,0.14743
48431,"Sterling, Texas",0.95087999,,0.99230999,0.081739999,0.01729,0.10419
48433,"Stonewall, Texas",,,0.99808848,0.033803124,0.0204711,0.13305759
48435,"Sutton, Texas",0.77819997,,1.0,0.050039999,0.028750001,0.11902
48437,"Swisher, Texas",0.66207999,0.70037001,0.99743998,0.083269998,0.016489999,0.125
48439,"Tarrant, Texas",0.75234997,1.02158,0.96616,0.05026,0.0132,0.084660001
48441,"Taylor, Texas",0.80875999,0.93435001,0.99005002,0.04944,0.01585,0.08698
48445,"Terry, Texas",0.63616002,0.78928,0.99778998,0.064000003,0.01362,0.117
48447,"Throckmorton, Texas",,,0.99697036,0.24429174,0.028431563,0.10523897
48449,"Titus, Texas",0.61958998,0.54012001,0.99691999,0.03125,0.0141,0.11777
48451,"Tom Green, Texas",0.78692001,0.93298,0.99374998,0.04493,0.01489,0.091300003
48453,"Travis, Texas",0.81379002,0.91847003,0.94923002,0.079149999,0.01303,0.079379998
48455,"Trinity, Texas",0.75336999,0.71634001,0.98907,0.07632,0.01627,0.10505
48457,"Tyler, Texas",0.84077001,0.86822999,0.99189001,0.13163,0.01853,0.11059
48459,"Upshur, Texas",0.81557,0.82967001,0.98069,0.07045,0.01825,0.095959999
48461,"Upton, Texas",0.88827997,,0.99776,0.088320002,0.01425,0.11622
48463,"Uvalde, Texas",0.61726999,0.5535,0.99760997,0.040229999,0.0125,0.12126
48465,"Val Verde, Texas",0.77535999,0.61698997,0.99647999,0.050299998,0.01064,0.10805
48467,"Van Zandt, Texas",0.86023998,0.92596,0.98961002,0.05934,0.019850001,0.10158
48469,"Victoria, Texas",0.76161999,0.98525,0.99616998,0.05356,0.01265,0.095239997
48471,"Walker, Texas",0.82393003,0.97552001,0.98771,0.056559999,0.02066,0.10431
48473,"Waller, Texas",0.72937,0.94651002,0.96816999,0.054140002,0.01746,0.093979999
48475,"Ward, Texas",0.80839998,1.05514,0.99447,0.071649998,0.00697,0.11711
48477,"Washington, Texas",0.82129002,0.88466001,0.99618,0.083959997,0.024730001,0.11499
48479,"Webb, Texas",0.58604997,0.69700003,0.99216002,0.031060001,0.00422,0.08777
48481,"Wharton, Texas",0.71438003,0.84539998,0.99772,0.040849999,0.01331,0.1248
48483,"Wheeler, Texas",0.83652002,,0.99673003,0.070900001,0.029039999,0.12184
48485,"Wichita, Texas",0.78311002,0.80378002,0.99598002,0.059209999,0.016249999,0.10062
48487,"Wilbarger, Texas",0.68305999,0.81414998,0.99896002,0.05455,0.019850001,0.13643
48489,"Willacy, Texas",0.44778001,0.59086001,0.99681002,0.03026,0.00825,0.11565
48491,"Williamson, Texas",0.99892998,1.08822,0.93181998,0.06622,0.0097099999,0.082869999
48493,"Wilson, Texas",0.84755999,1.1064399,0.98361999,0.0757,0.01307,0.099179998
48495,"Winkler, Texas",0.69106001,0.98720998,0.99260998,0.038800001,0.00361,0.10499
48497,"Wise, Texas",0.91407001,1.04249,0.98098999,0.071280003,0.021570001,0.091849998
48499,"Wood, Texas",0.83902001,0.81160998,0.98900998,0.067829996,0.02241,0.10675
48501,"Yoakum, Texas",0.71538001,1.0057,0.99572998,0.0197,0.0104,0.11845
48503,"Young, Texas",0.78574997,0.86793,0.99693,0.099830002,0.02249,0.12034
48505,"Zapata, Texas",0.49759999,0.45800999,0.99950999,0.01572,0.0043600001,0.18242
48507,"Zavala, Texas",0.48462999,,1.0,0.020710001,0.0071100001,0.15403999
49001,"Beaver, Utah",0.91952002,0.83184999,0.99830002,0.072930001,0.01284,0.14644
49003,"Box Elder, Utah",1.0478801,1.17371,0.98338997,0.056219999,0.01005,0.095289998
49005,"Cache, Utah",1.12169,1.2650599,0.98000997,0.054389998,0.01098,0.092370003
49007,"Carbon, Utah",0.87629998,0.78329998,0.99703997,0.049180001,0.018209999,0.11634
49009,"Daggett, Utah",,,0.9942829,0.026229436,0.064902425,0.09478303
49011,"Davis, Utah",1.13732,1.3685,0.95457,0.062650003,0.0087099997,0.080250002
49013,"Duchesne, Utah",0.93799001,1.09193,0.99563998,0.070929997,0.01281,0.10952
49015,"Emery, Utah",0.94695997,0.99441999,0.99703997,0.037140001,0.021469999,0.12372
49017,"Garfield, Utah",1.00475,1.1526901,0.99330002,0.05531,0.040750001,0.12286
49019,"Grand, Utah",0.92185003,0.64201999,0.99532998,0.16274001,0.024390001,0.10453
49021,"Iron, Utah",1.0498199,1.0898499,0.98532999,0.1016,0.01418,0.096560001
49023,"Juab, Utah",1.103,1.16207,0.99110001,0.06146,0.0076000001,0.11326
49025,"Kane, Utah",1.06046,1.0207,0.99496001,0.09313,0.026149999,0.11474
49027,"Millard, Utah",0.92627001,1.2038,0.99615997,0.045910001,0.0079899998,0.12675001
49029,"Morgan, Utah",1.29125,1.44206,0.98785001,0.048560001,0.01505,0.097309999
49031,"Piute, Utah",,,0.96903539,0.030336926,0.033233091,0.12384947
49033,"Rich, Utah",1.15372,,0.99546999,0.045219999,0.050730001,0.10633
49035,"Salt Lake, Utah",0.96394998,1.19788,0.96723998,0.078089997,0.01011,0.078709997
49037,"San Juan, Utah",0.74239999,0.73957998,0.99337,0.10125,0.02029,0.11271
49039,"Sanpete, Utah",1.02299,0.94397998,0.99344999,0.06216,0.01376,0.11144
49041,"Sevier, Utah",0.98273998,1.0297,0.99599999,0.13404,0.01336,0.1152
49043,"Summit, Utah",1.0624,1.36456,0.96841002,0.072319999,0.02118,0.090700001
49045,"Tooele, Utah",1.0494,1.16029,0.97349,0.073619999,0.00728,0.08568
49047,"Uintah, Utah",0.96320999,1.15599,0.99619001,0.06278,0.01222,0.1058
49049,"Utah, Utah",1.21981,1.39013,0.96968001,0.069799997,0.0041999999,0.075769998
49051,"Wasatch, Utah",1.05335,1.1333801,0.98137999,0.11062,0.01348,0.090800002
49053,"Washington, Utah",1.04377,1.17073,0.98096001,0.070110001,0.0101,0.089170001
49055,"Wayne, Utah",1.00697,,0.99665999,0.064479999,0.04651,0.11756
49057,"Weber, Utah",0.96168,1.0778199,0.97575998,0.058340002,0.0074999998,0.082249999
50001,"Addison, Vermont",1.03784,0.99444997,0.99198997,0.11165,0.03616,0.11277
50003,"Bennington, Vermont",0.80440003,0.82822001,0.99634999,0.10055,0.028589999,0.12028
50005,"Caledonia, Vermont",0.87686998,0.77547997,0.99273002,0.075340003,0.02751,0.11627
50007,"Chittenden, Vermont",1.10281,1.20356,0.98110002,0.092859998,0.022639999,0.096419998
50009,"Essex, Vermont",0.90438002,,0.96139997,0.06019,0.020540001,0.12229
50011,"Franklin, Vermont",0.94081998,0.98462999,0.99282998,0.061409999,0.01639,0.11979
50013,"Grand Isle, Vermont",1.00116,,0.96384001,0.06397,0.034200002,0.10224
50015,"Lamoille, Vermont",0.97904003,0.89216,0.98997998,0.084430002,0.02558,0.11091
50017,"Orange, Vermont",0.91381001,0.80483001,0.98692,0.074040003,0.028929999,0.11611
50019,"Orleans, Vermont",0.81247997,0.66683,0.99680001,0.06611,0.020540001,0.12876
50021,"Rutland, Vermont",0.90890002,0.92277998,0.99550998,0.081,0.02338,0.11293
50023,"Washington, Vermont",0.99014002,0.95454001,0.98935997,0.094920002,0.041099999,0.10699
50025,"Windham, Vermont",0.97283,0.76343,0.98992002,0.10828,0.038040001,0.10752
50027,"Windsor, Vermont",0.98987001,0.87847,0.98592001,0.084820002,0.03334,0.10605
51001,"Accomack, Virginia",0.60536999,0.57979,0.99847001,0.067100003,0.025210001,0.14658999
51003,"Albemarle, Virginia",0.95630997,1.2136101,0.97979999,0.081409998,0.00856,0.09465
51005,"Alleghany, Virginia",0.71134001,0.85478002,0.99886,0.074560001,0.01326,0.15673
51007,"Amelia, Virginia",0.86866999,0.86109,0.98987001,0.06769,0.01857,0.11635
51009,"Amherst, Virginia",0.74804997,0.77709001,0.98909003,0.076099999,0.018030001,0.10898
51011,"Appomattox, Virginia",0.7683,0.74431998,0.99308997,0.078769997,0.020780001,0.12538999
51013,"Arlington, Virginia",1.27232,1.38834,0.86423999,0.078390002,0.01405,0.089060001
51015,"Augusta, Virginia",0.84091997,0.99870998,0.99329001,0.071050003,0.0092000002,0.10113
51017,"Bath, Virginia",0.81326002,,0.99669999,0.06098,0.033849999,0.15154999
51019,"Bedford County, Virginia",0.83568001,0.84821999,0.97780001,0.072520003,0.0219,0.10226
51021,"Bland, Virginia",0.81533998,0.88511002,0.99360001,0.091109999,0.02234,0.13406
51023,"Botetourt, Virginia",0.89207,1.05843,0.97634,0.078429997,0.02036,0.10779
51025,"Brunswick, Virginia",0.62915999,0.55113,0.99734002,0.029960001,0.018309999,0.14617001
51027,"Buchanan, Virginia",0.59603,0.54583001,1.0,0.060230002,0.015690001,0.15417001
51029,"Buckingham, Virginia",0.70270997,0.60750997,0.99700999,0.06662,0.02471,0.1399
51031,"Campbell, Virginia",0.73935997,0.79825997,0.98123997,0.068219997,0.032140002,0.11128
51033,"Caroline, Virginia",0.89245999,0.90407002,0.96639001,0.08151,0.01211,0.095150001
51035,"Carroll, Virginia",0.63270998,0.59925997,0.99743998,0.049120001,0.01311,0.1234
51036,"Charles City, Virginia",0.79977,,0.98931998,0.063960001,0.034949999,0.13155
51037,"Charlotte, Virginia",0.70819002,0.56830001,0.99567997,0.08399,0.017829999,0.13029
51041,"Chesterfield, Virginia",0.83429998,1.22868,0.96656001,0.071589999,0.0099600004,0.086999997
51043,"Clarke, Virginia",1.09168,1.27581,0.94659001,0.098839998,0.03562,0.098619998
51045,"Craig, Virginia",0.84161001,0.97465003,0.99732,0.078129999,0.0261,0.1371
51047,"Culpeper, Virginia",0.89826,1.17711,0.98620999,0.09437,0.01754,0.099909998
51049,"Cumberland, Virginia",0.81217998,0.76310998,0.98395997,0.096179999,0.03427,0.11751
51051,"Dickenson, Virginia",0.59495002,0.46463999,0.99839997,0.074380003,0.01963,0.14353999
51053,"Dinwiddie, Virginia",0.91285998,1.00535,0.98027998,0.078199998,0.024870001,0.10767
51057,"Essex, Virginia",0.70363998,0.95713001,0.99637997,0.063419998,0.018890001,0.14335001
51059,"Fairfax County, Virginia",1.18538,1.45635,0.93295997,0.06577,0.01277,0.0867
51061,"Fauquier, Virginia",1.0944901,1.39311,0.96623999,0.082649998,0.02571,0.092079997
51063,"Floyd, Virginia",0.88106,0.82388997,0.99553001,0.10648,0.032280002,0.13031
51065,"Fluvanna, Virginia",0.93138999,1.1676,0.97501999,0.091870002,0.01595,0.1048
51067,"Franklin County, Virginia",0.72048002,0.82525003,0.99202001,0.088699996,0.02062,0.10961
51069,"Frederick, Virginia",0.93985999,1.14291,0.97382998,0.069470003,0.01132,0.091370001
51071,"Giles, Virginia",0.79152,0.79259002,0.9957,0.088890001,0.0175,0.13166
51073,"Gloucester, Virginia",0.89819002,1.12696,0.98853999,0.1067,0.01785,0.10364
51075,"Goochland, Virginia",0.95920998,1.14774,0.96539998,0.071879998,0.03607,0.10208
51077,"Grayson, Virginia",0.64275998,0.55211002,0.99172997,0.046390001,0.044130001,0.12955
51079,"Greene, Virginia",0.89335001,1.0118099,0.98224002,0.0625,0.01049,0.10677
51081,"Greensville, Virginia",0.58453,0.56770998,0.99838001,0.027419999,0.0052100001,0.15119
51083,"Halifax, Virginia",0.65188003,0.67482001,0.99879998,0.045329999,0.01785,0.14898001
51085,"Hanover, Virginia",1.01144,1.3956701,0.96805,0.081239998,0.01901,0.09612
51087,"Henrico, Virginia",0.90784001,0.97803003,0.95990002,0.066540003,0.01495,0.091109999
51089,"Henry, Virginia",0.53038001,0.50138998,0.99527001,0.062089998,0.0070000002,0.11968
51091,"Highland, Virginia",,,0.99798214,0.18811145,0.070120603,0.15216243
51093,"Isle of Wight, Virginia",0.92602003,1.21333,0.97275001,0.066760004,0.01678,0.098370001
51095,"James City, Virginia",0.91961998,1.29834,0.96982002,0.070390001,0.0096800001,0.091069996
51097,"King and Queen, Virginia",0.80549002,,0.96781999,0.096000001,0.03365,0.11684
51099,"King George, Virginia",0.99470001,1.38911,0.96399999,0.063380003,0.01558,0.099250004
51101,"King William, Virginia",0.94582999,1.13298,0.98095,0.10459,0.01394,0.1113
51103,"Lancaster, Virginia",0.72868001,0.82169002,0.99685001,0.08647,0.049120001,0.15711001
51105,"Lee, Virginia",0.56015003,0.52965999,0.99823999,0.11071,0.01405,0.14063001
51107,"Loudoun, Virginia",1.21831,1.5508699,0.94528002,0.078910001,0.0131,0.086539999
51109,"Louisa, Virginia",0.88902998,0.87374997,0.98360002,0.0748,0.01763,0.10567
51111,"Lunenburg, Virginia",0.62655002,0.53254998,0.99715,0.049079999,0.02073,0.13402
51113,"Madison, Virginia",0.97447997,1.0045,0.98720002,0.083959997,0.031860001,0.11567
51115,"Mathews, Virginia",0.92199999,1.1826299,0.98962998,0.092009999,0.049419999,0.13132
51117,"Mecklenburg, Virginia",0.66047001,0.62573999,0.99953002,0.046239998,0.01887,0.1382
51119,"Middlesex, Virginia",0.85513002,0.89879,0.98822999,0.087990001,0.040130001,0.12244
51121,"Montgomery, Virginia",0.97715002,1.0221699,0.97757,0.09087,0.02946,0.10625
51125,"Nelson, Virginia",0.82766002,0.8283,0.98690999,0.095299996,0.03449,0.11306
51127,"New Kent, Virginia",1.01447,1.21855,0.97375,0.072209999,0.0175,0.10177
51131,"Northampton, Virginia",0.59029001,0.63028002,0.99905998,0.06078,0.02918,0.15986
51133,"Northumberland, Virginia",0.73800999,1.02387,0.99470001,0.073380001,0.031660002,0.14997
51135,"Nottoway, Virginia",0.65688998,0.66790003,0.99447,0.069899999,0.01712,0.14578
51137,"Orange, Virginia",0.97021002,1.09306,0.96509999,0.099229999,0.02437,0.097829998
51139,"Page, Virginia",0.75493997,0.75172001,0.99655998,0.063780002,0.01802,0.14082
51141,"Patrick, Virginia",0.62647003,0.55668998,0.99425,0.075410001,0.02513,0.12976
51143,"Pittsylvania, Virginia",0.61970001,0.65088999,0.99716002,0.041900001,0.0069300001,0.12194
51145,"Powhatan, Virginia",1.08288,1.21127,0.97487003,0.12346,0.02084,0.10254
51147,"Prince Edward, Virginia",0.72586,0.58712,0.99474001,0.11552,0.024879999,0.12178
51149,"Prince George, Virginia",0.71406001,0.97983003,0.98996001,0.045329999,0.00459,0.10335
51153,"Prince William, Virginia",1.0034699,1.47552,0.93887001,0.053289998,0.0085899998,0.083619997
51155,"Pulaski, Virginia",0.71180999,0.71588999,0.99434,0.10466,0.025529999,0.11863
51157,"Rappahannock, Virginia",1.1182899,1.10826,0.97802001,0.12785,0.075350001,0.11023
51159,"Richmond County, Virginia",0.73539001,0.9382,0.99646997,0.10175,0.02963,0.14523999
51161,"Roanoke County, Virginia",0.84574997,1.19218,0.97939998,0.074029997,0.01047,0.1009
51163,"Rockbridge, Virginia",0.78819001,0.83636999,0.99642003,0.051430002,0.01028,0.12645
51165,"Rockingham, Virginia",0.82757998,0.87365001,0.98903,0.065959997,0.02038,0.10808
51167,"Russell, Virginia",0.63954997,0.57062,0.99665999,0.058290001,0.01469,0.12921999
51169,"Scott, Virginia",0.65649003,0.56743997,0.99422997,0.13891,0.01609,0.12922999
51171,"Shenandoah, Virginia",0.89308,0.86184001,0.99256003,0.075889997,0.01998,0.11386
51173,"Smyth, Virginia",0.60777998,0.63226998,0.99689001,0.063510001,0.01543,0.12843999
51175,"Southampton, Virginia",0.72742999,0.96411997,0.99485999,0.044780001,0.0113,0.12887
51177,"Spotsylvania, Virginia",0.99290001,1.40449,0.96779001,0.064790003,0.0089499997,0.085079998
51179,"Stafford, Virginia",1.09514,1.52992,0.92376,0.072980002,0.01143,0.082039997
51181,"Surry, Virginia",0.87603998,0.94981003,0.98430997,0.056030001,0.04933,0.1175
51183,"Sussex, Virginia",0.71425998,,0.99177998,0.047680002,0.024730001,0.12136
51185,"Tazewell, Virginia",0.69266999,0.72846001,0.99651003,0.068889998,0.0184,0.12412
51187,"Warren, Virginia",0.95218003,1.0613101,0.98412001,0.07728,0.01798,0.10376
51191,"Washington, Virginia",0.71915001,0.76222003,0.98807001,0.05926,0.02011,0.10702
51193,"Westmoreland, Virginia",0.84639001,0.94301999,0.99111003,0.05288,0.024909999,0.12342
51195,"Wise, Virginia",0.61698002,0.61363,0.99734998,0.097460002,0.01459,0.12335
51197,"Wythe, Virginia",0.70653999,0.72569001,0.99888003,0.054579999,0.019239999,0.12367
51199,"York, Virginia",1.0395401,1.4603601,0.926,0.068949997,0.02093,0.085639998
51510,"Alexandria, Virginia",1.1665699,1.1709599,0.82876003,0.073430002,0.02564,0.081600003
51520,"Bristol, Virginia",0.65881002,0.71679002,0.96632999,0.072700001,0.021570001,0.09708
51550,"Chesapeake, Virginia",0.86219001,1.24816,0.95046002,0.048579998,0.0122,0.084789999
51630,"Fredericksburg, Virginia",0.95475,1.21964,0.91903001,0.060059998,0.041409999,0.085170001
51650,"Hampton, Virginia",0.77201003,1.0793101,0.97161001,0.043579999,0.01265,0.088179998
51660,"Harrisonburg, Virginia",0.75871998,0.93418998,0.98188001,0.070390001,0.02293,0.09843
51680,"Lynchburg, Virginia",0.81634003,0.84728998,0.99096,0.070469998,0.01902,0.10134
51683,"Manassas, Virginia",0.87203997,1.33261,0.91411,0.039170001,0.01811,0.08929
51700,"Newport News, Virginia",0.72425002,1.00055,0.97926003,0.039900001,0.01385,0.088610001
51710,"Norfolk, Virginia",0.74779999,0.86650997,0.97412002,0.044799998,0.017829999,0.087080002
51735,"Poquoson, Virginia",1.08648,1.5094399,0.97657001,0.080059998,0.01516,0.096160002
51740,"Portsmouth, Virginia",0.68109,0.81128001,0.98307002,0.036910001,0.0083499998,0.092929997
51750,"Radford, Virginia",0.94036001,1.02991,0.95977998,0.10399,0.02035,0.10925
51760,"Richmond City, Virginia",0.71754998,0.5011,0.97595,0.074720003,0.02341,0.0898
51770,"Roanoke City, Virginia",0.66887999,0.61835003,0.98918003,0.066820003,0.022430001,0.10257
51800,"Suffolk, Virginia",0.76181,1.1200401,0.97661,0.049430002,0.01105,0.097329997
51810,"Virginia Beach, Virginia",0.97580999,1.27184,0.96894002,0.052560002,0.01297,0.082199998
51840,"Winchester, Virginia",0.87470001,0.99979001,0.96406001,0.064120002,0.026079999,0.095370002
53001,"Adams, Washington",0.57655001,0.84548998,0.99232,0.02956,0.01479,0.11549
53003,"Asotin, Washington",0.77544999,1.02713,0.98677999,0.11227,0.01709,0.10841
53005,"Benton, Washington",0.84521002,1.22795,0.97798002,0.078270003,0.01229,0.086230002
53007,"Chelan, Washington",0.78862,1.00073,0.98846,0.056400001,0.025490001,0.10169
53009,"Clallam, Washington",0.81461,0.89832002,0.99638999,0.11834,0.025180001,0.1196
53011,"Clark, Washington",0.95416999,1.15286,0.96763003,0.10849,0.01287,0.085490003
53013,"Columbia, Washington",0.89323002,,0.99312001,0.075110003,0.038520001,0.11412
53015,"Cowlitz, Washington",0.80116999,0.98571998,0.98873001,0.10189,0.01527,0.095880002
53017,"Douglas, Washington",0.72619998,0.88406003,0.97952002,0.04727,0.01111,0.10383
53019,"Ferry, Washington",0.75190002,0.73870999,0.99645001,0.11362,0.04504,0.13411
53021,"Franklin, Washington",0.63029999,0.77561998,0.96538001,0.058400001,0.0075099999,0.087010004
53023,"Garfield, Washington",0.89845997,,0.99252999,0.1603,0.0471,0.11034
53025,"Grant, Washington",0.66772997,0.91456002,0.99146003,0.042010002,0.01261,0.10463
53027,"Grays Harbor, Washington",0.71723998,0.85909998,0.99522001,0.064939998,0.02011,0.11472
53029,"Island, Washington",1.10506,1.23142,0.96372998,0.087800004,0.02293,0.090060003
53031,"Jefferson, Washington",0.98638999,0.90922999,0.99050999,0.13629,0.04425,0.10196
53033,"King, Washington",1.05981,1.05786,0.95573002,0.081029996,0.01436,0.086910002
53035,"Kitsap, Washington",1.0187,1.20435,0.97508001,0.093510002,0.0146,0.08715
53037,"Kittitas, Washington",1.06787,1.1079,0.98697001,0.082050003,0.0266,0.10658
53039,"Klickitat, Washington",0.84938002,0.71272999,0.98528999,0.10251,0.02894,0.10591
53041,"Lewis, Washington",0.79364997,0.89011002,0.98645002,0.096989997,0.017279999,0.09849
53043,"Lincoln, Washington",0.96564001,1.0261101,0.98290998,0.095420003,0.027760001,0.10086
53045,"Mason, Washington",0.79365999,0.88331002,0.98105001,0.075929999,0.01675,0.10166
53047,"Okanogan, Washington",0.67690003,0.76662999,0.99602997,0.11273,0.026219999,0.12605999
53049,"Pacific, Washington",0.79742002,0.69853002,0.99273998,0.087459996,0.02826,0.12577
53051,"Pend Oreille, Washington",0.77293003,0.86684,0.98049998,0.10379,0.026000001,0.10205
53053,"Pierce, Washington",0.96635002,1.1661201,0.96215999,0.073799998,0.01162,0.083360001
53055,"San Juan, Washington",1.10831,1.05357,0.99316001,0.18526,0.057530001,0.1113
53057,"Skagit, Washington",0.89818001,1.0398099,0.98446,0.072669998,0.01946,0.099420004
53059,"Skamania, Washington",0.87009001,0.82929999,0.99097002,0.097800002,0.031610001,0.11996
53061,"Snohomish, Washington",1.1969,1.1161,0.95925999,0.069159999,0.0086000003,0.086319998
53063,"Spokane, Washington",0.87164003,1.0367301,0.97685999,0.074429996,0.014,0.086329997
53065,"Stevens, Washington",0.79434001,0.87018001,0.98518002,0.090599999,0.021299999,0.10879
53067,"Thurston, Washington",0.95962,1.1808,0.96218002,0.094149999,0.01809,0.086350001
53069,"Wahkiakum, Washington",0.92339998,,0.98795998,0.074879996,0.04067,0.11324
53071,"Walla Walla, Washington",0.79860997,0.93564999,0.99015999,0.060940001,0.02193,0.10034
53073,"Whatcom, Washington",1.02012,1.12516,0.98319,0.14889,0.02142,0.099869996
53075,"Whitman, Washington",1.14211,1.3342,0.96055001,0.080030002,0.03059,0.10566
53077,"Yakima, Washington",0.60228002,0.74864,0.98995,0.04442,0.0092799999,0.093120001
54001,"Barbour, West Virginia",0.75783998,0.39089999,0.99549001,0.078869998,0.01781,0.13323
54003,"Berkeley, West Virginia",0.91837001,0.71661001,0.98435998,0.077540003,0.0121,0.092560001
54005,"Boone, West Virginia",0.73480999,0.38468,0.99760002,0.10344,0.01119,0.14326
54007,"Braxton, West Virginia",0.73951,0.4375,0.99803001,0.059670001,0.01671,0.14433999
54009,"Brooke, West Virginia",0.85009998,0.47997999,0.99379998,0.082319997,0.023490001,0.12039
54011,"Cabell, West Virginia",0.78292,0.48833999,0.98838001,0.087810002,0.018209999,0.098999999
54013,"Calhoun, West Virginia",0.72855002,,0.99975002,0.078270003,0.01491,0.15094
54015,"Clay, West Virginia",0.69367999,0.36083999,0.99791998,0.05751,0.019889999,0.14638001
54017,"Doddridge, West Virginia",0.80581999,,0.99033999,0.11282,0.027140001,0.13202
54019,"Fayette, West Virginia",0.71179998,0.37105,0.99577999,0.077909999,0.017209999,0.11903
54021,"Gilmer, West Virginia",0.78750002,,0.99552,0.086669996,0.01147,0.14069
54023,"Grant, West Virginia",0.82637,0.36886999,0.99879003,0.097829998,0.01454,0.16500001
54025,"Greenbrier, West Virginia",0.72649997,0.33667001,0.99844003,0.11121,0.02196,0.12823001
54027,"Hampshire, West Virginia",0.80567002,0.34027001,0.99419999,0.072970003,0.01564,0.12045
54029,"Hancock, West Virginia",0.81032997,0.47823,0.99135,0.05796,0.01387,0.11854
54031,"Hardy, West Virginia",0.78469002,0.33318999,0.99651003,0.1089,0.01694,0.14469001
54033,"Harrison, West Virginia",0.83278,0.54460001,0.99344999,0.10295,0.0136,0.11121
54035,"Jackson, West Virginia",0.81516999,0.48387,0.99702001,0.095899999,0.0163,0.13042
54037,"Jefferson, West Virginia",1.02248,1.03576,0.97781998,0.11936,0.018370001,0.095150001
54039,"Kanawha, West Virginia",0.78057998,0.52495003,0.99211001,0.081239998,0.01914,0.1035
54041,"Lewis, West Virginia",0.76216,0.40059999,0.99642003,0.088030003,0.0136,0.13218001
54043,"Lincoln, West Virginia",0.68465,0.30458,0.99686003,0.064060003,0.0069300001,0.13297001
54045,"Logan, West Virginia",0.76949,0.3488,1.0,0.054529998,0.01263,0.14374
54047,"McDowell, West Virginia",0.61795002,0.28244999,0.99668002,0.03999,0.01271,0.15095
54049,"Marion, West Virginia",0.85907,0.55256999,0.99212003,0.09595,0.01592,0.11576
54051,"Marshall, West Virginia",0.81603998,0.46338999,0.99507999,0.11431,0.01496,0.12538999
54053,"Mason, West Virginia",0.75542998,0.42943001,0.99677998,0.09166,0.01651,0.12904
54055,"Mercer, West Virginia",0.69611001,0.39265001,0.99803001,0.06323,0.01675,0.11374
54057,"Mineral, West Virginia",0.78760999,0.34481999,0.99514002,0.11009,0.01371,0.12732001
54059,"Mingo, West Virginia",0.72046,0.30379,0.99605,0.066320002,0.01102,0.13245
54061,"Monongalia, West Virginia",1.04337,0.74487001,0.98465002,0.089400001,0.01487,0.10745
54063,"Monroe, West Virginia",0.73977,0.36919001,0.99567997,0.11547,0.0143,0.13873
54065,"Morgan, West Virginia",0.94422001,0.48359999,0.98953998,0.067570001,0.02461,0.11718
54067,"Nicholas, West Virginia",0.72352999,0.35427999,0.99957001,0.091779999,0.01439,0.13423
54069,"Ohio, West Virginia",0.84407997,0.69862998,0.99438,0.14071999,0.021640001,0.1133
54071,"Pendleton, West Virginia",0.81923002,,0.99698001,0.14917,0.01908,0.1549
54073,"Pleasants, West Virginia",0.81949002,0.58375001,0.99558002,0.092239998,0.01478,0.13755
54075,"Pocahontas, West Virginia",0.72144997,,0.99680001,0.1167,0.031830002,0.14902
54077,"Preston, West Virginia",0.80150998,0.44056001,0.99619001,0.10343,0.01346,0.12396
54079,"Putnam, West Virginia",0.90502,0.76401001,0.98562998,0.087640002,0.016249999,0.10855
54081,"Raleigh, West Virginia",0.77016997,0.44628999,0.99515998,0.069909997,0.01286,0.10791
54083,"Randolph, West Virginia",0.72000998,0.44064,0.99839002,0.20254999,0.01935,0.13321
54085,"Ritchie, West Virginia",0.78837001,0.44035,0.99713999,0.08365,0.01506,0.13818
54087,"Roane, West Virginia",0.73936999,0.40922999,0.99695998,0.08647,0.01448,0.13191999
54089,"Summers, West Virginia",0.74229002,0.30939001,0.99746001,0.093900003,0.021330001,0.13441999
54091,"Taylor, West Virginia",0.82805997,0.4874,0.99418998,0.10374,0.018030001,0.12695999
54093,"Tucker, West Virginia",0.85754001,0.39794999,0.99842,0.15909,0.032930002,0.15344
54095,"Tyler, West Virginia",0.77591002,0.44121,0.99839002,0.081330001,0.027659999,0.14131001
54097,"Upshur, West Virginia",0.73927999,0.35056001,0.99546999,0.084569998,0.01481,0.12396
54099,"Wayne, West Virginia",0.73597997,0.40864,0.99238998,0.066,0.01009,0.12041
54101,"Webster, West Virginia",0.64393002,,0.99836999,0.098279998,0.017240001,0.15812001
54103,"Wetzel, West Virginia",0.75822997,0.43491,0.99879003,0.076559998,0.01169,0.14505
54105,"Wirt, West Virginia",0.76740998,,0.99147999,0.15637,0.0116,0.12371
54107,"Wood, West Virginia",0.76836997,0.54110003,0.99426001,0.087109998,0.01545,0.1018
54109,"Wyoming, West Virginia",0.72426999,0.38482001,0.9975,0.05037,0.0072499998,0.15514
55001,"Adams, Wisconsin",0.86633003,0.64187002,0.98206002,0.072269998,0.01119,0.11242
55003,"Ashland, Wisconsin",0.85315001,0.72452998,0.99716997,0.13025001,0.033640001,0.13897
55005,"Barron, Wisconsin",0.94326001,0.86228001,0.99294001,0.080119997,0.0164,0.11253
55007,"Bayfield, Wisconsin",0.94802999,0.68865001,0.99175,0.10087,0.04397,0.13207
55009,"Brown, Wisconsin",0.89327002,1.01083,0.98544002,0.082450002,0.01158,0.099030003
55011,"Buffalo, Wisconsin",1.10782,0.83427,0.99154001,0.078060001,0.019239999,0.12524
55013,"Burnett, Wisconsin",0.95499003,0.75599998,0.99359,0.09708,0.032880001,0.1225
55015,"Calumet, Wisconsin",1.02194,1.00649,0.98683,0.078900002,0.021059999,0.11705
55017,"Chippewa, Wisconsin",1.0607001,0.87531,0.98710001,0.090599999,0.018689999,0.11343
55019,"Clark, Wisconsin",0.85109001,0.75933999,0.98936999,0.078929998,0.01432,0.12079
55021,"Columbia, Wisconsin",1.04537,1.0075099,0.97915,0.068999998,0.02492,0.11078
55023,"Crawford, Wisconsin",1.0035599,0.78626001,0.99489999,0.10697,0.023879999,0.12519
55025,"Dane, Wisconsin",1.06365,1.20272,0.97448999,0.088959999,0.017410001,0.099579997
55027,"Dodge, Wisconsin",1.00436,0.84750003,0.98609,0.074890003,0.016070001,0.11089
55029,"Door, Wisconsin",1.03837,0.78499001,0.99638999,0.12197,0.044300001,0.12345
55031,"Douglas, Wisconsin",0.95842999,0.80686003,0.98970997,0.075329997,0.01725,0.11405
55033,"Dunn, Wisconsin",1.06998,0.94490999,0.98313999,0.10563,0.023150001,0.10836
55035,"Eau Claire, Wisconsin",1.08832,1.0095299,0.98488998,0.084849998,0.01746,0.104
55037,"Florence, Wisconsin",0.87450999,,0.98561001,0.07124,0.027079999,0.13003001
55039,"Fond du Lac, Wisconsin",0.95112997,0.94546998,0.98802,0.074429996,0.0165,0.10245
55041,"Forest, Wisconsin",0.77784997,0.68106002,0.99816,0.095980003,0.02241,0.14786001
55043,"Grant, Wisconsin",1.0685199,0.80268002,0.9957,0.072279997,0.02317,0.12366
55045,"Green, Wisconsin",0.97666001,0.98193002,0.99422002,0.078210004,0.02152,0.11796
55047,"Green Lake, Wisconsin",0.95270002,0.78062999,0.98404002,0.074529998,0.018139999,0.11271
55049,"Iowa, Wisconsin",1.10043,0.91241997,0.98982,0.082549997,0.027969999,0.11948
55051,"Iron, Wisconsin",0.87535,,0.99504,0.11633,0.033690002,0.1418
55053,"Jackson, Wisconsin",0.86918002,0.83041,0.99554002,0.16434,0.02321,0.1245
55055,"Jefferson, Wisconsin",0.99965,1.04225,0.98115999,0.086089998,0.019440001,0.10513
55057,"Juneau, Wisconsin",0.92733997,0.80725998,0.99094999,0.078029998,0.02321,0.11493
55059,"Kenosha, Wisconsin",0.86063999,1.1454099,0.98628998,0.088639997,0.01171,0.091839999
55061,"Kewaunee, Wisconsin",1.0058,0.88314998,0.99217999,0.08783,0.01675,0.13163
55063,"La Crosse, Wisconsin",1.0507801,1.03126,0.99028999,0.061209999,0.018449999,0.10749
55065,"Lafayette, Wisconsin",0.96307999,0.84516001,0.99258,0.05373,0.01969,0.12815
55067,"Langlade, Wisconsin",0.87269002,0.67413002,0.99449003,0.10135,0.01763,0.1199
55069,"Lincoln, Wisconsin",0.97943002,0.81118,0.99269998,0.095559999,0.017759999,0.1266
55071,"Manitowoc, Wisconsin",0.92535001,0.87458003,0.99436998,0.082800001,0.016240001,0.11567
55073,"Marathon, Wisconsin",1.00313,0.96275997,0.99135,0.08061,0.01709,0.109
55075,"Marinette, Wisconsin",0.84467,0.78991002,0.99461001,0.14281,0.01692,0.12286
55077,"Marquette, Wisconsin",0.94354999,0.66779,0.9799,0.14153001,0.0285,0.11216
55078,"Menominee, Wisconsin",0.42918,,0.99991,0.10263,0.03081,0.18934999
55079,"Milwaukee, Wisconsin",0.65169001,0.78495997,0.98699999,0.088430002,0.01091,0.081090003
55081,"Monroe, Wisconsin",0.82455999,0.85228997,0.99094999,0.065119997,0.017689999,0.11846
55083,"Oconto, Wisconsin",0.95240998,0.81475002,0.99035001,0.12078,0.02108,0.12459
55085,"Oneida, Wisconsin",0.95907003,0.74101001,0.99453002,0.075510003,0.028580001,0.12451
55087,"Outagamie, Wisconsin",1.05121,1.06777,0.98009998,0.07429,0.01446,0.10238
55089,"Ozaukee, Wisconsin",1.23888,1.28666,0.96846998,0.10297,0.02334,0.10032
55091,"Pepin, Wisconsin",1.16372,,0.99431998,0.0823,0.02816,0.12926
55093,"Pierce, Wisconsin",1.20155,1.11228,0.98193002,0.090010002,0.01701,0.11314
55095,"Polk, Wisconsin",1.08313,0.90240997,0.98988003,0.10561,0.0264,0.11388
55097,"Portage, Wisconsin",1.06637,0.96560001,0.98943001,0.10022,0.02159,0.10721
55099,"Price, Wisconsin",0.96502,0.73285002,0.99528998,0.10789,0.036079999,0.12938
55101,"Racine, Wisconsin",0.80355,1.0293601,0.98870999,0.081,0.01183,0.098109998
55103,"Richland, Wisconsin",0.94902998,0.75387001,0.99409002,0.090999998,0.024350001,0.12605
55105,"Rock, Wisconsin",0.84823,0.84917003,0.99053001,0.077959999,0.01381,0.10631
55107,"Rusk, Wisconsin",0.9048,0.61154002,0.99564999,0.10193,0.028030001,0.12598
55109,"St. Croix, Wisconsin",1.21556,1.2388999,0.97615999,0.077490002,0.01843,0.10537
55111,"Sauk, Wisconsin",0.95249999,0.81998003,0.98896998,0.080739997,0.019610001,0.11223
55113,"Sawyer, Wisconsin",0.75729001,0.67874998,0.99583,0.058309998,0.027650001,0.13822
55115,"Shawano, Wisconsin",0.88507003,0.85545999,0.99369001,0.085510001,0.01812,0.12552001
55117,"Sheboygan, Wisconsin",0.96547002,0.9375,0.99387997,0.12820999,0.017689999,0.10606
55119,"Taylor, Wisconsin",0.99690998,0.73202997,0.99713999,0.088059999,0.024250001,0.13084
55121,"Trempealeau, Wisconsin",0.83706999,0.93728,0.99360001,0.079020001,0.015790001,0.12898
55123,"Vernon, Wisconsin",1.08065,0.73026001,0.98930001,0.077519998,0.02878,0.11732
55125,"Vilas, Wisconsin",0.8926,0.85922998,0.99418002,0.074969999,0.048470002,0.13897
55127,"Walworth, Wisconsin",0.98013002,1.0053999,0.98483998,0.078929998,0.0272,0.10758
55129,"Washburn, Wisconsin",0.94177002,0.69374001,0.98966002,0.083590001,0.034880001,0.11348
55131,"Washington, Wisconsin",1.16124,1.14758,0.97451001,0.089840002,0.01159,0.099239998
55133,"Waukesha, Wisconsin",1.16272,1.22708,0.96109998,0.095969997,0.015699999,0.09516
55135,"Waupaca, Wisconsin",0.96855998,0.83890998,0.99061,0.075850002,0.0188,0.11569
55137,"Waushara, Wisconsin",0.86504,0.78122997,0.98509997,0.09059,0.0266,0.10833
55139,"Winnebago, Wisconsin",1.01756,0.96476001,0.97588003,0.093350001,0.01424,0.099189997
55141,"Wood, Wisconsin",0.97869998,0.88217002,0.99119002,0.072570004,0.01815,0.11121
56001,"Albany, Wyoming",1.17079,1.2432801,0.97738999,0.11177,0.028999999,0.10058
56003,"Big Horn, Wyoming",0.96328002,0.85433,0.99264997,0.088359997,0.018309999,0.11153
56005,"Campbell, Wyoming",0.9569,1.13651,0.99462998,0.084370002,0.01312,0.096979998
56007,"Carbon, Wyoming",0.91947001,1.10467,0.99748999,0.08343,0.02527,0.11294
56009,"Converse, Wyoming",0.97887999,1.02905,0.99432999,0.073880002,0.02454,0.10675
56011,"Crook, Wyoming",1.10146,1.04717,0.98756999,0.071160004,0.04606,0.10897
56013,"Fremont, Wyoming",0.74199998,0.85083997,0.99804002,0.09285,0.026179999,0.11563
56015,"Goshen, Wyoming",0.97428,0.94047999,0.99643999,0.07147,0.02726,0.10935
56017,"Hot Springs, Wyoming",1.01328,0.97538,0.99671,0.16169,0.038139999,0.10655
56019,"Johnson, Wyoming",1.07875,0.90035999,0.99422002,0.094850004,0.043280002,0.11048
56021,"Laramie, Wyoming",0.92404997,1.10312,0.98686999,0.072219998,0.02152,0.087240003
56023,"Lincoln, Wyoming",1.0795799,1.1526099,0.99462003,0.082939997,0.021779999,0.11739
56025,"Natrona, Wyoming",0.91293001,1.06357,0.99238002,0.065130003,0.01706,0.090070002
56027,"Niobrara, Wyoming",0.9745,,0.99638999,0.27136001,0.036680002,0.11242
56029,"Park, Wyoming",1.0431401,1.05488,0.99308002,0.098049998,0.033720002,0.10086
56031,"Platte, Wyoming",0.93796998,0.99835998,0.99487001,0.11556,0.03167,0.11198
56033,"Sheridan, Wyoming",0.99321002,0.94094998,0.99452001,0.059560001,0.039310001,0.1022
56035,"Sublette, Wyoming",1.0839601,1.02694,0.99432999,0.11478,0.03373,0.098080002
56037,"Sweetwater, Wyoming",0.96235001,1.14781,0.9971,0.073210001,0.01225,0.10809
56039,"Teton, Wyoming",1.07623,1.23113,0.98648,0.09747,0.032230001,0.092529997
56041,"Uinta, Wyoming",0.95451999,1.0459501,0.99479002,0.069420002,0.01222,0.11204
56043,"Washakie, Wyoming",0.90666997,0.90793997,0.99708003,0.058430001,0.035119999,0.11592
56045,"Weston, Wyoming",0.97839999,1.09118,0.99730003,0.13635001,0.02375,0.11927
