State,County,Year,Population,Violent Crime,Property Crime,Violent Crime Rate,Property Crime Rate
Alabama,Autauga,2020,58914.0,59.0,267.0,100.15,453.2
Alabama,Cherokee,2020,24978.0,67.0,313.0,268.24,1253.1
Alabama,Clarke,2020,22982.0,42.0,53.0,182.75,230.62
Alabama,Marengo,2020,19266.0,26.0,88.0,134.95,456.76
Arizona,Mohave,2020,214167.0,153.0,1637.0,71.44,764.36
Arizona,Pima,2020,1045245.0,922.0,7020.0,88.21,671.61
Arizona,Pinal,2020,430231.0,269.0,1438.0,62.52,334.24
Arizona,Yavapai,2020,237223.0,193.0,837.0,81.36,352.83
Arizona,Yuma,2020,205618.0,155.0,830.0,75.38,403.66
Arizona,Gila,2020,53338.0,186.0,370.0,348.72,693.69
Arizona,Graham,2020,38626.0,9.0,98.0,23.3,253.72
Arizona,Greenlee,2020,9531.0,4.0,27.0,41.97,283.29
Arizona,Navajo,2020,106748.0,46.0,261.0,43.09,244.5
Arizona,Santa Cruz,2020,47711.0,3.0,104.0,6.29,217.98
Arkansas,Benton,2020,286597.0,149.0,494.0,51.99,172.37
Arkansas,Cleveland,2020,7551.0,40.0,111.0,529.73,1470.0
Arkansas,Craighead,2020,111624.0,55.0,305.0,49.27,273.24
Arkansas,Crawford,2020,60164.0,46.0,214.0,76.46,355.69
Arkansas,Crittenden,2020,48076.0,158.0,236.0,328.65,490.89
Arkansas,Faulkner,2020,123830.0,155.0,791.0,125.17,638.78
Arkansas,Franklin,2020,17131.0,63.0,144.0,367.75,840.58
Arkansas,Garland,2020,100259.0,295.0,1299.0,294.24,1295.64
Arkansas,Grant,2020,18016.0,19.0,212.0,105.46,1176.73
Arkansas,Jefferson,2020,66825.0,121.0,359.0,181.07,537.22
Arkansas,Lincoln,2020,12893.0,3.0,28.0,23.27,217.17
Arkansas,Little River,2020,11978.0,24.0,67.0,200.37,559.36
Arkansas,Lonoke,2020,74065.0,108.0,471.0,145.82,635.93
Arkansas,Madison,2020,16555.0,63.0,111.0,380.55,670.49
Arkansas,Miller,2020,42586.0,54.0,198.0,126.8,464.94
Arkansas,Perry,2020,9996.0,39.0,93.0,390.16,930.37
Arkansas,Poinsett,2020,22953.0,50.0,118.0,217.84,514.09
Arkansas,Pulaski,2020,399252.0,641.0,1595.0,160.55,399.5
Arkansas,Saline,2020,123830.0,185.0,649.0,149.4,524.11
Arkansas,Sebastian,2020,127807.0,51.0,141.0,39.9,110.32
Arkansas,Washington,2020,246756.0,190.0,571.0,77.0,231.4
Arkansas,Arkansas,2020,17106.0,22.0,78.0,128.61,455.98
Arkansas,Ashley,2020,18959.0,23.0,113.0,121.31,596.02
Arkansas,Baxter,2020,41692.0,66.0,493.0,158.3,1182.48
Arkansas,Boone,2020,37386.0,195.0,205.0,521.59,548.33
Arkansas,Bradley,2020,10501.0,14.0,49.0,133.32,466.62
Arkansas,Calhoun,2020,4738.0,13.0,50.0,274.38,1055.3
Arkansas,Carroll,2020,28245.0,41.0,149.0,145.16,527.53
Arkansas,Chicot,2020,10154.0,4.0,78.0,39.39,768.17
Arkansas,Clark,2020,21404.0,12.0,56.0,56.06,261.63
Arkansas,Cleburne,2020,24712.0,153.0,311.0,619.13,1258.5
Arkansas,Columbia,2020,22747.0,41.0,81.0,180.24,356.09
Arkansas,Conway,2020,20733.0,56.0,217.0,270.1,1046.64
Arkansas,Drew,2020,17321.0,21.0,117.0,121.24,675.48
Arkansas,Fulton,2020,12052.0,25.0,59.0,207.43,489.55
Arkansas,Hempstead,2020,19993.0,41.0,138.0,205.07,690.24
Arkansas,Howard,2020,12760.0,18.0,29.0,141.07,227.27
Arkansas,Independence,2020,37941.0,196.0,421.0,516.59,1109.62
Arkansas,Izard,2020,13604.0,60.0,192.0,441.05,1411.35
Arkansas,Jackson,2020,16742.0,37.0,133.0,221.0,794.41
Arkansas,Johnson,2020,25721.0,81.0,94.0,314.92,365.46
Arkansas,Lee,2020,8582.0,11.0,110.0,128.18,1281.75
Arkansas,Logan,2020,21108.0,53.0,171.0,251.09,810.12
Arkansas,Mississippi,2020,40535.0,37.0,319.0,91.28,786.97
Arkansas,Monroe,2020,6769.0,7.0,22.0,103.41,325.01
Arkansas,Nevada,2020,8284.0,12.0,23.0,144.86,277.64
Arkansas,Pike,2020,10158.0,26.0,133.0,255.96,1309.31
Arkansas,Polk,2020,19186.0,61.0,59.0,317.94,307.52
Arkansas,Pope,2020,63414.0,84.0,259.0,132.46,408.43
Arkansas,Prairie,2020,8247.0,4.0,55.0,48.5,666.91
Arkansas,Randolph,2020,18593.0,30.0,107.0,161.35,575.49
Arkansas,Scott,2020,9828.0,25.0,49.0,254.38,498.58
Arkansas,Searcy,2020,7845.0,16.0,15.0,203.95,191.2
Arkansas,Sevier,2020,15778.0,20.0,61.0,126.76,386.61
Arkansas,St. Francis,2020,23019.0,35.0,164.0,152.05,712.45
Arkansas,Union,2020,38942.0,61.0,238.0,156.64,611.17
Arkansas,Van Buren,2020,15803.0,43.0,151.0,272.1,955.51
Arkansas,White,2020,76854.0,207.0,672.0,269.34,874.39
Arkansas,Yell,2020,20218.0,52.0,148.0,257.2,732.02
California,Alameda,2020,1680489.0,700.0,2286.0,41.65,136.03
California,Butte,2020,210204.0,341.0,1120.0,162.22,532.82
California,Contra Costa,2020,1166249.0,298.0,1178.0,25.55,101.01
California,El Dorado,2020,191237.0,219.0,1735.0,114.52,907.25
California,Fresno,2020,1009563.0,1137.0,3035.0,112.62,300.63
California,Imperial,2020,179532.0,200.0,711.0,111.4,396.03
California,Kern,2020,905960.0,3369.0,8708.0,371.87,961.19
California,Kings,2020,152813.0,103.0,377.0,67.4,246.71
California,Los Angeles,2020,9996510.0,5605.0,15554.0,56.07,155.59
California,Madera,2020,156396.0,231.0,673.0,147.7,430.32
California,Marin,2020,261337.0,90.0,812.0,34.44,310.71
California,Merced,2020,282895.0,467.0,1357.0,165.08,479.68
California,Monterey,2020,440493.0,221.0,1084.0,50.17,246.09
California,Napa,2020,137481.0,57.0,336.0,41.46,244.4
California,Orange,2020,3186167.0,254.0,909.0,7.97,28.53
California,Placer,2020,405971.0,220.0,952.0,54.19,234.5
California,Riverside,2020,2424446.0,964.0,6901.0,39.76,284.64
California,Sacramento,2020,1586769.0,2579.0,7753.0,162.53,488.6
California,San Benito,2020,64525.0,33.0,158.0,51.14,244.87
California,San Bernardino,2020,2183200.0,1859.0,3251.0,85.15,148.91
California,San Diego,2020,3301110.0,1435.0,3894.0,43.47,117.96
California,San Joaquin,2020,780618.0,822.0,2652.0,105.3,339.73
California,San Luis Obispo,2020,282257.0,260.0,1065.0,92.11,377.32
California,San Mateo,2020,762639.0,319.0,2896.0,41.83,379.73
California,Santa Barbara,2020,448325.0,225.0,1616.0,50.19,360.45
California,Santa Clara,2020,1931349.0,323.0,1296.0,16.72,67.1
California,Santa Cruz,2020,271758.0,315.0,1566.0,115.91,576.25
California,Shasta,2020,182191.0,393.0,666.0,215.71,365.55
California,Solano,2020,452895.0,115.0,419.0,25.39,92.52
California,Sonoma,2020,488514.0,586.0,986.0,119.96,201.84
California,Stanislaus,2020,553702.0,436.0,1171.0,78.74,211.49
California,Sutter,2020,99463.0,69.0,530.0,69.37,532.86
California,Tulare,2020,473915.0,344.0,1884.0,72.59,397.54
California,Ventura,2020,843793.0,98.0,730.0,11.61,86.51
California,Yolo,2020,217760.0,64.0,266.0,29.39,122.15
California,Yuba,2020,81996.0,256.0,880.0,312.21,1073.22
California,Alpine,2020,1180.0,19.0,13.0,1610.17,1101.69
California,Amador,2020,40567.0,90.0,312.0,221.86,769.1
California,Calaveras,2020,45349.0,146.0,557.0,321.95,1228.25
California,Colusa,2020,21858.0,24.0,165.0,109.8,754.87
California,Del Norte,2020,27619.0,121.0,313.0,438.1,1133.28
California,Glenn,2020,28889.0,128.0,288.0,443.08,996.92
California,Humboldt,2020,136298.0,288.0,967.0,211.3,709.47
California,Inyo,2020,18989.0,101.0,165.0,531.89,868.92
California,Lake,2020,68208.0,193.0,465.0,282.96,681.74
California,Lassen,2020,32349.0,70.0,106.0,216.39,327.68
California,Mariposa,2020,17130.0,61.0,183.0,356.1,1068.3
California,Mendocino,2020,91348.0,187.0,664.0,204.71,726.89
California,Modoc,2020,8679.0,23.0,31.0,265.01,357.18
California,Mono,2020,13222.0,21.0,58.0,158.83,438.66
California,Nevada,2020,102280.0,116.0,342.0,113.41,334.38
California,Plumas,2020,19745.0,159.0,282.0,805.27,1428.21
California,Sierra,2020,3226.0,4.0,17.0,123.99,526.97
California,Siskiyou,2020,43983.0,98.0,154.0,222.81,350.14
California,Tehama,2020,65760.0,161.0,384.0,244.83,583.94
California,Trinity,2020,16099.0,82.0,147.0,509.35,913.1
California,Tuolumne,2020,55369.0,205.0,603.0,370.24,1089.06
Colorado,Adams,2020,520411.0,620.0,3151.0,119.14,605.48
Colorado,Arapahoe,2020,655269.0,221.0,2352.0,33.73,358.94
Colorado,Boulder,2020,330982.0,80.0,760.0,24.17,229.62
Colorado,Clear Creek,2020,9358.0,9.0,50.0,96.17,534.3
Colorado,Douglas,2020,360315.0,326.0,2426.0,90.48,673.3
Colorado,Elbert,2020,26211.0,12.0,11.0,45.78,41.97
Colorado,El Paso,2020,733721.0,545.0,2334.0,74.28,318.1
Colorado,Gilpin,2020,5817.0,11.0,84.0,189.1,1444.04
Colorado,Mesa,2020,156007.0,193.0,1370.0,123.71,878.17
Colorado,Park,2020,17425.0,38.0,45.0,218.08,258.25
Colorado,Pueblo,2020,168334.0,35.0,,20.79,
Colorado,Teller,2020,24746.0,31.0,80.0,125.27,323.28
Colorado,Weld,2020,331434.0,204.0,809.0,61.55,244.09
Colorado,Bent,2020,5472.0,17.0,112.0,310.67,2046.78
Colorado,Chaffee,2020,19486.0,5.0,97.0,25.66,497.79
Colorado,Cheyenne,2020,1746.0,1.0,5.0,57.27,286.37
Colorado,Conejos,2020,7457.0,6.0,38.0,80.46,509.59
Colorado,Crowley,2020,5707.0,5.0,60.0,87.61,1051.34
Colorado,Custer,2020,4724.0,12.0,79.0,254.02,1672.31
Colorado,Delta,2020,31062.0,12.0,222.0,38.63,714.7
Colorado,Dolores,2020,2331.0,4.0,11.0,171.6,471.9
Colorado,Eagle,2020,55657.0,30.0,110.0,53.9,197.64
Colorado,Fremont,2020,48880.0,39.0,174.0,79.79,355.97
Colorado,Garfield,2020,61793.0,58.0,244.0,93.86,394.87
Colorado,Gunnison,2020,16950.0,3.0,25.0,17.7,147.49
Colorado,Hinsdale,2020,789.0,0.0,4.0,0.0,506.97
Colorado,Huerfano,2020,6824.0,22.0,158.0,322.39,2315.36
Colorado,Jackson,2020,1379.0,6.0,24.0,435.1,1740.39
Colorado,Kiowa,2020,1453.0,0.0,4.0,0.0,275.29
Colorado,La Plata,2020,55679.0,32.0,285.0,57.47,511.86
Colorado,Las Animas,2020,14491.0,5.0,72.0,34.5,496.86
Colorado,Logan,2020,21221.0,21.0,101.0,98.96,475.94
Colorado,Mineral,2020,870.0,0.0,0.0,0.0,0.0
Colorado,Moffat,2020,13267.0,8.0,39.0,60.3,293.96
Colorado,Montezuma,2020,25890.0,24.0,149.0,92.7,575.51
Colorado,Montrose,2020,42825.0,36.0,196.0,84.06,457.68
Colorado,Morgan,2020,29080.0,27.0,126.0,92.85,433.29
Colorado,Otero,2020,18659.0,17.0,52.0,91.11,278.69
Colorado,Ouray,2020,4879.0,6.0,26.0,122.98,532.9
Colorado,Phillips,2020,4528.0,1.0,8.0,22.08,176.68
Colorado,Pitkin,2020,17363.0,3.0,26.0,17.28,149.74
Colorado,Prowers,2020,12012.0,9.0,14.0,74.93,116.55
Colorado,Rio Blanco,2020,6522.0,4.0,14.0,61.33,214.66
Colorado,Rio Grande,2020,11538.0,4.0,57.0,34.67,494.02
Colorado,Routt,2020,24837.0,8.0,64.0,32.21,257.68
Colorado,San Juan,2020,710.0,0.0,4.0,0.0,563.38
Colorado,San Miguel,2020,8053.0,8.0,3.0,99.34,37.25
Colorado,Sedgwick,2020,2391.0,1.0,1.0,41.82,41.82
Colorado,Summit,2020,31237.0,39.0,225.0,124.85,720.3
Colorado,Washington,2020,4810.0,7.0,57.0,145.53,1185.03
Colorado,Yuma,2020,9975.0,3.0,62.0,30.08,621.55
Delaware,New Castle County Police Department,2020,570941.0,934.0,4466.0,163.59,782.22
Florida,Alachua,2020,279767.0,911.0,1838.0,325.63,656.98
Florida,Baker,2020,28114.0,131.0,274.0,465.96,974.6
Florida,Bay,2020,174551.0,319.0,1873.0,182.75,1073.04
Florida,Brevard,2020,608765.0,518.0,2925.0,85.09,480.48
Florida,Broward,2020,1943437.0,333.0,507.0,17.13,26.09
Florida,Charlotte,2020,188023.0,278.0,1376.0,147.85,731.83
Florida,Citrus,2020,154563.0,403.0,1926.0,260.74,1246.09
Florida,Clay,2020,218949.0,491.0,2420.0,224.25,1105.28
Florida,Collier,2020,377327.0,837.0,3416.0,221.82,905.32
Florida,Escambia,2020,322547.0,1604.0,6782.0,497.29,2102.64
Florida,Flagler,2020,116031.0,216.0,758.0,186.16,653.27
Florida,Gadsden,2020,43427.0,75.0,227.0,172.7,522.72
Florida,Gilchrist,2020,17890.0,24.0,84.0,134.15,469.54
Florida,Hernando,2020,195610.0,440.0,2058.0,224.94,1052.09
Florida,Highlands,2020,101341.0,207.0,1432.0,204.26,1413.05
Florida,Hillsborough,2020,1466246.0,1878.0,8728.0,128.08,595.26
Florida,Indian River,2020,160454.0,156.0,1404.0,97.22,875.02
Florida,Jefferson,2020,14403.0,93.0,136.0,645.7,944.25
Florida,Lake,2020,386221.0,472.0,1933.0,122.21,500.49
Florida,Lee,2020,765575.0,1367.0,4195.0,178.56,547.95
Florida,Leon,2020,293925.0,271.0,1283.0,92.2,436.51
Florida,Levy,2020,43065.0,454.0,429.0,1054.22,996.17
Florida,Manatee,2020,401622.0,1474.0,4342.0,367.01,1081.12
Florida,Marion,2020,377432.0,1094.0,3781.0,289.85,1001.77
Florida,Martin,2020,158656.0,305.0,1409.0,192.24,888.08
Florida,Miami-Dade,2020,2695519.0,6096.0,26907.0,226.15,998.21
Florida,Nassau,2020,91040.0,152.0,900.0,166.96,988.58
Florida,Okaloosa,2020,212082.0,471.0,1902.0,222.08,896.82
Florida,Orange,2020,1431608.0,4564.0,15877.0,318.8,1109.03
Florida,Osceola,2020,391130.0,732.0,3974.0,187.15,1016.03
Florida,Palm Beach,2020,1494203.0,1438.0,8539.0,96.24,571.48
Florida,Pasco,2020,566170.0,1457.0,5516.0,257.34,974.27
Florida,Pinellas,2020,959805.0,512.0,3082.0,53.34,321.11
Florida,Polk,2020,730148.0,1327.0,4500.0,181.74,616.31
Florida,Santa Rosa,2020,189024.0,221.0,1276.0,116.92,675.05
Florida,Sarasota,2020,436262.0,489.0,3844.0,112.09,881.12
Florida,Seminole,2020,471471.0,438.0,1852.0,92.9,392.81
Florida,St. Johns,2020,277119.0,293.0,1654.0,105.73,596.86
Florida,St. Lucie,2020,331453.0,297.0,1072.0,89.61,323.42
Florida,Sumter,2020,130293.0,210.0,783.0,161.18,600.95
Florida,Volusia,2020,555791.0,645.0,1798.0,116.05,323.5
Florida,Wakulla,2020,33917.0,82.0,421.0,241.77,1241.27
Florida,Walton,2020,75899.0,87.0,680.0,114.63,895.93
Florida,Bradford,2020,28235.0,34.0,76.0,120.42,269.17
Florida,Calhoun,2020,13703.0,33.0,78.0,240.82,569.22
Florida,Columbia,2020,69758.0,170.0,802.0,243.7,1149.69
Florida,DeSoto,2020,34093.0,137.0,453.0,401.84,1328.72
Florida,Dixie,2020,16697.0,80.0,139.0,479.13,832.48
Florida,Franklin,2020,12473.0,32.0,211.0,256.55,1691.65
Florida,Glades,2020,12079.0,33.0,93.0,273.2,769.93
Florida,Gulf,2020,14270.0,60.0,159.0,420.46,1114.23
Florida,Hamilton,2020,13733.0,46.0,195.0,334.96,1419.94
Florida,Hardee,2020,25335.0,74.0,283.0,292.09,1117.03
Florida,Hendry,2020,39726.0,117.0,550.0,294.52,1384.48
Florida,Holmes,2020,19591.0,57.0,156.0,290.95,796.28
Florida,Lafayette,2020,8236.0,26.0,21.0,315.69,254.98
Florida,Liberty,2020,7818.0,6.0,54.0,76.75,690.71
Florida,Madison,2020,17863.0,127.0,162.0,710.97,906.9
Florida,Monroe,2020,82851.0,190.0,520.0,229.33,627.63
Florida,Okeechobee,2020,39662.0,194.0,832.0,489.13,2097.73
Florida,Putnam,2020,73383.0,89.0,745.0,121.28,1015.22
Florida,Suwannee,2020,43518.0,157.0,444.0,360.77,1020.27
Florida,Taylor,2020,21756.0,65.0,208.0,298.77,956.06
Florida,Union,2020,15442.0,37.0,97.0,239.61,628.16
Florida,Washington,2020,25324.0,27.0,110.0,106.62,434.37
Georgia,Barrow,2020,84066.0,98.0,968.0,116.58,1151.48
Georgia,Bartow,2020,109283.0,101.0,1373.0,92.42,1256.37
Georgia,Bibb,2020,157054.0,1438.0,5199.0,915.61,3310.33
Georgia,Brantley,2020,18046.0,36.0,349.0,199.49,1933.95
Georgia,Brooks,2020,16271.0,43.0,164.0,264.27,1007.93
Georgia,Bryan,2020,45048.0,60.0,191.0,133.19,423.99
Georgia,Burke,2020,24632.0,36.0,221.0,146.15,897.21
Georgia,Butts,2020,25549.0,34.0,185.0,133.08,724.1
Georgia,Carroll,2020,119394.0,172.0,1094.0,144.06,916.29
Georgia,Catoosa,2020,68034.0,98.0,549.0,144.05,806.95
Georgia,Cherokee,2020,268142.0,144.0,728.0,53.7,271.5
Georgia,Clayton County Police Department,2020,299345.0,1504.0,5565.0,502.43,1859.06
Georgia,Cobb,2020,766385.0,26.0,302.0,3.39,39.41
Georgia,Cobb County Police Department,2020,766385.0,1353.0,7980.0,176.54,1041.25
Georgia,Coweta,2020,146746.0,647.0,841.0,440.9,573.1
Georgia,Crawford,2020,12093.0,23.0,148.0,190.19,1223.85
Georgia,Dougherty,2020,85173.0,1.0,10.0,1.17,11.74
Georgia,Dougherty County Police Department,2020,85173.0,56.0,259.0,65.75,304.09
Georgia,Douglas,2020,144698.0,244.0,1045.0,168.63,722.19
Georgia,Echols,2020,3716.0,3.0,13.0,80.73,349.84
Georgia,Effingham,2020,65180.0,37.0,277.0,56.77,424.98
Georgia,Fayette,2020,119507.0,38.0,323.0,31.8,270.28
Georgia,Floyd,2020,98597.0,14.0,1.0,14.2,1.01
Georgia,Floyd County Police Department,2020,98597.0,183.0,556.0,185.6,563.91
Georgia,Forsyth,2020,252877.0,132.0,1103.0,52.2,436.18
Georgia,Hall,2020,203382.0,274.0,1308.0,134.72,643.12
Georgia,Haralson,2020,30050.0,86.0,340.0,286.19,1131.45
Georgia,Harris,2020,34907.0,5.0,94.0,14.32,269.29
Georgia,Heard,2020,11445.0,21.0,118.0,183.49,1031.02
Georgia,Jasper,2020,14671.0,38.0,162.0,259.01,1104.22
Georgia,Jones,2020,28368.0,45.0,296.0,158.63,1043.43
Georgia,Lanier,2020,9917.0,13.0,106.0,131.09,1068.87
Georgia,Lee,2020,33211.0,66.0,385.0,198.73,1159.25
Georgia,Liberty,2020,65330.0,17.0,165.0,26.02,252.56
Georgia,Long,2020,16256.0,15.0,85.0,92.27,522.88
Georgia,Lowndes,2020,118436.0,141.0,970.0,119.05,819.01
Georgia,Madison,2020,30266.0,74.0,312.0,244.5,1030.86
Georgia,Marion,2020,7529.0,6.0,31.0,79.69,411.74
Georgia,McDuffie,2020,21609.0,40.0,149.0,185.11,689.53
Georgia,Meriwether,2020,20610.0,45.0,158.0,218.34,766.62
Georgia,Murray,2020,39996.0,97.0,422.0,242.52,1055.11
Georgia,Muscogee,2020,207016.0,4.0,3.0,1.93,1.45
Georgia,Newton,2020,112902.0,279.0,1214.0,247.12,1075.27
Georgia,Oglethorpe,2020,14869.0,39.0,125.0,262.29,840.68
Georgia,Paulding,2020,169516.0,375.0,1279.0,221.22,754.5
Georgia,Peach,2020,28059.0,38.0,177.0,135.43,630.81
Georgia,Pickens,2020,33351.0,61.0,227.0,182.9,680.64
Georgia,Pike,2020,18948.0,31.0,170.0,163.61,897.19
Georgia,Spalding,2020,67456.0,142.0,596.0,210.51,883.54
Georgia,Twiggs,2020,8009.0,15.0,107.0,187.29,1336.0
Georgia,Walton,2020,97115.0,40.0,279.0,41.19,287.29
Georgia,Whitfield,2020,102790.0,284.0,1051.0,276.29,1022.47
Georgia,Worth,2020,20719.0,52.0,170.0,250.98,820.5
Georgia,Atkinson,2020,8307.0,23.0,76.0,276.87,914.89
Georgia,Baldwin,2020,43786.0,119.0,527.0,271.78,1203.58
Georgia,Banks,2020,18129.0,37.0,320.0,204.09,1765.13
Georgia,Ben Hill,2020,17166.0,44.0,166.0,256.32,967.03
Georgia,Berrien,2020,18143.0,28.0,151.0,154.33,832.28
Georgia,Bleckley,2020,12515.0,21.0,94.0,167.8,751.1
Georgia,Charlton,2020,12527.0,17.0,55.0,135.71,439.05
Georgia,Chattooga,2020,24927.0,23.0,255.0,92.27,1022.99
Georgia,Clay,2020,2830.0,8.0,31.0,282.69,1095.41
Georgia,Cook,2020,17238.0,17.0,148.0,98.62,858.57
Georgia,Crisp,2020,20058.0,14.0,265.0,69.8,1321.17
Georgia,Decatur,2020,29436.0,32.0,263.0,108.71,893.46
Georgia,Dodge,2020,19949.0,22.0,192.0,110.28,962.45
Georgia,Early,2020,10793.0,15.0,77.0,138.98,713.43
Georgia,Elbert,2020,19666.0,21.0,157.0,106.78,798.33
Georgia,Franklin,2020,23476.0,24.0,207.0,102.23,881.75
Georgia,Gilmer,2020,31420.0,91.0,210.0,289.62,668.36
Georgia,Gordon,2020,57730.0,61.0,437.0,105.66,756.97
Georgia,Grady,2020,26213.0,35.0,300.0,133.52,1144.47
Georgia,Greene,2020,19030.0,35.0,131.0,183.92,688.39
Georgia,Habersham,2020,46112.0,16.0,259.0,34.7,561.68
Georgia,Hancock,2020,8711.0,16.0,48.0,183.68,551.03
Georgia,Irwin,2020,9646.0,8.0,76.0,82.94,787.89
Georgia,Jackson,2020,76765.0,81.0,643.0,105.52,837.62
Georgia,Jeff Davis,2020,14800.0,23.0,63.0,155.41,425.68
Georgia,Jenkins,2020,8660.0,7.0,37.0,80.83,427.25
Georgia,Laurens,2020,49543.0,74.0,418.0,149.37,843.71
Georgia,Lumpkin,2020,33640.0,55.0,235.0,163.5,698.57
Georgia,Mitchell,2020,21676.0,21.0,251.0,96.88,1157.96
Georgia,Pierce,2020,19749.0,48.0,277.0,243.05,1402.6
Georgia,Polk,2020,42929.0,5.0,1.0,11.65,2.33
Georgia,Polk County Police Department,2020,42929.0,44.0,459.0,102.49,1069.21
Georgia,Pulaski,2020,9872.0,35.0,192.0,354.54,1944.89
Georgia,Rabun,2020,16926.0,9.0,170.0,53.17,1004.37
Georgia,Seminole,2020,9129.0,13.0,75.0,142.4,821.56
Georgia,Sumter,2020,29518.0,19.0,104.0,64.37,352.33
Georgia,Tattnall,2020,24328.0,26.0,201.0,106.87,826.21
Georgia,Thomas,2020,45784.0,63.0,409.0,137.6,893.33
Georgia,Tift,2020,41382.0,178.0,592.0,430.14,1430.57
Georgia,Towns,2020,12552.0,14.0,60.0,111.54,478.01
Georgia,Treutlen,2020,6398.0,2.0,47.0,31.26,734.6
Georgia,Turner,2020,8989.0,10.0,60.0,111.25,667.48
Georgia,Union,2020,24808.0,12.0,217.0,48.37,874.72
Georgia,Ware,2020,36237.0,42.0,137.0,115.9,378.07
Georgia,Webster,2020,2352.0,0.0,0.0,0.0,0.0
Georgia,White,2020,28108.0,24.0,91.0,85.38,323.75
Georgia,Wilcox,2020,8787.0,9.0,57.0,102.42,648.69
Georgia,Wilkes,2020,9554.0,94.0,199.0,983.88,2082.9
Georgia,Wilkinson,2020,8832.0,10.0,31.0,113.22,351.0
Hawaii,Hawaii Police Department,2020,200744.0,613.0,4030.0,305.36,2007.53
Hawaii,Kauai Police Department,2020,73210.0,194.0,1083.0,264.99,1479.31
Idaho,Ada,2020,498263.0,243.0,685.0,48.77,137.48
Idaho,Boise,2020,7662.0,29.0,48.0,378.49,626.47
Idaho,Bonneville,2020,124730.0,130.0,654.0,104.23,524.33
Idaho,Butte,2020,2581.0,4.0,5.0,154.98,193.72
Idaho,Canyon,2020,233001.0,152.0,397.0,65.24,170.39
Idaho,Gem,2020,19275.0,14.0,44.0,72.63,228.27
Idaho,Jefferson,2020,31080.0,13.0,143.0,41.83,460.1
Idaho,Jerome,2020,24269.0,34.0,77.0,140.1,317.28
Idaho,Kootenai,2020,172797.0,101.0,750.0,58.45,434.04
Idaho,Nez Perce,2020,42148.0,12.0,49.0,28.47,116.26
Idaho,Owyhee,2020,11993.0,17.0,49.0,141.75,408.57
Idaho,Power,2020,7880.0,16.0,55.0,203.05,697.97
Idaho,Twin Falls,2020,90365.0,51.0,,56.44,
Idaho,Adams,2020,4423.0,9.0,48.0,203.48,1085.24
Idaho,Bear Lake,2020,6365.0,0.0,0.0,0.0,0.0
Idaho,Benewah,2020,9580.0,30.0,53.0,313.15,553.24
Idaho,Bingham,2020,48097.0,29.0,161.0,60.29,334.74
Idaho,Blaine,2020,24341.0,12.0,9.0,49.3,36.97
Idaho,Bonner,2020,47411.0,46.0,252.0,97.02,531.52
Idaho,Boundary,2020,12141.0,12.0,38.0,98.84,312.99
Idaho,Camas,2020,1081.0,2.0,2.0,185.01,185.01
Idaho,Caribou,2020,7013.0,6.0,16.0,85.56,228.15
Idaho,Cassia,2020,24753.0,36.0,228.0,145.44,921.1
Idaho,Clearwater,2020,8758.0,11.0,6.0,125.6,68.51
Idaho,Custer,2020,4269.0,7.0,20.0,163.97,468.49
Idaho,Elmore,2020,28670.0,32.0,13.0,111.61,45.34
Idaho,Fremont,2020,13420.0,18.0,39.0,134.13,290.61
Idaho,Gooding,2020,15647.0,19.0,45.0,121.43,287.6
Idaho,Latah,2020,39633.0,17.0,101.0,42.89,254.84
Idaho,Lemhi,2020,7955.0,7.0,3.0,87.99,37.71
Idaho,Lewis,2020,3534.0,2.0,40.0,56.59,1131.86
Idaho,Lincoln,2020,5137.0,5.0,21.0,97.33,408.8
Idaho,Madison,2020,52950.0,11.0,11.0,20.77,20.77
Idaho,Minidoka,2020,21669.0,9.0,106.0,41.53,489.18
Idaho,Oneida,2020,4564.0,2.0,37.0,43.82,810.69
Idaho,Payette,2020,25577.0,27.0,60.0,105.56,234.59
Idaho,Shoshone,2020,13198.0,29.0,99.0,219.73,750.11
Idaho,Teton,2020,11740.0,13.0,23.0,110.73,195.91
Idaho,Valley,2020,11841.0,19.0,59.0,160.46,498.27
Idaho,Washington,2020,10556.0,10.0,15.0,94.73,142.1
Illinois,Alexander,2020,5172.0,6.0,,116.01,
Illinois,Champaign,2020,206222.0,22.0,,10.67,
Illinois,Clinton,2020,36915.0,6.0,,16.25,
Illinois,Cook,2020,5263651.0,222.0,,4.22,
Illinois,DeKalb,2020,100366.0,24.0,,23.91,
Illinois,Fulton,2020,33562.0,13.0,,38.73,
Illinois,Grundy,2020,52538.0,12.0,,22.84,
Illinois,Henry,2020,49174.0,11.0,,22.37,
Illinois,Jackson,2020,53289.0,34.0,,63.8,
Illinois,Jersey,2020,21493.0,24.0,,111.66,
Illinois,Johnson,2020,13317.0,13.0,,97.62,
Illinois,Kane,2020,516364.0,92.0,,17.82,
Illinois,Kankakee,2020,107402.0,40.0,,37.24,
Illinois,Kendall,2020,132364.0,18.0,,13.6,
Illinois,Lake,2020,713377.0,92.0,,12.9,
Illinois,Macon,2020,103761.0,30.0,,28.91,
Illinois,Macoupin,2020,44929.0,10.0,,22.26,
Illinois,Madison,2020,265746.0,162.0,,60.96,
Illinois,Marshall,2020,11713.0,4.0,,34.15,
Illinois,McHenry,2020,309977.0,66.0,,21.29,
Illinois,McLean,2020,171210.0,36.0,,21.03,
Illinois,Mercer,2020,15637.0,10.0,,63.95,
Illinois,Monroe,2020,34961.0,15.0,,42.9,
Illinois,Peoria,2020,181505.0,85.0,,46.83,
Illinois,Piatt,2020,16688.0,20.0,,119.85,
Illinois,Rock Island,2020,144357.0,40.0,,27.71,
Illinois,Sangamon,2020,196202.0,182.0,,92.76,
Illinois,Stark,2020,5382.0,7.0,,130.06,
Illinois,Tazewell,2020,131300.0,24.0,,18.28,
Illinois,Vermilion,2020,74008.0,54.0,,72.97,
Illinois,Will,2020,696901.0,158.0,,22.67,
Illinois,Winnebago,2020,284939.0,102.0,,35.8,
Illinois,Bureau,2020,33215.0,18.0,,54.19,
Illinois,Carroll,2020,15686.0,6.0,,38.25,
Illinois,Christian,2020,33960.0,10.0,,29.45,
Illinois,Clark,2020,15456.0,11.0,,71.17,
Illinois,Clay,2020,13271.0,5.0,,37.68,
Illinois,Coles,2020,47087.0,19.0,,40.35,
Illinois,Crawford,2020,18631.0,9.0,,48.31,
Illinois,Cumberland,2020,10432.0,1.0,,9.59,
Illinois,Effingham,2020,34695.0,20.0,,57.65,
Illinois,Fayette,2020,21483.0,2.0,,9.31,
Illinois,Ford,2020,13519.0,11.0,,81.37,
Illinois,Franklin,2020,37694.0,17.0,,45.1,
Illinois,Gallatin,2020,4933.0,3.0,,60.81,
Illinois,Hancock,2020,17570.0,6.0,,34.15,
Illinois,Iroquois,2020,26967.0,12.0,,44.5,
Illinois,Jasper,2020,9253.0,16.0,,172.92,
Illinois,Jefferson,2020,36998.0,39.0,,105.41,
Illinois,Jo Daviess,2020,22090.0,6.0,,27.16,
Illinois,Knox,2020,49812.0,62.0,,124.47,
Illinois,La Salle,2020,,65.0,,,
Illinois,Lee,2020,34063.0,25.0,,73.39,
Illinois,Livingston,2020,35808.0,40.0,,111.71,
Illinois,Logan,2020,27892.0,18.0,,64.53,
Illinois,Marion,2020,37656.0,17.0,,45.15,
Illinois,McDonough,2020,27128.0,5.0,,18.43,
Illinois,Montgomery,2020,28244.0,34.0,,120.38,
Illinois,Morgan,2020,33490.0,10.0,,29.86,
Illinois,Ogle,2020,51765.0,23.0,,44.43,
Illinois,Perry,2020,20884.0,10.0,,47.88,
Illinois,Putnam,2020,5624.0,6.0,,106.69,
Illinois,Randolph,2020,30091.0,6.0,,19.94,
Illinois,Schuyler,2020,6865.0,0.0,,0.0,
Illinois,Scott,2020,5070.0,1.0,,19.72,
Illinois,Stephenson,2020,44570.0,13.0,,29.17,
Illinois,Union,2020,17299.0,15.0,,86.71,
Illinois,Wabash,2020,11319.0,1.0,,8.83,
Illinois,Warren,2020,16837.0,14.0,,83.15,
Illinois,Washington,2020,13729.0,7.0,,50.99,
Illinois,Wayne,2020,16143.0,7.0,,43.36,
Illinois,Whiteside,2020,55555.0,17.0,,30.6,
Indiana,Clark,2020,121374.0,59.0,356.0,48.61,293.31
Indiana,Franklin,2020,22791.0,8.0,116.0,35.1,508.97
Indiana,Hancock,2020,80175.0,55.0,190.0,68.6,236.98
Indiana,Hendricks,2020,175607.0,46.0,469.0,26.19,267.07
Indiana,Howard,2020,83589.0,53.0,138.0,63.41,165.09
Indiana,Johnson,2020,162237.0,18.0,205.0,11.09,126.36
Indiana,Lake,2020,498943.0,45.0,314.0,9.02,62.93
Indiana,La Porte,2020,,45.0,,,
Indiana,Monroe,2020,140629.0,35.0,555.0,24.89,394.66
Indiana,St. Joseph,2020,272686.0,78.0,1254.0,28.6,459.87
Indiana,Tippecanoe,2020,186383.0,48.0,430.0,25.75,230.71
Indiana,Vigo,2020,106143.0,91.0,914.0,85.73,861.1
Indiana,Greene,2020,30803.0,30.0,179.0,97.39,581.11
Indiana,Jackson,2020,46468.0,17.0,32.0,36.58,68.86
Indiana,Jennings,2020,27587.0,8.0,99.0,29.0,358.86
Indiana,Kosciusko,2020,80152.0,107.0,410.0,133.5,511.53
Indiana,Miami,2020,35907.0,16.0,77.0,44.56,214.44
Indiana,Montgomery,2020,37938.0,15.0,197.0,39.54,519.27
Indiana,Noble,2020,47465.0,20.0,155.0,42.14,326.56
Indiana,Starke,2020,23397.0,45.0,223.0,192.33,953.11
Indiana,Steuben,2020,34452.0,13.0,251.0,37.73,728.55
Indiana,Wells,2020,28161.0,5.0,38.0,17.76,134.94
Iowa,Black Hawk,2020,131037.0,42.0,130.0,32.05,99.21
Iowa,Boone,2020,26705.0,14.0,,52.42,
Iowa,Bremer,2020,25014.0,2.0,37.0,8.0,147.92
Iowa,Dallas,2020,100521.0,48.0,83.0,47.75,82.57
Iowa,Dubuque,2020,99311.0,22.0,148.0,22.15,149.03
Iowa,Grundy,2020,12337.0,5.0,54.0,40.53,437.71
Iowa,Guthrie,2020,10614.0,1.0,41.0,9.42,386.28
Iowa,Harrison,2020,14560.0,9.0,56.0,61.81,384.62
Iowa,Jasper,2020,37821.0,11.0,30.0,29.08,79.32
Iowa,Linn,2020,230405.0,28.0,263.0,12.15,114.15
Iowa,Madison,2020,16631.0,9.0,43.0,54.12,258.55
Iowa,Mills,2020,14413.0,13.0,70.0,90.2,485.67
Iowa,Polk,2020,493013.0,120.0,711.0,24.34,144.22
Iowa,Pottawattamie,2020,93667.0,55.0,241.0,58.72,257.29
Iowa,Scott,2020,174599.0,28.0,163.0,16.04,93.36
Iowa,Story,2020,98658.0,18.0,96.0,18.24,97.31
Iowa,Warren,2020,52597.0,36.0,136.0,68.44,258.57
Iowa,Washington,2020,22536.0,39.0,85.0,173.06,377.17
Iowa,Woodbury,2020,105949.0,32.0,93.0,30.2,87.78
Iowa,Adair,2020,7498.0,8.0,26.0,106.7,346.76
Iowa,Adams,2020,3710.0,9.0,23.0,242.59,619.95
Iowa,Allamakee,2020,14072.0,2.0,32.0,14.21,227.4
Iowa,Appanoose,2020,12283.0,16.0,93.0,130.26,757.14
Iowa,Buchanan,2020,20608.0,24.0,78.0,116.46,378.49
Iowa,Buena Vista,2020,20800.0,10.0,44.0,48.08,211.54
Iowa,Butler,2020,14337.0,4.0,37.0,27.9,258.07
Iowa,Calhoun,2020,9895.0,2.0,13.0,20.21,131.38
Iowa,Carroll,2020,20725.0,3.0,10.0,14.48,48.25
Iowa,Cass,2020,13118.0,12.0,44.0,91.48,335.42
Iowa,Cedar,2020,18486.0,8.0,36.0,43.28,194.74
Iowa,Cerro Gordo,2020,43018.0,15.0,120.0,34.87,278.95
Iowa,Cherokee,2020,11648.0,5.0,18.0,42.93,154.53
Iowa,Chickasaw,2020,11995.0,8.0,23.0,66.69,191.75
Iowa,Clarke,2020,9731.0,4.0,26.0,41.11,267.19
Iowa,Clay,2020,16341.0,5.0,15.0,30.6,91.79
Iowa,Clayton,2020,17027.0,11.0,27.0,64.6,158.57
Iowa,Clinton,2020,46431.0,28.0,139.0,60.3,299.37
Iowa,Crawford,2020,16487.0,3.0,2.0,18.2,12.13
Iowa,Davis,2020,9116.0,0.0,9.0,0.0,98.73
Iowa,Delaware,2020,17456.0,27.0,41.0,154.67,234.88
Iowa,Des Moines,2020,38849.0,11.0,,28.31,
Iowa,Dickinson,2020,17775.0,9.0,24.0,50.63,135.02
Iowa,Emmet,2020,9341.0,13.0,16.0,139.17,171.29
Iowa,Fayette,2020,19448.0,20.0,52.0,102.84,267.38
Iowa,Floyd,2020,15595.0,3.0,14.0,19.24,89.77
Iowa,Fremont,2020,6575.0,40.0,75.0,608.37,1140.68
Iowa,Hamilton,2020,15014.0,3.0,44.0,19.98,293.06
Iowa,Hancock,2020,10763.0,3.0,34.0,27.87,315.9
Iowa,Hardin,2020,16831.0,11.0,74.0,65.36,439.66
Iowa,Henry,2020,20450.0,33.0,66.0,161.37,322.74
Iowa,Howard,2020,9494.0,2.0,27.0,21.07,284.39
Iowa,Humboldt,2020,9599.0,0.0,59.0,0.0,614.65
Iowa,Ida,2020,7019.0,8.0,57.0,113.98,812.08
Iowa,Iowa,2020,16665.0,15.0,19.0,90.01,114.01
Iowa,Jackson,2020,19447.0,10.0,52.0,51.42,267.39
Iowa,Jefferson,2020,15688.0,4.0,30.0,25.5,191.23
Iowa,Keokuk,2020,10000.0,9.0,37.0,90.0,370.0
Iowa,Kossuth,2020,14794.0,13.0,20.0,87.87,135.19
Iowa,Lee,2020,33527.0,12.0,86.0,35.79,256.51
Iowa,Louisa,2020,10822.0,15.0,56.0,138.61,517.46
Iowa,Lucas,2020,8621.0,12.0,60.0,139.19,695.97
Iowa,Lyon,2020,11924.0,15.0,44.0,125.8,369.0
Iowa,Mahaska,2020,22151.0,10.0,56.0,45.14,252.81
Iowa,Marion,2020,33420.0,36.0,48.0,107.72,143.63
Iowa,Marshall,2020,40100.0,44.0,89.0,109.73,221.95
Iowa,Mitchell,2020,10591.0,3.0,13.0,28.33,122.75
Iowa,Monona,2020,8746.0,11.0,30.0,125.77,343.01
Iowa,Monroe,2020,7600.0,3.0,14.0,39.47,184.21
Iowa,Muscatine,2020,43151.0,19.0,58.0,44.03,134.41
Iowa,O'Brien,2020,14156.0,33.0,103.0,233.12,727.61
Iowa,Osceola,2020,6201.0,10.0,54.0,161.26,870.83
Iowa,Page,2020,15202.0,4.0,13.0,26.31,85.52
Iowa,Palo Alto,2020,8990.0,12.0,52.0,133.48,578.42
Iowa,Plymouth,2020,25697.0,6.0,28.0,23.35,108.96
Iowa,Pocahontas,2020,7070.0,11.0,30.0,155.59,424.33
Iowa,Poweshiek,2020,18638.0,13.0,56.0,69.75,300.46
Iowa,Ringgold,2020,4641.0,3.0,25.0,64.64,538.68
Iowa,Sac,2020,9791.0,6.0,36.0,61.28,367.68
Iowa,Shelby,2020,11718.0,3.0,20.0,25.6,170.68
Iowa,Sioux,2020,35888.0,11.0,56.0,30.65,156.04
Iowa,Tama,2020,17050.0,18.0,46.0,105.57,269.79
Iowa,Taylor,2020,5862.0,7.0,11.0,119.41,187.65
Iowa,Union,2020,12130.0,8.0,40.0,65.95,329.76
Iowa,Van Buren,2020,7221.0,9.0,31.0,124.64,429.3
Iowa,Wapello,2020,35334.0,24.0,96.0,67.92,271.69
Iowa,Wayne,2020,6507.0,14.0,23.0,215.15,353.47
Iowa,Webster,2020,36997.0,33.0,127.0,89.2,343.27
Iowa,Worth,2020,7437.0,8.0,27.0,107.57,363.05
Kansas,Butler,2020,67388.0,48.0,329.0,71.23,488.22
Kansas,Geary,2020,36768.0,8.0,34.0,21.76,92.47
Kansas,Harvey,2020,33996.0,22.0,48.0,64.71,141.19
Kansas,Jackson,2020,13237.0,9.0,100.0,67.99,755.46
Kansas,Jefferson,2020,18330.0,48.0,,261.87,
Kansas,Johnson,2020,611129.0,73.0,319.0,11.95,52.2
Kansas,Leavenworth,2020,81974.0,57.0,150.0,69.53,182.98
Kansas,Miami,2020,34224.0,43.0,131.0,125.64,382.77
Kansas,Osage,2020,15747.0,22.0,54.0,139.71,342.92
Kansas,Pottawatomie,2020,25422.0,37.0,,145.54,
Kansas,Riley County Police Department,2020,72011.0,212.0,1266.0,294.4,1758.06
Kansas,Sedgwick,2020,524831.0,97.0,365.0,18.48,69.55
Kansas,Shawnee,2020,178699.0,85.0,,47.57,
Kansas,Sumner,2020,22341.0,22.0,,98.47,
Kansas,Wabaunsee,2020,6895.0,16.0,94.0,232.05,1363.31
Kansas,Wyandotte,2020,168921.0,30.0,51.0,17.76,30.19
Kansas,Allen,2020,12533.0,25.0,54.0,199.47,430.86
Kansas,Anderson,2020,7841.0,14.0,32.0,178.55,408.11
Kansas,Atchison,2020,16325.0,3.0,2.0,18.38,12.25
Kansas,Barber,2020,4204.0,8.0,16.0,190.29,380.59
Kansas,Barton,2020,25437.0,8.0,,31.45,
Kansas,Bourbon,2020,14339.0,18.0,48.0,125.53,334.75
Kansas,Brown,2020,9480.0,5.0,12.0,52.74,126.58
Kansas,Cherokee,2020,19303.0,30.0,175.0,155.42,906.59
Kansas,Clark,2020,1976.0,3.0,11.0,151.82,556.68
Kansas,Clay,2020,8126.0,8.0,12.0,98.45,147.67
Kansas,Cloud,2020,9010.0,14.0,48.0,155.38,532.74
Kansas,Comanche,2020,1679.0,2.0,6.0,119.12,357.36
Kansas,Cowley,2020,34528.0,21.0,103.0,60.82,298.31
Kansas,Ellis,2020,28951.0,9.0,35.0,31.09,120.89
Kansas,Ellsworth,2020,6367.0,4.0,42.0,62.82,659.65
Kansas,Finney,2020,38307.0,39.0,158.0,101.81,412.46
Kansas,Ford,2020,34213.0,14.0,54.0,40.92,157.83
Kansas,Franklin,2020,26014.0,32.0,97.0,123.01,372.88
Kansas,Grant,2020,7325.0,3.0,9.0,40.96,122.87
Kansas,Gray,2020,5644.0,9.0,45.0,159.46,797.31
Kansas,Greeley,2020,1276.0,1.0,3.0,78.37,235.11
Kansas,Greenwood,2020,5961.0,12.0,68.0,201.31,1140.75
Kansas,Hamilton,2020,2489.0,6.0,24.0,241.06,964.24
Kansas,Harper,2020,5471.0,4.0,51.0,73.11,932.19
Kansas,Haskell,2020,3758.0,7.0,17.0,186.27,452.37
Kansas,Hodgeman,2020,1741.0,2.0,5.0,114.88,287.19
Kansas,Kearny,2020,3968.0,18.0,57.0,453.63,1436.49
Kansas,Kingman,2020,7427.0,1.0,78.0,13.46,1050.22
Kansas,Kiowa,2020,2457.0,6.0,19.0,244.2,773.3
Kansas,Labette,2020,20169.0,9.0,,44.62,
Kansas,Lane,2020,1568.0,4.0,24.0,255.1,1530.61
Kansas,Logan,2020,2742.0,7.0,6.0,255.29,218.82
Kansas,Marion,2020,11788.0,9.0,,76.35,
Kansas,Marshall,2020,10020.0,1.0,16.0,9.98,159.68
Kansas,McPherson,2020,30195.0,13.0,54.0,43.05,178.84
Kansas,Montgomery,2020,31401.0,15.0,,47.77,
Kansas,Morris,2020,5363.0,8.0,18.0,149.17,335.63
Kansas,Morton,2020,2697.0,0.0,14.0,0.0,519.1
Kansas,Nemaha,2020,10268.0,7.0,38.0,68.17,370.08
Kansas,Neosho,2020,15916.0,8.0,,50.26,
Kansas,Ness,2020,2674.0,13.0,21.0,486.16,785.34
Kansas,Norton,2020,5452.0,5.0,12.0,91.71,220.1
Kansas,Republic,2020,4677.0,3.0,22.0,64.14,470.39
Kansas,Rice,2020,9382.0,5.0,11.0,53.29,117.25
Kansas,Rooks,2020,4886.0,1.0,31.0,20.47,634.47
Kansas,Rush,2020,2940.0,8.0,,272.11,
Kansas,Russell,2020,6677.0,8.0,37.0,119.81,554.14
Kansas,Saline,2020,54260.0,22.0,98.0,40.55,180.61
Kansas,Scott,2020,5141.0,4.0,1.0,77.81,19.45
Kansas,Seward,2020,21857.0,4.0,6.0,18.3,27.45
Kansas,Sherman,2020,5907.0,0.0,0.0,0.0,0.0
Kansas,Smith,2020,3566.0,1.0,8.0,28.04,224.34
Kansas,Stafford,2020,4060.0,2.0,11.0,49.26,270.94
Kansas,Thomas,2020,7926.0,8.0,19.0,100.93,239.72
Kansas,Trego,2020,2809.0,0.0,6.0,0.0,213.6
Kansas,Washington,2020,5544.0,3.0,13.0,54.11,234.49
Kansas,Wilson,2020,8581.0,3.0,30.0,34.96,349.61
Kansas,Woodson,2020,3095.0,2.0,44.0,64.62,1421.65
Kentucky,Allen,2020,20573.0,9.0,102.0,43.75,495.8
Kentucky,Boone,2020,136472.0,73.0,747.0,53.49,547.37
Kentucky,Bourbon,2020,20299.0,1.0,67.0,4.93,330.07
Kentucky,Boyd,2020,48209.0,13.0,192.0,26.97,398.27
Kentucky,Bracken,2020,8399.0,0.0,41.0,0.0,488.15
Kentucky,Bullitt,2020,82365.0,41.0,380.0,49.78,461.36
Kentucky,Butler,2020,12321.0,2.0,30.0,16.23,243.49
Kentucky,Campbell,2020,93141.0,0.0,0.0,0.0,0.0
Kentucky,Campbell County Police Department,2020,93141.0,17.0,116.0,18.25,124.54
Kentucky,Carter,2020,26614.0,4.0,42.0,15.03,157.81
Kentucky,Christian,2020,72752.0,23.0,254.0,31.61,349.13
Kentucky,Clark,2020,37033.0,10.0,132.0,27.0,356.44
Kentucky,Daviess,2020,103398.0,29.0,377.0,28.05,364.61
Kentucky,Edmonson,2020,12140.0,4.0,19.0,32.95,156.51
Kentucky,Fayette,2020,322620.0,1.0,0.0,0.31,0.0
Kentucky,Gallatin,2020,8674.0,0.0,18.0,0.0,207.52
Kentucky,Grant,2020,25014.0,5.0,149.0,19.99,595.67
Kentucky,Greenup,2020,35885.0,3.0,32.0,8.36,89.17
Kentucky,Hancock,2020,9104.0,1.0,24.0,10.98,263.62
Kentucky,Hardin,2020,110834.0,30.0,148.0,27.07,133.53
Kentucky,Henderson,2020,44677.0,9.0,174.0,20.14,389.46
Kentucky,Henry,2020,15693.0,1.0,20.0,6.37,127.45
Kentucky,Jefferson,2020,782866.0,1.0,2.0,0.13,0.26
Kentucky,Jessamine,2020,53038.0,14.0,190.0,26.4,358.23
Kentucky,Kenton,2020,169263.0,0.0,2.0,0.0,1.18
Kentucky,Kenton County Police Department,2020,169263.0,28.0,96.0,16.54,56.72
Kentucky,Larue,2020,14879.0,3.0,33.0,20.16,221.79
Kentucky,McLean,2020,9134.0,6.0,58.0,65.69,634.99
Kentucky,Meade,2020,30030.0,24.0,120.0,79.92,399.6
Kentucky,Oldham,2020,67705.0,1.0,3.0,1.48,4.43
Kentucky,Oldham County Police Department,2020,67705.0,25.0,471.0,36.92,695.67
Kentucky,Pendleton,2020,14641.0,1.0,85.0,6.83,580.56
Kentucky,Scott,2020,57541.0,5.0,155.0,8.69,269.37
Kentucky,Shelby,2020,48245.0,21.0,195.0,43.53,404.19
Kentucky,Spencer,2020,19496.0,3.0,55.0,15.39,282.11
Kentucky,Trigg,2020,14077.0,6.0,91.0,42.62,646.44
Kentucky,Warren,2020,135039.0,55.0,583.0,40.73,431.73
Kentucky,Woodford,2020,26900.0,1.0,19.0,3.72,70.63
Kentucky,Anderson,2020,23902.0,4.0,27.0,16.74,112.96
Kentucky,Ballard,2020,7712.0,15.0,52.0,194.5,674.27
Kentucky,Barren,2020,44508.0,16.0,129.0,35.95,289.84
Kentucky,Bath,2020,12715.0,6.0,42.0,47.19,330.32
Kentucky,Bell,2020,23981.0,11.0,88.0,45.87,366.96
Kentucky,Boyle,2020,30754.0,0.0,29.0,0.0,94.3
Kentucky,Breathitt,2020,13701.0,3.0,21.0,21.9,153.27
Kentucky,Breckinridge,2020,20443.0,10.0,56.0,48.92,273.93
Kentucky,Caldwell,2020,12642.0,2.0,23.0,15.82,181.93
Kentucky,Calloway,2020,37595.0,9.0,172.0,23.94,457.51
Kentucky,Carlisle,2020,4807.0,1.0,18.0,20.8,374.45
Kentucky,Carroll,2020,10831.0,6.0,57.0,55.4,526.27
Kentucky,Casey,2020,15926.0,4.0,40.0,25.12,251.16
Kentucky,Clay,2020,20308.0,17.0,78.0,83.71,384.09
Kentucky,Clinton,2020,9231.0,5.0,13.0,54.17,140.83
Kentucky,Crittenden,2020,9002.0,3.0,26.0,33.33,288.82
Kentucky,Cumberland,2020,5860.0,2.0,25.0,34.13,426.62
Kentucky,Elliott,2020,7333.0,0.0,2.0,0.0,27.27
Kentucky,Estill,2020,14156.0,5.0,35.0,35.32,247.24
Kentucky,Fleming,2020,15089.0,2.0,8.0,13.25,53.02
Kentucky,Floyd,2020,35805.0,7.0,56.0,19.55,156.4
Kentucky,Franklin,2020,51600.0,8.0,178.0,15.5,344.96
Kentucky,Fulton,2020,6510.0,0.0,5.0,0.0,76.8
Kentucky,Garrard County Police Department,2020,16965.0,5.0,54.0,29.47,318.3
Kentucky,Graves,2020,36533.0,19.0,198.0,52.01,541.98
Kentucky,Grayson,2020,26458.0,14.0,82.0,52.91,309.93
Kentucky,Green,2020,11129.0,1.0,7.0,8.99,62.9
Kentucky,Harlan,2020,26752.0,1.0,22.0,3.74,82.24
Kentucky,Harrison,2020,18710.0,3.0,72.0,16.03,384.82
Kentucky,Hart,2020,19288.0,3.0,35.0,15.55,181.46
Kentucky,Hickman,2020,4528.0,2.0,22.0,44.17,485.87
Kentucky,Hopkins,2020,45369.0,11.0,153.0,24.25,337.23
Kentucky,Jackson,2020,12969.0,4.0,77.0,30.84,593.72
Kentucky,Johnson,2020,22648.0,5.0,43.0,22.08,189.86
Kentucky,Knott,2020,14163.0,1.0,30.0,7.06,211.82
Kentucky,Knox,2020,30186.0,5.0,62.0,16.56,205.39
Kentucky,Laurel,2020,62733.0,52.0,447.0,82.89,712.54
Kentucky,Lawrence,2020,16300.0,9.0,44.0,55.21,269.94
Kentucky,Lee,2020,7365.0,0.0,14.0,0.0,190.09
Kentucky,Leslie,2020,10470.0,4.0,27.0,38.2,257.88
Kentucky,Letcher,2020,21465.0,0.0,10.0,0.0,46.59
Kentucky,Lewis,2020,13088.0,0.0,17.0,0.0,129.89
Kentucky,Lincoln,2020,24249.0,8.0,69.0,32.99,284.55
Kentucky,Livingston,2020,8871.0,5.0,50.0,56.36,563.63
Kentucky,Logan,2020,27515.0,18.0,86.0,65.42,312.56
Kentucky,Lyon,2020,8673.0,5.0,54.0,57.65,622.62
Kentucky,Madison,2020,93002.0,22.0,242.0,23.66,260.21
Kentucky,Magoffin,2020,11606.0,2.0,19.0,17.23,163.71
Kentucky,Marion,2020,19587.0,6.0,32.0,30.63,163.37
Kentucky,Marshall,2020,31689.0,33.0,244.0,104.14,769.98
Kentucky,Martin,2020,11252.0,6.0,22.0,53.32,195.52
Kentucky,Mason,2020,17135.0,5.0,76.0,29.18,443.54
Kentucky,McCracken,2020,67923.0,43.0,422.0,63.31,621.29
Kentucky,McCreary,2020,16840.0,5.0,55.0,29.69,326.6
Kentucky,Menifee,2020,6138.0,0.0,10.0,0.0,162.92
Kentucky,Mercer,2020,22654.0,2.0,20.0,8.83,88.28
Kentucky,Metcalfe,2020,10286.0,4.0,25.0,38.89,243.05
Kentucky,Monroe,2020,11315.0,0.0,9.0,0.0,79.54
Kentucky,Montgomery,2020,28115.0,12.0,244.0,42.68,867.86
Kentucky,Morgan,2020,13733.0,6.0,52.0,43.69,378.65
Kentucky,Muhlenberg,2020,30904.0,7.0,62.0,22.65,200.62
Kentucky,Nelson,2020,46785.0,15.0,225.0,32.06,480.92
Kentucky,Nicholas,2020,7542.0,1.0,6.0,13.26,79.55
Kentucky,Ohio,2020,23747.0,18.0,123.0,75.8,517.96
Kentucky,Owen,2020,11303.0,0.0,42.0,0.0,371.58
Kentucky,Owsley,2020,4034.0,0.0,2.0,0.0,49.58
Kentucky,Perry,2020,28370.0,16.0,56.0,56.4,197.39
Kentucky,Pike,2020,58459.0,0.0,56.0,0.0,95.79
Kentucky,Powell,2020,13098.0,0.0,18.0,0.0,137.43
Kentucky,Pulaski,2020,65112.0,46.0,324.0,70.65,497.6
Kentucky,Rockcastle,2020,16057.0,9.0,78.0,56.05,485.77
Kentucky,Rowan,2020,24714.0,8.0,77.0,32.37,311.56
Kentucky,Russell,2020,17997.0,3.0,31.0,16.67,172.25
Kentucky,Simpson,2020,19628.0,4.0,40.0,20.38,203.79
Kentucky,Taylor,2020,26011.0,9.0,185.0,34.6,711.24
Kentucky,Todd,2020,12283.0,3.0,55.0,24.42,447.77
Kentucky,Trimble,2020,8465.0,3.0,21.0,35.44,248.08
Kentucky,Union,2020,13644.0,6.0,51.0,43.98,373.79
Kentucky,Washington,2020,12042.0,2.0,39.0,16.61,323.87
Kentucky,Wayne,2020,19548.0,8.0,34.0,40.92,173.93
Kentucky,Webster,2020,13021.0,3.0,32.0,23.04,245.76
Kentucky,Whitley,2020,36696.0,13.0,116.0,35.43,316.11
Kentucky,Wolfe,2020,6560.0,2.0,26.0,30.49,396.34
Louisiana,Ascension,2020,126975.0,400.0,1990.0,315.02,1567.24
Louisiana,Assumption,2020,20962.0,66.0,202.0,314.86,963.65
Louisiana,Bossier,2020,128647.0,114.0,571.0,88.61,443.85
Louisiana,Caddo,2020,237024.0,44.0,651.0,18.56,274.66
Louisiana,Calcasieu,2020,216474.0,1060.0,4264.0,489.67,1969.75
Louisiana,De Soto,2020,26840.0,107.0,381.0,398.66,1419.52
Louisiana,Iberville,2020,30070.0,123.0,236.0,409.05,784.84
Louisiana,Lafayette,2020,242176.0,206.0,935.0,85.06,386.08
Louisiana,Lafourche,2020,97421.0,234.0,1988.0,240.19,2040.63
Louisiana,Livingston,2020,142833.0,457.0,2488.0,319.95,1741.89
Louisiana,Morehouse,2020,25459.0,42.0,162.0,164.97,636.32
Louisiana,Ouachita,2020,160106.0,788.0,2512.0,492.17,1568.96
Louisiana,Plaquemines,2020,23503.0,60.0,152.0,255.29,646.73
Louisiana,Pointe Coupee,2020,20676.0,147.0,233.0,710.97,1126.91
Louisiana,Rapides,2020,129655.0,380.0,1514.0,293.09,1167.71
Louisiana,St. Charles,2020,52515.0,182.0,949.0,346.57,1807.1
Louisiana,St. Helena,2020,10884.0,95.0,158.0,872.84,1451.67
Louisiana,St. James,2020,20117.0,57.0,279.0,283.34,1386.89
Louisiana,St. John the Baptist,2020,42362.0,155.0,865.0,365.89,2041.92
Louisiana,St. Martin,2020,51616.0,168.0,558.0,325.48,1081.06
Louisiana,St. Tammany,2020,264989.0,333.0,1332.0,125.67,502.66
Louisiana,Tangipahoa,2020,133651.0,1242.0,1847.0,929.29,1381.96
Louisiana,Terrebonne,2020,109415.0,218.0,1783.0,199.24,1629.58
Louisiana,Allen,2020,22671.0,28.0,387.0,123.51,1707.03
Louisiana,Beauregard,2020,36605.0,39.0,240.0,106.54,655.65
Louisiana,Bienville,2020,12916.0,35.0,132.0,270.98,1021.99
Louisiana,Claiborne,2020,14108.0,14.0,58.0,99.23,411.11
Louisiana,Concordia,2020,18574.0,98.0,222.0,527.62,1195.22
Louisiana,East Carroll,2020,7398.0,24.0,23.0,324.41,310.89
Louisiana,Evangeline,2020,32301.0,63.0,193.0,195.04,597.5
Louisiana,Franklin,2020,19714.0,51.0,105.0,258.7,532.62
Louisiana,Jackson,2020,14996.0,15.0,69.0,100.03,460.12
Louisiana,La Salle,2020,,37.0,30.0,,
Louisiana,Lincoln,2020,48301.0,63.0,204.0,130.43,422.35
Louisiana,Madison,2020,9929.0,30.0,28.0,302.15,282.0
Louisiana,Natchitoches,2020,37400.0,59.0,417.0,157.75,1114.97
Louisiana,Red River,2020,7583.0,27.0,141.0,356.06,1859.42
Louisiana,Richland,2020,20029.0,47.0,74.0,234.66,369.46
Louisiana,Sabine,2020,22096.0,69.0,217.0,312.27,982.08
Louisiana,St. Landry,2020,82306.0,148.0,742.0,179.82,901.51
Louisiana,St. Mary,2020,49149.0,204.0,474.0,415.06,964.41
Louisiana,Vernon,2020,48632.0,90.0,363.0,185.06,746.42
Louisiana,Washington,2020,45358.0,357.0,494.0,787.07,1089.11
Louisiana,Winn,2020,13720.0,25.0,57.0,182.22,415.45
Maine,Androscoggin,2020,111181.0,23.0,115.0,20.69,103.43
Maine,Cumberland,2020,303588.0,41.0,318.0,13.51,104.75
Maine,Penobscot,2020,152174.0,10.0,304.0,6.57,199.77
Maine,Sagadahoc,2020,36731.0,5.0,55.0,13.61,149.74
Maine,York,2020,212272.0,18.0,277.0,8.48,130.49
Maine,Aroostook,2020,67051.0,10.0,69.0,14.91,102.91
Maine,Franklin,2020,29463.0,3.0,81.0,10.18,274.92
Maine,Hancock,2020,55512.0,14.0,105.0,25.22,189.15
Maine,Kennebec,2020,124732.0,33.0,204.0,26.46,163.55
Maine,Knox,2020,40663.0,4.0,155.0,9.84,381.18
Maine,Lincoln,2020,35244.0,27.0,151.0,76.61,428.44
Maine,Oxford,2020,57894.0,26.0,269.0,44.91,464.64
Maine,Piscataquis,2020,16815.0,7.0,71.0,41.63,422.24
Maine,Somerset,2020,50469.0,40.0,277.0,79.26,548.85
Maine,Waldo,2020,39666.0,9.0,80.0,22.69,201.68
Maine,Washington,2020,31091.0,23.0,119.0,73.98,382.75
Maryland,Montgomery County Police Department,2020,1060926.0,1432.0,13916.0,134.98,1311.68
Michigan,Bay,2020,103739.0,40.0,395.0,38.56,380.76
Michigan,Berrien,2020,154395.0,116.0,647.0,75.13,419.06
Michigan,Calhoun,2020,134198.0,143.0,506.0,106.56,377.05
Michigan,Clinton,2020,79168.0,24.0,113.0,30.32,142.73
Michigan,Eaton,2020,109174.0,151.0,913.0,138.31,836.28
Michigan,Genesee,2020,405746.0,105.0,311.0,25.88,76.65
Michigan,Ingham,2020,285005.0,203.0,565.0,71.23,198.24
Michigan,Ionia,2020,66871.0,78.0,166.0,116.64,248.24
Michigan,Kalamazoo,2020,261780.0,384.0,2774.0,146.69,1059.67
Michigan,Kent,2020,658508.0,438.0,2587.0,66.51,392.86
Michigan,Lapeer,2020,88595.0,57.0,166.0,64.34,187.37
Michigan,Livingston,2020,193974.0,62.0,423.0,31.96,218.07
Michigan,Macomb,2020,880240.0,287.0,848.0,32.6,96.34
Michigan,Midland,2020,83488.0,37.0,208.0,44.32,249.14
Michigan,Montcalm,2020,66659.0,17.0,104.0,25.5,156.02
Michigan,Oakland,2020,1272524.0,25.0,23.0,1.96,1.81
Michigan,Ottawa,2020,296893.0,586.0,1921.0,197.38,647.03
Michigan,Saginaw,2020,189853.0,79.0,370.0,41.61,194.89
Michigan,Shiawassee,2020,67990.0,19.0,128.0,27.95,188.26
Michigan,St. Clair,2020,160386.0,138.0,580.0,86.04,361.63
Michigan,Washtenaw,2020,371814.0,703.0,1276.0,189.07,343.18
Michigan,Wayne,2020,1789634.0,12.0,0.0,0.67,0.0
Michigan,Alcona,2020,10184.0,16.0,86.0,157.11,844.46
Michigan,Alger,2020,8845.0,2.0,7.0,22.61,79.14
Michigan,Allegan,2020,120666.0,94.0,660.0,77.9,546.96
Michigan,Alpena,2020,28891.0,14.0,47.0,48.46,162.68
Michigan,Antrim,2020,23457.0,36.0,161.0,153.47,686.36
Michigan,Arenac,2020,14998.0,46.0,97.0,306.71,646.75
Michigan,Baraga,2020,8143.0,2.0,14.0,24.56,171.93
Michigan,Barry,2020,62599.0,46.0,292.0,73.48,466.46
Michigan,Benzie,2020,18002.0,28.0,64.0,155.54,355.52
Michigan,Branch,2020,44877.0,13.0,106.0,28.97,236.2
Michigan,Charlevoix,2020,26042.0,33.0,77.0,126.72,295.68
Michigan,Cheboygan,2020,25575.0,24.0,24.0,93.84,93.84
Michigan,Chippewa,2020,36793.0,14.0,23.0,38.05,62.51
Michigan,Clare,2020,30837.0,66.0,301.0,214.03,976.1
Michigan,Crawford,2020,12986.0,31.0,55.0,238.72,423.53
Michigan,Delta,2020,36877.0,4.0,48.0,10.85,130.16
Michigan,Dickinson,2020,25896.0,0.0,0.0,0.0,0.0
Michigan,Emmet,2020,34112.0,25.0,74.0,73.29,216.93
Michigan,Gladwin,2020,25371.0,35.0,152.0,137.95,599.11
Michigan,Gogebic,2020,14349.0,12.0,38.0,83.63,264.83
Michigan,Grand Traverse,2020,95428.0,132.0,446.0,138.32,467.37
Michigan,Gratiot,2020,41657.0,53.0,228.0,127.23,547.33
Michigan,Hillsdale,2020,45740.0,90.0,180.0,196.76,393.53
Michigan,Houghton,2020,37256.0,0.0,10.0,0.0,26.84
Michigan,Huron,2020,31378.0,29.0,103.0,92.42,328.26
Michigan,Iosco,2020,25189.0,0.0,7.0,0.0,27.79
Michigan,Iron,2020,11630.0,0.0,0.0,0.0,0.0
Michigan,Isabella,2020,64518.0,57.0,287.0,88.35,444.84
Michigan,Kalkaska,2020,17924.0,56.0,87.0,312.43,485.38
Michigan,Keweenaw,2020,2059.0,2.0,18.0,97.13,874.21
Michigan,Lake,2020,12086.0,56.0,262.0,463.35,2167.8
Michigan,Leelanau,2020,22312.0,0.0,0.0,0.0,0.0
Michigan,Lenawee,2020,99348.0,36.0,196.0,36.24,197.29
Michigan,Luce,2020,6411.0,7.0,53.0,109.19,826.7
Michigan,Mackinac,2020,10821.0,5.0,90.0,46.21,831.72
Michigan,Manistee,2020,25070.0,26.0,98.0,103.71,390.91
Michigan,Marquette,2020,66542.0,18.0,125.0,27.05,187.85
Michigan,Mason,2020,29033.0,43.0,114.0,148.11,392.66
Michigan,Mecosta,2020,40414.0,72.0,245.0,178.16,606.23
Michigan,Menominee,2020,23454.0,3.0,14.0,12.79,59.69
Michigan,Missaukee,2020,15067.0,15.0,117.0,99.56,776.53
Michigan,Montmorency,2020,9169.0,4.0,11.0,43.63,119.97
Michigan,Newaygo,2020,50091.0,64.0,176.0,127.77,351.36
Michigan,Oceana,2020,26717.0,58.0,192.0,217.09,718.64
Michigan,Ogemaw,2020,20781.0,9.0,110.0,43.31,529.33
Michigan,Ontonagon,2020,5799.0,3.0,11.0,51.73,189.69
Michigan,Osceola,2020,22906.0,9.0,20.0,39.29,87.31
Michigan,Oscoda,2020,8230.0,22.0,53.0,267.31,643.99
Michigan,Otsego,2020,25137.0,4.0,24.0,15.91,95.48
Michigan,Presque Isle,2020,13001.0,11.0,22.0,84.61,169.22
Michigan,Sanilac,2020,40499.0,37.0,73.0,91.36,180.25
Michigan,Schoolcraft,2020,8049.0,0.0,2.0,0.0,24.85
Michigan,St. Joseph,2020,60923.0,82.0,242.0,134.6,397.22
Michigan,Tuscola,2020,53324.0,57.0,135.0,106.89,253.17
Michigan,Van Buren,2020,75574.0,69.0,252.0,91.3,333.45
Minnesota,Anoka,2020,364474.0,71.0,838.0,19.48,229.92
Minnesota,Benton,2020,41355.0,17.0,127.0,41.11,307.1
Minnesota,Blue Earth,2020,69202.0,33.0,93.0,47.69,134.39
Minnesota,Carlton,2020,36190.0,13.0,139.0,35.92,384.08
Minnesota,Carver,2020,107308.0,42.0,616.0,39.14,574.05
Minnesota,Chisago,2020,56723.0,27.0,145.0,47.6,255.63
Minnesota,Clay,2020,65358.0,13.0,83.0,19.89,126.99
Minnesota,Dakota,2020,440419.0,17.0,39.0,3.86,8.86
Minnesota,Dodge,2020,20895.0,13.0,113.0,62.22,540.8
Minnesota,Fillmore,2020,21235.0,4.0,46.0,18.84,216.62
Minnesota,Hennepin,2020,1281663.0,40.0,45.0,3.12,3.51
Minnesota,Houston,2020,18843.0,3.0,27.0,15.92,143.29
Minnesota,Isanti,2020,41385.0,33.0,281.0,79.74,678.99
Minnesota,Lake,2020,10923.0,2.0,48.0,18.31,439.44
Minnesota,Le Sueur,2020,28633.0,16.0,83.0,55.88,289.88
Minnesota,Mille Lacs,2020,26475.0,30.0,278.0,113.31,1050.05
Minnesota,Nicollet,2020,34504.0,2.0,59.0,5.8,170.99
Minnesota,Olmsted,2020,163055.0,65.0,321.0,39.86,196.87
Minnesota,Polk,2020,31099.0,14.0,103.0,45.02,331.2
Minnesota,Ramsey,2020,551733.0,128.0,1493.0,23.2,270.6
Minnesota,Scott,2020,151361.0,17.0,136.0,11.23,89.85
Minnesota,Sherburne,2020,97588.0,43.0,284.0,44.06,291.02
Minnesota,Stearns,2020,158456.0,21.0,221.0,13.25,139.47
Minnesota,St. Louis,2020,200067.0,105.0,514.0,52.48,256.91
Minnesota,Wabasha,2020,21394.0,4.0,18.0,18.7,84.14
Minnesota,Washington,2020,268397.0,51.0,785.0,19.0,292.48
Minnesota,Wright,2020,141876.0,91.0,1098.0,64.14,773.92
Minnesota,Aitkin,2020,15708.0,23.0,247.0,146.42,1572.45
Minnesota,Becker,2020,35184.0,24.0,120.0,68.21,341.06
Minnesota,Beltrami,2020,46232.0,52.0,312.0,112.48,674.86
Minnesota,Big Stone,2020,5158.0,3.0,49.0,58.16,949.98
Minnesota,Brown,2020,25908.0,4.0,33.0,15.44,127.37
Minnesota,Cass,2020,30152.0,36.0,511.0,119.4,1694.75
Minnesota,Chippewa,2020,12606.0,0.0,4.0,0.0,31.73
Minnesota,Clearwater,2020,8565.0,13.0,42.0,151.78,490.37
Minnesota,Cook,2020,5598.0,18.0,68.0,321.54,1214.72
Minnesota,Crow Wing,2020,66284.0,44.0,273.0,66.38,411.86
Minnesota,Douglas,2020,39095.0,16.0,184.0,40.93,470.65
Minnesota,Faribault,2020,13899.0,5.0,27.0,35.97,194.26
Minnesota,Freeborn,2020,30899.0,10.0,117.0,32.36,378.65
Minnesota,Goodhue,2020,47594.0,12.0,223.0,25.21,468.55
Minnesota,Grant,2020,6093.0,2.0,4.0,32.82,65.65
Minnesota,Hubbard,2020,21395.0,24.0,174.0,112.18,813.27
Minnesota,Itasca,2020,45022.0,32.0,157.0,71.08,348.72
Minnesota,Jackson,2020,9990.0,4.0,30.0,40.04,300.3
Minnesota,Kanabec,2020,16054.0,6.0,96.0,37.37,597.98
Minnesota,Kandiyohi,2020,43727.0,17.0,202.0,38.88,461.96
Minnesota,Kittson,2020,4187.0,1.0,0.0,23.88,0.0
Minnesota,Koochiching,2020,12027.0,2.0,34.0,16.63,282.7
Minnesota,Lake of the Woods,2020,3770.0,1.0,2.0,26.53,53.05
Minnesota,Lincoln,2020,5623.0,4.0,4.0,71.14,71.14
Minnesota,Lyon,2020,25429.0,14.0,34.0,55.06,133.71
Minnesota,Marshall,2020,9025.0,0.0,4.0,0.0,44.32
Minnesota,Martin,2020,19998.0,6.0,11.0,30.0,55.01
Minnesota,McLeod,2020,36743.0,9.0,78.0,24.49,212.29
Minnesota,Meeker,2020,23430.0,20.0,109.0,85.36,465.22
Minnesota,Morrison,2020,33991.0,20.0,207.0,58.84,608.98
Minnesota,Murray,2020,8177.0,1.0,19.0,12.23,232.36
Minnesota,Nobles,2020,22201.0,11.0,26.0,49.55,117.11
Minnesota,Norman,2020,6438.0,3.0,48.0,46.6,745.57
Minnesota,Otter Tail,2020,60098.0,26.0,217.0,43.26,361.08
Minnesota,Pennington,2020,13942.0,2.0,26.0,14.35,186.49
Minnesota,Pine,2020,28886.0,95.0,775.0,328.88,2682.96
Minnesota,Pipestone,2020,9418.0,8.0,69.0,84.94,732.64
Minnesota,Pope,2020,11327.0,4.0,51.0,35.31,450.25
Minnesota,Red Lake,2020,3937.0,4.0,3.0,101.6,76.2
Minnesota,Redwood,2020,15417.0,7.0,53.0,45.4,343.78
Minnesota,Renville,2020,14691.0,6.0,82.0,40.84,558.16
Minnesota,Rice,2020,67105.0,23.0,137.0,34.27,204.16
Minnesota,Rock,2020,9685.0,7.0,47.0,72.28,485.29
Minnesota,Roseau,2020,15298.0,7.0,59.0,45.76,385.67
Minnesota,Sibley,2020,14820.0,2.0,2.0,13.5,13.5
Minnesota,Steele,2020,37388.0,8.0,103.0,21.4,275.49
Minnesota,Stevens,2020,9672.0,5.0,18.0,51.7,186.1
Minnesota,Swift,2020,9801.0,0.0,2.0,0.0,20.41
Minnesota,Todd,2020,25291.0,19.0,144.0,75.13,569.37
Minnesota,Traverse,2020,3359.0,1.0,17.0,29.77,506.1
Minnesota,Wadena,2020,14124.0,12.0,7.0,84.96,49.56
Minnesota,Waseca,2020,18973.0,8.0,72.0,42.17,379.49
Minnesota,Watonwan,2020,11236.0,7.0,44.0,62.3,391.6
Minnesota,Wilkin,2020,6477.0,0.0,24.0,0.0,370.54
Minnesota,Winona,2020,49656.0,22.0,80.0,44.3,161.11
Minnesota,Yellow Medicine,2020,9498.0,1.0,35.0,10.53,368.5
Mississippi,DeSoto,2020,186120.0,55.0,368.0,29.55,197.72
Mississippi,Harrison,2020,208821.0,44.0,789.0,21.07,377.84
Mississippi,Hinds,2020,226778.0,78.0,330.0,34.39,145.52
Mississippi,Lamar,2020,64391.0,51.0,627.0,79.2,973.74
Mississippi,Madison,2020,109237.0,56.0,208.0,51.26,190.41
Mississippi,Rankin,2020,157155.0,64.0,432.0,40.72,274.89
Mississippi,Stone,2020,18333.0,38.0,160.0,207.28,872.74
Mississippi,Tunica,2020,9732.0,56.0,446.0,575.42,4582.82
Mississippi,Alcorn,2020,34732.0,17.0,304.0,48.95,875.27
Mississippi,Claiborne,2020,9093.0,32.0,12.0,351.92,131.97
Mississippi,Clay,2020,18620.0,21.0,45.0,112.78,241.68
Mississippi,George,2020,24365.0,36.0,327.0,147.75,1342.09
Mississippi,Jasper,2020,16350.0,14.0,99.0,85.63,605.5
Mississippi,Lafayette,2020,55912.0,34.0,153.0,60.81,273.64
Mississippi,Leake,2020,21249.0,53.0,142.0,249.42,668.27
Mississippi,Lee,2020,83326.0,55.0,631.0,66.01,757.27
Mississippi,Leflore,2020,28344.0,129.0,269.0,455.12,949.05
Mississippi,Lincoln,2020,34842.0,31.0,264.0,88.97,757.71
Mississippi,Marion,2020,24370.0,42.0,131.0,172.34,537.55
Mississippi,Monroe,2020,34136.0,65.0,177.0,190.41,518.51
Mississippi,Pontotoc,2020,31195.0,68.0,235.0,217.98,753.33
Mississippi,Tishomingo,2020,18848.0,22.0,146.0,116.72,774.62
Mississippi,Union,2020,27812.0,24.0,176.0,86.29,632.82
Mississippi,Warren,2020,44548.0,18.0,201.0,40.41,451.2
Mississippi,Washington,2020,44639.0,12.0,241.0,26.88,539.89
Missouri,Bates,2020,16052.0,3.0,90.0,18.69,560.68
Missouri,Boone,2020,184060.0,107.0,636.0,58.13,345.54
Missouri,Buchanan,2020,84471.0,45.0,204.0,53.27,241.5
Missouri,Caldwell,2020,8826.0,20.0,73.0,226.6,827.1
Missouri,Callaway,2020,44339.0,47.0,437.0,106.0,985.59
Missouri,Cape Girardeau,2020,81811.0,68.0,195.0,83.12,238.35
Missouri,Cass,2020,108160.0,91.0,222.0,84.13,205.25
Missouri,Christian,2020,89291.0,44.0,243.0,49.28,272.14
Missouri,Clay,2020,254121.0,33.0,184.0,12.99,72.41
Missouri,Clinton,2020,21214.0,19.0,69.0,89.56,325.26
Missouri,Cole,2020,76608.0,41.0,354.0,53.52,462.09
Missouri,Dallas,2020,17133.0,1.0,40.0,5.84,233.47
Missouri,DeKalb,2020,11605.0,23.0,64.0,198.19,551.49
Missouri,Franklin,2020,104852.0,42.0,382.0,40.06,364.32
Missouri,Howard,2020,10154.0,17.0,40.0,167.42,393.93
Missouri,Jackson,2020,717643.0,104.0,484.0,14.49,67.44
Missouri,Jasper,2020,122885.0,96.0,596.0,78.12,485.01
Missouri,Jefferson,2020,226944.0,532.0,2497.0,234.42,1100.27
Missouri,Lafayette,2020,33059.0,0.0,54.0,0.0,163.34
Missouri,Lincoln,2020,59842.0,115.0,183.0,192.17,305.81
Missouri,Newton,2020,58702.0,74.0,619.0,126.06,1054.48
Missouri,Osage,2020,13250.0,3.0,140.0,22.64,1056.6
Missouri,Platte,2020,107187.0,44.0,288.0,41.05,268.69
Missouri,Ray,2020,23136.0,91.0,80.0,393.33,345.78
Missouri,St. Charles,2020,406407.0,0.0,0.0,0.0,0.0
Missouri,St. Charles County Police Department,2020,406407.0,178.0,838.0,43.8,206.2
Missouri,St. Louis County Police Department,2020,1003365.0,2001.0,7772.0,199.43,774.59
Missouri,St. Louis County Police Department,2020,300302.0,2001.0,7772.0,666.33,2588.06
Missouri,Warren,2020,35740.0,63.0,207.0,176.27,579.18
Missouri,Adair,2020,25276.0,8.0,91.0,31.65,360.03
Missouri,Atchison,2020,5307.0,2.0,5.0,37.69,94.22
Missouri,Audrain,2020,24778.0,29.0,122.0,117.04,492.37
Missouri,Benton,2020,19431.0,36.0,191.0,185.27,982.97
Missouri,Butler,2020,42064.0,68.0,608.0,161.66,1445.42
Missouri,Camden,2020,42804.0,98.0,393.0,228.95,918.14
Missouri,Carter,2020,5201.0,36.0,36.0,692.17,692.17
Missouri,Cedar,2020,14210.0,44.0,97.0,309.64,682.62
Missouri,Clark,2020,6664.0,13.0,82.0,195.08,1230.49
Missouri,Crawford,2020,23030.0,16.0,220.0,69.47,955.28
Missouri,Dent,2020,14392.0,13.0,65.0,90.33,451.64
Missouri,Douglas,2020,11604.0,14.0,35.0,120.65,301.62
Missouri,Gasconade,2020,14763.0,36.0,124.0,243.85,839.94
Missouri,Gentry,2020,6129.0,2.0,26.0,32.63,424.21
Missouri,Grundy,2020,9764.0,3.0,19.0,30.73,194.59
Missouri,Henry,2020,21976.0,48.0,206.0,218.42,937.39
Missouri,Hickory,2020,8306.0,3.0,67.0,36.12,806.65
Missouri,Holt,2020,4183.0,3.0,44.0,71.72,1051.88
Missouri,Howell,2020,39800.0,91.0,380.0,228.64,954.77
Missouri,Iron,2020,9512.0,12.0,63.0,126.16,662.32
Missouri,Johnson,2020,54023.0,25.0,263.0,46.28,486.83
Missouri,Lawrence,2020,37990.0,29.0,235.0,76.34,618.58
Missouri,Lewis,2020,10042.0,8.0,55.0,79.67,547.7
Missouri,Livingston,2020,14555.0,3.0,17.0,20.61,116.8
Missouri,Madison,2020,12623.0,1.0,19.0,7.92,150.52
Missouri,McDonald,2020,23281.0,63.0,170.0,270.61,730.21
Missouri,Mississippi,2020,12133.0,5.0,30.0,41.21,247.26
Missouri,Monroe,2020,8692.0,13.0,27.0,149.56,310.63
Missouri,Montgomery,2020,11293.0,0.0,47.0,0.0,416.19
Missouri,New Madrid,2020,16329.0,24.0,84.0,146.98,514.42
Missouri,Nodaway,2020,21021.0,1.0,54.0,4.76,256.89
Missouri,Oregon,2020,8605.0,22.0,59.0,255.67,685.65
Missouri,Pemiscot,2020,15583.0,27.0,90.0,173.27,577.55
Missouri,Perry,2020,18971.0,28.0,29.0,147.59,152.86
Missouri,Pettis,2020,43011.0,18.0,34.0,41.85,79.05
Missouri,Phelps,2020,44553.0,41.0,238.0,92.03,534.2
Missouri,Pike,2020,17411.0,19.0,91.0,109.13,522.66
Missouri,Pulaski,2020,54005.0,51.0,177.0,94.44,327.75
Missouri,Ralls,2020,10352.0,16.0,65.0,154.56,627.9
Missouri,Randolph,2020,24462.0,22.0,79.0,89.94,322.95
Missouri,Ripley,2020,10670.0,3.0,100.0,28.12,937.21
Missouri,Saline,2020,23334.0,58.0,57.0,248.56,244.28
Missouri,Schuyler,2020,4006.0,4.0,67.0,99.85,1672.49
Missouri,Shannon,2020,7034.0,17.0,26.0,241.68,369.63
Missouri,Shelby,2020,6090.0,0.0,17.0,0.0,279.15
Missouri,St. Clair,2020,9350.0,24.0,133.0,256.68,1422.46
Missouri,Ste. Genevieve,2020,18480.0,54.0,133.0,292.21,719.7
Missouri,Stoddard,2020,28656.0,26.0,217.0,90.73,757.26
Missouri,Stone,2020,31212.0,181.0,302.0,579.91,967.58
Missouri,Taney,2020,56053.0,75.0,219.0,133.8,390.7
Missouri,Washington,2020,23432.0,91.0,457.0,388.36,1950.32
Missouri,Wayne,2020,10937.0,17.0,157.0,155.44,1435.49
Missouri,Worth,2020,1965.0,4.0,12.0,203.56,610.69
Missouri,Wright,2020,18209.0,19.0,50.0,104.34,274.59
Montana,Carbon,2020,10511.0,14.0,61.0,133.19,580.34
Montana,Cascade,2020,84410.0,93.0,262.0,110.18,310.39
Montana,Missoula,2020,118337.0,104.0,280.0,87.88,236.61
Montana,Stillwater,2020,8998.0,25.0,50.0,277.84,555.68
Montana,Yellowstone,2020,165208.0,147.0,809.0,88.98,489.69
Montana,Beaverhead,2020,9375.0,0.0,1.0,0.0,10.67
Montana,Big Horn,2020,13079.0,72.0,213.0,550.5,1628.56
Montana,Blaine,2020,7009.0,7.0,9.0,99.87,128.41
Montana,Broadwater,2020,6860.0,22.0,40.0,320.7,583.09
Montana,Butte-Silver Bow,2020,35208.0,142.0,,403.32,
Montana,Carter,2020,1406.0,0.0,0.0,0.0,0.0
Montana,Chouteau,2020,5911.0,4.0,4.0,67.67,67.67
Montana,Custer,2020,11860.0,4.0,6.0,33.73,50.59
Montana,Dawson,2020,8921.0,5.0,41.0,56.05,459.59
Montana,Deer Lodge,2020,9425.0,17.0,189.0,180.37,2005.31
Montana,Fergus,2020,11473.0,11.0,19.0,95.88,165.61
Montana,Flathead,2020,104873.0,191.0,800.0,182.13,762.83
Montana,Gallatin,2020,119593.0,127.0,400.0,106.19,334.47
Montana,Garfield,2020,1170.0,1.0,3.0,85.47,256.41
Montana,Glacier,2020,13736.0,12.0,37.0,87.36,269.37
Montana,Golden Valley,2020,822.0,2.0,0.0,243.31,0.0
Montana,Granite,2020,3307.0,2.0,17.0,60.48,514.06
Montana,Hill,2020,16248.0,30.0,106.0,184.64,652.39
Montana,Jefferson,2020,12141.0,25.0,89.0,205.91,733.05
Montana,Lake,2020,31245.0,135.0,335.0,432.07,1072.17
Montana,Lewis and Clark,2020,71181.0,90.0,317.0,126.44,445.34
Montana,Liberty,2020,1956.0,0.0,0.0,0.0,0.0
Montana,Lincoln,2020,19737.0,17.0,44.0,86.13,222.93
Montana,Madison,2020,8657.0,8.0,39.0,92.41,450.5
Montana,McCone,2020,1731.0,0.0,1.0,0.0,57.77
Montana,Meagher,2020,1922.0,1.0,5.0,52.03,260.15
Montana,Mineral,2020,4567.0,18.0,36.0,394.13,788.26
Montana,Musselshell,2020,4748.0,27.0,38.0,568.66,800.34
Montana,Park,2020,17229.0,11.0,43.0,63.85,249.58
Montana,Phillips,2020,4208.0,21.0,37.0,499.05,879.28
Montana,Pondera,2020,5883.0,6.0,9.0,101.99,152.98
Montana,Powder River,2020,1694.0,0.0,0.0,0.0,0.0
Montana,Powell,2020,6941.0,,15.0,,216.11
Montana,Prairie,2020,1094.0,11.0,2.0,1005.48,182.82
Montana,Ravalli,2020,44412.0,101.0,350.0,227.42,788.08
Montana,Richland,2020,11527.0,14.0,28.0,121.45,242.91
Montana,Roosevelt,2020,10808.0,53.0,61.0,490.38,564.4
Montana,Rosebud,2020,8309.0,4.0,12.0,48.14,144.42
Montana,Sanders,2020,12454.0,7.0,52.0,56.21,417.54
Montana,Sheridan,2020,3540.0,10.0,39.0,282.49,1101.69
Montana,Sweet Grass,2020,3674.0,20.0,36.0,544.37,979.86
Montana,Teton,2020,6252.0,13.0,31.0,207.93,495.84
Montana,Toole,2020,4967.0,41.0,45.0,825.45,905.98
Montana,Valley,2020,7564.0,14.0,38.0,185.09,502.38
Montana,Wheatland,2020,2075.0,2.0,1.0,96.39,48.19
Montana,Wibaux,2020,936.0,1.0,0.0,106.84,0.0
Nebraska,Cass,2020,26610.0,22.0,182.0,82.68,683.95
Nebraska,Dixon,2020,5581.0,5.0,26.0,89.59,465.87
Nebraska,Douglas,2020,585428.0,78.0,507.0,13.32,86.6
Nebraska,Hall,2020,62767.0,31.0,101.0,49.39,160.91
Nebraska,Saunders,2020,22365.0,12.0,49.0,53.66,219.09
Nebraska,Washington,2020,20932.0,4.0,50.0,19.11,238.87
Nebraska,Adams,2020,31176.0,11.0,82.0,35.28,263.02
Nebraska,Boone,2020,5361.0,3.0,19.0,55.96,354.41
Nebraska,Box Butte,2020,10821.0,1.0,9.0,9.24,83.17
Nebraska,Buffalo,2020,50197.0,19.0,110.0,37.85,219.14
Nebraska,Cheyenne,2020,9488.0,9.0,11.0,94.86,115.94
Nebraska,Custer,2020,10496.0,0.0,20.0,0.0,190.55
Nebraska,Dawes,2020,8157.0,0.0,5.0,0.0,61.3
Nebraska,Fillmore,2020,5567.0,8.0,12.0,143.7,215.56
Nebraska,Franklin,2020,2885.0,0.0,18.0,0.0,623.92
Nebraska,Frontier,2020,2506.0,5.0,28.0,199.52,1117.32
Nebraska,Gage,2020,21661.0,20.0,37.0,92.33,170.81
Nebraska,Gosper,2020,1895.0,2.0,11.0,105.54,580.47
Nebraska,Johnson,2020,5292.0,11.0,17.0,207.86,321.24
Nebraska,Kearney,2020,6690.0,9.0,29.0,134.53,433.48
Nebraska,Keith,2020,8323.0,5.0,20.0,60.07,240.3
Nebraska,Keya Paha,2020,760.0,0.0,0.0,0.0,0.0
Nebraska,Knox,2020,8377.0,0.0,29.0,0.0,346.19
Nebraska,Lincoln,2020,34534.0,11.0,82.0,31.85,237.45
Nebraska,Madison,2020,35533.0,11.0,15.0,30.96,42.21
Nebraska,Nemaha,2020,7086.0,7.0,29.0,98.79,409.26
Nebraska,Pawnee,2020,2536.0,3.0,21.0,118.3,828.08
Nebraska,Perkins,2020,2859.0,4.0,20.0,139.91,699.55
Nebraska,Phelps,2020,8978.0,7.0,22.0,77.97,245.04
Nebraska,Saline,2020,14716.0,12.0,23.0,81.54,156.29
Nebraska,Thayer,2020,5022.0,9.0,19.0,179.21,378.34
Nebraska,Valley,2020,4058.0,3.0,4.0,73.93,98.57
Nebraska,Wayne,2020,9705.0,3.0,16.0,30.91,164.86
Nevada,Carson City,2020,58688.0,216.0,617.0,368.05,1051.32
Nevada,Storey,2020,4108.0,36.0,86.0,876.34,2093.48
Nevada,Washoe,2020,487728.0,241.0,722.0,49.41,148.03
Nevada,Churchill,2020,25570.0,26.0,175.0,101.68,684.4
Nevada,Douglas,2020,49525.0,54.0,531.0,109.04,1072.19
Nevada,Elko,2020,53677.0,86.0,192.0,160.22,357.7
Nevada,Humboldt,2020,17270.0,28.0,68.0,162.13,393.75
Nevada,Lander,2020,5723.0,50.0,88.0,873.67,1537.66
Nevada,Lincoln,2020,4435.0,1.0,36.0,22.55,811.72
Nevada,Lyon,2020,59464.0,153.0,521.0,257.3,876.16
Nevada,Nye,2020,51986.0,168.0,677.0,323.16,1302.27
Nevada,Pershing,2020,6635.0,49.0,27.0,738.51,406.93
Nevada,White Pine,2020,9068.0,26.0,81.0,286.72,893.25
New Hampshire,Strafford,2020,131084.0,1.0,0.0,0.76,0.0
New Hampshire,Carroll,2020,50251.0,3.0,51.0,5.97,101.49
New Hampshire,Cheshire,2020,76541.0,2.0,8.0,2.61,10.45
New Hampshire,Grafton,2020,91193.0,8.0,1.0,8.77,1.1
New Hampshire,Merrimack,2020,154061.0,0.0,0.0,0.0,0.0
New Jersey,Atlantic,2020,274192.0,0.0,0.0,0.0,0.0
New Jersey,Bergen,2020,953848.0,0.0,0.0,0.0,0.0
New Jersey,Burlington,2020,461700.0,0.0,0.0,0.0,0.0
New Jersey,Camden,2020,523239.0,2.0,11.0,0.38,2.1
New Jersey,Cape May,2020,95029.0,0.0,0.0,0.0,0.0
New Jersey,Cumberland,2020,153733.0,0.0,0.0,0.0,0.0
New Jersey,Essex,2020,859934.0,90.0,108.0,10.47,12.56
New Jersey,Gloucester,2020,302564.0,0.0,0.0,0.0,0.0
New Jersey,Hudson,2020,721800.0,0.0,0.0,0.0,0.0
New Jersey,Hunterdon,2020,128773.0,0.0,0.0,0.0,0.0
New Jersey,Mercer,2020,386434.0,4.0,4.0,1.04,1.04
New Jersey,Middlesex,2020,861248.0,0.0,0.0,0.0,0.0
New Jersey,Monmouth,2020,642385.0,3.0,0.0,0.47,0.0
New Jersey,Morris,2020,508211.0,0.0,0.0,0.0,0.0
New Jersey,Ocean,2020,638143.0,2.0,2.0,0.31,0.31
New Jersey,Passaic,2020,523156.0,0.0,0.0,0.0,0.0
New Jersey,Salem,2020,64781.0,0.0,0.0,0.0,0.0
New Jersey,Somerset,2020,344516.0,2.0,0.0,0.58,0.0
New Jersey,Sussex,2020,143877.0,0.0,0.0,0.0,0.0
New Jersey,Union,2020,573482.0,0.0,0.0,0.0,0.0
New Jersey,Warren,2020,109431.0,0.0,0.0,0.0,0.0
New Mexico,Dona Ana,2020,220059.0,305.0,978.0,138.6,444.43
New Mexico,San Juan,2020,121384.0,186.0,358.0,153.23,294.93
New Mexico,Valencia,2020,76495.0,178.0,601.0,232.69,785.67
New Mexico,Curry,2020,48372.0,16.0,104.0,33.08,215.0
New Mexico,Eddy,2020,62344.0,73.0,544.0,117.09,872.58
New York,Albany,2020,314293.0,12.0,111.0,3.82,35.32
New York,Broome,2020,198145.0,34.0,460.0,17.16,232.15
New York,Chemung,2020,83652.0,9.0,172.0,10.76,205.61
New York,Dutchess,2020,296309.0,34.0,376.0,11.47,126.89
New York,Erie,2020,952491.0,52.0,570.0,5.46,59.84
New York,Herkimer,2020,60043.0,0.0,0.0,0.0,0.0
New York,Jefferson,2020,116075.0,10.0,190.0,8.62,163.69
New York,Madison,2020,67942.0,20.0,98.0,29.44,144.24
New York,Monroe,2020,758384.0,134.0,2014.0,17.67,265.56
New York,Nassau,2020,1390952.0,1304.0,8572.0,93.75,616.27
New York,Niagara,2020,212118.0,28.0,536.0,13.2,252.69
New York,Oneida,2020,231265.0,47.0,245.0,20.32,105.94
New York,Onondaga,2020,475429.0,219.0,1686.0,46.06,354.63
New York,Ontario,2020,112467.0,58.0,705.0,51.57,626.85
New York,Orange,2020,400973.0,2.0,15.0,0.5,3.74
New York,Oswego,2020,117437.0,35.0,256.0,29.8,217.99
New York,Putnam,2020,97636.0,12.0,117.0,12.29,119.83
New York,Rensselaer,2020,160889.0,20.0,147.0,12.43,91.37
New York,Schenectady,2020,157874.0,4.0,10.0,2.53,6.33
New York,Schoharie,2020,29758.0,4.0,37.0,13.44,124.34
New York,Suffolk,2020,1521964.0,18.0,0.0,1.18,0.0
New York,Suffolk County Police Department,2020,1521964.0,1118.0,14907.0,73.46,979.46
New York,Tioga,2020,48352.0,14.0,118.0,28.95,244.04
New York,Tompkins,2020,105508.0,27.0,242.0,25.59,229.37
New York,Ulster,2020,181304.0,5.0,115.0,2.76,63.43
New York,Warren,2020,65597.0,32.0,304.0,48.78,463.44
New York,Westchester Public Safety,2020,1001451.0,15.0,150.0,1.5,14.98
New York,Yates,2020,24735.0,10.0,123.0,40.43,497.27
New York,Allegany,2020,46385.0,0.0,1.0,0.0,2.16
New York,Columbia,2020,61468.0,26.0,253.0,42.3,411.6
New York,Delaware,2020,44215.0,30.0,159.0,67.85,359.61
New York,Essex,2020,37275.0,1.0,1.0,2.68,2.68
New York,Fulton,2020,53084.0,13.0,243.0,24.49,457.77
New York,Genesee,2020,58299.0,26.0,231.0,44.6,396.23
New York,Greene,2020,47743.0,11.0,23.0,23.04,48.17
New York,Hamilton,2020,5073.0,0.0,10.0,0.0,197.12
New York,Montgomery,2020,49499.0,6.0,238.0,12.12,480.82
New York,Schuyler,2020,17863.0,6.0,9.0,33.59,50.38
New York,Seneca,2020,33445.0,7.0,81.0,20.93,242.19
New York,Steuben,2020,93371.0,10.0,73.0,10.71,78.18
New York,St. Lawrence,2020,108182.0,8.0,19.0,7.39,17.56
New York,Sullivan,2020,78461.0,23.0,222.0,29.31,282.94
New York,Wyoming,2020,40264.0,20.0,128.0,49.67,317.9
North Carolina,Alamance,2020,171624.0,147.0,576.0,85.65,335.62
North Carolina,Alexander,2020,36406.0,60.0,429.0,164.81,1178.38
North Carolina,Anson,2020,22233.0,35.0,209.0,157.42,940.04
North Carolina,Buncombe,2020,269703.0,216.0,1808.0,80.09,670.37
North Carolina,Cabarrus,2020,227240.0,52.0,675.0,22.88,297.04
North Carolina,Caldwell,2020,80582.0,60.0,950.0,74.46,1178.92
North Carolina,Camden,2020,10405.0,13.0,53.0,124.94,509.37
North Carolina,Catawba,2020,160892.0,150.0,1050.0,93.23,652.61
North Carolina,Craven,2020,101514.0,142.0,767.0,139.88,755.56
North Carolina,Currituck,2020,28405.0,70.0,283.0,246.44,996.3
North Carolina,Davidson,2020,169029.0,83.0,1305.0,49.1,772.06
North Carolina,Durham,2020,322465.0,101.0,622.0,31.32,192.89
North Carolina,Edgecombe,2020,48781.0,140.0,346.0,287.0,709.29
North Carolina,Forsyth,2020,382618.0,254.0,1568.0,66.38,409.81
North Carolina,Franklin,2020,69029.0,106.0,531.0,153.56,769.24
North Carolina,Gaston,2020,228640.0,18.0,4.0,7.87,1.75
North Carolina,Gaston County Police Department,2020,228640.0,229.0,1075.0,100.16,470.17
North Carolina,Gates,2020,10450.0,16.0,89.0,153.11,851.67
North Carolina,Granville,2020,60178.0,41.0,287.0,68.13,476.92
North Carolina,Guilford,2020,538726.0,227.0,988.0,42.14,183.4
North Carolina,Harnett,2020,133716.0,229.0,1552.0,171.26,1160.67
North Carolina,Haywood,2020,62219.0,77.0,831.0,123.76,1335.6
North Carolina,Iredell,2020,187676.0,140.0,793.0,74.6,422.54
North Carolina,Johnston,2020,217450.0,136.0,1471.0,62.54,676.48
North Carolina,Lincoln,2020,87153.0,143.0,1003.0,164.08,1150.85
North Carolina,Madison,2020,21292.0,16.0,164.0,75.15,770.24
North Carolina,New Hanover,2020,226449.0,143.0,1304.0,63.15,575.85
North Carolina,Onslow,2020,204984.0,162.0,1427.0,79.03,696.15
North Carolina,Orange,2020,143748.0,65.0,414.0,45.22,288.0
North Carolina,Pamlico,2020,12308.0,26.0,196.0,211.24,1592.46
North Carolina,Person,2020,39184.0,54.0,303.0,137.81,773.27
North Carolina,Pitt,2020,173642.0,177.0,765.0,101.93,440.56
North Carolina,Rockingham,2020,91201.0,81.0,639.0,88.81,700.65
North Carolina,Rowan,2020,146893.0,185.0,1100.0,125.94,748.84
North Carolina,Union,2020,239615.0,206.0,1850.0,85.97,772.07
North Carolina,Wake,2020,1130903.0,254.0,1258.0,22.46,111.24
North Carolina,Wayne,2020,117758.0,176.0,1145.0,149.46,972.33
North Carolina,Yadkin,2020,37250.0,46.0,456.0,123.49,1224.16
North Carolina,Ashe,2020,26585.0,36.0,200.0,135.41,752.3
North Carolina,Avery,2020,17918.0,25.0,124.0,139.52,692.04
North Carolina,Bertie,2020,17722.0,7.0,43.0,39.5,242.64
North Carolina,Bladen,2020,29628.0,137.0,498.0,462.4,1680.84
North Carolina,Carteret,2020,67692.0,85.0,604.0,125.57,892.28
North Carolina,Caswell,2020,22476.0,18.0,121.0,80.09,538.35
North Carolina,Cherokee,2020,28866.0,72.0,949.0,249.43,3287.6
North Carolina,Chowan,2020,13702.0,19.0,87.0,138.67,634.94
North Carolina,Cleveland,2020,99926.0,138.0,690.0,138.1,690.51
North Carolina,Dare,2020,37036.0,23.0,261.0,62.1,704.72
North Carolina,Duplin,2020,48660.0,77.0,851.0,158.24,1748.87
North Carolina,Greene,2020,20441.0,49.0,234.0,239.71,1144.76
North Carolina,Hertford,2020,21414.0,22.0,146.0,102.74,681.8
North Carolina,Jackson,2020,42142.0,95.0,886.0,225.43,2102.42
North Carolina,McDowell,2020,44554.0,65.0,666.0,145.89,1494.82
North Carolina,Mitchell,2020,14901.0,7.0,33.0,46.98,221.46
North Carolina,Montgomery,2020,25700.0,49.0,247.0,190.66,961.09
North Carolina,Moore,2020,100295.0,58.0,595.0,57.83,593.25
North Carolina,Pasquotank,2020,40400.0,88.0,266.0,217.82,658.42
North Carolina,Polk,2020,19378.0,15.0,218.0,77.41,1124.99
North Carolina,Richmond,2020,42729.0,188.0,1059.0,439.98,2478.41
North Carolina,Robeson,2020,115980.0,1035.0,2412.0,892.4,2079.67
North Carolina,Sampson,2020,59078.0,140.0,767.0,236.97,1298.28
North Carolina,Scotland,2020,33413.0,42.0,190.0,125.7,568.64
North Carolina,Stanly,2020,62666.0,47.0,389.0,75.0,620.75
North Carolina,Surry,2020,71386.0,97.0,778.0,135.88,1089.85
North Carolina,Swain,2020,14107.0,36.0,310.0,255.19,2197.49
North Carolina,Transylvania,2020,33255.0,37.0,214.0,111.26,643.51
North Carolina,Vance,2020,42554.0,199.0,465.0,467.64,1092.73
North Carolina,Watauga,2020,54466.0,20.0,185.0,36.72,339.66
North Carolina,Wilkes,2020,65871.0,134.0,659.0,203.43,1000.44
North Carolina,Wilson,2020,79816.0,44.0,291.0,55.13,364.59
North Carolina,Yancey,2020,18492.0,12.0,187.0,64.89,1011.25
North Dakota,Burleigh,2020,98593.0,28.0,121.0,28.4,122.73
North Dakota,Cass,2020,184897.0,17.0,152.0,9.19,82.21
North Dakota,Grand Forks,2020,73142.0,16.0,91.0,21.88,124.42
North Dakota,Morton,2020,33324.0,5.0,84.0,15.0,252.07
North Dakota,Oliver,2020,1866.0,0.0,3.0,0.0,160.77
North Dakota,Adams,2020,2194.0,1.0,19.0,45.58,866.0
North Dakota,Barnes,2020,10863.0,6.0,25.0,55.23,230.14
North Dakota,Benson,2020,5940.0,1.0,11.0,16.84,185.19
North Dakota,Billings,2020,930.0,1.0,3.0,107.53,322.58
North Dakota,Bottineau,2020,6385.0,3.0,56.0,46.99,877.06
North Dakota,Bowman,2020,2973.0,0.0,4.0,0.0,134.54
North Dakota,Burke,2020,2191.0,1.0,0.0,45.64,0.0
North Dakota,Cavalier,2020,3697.0,4.0,17.0,108.2,459.83
North Dakota,Dickey,2020,4972.0,0.0,6.0,0.0,120.68
North Dakota,Divide,2020,2202.0,2.0,19.0,90.83,862.85
North Dakota,Dunn,2020,4093.0,0.0,8.0,0.0,195.46
North Dakota,Eddy,2020,2326.0,0.0,17.0,0.0,730.87
North Dakota,Emmons,2020,3295.0,2.0,44.0,60.7,1335.36
North Dakota,Foster,2020,3384.0,0.0,6.0,0.0,177.3
North Dakota,Golden Valley,2020,1725.0,3.0,3.0,173.91,173.91
North Dakota,Grant,2020,2285.0,0.0,8.0,0.0,350.11
North Dakota,Griggs,2020,2297.0,0.0,12.0,0.0,522.42
North Dakota,Hettinger,2020,2483.0,4.0,17.0,161.1,684.66
North Dakota,Kidder,2020,2381.0,0.0,6.0,0.0,251.99
North Dakota,Lamoure,2020,4095.0,1.0,8.0,24.42,195.36
North Dakota,Logan,2020,1883.0,0.0,11.0,0.0,584.17
North Dakota,McHenry,2020,5336.0,24.0,40.0,449.78,749.63
North Dakota,McIntosh,2020,2514.0,0.0,4.0,0.0,159.11
North Dakota,McKenzie,2020,14778.0,25.0,116.0,169.17,784.95
North Dakota,McLean,2020,9763.0,5.0,91.0,51.21,932.09
North Dakota,Mercer,2020,8349.0,2.0,30.0,23.95,359.32
North Dakota,Mountrail,2020,9808.0,3.0,72.0,30.59,734.09
North Dakota,Nelson,2020,2993.0,0.0,25.0,0.0,835.28
North Dakota,Pembina,2020,6827.0,6.0,42.0,87.89,615.2
North Dakota,Pierce,2020,3981.0,3.0,22.0,75.36,552.62
North Dakota,Ramsey,2020,11574.0,3.0,23.0,25.92,198.72
North Dakota,Ransom,2020,5700.0,2.0,30.0,35.09,526.32
North Dakota,Renville,2020,2266.0,3.0,11.0,132.39,485.44
North Dakota,Richland,2020,16538.0,7.0,91.0,42.33,550.25
North Dakota,Rolette,2020,12185.0,5.0,9.0,41.03,73.86
North Dakota,Sargent,2020,3840.0,2.0,11.0,52.08,286.46
North Dakota,Sheridan,2020,1262.0,0.0,4.0,0.0,316.96
North Dakota,Sioux,2020,3876.0,0.0,0.0,0.0,0.0
North Dakota,Slope,2020,697.0,0.0,0.0,0.0,0.0
North Dakota,Stark,2020,33831.0,3.0,76.0,8.87,224.65
North Dakota,Steele,2020,1798.0,0.0,4.0,0.0,222.47
North Dakota,Stutsman,2020,21544.0,4.0,53.0,18.57,246.01
North Dakota,Towner,2020,2147.0,2.0,23.0,93.15,1071.26
North Dakota,Traill,2020,7984.0,1.0,24.0,12.53,300.6
North Dakota,Walsh,2020,10532.0,6.0,78.0,56.97,740.6
North Dakota,Ward,2020,69920.0,45.0,123.0,64.36,175.92
North Dakota,Williams,2020,41190.0,9.0,138.0,21.85,335.03
Ohio,"Allen4,",2020,,,523.0,,
Ohio,Belmont,2020,66285.0,51.0,152.0,76.94,229.31
Ohio,Carroll,2020,26761.0,6.0,63.0,22.42,235.42
Ohio,Clark,2020,135888.0,53.0,713.0,39.0,524.7
Ohio,Clermont,2020,208751.0,82.0,838.0,39.28,401.44
Ohio,Delaware,2020,215181.0,45.0,874.0,20.91,406.17
Ohio,Fairfield,2020,159451.0,56.0,930.0,35.12,583.25
Ohio,Fulton,2020,42647.0,10.0,176.0,23.45,412.69
Ohio,Greene,2020,168141.0,40.0,349.0,23.79,207.56
Ohio,Hocking,2020,28040.0,29.0,321.0,103.42,1144.79
Ohio,Jefferson,2020,65159.0,18.0,56.0,27.62,85.94
Ohio,Lake,2020,232517.0,275.0,282.0,118.27,121.28
Ohio,Lawrence,2020,58146.0,66.0,377.0,113.51,648.37
Ohio,Licking,2020,178786.0,67.0,692.0,37.47,387.05
Ohio,Lorain,2020,313514.0,68.0,448.0,21.69,142.9
Ohio,Lucas,2020,430831.0,83.0,609.0,19.27,141.35
Ohio,Madison,2020,43864.0,23.0,225.0,52.43,512.95
Ohio,Mahoning,2020,228006.0,5.0,56.0,2.19,24.56
Ohio,Medina,2020,182636.0,12.0,277.0,6.57,151.67
Ohio,Miami,2020,108974.0,28.0,325.0,25.69,298.24
Ohio,Montgomery,2020,537115.0,305.0,968.0,56.78,180.22
Ohio,Morrow,2020,34996.0,25.0,67.0,71.44,191.45
Ohio,Perry,2020,35459.0,4.0,49.0,11.28,138.19
Ohio,Pickaway,2020,58659.0,28.0,579.0,47.73,987.06
Ohio,Richland,2020,124969.0,67.0,607.0,53.61,485.72
Ohio,Stark,2020,374476.0,131.0,1634.0,34.98,436.34
Ohio,Summit,2020,539833.0,86.0,988.0,15.93,183.02
Ohio,Trumbull,2020,201664.0,21.0,181.0,10.41,89.75
Ohio,Union,2020,63069.0,31.0,179.0,49.15,283.82
Ohio,Wood,2020,132246.0,29.0,234.0,21.93,176.94
Ohio,Adams,2020,27451.0,6.0,156.0,21.86,568.29
Ohio,Ashland,2020,52485.0,28.0,105.0,53.35,200.06
Ohio,Ashtabula,2020,97497.0,43.0,417.0,44.1,427.71
Ohio,Athens,2020,62386.0,14.0,342.0,22.44,548.2
Ohio,Auglaize,2020,46466.0,6.0,57.0,12.91,122.67
Ohio,Champaign,2020,38741.0,20.0,173.0,51.62,446.56
Ohio,Clinton,2020,42035.0,16.0,79.0,38.06,187.94
Ohio,Columbiana,2020,101661.0,32.0,306.0,31.48,301.0
Ohio,Coshocton,2020,36590.0,72.0,472.0,196.78,1289.97
Ohio,Crawford,2020,42013.0,6.0,79.0,14.28,188.04
Ohio,Defiance,2020,38268.0,10.0,96.0,26.13,250.86
Ohio,Erie,2020,75471.0,8.0,139.0,10.6,184.18
Ohio,Fayette,2020,28969.0,25.0,277.0,86.3,956.19
Ohio,Gallia,2020,29226.0,20.0,264.0,68.43,903.31
Ohio,Hancock,2020,74939.0,31.0,190.0,41.37,253.54
Ohio,Hardin,2020,30724.0,13.0,60.0,42.31,195.29
Ohio,Harrison,2020,14498.0,8.0,33.0,55.18,227.62
Ohio,Henry,2020,27663.0,17.0,142.0,61.45,513.32
Ohio,Highland,2020,43363.0,43.0,330.0,99.16,761.02
Ohio,Jackson,2020,32671.0,41.0,183.0,125.49,560.13
Ohio,Logan,2020,46117.0,27.0,135.0,58.55,292.73
Ohio,Meigs,2020,22168.0,22.0,245.0,99.24,1105.2
Ohio,Mercer,2020,42534.0,6.0,49.0,14.11,115.2
Ohio,Monroe,2020,13350.0,10.0,27.0,74.91,202.25
Ohio,Morgan,2020,13756.0,34.0,107.0,247.16,777.84
Ohio,Muskingum,2020,86449.0,110.0,607.0,127.24,702.15
Ohio,Paulding,2020,18809.0,11.0,159.0,58.48,845.34
Ohio,Pike,2020,27064.0,55.0,536.0,203.22,1980.49
Ohio,Preble,2020,41007.0,13.0,173.0,31.7,421.88
Ohio,Putnam,2020,34392.0,21.0,79.0,61.06,229.7
Ohio,Ross,2020,77067.0,106.0,1183.0,137.54,1535.03
Ohio,Scioto,2020,73849.0,36.0,531.0,48.75,719.03
Ohio,Shelby,2020,48158.0,4.0,126.0,8.31,261.64
Ohio,Tuscarawas,2020,93205.0,40.0,260.0,42.92,278.95
Ohio,Van Wert,2020,28922.0,20.0,81.0,69.15,280.06
Ohio,Vinton,2020,12803.0,9.0,85.0,70.3,663.91
Ohio,Washington,2020,59657.0,16.0,213.0,26.82,357.04
Oklahoma,Canadian,2020,155435.0,21.0,138.0,13.51,88.78
Oklahoma,Cleveland,2020,296253.0,43.0,213.0,14.51,71.9
Oklahoma,Comanche,2020,121150.0,13.0,130.0,10.73,107.3
Oklahoma,Cotton,2020,5540.0,9.0,23.0,162.45,415.16
Oklahoma,Creek,2020,71843.0,52.0,360.0,72.38,501.09
Oklahoma,Garfield,2020,62699.0,14.0,116.0,22.33,185.01
Oklahoma,Grady,2020,54889.0,37.0,277.0,67.41,504.65
Oklahoma,Lincoln,2020,33515.0,55.0,325.0,164.11,969.72
Oklahoma,Logan,2020,49753.0,45.0,410.0,90.45,824.07
Oklahoma,McClain,2020,41922.0,32.0,235.0,76.33,560.56
Oklahoma,Oklahoma,2020,798252.0,45.0,189.0,5.64,23.68
Oklahoma,Okmulgee,2020,36688.0,41.0,158.0,111.75,430.66
Oklahoma,Osage,2020,45799.0,42.0,321.0,91.71,700.89
Oklahoma,Pawnee,2020,15553.0,30.0,125.0,192.89,803.7
Oklahoma,Rogers,2020,95395.0,128.0,410.0,134.18,429.79
Oklahoma,Sequoyah,2020,39239.0,61.0,230.0,155.46,586.15
Oklahoma,Tulsa,2020,670681.0,203.0,954.0,30.27,142.24
Oklahoma,Wagoner,2020,81390.0,78.0,317.0,95.83,389.48
Oklahoma,Adair,2020,19449.0,31.0,132.0,159.39,678.7
Oklahoma,Alfalfa,2020,5713.0,2.0,39.0,35.01,682.65
Oklahoma,Atoka,2020,14164.0,7.0,45.0,49.42,317.71
Oklahoma,Beaver,2020,5028.0,4.0,27.0,79.55,536.99
Oklahoma,Beckham,2020,22326.0,9.0,80.0,40.31,358.33
Oklahoma,Blaine,2020,8704.0,14.0,86.0,160.85,988.05
Oklahoma,Bryan,2020,46326.0,39.0,235.0,84.19,507.27
Oklahoma,Caddo,2020,26903.0,16.0,129.0,59.47,479.5
Oklahoma,Carter,2020,48040.0,23.0,179.0,47.88,372.61
Oklahoma,Cherokee,2020,47085.0,77.0,454.0,163.53,964.21
Oklahoma,Choctaw,2020,14205.0,47.0,72.0,330.87,506.86
Oklahoma,Cimarron,2020,2287.0,1.0,9.0,43.73,393.53
Oklahoma,Coal,2020,5276.0,6.0,15.0,113.72,284.31
Oklahoma,Craig,2020,14147.0,15.0,108.0,106.03,763.41
Oklahoma,Custer,2020,28448.0,6.0,97.0,21.09,340.97
Oklahoma,Delaware,2020,40381.0,54.0,336.0,133.73,832.07
Oklahoma,Dewey,2020,4476.0,14.0,41.0,312.78,916.0
Oklahoma,Ellis,2020,3742.0,8.0,70.0,213.79,1870.66
Oklahoma,Garvin,2020,25648.0,33.0,242.0,128.67,943.54
Oklahoma,Grant,2020,4186.0,5.0,42.0,119.45,1003.34
Oklahoma,Harmon,2020,2476.0,1.0,15.0,40.39,605.82
Oklahoma,Harper,2020,3246.0,2.0,7.0,61.61,215.65
Oklahoma,Haskell,2020,11553.0,7.0,73.0,60.59,631.87
Oklahoma,Hughes,2020,13348.0,12.0,108.0,89.9,809.11
Oklahoma,Jackson,2020,24735.0,9.0,32.0,36.39,129.37
Oklahoma,Jefferson,2020,5315.0,2.0,18.0,37.63,338.66
Oklahoma,Johnston,2020,10242.0,25.0,45.0,244.09,439.37
Oklahoma,Kay,2020,43605.0,19.0,135.0,43.57,309.6
Oklahoma,Kingfisher,2020,15170.0,8.0,60.0,52.74,395.52
Oklahoma,Kiowa,2020,8496.0,4.0,16.0,47.08,188.32
Oklahoma,Latimer,2020,9477.0,12.0,87.0,126.62,918.01
Oklahoma,Le Flore,2020,48209.0,51.0,237.0,105.79,491.61
Oklahoma,Love,2020,10159.0,12.0,119.0,118.12,1171.38
Oklahoma,Major,2020,7747.0,7.0,45.0,90.36,580.87
Oklahoma,Marshall,2020,15340.0,7.0,192.0,45.63,1251.63
Oklahoma,Mayes,2020,39054.0,74.0,347.0,189.48,888.51
Oklahoma,McCurtain,2020,30844.0,58.0,319.0,188.04,1034.24
Oklahoma,McIntosh,2020,18948.0,37.0,212.0,195.27,1118.85
Oklahoma,Murray,2020,13873.0,4.0,23.0,28.83,165.79
Oklahoma,Muskogee,2020,66222.0,58.0,235.0,87.58,354.87
Oklahoma,Noble,2020,10925.0,10.0,61.0,91.53,558.35
Oklahoma,Nowata,2020,9323.0,5.0,37.0,53.63,396.87
Oklahoma,Okfuskee,2020,11272.0,14.0,93.0,124.2,825.05
Oklahoma,Ottawa,2020,30240.0,26.0,174.0,85.98,575.4
Oklahoma,Payne,2020,81647.0,38.0,251.0,46.54,307.42
Oklahoma,Pittsburg,2020,43792.0,73.0,376.0,166.7,858.6
Oklahoma,Pontotoc,2020,38091.0,22.0,168.0,57.76,441.05
Oklahoma,Pottawatomie,2020,72540.0,43.0,393.0,59.28,541.77
Oklahoma,Pushmataha,2020,10793.0,16.0,114.0,148.24,1056.24
Oklahoma,Roger Mills,2020,3431.0,10.0,21.0,291.46,612.07
Oklahoma,Seminole,2020,23516.0,29.0,323.0,123.32,1373.53
Oklahoma,Stephens,2020,42835.0,28.0,117.0,65.37,273.14
Oklahoma,Texas,2020,21291.0,1.0,59.0,4.7,277.11
Oklahoma,Tillman,2020,6950.0,2.0,26.0,28.78,374.1
Oklahoma,Washita,2020,10903.0,11.0,31.0,100.89,284.33
Oklahoma,Woods,2020,8598.0,5.0,22.0,58.15,255.87
Oklahoma,Woodward,2020,20401.0,17.0,63.0,83.33,308.81
Oregon,Clackamas,2020,422483.0,443.0,4384.0,104.86,1037.67
Oregon,Deschutes,2020,199461.0,85.0,585.0,42.61,293.29
Oregon,Josephine,2020,88214.0,96.0,322.0,108.83,365.02
Oregon,Linn,2020,128950.0,66.0,827.0,51.18,641.33
Oregon,Multnomah,2020,816261.0,,1432.0,,175.43
Oregon,Polk,2020,87983.0,42.0,343.0,47.74,389.85
Oregon,Washington,2020,601004.0,438.0,2789.0,72.88,464.06
Oregon,Yamhill,2020,107692.0,51.0,440.0,47.36,408.57
Oregon,Baker,2020,16728.0,7.0,124.0,41.85,741.27
Oregon,Clatsop,2020,41156.0,44.0,187.0,106.91,454.37
Oregon,Crook,2020,24933.0,33.0,87.0,132.35,348.94
Oregon,Douglas,2020,111294.0,218.0,952.0,195.88,855.39
Oregon,Gilliam,2020,2014.0,3.0,32.0,148.96,1588.88
Oregon,Jefferson,2020,24582.0,9.0,123.0,36.61,500.37
Oregon,Lincoln,2020,50509.0,49.0,319.0,97.01,631.57
Oregon,Morrow,2020,12219.0,29.0,124.0,237.34,1014.81
Oregon,Sherman,2020,1880.0,6.0,46.0,319.15,2446.81
Oregon,Tillamook,2020,27456.0,38.0,327.0,138.4,1191.0
Oregon,Umatilla,2020,79892.0,45.0,387.0,56.33,484.4
Oregon,Union,2020,26171.0,10.0,202.0,38.21,771.85
Oregon,Wallowa,2020,7403.0,0.0,48.0,0.0,648.39
Oregon,Wasco,2020,26613.0,30.0,178.0,112.73,668.85
Pennsylvania,Allegheny County Police Department,2020,1249585.0,206.0,110.0,16.49,8.8
Pennsylvania,Washington,2020,209413.0,2.0,3.0,0.96,1.43
Pennsylvania,Warren,2020,38513.0,0.0,0.0,0.0,0.0
South Carolina,Anderson,2020,204181.0,820.0,4679.0,401.6,2291.59
South Carolina,Beaufort,2020,187814.0,455.0,1879.0,242.26,1000.46
South Carolina,Berkeley,2020,231478.0,459.0,2443.0,198.29,1055.39
South Carolina,Calhoun,2020,14111.0,54.0,235.0,382.68,1665.37
South Carolina,Chester,2020,32287.0,125.0,430.0,387.15,1331.81
South Carolina,Clarendon,2020,30832.0,113.0,628.0,366.5,2036.84
South Carolina,Dorchester,2020,162056.0,321.0,1724.0,198.08,1063.83
South Carolina,Edgefield,2020,25674.0,8.0,137.0,31.16,533.61
South Carolina,Fairfield,2020,20892.0,133.0,432.0,636.61,2067.78
South Carolina,Florence,2020,136826.0,597.0,2153.0,436.32,1573.53
South Carolina,Greenville,2020,527244.0,1865.0,8471.0,353.73,1606.66
South Carolina,Horry,2020,353774.0,1.0,1.0,0.28,0.28
South Carolina,Horry County Police Department,2020,353774.0,920.0,4905.0,260.05,1386.48
South Carolina,Kershaw,2020,65590.0,180.0,1242.0,274.43,1893.58
South Carolina,Lancaster,2020,96589.0,320.0,1686.0,331.3,1745.54
South Carolina,Laurens,2020,67626.0,239.0,1121.0,353.41,1657.65
South Carolina,Lexington,2020,294989.0,638.0,5828.0,216.28,1975.67
South Carolina,Pickens,2020,131698.0,247.0,1346.0,187.55,1022.04
South Carolina,Richland,2020,415755.0,2115.0,8728.0,508.71,2099.31
South Carolina,Saluda,2020,18914.0,38.0,186.0,200.91,983.4
South Carolina,Spartanburg,2020,329370.0,997.0,4808.0,302.7,1459.76
South Carolina,Sumter,2020,105409.0,464.0,1343.0,440.19,1274.08
South Carolina,York,2020,283833.0,372.0,2283.0,131.06,804.35
South Carolina,Abbeville,2020,24267.0,63.0,285.0,259.61,1174.43
South Carolina,Allendale,2020,7940.0,5.0,44.0,62.97,554.16
South Carolina,Bamberg,2020,13259.0,21.0,133.0,158.38,1003.09
South Carolina,Barnwell,2020,20580.0,115.0,246.0,558.79,1195.34
South Carolina,Colleton,2020,38538.0,200.0,773.0,518.97,2005.81
South Carolina,Georgetown,2020,63508.0,172.0,800.0,270.83,1259.68
South Carolina,Lee,2020,16551.0,64.0,335.0,386.68,2024.05
South Carolina,Marion,2020,29088.0,103.0,430.0,354.1,1478.27
South Carolina,Marlboro,2020,26494.0,90.0,236.0,339.7,890.77
South Carolina,McCormick,2020,9522.0,5.0,71.0,52.51,745.64
South Carolina,Newberry,2020,37736.0,114.0,261.0,302.1,691.65
South Carolina,Oconee,2020,78794.0,199.0,1743.0,252.56,2212.1
South Carolina,Orangeburg,2020,83961.0,874.0,2517.0,1040.96,2997.82
South Carolina,Union,2020,27173.0,16.0,196.0,58.88,721.3
South Dakota,Lincoln,2020,65650.0,49.0,350.0,74.64,533.13
South Dakota,McCook,2020,5671.0,6.0,31.0,105.8,546.64
South Dakota,Meade,2020,29897.0,31.0,157.0,103.69,525.14
South Dakota,Minnehaha,2020,197688.0,57.0,391.0,28.83,197.79
South Dakota,Pennington,2020,109570.0,177.0,441.0,161.54,402.48
South Dakota,Turner,2020,8684.0,23.0,57.0,264.85,656.38
South Dakota,Union,2020,16855.0,10.0,46.0,59.33,272.92
South Dakota,Aurora,2020,2730.0,1.0,1.0,36.63,36.63
South Dakota,Beadle,2020,19162.0,3.0,6.0,15.66,31.31
South Dakota,Bennett,2020,3397.0,3.0,9.0,88.31,264.94
South Dakota,Bon Homme,2020,6981.0,4.0,1.0,57.3,14.32
South Dakota,Brookings,2020,34338.0,10.0,32.0,29.12,93.19
South Dakota,Brown,2020,38230.0,8.0,42.0,20.93,109.86
South Dakota,Brule,2020,5254.0,1.0,5.0,19.03,95.17
South Dakota,Butte,2020,10292.0,5.0,26.0,48.58,252.62
South Dakota,Campbell,2020,1378.0,3.0,0.0,217.71,0.0
South Dakota,Charles Mix,2020,9353.0,17.0,37.0,181.76,395.59
South Dakota,Clay,2020,15004.0,2.0,47.0,13.33,313.25
South Dakota,Codington,2020,28353.0,8.0,44.0,28.22,155.19
South Dakota,Corson,2020,3891.0,6.0,21.0,154.2,539.71
South Dakota,Custer,2020,8333.0,11.0,131.0,132.01,1572.06
South Dakota,Davison,2020,19960.0,6.0,14.0,30.06,70.14
South Dakota,Day,2020,5442.0,6.0,43.0,110.25,790.15
South Dakota,Deuel,2020,4296.0,3.0,8.0,69.83,186.22
South Dakota,Edmunds,2020,3982.0,1.0,1.0,25.11,25.11
South Dakota,Faulk,2020,2128.0,2.0,7.0,93.98,328.95
South Dakota,Gregory,2020,3993.0,1.0,0.0,25.04,0.0
South Dakota,Hamlin,2020,6169.0,9.0,35.0,145.89,567.35
South Dakota,Hanson,2020,3466.0,1.0,10.0,28.85,288.52
South Dakota,Harding,2020,1303.0,2.0,2.0,153.49,153.49
South Dakota,Hughes,2020,17734.0,9.0,18.0,50.75,101.5
South Dakota,Hutchinson,2020,7424.0,1.0,6.0,13.47,80.82
South Dakota,Jerauld,2020,1644.0,1.0,7.0,60.83,425.79
South Dakota,Jones,2020,927.0,0.0,1.0,0.0,107.87
South Dakota,Kingsbury,2020,5200.0,4.0,5.0,76.92,96.15
South Dakota,Lake,2020,11015.0,4.0,20.0,36.31,181.57
South Dakota,Lawrence,2020,25847.0,7.0,52.0,27.08,201.18
South Dakota,Lyman,2020,3697.0,5.0,14.0,135.24,378.69
South Dakota,Marshall,2020,4301.0,7.0,38.0,162.75,883.52
South Dakota,McPherson,2020,2399.0,0.0,14.0,0.0,583.58
South Dakota,Mellette,2020,1917.0,7.0,8.0,365.15,417.32
South Dakota,Miner,2020,2300.0,1.0,5.0,43.48,217.39
South Dakota,Moody,2020,6346.0,0.0,2.0,0.0,31.52
South Dakota,Perkins,2020,2829.0,2.0,15.0,70.7,530.22
South Dakota,Potter,2020,2472.0,0.0,3.0,0.0,121.36
South Dakota,Roberts,2020,10266.0,23.0,9.0,224.04,87.67
South Dakota,Sanborn,2020,2330.0,3.0,5.0,128.76,214.59
South Dakota,Spink,2020,6343.0,18.0,45.0,283.78,709.44
South Dakota,Stanley,2020,2966.0,5.0,12.0,168.58,404.59
South Dakota,Sully,2020,1451.0,1.0,2.0,68.92,137.84
South Dakota,Todd,2020,9316.0,0.0,4.0,0.0,42.94
South Dakota,Tripp,2020,5606.0,1.0,4.0,17.84,71.35
South Dakota,Walworth,2020,5291.0,0.0,2.0,0.0,37.8
South Dakota,Yankton,2020,23291.0,10.0,88.0,42.94,377.83
South Dakota,Ziebach,2020,2391.0,0.0,0.0,0.0,0.0
Tennessee,Anderson,2020,77347.0,121.0,458.0,156.44,592.14
Tennessee,Blount,2020,135666.0,287.0,866.0,211.55,638.33
Tennessee,Bradley,2020,108832.0,209.0,797.0,192.04,732.32
Tennessee,Campbell,2020,39310.0,34.0,109.0,86.49,277.28
Tennessee,Cannon,2020,14564.0,9.0,49.0,61.8,336.45
Tennessee,Cheatham,2020,41088.0,96.0,270.0,233.64,657.13
Tennessee,Chester,2020,17379.0,18.0,37.0,103.57,212.9
Tennessee,Crockett,2020,13907.0,9.0,77.0,64.72,553.68
Tennessee,Dickson,2020,54452.0,115.0,313.0,211.2,574.82
Tennessee,Fayette,2020,41868.0,64.0,144.0,152.86,343.94
Tennessee,Gibson,2020,50443.0,62.0,177.0,122.91,350.89
Tennessee,Grainger,2020,23572.0,63.0,183.0,267.27,776.34
Tennessee,Hamblen,2020,64553.0,106.0,406.0,164.21,628.94
Tennessee,Hartsville/Trousdale,2020,11646.0,55.0,142.0,472.27,1219.3
Tennessee,Hawkins,2020,56715.0,76.0,551.0,134.0,971.52
Tennessee,Jefferson,2020,54897.0,60.0,390.0,109.3,710.42
Tennessee,Knox,2020,480472.0,532.0,3394.0,110.72,706.39
Tennessee,Loudon,2020,55144.0,112.0,394.0,203.1,714.49
Tennessee,Macon,2020,25260.0,62.0,79.0,245.45,312.75
Tennessee,Madison,2020,98832.0,70.0,302.0,70.83,305.57
Tennessee,Marion,2020,28874.0,83.0,220.0,287.46,761.93
Tennessee,Maury,2020,101812.0,154.0,520.0,151.26,510.75
Tennessee,Montgomery,2020,221286.0,123.0,473.0,55.58,213.75
Tennessee,Morgan,2020,21051.0,64.0,210.0,304.02,997.58
Tennessee,Polk,2020,17558.0,45.0,267.0,256.29,1520.67
Tennessee,Roane,2020,53666.0,66.0,200.0,122.98,372.68
Tennessee,Robertson,2020,72958.0,100.0,264.0,137.07,361.85
Tennessee,Rutherford,2020,343285.0,219.0,648.0,63.8,188.76
Tennessee,Sequatchie,2020,15848.0,34.0,155.0,214.54,978.04
Tennessee,Shelby,2020,929720.0,784.0,2565.0,84.33,275.89
Tennessee,Smith,2020,19963.0,38.0,120.0,190.35,601.11
Tennessee,Stewart,2020,13708.0,45.0,74.0,328.28,539.83
Tennessee,Sullivan,2020,158238.0,310.0,936.0,195.91,591.51
Tennessee,Sumner,2020,197416.0,121.0,375.0,61.29,189.95
Tennessee,Tipton,2020,61050.0,135.0,400.0,221.13,655.2
Tennessee,Unicoi,2020,17873.0,25.0,59.0,139.88,330.11
Tennessee,Union,2020,19847.0,42.0,181.0,211.62,911.98
Tennessee,Washington,2020,133211.0,150.0,700.0,112.6,525.48
Tennessee,Williamson,2020,249614.0,110.0,307.0,44.07,122.99
Tennessee,Wilson,2020,148654.0,105.0,526.0,70.63,353.84
Tennessee,Bedford,2020,50381.0,70.0,234.0,138.94,464.46
Tennessee,Benton,2020,15847.0,30.0,136.0,189.31,858.21
Tennessee,Bledsoe,2020,14945.0,15.0,50.0,100.37,334.56
Tennessee,Carroll,2020,28427.0,30.0,138.0,105.53,485.45
Tennessee,Claiborne,2020,32075.0,46.0,220.0,143.41,685.89
Tennessee,Clay,2020,7588.0,4.0,49.0,52.71,645.76
Tennessee,Cocke,2020,36043.0,133.0,366.0,369.0,1015.45
Tennessee,Coffee,2020,58132.0,105.0,405.0,180.62,696.69
Tennessee,Cumberland,2020,61381.0,65.0,606.0,105.9,987.28
Tennessee,Decatur,2020,11429.0,45.0,136.0,393.74,1189.96
Tennessee,DeKalb,2020,20186.0,13.0,100.0,64.4,495.39
Tennessee,Dyer,2020,36710.0,49.0,196.0,133.48,533.91
Tennessee,Fentress,2020,18533.0,47.0,226.0,253.6,1219.45
Tennessee,Franklin,2020,42842.0,110.0,232.0,256.76,541.52
Tennessee,Giles,2020,30346.0,57.0,144.0,187.83,474.53
Tennessee,Greene,2020,70339.0,205.0,777.0,291.45,1104.65
Tennessee,Grundy,2020,13541.0,81.0,222.0,598.18,1639.47
Tennessee,Hancock,2020,6628.0,7.0,15.0,105.61,226.31
Tennessee,Hardeman,2020,25435.0,87.0,140.0,342.05,550.42
Tennessee,Hardin,2020,26948.0,63.0,441.0,233.78,1636.49
Tennessee,Haywood,2020,17827.0,27.0,124.0,151.46,695.57
Tennessee,Henderson,2020,27833.0,65.0,221.0,233.54,794.02
Tennessee,Henry,2020,32149.0,47.0,263.0,146.19,818.07
Tennessee,Hickman,2020,24972.0,106.0,415.0,424.48,1661.86
Tennessee,Houston,2020,8295.0,42.0,75.0,506.33,904.16
Tennessee,Humphreys,2020,18998.0,43.0,101.0,226.34,531.63
Tennessee,Jackson,2020,11637.0,24.0,61.0,206.24,524.19
Tennessee,Johnson,2020,17985.0,38.0,128.0,211.29,711.7
Tennessee,Lake,2020,6988.0,6.0,37.0,85.86,529.48
Tennessee,Lauderdale,2020,25115.0,73.0,176.0,290.66,700.78
Tennessee,Lawrence,2020,44185.0,77.0,296.0,174.27,669.91
Tennessee,Lewis,2020,12609.0,26.0,83.0,206.2,658.26
Tennessee,Lincoln,2020,35332.0,54.0,333.0,152.84,942.49
Tennessee,Marshall,2020,34467.0,28.0,80.0,81.24,232.11
Tennessee,McMinn,2020,53347.0,92.0,422.0,172.46,791.05
Tennessee,McNairy,2020,25868.0,41.0,201.0,158.5,777.02
Tennessee,Meigs,2020,12808.0,55.0,214.0,429.42,1670.83
Tennessee,Monroe,2020,46399.0,193.0,813.0,415.96,1752.19
Tennessee,Moore,2020,6472.0,13.0,43.0,200.87,664.4
Tennessee,Obion,2020,30779.0,52.0,217.0,168.95,705.03
Tennessee,Overton,2020,22590.0,24.0,159.0,106.24,703.85
Tennessee,Perry,2020,8383.0,9.0,35.0,107.36,417.51
Tennessee,Pickett,2020,5002.0,12.0,44.0,239.9,879.65
Tennessee,Rhea,2020,33302.0,74.0,251.0,222.21,753.71
Tennessee,Scott,2020,21880.0,45.0,167.0,205.67,763.25
Tennessee,Sevier,2020,98848.0,159.0,686.0,160.85,693.99
Tennessee,Van Buren,2020,6174.0,1.0,31.0,16.2,502.11
Tennessee,Warren,2020,41057.0,90.0,320.0,219.21,779.4
Tennessee,Wayne,2020,16220.0,18.0,90.0,110.97,554.87
Tennessee,Weakley,2020,32908.0,27.0,101.0,82.05,306.92
Tennessee,White,2020,27441.0,47.0,226.0,171.28,823.59
Texas,Atascosa,2020,49286.0,64.0,532.0,129.85,1079.41
Texas,Austin,2020,30133.0,14.0,79.0,46.46,262.17
Texas,Bandera,2020,20987.0,13.0,205.0,61.94,976.8
Texas,Bastrop,2020,98060.0,198.0,636.0,201.92,648.58
Texas,Bell,2020,372407.0,74.0,724.0,19.87,194.41
Texas,Bexar,2020,2015492.0,785.0,5296.0,38.95,262.76
Texas,Brazoria,2020,373490.0,234.0,1186.0,62.65,317.55
Texas,Brazos,2020,234527.0,29.0,289.0,12.37,123.23
Texas,Burleson,2020,17679.0,15.0,112.0,84.85,633.52
Texas,Caldwell,2020,45945.0,17.0,96.0,37.0,208.95
Texas,Callahan,2020,13748.0,12.0,40.0,87.29,290.95
Texas,Cameron,2020,421504.0,182.0,804.0,43.18,190.75
Texas,Carson,2020,5795.0,12.0,15.0,207.08,258.84
Texas,Chambers,2020,46992.0,120.0,576.0,255.36,1225.74
Texas,Collin,2020,1075512.0,72.0,302.0,6.69,28.08
Texas,Comal,2020,163608.0,138.0,609.0,84.35,372.23
Texas,Coryell,2020,83102.0,21.0,111.0,25.27,133.57
Texas,Crosby,2020,5096.0,3.0,27.0,58.87,529.83
Texas,Dallas,2020,2610802.0,44.0,213.0,1.69,8.16
Texas,Denton,2020,914517.0,82.0,450.0,8.97,49.21
Texas,Ector,2020,165491.0,149.0,1874.0,90.04,1132.39
Texas,El Paso,2020,866582.0,350.0,590.0,40.39,68.08
Texas,Fort Bend,2020,830347.0,1003.0,4689.0,120.79,564.7
Texas,Goliad,2020,7021.0,22.0,98.0,313.35,1395.81
Texas,Grayson,2020,136157.0,47.0,334.0,34.52,245.31
Texas,Gregg,2020,124315.0,82.0,407.0,65.96,327.39
Texas,Guadalupe,2020,173722.0,86.0,442.0,49.5,254.43
Texas,Hardin,2020,56357.0,29.0,249.0,51.46,441.83
Texas,Harris,2020,4734060.0,8813.0,43757.0,186.16,924.3
Texas,Harrison,2020,68798.0,94.0,464.0,136.63,674.44
Texas,Hays,2020,243984.0,120.0,772.0,49.18,316.41
Texas,Hidalgo,2020,872753.0,482.0,2952.0,55.23,338.24
Texas,Hudspeth,2020,3189.0,2.0,15.0,62.72,470.37
Texas,Hunt,2020,100260.0,336.0,494.0,335.13,492.72
Texas,Irion,2020,1506.0,1.0,13.0,66.4,863.21
Texas,Johnson,2020,180955.0,188.0,643.0,103.89,355.34
Texas,Jones,2020,19667.0,6.0,41.0,30.51,208.47
Texas,Kaufman,2020,147165.0,106.0,665.0,72.03,451.87
Texas,Kendall,2020,44568.0,25.0,116.0,56.09,260.28
Texas,Lampasas,2020,21704.0,12.0,114.0,55.29,525.25
Texas,Liberty,2020,92471.0,248.0,712.0,268.19,769.97
Texas,Lubbock,2020,311589.0,63.0,491.0,20.22,157.58
Texas,Lynn,2020,5609.0,3.0,14.0,53.49,249.6
Texas,Martin,2020,5259.0,6.0,67.0,114.09,1274.01
Texas,McLennan,2020,261189.0,81.0,612.0,31.01,234.31
Texas,Medina,2020,51058.0,69.0,335.0,135.14,656.12
Texas,Midland,2020,170722.0,107.0,768.0,62.67,449.85
Texas,Nueces,2020,353554.0,66.0,135.0,18.67,38.18
Texas,Oldham,2020,1766.0,2.0,14.0,113.25,792.75
Texas,Orange,2020,84759.0,77.0,503.0,90.85,593.45
Texas,Potter,2020,118353.0,24.0,216.0,20.28,182.5
Texas,Randall,2020,141255.0,56.0,285.0,39.64,201.76
Texas,Robertson,2020,16767.0,6.0,114.0,35.78,679.91
Texas,Rockwall,2020,109199.0,14.0,64.0,12.82,58.61
Texas,Rusk,2020,52255.0,65.0,541.0,124.39,1035.31
Texas,San Patricio,2020,68839.0,34.0,143.0,49.39,207.73
Texas,Smith,2020,234205.0,366.0,1462.0,156.27,624.24
Texas,Sterling,2020,1383.0,4.0,16.0,289.23,1156.91
Texas,Tarrant,2020,2116194.0,147.0,800.0,6.95,37.8
Texas,Taylor,2020,143484.0,48.0,95.0,33.45,66.21
Texas,Tom Green,2020,120185.0,33.0,181.0,27.46,150.6
Texas,Travis,2020,1296572.0,761.0,3474.0,58.69,267.94
Texas,Upshur,2020,41044.0,53.0,286.0,129.13,696.81
Texas,Victoria,2020,91299.0,116.0,284.0,127.06,311.07
Texas,Waller,2020,57294.0,60.0,286.0,104.72,499.18
Texas,Webb,2020,267336.0,64.0,239.0,23.94,89.4
Texas,Wichita,2020,129611.0,52.0,118.0,40.12,91.04
Texas,Williamson,2020,615611.0,170.0,1850.0,27.61,300.51
Texas,Wilson,2020,50051.0,16.0,174.0,31.97,347.65
Texas,Wise,2020,68931.0,92.0,342.0,133.47,496.15
Texas,Anderson,2020,57941.0,32.0,359.0,55.23,619.6
Texas,Andrews,2020,18616.0,11.0,150.0,59.09,805.76
Texas,Angelina,2020,86496.0,109.0,517.0,126.02,597.72
Texas,Aransas,2020,23930.0,60.0,224.0,250.73,936.06
Texas,Bailey,2020,6869.0,0.0,25.0,0.0,363.95
Texas,Blanco,2020,11451.0,25.0,57.0,218.32,497.77
Texas,Borden,2020,643.0,0.0,10.0,0.0,1555.21
Texas,Bosque,2020,18255.0,6.0,67.0,32.87,367.02
Texas,Brewster,2020,9561.0,4.0,18.0,41.84,188.26
Texas,Briscoe,2020,1420.0,1.0,5.0,70.42,352.11
Texas,Brooks,2020,7095.0,1.0,3.0,14.09,42.28
Texas,Brown,2020,38056.0,37.0,229.0,97.23,601.74
Texas,Burnet,2020,49480.0,52.0,237.0,105.09,478.98
Texas,Calhoun,2020,20064.0,20.0,87.0,99.68,433.61
Texas,Camp,2020,12429.0,18.0,66.0,144.82,531.02
Texas,Cass,2020,28441.0,19.0,192.0,66.8,675.08
Texas,Castro,2020,7324.0,3.0,24.0,40.96,327.69
Texas,Cherokee,2020,50619.0,49.0,441.0,96.8,871.21
Texas,Coke,2020,3321.0,3.0,18.0,90.33,542.01
Texas,Colorado,2020,20641.0,11.0,131.0,53.29,634.66
Texas,Comanche,2020,13635.0,10.0,55.0,73.34,403.37
Texas,Cooke,2020,41751.0,25.0,124.0,59.88,297.0
Texas,Crane,2020,4671.0,3.0,10.0,64.23,214.09
Texas,Crockett,2020,3095.0,3.0,9.0,96.93,290.79
Texas,Dallam,2020,7137.0,3.0,13.0,42.03,182.15
Texas,Dawson,2020,12474.0,5.0,61.0,40.08,489.02
Texas,Deaf Smith,2020,18533.0,3.0,55.0,16.19,296.77
Texas,Delta,2020,5221.0,2.0,13.0,38.31,248.99
Texas,Dimmit,2020,8584.0,9.0,114.0,104.85,1328.05
Texas,Donley,2020,3276.0,4.0,23.0,122.1,702.08
Texas,Duval,2020,9811.0,18.0,99.0,183.47,1009.07
Texas,Eastland,2020,17800.0,6.0,40.0,33.71,224.72
Texas,Erath,2020,42710.0,29.0,62.0,67.9,145.17
Texas,Fayette,2020,24511.0,23.0,107.0,93.84,436.54
Texas,Fisher,2020,3678.0,11.0,9.0,299.08,244.7
Texas,Floyd,2020,5369.0,3.0,32.0,55.88,596.01
Texas,Franklin,2020,10372.0,19.0,49.0,183.19,472.43
Texas,Freestone,2020,19439.0,23.0,82.0,118.32,421.83
Texas,Frio,2020,18406.0,10.0,63.0,54.33,342.28
Texas,Gaines,2020,21699.0,9.0,91.0,41.48,419.37
Texas,Garza,2020,5806.0,22.0,18.0,378.92,310.02
Texas,Gillespie,2020,26768.0,9.0,30.0,33.62,112.07
Texas,Glasscock,2020,1117.0,2.0,20.0,179.05,1790.51
Texas,Gonzales,2020,19670.0,24.0,99.0,122.01,503.3
Texas,Gray,2020,21197.0,8.0,47.0,37.74,221.73
Texas,Grimes,2020,29443.0,27.0,131.0,91.7,444.93
Texas,Hale,2020,32458.0,12.0,50.0,36.97,154.05
Texas,Hall,2020,2805.0,0.0,7.0,0.0,249.55
Texas,Hamilton,2020,8252.0,3.0,21.0,36.35,254.48
Texas,Hardeman,2020,3558.0,2.0,23.0,56.21,646.43
Texas,Hemphill,2020,3365.0,7.0,10.0,208.02,297.18
Texas,Henderson,2020,82400.0,130.0,436.0,157.77,529.13
Texas,Hill,2020,35965.0,31.0,265.0,86.19,736.83
Texas,Hockley,2020,21484.0,13.0,103.0,60.51,479.43
Texas,Hood,2020,62054.0,75.0,357.0,120.86,575.31
Texas,Hopkins,2020,36833.0,30.0,73.0,81.45,198.19
Texas,Houston,2020,22073.0,7.0,82.0,31.71,371.49
Texas,Hutchinson,2020,20569.0,12.0,75.0,58.34,364.63
Texas,Jack,2020,8484.0,10.0,36.0,117.87,424.33
Texas,Jackson,2020,14997.0,10.0,78.0,66.68,520.1
Texas,Jasper,2020,32921.0,76.0,390.0,230.86,1184.65
Texas,Jim Hogg,2020,4845.0,12.0,33.0,247.68,681.11
Texas,Jim Wells,2020,38888.0,84.0,250.0,216.0,642.87
Texas,Karnes,2020,14811.0,4.0,84.0,27.01,567.15
Texas,Kenedy,2020,349.0,2.0,10.0,573.07,2865.33
Texas,Kerr,2020,52696.0,40.0,173.0,75.91,328.3
Texas,Kinney,2020,3127.0,0.0,0.0,0.0,0.0
Texas,Kleberg,2020,30986.0,20.0,37.0,64.55,119.41
Texas,Lamar,2020,50131.0,22.0,158.0,43.89,315.17
Texas,Lamb,2020,13005.0,4.0,72.0,30.76,553.63
Texas,Lavaca,2020,20355.0,6.0,,29.48,
Texas,Lee,2020,17504.0,14.0,85.0,79.98,485.6
Texas,Leon,2020,15775.0,4.0,111.0,25.36,703.65
Texas,Llano,2020,21331.0,24.0,214.0,112.51,1003.23
Texas,Loving,2020,63.0,2.0,16.0,3174.6,25396.83
Texas,Madison,2020,13457.0,11.0,47.0,81.74,349.26
Texas,Marion,2020,9866.0,16.0,100.0,162.17,1013.58
Texas,Mason,2020,3970.0,3.0,9.0,75.57,226.7
Texas,Matagorda,2020,36287.0,70.0,272.0,192.91,749.58
Texas,Maverick,2020,57866.0,46.0,324.0,79.49,559.91
Texas,McCulloch,2020,7592.0,4.0,24.0,52.69,316.12
Texas,Menard,2020,1959.0,1.0,0.0,51.05,0.0
Texas,Milam,2020,24780.0,9.0,59.0,36.32,238.1
Texas,Mills,2020,4447.0,9.0,13.0,202.38,292.33
Texas,Mitchell,2020,9013.0,1.0,20.0,11.1,221.9
Texas,Montague,2020,20040.0,18.0,100.0,89.82,499.0
Texas,Moore,2020,21264.0,4.0,34.0,18.81,159.89
Texas,Morris,2020,11978.0,10.0,59.0,83.49,492.57
Texas,Nacogdoches,2020,64642.0,65.0,312.0,100.55,482.66
Texas,Navarro,2020,52843.0,58.0,325.0,109.76,615.03
Texas,Newton,2020,12163.0,20.0,79.0,164.43,649.51
Texas,Nolan,2020,14724.0,4.0,27.0,27.17,183.37
Texas,Palo Pinto,2020,28456.0,13.0,133.0,45.68,467.39
Texas,Panola,2020,22498.0,42.0,251.0,186.68,1115.65
Texas,Parmer,2020,9856.0,1.0,18.0,10.15,182.63
Texas,Pecos,2020,15188.0,0.0,100.0,0.0,658.41
Texas,Polk,2020,50464.0,80.0,,158.53,
Texas,Presidio,2020,6105.0,0.0,0.0,0.0,0.0
Texas,Rains,2020,12182.0,12.0,38.0,98.51,311.94
Texas,Reagan,2020,3423.0,8.0,24.0,233.71,701.14
Texas,Real,2020,2749.0,6.0,49.0,218.26,1782.47
Texas,Red River,2020,11564.0,30.0,66.0,259.43,570.74
Texas,Reeves,2020,14769.0,20.0,90.0,135.42,609.38
Texas,Refugio,2020,6742.0,2.0,30.0,29.66,444.97
Texas,Roberts,2020,824.0,0.0,1.0,0.0,121.36
Texas,Runnels,2020,9916.0,7.0,14.0,70.59,141.19
Texas,Sabine,2020,9896.0,15.0,58.0,151.58,586.1
Texas,San Augustine,2020,7923.0,13.0,53.0,164.08,668.94
Texas,San Jacinto,2020,27542.0,38.0,711.0,137.97,2581.51
Texas,San Saba,2020,5723.0,10.0,23.0,174.73,401.89
Texas,Schleicher,2020,2438.0,2.0,18.0,82.03,738.31
Texas,Shelby,2020,24042.0,33.0,183.0,137.26,761.17
Texas,Somervell,2020,9206.0,15.0,70.0,162.94,760.37
Texas,Starr,2020,65853.0,74.0,242.0,112.37,367.49
Texas,Sutton,2020,3361.0,3.0,2.0,89.26,59.51
Texas,Terry,2020,11792.0,4.0,44.0,33.92,373.13
Texas,Titus,2020,31298.0,41.0,176.0,131.0,562.34
Texas,Trinity,2020,13636.0,12.0,59.0,88.0,432.68
Texas,Tyler,2020,19824.0,34.0,171.0,171.51,862.59
Texas,Upton,2020,3301.0,4.0,16.0,121.18,484.7
Texas,Uvalde,2020,24565.0,28.0,70.0,113.98,284.96
Texas,Val Verde,2020,47597.0,41.0,107.0,86.14,224.8
Texas,Walker,2020,76562.0,58.0,183.0,75.76,239.02
Texas,Ward,2020,11679.0,13.0,146.0,111.31,1250.11
Texas,Washington,2020,35791.0,43.0,101.0,120.14,282.19
Texas,Wharton,2020,41581.0,57.0,283.0,137.08,680.6
Texas,Wheeler,2020,4976.0,3.0,12.0,60.29,241.16
Texas,Wilbarger,2020,12842.0,0.0,16.0,0.0,124.59
Texas,Willacy,2020,20125.0,13.0,60.0,64.6,298.14
Texas,Winkler,2020,7757.0,4.0,74.0,51.57,953.98
Texas,Yoakum,2020,7672.0,5.0,30.0,65.17,391.03
Texas,Zapata,2020,13875.0,16.0,108.0,115.32,778.38
Texas,Zavala,2020,9668.0,11.0,44.0,113.78,455.11
Utah,Box Elder,2020,57944.0,12.0,111.0,20.71,191.56
Utah,Cache,2020,133636.0,38.0,206.0,28.44,154.15
Utah,Davis,2020,363766.0,21.0,280.0,5.77,76.97
Utah,Juab,2020,11821.0,2.0,54.0,16.92,456.81
Utah,Salt Lake County Unified Police Department,2020,1187009.0,719.0,8901.0,60.57,749.87
Utah,Tooele,2020,73349.0,33.0,252.0,44.99,343.56
Utah,Utah,2020,663576.0,50.0,379.0,7.53,57.11
Utah,Washington,2020,182002.0,35.0,132.0,19.23,72.53
Utah,Weber,2020,262989.0,111.0,1004.0,42.21,381.77
Utah,Beaver,2020,7089.0,10.0,87.0,141.06,1227.25
Utah,Carbon,2020,20485.0,11.0,91.0,53.7,444.23
Utah,Duchesne,2020,19617.0,50.0,265.0,254.88,1350.87
Utah,Grand,2020,9683.0,13.0,88.0,134.26,908.81
Utah,Iron,2020,57703.0,20.0,110.0,34.66,190.63
Utah,Kane,2020,7697.0,18.0,20.0,233.86,259.84
Utah,Millard,2020,13053.0,40.0,184.0,306.44,1409.64
Utah,San Juan,2020,14521.0,5.0,51.0,34.43,351.22
Utah,Sevier,2020,21554.0,11.0,65.0,51.03,301.57
Utah,Summit,2020,42478.0,27.0,454.0,63.56,1068.79
Utah,Uintah,2020,35676.0,51.0,201.0,142.95,563.4
Utah,Wasatch,2020,35061.0,18.0,94.0,51.34,268.1
Vermont,Franklin,2020,50041.0,13.0,14.0,25.98,27.98
Vermont,Grand Isle,2020,7277.0,12.0,38.0,164.9,522.19
Vermont,Addison,2020,37362.0,0.0,1.0,0.0,2.68
Vermont,Bennington,2020,37318.0,1.0,5.0,2.68,13.4
Vermont,Essex,2020,5921.0,2.0,13.0,33.78,219.56
Vermont,Lamoille,2020,25927.0,4.0,34.0,15.43,131.14
Vermont,Orange,2020,29296.0,9.0,21.0,30.72,71.68
Vermont,Orleans,2020,27404.0,3.0,43.0,10.95,156.91
Vermont,Rutland,2020,60476.0,0.0,17.0,0.0,28.11
Vermont,Washington,2020,59766.0,0.0,0.0,0.0,0.0
Vermont,Windham,2020,45858.0,0.0,15.0,0.0,32.71
Vermont,Windsor,2020,57727.0,1.0,5.0,1.73,8.66
Virginia,Albemarle County Police Department,2020,112578.0,119.0,1296.0,105.7,1151.2
Virginia,Amelia,2020,13268.0,18.0,122.0,135.66,919.51
Virginia,Amherst,2020,31312.0,60.0,336.0,191.62,1073.07
Virginia,Appomattox,2020,16155.0,10.0,66.0,61.9,408.54
Virginia,Arlington County Police Department,2020,238825.0,371.0,3160.0,155.34,1323.14
Virginia,Augusta,2020,77586.0,122.0,774.0,157.24,997.6
Virginia,Bedford,2020,79590.0,86.0,444.0,108.05,557.86
Virginia,Botetourt,2020,33636.0,31.0,210.0,92.16,624.33
Virginia,Campbell,2020,55598.0,101.0,620.0,181.66,1115.15
Virginia,Charles City,2020,6747.0,11.0,34.0,163.04,503.93
Virginia,Chesterfield County Police Department,2020,365330.0,477.0,5008.0,130.57,1370.82
Virginia,Clarke,2020,14817.0,7.0,54.0,47.24,364.45
Virginia,Craig,2020,4876.0,1.0,40.0,20.51,820.34
Virginia,Culpeper,2020,52764.0,12.0,125.0,22.74,236.9
Virginia,Dinwiddie,2020,27886.0,70.0,258.0,251.02,925.2
Virginia,Fairfax County Police Department,2020,1148598.0,925.0,13575.0,80.53,1181.88
Virginia,Fairfax County Police Department,2020,24174.0,925.0,13575.0,3826.43,56155.37
Virginia,Fauquier,2020,73012.0,47.0,288.0,64.37,394.46
Virginia,Fluvanna,2020,27289.0,24.0,107.0,87.95,392.1
Virginia,Franklin,2020,54478.0,66.0,496.0,121.15,910.46
Virginia,Franklin,2020,8147.0,66.0,496.0,810.11,6088.13
Virginia,Frederick,2020,91891.0,73.0,880.0,79.44,957.66
Virginia,Giles,2020,16786.0,12.0,77.0,71.49,458.72
Virginia,Gloucester,2020,38723.0,27.0,479.0,69.73,1236.99
Virginia,Goochland,2020,24866.0,12.0,188.0,48.26,756.05
Virginia,Greene,2020,20601.0,20.0,190.0,97.08,922.29
Virginia,Hanover,2020,110211.0,174.0,778.0,157.88,705.92
Virginia,Henrico County Police Department,2020,334929.0,514.0,6947.0,153.47,2074.17
Virginia,Isle of Wight,2020,38711.0,42.0,192.0,108.5,495.98
Virginia,James City County Police Department,2020,,71.0,632.0,,
Virginia,King and Queen,2020,6585.0,7.0,40.0,106.3,607.44
Virginia,King William,2020,17916.0,17.0,71.0,94.89,396.29
Virginia,Loudoun,2020,422693.0,308.0,2122.0,72.87,502.02
Virginia,Madison,2020,13862.0,9.0,65.0,64.93,468.91
Virginia,Mathews,2020,8520.0,6.0,69.0,70.42,809.86
Virginia,Montgomery,2020,99593.0,77.0,273.0,77.31,274.12
Virginia,Nelson,2020,14737.0,36.0,205.0,244.28,1391.06
Virginia,New Kent,2020,23118.0,32.0,243.0,138.42,1051.13
Virginia,Powhatan,2020,30453.0,38.0,220.0,124.78,722.42
Virginia,Prince George County Police Department,2020,43076.0,119.0,412.0,276.26,956.45
Virginia,Prince William County Police Department,2020,482838.0,942.0,4636.0,195.1,960.16
Virginia,Pulaski,2020,33806.0,36.0,516.0,106.49,1526.36
Virginia,Rappahannock,2020,7322.0,7.0,30.0,95.6,409.72
Virginia,Roanoke County Police Department,2020,96958.0,194.0,1105.0,200.09,1139.67
Virginia,Roanoke County Police Department,2020,99903.0,194.0,1105.0,194.19,1106.07
Virginia,Rockingham,2020,83780.0,69.0,326.0,82.36,389.11
Virginia,Scott,2020,21595.0,37.0,233.0,171.34,1078.95
Virginia,Southampton,2020,17950.0,18.0,178.0,100.28,991.64
Virginia,Spotsylvania,2020,140611.0,150.0,780.0,106.68,554.72
Virginia,Stafford,2020,157763.0,307.0,1172.0,194.6,742.89
Virginia,Sussex,2020,10799.0,18.0,76.0,166.68,703.77
Virginia,Warren,2020,40796.0,19.0,263.0,46.57,644.67
Virginia,Washington,2020,53910.0,52.0,589.0,96.46,1092.56
Virginia,York,2020,70236.0,65.0,725.0,92.55,1032.23
Virginia,Accomack,2020,33400.0,105.0,303.0,314.37,907.19
Virginia,Alleghany,2020,15187.0,19.0,54.0,125.11,355.57
Virginia,Bath,2020,4185.0,1.0,18.0,23.89,430.11
Virginia,Bland,2020,6255.0,6.0,42.0,95.92,671.46
Virginia,Brunswick,2020,15824.0,9.0,101.0,56.88,638.27
Virginia,Buchanan,2020,20247.0,37.0,260.0,182.74,1284.14
Virginia,Buckingham,2020,16826.0,20.0,153.0,118.86,909.31
Virginia,Caroline,2020,30922.0,51.0,214.0,164.93,692.06
Virginia,Carroll,2020,29146.0,34.0,227.0,116.65,778.84
Virginia,Charlotte,2020,11538.0,13.0,136.0,112.67,1178.71
Virginia,Cumberland,2020,9680.0,22.0,42.0,227.27,433.88
Virginia,Dickenson,2020,14075.0,21.0,76.0,149.2,539.96
Virginia,Essex,2020,10597.0,13.0,21.0,122.68,198.17
Virginia,Floyd,2020,15469.0,18.0,61.0,116.36,394.34
Virginia,Grayson,2020,15282.0,11.0,131.0,71.98,857.22
Virginia,Greensville,2020,11387.0,13.0,62.0,114.17,544.48
Virginia,Halifax,2020,33939.0,21.0,217.0,61.88,639.38
Virginia,Henry,2020,50845.0,134.0,889.0,263.55,1748.45
Virginia,Highland,2020,2242.0,1.0,12.0,44.6,535.24
Virginia,King George,2020,26822.0,60.0,214.0,223.7,797.85
Virginia,Lancaster,2020,10899.0,40.0,47.0,367.01,431.23
Virginia,Lee,2020,22110.0,27.0,224.0,122.12,1013.12
Virginia,Louisa,2020,37785.0,39.0,328.0,103.22,868.07
Virginia,Lunenburg,2020,11949.0,13.0,33.0,108.8,276.17
Virginia,Mecklenburg,2020,30285.0,25.0,142.0,82.55,468.88
Virginia,Middlesex,2020,10609.0,18.0,94.0,169.67,886.04
Virginia,Northampton,2020,12217.0,23.0,60.0,188.26,491.12
Virginia,Northumberland,2020,11838.0,11.0,53.0,92.92,447.71
Virginia,Nottoway,2020,15642.0,22.0,85.0,140.65,543.41
Virginia,Orange,2020,36396.0,27.0,163.0,74.18,447.85
Virginia,Page,2020,23695.0,6.0,140.0,25.32,590.84
Virginia,Patrick,2020,17583.0,43.0,252.0,244.55,1433.2
Virginia,Pittsylvania,2020,60369.0,77.0,339.0,127.55,561.55
Virginia,Prince Edward,2020,21879.0,21.0,81.0,95.98,370.22
Virginia,Richmond,2020,8919.0,0.0,14.0,0.0,156.97
Virginia,Richmond,2020,226927.0,0.0,14.0,0.0,6.17
Virginia,Rockbridge,2020,22668.0,43.0,210.0,189.69,926.42
Virginia,Russell,2020,25761.0,23.0,140.0,89.28,543.46
Virginia,Shenandoah,2020,44258.0,46.0,224.0,103.94,506.12
Virginia,Smyth,2020,29780.0,19.0,153.0,63.8,513.77
Virginia,Surry,2020,6548.0,4.0,27.0,61.09,412.34
Virginia,Tazewell,2020,40407.0,37.0,302.0,91.57,747.4
Virginia,Westmoreland,2020,18513.0,20.0,89.0,108.03,480.74
Virginia,Wise,2020,36072.0,44.0,271.0,121.98,751.28
Virginia,Wythe,2020,28324.0,23.0,189.0,81.2,667.28
Washington,Asotin,2020,22327.0,22.0,157.0,98.54,703.18
Washington,Benton,2020,207408.0,99.0,646.0,47.73,311.46
Washington,Chelan,2020,79302.0,42.0,315.0,52.96,397.22
Washington,Clark,2020,505325.0,354.0,2861.0,70.05,566.17
Washington,Cowlitz,2020,111014.0,53.0,355.0,47.74,319.78
Washington,Douglas,2020,43033.0,20.0,276.0,46.48,641.37
Washington,Franklin,2020,97137.0,25.0,138.0,25.74,142.07
Washington,King,2020,2274304.0,563.0,3645.0,24.75,160.27
Washington,Kitsap,2020,275811.0,356.0,2448.0,129.07,887.56
Washington,Pierce,2020,923609.0,1096.0,7093.0,118.66,767.97
Washington,Skagit,2020,129885.0,71.0,817.0,54.66,629.02
Washington,Skamania,2020,12038.0,8.0,138.0,66.46,1146.37
Washington,Snohomish,2020,829901.0,504.0,4339.0,60.73,522.83
Washington,Spokane,2020,541144.0,202.0,2786.0,37.33,514.84
Washington,Stevens,2020,46585.0,31.0,350.0,66.55,751.31
Washington,Thurston,2020,296013.0,209.0,1484.0,70.61,501.33
Washington,Walla Walla,2020,62620.0,37.0,314.0,59.09,501.44
Washington,Whatcom,2020,227452.0,142.0,474.0,62.43,208.4
Washington,Yakima,2020,256716.0,168.0,1345.0,65.44,523.93
Washington,Adams,2020,20610.0,18.0,107.0,87.34,519.17
Washington,Clallam,2020,77356.0,80.0,546.0,103.42,705.83
Washington,Columbia,2020,3954.0,3.0,65.0,75.87,1643.9
Washington,Ferry,2020,7199.0,1.0,43.0,13.89,597.31
Washington,Garfield,2020,2296.0,17.0,20.0,740.42,871.08
Washington,Grant,2020,99446.0,101.0,876.0,101.56,880.88
Washington,Grays Harbor,2020,75866.0,30.0,229.0,39.54,301.85
Washington,Island,2020,87001.0,44.0,503.0,50.57,578.15
Washington,Jefferson,2020,33064.0,22.0,284.0,66.54,858.94
Washington,Kittitas,2020,46823.0,25.0,237.0,53.39,506.16
Washington,Klickitat,2020,22817.0,3.0,41.0,13.15,179.69
Washington,Lewis,2020,82551.0,67.0,387.0,81.16,468.8
Washington,Lincoln,2020,10926.0,8.0,125.0,73.22,1144.06
Washington,Mason,2020,66041.0,74.0,836.0,112.05,1265.88
Washington,Pacific,2020,23503.0,18.0,136.0,76.59,578.65
Washington,Pend Oreille,2020,13505.0,21.0,136.0,155.5,1007.03
Washington,San Juan,2020,17825.0,5.0,92.0,28.05,516.13
Washington,Wahkiakum,2020,4446.0,6.0,34.0,134.95,764.73
Washington,Whitman,2020,47816.0,15.0,64.0,31.37,133.85
West Virginia,Berkeley,2020,122693.0,77.0,49.0,62.76,39.94
West Virginia,Brooke,2020,22481.0,6.0,2.0,26.69,8.9
West Virginia,Cabell,2020,94245.0,40.0,447.0,42.44,474.3
West Virginia,Fayette,2020,40442.0,62.0,235.0,153.31,581.08
West Virginia,Hampshire,2020,23086.0,30.0,89.0,129.95,385.52
West Virginia,Hancock,2020,29040.0,8.0,2.0,27.55,6.89
West Virginia,Jackson,2020,27723.0,35.0,16.0,126.25,57.71
West Virginia,Jefferson,2020,57790.0,28.0,202.0,48.45,349.54
West Virginia,Kanawha,2020,180215.0,441.0,1228.0,244.71,681.41
West Virginia,Marshall,2020,30498.0,16.0,71.0,52.46,232.8
West Virginia,Mineral,2020,26892.0,14.0,54.0,52.06,200.8
West Virginia,Morgan,2020,17086.0,37.0,31.0,216.55,181.44
West Virginia,Preston,2020,34201.0,9.0,119.0,26.32,347.94
West Virginia,Raleigh,2020,74404.0,126.0,645.0,169.35,866.89
West Virginia,Wirt,2020,5187.0,12.0,35.0,231.35,674.76
West Virginia,Wood,2020,84153.0,105.0,323.0,124.77,383.82
West Virginia,Calhoun,2020,6203.0,2.0,11.0,32.24,177.33
West Virginia,Doddridge,2020,7785.0,12.0,41.0,154.14,526.65
West Virginia,Greenbrier,2020,32906.0,8.0,88.0,24.31,267.43
West Virginia,Hardy,2020,14241.0,24.0,9.0,168.53,63.2
West Virginia,Harrison,2020,65846.0,39.0,104.0,59.23,157.94
West Virginia,Lewis,2020,17021.0,11.0,6.0,64.63,35.25
West Virginia,Logan,2020,32514.0,91.0,2.0,279.88,6.15
West Virginia,McDowell,2020,18942.0,14.0,1.0,73.91,5.28
West Virginia,Mingo,2020,23489.0,5.0,6.0,21.29,25.54
West Virginia,Nicholas,2020,24559.0,173.0,10.0,704.43,40.72
West Virginia,Randolph,2020,27893.0,92.0,148.0,329.83,530.6
West Virginia,Upshur,2020,23820.0,8.0,5.0,33.59,20.99
West Virginia,Wetzel,2020,14404.0,20.0,23.0,138.85,159.68
West Virginia,Wyoming,2020,21322.0,90.0,80.0,422.1,375.2
Wisconsin,Brown,2020,268952.0,48.0,580.0,17.85,215.65
Wisconsin,Calumet,2020,52475.0,21.0,85.0,40.02,161.98
Wisconsin,Chippewa,2020,66334.0,40.0,268.0,60.3,404.02
Wisconsin,Columbia,2020,58534.0,26.0,235.0,44.42,401.48
Wisconsin,Dane,2020,562615.0,120.0,768.0,21.33,136.51
Wisconsin,Douglas,2020,44351.0,11.0,228.0,24.8,514.08
Wisconsin,Eau Claire,2020,105898.0,20.0,217.0,18.89,204.91
Wisconsin,Fond du Lac,2020,104159.0,23.0,162.0,22.08,155.53
Wisconsin,Green,2020,37039.0,3.0,68.0,8.1,183.59
Wisconsin,Iowa,2020,23716.0,16.0,34.0,67.47,143.36
Wisconsin,Kenosha,2020,169186.0,59.0,331.0,34.87,195.64
Wisconsin,Kewaunee,2020,20552.0,16.0,37.0,77.85,180.03
Wisconsin,La Crosse,2020,120955.0,34.0,134.0,28.11,110.79
Wisconsin,Lincoln,2020,28423.0,68.0,115.0,239.24,404.6
Wisconsin,Marathon,2020,138119.0,68.0,284.0,49.23,205.62
Wisconsin,Milwaukee,2020,938606.0,118.0,147.0,12.57,15.66
Wisconsin,Oconto,2020,39077.0,8.0,249.0,20.47,637.2
Wisconsin,Outagamie,2020,190959.0,42.0,314.0,21.99,164.43
Wisconsin,Ozaukee,2020,91631.0,12.0,81.0,13.1,88.4
Wisconsin,Pierce,2020,42221.0,12.0,113.0,28.42,267.64
Wisconsin,Racine,2020,198061.0,35.0,153.0,17.67,77.25
Wisconsin,Rock,2020,163763.0,39.0,212.0,23.81,129.46
Wisconsin,Sheboygan,2020,118040.0,44.0,343.0,37.28,290.58
Wisconsin,St. Croix,2020,93875.0,34.0,294.0,36.22,313.18
Wisconsin,Washington,2020,136806.0,17.0,192.0,12.43,140.34
Wisconsin,Waukesha,2020,407506.0,47.0,279.0,11.53,68.47
Wisconsin,Winnebago,2020,171833.0,20.0,288.0,11.64,167.6
Wisconsin,Ashland,2020,16028.0,20.0,54.0,124.78,336.91
Wisconsin,Barron,2020,46719.0,23.0,127.0,49.23,271.84
Wisconsin,Bayfield,2020,16240.0,15.0,93.0,92.36,572.66
Wisconsin,Buffalo,2020,13333.0,5.0,19.0,37.5,142.5
Wisconsin,Burnett,2020,16580.0,45.0,297.0,271.41,1791.31
Wisconsin,Clark,2020,34640.0,23.0,110.0,66.4,317.55
Wisconsin,Crawford,2020,16082.0,20.0,160.0,124.36,994.9
Wisconsin,Dodge,2020,89343.0,39.0,135.0,43.65,151.1
Wisconsin,Door,2020,30128.0,9.0,97.0,29.87,321.96
Wisconsin,Florence,2020,4565.0,12.0,5.0,262.87,109.53
Wisconsin,Forest,2020,9173.0,12.0,42.0,130.82,457.87
Wisconsin,Grant,2020,51989.0,29.0,115.0,55.78,221.2
Wisconsin,Green Lake,2020,19016.0,4.0,50.0,21.03,262.94
Wisconsin,Iron,2020,6144.0,4.0,46.0,65.1,748.7
Wisconsin,Jackson,2020,21096.0,8.0,139.0,37.92,658.89
Wisconsin,Jefferson,2020,86219.0,23.0,221.0,26.68,256.32
Wisconsin,Juneau,2020,26779.0,27.0,186.0,100.83,694.57
Wisconsin,Lafayette,2020,16619.0,8.0,52.0,48.14,312.89
Wisconsin,Manitowoc,2020,81401.0,24.0,136.0,29.48,167.07
Wisconsin,Marinette,2020,41887.0,24.0,182.0,57.3,434.5
Wisconsin,Marquette,2020,15594.0,7.0,70.0,44.89,448.89
Wisconsin,Menominee,2020,4258.0,1.0,11.0,23.49,258.34
Wisconsin,Monroe,2020,46307.0,50.0,249.0,107.98,537.72
Wisconsin,Oneida,2020,37864.0,24.0,82.0,63.38,216.56
Wisconsin,Pepin,2020,7349.0,3.0,27.0,40.82,367.4
Wisconsin,Polk,2020,45028.0,30.0,202.0,66.63,448.61
Wisconsin,Portage,2020,70423.0,30.0,121.0,42.6,171.82
Wisconsin,Price,2020,14032.0,5.0,84.0,35.63,598.63
Wisconsin,Rusk,2020,14169.0,34.0,35.0,239.96,247.02
Wisconsin,Sauk,2020,65796.0,22.0,247.0,33.44,375.4
Wisconsin,Sawyer,2020,18122.0,35.0,138.0,193.14,761.51
Wisconsin,Shawano,2020,40859.0,31.0,231.0,75.87,565.36
Wisconsin,Taylor,2020,19942.0,15.0,62.0,75.22,310.9
Wisconsin,Trempealeau,2020,30825.0,13.0,58.0,42.17,188.16
Wisconsin,Vernon,2020,30695.0,4.0,94.0,13.03,306.24
Wisconsin,Vilas,2020,23093.0,4.0,93.0,17.32,402.72
Wisconsin,Walworth,2020,105324.0,17.0,94.0,16.14,89.25
Wisconsin,Washburn,2020,16618.0,15.0,90.0,90.26,541.58
Wisconsin,Waushara,2020,24532.0,21.0,113.0,85.6,460.62
Wisconsin,Wood,2020,74180.0,17.0,127.0,22.92,171.21
Wyoming,Laramie,2020,100727.0,83.0,424.0,82.4,420.94
Wyoming,Natrona,2020,80299.0,47.0,146.0,58.53,181.82
Wyoming,Big Horn,2020,11480.0,5.0,22.0,43.55,191.64
Wyoming,Campbell,2020,47146.0,41.0,116.0,86.96,246.04
Wyoming,Carbon,2020,14508.0,9.0,25.0,62.03,172.32
Wyoming,Converse,2020,13748.0,9.0,35.0,65.46,254.58
Wyoming,Crook,2020,7183.0,5.0,17.0,69.61,236.67
Wyoming,Fremont,2020,39192.0,16.0,199.0,40.82,507.76
Wyoming,Goshen,2020,12520.0,16.0,60.0,127.8,479.23
Wyoming,Hot Springs,2020,4621.0,0.0,19.0,0.0,411.17
Wyoming,Johnson,2020,8469.0,9.0,42.0,106.27,495.93
Wyoming,Lincoln,2020,19654.0,19.0,84.0,96.67,427.39
Wyoming,Niobrara,2020,2451.0,3.0,13.0,122.4,530.4
Wyoming,Park,2020,29670.0,17.0,74.0,57.3,249.41
Wyoming,Platte,2020,8632.0,2.0,48.0,23.17,556.07
Wyoming,Sheridan,2020,31006.0,10.0,45.0,32.25,145.13
Wyoming,Sublette,2020,8740.0,1.0,43.0,11.44,491.99
Wyoming,Sweetwater,2020,42194.0,16.0,76.0,37.92,180.12
Wyoming,Uinta,2020,20462.0,8.0,37.0,39.1,180.82
Wyoming,Washakie,2020,7659.0,3.0,6.0,39.17,78.34
Wyoming,Weston,2020,6820.0,3.0,0.0,43.99,0.0
Alabama,Autauga,2021,59207.0,62.0,265.0,104.72,447.58
Alabama,Bibb,2021,22346.0,26.0,104.0,116.35,465.41
Alabama,Blount,2021,59036.0,66.0,259.0,111.8,438.72
Alabama,Colbert,2021,57651.0,61.0,241.0,105.81,418.03
Alabama,Etowah,2021,102924.0,27.0,121.0,26.23,117.56
Alabama,Geneva,2021,26630.0,23.0,151.0,86.37,567.03
Alabama,Henry,2021,17419.0,21.0,51.0,120.56,292.78
Alabama,Houston,2021,107470.0,11.0,113.0,10.24,105.15
Alabama,Lauderdale,2021,94877.0,44.0,428.0,46.38,451.11
Alabama,Lawrence,2021,33064.0,22.0,76.0,66.54,229.86
Alabama,Lowndes,2021,9945.0,64.0,224.0,643.54,2252.39
Alabama,Mobile,2021,413299.0,265.0,1288.0,64.12,311.64
Alabama,Shelby,2021,227449.0,5.0,24.0,2.2,10.55
Alabama,St. Clair,2021,92898.0,42.0,121.0,45.21,130.25
Alabama,Washington,2021,15233.0,21.0,99.0,137.86,649.9
Alabama,Barbour,2021,24510.0,19.0,55.0,77.52,224.4
Alabama,Cherokee,2021,25056.0,71.0,339.0,283.37,1352.97
Alabama,Clarke,2021,22732.0,63.0,99.0,277.14,435.51
Alabama,Clay,2021,14164.0,25.0,65.0,176.5,458.91
Alabama,Cleburne,2021,15161.0,18.0,188.0,118.73,1240.02
Alabama,Covington,2021,37523.0,8.0,101.0,21.32,269.17
Alabama,Crenshaw,2021,13060.0,15.0,74.0,114.85,566.62
Alabama,Cullman,2021,89579.0,109.0,918.0,121.68,1024.79
Alabama,Dallas,2021,37486.0,81.0,302.0,216.08,805.63
Alabama,DeKalb,2021,71878.0,56.0,169.0,77.91,235.12
Alabama,Fayette,2021,16125.0,3.0,27.0,18.6,167.44
Alabama,Macon,2021,18914.0,5.0,16.0,26.44,84.59
Alabama,Marengo,2021,18974.0,7.0,38.0,36.89,200.27
Alabama,Marion,2021,28990.0,2.0,34.0,6.9,117.28
Alabama,Marshall,2021,98262.0,37.0,295.0,37.65,300.22
Alabama,Monroe,2021,19532.0,18.0,39.0,92.16,199.67
Alabama,Randolph,2021,22165.0,34.0,210.0,153.39,947.44
Alabama,Talladega,2021,80549.0,90.0,406.0,111.73,504.04
Alabama,Tallapoosa,2021,41101.0,34.0,83.0,82.72,201.94
Alabama,Winston,2021,23656.0,9.0,88.0,38.05,372.0
Arizona,Cochise,2021,126215.0,86.0,296.0,68.14,234.52
Arizona,Coconino,2021,142851.0,94.0,213.0,65.8,149.11
Arizona,Mohave,2021,217232.0,246.0,1649.0,113.24,759.1
Arizona,Pima,2021,1049271.0,910.0,7024.0,86.73,669.42
Arizona,Pinal,2021,449128.0,311.0,1531.0,69.25,340.88
Arizona,Yavapai,2021,242454.0,260.0,602.0,107.24,248.29
Arizona,Yuma,2021,207654.0,176.0,937.0,84.76,451.23
Arkansas,Benton,2021,294169.0,175.0,400.0,59.49,135.98
Arkansas,Cleveland,2021,7487.0,17.0,130.0,227.06,1736.34
Arkansas,Craighead,2021,111720.0,52.0,314.0,46.54,281.06
Arkansas,Crawford,2021,60410.0,56.0,308.0,92.7,509.85
Arkansas,Crittenden,2021,47414.0,188.0,263.0,396.51,554.69
Arkansas,Faulkner,2021,125630.0,152.0,786.0,120.99,625.65
Arkansas,Franklin,2021,17142.0,59.0,131.0,344.18,764.2
Arkansas,Garland,2021,100318.0,360.0,1260.0,358.86,1256.01
Arkansas,Grant,2021,18116.0,34.0,179.0,187.68,988.08
Arkansas,Jefferson,2021,65599.0,82.0,440.0,125.0,670.74
Arkansas,Lincoln,2021,13184.0,4.0,36.0,30.34,273.06
Arkansas,Little River,2021,11936.0,20.0,82.0,167.56,687.0
Arkansas,Lonoke,2021,74754.0,122.0,366.0,163.2,489.61
Arkansas,Madison,2021,16961.0,56.0,128.0,330.17,754.67
Arkansas,Miller,2021,42460.0,63.0,147.0,148.37,346.21
Arkansas,Perry,2021,9985.0,24.0,121.0,240.36,1211.82
Arkansas,Poinsett,2021,22658.0,31.0,100.0,136.82,441.35
Arkansas,Pulaski,2021,398104.0,722.0,1593.0,181.36,400.15
Arkansas,Saline,2021,125391.0,165.0,712.0,131.59,567.82
Arkansas,Sebastian,2021,128221.0,37.0,112.0,28.86,87.35
Arkansas,Washington,2021,251689.0,125.0,552.0,49.66,219.32
Arkansas,Arkansas,2021,16670.0,28.0,62.0,167.97,371.93
Arkansas,Ashley,2021,18642.0,24.0,105.0,128.74,563.24
Arkansas,Baxter,2021,42182.0,43.0,402.0,101.94,953.01
Arkansas,Boone,2021,37879.0,108.0,134.0,285.12,353.76
Arkansas,Bradley,2021,10338.0,7.0,26.0,67.71,251.5
Arkansas,Calhoun,2021,4728.0,9.0,57.0,190.36,1205.58
Arkansas,Carroll,2021,28533.0,37.0,91.0,129.67,318.93
Arkansas,Chicot,2021,10038.0,13.0,80.0,129.51,796.97
Arkansas,Clark,2021,21246.0,24.0,69.0,112.96,324.77
Arkansas,Cleburne,2021,25012.0,188.0,288.0,751.64,1151.45
Arkansas,Columbia,2021,22471.0,37.0,130.0,164.66,578.52
Arkansas,Conway,2021,20909.0,72.0,260.0,344.35,1243.48
Arkansas,Drew,2021,17067.0,32.0,91.0,187.5,533.19
Arkansas,Fulton,2021,12139.0,39.0,64.0,321.28,527.23
Arkansas,Hempstead,2021,19662.0,38.0,100.0,193.27,508.6
Arkansas,Hot Spring,2021,33079.0,24.0,122.0,72.55,368.81
Arkansas,Howard,2021,12691.0,11.0,59.0,86.68,464.9
Arkansas,Independence,2021,38051.0,191.0,448.0,501.96,1177.37
Arkansas,Izard,2021,13920.0,97.0,97.0,696.84,696.84
Arkansas,Jackson,2021,16762.0,44.0,107.0,262.5,638.35
Arkansas,Johnson,2021,25942.0,97.0,115.0,373.91,443.3
Arkansas,Lawrence,2021,16289.0,31.0,85.0,190.31,521.82
Arkansas,Lee,2021,8620.0,15.0,72.0,174.01,835.27
Arkansas,Logan,2021,21226.0,68.0,190.0,320.36,895.13
Arkansas,Marion,2021,16965.0,27.0,122.0,159.15,719.13
Arkansas,Mississippi,2021,39511.0,20.0,288.0,50.62,728.91
Arkansas,Nevada,2021,8181.0,14.0,33.0,171.13,403.37
Arkansas,Newton,2021,7164.0,28.0,47.0,390.84,656.06
Arkansas,Pike,2021,10106.0,1.0,32.0,9.9,316.64
Arkansas,Polk,2021,19322.0,75.0,72.0,388.16,372.63
Arkansas,Pope,2021,63742.0,87.0,181.0,136.49,283.96
Arkansas,Prairie,2021,8079.0,11.0,60.0,136.16,742.67
Arkansas,Randolph,2021,18790.0,30.0,129.0,159.66,686.54
Arkansas,Scott,2021,9792.0,18.0,70.0,183.82,714.87
Arkansas,Searcy,2021,7903.0,17.0,11.0,215.11,139.19
Arkansas,Sevier,2021,15704.0,44.0,42.0,280.18,267.45
Arkansas,St. Francis,2021,22711.0,53.0,64.0,233.37,281.8
Arkansas,Stone,2021,12445.0,27.0,56.0,216.95,449.98
Arkansas,Union,2021,38312.0,61.0,209.0,159.22,545.52
Arkansas,Van Buren,2021,15777.0,42.0,144.0,266.21,912.72
Arkansas,White,2021,77072.0,270.0,628.0,350.32,814.82
Arkansas,Yell,2021,20130.0,54.0,126.0,268.26,625.93
Arkansas,San Diego,2021,,2559.0,9313.0,,
Colorado,Adams,2021,523159.0,657.0,3448.0,125.58,659.07
Colorado,Arapahoe,2021,657020.0,217.0,2566.0,33.03,390.55
Colorado,Boulder,2021,327325.0,114.0,819.0,34.83,250.21
Colorado,Clear Creek,2021,9403.0,7.0,59.0,74.44,627.46
Colorado,Douglas,2021,369831.0,390.0,2775.0,105.45,750.34
Colorado,El Paso,2021,738405.0,553.0,2291.0,74.89,310.26
Colorado,Gilpin,2021,5891.0,13.0,96.0,220.68,1629.6
Colorado,Jefferson,2021,581002.0,386.0,3287.0,66.44,565.75
Colorado,Larimer,2021,362865.0,187.0,883.0,51.53,243.34
Colorado,Mesa,2021,157516.0,225.0,1160.0,142.84,736.43
Colorado,Park,2021,17763.0,45.0,53.0,253.34,298.37
Colorado,Pueblo,2021,169383.0,41.0,1152.0,24.21,680.12
Colorado,Teller,2021,24954.0,24.0,71.0,96.18,284.52
Colorado,Weld,2021,339891.0,161.0,797.0,47.37,234.49
Colorado,Alamosa,2021,16584.0,14.0,104.0,84.42,627.11
Colorado,Archuleta,2021,13808.0,41.0,88.0,296.93,637.31
Colorado,Baca,2021,3491.0,2.0,3.0,57.29,85.94
Colorado,Bent,2021,5336.0,6.0,56.0,112.44,1049.48
Colorado,Chaffee,2021,19731.0,17.0,49.0,86.16,248.34
Colorado,Conejos,2021,7588.0,16.0,20.0,210.86,263.57
Colorado,Crowley,2021,5758.0,12.0,33.0,208.41,573.12
Colorado,Custer,2021,5069.0,14.0,53.0,276.19,1045.57
Colorado,Delta,2021,31414.0,10.0,160.0,31.83,509.33
Colorado,Dolores,2021,2375.0,0.0,20.0,0.0,842.11
Colorado,Eagle,2021,55786.0,26.0,80.0,46.61,143.41
Colorado,Fremont,2021,49212.0,27.0,178.0,54.86,361.7
Colorado,Garfield,2021,62122.0,71.0,183.0,114.29,294.58
Colorado,Gunnison,2021,17291.0,5.0,14.0,28.92,80.97
Colorado,Hinsdale,2021,773.0,0.0,4.0,0.0,517.46
Colorado,Huerfano,2021,6940.0,24.0,179.0,345.82,2579.25
Colorado,Kiowa,2021,1452.0,5.0,18.0,344.35,1239.67
Colorado,Kit Carson,2021,6930.0,5.0,21.0,72.15,303.03
Colorado,Lake,2021,7404.0,6.0,22.0,81.04,297.14
Colorado,La Plata,2021,56164.0,38.0,192.0,67.66,341.86
Colorado,Las Animas,2021,14335.0,12.0,167.0,83.71,1164.98
Colorado,Logan,2021,21015.0,20.0,73.0,95.17,347.37
Colorado,Moffat,2021,13161.0,14.0,43.0,106.37,326.72
Colorado,Montezuma,2021,26258.0,36.0,164.0,137.1,624.57
Colorado,Montrose,2021,43247.0,26.0,171.0,60.12,395.4
Colorado,Morgan,2021,29020.0,15.0,121.0,51.69,416.95
Colorado,Otero,2021,18517.0,9.0,82.0,48.6,442.84
Colorado,Ouray,2021,5059.0,1.0,32.0,19.77,632.54
Colorado,Phillips,2021,4504.0,0.0,0.0,0.0,0.0
Colorado,Pitkin,2021,17360.0,4.0,18.0,23.04,103.69
Colorado,Prowers,2021,11939.0,7.0,33.0,58.63,276.41
Colorado,Rio Blanco,2021,6444.0,2.0,16.0,31.04,248.29
Colorado,Rio Grande,2021,11403.0,4.0,71.0,35.08,622.64
Colorado,Routt,2021,25073.0,3.0,32.0,11.97,127.63
Colorado,San Juan,2021,739.0,2.0,6.0,270.64,811.91
Colorado,San Miguel,2021,8086.0,2.0,6.0,24.73,74.2
Colorado,Summit,2021,31250.0,40.0,199.0,128.0,636.8
Colorado,Washington,2021,4865.0,2.0,63.0,41.11,1294.96
Colorado,Yuma,2021,9939.0,4.0,37.0,40.25,372.27
Delaware,New Castle County Police Department,2021,572097.0,791.0,3430.0,138.26,599.55
Georgia,Barrow,2021,86864.0,107.0,808.0,123.18,930.19
Georgia,Bartow,2021,110900.0,103.0,1054.0,92.88,950.41
Georgia,Bibb,2021,156161.0,1821.0,4492.0,1166.1,2876.52
Georgia,Brantley,2021,18119.0,48.0,330.0,264.92,1821.29
Georgia,Brooks,2021,16267.0,28.0,118.0,172.13,725.39
Georgia,Bryan,2021,47007.0,33.0,196.0,70.2,416.96
Georgia,Burke,2021,24340.0,18.0,245.0,73.95,1006.57
Georgia,Butts,2021,26201.0,38.0,179.0,145.03,683.18
Georgia,Carroll,2021,121007.0,147.0,988.0,121.48,816.48
Georgia,Catoosa,2021,68530.0,65.0,489.0,94.85,713.56
Georgia,Cherokee,2021,274628.0,189.0,899.0,68.82,327.35
Georgia,Clarke,2021,129248.0,0.0,0.0,0.0,0.0
Georgia,Cobb,2021,767036.0,23.0,366.0,3.0,47.72
Georgia,Cobb County Police Department,2021,767036.0,1330.0,7988.0,173.39,1041.41
Georgia,Coweta,2021,150010.0,679.0,895.0,452.64,596.63
Georgia,Crawford,2021,12112.0,35.0,134.0,288.97,1106.34
Georgia,Dawson,2021,28527.0,52.0,314.0,182.28,1100.71
Georgia,DeKalb,2021,759708.0,25.0,0.0,3.29,0.0
Georgia,DeKalb County Police Department,2021,759708.0,4135.0,14944.0,544.29,1967.07
Georgia,Dougherty,2021,82320.0,10.0,22.0,12.15,26.72
Georgia,Dougherty County Police Department,2021,82320.0,32.0,207.0,38.87,251.46
Georgia,Douglas,2021,145839.0,202.0,807.0,138.51,553.35
Georgia,Effingham,2021,66768.0,48.0,292.0,71.89,437.34
Georgia,Fayette,2021,120786.0,38.0,329.0,31.46,272.38
Georgia,Floyd,2021,98440.0,5.0,4.0,5.08,4.06
Georgia,Floyd County Police Department,2021,98440.0,151.0,769.0,153.39,781.19
Georgia,Forsyth,2021,260730.0,136.0,1172.0,52.16,449.51
Georgia,Fulton County Police Department,2021,1063193.0,97.0,235.0,9.12,22.1
Georgia,Glynn,2021,84827.0,0.0,0.0,0.0,0.0
Georgia,Glynn County Police Department,2021,84827.0,280.0,1356.0,330.08,1598.55
Georgia,Hall,2021,206988.0,297.0,1285.0,143.49,620.81
Georgia,Haralson,2021,30617.0,66.0,300.0,215.57,979.85
Georgia,Harris,2021,35618.0,8.0,123.0,22.46,345.33
Georgia,Heard,2021,11504.0,17.0,119.0,147.77,1034.42
Georgia,Henry County Police Department,2021,245296.0,476.0,2605.0,194.05,1061.98
Georgia,Jasper,2021,15270.0,55.0,166.0,360.18,1087.1
Georgia,Jones,2021,28359.0,60.0,167.0,211.57,588.88
Georgia,Lamar,2021,18700.0,9.0,79.0,48.13,422.46
Georgia,Lanier,2021,10028.0,13.0,108.0,129.64,1076.98
Georgia,Lee,2021,33179.0,51.0,447.0,153.71,1347.24
Georgia,Long,2021,17071.0,9.0,70.0,52.72,410.05
Georgia,Lowndes,2021,118946.0,126.0,795.0,105.93,668.37
Georgia,Madison,2021,30883.0,90.0,244.0,291.42,790.08
Georgia,Marion,2021,7428.0,11.0,41.0,148.09,551.97
Georgia,McDuffie,2021,21631.0,42.0,164.0,194.17,758.17
Georgia,McIntosh,2021,11069.0,20.0,129.0,180.68,1165.42
Georgia,Murray,2021,39945.0,72.0,222.0,180.25,555.76
Georgia,Newton,2021,115293.0,392.0,1070.0,340.0,928.07
Georgia,Oconee,2021,43030.0,42.0,518.0,97.61,1203.81
Georgia,Oglethorpe,2021,15179.0,33.0,150.0,217.41,988.21
Georgia,Paulding,2021,173777.0,411.0,1247.0,236.51,717.59
Georgia,Peach,2021,28321.0,21.0,129.0,74.15,455.49
Georgia,Pickens,2021,34033.0,54.0,148.0,158.67,434.87
Georgia,Pike,2021,19585.0,15.0,100.0,76.59,510.59
Georgia,Rockdale,2021,93867.0,59.0,17.0,62.85,18.11
Georgia,Spalding,2021,67711.0,154.0,578.0,227.44,853.63
Georgia,Twiggs,2021,7859.0,15.0,83.0,190.86,1056.11
Georgia,Walton,2021,99890.0,34.0,240.0,34.04,240.26
Georgia,Whitfield,2021,102742.0,305.0,897.0,296.86,873.06
Georgia,Worth,2021,20532.0,46.0,163.0,224.04,793.88
Georgia,Atkinson,2021,8357.0,18.0,56.0,215.39,670.1
Georgia,Baldwin,2021,43702.0,173.0,535.0,395.86,1224.2
Georgia,Banks,2021,18607.0,37.0,376.0,198.85,2020.74
Georgia,Ben Hill,2021,17133.0,27.0,155.0,157.59,904.69
Georgia,Berrien,2021,18128.0,19.0,116.0,104.81,639.89
Georgia,Bleckley,2021,12287.0,19.0,85.0,154.63,691.79
Georgia,Bulloch,2021,80684.0,24.0,308.0,29.75,381.74
Georgia,Candler,2021,10958.0,15.0,91.0,136.89,830.44
Georgia,Chattooga,2021,24856.0,33.0,202.0,132.76,812.68
Georgia,Clay,2021,2869.0,3.0,10.0,104.57,348.55
Georgia,Clinch,2021,6715.0,1.0,33.0,14.89,491.44
Georgia,Coffee,2021,43041.0,70.0,329.0,162.64,764.39
Georgia,Cook,2021,17258.0,13.0,130.0,75.33,753.27
Georgia,Crisp,2021,20011.0,32.0,260.0,159.91,1299.29
Georgia,Decatur,2021,29217.0,49.0,233.0,167.71,797.48
Georgia,Dodge,2021,19741.0,30.0,170.0,151.97,861.15
Georgia,Early,2021,10634.0,22.0,58.0,206.88,545.42
Georgia,Elbert,2021,19586.0,20.0,102.0,102.11,520.78
Georgia,Fannin,2021,25829.0,17.0,117.0,65.82,452.98
Georgia,Franklin,2021,23526.0,40.0,160.0,170.02,680.1
Georgia,Gilmer,2021,32086.0,56.0,233.0,174.53,726.17
Georgia,Glascock,2021,2900.0,10.0,30.0,344.83,1034.48
Georgia,Gordon,2021,58250.0,74.0,355.0,127.04,609.44
Georgia,Grady,2021,25847.0,29.0,151.0,112.2,584.21
Georgia,Greene,2021,19545.0,25.0,149.0,127.91,762.34
Georgia,Habersham,2021,46725.0,33.0,305.0,70.63,652.76
Georgia,Hancock,2021,8695.0,10.0,57.0,115.01,655.55
Georgia,Hart,2021,26295.0,74.0,206.0,281.42,783.42
Georgia,Irwin,2021,9356.0,15.0,79.0,160.32,844.38
Georgia,Jackson,2021,80421.0,77.0,537.0,95.75,667.74
Georgia,Jeff Davis,2021,14866.0,23.0,32.0,154.72,215.26
Georgia,Jefferson,2021,15490.0,34.0,116.0,219.5,748.87
Georgia,Jenkins,2021,8791.0,11.0,48.0,125.13,546.01
Georgia,Laurens,2021,49531.0,66.0,346.0,133.25,698.55
Georgia,Lumpkin,2021,32843.0,46.0,246.0,140.06,749.02
Georgia,Mitchell,2021,21314.0,28.0,198.0,131.37,928.97
Georgia,Pierce,2021,19987.0,42.0,222.0,210.14,1110.72
Georgia,Polk,2021,43359.0,3.0,1.0,6.92,2.31
Georgia,Pulaski,2021,9563.0,40.0,167.0,418.28,1746.31
Georgia,Putnam,2021,22616.0,37.0,159.0,163.6,703.04
Georgia,Rabun,2021,17151.0,14.0,161.0,81.63,938.72
Georgia,Schley,2021,4489.0,3.0,14.0,66.83,311.87
Georgia,Seminole,2021,9171.0,19.0,63.0,207.17,686.95
Georgia,Sumter,2021,29004.0,17.0,114.0,58.61,393.05
Georgia,Tattnall,2021,24137.0,11.0,119.0,45.57,493.02
Georgia,Thomas,2021,45852.0,59.0,449.0,128.67,979.24
Georgia,Tift,2021,41103.0,138.0,529.0,335.74,1287.01
Georgia,Towns,2021,12879.0,10.0,43.0,77.65,333.88
Georgia,Treutlen,2021,6374.0,12.0,40.0,188.26,627.55
Georgia,Troup,2021,69768.0,65.0,436.0,93.17,624.93
Georgia,Turner,2021,8925.0,10.0,48.0,112.04,537.82
Georgia,Union,2021,25612.0,10.0,157.0,39.04,612.99
Georgia,Ware,2021,35587.0,22.0,98.0,61.82,275.38
Georgia,Washington,2021,19756.0,35.0,115.0,177.16,582.1
Georgia,Webster,2021,2361.0,0.0,0.0,0.0,0.0
Georgia,Wheeler,2021,7747.0,4.0,38.0,51.63,490.51
Georgia,White,2021,28386.0,28.0,163.0,98.64,574.23
Georgia,Wilkes,2021,9496.0,84.0,153.0,884.58,1611.2
Georgia,Wilkinson,2021,8796.0,9.0,26.0,102.32,295.59
Hawaii,Kauai Police Department,2021,73843.0,212.0,1003.0,287.1,1358.29
Idaho,Ada,2021,513092.0,243.0,510.0,47.36,99.4
Idaho,Bannock,2021,88605.0,13.0,73.0,14.67,82.39
Idaho,Boise,2021,8146.0,21.0,51.0,257.8,626.07
Idaho,Bonneville,2021,128072.0,130.0,642.0,101.51,501.28
Idaho,Butte,2021,2664.0,5.0,5.0,187.69,187.69
Idaho,Canyon,2021,243711.0,114.0,325.0,46.78,133.35
Idaho,Franklin,2021,14675.0,4.0,22.0,27.26,149.91
Idaho,Gem,2021,19802.0,10.0,23.0,50.5,116.15
Idaho,Jefferson,2021,32207.0,24.0,131.0,74.52,406.74
Idaho,Jerome,2021,24741.0,43.0,122.0,173.8,493.11
Idaho,Kootenai,2021,180104.0,162.0,694.0,89.95,385.33
Idaho,Nez Perce,2021,42515.0,11.0,46.0,25.87,108.2
Idaho,Power,2021,7982.0,5.0,31.0,62.64,388.37
Idaho,Adams,2021,4619.0,10.0,36.0,216.5,779.39
Idaho,Benewah,2021,9896.0,28.0,77.0,282.94,778.09
Idaho,Bingham,2021,48932.0,40.0,146.0,81.75,298.37
Idaho,Blaine,2021,24784.0,10.0,16.0,40.35,64.56
Idaho,Bonner,2021,49639.0,41.0,274.0,82.6,551.99
Idaho,Boundary,2021,12621.0,6.0,30.0,47.54,237.7
Idaho,Caribou,2021,7113.0,5.0,7.0,70.29,98.41
Idaho,Cassia,2021,25235.0,37.0,257.0,146.62,1018.43
Idaho,Custer,2021,4445.0,9.0,15.0,202.47,337.46
Idaho,Elmore,2021,28985.0,12.0,20.0,41.4,69.0
Idaho,Fremont,2021,13585.0,12.0,44.0,88.33,323.89
Idaho,Gooding,2021,15800.0,17.0,38.0,107.59,240.51
Idaho,Latah,2021,40403.0,20.0,70.0,49.5,173.25
Idaho,Lewis,2021,3704.0,9.0,15.0,242.98,404.97
Idaho,Lincoln,2021,5291.0,10.0,38.0,189.0,718.2
Idaho,Madison,2021,54126.0,14.0,13.0,25.87,24.02
Idaho,Minidoka,2021,21951.0,13.0,78.0,59.22,355.34
Idaho,Oneida,2021,4604.0,15.0,33.0,325.8,716.77
Idaho,Payette,2021,26380.0,23.0,75.0,87.19,284.31
Idaho,Teton,2021,12276.0,8.0,29.0,65.17,236.23
Idaho,Valley,2021,12252.0,21.0,83.0,171.4,677.44
Idaho,Champaign,2021,,29.0,244.0,,
Idaho,Henry,2021,,8.0,56.0,,
Idaho,Jackson,2021,,55.0,198.0,,
Idaho,Jersey,2021,,6.0,18.0,,
Idaho,Kendall,2021,,33.0,178.0,,
Idaho,Macon,2021,,27.0,230.0,,
Idaho,Madison,2021,54126.0,140.0,1038.0,258.66,1917.75
Idaho,McLean,2021,,30.0,186.0,,
Idaho,Sangamon,2021,,157.0,569.0,,
Idaho,St. Clair,2021,,89.0,363.0,,
Idaho,Tazewell,2021,,21.0,169.0,,
Idaho,Iroquois,2021,,23.0,135.0,,
Indiana,Allen,2021,389023.0,55.0,619.0,14.14,159.12
Indiana,Bartholomew,2021,82699.0,2.0,31.0,2.42,37.49
Indiana,Clark,2021,122860.0,59.0,305.0,48.02,248.25
Indiana,Delaware,2021,112021.0,21.0,198.0,18.75,176.75
Indiana,Elkhart,2021,206970.0,20.0,97.0,9.66,46.87
Indiana,Floyd,2021,80490.0,21.0,251.0,26.09,311.84
Indiana,Hamilton,2021,357542.0,21.0,144.0,5.87,40.27
Indiana,Hancock,2021,81848.0,52.0,197.0,63.53,240.69
Indiana,Harrison,2021,39805.0,63.0,287.0,158.27,721.01
Indiana,Hendricks,2021,179776.0,60.0,420.0,33.37,233.62
Indiana,Howard,2021,83553.0,60.0,88.0,71.81,105.32
Indiana,Johnson,2021,164330.0,20.0,275.0,12.17,167.35
Indiana,La Porte,2021,,46.0,351.0,,
Indiana,Madison,2021,130524.0,27.0,185.0,20.69,141.74
Indiana,Monroe,2021,144658.0,27.0,451.0,18.66,311.77
Indiana,Porter,2021,174457.0,57.0,195.0,32.67,111.78
Indiana,Posey,2021,25160.0,27.0,127.0,107.31,504.77
Indiana,St. Joseph,2021,272235.0,129.0,1107.0,47.39,406.63
Indiana,Tippecanoe,2021,187402.0,84.0,397.0,44.82,211.84
Indiana,Vanderburgh,2021,180098.0,142.0,361.0,78.85,200.45
Indiana,Vigo,2021,106083.0,89.0,1027.0,83.9,968.11
Indiana,Washington,2021,28125.0,46.0,122.0,163.56,433.78
Indiana,Clinton,2021,32994.0,6.0,69.0,18.19,209.13
Indiana,Dubois,2021,43522.0,9.0,62.0,20.68,142.46
Indiana,Fulton,2021,20404.0,13.0,73.0,63.71,357.77
Indiana,Gibson,2021,32961.0,26.0,111.0,78.88,336.76
Indiana,Greene,2021,30842.0,16.0,128.0,51.88,415.02
Indiana,Henry,2021,48919.0,11.0,145.0,22.49,296.41
Indiana,Jackson,2021,46215.0,31.0,38.0,67.08,82.22
Indiana,Jennings,2021,27510.0,20.0,137.0,72.7,498.0
Indiana,Kosciusko,2021,80242.0,63.0,378.0,78.51,471.07
Indiana,Montgomery,2021,38018.0,11.0,155.0,28.93,407.7
Indiana,Noble,2021,47385.0,18.0,152.0,37.99,320.78
Indiana,Starke,2021,23381.0,63.0,164.0,269.45,701.42
Indiana,Steuben,2021,34710.0,18.0,294.0,51.86,847.02
Indiana,Wells,2021,28157.0,2.0,22.0,7.1,78.13
Iowa,Benton,2021,25747.0,20.0,99.0,77.68,384.51
Iowa,Black Hawk,2021,130571.0,17.0,126.0,13.02,96.5
Iowa,Dallas,2021,104166.0,66.0,97.0,63.36,93.12
Iowa,Dubuque,2021,98885.0,27.0,146.0,27.3,147.65
Iowa,Grundy,2021,12365.0,10.0,33.0,80.87,266.88
Iowa,Harrison,2021,14681.0,10.0,42.0,68.12,286.08
Iowa,Jasper,2021,37895.0,8.0,37.0,21.11,97.64
Iowa,Johnson,2021,155142.0,74.0,201.0,47.7,129.56
Iowa,Jones,2021,20836.0,18.0,45.0,86.39,215.97
Iowa,Linn,2021,229479.0,38.0,159.0,16.56,69.29
Iowa,Mills,2021,14489.0,7.0,98.0,48.31,676.38
Iowa,Polk,2021,497973.0,99.0,814.0,19.88,163.46
Iowa,Pottawattamie,2021,93423.0,54.0,197.0,57.8,210.87
Iowa,Scott,2021,174265.0,35.0,137.0,20.08,78.62
Iowa,Story,2021,99675.0,19.0,117.0,19.06,117.38
Iowa,Warren,2021,53515.0,21.0,79.0,39.24,147.62
Iowa,Washington,2021,22523.0,42.0,79.0,186.48,350.75
Iowa,Woodbury,2021,105795.0,38.0,89.0,35.92,84.12
Iowa,Adair,2021,7529.0,4.0,27.0,53.13,358.61
Iowa,Adams,2021,3639.0,7.0,18.0,192.36,494.64
Iowa,Allamakee,2021,13977.0,14.0,8.0,100.16,57.24
Iowa,Appanoose,2021,12267.0,5.0,79.0,40.76,644.0
Iowa,Buchanan,2021,20718.0,13.0,43.0,62.75,207.55
Iowa,Buena Vista,2021,20794.0,13.0,34.0,62.52,163.51
Iowa,Butler,2021,14357.0,7.0,37.0,48.76,257.71
Iowa,Carroll,2021,20745.0,3.0,12.0,14.46,57.85
Iowa,Cass,2021,13087.0,10.0,43.0,76.41,328.57
Iowa,Cedar,2021,18435.0,7.0,25.0,37.97,135.61
Iowa,Cerro Gordo,2021,42773.0,8.0,91.0,18.7,212.75
Iowa,Cherokee,2021,11533.0,4.0,19.0,34.68,164.74
Iowa,Chickasaw,2021,11896.0,13.0,27.0,109.28,226.97
Iowa,Clarke,2021,9752.0,10.0,20.0,102.54,205.09
Iowa,Clay,2021,16464.0,5.0,30.0,30.37,182.22
Iowa,Clinton,2021,46497.0,21.0,129.0,45.16,277.44
Iowa,Crawford,2021,16239.0,4.0,6.0,24.63,36.95
Iowa,Delaware,2021,17554.0,10.0,15.0,56.97,85.45
Iowa,Des Moines,2021,38537.0,18.0,97.0,46.71,251.71
Iowa,Emmet,2021,9331.0,29.0,7.0,310.79,75.02
Iowa,Fayette,2021,19309.0,30.0,27.0,155.37,139.83
Iowa,Floyd,2021,15463.0,1.0,26.0,6.47,168.14
Iowa,Fremont,2021,6594.0,12.0,61.0,181.98,925.08
Iowa,Hancock,2021,10693.0,24.0,37.0,224.45,346.02
Iowa,Hardin,2021,16725.0,19.0,79.0,113.6,472.35
Iowa,Henry,2021,20405.0,17.0,59.0,83.31,289.14
Iowa,Ida,2021,6964.0,8.0,24.0,114.88,344.63
Iowa,Iowa,2021,16606.0,12.0,7.0,72.26,42.15
Iowa,Jackson,2021,19394.0,15.0,74.0,77.34,381.56
Iowa,Jefferson,2021,15795.0,3.0,19.0,18.99,120.29
Iowa,Keokuk,2021,9902.0,16.0,51.0,161.58,515.05
Iowa,Kossuth,2021,14517.0,11.0,8.0,75.77,55.11
Iowa,Lee,2021,33265.0,27.0,70.0,81.17,210.43
Iowa,Louisa,2021,10733.0,24.0,34.0,223.61,316.78
Iowa,Lucas,2021,8718.0,12.0,77.0,137.65,883.23
Iowa,Lyon,2021,12035.0,15.0,60.0,124.64,498.55
Iowa,Mahaska,2021,21972.0,8.0,30.0,36.41,136.54
Iowa,Marion,2021,33457.0,24.0,60.0,71.73,179.33
Iowa,Mitchell,2021,10564.0,7.0,30.0,66.26,283.98
Iowa,Monona,2021,8609.0,14.0,69.0,162.62,801.49
Iowa,Muscatine,2021,42703.0,24.0,33.0,56.2,77.28
Iowa,O'Brien,2021,14052.0,13.0,63.0,92.51,448.33
Iowa,Osceola,2021,6177.0,22.0,60.0,356.16,971.35
Iowa,Palo Alto,2021,8932.0,3.0,43.0,33.59,481.42
Iowa,Plymouth,2021,25744.0,3.0,21.0,11.65,81.57
Iowa,Pocahontas,2021,7043.0,5.0,21.0,70.99,298.17
Iowa,Poweshiek,2021,18626.0,16.0,42.0,85.9,225.49
Iowa,Sac,2021,9766.0,13.0,35.0,133.11,358.39
Iowa,Sioux,2021,35971.0,17.0,41.0,47.26,113.98
Iowa,Tama,2021,16880.0,39.0,41.0,231.04,242.89
Iowa,Union,2021,12049.0,8.0,44.0,66.4,365.18
Iowa,Van Buren,2021,7259.0,6.0,26.0,82.66,358.18
Iowa,Wapello,2021,35308.0,21.0,73.0,59.48,206.75
Iowa,Wayne,2021,6525.0,9.0,28.0,137.93,429.12
Iowa,Webster,2021,37181.0,27.0,98.0,72.62,263.58
Iowa,Worth,2021,7385.0,2.0,43.0,27.08,582.26
Iowa,Wright,2021,12818.0,8.0,24.0,62.41,187.24
Kansas,Butler,2021,67983.0,52.0,218.0,76.49,320.67
Kansas,Douglas,2021,119527.0,50.0,85.0,41.83,71.11
Kansas,Geary,2021,36166.0,8.0,28.0,22.12,77.42
Kansas,Harvey,2021,33810.0,17.0,56.0,50.28,165.63
Kansas,Jackson,2021,13266.0,19.0,84.0,143.22,633.2
Kansas,Jefferson,2021,18446.0,39.0,273.0,211.43,1480.0
Kansas,Johnson,2021,615067.0,67.0,352.0,10.89,57.23
Kansas,Leavenworth,2021,82409.0,38.0,148.0,46.11,179.59
Kansas,Linn,2021,9755.0,7.0,82.0,71.76,840.59
Kansas,Miami,2021,34649.0,33.0,122.0,95.24,352.1
Kansas,Osage,2021,15762.0,21.0,75.0,133.23,475.83
Kansas,Pottawatomie,2021,25891.0,37.0,158.0,142.91,610.25
Kansas,Riley County Police Department,2021,71889.0,210.0,1171.0,292.12,1628.9
Kansas,Sedgwick,2021,524617.0,60.0,236.0,11.44,44.99
Kansas,Shawnee,2021,178434.0,83.0,589.0,46.52,330.09
Kansas,Sumner,2021,22348.0,24.0,157.0,107.39,702.52
Kansas,Allen,2021,12501.0,12.0,40.0,95.99,319.97
Kansas,Anderson,2021,7812.0,13.0,14.0,166.41,179.21
Kansas,Atchison,2021,16242.0,5.0,61.0,30.78,375.57
Kansas,Barber,2021,4109.0,3.0,19.0,73.01,462.4
Kansas,Barton,2021,25276.0,29.0,101.0,114.73,399.59
Kansas,Bourbon,2021,14334.0,18.0,59.0,125.58,411.61
Kansas,Brown,2021,9458.0,4.0,94.0,42.29,993.87
Kansas,Cherokee,2021,19188.0,28.0,171.0,145.92,891.18
Kansas,Cheyenne,2021,2636.0,1.0,33.0,37.94,1251.9
Kansas,Clark,2021,1958.0,3.0,11.0,153.22,561.8
Kansas,Clay,2021,8099.0,4.0,20.0,49.39,246.94
Kansas,Cowley,2021,34623.0,21.0,130.0,60.65,375.47
Kansas,Crawford,2021,39038.0,36.0,126.0,92.22,322.76
Kansas,Dickinson,2021,18481.0,13.0,70.0,70.34,378.77
Kansas,Edwards,2021,2805.0,7.0,13.0,249.55,463.46
Kansas,Ellis,2021,28852.0,16.0,35.0,55.46,121.31
Kansas,Ellsworth,2021,6323.0,6.0,40.0,94.89,632.61
Kansas,Finney,2021,38089.0,40.0,173.0,105.02,454.2
Kansas,Ford,2021,34188.0,6.0,59.0,17.55,172.58
Kansas,Franklin,2021,26023.0,30.0,73.0,115.28,280.52
Kansas,Gove,2021,2749.0,2.0,8.0,72.75,291.01
Kansas,Gray,2021,5662.0,4.0,28.0,70.65,494.52
Kansas,Greeley,2021,1285.0,6.0,4.0,466.93,311.28
Kansas,Greenwood,2021,5907.0,10.0,84.0,169.29,1422.04
Kansas,Hamilton,2021,2479.0,6.0,27.0,242.03,1089.15
Kansas,Harper,2021,5358.0,1.0,28.0,18.66,522.58
Kansas,Haskell,2021,3648.0,4.0,16.0,109.65,438.6
Kansas,Jewell,2021,2944.0,3.0,9.0,101.9,305.71
Kansas,Kearny,2021,3905.0,6.0,56.0,153.65,1434.06
Kansas,Kingman,2021,7296.0,4.0,47.0,54.82,644.19
Kansas,Labette,2021,19922.0,5.0,88.0,25.1,441.72
Kansas,Lane,2021,1561.0,2.0,6.0,128.12,384.37
Kansas,Logan,2021,2714.0,3.0,11.0,110.54,405.31
Kansas,Lyon,2021,32025.0,18.0,67.0,56.21,209.21
Kansas,Marion,2021,11748.0,4.0,47.0,34.05,400.07
Kansas,Marshall,2021,10024.0,4.0,20.0,39.9,199.52
Kansas,Mitchell,2021,5747.0,4.0,20.0,69.6,348.01
Kansas,Montgomery,2021,31190.0,17.0,141.0,54.5,452.07
Kansas,Morris,2021,5382.0,14.0,19.0,260.13,353.03
Kansas,Morton,2021,2668.0,3.0,9.0,112.44,337.33
Kansas,Nemaha,2021,10235.0,4.0,15.0,39.08,146.56
Kansas,Neosho,2021,15803.0,12.0,107.0,75.93,677.09
Kansas,Norton,2021,5370.0,5.0,10.0,93.11,186.22
Kansas,Ottawa,2021,5832.0,1.0,42.0,17.15,720.16
Kansas,Pawnee,2021,6250.0,4.0,29.0,64.0,464.0
Kansas,Pratt,2021,9166.0,5.0,15.0,54.55,163.65
Kansas,Republic,2021,4703.0,11.0,29.0,233.89,616.63
Kansas,Rice,2021,9384.0,4.0,39.0,42.63,415.6
Kansas,Rooks,2021,4860.0,11.0,37.0,226.34,761.32
Kansas,Rush,2021,2930.0,10.0,40.0,341.3,1365.19
Kansas,Russell,2021,6700.0,13.0,20.0,194.03,298.51
Kansas,Saline,2021,53847.0,35.0,152.0,65.0,282.28
Kansas,Seward,2021,21764.0,9.0,11.0,41.35,50.54
Kansas,Sheridan,2021,2452.0,1.0,6.0,40.78,244.7
Kansas,Thomas,2021,7942.0,1.0,28.0,12.59,352.56
Kansas,Trego,2021,2793.0,4.0,6.0,143.22,214.82
Kansas,Washington,2021,5542.0,7.0,16.0,126.31,288.7
Kansas,Woodson,2021,3083.0,2.0,38.0,64.87,1232.57
Kentucky,Allen,2021,20833.0,10.0,95.0,48.0,456.01
Kentucky,Boone,2021,137720.0,69.0,652.0,50.1,473.42
Kentucky,Bourbon,2021,20248.0,8.0,79.0,39.51,390.16
Kentucky,Boyd,2021,47756.0,17.0,190.0,35.6,397.86
Kentucky,Bracken,2021,8441.0,4.0,23.0,47.39,272.48
Kentucky,Bullitt,2021,83096.0,24.0,269.0,28.88,323.72
Kentucky,Butler,2021,12304.0,7.0,32.0,56.89,260.08
Kentucky,Campbell,2021,92848.0,0.0,0.0,0.0,0.0
Kentucky,Campbell County Police Department,2021,92848.0,8.0,81.0,8.62,87.24
Kentucky,Carter,2021,26448.0,5.0,32.0,18.91,120.99
Kentucky,Christian,2021,73172.0,28.0,229.0,38.27,312.96
Kentucky,Clark,2021,36880.0,7.0,161.0,18.98,436.55
Kentucky,Daviess,2021,103104.0,34.0,372.0,32.98,360.8
Kentucky,Edmonson,2021,12230.0,7.0,19.0,57.24,155.36
Kentucky,Fayette,2021,320450.0,0.0,1.0,0.0,0.31
Kentucky,Gallatin,2021,8744.0,3.0,11.0,34.31,125.8
Kentucky,Grant,2021,25299.0,9.0,92.0,35.57,363.65
Kentucky,Greenup,2021,35655.0,1.0,41.0,2.8,114.99
Kentucky,Hancock,2021,9076.0,2.0,27.0,22.04,297.49
Kentucky,Hardin,2021,111866.0,27.0,130.0,24.14,116.21
Kentucky,Henderson,2021,44419.0,15.0,126.0,33.77,283.66
Kentucky,Henry,2021,15704.0,1.0,29.0,6.37,184.67
Kentucky,Jefferson,2021,777774.0,0.0,5.0,0.0,0.64
Kentucky,Jessamine,2021,53636.0,15.0,203.0,27.97,378.48
Kentucky,Kenton,2021,169629.0,0.0,0.0,0.0,0.0
Kentucky,Kenton County Police Department,2021,169629.0,20.0,79.0,11.79,46.57
Kentucky,Larue,2021,15032.0,7.0,21.0,46.57,139.7
Kentucky,McLean,2021,9121.0,2.0,33.0,21.93,361.8
Kentucky,Meade,2021,30150.0,12.0,73.0,39.8,242.12
Kentucky,Oldham,2021,68295.0,2.0,7.0,2.93,10.25
Kentucky,Oldham County Police Department,2021,68295.0,26.0,364.0,38.07,532.98
Kentucky,Pendleton,2021,14624.0,2.0,40.0,13.68,273.52
Kentucky,Scott,2021,58462.0,16.0,113.0,27.37,193.29
Kentucky,Shelby,2021,48596.0,19.0,220.0,39.1,452.71
Kentucky,Spencer,2021,19875.0,5.0,46.0,25.16,231.45
Kentucky,Trigg,2021,14219.0,6.0,58.0,42.2,407.9
Kentucky,Warren,2021,137194.0,49.0,603.0,35.72,439.52
Kentucky,Woodford,2021,27093.0,0.0,12.0,0.0,44.29
Kentucky,Adair,2021,18927.0,2.0,16.0,10.57,84.54
Kentucky,Anderson,2021,24106.0,5.0,31.0,20.74,128.6
Kentucky,Ballard,2021,7687.0,9.0,59.0,117.08,767.53
Kentucky,Barren,2021,44604.0,16.0,156.0,35.87,349.74
Kentucky,Bath,2021,12799.0,9.0,36.0,70.32,281.27
Kentucky,Bell,2021,23799.0,10.0,57.0,42.02,239.51
Kentucky,Boyle,2021,30598.0,1.0,9.0,3.27,29.41
Kentucky,Breathitt,2021,13555.0,2.0,20.0,14.75,147.55
Kentucky,Breckinridge,2021,20673.0,11.0,54.0,53.21,261.21
Kentucky,Caldwell,2021,12698.0,5.0,45.0,39.38,354.39
Kentucky,Calloway,2021,37891.0,5.0,182.0,13.2,480.33
Kentucky,Carlisle,2021,4763.0,2.0,5.0,41.99,104.98
Kentucky,Carroll,2021,10896.0,4.0,45.0,36.71,413.0
Kentucky,Casey,2021,15927.0,4.0,26.0,25.11,163.24
Kentucky,Clay,2021,20162.0,6.0,87.0,29.76,431.5
Kentucky,Clinton,2021,9285.0,2.0,9.0,21.54,96.93
Kentucky,Crittenden,2021,8945.0,2.0,27.0,22.36,301.84
Kentucky,Cumberland,2021,5902.0,1.0,17.0,16.94,288.04
Kentucky,Elliott,2021,7364.0,0.0,8.0,0.0,108.64
Kentucky,Estill,2021,14081.0,7.0,42.0,49.71,298.27
Kentucky,Fleming,2021,15250.0,4.0,18.0,26.23,118.03
Kentucky,Floyd,2021,35292.0,2.0,53.0,5.67,150.18
Kentucky,Franklin,2021,51807.0,19.0,195.0,36.67,376.4
Kentucky,Fulton,2021,6487.0,1.0,0.0,15.42,0.0
Kentucky,Garrard,2021,17373.0,0.0,0.0,0.0,0.0
Kentucky,Garrard County Police Department,2021,17373.0,4.0,42.0,23.02,241.75
Kentucky,Graves,2021,36677.0,17.0,188.0,46.35,512.58
Kentucky,Grayson,2021,26582.0,9.0,74.0,33.86,278.38
Kentucky,Green,2021,11313.0,1.0,8.0,8.84,70.72
Kentucky,Harlan,2021,26139.0,4.0,42.0,15.3,160.68
Kentucky,Harrison,2021,18951.0,2.0,44.0,10.55,232.18
Kentucky,Hart,2021,19471.0,6.0,42.0,30.82,215.71
Kentucky,Hickman,2021,4426.0,1.0,10.0,22.59,225.94
Kentucky,Hopkins,2021,45157.0,26.0,201.0,57.58,445.11
Kentucky,Jackson,2021,12978.0,6.0,56.0,46.23,431.5
Kentucky,Johnson,2021,22550.0,6.0,42.0,26.61,186.25
Kentucky,Knott,2021,14043.0,2.0,24.0,14.24,170.9
Kentucky,Knox,2021,30019.0,7.0,69.0,23.32,229.85
Kentucky,Laurel,2021,62598.0,43.0,425.0,68.69,678.94
Kentucky,Lawrence,2021,16261.0,4.0,52.0,24.6,319.78
Kentucky,Lee,2021,7461.0,0.0,22.0,0.0,294.87
Kentucky,Leslie,2021,10285.0,2.0,19.0,19.45,184.74
Kentucky,Letcher,2021,21228.0,3.0,7.0,14.13,32.98
Kentucky,Lewis,2021,12981.0,0.0,23.0,0.0,177.18
Kentucky,Lincoln,2021,24256.0,3.0,84.0,12.37,346.31
Kentucky,Livingston,2021,8978.0,2.0,54.0,22.28,601.47
Kentucky,Logan,2021,27811.0,14.0,67.0,50.34,240.91
Kentucky,Lyon,2021,8426.0,5.0,32.0,59.34,379.78
Kentucky,Madison,2021,93485.0,21.0,220.0,22.46,235.33
Kentucky,Magoffin,2021,11491.0,1.0,18.0,8.7,156.64
Kentucky,Marion,2021,19717.0,5.0,37.0,25.36,187.66
Kentucky,Marshall,2021,31810.0,24.0,230.0,75.45,723.04
Kentucky,Martin,2021,11166.0,4.0,9.0,35.82,80.6
Kentucky,Mason,2021,16953.0,4.0,73.0,23.59,430.6
Kentucky,McCracken,2021,67583.0,34.0,310.0,50.31,458.7
Kentucky,McCreary,2021,16811.0,2.0,50.0,11.9,297.42
Kentucky,Menifee,2021,6172.0,2.0,10.0,32.4,162.02
Kentucky,Mercer,2021,22869.0,4.0,19.0,17.49,83.08
Kentucky,Metcalfe,2021,10392.0,4.0,21.0,38.49,202.08
Kentucky,Monroe,2021,11258.0,2.0,19.0,17.77,168.77
Kentucky,Montgomery,2021,28231.0,14.0,201.0,49.59,711.98
Kentucky,Morgan,2021,13692.0,3.0,41.0,21.91,299.44
Kentucky,Muhlenberg,2021,30334.0,14.0,63.0,46.15,207.69
Kentucky,Nelson,2021,47149.0,26.0,188.0,55.14,398.74
Kentucky,Nicholas,2021,7728.0,0.0,6.0,0.0,77.64
Kentucky,Ohio,2021,23730.0,12.0,107.0,50.57,450.91
Kentucky,Owen,2021,11305.0,2.0,31.0,17.69,274.21
Kentucky,Owsley,2021,3974.0,0.0,1.0,0.0,25.16
Kentucky,Perry,2021,27926.0,13.0,41.0,46.55,146.82
Kentucky,Pike,2021,57499.0,1.0,38.0,1.74,66.09
Kentucky,Powell,2021,13092.0,0.0,4.0,0.0,30.55
Kentucky,Pulaski,2021,65543.0,16.0,285.0,24.41,434.83
Kentucky,Robertson,2021,2257.0,0.0,4.0,0.0,177.23
Kentucky,Rockcastle,2021,16136.0,3.0,46.0,18.59,285.08
Kentucky,Rowan,2021,24565.0,8.0,45.0,32.57,183.19
Kentucky,Russell,2021,18159.0,0.0,10.0,0.0,55.07
Kentucky,Simpson,2021,19736.0,8.0,35.0,40.54,177.34
Kentucky,Taylor,2021,26208.0,10.0,179.0,38.16,683.0
Kentucky,Todd,2021,12298.0,6.0,41.0,48.79,333.39
Kentucky,Trimble,2021,8552.0,1.0,23.0,11.69,268.94
Kentucky,Union,2021,13262.0,3.0,55.0,22.62,414.72
Kentucky,Washington,2021,12081.0,1.0,11.0,8.28,91.05
Kentucky,Wayne,2021,19547.0,6.0,34.0,30.7,173.94
Kentucky,Webster,2021,12853.0,2.0,31.0,15.56,241.19
Kentucky,Whitley,2021,36820.0,13.0,143.0,35.31,388.38
Kentucky,Wolfe,2021,6509.0,6.0,19.0,92.18,291.9
Louisiana,Acadia,2021,57254.0,0.0,0.0,0.0,0.0
Louisiana,Ascension,2021,128600.0,402.0,1915.0,312.6,1489.11
Louisiana,Bossier,2021,129279.0,149.0,506.0,115.25,391.4
Louisiana,Caddo,2021,232812.0,54.0,632.0,23.19,271.46
Louisiana,Calcasieu,2021,205009.0,909.0,4069.0,443.4,1984.79
Louisiana,East Baton Rouge,2021,453766.0,652.0,5002.0,143.69,1102.33
Louisiana,Grant,2021,22256.0,64.0,245.0,287.56,1100.83
Louisiana,Iberville,2021,29765.0,118.0,204.0,396.44,685.37
Louisiana,Jefferson,2021,434258.0,1263.0,7405.0,290.84,1705.21
Louisiana,Lafayette,2021,244953.0,180.0,628.0,73.48,256.38
Louisiana,Lafourche,2021,97569.0,224.0,1490.0,229.58,1527.12
Louisiana,Livingston,2021,146151.0,504.0,2062.0,344.85,1410.87
Louisiana,Morehouse,2021,25029.0,28.0,111.0,111.87,443.49
Louisiana,Ouachita,2021,158906.0,741.0,2343.0,466.31,1474.46
Louisiana,Plaquemines,2021,23365.0,68.0,141.0,291.03,603.47
Louisiana,Pointe Coupee,2021,20357.0,81.0,208.0,397.9,1021.76
Louisiana,Rapides,2021,128648.0,381.0,1609.0,296.16,1250.7
Louisiana,St. Bernard,2021,44338.0,108.0,482.0,243.58,1087.1
Louisiana,St. Charles,2021,52497.0,150.0,633.0,285.73,1205.78
Louisiana,St. Helena,2021,10892.0,42.0,68.0,385.6,624.31
Louisiana,St. James,2021,19798.0,107.0,292.0,540.46,1474.9
Louisiana,St. John the Baptist,2021,42119.0,121.0,777.0,287.28,1844.77
Louisiana,St. Martin,2021,51571.0,200.0,696.0,387.81,1349.6
Louisiana,Tangipahoa,2021,135496.0,819.0,1423.0,604.45,1050.22
Louisiana,Terrebonne,2021,108966.0,284.0,1962.0,260.63,1800.56
Louisiana,Vermilion,2021,56903.0,99.0,503.0,173.98,883.96
Louisiana,West Baton Rouge,2021,27809.0,39.0,455.0,140.24,1636.16
Louisiana,West Feliciana,2021,15487.0,53.0,16.0,342.22,103.31
Louisiana,Beauregard,2021,36686.0,46.0,128.0,125.39,348.91
Louisiana,Bienville,2021,12788.0,40.0,169.0,312.79,1321.55
Louisiana,Caldwell,2021,9581.0,0.0,0.0,0.0,0.0
Louisiana,Catahoula,2021,8727.0,21.0,93.0,240.63,1065.66
Louisiana,Claiborne,2021,14054.0,20.0,60.0,142.31,426.92
Louisiana,Concordia,2021,18361.0,41.0,65.0,223.3,354.01
Louisiana,East Carroll,2021,7233.0,25.0,28.0,345.64,387.11
Louisiana,Franklin,2021,19618.0,88.0,201.0,448.57,1024.57
Louisiana,Jackson,2021,14903.0,15.0,93.0,100.65,624.04
Louisiana,Lincoln,2021,48136.0,63.0,222.0,130.88,461.19
Louisiana,Richland,2021,19866.0,59.0,77.0,296.99,387.6
Louisiana,St. Landry,2021,82207.0,172.0,641.0,209.23,779.74
Louisiana,St. Mary,2021,48239.0,138.0,410.0,286.08,849.93
Louisiana,Tensas,2021,4028.0,0.0,1.0,0.0,24.83
Louisiana,Washington,2021,45224.0,163.0,370.0,360.43,818.15
Louisiana,Webster,2021,35961.0,25.0,159.0,69.52,442.15
Louisiana,West Carroll,2021,9585.0,6.0,20.0,62.6,208.66
Louisiana,Winn,2021,13504.0,34.0,40.0,251.78,296.21
Maine,Androscoggin,2021,112760.0,20.0,128.0,17.74,113.52
Maine,Cumberland,2021,306150.0,31.0,287.0,10.13,93.74
Maine,Penobscot,2021,153367.0,15.0,349.0,9.78,227.56
Maine,Sagadahoc,2021,37178.0,8.0,46.0,21.52,123.73
Maine,York,2021,215063.0,40.0,266.0,18.6,123.68
Maine,Aroostook,2021,67075.0,7.0,139.0,10.44,207.23
Maine,Franklin,2021,30256.0,19.0,76.0,62.8,251.19
Maine,Hancock,2021,56349.0,17.0,92.0,30.17,163.27
Maine,Kennebec,2021,125803.0,26.0,294.0,20.67,233.7
Maine,Knox,2021,41089.0,4.0,110.0,9.73,267.71
Maine,Lincoln,2021,36015.0,27.0,79.0,74.97,219.35
Maine,Oxford,2021,58699.0,35.0,228.0,59.63,388.42
Maine,Piscataquis,2021,17226.0,2.0,74.0,11.61,429.58
Maine,Somerset,2021,50791.0,37.0,291.0,72.85,572.94
Maine,Waldo,2021,39988.0,6.0,101.0,15.0,252.58
Maine,Washington,2021,31200.0,20.0,78.0,64.1,250.0
Maine,Allegany,2021,,17.0,80.0,,
Maine,Baltimore County Police Department,2021,,3333.0,14059.0,,
Maine,Montgomery County Police Department,2021,,1630.0,13151.0,,
Maine,St. Mary's,2021,,285.0,1162.0,,
Maine,Garrett,2021,,15.0,122.0,,
Maine,Talbot,2021,,26.0,97.0,,
Michigan,Bay,2021,103115.0,46.0,432.0,44.61,418.95
Michigan,Berrien,2021,153609.0,174.0,709.0,113.27,461.56
Michigan,Calhoun,2021,133907.0,123.0,567.0,91.85,423.43
Michigan,Cass,2021,51539.0,54.0,322.0,104.78,624.77
Michigan,Clinton,2021,79465.0,21.0,139.0,26.43,174.92
Michigan,Eaton,2021,108866.0,165.0,751.0,151.56,689.84
Michigan,Genesee,2021,404694.0,95.0,351.0,23.47,86.73
Michigan,Ingham,2021,271708.0,173.0,558.0,63.67,205.37
Michigan,Ionia,2021,66854.0,4.0,10.0,5.98,14.96
Michigan,Jackson,2021,160195.0,304.0,386.0,189.77,240.96
Michigan,Kalamazoo,2021,260596.0,371.0,2333.0,142.37,895.26
Michigan,Kent,2021,659070.0,458.0,2770.0,69.49,420.29
Michigan,Lapeer,2021,88714.0,54.0,152.0,60.87,171.34
Michigan,Livingston,2021,195367.0,71.0,359.0,36.34,183.76
Michigan,Macomb,2021,877873.0,345.0,772.0,39.3,87.94
Michigan,Midland,2021,83509.0,77.0,277.0,92.21,331.7
Michigan,Montcalm,2021,67386.0,56.0,237.0,83.1,351.71
Michigan,Muskegon,2021,175570.0,15.0,53.0,8.54,30.19
Michigan,Oakland,2021,1273070.0,16.0,31.0,1.26,2.44
Michigan,Ottawa,2021,298369.0,589.0,1847.0,197.41,619.03
Michigan,Saginaw,2021,189479.0,126.0,353.0,66.5,186.3
Michigan,Shiawassee,2021,67989.0,19.0,124.0,27.95,182.38
Michigan,St. Clair,2021,160268.0,157.0,497.0,97.96,310.11
Michigan,Washtenaw,2021,364941.0,665.0,1247.0,182.22,341.7
Michigan,Wayne,2021,1775403.0,11.0,1.0,0.62,0.06
Michigan,Alcona,2021,10290.0,11.0,66.0,106.9,641.4
Michigan,Alger,2021,8777.0,3.0,7.0,34.18,79.75
Michigan,Allegan,2021,121082.0,91.0,573.0,75.16,473.23
Michigan,Alpena,2021,28953.0,4.0,27.0,13.82,93.25
Michigan,Antrim,2021,23879.0,26.0,90.0,108.88,376.9
Michigan,Arenac,2021,15012.0,32.0,80.0,213.16,532.91
Michigan,Baraga,2021,8229.0,3.0,4.0,36.46,48.61
Michigan,Barry,2021,63133.0,76.0,315.0,120.38,498.95
Michigan,Benzie,2021,18245.0,16.0,46.0,87.7,252.12
Michigan,Branch,2021,45214.0,25.0,161.0,55.29,356.08
Michigan,Charlevoix,2021,26201.0,18.0,60.0,68.7,229.0
Michigan,Cheboygan,2021,25732.0,19.0,26.0,73.84,101.04
Michigan,Chippewa,2021,35852.0,6.0,6.0,16.74,16.74
Michigan,Clare,2021,31141.0,76.0,387.0,244.05,1242.73
Michigan,Crawford,2021,13278.0,35.0,62.0,263.59,466.94
Michigan,Delta,2021,36839.0,15.0,38.0,40.72,103.15
Michigan,Emmet,2021,34301.0,42.0,69.0,122.45,201.16
Michigan,Gladwin,2021,25469.0,44.0,129.0,172.76,506.5
Michigan,Gogebic,2021,14382.0,11.0,18.0,76.48,125.16
Michigan,Grand Traverse,2021,96007.0,191.0,399.0,198.94,415.59
Michigan,Gratiot,2021,41284.0,31.0,228.0,75.09,552.27
Michigan,Hillsdale,2021,45647.0,61.0,136.0,133.63,297.94
Michigan,Houghton,2021,37548.0,15.0,53.0,39.95,141.15
Michigan,Huron,2021,31332.0,28.0,76.0,89.37,242.56
Michigan,Iosco,2021,25360.0,0.0,0.0,0.0,0.0
Michigan,Isabella,2021,64257.0,54.0,333.0,84.04,518.23
Michigan,Kalkaska,2021,17988.0,31.0,85.0,172.34,472.54
Michigan,Keweenaw,2021,2107.0,0.0,14.0,0.0,664.45
Michigan,Leelanau,2021,22633.0,24.0,50.0,106.04,220.92
Michigan,Lenawee,2021,99181.0,65.0,184.0,65.54,185.52
Michigan,Luce,2021,5982.0,12.0,55.0,200.6,919.42
Michigan,Mackinac,2021,10919.0,15.0,93.0,137.38,851.73
Michigan,Manistee,2021,25344.0,16.0,138.0,63.13,544.51
Michigan,Marquette,2021,66353.0,34.0,122.0,51.24,183.87
Michigan,Mason,2021,29344.0,31.0,104.0,105.64,354.42
Michigan,Mecosta,2021,40674.0,13.0,43.0,31.96,105.72
Michigan,Missaukee,2021,15174.0,32.0,112.0,210.89,738.1
Michigan,Montmorency,2021,9307.0,6.0,12.0,64.47,128.94
Michigan,Newaygo,2021,50402.0,11.0,43.0,21.82,85.31
Michigan,Oceana,2021,26867.0,62.0,184.0,230.77,684.86
Michigan,Ogemaw,2021,20785.0,7.0,84.0,33.68,404.14
Michigan,Ontonagon,2021,5868.0,7.0,17.0,119.29,289.71
Michigan,Oscoda,2021,8314.0,12.0,51.0,144.33,613.42
Michigan,Otsego,2021,25342.0,7.0,15.0,27.62,59.19
Michigan,Presque Isle,2021,13176.0,5.0,15.0,37.95,113.84
Michigan,Sanilac,2021,40536.0,25.0,76.0,61.67,187.49
Michigan,Schoolcraft,2021,8037.0,0.0,1.0,0.0,12.44
Michigan,St. Joseph,2021,60849.0,81.0,278.0,133.12,456.87
Michigan,Tuscola,2021,53065.0,54.0,121.0,101.76,228.02
Michigan,Van Buren,2021,75712.0,102.0,323.0,134.72,426.62
Michigan,Wexford,2021,33902.0,3.0,51.0,8.85,150.43
Minnesota,Anoka,2021,367557.0,55.0,659.0,14.96,179.29
Minnesota,Benton,2021,41545.0,10.0,120.0,24.07,288.84
Minnesota,Blue Earth,2021,69387.0,30.0,128.0,43.24,184.47
Minnesota,Carlton,2021,36455.0,23.0,168.0,63.09,460.84
Minnesota,Carver,2021,108911.0,40.0,610.0,36.73,560.09
Minnesota,Chisago,2021,57577.0,43.0,264.0,74.68,458.52
Minnesota,Clay,2021,65675.0,14.0,75.0,21.32,114.2
Minnesota,Dakota,2021,442829.0,14.0,33.0,3.16,7.45
Minnesota,Dodge,2021,20969.0,13.0,124.0,62.0,591.35
Minnesota,Fillmore,2021,21333.0,4.0,94.0,18.75,440.63
Minnesota,Hennepin,2021,1267341.0,36.0,31.0,2.84,2.45
Minnesota,Houston,2021,18822.0,4.0,30.0,21.25,159.39
Minnesota,Isanti,2021,41955.0,28.0,207.0,66.74,493.39
Minnesota,Lake,2021,11020.0,5.0,22.0,45.37,199.64
Minnesota,Le Sueur,2021,28902.0,3.0,114.0,10.38,394.44
Minnesota,Mille Lacs,2021,26919.0,47.0,288.0,174.6,1069.88
Minnesota,Nicollet,2021,34370.0,6.0,67.0,17.46,194.94
Minnesota,Olmsted,2021,163717.0,55.0,274.0,33.59,167.36
Minnesota,Polk,2021,30861.0,18.0,104.0,58.33,336.99
Minnesota,Ramsey,2021,543343.0,215.0,1622.0,39.57,298.52
Minnesota,Scott,2021,153494.0,8.0,180.0,5.21,117.27
Minnesota,Sherburne,2021,99225.0,28.0,263.0,28.22,265.05
Minnesota,Stearns,2021,159112.0,45.0,244.0,28.28,153.35
Minnesota,St. Louis,2021,199340.0,83.0,591.0,41.64,296.48
Minnesota,Wabasha,2021,21508.0,3.0,29.0,13.95,134.83
Minnesota,Washington,2021,272698.0,85.0,786.0,31.17,288.23
Minnesota,Wright,2021,145245.0,114.0,742.0,78.49,510.86
Minnesota,Aitkin,2021,15954.0,13.0,166.0,81.48,1040.49
Minnesota,Becker,2021,35322.0,34.0,109.0,96.26,308.59
Minnesota,Beltrami,2021,46473.0,66.0,297.0,142.02,639.08
Minnesota,Big Stone,2021,5167.0,2.0,28.0,38.71,541.9
Minnesota,Brown,2021,25904.0,3.0,48.0,11.58,185.3
Minnesota,Cass,2021,30660.0,46.0,312.0,150.03,1017.61
Minnesota,Clearwater,2021,8572.0,4.0,55.0,46.66,641.62
Minnesota,Cook,2021,5626.0,16.0,41.0,284.39,728.76
Minnesota,Cottonwood,2021,11592.0,1.0,10.0,8.63,86.27
Minnesota,Crow Wing,2021,67380.0,34.0,193.0,50.46,286.44
Minnesota,Douglas,2021,39312.0,17.0,151.0,43.24,384.11
Minnesota,Freeborn,2021,30815.0,12.0,197.0,38.94,639.3
Minnesota,Goodhue,2021,48091.0,4.0,144.0,8.32,299.43
Minnesota,Grant,2021,6146.0,3.0,1.0,48.81,16.27
Minnesota,Hubbard,2021,21747.0,30.0,137.0,137.95,629.97
Minnesota,Itasca,2021,45112.0,55.0,114.0,121.92,252.7
Minnesota,Jackson,2021,10005.0,7.0,22.0,69.97,219.89
Minnesota,Kanabec,2021,16177.0,12.0,69.0,74.18,426.53
Minnesota,Kandiyohi,2021,43813.0,29.0,201.0,66.19,458.77
Minnesota,Kittson,2021,4157.0,2.0,6.0,48.11,144.33
Minnesota,Koochiching,2021,11946.0,10.0,45.0,83.71,376.7
Minnesota,Lac qui Parle,2021,6693.0,2.0,16.0,29.88,239.06
Minnesota,Lincoln,2021,5576.0,5.0,9.0,89.67,161.41
Minnesota,Lyon,2021,25500.0,11.0,41.0,43.14,160.78
Minnesota,Mahnomen,2021,5384.0,19.0,46.0,352.9,854.38
Minnesota,Marshall,2021,8998.0,11.0,30.0,122.25,333.41
Minnesota,Martin,2021,19941.0,1.0,6.0,5.01,30.09
Minnesota,McLeod,2021,36813.0,18.0,75.0,48.9,203.73
Minnesota,Meeker,2021,23403.0,24.0,119.0,102.55,508.48
Minnesota,Morrison,2021,34069.0,32.0,238.0,93.93,698.58
Minnesota,Mower,2021,40232.0,14.0,138.0,34.8,343.01
Minnesota,Murray,2021,8146.0,1.0,10.0,12.28,122.76
Minnesota,Nobles,2021,22073.0,5.0,22.0,22.65,99.67
Minnesota,Norman,2021,6445.0,2.0,52.0,31.03,806.83
Minnesota,Otter Tail,2021,60245.0,18.0,148.0,29.88,245.66
Minnesota,Pennington,2021,13786.0,3.0,40.0,21.76,290.15
Minnesota,Pine,2021,29080.0,90.0,539.0,309.49,1853.51
Minnesota,Pipestone,2021,9359.0,13.0,32.0,138.9,341.92
Minnesota,Pope,2021,11415.0,3.0,39.0,26.28,341.66
Minnesota,Redwood,2021,15392.0,14.0,63.0,90.96,409.3
Minnesota,Renville,2021,14605.0,7.0,86.0,47.93,588.84
Minnesota,Rice,2021,67359.0,22.0,124.0,32.66,184.09
Minnesota,Rock,2021,9700.0,6.0,45.0,61.86,463.92
Minnesota,Roseau,2021,15273.0,7.0,37.0,45.83,242.26
Minnesota,Sibley,2021,14965.0,5.0,15.0,33.41,100.23
Minnesota,Steele,2021,37441.0,6.0,61.0,16.03,162.92
Minnesota,Stevens,2021,9692.0,7.0,9.0,72.22,92.86
Minnesota,Swift,2021,9787.0,1.0,1.0,10.22,10.22
Minnesota,Todd,2021,25290.0,22.0,116.0,86.99,458.68
Minnesota,Traverse,2021,3280.0,2.0,25.0,60.98,762.2
Minnesota,Waseca,2021,19015.0,11.0,129.0,57.85,678.41
Minnesota,Watonwan,2021,11158.0,7.0,32.0,62.74,286.79
Minnesota,Wilkin,2021,6412.0,2.0,16.0,31.19,249.53
Minnesota,Winona,2021,49794.0,19.0,99.0,38.16,198.82
Minnesota,Yellow Medicine,2021,9444.0,4.0,44.0,42.35,465.9
Mississippi,DeSoto,2021,188966.0,51.0,286.0,26.99,151.35
Mississippi,Forrest,2021,78007.0,51.0,328.0,65.38,420.48
Mississippi,Hancock,2021,45997.0,25.0,466.0,54.35,1013.11
Mississippi,Harrison,2021,209553.0,52.0,797.0,24.81,380.33
Mississippi,Lamar,2021,65439.0,59.0,526.0,90.16,803.8
Mississippi,Madison,2021,109987.0,104.0,174.0,94.56,158.2
Mississippi,Stone,2021,18748.0,17.0,107.0,90.68,570.73
Mississippi,Tate,2021,28178.0,21.0,151.0,74.53,535.88
Mississippi,Tunica,2021,9646.0,67.0,436.0,694.59,4520.01
Mississippi,Alcorn,2021,34351.0,10.0,263.0,29.11,765.63
Mississippi,Amite,2021,12626.0,9.0,24.0,71.28,190.08
Mississippi,Attala,2021,17721.0,11.0,129.0,62.07,727.95
Mississippi,Bolivar,2021,30140.0,46.0,219.0,152.62,726.61
Mississippi,Calhoun,2021,12975.0,14.0,36.0,107.9,277.46
Mississippi,Chickasaw,2021,17011.0,11.0,23.0,64.66,135.21
Mississippi,Choctaw,2021,8131.0,27.0,62.0,332.06,762.51
Mississippi,Claiborne,2021,8667.0,24.0,42.0,276.91,484.6
Mississippi,Clay,2021,18490.0,17.0,77.0,91.94,416.44
Mississippi,Coahoma,2021,20722.0,4.0,22.0,19.3,106.17
Mississippi,George,2021,24791.0,37.0,319.0,149.25,1286.76
Mississippi,Grenada,2021,21323.0,46.0,189.0,215.73,886.37
Mississippi,Jasper,2021,16175.0,19.0,60.0,117.47,370.94
Mississippi,Jefferson,2021,7140.0,9.0,17.0,126.05,238.1
Mississippi,Kemper,2021,8809.0,9.0,15.0,102.17,170.28
Mississippi,Lafayette,2021,57671.0,21.0,157.0,36.41,272.23
Mississippi,Leake,2021,21275.0,56.0,155.0,263.22,728.55
Mississippi,Lee,2021,83033.0,91.0,611.0,109.59,735.85
Mississippi,Lincoln,2021,34969.0,39.0,247.0,111.53,706.34
Mississippi,Lowndes,2021,58145.0,55.0,537.0,94.59,923.55
Mississippi,Marion,2021,24312.0,45.0,176.0,185.09,723.92
Mississippi,Monroe,2021,33929.0,61.0,105.0,179.79,309.47
Mississippi,Neshoba,2021,28899.0,24.0,100.0,83.05,346.03
Mississippi,Noxubee,2021,10117.0,22.0,35.0,217.46,345.95
Mississippi,Oktibbeha,2021,51801.0,63.0,383.0,121.62,739.37
Mississippi,Pike,2021,39979.0,57.0,300.0,142.57,750.39
Mississippi,Pontotoc,2021,31336.0,71.0,146.0,226.58,465.92
Mississippi,Prentiss,2021,25063.0,23.0,116.0,91.77,462.83
Mississippi,Smith,2021,14202.0,6.0,67.0,42.25,471.76
Mississippi,Sunflower,2021,24692.0,6.0,72.0,24.3,291.59
Mississippi,Tallahatchie,2021,11945.0,28.0,96.0,234.41,803.68
Mississippi,Tishomingo,2021,18743.0,28.0,128.0,149.39,682.92
Mississippi,Union,2021,28028.0,26.0,162.0,92.76,577.99
Mississippi,Wayne,2021,19678.0,15.0,103.0,76.23,523.43
Mississippi,Webster,2021,9975.0,8.0,30.0,80.2,300.75
Mississippi,Winston,2021,17578.0,22.0,76.0,125.16,432.36
Missouri,Andrew,2021,18029.0,15.0,131.0,83.2,726.61
Missouri,Bollinger,2021,10581.0,74.0,67.0,699.37,633.21
Missouri,Boone,2021,186113.0,98.0,608.0,52.66,326.68
Missouri,Buchanan,2021,83641.0,23.0,148.0,27.5,176.95
Missouri,Caldwell,2021,8911.0,6.0,42.0,67.33,471.33
Missouri,Callaway,2021,44644.0,70.0,256.0,156.8,573.43
Missouri,Cape Girardeau,2021,82136.0,64.0,209.0,77.92,254.46
Missouri,Clay,2021,255910.0,34.0,175.0,13.29,68.38
Missouri,Clinton,2021,21215.0,18.0,84.0,84.85,395.95
Missouri,Cole,2021,76632.0,33.0,205.0,43.06,267.51
Missouri,Cooper,2021,16684.0,11.0,25.0,65.93,149.84
Missouri,Franklin,2021,105315.0,49.0,304.0,46.53,288.66
Missouri,Greene,2021,301133.0,144.0,926.0,47.82,307.51
Missouri,Jackson,2021,718158.0,130.0,382.0,18.1,53.19
Missouri,Jasper,2021,123314.0,49.0,482.0,39.74,390.87
Missouri,Jefferson,2021,228062.0,525.0,2059.0,230.2,902.82
Missouri,Lincoln,2021,61642.0,428.0,236.0,694.33,382.86
Missouri,Newton,2021,59449.0,116.0,585.0,195.13,984.04
Missouri,Polk,2021,32043.0,99.0,263.0,308.96,820.77
Missouri,St. Charles,2021,410568.0,2.0,1.0,0.49,0.24
Missouri,St. Charles County Police Department,2021,410568.0,117.0,460.0,28.5,112.04
Missouri,St. Louis County Police Department,2021,998850.0,1995.0,7861.0,199.73,787.01
Missouri,St. Louis County Police Department,2021,293553.0,1995.0,7861.0,679.6,2677.88
Missouri,Warren,2021,36578.0,43.0,210.0,117.56,574.12
Missouri,Webster,2021,39608.0,63.0,208.0,159.06,525.15
Missouri,Adair,2021,25187.0,5.0,63.0,19.85,250.13
Missouri,Audrain,2021,24852.0,44.0,123.0,177.05,494.93
Missouri,Barry,2021,34778.0,64.0,248.0,184.02,713.09
Missouri,Benton,2021,19963.0,27.0,155.0,135.25,776.44
Missouri,Butler,2021,42167.0,71.0,505.0,168.38,1197.62
Missouri,Carter,2021,5320.0,33.0,47.0,620.3,883.46
Missouri,Chariton,2021,7363.0,2.0,42.0,27.16,570.42
Missouri,Clark,2021,6746.0,4.0,93.0,59.29,1378.59
Missouri,Crawford,2021,22822.0,33.0,64.0,144.6,280.43
Missouri,Dade,2021,7603.0,45.0,96.0,591.87,1262.66
Missouri,Daviess,2021,8407.0,12.0,9.0,142.74,107.05
Missouri,Dent,2021,14461.0,24.0,87.0,165.96,601.62
Missouri,Douglas,2021,11746.0,15.0,24.0,127.7,204.32
Missouri,Dunklin,2021,27752.0,22.0,82.0,79.27,295.47
Missouri,Grundy,2021,9765.0,6.0,10.0,61.44,102.41
Missouri,Henry,2021,22212.0,97.0,410.0,436.7,1845.85
Missouri,Holt,2021,4226.0,6.0,41.0,141.98,970.18
Missouri,Howell,2021,40028.0,64.0,272.0,159.89,679.52
Missouri,Johnson,2021,54209.0,21.0,238.0,38.74,439.04
Missouri,Laclede,2021,36168.0,54.0,294.0,149.3,812.87
Missouri,Lawrence,2021,38274.0,60.0,232.0,156.76,606.16
Missouri,Lewis,2021,10005.0,0.0,35.0,0.0,349.83
Missouri,Linn,2021,11843.0,17.0,29.0,143.54,244.87
Missouri,Livingston,2021,14760.0,5.0,41.0,33.88,277.78
Missouri,Macon,2021,15185.0,5.0,68.0,32.93,447.81
Missouri,Madison,2021,12665.0,10.0,97.0,78.96,765.89
Missouri,Maries,2021,8426.0,10.0,54.0,118.68,640.87
Missouri,McDonald,2021,23437.0,119.0,189.0,507.74,806.42
Missouri,Mississippi,2021,12100.0,7.0,41.0,57.85,338.84
Missouri,Monroe,2021,8706.0,30.0,36.0,344.59,413.51
Missouri,Montgomery,2021,11450.0,14.0,49.0,122.27,427.95
Missouri,New Madrid,2021,16044.0,57.0,170.0,355.27,1059.59
Missouri,Nodaway,2021,21018.0,19.0,71.0,90.4,337.81
Missouri,Oregon,2021,8619.0,11.0,52.0,127.63,603.32
Missouri,Pemiscot,2021,15239.0,25.0,77.0,164.05,505.28
Missouri,Perry,2021,18982.0,38.0,33.0,200.19,173.85
Missouri,Phelps,2021,44891.0,29.0,187.0,64.6,416.56
Missouri,Pike,2021,17604.0,23.0,73.0,130.65,414.68
Missouri,Randolph,2021,24578.0,65.0,46.0,264.46,187.16
Missouri,Ripley,2021,10647.0,5.0,45.0,46.96,422.65
Missouri,Saline,2021,23281.0,117.0,80.0,502.56,343.63
Missouri,Schuyler,2021,4017.0,16.0,52.0,398.31,1294.5
Missouri,Ste. Genevieve,2021,18578.0,42.0,111.0,226.07,597.48
Missouri,Stoddard,2021,28531.0,34.0,149.0,119.17,522.24
Missouri,Stone,2021,31603.0,69.0,400.0,218.33,1265.7
Missouri,Taney,2021,56352.0,64.0,276.0,113.57,489.78
Missouri,Texas,2021,24857.0,61.0,148.0,245.4,595.41
Missouri,Vernon,2021,19580.0,50.0,116.0,255.36,592.44
Missouri,Washington,2021,23396.0,47.0,132.0,200.89,564.2
Missouri,Wayne,2021,10924.0,57.0,143.0,521.79,1309.04
Missouri,Wright,2021,18622.0,17.0,80.0,91.29,429.6
Montana,Carbon,2021,10901.0,10.0,49.0,91.73,449.5
Montana,Cascade,2021,84569.0,100.0,331.0,118.25,391.4
Montana,Missoula,2021,119874.0,129.0,297.0,107.61,247.76
Montana,Stillwater,2021,9022.0,19.0,82.0,210.6,908.89
Montana,Yellowstone,2021,167444.0,143.0,804.0,85.4,480.16
Montana,Big Horn,2021,12893.0,82.0,315.0,636.0,2443.19
Montana,Blaine,2021,7000.0,5.0,11.0,71.43,157.14
Montana,Broadwater,2021,7329.0,21.0,29.0,286.53,395.69
Montana,Butte-Silver Bow,2021,35498.0,121.0,1569.0,340.86,4419.97
Montana,Carter,2021,1415.0,0.0,0.0,0.0,0.0
Montana,Chouteau,2021,5936.0,4.0,3.0,67.39,50.54
Montana,Custer,2021,11960.0,15.0,14.0,125.42,117.06
Montana,Dawson,2021,8855.0,8.0,26.0,90.34,293.62
Montana,Deer Lodge,2021,9522.0,24.0,188.0,252.05,1974.38
Montana,Fallon,2021,3012.0,1.0,0.0,33.2,0.0
Montana,Fergus,2021,11618.0,2.0,9.0,17.21,77.47
Montana,Flathead,2021,108760.0,216.0,652.0,198.6,599.49
Montana,Gallatin,2021,123103.0,137.0,369.0,111.29,299.75
Montana,Garfield,2021,1206.0,4.0,2.0,331.67,165.84
Montana,Glacier,2021,13710.0,2.0,26.0,14.59,189.64
Montana,Golden Valley,2021,820.0,2.0,5.0,243.9,609.76
Montana,Granite,2021,3361.0,5.0,31.0,148.77,922.34
Montana,Hill,2021,16195.0,22.0,149.0,135.84,920.04
Montana,Jefferson,2021,12465.0,30.0,115.0,240.67,922.58
Montana,Judith Basin,2021,2044.0,0.0,0.0,0.0,0.0
Montana,Lake,2021,32072.0,136.0,295.0,424.05,919.81
Montana,Lewis and Clark,2021,72514.0,120.0,324.0,165.49,446.81
Montana,Liberty,2021,1934.0,0.0,3.0,0.0,155.12
Montana,Lincoln,2021,20588.0,24.0,51.0,116.57,247.72
Montana,Madison,2021,8954.0,14.0,23.0,156.35,256.87
Montana,McCone,2021,1712.0,2.0,1.0,116.82,58.41
Montana,Meagher,2021,1965.0,4.0,12.0,203.56,610.69
Montana,Mineral,2021,4865.0,18.0,35.0,369.99,719.42
Montana,Musselshell,2021,4911.0,13.0,45.0,264.71,916.31
Montana,Park,2021,17531.0,22.0,59.0,125.49,336.55
Montana,Petroleum,2021,520.0,2.0,0.0,384.62,0.0
Montana,Phillips,2021,4204.0,23.0,37.0,547.1,880.11
Montana,Pondera,2021,6022.0,5.0,24.0,83.03,398.54
Montana,Powder River,2021,1710.0,2.0,0.0,116.96,0.0
Montana,Powell,2021,7021.0,15.0,17.0,213.64,242.13
Montana,Prairie,2021,1099.0,7.0,1.0,636.94,90.99
Montana,Richland,2021,11324.0,5.0,20.0,44.15,176.62
Montana,Roosevelt,2021,10793.0,22.0,29.0,203.84,268.69
Montana,Rosebud,2021,8076.0,8.0,3.0,99.06,37.15
Montana,Sanders,2021,12933.0,13.0,42.0,100.52,324.75
Montana,Sheridan,2021,3577.0,21.0,43.0,587.08,1202.12
Montana,Sweet Grass,2021,3707.0,13.0,33.0,350.69,890.21
Montana,Teton,2021,6280.0,23.0,78.0,366.24,1242.04
Montana,Toole,2021,4985.0,10.0,77.0,200.6,1544.63
Montana,Valley,2021,7569.0,1.0,4.0,13.21,52.85
Montana,Wheatland,2021,2043.0,2.0,2.0,97.9,97.9
Montana,Wibaux,2021,936.0,0.0,0.0,0.0,0.0
Nebraska,Cass,2021,27084.0,12.0,154.0,44.31,568.6
Nebraska,Dixon,2021,5555.0,2.0,28.0,36.0,504.05
Nebraska,Douglas,2021,585604.0,92.0,675.0,15.71,115.27
Nebraska,Hall,2021,62082.0,24.0,103.0,38.66,165.91
Nebraska,Lancaster,2021,323504.0,17.0,233.0,5.25,72.02
Nebraska,Merrick,2021,7661.0,1.0,6.0,13.05,78.32
Nebraska,Sarpy,2021,193908.0,37.0,723.0,19.08,372.86
Nebraska,Saunders,2021,22825.0,3.0,62.0,13.14,271.63
Nebraska,Seward,2021,17561.0,8.0,21.0,45.56,119.58
Nebraska,Washington,2021,21004.0,3.0,68.0,14.28,323.75
Nebraska,Adams,2021,30975.0,5.0,48.0,16.14,154.96
Nebraska,Boyd,2021,1783.0,0.0,6.0,0.0,336.51
Nebraska,Brown,2021,2921.0,0.0,6.0,0.0,205.41
Nebraska,Buffalo,2021,50337.0,14.0,93.0,27.81,184.75
Nebraska,Butler,2021,8448.0,8.0,13.0,94.7,153.88
Nebraska,Cedar,2021,8323.0,6.0,48.0,72.09,576.72
Nebraska,Cherry,2021,5448.0,1.0,4.0,18.36,73.42
Nebraska,Cheyenne,2021,9497.0,25.0,8.0,263.24,84.24
Nebraska,Custer,2021,10500.0,4.0,22.0,38.1,209.52
Nebraska,Dawson,2021,23935.0,6.0,35.0,25.07,146.23
Nebraska,Dodge,2021,37127.0,6.0,100.0,16.16,269.35
Nebraska,Dundy,2021,1630.0,1.0,13.0,61.35,797.55
Nebraska,Fillmore,2021,5547.0,2.0,11.0,36.06,198.31
Nebraska,Furnas,2021,4605.0,4.0,40.0,86.86,868.62
Nebraska,Gage,2021,21644.0,18.0,42.0,83.16,194.05
Nebraska,Grant,2021,578.0,0.0,0.0,0.0,0.0
Nebraska,Hamilton,2021,9393.0,2.0,17.0,21.29,180.99
Nebraska,Harlan,2021,3097.0,0.0,0.0,0.0,0.0
Nebraska,Hayes,2021,841.0,0.0,5.0,0.0,594.53
Nebraska,Hitchcock,2021,2605.0,1.0,16.0,38.39,614.2
Nebraska,Jefferson,2021,7165.0,5.0,115.0,69.78,1605.02
Nebraska,Johnson,2021,5312.0,6.0,19.0,112.95,357.68
Nebraska,Kearney,2021,6688.0,6.0,14.0,89.71,209.33
Nebraska,Keith,2021,8256.0,2.0,4.0,24.22,48.45
Nebraska,Lincoln,2021,34084.0,8.0,64.0,23.47,187.77
Nebraska,Madison,2021,35406.0,5.0,25.0,14.12,70.61
Nebraska,McPherson,2021,380.0,0.0,0.0,0.0,0.0
Nebraska,Morrill,2021,4566.0,1.0,18.0,21.9,394.22
Nebraska,Nemaha,2021,7004.0,9.0,22.0,128.5,314.11
Nebraska,Otoe,2021,16031.0,5.0,39.0,31.19,243.28
Nebraska,Perkins,2021,2817.0,0.0,13.0,0.0,461.48
Nebraska,Phelps,2021,8923.0,3.0,8.0,33.62,89.66
Nebraska,Platte,2021,34307.0,6.0,64.0,17.49,186.55
Nebraska,Polk,2021,5187.0,1.0,16.0,19.28,308.46
Nebraska,Richardson,2021,7789.0,1.0,24.0,12.84,308.13
Nebraska,Rock,2021,1277.0,0.0,0.0,0.0,0.0
Nebraska,Scotts Bluff,2021,35901.0,8.0,66.0,22.28,183.84
Nebraska,Stanton,2021,5829.0,0.0,2.0,0.0,34.31
Nebraska,Valley,2021,4063.0,1.0,3.0,24.61,73.84
Nebraska,Wayne,2021,9877.0,2.0,16.0,20.25,161.99
Nebraska,Webster,2021,3393.0,0.0,3.0,0.0,88.42
Nevada,Carson City,2021,58835.0,210.0,631.0,356.93,1072.49
Nevada,Washoe,2021,494481.0,337.0,772.0,68.15,156.12
Nevada,Churchill,2021,25663.0,27.0,260.0,105.21,1013.13
Nevada,Douglas,2021,50014.0,68.0,559.0,135.96,1117.69
Nevada,Elko,2021,53879.0,58.0,213.0,107.65,395.33
Nevada,Humboldt,2021,17631.0,22.0,138.0,124.78,782.71
Nevada,Lander,2021,5758.0,18.0,78.0,312.61,1354.64
Nevada,Lyon,2021,60961.0,159.0,546.0,260.82,895.65
Nevada,Nye,2021,53351.0,174.0,760.0,326.14,1424.53
New Hampshire,Strafford,2021,131643.0,2.0,0.0,1.52,0.0
New Hampshire,Belknap,2021,64612.0,5.0,11.0,7.74,17.02
New Hampshire,Carroll,2021,51741.0,3.0,41.0,5.8,79.24
New Hampshire,Cheshire,2021,76858.0,4.0,10.0,5.2,13.01
New Hampshire,Grafton,2021,90518.0,4.0,2.0,4.42,2.21
New Hampshire,Merrimack,2021,154660.0,0.0,1.0,0.0,0.65
New Hampshire,Sullivan,2021,43619.0,1.0,9.0,2.29,20.63
New Hampshire,Atlantic,2021,,0.0,0.0,,
New Hampshire,Bernalillo,2021,,753.0,1974.0,,
New Hampshire,Dona Ana,2021,,318.0,854.0,,
New Hampshire,Valencia,2021,,213.0,677.0,,
New Hampshire,McKinley,2021,,58.0,162.0,,
New Hampshire,Socorro,2021,,22.0,71.0,,
New Hampshire,Broome,2021,,40.0,477.0,,
New Hampshire,Dutchess,2021,,28.0,332.0,,
New Hampshire,Jefferson,2021,,12.0,183.0,,
New Hampshire,Livingston,2021,,12.0,252.0,,
New Hampshire,Monroe,2021,,141.0,1862.0,,
New Hampshire,Niagara,2021,,44.0,516.0,,
New Hampshire,Oneida,2021,,41.0,214.0,,
New Hampshire,Oswego,2021,,28.0,259.0,,
New Hampshire,Saratoga,2021,,73.0,1011.0,,
New Hampshire,Ulster,2021,,9.0,104.0,,
New Hampshire,Warren,2021,,15.0,458.0,,
New Hampshire,Cattaraugus,2021,,37.0,199.0,,
New Hampshire,Chautauqua,2021,,47.0,295.0,,
New Hampshire,Genesee,2021,,40.0,246.0,,
New Hampshire,Montgomery,2021,,5.0,167.0,,
New Hampshire,Seneca,2021,,6.0,397.0,,
New Hampshire,St. Lawrence,2021,,7.0,22.0,,
North Carolina,Alamance,2021,173666.0,192.0,654.0,110.56,376.58
North Carolina,Alexander,2021,36279.0,79.0,388.0,217.76,1069.49
North Carolina,Buncombe,2021,272030.0,159.0,1666.0,58.45,612.43
North Carolina,Burke,2021,87337.0,117.0,751.0,133.96,859.89
North Carolina,Cabarrus,2021,231844.0,47.0,566.0,20.27,244.13
North Carolina,Caldwell,2021,80529.0,69.0,908.0,85.68,1127.54
North Carolina,Camden,2021,10827.0,22.0,59.0,203.2,544.93
North Carolina,Catawba,2021,161706.0,189.0,1052.0,116.88,650.56
North Carolina,Chatham,2021,78164.0,94.0,602.0,120.26,770.18
North Carolina,Craven,2021,101696.0,94.0,500.0,92.43,491.66
North Carolina,Currituck,2021,29700.0,57.0,316.0,191.92,1063.97
North Carolina,Davidson,2021,170570.0,95.0,1261.0,55.7,739.29
North Carolina,Durham,2021,326694.0,96.0,533.0,29.39,163.15
North Carolina,Forsyth,2021,385808.0,249.0,1404.0,64.54,363.91
North Carolina,Franklin,2021,71697.0,113.0,600.0,157.61,836.86
North Carolina,Gaston,2021,231421.0,13.0,3.0,5.62,1.3
North Carolina,Gaston County Police Department,2021,231421.0,192.0,998.0,82.97,431.25
North Carolina,Granville,2021,60502.0,59.0,357.0,97.52,590.06
North Carolina,Guilford,2021,542111.0,215.0,938.0,39.66,173.03
North Carolina,Harnett,2021,135553.0,241.0,1422.0,177.79,1049.04
North Carolina,Haywood,2021,62539.0,97.0,917.0,155.1,1466.29
North Carolina,Henderson,2021,117187.0,112.0,1227.0,95.57,1047.04
North Carolina,Iredell,2021,192185.0,133.0,735.0,69.2,382.44
North Carolina,Johnston,2021,226965.0,133.0,1485.0,58.6,654.29
North Carolina,Lincoln,2021,89935.0,91.0,877.0,101.18,975.15
North Carolina,Madison,2021,21739.0,23.0,219.0,105.8,1007.41
North Carolina,New Hanover,2021,230167.0,139.0,1139.0,60.39,494.86
North Carolina,Orange,2021,148919.0,86.0,471.0,57.75,316.28
North Carolina,Pamlico,2021,12362.0,39.0,226.0,315.48,1828.18
North Carolina,Person,2021,39168.0,36.0,419.0,91.91,1069.75
North Carolina,Pitt,2021,175482.0,153.0,697.0,87.19,397.19
North Carolina,Rockingham,2021,91261.0,49.0,584.0,53.69,639.92
North Carolina,Rowan,2021,147701.0,162.0,947.0,109.68,641.16
North Carolina,Union,2021,244459.0,198.0,1423.0,81.0,582.1
North Carolina,Wake,2021,1153051.0,224.0,1344.0,19.43,116.56
North Carolina,Wayne,2021,117416.0,201.0,1073.0,171.19,913.84
North Carolina,Yadkin,2021,37287.0,43.0,357.0,115.32,957.44
North Carolina,Ashe,2021,26757.0,41.0,147.0,153.23,549.39
North Carolina,Avery,2021,17603.0,14.0,108.0,79.53,613.53
North Carolina,Bertie,2021,17237.0,36.0,200.0,208.85,1160.29
North Carolina,Bladen,2021,29531.0,108.0,425.0,365.72,1439.17
North Carolina,Carteret,2021,68695.0,89.0,516.0,129.56,751.15
North Carolina,Caswell,2021,22505.0,12.0,60.0,53.32,266.61
North Carolina,Cherokee,2021,29199.0,92.0,755.0,315.08,2585.7
North Carolina,Chowan,2021,13761.0,7.0,65.0,50.87,472.35
North Carolina,Cleveland,2021,100478.0,180.0,637.0,179.14,633.97
North Carolina,Dare,2021,37908.0,17.0,172.0,44.85,453.73
North Carolina,Duplin,2021,48565.0,72.0,886.0,148.25,1824.36
North Carolina,Greene,2021,20274.0,54.0,242.0,266.35,1193.65
North Carolina,Halifax,2021,48268.0,86.0,371.0,178.17,768.63
North Carolina,Hertford,2021,19810.0,24.0,211.0,121.15,1065.12
North Carolina,Macon,2021,37457.0,29.0,457.0,77.42,1220.07
North Carolina,Martin,2021,21747.0,41.0,197.0,188.53,905.87
North Carolina,McDowell,2021,44541.0,51.0,733.0,114.5,1645.67
North Carolina,Montgomery,2021,25834.0,52.0,226.0,201.29,874.82
North Carolina,Moore,2021,103056.0,62.0,522.0,60.16,506.52
North Carolina,Pasquotank,2021,40633.0,106.0,199.0,260.87,489.75
North Carolina,Polk,2021,19701.0,13.0,177.0,65.99,898.43
North Carolina,Richmond,2021,42654.0,228.0,1083.0,534.53,2539.04
North Carolina,Robeson,2021,115889.0,1041.0,2331.0,898.27,2011.41
North Carolina,Rutherford,2021,64523.0,76.0,471.0,117.79,729.97
North Carolina,Sampson,2021,59052.0,153.0,788.0,259.09,1334.42
North Carolina,Scotland,2021,33331.0,68.0,274.0,204.01,822.06
North Carolina,Surry,2021,71282.0,66.0,577.0,92.59,809.46
North Carolina,Swain,2021,14134.0,23.0,289.0,162.73,2044.71
North Carolina,Transylvania,2021,33492.0,35.0,173.0,104.5,516.54
North Carolina,Tyrrell,2021,3377.0,6.0,24.0,177.67,710.69
North Carolina,Vance,2021,42128.0,124.0,511.0,294.34,1212.97
North Carolina,Warren,2021,18835.0,34.0,315.0,180.51,1672.42
North Carolina,Watauga,2021,55302.0,35.0,218.0,63.29,394.2
North Carolina,Wilkes,2021,65812.0,99.0,650.0,150.43,987.66
North Carolina,Wilson,2021,79263.0,45.0,270.0,56.77,340.64
North Carolina,Yancey,2021,18759.0,12.0,70.0,63.97,373.15
North Dakota,Burleigh,2021,99370.0,27.0,120.0,27.17,120.76
North Dakota,Cass,2021,189328.0,18.0,153.0,9.51,80.81
North Dakota,Grand Forks,2021,72422.0,20.0,56.0,27.62,77.32
North Dakota,Morton,2021,33590.0,7.0,72.0,20.84,214.35
North Dakota,Oliver,2021,1873.0,0.0,6.0,0.0,320.34
North Dakota,Adams,2021,2169.0,2.0,11.0,92.21,507.15
North Dakota,Barnes,2021,10731.0,4.0,18.0,37.28,167.74
North Dakota,Benson,2021,5771.0,2.0,6.0,34.66,103.97
North Dakota,Billings,2021,959.0,0.0,3.0,0.0,312.83
North Dakota,Bottineau,2021,6424.0,1.0,52.0,15.57,809.46
North Dakota,Bowman,2021,2893.0,1.0,0.0,34.57,0.0
North Dakota,Burke,2021,2151.0,1.0,5.0,46.49,232.45
North Dakota,Cavalier,2021,3678.0,3.0,5.0,81.57,135.94
North Dakota,Divide,2021,2178.0,0.0,12.0,0.0,550.96
North Dakota,Dunn,2021,4007.0,4.0,19.0,99.83,474.17
North Dakota,Eddy,2021,2320.0,4.0,15.0,172.41,646.55
North Dakota,Emmons,2021,3269.0,3.0,34.0,91.77,1040.07
North Dakota,Golden Valley,2021,1763.0,0.0,10.0,0.0,567.21
North Dakota,Grant,2021,2297.0,2.0,11.0,87.07,478.89
North Dakota,Griggs,2021,2288.0,1.0,13.0,43.71,568.18
North Dakota,Hettinger,2021,2444.0,3.0,5.0,122.75,204.58
North Dakota,Kidder,2021,2355.0,0.0,7.0,0.0,297.24
North Dakota,Lamoure,2021,4054.0,1.0,9.0,24.67,222.0
North Dakota,McHenry,2021,5241.0,8.0,28.0,152.64,534.25
North Dakota,McIntosh,2021,2516.0,1.0,10.0,39.75,397.46
North Dakota,McKenzie,2021,13858.0,15.0,90.0,108.24,649.44
North Dakota,McLean,2021,9832.0,8.0,75.0,81.37,762.82
North Dakota,Mercer,2021,8337.0,5.0,34.0,59.97,407.82
North Dakota,Mountrail,2021,9571.0,1.0,61.0,10.45,637.34
North Dakota,Nelson,2021,3042.0,1.0,25.0,32.87,821.83
North Dakota,Pembina,2021,6766.0,7.0,27.0,103.46,399.05
North Dakota,Pierce,2021,3954.0,0.0,14.0,0.0,354.07
North Dakota,Ramsey,2021,11610.0,4.0,37.0,34.45,318.69
North Dakota,Ransom,2021,5683.0,2.0,20.0,35.19,351.93
North Dakota,Renville,2021,2256.0,3.0,17.0,132.98,753.55
North Dakota,Richland,2021,16546.0,4.0,73.0,24.18,441.19
North Dakota,Rolette,2021,12040.0,4.0,17.0,33.22,141.2
North Dakota,Sargent,2021,3848.0,4.0,6.0,103.95,155.93
North Dakota,Sheridan,2021,1264.0,0.0,10.0,0.0,791.14
North Dakota,Sioux,2021,3739.0,0.0,0.0,0.0,0.0
North Dakota,Slope,2021,688.0,0.0,0.0,0.0,0.0
North Dakota,Stark,2021,33037.0,2.0,53.0,6.05,160.43
North Dakota,Steele,2021,1812.0,1.0,1.0,55.19,55.19
North Dakota,Stutsman,2021,21592.0,4.0,44.0,18.53,203.78
North Dakota,Towner,2021,2123.0,3.0,19.0,141.31,894.96
North Dakota,Traill,2021,7977.0,5.0,56.0,62.68,702.02
North Dakota,Walsh,2021,10488.0,3.0,52.0,28.6,495.8
North Dakota,Ward,2021,69287.0,24.0,178.0,34.64,256.9
North Dakota,Williams,2021,38508.0,11.0,123.0,28.57,319.41
Ohio,Allen,2021,101705.0,111.0,496.0,109.14,487.68
Ohio,Belmont,2021,65878.0,44.0,78.0,66.79,118.4
Ohio,Clark,2021,135400.0,28.0,627.0,20.68,463.07
Ohio,Clermont,2021,209917.0,85.0,763.0,40.49,363.48
Ohio,Fairfield,2021,161146.0,69.0,978.0,42.82,606.9
Ohio,Franklin,2021,1317228.0,56.0,335.0,4.25,25.43
Ohio,Fulton,2021,42505.0,18.0,180.0,42.35,423.48
Ohio,Greene,2021,168268.0,30.0,277.0,17.83,164.62
Ohio,Hamilton,2021,827182.0,172.0,1418.0,20.79,171.43
Ohio,Hocking,2021,28109.0,38.0,219.0,135.19,779.11
Ohio,Lorain,2021,314094.0,51.0,373.0,16.24,118.75
Ohio,Lucas,2021,429218.0,85.0,739.0,19.8,172.17
Ohio,Madison,2021,44435.0,32.0,173.0,72.02,389.33
Ohio,Medina,2021,183311.0,30.0,196.0,16.37,106.92
Ohio,Miami,2021,109392.0,38.0,302.0,34.74,276.07
Ohio,Montgomery,2021,536038.0,248.0,971.0,46.27,181.14
Ohio,Perry,2021,35484.0,0.0,28.0,0.0,78.91
Ohio,Pickaway,2021,58760.0,30.0,441.0,51.06,750.51
Ohio,Richland,2021,125297.0,90.0,499.0,71.83,398.25
Ohio,Stark,2021,373565.0,103.0,1367.0,27.57,365.93
Ohio,Summit,2021,537255.0,91.0,1017.0,16.94,189.3
Ohio,Trumbull,2021,201415.0,21.0,156.0,10.43,77.45
Ohio,Union,2021,65101.0,24.0,211.0,36.87,324.11
Ohio,Warren,2021,246722.0,35.0,726.0,14.19,294.26
Ohio,Wood,2021,130178.0,24.0,244.0,18.44,187.44
Ohio,Adams,2021,27581.0,3.0,67.0,10.88,242.92
Ohio,Ashtabula,2021,97427.0,50.0,457.0,51.32,469.07
Ohio,Athens,2021,59057.0,25.0,281.0,42.33,475.81
Ohio,Auglaize,2021,46245.0,1.0,25.0,2.16,54.06
Ohio,Champaign,2021,38788.0,23.0,141.0,59.3,363.51
Ohio,Clinton,2021,42142.0,16.0,68.0,37.97,161.36
Ohio,Columbiana,2021,101318.0,39.0,163.0,38.49,160.88
Ohio,Coshocton,2021,36639.0,72.0,399.0,196.51,1089.0
Ohio,Crawford,2021,41753.0,8.0,67.0,19.16,160.47
Ohio,Defiance,2021,38177.0,9.0,139.0,23.57,364.09
Ohio,Erie,2021,74762.0,5.0,96.0,6.69,128.41
Ohio,Fayette,2021,28897.0,34.0,205.0,117.66,709.42
Ohio,Gallia,2021,29203.0,17.0,110.0,58.21,376.67
Ohio,Hancock,2021,74749.0,25.0,197.0,33.45,263.55
Ohio,Harrison,2021,14473.0,10.0,79.0,69.09,545.84
Ohio,Henry,2021,27537.0,9.0,136.0,32.68,493.88
Ohio,Highland,2021,43440.0,26.0,332.0,59.85,764.27
Ohio,Jackson,2021,32533.0,47.0,185.0,144.47,568.65
Ohio,Knox,2021,62505.0,28.0,285.0,44.8,455.96
Ohio,Logan,2021,46166.0,15.0,188.0,32.49,407.23
Ohio,Meigs,2021,22073.0,18.0,168.0,81.55,761.11
Ohio,Monroe,2021,13319.0,5.0,14.0,37.54,105.11
Ohio,Morgan,2021,13698.0,21.0,91.0,153.31,664.33
Ohio,Pike,2021,27070.0,43.0,227.0,158.85,838.57
Ohio,Preble,2021,40871.0,17.0,136.0,41.59,332.75
Ohio,Ross,2021,76493.0,109.0,941.0,142.5,1230.18
Ohio,Scioto,2021,72932.0,32.0,245.0,43.88,335.93
Ohio,Seneca,2021,54975.0,8.0,142.0,14.55,258.3
Ohio,Shelby,2021,48035.0,15.0,101.0,31.23,210.26
Ohio,Tuscarawas,2021,92607.0,36.0,278.0,38.87,300.19
Ohio,Van Wert,2021,28792.0,20.0,60.0,69.46,208.39
Ohio,Washington,2021,59485.0,16.0,142.0,26.9,238.72
Ohio,Wayne,2021,116106.0,43.0,628.0,37.04,540.89
Oklahoma,Canadian,2021,162022.0,20.0,168.0,12.34,103.69
Oklahoma,Cleveland,2021,298188.0,40.0,204.0,13.41,68.41
Oklahoma,Comanche,2021,122383.0,19.0,118.0,15.53,96.42
Oklahoma,Cotton,2021,5442.0,6.0,29.0,110.25,532.89
Oklahoma,Creek,2021,72255.0,48.0,362.0,66.43,501.0
Oklahoma,Garfield,2021,61986.0,16.0,92.0,25.81,148.42
Oklahoma,Grady,2021,55644.0,40.0,265.0,71.89,476.24
Oklahoma,Lincoln,2021,33892.0,57.0,289.0,168.18,852.71
Oklahoma,Logan,2021,50952.0,33.0,354.0,64.77,694.77
Oklahoma,McClain,2021,43544.0,19.0,192.0,43.63,440.93
Oklahoma,Oklahoma,2021,800107.0,29.0,144.0,3.62,18.0
Oklahoma,Okmulgee,2021,36848.0,24.0,182.0,65.13,493.92
Oklahoma,Osage,2021,45929.0,77.0,438.0,167.65,953.65
Oklahoma,Pawnee,2021,15703.0,8.0,96.0,50.95,611.35
Oklahoma,Rogers,2021,96901.0,88.0,404.0,90.81,416.92
Oklahoma,Sequoyah,2021,39492.0,77.0,254.0,194.98,643.17
Oklahoma,Tulsa,2021,674181.0,194.0,782.0,28.78,115.99
Oklahoma,Wagoner,2021,84253.0,65.0,324.0,77.15,384.56
Oklahoma,Adair,2021,19432.0,24.0,138.0,123.51,710.17
Oklahoma,Alfalfa,2021,5699.0,4.0,56.0,70.19,982.63
Oklahoma,Atoka,2021,14294.0,19.0,75.0,132.92,524.7
Oklahoma,Beaver,2021,4992.0,2.0,16.0,40.06,320.51
Oklahoma,Beckham,2021,22021.0,14.0,66.0,63.58,299.71
Oklahoma,Blaine,2021,8554.0,12.0,72.0,140.29,841.71
Oklahoma,Bryan,2021,47143.0,24.0,269.0,50.91,570.6
Oklahoma,Caddo,2021,26452.0,28.0,149.0,105.85,563.28
Oklahoma,Carter,2021,48260.0,17.0,140.0,35.23,290.1
Oklahoma,Cherokee,2021,47646.0,76.0,431.0,159.51,904.59
Oklahoma,Choctaw,2021,14359.0,30.0,141.0,208.93,981.96
Oklahoma,Cimarron,2021,2245.0,0.0,10.0,0.0,445.43
Oklahoma,Coal,2021,5311.0,2.0,13.0,37.66,244.77
Oklahoma,Craig,2021,14207.0,24.0,143.0,168.93,1006.55
Oklahoma,Custer,2021,28174.0,13.0,84.0,46.14,298.15
Oklahoma,Delaware,2021,40957.0,81.0,385.0,197.77,940.01
Oklahoma,Dewey,2021,4425.0,6.0,50.0,135.59,1129.94
Oklahoma,Ellis,2021,3738.0,3.0,48.0,80.26,1284.11
Oklahoma,Garvin,2021,25792.0,49.0,206.0,189.98,798.7
Oklahoma,Grant,2021,4153.0,2.0,27.0,48.16,650.13
Oklahoma,Greer,2021,5487.0,0.0,4.0,0.0,72.9
Oklahoma,Harmon,2021,2400.0,2.0,3.0,83.33,125.0
Oklahoma,Harper,2021,3173.0,3.0,21.0,94.55,661.83
Oklahoma,Haskell,2021,11621.0,8.0,58.0,68.84,499.1
Oklahoma,Hughes,2021,13403.0,5.0,104.0,37.31,775.95
Oklahoma,Jackson,2021,24721.0,3.0,31.0,12.14,125.4
Oklahoma,Jefferson,2021,5386.0,4.0,18.0,74.27,334.2
Oklahoma,Johnston,2021,10318.0,14.0,58.0,135.69,562.12
Oklahoma,Kay,2021,43748.0,29.0,120.0,66.29,274.3
Oklahoma,Kingfisher,2021,15226.0,7.0,83.0,45.97,545.12
Oklahoma,Kiowa,2021,8403.0,6.0,17.0,71.4,202.31
Oklahoma,Latimer,2021,9457.0,15.0,78.0,158.61,824.79
Oklahoma,Le Flore,2021,48639.0,28.0,202.0,57.57,415.3
Oklahoma,Love,2021,10238.0,16.0,95.0,156.28,927.92
Oklahoma,Major,2021,7639.0,9.0,61.0,117.82,798.53
Oklahoma,Marshall,2021,15562.0,19.0,163.0,122.09,1047.42
Oklahoma,Mayes,2021,39247.0,46.0,465.0,117.21,1184.8
Oklahoma,McCurtain,2021,30821.0,39.0,273.0,126.54,885.76
Oklahoma,McIntosh,2021,19238.0,33.0,200.0,171.54,1039.61
Oklahoma,Murray,2021,13729.0,3.0,38.0,21.85,276.79
Oklahoma,Muskogee,2021,66270.0,48.0,179.0,72.43,270.11
Oklahoma,Noble,2021,10947.0,15.0,67.0,137.02,612.04
Oklahoma,Nowata,2021,9360.0,12.0,57.0,128.21,608.97
Oklahoma,Okfuskee,2021,11220.0,10.0,85.0,89.13,757.58
Oklahoma,Ottawa,2021,30387.0,28.0,238.0,92.14,783.23
Oklahoma,Payne,2021,82248.0,29.0,269.0,35.26,327.06
Oklahoma,Pittsburg,2021,43659.0,51.0,334.0,116.81,765.02
Oklahoma,Pottawatomie,2021,73052.0,52.0,426.0,71.18,583.15
Oklahoma,Pushmataha,2021,10768.0,13.0,82.0,120.73,761.52
Oklahoma,Roger Mills,2021,3367.0,3.0,25.0,89.1,742.5
Oklahoma,Seminole,2021,23535.0,18.0,273.0,76.48,1159.97
Oklahoma,Stephens,2021,43150.0,33.0,131.0,76.48,303.59
Oklahoma,Texas,2021,20854.0,8.0,56.0,38.36,268.53
Oklahoma,Tillman,2021,7044.0,8.0,42.0,113.57,596.25
Oklahoma,Washington,2021,52913.0,17.0,101.0,32.13,190.88
Oklahoma,Washita,2021,10909.0,7.0,35.0,64.17,320.84
Oklahoma,Woods,2021,8623.0,5.0,30.0,57.98,347.91
Oklahoma,Woodward,2021,20238.0,10.0,106.0,49.41,523.77
Oregon,Benton,2021,93012.0,20.0,256.0,21.5,275.23
Oregon,Clackamas,2021,423877.0,469.0,5071.0,110.65,1196.34
Oregon,Columbia,2021,53175.0,52.0,109.0,97.79,204.98
Oregon,Deschutes,2021,205280.0,88.0,642.0,42.87,312.74
Oregon,Jackson,2021,224649.0,112.0,571.0,49.86,254.17
Oregon,Josephine,2021,88620.0,101.0,325.0,113.97,366.73
Oregon,Linn,2021,130110.0,65.0,883.0,49.96,678.66
Oregon,Multnomah,2021,805130.0,245.0,1713.0,30.43,212.76
Oregon,Polk,2021,89436.0,67.0,292.0,74.91,326.49
Oregon,Washington,2021,602382.0,568.0,2776.0,94.29,460.84
Oregon,Yamhill,2021,108019.0,78.0,544.0,72.21,503.62
Oregon,Clatsop,2021,41932.0,34.0,156.0,81.08,372.03
Oregon,Crook,2021,25772.0,27.0,101.0,104.76,391.9
Oregon,Douglas,2021,112185.0,160.0,790.0,142.62,704.19
Oregon,Gilliam,2021,2010.0,8.0,42.0,398.01,2089.55
Oregon,Hood River,2021,24031.0,17.0,129.0,70.74,536.81
Oregon,Jefferson,2021,25094.0,12.0,148.0,47.82,589.78
Oregon,Klamath,2021,70424.0,129.0,656.0,183.18,931.5
Oregon,Lake,2021,8285.0,32.0,123.0,386.24,1484.61
Oregon,Lincoln,2021,51019.0,53.0,292.0,103.88,572.34
Oregon,Malheur,2021,31684.0,35.0,167.0,110.47,527.08
Oregon,Morrow,2021,12359.0,19.0,104.0,153.73,841.49
Oregon,Sherman,2021,1917.0,2.0,69.0,104.33,3599.37
Oregon,Tillamook,2021,27807.0,24.0,236.0,86.31,848.71
Oregon,Umatilla,2021,79748.0,53.0,344.0,66.46,431.36
Oregon,Union,2021,26288.0,20.0,144.0,76.08,547.78
Oregon,Wasco,2021,26702.0,18.0,158.0,67.41,591.72
South Carolina,Anderson,2021,206965.0,744.0,4079.0,359.48,1970.86
South Carolina,Beaufort,2021,191945.0,479.0,2234.0,249.55,1163.88
South Carolina,Berkeley,2021,236898.0,439.0,1985.0,185.31,837.91
South Carolina,Calhoun,2021,14141.0,51.0,194.0,360.65,1371.9
South Carolina,Charleston,2021,414662.0,249.0,1435.0,60.05,346.06
South Carolina,Chester,2021,32169.0,101.0,301.0,313.97,935.68
South Carolina,Clarendon,2021,30967.0,174.0,593.0,561.89,1914.94
South Carolina,Darlington,2021,62778.0,467.0,1604.0,743.89,2555.04
South Carolina,Dorchester,2021,163528.0,270.0,1501.0,165.11,917.89
South Carolina,Fairfield,2021,20711.0,107.0,314.0,516.63,1516.1
South Carolina,Florence,2021,136446.0,550.0,2216.0,403.09,1624.09
South Carolina,Greenville,2021,534789.0,1595.0,7411.0,298.25,1385.78
South Carolina,Horry,2021,366100.0,6.0,2.0,1.64,0.55
South Carolina,Horry County Police Department,2021,366100.0,851.0,5072.0,232.45,1385.41
South Carolina,Jasper,2021,30441.0,80.0,380.0,262.8,1248.32
South Carolina,Kershaw,2021,66253.0,196.0,930.0,295.84,1403.71
South Carolina,Lancaster,2021,100476.0,368.0,1329.0,366.26,1322.7
South Carolina,Laurens,2021,67864.0,243.0,1016.0,358.07,1497.11
South Carolina,Lexington,2021,300722.0,649.0,5133.0,215.81,1706.89
South Carolina,Pickens,2021,132162.0,188.0,1095.0,142.25,828.53
South Carolina,Richland,2021,417573.0,2124.0,7599.0,508.65,1819.8
South Carolina,Saluda,2021,18914.0,22.0,137.0,116.32,724.33
South Carolina,Spartanburg,2021,335481.0,1100.0,4478.0,327.89,1334.8
South Carolina,Sumter,2021,104703.0,422.0,1383.0,403.04,1320.88
South Carolina,York,2021,288851.0,399.0,2314.0,138.13,801.11
South Carolina,Abbeville,2021,24276.0,60.0,233.0,247.16,959.8
South Carolina,Bamberg,2021,13124.0,6.0,132.0,45.72,1005.79
South Carolina,Barnwell,2021,20592.0,84.0,251.0,407.93,1218.92
South Carolina,Cherokee,2021,56138.0,126.0,888.0,224.45,1581.82
South Carolina,Colleton,2021,38486.0,194.0,719.0,504.08,1868.21
South Carolina,Dillon,2021,27981.0,246.0,576.0,879.17,2058.54
South Carolina,Georgetown,2021,63948.0,154.0,707.0,240.82,1105.59
South Carolina,Greenwood,2021,69002.0,197.0,683.0,285.5,989.83
South Carolina,Marion,2021,28865.0,78.0,386.0,270.22,1337.26
South Carolina,Marlboro,2021,26077.0,117.0,330.0,448.67,1265.48
South Carolina,Newberry,2021,37999.0,99.0,256.0,260.53,673.7
South Carolina,Oconee,2021,79380.0,206.0,1484.0,259.51,1869.49
South Carolina,Orangeburg,2021,82863.0,892.0,2369.0,1076.48,2858.94
South Carolina,Williamsburg,2021,30436.0,126.0,417.0,413.98,1370.09
South Dakota,Lincoln,2021,68010.0,31.0,357.0,45.58,524.92
South Dakota,McCook,2021,5718.0,4.0,18.0,69.95,314.8
South Dakota,Meade,2021,30289.0,21.0,161.0,69.33,531.55
South Dakota,Minnehaha,2021,199894.0,65.0,347.0,32.52,173.59
South Dakota,Pennington,2021,111938.0,139.0,372.0,124.18,332.33
South Dakota,Turner,2021,8686.0,17.0,39.0,195.72,449.0
South Dakota,Union,2021,16881.0,9.0,51.0,53.31,302.11
South Dakota,Bennett,2021,3398.0,1.0,1.0,29.43,29.43
South Dakota,Brookings,2021,34676.0,11.0,21.0,31.72,60.56
South Dakota,Butte,2021,10544.0,3.0,30.0,28.45,284.52
South Dakota,Charles Mix,2021,9162.0,10.0,40.0,109.15,436.59
South Dakota,Clay,2021,15170.0,0.0,57.0,0.0,375.74
South Dakota,Codington,2021,28497.0,8.0,39.0,28.07,136.86
South Dakota,Corson,2021,3846.0,7.0,13.0,182.01,338.01
South Dakota,Custer,2021,8639.0,15.0,163.0,173.63,1886.79
South Dakota,Day,2021,5422.0,2.0,35.0,36.89,645.52
South Dakota,Deuel,2021,4294.0,9.0,16.0,209.59,372.61
South Dakota,Hamlin,2021,6264.0,3.0,24.0,47.89,383.14
South Dakota,Hughes,2021,17761.0,4.0,12.0,22.52,67.56
South Dakota,Jerauld,2021,1643.0,1.0,6.0,60.86,365.19
South Dakota,Lake,2021,10866.0,1.0,10.0,9.2,92.03
South Dakota,Lawrence,2021,26164.0,6.0,26.0,22.93,99.37
South Dakota,Moody,2021,6318.0,1.0,1.0,15.83,15.83
South Dakota,Spink,2021,6266.0,15.0,29.0,239.39,462.82
South Dakota,Tripp,2021,5576.0,2.0,7.0,35.87,125.54
South Dakota,Walworth,2021,5255.0,2.0,1.0,38.06,19.03
South Dakota,Yankton,2021,23359.0,11.0,40.0,47.09,171.24
Tennessee,Anderson,2021,77678.0,99.0,398.0,127.45,512.37
Tennessee,Blount,2021,137641.0,264.0,760.0,191.8,552.16
Tennessee,Bradley,2021,109783.0,200.0,684.0,182.18,623.05
Tennessee,Campbell,2021,39483.0,55.0,207.0,139.3,524.28
Tennessee,Cheatham,2021,41455.0,72.0,248.0,173.68,598.24
Tennessee,Dickson,2021,55189.0,123.0,246.0,222.87,445.74
Tennessee,Fayette,2021,42610.0,42.0,125.0,98.57,293.36
Tennessee,Gibson,2021,50499.0,52.0,169.0,102.97,334.66
Tennessee,Grainger,2021,23794.0,23.0,182.0,96.66,764.9
Tennessee,Hamblen,2021,64390.0,101.0,435.0,156.86,675.57
Tennessee,Hamilton,2021,369725.0,311.0,1104.0,84.12,298.6
Tennessee,Hartsville/Trousdale,2021,11621.0,31.0,114.0,266.76,980.98
Tennessee,Hawkins,2021,57200.0,62.0,400.0,108.39,699.3
Tennessee,Jefferson,2021,55535.0,112.0,383.0,201.67,689.66
Tennessee,Knox,2021,486009.0,567.0,2868.0,116.66,590.11
Tennessee,Loudon,2021,56833.0,82.0,334.0,144.28,587.69
Tennessee,Macon,2021,25670.0,70.0,48.0,272.69,186.99
Tennessee,Madison,2021,98591.0,70.0,202.0,71.0,204.89
Tennessee,Marion,2021,28923.0,47.0,114.0,162.5,394.15
Tennessee,Maury,2021,105005.0,139.0,327.0,132.37,311.41
Tennessee,Montgomery,2021,227781.0,75.0,455.0,32.93,199.75
Tennessee,Morgan,2021,21137.0,46.0,196.0,217.63,927.28
Tennessee,Polk,2021,17704.0,35.0,285.0,197.7,1609.81
Tennessee,Roane,2021,54165.0,80.0,246.0,147.7,454.17
Tennessee,Robertson,2021,74047.0,105.0,223.0,141.8,301.16
Tennessee,Rutherford,2021,351202.0,241.0,517.0,68.62,147.21
Tennessee,Sequatchie,2021,16447.0,35.0,102.0,212.8,620.17
Tennessee,Shelby,2021,923315.0,640.0,2390.0,69.32,258.85
Tennessee,Smith,2021,20175.0,21.0,107.0,104.09,530.36
Tennessee,Stewart,2021,13820.0,33.0,68.0,238.78,492.04
Tennessee,Sullivan,2021,159250.0,290.0,889.0,182.1,558.24
Tennessee,Sumner,2021,200578.0,130.0,332.0,64.81,165.52
Tennessee,Tipton,2021,61083.0,113.0,337.0,184.99,551.71
Tennessee,Unicoi,2021,17617.0,32.0,37.0,181.64,210.02
Tennessee,Union,2021,20020.0,32.0,192.0,159.84,959.04
Tennessee,Washington,2021,133461.0,129.0,548.0,96.66,410.61
Tennessee,Williamson,2021,256192.0,137.0,299.0,53.48,116.71
Tennessee,Wilson,2021,152095.0,66.0,442.0,43.39,290.61
Tennessee,Bedford,2021,51168.0,69.0,165.0,134.85,322.47
Tennessee,Benton,2021,15825.0,34.0,141.0,214.85,891.0
Tennessee,Bledsoe,2021,14837.0,20.0,76.0,134.8,512.23
Tennessee,Carroll,2021,28298.0,34.0,140.0,120.15,494.73
Tennessee,Claiborne,2021,32047.0,22.0,67.0,68.65,209.07
Tennessee,Clay,2021,7586.0,5.0,19.0,65.91,250.46
Tennessee,Cocke,2021,36374.0,159.0,456.0,437.13,1253.64
Tennessee,Coffee,2021,59002.0,177.0,411.0,299.99,696.59
Tennessee,Cumberland,2021,62407.0,74.0,438.0,118.58,701.84
Tennessee,Decatur,2021,11392.0,34.0,117.0,298.46,1027.04
Tennessee,DeKalb,2021,20503.0,13.0,103.0,63.41,502.37
Tennessee,Dyer,2021,36621.0,52.0,222.0,142.0,606.21
Tennessee,Fentress,2021,18839.0,36.0,239.0,191.09,1268.64
Tennessee,Franklin,2021,43197.0,63.0,235.0,145.84,544.02
Tennessee,Giles,2021,30428.0,35.0,83.0,115.03,272.78
Tennessee,Greene,2021,70582.0,187.0,767.0,264.94,1086.68
Tennessee,Grundy,2021,13577.0,68.0,221.0,500.85,1627.75
Tennessee,Hancock,2021,6791.0,16.0,97.0,235.61,1428.36
Tennessee,Hardeman,2021,25259.0,125.0,148.0,494.87,585.93
Tennessee,Hardin,2021,26977.0,61.0,337.0,226.12,1249.21
Tennessee,Haywood,2021,17666.0,21.0,119.0,118.87,673.61
Tennessee,Henderson,2021,27918.0,82.0,216.0,293.72,773.69
Tennessee,Henry,2021,32252.0,64.0,239.0,198.44,741.04
Tennessee,Hickman,2021,25080.0,83.0,382.0,330.94,1523.13
Tennessee,Houston,2021,8298.0,13.0,76.0,156.66,915.88
Tennessee,Humphreys,2021,19179.0,33.0,115.0,172.06,599.61
Tennessee,Johnson,2021,18042.0,37.0,101.0,205.08,559.8
Tennessee,Lauderdale,2021,24860.0,62.0,167.0,249.4,671.76
Tennessee,Lawrence,2021,44783.0,35.0,218.0,78.15,486.79
Tennessee,Lewis,2021,12854.0,27.0,74.0,210.05,575.7
Tennessee,Lincoln,2021,35441.0,45.0,231.0,126.97,651.79
Tennessee,Marshall,2021,35050.0,37.0,91.0,105.56,259.63
Tennessee,McMinn,2021,53940.0,85.0,427.0,157.58,791.62
Tennessee,McNairy,2021,25858.0,45.0,168.0,174.03,649.7
Tennessee,Monroe,2021,46665.0,147.0,628.0,315.01,1345.76
Tennessee,Moore,2021,6654.0,10.0,34.0,150.29,510.97
Tennessee,Obion,2021,30467.0,39.0,165.0,128.01,541.57
Tennessee,Overton,2021,22828.0,55.0,186.0,240.93,814.79
Tennessee,Pickett,2021,5073.0,5.0,23.0,98.56,453.38
Tennessee,Putnam,2021,81281.0,80.0,333.0,98.42,409.69
Tennessee,Scott,2021,21904.0,16.0,159.0,73.05,725.89
Tennessee,Sevier,2021,99625.0,158.0,708.0,158.59,710.66
Tennessee,Warren,2021,41478.0,119.0,285.0,286.9,687.11
Tennessee,Wayne,2021,16331.0,27.0,65.0,165.33,398.02
Tennessee,Weakley,2021,32905.0,23.0,82.0,69.9,249.2
Tennessee,White,2021,27559.0,69.0,198.0,250.37,718.46
Texas,Atascosa,2021,49979.0,78.0,466.0,156.07,932.39
Texas,Bandera,2021,21532.0,33.0,153.0,153.26,710.57
Texas,Bell,2021,380747.0,71.0,628.0,18.65,164.94
Texas,Bexar,2021,2031426.0,818.0,5240.0,40.27,257.95
Texas,Bowie,2021,92266.0,82.0,336.0,88.87,364.16
Texas,Brazoria,2021,379221.0,238.0,1068.0,62.76,281.63
Texas,Brazos,2021,237636.0,53.0,305.0,22.3,128.35
Texas,Burleson,2021,18113.0,28.0,73.0,154.59,403.03
Texas,Caldwell,2021,46970.0,27.0,91.0,57.48,193.74
Texas,Cameron,2021,422635.0,297.0,712.0,70.27,168.47
Texas,Chambers,2021,48691.0,120.0,614.0,246.45,1261.01
Texas,Clay,2021,10312.0,11.0,67.0,106.67,649.73
Texas,Collin,2021,1114667.0,74.0,345.0,6.64,30.95
Texas,Comal,2021,174878.0,91.0,604.0,52.04,345.38
Texas,Coryell,2021,84405.0,13.0,69.0,15.4,81.75
Texas,Crosby,2021,5081.0,4.0,27.0,78.72,531.39
Texas,Dallas,2021,2589912.0,36.0,137.0,1.39,5.29
Texas,Denton,2021,944283.0,73.0,379.0,7.73,40.14
Texas,Ector,2021,160898.0,64.0,120.0,39.78,74.58
Texas,Ellis,2021,203253.0,89.0,410.0,43.79,201.72
Texas,El Paso,2021,867558.0,246.0,697.0,28.36,80.34
Texas,Fort Bend,2021,861857.0,988.0,4671.0,114.64,541.97
Texas,Galveston,2021,355670.0,145.0,620.0,40.77,174.32
Texas,Goliad,2021,7134.0,13.0,175.0,182.23,2453.04
Texas,Grayson,2021,139642.0,110.0,412.0,78.77,295.04
Texas,Gregg,2021,124236.0,99.0,358.0,79.69,288.16
Texas,Hardin,2021,57144.0,44.0,244.0,77.0,426.99
Texas,Harris,2021,4736539.0,9487.0,44391.0,200.29,937.2
Texas,Harrison,2021,69565.0,92.0,433.0,132.25,622.44
Texas,Hays,2021,256100.0,196.0,814.0,76.53,317.84
Texas,Hidalgo,2021,879576.0,539.0,2740.0,61.28,311.51
Texas,Hudspeth,2021,3275.0,12.0,4.0,366.41,122.14
Texas,Hunt,2021,103616.0,410.0,608.0,395.69,586.78
Texas,Irion,2021,1531.0,1.0,19.0,65.32,1241.02
Texas,Jefferson,2021,253807.0,105.0,313.0,41.37,123.32
Texas,Johnson,2021,187522.0,200.0,573.0,106.65,305.56
Texas,Jones,2021,19895.0,10.0,44.0,50.26,221.16
Texas,Kaufman,2021,158316.0,158.0,607.0,99.8,383.41
Texas,Kendall,2021,46883.0,23.0,141.0,49.06,300.75
Texas,Lampasas,2021,22218.0,18.0,81.0,81.02,364.57
Texas,Lubbock,2021,314608.0,127.0,528.0,40.37,167.83
Texas,Lynn,2021,5647.0,6.0,11.0,106.25,194.79
Texas,Martin,2021,5218.0,14.0,79.0,268.3,1513.99
Texas,McLennan,2021,263802.0,92.0,487.0,34.87,184.61
Texas,Medina,2021,52436.0,44.0,194.0,83.91,369.97
Texas,Midland,2021,168667.0,159.0,645.0,94.27,382.41
Texas,Montgomery,2021,650934.0,918.0,4863.0,141.03,747.08
Texas,Nueces,2021,353538.0,29.0,56.0,8.2,15.84
Texas,Oldham,2021,1734.0,1.0,4.0,57.67,230.68
Texas,Orange,2021,84691.0,67.0,424.0,79.11,500.64
Texas,Parker,2021,157087.0,150.0,1033.0,95.49,657.6
Texas,Potter,2021,116607.0,60.0,171.0,51.45,146.65
Texas,Randall,2021,143984.0,55.0,225.0,38.2,156.27
Texas,Robertson,2021,16947.0,15.0,97.0,88.51,572.37
Texas,Rockwall,2021,116645.0,25.0,99.0,21.43,84.87
Texas,Rusk,2021,52687.0,82.0,439.0,155.64,833.22
Texas,Smith,2021,237339.0,310.0,1132.0,130.61,476.95
Texas,Sterling,2021,1376.0,0.0,8.0,0.0,581.4
Texas,Tarrant,2021,2130671.0,129.0,788.0,6.05,36.98
Texas,Taylor,2021,143943.0,27.0,168.0,18.76,116.71
Texas,Tom Green,2021,119279.0,52.0,162.0,43.6,135.82
Texas,Travis,2021,1309183.0,782.0,3406.0,59.73,260.16
Texas,Upshur,2021,41839.0,66.0,280.0,157.75,669.23
Texas,Victoria,2021,90910.0,113.0,227.0,124.3,249.7
Texas,Waller,2021,59457.0,55.0,201.0,92.5,338.06
Texas,Webb,2021,267389.0,54.0,176.0,20.2,65.82
Texas,Wichita,2021,130114.0,16.0,80.0,12.3,61.48
Texas,Williamson,2021,644790.0,177.0,1556.0,27.45,241.32
Texas,Wilson,2021,51325.0,40.0,252.0,77.93,490.99
Texas,Wise,2021,71872.0,79.0,44.0,109.92,61.22
Texas,Bailey,2021,6805.0,3.0,12.0,44.09,176.34
Texas,Baylor,2021,3456.0,0.0,5.0,0.0,144.68
Texas,Bee,2021,30844.0,30.0,127.0,97.26,411.75
Texas,Blanco,2021,11877.0,18.0,85.0,151.55,715.67
Texas,Borden,2021,618.0,1.0,13.0,161.81,2103.56
Texas,Bosque,2021,18502.0,11.0,68.0,59.45,367.53
Texas,Brewster,2021,9488.0,5.0,32.0,52.7,337.27
Texas,Briscoe,2021,1400.0,0.0,9.0,0.0,642.86
Texas,Brooks,2021,7023.0,1.0,3.0,14.24,42.72
Texas,Brown,2021,38149.0,44.0,206.0,115.34,539.99
Texas,Burnet,2021,51173.0,53.0,213.0,103.57,416.24
Texas,Calhoun,2021,19802.0,24.0,77.0,121.2,388.85
Texas,Camp,2021,12609.0,15.0,83.0,118.96,658.26
Texas,Cass,2021,28565.0,27.0,152.0,94.52,532.12
Texas,Castro,2021,7355.0,3.0,19.0,40.79,258.33
Texas,Cherokee,2021,51285.0,79.0,354.0,154.04,690.26
Texas,Childress,2021,6787.0,2.0,2.0,29.47,29.47
Texas,Cochran,2021,2478.0,9.0,21.0,363.2,847.46
Texas,Collingsworth,2021,2609.0,2.0,8.0,76.66,306.63
Texas,Colorado,2021,20717.0,13.0,136.0,62.75,656.47
Texas,Comanche,2021,13814.0,14.0,63.0,101.35,456.06
Texas,Cooke,2021,42392.0,56.0,132.0,132.1,311.38
Texas,Crane,2021,4630.0,1.0,6.0,21.6,129.59
Texas,Crockett,2021,3022.0,3.0,33.0,99.27,1091.99
Texas,Dallam,2021,7181.0,0.0,5.0,0.0,69.63
Texas,Dawson,2021,12359.0,3.0,53.0,24.27,428.84
Texas,Deaf Smith,2021,18386.0,12.0,27.0,65.27,146.85
Texas,Delta,2021,5329.0,3.0,19.0,56.3,356.54
Texas,DeWitt,2021,19946.0,32.0,53.0,160.43,265.72
Texas,Donley,2021,3355.0,4.0,31.0,119.23,923.99
Texas,Duval,2021,10028.0,13.0,96.0,129.64,957.32
Texas,Eastland,2021,17863.0,7.0,35.0,39.19,195.94
Texas,Edwards,2021,1432.0,0.0,15.0,0.0,1047.49
Texas,Erath,2021,43372.0,7.0,68.0,16.14,156.78
Texas,Fannin,2021,36850.0,51.0,129.0,138.4,350.07
Texas,Fayette,2021,24734.0,17.0,92.0,68.73,371.96
Texas,Floyd,2021,5293.0,7.0,27.0,132.25,510.11
Texas,Freestone,2021,19794.0,25.0,76.0,126.3,383.95
Texas,Gaines,2021,21876.0,11.0,74.0,50.28,338.27
Texas,Garza,2021,6257.0,5.0,24.0,79.91,383.57
Texas,Gillespie,2021,27315.0,14.0,27.0,51.25,98.85
Texas,Gonzales,2021,19623.0,61.0,77.0,310.86,392.4
Texas,Gray,2021,21118.0,7.0,46.0,33.15,217.82
Texas,Grimes,2021,30160.0,26.0,98.0,86.21,324.93
Texas,Hall,2021,2851.0,1.0,14.0,35.08,491.06
Texas,Hamilton,2021,8241.0,3.0,13.0,36.4,157.75
Texas,Hansford,2021,5122.0,1.0,5.0,19.52,97.62
Texas,Hardeman,2021,3546.0,4.0,21.0,112.8,592.22
Texas,Hartley,2021,5387.0,1.0,12.0,18.56,222.76
Texas,Haskell,2021,5386.0,6.0,10.0,111.4,185.67
Texas,Hemphill,2021,3325.0,0.0,15.0,0.0,451.13
Texas,Hill,2021,36387.0,77.0,235.0,211.61,645.84
Texas,Hockley,2021,21244.0,16.0,71.0,75.32,334.21
Texas,Hood,2021,64281.0,53.0,279.0,82.45,434.03
Texas,Hopkins,2021,37220.0,34.0,36.0,91.35,96.72
Texas,Houston,2021,21991.0,9.0,77.0,40.93,350.14
Texas,Howard,2021,34387.0,36.0,265.0,104.69,770.64
Texas,Hutchinson,2021,20448.0,8.0,47.0,39.12,229.85
Texas,Jack,2021,8540.0,1.0,22.0,11.71,257.61
Texas,Jackson,2021,15125.0,12.0,52.0,79.34,343.8
Texas,Jasper,2021,32572.0,56.0,388.0,171.93,1191.21
Texas,Jeff Davis,2021,1963.0,3.0,2.0,152.83,101.88
Texas,Jim Hogg,2021,4784.0,9.0,40.0,188.13,836.12
Texas,Jim Wells,2021,38894.0,65.0,207.0,167.12,532.22
Texas,Karnes,2021,14800.0,9.0,64.0,60.81,432.43
Texas,Kerr,2021,53195.0,50.0,183.0,93.99,344.02
Texas,King,2021,253.0,0.0,0.0,0.0,0.0
Texas,Kleberg,2021,30637.0,14.0,23.0,45.7,75.07
Texas,Lamar,2021,50359.0,33.0,167.0,65.53,331.62
Texas,Lamb,2021,12902.0,7.0,53.0,54.26,410.79
Texas,La Salle,2021,6664.0,16.0,44.0,240.1,660.26
Texas,Lavaca,2021,20537.0,9.0,59.0,43.82,287.29
Texas,Lee,2021,17685.0,20.0,103.0,113.09,582.41
Texas,Leon,2021,16048.0,14.0,105.0,87.24,654.29
Texas,Limestone,2021,22067.0,36.0,104.0,163.14,471.29
Texas,Lipscomb,2021,2902.0,1.0,25.0,34.46,861.47
Texas,Llano,2021,22131.0,23.0,193.0,103.93,872.08
Texas,Loving,2021,57.0,3.0,17.0,5263.16,29824.56
Texas,Madison,2021,13503.0,8.0,48.0,59.25,355.48
Texas,Marion,2021,9738.0,35.0,99.0,359.42,1016.64
Texas,Mason,2021,3936.0,4.0,11.0,101.63,279.47
Texas,Matagorda,2021,36339.0,97.0,292.0,266.93,803.54
Texas,McCulloch,2021,7535.0,2.0,42.0,26.54,557.4
Texas,Milam,2021,25230.0,21.0,42.0,83.23,166.47
Texas,Mills,2021,4488.0,11.0,41.0,245.1,913.55
Texas,Montague,2021,20471.0,22.0,97.0,107.47,473.84
Texas,Moore,2021,21122.0,8.0,32.0,37.88,151.5
Texas,Nacogdoches,2021,64862.0,34.0,186.0,52.42,286.76
Texas,Navarro,2021,53666.0,69.0,224.0,128.57,417.4
Texas,Newton,2021,12225.0,8.0,53.0,65.44,433.54
Texas,Nolan,2021,14604.0,7.0,42.0,47.93,287.59
Texas,Palo Pinto,2021,28758.0,21.0,97.0,73.02,337.3
Texas,Panola,2021,22560.0,35.0,207.0,155.14,917.55
Texas,Parmer,2021,9788.0,2.0,39.0,20.43,398.45
Texas,Polk,2021,51685.0,82.0,477.0,158.65,922.9
Texas,Presidio,2021,6107.0,0.0,0.0,0.0,0.0
Texas,Reagan,2021,3257.0,3.0,28.0,92.11,859.69
Texas,Real,2021,2810.0,5.0,119.0,177.94,4234.88
Texas,Red River,2021,11573.0,18.0,49.0,155.53,423.4
Texas,Refugio,2021,6702.0,3.0,44.0,44.76,656.52
Texas,Runnels,2021,9890.0,2.0,12.0,20.22,121.33
Texas,Sabine,2021,10022.0,20.0,69.0,199.56,688.49
Texas,San Augustine,2021,7908.0,14.0,54.0,177.04,682.85
Texas,Schleicher,2021,2438.0,2.0,11.0,82.03,451.19
Texas,Scurry,2021,16814.0,6.0,90.0,35.68,535.27
Texas,Shelby,2021,24106.0,20.0,157.0,82.97,651.29
Texas,Somervell,2021,9477.0,4.0,66.0,42.21,696.42
Texas,Starr,2021,65828.0,34.0,138.0,51.65,209.64
Texas,Stephens,2021,9437.0,4.0,35.0,42.39,370.88
Texas,Sutton,2021,3298.0,3.0,6.0,90.96,181.93
Texas,Swisher,2021,7006.0,5.0,22.0,71.37,314.02
Texas,Terrell,2021,725.0,0.0,0.0,0.0,0.0
Texas,Terry,2021,11711.0,7.0,42.0,59.77,358.64
Texas,Throckmorton,2021,1511.0,8.0,2.0,529.45,132.36
Texas,Titus,2021,31283.0,37.0,149.0,118.28,476.3
Texas,Trinity,2021,13837.0,14.0,108.0,101.18,780.52
Texas,Tyler,2021,19917.0,24.0,185.0,120.5,928.85
Texas,Upton,2021,3237.0,1.0,13.0,30.89,401.61
Texas,Uvalde,2021,24803.0,19.0,63.0,76.6,254.0
Texas,Val Verde,2021,47511.0,52.0,125.0,109.45,263.1
Texas,Walker,2021,78369.0,52.0,211.0,66.35,269.24
Texas,Ward,2021,11101.0,16.0,151.0,144.13,1360.24
Texas,Washington,2021,35925.0,49.0,95.0,136.4,264.44
Texas,Wharton,2021,41674.0,80.0,255.0,191.97,611.89
Texas,Wheeler,2021,4887.0,7.0,13.0,143.24,266.01
Texas,Wilbarger,2021,12703.0,6.0,14.0,47.23,110.21
Texas,Willacy,2021,20278.0,12.0,24.0,59.18,118.35
Texas,Winkler,2021,7391.0,6.0,44.0,81.18,595.32
Texas,Wood,2021,46297.0,37.0,175.0,79.92,377.99
Texas,Yoakum,2021,7561.0,10.0,46.0,132.26,608.39
Texas,Young,2021,17948.0,16.0,21.0,89.15,117.0
Texas,Zapata,2021,13879.0,10.0,59.0,72.05,425.1
Texas,Zavala,2021,9480.0,34.0,44.0,358.65,464.14
Utah,Box Elder,2021,59686.0,12.0,117.0,20.11,196.03
Utah,Cache,2021,137495.0,44.0,257.0,32.0,186.92
Utah,Davis,2021,367590.0,29.0,129.0,7.89,35.09
Utah,Salt Lake County Unified Police Department,2021,1186648.0,600.0,6901.0,50.56,581.55
Utah,Tooele,2021,76782.0,48.0,198.0,62.51,257.87
Utah,Utah,2021,686039.0,85.0,287.0,12.39,41.83
Utah,Washington,2021,191519.0,17.0,94.0,8.88,49.08
Utah,Weber,2021,266600.0,125.0,794.0,46.89,297.82
Utah,Beaver,2021,7213.0,12.0,63.0,166.37,873.42
Utah,Carbon,2021,20361.0,31.0,54.0,152.25,265.21
Utah,Duchesne,2021,19798.0,42.0,196.0,212.14,990.0
Utah,Garfield,2021,5125.0,3.0,41.0,58.54,800.0
Utah,Iron,2021,60514.0,23.0,83.0,38.01,137.16
Utah,Kane,2021,7992.0,28.0,21.0,350.35,262.76
Utah,Millard,2021,13200.0,34.0,153.0,257.58,1159.09
Utah,Sanpete,2021,29104.0,37.0,96.0,127.13,329.85
Utah,Sevier,2021,21898.0,9.0,41.0,41.1,187.23
Utah,Summit,2021,43184.0,50.0,314.0,115.78,727.12
Utah,Uintah,2021,36235.0,46.0,174.0,126.95,480.2
Utah,Wasatch,2021,36242.0,19.0,113.0,52.43,311.79
Vermont,Franklin,2021,50424.0,28.0,53.0,55.53,105.11
Vermont,Grand Isle,2021,7425.0,0.0,39.0,0.0,525.25
Vermont,Bennington,2021,37463.0,0.0,7.0,0.0,18.69
Vermont,Essex,2021,5974.0,4.0,17.0,66.96,284.57
Vermont,Lamoille,2021,26155.0,6.0,46.0,22.94,175.87
Vermont,Orange,2021,29638.0,3.0,7.0,10.12,23.62
Vermont,Orleans,2021,27602.0,7.0,60.0,25.36,217.38
Vermont,Rutland,2021,60739.0,5.0,21.0,8.23,34.57
Vermont,Windham,2021,46168.0,1.0,36.0,2.17,77.98
Vermont,Windsor,2021,58357.0,0.0,1.0,0.0,1.71
Virginia,Albemarle County Police Department,2021,113988.0,106.0,1701.0,92.99,1492.26
Virginia,Amelia,2021,13313.0,24.0,153.0,180.27,1149.25
Virginia,Amherst,2021,31403.0,66.0,358.0,210.17,1140.02
Virginia,Appomattox,2021,16406.0,26.0,90.0,158.48,548.58
Virginia,Arlington County Police Department,2021,233485.0,469.0,3267.0,200.87,1399.23
Virginia,Augusta,2021,77804.0,90.0,692.0,115.68,889.41
Virginia,Bedford,2021,80311.0,81.0,475.0,100.86,591.45
Virginia,Botetourt,2021,34003.0,25.0,245.0,73.52,720.52
Virginia,Campbell,2021,55326.0,102.0,529.0,184.36,956.15
Virginia,Charles City,2021,6614.0,12.0,24.0,181.43,362.87
Virginia,Chesterfield County Police Department,2021,371042.0,536.0,4840.0,144.46,1304.43
Virginia,Clarke,2021,14947.0,4.0,41.0,26.76,274.3
Virginia,Craig,2021,4890.0,6.0,29.0,122.7,593.05
Virginia,Culpeper,2021,53778.0,20.0,115.0,37.19,213.84
Virginia,Dinwiddie,2021,27999.0,83.0,266.0,296.44,950.03
Virginia,Fairfax County Police Department,2021,1142546.0,948.0,13059.0,82.97,1142.97
Virginia,Fairfax County Police Department,2021,24363.0,948.0,13059.0,3891.15,53601.77
Virginia,Fauquier,2021,74079.0,51.0,196.0,68.85,264.58
Virginia,Fluvanna,2021,27803.0,41.0,127.0,147.47,456.79
Virginia,Franklin,2021,55037.0,61.0,445.0,110.83,808.55
Virginia,Franklin,2021,8152.0,61.0,445.0,748.28,5458.78
Virginia,Frederick,2021,94000.0,61.0,846.0,64.89,900.0
Virginia,Giles,2021,16578.0,15.0,74.0,90.48,446.37
Virginia,Gloucester,2021,39191.0,25.0,335.0,63.79,854.79
Virginia,Goochland,2021,25551.0,23.0,235.0,90.02,919.73
Virginia,Greene,2021,20998.0,26.0,172.0,123.82,819.13
Virginia,Hanover,2021,111827.0,180.0,873.0,160.96,780.67
Virginia,Henrico County Police Department,2021,334546.0,651.0,6917.0,194.59,2067.58
Virginia,Isle of Wight,2021,39405.0,29.0,235.0,73.59,596.37
Virginia,James City County Police Department,2021,,101.0,727.0,,
Virginia,King and Queen,2021,6666.0,5.0,25.0,75.01,375.04
Virginia,King William,2021,18248.0,24.0,85.0,131.52,465.8
Virginia,Loudoun,2021,428857.0,271.0,1937.0,63.19,451.67
Virginia,Madison,2021,13964.0,23.0,74.0,164.71,529.93
Virginia,Mathews,2021,8549.0,3.0,51.0,35.09,596.56
Virginia,Montgomery,2021,98769.0,85.0,245.0,86.06,248.05
Virginia,Nelson,2021,14840.0,36.0,212.0,242.59,1428.57
Virginia,New Kent,2021,23952.0,46.0,145.0,192.05,605.38
Virginia,Powhatan,2021,31250.0,51.0,157.0,163.2,502.4
Virginia,Prince George County Police Department,2021,42972.0,129.0,376.0,300.2,874.99
Virginia,Prince William County Police Department,2021,485482.0,1024.0,5174.0,210.92,1065.74
Virginia,Pulaski,2021,33825.0,34.0,469.0,100.52,1386.55
Virginia,Rappahannock,2021,7435.0,11.0,26.0,147.95,349.7
Virginia,Roanoke County Police Department,2021,96737.0,210.0,1052.0,217.08,1087.48
Virginia,Roanoke County Police Department,2021,98767.0,210.0,1052.0,212.62,1065.13
Virginia,Rockingham,2021,84536.0,78.0,305.0,92.27,360.79
Virginia,Scott,2021,21489.0,36.0,245.0,167.53,1140.12
Virginia,Southampton,2021,18029.0,9.0,136.0,49.92,754.34
Virginia,Spotsylvania,2021,144048.0,134.0,696.0,93.02,483.17
Virginia,Stafford,2021,161625.0,318.0,1249.0,196.75,772.78
Virginia,Sussex,2021,10830.0,15.0,87.0,138.5,803.32
Virginia,Warren,2021,40986.0,21.0,191.0,51.24,466.01
Virginia,Washington,2021,53773.0,46.0,577.0,85.54,1073.03
Virginia,York,2021,71143.0,112.0,779.0,157.43,1094.98
Virginia,Accomack,2021,33435.0,95.0,257.0,284.13,768.66
Virginia,Alleghany,2021,15003.0,35.0,82.0,233.29,546.56
Virginia,Bath,2021,4093.0,0.0,22.0,0.0,537.5
Virginia,Brunswick,2021,15965.0,6.0,104.0,37.58,651.42
Virginia,Buchanan,2021,19883.0,39.0,218.0,196.15,1096.41
Virginia,Buckingham,2021,16953.0,20.0,188.0,117.97,1108.95
Virginia,Caroline,2021,31412.0,56.0,159.0,178.28,506.18
Virginia,Carroll,2021,29105.0,23.0,209.0,79.02,718.09
Virginia,Charlotte,2021,11499.0,13.0,121.0,113.05,1052.27
Virginia,Cumberland,2021,9721.0,14.0,42.0,144.02,432.05
Virginia,Dickenson,2021,13865.0,18.0,64.0,129.82,461.59
Virginia,Essex,2021,10570.0,7.0,34.0,66.23,321.67
Virginia,Floyd,2021,15513.0,11.0,64.0,70.91,412.56
Virginia,Grayson,2021,15349.0,21.0,132.0,136.82,859.99
Virginia,Greensville,2021,11423.0,23.0,98.0,201.35,857.92
Virginia,Halifax,2021,33798.0,29.0,171.0,85.8,505.95
Virginia,Henry,2021,50275.0,128.0,688.0,254.6,1368.47
Virginia,Highland,2021,2242.0,1.0,31.0,44.6,1382.69
Virginia,King George,2021,27556.0,46.0,228.0,166.93,827.41
Virginia,Lancaster,2021,10938.0,27.0,58.0,246.85,530.26
Virginia,Lee,2021,22016.0,29.0,252.0,131.72,1144.62
Virginia,Louisa,2021,39028.0,32.0,259.0,81.99,663.63
Virginia,Lunenburg,2021,12006.0,25.0,37.0,208.23,308.18
Virginia,Mecklenburg,2021,30346.0,47.0,185.0,154.88,609.64
Virginia,Middlesex,2021,10780.0,14.0,96.0,129.87,890.54
Virginia,Northampton,2021,12072.0,27.0,52.0,223.66,430.75
Virginia,Northumberland,2021,12053.0,11.0,44.0,91.26,365.05
Virginia,Nottoway,2021,15574.0,20.0,82.0,128.42,526.52
Virginia,Orange,2021,37219.0,44.0,146.0,118.22,392.27
Virginia,Page,2021,23835.0,7.0,161.0,29.37,675.48
Virginia,Patrick,2021,17647.0,44.0,218.0,249.33,1235.34
Virginia,Pittsylvania,2021,60066.0,45.0,309.0,74.92,514.43
Virginia,Prince Edward,2021,21884.0,18.0,72.0,82.25,329.01
Virginia,Rockbridge,2021,22666.0,37.0,215.0,163.24,948.56
Virginia,Russell,2021,25585.0,43.0,168.0,168.07,656.63
Virginia,Shenandoah,2021,44839.0,32.0,206.0,71.37,459.42
Virginia,Smyth,2021,29610.0,19.0,141.0,64.17,476.19
Virginia,Surry,2021,6532.0,5.0,21.0,76.55,321.49
Virginia,Tazewell,2021,39963.0,46.0,237.0,115.11,593.05
Virginia,Westmoreland,2021,18779.0,19.0,74.0,101.18,394.06
Virginia,Wise,2021,35700.0,38.0,371.0,106.44,1039.22
Virginia,Wythe,2021,28212.0,21.0,132.0,74.44,467.89
Washington,Asotin,2021,22473.0,15.0,138.0,66.75,614.07
Washington,Benton,2021,210612.0,76.0,488.0,36.09,231.71
Washington,Chelan,2021,79856.0,30.0,305.0,37.57,381.94
Washington,Clark,2021,512654.0,338.0,3218.0,65.93,627.71
Washington,Cowlitz,2021,111703.0,64.0,419.0,57.29,375.1
Washington,Douglas,2021,43850.0,13.0,259.0,29.65,590.65
Washington,Franklin,2021,98096.0,14.0,136.0,14.27,138.64
Washington,King,2021,2253549.0,603.0,3914.0,26.76,173.68
Washington,Kitsap,2021,276682.0,459.0,2879.0,165.89,1040.54
Washington,Pierce,2021,927786.0,1301.0,8341.0,140.23,899.02
Washington,Skagit,2021,131013.0,82.0,968.0,62.59,738.86
Washington,Skamania,2021,12214.0,10.0,100.0,81.87,818.73
Washington,Snohomish,2021,836262.0,482.0,4125.0,57.64,493.27
Washington,Spokane,2021,545511.0,193.0,3072.0,35.38,563.14
Washington,Stevens,2021,47626.0,38.0,326.0,79.79,684.5
Washington,Thurston,2021,298313.0,253.0,1462.0,84.81,490.09
Washington,Walla Walla,2021,62228.0,44.0,234.0,70.71,376.04
Washington,Whatcom,2021,226760.0,130.0,936.0,57.33,412.77
Washington,Yakima,2021,256767.0,114.0,1182.0,44.4,460.34
Washington,Adams,2021,20644.0,26.0,258.0,125.94,1249.76
Washington,Clallam,2021,78448.0,61.0,470.0,77.76,599.12
Washington,Columbia,2021,4021.0,3.0,49.0,74.61,1218.6
Washington,Garfield,2021,2347.0,21.0,21.0,894.76,894.76
Washington,Grant,2021,100439.0,91.0,850.0,90.6,846.28
Washington,Grays Harbor,2021,76889.0,39.0,264.0,50.72,343.35
Washington,Island,2021,87606.0,49.0,491.0,55.93,560.46
Washington,Jefferson,2021,33558.0,36.0,162.0,107.28,482.75
Washington,Kittitas,2021,45653.0,11.0,222.0,24.09,486.28
Washington,Lewis,2021,84576.0,83.0,655.0,98.14,774.45
Washington,Lincoln,2021,11283.0,5.0,169.0,44.31,1497.83
Washington,Mason,2021,67271.0,86.0,786.0,127.84,1168.41
Washington,Okanogan,2021,42761.0,34.0,356.0,79.51,832.53
Washington,Pend Oreille,2021,13894.0,9.0,181.0,64.78,1302.72
Washington,San Juan,2021,18629.0,9.0,97.0,48.31,520.69
Washington,Whitman,2021,43257.0,11.0,53.0,25.43,122.52
West Virginia,Berkeley,2021,126208.0,95.0,174.0,75.27,137.87
West Virginia,Brooke,2021,22079.0,5.0,2.0,22.65,9.06
West Virginia,Cabell,2021,93439.0,50.0,439.0,53.51,469.83
West Virginia,Fayette,2021,40064.0,57.0,186.0,142.27,464.26
West Virginia,Jackson,2021,27791.0,34.0,26.0,122.34,93.56
West Virginia,Jefferson,2021,58556.0,22.0,199.0,37.57,339.85
West Virginia,Kanawha,2021,178124.0,383.0,1231.0,215.02,691.09
West Virginia,Marshall,2021,30177.0,18.0,83.0,59.65,275.04
West Virginia,Mineral,2021,26911.0,15.0,33.0,55.74,122.63
West Virginia,Monongalia,2021,106528.0,47.0,428.0,44.12,401.77
West Virginia,Preston,2021,34328.0,5.0,55.0,14.57,160.22
West Virginia,Raleigh,2021,73817.0,114.0,756.0,154.44,1024.15
West Virginia,Wood,2021,83841.0,39.0,287.0,46.52,342.31
West Virginia,Barbour,2021,15446.0,26.0,8.0,168.33,51.79
West Virginia,Doddridge,2021,7741.0,15.0,42.0,193.77,542.57
West Virginia,Hardy,2021,14147.0,8.0,27.0,56.55,190.85
West Virginia,Harrison,2021,65439.0,45.0,227.0,68.77,346.89
West Virginia,Lewis,2021,16880.0,14.0,33.0,82.94,195.5
West Virginia,Logan,2021,31856.0,118.0,0.0,370.42,0.0
West Virginia,Mason,2021,25274.0,10.0,66.0,39.57,261.14
West Virginia,Mingo,2021,23062.0,4.0,13.0,17.34,56.37
West Virginia,Monroe,2021,12398.0,2.0,22.0,16.13,177.45
West Virginia,Nicholas,2021,24439.0,155.0,4.0,634.23,16.37
West Virginia,Randolph,2021,27904.0,61.0,88.0,218.61,315.37
West Virginia,Ritchie,2021,8413.0,6.0,27.0,71.32,320.93
West Virginia,Roane,2021,13939.0,10.0,0.0,71.74,0.0
West Virginia,Summers,2021,11865.0,13.0,25.0,109.57,210.7
West Virginia,Upshur,2021,23813.0,4.0,7.0,16.8,29.4
West Virginia,Wetzel,2021,14206.0,12.0,32.0,84.47,225.26
West Virginia,Wyoming,2021,21035.0,101.0,60.0,480.15,285.24
Wisconsin,Brown,2021,268971.0,85.0,893.0,31.6,332.01
Wisconsin,Calumet,2021,52576.0,12.0,94.0,22.82,178.79
Wisconsin,Chippewa,2021,66580.0,40.0,258.0,60.08,387.5
Wisconsin,Columbia,2021,58455.0,30.0,146.0,51.32,249.76
Wisconsin,Dane,2021,561805.0,118.0,586.0,21.0,104.31
Wisconsin,Douglas,2021,44012.0,23.0,184.0,52.26,418.07
Wisconsin,Eau Claire,2021,106035.0,17.0,251.0,16.03,236.71
Wisconsin,Fond du Lac,2021,104128.0,23.0,138.0,22.09,132.53
Wisconsin,Green,2021,37087.0,4.0,77.0,10.79,207.62
Wisconsin,Iowa,2021,23809.0,17.0,39.0,71.4,163.8
Wisconsin,Kenosha,2021,168464.0,101.0,410.0,59.95,243.38
Wisconsin,Kewaunee,2021,20580.0,14.0,49.0,68.03,238.1
Wisconsin,La Crosse,2021,119368.0,23.0,145.0,19.27,121.47
Wisconsin,Lincoln,2021,28476.0,40.0,125.0,140.47,438.97
Wisconsin,Marathon,2021,137832.0,67.0,334.0,48.61,242.32
Wisconsin,Milwaukee,2021,924701.0,132.0,166.0,14.27,17.95
Wisconsin,Oconto,2021,39417.0,32.0,178.0,81.18,451.58
Wisconsin,Outagamie,2021,191386.0,38.0,224.0,19.86,117.04
Wisconsin,Pierce,2021,41602.0,13.0,122.0,31.25,293.26
Wisconsin,Racine,2021,196863.0,42.0,121.0,21.33,61.46
Wisconsin,Rock,2021,164150.0,53.0,197.0,32.29,120.01
Wisconsin,Sheboygan,2021,117681.0,29.0,353.0,24.64,299.96
Wisconsin,St. Croix,2021,95016.0,45.0,271.0,47.36,285.22
Wisconsin,Waukesha,2021,409199.0,73.0,244.0,17.84,59.63
Wisconsin,Winnebago,2021,170651.0,21.0,320.0,12.31,187.52
Wisconsin,Adams,2021,20847.0,26.0,138.0,124.72,661.97
Wisconsin,Barron,2021,46686.0,16.0,109.0,34.27,233.47
Wisconsin,Buffalo,2021,13350.0,9.0,8.0,67.42,59.93
Wisconsin,Burnett,2021,16756.0,21.0,190.0,125.33,1133.92
Wisconsin,Clark,2021,34746.0,28.0,117.0,80.58,336.73
Wisconsin,Dodge,2021,88707.0,37.0,136.0,41.71,153.31
Wisconsin,Door,2021,30447.0,10.0,76.0,32.84,249.61
Wisconsin,Dunn,2021,44534.0,25.0,115.0,56.14,258.23
Wisconsin,Grant,2021,51277.0,22.0,101.0,42.9,196.97
Wisconsin,Iron,2021,6179.0,2.0,28.0,32.37,453.15
Wisconsin,Jefferson,2021,85830.0,41.0,113.0,47.77,131.66
Wisconsin,Juneau,2021,26766.0,47.0,177.0,175.6,661.29
Wisconsin,Lafayette,2021,16834.0,8.0,45.0,47.52,267.32
Wisconsin,Langlade,2021,19470.0,9.0,59.0,46.22,303.03
Wisconsin,Manitowoc,2021,81544.0,30.0,111.0,36.79,136.12
Wisconsin,Marinette,2021,41860.0,42.0,167.0,100.33,398.95
Wisconsin,Marquette,2021,15783.0,3.0,40.0,19.01,253.44
Wisconsin,Menominee,2021,4294.0,1.0,9.0,23.29,209.59
Wisconsin,Monroe,2021,46174.0,24.0,78.0,51.98,168.93
Wisconsin,Oneida,2021,38298.0,33.0,93.0,86.17,242.83
Wisconsin,Pepin,2021,7383.0,8.0,11.0,108.36,148.99
Wisconsin,Polk,2021,45459.0,48.0,102.0,105.59,224.38
Wisconsin,Portage,2021,69465.0,22.0,131.0,31.67,188.58
Wisconsin,Richland,2021,17203.0,14.0,25.0,81.38,145.32
Wisconsin,Rusk,2021,14099.0,37.0,64.0,262.43,453.93
Wisconsin,Sauk,2021,65713.0,34.0,230.0,51.74,350.01
Wisconsin,Sawyer,2021,18223.0,39.0,197.0,214.02,1081.05
Wisconsin,Shawano,2021,40809.0,19.0,256.0,46.56,627.31
Wisconsin,Taylor,2021,19953.0,10.0,68.0,50.12,340.8
Wisconsin,Vilas,2021,23489.0,4.0,90.0,17.03,383.16
Wisconsin,Walworth,2021,105273.0,12.0,66.0,11.4,62.69
Wisconsin,Washburn,2021,16755.0,9.0,77.0,53.72,459.56
Wisconsin,Waupaca,2021,51886.0,36.0,48.0,69.38,92.51
Wisconsin,Waushara,2021,24755.0,20.0,90.0,80.79,363.56
Wisconsin,Wood,2021,74022.0,51.0,110.0,68.9,148.6
Wyoming,Laramie,2021,100826.0,69.0,571.0,68.43,566.32
Wyoming,Natrona,2021,79665.0,21.0,134.0,26.36,168.2
Wyoming,Albany,2021,37851.0,8.0,75.0,21.14,198.15
Wyoming,Campbell,2021,46556.0,19.0,149.0,40.81,320.04
Wyoming,Converse,2021,13671.0,9.0,57.0,65.83,416.94
Wyoming,Crook,2021,7311.0,6.0,28.0,82.07,382.98
Wyoming,Goshen,2021,12571.0,5.0,42.0,39.77,334.1
Wyoming,Hot Springs,2021,4600.0,2.0,10.0,43.48,217.39
Wyoming,Johnson,2021,8631.0,4.0,36.0,46.34,417.1
Wyoming,Lincoln,2021,20171.0,15.0,60.0,74.36,297.46
Wyoming,Niobrara,2021,2415.0,4.0,10.0,165.63,414.08
Wyoming,Park,2021,30149.0,16.0,80.0,53.07,265.35
Wyoming,Sheridan,2021,31670.0,14.0,45.0,44.21,142.09
Wyoming,Sublette,2021,8722.0,5.0,43.0,57.33,493.01
Wyoming,Sweetwater,2021,41636.0,17.0,98.0,40.83,235.37
Wyoming,Teton,2021,23607.0,9.0,21.0,38.12,88.96
Wyoming,Uinta,2021,20691.0,14.0,42.0,67.66,202.99
Wyoming,Washakie,2021,7723.0,4.0,7.0,51.79,90.64
Wyoming,Weston,2021,6750.0,9.0,26.0,133.33,385.19
Alabama,Autauga,2022,59755.0,62.0,228.0,103.76,381.56
Alabama,Bibb,2022,21976.0,26.0,94.0,118.31,427.74
Alabama,Blount,2022,59450.0,103.0,571.0,173.25,960.47
Alabama,Calhoun,2022,115738.0,253.0,308.0,218.6,266.12
Alabama,Chilton,2022,45868.0,108.0,374.0,235.46,815.38
Alabama,Colbert,2022,58048.0,58.0,195.0,99.92,335.93
Alabama,Elmore,2022,89617.0,31.0,237.0,34.59,264.46
Alabama,Etowah,2022,102842.0,6.0,47.0,5.83,45.7
Alabama,Geneva,2022,26782.0,5.0,76.0,18.67,283.77
Alabama,Greene,2022,7425.0,5.0,24.0,67.34,323.23
Alabama,Henry,2022,17644.0,34.0,100.0,192.7,566.76
Alabama,Houston,2022,108170.0,128.0,528.0,118.33,488.12
Alabama,Jefferson,2022,665691.0,791.0,2701.0,118.82,405.74
Alabama,Lauderdale,2022,95916.0,104.0,431.0,108.43,449.35
Alabama,Lawrence,2022,33187.0,21.0,75.0,63.28,225.99
Alabama,Lee,2022,180966.0,162.0,667.0,89.52,368.58
Alabama,Lowndes,2022,9799.0,7.0,50.0,71.44,510.26
Alabama,Mobile,2022,411378.0,328.0,1284.0,79.73,312.12
Alabama,Montgomery,2022,226551.0,101.0,367.0,44.58,161.99
Alabama,Pickens,2022,18716.0,22.0,57.0,117.55,304.55
Alabama,Russell,2022,58533.0,51.0,135.0,87.13,230.64
Alabama,Shelby,2022,230157.0,1.0,11.0,0.43,4.78
Alabama,St. Clair,2022,93914.0,87.0,276.0,92.64,293.89
Alabama,Washington,2022,15105.0,18.0,57.0,119.17,377.36
Alabama,Barbour,2022,24744.0,13.0,24.0,52.54,96.99
Alabama,Chambers,2022,34199.0,26.0,111.0,76.03,324.57
Alabama,Cherokee,2022,25318.0,52.0,280.0,205.39,1105.93
Alabama,Choctaw,2022,12419.0,11.0,74.0,88.57,595.86
Alabama,Clarke,2022,22541.0,35.0,95.0,155.27,421.45
Alabama,Clay,2022,14206.0,15.0,48.0,105.59,337.89
Alabama,Cleburne,2022,15356.0,13.0,164.0,84.66,1067.99
Alabama,Coffee,2022,54818.0,35.0,148.0,63.85,269.98
Alabama,Coosa,2022,10298.0,31.0,90.0,301.03,873.96
Alabama,Covington,2022,37526.0,0.0,0.0,0.0,0.0
Alabama,Crenshaw,2022,13086.0,27.0,84.0,206.33,641.91
Alabama,Cullman,2022,90600.0,92.0,730.0,101.55,805.74
Alabama,Dale,2022,49473.0,15.0,108.0,30.32,218.3
Alabama,Dallas,2022,36757.0,61.0,264.0,165.95,718.23
Alabama,DeKalb,2022,72064.0,16.0,109.0,22.2,151.25
Alabama,Fayette,2022,16044.0,10.0,31.0,62.33,193.22
Alabama,Franklin,2022,31983.0,41.0,178.0,128.19,556.55
Alabama,Macon,2022,18538.0,14.0,20.0,75.52,107.89
Alabama,Marengo,2022,18789.0,13.0,52.0,69.19,276.76
Alabama,Marion,2022,29183.0,3.0,15.0,10.28,51.4
Alabama,Marshall,2022,99681.0,40.0,320.0,40.13,321.02
Alabama,Monroe,2022,19407.0,16.0,38.0,82.44,195.81
Alabama,Perry,2022,7894.0,0.0,0.0,0.0,0.0
Alabama,Pike,2022,32973.0,11.0,48.0,33.36,145.57
Alabama,Randolph,2022,22450.0,28.0,177.0,124.72,788.42
Alabama,Sumter,2022,11884.0,9.0,2.0,75.73,16.83
Alabama,Talladega,2022,80664.0,95.0,421.0,117.77,521.92
Alabama,Tallapoosa,2022,40939.0,35.0,88.0,85.49,214.95
Alabama,Walker,2022,64437.0,27.0,224.0,41.9,347.63
Alabama,Winston,2022,23749.0,9.0,66.0,37.9,277.91
Arizona,Cochise,2022,125418.0,99.0,385.0,78.94,306.97
Arizona,Coconino,2022,144078.0,99.0,298.0,68.71,206.83
Arizona,Mohave,2022,220791.0,263.0,1599.0,119.12,724.21
Arizona,Pima,2022,1058224.0,796.0,7459.0,75.22,704.86
Arizona,Pinal,2022,465550.0,274.0,1429.0,58.86,306.95
Arizona,Yavapai,2022,246237.0,304.0,600.0,123.46,243.67
Arizona,Yuma,2022,209117.0,177.0,834.0,84.64,398.82
Arizona,Apache,2022,65361.0,61.0,151.0,93.33,231.02
Arizona,Graham,2022,38784.0,19.0,59.0,48.99,152.12
Arizona,La Paz,2022,16460.0,40.0,178.0,243.01,1081.41
Arizona,Navajo,2022,108671.0,83.0,203.0,76.38,186.8
Arkansas,Benton,2022,303380.0,143.0,337.0,47.14,111.08
Arkansas,Cleveland,2022,7468.0,23.0,138.0,307.98,1847.88
Arkansas,Craighead,2022,112808.0,75.0,267.0,66.48,236.69
Arkansas,Crawford,2022,61068.0,58.0,255.0,94.98,417.57
Arkansas,Crittenden,2022,47004.0,159.0,268.0,338.27,570.16
Arkansas,Faulkner,2022,127693.0,133.0,617.0,104.16,483.19
Arkansas,Franklin,2022,17254.0,53.0,94.0,307.18,544.8
Arkansas,Garland,2022,99975.0,353.0,1164.0,353.09,1164.29
Arkansas,Grant,2022,18114.0,19.0,149.0,104.89,822.57
Arkansas,Jefferson,2022,64278.0,100.0,429.0,155.57,667.41
Arkansas,Lincoln,2022,12924.0,29.0,90.0,224.39,696.38
Arkansas,Little River,2022,11817.0,17.0,62.0,143.86,524.67
Arkansas,Lonoke,2022,75226.0,97.0,371.0,128.94,493.18
Arkansas,Madison,2022,17485.0,53.0,110.0,303.12,629.11
Arkansas,Miller,2022,42501.0,42.0,160.0,98.82,376.46
Arkansas,Perry,2022,10065.0,43.0,109.0,427.22,1082.96
Arkansas,Poinsett,2022,22424.0,56.0,180.0,249.73,802.71
Arkansas,Pulaski,2022,400246.0,512.0,1674.0,127.92,418.24
Arkansas,Saline,2022,127485.0,145.0,635.0,113.74,498.1
Arkansas,Sebastian,2022,129163.0,16.0,149.0,12.39,115.36
Arkansas,Washington,2022,257206.0,140.0,453.0,54.43,176.12
Arkansas,Arkansas,2022,16464.0,16.0,62.0,97.18,376.58
Arkansas,Ashley,2022,18308.0,12.0,112.0,65.55,611.75
Arkansas,Baxter,2022,42384.0,43.0,350.0,101.45,825.78
Arkansas,Boone,2022,38234.0,93.0,143.0,243.24,374.01
Arkansas,Calhoun,2022,4704.0,16.0,53.0,340.14,1126.7
Arkansas,Carroll,2022,28695.0,34.0,112.0,118.49,390.31
Arkansas,Chicot,2022,9826.0,1.0,63.0,10.18,641.16
Arkansas,Clark,2022,21113.0,21.0,68.0,99.46,322.08
Arkansas,Clay,2022,14230.0,13.0,73.0,91.36,513.0
Arkansas,Cleburne,2022,25256.0,186.0,281.0,736.46,1112.61
Arkansas,Columbia,2022,22313.0,43.0,86.0,192.71,385.43
Arkansas,Conway,2022,21088.0,73.0,239.0,346.17,1133.35
Arkansas,Cross,2022,16573.0,37.0,146.0,223.25,880.95
Arkansas,Desha,2022,10754.0,4.0,2.0,37.2,18.6
Arkansas,Drew,2022,16934.0,32.0,74.0,188.97,436.99
Arkansas,Fulton,2022,12357.0,47.0,84.0,380.35,679.78
Arkansas,Greene,2022,46360.0,65.0,251.0,140.21,541.42
Arkansas,Hempstead,2022,19453.0,43.0,138.0,221.05,709.4
Arkansas,Hot Spring,2022,33154.0,10.0,87.0,30.16,262.41
Arkansas,Howard,2022,12600.0,23.0,41.0,182.54,325.4
Arkansas,Independence,2022,38257.0,131.0,407.0,342.42,1063.86
Arkansas,Izard,2022,14024.0,105.0,94.0,748.72,670.28
Arkansas,Jackson,2022,16582.0,33.0,101.0,199.01,609.09
Arkansas,Johnson,2022,25984.0,51.0,81.0,196.27,311.73
Arkansas,Lafayette,2022,6120.0,9.0,33.0,147.06,539.22
Arkansas,Lawrence,2022,16123.0,26.0,112.0,161.26,694.66
Arkansas,Lee,2022,8424.0,7.0,57.0,83.1,676.64
Arkansas,Logan,2022,21253.0,60.0,222.0,282.31,1044.56
Arkansas,Marion,2022,17237.0,57.0,132.0,330.68,765.79
Arkansas,Mississippi,2022,38807.0,29.0,245.0,74.73,631.33
Arkansas,Nevada,2022,8185.0,9.0,29.0,109.96,354.31
Arkansas,Newton,2022,7086.0,22.0,39.0,310.47,550.38
Arkansas,Pike,2022,10128.0,8.0,34.0,78.99,335.7
Arkansas,Polk,2022,19356.0,75.0,65.0,387.48,335.81
Arkansas,Pope,2022,64025.0,79.0,253.0,123.39,395.16
Arkansas,Prairie,2022,8036.0,12.0,67.0,149.33,833.75
Arkansas,Randolph,2022,18811.0,40.0,132.0,212.64,701.72
Arkansas,Scott,2022,9786.0,18.0,59.0,183.94,602.9
Arkansas,Searcy,2022,7914.0,15.0,31.0,189.54,391.71
Arkansas,Sevier,2022,15682.0,33.0,22.0,210.43,140.29
Arkansas,St. Francis,2022,22360.0,67.0,72.0,299.64,322.0
Arkansas,Union,2022,37856.0,84.0,215.0,221.89,567.94
Arkansas,Van Buren,2022,16116.0,32.0,155.0,198.56,961.78
Arkansas,White,2022,77637.0,263.0,530.0,338.76,682.66
Arkansas,Woodruff,2022,6040.0,2.0,27.0,33.11,447.02
Arkansas,Yell,2022,20108.0,98.0,118.0,487.37,586.83
California,Alameda,2022,1633138.0,766.0,2577.0,46.9,157.79
California,Butte,2022,207312.0,431.0,972.0,207.9,468.86
California,Contra Costa,2022,1160163.0,397.0,1780.0,34.22,153.43
California,El Dorado,2022,192914.0,324.0,1283.0,167.95,665.06
California,Fresno,2022,1017870.0,1166.0,3754.0,114.55,368.81
California,Imperial,2022,179421.0,186.0,496.0,103.67,276.44
California,Kern,2022,917074.0,3537.0,9396.0,385.68,1024.56
California,Kings,2022,152763.0,110.0,414.0,72.01,271.01
California,Los Angeles,2022,9748524.0,6382.0,17070.0,65.47,175.1
California,Madera,2022,160377.0,376.0,941.0,234.45,586.74
California,Marin,2022,257038.0,68.0,420.0,26.46,163.4
California,Merced,2022,291781.0,479.0,1564.0,164.16,536.02
California,Monterey,2022,435884.0,376.0,938.0,86.26,215.19
California,Napa,2022,134499.0,56.0,234.0,41.64,173.98
California,Orange,2022,3156252.0,310.0,1194.0,9.82,37.83
California,Riverside,2022,2479339.0,1034.0,7415.0,41.7,299.07
California,Sacramento,2022,1588707.0,2721.0,9043.0,171.27,569.21
California,San Benito,2022,67674.0,72.0,149.0,106.39,220.17
California,San Bernardino,2022,2196267.0,2004.0,3752.0,91.25,170.84
California,San Diego,2022,3279089.0,1902.0,5802.0,58.0,176.94
California,San Joaquin,2022,795443.0,873.0,2321.0,109.75,291.79
California,San Luis Obispo,2022,282747.0,435.0,974.0,153.85,344.48
California,San Mateo,2022,732245.0,376.0,1912.0,51.35,261.11
California,Santa Barbara,2022,445401.0,243.0,1401.0,54.56,314.55
California,Santa Clara,2022,1880151.0,276.0,1479.0,14.68,78.66
California,Santa Cruz,2022,265786.0,371.0,1013.0,139.59,381.13
California,Solano,2022,449852.0,115.0,337.0,25.56,74.91
California,Sonoma,2022,483236.0,336.0,820.0,69.53,169.69
California,Stanislaus,2022,552453.0,438.0,1332.0,79.28,241.11
California,Tulare,2022,478037.0,337.0,1905.0,70.5,398.5
California,Ventura,2022,834675.0,71.0,735.0,8.51,88.06
California,Yolo,2022,222854.0,81.0,380.0,36.35,170.52
California,Yuba,2022,84355.0,187.0,914.0,221.68,1083.52
California,Alpine,2022,1149.0,11.0,25.0,957.35,2175.81
California,Amador,2022,41465.0,95.0,278.0,229.11,670.44
California,Calaveras,2022,46545.0,243.0,510.0,522.08,1095.71
California,Colusa,2022,21927.0,21.0,190.0,95.77,866.51
California,Del Norte,2022,26694.0,85.0,154.0,318.42,576.91
California,Glenn,2022,28363.0,97.0,180.0,341.99,634.63
California,Humboldt,2022,134979.0,237.0,760.0,175.58,563.05
California,Inyo,2022,18642.0,93.0,105.0,498.87,563.24
California,Lake,2022,68271.0,292.0,471.0,427.71,689.9
California,Lassen,2022,30269.0,59.0,215.0,194.92,710.3
California,Mariposa,2022,17066.0,71.0,207.0,416.03,1212.94
California,Modoc,2022,8602.0,29.0,50.0,337.13,581.26
California,Mono,2022,12982.0,21.0,27.0,161.76,207.98
California,Nevada,2022,102377.0,213.0,366.0,208.05,357.5
California,Plumas,2022,19396.0,152.0,272.0,783.67,1402.35
California,Sierra,2022,3203.0,10.0,19.0,312.21,593.19
California,Siskiyou,2022,43602.0,84.0,104.0,192.65,238.52
California,Tehama,2022,65312.0,142.0,350.0,217.42,535.89
California,Trinity,2022,15813.0,85.0,167.0,537.53,1056.09
California,Tuolumne,2022,53987.0,330.0,478.0,611.26,885.4
Colorado,Adams,2022,528035.0,493.0,2559.0,93.37,484.63
Colorado,Arapahoe,2022,659472.0,220.0,2360.0,33.36,357.86
Colorado,Boulder,2022,327914.0,96.0,740.0,29.28,225.67
Colorado,Clear Creek,2022,9282.0,1.0,48.0,10.77,517.13
Colorado,Douglas,2022,376188.0,260.0,1420.0,69.11,377.47
Colorado,Elbert,2022,27844.0,1.0,31.0,3.59,111.33
Colorado,El Paso,2022,741819.0,560.0,2415.0,75.49,325.55
Colorado,Gilpin,2022,5898.0,9.0,75.0,152.59,1271.62
Colorado,Jefferson,2022,576703.0,421.0,3371.0,73.0,584.53
Colorado,Larimer,2022,367972.0,205.0,1083.0,55.71,294.32
Colorado,Mesa,2022,158634.0,144.0,1038.0,90.77,654.34
Colorado,Park,2022,17940.0,32.0,40.0,178.37,222.97
Colorado,Pueblo,2022,169540.0,61.0,1190.0,35.98,701.9
Colorado,Teller,2022,24854.0,37.0,49.0,148.87,197.15
Colorado,Alamosa,2022,16630.0,15.0,109.0,90.2,655.44
Colorado,Archuleta,2022,13975.0,20.0,46.0,143.11,329.16
Colorado,Baca,2022,3430.0,1.0,0.0,29.15,0.0
Colorado,Bent,2022,5428.0,9.0,96.0,165.81,1768.61
Colorado,Chaffee,2022,20252.0,4.0,61.0,19.75,301.2
Colorado,Crowley,2022,5611.0,11.0,42.0,196.04,748.53
Colorado,Custer,2022,5349.0,17.0,40.0,317.82,747.8
Colorado,Delta,2022,31575.0,3.0,168.0,9.5,532.07
Colorado,Dolores,2022,2458.0,1.0,24.0,40.68,976.4
Colorado,Eagle,2022,55347.0,33.0,135.0,59.62,243.92
Colorado,Fremont,2022,49544.0,25.0,173.0,50.46,349.18
Colorado,Garfield,2022,62458.0,70.0,158.0,112.08,252.97
Colorado,Kiowa,2022,1429.0,2.0,24.0,139.96,1679.5
Colorado,Kit Carson,2022,7000.0,3.0,25.0,42.86,357.14
Colorado,Las Animas,2022,14299.0,15.0,99.0,104.9,692.36
Colorado,Lincoln,2022,5515.0,2.0,29.0,36.26,525.84
Colorado,Logan,2022,20798.0,28.0,84.0,134.63,403.88
Colorado,Moffat,2022,13201.0,9.0,33.0,68.18,249.98
Colorado,Montezuma,2022,26474.0,45.0,133.0,169.98,502.38
Colorado,Montrose,2022,43838.0,18.0,177.0,41.06,403.76
Colorado,Morgan,2022,29492.0,12.0,50.0,40.69,169.54
Colorado,Otero,2022,18244.0,6.0,53.0,32.89,290.51
Colorado,Ouray,2022,5095.0,2.0,21.0,39.25,412.17
Colorado,Phillips,2022,4444.0,0.0,1.0,0.0,22.5
Colorado,Pitkin,2022,16896.0,4.0,29.0,23.67,171.64
Colorado,Prowers,2022,11828.0,11.0,39.0,93.0,329.73
Colorado,Rio Blanco,2022,6572.0,1.0,4.0,15.22,60.86
Colorado,Routt,2022,25173.0,11.0,51.0,43.7,202.6
Colorado,Saguache,2022,6642.0,6.0,60.0,90.33,903.34
Colorado,San Juan,2022,801.0,1.0,5.0,124.84,624.22
Colorado,San Miguel,2022,8009.0,4.0,5.0,49.94,62.43
Colorado,Summit,2022,31276.0,30.0,203.0,95.92,649.06
Colorado,Washington,2022,4839.0,1.0,64.0,20.67,1322.59
Colorado,Yuma,2022,9943.0,4.0,37.0,40.23,372.12
Delaware,New Castle County Police Department,2022,575913.0,763.0,3444.0,132.49,598.01
Delaware,Bay,2022,,304.0,1284.0,,
Delaware,Brevard,2022,,484.0,2479.0,,
Delaware,Charlotte,2022,,152.0,1068.0,,
Delaware,Citrus,2022,,319.0,1469.0,,
Delaware,Collier,2022,,774.0,2686.0,,
Delaware,Flagler,2022,,196.0,681.0,,
Delaware,Hernando,2022,,449.0,1938.0,,
Delaware,Indian River,2022,,168.0,1308.0,,
Delaware,Jacksonville Sheriff's Office,2022,,5927.0,23703.0,,
Delaware,Lee,2022,,1379.0,4533.0,,
Delaware,Leon,2022,,348.0,1220.0,,
Delaware,Marion,2022,,637.0,1600.0,,
Delaware,Miami-Dade,2022,,5606.0,26220.0,,
Delaware,Nassau,2022,,157.0,643.0,,
Delaware,Orange,2022,,4730.0,16400.0,,
Delaware,Palm Beach,2022,,1452.0,7499.0,,
Delaware,Pinellas,2022,,108.0,550.0,,
Delaware,Polk,2022,,1329.0,3677.0,,
Delaware,Sarasota,2022,,403.0,3197.0,,
Delaware,Seminole,2022,,335.0,1793.0,,
Delaware,St. Johns,2022,,118.0,552.0,,
Delaware,St. Lucie,2022,,376.0,1101.0,,
Delaware,Volusia,2022,,769.0,1270.0,,
Delaware,Walton,2022,,110.0,199.0,,
Delaware,Dixie,2022,,33.0,78.0,,
Delaware,Hamilton,2022,,33.0,157.0,,
Delaware,Hardee,2022,,58.0,218.0,,
Delaware,Holmes,2022,,78.0,135.0,,
Delaware,Monroe,2022,,162.0,416.0,,
Delaware,Okeechobee,2022,,111.0,540.0,,
Delaware,Putnam,2022,,74.0,459.0,,
Delaware,Union,2022,,24.0,56.0,,
Georgia,Augusta-Richmond,2022,206837.0,105.0,608.0,50.76,293.95
Georgia,Barrow,2022,89551.0,76.0,663.0,84.87,740.36
Georgia,Bartow,2022,112751.0,10.0,439.0,8.87,389.35
Georgia,Bibb,2022,156302.0,2294.0,5833.0,1467.67,3731.88
Georgia,Brantley,2022,18173.0,21.0,206.0,115.56,1133.55
Georgia,Brooks,2022,16272.0,41.0,120.0,251.97,737.46
Georgia,Bryan,2022,48336.0,44.0,238.0,91.03,492.39
Georgia,Burke,2022,24375.0,26.0,242.0,106.67,992.82
Georgia,Butts,2022,26756.0,41.0,139.0,153.24,519.51
Georgia,Carroll,2022,124002.0,145.0,963.0,116.93,776.6
Georgia,Catoosa,2022,68897.0,66.0,457.0,95.8,663.31
Georgia,Cherokee,2022,281158.0,180.0,1028.0,64.02,365.63
Georgia,Clarke,2022,130067.0,0.0,0.0,0.0,0.0
Georgia,Cobb,2022,774481.0,30.0,219.0,3.87,28.28
Georgia,Cobb County Police Department,2022,774481.0,1186.0,7744.0,153.13,999.9
Georgia,Columbia,2022,162441.0,33.0,434.0,20.32,267.17
Georgia,Coweta,2022,152950.0,672.0,742.0,439.36,485.13
Georgia,Crawford,2022,12133.0,23.0,152.0,189.57,1252.78
Georgia,Dawson,2022,30237.0,59.0,239.0,195.13,790.42
Georgia,DeKalb,2022,764752.0,23.0,1.0,3.01,0.13
Georgia,DeKalb County Police Department,2022,764752.0,4618.0,17815.0,603.86,2329.51
Georgia,Dougherty,2022,83021.0,2.0,16.0,2.41,19.27
Georgia,Dougherty County Police Department,2022,83021.0,17.0,74.0,20.48,89.13
Georgia,Douglas,2022,147617.0,209.0,862.0,141.58,583.94
Georgia,Effingham,2022,69010.0,23.0,189.0,33.33,273.87
Georgia,Fayette,2022,122106.0,44.0,309.0,36.03,253.06
Georgia,Floyd County Police Department,2022,99425.0,176.0,623.0,177.02,626.6
Georgia,Forsyth,2022,267623.0,129.0,1009.0,48.2,377.02
Georgia,Fulton,2022,1076385.0,14.0,21.0,1.3,1.95
Georgia,Fulton County Police Department,2022,1076385.0,31.0,46.0,2.88,4.27
Georgia,Glynn County Police Department,2022,85268.0,211.0,1156.0,247.46,1355.73
Georgia,Gwinnett,2022,979814.0,10.0,11.0,1.02,1.12
Georgia,Gwinnett County Police Department,2022,979814.0,2618.0,8016.0,267.19,818.11
Georgia,Hall,2022,213142.0,296.0,1434.0,138.87,672.79
Georgia,Haralson,2022,31340.0,46.0,323.0,146.78,1030.63
Georgia,Harris,2022,36320.0,5.0,125.0,13.77,344.16
Georgia,Heard,2022,11699.0,8.0,92.0,68.38,786.39
Georgia,Henry,2022,248841.0,2.0,0.0,0.8,0.0
Georgia,Henry County Police Department,2022,248841.0,530.0,2582.0,212.99,1037.61
Georgia,Jasper,2022,15984.0,31.0,118.0,193.94,738.24
Georgia,Jones,2022,28449.0,35.0,187.0,123.03,657.32
Georgia,Lanier,2022,10141.0,18.0,65.0,177.5,640.96
Georgia,Lee,2022,33649.0,63.0,329.0,187.23,977.74
Georgia,Long,2022,18363.0,7.0,69.0,38.12,375.76
Georgia,Lowndes,2022,119517.0,155.0,943.0,129.69,789.01
Georgia,Madison,2022,31450.0,54.0,269.0,171.7,855.33
Georgia,Marion,2022,7454.0,8.0,54.0,107.32,724.44
Georgia,McDuffie,2022,21726.0,36.0,129.0,165.7,593.76
Georgia,McIntosh,2022,11194.0,24.0,175.0,214.4,1563.34
Georgia,Meriwether,2022,20829.0,37.0,127.0,177.64,609.73
Georgia,Monroe,2022,29432.0,20.0,168.0,67.95,570.81
Georgia,Murray,2022,40378.0,53.0,98.0,131.26,242.71
Georgia,Newton,2022,117854.0,345.0,1158.0,292.74,982.57
Georgia,Oconee,2022,43622.0,28.0,597.0,64.19,1368.58
Georgia,Oglethorpe,2022,15502.0,52.0,127.0,335.44,819.25
Georgia,Paulding,2022,178436.0,575.0,1108.0,322.24,620.95
Georgia,Peach,2022,28590.0,41.0,90.0,143.41,314.8
Georgia,Pickens,2022,34803.0,40.0,136.0,114.93,390.77
Georgia,Pike,2022,19959.0,19.0,141.0,95.2,706.45
Georgia,Spalding,2022,68993.0,156.0,539.0,226.11,781.24
Georgia,Twiggs,2022,7662.0,16.0,54.0,208.82,704.78
Georgia,Walton,2022,103235.0,52.0,352.0,50.37,340.97
Georgia,Whitfield,2022,103279.0,334.0,848.0,323.4,821.08
Georgia,Baldwin,2022,43654.0,103.0,479.0,235.95,1097.26
Georgia,Banks,2022,19419.0,40.0,373.0,205.98,1920.8
Georgia,Ben Hill,2022,17063.0,36.0,152.0,210.98,890.82
Georgia,Berrien,2022,18261.0,27.0,108.0,147.86,591.42
Georgia,Bleckley,2022,12277.0,11.0,80.0,89.6,651.62
Georgia,Bulloch,2022,83011.0,5.0,271.0,6.02,326.46
Georgia,Camden,2022,57026.0,50.0,119.0,87.68,208.68
Georgia,Candler,2022,11000.0,16.0,66.0,145.45,600.0
Georgia,Chattooga,2022,24921.0,29.0,225.0,116.37,902.85
Georgia,Clay,2022,2860.0,16.0,16.0,559.44,559.44
Georgia,Clinch,2022,6692.0,3.0,36.0,44.83,537.96
Georgia,Coffee,2022,43265.0,110.0,373.0,254.25,862.13
Georgia,Cook,2022,17398.0,10.0,84.0,57.48,482.81
Georgia,Crisp,2022,19745.0,11.0,134.0,55.71,678.65
Georgia,Decatur,2022,29146.0,40.0,201.0,137.24,689.63
Georgia,Dodge,2022,19874.0,22.0,125.0,110.7,628.96
Georgia,Early,2022,10556.0,5.0,42.0,47.37,397.88
Georgia,Elbert,2022,19868.0,4.0,43.0,20.13,216.43
Georgia,Fannin,2022,25740.0,42.0,216.0,163.17,839.16
Georgia,Franklin,2022,24155.0,33.0,127.0,136.62,525.77
Georgia,Gilmer,2022,32382.0,76.0,304.0,234.7,938.79
Georgia,Glascock,2022,2925.0,3.0,19.0,102.56,649.57
Georgia,Gordon,2022,58885.0,64.0,355.0,108.69,602.87
Georgia,Greene,2022,20118.0,42.0,72.0,208.77,357.89
Georgia,Habersham,2022,47446.0,43.0,330.0,90.63,695.53
Georgia,Hancock,2022,8449.0,15.0,47.0,177.54,556.28
Georgia,Hart,2022,26813.0,51.0,191.0,190.21,712.34
Georgia,Irwin,2022,9126.0,11.0,53.0,120.53,580.76
Georgia,Jackson,2022,84157.0,58.0,548.0,68.92,651.16
Georgia,Jeff Davis,2022,14914.0,12.0,47.0,80.46,315.14
Georgia,Jefferson,2022,15329.0,19.0,101.0,123.95,658.88
Georgia,Jenkins,2022,8677.0,4.0,40.0,46.1,460.99
Georgia,Laurens,2022,49687.0,103.0,367.0,207.3,738.62
Georgia,Lumpkin,2022,34709.0,53.0,184.0,152.7,530.12
Georgia,Mitchell,2022,21198.0,14.0,174.0,66.04,820.83
Georgia,Pierce,2022,20190.0,51.0,183.0,252.6,906.39
Georgia,Polk,2022,43742.0,4.0,2.0,9.14,4.57
Georgia,Pulaski,2022,9947.0,38.0,172.0,382.02,1729.16
Georgia,Putnam,2022,22924.0,33.0,139.0,143.95,606.35
Georgia,Rabun,2022,17305.0,14.0,154.0,80.9,889.92
Georgia,Randolph,2022,6162.0,10.0,26.0,162.28,421.94
Georgia,Schley,2022,4507.0,4.0,11.0,88.75,244.06
Georgia,Sumter,2022,28893.0,10.0,84.0,34.61,290.73
Georgia,Tattnall,2022,24063.0,19.0,185.0,78.96,768.82
Georgia,Thomas,2022,45592.0,86.0,372.0,188.63,815.93
Georgia,Tift,2022,41381.0,171.0,509.0,413.23,1230.03
Georgia,Towns,2022,12929.0,11.0,44.0,85.08,340.32
Georgia,Treutlen,2022,6364.0,15.0,44.0,235.7,691.39
Georgia,Troup,2022,70608.0,103.0,528.0,145.88,747.79
Georgia,Turner,2022,8836.0,9.0,37.0,101.86,418.74
Georgia,Union,2022,26413.0,15.0,152.0,56.79,575.47
Georgia,Ware,2022,35660.0,28.0,101.0,78.52,283.23
Georgia,Wayne,2022,30758.0,57.0,383.0,185.32,1245.2
Georgia,Webster,2022,2343.0,0.0,0.0,0.0,0.0
Georgia,Wheeler,2022,7302.0,9.0,54.0,123.25,739.52
Georgia,White,2022,28778.0,21.0,140.0,72.97,486.48
Georgia,Wilcox,2022,8747.0,10.0,49.0,114.32,560.19
Georgia,Wilkes,2022,9587.0,52.0,103.0,542.4,1074.37
Georgia,Wilkinson,2022,8704.0,12.0,14.0,137.87,160.85
Hawaii,Kauai Police Department,2022,73707.0,188.0,1264.0,255.06,1714.9
Idaho,Ada,2022,520365.0,284.0,556.0,54.58,106.85
Idaho,Bannock,2022,89855.0,16.0,98.0,17.81,109.06
Idaho,Boise,2022,8419.0,28.0,29.0,332.58,344.46
Idaho,Bonneville,2022,129654.0,111.0,686.0,85.61,529.1
Idaho,Butte,2022,2690.0,4.0,13.0,148.7,483.27
Idaho,Canyon,2022,251397.0,134.0,354.0,53.3,140.81
Idaho,Franklin,2022,15179.0,2.0,11.0,13.18,72.47
Idaho,Gem,2022,20627.0,9.0,20.0,43.63,96.96
Idaho,Jefferson,2022,33358.0,9.0,128.0,26.98,383.72
Idaho,Jerome,2022,25268.0,31.0,123.0,122.68,486.78
Idaho,Kootenai,2022,183512.0,119.0,499.0,64.85,271.92
Idaho,Nez Perce,2022,42998.0,5.0,35.0,11.63,81.4
Idaho,Power,2022,8130.0,4.0,29.0,49.2,356.7
Idaho,Twin Falls,2022,93890.0,50.0,119.0,53.25,126.74
Idaho,Adams,2022,4778.0,14.0,40.0,293.01,837.17
Idaho,Bear Lake,2022,6742.0,0.0,3.0,0.0,44.5
Idaho,Benewah,2022,10293.0,24.0,63.0,233.17,612.07
Idaho,Bingham,2022,49979.0,21.0,139.0,42.02,278.12
Idaho,Blaine,2022,25200.0,15.0,29.0,59.52,115.08
Idaho,Bonner,2022,51437.0,33.0,255.0,64.16,495.75
Idaho,Boundary,2022,13324.0,22.0,39.0,165.12,292.7
Idaho,Camas,2022,1163.0,1.0,4.0,85.98,343.94
Idaho,Caribou,2022,7201.0,4.0,10.0,55.55,138.87
Idaho,Cassia,2022,25657.0,29.0,264.0,113.03,1028.96
Idaho,Clearwater,2022,9032.0,10.0,8.0,110.72,88.57
Idaho,Custer,2022,4503.0,8.0,19.0,177.66,421.94
Idaho,Elmore,2022,29425.0,30.0,23.0,101.95,78.16
Idaho,Fremont,2022,14036.0,6.0,43.0,42.75,306.36
Idaho,Gooding,2022,15900.0,15.0,36.0,94.34,226.42
Idaho,Idaho,2022,17654.0,41.0,26.0,232.24,147.28
Idaho,Latah,2022,41211.0,28.0,80.0,67.94,194.12
Idaho,Lemhi,2022,8285.0,6.0,27.0,72.42,325.89
Idaho,Lewis,2022,3741.0,0.0,30.0,0.0,801.92
Idaho,Lincoln,2022,5380.0,17.0,30.0,315.99,557.62
Idaho,Madison,2022,55251.0,13.0,25.0,23.53,45.25
Idaho,Minidoka,2022,22214.0,16.0,100.0,72.03,450.17
Idaho,Oneida,2022,4740.0,11.0,28.0,232.07,590.72
Idaho,Payette,2022,26925.0,28.0,65.0,103.99,241.41
Idaho,Shoshone,2022,13924.0,37.0,79.0,265.73,567.37
Idaho,Teton,2022,12551.0,17.0,37.0,135.45,294.8
Idaho,Valley,2022,12432.0,27.0,63.0,217.18,506.76
Idaho,Washington,2022,11178.0,10.0,9.0,89.46,80.52
Idaho,Bond,2022,,5.0,34.0,,
Idaho,Calhoun,2022,,3.0,10.0,,
Idaho,Clinton,2022,,5.0,57.0,,
Idaho,DeKalb,2022,,26.0,105.0,,
Idaho,Grundy,2022,,26.0,83.0,,
Idaho,Henry,2022,,14.0,133.0,,
Idaho,Jackson,2022,,24.0,180.0,,
Idaho,Jersey,2022,,12.0,12.0,,
Idaho,Kendall,2022,,55.0,126.0,,
Idaho,Macon,2022,,20.0,221.0,,
Idaho,Madison,2022,55251.0,99.0,829.0,179.18,1500.43
Idaho,Marshall,2022,,1.0,44.0,,
Idaho,McLean,2022,,18.0,90.0,,
Idaho,Monroe,2022,,5.0,21.0,,
Idaho,Peoria,2022,,157.0,563.0,,
Idaho,Piatt,2022,,17.0,79.0,,
Idaho,Rock Island,2022,,22.0,230.0,,
Idaho,Sangamon,2022,,200.0,622.0,,
Idaho,St. Clair,2022,,106.0,330.0,,
Idaho,Tazewell,2022,,33.0,255.0,,
Idaho,Vermilion,2022,,63.0,453.0,,
Idaho,Will,2022,,208.0,568.0,,
Idaho,Winnebago,2022,,147.0,359.0,,
Idaho,Adams,2022,4778.0,29.0,180.0,606.95,3767.27
Idaho,Cass,2022,,0.0,1.0,,
Idaho,Crawford,2022,,14.0,54.0,,
Idaho,DeWitt,2022,,6.0,37.0,,
Idaho,Effingham,2022,,18.0,105.0,,
Idaho,Fayette,2022,,7.0,68.0,,
Idaho,Ford,2022,,2.0,27.0,,
Idaho,Hancock,2022,,15.0,32.0,,
Idaho,Iroquois,2022,,11.0,129.0,,
Idaho,Jefferson,2022,33358.0,16.0,180.0,47.96,539.6
Idaho,La Salle,2022,,50.0,114.0,,
Idaho,Livingston,2022,,17.0,59.0,,
Idaho,Logan,2022,,5.0,55.0,,
Idaho,Marion,2022,,34.0,131.0,,
Idaho,Mason,2022,,0.0,0.0,,
Idaho,Massac,2022,,7.0,38.0,,
Idaho,Montgomery,2022,,10.0,38.0,,
Idaho,Morgan,2022,,10.0,28.0,,
Idaho,Pike,2022,,4.0,26.0,,
Idaho,Pulaski,2022,,12.0,31.0,,
Idaho,Putnam,2022,,0.0,25.0,,
Idaho,Scott,2022,,3.0,8.0,,
Idaho,Shelby,2022,,6.0,22.0,,
Idaho,Stephenson,2022,,11.0,92.0,,
Idaho,Warren,2022,,10.0,56.0,,
Idaho,Whiteside,2022,,26.0,83.0,,
Indiana,Bartholomew,2022,83542.0,0.0,30.0,0.0,35.91
Indiana,Clark,2022,124254.0,49.0,231.0,39.44,185.91
Indiana,Delaware,2022,112091.0,55.0,266.0,49.07,237.31
Indiana,Elkhart,2022,207185.0,58.0,297.0,27.99,143.35
Indiana,Floyd,2022,80552.0,36.0,175.0,44.69,217.25
Indiana,Franklin,2022,23104.0,11.0,104.0,47.61,450.14
Indiana,Hamilton,2022,366036.0,29.0,121.0,7.92,33.06
Indiana,Hancock,2022,83016.0,46.0,204.0,55.41,245.74
Indiana,Harrison,2022,39805.0,62.0,191.0,155.76,479.84
Indiana,Hendricks,2022,183605.0,49.0,440.0,26.69,239.64
Indiana,Howard,2022,83479.0,34.0,81.0,40.73,97.03
Indiana,Johnson,2022,165804.0,12.0,221.0,7.24,133.29
Indiana,La Porte,2022,,24.0,443.0,,
Indiana,Madison,2022,130977.0,27.0,253.0,20.61,193.16
Indiana,Monroe,2022,144456.0,24.0,399.0,16.61,276.21
Indiana,Porter,2022,174767.0,75.0,208.0,42.91,119.02
Indiana,Posey,2022,25081.0,17.0,98.0,67.78,390.73
Indiana,Shelby,2022,45165.0,39.0,157.0,86.35,347.61
Indiana,St. Joseph,2022,272478.0,117.0,894.0,42.94,328.1
Indiana,Sullivan,2022,20664.0,22.0,104.0,106.47,503.29
Indiana,Tippecanoe,2022,188836.0,86.0,327.0,45.54,173.17
Indiana,Vanderburgh,2022,179604.0,168.0,411.0,93.54,228.84
Indiana,Vigo,2022,106014.0,95.0,688.0,89.61,648.97
Indiana,Warrick,2022,65252.0,169.0,417.0,259.0,639.06
Indiana,Washington,2022,28152.0,47.0,84.0,166.95,298.38
Indiana,Jackson,2022,46298.0,14.0,20.0,30.24,43.2
Indiana,Jennings,2022,27467.0,13.0,92.0,47.33,334.95
Indiana,Kosciusko,2022,80624.0,84.0,360.0,104.19,446.52
Indiana,Montgomery,2022,38327.0,21.0,124.0,54.79,323.53
Indiana,Noble,2022,47266.0,22.0,141.0,46.55,298.31
Indiana,Starke,2022,23237.0,29.0,107.0,124.8,460.47
Indiana,Steuben,2022,34716.0,7.0,233.0,20.16,671.16
Indiana,Wells,2022,28325.0,7.0,26.0,24.71,91.79
Iowa,Benton,2022,25748.0,35.0,64.0,135.93,248.56
Iowa,Black Hawk,2022,129963.0,17.0,62.0,13.08,47.71
Iowa,Bremer,2022,25261.0,7.0,30.0,27.71,118.76
Iowa,Dallas,2022,108070.0,52.0,58.0,48.12,53.67
Iowa,Dubuque,2022,98723.0,32.0,150.0,32.41,151.94
Iowa,Jasper,2022,37948.0,18.0,45.0,47.43,118.58
Iowa,Johnson,2022,156681.0,68.0,170.0,43.4,108.5
Iowa,Jones,2022,20969.0,16.0,16.0,76.3,76.3
Iowa,Linn,2022,228878.0,36.0,177.0,15.73,77.33
Iowa,Madison,2022,17064.0,16.0,24.0,93.76,140.65
Iowa,Mills,2022,14557.0,7.0,85.0,48.09,583.91
Iowa,Polk,2022,501174.0,84.0,655.0,16.76,130.69
Iowa,Pottawattamie,2022,93162.0,86.0,171.0,92.31,183.55
Iowa,Scott,2022,173859.0,46.0,130.0,26.46,74.77
Iowa,Story,2022,99857.0,15.0,111.0,15.02,111.16
Iowa,Washington,2022,22539.0,41.0,91.0,181.91,403.74
Iowa,Woodbury,2022,105712.0,24.0,87.0,22.7,82.3
Iowa,Adair,2022,7466.0,2.0,16.0,26.79,214.3
Iowa,Adams,2022,3600.0,3.0,6.0,83.33,166.67
Iowa,Allamakee,2022,14095.0,10.0,28.0,70.95,198.65
Iowa,Appanoose,2022,12134.0,15.0,54.0,123.62,445.03
Iowa,Buchanan,2022,20705.0,14.0,37.0,67.62,178.7
Iowa,Buena Vista,2022,20644.0,9.0,23.0,43.6,111.41
Iowa,Butler,2022,14258.0,3.0,15.0,21.04,105.2
Iowa,Carroll,2022,20558.0,0.0,11.0,0.0,53.51
Iowa,Cass,2022,13127.0,18.0,57.0,137.12,434.22
Iowa,Cedar,2022,18333.0,12.0,36.0,65.46,196.37
Iowa,Cerro Gordo,2022,42401.0,6.0,38.0,14.15,89.62
Iowa,Cherokee,2022,11486.0,1.0,21.0,8.71,182.83
Iowa,Chickasaw,2022,11765.0,15.0,22.0,127.5,187.0
Iowa,Clarke,2022,9689.0,4.0,37.0,41.28,381.88
Iowa,Clay,2022,16514.0,7.0,8.0,42.39,48.44
Iowa,Clayton,2022,17049.0,11.0,28.0,64.52,164.23
Iowa,Clinton,2022,46263.0,30.0,101.0,64.85,218.32
Iowa,Crawford,2022,16143.0,2.0,2.0,12.39,12.39
Iowa,Davis,2022,9145.0,4.0,7.0,43.74,76.54
Iowa,Delaware,2022,17590.0,26.0,19.0,147.81,108.02
Iowa,Des Moines,2022,38229.0,14.0,138.0,36.62,360.98
Iowa,Emmet,2022,9206.0,8.0,4.0,86.9,43.45
Iowa,Fayette,2022,19303.0,20.0,18.0,103.61,93.25
Iowa,Floyd,2022,15317.0,10.0,22.0,65.29,143.63
Iowa,Franklin,2022,9923.0,3.0,9.0,30.23,90.7
Iowa,Fremont,2022,6474.0,15.0,55.0,231.7,849.55
Iowa,Hamilton,2022,14880.0,11.0,25.0,73.92,168.01
Iowa,Hancock,2022,10662.0,14.0,43.0,131.31,403.3
Iowa,Hardin,2022,16670.0,29.0,87.0,173.97,521.9
Iowa,Henry,2022,20284.0,25.0,43.0,123.25,211.99
Iowa,Howard,2022,9502.0,6.0,27.0,63.14,284.15
Iowa,Humboldt,2022,9540.0,6.0,51.0,62.89,534.59
Iowa,Ida,2022,6880.0,4.0,20.0,58.14,290.7
Iowa,Iowa,2022,16514.0,17.0,67.0,102.94,405.72
Iowa,Jackson,2022,19333.0,11.0,62.0,56.9,320.7
Iowa,Jefferson,2022,15580.0,5.0,13.0,32.09,83.44
Iowa,Keokuk,2022,9880.0,15.0,62.0,151.82,627.53
Iowa,Lee,2022,32783.0,33.0,87.0,100.66,265.38
Iowa,Louisa,2022,10641.0,28.0,26.0,263.13,244.34
Iowa,Lucas,2022,8732.0,23.0,62.0,263.4,710.03
Iowa,Lyon,2022,12180.0,15.0,66.0,123.15,541.87
Iowa,Mahaska,2022,21940.0,11.0,33.0,50.14,150.41
Iowa,Marion,2022,33581.0,26.0,40.0,77.42,119.11
Iowa,Monona,2022,8527.0,11.0,72.0,129.0,844.38
Iowa,Muscatine,2022,42501.0,14.0,45.0,32.94,105.88
Iowa,O'Brien,2022,14095.0,18.0,52.0,127.7,368.93
Iowa,Osceola,2022,6070.0,5.0,15.0,82.37,247.12
Iowa,Page,2022,15164.0,6.0,25.0,39.57,164.86
Iowa,Palo Alto,2022,8779.0,14.0,16.0,159.47,182.25
Iowa,Plymouth,2022,25713.0,11.0,19.0,42.78,73.89
Iowa,Pocahontas,2022,7076.0,4.0,17.0,56.53,240.25
Iowa,Poweshiek,2022,18543.0,9.0,66.0,48.54,355.93
Iowa,Ringgold,2022,4679.0,3.0,16.0,64.12,341.95
Iowa,Sac,2022,9675.0,18.0,55.0,186.05,568.48
Iowa,Sioux,2022,36250.0,9.0,48.0,24.83,132.41
Iowa,Tama,2022,16929.0,24.0,40.0,141.77,236.28
Iowa,Union,2022,11898.0,6.0,31.0,50.43,260.55
Iowa,Van Buren,2022,7253.0,4.0,26.0,55.15,358.47
Iowa,Wapello,2022,35082.0,16.0,76.0,45.61,216.64
Iowa,Wayne,2022,6473.0,4.0,24.0,61.8,370.77
Iowa,Webster,2022,36693.0,41.0,89.0,111.74,242.55
Iowa,Winneshiek,2022,19907.0,17.0,16.0,85.4,80.37
Iowa,Worth,2022,7330.0,5.0,20.0,68.21,272.85
Iowa,Wright,2022,12750.0,5.0,22.0,39.22,172.55
Kansas,Butler,2022,68236.0,35.0,218.0,51.29,319.48
Kansas,Doniphan,2022,7487.0,3.0,17.0,40.07,227.06
Kansas,Geary,2022,35547.0,12.0,41.0,33.76,115.34
Kansas,Harvey,2022,33713.0,12.0,63.0,35.59,186.87
Kansas,Jackson,2022,13292.0,18.0,68.0,135.42,511.59
Kansas,Jefferson,2022,18350.0,41.0,154.0,223.43,839.24
Kansas,Johnson,2022,619693.0,42.0,233.0,6.78,37.6
Kansas,Leavenworth,2022,82822.0,46.0,138.0,55.54,166.62
Kansas,Miami,2022,34758.0,26.0,102.0,74.8,293.46
Kansas,Osage,2022,15697.0,9.0,36.0,57.34,229.34
Kansas,Pottawatomie,2022,26334.0,20.0,129.0,75.95,489.86
Kansas,Riley County Police Department,2022,71587.0,179.0,883.0,250.05,1233.46
Kansas,Sedgwick,2022,525420.0,63.0,225.0,11.99,42.82
Kansas,Shawnee,2022,177522.0,88.0,593.0,49.57,334.04
Kansas,Sumner,2022,22396.0,44.0,139.0,196.46,620.65
Kansas,Wabaunsee,2022,7005.0,21.0,103.0,299.79,1470.38
Kansas,Wyandotte,2022,166084.0,65.0,43.0,39.14,25.89
Kansas,Allen,2022,12469.0,11.0,51.0,88.22,409.01
Kansas,Anderson,2022,7788.0,10.0,14.0,128.4,179.76
Kansas,Barber,2022,4125.0,0.0,25.0,0.0,606.06
Kansas,Barton,2022,25052.0,14.0,53.0,55.88,211.56
Kansas,Bourbon,2022,14457.0,24.0,39.0,166.01,269.77
Kansas,Brown,2022,9375.0,2.0,16.0,21.33,170.67
Kansas,Chautauqua,2022,3395.0,1.0,11.0,29.46,324.01
Kansas,Cherokee,2022,19048.0,46.0,148.0,241.5,776.98
Kansas,Cheyenne,2022,2614.0,7.0,19.0,267.79,726.86
Kansas,Clark,2022,1949.0,2.0,26.0,102.62,1334.02
Kansas,Clay,2022,8045.0,13.0,7.0,161.59,87.01
Kansas,Cowley,2022,34447.0,13.0,99.0,37.74,287.4
Kansas,Crawford,2022,39194.0,19.0,123.0,48.48,313.82
Kansas,Decatur,2022,2697.0,1.0,7.0,37.08,259.55
Kansas,Dickinson,2022,18361.0,12.0,64.0,65.36,348.56
Kansas,Edwards,2022,2749.0,20.0,10.0,727.54,363.77
Kansas,Ellsworth,2022,6392.0,2.0,29.0,31.29,453.69
Kansas,Finney,2022,37649.0,39.0,140.0,103.59,371.86
Kansas,Ford,2022,33893.0,11.0,139.0,32.46,410.11
Kansas,Franklin,2022,25984.0,41.0,73.0,157.79,280.94
Kansas,Gove,2022,2739.0,1.0,6.0,36.51,219.06
Kansas,Grant,2022,7230.0,2.0,9.0,27.66,124.48
Kansas,Greenwood,2022,5899.0,14.0,65.0,237.33,1101.88
Kansas,Harper,2022,5378.0,1.0,23.0,18.59,427.67
Kansas,Haskell,2022,3566.0,12.0,14.0,336.51,392.6
Kansas,Kingman,2022,7191.0,7.0,29.0,97.34,403.28
Kansas,Kiowa,2022,2405.0,0.0,8.0,0.0,332.64
Kansas,Labette,2022,19759.0,11.0,87.0,55.67,440.31
Kansas,Lane,2022,1548.0,5.0,10.0,323.0,645.99
Kansas,Marion,2022,11799.0,11.0,37.0,93.23,313.59
Kansas,Marshall,2022,10003.0,7.0,20.0,69.98,199.94
Kansas,Mitchell,2022,5769.0,10.0,8.0,173.34,138.67
Kansas,Montgomery,2022,30909.0,28.0,117.0,90.59,378.53
Kansas,Morris,2022,5369.0,8.0,26.0,149.0,484.26
Kansas,Nemaha,2022,10160.0,1.0,17.0,9.84,167.32
Kansas,Neosho,2022,15595.0,12.0,326.0,76.95,2090.41
Kansas,Norton,2022,5320.0,2.0,7.0,37.59,131.58
Kansas,Phillips,2022,4803.0,12.0,4.0,249.84,83.28
Kansas,Pratt,2022,9078.0,6.0,19.0,66.09,209.3
Kansas,Reno,2022,61495.0,39.0,151.0,63.42,245.55
Kansas,Republic,2022,4640.0,6.0,16.0,129.31,344.83
Kansas,Rice,2022,9377.0,9.0,27.0,95.98,287.94
Kansas,Rooks,2022,4793.0,6.0,39.0,125.18,813.69
Kansas,Rush,2022,2941.0,8.0,40.0,272.02,1360.08
Kansas,Russell,2022,6733.0,5.0,48.0,74.26,712.91
Kansas,Saline,2022,53463.0,30.0,105.0,56.11,196.4
Kansas,Seward,2022,21351.0,4.0,6.0,18.73,28.1
Kansas,Smith,2022,3557.0,4.0,14.0,112.45,393.59
Kansas,Thomas,2022,7870.0,9.0,10.0,114.36,127.06
Kansas,Washington,2022,5510.0,11.0,17.0,199.64,308.53
Kansas,Woodson,2022,3118.0,4.0,14.0,128.29,449.01
Kentucky,Allen,2022,21249.0,2.0,55.0,9.41,258.84
Kentucky,Boone,2022,139429.0,74.0,692.0,53.07,496.31
Kentucky,Bourbon,2022,20153.0,4.0,64.0,19.85,317.57
Kentucky,Boyd,2022,48062.0,29.0,151.0,60.34,314.18
Kentucky,Bracken,2022,8425.0,4.0,14.0,47.48,166.17
Kentucky,Bullitt,2022,83946.0,23.0,240.0,27.4,285.9
Kentucky,Butler,2022,12383.0,5.0,21.0,40.38,169.59
Kentucky,Campbell,2022,93323.0,0.0,0.0,0.0,0.0
Kentucky,Campbell County Police Department,2022,93323.0,10.0,75.0,10.72,80.37
Kentucky,Carter,2022,26307.0,4.0,45.0,15.21,171.06
Kentucky,Christian,2022,72242.0,22.0,176.0,30.45,243.63
Kentucky,Clark,2022,37012.0,8.0,177.0,21.61,478.22
Kentucky,Daviess,2022,103358.0,12.0,273.0,11.61,264.13
Kentucky,Edmonson,2022,12297.0,0.0,31.0,0.0,252.09
Kentucky,Fayette,2022,321332.0,0.0,0.0,0.0,0.0
Kentucky,Gallatin,2022,8777.0,1.0,18.0,11.39,205.08
Kentucky,Grant,2022,25473.0,12.0,94.0,47.11,369.02
Kentucky,Greenup,2022,35372.0,2.0,16.0,5.65,45.23
Kentucky,Hancock,2022,9042.0,3.0,15.0,33.18,165.89
Kentucky,Hardin,2022,111764.0,13.0,153.0,11.63,136.9
Kentucky,Henderson,2022,44050.0,18.0,128.0,40.86,290.58
Kentucky,Henry,2022,15726.0,3.0,32.0,19.08,203.48
Kentucky,Jefferson,2022,778999.0,0.0,9.0,0.0,1.16
Kentucky,Jessamine,2022,54336.0,11.0,159.0,20.24,292.62
Kentucky,Kenton,2022,170432.0,5.0,4.0,2.93,2.35
Kentucky,Kenton County Police Department,2022,170432.0,12.0,67.0,7.04,39.31
Kentucky,Larue,2022,15163.0,1.0,19.0,6.6,125.31
Kentucky,McLean,2022,9108.0,5.0,23.0,54.9,252.53
Kentucky,Meade,2022,30048.0,19.0,88.0,63.23,292.86
Kentucky,Oldham,2022,69549.0,0.0,3.0,0.0,4.31
Kentucky,Oldham County Police Department,2022,69549.0,27.0,364.0,38.82,523.37
Kentucky,Pendleton,2022,14673.0,6.0,43.0,40.89,293.06
Kentucky,Scott,2022,59478.0,15.0,123.0,25.22,206.8
Kentucky,Shelby,2022,48929.0,18.0,148.0,36.79,302.48
Kentucky,Spencer,2022,20191.0,3.0,47.0,14.86,232.78
Kentucky,Trigg,2022,14331.0,6.0,45.0,41.87,314.0
Kentucky,Warren,2022,140434.0,52.0,462.0,37.03,328.98
Kentucky,Woodford,2022,27162.0,0.0,13.0,0.0,47.86
Kentucky,Adair,2022,19082.0,6.0,16.0,31.44,83.85
Kentucky,Anderson,2022,24298.0,3.0,16.0,12.35,65.85
Kentucky,Ballard,2022,7629.0,6.0,44.0,78.65,576.75
Kentucky,Barren,2022,44854.0,10.0,124.0,22.29,276.45
Kentucky,Bath,2022,12818.0,2.0,55.0,15.6,429.08
Kentucky,Bell,2022,23527.0,16.0,88.0,68.01,374.04
Kentucky,Boyle,2022,30845.0,3.0,12.0,9.73,38.9
Kentucky,Breathitt,2022,13338.0,1.0,9.0,7.5,67.48
Kentucky,Breckinridge,2022,20932.0,6.0,48.0,28.66,229.31
Kentucky,Caldwell,2022,12618.0,0.0,19.0,0.0,150.58
Kentucky,Calloway,2022,38119.0,13.0,138.0,34.1,362.02
Kentucky,Carlisle,2022,4723.0,0.0,13.0,0.0,275.25
Kentucky,Carroll,2022,10937.0,6.0,47.0,54.86,429.73
Kentucky,Casey,2022,15900.0,1.0,16.0,6.29,100.63
Kentucky,Clay,2022,19882.0,5.0,86.0,25.15,432.55
Kentucky,Clinton,2022,9140.0,0.0,10.0,0.0,109.41
Kentucky,Crittenden,2022,8973.0,1.0,14.0,11.14,156.02
Kentucky,Cumberland,2022,5945.0,2.0,5.0,33.64,84.1
Kentucky,Elliott,2022,7299.0,4.0,16.0,54.8,219.21
Kentucky,Estill,2022,13985.0,1.0,19.0,7.15,135.86
Kentucky,Fleming,2022,15240.0,2.0,18.0,13.12,118.11
Kentucky,Floyd,2022,35518.0,3.0,33.0,8.45,92.91
Kentucky,Franklin,2022,51807.0,17.0,119.0,32.81,229.7
Kentucky,Fulton,2022,6389.0,0.0,13.0,0.0,203.47
Kentucky,Garrard,2022,17577.0,11.0,63.0,62.58,358.42
Kentucky,Graves,2022,36546.0,14.0,147.0,38.31,402.23
Kentucky,Grayson,2022,26632.0,8.0,46.0,30.04,172.72
Kentucky,Green,2022,11363.0,1.0,10.0,8.8,88.0
Kentucky,Harlan,2022,25603.0,4.0,28.0,15.62,109.36
Kentucky,Harrison,2022,19072.0,0.0,36.0,0.0,188.76
Kentucky,Hart,2022,19585.0,5.0,30.0,25.53,153.18
Kentucky,Hickman,2022,4413.0,0.0,13.0,0.0,294.58
Kentucky,Hopkins,2022,44882.0,21.0,132.0,46.79,294.1
Kentucky,Jackson,2022,12990.0,2.0,43.0,15.4,331.02
Kentucky,Johnson,2022,22222.0,7.0,27.0,31.5,121.5
Kentucky,Knott,2022,13844.0,0.0,26.0,0.0,187.81
Kentucky,Knox,2022,29721.0,23.0,66.0,77.39,222.07
Kentucky,Laurel,2022,62905.0,24.0,326.0,38.15,518.24
Kentucky,Lawrence,2022,16052.0,9.0,43.0,56.07,267.88
Kentucky,Lee,2022,7258.0,1.0,18.0,13.78,248.0
Kentucky,Leslie,2022,10045.0,1.0,11.0,9.96,109.51
Kentucky,Letcher,2022,20796.0,2.0,15.0,9.62,72.13
Kentucky,Lewis,2022,12917.0,0.0,18.0,0.0,139.35
Kentucky,Lincoln,2022,24392.0,4.0,47.0,16.4,192.69
Kentucky,Livingston,2022,8958.0,5.0,64.0,55.82,714.45
Kentucky,Logan,2022,27866.0,11.0,53.0,39.47,190.2
Kentucky,Lyon,2022,9100.0,3.0,22.0,32.97,241.76
Kentucky,Madison,2022,95227.0,19.0,191.0,19.95,200.57
Kentucky,Magoffin,2022,11321.0,1.0,5.0,8.83,44.17
Kentucky,Marion,2022,19720.0,3.0,43.0,15.21,218.05
Kentucky,Marshall,2022,31765.0,24.0,149.0,75.55,469.07
Kentucky,Martin,2022,11101.0,3.0,10.0,27.02,90.08
Kentucky,Mason,2022,16871.0,15.0,68.0,88.91,403.06
Kentucky,McCracken,2022,67370.0,31.0,201.0,46.01,298.35
Kentucky,McCreary,2022,16803.0,0.0,18.0,0.0,107.12
Kentucky,Menifee,2022,6216.0,5.0,11.0,80.44,176.96
Kentucky,Mercer,2022,22935.0,2.0,22.0,8.72,95.92
Kentucky,Metcalfe,2022,10397.0,0.0,28.0,0.0,269.31
Kentucky,Monroe,2022,11315.0,2.0,10.0,17.68,88.38
Kentucky,Montgomery,2022,28351.0,12.0,229.0,42.33,807.73
Kentucky,Morgan,2022,14166.0,3.0,34.0,21.18,240.01
Kentucky,Muhlenberg,2022,30693.0,6.0,60.0,19.55,195.48
Kentucky,Nicholas,2022,7767.0,5.0,8.0,64.37,103.0
Kentucky,Ohio,2022,23556.0,22.0,107.0,93.39,454.24
Kentucky,Owen,2022,11294.0,3.0,44.0,26.56,389.59
Kentucky,Owsley,2022,3941.0,0.0,0.0,0.0,0.0
Kentucky,Perry,2022,27366.0,3.0,24.0,10.96,87.7
Kentucky,Pike,2022,56378.0,0.0,29.0,0.0,51.44
Kentucky,Powell,2022,13061.0,1.0,6.0,7.66,45.94
Kentucky,Pulaski,2022,65787.0,23.0,178.0,34.96,270.57
Kentucky,Robertson,2022,2250.0,0.0,0.0,0.0,0.0
Kentucky,Rockcastle,2022,16204.0,2.0,25.0,12.34,154.28
Kentucky,Rowan,2022,24414.0,5.0,46.0,20.48,188.42
Kentucky,Russell,2022,18167.0,6.0,36.0,33.03,198.16
Kentucky,Simpson,2022,19930.0,7.0,40.0,35.12,200.7
Kentucky,Taylor,2022,26445.0,8.0,107.0,30.25,404.61
Kentucky,Todd,2022,12426.0,5.0,37.0,40.24,297.76
Kentucky,Trimble,2022,8521.0,3.0,10.0,35.21,117.36
Kentucky,Union,2022,13126.0,6.0,67.0,45.71,510.44
Kentucky,Washington,2022,12067.0,2.0,5.0,16.57,41.44
Kentucky,Wayne,2022,19669.0,9.0,44.0,45.76,223.7
Kentucky,Webster,2022,12728.0,1.0,35.0,7.86,274.98
Kentucky,Whitley,2022,36953.0,9.0,66.0,24.36,178.61
Kentucky,Wolfe,2022,6415.0,0.0,18.0,0.0,280.59
Louisiana,Acadia,2022,56961.0,123.0,484.0,215.94,849.7
Louisiana,Ascension,2022,130638.0,385.0,1901.0,294.71,1455.17
Louisiana,Bossier,2022,129355.0,158.0,425.0,122.14,328.55
Louisiana,Caddo,2022,229272.0,35.0,546.0,15.27,238.15
Louisiana,Calcasieu,2022,202821.0,804.0,4005.0,396.41,1974.65
Louisiana,De Soto,2022,26869.0,34.0,210.0,126.54,781.57
Louisiana,East Baton Rouge,2022,451837.0,657.0,5637.0,145.41,1247.57
Louisiana,East Feliciana,2022,19169.0,29.0,125.0,151.29,652.09
Louisiana,Grant,2022,22047.0,57.0,231.0,258.54,1047.76
Louisiana,Iberville,2022,29708.0,64.0,232.0,215.43,780.93
Louisiana,Jefferson,2022,430086.0,1357.0,8737.0,315.52,2031.45
Louisiana,Lafayette,2022,248406.0,267.0,991.0,107.49,398.94
Louisiana,Lafourche,2022,95738.0,250.0,1455.0,261.13,1519.77
Louisiana,Livingston,2022,148332.0,511.0,2339.0,344.5,1576.87
Louisiana,Morehouse,2022,24466.0,98.0,307.0,400.56,1254.8
Louisiana,Ouachita,2022,157979.0,745.0,2519.0,471.58,1594.52
Louisiana,Plaquemines,2022,22659.0,75.0,109.0,330.99,481.05
Louisiana,Rapides,2022,127018.0,405.0,1475.0,318.85,1161.25
Louisiana,St. Bernard,2022,44688.0,204.0,862.0,456.5,1928.93
Louisiana,St. Charles,2022,51089.0,163.0,669.0,319.05,1309.48
Louisiana,St. Helena,2022,10789.0,96.0,151.0,889.8,1399.57
Louisiana,St. James,2022,19395.0,72.0,240.0,371.23,1237.43
Louisiana,St. John the Baptist,2022,40028.0,123.0,747.0,307.28,1866.19
Louisiana,St. Martin,2022,51307.0,175.0,597.0,341.08,1163.58
Louisiana,St. Tammany,2022,273650.0,250.0,1302.0,91.36,475.79
Louisiana,Tangipahoa,2022,136814.0,586.0,1609.0,428.32,1176.05
Louisiana,Terrebonne,2022,104798.0,307.0,2038.0,292.94,1944.69
Louisiana,Vermilion,2022,56975.0,86.0,349.0,150.94,612.55
Louisiana,West Baton Rouge,2022,28103.0,74.0,447.0,263.32,1590.58
Louisiana,Allen,2022,22425.0,24.0,95.0,107.02,423.63
Louisiana,Beauregard,2022,36600.0,85.0,234.0,232.24,639.34
Louisiana,Bienville,2022,12623.0,42.0,136.0,332.73,1077.4
Louisiana,Caldwell,2022,9506.0,80.0,92.0,841.57,967.81
Louisiana,Catahoula,2022,8645.0,35.0,70.0,404.86,809.72
Louisiana,Claiborne,2022,13820.0,22.0,34.0,159.19,246.02
Louisiana,Concordia,2022,18189.0,83.0,123.0,456.32,676.23
Louisiana,East Carroll,2022,6972.0,45.0,28.0,645.44,401.61
Louisiana,Evangeline,2022,32291.0,78.0,340.0,241.55,1052.92
Louisiana,Franklin,2022,19340.0,94.0,291.0,486.04,1504.65
Louisiana,Jefferson Davis,2022,32012.0,45.0,202.0,140.57,631.01
Louisiana,La Salle,2022,,15.0,21.0,,
Louisiana,Lincoln,2022,48050.0,55.0,169.0,114.46,351.72
Louisiana,St. Landry,2022,81661.0,143.0,611.0,175.11,748.22
Louisiana,St. Mary,2022,47900.0,90.0,393.0,187.89,820.46
Louisiana,Tensas,2022,3848.0,19.0,23.0,493.76,597.71
Louisiana,Washington,2022,45020.0,172.0,332.0,382.05,737.45
Louisiana,Webster,2022,35636.0,54.0,192.0,151.53,538.78
Louisiana,West Carroll,2022,9485.0,5.0,43.0,52.71,453.35
Louisiana,Winn,2022,13626.0,23.0,37.0,168.79,271.54
Maine,Androscoggin,2022,113437.0,23.0,144.0,20.28,126.94
Maine,Cumberland,2022,309532.0,31.0,303.0,10.02,97.89
Maine,Penobscot,2022,154948.0,13.0,332.0,8.39,214.27
Maine,Sagadahoc,2022,37423.0,8.0,42.0,21.38,112.23
Maine,York,2022,217376.0,29.0,194.0,13.34,89.25
Maine,Aroostook,2022,67295.0,16.0,104.0,23.78,154.54
Maine,Franklin,2022,30574.0,4.0,81.0,13.08,264.93
Maine,Hancock,2022,56636.0,14.0,110.0,24.72,194.22
Maine,Kennebec,2022,127182.0,33.0,254.0,25.95,199.71
Maine,Knox,2022,41291.0,10.0,137.0,24.22,331.79
Maine,Lincoln,2022,36248.0,25.0,81.0,68.97,223.46
Maine,Oxford,2022,59534.0,12.0,197.0,20.16,330.9
Maine,Piscataquis,2022,17379.0,3.0,75.0,17.26,431.56
Maine,Somerset,2022,51052.0,21.0,313.0,41.13,613.1
Maine,Waldo,2022,40196.0,3.0,52.0,7.46,129.37
Maine,Washington,2022,31482.0,20.0,79.0,63.53,250.94
Maine,Allegany,2022,,22.0,76.0,,
Maine,Baltimore County,2022,,0.0,0.0,,
Maine,Baltimore County Police Department,2022,,3008.0,16471.0,,
Maine,Calvert,2022,,102.0,477.0,,
Maine,Cecil,2022,,80.0,416.0,,
Maine,Charles,2022,,486.0,1705.0,,
Maine,Frederick,2022,,241.0,1162.0,,
Maine,Howard County Police Department,2022,,460.0,4114.0,,
Maine,Montgomery County Police Department,2022,,1494.0,13056.0,,
Maine,Prince George's County Police Department,2022,,2611.0,13684.0,,
Maine,Somerset,2022,51052.0,7.0,35.0,13.71,68.56
Maine,St. Mary's,2022,,277.0,1127.0,,
Maine,Washington,2022,31482.0,205.0,846.0,651.17,2687.25
Maine,Dorchester,2022,,16.0,99.0,,
Maine,Garrett,2022,,8.0,137.0,,
Maine,Kent,2022,,15.0,55.0,,
Maine,Talbot,2022,,25.0,79.0,,
Michigan,Bay,2022,102736.0,62.0,401.0,60.35,390.32
Michigan,Berrien,2022,152991.0,125.0,686.0,81.7,448.39
Michigan,Calhoun,2022,133439.0,132.0,670.0,98.92,502.1
Michigan,Cass,2022,51422.0,63.0,431.0,122.52,838.16
Michigan,Clinton,2022,79692.0,20.0,134.0,25.1,168.15
Michigan,Eaton,2022,108864.0,132.0,756.0,121.25,694.44
Michigan,Genesee,2022,401952.0,113.0,426.0,28.11,105.98
Michigan,Ingham,2022,284388.0,140.0,531.0,49.23,186.72
Michigan,Jackson,2022,159780.0,166.0,494.0,103.89,309.18
Michigan,Kalamazoo,2022,261121.0,313.0,2205.0,119.87,844.44
Michigan,Kent,2022,659818.0,521.0,3021.0,78.96,457.85
Michigan,Lapeer,2022,88705.0,65.0,174.0,73.28,196.16
Michigan,Livingston,2022,196097.0,64.0,371.0,32.64,189.19
Michigan,Macomb,2022,875065.0,197.0,902.0,22.51,103.08
Michigan,Midland,2022,83721.0,40.0,218.0,47.78,260.39
Michigan,Montcalm,2022,67287.0,85.0,265.0,126.32,393.84
Michigan,Oakland,2022,1272787.0,16.0,23.0,1.26,1.81
Michigan,Ottawa,2022,300837.0,598.0,1953.0,198.78,649.19
Michigan,Saginaw,2022,188392.0,116.0,354.0,61.57,187.91
Michigan,St. Clair,2022,159886.0,164.0,538.0,102.57,336.49
Michigan,Washtenaw,2022,367307.0,693.0,1248.0,188.67,339.77
Michigan,Wayne,2022,1761595.0,10.0,0.0,0.57,0.0
Michigan,Alcona,2022,10382.0,13.0,67.0,125.22,645.35
Michigan,Alger,2022,8782.0,1.0,19.0,11.39,216.35
Michigan,Allegan,2022,121299.0,103.0,571.0,84.91,470.74
Michigan,Alpena,2022,28827.0,5.0,24.0,17.34,83.26
Michigan,Antrim,2022,24285.0,41.0,105.0,168.83,432.37
Michigan,Arenac,2022,15100.0,31.0,92.0,205.3,609.27
Michigan,Baraga,2022,8184.0,3.0,16.0,36.66,195.5
Michigan,Benzie,2022,18340.0,13.0,91.0,70.88,496.18
Michigan,Branch,2022,44613.0,23.0,174.0,51.55,390.02
Michigan,Charlevoix,2022,26121.0,23.0,58.0,88.05,222.04
Michigan,Cheboygan,2022,25927.0,26.0,31.0,100.28,119.57
Michigan,Chippewa,2022,36204.0,12.0,16.0,33.15,44.19
Michigan,Clare,2022,31307.0,41.0,95.0,130.96,303.45
Michigan,Crawford,2022,13439.0,29.0,57.0,215.79,424.14
Michigan,Delta,2022,36814.0,4.0,39.0,10.87,105.94
Michigan,Emmet,2022,34195.0,60.0,79.0,175.46,231.03
Michigan,Gladwin,2022,25653.0,37.0,130.0,144.23,506.76
Michigan,Gogebic,2022,14404.0,9.0,8.0,62.48,55.54
Michigan,Grand Traverse,2022,96330.0,180.0,419.0,186.86,434.96
Michigan,Gratiot,2022,41130.0,34.0,293.0,82.66,712.38
Michigan,Hillsdale,2022,45732.0,67.0,204.0,146.51,446.08
Michigan,Houghton,2022,37728.0,18.0,55.0,47.71,145.78
Michigan,Huron,2022,31153.0,17.0,85.0,54.57,272.85
Michigan,Iosco,2022,25451.0,0.0,0.0,0.0,0.0
Michigan,Isabella,2022,64486.0,74.0,411.0,114.75,637.35
Michigan,Kalkaska,2022,18214.0,69.0,128.0,378.83,702.76
Michigan,Keweenaw,2022,2150.0,1.0,10.0,46.51,465.12
Michigan,Leelanau,2022,22893.0,22.0,62.0,96.1,270.83
Michigan,Lenawee,2022,98296.0,52.0,216.0,52.9,219.74
Michigan,Luce,2022,6257.0,16.0,48.0,255.71,767.14
Michigan,Mackinac,2022,10981.0,6.0,58.0,54.64,528.19
Michigan,Manistee,2022,25331.0,23.0,123.0,90.8,485.57
Michigan,Marquette,2022,67062.0,8.0,102.0,11.93,152.1
Michigan,Mason,2022,29341.0,32.0,101.0,109.06,344.23
Michigan,Missaukee,2022,15223.0,26.0,93.0,170.79,610.92
Michigan,Montmorency,2022,9562.0,17.0,27.0,177.79,282.37
Michigan,Oceana,2022,26933.0,48.0,209.0,178.22,776.0
Michigan,Ogemaw,2022,20884.0,29.0,142.0,138.86,679.95
Michigan,Ontonagon,2022,5889.0,1.0,10.0,16.98,169.81
Michigan,Oscoda,2022,8389.0,16.0,48.0,190.73,572.18
Michigan,Otsego,2022,25582.0,5.0,8.0,19.54,31.27
Michigan,Presque Isle,2022,13351.0,10.0,13.0,74.9,97.37
Michigan,Roscommon,2022,23730.0,37.0,99.0,155.92,417.19
Michigan,Sanilac,2022,40506.0,34.0,113.0,83.94,278.97
Michigan,Schoolcraft,2022,8166.0,1.0,2.0,12.25,24.49
Michigan,St. Joseph,2022,60777.0,88.0,245.0,144.79,403.11
Michigan,Tuscola,2022,52933.0,49.0,185.0,92.57,349.5
Minnesota,Anoka,2022,369468.0,48.0,599.0,12.99,162.13
Minnesota,Benton,2022,41533.0,11.0,107.0,26.48,257.63
Minnesota,Blue Earth,2022,70108.0,19.0,102.0,27.1,145.49
Minnesota,Carlton,2022,36738.0,26.0,135.0,70.77,367.47
Minnesota,Carver,2022,110174.0,44.0,445.0,39.94,403.91
Minnesota,Chisago,2022,57998.0,29.0,195.0,50.0,336.22
Minnesota,Clay,2022,66133.0,4.0,30.0,6.05,45.36
Minnesota,Dakota,2022,444023.0,27.0,28.0,6.08,6.31
Minnesota,Dodge,2022,21044.0,5.0,42.0,23.76,199.58
Minnesota,Fillmore,2022,21467.0,8.0,53.0,37.27,246.89
Minnesota,Hennepin,2022,1262045.0,30.0,18.0,2.38,1.43
Minnesota,Houston,2022,18740.0,5.0,28.0,26.68,149.41
Minnesota,Isanti,2022,42709.0,18.0,187.0,42.15,437.85
Minnesota,Lake,2022,10933.0,7.0,23.0,64.03,210.37
Minnesota,Le Sueur,2022,29175.0,10.0,77.0,34.28,263.92
Minnesota,Mille Lacs,2022,27287.0,33.0,197.0,120.94,721.96
Minnesota,Nicollet,2022,34500.0,1.0,43.0,2.9,124.64
Minnesota,Olmsted,2022,163908.0,30.0,240.0,18.3,146.42
Minnesota,Polk,2022,30815.0,23.0,83.0,74.64,269.35
Minnesota,Ramsey,2022,538375.0,193.0,1440.0,35.85,267.47
Minnesota,Scott,2022,154819.0,10.0,90.0,6.46,58.13
Minnesota,Sherburne,2022,100972.0,31.0,218.0,30.7,215.9
Minnesota,Stearns,2022,160119.0,33.0,169.0,20.61,105.55
Minnesota,St. Louis,2022,200567.0,92.0,502.0,45.87,250.29
Minnesota,Wabasha,2022,21650.0,4.0,26.0,18.48,120.09
Minnesota,Washington,2022,276249.0,84.0,562.0,30.41,203.44
Minnesota,Wright,2022,148220.0,77.0,527.0,51.95,355.55
Minnesota,Aitkin,2022,16148.0,22.0,201.0,136.24,1244.74
Minnesota,Becker,2022,35355.0,47.0,108.0,132.94,305.47
Minnesota,Beltrami,2022,46687.0,52.0,203.0,111.38,434.81
Minnesota,Big Stone,2022,5144.0,8.0,32.0,155.52,622.08
Minnesota,Brown,2022,25703.0,1.0,17.0,3.89,66.14
Minnesota,Cass,2022,31246.0,48.0,111.0,153.62,355.25
Minnesota,Chippewa,2022,12358.0,0.0,1.0,0.0,8.09
Minnesota,Clearwater,2022,8638.0,9.0,7.0,104.19,81.04
Minnesota,Cook,2022,5718.0,15.0,61.0,262.33,1066.81
Minnesota,Cottonwood,2022,11409.0,2.0,15.0,17.53,131.48
Minnesota,Crow Wing,2022,67877.0,27.0,152.0,39.78,223.93
Minnesota,Douglas,2022,39662.0,6.0,32.0,15.13,80.68
Minnesota,Faribault,2022,13959.0,3.0,20.0,21.49,143.28
Minnesota,Freeborn,2022,30696.0,10.0,82.0,32.58,267.14
Minnesota,Goodhue,2022,48103.0,13.0,178.0,27.03,370.04
Minnesota,Grant,2022,6147.0,3.0,1.0,48.8,16.27
Minnesota,Hubbard,2022,21919.0,28.0,111.0,127.74,506.41
Minnesota,Itasca,2022,45296.0,50.0,111.0,110.39,245.05
Minnesota,Jackson,2022,9900.0,5.0,20.0,50.51,202.02
Minnesota,Kanabec,2022,16465.0,17.0,84.0,103.25,510.17
Minnesota,Kandiyohi,2022,44016.0,36.0,149.0,81.79,338.51
Minnesota,Kittson,2022,4054.0,2.0,9.0,49.33,222.0
Minnesota,Koochiching,2022,11847.0,18.0,28.0,151.94,236.35
Minnesota,Lac qui Parle,2022,6676.0,1.0,4.0,14.98,59.92
Minnesota,Lincoln,2022,5606.0,1.0,4.0,17.84,71.35
Minnesota,Lyon,2022,25521.0,8.0,31.0,31.35,121.47
Minnesota,Mahnomen,2022,5320.0,26.0,56.0,488.72,1052.63
Minnesota,Marshall,2022,8873.0,18.0,13.0,202.86,146.51
Minnesota,Martin,2022,19696.0,2.0,5.0,10.15,25.39
Minnesota,McLeod,2022,36776.0,19.0,41.0,51.66,111.49
Minnesota,Meeker,2022,23545.0,18.0,114.0,76.45,484.18
Minnesota,Morrison,2022,34278.0,22.0,219.0,64.18,638.89
Minnesota,Mower,2022,40094.0,17.0,99.0,42.4,246.92
Minnesota,Murray,2022,8061.0,3.0,9.0,37.22,111.65
Minnesota,Nobles,2022,22106.0,15.0,18.0,67.85,81.43
Minnesota,Norman,2022,6356.0,2.0,13.0,31.47,204.53
Minnesota,Otter Tail,2022,60594.0,16.0,77.0,26.41,127.08
Minnesota,Pennington,2022,13826.0,5.0,47.0,36.16,339.94
Minnesota,Pine,2022,29793.0,78.0,352.0,261.81,1181.49
Minnesota,Pipestone,2022,9334.0,4.0,20.0,42.85,214.27
Minnesota,Pope,2022,11421.0,4.0,25.0,35.02,218.9
Minnesota,Red Lake,2022,3883.0,4.0,4.0,103.01,103.01
Minnesota,Redwood,2022,15365.0,9.0,39.0,58.57,253.82
Minnesota,Renville,2022,14537.0,12.0,92.0,82.55,632.87
Minnesota,Rice,2022,67991.0,17.0,111.0,25.0,163.26
Minnesota,Rock,2022,9603.0,4.0,42.0,41.65,437.36
Minnesota,Roseau,2022,15347.0,15.0,35.0,97.74,228.06
Minnesota,Sibley,2022,14986.0,5.0,13.0,33.36,86.75
Minnesota,Steele,2022,37471.0,16.0,64.0,42.7,170.8
Minnesota,Stevens,2022,9777.0,6.0,42.0,61.37,429.58
Minnesota,Swift,2022,9760.0,1.0,2.0,10.25,20.49
Minnesota,Todd,2022,25571.0,29.0,111.0,113.41,434.09
Minnesota,Traverse,2022,3260.0,4.0,8.0,122.7,245.4
Minnesota,Wadena,2022,14270.0,0.0,2.0,0.0,14.02
Minnesota,Waseca,2022,18967.0,10.0,47.0,52.72,247.8
Minnesota,Watonwan,2022,11243.0,7.0,27.0,62.26,240.15
Minnesota,Wilkin,2022,6361.0,2.0,10.0,31.44,157.21
Minnesota,Winona,2022,49798.0,9.0,72.0,18.07,144.58
Minnesota,Yellow Medicine,2022,9485.0,4.0,26.0,42.17,274.12
Mississippi,Covington,2022,18130.0,10.0,135.0,55.16,744.62
Mississippi,DeSoto,2022,191551.0,43.0,215.0,22.45,112.24
Mississippi,Forrest,2022,78240.0,58.0,308.0,74.13,393.66
Mississippi,Hancock,2022,46040.0,32.0,492.0,69.5,1068.64
Mississippi,Harrison,2022,210909.0,66.0,849.0,31.29,402.54
Mississippi,Lamar,2022,65812.0,60.0,500.0,91.17,759.74
Mississippi,Madison,2022,111692.0,84.0,175.0,75.21,156.68
Mississippi,Stone,2022,18836.0,28.0,184.0,148.65,976.85
Mississippi,Tate,2022,28366.0,28.0,125.0,98.71,440.67
Mississippi,Tunica,2022,9464.0,65.0,454.0,686.81,4797.13
Mississippi,Alcorn,2022,34095.0,11.0,245.0,32.26,718.58
Mississippi,Amite,2022,12564.0,17.0,31.0,135.31,246.74
Mississippi,Attala,2022,17535.0,18.0,72.0,102.65,410.61
Mississippi,Bolivar,2022,29429.0,60.0,245.0,203.88,832.51
Mississippi,Calhoun,2022,12915.0,21.0,26.0,162.6,201.32
Mississippi,Chickasaw,2022,16867.0,7.0,10.0,41.5,59.29
Mississippi,Choctaw,2022,8083.0,10.0,45.0,123.72,556.72
Mississippi,Claiborne,2022,8576.0,18.0,17.0,209.89,198.23
Mississippi,Clay,2022,18340.0,18.0,44.0,98.15,239.91
Mississippi,Coahoma,2022,20347.0,9.0,16.0,44.23,78.64
Mississippi,George,2022,25208.0,60.0,368.0,238.02,1459.85
Mississippi,Greene,2022,13587.0,13.0,35.0,95.68,257.6
Mississippi,Grenada,2022,21142.0,56.0,211.0,264.88,998.01
Mississippi,Jasper,2022,16036.0,27.0,66.0,168.37,411.57
Mississippi,Kemper,2022,8690.0,15.0,23.0,172.61,264.67
Mississippi,Lafayette,2022,58684.0,19.0,157.0,32.38,267.53
Mississippi,Leake,2022,21260.0,33.0,132.0,155.22,620.88
Mississippi,Lee,2022,82959.0,74.0,503.0,89.2,606.32
Mississippi,Lincoln,2022,34810.0,33.0,219.0,94.8,629.13
Mississippi,Lowndes,2022,57685.0,76.0,373.0,131.75,646.62
Mississippi,Marion,2022,24150.0,67.0,116.0,277.43,480.33
Mississippi,Monroe,2022,33569.0,35.0,118.0,104.26,351.51
Mississippi,Neshoba,2022,28805.0,39.0,112.0,135.39,388.82
Mississippi,Noxubee,2022,10020.0,19.0,34.0,189.62,339.32
Mississippi,Oktibbeha,2022,51567.0,63.0,321.0,122.17,622.49
Mississippi,Pike,2022,39599.0,95.0,298.0,239.91,752.54
Mississippi,Pontotoc,2022,31455.0,61.0,203.0,193.93,645.37
Mississippi,Prentiss,2022,25051.0,23.0,138.0,91.81,550.88
Mississippi,Smith,2022,14095.0,5.0,46.0,35.47,326.36
Mississippi,Sunflower,2022,24310.0,16.0,93.0,65.82,382.56
Mississippi,Tallahatchie,2022,11730.0,36.0,119.0,306.91,1014.49
Mississippi,Tishomingo,2022,18624.0,22.0,94.0,118.13,504.73
Mississippi,Union,2022,28123.0,50.0,146.0,177.79,519.15
Mississippi,Walthall,2022,13806.0,24.0,93.0,173.84,673.62
Mississippi,Wayne,2022,19607.0,25.0,96.0,127.51,489.62
Mississippi,Winston,2022,17528.0,28.0,67.0,159.74,382.25
Missouri,Andrew,2022,18026.0,24.0,93.0,133.14,515.92
Missouri,Bates,2022,16147.0,60.0,117.0,371.59,724.59
Missouri,Bollinger,2022,10508.0,55.0,42.0,523.41,399.7
Missouri,Boone,2022,187514.0,120.0,611.0,64.0,325.84
Missouri,Buchanan,2022,83011.0,19.0,148.0,22.89,178.29
Missouri,Caldwell,2022,8945.0,4.0,19.0,44.72,212.41
Missouri,Callaway,2022,44742.0,69.0,285.0,154.22,636.99
Missouri,Cape Girardeau,2022,82877.0,56.0,156.0,67.57,188.23
Missouri,Clay,2022,257034.0,35.0,126.0,13.62,49.02
Missouri,Clinton,2022,21328.0,12.0,75.0,56.26,351.65
Missouri,Cole,2022,76952.0,49.0,200.0,63.68,259.9
Missouri,Dallas,2022,17602.0,35.0,81.0,198.84,460.17
Missouri,DeKalb,2022,11299.0,15.0,46.0,132.76,407.12
Missouri,Franklin,2022,105854.0,32.0,292.0,30.23,275.85
Missouri,Greene,2022,303279.0,117.0,758.0,38.58,249.93
Missouri,Howard,2022,10160.0,22.0,32.0,216.54,314.96
Missouri,Jackson,2022,717037.0,118.0,387.0,16.46,53.97
Missouri,Jasper,2022,123971.0,62.0,499.0,50.01,402.51
Missouri,Jefferson,2022,229270.0,469.0,1930.0,204.56,841.8
Missouri,Lafayette,2022,32944.0,2.0,68.0,6.07,206.41
Missouri,Lincoln,2022,63156.0,125.0,265.0,197.92,419.6
Missouri,Newton,2022,60079.0,98.0,572.0,163.12,952.08
Missouri,Osage,2022,13389.0,7.0,81.0,52.28,604.97
Missouri,Platte,2022,110567.0,58.0,283.0,52.46,255.95
Missouri,Polk,2022,32665.0,44.0,205.0,134.7,627.58
Missouri,Ray,2022,23108.0,92.0,123.0,398.13,532.28
Missouri,St. Charles,2022,413991.0,0.0,0.0,0.0,0.0
Missouri,St. Charles County Police Department,2022,413991.0,101.0,297.0,24.4,71.74
Missouri,St. Louis County Police Department,2022,991719.0,1808.0,8679.0,182.31,875.15
Missouri,St. Louis County Police Department,2022,286509.0,1808.0,8679.0,631.04,3029.22
Missouri,Warren,2022,37314.0,23.0,141.0,61.64,377.87
Missouri,Webster,2022,40367.0,152.0,115.0,376.55,284.89
Missouri,Audrain,2022,24468.0,32.0,82.0,130.78,335.13
Missouri,Barry,2022,34968.0,29.0,185.0,82.93,529.06
Missouri,Barton,2022,11693.0,21.0,80.0,179.59,684.17
Missouri,Benton,2022,20239.0,26.0,132.0,128.46,652.21
Missouri,Butler,2022,42133.0,71.0,496.0,168.51,1177.22
Missouri,Camden,2022,43799.0,71.0,195.0,162.1,445.22
Missouri,Carter,2022,5264.0,27.0,26.0,512.92,493.92
Missouri,Cedar,2022,14607.0,50.0,73.0,342.3,499.76
Missouri,Chariton,2022,7387.0,25.0,44.0,338.43,595.64
Missouri,Clark,2022,6728.0,2.0,67.0,29.73,995.84
Missouri,Crawford,2022,22609.0,31.0,97.0,137.11,429.03
Missouri,Dade,2022,7682.0,41.0,97.0,533.72,1262.69
Missouri,Daviess,2022,8457.0,27.0,61.0,319.26,721.3
Missouri,Dent,2022,14470.0,20.0,55.0,138.22,380.1
Missouri,Douglas,2022,11966.0,20.0,43.0,167.14,359.35
Missouri,Dunklin,2022,27460.0,3.0,45.0,10.92,163.87
Missouri,Henry,2022,22389.0,105.0,256.0,468.98,1143.42
Missouri,Hickory,2022,8611.0,16.0,46.0,185.81,534.2
Missouri,Holt,2022,4256.0,10.0,23.0,234.96,540.41
Missouri,Howell,2022,40604.0,45.0,185.0,110.83,455.62
Missouri,Iron,2022,9411.0,16.0,16.0,170.01,170.01
Missouri,Johnson,2022,54406.0,31.0,216.0,56.98,397.02
Missouri,Laclede,2022,36320.0,19.0,212.0,52.31,583.7
Missouri,Lawrence,2022,38671.0,31.0,219.0,80.16,566.32
Missouri,Lewis,2022,9891.0,1.0,11.0,10.11,111.21
Missouri,Linn,2022,11840.0,14.0,12.0,118.24,101.35
Missouri,Livingston,2022,14494.0,10.0,32.0,68.99,220.78
Missouri,Macon,2022,15082.0,9.0,65.0,59.67,430.98
Missouri,Madison,2022,12752.0,6.0,19.0,47.05,149.0
Missouri,Maries,2022,8441.0,26.0,139.0,308.02,1646.72
Missouri,Marion,2022,28472.0,0.0,44.0,0.0,154.54
Missouri,McDonald,2022,23600.0,153.0,225.0,648.31,953.39
Missouri,Mercer,2022,3471.0,1.0,7.0,28.81,201.67
Missouri,Miller,2022,25373.0,69.0,153.0,271.94,603.0
Missouri,Mississippi,2022,11696.0,13.0,99.0,111.15,846.44
Missouri,Monroe,2022,8644.0,47.0,46.0,543.73,532.16
Missouri,Montgomery,2022,11471.0,13.0,55.0,113.33,479.47
Missouri,New Madrid,2022,15691.0,38.0,132.0,242.18,841.25
Missouri,Nodaway,2022,20730.0,15.0,53.0,72.36,255.67
Missouri,Oregon,2022,8694.0,12.0,24.0,138.03,276.05
Missouri,Ozark,2022,8974.0,28.0,43.0,312.01,479.16
Missouri,Pemiscot,2022,14864.0,10.0,78.0,67.28,524.76
Missouri,Perry,2022,18885.0,22.0,28.0,116.49,148.27
Missouri,Pettis,2022,43376.0,8.0,27.0,18.44,62.25
Missouri,Phelps,2022,45196.0,35.0,202.0,77.44,446.94
Missouri,Pike,2022,17644.0,20.0,84.0,113.35,476.08
Missouri,Ralls,2022,10416.0,5.0,36.0,48.0,345.62
Missouri,Randolph,2022,24624.0,44.0,28.0,178.69,113.71
Missouri,Reynolds,2022,5991.0,5.0,3.0,83.46,50.08
Missouri,Ripley,2022,10695.0,4.0,72.0,37.4,673.21
Missouri,Saline,2022,23004.0,108.0,105.0,469.48,456.44
Missouri,Schuyler,2022,4011.0,6.0,60.0,149.59,1495.89
Missouri,Shannon,2022,7219.0,17.0,37.0,235.49,512.54
Missouri,Shelby,2022,5998.0,0.0,6.0,0.0,100.03
Missouri,St. Clair,2022,9584.0,8.0,35.0,83.47,365.19
Missouri,Ste. Genevieve,2022,18613.0,63.0,97.0,338.47,521.14
Missouri,St. Francois,2022,66916.0,55.0,351.0,82.19,524.54
Missouri,Stoddard,2022,28370.0,41.0,165.0,144.52,581.6
Missouri,Stone,2022,32144.0,42.0,376.0,130.66,1169.74
Missouri,Taney,2022,56748.0,60.0,194.0,105.73,341.86
Missouri,Texas,2022,25284.0,53.0,95.0,209.62,375.73
Missouri,Vernon,2022,19582.0,29.0,114.0,148.1,582.17
Missouri,Washington,2022,23386.0,45.0,85.0,192.42,363.47
Missouri,Wayne,2022,10805.0,60.0,111.0,555.3,1027.3
Missouri,Wright,2022,19103.0,37.0,51.0,193.69,266.97
Montana,Carbon,2022,11237.0,4.0,6.0,35.6,53.4
Montana,Cascade,2022,84908.0,56.0,200.0,65.95,235.55
Montana,Missoula,2022,120859.0,128.0,369.0,105.91,305.31
Montana,Stillwater,2022,9186.0,27.0,38.0,293.93,413.67
Montana,Yellowstone,2022,169743.0,128.0,622.0,75.41,366.44
Montana,Big Horn,2022,12873.0,35.0,131.0,271.89,1017.63
Montana,Broadwater,2022,7794.0,20.0,31.0,256.61,397.74
Montana,Butte-Silver Bow,2022,35822.0,117.0,1569.0,326.61,4379.99
Montana,Carter,2022,1400.0,0.0,0.0,0.0,0.0
Montana,Chouteau,2022,5913.0,3.0,0.0,50.74,0.0
Montana,Custer,2022,11997.0,12.0,21.0,100.03,175.04
Montana,Dawson,2022,8796.0,10.0,26.0,113.69,295.59
Montana,Deer Lodge,2022,9529.0,24.0,160.0,251.86,1679.08
Montana,Fallon,2022,3047.0,3.0,1.0,98.46,32.82
Montana,Fergus,2022,11662.0,5.0,1.0,42.87,8.57
Montana,Flathead,2022,111687.0,222.0,786.0,198.77,703.75
Montana,Gallatin,2022,124713.0,130.0,386.0,104.24,309.51
Montana,Garfield,2022,1220.0,0.0,1.0,0.0,81.97
Montana,Glacier,2022,13609.0,9.0,24.0,66.13,176.35
Montana,Golden Valley,2022,842.0,0.0,4.0,0.0,475.06
Montana,Granite,2022,3488.0,5.0,37.0,143.35,1060.78
Montana,Hill,2022,16066.0,15.0,138.0,93.36,858.96
Montana,Jefferson,2022,12846.0,19.0,79.0,147.91,614.98
Montana,Judith Basin,2022,2086.0,3.0,0.0,143.82,0.0
Montana,Lake,2022,32801.0,116.0,257.0,353.65,783.51
Montana,Lewis and Clark,2022,73664.0,91.0,267.0,123.53,362.46
Montana,Liberty,2022,1969.0,1.0,6.0,50.79,304.72
Montana,Lincoln,2022,21457.0,16.0,22.0,74.57,102.53
Montana,Madison,2022,9240.0,5.0,19.0,54.11,205.63
Montana,McCone,2022,1714.0,1.0,1.0,58.34,58.34
Montana,Mineral,2022,5044.0,18.0,40.0,356.86,793.02
Montana,Musselshell,2022,5198.0,21.0,34.0,404.0,654.1
Montana,Park,2022,17790.0,15.0,45.0,84.32,252.95
Montana,Petroleum,2022,521.0,0.0,0.0,0.0,0.0
Montana,Phillips,2022,4216.0,31.0,23.0,735.29,545.54
Montana,Pondera,2022,6094.0,0.0,23.0,0.0,377.42
Montana,Powder River,2022,1728.0,1.0,0.0,57.87,0.0
Montana,Powell,2022,7054.0,21.0,13.0,297.7,184.29
Montana,Prairie,2022,1113.0,3.0,1.0,269.54,89.85
Montana,Ravalli,2022,47123.0,21.0,42.0,44.56,89.13
Montana,Richland,2022,11174.0,9.0,15.0,80.54,134.24
Montana,Roosevelt,2022,10504.0,35.0,28.0,333.21,266.57
Montana,Rosebud,2022,8107.0,6.0,4.0,74.01,49.34
Montana,Sanders,2022,13373.0,18.0,27.0,134.6,201.9
Montana,Sheridan,2022,3555.0,21.0,48.0,590.72,1350.21
Montana,Sweet Grass,2022,3728.0,23.0,19.0,616.95,509.66
Montana,Teton,2022,6343.0,11.0,26.0,173.42,409.9
Montana,Toole,2022,5061.0,10.0,66.0,197.59,1304.09
Montana,Treasure,2022,754.0,0.0,0.0,0.0,0.0
Montana,Valley,2022,7558.0,8.0,5.0,105.85,66.16
Montana,Wheatland,2022,2049.0,6.0,3.0,292.83,146.41
Montana,Wibaux,2022,922.0,0.0,0.0,0.0,0.0
Nebraska,Cass,2022,27177.0,13.0,113.0,47.83,415.79
Nebraska,Dakota,2022,21227.0,14.0,73.0,65.95,343.9
Nebraska,Dixon,2022,5557.0,10.0,11.0,179.95,197.95
Nebraska,Douglas,2022,587963.0,79.0,646.0,13.44,109.87
Nebraska,Hall,2022,62555.0,7.0,125.0,11.19,199.82
Nebraska,Lancaster,2022,325122.0,22.0,208.0,6.77,63.98
Nebraska,Sarpy,2022,196569.0,52.0,691.0,26.45,351.53
Nebraska,Saunders,2022,23152.0,4.0,58.0,17.28,250.52
Nebraska,Seward,2022,17628.0,8.0,10.0,45.38,56.73
Nebraska,Adams,2022,31016.0,3.0,24.0,9.67,77.38
Nebraska,Box Butte,2022,10665.0,3.0,27.0,28.13,253.16
Nebraska,Buffalo,2022,50553.0,25.0,116.0,49.45,229.46
Nebraska,Burt,2022,6776.0,1.0,4.0,14.76,59.03
Nebraska,Butler,2022,8433.0,1.0,8.0,11.86,94.87
Nebraska,Cedar,2022,8351.0,5.0,26.0,59.87,311.34
Nebraska,Chase,2022,3770.0,0.0,2.0,0.0,53.05
Nebraska,Cherry,2022,5492.0,2.0,6.0,36.42,109.25
Nebraska,Cheyenne,2022,9504.0,15.0,7.0,157.83,73.65
Nebraska,Colfax,2022,10624.0,2.0,20.0,18.83,188.25
Nebraska,Custer,2022,10507.0,4.0,37.0,38.07,352.15
Nebraska,Furnas,2022,4571.0,4.0,42.0,87.51,918.84
Nebraska,Gage,2022,21559.0,22.0,47.0,102.05,218.01
Nebraska,Gosper,2022,1833.0,0.0,1.0,0.0,54.56
Nebraska,Hamilton,2022,9446.0,2.0,18.0,21.17,190.56
Nebraska,Jefferson,2022,7162.0,3.0,56.0,41.89,781.9
Nebraska,Johnson,2022,5261.0,4.0,13.0,76.03,247.1
Nebraska,Kearney,2022,6687.0,3.0,19.0,44.86,284.13
Nebraska,Keith,2022,8202.0,1.0,12.0,12.19,146.31
Nebraska,Lincoln,2022,33629.0,5.0,43.0,14.87,127.87
Nebraska,Logan,2022,686.0,0.0,0.0,0.0,0.0
Nebraska,Madison,2022,35486.0,6.0,19.0,16.91,53.54
Nebraska,McPherson,2022,373.0,0.0,1.0,0.0,268.1
Nebraska,Morrill,2022,4520.0,2.0,22.0,44.25,486.73
Nebraska,Nemaha,2022,7024.0,13.0,43.0,185.08,612.19
Nebraska,Otoe,2022,16235.0,7.0,41.0,43.12,252.54
Nebraska,Perkins,2022,2838.0,1.0,19.0,35.24,669.49
Nebraska,Pierce,2022,7314.0,1.0,13.0,13.67,177.74
Nebraska,Platte,2022,34591.0,15.0,75.0,43.36,216.82
Nebraska,Richardson,2022,7738.0,5.0,19.0,64.62,245.54
Nebraska,Scotts Bluff,2022,35785.0,10.0,78.0,27.94,217.97
Nebraska,Sheridan,2022,5003.0,7.0,10.0,139.92,199.88
Nebraska,Stanton,2022,5753.0,1.0,0.0,17.38,0.0
Nebraska,Thayer,2022,4864.0,9.0,16.0,185.03,328.95
Nebraska,Valley,2022,4063.0,3.0,4.0,73.84,98.45
Nebraska,Wayne,2022,9940.0,1.0,10.0,10.06,100.6
Nevada,Carson City,2022,58223.0,187.0,570.0,321.18,978.99
Nevada,Storey,2022,4176.0,18.0,58.0,431.03,1388.89
Nevada,Washoe,2022,496521.0,323.0,773.0,65.05,155.68
Nevada,Churchill,2022,25799.0,22.0,94.0,85.27,364.36
Nevada,Douglas,2022,49588.0,79.0,444.0,159.31,895.38
Nevada,Elko,2022,54075.0,48.0,198.0,88.77,366.16
Nevada,Eureka,2022,1858.0,6.0,41.0,322.93,2206.67
Nevada,Humboldt,2022,17258.0,21.0,134.0,121.68,776.45
Nevada,Lander,2022,5765.0,40.0,99.0,693.84,1717.26
Nevada,Lyon,2022,61541.0,159.0,491.0,258.36,797.84
Nevada,Mineral,2022,4542.0,8.0,39.0,176.13,858.65
Nevada,Nye,2022,54815.0,174.0,860.0,317.43,1568.91
Nevada,White Pine,2022,8736.0,37.0,49.0,423.53,560.9
New Hampshire,Hillsborough,2022,426329.0,2.0,0.0,0.47,0.0
New Hampshire,Rockingham,2022,319262.0,4.0,1.0,1.25,0.31
New Hampshire,Strafford,2022,132469.0,3.0,1.0,2.26,0.75
New Hampshire,Belknap,2022,64643.0,1.0,14.0,1.55,21.66
New Hampshire,Carroll,2022,52093.0,3.0,42.0,5.76,80.63
New Hampshire,Cheshire,2022,77380.0,6.0,12.0,7.75,15.51
New Hampshire,Grafton,2022,92918.0,0.0,0.0,0.0,0.0
New Hampshire,Merrimack,2022,156220.0,0.0,1.0,0.0,0.64
New Hampshire,Sullivan,2022,43889.0,1.0,6.0,2.28,13.67
New Jersey,Atlantic,2022,275872.0,0.0,0.0,0.0,0.0
New Jersey,Bergen,2022,956251.0,0.0,0.0,0.0,0.0
New Jersey,Burlington,2022,467822.0,0.0,0.0,0.0,0.0
New Jersey,Camden,2022,525833.0,3.0,38.0,0.57,7.23
New Jersey,Cape May,2022,95165.0,0.0,0.0,0.0,0.0
New Jersey,Cumberland,2022,152025.0,0.0,0.0,0.0,0.0
New Jersey,Essex,2022,855294.0,81.0,140.0,9.47,16.37
New Jersey,Gloucester,2022,306718.0,0.0,2.0,0.0,0.65
New Jersey,Hudson,2022,707743.0,0.0,0.0,0.0,0.0
New Jersey,Hunterdon,2022,129859.0,0.0,0.0,0.0,0.0
New Jersey,Middlesex,2022,864552.0,0.0,0.0,0.0,0.0
New Jersey,Monmouth,2022,645026.0,3.0,0.0,0.47,0.0
New Jersey,Morris,2022,511860.0,0.0,0.0,0.0,0.0
New Jersey,Ocean,2022,656066.0,0.0,5.0,0.0,0.76
New Jersey,Salem,2022,65110.0,0.0,0.0,0.0,0.0
New Jersey,Somerset,2022,347621.0,3.0,0.0,0.86,0.0
New Jersey,Sussex,2022,145668.0,0.0,0.0,0.0,0.0
New Jersey,Union,2022,574934.0,0.0,0.0,0.0,0.0
New Jersey,Warren,2022,111018.0,0.0,0.0,0.0,0.0
New Mexico,Bernalillo,2022,672636.0,777.0,2243.0,115.52,333.46
New Mexico,Dona Ana,2022,223385.0,339.0,1209.0,151.76,541.22
New Mexico,San Juan,2022,120504.0,240.0,413.0,199.16,342.73
New Mexico,Santa Fe,2022,155789.0,134.0,465.0,86.01,298.48
New Mexico,Torrance,2022,15398.0,58.0,198.0,376.67,1285.88
New Mexico,Valencia,2022,78236.0,224.0,768.0,286.31,981.65
New Mexico,Chaves,2022,63873.0,57.0,215.0,89.24,336.61
New Mexico,Curry,2022,47422.0,20.0,191.0,42.17,402.77
New Mexico,De Baca,2022,1701.0,9.0,20.0,529.1,1175.78
New Mexico,Eddy,2022,60244.0,69.0,393.0,114.53,652.35
New Mexico,Guadalupe,2022,4330.0,0.0,6.0,0.0,138.57
New Mexico,Hidalgo,2022,4012.0,6.0,20.0,149.55,498.5
New Mexico,Lea,2022,72260.0,75.0,557.0,103.79,770.83
New Mexico,McKinley,2022,69916.0,58.0,147.0,82.96,210.25
New Mexico,Mora,2022,4141.0,13.0,22.0,313.93,531.27
New Mexico,Quay,2022,8549.0,4.0,22.0,46.79,257.34
New Mexico,San Miguel,2022,26879.0,0.0,1.0,0.0,3.72
New Mexico,Sierra,2022,11490.0,12.0,27.0,104.44,234.99
New Mexico,Socorro,2022,16127.0,18.0,68.0,111.61,421.65
New Mexico,Union,2022,4002.0,5.0,7.0,124.94,174.91
New York,Albany,2022,315764.0,10.0,116.0,3.17,36.74
New York,Broome,2022,197171.0,41.0,609.0,20.79,308.87
New York,Dutchess,2022,297214.0,44.0,344.0,14.8,115.74
New York,Erie,2022,949276.0,111.0,617.0,11.69,65.0
New York,Herkimer,2022,59581.0,0.0,19.0,0.0,31.89
New York,Jefferson,2022,115493.0,12.0,182.0,10.39,157.59
New York,Livingston,2022,61356.0,18.0,255.0,29.34,415.61
New York,Madison,2022,67059.0,10.0,109.0,14.91,162.54
New York,Monroe,2022,750469.0,189.0,2360.0,25.18,314.47
New York,Nassau,2022,1388346.0,1748.0,13870.0,125.91,999.03
New York,Niagara,2022,210403.0,32.0,540.0,15.21,256.65
New York,Oneida,2022,228351.0,47.0,263.0,20.58,115.17
New York,Onondaga,2022,469910.0,198.0,1330.0,42.14,283.03
New York,Ontario,2022,112499.0,47.0,563.0,41.78,500.45
New York,Orange,2022,407314.0,2.0,5.0,0.49,1.23
New York,Orleans,2022,39510.0,9.0,141.0,22.78,356.87
New York,Oswego,2022,118150.0,44.0,365.0,37.24,308.93
New York,Rensselaer,2022,159213.0,23.0,172.0,14.45,108.03
New York,Saratoga,2022,238523.0,84.0,1200.0,35.22,503.1
New York,Schenectady,2022,159790.0,0.0,29.0,0.0,18.15
New York,Schoharie,2022,30059.0,3.0,12.0,9.98,39.92
New York,Suffolk County Police Department,2022,1531736.0,1201.0,17089.0,78.41,1115.66
New York,Tompkins,2022,104177.0,29.0,288.0,27.84,276.45
New York,Ulster,2022,182546.0,14.0,121.0,7.67,66.28
New York,Warren,2022,65461.0,24.0,488.0,36.66,745.48
New York,Washington,2022,60808.0,34.0,109.0,55.91,179.25
New York,Westchester Public Safety,2022,994313.0,6.0,140.0,0.6,14.08
New York,Yates,2022,24455.0,12.0,88.0,49.07,359.84
New York,Allegany,2022,46646.0,10.0,0.0,21.44,0.0
New York,Cattaraugus,2022,76032.0,41.0,212.0,53.92,278.83
New York,Cayuga,2022,74730.0,10.0,96.0,13.38,128.46
New York,Chautauqua,2022,125558.0,42.0,381.0,33.45,303.45
New York,Columbia,2022,61176.0,9.0,318.0,14.71,519.81
New York,Cortland,2022,46128.0,26.0,289.0,56.36,626.52
New York,Delaware,2022,44771.0,12.0,106.0,26.8,236.76
New York,Essex,2022,36756.0,4.0,6.0,10.88,16.32
New York,Genesee,2022,57584.0,23.0,286.0,39.94,496.67
New York,Greene,2022,47654.0,17.0,30.0,35.67,62.95
New York,Hamilton,2022,5102.0,0.0,6.0,0.0,117.6
New York,Lewis,2022,26616.0,4.0,73.0,15.03,274.27
New York,Montgomery,2022,49454.0,3.0,173.0,6.07,349.82
New York,Otsego,2022,60447.0,4.0,8.0,6.62,13.23
New York,Schuyler,2022,17591.0,6.0,34.0,34.11,193.28
New York,Seneca,2022,32676.0,12.0,86.0,36.72,263.19
New York,Steuben,2022,92427.0,10.0,112.0,10.82,121.18
New York,St. Lawrence,2022,106900.0,10.0,33.0,9.35,30.87
New York,Wyoming,2022,39824.0,11.0,100.0,27.62,251.1
North Carolina,Alamance,2022,176470.0,164.0,608.0,92.93,344.53
North Carolina,Alexander,2022,36213.0,70.0,352.0,193.3,972.03
North Carolina,Brunswick,2022,152519.0,185.0,790.0,121.3,517.97
North Carolina,Buncombe,2022,274019.0,142.0,1482.0,51.82,540.84
North Carolina,Burke,2022,87801.0,142.0,747.0,161.73,850.79
North Carolina,Cabarrus,2022,236041.0,52.0,561.0,22.03,237.67
North Carolina,Caldwell,2022,80298.0,56.0,825.0,69.74,1027.42
North Carolina,Catawba,2022,163274.0,125.0,863.0,76.56,528.56
North Carolina,Chatham,2022,80039.0,84.0,530.0,104.95,662.18
North Carolina,Craven,2022,102413.0,94.0,499.0,91.79,487.24
North Carolina,Currituck,2022,30994.0,64.0,267.0,206.49,861.46
North Carolina,Davidson,2022,172376.0,73.0,1276.0,42.35,740.24
North Carolina,Durham,2022,331135.0,88.0,421.0,26.58,127.14
North Carolina,Edgecombe,2022,48470.0,102.0,300.0,210.44,618.94
North Carolina,Forsyth,2022,389389.0,264.0,1509.0,67.8,387.53
North Carolina,Gaston,2022,234245.0,21.0,2.0,8.96,0.85
North Carolina,Gaston County Police Department,2022,234245.0,137.0,783.0,58.49,334.27
North Carolina,Gates,2022,10368.0,11.0,81.0,106.1,781.25
North Carolina,Granville,2022,60878.0,62.0,397.0,101.84,652.12
North Carolina,Guilford,2022,546589.0,265.0,1047.0,48.48,191.55
North Carolina,Harnett,2022,138514.0,266.0,1539.0,192.04,1111.08
North Carolina,Haywood,2022,62588.0,66.0,536.0,105.45,856.39
North Carolina,Henderson,2022,118337.0,105.0,839.0,88.73,708.99
North Carolina,Iredell,2022,196005.0,148.0,632.0,75.51,322.44
North Carolina,Johnston,2022,234667.0,124.0,1597.0,52.84,680.54
North Carolina,Lincoln,2022,93088.0,112.0,910.0,120.32,977.57
North Carolina,Madison,2022,21908.0,10.0,120.0,45.65,547.75
North Carolina,Nash,2022,96364.0,49.0,290.0,50.85,300.94
North Carolina,New Hanover,2022,236065.0,112.0,1210.0,47.44,512.57
North Carolina,Orange,2022,150554.0,119.0,467.0,79.04,310.19
North Carolina,Pamlico,2022,12255.0,35.0,144.0,285.6,1175.03
North Carolina,Pender,2022,65638.0,89.0,549.0,135.59,836.41
North Carolina,Person,2022,39402.0,56.0,248.0,142.12,629.41
North Carolina,Pitt,2022,177028.0,170.0,632.0,96.03,357.01
North Carolina,Randolph,2022,146192.0,102.0,851.0,69.77,582.11
North Carolina,Rockingham,2022,92013.0,45.0,590.0,48.91,641.21
North Carolina,Rowan,2022,149498.0,150.0,825.0,100.34,551.85
North Carolina,Union,2022,249615.0,155.0,1512.0,62.1,605.73
North Carolina,Wake,2022,1173034.0,222.0,1272.0,18.93,108.44
North Carolina,Wayne,2022,118206.0,201.0,1074.0,170.04,908.58
North Carolina,Yadkin,2022,37531.0,41.0,286.0,109.24,762.04
North Carolina,Alleghany,2022,11200.0,6.0,102.0,53.57,910.71
North Carolina,Ashe,2022,27047.0,26.0,169.0,96.13,624.84
North Carolina,Avery,2022,17636.0,18.0,104.0,102.06,589.7
North Carolina,Bertie,2022,16951.0,69.0,165.0,407.06,973.39
North Carolina,Cherokee,2022,29539.0,63.0,524.0,213.28,1773.93
North Carolina,Chowan,2022,13909.0,3.0,90.0,21.57,647.06
North Carolina,Clay,2022,11594.0,19.0,154.0,163.88,1328.27
North Carolina,Cleveland,2022,100773.0,182.0,627.0,180.6,622.19
North Carolina,Dare,2022,38000.0,18.0,191.0,47.37,502.63
North Carolina,Duplin,2022,49065.0,79.0,691.0,161.01,1408.34
North Carolina,Greene,2022,20387.0,47.0,240.0,230.54,1177.22
North Carolina,Halifax,2022,47587.0,104.0,401.0,218.55,842.67
North Carolina,Hertford,2022,19492.0,20.0,112.0,102.61,574.59
North Carolina,Jackson,2022,43920.0,73.0,313.0,166.21,712.66
North Carolina,Lee,2022,65613.0,41.0,208.0,62.49,317.01
North Carolina,Macon,2022,37964.0,33.0,374.0,86.92,985.14
North Carolina,Martin,2022,21493.0,44.0,199.0,204.72,925.88
North Carolina,McDowell,2022,44745.0,69.0,676.0,154.21,1510.78
North Carolina,Montgomery,2022,25865.0,43.0,212.0,166.25,819.64
North Carolina,Moore,2022,105484.0,59.0,461.0,55.93,437.03
North Carolina,Pasquotank,2022,40954.0,51.0,256.0,124.53,625.09
North Carolina,Perquimans,2022,13243.0,33.0,113.0,249.19,853.28
North Carolina,Polk,2022,19998.0,13.0,138.0,65.01,690.07
North Carolina,Richmond,2022,42371.0,241.0,1043.0,568.79,2461.59
North Carolina,Robeson,2022,116281.0,974.0,2382.0,837.63,2048.49
North Carolina,Rutherford,2022,64856.0,130.0,543.0,200.44,837.24
North Carolina,Scotland,2022,33448.0,123.0,405.0,367.73,1210.83
North Carolina,Surry,2022,71536.0,87.0,524.0,121.62,732.5
North Carolina,Swain,2022,13982.0,38.0,158.0,271.78,1130.02
North Carolina,Transylvania,2022,33637.0,24.0,190.0,71.35,564.85
North Carolina,Tyrrell,2022,3457.0,16.0,38.0,462.83,1099.22
North Carolina,Vance,2022,42203.0,105.0,465.0,248.8,1101.82
North Carolina,Warren,2022,18691.0,50.0,325.0,267.51,1738.8
North Carolina,Watauga,2022,55363.0,15.0,198.0,27.09,357.64
North Carolina,Wilkes,2022,65807.0,130.0,576.0,197.55,875.29
North Carolina,Wilson,2022,79357.0,46.0,180.0,57.97,226.82
North Carolina,Yancey,2022,18772.0,15.0,56.0,79.91,298.32
North Dakota,Burleigh,2022,100302.0,20.0,112.0,19.94,111.66
North Dakota,Cass,2022,193289.0,27.0,114.0,13.97,58.98
North Dakota,Grand Forks,2022,72014.0,21.0,70.0,29.16,97.2
North Dakota,Morton,2022,33744.0,8.0,78.0,23.71,231.15
North Dakota,Oliver,2022,1856.0,1.0,2.0,53.88,107.76
North Dakota,Adams,2022,2121.0,3.0,10.0,141.44,471.48
North Dakota,Barnes,2022,10741.0,2.0,9.0,18.62,83.79
North Dakota,Benson,2022,5786.0,2.0,13.0,34.57,224.68
North Dakota,Billings,2022,1023.0,0.0,1.0,0.0,97.75
North Dakota,Bottineau,2022,6372.0,8.0,54.0,125.55,847.46
North Dakota,Bowman,2022,2883.0,0.0,3.0,0.0,104.06
North Dakota,Burke,2022,2133.0,1.0,6.0,46.88,281.29
North Dakota,Cavalier,2022,3615.0,4.0,12.0,110.65,331.95
North Dakota,Dickey,2022,4943.0,0.0,1.0,0.0,20.23
North Dakota,Divide,2022,2171.0,1.0,7.0,46.06,322.43
North Dakota,Dunn,2022,3990.0,1.0,21.0,25.06,526.32
North Dakota,Eddy,2022,2314.0,2.0,16.0,86.43,691.44
North Dakota,Emmons,2022,3275.0,2.0,41.0,61.07,1251.91
North Dakota,Foster,2022,3373.0,1.0,3.0,29.65,88.94
North Dakota,Golden Valley,2022,1755.0,4.0,8.0,227.92,455.84
North Dakota,Griggs,2022,2266.0,1.0,9.0,44.13,397.18
North Dakota,Hettinger,2022,2453.0,4.0,7.0,163.07,285.36
North Dakota,Kidder,2022,2389.0,0.0,4.0,0.0,167.43
North Dakota,Lamoure,2022,4065.0,1.0,4.0,24.6,98.4
North Dakota,Logan,2022,1852.0,0.0,3.0,0.0,161.99
North Dakota,McHenry,2022,5225.0,9.0,36.0,172.25,689.0
North Dakota,McIntosh,2022,2499.0,1.0,18.0,40.02,720.29
North Dakota,McKenzie,2022,13893.0,16.0,87.0,115.17,626.21
North Dakota,McLean,2022,9860.0,9.0,72.0,91.28,730.22
North Dakota,Mercer,2022,8330.0,1.0,13.0,12.0,156.06
North Dakota,Mountrail,2022,9249.0,7.0,67.0,75.68,724.4
North Dakota,Nelson,2022,2995.0,1.0,16.0,33.39,534.22
North Dakota,Pembina,2022,6759.0,4.0,26.0,59.18,384.67
North Dakota,Pierce,2022,3948.0,0.0,12.0,0.0,303.95
North Dakota,Ramsey,2022,11534.0,9.0,17.0,78.03,147.39
North Dakota,Ransom,2022,5653.0,2.0,12.0,35.38,212.28
North Dakota,Renville,2022,2240.0,3.0,12.0,133.93,535.71
North Dakota,Richland,2022,16579.0,2.0,52.0,12.06,313.65
North Dakota,Rolette,2022,11846.0,6.0,17.0,50.65,143.51
North Dakota,Sargent,2022,3820.0,2.0,15.0,52.36,392.67
North Dakota,Sheridan,2022,1285.0,1.0,16.0,77.82,1245.14
North Dakota,Sioux,2022,3682.0,0.0,1.0,0.0,27.16
North Dakota,Slope,2022,678.0,0.0,1.0,0.0,147.49
North Dakota,Stark,2022,32737.0,5.0,76.0,15.27,232.15
North Dakota,Steele,2022,1791.0,0.0,0.0,0.0,0.0
North Dakota,Stutsman,2022,21509.0,5.0,28.0,23.25,130.18
North Dakota,Towner,2022,2062.0,4.0,18.0,193.99,872.94
North Dakota,Traill,2022,7967.0,2.0,40.0,25.1,502.07
North Dakota,Walsh,2022,10478.0,9.0,31.0,85.89,295.86
North Dakota,Ward,2022,68752.0,26.0,103.0,37.82,149.81
North Dakota,Wells,2022,3907.0,4.0,4.0,102.38,102.38
North Dakota,Williams,2022,37954.0,23.0,138.0,60.6,363.6
Ohio,Allen,2022,100974.0,78.0,614.0,77.25,608.08
Ohio,Belmont,2022,65382.0,77.0,115.0,117.77,175.89
Ohio,Butler,2022,390108.0,38.0,615.0,9.74,157.65
Ohio,Carroll,2022,26711.0,9.0,65.0,33.69,243.35
Ohio,Clark,2022,134691.0,35.0,570.0,25.99,423.19
Ohio,Clermont,2022,210781.0,90.0,611.0,42.7,289.87
Ohio,Delaware,2022,226809.0,67.0,889.0,29.54,391.96
Ohio,Fairfield,2022,163003.0,84.0,971.0,51.53,595.69
Ohio,Franklin,2022,1326392.0,118.0,539.0,8.9,40.64
Ohio,Fulton,2022,42041.0,17.0,159.0,40.44,378.2
Ohio,Geauga,2022,95501.0,10.0,64.0,10.47,67.02
Ohio,Greene,2022,169266.0,32.0,287.0,18.91,169.56
Ohio,Hamilton,2022,826532.0,188.0,1883.0,22.75,227.82
Ohio,Hocking,2022,27819.0,64.0,210.0,230.06,754.88
Ohio,Jefferson,2022,64149.0,38.0,71.0,59.24,110.68
Ohio,Lawrence,2022,56526.0,47.0,382.0,83.15,675.8
Ohio,Licking,2022,181702.0,71.0,826.0,39.07,454.59
Ohio,Lorain,2022,316304.0,69.0,438.0,21.81,138.47
Ohio,Lucas,2022,426630.0,63.0,785.0,14.77,184.0
Ohio,Madison,2022,43569.0,43.0,180.0,98.69,413.14
Ohio,Miami,2022,110217.0,43.0,283.0,39.01,256.77
Ohio,Montgomery,2022,533913.0,253.0,1200.0,47.39,224.76
Ohio,Morrow,2022,35311.0,53.0,91.0,150.09,257.71
Ohio,Perry,2022,35493.0,25.0,65.0,70.44,183.13
Ohio,Pickaway,2022,59953.0,23.0,492.0,38.36,820.64
Ohio,Portage,2022,161741.0,74.0,641.0,45.75,396.31
Ohio,Richland,2022,125076.0,64.0,565.0,51.17,451.73
Ohio,Stark,2022,372531.0,106.0,1231.0,28.45,330.44
Ohio,Summit,2022,535956.0,99.0,1069.0,18.47,199.46
Ohio,Trumbull,2022,200537.0,9.0,156.0,4.49,77.79
Ohio,Union,2022,66942.0,33.0,213.0,49.3,318.19
Ohio,Warren,2022,249822.0,43.0,834.0,17.21,333.84
Ohio,Wood,2022,131600.0,29.0,310.0,22.04,235.56
Ohio,Adams,2022,27412.0,7.0,64.0,25.54,233.47
Ohio,Ashland,2022,51927.0,37.0,71.0,71.25,136.73
Ohio,Ashtabula,2022,96915.0,48.0,495.0,49.53,510.76
Ohio,Athens,2022,60907.0,16.0,279.0,26.27,458.08
Ohio,Auglaize,2022,45896.0,7.0,36.0,15.25,78.44
Ohio,Champaign,2022,38675.0,37.0,145.0,95.67,374.92
Ohio,Clinton,2022,41893.0,8.0,63.0,19.1,150.38
Ohio,Columbiana,2022,100447.0,17.0,120.0,16.92,119.47
Ohio,Coshocton,2022,36545.0,53.0,366.0,145.03,1001.5
Ohio,Crawford,2022,41479.0,6.0,53.0,14.47,127.78
Ohio,Darke,2022,51449.0,9.0,167.0,17.49,324.59
Ohio,Defiance,2022,38139.0,18.0,96.0,47.2,251.71
Ohio,Erie,2022,74316.0,3.0,61.0,4.04,82.08
Ohio,Fayette,2022,28812.0,22.0,277.0,76.36,961.4
Ohio,Gallia,2022,28959.0,24.0,116.0,82.88,400.57
Ohio,Hancock,2022,74716.0,28.0,216.0,37.48,289.09
Ohio,Harrison,2022,14364.0,6.0,55.0,41.77,382.9
Ohio,Henry,2022,27491.0,16.0,133.0,58.2,483.79
Ohio,Highland,2022,43352.0,23.0,205.0,53.05,472.87
Ohio,Jackson,2022,32606.0,29.0,123.0,88.94,377.23
Ohio,Knox,2022,63103.0,22.0,234.0,34.86,370.82
Ohio,Logan,2022,46067.0,21.0,116.0,45.59,251.81
Ohio,Meigs,2022,21942.0,32.0,118.0,145.84,537.78
Ohio,Mercer,2022,42343.0,2.0,19.0,4.72,44.87
Ohio,Monroe,2022,13213.0,1.0,20.0,7.57,151.37
Ohio,Morgan,2022,13624.0,32.0,94.0,234.88,689.96
Ohio,Pike,2022,26925.0,31.0,195.0,115.13,724.23
Ohio,Preble,2022,40526.0,21.0,98.0,51.82,241.82
Ohio,Ross,2022,76365.0,79.0,787.0,103.45,1030.58
Ohio,Scioto,2022,72209.0,101.0,517.0,139.87,715.98
Ohio,Seneca,2022,54650.0,18.0,200.0,32.94,365.97
Ohio,Shelby,2022,47690.0,13.0,86.0,27.26,180.33
Ohio,Tuscarawas,2022,91951.0,47.0,294.0,51.11,319.74
Ohio,Van Wert,2022,28731.0,24.0,75.0,83.53,261.04
Ohio,Vinton,2022,12556.0,24.0,116.0,191.14,923.86
Ohio,Washington,2022,58890.0,21.0,248.0,35.66,421.12
Ohio,Wayne,2022,116533.0,49.0,549.0,42.05,471.11
Oklahoma,Canadian,2022,169473.0,13.0,127.0,7.67,74.94
Oklahoma,Cleveland,2022,299819.0,39.0,159.0,13.01,53.03
Oklahoma,Comanche,2022,122353.0,20.0,147.0,16.35,120.14
Oklahoma,Cotton,2022,5472.0,11.0,49.0,201.02,895.47
Oklahoma,Creek,2022,72691.0,29.0,292.0,39.89,401.7
Oklahoma,Garfield,2022,61970.0,14.0,78.0,22.59,125.87
Oklahoma,Grady,2022,56737.0,28.0,223.0,49.35,393.04
Oklahoma,Lincoln,2022,34198.0,84.0,234.0,245.63,684.25
Oklahoma,Logan,2022,52035.0,35.0,333.0,67.26,639.95
Oklahoma,McClain,2022,45423.0,21.0,185.0,46.23,407.28
Oklahoma,Oklahoma,2022,805035.0,29.0,148.0,3.6,18.38
Oklahoma,Okmulgee,2022,36939.0,24.0,174.0,64.97,471.05
Oklahoma,Osage,2022,45877.0,45.0,408.0,98.09,889.33
Oklahoma,Pawnee,2022,15679.0,12.0,78.0,76.54,497.48
Oklahoma,Rogers,2022,99095.0,61.0,410.0,61.56,413.74
Oklahoma,Sequoyah,2022,39769.0,63.0,218.0,158.41,548.17
Oklahoma,Tulsa,2022,679125.0,178.0,726.0,26.21,106.9
Oklahoma,Wagoner,2022,86766.0,98.0,386.0,112.95,444.87
Oklahoma,Adair,2022,19484.0,36.0,141.0,184.77,723.67
Oklahoma,Alfalfa,2022,5691.0,5.0,39.0,87.86,685.29
Oklahoma,Atoka,2022,14293.0,8.0,77.0,55.97,538.73
Oklahoma,Beaver,2022,5031.0,0.0,28.0,0.0,556.55
Oklahoma,Beckham,2022,21956.0,5.0,46.0,22.77,209.51
Oklahoma,Blaine,2022,8452.0,17.0,74.0,201.14,875.53
Oklahoma,Bryan,2022,48218.0,55.0,353.0,114.07,732.09
Oklahoma,Caddo,2022,26277.0,16.0,140.0,60.89,532.79
Oklahoma,Carter,2022,48485.0,13.0,134.0,26.81,276.37
Oklahoma,Cherokee,2022,48009.0,49.0,371.0,102.06,772.77
Oklahoma,Choctaw,2022,14409.0,29.0,107.0,201.26,742.59
Oklahoma,Cimarron,2022,2226.0,0.0,10.0,0.0,449.24
Oklahoma,Coal,2022,5311.0,4.0,8.0,75.32,150.63
Oklahoma,Craig,2022,14164.0,21.0,126.0,148.26,889.58
Oklahoma,Custer,2022,28060.0,10.0,70.0,35.64,249.47
Oklahoma,Delaware,2022,41474.0,56.0,264.0,135.02,636.54
Oklahoma,Dewey,2022,4394.0,8.0,48.0,182.07,1092.4
Oklahoma,Ellis,2022,3687.0,3.0,32.0,81.37,867.91
Oklahoma,Garvin,2022,25796.0,40.0,165.0,155.06,639.63
Oklahoma,Grant,2022,4132.0,1.0,38.0,24.2,919.65
Oklahoma,Greer,2022,5548.0,5.0,8.0,90.12,144.2
Oklahoma,Harmon,2022,2425.0,1.0,4.0,41.24,164.95
Oklahoma,Harper,2022,3166.0,1.0,12.0,31.59,379.03
Oklahoma,Haskell,2022,11639.0,7.0,71.0,60.14,610.02
Oklahoma,Hughes,2022,13420.0,13.0,121.0,96.87,901.64
Oklahoma,Jackson,2022,24615.0,7.0,24.0,28.44,97.5
Oklahoma,Jefferson,2022,5412.0,7.0,17.0,129.34,314.12
Oklahoma,Johnston,2022,10311.0,23.0,53.0,223.06,514.01
Oklahoma,Kay,2022,43764.0,28.0,102.0,63.98,233.07
Oklahoma,Kingfisher,2022,15281.0,2.0,63.0,13.09,412.28
Oklahoma,Kiowa,2022,8442.0,2.0,7.0,23.69,82.92
Oklahoma,Latimer,2022,9573.0,15.0,62.0,156.69,647.65
Oklahoma,Le Flore,2022,49004.0,41.0,216.0,83.67,440.78
Oklahoma,Love,2022,10196.0,11.0,73.0,107.89,715.97
Oklahoma,Major,2022,7551.0,9.0,34.0,119.19,450.27
Oklahoma,Marshall,2022,15932.0,32.0,161.0,200.85,1010.54
Oklahoma,Mayes,2022,39574.0,48.0,431.0,121.29,1089.1
Oklahoma,McCurtain,2022,30877.0,45.0,263.0,145.74,851.77
Oklahoma,McIntosh,2022,19399.0,23.0,156.0,118.56,804.17
Oklahoma,Murray,2022,13693.0,4.0,34.0,29.21,248.3
Oklahoma,Muskogee,2022,66247.0,69.0,204.0,104.16,307.94
Oklahoma,Noble,2022,10870.0,13.0,101.0,119.6,929.16
Oklahoma,Nowata,2022,9443.0,7.0,73.0,74.13,773.06
Oklahoma,Okfuskee,2022,11206.0,5.0,73.0,44.62,651.44
Oklahoma,Ottawa,2022,30369.0,49.0,235.0,161.35,773.82
Oklahoma,Payne,2022,82904.0,34.0,265.0,41.01,319.65
Oklahoma,Pittsburg,2022,43555.0,41.0,317.0,94.13,727.82
Oklahoma,Pontotoc,2022,38061.0,13.0,74.0,34.16,194.42
Oklahoma,Pottawatomie,2022,73373.0,79.0,406.0,107.67,553.34
Oklahoma,Pushmataha,2022,10724.0,14.0,60.0,130.55,559.49
Oklahoma,Roger Mills,2022,3364.0,3.0,31.0,89.18,921.52
Oklahoma,Seminole,2022,23477.0,22.0,239.0,93.71,1018.02
Oklahoma,Stephens,2022,43699.0,40.0,95.0,91.54,217.4
Oklahoma,Texas,2022,20616.0,8.0,79.0,38.8,383.2
Oklahoma,Tillman,2022,6975.0,15.0,15.0,215.05,215.05
Oklahoma,Washington,2022,53275.0,27.0,87.0,50.68,163.3
Oklahoma,Washita,2022,10718.0,6.0,45.0,55.98,419.85
Oklahoma,Woods,2022,8596.0,5.0,30.0,58.17,349.0
Oklahoma,Woodward,2022,20028.0,7.0,59.0,34.95,294.59
Oregon,Benton,2022,97281.0,24.0,177.0,24.67,181.95
Oregon,Clackamas,2022,423098.0,549.0,5966.0,129.76,1410.08
Oregon,Columbia,2022,53543.0,46.0,99.0,85.91,184.9
Oregon,Deschutes,2022,206421.0,77.0,549.0,37.3,265.96
Oregon,Jackson,2022,222097.0,161.0,1101.0,72.49,495.73
Oregon,Josephine,2022,87793.0,170.0,380.0,193.64,432.84
Oregon,Linn,2022,130555.0,79.0,950.0,60.51,727.66
Oregon,Marion,2022,348364.0,152.0,2134.0,43.63,612.58
Oregon,Multnomah,2022,796165.0,240.0,1670.0,30.14,209.76
Oregon,Polk,2022,89923.0,54.0,280.0,60.05,311.38
Oregon,Washington,2022,600063.0,504.0,2811.0,83.99,468.45
Oregon,Yamhill,2022,107681.0,49.0,326.0,45.5,302.75
Oregon,Baker,2022,16925.0,3.0,56.0,17.73,330.87
Oregon,Clatsop,2022,41597.0,21.0,171.0,50.48,411.09
Oregon,Crook,2022,26393.0,35.0,59.0,132.61,223.54
Oregon,Douglas,2022,112247.0,129.0,846.0,114.93,753.69
Oregon,Gilliam,2022,2012.0,0.0,47.0,0.0,2335.98
Oregon,Hood River,2022,24017.0,27.0,182.0,112.42,757.8
Oregon,Jefferson,2022,25317.0,13.0,117.0,51.35,462.14
Oregon,Klamath,2022,70450.0,113.0,538.0,160.4,763.66
Oregon,Lincoln,2022,50747.0,57.0,233.0,112.32,459.14
Oregon,Malheur,2022,31840.0,20.0,149.0,62.81,467.96
Oregon,Morrow,2022,12272.0,23.0,140.0,187.42,1140.81
Oregon,Sherman,2022,1961.0,2.0,32.0,101.99,1631.82
Oregon,Tillamook,2022,27513.0,36.0,240.0,130.85,872.31
Oregon,Umatilla,2022,79792.0,41.0,482.0,51.38,604.07
Oregon,Union,2022,26157.0,18.0,163.0,68.82,623.16
Oregon,Wallowa,2022,7639.0,0.0,32.0,0.0,418.9
Oregon,Wasco,2022,26522.0,36.0,92.0,135.74,346.88
Oregon,Allegheny County Police Department,2022,,370.0,147.0,,
Oregon,Franklin,2022,,0.0,0.0,,
Oregon,Northumberland,2022,,0.0,0.0,,
South Carolina,Anderson,2022,210142.0,691.0,3963.0,328.83,1885.87
South Carolina,Beaufort,2022,196266.0,590.0,1952.0,300.61,994.57
South Carolina,Berkeley,2022,245656.0,475.0,2228.0,193.36,906.96
South Carolina,Calhoun,2022,14197.0,48.0,289.0,338.1,2035.64
South Carolina,Charleston,2022,420325.0,258.0,1178.0,61.38,280.26
South Carolina,Chester,2022,31986.0,111.0,359.0,347.03,1122.37
South Carolina,Clarendon,2022,30965.0,117.0,741.0,377.85,2393.02
South Carolina,Darlington,2022,62504.0,406.0,1528.0,649.56,2444.64
South Carolina,Dorchester,2022,166125.0,201.0,1288.0,120.99,775.32
South Carolina,Edgefield,2022,27273.0,13.0,111.0,47.67,407.0
South Carolina,Fairfield,2022,20455.0,193.0,347.0,943.53,1696.41
South Carolina,Florence,2022,136895.0,511.0,2236.0,373.28,1633.37
South Carolina,Greenville,2022,548763.0,1693.0,6628.0,308.51,1207.81
South Carolina,Horry,2022,383626.0,1.0,1.0,0.26,0.26
South Carolina,Horry County Police Department,2022,383626.0,809.0,4533.0,210.88,1181.62
South Carolina,Jasper,2022,32068.0,146.0,456.0,455.28,1421.98
South Carolina,Kershaw,2022,67989.0,217.0,947.0,319.17,1392.87
South Carolina,Lancaster,2022,104629.0,322.0,1406.0,307.75,1343.8
South Carolina,Laurens,2022,68150.0,185.0,932.0,271.46,1367.57
South Carolina,Lexington,2022,305297.0,721.0,4746.0,236.16,1554.55
South Carolina,Pickens,2022,134421.0,171.0,876.0,127.21,651.68
South Carolina,Richland,2022,421786.0,2041.0,7451.0,483.89,1766.54
South Carolina,Saluda,2022,19102.0,26.0,102.0,136.11,533.98
South Carolina,Spartanburg,2022,346466.0,1213.0,4307.0,350.11,1243.12
South Carolina,Sumter,2022,103890.0,513.0,1423.0,493.79,1369.72
South Carolina,York,2022,293579.0,345.0,2149.0,117.52,732.0
South Carolina,Abbeville,2022,24413.0,84.0,322.0,344.08,1318.97
South Carolina,Bamberg,2022,12947.0,32.0,109.0,247.16,841.89
South Carolina,Barnwell,2022,20445.0,72.0,230.0,352.16,1124.97
South Carolina,Cherokee,2022,56235.0,153.0,784.0,272.07,1394.15
South Carolina,Chesterfield,2022,43645.0,202.0,707.0,462.83,1619.89
South Carolina,Colleton,2022,38650.0,196.0,614.0,507.12,1588.62
South Carolina,Dillon,2022,27763.0,280.0,473.0,1008.54,1703.71
South Carolina,Georgetown,2022,64762.0,168.0,724.0,259.41,1117.94
South Carolina,Greenwood,2022,69301.0,113.0,775.0,163.06,1118.31
South Carolina,Hampton,2022,18138.0,81.0,194.0,446.58,1069.58
South Carolina,Lee,2022,16121.0,84.0,291.0,521.06,1805.1
South Carolina,Marion,2022,28513.0,92.0,308.0,322.66,1080.21
South Carolina,Marlboro,2022,25952.0,129.0,424.0,497.07,1633.79
South Carolina,McCormick,2022,9715.0,9.0,20.0,92.64,205.87
South Carolina,Newberry,2022,38342.0,75.0,276.0,195.61,719.84
South Carolina,Oconee,2022,80280.0,195.0,1434.0,242.9,1786.25
South Carolina,Orangeburg,2022,83183.0,895.0,2031.0,1075.94,2441.6
South Carolina,Union,2022,26788.0,56.0,424.0,209.05,1582.8
South Carolina,Williamsburg,2022,30154.0,100.0,206.0,331.63,683.16
South Dakota,Lincoln,2022,70957.0,20.0,224.0,28.19,315.68
South Dakota,McCook,2022,5797.0,5.0,22.0,86.25,379.51
South Dakota,Meade,2022,30663.0,17.0,152.0,55.44,495.71
South Dakota,Minnehaha,2022,203516.0,56.0,260.0,27.52,127.75
South Dakota,Pennington,2022,114307.0,114.0,316.0,99.73,276.45
South Dakota,Turner,2022,8924.0,9.0,23.0,100.85,257.73
South Dakota,Union,2022,17079.0,3.0,45.0,17.57,263.48
South Dakota,Bennett,2022,3337.0,2.0,4.0,59.93,119.87
South Dakota,Bon Homme,2022,7089.0,1.0,2.0,14.11,28.21
South Dakota,Brookings,2022,35385.0,8.0,18.0,22.61,50.87
South Dakota,Brown,2022,37945.0,17.0,32.0,44.8,84.33
South Dakota,Charles Mix,2022,9221.0,8.0,30.0,86.76,325.34
South Dakota,Clay,2022,15268.0,3.0,35.0,19.65,229.24
South Dakota,Codington,2022,28756.0,5.0,29.0,17.39,100.85
South Dakota,Corson,2022,3809.0,12.0,19.0,315.04,498.82
South Dakota,Davison,2022,20022.0,2.0,10.0,9.99,49.95
South Dakota,Day,2022,5480.0,7.0,13.0,127.74,237.23
South Dakota,Hamlin,2022,6413.0,3.0,24.0,46.78,374.24
South Dakota,Hughes,2022,17664.0,4.0,13.0,22.64,73.6
South Dakota,Hutchinson,2022,7378.0,0.0,5.0,0.0,67.77
South Dakota,Lake,2022,10947.0,5.0,31.0,45.67,283.18
South Dakota,Lawrence,2022,27221.0,7.0,30.0,25.72,110.21
South Dakota,Lyman,2022,3691.0,3.0,20.0,81.28,541.86
South Dakota,McPherson,2022,2400.0,0.0,17.0,0.0,708.33
South Dakota,Moody,2022,6383.0,6.0,5.0,94.0,78.33
South Dakota,Spink,2022,6237.0,4.0,21.0,64.13,336.7
South Dakota,Yankton,2022,23418.0,17.0,60.0,72.59,256.21
Tennessee,Anderson,2022,79042.0,141.0,345.0,178.39,436.48
Tennessee,Blount,2022,139838.0,283.0,676.0,202.38,483.42
Tennessee,Bradley,2022,110790.0,167.0,568.0,150.74,512.68
Tennessee,Campbell,2022,39576.0,53.0,224.0,133.92,566.0
Tennessee,Cannon,2022,14781.0,1.0,22.0,6.77,148.84
Tennessee,Carter,2022,56528.0,53.0,374.0,93.76,661.62
Tennessee,Cheatham,2022,41723.0,74.0,229.0,177.36,548.86
Tennessee,Chester,2022,17577.0,19.0,40.0,108.1,227.57
Tennessee,Crockett,2022,13873.0,15.0,89.0,108.12,641.53
Tennessee,Dickson,2022,55777.0,110.0,216.0,197.21,387.26
Tennessee,Fayette,2022,43294.0,70.0,148.0,161.69,341.85
Tennessee,Gibson,2022,50891.0,40.0,141.0,78.6,277.06
Tennessee,Grainger,2022,24208.0,25.0,136.0,103.27,561.8
Tennessee,Hamblen,2022,65303.0,123.0,345.0,188.35,528.31
Tennessee,Hamilton,2022,375738.0,243.0,849.0,64.67,225.96
Tennessee,Hartsville/Trousdale,2022,12089.0,29.0,123.0,239.89,1017.45
Tennessee,Hawkins,2022,57919.0,48.0,385.0,82.87,664.72
Tennessee,Jefferson,2022,56695.0,92.0,353.0,162.27,622.63
Tennessee,Knox,2022,495827.0,633.0,2695.0,127.67,543.54
Tennessee,Loudon,2022,58286.0,62.0,268.0,106.37,459.8
Tennessee,Macon,2022,26222.0,72.0,37.0,274.58,141.1
Tennessee,Madison,2022,99283.0,81.0,173.0,81.58,174.25
Tennessee,Marion,2022,29061.0,55.0,175.0,189.26,602.18
Tennessee,Maury,2022,108048.0,119.0,357.0,110.14,330.41
Tennessee,Montgomery,2022,235141.0,67.0,418.0,28.49,177.77
Tennessee,Morgan,2022,21184.0,11.0,140.0,51.93,660.88
Tennessee,Polk,2022,17776.0,33.0,268.0,185.64,1507.65
Tennessee,Roane,2022,55279.0,50.0,240.0,90.45,434.16
Tennessee,Robertson,2022,75402.0,55.0,200.0,72.94,265.24
Tennessee,Rutherford,2022,362373.0,286.0,595.0,78.92,164.2
Tennessee,Sequatchie,2022,16917.0,35.0,116.0,206.89,685.7
Tennessee,Shelby,2022,919092.0,684.0,2476.0,74.42,269.4
Tennessee,Smith,2022,20471.0,25.0,108.0,122.12,527.58
Tennessee,Stewart,2022,14011.0,22.0,72.0,157.02,513.88
Tennessee,Sullivan,2022,160899.0,313.0,751.0,194.53,466.75
Tennessee,Sumner,2022,204002.0,127.0,294.0,62.25,144.12
Tennessee,Tipton,2022,61606.0,84.0,292.0,136.35,473.98
Tennessee,Unicoi,2022,17607.0,38.0,47.0,215.82,266.94
Tennessee,Union,2022,20483.0,39.0,196.0,190.4,956.89
Tennessee,Washington,2022,136273.0,150.0,639.0,110.07,468.91
Tennessee,Williamson,2022,261335.0,135.0,283.0,51.66,108.29
Tennessee,Wilson,2022,158979.0,68.0,402.0,42.77,252.86
Tennessee,Bedford,2022,52045.0,73.0,213.0,140.26,409.26
Tennessee,Benton,2022,15982.0,41.0,138.0,256.54,863.47
Tennessee,Bledsoe,2022,14755.0,14.0,102.0,94.88,691.29
Tennessee,Carroll,2022,28428.0,30.0,82.0,105.53,288.45
Tennessee,Clay,2022,7621.0,3.0,22.0,39.36,288.68
Tennessee,Cocke,2022,36804.0,117.0,410.0,317.9,1114.01
Tennessee,Coffee,2022,59660.0,94.0,330.0,157.56,553.13
Tennessee,Cumberland,2022,63524.0,62.0,450.0,97.6,708.39
Tennessee,Decatur,2022,11527.0,17.0,101.0,147.48,876.2
Tennessee,DeKalb,2022,20987.0,28.0,57.0,133.42,271.6
Tennessee,Dyer,2022,36415.0,24.0,163.0,65.91,447.62
Tennessee,Fentress,2022,19318.0,54.0,188.0,279.53,973.19
Tennessee,Franklin,2022,44166.0,81.0,199.0,183.4,450.57
Tennessee,Giles,2022,30572.0,20.0,81.0,65.42,264.95
Tennessee,Greene,2022,71286.0,183.0,589.0,256.71,826.25
Tennessee,Grundy,2022,13787.0,65.0,228.0,471.46,1653.73
Tennessee,Hancock,2022,6839.0,22.0,83.0,321.68,1213.63
Tennessee,Hardeman,2022,25483.0,108.0,164.0,423.81,643.57
Tennessee,Hardin,2022,27215.0,52.0,291.0,191.07,1069.26
Tennessee,Haywood,2022,17468.0,20.0,118.0,114.5,675.52
Tennessee,Henderson,2022,27912.0,51.0,171.0,182.72,612.64
Tennessee,Henry,2022,32328.0,31.0,184.0,95.89,569.17
Tennessee,Hickman,2022,25466.0,93.0,356.0,365.19,1397.94
Tennessee,Houston,2022,8232.0,16.0,54.0,194.36,655.98
Tennessee,Humphreys,2022,19039.0,63.0,108.0,330.9,567.26
Tennessee,Jackson,2022,12019.0,19.0,52.0,158.08,432.65
Tennessee,Johnson,2022,18005.0,40.0,125.0,222.16,694.25
Tennessee,Lake,2022,6479.0,3.0,30.0,46.3,463.03
Tennessee,Lauderdale,2022,24690.0,63.0,144.0,255.16,583.23
Tennessee,Lawrence,2022,45480.0,23.0,174.0,50.57,382.59
Tennessee,Lewis,2022,12935.0,15.0,77.0,115.96,595.28
Tennessee,Lincoln,2022,35984.0,51.0,199.0,141.73,553.02
Tennessee,Marshall,2022,35857.0,46.0,65.0,128.29,181.28
Tennessee,McMinn,2022,54732.0,83.0,390.0,151.65,712.56
Tennessee,McNairy,2022,25968.0,54.0,299.0,207.95,1151.42
Tennessee,Meigs,2022,13268.0,57.0,140.0,429.61,1055.17
Tennessee,Monroe,2022,47719.0,121.0,502.0,253.57,1051.99
Tennessee,Moore,2022,6726.0,6.0,44.0,89.21,654.18
Tennessee,Obion,2022,30360.0,38.0,159.0,125.16,523.72
Tennessee,Overton,2022,22974.0,86.0,160.0,374.34,696.44
Tennessee,Putnam,2022,82590.0,63.0,293.0,76.28,354.76
Tennessee,Rhea,2022,33999.0,27.0,96.0,79.41,282.36
Tennessee,Scott,2022,22038.0,8.0,145.0,36.3,657.95
Tennessee,Sevier,2022,99362.0,163.0,546.0,164.05,549.51
Tennessee,Van Buren,2022,6457.0,5.0,12.0,77.44,185.84
Tennessee,Warren,2022,41978.0,96.0,310.0,228.69,738.48
Tennessee,Wayne,2022,16254.0,21.0,58.0,129.2,356.84
Tennessee,Weakley,2022,33052.0,38.0,133.0,114.97,402.4
Tennessee,White,2022,28016.0,21.0,83.0,74.96,296.26
Texas,Armstrong,2022,1855.0,1.0,25.0,53.91,1347.71
Texas,Atascosa,2022,50916.0,111.0,454.0,218.01,891.66
Texas,Austin,2022,31110.0,23.0,108.0,73.93,347.16
Texas,Bandera,2022,22128.0,31.0,145.0,140.09,655.28
Texas,Bastrop,2022,106581.0,349.0,867.0,327.45,813.47
Texas,Bell,2022,387775.0,97.0,517.0,25.01,133.32
Texas,Bexar,2022,2065661.0,912.0,6082.0,44.15,294.43
Texas,Bowie,2022,91623.0,43.0,233.0,46.93,254.3
Texas,Brazoria,2022,388637.0,231.0,1468.0,59.44,377.73
Texas,Brazos,2022,242285.0,74.0,362.0,30.54,149.41
Texas,Burleson,2022,18702.0,28.0,97.0,149.72,518.66
Texas,Caldwell,2022,47995.0,44.0,82.0,91.68,170.85
Texas,Callahan,2022,14266.0,12.0,44.0,84.12,308.43
Texas,Cameron,2022,425841.0,283.0,714.0,66.46,167.67
Texas,Carson,2022,5821.0,18.0,17.0,309.23,292.05
Texas,Chambers,2022,51348.0,136.0,827.0,264.86,1610.58
Texas,Clay,2022,10486.0,15.0,61.0,143.05,581.73
Texas,Collin,2022,1163646.0,64.0,424.0,5.5,36.44
Texas,Comal,2022,184600.0,115.0,766.0,62.3,414.95
Texas,Coryell,2022,84160.0,17.0,85.0,20.2,101.0
Texas,Crosby,2022,5004.0,4.0,21.0,79.94,419.66
Texas,Dallas,2022,2613911.0,39.0,184.0,1.49,7.04
Texas,Denton,2022,980835.0,56.0,386.0,5.71,39.35
Texas,Ector,2022,161879.0,98.0,254.0,60.54,156.91
Texas,Ellis,2022,212488.0,86.0,384.0,40.47,180.72
Texas,El Paso,2022,868332.0,360.0,973.0,41.46,112.05
Texas,Fort Bend,2022,893314.0,938.0,5577.0,105.0,624.3
Texas,Galveston,2022,357747.0,146.0,620.0,40.81,173.31
Texas,Goliad,2022,7147.0,15.0,87.0,209.88,1217.29
Texas,Grayson,2022,143277.0,73.0,436.0,50.95,304.31
Texas,Gregg,2022,125614.0,78.0,243.0,62.09,193.45
Texas,Hardin,2022,57802.0,53.0,238.0,91.69,411.75
Texas,Harris,2022,4809691.0,9199.0,50747.0,191.26,1055.1
Texas,Harrison,2022,69995.0,67.0,426.0,95.72,608.61
Texas,Hays,2022,269554.0,191.0,894.0,70.86,331.66
Texas,Hidalgo,2022,888619.0,564.0,2842.0,63.47,319.82
Texas,Hudspeth,2022,3398.0,0.0,2.0,0.0,58.86
Texas,Hunt,2022,108546.0,341.0,527.0,314.15,485.51
Texas,Irion,2022,1538.0,5.0,10.0,325.1,650.2
Texas,Jefferson,2022,252341.0,73.0,374.0,28.93,148.21
Texas,Johnson,2022,195956.0,149.0,616.0,76.04,314.36
Texas,Jones,2022,20337.0,10.0,42.0,49.17,206.52
Texas,Kaufman,2022,172773.0,125.0,562.0,72.35,325.28
Texas,Kendall,2022,49058.0,11.0,107.0,22.42,218.11
Texas,Lampasas,2022,22769.0,9.0,21.0,39.53,92.23
Texas,Liberty,2022,102615.0,194.0,817.0,189.06,796.18
Texas,Lubbock,2022,317940.0,131.0,628.0,41.2,197.52
Texas,Lynn,2022,5757.0,2.0,11.0,34.74,191.07
Texas,Martin,2022,5267.0,9.0,107.0,170.88,2031.52
Texas,McLennan,2022,266125.0,99.0,520.0,37.2,195.4
Texas,Medina,2022,53739.0,57.0,285.0,106.07,530.34
Texas,Midland,2022,172955.0,129.0,637.0,74.59,368.3
Texas,Montgomery,2022,681285.0,1092.0,5336.0,160.29,783.23
Texas,Nueces,2022,351831.0,42.0,158.0,11.94,44.91
Texas,Oldham,2022,1763.0,0.0,2.0,0.0,113.44
Texas,Orange,2022,85103.0,80.0,370.0,94.0,434.77
Texas,Parker,2022,165814.0,131.0,902.0,79.0,543.98
Texas,Potter,2022,115110.0,63.0,203.0,54.73,176.35
Texas,Randall,2022,146088.0,59.0,151.0,40.39,103.36
Texas,Robertson,2022,17129.0,25.0,117.0,145.95,683.05
Texas,Rockwall,2022,123439.0,16.0,65.0,12.96,52.66
Texas,Rusk,2022,52569.0,61.0,353.0,116.04,671.5
Texas,Smith,2022,242225.0,310.0,865.0,127.98,357.11
Texas,Sterling,2022,1411.0,1.0,9.0,70.87,637.85
Texas,Tarrant,2022,2160356.0,139.0,750.0,6.43,34.72
Texas,Taylor,2022,145346.0,20.0,84.0,13.76,57.79
Texas,Tom Green,2022,118979.0,49.0,166.0,41.18,139.52
Texas,Travis,2022,1335984.0,860.0,3538.0,64.37,264.82
Texas,Upshur,2022,42497.0,63.0,162.0,148.25,381.2
Texas,Victoria,2022,91138.0,78.0,213.0,85.58,233.71
Texas,Waller,2022,62110.0,84.0,325.0,135.24,523.27
Texas,Webb,2022,268450.0,44.0,134.0,16.39,49.92
Texas,Wichita,2022,130106.0,20.0,79.0,15.37,60.72
Texas,Williamson,2022,674478.0,175.0,1709.0,25.95,253.38
Texas,Wilson,2022,52752.0,56.0,349.0,106.16,661.59
Texas,Wise,2022,74888.0,94.0,357.0,125.52,476.71
Texas,Andrews,2022,18343.0,1.0,56.0,5.45,305.29
Texas,Angelina,2022,87209.0,148.0,552.0,169.71,632.96
Texas,Aransas,2022,24963.0,73.0,160.0,292.43,640.95
Texas,Bailey,2022,6835.0,2.0,12.0,29.26,175.57
Texas,Baylor,2022,3466.0,1.0,10.0,28.85,288.52
Texas,Bee,2022,31069.0,32.0,135.0,103.0,434.52
Texas,Blanco,2022,12417.0,13.0,68.0,104.7,547.64
Texas,Borden,2022,582.0,1.0,8.0,171.82,1374.57
Texas,Bosque,2022,18690.0,8.0,44.0,42.8,235.42
Texas,Brewster,2022,9363.0,3.0,10.0,32.04,106.8
Texas,Briscoe,2022,1438.0,0.0,12.0,0.0,834.49
Texas,Brooks,2022,6940.0,0.0,0.0,0.0,0.0
Texas,Brown,2022,38399.0,34.0,175.0,88.54,455.74
Texas,Burnet,2022,52660.0,66.0,227.0,125.33,431.07
Texas,Calhoun,2022,19709.0,19.0,59.0,96.4,299.36
Texas,Camp,2022,12735.0,8.0,54.0,62.82,424.03
Texas,Cass,2022,28495.0,18.0,103.0,63.17,361.47
Texas,Castro,2022,7285.0,5.0,16.0,68.63,219.63
Texas,Cherokee,2022,51665.0,111.0,338.0,214.85,654.21
Texas,Childress,2022,6837.0,1.0,23.0,14.63,336.4
Texas,Cochran,2022,2533.0,1.0,36.0,39.48,1421.24
Texas,Coke,2022,3349.0,1.0,154.0,29.86,4598.39
Texas,Coleman,2022,7863.0,2.0,17.0,25.44,216.2
Texas,Collingsworth,2022,2585.0,0.0,3.0,0.0,116.05
Texas,Colorado,2022,20895.0,20.0,121.0,95.72,579.09
Texas,Comanche,2022,13905.0,11.0,62.0,79.11,445.88
Texas,Concho,2022,3392.0,3.0,10.0,88.44,294.81
Texas,Cooke,2022,43036.0,28.0,124.0,65.06,288.13
Texas,Crane,2022,4552.0,2.0,3.0,43.94,65.91
Texas,Crockett,2022,2956.0,3.0,21.0,101.49,710.42
Texas,Dallam,2022,7247.0,3.0,6.0,41.4,82.79
Texas,Dawson,2022,12167.0,1.0,42.0,8.22,345.2
Texas,Deaf Smith,2022,18423.0,8.0,26.0,43.42,141.13
Texas,Delta,2022,5402.0,13.0,48.0,240.65,888.56
Texas,DeWitt,2022,19790.0,16.0,68.0,80.85,343.61
Texas,Donley,2022,3276.0,12.0,19.0,366.3,579.98
Texas,Duval,2022,9698.0,32.0,90.0,329.96,928.03
Texas,Eastland,2022,17895.0,10.0,41.0,55.88,229.11
Texas,Edwards,2022,1427.0,5.0,20.0,350.39,1401.54
Texas,Erath,2022,43876.0,9.0,67.0,20.51,152.7
Texas,Fannin,2022,37219.0,39.0,165.0,104.79,443.32
Texas,Fayette,2022,24972.0,17.0,101.0,68.08,404.45
Texas,Fisher,2022,3639.0,17.0,36.0,467.16,989.28
Texas,Floyd,2022,5246.0,4.0,25.0,76.25,476.55
Texas,Foard,2022,1053.0,0.0,0.0,0.0,0.0
Texas,Franklin,2022,10645.0,12.0,36.0,112.73,338.19
Texas,Freestone,2022,19997.0,19.0,81.0,95.01,405.06
Texas,Gaines,2022,22107.0,7.0,72.0,31.66,325.69
Texas,Garza,2022,4502.0,9.0,36.0,199.91,799.64
Texas,Gillespie,2022,27540.0,15.0,34.0,54.47,123.46
Texas,Glasscock,2022,1143.0,0.0,42.0,0.0,3674.54
Texas,Gonzales,2022,19847.0,40.0,118.0,201.54,594.55
Texas,Gray,2022,20951.0,7.0,29.0,33.41,138.42
Texas,Grimes,2022,31163.0,62.0,187.0,198.95,600.07
Texas,Hall,2022,2814.0,3.0,8.0,106.61,284.29
Texas,Hamilton,2022,8310.0,4.0,10.0,48.13,120.34
Texas,Hansford,2022,5112.0,0.0,12.0,0.0,234.74
Texas,Hardeman,2022,3505.0,4.0,17.0,114.12,485.02
Texas,Hartley,2022,5216.0,2.0,4.0,38.34,76.69
Texas,Haskell,2022,5422.0,2.0,18.0,36.89,331.98
Texas,Hemphill,2022,3205.0,6.0,29.0,187.21,904.84
Texas,Henderson,2022,84610.0,162.0,550.0,191.47,650.04
Texas,Hill,2022,37314.0,54.0,253.0,144.72,678.03
Texas,Hockley,2022,21205.0,20.0,125.0,94.32,589.48
Texas,Hood,2022,66299.0,46.0,313.0,69.38,472.1
Texas,Hopkins,2022,37815.0,26.0,40.0,68.76,105.78
Texas,Houston,2022,21939.0,13.0,98.0,59.26,446.69
Texas,Howard,2022,30764.0,36.0,269.0,117.02,874.4
Texas,Hutchinson,2022,20175.0,16.0,53.0,79.31,262.7
Texas,Jack,2022,8738.0,4.0,17.0,45.78,194.55
Texas,Jackson,2022,15156.0,10.0,59.0,65.98,389.28
Texas,Jasper,2022,32528.0,31.0,198.0,95.3,608.71
Texas,Jeff Davis,2022,1909.0,1.0,5.0,52.38,261.92
Texas,Jim Hogg,2022,4749.0,7.0,39.0,147.4,821.23
Texas,Jim Wells,2022,38747.0,81.0,221.0,209.05,570.37
Texas,Karnes,2022,14989.0,5.0,81.0,33.36,540.4
Texas,Kenedy,2022,356.0,1.0,2.0,280.9,561.8
Texas,Kerr,2022,53782.0,40.0,166.0,74.37,308.65
Texas,Kimble,2022,4445.0,1.0,3.0,22.5,67.49
Texas,King,2022,231.0,0.0,0.0,0.0,0.0
Texas,Kleberg,2022,30437.0,10.0,29.0,32.85,95.28
Texas,Lamar,2022,50488.0,46.0,187.0,91.11,370.39
Texas,Lamb,2022,12747.0,9.0,29.0,70.6,227.5
Texas,La Salle,2022,6513.0,1.0,8.0,15.35,122.83
Texas,Lavaca,2022,20658.0,11.0,48.0,53.25,232.36
Texas,Lee,2022,17972.0,23.0,69.0,127.98,383.93
Texas,Leon,2022,16219.0,21.0,147.0,129.48,906.34
Texas,Limestone,2022,22337.0,40.0,164.0,179.08,734.21
Texas,Lipscomb,2022,2856.0,3.0,5.0,105.04,175.07
Texas,Llano,2022,22739.0,23.0,161.0,101.15,708.03
Texas,Loving,2022,46.0,0.0,23.0,0.0,50000.0
Texas,Madison,2022,13634.0,11.0,37.0,80.68,271.38
Texas,Marion,2022,9673.0,32.0,111.0,330.82,1147.52
Texas,Mason,2022,3983.0,0.0,3.0,0.0,75.32
Texas,Matagorda,2022,36107.0,98.0,301.0,271.42,833.63
Texas,Maverick,2022,57718.0,90.0,481.0,155.93,833.36
Texas,McCulloch,2022,7505.0,9.0,25.0,119.92,333.11
Texas,Milam,2022,25668.0,5.0,61.0,19.48,237.65
Texas,Mills,2022,4497.0,4.0,15.0,88.95,333.56
Texas,Montague,2022,21106.0,24.0,101.0,113.71,478.54
Texas,Moore,2022,21092.0,12.0,30.0,56.89,142.23
Texas,Morris,2022,12074.0,23.0,29.0,190.49,240.19
Texas,Motley,2022,1030.0,6.0,3.0,582.52,291.26
Texas,Nacogdoches,2022,65015.0,33.0,222.0,50.76,341.46
Texas,Navarro,2022,54755.0,54.0,202.0,98.62,368.92
Texas,Newton,2022,12086.0,19.0,68.0,157.21,562.63
Texas,Nolan,2022,14434.0,8.0,23.0,55.42,159.35
Texas,Ochiltree,2022,9662.0,5.0,22.0,51.75,227.7
Texas,Palo Pinto,2022,29312.0,25.0,114.0,85.29,388.92
Texas,Panola,2022,22722.0,41.0,164.0,180.44,721.77
Texas,Parmer,2022,9642.0,1.0,50.0,10.37,518.56
Texas,Polk,2022,52834.0,79.0,464.0,149.52,878.22
Texas,Presidio,2022,5934.0,0.0,1.0,0.0,16.85
Texas,Reagan,2022,3154.0,4.0,23.0,126.82,729.23
Texas,Real,2022,2814.0,4.0,55.0,142.15,1954.51
Texas,Red River,2022,11606.0,12.0,29.0,103.39,249.87
Texas,Refugio,2022,6650.0,7.0,35.0,105.26,526.32
Texas,Roberts,2022,805.0,0.0,1.0,0.0,124.22
Texas,Runnels,2022,9888.0,5.0,13.0,50.57,131.47
Texas,Sabine,2022,10039.0,12.0,39.0,119.53,388.48
Texas,San Augustine,2022,7880.0,16.0,69.0,203.05,875.63
Texas,Schleicher,2022,2350.0,4.0,15.0,170.21,638.3
Texas,Scurry,2022,16220.0,7.0,47.0,43.16,289.77
Texas,Shackelford,2022,3211.0,6.0,12.0,186.86,373.72
Texas,Shelby,2022,24165.0,33.0,204.0,136.56,844.2
Texas,Somervell,2022,9793.0,1.0,76.0,10.21,776.06
Texas,Starr,2022,65696.0,45.0,133.0,68.5,202.45
Texas,Stephens,2022,9368.0,8.0,32.0,85.4,341.59
Texas,Sutton,2022,3242.0,1.0,3.0,30.85,92.54
Texas,Swisher,2022,6944.0,3.0,16.0,43.2,230.41
Texas,Terrell,2022,697.0,0.0,0.0,0.0,0.0
Texas,Terry,2022,11437.0,1.0,57.0,8.74,498.38
Texas,Throckmorton,2022,1546.0,1.0,5.0,64.68,323.42
Texas,Titus,2022,31222.0,33.0,131.0,105.69,419.58
Texas,Trinity,2022,13992.0,20.0,78.0,142.94,557.46
Texas,Tyler,2022,20444.0,24.0,140.0,117.39,684.8
Texas,Upton,2022,3153.0,3.0,21.0,95.15,666.03
Texas,Uvalde,2022,24863.0,18.0,74.0,72.4,297.63
Texas,Val Verde,2022,47552.0,57.0,134.0,119.87,281.8
Texas,Van Zandt,2022,62858.0,44.0,270.0,70.0,429.54
Texas,Walker,2022,79826.0,67.0,309.0,83.93,387.09
Texas,Ward,2022,10953.0,13.0,136.0,118.69,1241.67
Texas,Washington,2022,36371.0,30.0,99.0,82.48,272.19
Texas,Wharton,2022,41815.0,82.0,289.0,196.1,691.14
Texas,Wheeler,2022,4797.0,5.0,8.0,104.23,166.77
Texas,Wilbarger,2022,12540.0,2.0,18.0,15.95,143.54
Texas,Willacy,2022,20197.0,19.0,71.0,94.07,351.54
Texas,Winkler,2022,7391.0,3.0,53.0,40.59,717.09
Texas,Wood,2022,47141.0,61.0,268.0,129.4,568.51
Texas,Yoakum,2022,7490.0,10.0,33.0,133.51,440.59
Texas,Young,2022,17997.0,9.0,20.0,50.01,111.13
Texas,Zapata,2022,13827.0,5.0,33.0,36.16,238.66
Texas,Zavala,2022,9390.0,14.0,44.0,149.09,468.58
Utah,Box Elder,2022,61548.0,10.0,91.0,16.25,147.85
Utah,Cache,2022,140419.0,72.0,254.0,51.28,180.89
Utah,Davis,2022,370527.0,17.0,190.0,4.59,51.28
Utah,Morgan,2022,12857.0,12.0,80.0,93.33,622.23
Utah,Salt Lake County Unified Police Department,2022,1194746.0,513.0,5215.0,42.94,436.49
Utah,Tooele,2022,80029.0,51.0,252.0,63.73,314.89
Utah,Utah,2022,705241.0,75.0,290.0,10.63,41.12
Utah,Washington,2022,197936.0,29.0,81.0,14.65,40.92
Utah,Weber,2022,269800.0,88.0,685.0,32.62,253.89
Utah,Beaver,2022,7334.0,13.0,55.0,177.26,749.93
Utah,Carbon,2022,20517.0,19.0,59.0,92.61,287.57
Utah,Duchesne,2022,20156.0,51.0,216.0,253.03,1071.64
Utah,Garfield,2022,5268.0,6.0,39.0,113.9,740.32
Utah,Grand,2022,9807.0,10.0,52.0,101.97,530.23
Utah,Iron,2022,62544.0,21.0,91.0,33.58,145.5
Utah,Kane,2022,8205.0,16.0,23.0,195.0,280.32
Utah,Millard,2022,13393.0,28.0,137.0,209.06,1022.92
Utah,San Juan,2022,14383.0,4.0,7.0,27.81,48.67
Utah,Sanpete,2022,29771.0,29.0,56.0,97.41,188.1
Utah,Sevier,2022,22078.0,9.0,67.0,40.76,303.47
Utah,Summit,2022,43106.0,63.0,359.0,146.15,832.83
Utah,Wasatch,2022,36671.0,30.0,83.0,81.81,226.34
Vermont,Franklin,2022,50708.0,26.0,163.0,51.27,321.45
Vermont,Lamoille,2022,26141.0,11.0,69.0,42.08,263.95
Vermont,Orange,2022,29883.0,8.0,25.0,26.77,83.66
Vermont,Orleans,2022,27623.0,11.0,85.0,39.82,307.71
Vermont,Rutland,2022,60393.0,3.0,11.0,4.97,18.21
Vermont,Windham,2022,45925.0,1.0,9.0,2.18,19.6
Virginia,Albemarle County Police Department,2022,114871.0,120.0,1800.0,104.47,1566.98
Virginia,Amelia,2022,13418.0,16.0,127.0,119.24,946.49
Virginia,Amherst,2022,31525.0,65.0,350.0,206.19,1110.23
Virginia,Appomattox,2022,16695.0,32.0,100.0,191.67,598.98
Virginia,Arlington County Police Department,2022,233476.0,600.0,4096.0,256.99,1754.36
Virginia,Augusta,2022,77931.0,79.0,739.0,101.37,948.27
Virginia,Bedford,2022,80832.0,78.0,530.0,96.5,655.68
Virginia,Botetourt,2022,34088.0,40.0,205.0,117.34,601.38
Virginia,Campbell,2022,55034.0,90.0,580.0,163.54,1053.89
Virginia,Charles City,2022,6582.0,10.0,56.0,151.93,850.81
Virginia,Chesterfield County Police Department,2022,378739.0,741.0,5205.0,195.65,1374.3
Virginia,Clarke,2022,15311.0,4.0,43.0,26.13,280.84
Virginia,Craig,2022,4855.0,8.0,30.0,164.78,617.92
Virginia,Culpeper,2022,54315.0,51.0,121.0,93.9,222.77
Virginia,Dinwiddie,2022,28137.0,121.0,318.0,430.04,1130.18
Virginia,Fairfax County Police Department,2022,1138853.0,1212.0,16752.0,106.42,1470.95
Virginia,Fairfax County Police Department,2022,24657.0,1212.0,16752.0,4915.44,67940.14
Virginia,Fauquier,2022,74689.0,49.0,260.0,65.61,348.11
Virginia,Fluvanna,2022,28126.0,34.0,152.0,120.88,540.43
Virginia,Franklin,2022,55054.0,62.0,403.0,112.62,732.01
Virginia,Franklin,2022,8251.0,62.0,403.0,751.42,4884.26
Virginia,Frederick,2022,94855.0,55.0,891.0,57.98,939.33
Virginia,Giles,2022,16434.0,18.0,89.0,109.53,541.56
Virginia,Gloucester,2022,39554.0,44.0,348.0,111.24,879.81
Virginia,Goochland,2022,26212.0,23.0,199.0,87.75,759.19
Virginia,Greene,2022,21021.0,13.0,235.0,61.84,1117.93
Virginia,Hanover,2022,112955.0,190.0,977.0,168.21,864.95
Virginia,Henrico County Police Department,2022,335033.0,667.0,8087.0,199.08,2413.79
Virginia,Isle of Wight,2022,40133.0,53.0,232.0,132.06,578.08
Virginia,James City County Police Department,2022,,91.0,825.0,,
Virginia,King and Queen,2022,6712.0,6.0,17.0,89.39,253.28
Virginia,King William,2022,18518.0,16.0,79.0,86.4,426.61
Virginia,Loudoun,2022,432672.0,295.0,2362.0,68.18,545.91
Virginia,Madison,2022,14003.0,5.0,88.0,35.71,628.44
Virginia,Mathews,2022,8469.0,12.0,53.0,141.69,625.81
Virginia,Montgomery,2022,98746.0,116.0,288.0,117.47,291.66
Virginia,Nelson,2022,14687.0,23.0,167.0,156.6,1137.06
Virginia,New Kent,2022,24972.0,48.0,146.0,192.22,584.65
Virginia,Powhatan,2022,31592.0,55.0,348.0,174.09,1101.54
Virginia,Prince George County Police Department,2022,43086.0,131.0,457.0,304.04,1060.67
Virginia,Prince William County Police Department,2022,487524.0,1300.0,6387.0,266.65,1310.09
Virginia,Pulaski,2022,33650.0,32.0,543.0,95.1,1613.67
Virginia,Rappahannock,2022,7444.0,10.0,50.0,134.34,671.68
Virginia,Roanoke County Police Department,2022,96878.0,226.0,1090.0,233.28,1125.13
Virginia,Roanoke County Police Department,2022,97922.0,226.0,1090.0,230.8,1113.13
Virginia,Rockingham,2022,85494.0,86.0,315.0,100.59,368.45
Virginia,Scott,2022,21506.0,48.0,258.0,223.19,1199.67
Virginia,Southampton,2022,17896.0,24.0,199.0,134.11,1111.98
Virginia,Spotsylvania,2022,146798.0,237.0,655.0,161.45,446.19
Virginia,Stafford,2022,163226.0,307.0,1374.0,188.08,841.78
Virginia,Sussex,2022,10657.0,40.0,126.0,375.34,1182.32
Virginia,Warren,2022,41424.0,23.0,203.0,55.52,490.05
Virginia,Washington,2022,53863.0,43.0,587.0,79.83,1089.8
Virginia,York,2022,71206.0,117.0,1070.0,164.31,1502.68
Virginia,Accomack,2022,33221.0,96.0,221.0,288.97,665.24
Virginia,Alleghany,2022,14757.0,17.0,232.0,115.2,1572.14
Virginia,Bath,2022,4074.0,5.0,10.0,122.73,245.46
Virginia,Bland,2022,6151.0,2.0,50.0,32.52,812.88
Virginia,Brunswick,2022,15846.0,18.0,117.0,113.59,738.36
Virginia,Buchanan,2022,19318.0,62.0,262.0,320.94,1356.25
Virginia,Buckingham,2022,16979.0,14.0,164.0,82.45,965.9
Virginia,Caroline,2022,31973.0,68.0,232.0,212.68,725.61
Virginia,Carroll,2022,29097.0,28.0,210.0,96.23,721.72
Virginia,Charlotte,2022,11422.0,13.0,101.0,113.82,884.26
Virginia,Cumberland,2022,9758.0,10.0,33.0,102.48,338.18
Virginia,Dickenson,2022,13711.0,11.0,50.0,80.23,364.67
Virginia,Essex,2022,10635.0,19.0,47.0,178.66,441.94
Virginia,Floyd,2022,15616.0,14.0,72.0,89.65,461.07
Virginia,Grayson,2022,15320.0,7.0,128.0,45.69,835.51
Virginia,Halifax,2022,33612.0,33.0,148.0,98.18,440.32
Virginia,Henry,2022,49772.0,118.0,759.0,237.08,1524.95
Virginia,King George,2022,27868.0,37.0,272.0,132.77,976.03
Virginia,Lancaster,2022,10835.0,17.0,35.0,156.9,323.03
Virginia,Lee,2022,21853.0,44.0,218.0,201.35,997.57
Virginia,Louisa,2022,39989.0,35.0,321.0,87.52,802.72
Virginia,Lunenburg,2022,12016.0,12.0,58.0,99.87,482.69
Virginia,Mecklenburg,2022,30494.0,31.0,134.0,101.66,439.43
Virginia,Middlesex,2022,10953.0,9.0,90.0,82.17,821.69
Virginia,Northampton,2022,11969.0,21.0,61.0,175.45,509.65
Virginia,Nottoway,2022,15558.0,11.0,75.0,70.7,482.07
Virginia,Orange,2022,38015.0,56.0,164.0,147.31,431.41
Virginia,Page,2022,23744.0,17.0,140.0,71.6,589.62
Virginia,Patrick,2022,17559.0,47.0,215.0,267.67,1224.44
Virginia,Pittsylvania,2022,59862.0,59.0,372.0,98.56,621.43
Virginia,Prince Edward,2022,21848.0,30.0,100.0,137.31,457.71
Virginia,Richmond,2022,9096.0,17.0,20.0,186.9,219.88
Virginia,Richmond,2022,228936.0,17.0,20.0,7.43,8.74
Virginia,Rockbridge,2022,22600.0,28.0,279.0,123.89,1234.51
Virginia,Russell,2022,25449.0,43.0,145.0,168.97,569.77
Virginia,Shenandoah,2022,44892.0,31.0,183.0,69.05,407.65
Virginia,Smyth,2022,29398.0,19.0,157.0,64.63,534.05
Virginia,Surry,2022,6503.0,5.0,43.0,76.89,661.23
Virginia,Tazewell,2022,39638.0,50.0,226.0,126.14,570.16
Virginia,Westmoreland,2022,18712.0,34.0,84.0,181.7,448.91
Virginia,Wise,2022,35341.0,60.0,359.0,169.77,1015.82
Virginia,Wythe,2022,28149.0,16.0,148.0,56.84,525.77
Washington,Asotin,2022,22489.0,15.0,168.0,66.7,747.03
Washington,Benton,2022,212818.0,73.0,610.0,34.3,286.63
Washington,Chelan,2022,80011.0,25.0,317.0,31.25,396.2
Washington,Clark,2022,516807.0,348.0,3904.0,67.34,755.41
Washington,Cowlitz,2022,112021.0,67.0,472.0,59.81,421.35
Washington,Douglas,2022,44116.0,24.0,302.0,54.4,684.56
Washington,Franklin,2022,98445.0,33.0,243.0,33.52,246.84
Washington,King,2022,2265822.0,656.0,3973.0,28.95,175.34
Washington,Kitsap,2022,277805.0,595.0,3974.0,214.18,1430.5
Washington,Pierce,2022,927456.0,1541.0,9473.0,166.15,1021.4
Washington,Skagit,2022,131116.0,78.0,878.0,59.49,669.64
Washington,Skamania,2022,12456.0,8.0,76.0,64.23,610.15
Washington,Snohomish,2022,840860.0,481.0,3922.0,57.2,466.43
Washington,Spokane,2022,549602.0,220.0,2637.0,40.03,479.8
Washington,Stevens,2022,48282.0,27.0,224.0,55.92,463.94
Washington,Thurston,2022,298556.0,248.0,1607.0,83.07,538.26
Washington,Walla Walla,2022,62022.0,44.0,246.0,70.94,396.63
Washington,Whatcom,2022,230641.0,141.0,910.0,61.13,394.55
Washington,Yakima,2022,256550.0,175.0,1339.0,68.21,521.93
Washington,Adams,2022,20849.0,48.0,376.0,230.23,1803.44
Washington,Clallam,2022,77638.0,69.0,512.0,88.87,659.47
Washington,Columbia,2022,4021.0,4.0,93.0,99.48,2312.86
Washington,Ferry,2022,7440.0,7.0,34.0,94.09,456.99
Washington,Garfield,2022,2354.0,30.0,39.0,1274.43,1656.75
Washington,Grant,2022,101277.0,116.0,1085.0,114.54,1071.32
Washington,Grays Harbor,2022,77108.0,37.0,297.0,47.98,385.17
Washington,Island,2022,86738.0,41.0,609.0,47.27,702.11
Washington,Jefferson,2022,33597.0,32.0,361.0,95.25,1074.5
Washington,Kittitas,2022,47322.0,30.0,228.0,63.4,481.81
Washington,Lewis,2022,85293.0,85.0,592.0,99.66,694.08
Washington,Lincoln,2022,11602.0,19.0,108.0,163.76,930.87
Washington,Mason,2022,68244.0,90.0,782.0,131.88,1145.89
Washington,Pend Oreille,2022,14145.0,18.0,145.0,127.25,1025.1
Washington,San Juan,2022,18668.0,6.0,125.0,32.14,669.6
Washington,Wahkiakum,2022,4693.0,2.0,17.0,42.62,362.24
West Virginia,Berkeley,2022,129515.0,98.0,326.0,75.67,251.71
West Virginia,Cabell,2022,92492.0,54.0,506.0,58.38,547.07
West Virginia,Fayette,2022,39408.0,29.0,162.0,73.59,411.08
West Virginia,Jackson,2022,27614.0,56.0,27.0,202.8,97.78
West Virginia,Jefferson,2022,58935.0,32.0,167.0,54.3,283.36
West Virginia,Marshall,2022,29687.0,11.0,55.0,37.05,185.27
West Virginia,Mineral,2022,26871.0,7.0,43.0,26.05,160.02
West Virginia,Preston,2022,34227.0,4.0,78.0,11.69,227.89
West Virginia,Raleigh,2022,72858.0,103.0,562.0,141.37,771.36
West Virginia,Wirt,2022,5097.0,6.0,16.0,117.72,313.91
West Virginia,Doddridge,2022,7720.0,14.0,37.0,181.35,479.27
West Virginia,Grant,2022,10963.0,9.0,1.0,82.09,9.12
West Virginia,Hardy,2022,14232.0,2.0,10.0,14.05,70.26
West Virginia,Logan,2022,31250.0,81.0,3.0,259.2,9.6
West Virginia,Marion,2022,55806.0,41.0,166.0,73.47,297.46
West Virginia,McDowell,2022,17795.0,6.0,1.0,33.72,5.62
West Virginia,Mingo,2022,22433.0,35.0,18.0,156.02,80.24
West Virginia,Monroe,2022,12312.0,0.0,16.0,0.0,129.95
West Virginia,Nicholas,2022,24257.0,79.0,6.0,325.68,24.74
West Virginia,Pleasants,2022,7568.0,0.0,0.0,0.0,0.0
West Virginia,Randolph,2022,27556.0,52.0,89.0,188.71,322.98
West Virginia,Summers,2022,11693.0,11.0,20.0,94.07,171.04
West Virginia,Upshur,2022,23717.0,3.0,4.0,12.65,16.87
West Virginia,Wetzel,2022,14012.0,45.0,37.0,321.15,264.06
West Virginia,Wyoming,2022,20573.0,59.0,46.0,286.78,223.59
Wisconsin,Brown,2022,270667.0,98.0,819.0,36.21,302.59
Wisconsin,Calumet,2022,52795.0,9.0,88.0,17.05,166.68
Wisconsin,Chippewa,2022,66774.0,35.0,191.0,52.42,286.04
Wisconsin,Columbia,2022,58383.0,35.0,134.0,59.95,229.52
Wisconsin,Dane,2022,570754.0,99.0,544.0,17.35,95.31
Wisconsin,Douglas,2022,44217.0,14.0,164.0,31.66,370.9
Wisconsin,Eau Claire,2022,106836.0,15.0,188.0,14.04,175.97
Wisconsin,Fond du Lac,2022,104103.0,36.0,137.0,34.58,131.6
Wisconsin,Green,2022,36888.0,6.0,69.0,16.27,187.05
Wisconsin,Iowa,2022,23950.0,14.0,36.0,58.46,150.31
Wisconsin,Kenosha,2022,167870.0,75.0,477.0,44.68,284.15
Wisconsin,Kewaunee,2022,20708.0,15.0,45.0,72.44,217.31
Wisconsin,La Crosse,2022,120346.0,11.0,112.0,9.14,93.06
Wisconsin,Lincoln,2022,28341.0,128.0,77.0,451.64,271.69
Wisconsin,Marathon,2022,138207.0,56.0,307.0,40.52,222.13
Wisconsin,Milwaukee,2022,921471.0,54.0,46.0,5.86,4.99
Wisconsin,Oconto,2022,39639.0,31.0,191.0,78.21,481.85
Wisconsin,Outagamie,2022,192510.0,35.0,421.0,18.18,218.69
Wisconsin,Ozaukee,2022,93080.0,14.0,95.0,15.04,102.06
Wisconsin,Pierce,2022,42557.0,10.0,62.0,23.5,145.69
Wisconsin,Racine,2022,196642.0,34.0,99.0,17.29,50.35
Wisconsin,Rock,2022,163954.0,45.0,193.0,27.45,117.72
Wisconsin,Sheboygan,2022,117787.0,36.0,328.0,30.56,278.47
Wisconsin,St. Croix,2022,96116.0,56.0,297.0,58.26,309.0
Wisconsin,Washington,2022,138062.0,22.0,136.0,15.93,98.51
Wisconsin,Waukesha,2022,410846.0,42.0,296.0,10.22,72.05
Wisconsin,Winnebago,2022,170984.0,15.0,250.0,8.77,146.21
Wisconsin,Adams,2022,21276.0,33.0,116.0,155.1,545.22
Wisconsin,Ashland,2022,16076.0,17.0,47.0,105.75,292.36
Wisconsin,Barron,2022,46776.0,18.0,102.0,38.48,218.06
Wisconsin,Bayfield,2022,16672.0,17.0,124.0,101.97,743.76
Wisconsin,Buffalo,2022,13402.0,12.0,27.0,89.54,201.46
Wisconsin,Burnett,2022,16972.0,31.0,199.0,182.65,1172.52
Wisconsin,Clark,2022,34772.0,17.0,88.0,48.89,253.08
Wisconsin,Crawford,2022,16036.0,24.0,250.0,149.66,1558.99
Wisconsin,Dodge,2022,88642.0,45.0,152.0,50.77,171.48
Wisconsin,Door,2022,30629.0,2.0,21.0,6.53,68.56
Wisconsin,Florence,2022,4706.0,12.0,7.0,254.99,148.75
Wisconsin,Forest,2022,9344.0,10.0,45.0,107.02,481.59
Wisconsin,Grant,2022,51326.0,26.0,142.0,50.66,276.66
Wisconsin,Green Lake,2022,19224.0,2.0,35.0,10.4,182.06
Wisconsin,Iron,2022,6222.0,6.0,12.0,96.43,192.86
Wisconsin,Jefferson,2022,85883.0,23.0,128.0,26.78,149.04
Wisconsin,Juneau,2022,26743.0,37.0,150.0,138.35,560.89
Wisconsin,Lafayette,2022,16957.0,15.0,51.0,88.46,300.76
Wisconsin,Manitowoc,2022,81400.0,21.0,114.0,25.8,140.05
Wisconsin,Marinette,2022,41971.0,31.0,139.0,73.86,331.18
Wisconsin,Marquette,2022,15797.0,3.0,77.0,18.99,487.43
Wisconsin,Monroe,2022,46043.0,22.0,38.0,47.78,82.53
Wisconsin,Oneida,2022,38225.0,25.0,105.0,65.4,274.69
Wisconsin,Polk,2022,45590.0,50.0,135.0,109.67,296.12
Wisconsin,Portage,2022,70764.0,47.0,123.0,66.42,173.82
Wisconsin,Price,2022,14167.0,3.0,56.0,21.18,395.28
Wisconsin,Richland,2022,17167.0,8.0,41.0,46.6,238.83
Wisconsin,Rusk,2022,14160.0,33.0,41.0,233.05,289.55
Wisconsin,Sauk,2022,65944.0,36.0,212.0,54.59,321.48
Wisconsin,Sawyer,2022,18556.0,44.0,97.0,237.12,522.74
Wisconsin,Shawano,2022,40976.0,24.0,148.0,58.57,361.19
Wisconsin,Taylor,2022,19976.0,10.0,96.0,50.06,480.58
Wisconsin,Trempealeau,2022,30923.0,8.0,36.0,25.87,116.42
Wisconsin,Vernon,2022,31080.0,14.0,107.0,45.05,344.27
Wisconsin,Vilas,2022,23722.0,0.0,68.0,0.0,286.65
Wisconsin,Walworth,2022,105843.0,19.0,75.0,17.95,70.86
Wisconsin,Washburn,2022,16905.0,13.0,45.0,76.9,266.19
Wisconsin,Waupaca,2022,51660.0,16.0,35.0,30.97,67.75
Wisconsin,Waushara,2022,24923.0,18.0,132.0,72.22,529.63
Wisconsin,Wood,2022,73879.0,45.0,98.0,60.91,132.65
Wyoming,Laramie,2022,100806.0,52.0,324.0,51.58,321.41
Wyoming,Natrona,2022,79585.0,16.0,112.0,20.1,140.73
Wyoming,Albany,2022,38253.0,10.0,49.0,26.14,128.09
Wyoming,Campbell,2022,47058.0,23.0,106.0,48.88,225.25
Wyoming,Converse,2022,13773.0,3.0,43.0,21.78,312.21
Wyoming,Crook,2022,7418.0,3.0,27.0,40.44,363.98
Wyoming,Goshen,2022,12633.0,2.0,49.0,15.83,387.87
Wyoming,Hot Springs,2022,4612.0,0.0,10.0,0.0,216.83
Wyoming,Johnson,2022,8736.0,3.0,39.0,34.34,446.43
Wyoming,Lincoln,2022,20674.0,18.0,76.0,87.07,367.61
Wyoming,Niobrara,2022,2341.0,0.0,6.0,0.0,256.3
Wyoming,Park,2022,30526.0,20.0,69.0,65.52,226.04
Wyoming,Sheridan,2022,32050.0,7.0,38.0,21.84,118.56
Wyoming,Sublette,2022,8760.0,6.0,34.0,68.49,388.13
Wyoming,Sweetwater,2022,41319.0,15.0,82.0,36.3,198.46
Wyoming,Teton,2022,23324.0,5.0,39.0,21.44,167.21
Wyoming,Uinta,2022,20715.0,8.0,48.0,38.62,231.72
Wyoming,Washakie,2022,7738.0,5.0,7.0,64.62,90.46
Wyoming,Weston,2022,6870.0,2.0,20.0,29.11,291.12
Alabama,Autauga,2023,60502.0,47.0,220.0,77.68,363.62
Alabama,Baldwin,2023,254193.0,108.0,196.0,42.49,77.11
Alabama,Bibb,2023,21881.0,25.0,82.0,114.25,374.75
Alabama,Blount,2023,59771.0,111.0,376.0,185.71,629.07
Alabama,Calhoun,2023,116341.0,215.0,246.0,184.8,211.45
Alabama,Chilton,2023,46554.0,93.0,312.0,199.77,670.19
Alabama,Colbert,2023,58459.0,21.0,73.0,35.92,124.87
Alabama,Elmore,2023,90478.0,35.0,226.0,38.68,249.78
Alabama,Etowah,2023,103227.0,17.0,63.0,16.47,61.03
Alabama,Greene,2023,7317.0,7.0,31.0,95.67,423.67
Alabama,Henry,2023,17901.0,31.0,82.0,173.17,458.07
Alabama,Houston,2023,108726.0,125.0,488.0,114.97,448.83
Alabama,Jefferson,2023,664419.0,712.0,2916.0,107.16,438.88
Alabama,Lauderdale,2023,96794.0,110.0,393.0,113.64,406.02
Alabama,Lawrence,2023,33516.0,27.0,82.0,80.56,244.66
Alabama,Lee,2023,184003.0,170.0,740.0,92.39,402.17
Alabama,Macon,2023,18365.0,14.0,55.0,76.23,299.48
Alabama,Madison,2023,413411.0,300.0,1484.0,72.57,358.96
Alabama,Mobile,2023,411693.0,165.0,755.0,40.08,183.39
Alabama,Montgomery,2023,225721.0,121.0,354.0,53.61,156.83
Alabama,Pickens,2023,18678.0,23.0,55.0,123.14,294.46
Alabama,St. Clair,2023,95578.0,85.0,248.0,88.93,259.47
Alabama,Tuscaloosa,2023,238819.0,159.0,476.0,66.58,199.31
Alabama,Walker,2023,64767.0,0.0,0.0,0.0,0.0
Alabama,Barbour,2023,24681.0,8.0,26.0,32.41,105.34
Alabama,Bullock,2023,9898.0,14.0,32.0,141.44,323.3
Alabama,Chambers,2023,34363.0,26.0,89.0,75.66,259.0
Alabama,Cherokee,2023,25650.0,64.0,308.0,249.51,1200.78
Alabama,Choctaw,2023,12264.0,23.0,86.0,187.54,701.24
Alabama,Clarke,2023,22336.0,62.0,92.0,277.58,411.89
Alabama,Clay,2023,14145.0,16.0,60.0,113.11,424.18
Alabama,Cleburne,2023,15645.0,10.0,114.0,63.92,728.67
Alabama,Coffee,2023,55741.0,31.0,137.0,55.61,245.78
Alabama,Conecuh,2023,11153.0,5.0,19.0,44.83,170.36
Alabama,Coosa,2023,10289.0,21.0,97.0,204.1,942.75
Alabama,Covington,2023,37940.0,5.0,20.0,13.18,52.71
Alabama,Crenshaw,2023,13156.0,23.0,92.0,174.83,699.3
Alabama,Cullman,2023,91916.0,103.0,687.0,112.06,747.42
Alabama,Dale,2023,49826.0,22.0,110.0,44.15,220.77
Alabama,Dallas,2023,36271.0,94.0,219.0,259.16,603.79
Alabama,DeKalb,2023,72633.0,22.0,131.0,30.29,180.36
Alabama,Fayette,2023,15966.0,5.0,39.0,31.32,244.27
Alabama,Franklin,2023,32001.0,56.0,184.0,174.99,574.98
Alabama,Lamar,2023,13622.0,2.0,4.0,14.68,29.36
Alabama,Marengo,2023,18672.0,18.0,42.0,96.4,224.94
Alabama,Marion,2023,29277.0,4.0,19.0,13.66,64.9
Alabama,Marshall,2023,101307.0,49.0,193.0,48.37,190.51
Alabama,Monroe,2023,19267.0,25.0,27.0,129.76,140.14
Alabama,Pike,2023,33192.0,17.0,67.0,51.22,201.86
Alabama,Randolph,2023,22800.0,46.0,165.0,201.75,723.68
Alabama,Talladega,2023,81060.0,76.0,386.0,93.76,476.19
Alabama,Tallapoosa,2023,40804.0,22.0,73.0,53.92,178.9
Alabama,Washington,2023,15030.0,23.0,74.0,153.03,492.35
Alabama,Wilcox,2023,9950.0,8.0,31.0,80.4,311.56
Alabama,Winston,2023,23684.0,12.0,102.0,50.67,430.67
Arizona,Cochise,2023,124716.0,105.0,374.0,84.19,299.88
Arizona,Coconino,2023,144554.0,127.0,265.0,87.86,183.32
Arizona,Mohave,2023,223586.0,182.0,1428.0,81.4,638.68
Arizona,Pima,2023,1065239.0,806.0,7152.0,75.66,671.4
Arizona,Pinal,2023,486554.0,271.0,1425.0,55.7,292.88
Arizona,Yavapai,2023,249100.0,226.0,500.0,90.73,200.72
Arizona,Yuma,2023,214228.0,211.0,712.0,98.49,332.36
Arizona,Apache,2023,65055.0,53.0,124.0,81.47,190.61
Arizona,Gila,2023,54040.0,59.0,87.0,109.18,160.99
Arizona,Graham,2023,39552.0,6.0,51.0,15.17,128.94
Arizona,La Paz,2023,16615.0,19.0,162.0,114.35,975.02
Arizona,Navajo,2023,109197.0,70.0,182.0,64.1,166.67
Arizona,Santa Cruz,2023,49204.0,26.0,95.0,52.84,193.07
Arkansas,Benton,2023,311656.0,125.0,288.0,40.11,92.41
Arkansas,Craighead,2023,114216.0,58.0,225.0,50.78,197.0
Arkansas,Crawford,2023,61765.0,65.0,227.0,105.24,367.52
Arkansas,Crittenden,2023,47182.0,134.0,250.0,284.01,529.86
Arkansas,Garland,2023,99772.0,304.0,1175.0,304.69,1177.69
Arkansas,Grant,2023,18409.0,30.0,123.0,162.96,668.15
Arkansas,Little River,2023,11812.0,29.0,48.0,245.51,406.37
Arkansas,Lonoke,2023,75957.0,135.0,336.0,177.73,442.36
Arkansas,Madison,2023,17817.0,28.0,94.0,157.15,527.59
Arkansas,Miller,2023,42472.0,49.0,123.0,115.37,289.6
Arkansas,Perry,2023,10187.0,33.0,104.0,323.94,1020.91
Arkansas,Poinsett,2023,22402.0,58.0,116.0,258.91,517.81
Arkansas,Pulaski,2023,401297.0,465.0,1306.0,115.87,325.44
Arkansas,Saline,2023,129667.0,139.0,411.0,107.2,316.97
Arkansas,Sebastian,2023,129074.0,36.0,108.0,27.89,83.67
Arkansas,Washington,2023,261613.0,159.0,357.0,60.78,136.46
Arkansas,Arkansas,2023,16334.0,14.0,51.0,85.71,312.23
Arkansas,Ashley,2023,18254.0,9.0,77.0,49.3,421.83
Arkansas,Baxter,2023,42746.0,39.0,231.0,91.24,540.4
Arkansas,Boone,2023,38480.0,49.0,162.0,127.34,421.0
Arkansas,Calhoun,2023,4648.0,17.0,32.0,365.75,688.47
Arkansas,Carroll,2023,28806.0,39.0,81.0,135.39,281.19
Arkansas,Chicot,2023,9508.0,5.0,49.0,52.59,515.36
Arkansas,Clark,2023,20891.0,8.0,64.0,38.29,306.35
Arkansas,Clay,2023,14172.0,20.0,50.0,141.12,352.81
Arkansas,Cleburne,2023,25478.0,167.0,203.0,655.47,796.77
Arkansas,Cleveland,2023,7388.0,25.0,39.0,338.39,527.88
Arkansas,Columbia,2023,22192.0,33.0,71.0,148.7,319.94
Arkansas,Conway,2023,21087.0,38.0,175.0,180.21,829.9
Arkansas,Desha,2023,10479.0,17.0,40.0,162.23,381.72
Arkansas,Drew,2023,17011.0,22.0,70.0,129.33,411.5
Arkansas,Franklin,2023,17445.0,67.0,97.0,384.06,556.03
Arkansas,Fulton,2023,12431.0,31.0,76.0,249.38,611.37
Arkansas,Greene,2023,46777.0,76.0,164.0,162.47,350.6
Arkansas,Hempstead,2023,19384.0,41.0,119.0,211.51,613.91
Arkansas,Howard,2023,12565.0,3.0,47.0,23.88,374.05
Arkansas,Independence,2023,38452.0,131.0,312.0,340.68,811.4
Arkansas,Izard,2023,14189.0,72.0,79.0,507.44,556.77
Arkansas,Jackson,2023,16741.0,21.0,83.0,125.44,495.79
Arkansas,Jefferson,2023,63497.0,70.0,387.0,110.24,609.48
Arkansas,Johnson,2023,26135.0,65.0,86.0,248.71,329.06
Arkansas,Lafayette,2023,6080.0,14.0,22.0,230.26,361.84
Arkansas,Lawrence,2023,16181.0,23.0,69.0,142.14,426.43
Arkansas,Lincoln,2023,12906.0,19.0,83.0,147.22,643.11
Arkansas,Logan,2023,21364.0,75.0,147.0,351.06,688.07
Arkansas,Marion,2023,17492.0,42.0,130.0,240.11,743.2
Arkansas,Mississippi,2023,38638.0,45.0,237.0,116.47,613.39
Arkansas,Montgomery,2023,8607.0,30.0,41.0,348.55,476.36
Arkansas,Nevada,2023,8125.0,14.0,33.0,172.31,406.15
Arkansas,Newton,2023,7078.0,19.0,38.0,268.44,536.87
Arkansas,Pike,2023,10187.0,8.0,40.0,78.53,392.66
Arkansas,Polk,2023,19463.0,69.0,52.0,354.52,267.17
Arkansas,Pope,2023,64709.0,100.0,176.0,154.54,271.99
Arkansas,Prairie,2023,8016.0,27.0,66.0,336.83,823.35
Arkansas,Randolph,2023,18869.0,44.0,117.0,233.19,620.06
Arkansas,Scott,2023,9833.0,21.0,48.0,213.57,488.15
Arkansas,Searcy,2023,7844.0,16.0,24.0,203.98,305.97
Arkansas,Sevier,2023,15700.0,32.0,32.0,203.82,203.82
Arkansas,St. Francis,2023,22080.0,47.0,71.0,212.86,321.56
Arkansas,Stone,2023,12668.0,26.0,98.0,205.24,773.6
Arkansas,Union,2023,37413.0,73.0,185.0,195.12,494.48
Arkansas,Van Buren,2023,16175.0,64.0,163.0,395.67,1007.73
Arkansas,White,2023,78473.0,232.0,477.0,295.64,607.85
Arkansas,Woodruff,2023,5941.0,8.0,22.0,134.66,370.31
Arkansas,Yell,2023,20003.0,46.0,79.0,229.97,394.94
California,Alameda,2023,1633055.0,864.0,2944.0,52.91,180.28
California,Butte,2023,207286.0,439.0,870.0,211.78,419.71
California,Contra Costa,2023,1161953.0,514.0,1837.0,44.24,158.1
California,El Dorado,2023,192090.0,347.0,1241.0,180.64,646.05
California,Fresno,2023,1025304.0,1185.0,2952.0,115.58,287.91
California,Imperial,2023,180683.0,175.0,413.0,96.85,228.58
California,Kern,2023,917599.0,3194.0,7863.0,348.08,856.91
California,Kings,2023,153197.0,116.0,334.0,75.72,218.02
California,Los Angeles,2023,9732568.0,6268.0,18148.0,64.4,186.47
California,Madera,2023,163632.0,357.0,908.0,218.17,554.9
California,Marin,2023,255443.0,61.0,339.0,23.88,132.71
California,Merced,2023,294319.0,389.0,1483.0,132.17,503.88
California,Monterey,2023,434107.0,372.0,742.0,85.69,170.93
California,Napa,2023,133628.0,70.0,218.0,52.38,163.14
California,Orange,2023,3149341.0,327.0,1070.0,10.38,33.98
California,Placer,2023,425195.0,543.0,1027.0,127.71,241.54
California,Riverside,2023,2503742.0,1172.0,6780.0,46.81,270.79
California,Sacramento,2023,1596637.0,2749.0,7642.0,172.17,478.63
California,San Benito,2023,68267.0,62.0,131.0,90.82,191.89
California,San Diego,2023,3279736.0,1689.0,3831.0,51.5,116.81
California,San Joaquin,2023,806055.0,824.0,2601.0,102.23,322.68
California,San Luis Obispo,2023,282225.0,705.0,635.0,249.8,225.0
California,San Mateo,2023,733949.0,279.0,1839.0,38.01,250.56
California,Santa Barbara,2023,442878.0,291.0,1043.0,65.71,235.51
California,Santa Clara,2023,1890377.0,308.0,1288.0,16.29,68.13
California,Santa Cruz,2023,263322.0,339.0,899.0,128.74,341.41
California,Sonoma,2023,483405.0,303.0,782.0,62.68,161.77
California,Stanislaus,2023,554459.0,410.0,1022.0,73.95,184.32
California,Sutter,2023,98693.0,126.0,395.0,127.67,400.23
California,Tulare,2023,480816.0,686.0,1474.0,142.67,306.56
California,Ventura,2023,832071.0,127.0,569.0,15.26,68.38
California,Yolo,2023,221962.0,41.0,233.0,18.47,104.97
California,Yuba,2023,85709.0,247.0,547.0,288.18,638.21
California,Alpine,2023,1105.0,9.0,10.0,814.48,904.98
California,Amador,2023,41783.0,64.0,237.0,153.17,567.22
California,Calaveras,2023,46563.0,167.0,500.0,358.65,1073.81
California,Colusa,2023,22052.0,22.0,164.0,99.76,743.7
California,Del Norte,2023,26520.0,65.0,189.0,245.1,712.67
California,Glenn,2023,28168.0,117.0,199.0,415.36,706.48
California,Humboldt,2023,133956.0,201.0,551.0,150.05,411.33
California,Inyo,2023,18420.0,139.0,103.0,754.61,559.17
California,Lake,2023,68026.0,272.0,397.0,399.85,583.6
California,Lassen,2023,28694.0,73.0,186.0,254.41,648.22
California,Mariposa,2023,16934.0,99.0,230.0,584.62,1358.21
California,Modoc,2023,8542.0,38.0,25.0,444.86,292.67
California,Mono,2023,13082.0,24.0,34.0,183.46,259.9
California,Nevada,2023,102060.0,185.0,322.0,181.27,315.5
California,Plumas,2023,19088.0,114.0,201.0,597.23,1053.02
California,Sierra,2023,3160.0,5.0,12.0,158.23,379.75
California,Siskiyou,2023,42856.0,114.0,59.0,266.01,137.67
California,Tehama,2023,65048.0,109.0,342.0,167.57,525.77
California,Trinity,2023,15690.0,96.0,139.0,611.85,885.91
California,Tuolumne,2023,54172.0,327.0,378.0,603.63,697.78
Colorado,Adams,2023,537158.0,374.0,1720.0,69.63,320.2
Colorado,Arapahoe,2023,665778.0,291.0,2234.0,43.71,335.55
Colorado,Boulder,2023,327945.0,105.0,730.0,32.02,222.6
Colorado,Douglas,2023,384579.0,408.0,2393.0,106.09,622.24
Colorado,El Paso,2023,745819.0,558.0,2827.0,74.82,379.05
Colorado,Gilpin,2023,5899.0,4.0,38.0,67.81,644.18
Colorado,Jefferson,2023,578084.0,347.0,2533.0,60.03,438.17
Colorado,Larimer,2023,371192.0,210.0,926.0,56.57,249.47
Colorado,Mesa,2023,159794.0,151.0,945.0,94.5,591.39
Colorado,Alamosa,2023,16695.0,17.0,136.0,101.83,814.62
Colorado,Archuleta,2023,14156.0,16.0,11.0,113.03,77.71
Colorado,Bent,2023,5711.0,10.0,81.0,175.1,1418.32
Colorado,Chaffee,2023,20596.0,10.0,67.0,48.55,325.31
Colorado,Conejos,2023,7500.0,0.0,29.0,0.0,386.67
Colorado,Crowley,2023,5639.0,3.0,33.0,53.2,585.21
Colorado,Custer,2023,5559.0,14.0,34.0,251.84,611.62
Colorado,Delta,2023,31786.0,4.0,113.0,12.58,355.5
Colorado,Dolores,2023,2521.0,6.0,34.0,238.0,1348.67
Colorado,Eagle,2023,54807.0,17.0,123.0,31.02,224.42
Colorado,Fremont,2023,50315.0,24.0,192.0,47.7,381.6
Colorado,Garfield,2023,63215.0,69.0,203.0,109.15,321.13
Colorado,Kiowa,2023,1375.0,0.0,13.0,0.0,945.45
Colorado,Kit Carson,2023,7000.0,0.0,28.0,0.0,400.0
Colorado,La Plata,2023,56408.0,6.0,39.0,10.64,69.14
Colorado,Las Animas,2023,14389.0,8.0,54.0,55.6,375.29
Colorado,Logan,2023,20596.0,15.0,55.0,72.83,267.04
Colorado,Moffat,2023,13388.0,1.0,25.0,7.47,186.73
Colorado,Montezuma,2023,26566.0,23.0,124.0,86.58,466.76
Colorado,Montrose,2023,44238.0,15.0,107.0,33.91,241.87
Colorado,Morgan,2023,29945.0,21.0,152.0,70.13,507.6
Colorado,Otero,2023,18117.0,5.0,47.0,27.6,259.42
Colorado,Ouray,2023,5167.0,1.0,24.0,19.35,464.49
Colorado,Phillips,2023,4460.0,0.0,0.0,0.0,0.0
Colorado,Pitkin,2023,16761.0,6.0,31.0,35.8,184.95
Colorado,Prowers,2023,11766.0,10.0,45.0,84.99,382.46
Colorado,Rio Blanco,2023,6646.0,1.0,17.0,15.05,255.79
Colorado,Rio Grande,2023,11196.0,0.0,0.0,0.0,0.0
Colorado,Routt,2023,25290.0,10.0,64.0,39.54,253.06
Colorado,Saguache,2023,6704.0,3.0,48.0,44.75,715.99
Colorado,San Juan,2023,802.0,0.0,7.0,0.0,872.82
Colorado,San Miguel,2023,7874.0,3.0,7.0,38.1,88.9
Colorado,Summit,2023,31343.0,29.0,161.0,92.52,513.67
Colorado,Washington,2023,4849.0,2.0,42.0,41.25,866.16
Colorado,Yuma,2023,9898.0,4.0,14.0,40.41,141.44
Delaware,New Castle County Police Department,2023,581067.0,784.0,3429.0,134.92,590.12
Delaware,Alachua,2023,,246.0,997.0,,
Delaware,Baker,2023,,102.0,174.0,,
Delaware,Bay,2023,,291.0,1240.0,,
Delaware,Charlotte,2023,,222.0,1286.0,,
Delaware,Clay,2023,,465.0,1822.0,,
Delaware,Collier,2023,,617.0,2675.0,,
Delaware,Flagler,2023,,222.0,697.0,,
Delaware,Hernando,2023,,444.0,1841.0,,
Delaware,Jacksonville Sheriff's Office,2023,,6607.0,25156.0,,
Delaware,Jefferson,2023,,32.0,127.0,,
Delaware,Lee,2023,,1379.0,4976.0,,
Delaware,Leon,2023,,342.0,1226.0,,
Delaware,Levy,2023,,87.0,331.0,,
Delaware,Marion,2023,,797.0,2488.0,,
Delaware,Martin,2023,,283.0,1297.0,,
Delaware,Miami-Dade,2023,,5720.0,27468.0,,
Delaware,Nassau,2023,,125.0,105.0,,
Delaware,Palm Beach,2023,,1382.0,7299.0,,
Delaware,Pinellas,2023,,401.0,2517.0,,
Delaware,Polk,2023,,1430.0,3950.0,,
Delaware,Santa Rosa,2023,,233.0,1117.0,,
Delaware,Sarasota,2023,,365.0,3007.0,,
Delaware,Seminole,2023,,420.0,1852.0,,
Delaware,St. Johns,2023,,69.0,278.0,,
Delaware,St. Lucie,2023,,353.0,1039.0,,
Delaware,Sumter,2023,,101.0,405.0,,
Delaware,Wakulla,2023,,25.0,113.0,,
Delaware,Walton,2023,,115.0,364.0,,
Delaware,Columbia,2023,,186.0,582.0,,
Delaware,Hamilton,2023,,45.0,156.0,,
Delaware,Hardee,2023,,34.0,187.0,,
Delaware,Hendry,2023,,56.0,142.0,,
Delaware,Madison,2023,,67.0,168.0,,
Delaware,Monroe,2023,,161.0,381.0,,
Delaware,Okeechobee,2023,,115.0,506.0,,
Delaware,Putnam,2023,,44.0,401.0,,
Delaware,Taylor,2023,,55.0,117.0,,
Georgia,Augusta-Richmond,2023,205946.0,1142.0,6554.0,554.51,3182.39
Georgia,Barrow,2023,93390.0,95.0,756.0,101.72,809.51
Georgia,Bartow,2023,115098.0,152.0,1020.0,132.06,886.2
Georgia,Brooks,2023,16223.0,23.0,80.0,141.77,493.13
Georgia,Bryan,2023,49843.0,22.0,173.0,44.14,347.09
Georgia,Burke,2023,24354.0,38.0,261.0,156.03,1071.69
Georgia,Butts,2023,26898.0,23.0,150.0,85.51,557.66
Georgia,Carroll,2023,126783.0,116.0,731.0,91.49,576.58
Georgia,Catoosa,2023,69093.0,71.0,280.0,102.76,405.25
Georgia,Cherokee,2023,287040.0,173.0,851.0,60.27,296.47
Georgia,Clarke,2023,130531.0,0.0,0.0,0.0,0.0
Georgia,Cobb County Police Department,2023,781435.0,1138.0,8385.0,145.63,1073.03
Georgia,Columbia,2023,165093.0,113.0,1058.0,68.45,640.85
Georgia,Coweta,2023,156166.0,682.0,825.0,436.71,528.28
Georgia,Crawford,2023,12244.0,22.0,124.0,179.68,1012.74
Georgia,Dawson,2023,31833.0,35.0,209.0,109.95,656.55
Georgia,DeKalb,2023,768424.0,23.0,0.0,2.99,0.0
Georgia,DeKalb County Police Department,2023,768424.0,4515.0,22108.0,587.57,2877.06
Georgia,Dougherty,2023,82757.0,5.0,9.0,6.04,10.88
Georgia,Douglas,2023,149368.0,219.0,925.0,146.62,619.28
Georgia,Effingham,2023,71573.0,41.0,226.0,57.28,315.76
Georgia,Fayette,2023,123535.0,40.0,271.0,32.38,219.37
Georgia,Floyd,2023,100193.0,4.0,0.0,3.99,0.0
Georgia,Floyd County Police Department,2023,100193.0,147.0,542.0,146.72,540.96
Georgia,Forsyth,2023,273572.0,156.0,1116.0,57.02,407.94
Georgia,Fulton,2023,1083022.0,78.0,14.0,7.2,1.29
Georgia,Fulton County Police Department,2023,1083022.0,35.0,68.0,3.23,6.28
Georgia,Gwinnett,2023,992058.0,12.0,14.0,1.21,1.41
Georgia,Gwinnett County Police Department,2023,992058.0,2493.0,10607.0,251.3,1069.19
Georgia,Hall,2023,218510.0,302.0,1338.0,138.21,612.33
Georgia,Haralson,2023,32045.0,43.0,291.0,134.19,908.1
Georgia,Harris,2023,36712.0,9.0,102.0,24.52,277.84
Georgia,Heard,2023,12015.0,7.0,95.0,58.26,790.68
Georgia,Henry,2023,255389.0,4.0,2.0,1.57,0.78
Georgia,Henry County Police Department,2023,255389.0,452.0,2642.0,176.98,1034.5
Georgia,Lanier,2023,10377.0,23.0,102.0,221.64,982.94
Georgia,Lee,2023,33850.0,63.0,255.0,186.12,753.32
Georgia,Lincoln,2023,7884.0,23.0,65.0,291.73,824.45
Georgia,Long,2023,19608.0,20.0,69.0,102.0,351.9
Georgia,Lowndes,2023,120863.0,110.0,870.0,91.01,719.82
Georgia,Lumpkin,2023,35204.0,34.0,175.0,96.58,497.1
Georgia,Madison,2023,32265.0,57.0,267.0,176.66,827.52
Georgia,Marion,2023,7487.0,4.0,30.0,53.43,400.69
Georgia,McDuffie,2023,21854.0,44.0,148.0,201.34,677.22
Georgia,McIntosh,2023,11569.0,30.0,193.0,259.31,1668.25
Georgia,Meriwether,2023,20899.0,31.0,104.0,148.33,497.63
Georgia,Monroe,2023,30598.0,10.0,31.0,32.68,101.31
Georgia,Murray,2023,41012.0,24.0,56.0,58.52,136.55
Georgia,Newton,2023,120268.0,277.0,1306.0,230.32,1085.91
Georgia,Oconee,2023,44114.0,24.0,593.0,54.4,1344.24
Georgia,Paulding,2023,182888.0,580.0,1248.0,317.13,682.38
Georgia,Peach,2023,28974.0,16.0,52.0,55.22,179.47
Georgia,Pickens,2023,35977.0,11.0,147.0,30.58,408.59
Georgia,Pike,2023,20478.0,21.0,102.0,102.55,498.1
Georgia,Rockdale,2023,96131.0,76.0,337.0,79.06,350.56
Georgia,Talbot,2023,5711.0,17.0,26.0,297.67,455.26
Georgia,Twiggs,2023,7660.0,7.0,62.0,91.38,809.4
Georgia,Walton,2023,107080.0,44.0,232.0,41.09,216.66
Georgia,Whitfield,2023,104303.0,322.0,745.0,308.72,714.27
Georgia,Worth,2023,20201.0,35.0,117.0,173.26,579.18
Georgia,Atkinson,2023,8333.0,9.0,48.0,108.0,576.02
Georgia,Baldwin,2023,43427.0,99.0,444.0,227.97,1022.41
Georgia,Ben Hill,2023,17160.0,67.0,100.0,390.44,582.75
Georgia,Berrien,2023,18630.0,29.0,114.0,155.66,611.92
Georgia,Bleckley,2023,12469.0,15.0,86.0,120.3,689.71
Georgia,Bulloch,2023,84336.0,31.0,253.0,36.76,299.99
Georgia,Candler,2023,11093.0,12.0,63.0,108.18,567.93
Georgia,Chattooga,2023,25167.0,19.0,208.0,75.5,826.48
Georgia,Clay,2023,2854.0,16.0,17.0,560.62,595.66
Georgia,Clinch,2023,6794.0,5.0,40.0,73.59,588.75
Georgia,Coffee,2023,43457.0,73.0,304.0,167.98,699.54
Georgia,Cook,2023,17760.0,13.0,120.0,73.2,675.68
Georgia,Crisp,2023,19626.0,30.0,215.0,152.86,1095.49
Georgia,Decatur,2023,29194.0,41.0,169.0,140.44,578.89
Georgia,Early,2023,10583.0,12.0,27.0,113.39,255.13
Georgia,Elbert,2023,20046.0,5.0,62.0,24.94,309.29
Georgia,Fannin,2023,25957.0,42.0,186.0,161.81,716.57
Georgia,Franklin,2023,24875.0,28.0,117.0,112.56,470.35
Georgia,Gilmer,2023,32849.0,76.0,202.0,231.36,614.94
Georgia,Glascock,2023,2962.0,2.0,19.0,67.52,641.46
Georgia,Gordon,2023,59826.0,67.0,291.0,111.99,486.41
Georgia,Greene,2023,20724.0,8.0,58.0,38.6,279.87
Georgia,Habersham,2023,48712.0,26.0,164.0,53.37,336.67
Georgia,Hart,2023,27533.0,68.0,187.0,246.98,679.18
Georgia,Irwin,2023,9118.0,7.0,67.0,76.77,734.81
Georgia,Jackson,2023,88891.0,58.0,407.0,65.25,457.86
Georgia,Laurens,2023,50010.0,91.0,359.0,181.96,717.86
Georgia,Mitchell,2023,20759.0,16.0,149.0,77.08,717.76
Georgia,Pierce,2023,20426.0,32.0,142.0,156.66,695.19
Georgia,Polk,2023,44398.0,2.0,1.0,4.5,2.25
Georgia,Polk County Police Department,2023,44398.0,37.0,232.0,83.34,522.55
Georgia,Pulaski,2023,10134.0,39.0,180.0,384.84,1776.2
Georgia,Putnam,2023,23193.0,27.0,135.0,116.41,582.07
Georgia,Rabun,2023,17492.0,9.0,92.0,51.45,525.95
Georgia,Randolph,2023,6183.0,16.0,22.0,258.77,355.81
Georgia,Sumter,2023,29015.0,10.0,90.0,34.46,310.18
Georgia,Tattnall,2023,24389.0,26.0,138.0,106.61,565.83
Georgia,Thomas,2023,45790.0,60.0,331.0,131.03,722.87
Georgia,Tift,2023,41739.0,153.0,463.0,366.56,1109.27
Georgia,Towns,2023,13006.0,18.0,18.0,138.4,138.4
Georgia,Troup,2023,71376.0,56.0,456.0,78.46,638.87
Georgia,Turner,2023,8924.0,10.0,38.0,112.06,425.82
Georgia,Union,2023,27132.0,15.0,108.0,55.29,398.05
Georgia,Upson,2023,28251.0,11.0,49.0,38.94,173.45
Georgia,Ware,2023,36398.0,30.0,113.0,82.42,310.46
Georgia,Wheeler,2023,7074.0,7.0,43.0,98.95,607.86
Georgia,White,2023,28982.0,7.0,170.0,24.15,586.57
Georgia,Wilkes,2023,9554.0,55.0,141.0,575.68,1475.82
Georgia,Wilkinson,2023,8762.0,4.0,23.0,45.65,262.5
Hawaii,Kauai Police Department,2023,73672.0,207.0,1519.0,280.98,2061.84
Idaho,Ada,2023,526352.0,257.0,482.0,48.83,91.57
Idaho,Bannock,2023,90538.0,7.0,75.0,7.73,82.84
Idaho,Boise,2023,8536.0,20.0,19.0,234.3,222.59
Idaho,Bonneville,2023,131513.0,133.0,567.0,101.13,431.14
Idaho,Canyon,2023,258839.0,125.0,250.0,48.29,96.59
Idaho,Franklin,2023,15533.0,0.0,15.0,0.0,96.57
Idaho,Gem,2023,21180.0,12.0,16.0,56.66,75.54
Idaho,Jefferson,2023,34296.0,10.0,117.0,29.16,341.15
Idaho,Jerome,2023,25798.0,64.0,67.0,248.08,259.71
Idaho,Kootenai,2023,185218.0,119.0,506.0,64.25,273.19
Idaho,Nez Perce,2023,42954.0,5.0,36.0,11.64,83.81
Idaho,Owyhee,2023,12765.0,17.0,22.0,133.18,172.35
Idaho,Twin Falls,2023,95392.0,62.0,97.0,64.99,101.69
Idaho,Adams,2023,4895.0,4.0,36.0,81.72,735.44
Idaho,Bear Lake,2023,6755.0,1.0,10.0,14.8,148.04
Idaho,Benewah,2023,10391.0,28.0,56.0,269.46,538.93
Idaho,Bingham,2023,50386.0,51.0,104.0,101.22,206.41
Idaho,Blaine,2023,25392.0,21.0,17.0,82.7,66.95
Idaho,Bonner,2023,52542.0,39.0,255.0,74.23,485.33
Idaho,Boundary,2023,13596.0,16.0,33.0,117.68,242.72
Idaho,Camas,2023,1266.0,0.0,0.0,0.0,0.0
Idaho,Caribou,2023,7212.0,0.0,6.0,0.0,83.19
Idaho,Cassia,2023,25948.0,24.0,232.0,92.49,894.1
Idaho,Custer,2023,4531.0,1.0,32.0,22.07,706.25
Idaho,Elmore,2023,29615.0,24.0,22.0,81.04,74.29
Idaho,Fremont,2023,14233.0,16.0,44.0,112.41,309.14
Idaho,Gooding,2023,16175.0,20.0,49.0,123.65,302.94
Idaho,Idaho,2023,17881.0,47.0,32.0,262.85,178.96
Idaho,Latah,2023,41476.0,11.0,62.0,26.52,149.48
Idaho,Lewis,2023,3743.0,2.0,32.0,53.43,854.93
Idaho,Lincoln,2023,5502.0,25.0,29.0,454.38,527.08
Idaho,Madison,2023,54819.0,6.0,27.0,10.95,49.25
Idaho,Oneida,2023,4968.0,10.0,24.0,201.29,483.09
Idaho,Payette,2023,27271.0,27.0,54.0,99.01,198.01
Idaho,Power,2023,8292.0,4.0,18.0,48.24,217.08
Idaho,Shoshone,2023,14029.0,33.0,60.0,235.23,427.69
Idaho,Teton,2023,12699.0,22.0,32.0,173.24,251.99
Idaho,Valley,2023,12658.0,36.0,72.0,284.41,568.81
Idaho,Washington,2023,11497.0,6.0,6.0,52.19,52.19
Illinois,Alexander,2023,4727.0,0.0,0.0,0.0,0.0
Illinois,Bond,2023,16641.0,5.0,34.0,30.05,204.31
Illinois,Boone,2023,53352.0,21.0,110.0,39.36,206.18
Illinois,Calhoun,2023,4329.0,9.0,13.0,207.9,300.3
Illinois,Champaign,2023,208570.0,111.0,339.0,53.22,162.54
Illinois,Clinton,2023,36938.0,10.0,52.0,27.07,140.78
Illinois,Cook,2023,5142853.0,319.0,810.0,6.2,15.75
Illinois,DeKalb,2023,100131.0,28.0,84.0,27.96,83.89
Illinois,DuPage,2023,927400.0,52.0,367.0,5.61,39.57
Illinois,Ford,2023,13280.0,9.0,21.0,67.77,158.13
Illinois,Grundy,2023,53550.0,27.0,81.0,50.42,151.26
Illinois,Henry,2023,48353.0,15.0,74.0,31.02,153.04
Illinois,Jersey,2023,21168.0,15.0,45.0,70.86,212.59
Illinois,Kankakee,2023,105843.0,100.0,174.0,94.48,164.39
Illinois,Kendall,2023,140224.0,44.0,124.0,31.38,88.43
Illinois,Macon,2023,100364.0,26.0,263.0,25.91,262.05
Illinois,Macoupin,2023,44057.0,18.0,47.0,40.86,106.68
Illinois,Madison,2023,263404.0,82.0,709.0,31.13,269.17
Illinois,Marshall,2023,11663.0,4.0,29.0,34.3,248.65
Illinois,Massac,2023,13741.0,4.0,29.0,29.11,211.05
Illinois,McHenry,2023,313421.0,41.0,172.0,13.08,54.88
Illinois,McLean,2023,170931.0,26.0,82.0,15.21,47.97
Illinois,Monroe,2023,35190.0,4.0,26.0,11.37,73.88
Illinois,Peoria,2023,178098.0,167.0,553.0,93.77,310.5
Illinois,Piatt,2023,16736.0,7.0,43.0,41.83,256.93
Illinois,Rock Island,2023,140905.0,47.0,228.0,33.36,161.81
Illinois,Sangamon,2023,193962.0,172.0,706.0,88.68,363.99
Illinois,Stark,2023,5262.0,2.0,12.0,38.01,228.05
Illinois,St. Clair,2023,252232.0,125.0,340.0,49.56,134.8
Illinois,Tazewell,2023,130019.0,30.0,208.0,23.07,159.98
Illinois,Will,2023,703872.0,197.0,557.0,27.99,79.13
Illinois,Winnebago,2023,281732.0,121.0,281.0,42.95,99.74
Illinois,Adams,2023,64508.0,24.0,195.0,37.2,302.29
Illinois,Bureau,2023,32748.0,4.0,76.0,12.21,232.08
Illinois,Carroll,2023,15540.0,1.0,35.0,6.44,225.23
Illinois,Cass,2023,12716.0,2.0,2.0,15.73,15.73
Illinois,Clark,2023,15235.0,2.0,41.0,13.13,269.12
Illinois,Coles,2023,46690.0,23.0,45.0,49.26,96.38
Illinois,Crawford,2023,18422.0,14.0,45.0,76.0,244.27
Illinois,Cumberland,2023,10277.0,4.0,6.0,38.92,58.38
Illinois,DeWitt,2023,,8.0,56.0,,
Illinois,Edgar,2023,16430.0,3.0,29.0,18.26,176.51
Illinois,Edwards,2023,6022.0,6.0,7.0,99.63,116.24
Illinois,Effingham,2023,34450.0,13.0,138.0,37.74,400.58
Illinois,Fayette,2023,21033.0,33.0,61.0,156.9,290.02
Illinois,Greene,2023,11567.0,3.0,12.0,25.94,103.74
Illinois,Hamilton,2023,7895.0,7.0,6.0,88.66,76.0
Illinois,Hancock,2023,17192.0,5.0,16.0,29.08,93.07
Illinois,Henderson,2023,6106.0,2.0,8.0,32.75,131.02
Illinois,Iroquois,2023,26135.0,26.0,129.0,99.48,493.59
Illinois,Jackson,2023,52507.0,16.0,216.0,30.47,411.37
Illinois,Jasper,2023,9148.0,7.0,37.0,76.52,404.46
Illinois,Jefferson,2023,36306.0,25.0,124.0,68.86,341.54
Illinois,Jo Daviess,2023,21801.0,7.0,65.0,32.11,298.15
Illinois,La Salle,2023,,37.0,151.0,,
Illinois,Lawrence,2023,13659.0,8.0,16.0,58.57,117.14
Illinois,Livingston,2023,35215.0,33.0,67.0,93.71,190.26
Illinois,Logan,2023,27037.0,6.0,45.0,22.19,166.44
Illinois,Marion,2023,36660.0,30.0,144.0,81.83,392.8
Illinois,Mason,2023,12580.0,1.0,0.0,7.95,0.0
Illinois,Montgomery,2023,27791.0,25.0,71.0,89.96,255.48
Illinois,Morgan,2023,32787.0,6.0,25.0,18.3,76.25
Illinois,Moultrie,2023,14339.0,3.0,13.0,20.92,90.66
Illinois,Perry,2023,20674.0,9.0,17.0,43.53,82.23
Illinois,Pike,2023,14351.0,8.0,29.0,55.75,202.08
Illinois,Pulaski,2023,4967.0,10.0,27.0,201.33,543.59
Illinois,Putnam,2023,5580.0,0.0,14.0,0.0,250.9
Illinois,Randolph,2023,29805.0,2.0,7.0,6.71,23.49
Illinois,Saline,2023,22980.0,5.0,26.0,21.76,113.14
Illinois,Scott,2023,4866.0,3.0,6.0,61.65,123.3
Illinois,Shelby,2023,20604.0,21.0,44.0,101.92,213.55
Illinois,Stephenson,2023,43517.0,10.0,70.0,22.98,160.86
Illinois,Vermilion,2023,71666.0,95.0,366.0,132.56,510.7
Illinois,Wabash,2023,11065.0,2.0,4.0,18.08,36.15
Illinois,Warren,2023,16159.0,14.0,53.0,86.64,327.99
Illinois,Wayne,2023,15832.0,12.0,68.0,75.8,429.51
Illinois,White,2023,13497.0,2.0,69.0,14.82,511.22
Illinois,Whiteside,2023,54480.0,8.0,81.0,14.68,148.68
Indiana,Allen,2023,394845.0,59.0,588.0,14.94,148.92
Indiana,Bartholomew,2023,84071.0,2.0,25.0,2.38,29.74
Indiana,Clark,2023,125691.0,52.0,212.0,41.37,168.67
Indiana,Delaware,2023,112341.0,45.0,223.0,40.06,198.5
Indiana,Elkhart,2023,207133.0,137.0,700.0,66.14,337.95
Indiana,Franklin,2023,23184.0,6.0,81.0,25.88,349.38
Indiana,Hamilton,2023,372450.0,35.0,103.0,9.4,27.65
Indiana,Hancock,2023,86159.0,55.0,184.0,63.84,213.56
Indiana,Harrison,2023,40046.0,72.0,170.0,179.79,424.51
Indiana,Hendricks,2023,187036.0,60.0,470.0,32.08,251.29
Indiana,Howard,2023,83833.0,38.0,65.0,45.33,77.54
Indiana,Johnson,2023,168405.0,28.0,227.0,16.63,134.79
Indiana,Lake,2023,500134.0,33.0,158.0,6.6,31.59
Indiana,La Porte,2023,,44.0,267.0,,
Indiana,Madison,2023,132031.0,20.0,181.0,15.15,137.09
Indiana,Monroe,2023,143548.0,30.0,462.0,20.9,321.84
Indiana,Porter,2023,174845.0,64.0,190.0,36.6,108.67
Indiana,Posey,2023,25024.0,20.0,75.0,79.92,299.71
Indiana,Shelby,2023,45266.0,26.0,136.0,57.44,300.45
Indiana,St. Joseph,2023,273119.0,119.0,795.0,43.57,291.08
Indiana,Sullivan,2023,20714.0,16.0,88.0,77.24,424.83
Indiana,Tippecanoe,2023,189448.0,76.0,324.0,40.12,171.02
Indiana,Vanderburgh,2023,180246.0,193.0,455.0,107.08,252.43
Indiana,Vigo,2023,106086.0,98.0,704.0,92.38,663.61
Indiana,Warrick,2023,65986.0,165.0,427.0,250.05,647.11
Indiana,Washington,2023,28185.0,22.0,70.0,78.06,248.36
Indiana,Wells,2023,28648.0,12.0,9.0,41.89,31.42
Indiana,Clinton,2023,33091.0,7.0,52.0,21.15,157.14
Indiana,DeKalb,2023,44148.0,16.0,35.0,36.24,79.28
Indiana,Grant,2023,66188.0,11.0,142.0,16.62,214.54
Indiana,Greene,2023,31086.0,11.0,129.0,35.39,414.98
Indiana,Jackson,2023,46751.0,6.0,18.0,12.83,38.5
Indiana,Jennings,2023,27630.0,7.0,65.0,25.33,235.25
Indiana,Knox,2023,35961.0,25.0,37.0,69.52,102.89
Indiana,Kosciusko,2023,80338.0,64.0,319.0,79.66,397.07
Indiana,Lawrence,2023,45044.0,18.0,19.0,39.96,42.18
Indiana,Montgomery,2023,38692.0,8.0,101.0,20.68,261.04
Indiana,Noble,2023,47501.0,11.0,135.0,23.16,284.2
Indiana,Perry,2023,19210.0,15.0,30.0,78.08,156.17
Indiana,Pulaski,2023,12427.0,12.0,48.0,96.56,386.26
Indiana,Scott,2023,24687.0,0.0,26.0,0.0,105.32
Indiana,Steuben,2023,34876.0,9.0,171.0,25.81,490.31
Iowa,Benton,2023,25773.0,34.0,68.0,131.92,263.84
Iowa,Black Hawk,2023,130812.0,15.0,57.0,11.47,43.57
Iowa,Boone,2023,26581.0,6.0,16.0,22.57,60.19
Iowa,Bremer,2023,25337.0,5.0,20.0,19.73,78.94
Iowa,Dallas,2023,111321.0,46.0,59.0,41.32,53.0
Iowa,Dubuque,2023,98907.0,30.0,140.0,30.33,141.55
Iowa,Grundy,2023,12383.0,5.0,15.0,40.38,121.13
Iowa,Guthrie,2023,10738.0,6.0,17.0,55.88,158.32
Iowa,Jasper,2023,37990.0,12.0,44.0,31.59,115.82
Iowa,Johnson,2023,157729.0,24.0,127.0,15.22,80.52
Iowa,Jones,2023,20933.0,14.0,35.0,66.88,167.2
Iowa,Linn,2023,228775.0,28.0,165.0,12.24,72.12
Iowa,Madison,2023,17017.0,12.0,34.0,70.52,199.8
Iowa,Mills,2023,14619.0,5.0,68.0,34.2,465.15
Iowa,Polk,2023,506787.0,66.0,525.0,13.02,103.59
Iowa,Pottawattamie,2023,93351.0,53.0,152.0,56.77,162.83
Iowa,Scott,2023,174185.0,37.0,137.0,21.24,78.65
Iowa,Story,2023,101021.0,10.0,90.0,9.9,89.09
Iowa,Warren,2023,55355.0,24.0,88.0,43.36,158.97
Iowa,Washington,2023,22566.0,40.0,82.0,177.26,363.38
Iowa,Woodbury,2023,106522.0,29.0,76.0,27.22,71.35
Iowa,Adair,2023,7418.0,4.0,6.0,53.92,80.88
Iowa,Adams,2023,3559.0,15.0,4.0,421.47,112.39
Iowa,Allamakee,2023,14163.0,8.0,15.0,56.49,105.91
Iowa,Appanoose,2023,12122.0,7.0,63.0,57.75,519.72
Iowa,Buchanan,2023,20725.0,11.0,40.0,53.08,193.0
Iowa,Buena Vista,2023,20678.0,7.0,27.0,33.85,130.57
Iowa,Butler,2023,14190.0,2.0,5.0,14.09,35.24
Iowa,Carroll,2023,20513.0,0.0,7.0,0.0,34.12
Iowa,Cass,2023,13120.0,6.0,39.0,45.73,297.26
Iowa,Cedar,2023,18298.0,6.0,39.0,32.79,213.14
Iowa,Cerro Gordo,2023,42427.0,9.0,27.0,21.21,63.64
Iowa,Cherokee,2023,11589.0,1.0,9.0,8.63,77.66
Iowa,Chickasaw,2023,11713.0,16.0,27.0,136.6,230.51
Iowa,Clarke,2023,9648.0,6.0,28.0,62.19,290.22
Iowa,Clay,2023,16537.0,2.0,12.0,12.09,72.56
Iowa,Clayton,2023,17008.0,16.0,22.0,94.07,129.35
Iowa,Clinton,2023,46109.0,36.0,91.0,78.08,197.36
Iowa,Crawford,2023,16130.0,3.0,7.0,18.6,43.4
Iowa,Davis,2023,9161.0,7.0,3.0,76.41,32.75
Iowa,Delaware,2023,17572.0,16.0,12.0,91.05,68.29
Iowa,Des Moines,2023,38299.0,17.0,83.0,44.39,216.72
Iowa,Emmet,2023,9294.0,0.0,2.0,0.0,21.52
Iowa,Fayette,2023,19233.0,24.0,22.0,124.79,114.39
Iowa,Floyd,2023,15306.0,2.0,23.0,13.07,150.27
Iowa,Franklin,2023,9881.0,7.0,5.0,70.84,50.6
Iowa,Fremont,2023,6462.0,31.0,52.0,479.73,804.7
Iowa,Greene,2023,8603.0,4.0,33.0,46.5,383.59
Iowa,Hamilton,2023,14914.0,11.0,26.0,73.76,174.33
Iowa,Hancock,2023,10638.0,10.0,31.0,94.0,291.41
Iowa,Hardin,2023,16522.0,47.0,61.0,284.47,369.2
Iowa,Henry,2023,19603.0,12.0,19.0,61.22,96.92
Iowa,Howard,2023,9400.0,4.0,18.0,42.55,191.49
Iowa,Humboldt,2023,9522.0,5.0,35.0,52.51,367.57
Iowa,Ida,2023,6812.0,7.0,32.0,102.76,469.76
Iowa,Iowa,2023,16431.0,14.0,46.0,85.2,279.96
Iowa,Jackson,2023,19343.0,3.0,51.0,15.51,263.66
Iowa,Jefferson,2023,15464.0,5.0,18.0,32.33,116.4
Iowa,Keokuk,2023,9931.0,16.0,34.0,161.11,342.36
Iowa,Lee,2023,32502.0,15.0,68.0,46.15,209.22
Iowa,Louisa,2023,10525.0,25.0,29.0,237.53,275.53
Iowa,Lucas,2023,8776.0,18.0,69.0,205.1,786.24
Iowa,Lyon,2023,12309.0,4.0,33.0,32.5,268.1
Iowa,Mahaska,2023,21947.0,11.0,16.0,50.12,72.9
Iowa,Marion,2023,33662.0,20.0,30.0,59.41,89.12
Iowa,Mitchell,2023,10543.0,0.0,9.0,0.0,85.36
Iowa,Monona,2023,8539.0,10.0,43.0,117.11,503.57
Iowa,Muscatine,2023,42293.0,14.0,55.0,33.1,130.05
Iowa,O'Brien,2023,14052.0,9.0,30.0,64.05,213.49
Iowa,Osceola,2023,6015.0,5.0,7.0,83.13,116.38
Iowa,Page,2023,14993.0,7.0,34.0,46.69,226.77
Iowa,Palo Alto,2023,8841.0,9.0,30.0,101.8,339.33
Iowa,Plymouth,2023,25723.0,1.0,33.0,3.89,128.29
Iowa,Pocahontas,2023,6993.0,2.0,17.0,28.6,243.1
Iowa,Poweshiek,2023,18487.0,26.0,54.0,140.64,292.1
Iowa,Ringgold,2023,4664.0,6.0,14.0,128.64,300.17
Iowa,Sac,2023,9696.0,12.0,15.0,123.76,154.7
Iowa,Shelby,2023,11788.0,4.0,28.0,33.93,237.53
Iowa,Sioux,2023,36494.0,19.0,56.0,52.06,153.45
Iowa,Tama,2023,16824.0,15.0,43.0,89.16,255.59
Iowa,Taylor,2023,5925.0,7.0,20.0,118.14,337.55
Iowa,Union,2023,11883.0,10.0,23.0,84.15,193.55
Iowa,Van Buren,2023,7250.0,11.0,26.0,151.72,358.62
Iowa,Wayne,2023,6547.0,6.0,21.0,91.65,320.76
Iowa,Webster,2023,36666.0,36.0,55.0,98.18,150.0
Iowa,Winneshiek,2023,19703.0,26.0,7.0,131.96,35.53
Iowa,Worth,2023,7330.0,0.0,17.0,0.0,231.92
Iowa,Wright,2023,12825.0,5.0,11.0,38.99,85.77
Kansas,Butler,2023,68571.0,46.0,162.0,67.08,236.25
Kansas,Cherokee,2023,19088.0,28.0,140.0,146.69,733.45
Kansas,Douglas,2023,120727.0,21.0,53.0,17.39,43.9
Kansas,Geary,2023,35228.0,6.0,34.0,17.03,96.51
Kansas,Harvey,2023,33630.0,10.0,48.0,29.74,142.73
Kansas,Jackson,2023,13365.0,31.0,41.0,231.95,306.77
Kansas,Jefferson,2023,18297.0,34.0,156.0,185.82,852.6
Kansas,Johnson,2023,625261.0,59.0,258.0,9.44,41.26
Kansas,Leavenworth,2023,83564.0,20.0,86.0,23.93,102.92
Kansas,Linn,2023,9900.0,15.0,57.0,151.52,575.76
Kansas,Miami,2023,35391.0,23.0,112.0,64.99,316.46
Kansas,Pottawatomie,2023,26493.0,48.0,96.0,181.18,362.36
Kansas,Riley County Police Department,2023,71530.0,206.0,1088.0,287.99,1521.04
Kansas,Shawnee,2023,177798.0,128.0,550.0,71.99,309.34
Kansas,Sumner,2023,22404.0,28.0,110.0,124.98,490.98
Kansas,Wabaunsee,2023,7081.0,19.0,56.0,268.32,790.85
Kansas,Wyandotte,2023,167290.0,29.0,53.0,17.34,31.68
Kansas,Allen,2023,12454.0,8.0,35.0,64.24,281.03
Kansas,Anderson,2023,7840.0,2.0,18.0,25.51,229.59
Kansas,Atchison,2023,16099.0,6.0,12.0,37.27,74.54
Kansas,Barber,2023,4092.0,4.0,26.0,97.75,635.39
Kansas,Barton,2023,24935.0,19.0,119.0,76.2,477.24
Kansas,Bourbon,2023,14434.0,32.0,39.0,221.7,270.2
Kansas,Brown,2023,9282.0,9.0,16.0,96.96,172.38
Kansas,Chase,2023,2596.0,7.0,26.0,269.65,1001.54
Kansas,Chautauqua,2023,3374.0,1.0,11.0,29.64,326.02
Kansas,Cheyenne,2023,2621.0,3.0,22.0,114.46,839.37
Kansas,Clark,2023,1870.0,11.0,12.0,588.24,641.71
Kansas,Clay,2023,8003.0,7.0,7.0,87.47,87.47
Kansas,Cloud,2023,8834.0,18.0,30.0,203.76,339.6
Kansas,Coffey,2023,8282.0,10.0,43.0,120.74,519.2
Kansas,Cowley,2023,34204.0,16.0,71.0,46.78,207.58
Kansas,Crawford,2023,38938.0,34.0,66.0,87.32,169.5
Kansas,Dickinson,2023,18453.0,21.0,52.0,113.8,281.8
Kansas,Edwards,2023,2727.0,17.0,33.0,623.4,1210.12
Kansas,Elk,2023,2486.0,3.0,13.0,120.68,522.93
Kansas,Ellis,2023,28944.0,12.0,51.0,41.46,176.2
Kansas,Ellsworth,2023,6386.0,7.0,38.0,109.61,595.05
Kansas,Finney,2023,37863.0,31.0,103.0,81.87,272.03
Kansas,Ford,2023,34156.0,21.0,34.0,61.48,99.54
Kansas,Franklin,2023,26201.0,33.0,81.0,125.95,309.15
Kansas,Gove,2023,2737.0,6.0,11.0,219.22,401.9
Kansas,Gray,2023,5755.0,5.0,56.0,86.88,973.07
Kansas,Greenwood,2023,5895.0,23.0,58.0,390.16,983.88
Kansas,Harper,2023,5393.0,4.0,24.0,74.17,445.02
Kansas,Hodgeman,2023,1680.0,1.0,7.0,59.52,416.67
Kansas,Marion,2023,11776.0,19.0,48.0,161.35,407.61
Kansas,Marshall,2023,9930.0,15.0,14.0,151.06,140.99
Kansas,Mitchell,2023,5754.0,4.0,9.0,69.52,156.41
Kansas,Montgomery,2023,30721.0,18.0,78.0,58.59,253.9
Kansas,Nemaha,2023,10100.0,2.0,16.0,19.8,158.42
Kansas,Neosho,2023,15487.0,14.0,70.0,90.4,451.99
Kansas,Osborne,2023,3420.0,10.0,7.0,292.4,204.68
Kansas,Pratt,2023,9096.0,2.0,63.0,21.99,692.61
Kansas,Reno,2023,61370.0,42.0,140.0,68.44,228.12
Kansas,Republic,2023,4615.0,7.0,13.0,151.68,281.69
Kansas,Rooks,2023,4776.0,6.0,48.0,125.63,1005.03
Kansas,Rush,2023,2837.0,7.0,26.0,246.74,916.46
Kansas,Russell,2023,6694.0,4.0,31.0,59.76,463.1
Kansas,Saline,2023,53216.0,25.0,46.0,46.98,86.44
Kansas,Scott,2023,4971.0,1.0,2.0,20.12,40.23
Kansas,Seward,2023,21155.0,4.0,8.0,18.91,37.82
Kansas,Stafford,2023,3953.0,2.0,12.0,50.59,303.57
Kansas,Thomas,2023,7809.0,3.0,14.0,38.42,179.28
Kansas,Washington,2023,5564.0,4.0,21.0,71.89,377.43
Kansas,Woodson,2023,3134.0,5.0,15.0,159.54,478.62
Kentucky,Allen,2023,21821.0,6.0,64.0,27.5,293.3
Kentucky,Ballard,2023,7605.0,9.0,61.0,118.34,802.1
Kentucky,Boone,2023,141388.0,80.0,617.0,56.58,436.39
Kentucky,Bourbon,2023,20223.0,9.0,32.0,44.5,158.24
Kentucky,Boyd,2023,47880.0,24.0,145.0,50.13,302.84
Kentucky,Bracken,2023,8416.0,3.0,27.0,35.65,320.82
Kentucky,Bullitt,2023,84996.0,17.0,228.0,20.0,268.25
Kentucky,Butler,2023,12427.0,3.0,21.0,24.14,168.99
Kentucky,Campbell,2023,93864.0,0.0,1.0,0.0,1.07
Kentucky,Campbell County Police Department,2023,93864.0,18.0,90.0,19.18,95.88
Kentucky,Carlisle,2023,4744.0,3.0,16.0,63.24,337.27
Kentucky,Carter,2023,26300.0,11.0,48.0,41.83,182.51
Kentucky,Christian,2023,71269.0,28.0,184.0,39.29,258.18
Kentucky,Clark,2023,37349.0,7.0,141.0,18.74,377.52
Kentucky,Daviess,2023,103787.0,33.0,341.0,31.8,328.56
Kentucky,Edmonson,2023,12461.0,5.0,37.0,40.13,296.93
Kentucky,Fayette,2023,323414.0,1.0,2.0,0.31,0.62
Kentucky,Gallatin,2023,8779.0,5.0,29.0,56.95,330.33
Kentucky,Grant,2023,25626.0,6.0,100.0,23.41,390.23
Kentucky,Greenup,2023,35311.0,2.0,25.0,5.66,70.8
Kentucky,Hardin,2023,112322.0,18.0,189.0,16.03,168.27
Kentucky,Henry,2023,15981.0,2.0,18.0,12.51,112.63
Kentucky,Jefferson,2023,784607.0,1.0,6.0,0.13,0.76
Kentucky,Jessamine,2023,55383.0,10.0,157.0,18.06,283.48
Kentucky,Kenton,2023,172179.0,2.0,1.0,1.16,0.58
Kentucky,Kenton County Police Department,2023,172179.0,24.0,61.0,13.94,35.43
Kentucky,Larue,2023,15315.0,5.0,19.0,32.65,124.06
Kentucky,Lawrence,2023,15980.0,5.0,42.0,31.29,262.83
Kentucky,Livingston,2023,8919.0,4.0,55.0,44.85,616.66
Kentucky,McCracken,2023,67549.0,36.0,320.0,53.29,473.73
Kentucky,McLean,2023,9047.0,4.0,18.0,44.21,198.96
Kentucky,Meade,2023,30189.0,16.0,54.0,53.0,178.87
Kentucky,Nelson,2023,47909.0,9.0,146.0,18.79,304.74
Kentucky,Oldham,2023,70348.0,0.0,7.0,0.0,9.95
Kentucky,Oldham County Police Department,2023,70348.0,31.0,383.0,44.07,544.44
Kentucky,Pendleton,2023,14783.0,1.0,53.0,6.76,358.52
Kentucky,Scott,2023,60694.0,16.0,106.0,26.36,174.65
Kentucky,Shelby,2023,49700.0,16.0,158.0,32.19,317.91
Kentucky,Spencer,2023,20500.0,6.0,30.0,29.27,146.34
Kentucky,Trigg,2023,14353.0,4.0,58.0,27.87,404.1
Kentucky,Warren,2023,143259.0,56.0,442.0,39.09,308.53
Kentucky,Woodford,2023,27521.0,0.0,13.0,0.0,47.24
Kentucky,Adair,2023,19281.0,6.0,21.0,31.12,108.92
Kentucky,Anderson,2023,24636.0,3.0,29.0,12.18,117.71
Kentucky,Barren,2023,45067.0,9.0,164.0,19.97,363.9
Kentucky,Bath,2023,12984.0,1.0,45.0,7.7,346.58
Kentucky,Bell,2023,23260.0,11.0,50.0,47.29,214.96
Kentucky,Boyle,2023,31062.0,9.0,21.0,28.97,67.61
Kentucky,Breathitt,2023,12931.0,3.0,15.0,23.2,116.0
Kentucky,Breckinridge,2023,21120.0,5.0,50.0,23.67,236.74
Kentucky,Caldwell,2023,12590.0,1.0,31.0,7.94,246.23
Kentucky,Calloway,2023,38523.0,10.0,98.0,25.96,254.39
Kentucky,Carroll,2023,10984.0,6.0,47.0,54.62,427.9
Kentucky,Casey,2023,15928.0,2.0,20.0,12.56,125.57
Kentucky,Clay,2023,19660.0,3.0,65.0,15.26,330.62
Kentucky,Clinton,2023,9192.0,1.0,19.0,10.88,206.7
Kentucky,Crittenden,2023,8991.0,1.0,7.0,11.12,77.86
Kentucky,Cumberland,2023,5980.0,0.0,17.0,0.0,284.28
Kentucky,Elliott,2023,7269.0,2.0,6.0,27.51,82.54
Kentucky,Estill,2023,13923.0,3.0,17.0,21.55,122.1
Kentucky,Fleming,2023,15411.0,8.0,21.0,51.91,136.27
Kentucky,Floyd,2023,35001.0,15.0,40.0,42.86,114.28
Kentucky,Franklin,2023,51851.0,21.0,111.0,40.5,214.07
Kentucky,Fulton,2023,6355.0,2.0,12.0,31.47,188.83
Kentucky,Garrard,2023,17858.0,4.0,47.0,22.4,263.19
Kentucky,Graves,2023,36590.0,17.0,126.0,46.46,344.36
Kentucky,Grayson,2023,26875.0,3.0,55.0,11.16,204.65
Kentucky,Green,2023,11452.0,0.0,4.0,0.0,34.93
Kentucky,Hancock,2023,8930.0,2.0,16.0,22.4,179.17
Kentucky,Harlan,2023,25306.0,5.0,35.0,19.76,138.31
Kentucky,Harrison,2023,19397.0,3.0,26.0,15.47,134.04
Kentucky,Hart,2023,19739.0,6.0,42.0,30.4,212.78
Kentucky,Henderson,2023,44224.0,15.0,113.0,33.92,255.52
Kentucky,Hickman,2023,4425.0,3.0,17.0,67.8,384.18
Kentucky,Hopkins,2023,44914.0,11.0,100.0,24.49,222.65
Kentucky,Jackson,2023,13141.0,3.0,39.0,22.83,296.78
Kentucky,Johnson,2023,22134.0,6.0,56.0,27.11,253.0
Kentucky,Knott,2023,13656.0,0.0,9.0,0.0,65.91
Kentucky,Knox,2023,29696.0,11.0,55.0,37.04,185.21
Kentucky,Laurel,2023,63334.0,28.0,303.0,44.21,478.42
Kentucky,Lee,2023,7301.0,3.0,26.0,41.09,356.12
Kentucky,Leslie,2023,9871.0,6.0,10.0,60.78,101.31
Kentucky,Letcher,2023,20449.0,0.0,5.0,0.0,24.45
Kentucky,Lewis,2023,12989.0,7.0,50.0,53.89,384.94
Kentucky,Lincoln,2023,24791.0,11.0,94.0,44.37,379.17
Kentucky,Logan,2023,28272.0,12.0,49.0,42.44,173.32
Kentucky,Lyon,2023,9177.0,7.0,16.0,76.28,174.35
Kentucky,Madison,2023,97551.0,18.0,146.0,18.45,149.67
Kentucky,Magoffin,2023,11224.0,1.0,21.0,8.91,187.1
Kentucky,Marion,2023,19853.0,1.0,32.0,5.04,161.18
Kentucky,Marshall,2023,31705.0,14.0,146.0,44.16,460.5
Kentucky,Martin,2023,10932.0,0.0,3.0,0.0,27.44
Kentucky,Mason,2023,16875.0,7.0,44.0,41.48,260.74
Kentucky,McCreary,2023,17098.0,1.0,8.0,5.85,46.79
Kentucky,Menifee,2023,6280.0,3.0,18.0,47.77,286.62
Kentucky,Mercer,2023,23172.0,2.0,29.0,8.63,125.15
Kentucky,Metcalfe,2023,10512.0,0.0,23.0,0.0,218.8
Kentucky,Monroe,2023,11246.0,4.0,11.0,35.57,97.81
Kentucky,Montgomery,2023,28534.0,15.0,130.0,52.57,455.6
Kentucky,Morgan,2023,14372.0,4.0,30.0,27.83,208.74
Kentucky,Muhlenberg,2023,30553.0,7.0,70.0,22.91,229.11
Kentucky,Nicholas,2023,7692.0,3.0,6.0,39.0,78.0
Kentucky,Ohio,2023,23763.0,22.0,98.0,92.58,412.41
Kentucky,Owen,2023,11319.0,0.0,27.0,0.0,238.54
Kentucky,Owsley,2023,3987.0,0.0,0.0,0.0,0.0
Kentucky,Perry,2023,27069.0,7.0,30.0,25.86,110.83
Kentucky,Pike,2023,56021.0,5.0,25.0,8.93,44.63
Kentucky,Powell,2023,12981.0,1.0,7.0,7.7,53.92
Kentucky,Pulaski,2023,66237.0,38.0,243.0,57.37,366.86
Kentucky,Robertson,2023,2321.0,0.0,2.0,0.0,86.17
Kentucky,Rockcastle,2023,16150.0,2.0,20.0,12.38,123.84
Kentucky,Rowan,2023,24467.0,5.0,52.0,20.44,212.53
Kentucky,Russell,2023,18345.0,3.0,24.0,16.35,130.83
Kentucky,Simpson,2023,20243.0,8.0,14.0,39.52,69.16
Kentucky,Taylor,2023,26574.0,1.0,87.0,3.76,327.39
Kentucky,Todd,2023,12575.0,1.0,34.0,7.95,270.38
Kentucky,Trimble,2023,8631.0,1.0,11.0,11.59,127.45
Kentucky,Union,2023,13091.0,5.0,32.0,38.19,244.44
Kentucky,Washington,2023,12266.0,3.0,14.0,24.46,114.14
Kentucky,Wayne,2023,19629.0,9.0,32.0,45.85,163.02
Kentucky,Webster,2023,12746.0,9.0,23.0,70.61,180.45
Kentucky,Whitley,2023,36903.0,15.0,125.0,40.65,338.73
Kentucky,Wolfe,2023,6318.0,3.0,18.0,47.48,284.9
Louisiana,Acadia,2023,56928.0,96.0,423.0,168.63,743.04
Louisiana,Ascension,2023,132202.0,333.0,1908.0,251.89,1443.25
Louisiana,Bossier,2023,130413.0,158.0,465.0,121.15,356.56
Louisiana,Caddo,2023,226605.0,33.0,526.0,14.56,232.12
Louisiana,Calcasieu,2023,204628.0,807.0,3237.0,394.37,1581.89
Louisiana,Cameron,2023,4821.0,14.0,77.0,290.4,1597.18
Louisiana,De Soto,2023,27145.0,41.0,207.0,151.04,762.57
Louisiana,East Baton Rouge,2023,451709.0,507.0,5195.0,112.24,1150.08
Louisiana,Grant,2023,21977.0,41.0,214.0,186.56,973.75
Louisiana,Iberville,2023,29769.0,57.0,212.0,191.47,712.15
Louisiana,Jefferson,2023,429256.0,1146.0,7807.0,266.97,1818.73
Louisiana,Jefferson Davis,2023,31670.0,56.0,210.0,176.82,663.09
Louisiana,Lafayette,2023,250714.0,264.0,967.0,105.3,385.7
Louisiana,Lafourche,2023,95199.0,194.0,1354.0,203.78,1422.28
Louisiana,Livingston,2023,150872.0,539.0,2105.0,357.26,1395.22
Louisiana,Morehouse,2023,24138.0,65.0,259.0,269.28,1073.0
Louisiana,Ouachita,2023,158155.0,521.0,2400.0,329.42,1517.5
Louisiana,Plaquemines,2023,22422.0,96.0,100.0,428.15,445.99
Louisiana,Pointe Coupee,2023,19989.0,61.0,129.0,305.17,645.35
Louisiana,Rapides,2023,126442.0,342.0,1317.0,270.48,1041.58
Louisiana,St. Bernard,2023,44963.0,236.0,903.0,524.88,2008.32
Louisiana,St. Charles,2023,50651.0,106.0,545.0,209.28,1075.99
Louisiana,St. Helena,2023,10807.0,102.0,186.0,943.83,1721.11
Louisiana,St. James,2023,19201.0,58.0,219.0,302.07,1140.57
Louisiana,St. John the Baptist,2023,39818.0,104.0,522.0,261.19,1310.96
Louisiana,St. Martin,2023,51151.0,143.0,541.0,279.56,1057.65
Louisiana,St. Tammany,2023,275871.0,259.0,1356.0,93.88,491.53
Louisiana,Tangipahoa,2023,138101.0,506.0,1480.0,366.4,1071.68
Louisiana,Terrebonne,2023,104298.0,239.0,1819.0,229.15,1744.04
Louisiana,Union,2023,20763.0,101.0,250.0,486.44,1204.06
Louisiana,Vermilion,2023,57141.0,37.0,191.0,64.75,334.26
Louisiana,West Baton Rouge,2023,28420.0,68.0,470.0,239.27,1653.76
Louisiana,West Feliciana,2023,15311.0,36.0,13.0,235.13,84.91
Louisiana,Allen,2023,22522.0,16.0,55.0,71.04,244.21
Louisiana,Beauregard,2023,36814.0,58.0,192.0,157.55,521.54
Louisiana,Bienville,2023,12439.0,34.0,105.0,273.33,844.12
Louisiana,Caldwell,2023,9415.0,63.0,88.0,669.14,934.68
Louisiana,Catahoula,2023,8475.0,24.0,84.0,283.19,991.15
Louisiana,Claiborne,2023,13655.0,21.0,33.0,153.79,241.67
Louisiana,Concordia,2023,18096.0,65.0,107.0,359.2,591.29
Louisiana,East Carroll,2023,6875.0,31.0,25.0,450.91,363.64
Louisiana,Evangeline,2023,32264.0,29.0,224.0,89.88,694.27
Louisiana,Franklin,2023,19275.0,117.0,225.0,607.0,1167.32
Louisiana,La Salle,2023,,16.0,48.0,,
Louisiana,Lincoln,2023,48112.0,26.0,149.0,54.04,309.69
Louisiana,Madison,2023,9251.0,39.0,19.0,421.58,205.38
Louisiana,Red River,2023,7370.0,28.0,103.0,379.92,1397.56
Louisiana,Sabine,2023,21959.0,32.0,103.0,145.73,469.06
Louisiana,St. Landry,2023,81423.0,137.0,683.0,168.26,838.83
Louisiana,St. Mary,2023,47236.0,63.0,415.0,133.37,878.57
Louisiana,Tensas,2023,3843.0,23.0,34.0,598.49,884.73
Louisiana,Vernon,2023,46232.0,70.0,365.0,151.41,789.5
Louisiana,Washington,2023,45035.0,137.0,353.0,304.21,783.83
Louisiana,Webster,2023,35479.0,62.0,214.0,174.75,603.17
Louisiana,West Carroll,2023,9305.0,8.0,30.0,85.98,322.41
Louisiana,Winn,2023,14071.0,22.0,30.0,156.35,213.2
Maine,Androscoggin,2023,114587.0,20.0,151.0,17.45,131.78
Maine,Cumberland,2023,311645.0,37.0,348.0,11.87,111.67
Maine,Penobscot,2023,156839.0,29.0,303.0,18.49,193.19
Maine,Sagadahoc,2023,37576.0,3.0,60.0,7.98,159.68
Maine,York,2023,219839.0,30.0,182.0,13.65,82.79
Maine,Aroostook,2023,67330.0,16.0,96.0,23.76,142.58
Maine,Franklin,2023,30773.0,9.0,60.0,29.25,194.98
Maine,Hancock,2023,56865.0,13.0,93.0,22.86,163.55
Maine,Kennebec,2023,128254.0,27.0,223.0,21.05,173.87
Maine,Knox,2023,41077.0,11.0,121.0,26.78,294.57
Maine,Lincoln,2023,36418.0,12.0,104.0,32.95,285.57
Maine,Oxford,2023,60076.0,11.0,199.0,18.31,331.25
Maine,Piscataquis,2023,17474.0,2.0,48.0,11.45,274.69
Maine,Somerset,2023,51293.0,23.0,383.0,44.84,746.69
Maine,Waldo,2023,40475.0,2.0,48.0,4.94,118.59
Maine,Washington,2023,31471.0,12.0,115.0,38.13,365.42
Maryland,Anne Arundel County Police Department,2023,599327.0,1447.0,8654.0,241.44,1443.95
Maryland,Baltimore County Police Department,2023,846378.0,3301.0,21609.0,390.01,2553.11
Maryland,Baltimore County Police Department,2023,567952.0,3301.0,21609.0,581.21,3804.72
Maryland,Carroll,2023,176625.0,324.0,653.0,183.44,369.71
Maryland,Cecil,2023,105789.0,141.0,419.0,133.28,396.07
Maryland,Charles,2023,172174.0,537.0,1755.0,311.89,1019.32
Maryland,Frederick,2023,293742.0,219.0,1335.0,74.56,454.48
Maryland,Harford,2023,264739.0,400.0,1543.0,151.09,582.84
Maryland,Howard,2023,336321.0,0.0,0.0,0.0,0.0
Maryland,Howard County Police Department,2023,336321.0,464.0,5534.0,137.96,1645.45
Maryland,Montgomery,2023,1064369.0,0.0,0.0,0.0,0.0
Maryland,Montgomery County Police Department,2023,1064369.0,1759.0,16309.0,165.26,1532.27
Maryland,Prince George's County Police Department,2023,954813.0,3166.0,18522.0,331.58,1939.86
Maryland,Queen Anne's,2023,52624.0,29.0,286.0,55.11,543.48
Maryland,St. Mary's,2023,115242.0,173.0,1013.0,150.12,879.02
Maryland,Washington,2023,155437.0,215.0,766.0,138.32,492.8
Maryland,Wicomico,2023,106024.0,101.0,368.0,95.26,347.09
Maryland,Allegany,2023,67084.0,21.0,54.0,31.3,80.5
Maryland,Caroline,2023,33768.0,29.0,158.0,85.88,467.9
Maryland,Dorchester,2023,32981.0,23.0,107.0,69.74,324.43
Maryland,Garrett,2023,28485.0,8.0,113.0,28.08,396.7
Maryland,Talbot,2023,38019.0,32.0,113.0,84.17,297.22
Maryland,Worcester,2023,54237.0,26.0,153.0,47.94,282.1
Michigan,Bay,2023,102693.0,55.0,385.0,53.56,374.9
Michigan,Benzie,2023,18452.0,31.0,64.0,168.0,346.85
Michigan,Berrien,2023,152384.0,110.0,598.0,72.19,392.43
Michigan,Calhoun,2023,133331.0,161.0,572.0,120.75,429.01
Michigan,Cass,2023,51570.0,48.0,386.0,93.08,748.5
Michigan,Clinton,2023,79877.0,23.0,120.0,28.79,150.23
Michigan,Eaton,2023,108915.0,131.0,787.0,120.28,722.58
Michigan,Genesee,2023,401351.0,84.0,324.0,20.93,80.73
Michigan,Grand Traverse,2023,96375.0,129.0,374.0,133.85,388.07
Michigan,Ingham,2023,286405.0,151.0,519.0,52.72,181.21
Michigan,Jackson,2023,159607.0,171.0,497.0,107.14,311.39
Michigan,Kalamazoo,2023,262460.0,332.0,2010.0,126.5,765.83
Michigan,Kent,2023,663819.0,484.0,2650.0,72.91,399.21
Michigan,Lapeer,2023,89038.0,69.0,141.0,77.5,158.36
Michigan,Leelanau,2023,22951.0,11.0,60.0,47.93,261.43
Michigan,Livingston,2023,196731.0,82.0,420.0,41.68,213.49
Michigan,Macomb,2023,877396.0,262.0,990.0,29.86,112.83
Michigan,Midland,2023,83915.0,62.0,172.0,73.88,204.97
Michigan,Montcalm,2023,68302.0,79.0,193.0,115.66,282.57
Michigan,Muskegon,2023,176299.0,77.0,338.0,43.68,191.72
Michigan,Oakland,2023,1274993.0,27.0,41.0,2.12,3.22
Michigan,Ottawa,2023,303565.0,570.0,1922.0,187.77,633.14
Michigan,Saginaw,2023,187758.0,96.0,385.0,51.13,205.05
Michigan,St. Clair,2023,160279.0,183.0,476.0,114.18,296.98
Michigan,Washtenaw,2023,367845.0,632.0,1223.0,171.81,332.48
Michigan,Wayne,2023,1758381.0,21.0,0.0,1.19,0.0
Michigan,Alcona,2023,10502.0,9.0,60.0,85.7,571.32
Michigan,Alger,2023,8753.0,5.0,4.0,57.12,45.7
Michigan,Allegan,2023,121935.0,83.0,590.0,68.07,483.86
Michigan,Alpena,2023,28868.0,11.0,48.0,38.1,166.27
Michigan,Arenac,2023,15131.0,33.0,61.0,218.1,403.15
Michigan,Baraga,2023,8219.0,4.0,7.0,48.67,85.17
Michigan,Branch,2023,45603.0,23.0,186.0,50.44,407.87
Michigan,Charlevoix,2023,26096.0,38.0,54.0,145.62,206.93
Michigan,Cheboygan,2023,26043.0,16.0,20.0,61.44,76.8
Michigan,Chippewa,2023,36276.0,12.0,8.0,33.08,22.05
Michigan,Clare,2023,31380.0,69.0,322.0,219.89,1026.13
Michigan,Crawford,2023,13545.0,28.0,46.0,206.72,339.61
Michigan,Delta,2023,36820.0,11.0,29.0,29.88,78.76
Michigan,Emmet,2023,34028.0,36.0,47.0,105.8,138.12
Michigan,Gladwin,2023,25924.0,44.0,83.0,169.73,320.17
Michigan,Gogebic,2023,14271.0,5.0,18.0,35.04,126.13
Michigan,Gratiot,2023,41422.0,44.0,260.0,106.22,627.69
Michigan,Hillsdale,2023,45643.0,45.0,165.0,98.59,361.5
Michigan,Houghton,2023,37671.0,17.0,15.0,45.13,39.82
Michigan,Huron,2023,30944.0,25.0,66.0,80.79,213.29
Michigan,Iosco,2023,25404.0,3.0,5.0,11.81,19.68
Michigan,Isabella,2023,64390.0,51.0,318.0,79.2,493.87
Michigan,Keweenaw,2023,2181.0,1.0,6.0,45.85,275.1
Michigan,Lenawee,2023,97710.0,58.0,148.0,59.36,151.47
Michigan,Luce,2023,6401.0,8.0,45.0,124.98,703.02
Michigan,Mackinac,2023,10922.0,7.0,48.0,64.09,439.48
Michigan,Manistee,2023,25516.0,19.0,87.0,74.46,340.96
Michigan,Marquette,2023,67556.0,27.0,87.0,39.97,128.78
Michigan,Mason,2023,29144.0,36.0,128.0,123.52,439.2
Michigan,Missaukee,2023,15310.0,36.0,85.0,235.14,555.19
Michigan,Montmorency,2023,9698.0,5.0,20.0,51.56,206.23
Michigan,Oceana,2023,26976.0,50.0,164.0,185.35,607.95
Michigan,Ogemaw,2023,21033.0,19.0,93.0,90.33,442.16
Michigan,Ontonagon,2023,5880.0,3.0,3.0,51.02,51.02
Michigan,Oscoda,2023,8564.0,19.0,37.0,221.86,432.04
Michigan,Otsego,2023,25811.0,12.0,18.0,46.49,69.74
Michigan,Presque Isle,2023,13258.0,7.0,21.0,52.8,158.39
Michigan,Roscommon,2023,23940.0,29.0,64.0,121.14,267.34
Michigan,Sanilac,2023,40389.0,52.0,55.0,128.75,136.18
Michigan,Schoolcraft,2023,8149.0,0.0,1.0,0.0,12.27
Michigan,Shiawassee,2023,67916.0,30.0,194.0,44.17,285.65
Michigan,St. Joseph,2023,60953.0,66.0,137.0,108.28,224.76
Michigan,Tuscola,2023,52880.0,54.0,139.0,102.12,262.86
Minnesota,Anoka,2023,373182.0,45.0,528.0,12.06,141.49
Minnesota,Benton,2023,41580.0,17.0,79.0,40.89,190.0
Minnesota,Blue Earth,2023,70328.0,19.0,84.0,27.02,119.44
Minnesota,Carlton,2023,36694.0,25.0,106.0,68.13,288.88
Minnesota,Carver,2023,111076.0,55.0,342.0,49.52,307.9
Minnesota,Chisago,2023,58647.0,47.0,122.0,80.14,208.02
Minnesota,Clay,2023,66581.0,11.0,37.0,16.52,55.57
Minnesota,Dakota,2023,448612.0,8.0,1.0,1.78,0.22
Minnesota,Dodge,2023,21141.0,15.0,64.0,70.95,302.73
Minnesota,Fillmore,2023,21497.0,7.0,47.0,32.56,218.64
Minnesota,Hennepin,2023,1263745.0,31.0,19.0,2.45,1.5
Minnesota,Houston,2023,18682.0,2.0,44.0,10.71,235.52
Minnesota,Isanti,2023,43198.0,30.0,124.0,69.45,287.05
Minnesota,Le Sueur,2023,29289.0,3.0,47.0,10.24,160.47
Minnesota,Mille Lacs,2023,27466.0,71.0,195.0,258.5,709.97
Minnesota,Nicollet,2023,34021.0,3.0,29.0,8.82,85.24
Minnesota,Olmsted,2023,164841.0,29.0,178.0,17.59,107.98
Minnesota,Polk,2023,30563.0,10.0,52.0,32.72,170.14
Minnesota,Ramsey,2023,537716.0,183.0,949.0,34.03,176.49
Minnesota,Rock,2023,9621.0,3.0,11.0,31.18,114.33
Minnesota,Scott,2023,156145.0,11.0,50.0,7.04,32.02
Minnesota,Sherburne,2023,102388.0,32.0,234.0,31.25,228.54
Minnesota,Stearns,2023,161805.0,36.0,157.0,22.25,97.03
Minnesota,St. Louis,2023,200669.0,82.0,446.0,40.86,222.26
Minnesota,Wabasha,2023,21664.0,2.0,33.0,9.23,152.33
Minnesota,Washington,2023,278890.0,56.0,411.0,20.08,147.37
Minnesota,Wright,2023,151374.0,88.0,514.0,58.13,339.56
Minnesota,Aitkin,2023,16131.0,10.0,111.0,61.99,688.12
Minnesota,Becker,2023,35282.0,32.0,87.0,90.7,246.58
Minnesota,Beltrami,2023,46570.0,51.0,208.0,109.51,446.64
Minnesota,Big Stone,2023,5098.0,7.0,28.0,137.31,549.23
Minnesota,Brown,2023,25628.0,2.0,16.0,7.8,62.43
Minnesota,Cass,2023,31344.0,31.0,49.0,98.9,156.33
Minnesota,Chippewa,2023,12313.0,2.0,1.0,16.24,8.12
Minnesota,Clearwater,2023,8698.0,8.0,20.0,91.98,229.94
Minnesota,Cook,2023,5620.0,11.0,51.0,195.73,907.47
Minnesota,Cottonwood,2023,11427.0,2.0,2.0,17.5,17.5
Minnesota,Crow Wing,2023,68339.0,38.0,92.0,55.61,134.62
Minnesota,Douglas,2023,39873.0,11.0,57.0,27.59,142.95
Minnesota,Faribault,2023,13936.0,14.0,15.0,100.46,107.63
Minnesota,Freeborn,2023,30469.0,8.0,95.0,26.26,311.79
Minnesota,Goodhue,2023,48168.0,18.0,106.0,37.37,220.06
Minnesota,Hubbard,2023,22062.0,28.0,65.0,126.92,294.62
Minnesota,Itasca,2023,45487.0,26.0,68.0,57.16,149.49
Minnesota,Jackson,2023,9898.0,13.0,22.0,131.34,222.27
Minnesota,Kanabec,2023,16650.0,15.0,158.0,90.09,948.95
Minnesota,Kandiyohi,2023,44387.0,21.0,141.0,47.31,317.66
Minnesota,Kittson,2023,4036.0,3.0,7.0,74.33,173.44
Minnesota,Koochiching,2023,11744.0,10.0,17.0,85.15,144.75
Minnesota,Lac qui Parle,2023,6674.0,3.0,20.0,44.95,299.67
Minnesota,Lake,2023,10884.0,3.0,17.0,27.56,156.19
Minnesota,Lincoln,2023,5584.0,1.0,5.0,17.91,89.54
Minnesota,Lyon,2023,25587.0,13.0,29.0,50.81,113.34
Minnesota,Mahnomen,2023,5307.0,49.0,33.0,923.31,621.82
Minnesota,Marshall,2023,8828.0,6.0,7.0,67.97,79.29
Minnesota,Martin,2023,19727.0,9.0,6.0,45.62,30.42
Minnesota,McLeod,2023,36861.0,18.0,58.0,48.83,157.35
Minnesota,Meeker,2023,23522.0,12.0,96.0,51.02,408.13
Minnesota,Morrison,2023,34328.0,21.0,176.0,61.17,512.7
Minnesota,Mower,2023,40207.0,18.0,76.0,44.77,189.02
Minnesota,Murray,2023,8090.0,3.0,11.0,37.08,135.97
Minnesota,Nobles,2023,22065.0,6.0,15.0,27.19,67.98
Minnesota,Norman,2023,6335.0,3.0,1.0,47.36,15.79
Minnesota,Otter Tail,2023,60754.0,28.0,145.0,46.09,238.67
Minnesota,Pennington,2023,13734.0,1.0,45.0,7.28,327.65
Minnesota,Pine,2023,30190.0,63.0,340.0,208.68,1126.2
Minnesota,Pipestone,2023,9289.0,7.0,18.0,75.36,193.78
Minnesota,Pope,2023,11407.0,3.0,28.0,26.3,245.46
Minnesota,Red Lake,2023,3915.0,3.0,4.0,76.63,102.17
Minnesota,Redwood,2023,15326.0,15.0,54.0,97.87,352.34
Minnesota,Renville,2023,14462.0,17.0,54.0,117.55,373.39
Minnesota,Rice,2023,68585.0,20.0,55.0,29.16,80.19
Minnesota,Roseau,2023,15280.0,8.0,26.0,52.36,170.16
Minnesota,Sibley,2023,15179.0,2.0,11.0,13.18,72.47
Minnesota,Steele,2023,37462.0,4.0,38.0,10.68,101.44
Minnesota,Stevens,2023,9921.0,9.0,49.0,90.72,493.9
Minnesota,Swift,2023,9687.0,1.0,0.0,10.32,0.0
Minnesota,Todd,2023,25794.0,36.0,71.0,139.57,275.26
Minnesota,Traverse,2023,3176.0,3.0,6.0,94.46,188.92
Minnesota,Wadena,2023,14240.0,5.0,1.0,35.11,7.02
Minnesota,Waseca,2023,19043.0,4.0,34.0,21.01,178.54
Minnesota,Watonwan,2023,11237.0,5.0,26.0,44.5,231.38
Minnesota,Wilkin,2023,6350.0,0.0,4.0,0.0,62.99
Minnesota,Winona,2023,49904.0,17.0,41.0,34.07,82.16
Minnesota,Yellow Medicine,2023,9536.0,2.0,17.0,20.97,178.27
Mississippi,DeSoto,2023,194179.0,31.0,248.0,15.96,127.72
Mississippi,Forrest,2023,78439.0,30.0,246.0,38.25,313.62
Mississippi,Hancock,2023,46166.0,12.0,379.0,25.99,820.95
Mississippi,Harrison,2023,211293.0,42.0,586.0,19.88,277.34
Mississippi,Madison,2023,113053.0,53.0,113.0,46.88,99.95
Mississippi,Stone,2023,18978.0,39.0,152.0,205.5,800.93
Mississippi,Tate,2023,28403.0,34.0,135.0,119.71,475.3
Mississippi,Tunica,2023,9372.0,79.0,495.0,842.94,5281.69
Mississippi,Alcorn,2023,34109.0,13.0,219.0,38.11,642.06
Mississippi,Amite,2023,12483.0,11.0,14.0,88.12,112.15
Mississippi,Attala,2023,17350.0,6.0,64.0,34.58,368.88
Mississippi,Calhoun,2023,12739.0,10.0,29.0,78.5,227.65
Mississippi,Chickasaw,2023,16813.0,2.0,3.0,11.9,17.84
Mississippi,Choctaw,2023,8073.0,9.0,33.0,111.48,408.77
Mississippi,Coahoma,2023,20147.0,5.0,36.0,24.82,178.69
Mississippi,Covington,2023,18041.0,10.0,89.0,55.43,493.32
Mississippi,George,2023,25542.0,52.0,293.0,203.59,1147.13
Mississippi,Greene,2023,13645.0,9.0,33.0,65.96,241.85
Mississippi,Grenada,2023,21070.0,47.0,221.0,223.07,1048.88
Mississippi,Jasper,2023,15989.0,24.0,67.0,150.1,419.04
Mississippi,Kemper,2023,8609.0,16.0,56.0,185.85,650.48
Mississippi,Lafayette,2023,59350.0,17.0,136.0,28.64,229.15
Mississippi,Leake,2023,21322.0,49.0,97.0,229.81,454.93
Mississippi,Lee,2023,82938.0,76.0,449.0,91.63,541.37
Mississippi,Lincoln,2023,34836.0,29.0,236.0,83.25,677.46
Mississippi,Lowndes,2023,57342.0,60.0,305.0,104.64,531.9
Mississippi,Marion,2023,24140.0,34.0,96.0,140.85,397.68
Mississippi,Monroe,2023,33642.0,60.0,113.0,178.35,335.89
Mississippi,Neshoba,2023,28808.0,19.0,93.0,65.95,322.83
Mississippi,Noxubee,2023,9938.0,21.0,34.0,211.31,342.12
Mississippi,Oktibbeha,2023,51463.0,57.0,253.0,110.76,491.62
Mississippi,Pike,2023,39288.0,93.0,321.0,236.71,817.04
Mississippi,Pontotoc,2023,31705.0,50.0,115.0,157.7,362.72
Mississippi,Prentiss,2023,25254.0,22.0,91.0,87.11,360.34
Mississippi,Smith,2023,14095.0,3.0,34.0,21.28,241.22
Mississippi,Sunflower,2023,23858.0,9.0,67.0,37.72,280.83
Mississippi,Tallahatchie,2023,11476.0,25.0,119.0,217.85,1036.95
Mississippi,Tishomingo,2023,18513.0,22.0,102.0,118.84,550.96
Mississippi,Union,2023,28265.0,36.0,138.0,127.37,488.24
Mississippi,Walthall,2023,13827.0,17.0,77.0,122.95,556.88
Mississippi,Wayne,2023,19745.0,23.0,65.0,116.49,329.2
Mississippi,Webster,2023,9990.0,15.0,58.0,150.15,580.58
Mississippi,Winston,2023,17486.0,24.0,62.0,137.25,354.57
Missouri,Bates,2023,16259.0,66.0,118.0,405.93,725.75
Missouri,Bollinger,2023,10524.0,47.0,66.0,446.6,627.14
Missouri,Boone,2023,189530.0,87.0,593.0,45.9,312.88
Missouri,Buchanan,2023,83251.0,32.0,147.0,38.44,176.57
Missouri,Caldwell,2023,8962.0,2.0,15.0,22.32,167.37
Missouri,Callaway,2023,44789.0,54.0,303.0,120.57,676.51
Missouri,Cape Girardeau,2023,82969.0,34.0,118.0,40.98,142.22
Missouri,Christian,2023,94498.0,38.0,174.0,40.21,184.13
Missouri,Clay,2023,259937.0,45.0,133.0,17.31,51.17
Missouri,Clinton,2023,21530.0,9.0,53.0,41.8,246.17
Missouri,Cooper,2023,16943.0,16.0,21.0,94.43,123.94
Missouri,Dallas,2023,17765.0,10.0,56.0,56.29,315.23
Missouri,DeKalb,2023,9893.0,8.0,27.0,80.87,272.92
Missouri,Franklin,2023,106440.0,24.0,193.0,22.55,181.32
Missouri,Greene,2023,304786.0,93.0,595.0,30.51,195.22
Missouri,Howard,2023,10111.0,26.0,32.0,257.15,316.49
Missouri,Jackson,2023,721035.0,102.0,350.0,14.15,48.54
Missouri,Jasper,2023,125127.0,71.0,393.0,56.74,314.08
Missouri,Jefferson,2023,231207.0,534.0,1413.0,230.96,611.14
Missouri,Lafayette,2023,33216.0,41.0,78.0,123.43,234.83
Missouri,Lincoln,2023,64641.0,131.0,222.0,202.66,343.44
Missouri,Moniteau,2023,15248.0,9.0,6.0,59.02,39.35
Missouri,Newton,2023,60733.0,76.0,524.0,125.14,862.79
Missouri,Osage,2023,13462.0,9.0,67.0,66.85,497.7
Missouri,Platte,2023,111908.0,59.0,220.0,52.72,196.59
Missouri,Polk,2023,32921.0,62.0,200.0,188.33,607.51
Missouri,Ray,2023,23183.0,91.0,110.0,392.53,474.49
Missouri,St. Charles,2023,417442.0,0.0,1.0,0.0,0.24
Missouri,St. Charles County Police Department,2023,417442.0,113.0,215.0,27.07,51.5
Missouri,St. Louis County Police Department,2023,989977.0,1937.0,7378.0,195.66,745.27
Missouri,St. Louis County Police Department,2023,283190.0,1937.0,7378.0,683.99,2605.32
Missouri,Warren,2023,37842.0,14.0,113.0,37.0,298.61
Missouri,Webster,2023,41476.0,56.0,99.0,135.02,238.69
Missouri,Audrain,2023,24412.0,23.0,89.0,94.22,364.57
Missouri,Barry,2023,35373.0,39.0,186.0,110.25,525.82
Missouri,Barton,2023,11756.0,17.0,95.0,144.61,808.1
Missouri,Benton,2023,20568.0,20.0,93.0,97.24,452.16
Missouri,Butler,2023,41925.0,82.0,416.0,195.59,992.25
Missouri,Camden,2023,44119.0,79.0,243.0,179.06,550.78
Missouri,Carroll,2023,8363.0,4.0,8.0,47.83,95.66
Missouri,Cedar,2023,14674.0,47.0,149.0,320.29,1015.4
Missouri,Chariton,2023,7401.0,31.0,47.0,418.86,635.05
Missouri,Clark,2023,6642.0,0.0,67.0,0.0,1008.73
Missouri,Dade,2023,7723.0,41.0,83.0,530.88,1074.71
Missouri,Daviess,2023,8545.0,7.0,70.0,81.92,819.19
Missouri,Dent,2023,14647.0,19.0,51.0,129.72,348.19
Missouri,Douglas,2023,12240.0,25.0,13.0,204.25,106.21
Missouri,Dunklin,2023,27082.0,29.0,84.0,107.08,310.17
Missouri,Gasconade,2023,14731.0,3.0,92.0,20.37,624.53
Missouri,Grundy,2023,9808.0,1.0,5.0,10.2,50.98
Missouri,Henry,2023,22448.0,106.0,292.0,472.2,1300.78
Missouri,Hickory,2023,8796.0,2.0,41.0,22.74,466.12
Missouri,Howell,2023,40725.0,46.0,194.0,112.95,476.37
Missouri,Iron,2023,9458.0,15.0,30.0,158.6,317.19
Missouri,Johnson,2023,55051.0,38.0,199.0,69.03,361.48
Missouri,Laclede,2023,36647.0,19.0,126.0,51.85,343.82
Missouri,Lawrence,2023,38902.0,36.0,184.0,92.54,472.98
Missouri,Lewis,2023,9834.0,0.0,18.0,0.0,183.04
Missouri,Linn,2023,11791.0,5.0,6.0,42.41,50.89
Missouri,Livingston,2023,14608.0,8.0,19.0,54.76,130.07
Missouri,Macon,2023,15189.0,10.0,47.0,65.84,309.43
Missouri,Marion,2023,28270.0,3.0,47.0,10.61,166.25
Missouri,McDonald,2023,23985.0,110.0,147.0,458.62,612.88
Missouri,Miller,2023,25560.0,53.0,79.0,207.36,309.08
Missouri,Mississippi,2023,11842.0,1.0,51.0,8.44,430.67
Missouri,Monroe,2023,8719.0,21.0,42.0,240.85,481.71
Missouri,Montgomery,2023,11464.0,8.0,49.0,69.78,427.42
Missouri,Morgan,2023,21954.0,69.0,45.0,314.29,204.97
Missouri,New Madrid,2023,15415.0,40.0,117.0,259.49,759.0
Missouri,Nodaway,2023,20709.0,13.0,52.0,62.77,251.1
Missouri,Ozark,2023,8995.0,25.0,25.0,277.93,277.93
Missouri,Pemiscot,2023,14661.0,20.0,51.0,136.42,347.86
Missouri,Perry,2023,18938.0,25.0,21.0,132.01,110.89
Missouri,Pettis,2023,43611.0,39.0,171.0,89.43,392.1
Missouri,Phelps,2023,45285.0,41.0,213.0,90.54,470.35
Missouri,Pike,2023,17904.0,23.0,62.0,128.46,346.29
Missouri,Ralls,2023,10480.0,8.0,26.0,76.34,248.09
Missouri,Randolph,2023,24120.0,43.0,25.0,178.28,103.65
Missouri,Ripley,2023,10811.0,4.0,38.0,37.0,351.49
Missouri,Saline,2023,23156.0,66.0,68.0,285.02,293.66
Missouri,Schuyler,2023,4060.0,17.0,35.0,418.72,862.07
Missouri,Shelby,2023,5942.0,0.0,6.0,0.0,100.98
Missouri,St. Clair,2023,9750.0,12.0,69.0,123.08,707.69
Missouri,Ste. Genevieve,2023,18662.0,53.0,90.0,284.0,482.26
Missouri,St. Francois,2023,67027.0,69.0,246.0,102.94,367.02
Missouri,Stoddard,2023,28344.0,46.0,136.0,162.29,479.82
Missouri,Stone,2023,32664.0,40.0,305.0,122.46,933.75
Missouri,Taney,2023,56830.0,104.0,228.0,183.0,401.2
Missouri,Texas,2023,25613.0,38.0,137.0,148.36,534.88
Missouri,Vernon,2023,19747.0,30.0,145.0,151.92,734.29
Missouri,Washington,2023,23568.0,55.0,190.0,233.37,806.18
Missouri,Wayne,2023,10832.0,35.0,89.0,323.12,821.64
Missouri,Worth,2023,1919.0,0.0,3.0,0.0,156.33
Missouri,Wright,2023,19401.0,15.0,13.0,77.32,67.01
Montana,Broadwater,2023,8061.0,30.0,15.0,372.16,186.08
Montana,Carbon,2023,11420.0,8.0,30.0,70.05,262.7
Montana,Cascade,2023,84623.0,90.0,203.0,106.35,239.89
Montana,Gallatin,2023,125952.0,195.0,425.0,154.82,337.43
Montana,Jefferson,2023,13049.0,32.0,95.0,245.23,728.03
Montana,Lewis and Clark,2023,74783.0,74.0,228.0,98.95,304.88
Montana,Missoula,2023,121504.0,105.0,307.0,86.42,252.67
Montana,Stillwater,2023,9238.0,20.0,45.0,216.5,487.12
Montana,Yellowstone,2023,170568.0,149.0,600.0,87.36,351.77
Montana,Beaverhead,2023,9882.0,10.0,15.0,101.19,151.79
Montana,Big Horn,2023,12860.0,59.0,79.0,458.79,614.31
Montana,Butte-Silver Bow,2023,36122.0,126.0,808.0,348.82,2236.86
Montana,Carter,2023,1409.0,0.0,0.0,0.0,0.0
Montana,Chouteau,2023,5875.0,8.0,10.0,136.17,170.21
Montana,Dawson,2023,8825.0,13.0,35.0,147.31,396.6
Montana,Deer Lodge,2023,9658.0,31.0,83.0,320.98,859.39
Montana,Fergus,2023,11813.0,7.0,8.0,59.26,67.72
Montana,Flathead,2023,113381.0,215.0,652.0,189.63,575.05
Montana,Glacier,2023,13550.0,10.0,23.0,73.8,169.74
Montana,Golden Valley,2023,864.0,2.0,0.0,231.48,0.0
Montana,Granite,2023,3592.0,16.0,34.0,445.43,946.55
Montana,Hill,2023,16194.0,32.0,117.0,197.6,722.49
Montana,Judith Basin,2023,2102.0,2.0,1.0,95.15,47.57
Montana,Lake,2023,33206.0,137.0,244.0,412.58,734.81
Montana,Liberty,2023,1957.0,3.0,6.0,153.3,306.59
Montana,Lincoln,2023,21864.0,29.0,52.0,132.64,237.83
Montana,Madison,2023,9520.0,16.0,18.0,168.07,189.08
Montana,McCone,2023,1683.0,1.0,2.0,59.42,118.84
Montana,Mineral,2023,5137.0,17.0,24.0,330.93,467.2
Montana,Musselshell,2023,5386.0,9.0,25.0,167.1,464.17
Montana,Park,2023,17970.0,21.0,41.0,116.86,228.16
Montana,Petroleum,2023,548.0,0.0,1.0,0.0,182.48
Montana,Phillips,2023,4237.0,18.0,32.0,424.83,755.25
Montana,Pondera,2023,6098.0,2.0,19.0,32.8,311.58
Montana,Powder River,2023,1744.0,0.0,1.0,0.0,57.34
Montana,Powell,2023,7112.0,25.0,11.0,351.52,154.67
Montana,Prairie,2023,1112.0,2.0,1.0,179.86,89.93
Montana,Ravalli,2023,47634.0,90.0,201.0,188.94,421.97
Montana,Richland,2023,11103.0,2.0,15.0,18.01,135.1
Montana,Roosevelt,2023,10349.0,33.0,27.0,318.87,260.89
Montana,Rosebud,2023,8112.0,8.0,6.0,98.62,73.96
Montana,Sanders,2023,13713.0,35.0,29.0,255.23,211.48
Montana,Sheridan,2023,3492.0,13.0,45.0,372.28,1288.66
Montana,Sweet Grass,2023,3788.0,7.0,26.0,184.79,686.38
Montana,Teton,2023,6433.0,9.0,25.0,139.9,388.62
Montana,Toole,2023,5119.0,18.0,58.0,351.63,1133.03
Montana,Treasure,2023,771.0,2.0,0.0,259.4,0.0
Montana,Valley,2023,7434.0,3.0,9.0,40.36,121.07
Montana,Wheatland,2023,2069.0,7.0,2.0,338.33,96.67
Nebraska,Cass,2023,27463.0,16.0,99.0,58.26,360.49
Nebraska,Dakota,2023,21307.0,17.0,20.0,79.79,93.87
Nebraska,Douglas,2023,593496.0,74.0,670.0,12.47,112.89
Nebraska,Hall,2023,63294.0,7.0,96.0,11.06,151.67
Nebraska,Lancaster,2023,328128.0,7.0,170.0,2.13,51.81
Nebraska,Sarpy,2023,200215.0,23.0,753.0,11.49,376.1
Nebraska,Saunders,2023,23500.0,6.0,44.0,25.53,187.23
Nebraska,Seward,2023,17705.0,5.0,21.0,28.24,118.61
Nebraska,Adams,2023,30908.0,6.0,45.0,19.41,145.59
Nebraska,Box Butte,2023,10705.0,2.0,10.0,18.68,93.41
Nebraska,Buffalo,2023,50745.0,27.0,75.0,53.21,147.8
Nebraska,Burt,2023,6710.0,1.0,1.0,14.9,14.9
Nebraska,Cedar,2023,8258.0,0.0,27.0,0.0,326.96
Nebraska,Chase,2023,3746.0,2.0,6.0,53.39,160.17
Nebraska,Cheyenne,2023,9521.0,8.0,10.0,84.02,105.03
Nebraska,Colfax,2023,10721.0,1.0,8.0,9.33,74.62
Nebraska,Custer,2023,10609.0,3.0,11.0,28.28,103.69
Nebraska,Dawes,2023,8148.0,2.0,2.0,24.55,24.55
Nebraska,Dixon,2023,5557.0,3.0,8.0,53.99,143.96
Nebraska,Furnas,2023,4548.0,6.0,27.0,131.93,593.67
Nebraska,Gage,2023,21644.0,7.0,24.0,32.34,110.89
Nebraska,Garfield,2023,1758.0,0.0,3.0,0.0,170.65
Nebraska,Gosper,2023,1845.0,0.0,0.0,0.0,0.0
Nebraska,Grant,2023,567.0,0.0,0.0,0.0,0.0
Nebraska,Hitchcock,2023,2563.0,2.0,23.0,78.03,897.39
Nebraska,Jefferson,2023,7094.0,8.0,68.0,112.77,958.56
Nebraska,Kearney,2023,6732.0,1.0,19.0,14.85,282.23
Nebraska,Keith,2023,8164.0,3.0,13.0,36.75,159.24
Nebraska,Keya Paha,2023,801.0,0.0,0.0,0.0,0.0
Nebraska,Madison,2023,35841.0,13.0,12.0,36.27,33.48
Nebraska,McPherson,2023,380.0,0.0,0.0,0.0,0.0
Nebraska,Morrill,2023,4511.0,2.0,19.0,44.34,421.19
Nebraska,Otoe,2023,16429.0,4.0,29.0,24.35,176.52
Nebraska,Perkins,2023,2800.0,1.0,21.0,35.71,750.0
Nebraska,Pierce,2023,7302.0,3.0,18.0,41.08,246.51
Nebraska,Polk,2023,5208.0,2.0,16.0,38.4,307.22
Nebraska,Red Willow,2023,10495.0,0.0,18.0,0.0,171.51
Nebraska,Richardson,2023,7679.0,3.0,8.0,39.07,104.18
Nebraska,Saline,2023,14788.0,4.0,28.0,27.05,189.34
Nebraska,Sheridan,2023,4929.0,2.0,5.0,40.58,101.44
Nebraska,Stanton,2023,5846.0,0.0,0.0,0.0,0.0
Nebraska,Thayer,2023,4854.0,3.0,12.0,61.8,247.22
Nebraska,Thomas,2023,677.0,1.0,0.0,147.71,0.0
Nebraska,York,2023,14402.0,8.0,19.0,55.55,131.93
Nevada,Carson City,2023,58367.0,158.0,502.0,270.7,860.08
Nevada,Lyon,2023,62658.0,190.0,401.0,303.23,639.98
Nevada,Washoe,2023,499599.0,351.0,680.0,70.26,136.11
Nevada,Churchill,2023,25852.0,16.0,113.0,61.89,437.1
Nevada,Douglas,2023,49407.0,58.0,367.0,117.39,742.81
Nevada,Elko,2023,54566.0,55.0,147.0,100.8,269.4
Nevada,Eureka,2023,1904.0,16.0,39.0,840.34,2048.32
Nevada,Humboldt,2023,17176.0,20.0,100.0,116.44,582.21
Nevada,Lander,2023,5804.0,22.0,81.0,379.05,1395.59
Nevada,Mineral,2023,4520.0,5.0,33.0,110.62,730.09
Nevada,Nye,2023,55914.0,140.0,800.0,250.38,1430.77
Nevada,White Pine,2023,8553.0,23.0,77.0,268.91,900.27
New Hampshire,Rockingham,2023,320441.0,3.0,6.0,0.94,1.87
New Hampshire,Strafford,2023,133595.0,6.0,2.0,4.49,1.5
New Hampshire,Belknap,2023,65039.0,3.0,10.0,4.61,15.38
New Hampshire,Carroll,2023,52398.0,0.0,21.0,0.0,40.08
New Hampshire,Cheshire,2023,77680.0,0.0,3.0,0.0,3.86
New Hampshire,Merrimack,2023,156883.0,1.0,0.0,0.64,0.0
New Jersey,Atlantic,2023,276643.0,0.0,0.0,0.0,0.0
New Jersey,Bergen,2023,964156.0,0.0,0.0,0.0,0.0
New Jersey,Burlington,2023,472273.0,0.0,0.0,0.0,0.0
New Jersey,Camden,2023,529977.0,0.0,25.0,0.0,4.72
New Jersey,Cape May,2023,94577.0,0.0,0.0,0.0,0.0
New Jersey,Cumberland,2023,154497.0,0.0,0.0,0.0,0.0
New Jersey,Essex,2023,871153.0,50.0,101.0,5.74,11.59
New Jersey,Gloucester,2023,308693.0,0.0,2.0,0.0,0.65
New Jersey,Hudson,2023,719682.0,0.0,0.0,0.0,0.0
New Jersey,Hunterdon,2023,130313.0,0.0,0.0,0.0,0.0
New Jersey,Mercer,2023,391369.0,3.0,5.0,0.77,1.28
New Jersey,Middlesex,2023,873281.0,0.0,0.0,0.0,0.0
New Jersey,Monmouth,2023,645796.0,14.0,1.0,2.17,0.15
New Jersey,Morris,2023,516902.0,0.0,0.0,0.0,0.0
New Jersey,Passaic,2023,524011.0,0.0,4.0,0.0,0.76
New Jersey,Salem,2023,65488.0,0.0,0.0,0.0,0.0
New Jersey,Somerset,2023,351042.0,0.0,0.0,0.0,0.0
New Jersey,Sussex,2023,146328.0,0.0,0.0,0.0,0.0
New Jersey,Warren,2023,111651.0,0.0,0.0,0.0,0.0
New Mexico,Bernalillo,2023,671767.0,779.0,2018.0,115.96,300.4
New Mexico,Dona Ana,2023,225966.0,274.0,1017.0,121.26,450.07
New Mexico,San Juan,2023,120754.0,270.0,481.0,223.6,398.33
New Mexico,Santa Fe,2023,156379.0,104.0,323.0,66.51,206.55
New Mexico,Torrance,2023,15690.0,53.0,146.0,337.79,930.53
New Mexico,Valencia,2023,79254.0,200.0,554.0,252.35,699.02
New Mexico,Chaves,2023,63662.0,81.0,156.0,127.23,245.04
New Mexico,Curry,2023,47403.0,26.0,103.0,54.85,217.29
New Mexico,De Baca,2023,1671.0,12.0,12.0,718.13,718.13
New Mexico,Eddy,2023,60753.0,56.0,302.0,92.18,497.09
New Mexico,Guadalupe,2023,4325.0,0.0,9.0,0.0,208.09
New Mexico,Hidalgo,2023,3977.0,3.0,9.0,75.43,226.3
New Mexico,Lea,2023,73214.0,78.0,582.0,106.54,794.93
New Mexico,McKinley,2023,68802.0,65.0,159.0,94.47,231.1
New Mexico,Mora,2023,4122.0,13.0,7.0,315.38,169.82
New Mexico,Quay,2023,8615.0,1.0,27.0,11.61,313.41
New Mexico,Sierra,2023,11548.0,18.0,50.0,155.87,432.98
New Mexico,Socorro,2023,15988.0,24.0,66.0,150.11,412.81
New York,Broome,2023,195934.0,44.0,552.0,22.46,281.73
New York,Chemung,2023,81090.0,14.0,167.0,17.26,205.94
New York,Dutchess,2023,297451.0,40.0,337.0,13.45,113.3
New York,Erie,2023,947418.0,53.0,525.0,5.59,55.41
New York,Herkimer,2023,59551.0,0.0,22.0,0.0,36.94
New York,Jefferson,2023,113280.0,11.0,164.0,9.71,144.77
New York,Livingston,2023,61184.0,21.0,218.0,34.32,356.3
New York,Madison,2023,67242.0,15.0,101.0,22.31,150.2
New York,Monroe,2023,748957.0,199.0,2258.0,26.57,301.49
New York,Nassau,2023,1388940.0,1868.0,14609.0,134.49,1051.81
New York,Niagara,2023,209451.0,38.0,570.0,18.14,272.14
New York,Oneida,2023,227555.0,54.0,202.0,23.73,88.77
New York,Onondaga,2023,468524.0,211.0,1481.0,45.04,316.1
New York,Ontario,2023,112374.0,48.0,627.0,42.71,557.96
New York,Orleans,2023,39567.0,15.0,101.0,37.91,255.26
New York,Oswego,2023,117939.0,52.0,200.0,44.09,169.58
New York,Putnam,2023,98110.0,13.0,192.0,13.25,195.7
New York,Rensselaer,2023,159605.0,29.0,223.0,18.17,139.72
New York,Saratoga,2023,238699.0,102.0,1325.0,42.73,555.09
New York,Schenectady,2023,160129.0,0.0,5.0,0.0,3.12
New York,Schoharie,2023,30140.0,0.0,14.0,0.0,46.45
New York,Suffolk,2023,1533173.0,39.0,0.0,2.54,0.0
New York,Suffolk County Police Department,2023,1533173.0,643.0,7638.0,41.94,498.18
New York,Tioga,2023,47606.0,16.0,115.0,33.61,241.57
New York,Tompkins,2023,104453.0,35.0,270.0,33.51,258.49
New York,Ulster,2023,182956.0,14.0,99.0,7.65,54.11
New York,Warren,2023,65467.0,34.0,565.0,51.93,863.03
New York,Washington,2023,60052.0,28.0,130.0,46.63,216.48
New York,Wayne,2023,90721.0,63.0,318.0,69.44,350.53
New York,Westchester Public Safety,2023,998335.0,10.0,153.0,1.0,15.33
New York,Cattaraugus,2023,75671.0,32.0,189.0,42.29,249.77
New York,Chautauqua,2023,125061.0,39.0,339.0,31.18,271.07
New York,Columbia,2023,60607.0,19.0,243.0,31.35,400.94
New York,Cortland,2023,46004.0,10.0,258.0,21.74,560.82
New York,Delaware,2023,44533.0,14.0,72.0,31.44,161.68
New York,Franklin,2023,46224.0,0.0,0.0,0.0,0.0
New York,Fulton,2023,52468.0,14.0,151.0,26.68,287.79
New York,Genesee,2023,58016.0,25.0,295.0,43.09,508.48
New York,Greene,2023,47411.0,4.0,27.0,8.44,56.95
New York,Lewis,2023,26568.0,6.0,43.0,22.58,161.85
New York,Montgomery,2023,49531.0,14.0,205.0,28.27,413.88
New York,Otsego,2023,60581.0,1.0,19.0,1.65,31.36
New York,Schuyler,2023,17441.0,3.0,29.0,17.2,166.27
New York,Seneca,2023,32449.0,6.0,94.0,18.49,289.69
New York,Steuben,2023,92078.0,23.0,118.0,24.98,128.15
New York,St. Lawrence,2023,106607.0,12.0,37.0,11.26,34.71
New York,Sullivan,2023,80413.0,21.0,254.0,26.12,315.87
New York,Wyoming,2023,39750.0,12.0,92.0,30.19,231.45
New York,Yates,2023,24367.0,12.0,67.0,49.25,274.96
North Carolina,Alamance,2023,179369.0,179.0,556.0,99.79,309.98
North Carolina,Alexander,2023,36387.0,99.0,303.0,272.08,832.71
North Carolina,Anson,2023,21778.0,36.0,137.0,165.3,629.08
North Carolina,Brunswick,2023,159425.0,189.0,785.0,118.55,492.39
North Carolina,Buncombe,2023,276463.0,178.0,1140.0,64.38,412.35
North Carolina,Burke,2023,88217.0,169.0,809.0,191.57,917.06
North Carolina,Cabarrus,2023,240679.0,58.0,498.0,24.1,206.91
North Carolina,Caldwell,2023,80659.0,65.0,718.0,80.59,890.17
North Carolina,Camden,2023,11165.0,12.0,70.0,107.48,626.96
North Carolina,Chatham,2023,81877.0,121.0,498.0,147.78,608.23
North Carolina,Currituck,2023,31614.0,80.0,238.0,253.05,752.83
North Carolina,Davie,2023,44676.0,135.0,645.0,302.18,1443.73
North Carolina,Edgecombe,2023,48959.0,75.0,234.0,153.19,477.95
North Carolina,Forsyth,2023,393631.0,270.0,1347.0,68.59,342.2
North Carolina,Gaston,2023,238578.0,7.0,2.0,2.93,0.84
North Carolina,Gaston County Police Department,2023,238578.0,146.0,794.0,61.2,332.81
North Carolina,Gates,2023,10360.0,14.0,84.0,135.14,810.81
North Carolina,Guilford,2023,551451.0,271.0,965.0,49.14,174.99
North Carolina,Henderson,2023,119643.0,114.0,641.0,95.28,535.76
North Carolina,Hoke,2023,54710.0,288.0,715.0,526.41,1306.89
North Carolina,Iredell,2023,200005.0,166.0,690.0,83.0,344.99
North Carolina,Johnston,2023,242010.0,147.0,1418.0,60.74,585.93
North Carolina,Lincoln,2023,95723.0,119.0,823.0,124.32,859.77
North Carolina,Madison,2023,22044.0,19.0,87.0,86.19,394.67
North Carolina,Moore,2023,106915.0,80.0,371.0,74.83,347.0
North Carolina,Nash,2023,97319.0,70.0,258.0,71.93,265.11
North Carolina,New Hanover,2023,239877.0,133.0,1208.0,55.45,503.59
North Carolina,Orange,2023,151717.0,92.0,414.0,60.64,272.88
North Carolina,Pender,2023,68315.0,77.0,437.0,112.71,639.68
North Carolina,Person,2023,39819.0,74.0,322.0,185.84,808.66
North Carolina,Pitt,2023,178776.0,183.0,621.0,102.36,347.36
North Carolina,Rockingham,2023,92535.0,77.0,476.0,83.21,514.4
North Carolina,Rowan,2023,151833.0,126.0,709.0,82.99,466.96
North Carolina,Union,2023,257474.0,186.0,1309.0,72.24,508.4
North Carolina,Wake,2023,1200630.0,242.0,1138.0,20.16,94.78
North Carolina,Wayne,2023,119731.0,186.0,1189.0,155.35,993.06
North Carolina,Yadkin,2023,37867.0,43.0,268.0,113.56,707.74
North Carolina,Ashe,2023,27096.0,35.0,162.0,129.17,597.87
North Carolina,Avery,2023,17765.0,29.0,135.0,163.24,759.92
North Carolina,Bladen,2023,29586.0,40.0,264.0,135.2,892.31
North Carolina,Carteret,2023,69646.0,44.0,447.0,63.18,641.82
North Carolina,Caswell,2023,22477.0,16.0,75.0,71.18,333.67
North Carolina,Cherokee,2023,30035.0,70.0,517.0,233.06,1721.33
North Carolina,Chowan,2023,13888.0,13.0,68.0,93.61,489.63
North Carolina,Clay,2023,11830.0,9.0,205.0,76.08,1732.88
North Carolina,Cleveland,2023,101606.0,180.0,587.0,177.15,577.72
North Carolina,Craven,2023,103370.0,118.0,492.0,114.15,475.96
North Carolina,Dare,2023,38150.0,40.0,149.0,104.85,390.56
North Carolina,Granville,2023,61411.0,70.0,257.0,113.99,418.49
North Carolina,Greene,2023,20595.0,66.0,223.0,320.47,1082.79
North Carolina,Halifax,2023,47075.0,110.0,353.0,233.67,749.87
North Carolina,Harnett,2023,141772.0,277.0,1325.0,195.38,934.6
North Carolina,Haywood,2023,62948.0,87.0,537.0,138.21,853.09
North Carolina,Hertford,2023,19194.0,24.0,92.0,125.04,479.32
North Carolina,Lee,2023,67346.0,32.0,182.0,47.52,270.25
North Carolina,Macon,2023,38433.0,35.0,345.0,91.07,897.67
North Carolina,Martin,2023,21484.0,60.0,163.0,279.28,758.7
North Carolina,McDowell,2023,44946.0,57.0,520.0,126.82,1156.94
North Carolina,Montgomery,2023,26227.0,105.0,194.0,400.35,739.7
North Carolina,Pamlico,2023,12431.0,23.0,152.0,185.02,1222.75
North Carolina,Pasquotank,2023,41370.0,71.0,206.0,171.62,497.95
North Carolina,Perquimans,2023,13369.0,35.0,132.0,261.8,987.36
North Carolina,Polk,2023,20032.0,27.0,151.0,134.78,753.79
North Carolina,Richmond,2023,42115.0,179.0,835.0,425.03,1982.67
North Carolina,Robeson,2023,118005.0,1159.0,2180.0,982.16,1847.38
North Carolina,Rutherford,2023,65380.0,71.0,291.0,108.6,445.09
North Carolina,Sampson,2023,59984.0,108.0,734.0,180.05,1223.66
North Carolina,Scotland,2023,33544.0,110.0,238.0,327.93,709.52
North Carolina,Stanly,2023,65846.0,45.0,221.0,68.34,335.63
North Carolina,Swain,2023,13959.0,23.0,74.0,164.77,530.12
North Carolina,Transylvania,2023,33930.0,35.0,190.0,103.15,559.98
North Carolina,Tyrrell,2023,3505.0,6.0,46.0,171.18,1312.41
North Carolina,Vance,2023,42359.0,99.0,497.0,233.72,1173.3
North Carolina,Warren,2023,18739.0,92.0,289.0,490.95,1542.24
North Carolina,Watauga,2023,55362.0,26.0,191.0,46.96,345.0
North Carolina,Wilkes,2023,66024.0,116.0,484.0,175.69,733.07
North Carolina,Wilson,2023,80246.0,43.0,228.0,53.59,284.13
North Carolina,Yancey,2023,18918.0,10.0,85.0,52.86,449.31
North Dakota,Burleigh,2023,101082.0,14.0,109.0,13.85,107.83
North Dakota,Cass,2023,197325.0,23.0,146.0,11.66,73.99
North Dakota,Grand Forks,2023,72966.0,20.0,74.0,27.41,101.42
North Dakota,McHenry,2023,5166.0,0.0,21.0,0.0,406.5
North Dakota,Morton,2023,34105.0,10.0,65.0,29.32,190.59
North Dakota,Oliver,2023,1875.0,0.0,0.0,0.0,0.0
North Dakota,Ward,2023,68228.0,40.0,72.0,58.63,105.53
North Dakota,Adams,2023,2188.0,2.0,2.0,91.41,91.41
North Dakota,Barnes,2023,10730.0,0.0,3.0,0.0,27.96
North Dakota,Billings,2023,1036.0,0.0,4.0,0.0,386.1
North Dakota,Bowman,2023,2854.0,0.0,1.0,0.0,35.04
North Dakota,Burke,2023,2141.0,0.0,4.0,0.0,186.83
North Dakota,Cavalier,2023,3589.0,2.0,14.0,55.73,390.08
North Dakota,Dickey,2023,4935.0,1.0,0.0,20.26,0.0
North Dakota,Divide,2023,2146.0,1.0,4.0,46.6,186.39
North Dakota,Dunn,2023,4027.0,2.0,22.0,49.66,546.31
North Dakota,Emmons,2023,3238.0,1.0,47.0,30.88,1451.51
North Dakota,Foster,2023,3308.0,0.0,4.0,0.0,120.92
North Dakota,Golden Valley,2023,1756.0,4.0,4.0,227.79,227.79
North Dakota,Grant,2023,2231.0,0.0,2.0,0.0,89.65
North Dakota,Griggs,2023,2247.0,1.0,1.0,44.5,44.5
North Dakota,Hettinger,2023,2463.0,1.0,8.0,40.6,324.81
North Dakota,Kidder,2023,2365.0,2.0,7.0,84.57,295.98
North Dakota,Lamoure,2023,4083.0,0.0,6.0,0.0,146.95
North Dakota,Logan,2023,1878.0,1.0,1.0,53.25,53.25
North Dakota,McIntosh,2023,2483.0,1.0,10.0,40.27,402.74
North Dakota,McKenzie,2023,14273.0,23.0,81.0,161.14,567.51
North Dakota,McLean,2023,9825.0,12.0,51.0,122.14,519.08
North Dakota,Mercer,2023,8329.0,1.0,19.0,12.01,228.12
North Dakota,Mountrail,2023,9416.0,5.0,48.0,53.1,509.77
North Dakota,Pembina,2023,6679.0,4.0,19.0,59.89,284.47
North Dakota,Pierce,2023,3912.0,2.0,11.0,51.12,281.19
North Dakota,Ransom,2023,5629.0,1.0,33.0,17.77,586.25
North Dakota,Richland,2023,16593.0,2.0,53.0,12.05,319.41
North Dakota,Rolette,2023,11705.0,4.0,13.0,34.17,111.06
North Dakota,Sargent,2023,3795.0,3.0,12.0,79.05,316.21
North Dakota,Sheridan,2023,1295.0,0.0,7.0,0.0,540.54
North Dakota,Sioux,2023,3641.0,1.0,1.0,27.46,27.46
North Dakota,Slope,2023,668.0,0.0,0.0,0.0,0.0
North Dakota,Stark,2023,33075.0,4.0,62.0,12.09,187.45
North Dakota,Steele,2023,1788.0,0.0,4.0,0.0,223.71
North Dakota,Stutsman,2023,21512.0,4.0,30.0,18.59,139.46
North Dakota,Towner,2023,2030.0,0.0,5.0,0.0,246.31
North Dakota,Traill,2023,7958.0,4.0,24.0,50.26,301.58
North Dakota,Walsh,2023,10277.0,7.0,30.0,68.11,291.91
North Dakota,Wells,2023,3859.0,0.0,6.0,0.0,155.48
North Dakota,Williams,2023,39233.0,15.0,113.0,38.23,288.02
Ohio,Allen,2023,100810.0,79.0,677.0,78.37,671.56
Ohio,Ashtabula,2023,96845.0,57.0,457.0,58.86,471.89
Ohio,Belmont,2023,65003.0,73.0,111.0,112.3,170.76
Ohio,Butler,2023,394636.0,57.0,693.0,14.44,175.6
Ohio,Clark,2023,135342.0,31.0,300.0,22.9,221.66
Ohio,Clermont,2023,212253.0,64.0,514.0,30.15,242.16
Ohio,Delaware,2023,232079.0,66.0,958.0,28.44,412.79
Ohio,Erie,2023,73786.0,9.0,78.0,12.2,105.71
Ohio,Fairfield,2023,165490.0,95.0,870.0,57.41,525.71
Ohio,Franklin,2023,1337095.0,148.0,908.0,11.07,67.91
Ohio,Greene,2023,170072.0,32.0,258.0,18.82,151.7
Ohio,Hamilton,2023,831699.0,184.0,1750.0,22.12,210.41
Ohio,Lorain,2023,318804.0,83.0,352.0,26.03,110.41
Ohio,Lucas,2023,425272.0,47.0,739.0,11.05,173.77
Ohio,Madison,2023,44591.0,34.0,230.0,76.25,515.8
Ohio,Mahoning,2023,225487.0,12.0,70.0,5.32,31.04
Ohio,Medina,2023,183893.0,23.0,236.0,12.51,128.34
Ohio,Miami,2023,110925.0,31.0,280.0,27.95,252.42
Ohio,Montgomery,2023,534910.0,228.0,1191.0,42.62,222.65
Ohio,Morrow,2023,35614.0,43.0,79.0,120.74,221.82
Ohio,Perry,2023,35583.0,11.0,73.0,30.91,205.15
Ohio,Pickaway,2023,61125.0,32.0,388.0,52.35,634.76
Ohio,Portage,2023,162700.0,79.0,549.0,48.56,337.43
Ohio,Richland,2023,124863.0,57.0,456.0,45.65,365.2
Ohio,Stark,2023,372455.0,141.0,1217.0,37.86,326.75
Ohio,Summit,2023,535908.0,137.0,824.0,25.56,153.76
Ohio,Trumbull,2023,200054.0,26.0,250.0,13.0,124.97
Ohio,Union,2023,69830.0,38.0,173.0,54.42,247.74
Ohio,Warren,2023,252993.0,47.0,984.0,18.58,388.94
Ohio,Wood,2023,132509.0,31.0,218.0,23.39,164.52
Ohio,Adams,2023,27512.0,8.0,73.0,29.08,265.34
Ohio,Ashland,2023,52125.0,62.0,54.0,118.94,103.6
Ohio,Athens,2023,62745.0,22.0,321.0,35.06,511.59
Ohio,Champaign,2023,38750.0,30.0,134.0,77.42,345.81
Ohio,Clinton,2023,42007.0,12.0,49.0,28.57,116.65
Ohio,Columbiana,2023,100060.0,34.0,122.0,33.98,121.93
Ohio,Coshocton,2023,36845.0,34.0,355.0,92.28,963.5
Ohio,Crawford,2023,41485.0,13.0,38.0,31.34,91.6
Ohio,Darke,2023,51380.0,0.0,167.0,0.0,325.03
Ohio,Defiance,2023,38301.0,9.0,86.0,23.5,224.54
Ohio,Fayette,2023,28769.0,25.0,188.0,86.9,653.48
Ohio,Gallia,2023,28941.0,29.0,97.0,100.2,335.16
Ohio,Hancock,2023,74707.0,39.0,146.0,52.2,195.43
Ohio,Harrison,2023,14237.0,9.0,64.0,63.22,449.53
Ohio,Henry,2023,27535.0,6.0,102.0,21.79,370.44
Ohio,Highland,2023,43532.0,32.0,173.0,73.51,397.41
Ohio,Holmes,2023,44407.0,2.0,188.0,4.5,423.36
Ohio,Jackson,2023,32646.0,24.0,147.0,73.52,450.28
Ohio,Knox,2023,63186.0,30.0,168.0,47.48,265.88
Ohio,Meigs,2023,21774.0,28.0,159.0,128.59,730.23
Ohio,Mercer,2023,42360.0,7.0,16.0,16.53,37.77
Ohio,Monroe,2023,13176.0,10.0,15.0,75.9,113.84
Ohio,Morgan,2023,13620.0,29.0,70.0,212.92,513.95
Ohio,Noble,2023,14342.0,7.0,50.0,48.81,348.63
Ohio,Paulding,2023,18703.0,18.0,102.0,96.24,545.37
Ohio,Pike,2023,26934.0,40.0,237.0,148.51,879.93
Ohio,Preble,2023,40561.0,13.0,117.0,32.05,288.45
Ohio,Putnam,2023,34240.0,14.0,41.0,40.89,119.74
Ohio,Ross,2023,76276.0,65.0,640.0,85.22,839.06
Ohio,Scioto,2023,72047.0,84.0,509.0,116.59,706.48
Ohio,Seneca,2023,54719.0,14.0,150.0,25.59,274.13
Ohio,Shelby,2023,47786.0,10.0,86.0,20.93,179.97
Ohio,Tuscarawas,2023,91996.0,43.0,291.0,46.74,316.32
Ohio,Van Wert,2023,28659.0,15.0,102.0,52.34,355.91
Ohio,Vinton,2023,12466.0,27.0,72.0,216.59,577.57
Ohio,Washington,2023,58637.0,34.0,142.0,57.98,242.17
Oklahoma,Canadian,2023,176105.0,16.0,134.0,9.09,76.09
Oklahoma,Cleveland,2023,301462.0,41.0,214.0,13.6,70.99
Oklahoma,Comanche,2023,121882.0,4.0,78.0,3.28,64.0
Oklahoma,Cotton,2023,5456.0,13.0,42.0,238.27,769.79
Oklahoma,Creek,2023,73381.0,33.0,281.0,44.97,382.93
Oklahoma,Garfield,2023,62060.0,5.0,84.0,8.06,135.35
Oklahoma,Grady,2023,57504.0,26.0,165.0,45.21,286.94
Oklahoma,Lincoln,2023,34641.0,67.0,271.0,193.41,782.31
Oklahoma,Logan,2023,53174.0,32.0,278.0,60.18,522.81
Oklahoma,McClain,2023,47084.0,15.0,176.0,31.86,373.8
Oklahoma,Oklahoma,2023,811153.0,25.0,113.0,3.08,13.93
Oklahoma,Okmulgee,2023,36994.0,44.0,181.0,118.94,489.27
Oklahoma,Osage,2023,46187.0,52.0,273.0,112.59,591.08
Oklahoma,Pawnee,2023,15871.0,21.0,75.0,132.32,472.56
Oklahoma,Rogers,2023,100149.0,62.0,298.0,61.91,297.56
Oklahoma,Sequoyah,2023,40126.0,71.0,194.0,176.94,483.48
Oklahoma,Tulsa,2023,686287.0,192.0,621.0,27.98,90.49
Oklahoma,Wagoner,2023,89385.0,87.0,263.0,97.33,294.23
Oklahoma,Adair,2023,19548.0,22.0,99.0,112.54,506.45
Oklahoma,Alfalfa,2023,5668.0,10.0,21.0,176.43,370.5
Oklahoma,Atoka,2023,14508.0,18.0,75.0,124.07,516.96
Oklahoma,Beaver,2023,5005.0,2.0,13.0,39.96,259.74
Oklahoma,Beckham,2023,22094.0,5.0,59.0,22.63,267.04
Oklahoma,Blaine,2023,8517.0,24.0,87.0,281.79,1021.49
Oklahoma,Bryan,2023,49268.0,46.0,277.0,93.37,562.23
Oklahoma,Caddo,2023,26242.0,15.0,165.0,57.16,628.76
Oklahoma,Carter,2023,48897.0,23.0,150.0,47.04,306.77
Oklahoma,Cherokee,2023,48121.0,46.0,296.0,95.59,615.12
Oklahoma,Choctaw,2023,14318.0,19.0,89.0,132.7,621.6
Oklahoma,Cimarron,2023,2184.0,0.0,3.0,0.0,137.36
Oklahoma,Coal,2023,5292.0,4.0,38.0,75.59,718.07
Oklahoma,Craig,2023,14468.0,19.0,130.0,131.32,898.53
Oklahoma,Custer,2023,28308.0,16.0,34.0,56.52,120.11
Oklahoma,Delaware,2023,41702.0,74.0,284.0,177.45,681.02
Oklahoma,Dewey,2023,4258.0,2.0,49.0,46.97,1150.78
Oklahoma,Ellis,2023,3637.0,6.0,30.0,164.97,824.86
Oklahoma,Garvin,2023,25984.0,36.0,191.0,138.55,735.07
Oklahoma,Grant,2023,4098.0,1.0,16.0,24.4,390.43
Oklahoma,Greer,2023,5499.0,4.0,10.0,72.74,181.85
Oklahoma,Harmon,2023,2406.0,4.0,7.0,166.25,290.94
Oklahoma,Harper,2023,3201.0,3.0,10.0,93.72,312.4
Oklahoma,Haskell,2023,11795.0,27.0,63.0,228.91,534.12
Oklahoma,Hughes,2023,13443.0,9.0,102.0,66.95,758.76
Oklahoma,Jackson,2023,24664.0,10.0,18.0,40.54,72.98
Oklahoma,Jefferson,2023,5354.0,7.0,29.0,130.74,541.65
Oklahoma,Johnston,2023,10233.0,12.0,40.0,117.27,390.89
Oklahoma,Kay,2023,43775.0,23.0,102.0,52.54,233.01
Oklahoma,Kingfisher,2023,15527.0,19.0,70.0,122.37,450.83
Oklahoma,Kiowa,2023,8333.0,5.0,18.0,60.0,216.01
Oklahoma,Latimer,2023,9584.0,4.0,49.0,41.74,511.27
Oklahoma,Le Flore,2023,49437.0,43.0,166.0,86.98,335.78
Oklahoma,Love,2023,10384.0,4.0,76.0,38.52,731.9
Oklahoma,Major,2023,7601.0,7.0,43.0,92.09,565.72
Oklahoma,Marshall,2023,15969.0,28.0,124.0,175.34,776.5
Oklahoma,Mayes,2023,39946.0,63.0,292.0,157.71,730.99
Oklahoma,McCurtain,2023,30946.0,56.0,344.0,180.96,1111.61
Oklahoma,McIntosh,2023,19672.0,27.0,169.0,137.25,859.09
Oklahoma,Murray,2023,13771.0,6.0,45.0,43.57,326.77
Oklahoma,Muskogee,2023,66686.0,81.0,186.0,121.46,278.92
Oklahoma,Noble,2023,10868.0,9.0,47.0,82.81,432.46
Oklahoma,Nowata,2023,9462.0,17.0,58.0,179.67,612.98
Oklahoma,Okfuskee,2023,11277.0,14.0,121.0,124.15,1072.98
Oklahoma,Ottawa,2023,30291.0,35.0,227.0,115.55,749.4
Oklahoma,Payne,2023,83485.0,31.0,202.0,37.13,241.96
Oklahoma,Pittsburg,2023,43465.0,40.0,307.0,92.03,706.32
Oklahoma,Pontotoc,2023,38504.0,0.0,64.0,0.0,166.22
Oklahoma,Pottawatomie,2023,73851.0,64.0,323.0,86.66,437.37
Oklahoma,Pushmataha,2023,10876.0,11.0,97.0,101.14,891.87
Oklahoma,Roger Mills,2023,3319.0,3.0,21.0,90.39,632.72
Oklahoma,Seminole,2023,23562.0,22.0,184.0,93.37,780.92
Oklahoma,Stephens,2023,44134.0,31.0,115.0,70.24,260.57
Oklahoma,Texas,2023,20426.0,5.0,44.0,24.48,215.41
Oklahoma,Tillman,2023,6883.0,3.0,20.0,43.59,290.57
Oklahoma,Washington,2023,53725.0,22.0,91.0,40.95,169.38
Oklahoma,Washita,2023,10727.0,2.0,33.0,18.64,307.63
Oklahoma,Woods,2023,8557.0,2.0,40.0,23.37,467.45
Oklahoma,Woodward,2023,20060.0,13.0,41.0,64.81,204.39
Oregon,Benton,2023,97964.0,22.0,182.0,22.46,185.78
Oregon,Clackamas,2023,424076.0,541.0,4555.0,127.57,1074.1
Oregon,Columbia,2023,53845.0,40.0,97.0,74.29,180.15
Oregon,Crook,2023,26940.0,9.0,4.0,33.41,14.85
Oregon,Deschutes,2023,208648.0,64.0,489.0,30.67,234.37
Oregon,Jackson,2023,221276.0,182.0,841.0,82.25,380.07
Oregon,Jefferson,2023,25532.0,7.0,89.0,27.42,348.58
Oregon,Josephine,2023,87949.0,94.0,178.0,106.88,202.39
Oregon,Lane,2023,382091.0,271.0,1236.0,70.93,323.48
Oregon,Linn,2023,131591.0,79.0,760.0,60.03,577.55
Oregon,Marion,2023,349966.0,151.0,1780.0,43.15,508.62
Oregon,Multnomah,2023,793778.0,273.0,1471.0,34.39,185.32
Oregon,Polk,2023,90138.0,59.0,241.0,65.46,267.37
Oregon,Washington,2023,603856.0,490.0,2416.0,81.15,400.1
Oregon,Yamhill,2023,108900.0,59.0,307.0,54.18,281.91
Oregon,Baker,2023,16886.0,4.0,79.0,23.69,467.84
Oregon,Clatsop,2023,41135.0,26.0,150.0,63.21,364.65
Oregon,Coos,2023,64578.0,49.0,443.0,75.88,685.99
Oregon,Douglas,2023,112442.0,118.0,610.0,104.94,542.5
Oregon,Gilliam,2023,2033.0,1.0,35.0,49.19,1721.59
Oregon,Hood River,2023,23809.0,15.0,138.0,63.0,579.61
Oregon,Klamath,2023,70332.0,156.0,459.0,221.81,652.62
Oregon,Lincoln,2023,50811.0,42.0,162.0,82.66,318.83
Oregon,Malheur,2023,32269.0,33.0,136.0,102.27,421.46
Oregon,Morrow,2023,12343.0,27.0,139.0,218.75,1126.14
Oregon,Sherman,2023,1964.0,1.0,23.0,50.92,1171.08
Oregon,Tillamook,2023,27459.0,20.0,145.0,72.84,528.06
Oregon,Umatilla,2023,80157.0,33.0,460.0,41.17,573.87
Oregon,Union,2023,25934.0,16.0,147.0,61.7,566.82
Oregon,Wasco,2023,26327.0,32.0,83.0,121.55,315.27
Pennsylvania,Adams,2023,106945.0,0.0,0.0,0.0,0.0
Pennsylvania,Allegheny,2023,1228911.0,9.0,5.0,0.73,0.41
Pennsylvania,Allegheny County Police Department,2023,1228911.0,349.0,166.0,28.4,13.51
Pennsylvania,Cambria,2023,130590.0,0.0,2.0,0.0,1.53
Pennsylvania,Franklin,2023,158181.0,0.0,0.0,0.0,0.0
Pennsylvania,Lehigh,2023,380068.0,0.0,0.0,0.0,0.0
Pennsylvania,Lycoming,2023,113192.0,0.0,0.0,0.0,0.0
Pennsylvania,Montgomery,2023,870108.0,0.0,0.0,0.0,0.0
Pennsylvania,Northampton,2023,320993.0,0.0,0.0,0.0,0.0
Pennsylvania,Washington,2023,210442.0,2.0,1.0,0.95,0.48
Pennsylvania,Westmoreland,2023,351233.0,0.0,0.0,0.0,0.0
Pennsylvania,Wyoming,2023,25912.0,0.0,0.0,0.0,0.0
Pennsylvania,York,2023,466068.0,2.0,0.0,0.43,0.0
Pennsylvania,Bradford,2023,59722.0,0.0,0.0,0.0,0.0
Pennsylvania,Greene,2023,34579.0,0.0,0.0,0.0,0.0
Pennsylvania,Mercer,2023,108556.0,0.0,0.0,0.0,0.0
Pennsylvania,Northumberland,2023,90139.0,0.0,0.0,0.0,0.0
Pennsylvania,Pike,2023,61524.0,0.0,1.0,0.0,1.63
Pennsylvania,Schuylkill,2023,143892.0,0.0,0.0,0.0,0.0
Pennsylvania,Snyder,2023,39673.0,0.0,0.0,0.0,0.0
Pennsylvania,Tioga,2023,40697.0,0.0,0.0,0.0,0.0
Pennsylvania,Union,2023,42185.0,0.0,0.0,0.0,0.0
Pennsylvania,Warren,2023,37629.0,0.0,0.0,0.0,0.0
Pennsylvania,Wayne,2023,51385.0,0.0,0.0,0.0,0.0
South Carolina,Aiken,2023,176336.0,328.0,2248.0,186.01,1274.84
South Carolina,Anderson,2023,214149.0,629.0,3624.0,293.72,1692.28
South Carolina,Beaufort,2023,199700.0,538.0,1744.0,269.4,873.31
South Carolina,Berkeley,2023,256711.0,542.0,2579.0,211.13,1004.63
South Carolina,Calhoun,2023,14189.0,26.0,168.0,183.24,1184.02
South Carolina,Charleston,2023,426447.0,252.0,1074.0,59.09,251.85
South Carolina,Chester,2023,32227.0,116.0,332.0,359.95,1030.19
South Carolina,Clarendon,2023,31106.0,151.0,563.0,485.44,1809.94
South Carolina,Darlington,2023,62498.0,400.0,1405.0,640.02,2248.07
South Carolina,Dorchester,2023,169882.0,236.0,1314.0,138.92,773.48
South Carolina,Edgefield,2023,28521.0,6.0,125.0,21.04,438.27
South Carolina,Fairfield,2023,20489.0,154.0,325.0,751.62,1586.22
South Carolina,Florence,2023,137524.0,583.0,2114.0,423.93,1537.19
South Carolina,Greenville,2023,560986.0,1654.0,7212.0,294.84,1285.59
South Carolina,Horry,2023,398699.0,0.0,0.0,0.0,0.0
South Carolina,Horry County Police Department,2023,398699.0,811.0,4588.0,203.41,1150.74
South Carolina,Jasper,2023,33983.0,207.0,481.0,609.13,1415.41
South Carolina,Kershaw,2023,70331.0,124.0,662.0,176.31,941.26
South Carolina,Lancaster,2023,108455.0,284.0,1089.0,261.86,1004.1
South Carolina,Laurens,2023,69208.0,194.0,638.0,280.31,921.86
South Carolina,Lexington,2023,309883.0,668.0,4106.0,215.57,1325.02
South Carolina,Pickens,2023,136591.0,147.0,756.0,107.62,553.48
South Carolina,Richland,2023,424872.0,2046.0,6911.0,481.56,1626.61
South Carolina,Saluda,2023,19327.0,38.0,80.0,196.62,413.93
South Carolina,Spartanburg,2023,358924.0,1244.0,4456.0,346.59,1241.49
South Carolina,Sumter,2023,104396.0,395.0,1303.0,378.37,1248.13
South Carolina,York,2023,297770.0,256.0,1496.0,85.97,502.4
South Carolina,Abbeville,2023,24582.0,27.0,168.0,109.84,683.43
South Carolina,Allendale,2023,7588.0,11.0,33.0,144.97,434.9
South Carolina,Bamberg,2023,12964.0,19.0,89.0,146.56,686.52
South Carolina,Barnwell,2023,20430.0,68.0,180.0,332.84,881.06
South Carolina,Cherokee,2023,56966.0,115.0,627.0,201.87,1100.66
South Carolina,Chesterfield,2023,44126.0,202.0,617.0,457.78,1398.27
South Carolina,Colleton,2023,39129.0,185.0,529.0,472.8,1351.94
South Carolina,Dillon,2023,27708.0,183.0,408.0,660.46,1472.5
South Carolina,Greenwood,2023,69634.0,115.0,615.0,165.15,883.19
South Carolina,Hampton,2023,18195.0,58.0,214.0,318.77,1176.15
South Carolina,Lee,2023,15925.0,82.0,308.0,514.91,1934.07
South Carolina,Marion,2023,28544.0,118.0,395.0,413.4,1383.83
South Carolina,Marlboro,2023,25745.0,121.0,426.0,469.99,1654.69
South Carolina,McCormick,2023,9788.0,9.0,50.0,91.95,510.83
South Carolina,Newberry,2023,38931.0,61.0,191.0,156.69,490.61
South Carolina,Oconee,2023,81552.0,179.0,1181.0,219.49,1448.16
South Carolina,Orangeburg,2023,83212.0,913.0,1656.0,1097.2,1990.1
South Carolina,Williamsburg,2023,29986.0,175.0,445.0,583.61,1484.03
South Dakota,Custer,2023,9108.0,15.0,60.0,164.69,658.76
South Dakota,Lincoln,2023,72813.0,24.0,172.0,32.96,236.22
South Dakota,McCook,2023,5840.0,4.0,18.0,68.49,308.22
South Dakota,Meade,2023,30923.0,20.0,110.0,64.68,355.72
South Dakota,Minnehaha,2023,206220.0,55.0,193.0,26.67,93.59
South Dakota,Pennington,2023,115867.0,116.0,327.0,100.11,282.22
South Dakota,Union,2023,17149.0,10.0,35.0,58.31,204.09
South Dakota,Bon Homme,2023,7105.0,4.0,3.0,56.3,42.22
South Dakota,Brookings,2023,35827.0,12.0,40.0,33.49,111.65
South Dakota,Clay,2023,15342.0,1.0,26.0,6.52,169.47
South Dakota,Codington,2023,28958.0,5.0,39.0,17.27,134.68
South Dakota,Corson,2023,3776.0,7.0,17.0,185.38,450.21
South Dakota,Davison,2023,19969.0,12.0,6.0,60.09,30.05
South Dakota,Day,2023,5429.0,3.0,22.0,55.26,405.23
South Dakota,Deuel,2023,4365.0,6.0,12.0,137.46,274.91
South Dakota,Dewey,2023,5387.0,1.0,5.0,18.56,92.82
South Dakota,Douglas,2023,2844.0,3.0,12.0,105.49,421.94
South Dakota,Fall River,2023,7374.0,16.0,49.0,216.98,664.5
South Dakota,Hamlin,2023,6479.0,9.0,35.0,138.91,540.21
South Dakota,Hughes,2023,17633.0,12.0,20.0,68.05,113.42
South Dakota,Kingsbury,2023,5259.0,0.0,5.0,0.0,95.08
South Dakota,Lake,2023,11059.0,4.0,23.0,36.17,207.98
South Dakota,Lawrence,2023,28037.0,15.0,21.0,53.5,74.9
South Dakota,Marshall,2023,4388.0,3.0,15.0,68.37,341.84
South Dakota,McPherson,2023,2340.0,1.0,18.0,42.74,769.23
South Dakota,Miner,2023,2289.0,2.0,9.0,87.37,393.18
South Dakota,Moody,2023,6463.0,3.0,2.0,46.42,30.95
South Dakota,Perkins,2023,2813.0,3.0,3.0,106.65,106.65
South Dakota,Roberts,2023,10189.0,14.0,5.0,137.4,49.07
South Dakota,Spink,2023,6164.0,8.0,15.0,129.79,243.35
South Dakota,Yankton,2023,23505.0,9.0,52.0,38.29,221.23
Tennessee,Anderson,2023,80369.0,118.0,274.0,146.82,340.93
Tennessee,Blount,2023,141407.0,279.0,477.0,197.3,337.32
Tennessee,Bradley,2023,112196.0,147.0,439.0,131.02,391.28
Tennessee,Campbell,2023,40228.0,39.0,157.0,96.95,390.28
Tennessee,Cannon,2023,15038.0,4.0,10.0,26.6,66.5
Tennessee,Carter,2023,57047.0,127.0,493.0,222.62,864.2
Tennessee,Cheatham,2023,42223.0,133.0,198.0,314.99,468.94
Tennessee,Chester,2023,17712.0,19.0,66.0,107.27,372.63
Tennessee,Crockett,2023,13967.0,21.0,71.0,150.35,508.34
Tennessee,Dickson,2023,56882.0,135.0,216.0,237.33,379.73
Tennessee,Fayette,2023,44130.0,104.0,162.0,235.67,367.1
Tennessee,Gibson,2023,51245.0,32.0,112.0,62.45,218.56
Tennessee,Grainger,2023,24713.0,62.0,158.0,250.88,639.34
Tennessee,Hamblen,2023,66582.0,152.0,313.0,228.29,470.1
Tennessee,Hamilton,2023,381087.0,201.0,495.0,52.74,129.89
Tennessee,Hartsville/Trousdale,2023,12327.0,18.0,99.0,146.02,803.12
Tennessee,Hawkins,2023,58587.0,37.0,247.0,63.15,421.6
Tennessee,Hickman,2023,25794.0,99.0,215.0,383.81,833.53
Tennessee,Jefferson,2023,57849.0,98.0,335.0,169.41,579.09
Tennessee,Knox,2023,501589.0,566.0,2417.0,112.84,481.87
Tennessee,Loudon,2023,60699.0,102.0,197.0,168.04,324.55
Tennessee,Macon,2023,26868.0,46.0,28.0,171.21,104.21
Tennessee,Madison,2023,99518.0,81.0,221.0,81.39,222.07
Tennessee,Marion,2023,29393.0,41.0,99.0,139.49,336.81
Tennessee,Maury,2023,111022.0,113.0,287.0,101.78,258.51
Tennessee,Montgomery,2023,240192.0,101.0,400.0,42.05,166.53
Tennessee,Morgan,2023,21542.0,59.0,108.0,273.88,501.35
Tennessee,Polk,2023,18064.0,38.0,211.0,210.36,1168.07
Tennessee,Roane,2023,56218.0,71.0,165.0,126.29,293.5
Tennessee,Robertson,2023,76948.0,102.0,159.0,132.56,206.63
Tennessee,Rutherford,2023,370483.0,269.0,432.0,72.61,116.6
Tennessee,Sequatchie,2023,17168.0,60.0,99.0,349.49,576.65
Tennessee,Shelby,2023,915501.0,610.0,2768.0,66.63,302.35
Tennessee,Smith,2023,20538.0,7.0,93.0,34.08,452.82
Tennessee,Stewart,2023,14269.0,22.0,45.0,154.18,315.37
Tennessee,Sullivan,2023,161953.0,324.0,664.0,200.06,410.0
Tennessee,Sumner,2023,208501.0,118.0,227.0,56.59,108.87
Tennessee,Tipton,2023,61957.0,134.0,264.0,216.28,426.1
Tennessee,Unicoi,2023,17823.0,18.0,41.0,100.99,230.04
Tennessee,Union,2023,20760.0,28.0,124.0,134.87,597.3
Tennessee,Washington,2023,138454.0,139.0,616.0,100.39,444.91
Tennessee,Williamson,2023,264898.0,165.0,265.0,62.29,100.04
Tennessee,Wilson,2023,164275.0,40.0,380.0,24.35,231.32
Tennessee,Bedford,2023,53249.0,85.0,168.0,159.63,315.5
Tennessee,Benton,2023,16160.0,38.0,80.0,235.15,495.05
Tennessee,Bledsoe,2023,14996.0,3.0,27.0,20.01,180.05
Tennessee,Carroll,2023,29007.0,25.0,73.0,86.19,251.66
Tennessee,Claiborne,2023,32667.0,31.0,118.0,94.9,361.22
Tennessee,Clay,2023,7666.0,16.0,21.0,208.71,273.94
Tennessee,Cocke,2023,37359.0,154.0,331.0,412.22,886.0
Tennessee,Coffee,2023,60562.0,108.0,308.0,178.33,508.57
Tennessee,Cumberland,2023,64817.0,68.0,352.0,104.91,543.07
Tennessee,Decatur,2023,11685.0,13.0,59.0,111.25,504.92
Tennessee,DeKalb,2023,21301.0,34.0,82.0,159.62,384.96
Tennessee,Dyer,2023,36495.0,40.0,153.0,109.6,419.24
Tennessee,Fentress,2023,19651.0,49.0,152.0,249.35,773.5
Tennessee,Franklin,2023,44724.0,56.0,155.0,125.21,346.57
Tennessee,Giles,2023,30879.0,46.0,177.0,148.97,573.21
Tennessee,Greene,2023,72518.0,167.0,564.0,230.29,777.74
Tennessee,Grundy,2023,13954.0,60.0,119.0,429.98,852.8
Tennessee,Hancock,2023,6974.0,20.0,100.0,286.78,1433.9
Tennessee,Hardeman,2023,25555.0,69.0,148.0,270.01,579.14
Tennessee,Hardin,2023,27433.0,68.0,234.0,247.88,852.99
Tennessee,Haywood,2023,17377.0,30.0,132.0,172.64,759.62
Tennessee,Henderson,2023,28083.0,62.0,197.0,220.77,701.49
Tennessee,Henry,2023,32504.0,39.0,177.0,119.99,544.55
Tennessee,Houston,2023,8391.0,18.0,29.0,214.52,345.61
Tennessee,Humphreys,2023,19286.0,75.0,94.0,388.88,487.4
Tennessee,Jackson,2023,12355.0,12.0,39.0,97.13,315.66
Tennessee,Johnson,2023,18325.0,45.0,95.0,245.57,518.42
Tennessee,Lake,2023,6385.0,9.0,20.0,140.96,313.23
Tennessee,Lauderdale,2023,24504.0,65.0,134.0,265.26,546.85
Tennessee,Lawrence,2023,46091.0,37.0,92.0,80.28,199.61
Tennessee,Lewis,2023,13126.0,14.0,65.0,106.66,495.2
Tennessee,Lincoln,2023,36157.0,69.0,193.0,190.83,533.78
Tennessee,Marshall,2023,37048.0,43.0,79.0,116.07,213.24
Tennessee,McMinn,2023,55814.0,79.0,220.0,141.54,394.17
Tennessee,McNairy,2023,26066.0,46.0,254.0,176.48,974.45
Tennessee,Meigs,2023,13695.0,29.0,137.0,211.76,1000.37
Tennessee,Monroe,2023,48601.0,139.0,395.0,286.0,812.74
Tennessee,Moore,2023,6802.0,14.0,44.0,205.82,646.87
Tennessee,Obion,2023,30402.0,40.0,149.0,131.57,490.1
Tennessee,Overton,2023,23352.0,59.0,105.0,252.66,449.64
Tennessee,Perry,2023,8927.0,12.0,37.0,134.42,414.47
Tennessee,Putnam,2023,83902.0,65.0,277.0,77.47,330.15
Tennessee,Rhea,2023,34264.0,33.0,140.0,96.31,408.59
Tennessee,Scott,2023,22253.0,45.0,108.0,202.22,485.33
Tennessee,Sevier,2023,100410.0,148.0,553.0,147.4,550.74
Tennessee,Van Buren,2023,6576.0,11.0,18.0,167.27,273.72
Tennessee,Warren,2023,42615.0,89.0,225.0,208.85,527.98
Tennessee,Wayne,2023,16050.0,9.0,63.0,56.07,392.52
Tennessee,Weakley,2023,33167.0,26.0,93.0,78.39,280.4
Tennessee,White,2023,28715.0,28.0,96.0,97.51,334.32
Texas,Aransas,2023,25360.0,79.0,137.0,311.51,540.22
Texas,Armstrong,2023,1829.0,2.0,11.0,109.35,601.42
Texas,Atascosa,2023,52116.0,74.0,470.0,141.99,901.83
Texas,Austin,2023,31772.0,40.0,108.0,125.9,339.92
Texas,Bandera,2023,22608.0,27.0,154.0,119.43,681.17
Texas,Bastrop,2023,111561.0,237.0,611.0,212.44,547.68
Texas,Bell,2023,393673.0,64.0,593.0,16.26,150.63
Texas,Bexar,2023,2102398.0,973.0,6871.0,46.28,326.82
Texas,Bowie,2023,91688.0,53.0,321.0,57.8,350.1
Texas,Brazoria,2023,400433.0,201.0,1381.0,50.2,344.88
Texas,Brazos,2023,246477.0,54.0,237.0,21.91,96.16
Texas,Burleson,2023,19495.0,23.0,90.0,117.98,461.66
Texas,Caldwell,2023,50289.0,56.0,138.0,111.36,274.41
Texas,Callahan,2023,14427.0,10.0,51.0,69.31,353.5
Texas,Cameron,2023,428906.0,285.0,778.0,66.45,181.39
Texas,Carson,2023,5883.0,9.0,31.0,152.98,526.94
Texas,Chambers,2023,54113.0,104.0,722.0,192.19,1334.25
Texas,Clay,2023,10700.0,26.0,82.0,242.99,766.36
Texas,Cochran,2023,2533.0,5.0,21.0,197.39,829.06
Texas,Collin,2023,1207386.0,70.0,369.0,5.8,30.56
Texas,Comal,2023,193849.0,119.0,775.0,61.39,399.8
Texas,Coryell,2023,85496.0,24.0,75.0,28.07,87.72
Texas,Crosby,2023,4965.0,1.0,32.0,20.14,644.51
Texas,Dallas,2023,2637393.0,20.0,165.0,0.76,6.26
Texas,Denton,2023,1013965.0,69.0,470.0,6.8,46.35
Texas,Ector,2023,165946.0,72.0,224.0,43.39,134.98
Texas,Ellis,2023,223347.0,75.0,329.0,33.58,147.3
Texas,El Paso,2023,873242.0,351.0,1024.0,40.2,117.26
Texas,Falls,2023,17660.0,5.0,11.0,28.31,62.29
Texas,Fort Bend,2023,923883.0,852.0,4956.0,92.22,536.43
Texas,Galveston,2023,362263.0,130.0,463.0,35.89,127.81
Texas,Garza,2023,4544.0,7.0,23.0,154.05,506.16
Texas,Goliad,2023,7170.0,13.0,64.0,181.31,892.61
Texas,Grayson,2023,147072.0,71.0,262.0,48.28,178.14
Texas,Gregg,2023,126439.0,43.0,227.0,34.01,179.53
Texas,Hardin,2023,58213.0,48.0,207.0,82.46,355.59
Texas,Harris,2023,4896507.0,10173.0,50545.0,207.76,1032.27
Texas,Harrison,2023,70999.0,49.0,398.0,69.02,560.57
Texas,Hays,2023,281883.0,170.0,822.0,60.31,291.61
Texas,Hidalgo,2023,901096.0,600.0,2962.0,66.59,328.71
Texas,Hockley,2023,21343.0,1.0,53.0,4.69,248.32
Texas,Hudspeth,2023,3399.0,3.0,7.0,88.26,205.94
Texas,Hunt,2023,113819.0,176.0,480.0,154.63,421.72
Texas,Irion,2023,1552.0,0.0,9.0,0.0,579.9
Texas,Jefferson,2023,253557.0,74.0,303.0,29.18,119.5
Texas,Johnson,2023,203731.0,171.0,411.0,83.93,201.74
Texas,Jones,2023,20812.0,6.0,39.0,28.83,187.39
Texas,Kaufman,2023,186658.0,141.0,503.0,75.54,269.48
Texas,Kendall,2023,50559.0,18.0,102.0,35.6,201.74
Texas,Lampasas,2023,23328.0,12.0,28.0,51.44,120.03
Texas,Liberty,2023,109248.0,204.0,800.0,186.73,732.28
Texas,Lubbock,2023,321411.0,148.0,450.0,46.05,140.01
Texas,Lynn,2023,5823.0,2.0,8.0,34.35,137.39
Texas,Martin,2023,5277.0,2.0,195.0,37.9,3695.28
Texas,Maverick,2023,58077.0,90.0,413.0,154.97,711.12
Texas,McLennan,2023,268480.0,103.0,364.0,38.36,135.58
Texas,Medina,2023,54822.0,63.0,234.0,114.92,426.84
Texas,Midland,2023,178641.0,192.0,787.0,107.48,440.55
Texas,Montgomery,2023,715961.0,1193.0,5239.0,166.63,731.74
Texas,Nueces,2023,352505.0,46.0,127.0,13.05,36.03
Texas,Oldham,2023,1773.0,1.0,8.0,56.4,451.21
Texas,Orange,2023,85705.0,69.0,300.0,80.51,350.04
Texas,Parker,2023,173437.0,148.0,994.0,85.33,573.12
Texas,Potter,2023,115291.0,48.0,129.0,41.63,111.89
Texas,Randall,2023,147993.0,50.0,80.0,33.79,54.06
Texas,Robertson,2023,17306.0,15.0,81.0,86.68,468.05
Texas,Rockwall,2023,131418.0,25.0,57.0,19.02,43.37
Texas,Rusk,2023,53312.0,36.0,221.0,67.53,414.54
Texas,San Jacinto,2023,29168.0,18.0,147.0,61.71,503.98
Texas,Smith,2023,245945.0,271.0,770.0,110.19,313.08
Texas,Tarrant,2023,2194974.0,132.0,801.0,6.01,36.49
Texas,Taylor,2023,147254.0,30.0,111.0,20.37,75.38
Texas,Tom Green,2023,119327.0,38.0,148.0,31.85,124.03
Texas,Travis,2023,1353278.0,932.0,4239.0,68.87,313.24
Texas,Victoria,2023,91757.0,65.0,188.0,70.84,204.89
Texas,Waller,2023,64298.0,73.0,416.0,113.53,646.99
Texas,Webb,2023,271942.0,54.0,132.0,19.86,48.54
Texas,Wichita,2023,129889.0,8.0,58.0,6.16,44.65
Texas,Williamson,2023,701798.0,217.0,1603.0,30.92,228.41
Texas,Wilson,2023,54296.0,62.0,347.0,114.19,639.09
Texas,Wise,2023,78012.0,110.0,471.0,141.0,603.75
Texas,Andrews,2023,18632.0,4.0,116.0,21.47,622.58
Texas,Angelina,2023,87626.0,175.0,571.0,199.71,651.63
Texas,Bailey,2023,6804.0,2.0,11.0,29.39,161.67
Texas,Baylor,2023,3482.0,0.0,6.0,0.0,172.31
Texas,Bee,2023,31394.0,30.0,132.0,95.56,420.46
Texas,Blanco,2023,13067.0,8.0,32.0,61.22,244.89
Texas,Borden,2023,573.0,2.0,7.0,349.04,1221.64
Texas,Brewster,2023,9550.0,4.0,15.0,41.88,157.07
Texas,Briscoe,2023,1444.0,1.0,11.0,69.25,761.77
Texas,Brooks,2023,6874.0,3.0,7.0,43.64,101.83
Texas,Brown,2023,38447.0,30.0,189.0,78.03,491.59
Texas,Burnet,2023,54390.0,62.0,148.0,113.99,272.11
Texas,Calhoun,2023,19731.0,22.0,45.0,111.5,228.07
Texas,Camp,2023,13050.0,14.0,43.0,107.28,329.5
Texas,Cass,2023,28637.0,7.0,109.0,24.44,380.63
Texas,Castro,2023,7291.0,1.0,11.0,13.72,150.87
Texas,Cherokee,2023,52631.0,78.0,258.0,148.2,490.21
Texas,Childress,2023,6765.0,1.0,4.0,14.78,59.13
Texas,Coleman,2023,7873.0,1.0,11.0,12.7,139.72
Texas,Collingsworth,2023,2545.0,2.0,2.0,78.59,78.59
Texas,Colorado,2023,21226.0,16.0,161.0,75.38,758.5
Texas,Comanche,2023,14038.0,14.0,61.0,99.73,434.53
Texas,Concho,2023,3431.0,0.0,12.0,0.0,349.75
Texas,Cooke,2023,43773.0,15.0,68.0,34.27,155.35
Texas,Crane,2023,4574.0,0.0,27.0,0.0,590.29
Texas,Crockett,2023,2846.0,6.0,34.0,210.82,1194.66
Texas,Dallam,2023,7302.0,0.0,2.0,0.0,27.39
Texas,Dawson,2023,11912.0,2.0,27.0,16.79,226.66
Texas,Deaf Smith,2023,18422.0,11.0,61.0,59.71,331.13
Texas,Delta,2023,5517.0,17.0,42.0,308.14,761.28
Texas,DeWitt,2023,20271.0,16.0,59.0,78.93,291.06
Texas,Dimmit,2023,8293.0,24.0,122.0,289.4,1471.12
Texas,Donley,2023,3188.0,8.0,16.0,250.94,501.88
Texas,Eastland,2023,18221.0,30.0,46.0,164.65,252.46
Texas,Edwards,2023,1401.0,6.0,25.0,428.27,1784.44
Texas,Erath,2023,44304.0,20.0,47.0,45.14,106.09
Texas,Fannin,2023,37858.0,62.0,117.0,163.77,309.05
Texas,Fayette,2023,25436.0,26.0,85.0,102.22,334.17
Texas,Fisher,2023,3614.0,7.0,23.0,193.69,636.41
Texas,Floyd,2023,5124.0,7.0,23.0,136.61,448.87
Texas,Foard,2023,1085.0,0.0,0.0,0.0,0.0
Texas,Franklin,2023,10711.0,14.0,38.0,130.71,354.78
Texas,Freestone,2023,20361.0,30.0,65.0,147.34,319.24
Texas,Frio,2023,18530.0,8.0,84.0,43.17,453.32
Texas,Gaines,2023,22552.0,12.0,70.0,53.21,310.39
Texas,Gillespie,2023,27766.0,10.0,30.0,36.02,108.05
Texas,Glasscock,2023,1155.0,0.0,57.0,0.0,4935.06
Texas,Gonzales,2023,20028.0,38.0,105.0,189.73,524.27
Texas,Gray,2023,20958.0,4.0,37.0,19.09,176.54
Texas,Grimes,2023,32582.0,60.0,169.0,184.15,518.69
Texas,Hall,2023,2808.0,0.0,7.0,0.0,249.29
Texas,Hamilton,2023,8603.0,4.0,3.0,46.5,34.87
Texas,Hansford,2023,5078.0,0.0,7.0,0.0,137.85
Texas,Hardeman,2023,3448.0,0.0,14.0,0.0,406.03
Texas,Hartley,2023,5116.0,3.0,14.0,58.64,273.65
Texas,Haskell,2023,5443.0,1.0,16.0,18.37,293.96
Texas,Hemphill,2023,3150.0,0.0,14.0,0.0,444.44
Texas,Henderson,2023,86371.0,161.0,522.0,186.41,604.37
Texas,Hill,2023,38236.0,44.0,229.0,115.07,598.91
Texas,Hood,2023,67717.0,94.0,329.0,138.81,485.85
Texas,Hopkins,2023,38236.0,19.0,33.0,49.69,86.31
Texas,Houston,2023,22050.0,19.0,104.0,86.17,471.66
Texas,Howard,2023,30702.0,49.0,284.0,159.6,925.02
Texas,Hutchinson,2023,20020.0,13.0,39.0,64.94,194.81
Texas,Jack,2023,9199.0,10.0,8.0,108.71,86.97
Texas,Jackson,2023,15199.0,7.0,39.0,46.06,256.6
Texas,Jasper,2023,32740.0,21.0,171.0,64.14,522.3
Texas,Jeff Davis,2023,1852.0,7.0,14.0,377.97,755.94
Texas,Jim Hogg,2023,4661.0,6.0,34.0,128.73,729.46
Texas,Jim Wells,2023,38766.0,80.0,228.0,206.37,588.14
Texas,Karnes,2023,14965.0,5.0,38.0,33.41,253.93
Texas,Kenedy,2023,347.0,1.0,1.0,288.18,288.18
Texas,Kerr,2023,53922.0,37.0,175.0,68.62,324.54
Texas,Kimble,2023,4480.0,0.0,8.0,0.0,178.57
Texas,King,2023,212.0,0.0,0.0,0.0,0.0
Texas,Kinney,2023,3163.0,1.0,5.0,31.62,158.08
Texas,Kleberg,2023,30327.0,13.0,40.0,42.87,131.9
Texas,Lamar,2023,51155.0,47.0,92.0,91.88,179.85
Texas,Lamb,2023,12713.0,6.0,40.0,47.2,314.64
Texas,Lavaca,2023,20565.0,15.0,50.0,72.94,243.13
Texas,Lee,2023,18259.0,19.0,86.0,104.06,471.0
Texas,Leon,2023,16574.0,16.0,135.0,96.54,814.53
Texas,Limestone,2023,22489.0,64.0,134.0,284.58,595.85
Texas,Lipscomb,2023,2916.0,1.0,10.0,34.29,342.94
Texas,Live Oak,2023,11823.0,12.0,57.0,101.5,482.11
Texas,Llano,2023,22978.0,35.0,113.0,152.32,491.77
Texas,Loving,2023,46.0,0.0,30.0,0.0,65217.39
Texas,Madison,2023,13752.0,7.0,46.0,50.9,334.5
Texas,Mason,2023,3937.0,2.0,6.0,50.8,152.4
Texas,Matagorda,2023,36252.0,78.0,207.0,215.16,571.0
Texas,McCulloch,2023,7510.0,1.0,19.0,13.32,253.0
Texas,Milam,2023,26064.0,15.0,54.0,57.55,207.18
Texas,Mills,2023,4546.0,12.0,22.0,263.97,483.94
Texas,Montague,2023,21649.0,18.0,73.0,83.14,337.2
Texas,Moore,2023,21279.0,5.0,49.0,23.5,230.27
Texas,Morris,2023,12135.0,14.0,54.0,115.37,444.99
Texas,Motley,2023,1021.0,1.0,27.0,97.94,2644.47
Texas,Nacogdoches,2023,65597.0,36.0,160.0,54.88,243.91
Texas,Navarro,2023,55734.0,46.0,167.0,82.53,299.64
Texas,Newton,2023,12119.0,5.0,27.0,41.26,222.79
Texas,Nolan,2023,14243.0,6.0,37.0,42.13,259.78
Texas,Ochiltree,2023,9645.0,3.0,11.0,31.1,114.05
Texas,Palo Pinto,2023,29808.0,39.0,138.0,130.84,462.96
Texas,Panola,2023,22809.0,17.0,45.0,74.53,197.29
Texas,Parmer,2023,9626.0,3.0,17.0,31.17,176.61
Texas,Pecos,2023,14719.0,17.0,37.0,115.5,251.38
Texas,Polk,2023,53617.0,92.0,422.0,171.59,787.06
Texas,Presidio,2023,5730.0,0.0,0.0,0.0,0.0
Texas,Rains,2023,13064.0,17.0,18.0,130.13,137.78
Texas,Reagan,2023,3178.0,4.0,33.0,125.87,1038.39
Texas,Real,2023,2845.0,2.0,32.0,70.3,1124.78
Texas,Red River,2023,11713.0,18.0,55.0,153.68,469.56
Texas,Reeves,2023,11937.0,10.0,134.0,83.77,1122.56
Texas,Refugio,2023,6693.0,4.0,26.0,59.76,388.47
Texas,Roberts,2023,829.0,0.0,0.0,0.0,0.0
Texas,Runnels,2023,9901.0,0.0,15.0,0.0,151.5
Texas,Sabine,2023,10133.0,19.0,50.0,187.51,493.44
Texas,San Augustine,2023,7865.0,10.0,37.0,127.15,470.44
Texas,Schleicher,2023,2355.0,3.0,6.0,127.39,254.78
Texas,Scurry,2023,16179.0,5.0,41.0,30.9,253.41
Texas,Shackelford,2023,3220.0,4.0,3.0,124.22,93.17
Texas,Shelby,2023,24280.0,18.0,88.0,74.14,362.44
Texas,Somervell,2023,9887.0,5.0,63.0,50.57,637.2
Texas,Starr,2023,66062.0,74.0,171.0,112.02,258.85
Texas,Stephens,2023,9386.0,5.0,29.0,53.27,308.97
Texas,Sterling,2023,1374.0,2.0,6.0,145.56,436.68
Texas,Sutton,2023,3223.0,0.0,1.0,0.0,31.03
Texas,Swisher,2023,6900.0,0.0,13.0,0.0,188.41
Texas,Terrell,2023,702.0,0.0,0.0,0.0,0.0
Texas,Terry,2023,11556.0,2.0,28.0,17.31,242.3
Texas,Throckmorton,2023,1526.0,1.0,5.0,65.53,327.65
Texas,Titus,2023,31377.0,40.0,107.0,127.48,341.01
Texas,Trinity,2023,14265.0,21.0,107.0,147.21,750.09
Texas,Tyler,2023,20426.0,19.0,116.0,93.02,567.9
Texas,Upton,2023,3126.0,4.0,19.0,127.96,607.81
Texas,Uvalde,2023,24946.0,16.0,65.0,64.14,260.56
Texas,Val Verde,2023,47678.0,50.0,139.0,104.87,291.54
Texas,Van Zandt,2023,64033.0,40.0,203.0,62.47,317.02
Texas,Walker,2023,82513.0,50.0,243.0,60.6,294.5
Texas,Ward,2023,10974.0,11.0,142.0,100.24,1293.97
Texas,Washington,2023,37244.0,25.0,86.0,67.12,230.91
Texas,Wharton,2023,41875.0,39.0,255.0,93.13,608.96
Texas,Wheeler,2023,4822.0,11.0,19.0,228.12,394.03
Texas,Wilbarger,2023,12510.0,2.0,9.0,15.99,71.94
Texas,Willacy,2023,20011.0,15.0,40.0,74.96,199.89
Texas,Winkler,2023,7625.0,9.0,54.0,118.03,708.2
Texas,Wood,2023,48106.0,58.0,177.0,120.57,367.94
Texas,Yoakum,2023,7440.0,16.0,31.0,215.05,416.67
Texas,Young,2023,18161.0,4.0,8.0,22.03,44.05
Texas,Zapata,2023,13765.0,7.0,71.0,50.85,515.8
Texas,Zavala,2023,9365.0,22.0,29.0,234.92,309.66
Utah,Cache,2023,143021.0,72.0,222.0,50.34,155.22
Utah,Davis,2023,374645.0,35.0,137.0,9.34,36.57
Utah,Salt Lake County Unified Police Department,2023,1205509.0,454.0,4262.0,37.66,353.54
Utah,Tooele,2023,82266.0,54.0,260.0,65.64,316.05
Utah,Utah,2023,726088.0,79.0,347.0,10.88,47.79
Utah,Washington,2023,202953.0,38.0,102.0,18.72,50.26
Utah,Weber,2023,272735.0,114.0,460.0,41.8,168.66
Utah,Beaver,2023,7271.0,6.0,48.0,82.52,660.16
Utah,Box Elder,2023,62817.0,13.0,82.0,20.7,130.54
Utah,Carbon,2023,20622.0,15.0,33.0,72.74,160.02
Utah,Duchesne,2023,20484.0,56.0,199.0,273.38,971.49
Utah,Emery,2023,10134.0,14.0,59.0,138.15,582.2
Utah,Garfield,2023,5329.0,9.0,31.0,168.89,581.72
Utah,Grand,2023,9779.0,17.0,43.0,173.84,439.72
Utah,Iron,2023,64306.0,39.0,152.0,60.65,236.37
Utah,Kane,2023,8433.0,13.0,15.0,154.16,177.87
Utah,Millard,2023,13661.0,25.0,118.0,183.0,863.77
Utah,San Juan,2023,14324.0,14.0,5.0,97.74,34.91
Utah,Sanpete,2023,30565.0,20.0,46.0,65.43,150.5
Utah,Sevier,2023,22378.0,7.0,37.0,31.28,165.34
Utah,Summit,2023,42981.0,62.0,279.0,144.25,649.12
Utah,Uintah,2023,37851.0,38.0,97.0,100.39,256.27
Utah,Wasatch,2023,37269.0,33.0,75.0,88.55,201.24
Vermont,Chittenden,2023,169533.0,1.0,4.0,0.59,2.36
Vermont,Franklin,2023,50871.0,14.0,188.0,27.52,369.56
Vermont,Grand Isle,2023,7492.0,1.0,17.0,13.35,226.91
Vermont,Addison,2023,37856.0,0.0,3.0,0.0,7.92
Vermont,Bennington,2023,37175.0,0.0,9.0,0.0,24.21
Vermont,Caledonia,2023,30617.0,1.0,1.0,3.27,3.27
Vermont,Essex,2023,5978.0,4.0,2.0,66.91,33.46
Vermont,Lamoille,2023,26152.0,5.0,56.0,19.12,214.13
Vermont,Orange,2023,29907.0,0.0,1.0,0.0,3.34
Vermont,Orleans,2023,27684.0,4.0,57.0,14.45,205.9
Vermont,Rutland,2023,60356.0,3.0,17.0,4.97,28.17
Vermont,Washington,2023,60241.0,0.0,4.0,0.0,6.64
Vermont,Windham,2023,45923.0,1.0,8.0,2.18,17.42
Vermont,Windsor,2023,57937.0,1.0,2.0,1.73,3.45
Virginia,Albemarle County Police Department,2023,115664.0,145.0,1826.0,125.36,1578.71
Virginia,Amelia,2023,13583.0,15.0,123.0,110.43,905.54
Virginia,Amherst,2023,31557.0,75.0,277.0,237.67,877.78
Virginia,Appomattox,2023,16846.0,17.0,83.0,100.91,492.7
Virginia,Arlington County Police Department,2023,234369.0,652.0,4245.0,278.19,1811.25
Virginia,Augusta,2023,78325.0,75.0,636.0,95.75,812.0
Virginia,Bedford,2023,81765.0,85.0,405.0,103.96,495.32
Virginia,Botetourt,2023,34138.0,48.0,239.0,140.61,700.1
Virginia,Campbell,2023,55308.0,75.0,492.0,135.6,889.56
Virginia,Charles City,2023,6652.0,8.0,35.0,120.26,526.16
Virginia,Chesterfield County Police Department,2023,385138.0,765.0,5886.0,198.63,1528.28
Virginia,Clarke,2023,15399.0,2.0,41.0,12.99,266.25
Virginia,Craig,2023,4822.0,5.0,28.0,103.69,580.67
Virginia,Culpeper,2023,55263.0,26.0,103.0,47.05,186.38
Virginia,Dinwiddie,2023,28476.0,101.0,293.0,354.68,1028.94
Virginia,Fairfax County Police Department,2023,1143456.0,1323.0,17969.0,115.7,1571.46
Virginia,Fairfax County Police Department,2023,25070.0,1323.0,17969.0,5277.22,71675.31
Virginia,Fauquier,2023,75256.0,50.0,184.0,66.44,244.5
Virginia,Floyd,2023,15713.0,9.0,71.0,57.28,451.86
Virginia,Fluvanna,2023,28493.0,40.0,166.0,140.39,582.6
Virginia,Franklin,2023,55475.0,47.0,336.0,84.72,605.68
Virginia,Franklin,2023,8323.0,47.0,336.0,564.7,4037.01
Virginia,Frederick,2023,96248.0,43.0,811.0,44.68,842.61
Virginia,Giles,2023,16523.0,16.0,63.0,96.83,381.29
Virginia,Gloucester,2023,40016.0,46.0,426.0,114.95,1064.57
Virginia,Goochland,2023,27272.0,21.0,164.0,77.0,601.35
Virginia,Greene,2023,21355.0,19.0,148.0,88.97,693.05
Virginia,Hanover,2023,114263.0,199.0,996.0,174.16,871.67
Virginia,Henrico County Police Department,2023,336037.0,641.0,7413.0,190.75,2206.01
Virginia,Isle of Wight,2023,40627.0,40.0,165.0,98.46,406.13
Virginia,James City County Police Department,2023,,96.0,656.0,,
Virginia,King and Queen,2023,6739.0,8.0,33.0,118.71,489.69
Virginia,King William,2023,19048.0,20.0,60.0,105.0,314.99
Virginia,Loudoun,2023,436786.0,293.0,2535.0,67.08,580.38
Virginia,Mathews,2023,8558.0,2.0,70.0,23.37,817.95
Virginia,Montgomery,2023,98606.0,66.0,247.0,66.93,250.49
Virginia,Nelson,2023,14652.0,38.0,119.0,259.35,812.18
Virginia,New Kent,2023,26178.0,40.0,178.0,152.8,679.96
Virginia,Powhatan,2023,32102.0,36.0,184.0,112.14,573.17
Virginia,Prince George County Police Department,2023,43088.0,141.0,440.0,327.24,1021.17
Virginia,Prince William County Police Department,2023,491396.0,1297.0,6468.0,263.94,1316.25
Virginia,Pulaski,2023,33611.0,33.0,396.0,98.18,1178.19
Virginia,Rappahannock,2023,7448.0,14.0,19.0,187.97,255.1
Virginia,Roanoke County Police Department,2023,97219.0,204.0,1018.0,209.84,1047.12
Virginia,Roanoke County Police Department,2023,97741.0,204.0,1018.0,208.71,1041.53
Virginia,Rockingham,2023,86900.0,88.0,271.0,101.27,311.85
Virginia,Scott,2023,21409.0,31.0,227.0,144.8,1060.3
Virginia,Spotsylvania,2023,149837.0,340.0,709.0,226.91,473.18
Virginia,Stafford,2023,165794.0,320.0,1434.0,193.01,864.93
Virginia,Surry,2023,6591.0,7.0,39.0,106.21,591.72
Virginia,Sussex,2023,10801.0,36.0,120.0,333.3,1111.01
Virginia,Warren,2023,41983.0,26.0,148.0,61.93,352.52
Virginia,Washington,2023,53998.0,52.0,552.0,96.3,1022.26
Virginia,York,2023,71020.0,125.0,1017.0,176.01,1431.99
Virginia,Accomack,2023,33510.0,88.0,245.0,262.61,731.13
Virginia,Alleghany,2023,14733.0,30.0,70.0,203.62,475.12
Virginia,Brunswick,2023,15786.0,9.0,76.0,57.01,481.44
Virginia,Buchanan,2023,18981.0,30.0,168.0,158.05,885.1
Virginia,Buckingham,2023,16985.0,12.0,147.0,70.65,865.47
Virginia,Caroline,2023,32745.0,98.0,213.0,299.28,650.48
Virginia,Carroll,2023,29197.0,28.0,179.0,95.9,613.08
Virginia,Charlotte,2023,11408.0,14.0,70.0,122.72,613.6
Virginia,Cumberland,2023,9914.0,14.0,35.0,141.21,353.04
Virginia,Dickenson,2023,13576.0,23.0,85.0,169.42,626.1
Virginia,Essex,2023,10590.0,12.0,56.0,113.31,528.8
Virginia,Grayson,2023,15259.0,23.0,95.0,150.73,622.58
Virginia,Greensville,2023,11175.0,15.0,76.0,134.23,680.09
Virginia,Halifax,2023,33470.0,23.0,137.0,68.72,409.32
Virginia,Henry,2023,49709.0,147.0,579.0,295.72,1164.78
Virginia,Highland,2023,2344.0,1.0,20.0,42.66,853.24
Virginia,King George,2023,28447.0,35.0,222.0,123.04,780.4
Virginia,Lancaster,2023,10879.0,27.0,65.0,248.18,597.48
Virginia,Lee,2023,21773.0,29.0,227.0,133.19,1042.58
Virginia,Louisa,2023,41036.0,30.0,284.0,73.11,692.08
Virginia,Lunenburg,2023,12058.0,15.0,29.0,124.4,240.5
Virginia,Madison,2023,14108.0,15.0,79.0,106.32,559.97
Virginia,Mecklenburg,2023,30610.0,47.0,107.0,153.54,349.56
Virginia,Middlesex,2023,10925.0,15.0,77.0,137.3,704.81
Virginia,Northampton,2023,12043.0,16.0,46.0,132.86,381.96
Virginia,Northumberland,2023,12410.0,28.0,86.0,225.62,692.99
Virginia,Nottoway,2023,15581.0,18.0,58.0,115.53,372.25
Virginia,Orange,2023,38572.0,70.0,149.0,181.48,386.29
Virginia,Page,2023,23671.0,18.0,131.0,76.04,553.42
Virginia,Patrick,2023,17468.0,43.0,216.0,246.16,1236.55
Virginia,Pittsylvania,2023,59652.0,55.0,362.0,92.2,606.85
Virginia,Prince Edward,2023,22022.0,37.0,56.0,168.01,254.29
Virginia,Richmond,2023,9164.0,5.0,14.0,54.56,152.77
Virginia,Richmond,2023,230804.0,5.0,14.0,2.17,6.07
Virginia,Rockbridge,2023,22433.0,42.0,216.0,187.22,962.87
Virginia,Russell,2023,25501.0,39.0,150.0,152.94,588.21
Virginia,Shenandoah,2023,45202.0,35.0,164.0,77.43,362.82
Virginia,Smyth,2023,29166.0,21.0,136.0,72.0,466.3
Virginia,Southampton,2023,18050.0,26.0,157.0,144.04,869.81
Virginia,Tazewell,2023,39272.0,48.0,347.0,122.22,883.58
Virginia,Westmoreland,2023,18978.0,26.0,100.0,137.0,526.93
Virginia,Wise,2023,35194.0,57.0,234.0,161.96,664.89
Virginia,Wythe,2023,28166.0,18.0,140.0,63.91,497.05
Washington,Asotin,2023,22492.0,20.0,119.0,88.92,529.08
Washington,Benton,2023,215705.0,81.0,410.0,37.55,190.07
Washington,Chelan,2023,80341.0,42.0,283.0,52.28,352.25
Washington,Clark,2023,521954.0,340.0,3130.0,65.14,599.67
Washington,Cowlitz,2023,112866.0,97.0,291.0,85.94,257.83
Washington,Douglas,2023,44843.0,25.0,217.0,55.75,483.91
Washington,Franklin,2023,99683.0,54.0,113.0,54.17,113.36
Washington,King,2023,2283086.0,605.0,3947.0,26.5,172.88
Washington,Kitsap,2023,277358.0,534.0,2803.0,192.53,1010.61
Washington,Pierce,2023,931408.0,1470.0,7993.0,157.83,858.16
Washington,Skagit,2023,131453.0,85.0,670.0,64.66,509.69
Washington,Skamania,2023,12636.0,12.0,88.0,94.97,696.42
Washington,Snohomish,2023,848363.0,475.0,3647.0,55.99,429.89
Washington,Spokane,2023,552475.0,213.0,2617.0,38.55,473.69
Washington,Stevens,2023,48895.0,45.0,286.0,92.03,584.93
Washington,Thurston,2023,299197.0,230.0,1150.0,76.87,384.36
Washington,Walla Walla,2023,61745.0,38.0,139.0,61.54,225.12
Washington,Whatcom,2023,232620.0,133.0,613.0,57.17,263.52
Washington,Yakima,2023,257314.0,196.0,1098.0,76.17,426.72
Washington,Adams,2023,20903.0,30.0,198.0,143.52,947.23
Washington,Clallam,2023,77543.0,72.0,280.0,92.85,361.09
Washington,Columbia,2023,4064.0,6.0,33.0,147.64,812.01
Washington,Ferry,2023,7495.0,13.0,17.0,173.45,226.82
Washington,Garfield,2023,2357.0,21.0,25.0,890.96,1060.67
Washington,Grant,2023,103035.0,82.0,747.0,79.58,725.0
Washington,Grays Harbor,2023,77582.0,60.0,225.0,77.34,290.02
Washington,Island,2023,86194.0,49.0,463.0,56.85,537.16
Washington,Jefferson,2023,33715.0,30.0,232.0,88.98,688.12
Washington,Kittitas,2023,47765.0,15.0,186.0,31.4,389.41
Washington,Lewis,2023,86277.0,75.0,369.0,86.93,427.69
Washington,Lincoln,2023,11732.0,16.0,100.0,136.38,852.37
Washington,Mason,2023,68768.0,88.0,618.0,127.97,898.67
Washington,Pend Oreille,2023,14364.0,10.0,166.0,69.62,1155.67
Washington,San Juan,2023,18563.0,9.0,116.0,48.48,624.9
Washington,Wahkiakum,2023,4764.0,11.0,32.0,230.9,671.7
Washington,Whitman,2023,47568.0,10.0,59.0,21.02,124.03
West Virginia,Berkeley,2023,132742.0,121.0,258.0,91.15,194.36
West Virginia,Brooke,2023,21423.0,3.0,1.0,14.0,4.67
West Virginia,Cabell,2023,92017.0,34.0,475.0,36.95,516.21
West Virginia,Fayette,2023,39060.0,46.0,176.0,117.77,450.59
West Virginia,Hampshire,2023,23600.0,14.0,52.0,59.32,220.34
West Virginia,Jefferson,2023,59730.0,24.0,199.0,40.18,333.17
West Virginia,Kanawha,2023,174434.0,390.0,1037.0,223.58,594.49
West Virginia,Marshall,2023,29483.0,5.0,60.0,16.96,203.51
West Virginia,Monongalia,2023,107450.0,51.0,242.0,47.46,225.22
West Virginia,Morgan,2023,17610.0,13.0,41.0,73.82,232.82
West Virginia,Putnam,2023,56900.0,20.0,134.0,35.15,235.5
West Virginia,Raleigh,2023,72504.0,81.0,537.0,111.72,740.65
West Virginia,Barbour,2023,15448.0,28.0,8.0,181.25,51.79
West Virginia,Doddridge,2023,7694.0,21.0,40.0,272.94,519.89
West Virginia,Grant,2023,10986.0,2.0,5.0,18.2,45.51
West Virginia,Hardy,2023,14344.0,3.0,17.0,20.91,118.52
West Virginia,Jackson,2023,27605.0,36.0,22.0,130.41,79.7
West Virginia,Lewis,2023,16607.0,24.0,36.0,144.52,216.78
West Virginia,Logan,2023,30942.0,21.0,5.0,67.87,16.16
West Virginia,Mason,2023,24788.0,8.0,54.0,32.27,217.85
West Virginia,McDowell,2023,17446.0,6.0,0.0,34.39,0.0
West Virginia,Mingo,2023,21996.0,8.0,30.0,36.37,136.39
West Virginia,Nicholas,2023,24104.0,95.0,12.0,394.13,49.78
West Virginia,Randolph,2023,27373.0,63.0,122.0,230.15,445.69
West Virginia,Ritchie,2023,8161.0,2.0,16.0,24.51,196.05
West Virginia,Roane,2023,13675.0,0.0,33.0,0.0,241.32
West Virginia,Summers,2023,11595.0,0.0,16.0,0.0,137.99
West Virginia,Upshur,2023,23570.0,6.0,2.0,25.46,8.49
West Virginia,Wetzel,2023,13993.0,32.0,26.0,228.69,185.81
West Virginia,Wyoming,2023,20279.0,31.0,40.0,152.87,197.25
Wisconsin,Brown,2023,272238.0,102.0,815.0,37.47,299.37
Wisconsin,Calumet,2023,53414.0,13.0,69.0,24.34,129.18
Wisconsin,Chippewa,2023,66949.0,32.0,138.0,47.8,206.13
Wisconsin,Columbia,2023,57941.0,39.0,108.0,67.31,186.4
Wisconsin,Dane,2023,579299.0,58.0,409.0,10.01,70.6
Wisconsin,Douglas,2023,44102.0,12.0,125.0,27.21,283.43
Wisconsin,Eau Claire,2023,107975.0,20.0,147.0,18.52,136.14
Wisconsin,Fond du Lac,2023,104349.0,48.0,118.0,46.0,113.08
Wisconsin,Green,2023,37002.0,4.0,61.0,10.81,164.86
Wisconsin,Kenosha,2023,167852.0,81.0,595.0,48.26,354.48
Wisconsin,Kewaunee,2023,20772.0,18.0,23.0,86.66,110.73
Wisconsin,La Crosse,2023,120719.0,15.0,141.0,12.43,116.8
Wisconsin,Marathon,2023,138768.0,89.0,295.0,64.14,212.59
Wisconsin,Milwaukee,2023,921609.0,176.0,140.0,19.1,15.19
Wisconsin,Oconto,2023,39745.0,35.0,125.0,88.06,314.5
Wisconsin,Outagamie,2023,193628.0,31.0,200.0,16.01,103.29
Wisconsin,Ozaukee,2023,93478.0,19.0,66.0,20.33,70.6
Wisconsin,Pierce,2023,43070.0,8.0,56.0,18.57,130.02
Wisconsin,Racine,2023,197390.0,49.0,149.0,24.82,75.49
Wisconsin,Rock,2023,164619.0,30.0,179.0,18.22,108.74
Wisconsin,Sheboygan,2023,117891.0,34.0,203.0,28.84,172.19
Wisconsin,St. Croix,2023,96976.0,37.0,236.0,38.15,243.36
Wisconsin,Vernon,2023,31115.0,15.0,32.0,48.21,102.84
Wisconsin,Washington,2023,138527.0,29.0,144.0,20.93,103.95
Wisconsin,Waukesha,2023,413581.0,56.0,322.0,13.54,77.86
Wisconsin,Winnebago,2023,172118.0,21.0,208.0,12.2,120.85
Wisconsin,Adams,2023,21722.0,18.0,88.0,82.87,405.12
Wisconsin,Barron,2023,46886.0,17.0,76.0,36.26,162.1
Wisconsin,Buffalo,2023,13450.0,12.0,19.0,89.22,141.26
Wisconsin,Burnett,2023,17106.0,32.0,153.0,187.07,894.42
Wisconsin,Clark,2023,34880.0,49.0,69.0,140.48,197.82
Wisconsin,Crawford,2023,15948.0,26.0,168.0,163.03,1053.42
Wisconsin,Dodge,2023,88666.0,44.0,115.0,49.62,129.7
Wisconsin,Door,2023,30581.0,8.0,42.0,26.16,137.34
Wisconsin,Dunn,2023,45768.0,29.0,85.0,63.36,185.72
Wisconsin,Grant,2023,51907.0,17.0,109.0,32.75,209.99
Wisconsin,Green Lake,2023,19406.0,0.0,27.0,0.0,139.13
Wisconsin,Jackson,2023,20931.0,25.0,95.0,119.44,453.87
Wisconsin,Jefferson,2023,86086.0,22.0,82.0,25.56,95.25
Wisconsin,Juneau,2023,26606.0,35.0,118.0,131.55,443.51
Wisconsin,Lafayette,2023,17067.0,6.0,48.0,35.16,281.24
Wisconsin,Lincoln,2023,28403.0,59.0,105.0,207.72,369.68
Wisconsin,Manitowoc,2023,81600.0,25.0,91.0,30.64,111.52
Wisconsin,Marinette,2023,42109.0,47.0,90.0,111.62,213.73
Wisconsin,Marquette,2023,15908.0,6.0,43.0,37.72,270.3
Wisconsin,Menominee,2023,4200.0,0.0,27.0,0.0,642.86
Wisconsin,Monroe,2023,46246.0,26.0,46.0,56.22,99.47
Wisconsin,Oneida,2023,38156.0,36.0,86.0,94.35,225.39
Wisconsin,Polk,2023,45775.0,30.0,137.0,65.54,299.29
Wisconsin,Portage,2023,71361.0,39.0,132.0,54.65,184.97
Wisconsin,Price,2023,14094.0,11.0,56.0,78.05,397.33
Wisconsin,Richland,2023,17270.0,14.0,26.0,81.07,150.55
Wisconsin,Rusk,2023,14233.0,25.0,35.0,175.65,245.91
Wisconsin,Sauk,2023,66216.0,34.0,170.0,51.35,256.74
Wisconsin,Sawyer,2023,18587.0,49.0,100.0,263.63,538.01
Wisconsin,Shawano,2023,41140.0,21.0,197.0,51.05,478.85
Wisconsin,Taylor,2023,20117.0,13.0,61.0,64.62,303.23
Wisconsin,Trempealeau,2023,31006.0,25.0,38.0,80.63,122.56
Wisconsin,Vilas,2023,23822.0,3.0,61.0,12.59,256.07
Wisconsin,Walworth,2023,106192.0,7.0,145.0,6.59,136.55
Wisconsin,Washburn,2023,16996.0,5.0,58.0,29.42,341.26
Wisconsin,Waupaca,2023,51432.0,18.0,27.0,35.0,52.5
Wisconsin,Waushara,2023,25045.0,9.0,95.0,35.94,379.32
Wisconsin,Wood,2023,74232.0,35.0,83.0,47.15,111.81
Wyoming,Laramie,2023,100995.0,28.0,302.0,27.72,299.02
Wyoming,Natrona,2023,79976.0,10.0,54.0,12.5,67.52
Wyoming,Albany,2023,38337.0,10.0,66.0,26.08,172.16
Wyoming,Campbell,2023,47580.0,40.0,112.0,84.07,235.39
Wyoming,Converse,2023,13873.0,3.0,32.0,21.62,230.66
Wyoming,Crook,2023,7591.0,5.0,14.0,65.87,184.43
Wyoming,Goshen,2023,12664.0,3.0,21.0,23.69,165.82
Wyoming,Hot Springs,2023,4651.0,0.0,4.0,0.0,86.0
Wyoming,Johnson,2023,8799.0,6.0,19.0,68.19,215.93
Wyoming,Lincoln,2023,20893.0,14.0,56.0,67.01,268.03
Wyoming,Niobrara,2023,2320.0,4.0,6.0,172.41,258.62
Wyoming,Park,2023,30817.0,19.0,77.0,61.65,249.86
Wyoming,Sheridan,2023,32617.0,3.0,50.0,9.2,153.29
Wyoming,Sublette,2023,8968.0,6.0,22.0,66.9,245.32
Wyoming,Sweetwater,2023,41294.0,9.0,85.0,21.79,205.84
Wyoming,Teton,2023,23354.0,2.0,38.0,8.56,162.71
Wyoming,Uinta,2023,20693.0,9.0,42.0,43.49,202.97
Wyoming,Washakie,2023,7731.0,0.0,18.0,0.0,232.83
Wyoming,Weston,2023,6828.0,4.0,17.0,58.58,248.97
Alabama,Autauga,2024,61476.0,54.0,221.0,87.84,359.49
Alabama,Baldwin,2024,261652.0,137.0,170.0,52.36,64.97
Alabama,Bibb,2024,22225.0,34.0,78.0,152.98,350.96
Alabama,Blount,2024,60173.0,82.0,298.0,136.27,495.24
Alabama,Calhoun,2024,116303.0,238.0,192.0,204.64,165.09
Alabama,Chilton,2024,47364.0,64.0,419.0,135.12,884.64
Alabama,Colbert,2024,59073.0,15.0,90.0,25.39,152.35
Alabama,Elmore,2024,91051.0,41.0,314.0,45.03,344.86
Alabama,Etowah,2024,103475.0,13.0,55.0,12.56,53.15
Alabama,Geneva,2024,27331.0,0.0,0.0,0.0,0.0
Alabama,Greene,2024,7136.0,2.0,4.0,28.03,56.05
Alabama,Henry,2024,18234.0,15.0,71.0,82.26,389.38
Alabama,Houston,2024,109707.0,147.0,495.0,133.99,451.2
Alabama,Jefferson,2024,666585.0,650.0,2725.0,97.51,408.8
Alabama,Lauderdale,2024,97298.0,95.0,274.0,97.64,281.61
Alabama,Lawrence,2024,33651.0,19.0,50.0,56.46,148.58
Alabama,Lee,2024,187782.0,216.0,539.0,115.03,287.03
Alabama,Lowndes,2024,9517.0,16.0,15.0,168.12,157.61
Alabama,Macon,2024,18275.0,10.0,12.0,54.72,65.66
Alabama,Madison,2024,423071.0,286.0,1288.0,67.6,304.44
Alabama,Mobile,2024,412193.0,265.0,800.0,64.29,194.08
Alabama,Montgomery,2024,225889.0,80.0,390.0,35.42,172.65
Alabama,Pickens,2024,18469.0,28.0,55.0,151.61,297.8
Alabama,Russell,2024,58959.0,58.0,175.0,98.37,296.82
Alabama,Shelby,2024,235806.0,68.0,33.0,28.84,13.99
Alabama,St. Clair,2024,97046.0,79.0,334.0,81.4,344.17
Alabama,Tuscaloosa,2024,240880.0,106.0,470.0,44.01,195.12
Alabama,Walker,2024,65117.0,0.0,0.0,0.0,0.0
Alabama,Barbour,2024,24520.0,11.0,15.0,44.86,61.17
Alabama,Bullock,2024,9863.0,11.0,38.0,111.53,385.28
Alabama,Chambers,2024,34309.0,26.0,147.0,75.78,428.46
Alabama,Cherokee,2024,26088.0,49.0,264.0,187.83,1011.96
Alabama,Choctaw,2024,12090.0,9.0,51.0,74.44,421.84
Alabama,Clarke,2024,22127.0,36.0,73.0,162.7,329.91
Alabama,Clay,2024,14212.0,16.0,51.0,112.58,358.85
Alabama,Cleburne,2024,15838.0,19.0,111.0,119.96,700.85
Alabama,Coffee,2024,56482.0,26.0,122.0,46.03,216.0
Alabama,Conecuh,2024,11045.0,1.0,0.0,9.05,0.0
Alabama,Covington,2024,37966.0,1.0,8.0,2.63,21.07
Alabama,Crenshaw,2024,13139.0,5.0,18.0,38.05,137.0
Alabama,Cullman,2024,92771.0,78.0,644.0,84.08,694.18
Alabama,Dale,2024,50024.0,37.0,75.0,73.96,149.93
Alabama,Dallas,2024,35584.0,93.0,303.0,261.35,851.51
Alabama,DeKalb,2024,73581.0,27.0,157.0,36.69,213.37
Alabama,Fayette,2024,15921.0,10.0,17.0,62.81,106.78
Alabama,Franklin,2024,32189.0,35.0,129.0,108.73,400.76
Alabama,Jackson,2024,53935.0,47.0,162.0,87.14,300.36
Alabama,Lamar,2024,13553.0,3.0,14.0,22.14,103.3
Alabama,Marion,2024,29358.0,11.0,49.0,37.47,166.91
Alabama,Marshall,2024,102860.0,40.0,545.0,38.89,529.85
Alabama,Monroe,2024,19089.0,16.0,31.0,83.82,162.4
Alabama,Perry,2024,7626.0,0.0,0.0,0.0,0.0
Alabama,Pike,2024,33199.0,14.0,53.0,42.17,159.64
Alabama,Randolph,2024,23066.0,49.0,149.0,212.43,645.97
Alabama,Sumter,2024,11629.0,0.0,2.0,0.0,17.2
Alabama,Talladega,2024,81481.0,79.0,311.0,96.96,381.68
Alabama,Tallapoosa,2024,40892.0,8.0,61.0,19.56,149.17
Alabama,Washington,2024,14972.0,24.0,78.0,160.3,520.97
Alabama,Winston,2024,23870.0,20.0,95.0,83.79,397.99
Arizona,Mohave,2024,226262.0,206.0,1335.0,91.04,590.02
Arizona,Pima,2024,1073456.0,759.0,7085.0,70.71,660.02
Arizona,Pinal,2024,515726.0,251.0,1238.0,48.67,240.05
Arizona,Yavapai,2024,251196.0,237.0,428.0,94.35,170.38
Arizona,Yuma,2024,221388.0,135.0,708.0,60.98,319.8
Arizona,Apache,2024,64695.0,47.0,79.0,72.65,122.11
Arizona,Gila,2024,54126.0,54.0,106.0,99.77,195.84
Arizona,Graham,2024,40239.0,16.0,33.0,39.76,82.01
Arizona,Navajo,2024,109563.0,67.0,162.0,61.15,147.86
Arkansas,Benton,2024,322001.0,111.0,247.0,34.47,76.71
Arkansas,Craighead,2024,116378.0,54.0,147.0,46.4,126.31
Arkansas,Crawford,2024,62256.0,70.0,219.0,112.44,351.77
Arkansas,Crittenden,2024,46789.0,135.0,216.0,288.53,461.65
Arkansas,Faulkner,2024,132167.0,88.0,419.0,66.58,317.02
Arkansas,Garland,2024,99910.0,322.0,919.0,322.29,919.83
Arkansas,Grant,2024,18597.0,44.0,111.0,236.6,596.87
Arkansas,Little River,2024,11699.0,29.0,62.0,247.88,529.96
Arkansas,Lonoke,2024,76390.0,129.0,335.0,168.87,438.54
Arkansas,Madison,2024,18062.0,73.0,97.0,404.16,537.04
Arkansas,Miller,2024,42360.0,44.0,115.0,103.87,271.48
Arkansas,Perry,2024,10271.0,23.0,80.0,223.93,778.89
Arkansas,Poinsett,2024,22318.0,51.0,81.0,228.52,362.94
Arkansas,Pulaski,2024,403394.0,448.0,1166.0,111.06,289.05
Arkansas,Saline,2024,131769.0,162.0,546.0,122.94,414.36
Arkansas,Sebastian,2024,130323.0,22.0,62.0,16.88,47.57
Arkansas,Washington,2024,267370.0,146.0,266.0,54.61,99.49
Arkansas,Arkansas,2024,16092.0,31.0,57.0,192.64,354.21
Arkansas,Ashley,2024,18024.0,5.0,92.0,27.74,510.43
Arkansas,Baxter,2024,42859.0,40.0,143.0,93.33,333.65
Arkansas,Boone,2024,38531.0,49.0,136.0,127.17,352.96
Arkansas,Bradley,2024,9997.0,17.0,46.0,170.05,460.14
Arkansas,Calhoun,2024,4677.0,14.0,23.0,299.34,491.77
Arkansas,Carroll,2024,29089.0,24.0,61.0,82.51,209.7
Arkansas,Chicot,2024,9322.0,2.0,54.0,21.45,579.27
Arkansas,Clark,2024,20952.0,12.0,31.0,57.27,147.96
Arkansas,Clay,2024,14078.0,35.0,28.0,248.61,198.89
Arkansas,Cleburne,2024,25641.0,140.0,257.0,546.0,1002.3
Arkansas,Cleveland,2024,7375.0,15.0,38.0,203.39,515.25
Arkansas,Columbia,2024,22014.0,29.0,48.0,131.73,218.04
Arkansas,Conway,2024,21388.0,47.0,113.0,219.75,528.33
Arkansas,Dallas,2024,6109.0,15.0,23.0,245.54,376.49
Arkansas,Desha,2024,10305.0,9.0,30.0,87.34,291.12
Arkansas,Drew,2024,16988.0,20.0,56.0,117.73,329.64
Arkansas,Franklin,2024,17602.0,40.0,61.0,227.25,346.55
Arkansas,Fulton,2024,12554.0,32.0,68.0,254.9,541.66
Arkansas,Greene,2024,47020.0,75.0,145.0,159.51,308.38
Arkansas,Hempstead,2024,19254.0,47.0,94.0,244.11,488.21
Arkansas,Howard,2024,12496.0,8.0,26.0,64.02,208.07
Arkansas,Independence,2024,38569.0,87.0,233.0,225.57,604.11
Arkansas,Izard,2024,14299.0,55.0,47.0,384.64,328.69
Arkansas,Jackson,2024,16638.0,23.0,58.0,138.24,348.6
Arkansas,Jefferson,2024,63605.0,76.0,321.0,119.49,504.68
Arkansas,Johnson,2024,26247.0,46.0,49.0,175.26,186.69
Arkansas,Lafayette,2024,6056.0,13.0,18.0,214.66,297.23
Arkansas,Lawrence,2024,16200.0,27.0,72.0,166.67,444.44
Arkansas,Lee,2024,8138.0,9.0,31.0,110.59,380.93
Arkansas,Lincoln,2024,12862.0,13.0,66.0,101.07,513.14
Arkansas,Logan,2024,21531.0,58.0,142.0,269.38,659.51
Arkansas,Marion,2024,17575.0,24.0,84.0,136.56,477.95
Arkansas,Mississippi,2024,38174.0,42.0,192.0,110.02,502.96
Arkansas,Monroe,2024,6369.0,7.0,26.0,109.91,408.23
Arkansas,Montgomery,2024,8555.0,15.0,11.0,175.34,128.58
Arkansas,Newton,2024,7042.0,18.0,38.0,255.61,539.62
Arkansas,Ouachita,2024,21856.0,39.0,124.0,178.44,567.35
Arkansas,Phillips,2024,14555.0,10.0,31.0,68.7,212.99
Arkansas,Pike,2024,10055.0,6.0,27.0,59.67,268.52
Arkansas,Polk,2024,19435.0,57.0,29.0,293.29,149.22
Arkansas,Pope,2024,64666.0,110.0,153.0,170.1,236.6
Arkansas,Prairie,2024,7963.0,38.0,40.0,477.21,502.32
Arkansas,Randolph,2024,18944.0,28.0,95.0,147.8,501.48
Arkansas,Scott,2024,9866.0,8.0,35.0,81.09,354.75
Arkansas,Searcy,2024,7844.0,23.0,21.0,293.22,267.72
Arkansas,Sevier,2024,15847.0,22.0,20.0,138.83,126.21
Arkansas,Sharp,2024,18102.0,35.0,79.0,193.35,436.42
Arkansas,Stone,2024,12731.0,29.0,56.0,227.79,439.87
Arkansas,Union,2024,37121.0,81.0,189.0,218.21,509.15
Arkansas,Van Buren,2024,16227.0,81.0,131.0,499.17,807.3
Arkansas,White,2024,79128.0,211.0,412.0,266.66,520.68
Arkansas,Woodruff,2024,5793.0,10.0,27.0,172.62,466.08
Arkansas,Yell,2024,20103.0,47.0,45.0,233.8,223.85
California,Alameda,2024,1636624.0,776.0,2182.0,47.41,133.32
California,Butte,2024,208586.0,362.0,652.0,173.55,312.58
California,Contra Costa,2024,1169534.0,479.0,2333.0,40.96,199.48
California,El Dorado,2024,192371.0,281.0,786.0,146.07,408.59
California,Fresno,2024,1033698.0,1174.0,2857.0,113.57,276.39
California,Imperial,2024,182771.0,108.0,267.0,59.09,146.08
California,Kern,2024,924648.0,3160.0,7085.0,341.75,766.24
California,Kings,2024,154119.0,154.0,401.0,99.92,260.19
California,Los Angeles,2024,9748868.0,5909.0,17982.0,60.61,184.45
California,Madera,2024,166132.0,338.0,980.0,203.45,589.89
California,Marin,2024,255704.0,79.0,403.0,30.9,157.6
California,Merced,2024,296807.0,365.0,1383.0,122.98,465.96
California,Monterey,2024,433447.0,394.0,712.0,90.9,164.26
California,Napa,2024,133115.0,74.0,158.0,55.59,118.69
California,Orange,2024,3158027.0,423.0,894.0,13.39,28.31
California,Placer,2024,434279.0,357.0,851.0,82.21,195.96
California,Riverside,2024,2529112.0,998.0,5963.0,39.46,235.77
California,Sacramento,2024,1609897.0,2825.0,8631.0,175.48,536.12
California,San Benito,2024,69085.0,62.0,133.0,89.74,192.52
California,San Bernardino,2024,2218764.0,1505.0,3474.0,67.83,156.57
California,San Diego,2024,3287542.0,1265.0,2453.0,38.48,74.62
California,San Joaquin,2024,817149.0,776.0,1849.0,94.96,226.27
California,San Luis Obispo,2024,282153.0,569.0,566.0,201.66,200.6
California,San Mateo,2024,740627.0,239.0,1630.0,32.27,220.08
California,Santa Barbara,2024,443081.0,298.0,941.0,67.26,212.38
California,Santa Clara,2024,1907910.0,274.0,1435.0,14.36,75.21
California,Santa Cruz,2024,261417.0,282.0,995.0,107.87,380.62
California,Shasta,2024,181392.0,272.0,517.0,149.95,285.02
California,Solano,2024,455076.0,125.0,396.0,27.47,87.02
California,Sonoma,2024,485363.0,274.0,745.0,56.45,153.49
California,Stanislaus,2024,557372.0,383.0,878.0,68.72,157.52
California,Sutter,2024,98933.0,116.0,383.0,117.25,387.13
California,Tulare,2024,483851.0,703.0,1687.0,145.29,348.66
California,Ventura,2024,833431.0,174.0,603.0,20.88,72.35
California,Yolo,2024,223260.0,42.0,211.0,18.81,94.51
California,Yuba,2024,87441.0,359.0,483.0,410.56,552.37
California,Alpine,2024,1086.0,12.0,21.0,1104.97,1933.7
California,Amador,2024,41974.0,82.0,182.0,195.36,433.6
California,Calaveras,2024,46496.0,161.0,418.0,346.27,899.0
California,Colusa,2024,22016.0,20.0,96.0,90.84,436.05
California,Del Norte,2024,26959.0,49.0,93.0,181.76,344.97
California,Glenn,2024,28320.0,101.0,277.0,356.64,978.11
California,Humboldt,2024,132324.0,202.0,568.0,152.66,429.25
California,Inyo,2024,18302.0,96.0,57.0,524.53,311.44
California,Lake,2024,67880.0,291.0,365.0,428.7,537.71
California,Lassen,2024,28593.0,47.0,119.0,164.38,416.19
California,Mariposa,2024,16948.0,94.0,177.0,554.64,1044.37
California,Mendocino,2024,88939.0,185.0,72.0,208.01,80.95
California,Modoc,2024,8535.0,21.0,27.0,246.05,316.34
California,Mono,2024,12692.0,15.0,27.0,118.18,212.73
California,Nevada,2024,102146.0,168.0,302.0,164.47,295.66
California,Sierra,2024,3121.0,15.0,18.0,480.62,576.74
California,Siskiyou,2024,42490.0,72.0,32.0,169.45,75.31
California,Tehama,2024,64767.0,121.0,282.0,186.82,435.41
California,Trinity,2024,15697.0,82.0,140.0,522.39,891.89
California,Tuolumne,2024,54185.0,230.0,358.0,424.47,660.7
Colorado,Adams,2024,549257.0,440.0,2180.0,80.11,396.9
Colorado,Arapahoe,2024,675760.0,332.0,1930.0,49.13,285.6
Colorado,Boulder,2024,329485.0,85.0,760.0,25.8,230.66
Colorado,Clear Creek,2024,9023.0,2.0,27.0,22.17,299.24
Colorado,Douglas,2024,393051.0,426.0,2239.0,108.38,569.65
Colorado,Elbert,2024,29344.0,17.0,63.0,57.93,214.69
Colorado,El Paso,2024,752356.0,600.0,2810.0,79.75,373.49
Colorado,Gilpin,2024,5955.0,9.0,51.0,151.13,856.42
Colorado,Jefferson,2024,580359.0,430.0,2356.0,74.09,405.96
Colorado,Larimer,2024,374200.0,175.0,712.0,46.77,190.27
Colorado,Mesa,2024,161400.0,165.0,886.0,102.23,548.95
Colorado,Teller,2024,24743.0,3.0,4.0,12.12,16.17
Colorado,Weld,2024,371280.0,156.0,737.0,42.02,198.5
Colorado,Alamosa,2024,16691.0,11.0,115.0,65.9,688.99
Colorado,Archuleta,2024,14134.0,18.0,20.0,127.35,141.5
Colorado,Bent,2024,5745.0,11.0,90.0,191.47,1566.58
Colorado,Chaffee,2024,20796.0,4.0,65.0,19.23,312.56
Colorado,Crowley,2024,5648.0,11.0,29.0,194.76,513.46
Colorado,Delta,2024,32294.0,9.0,108.0,27.87,334.43
Colorado,Dolores,2024,2452.0,8.0,17.0,326.26,693.31
Colorado,Eagle,2024,54635.0,19.0,126.0,34.78,230.62
Colorado,Garfield,2024,63820.0,92.0,170.0,144.16,266.37
Colorado,Grand,2024,16283.0,29.0,50.0,178.1,307.07
Colorado,Kiowa,2024,1403.0,0.0,9.0,0.0,641.48
Colorado,Kit Carson,2024,7027.0,8.0,22.0,113.85,313.08
Colorado,Lake,2024,7471.0,14.0,18.0,187.39,240.93
Colorado,La Plata,2024,56930.0,28.0,130.0,49.18,228.35
Colorado,Las Animas,2024,14511.0,15.0,50.0,103.37,344.57
Colorado,Logan,2024,20690.0,17.0,45.0,82.17,217.5
Colorado,Montezuma,2024,26694.0,29.0,99.0,108.64,370.87
Colorado,Montrose,2024,44687.0,37.0,76.0,82.8,170.07
Colorado,Morgan,2024,30316.0,1.0,62.0,3.3,204.51
Colorado,Otero,2024,17888.0,5.0,41.0,27.95,229.2
Colorado,Ouray,2024,5173.0,4.0,13.0,77.32,251.3
Colorado,Phillips,2024,4454.0,0.0,0.0,0.0,0.0
Colorado,Pitkin,2024,16766.0,5.0,15.0,29.82,89.47
Colorado,Prowers,2024,11904.0,12.0,40.0,100.81,336.02
Colorado,Rio Blanco,2024,6792.0,1.0,11.0,14.72,161.96
Colorado,Rio Grande,2024,11143.0,9.0,6.0,80.77,53.85
Colorado,Routt,2024,25471.0,18.0,42.0,70.67,164.89
Colorado,Saguache,2024,6686.0,8.0,44.0,119.65,658.09
Colorado,San Miguel,2024,7818.0,3.0,2.0,38.37,25.58
Colorado,Summit,2024,31643.0,30.0,150.0,94.81,474.04
Colorado,Washington,2024,4748.0,9.0,43.0,189.55,905.64
Colorado,Yuma,2024,9873.0,3.0,22.0,30.39,222.83
Delaware,New Castle County Police Department,2024,586014.0,692.0,2903.0,118.09,495.38
Florida,Alachua,2024,289446.0,219.0,1205.0,75.66,416.31
Florida,Baker,2024,29511.0,79.0,174.0,267.7,589.61
Florida,Bay,2024,200142.0,246.0,1146.0,122.91,572.59
Florida,Brevard,2024,656254.0,439.0,1790.0,66.89,272.76
Florida,Charlotte,2024,211456.0,207.0,1392.0,97.89,658.29
Florida,Clay,2024,237278.0,437.0,1750.0,184.17,737.53
Florida,Collier,2024,416722.0,571.0,2636.0,137.02,632.56
Florida,Flagler,2024,136284.0,147.0,726.0,107.86,532.71
Florida,Hernando,2024,217572.0,424.0,2109.0,194.88,969.33
Florida,Hillsborough,2024,1571198.0,1569.0,6026.0,99.86,383.53
Florida,Jacksonville Sheriff's Office,2024,,5708.0,26601.0,,
Florida,Jefferson,2024,15945.0,34.0,67.0,213.23,420.19
Florida,Lee,2024,861667.0,1201.0,4575.0,139.38,530.95
Florida,Leon,2024,298712.0,481.0,1751.0,161.02,586.18
Florida,Marion,2024,427995.0,667.0,2370.0,155.84,553.74
Florida,Martin,2024,165202.0,247.0,1163.0,149.51,703.99
Florida,Miami-Dade,2024,2812144.0,4838.0,26623.0,172.04,946.72
Florida,Nassau,2024,104492.0,128.0,107.0,122.5,102.4
Florida,Palm Beach,2024,1574148.0,1288.0,5926.0,81.82,376.46
Florida,Pinellas,2024,960397.0,386.0,2268.0,40.19,236.15
Florida,Polk,2024,851434.0,1276.0,3095.0,149.86,363.5
Florida,Santa Rosa,2024,207471.0,232.0,878.0,111.82,423.19
Florida,Sarasota,2024,475989.0,349.0,2962.0,73.32,622.28
Florida,Seminole,2024,489664.0,357.0,1453.0,72.91,296.73
Florida,Wakulla,2024,37122.0,56.0,244.0,150.85,657.29
Florida,Walton,2024,90096.0,120.0,399.0,133.19,442.86
Florida,Washington,2024,26458.0,21.0,43.0,79.37,162.52
Florida,Columbia,2024,73721.0,186.0,424.0,252.3,575.14
Florida,DeSoto,2024,36889.0,80.0,286.0,216.87,775.3
Florida,Gulf,2024,15896.0,17.0,51.0,106.95,320.84
Florida,Hardee,2024,26107.0,51.0,177.0,195.35,677.98
Florida,Hendry,2024,46641.0,52.0,102.0,111.49,218.69
Florida,Madison,2024,18644.0,37.0,132.0,198.46,708.0
Florida,Monroe,2024,82015.0,125.0,392.0,152.41,477.96
Florida,Okeechobee,2024,42341.0,116.0,421.0,273.97,994.31
Florida,Putnam,2024,77173.0,41.0,355.0,53.13,460.01
Florida,Taylor,2024,21689.0,53.0,161.0,244.36,742.31
Georgia,Barrow,2024,96969.0,95.0,699.0,97.97,720.85
Georgia,Bartow,2024,117924.0,64.0,922.0,54.27,781.86
Georgia,Bibb,2024,157360.0,1740.0,6280.0,1105.74,3990.85
Georgia,Brooks,2024,16290.0,10.0,96.0,61.39,589.32
Georgia,Bryan,2024,51080.0,20.0,209.0,39.15,409.16
Georgia,Burke,2024,24365.0,37.0,181.0,151.86,742.87
Georgia,Butts,2024,27140.0,32.0,119.0,117.91,438.47
Georgia,Carroll,2024,129493.0,97.0,485.0,74.91,374.54
Georgia,Catoosa,2024,69359.0,75.0,204.0,108.13,294.12
Georgia,Cherokee,2024,294030.0,180.0,776.0,61.22,263.92
Georgia,Clarke,2024,130750.0,0.0,0.0,0.0,0.0
Georgia,Cobb,2024,788879.0,36.0,132.0,4.56,16.73
Georgia,Cobb County Police Department,2024,788879.0,1249.0,6816.0,158.33,864.01
Georgia,Columbia,2024,167263.0,107.0,944.0,63.97,564.38
Georgia,Coweta,2024,158178.0,404.0,697.0,255.41,440.64
Georgia,Crawford,2024,12270.0,15.0,108.0,122.25,880.2
Georgia,Dade,2024,16143.0,12.0,59.0,74.34,365.48
Georgia,Dawson,2024,33945.0,50.0,268.0,147.3,789.51
Georgia,DeKalb,2024,772584.0,20.0,0.0,2.59,0.0
Georgia,DeKalb County Police Department,2024,772584.0,4107.0,19854.0,531.59,2569.82
Georgia,Dougherty,2024,82728.0,0.0,15.0,0.0,18.13
Georgia,Dougherty County Police Department,2024,82728.0,68.0,277.0,82.2,334.83
Georgia,Douglas,2024,152060.0,229.0,936.0,150.6,615.55
Georgia,Effingham,2024,73351.0,28.0,165.0,38.17,224.95
Georgia,Fayette,2024,124751.0,30.0,208.0,24.05,166.73
Georgia,Floyd,2024,101198.0,2.0,1.0,1.98,0.99
Georgia,Floyd County Police Department,2024,101198.0,152.0,510.0,150.2,503.96
Georgia,Forsyth,2024,278797.0,112.0,953.0,40.17,341.83
Georgia,Fulton,2024,1090468.0,14.0,11.0,1.28,1.01
Georgia,Fulton County Police Department,2024,1090468.0,23.0,40.0,2.11,3.67
Georgia,Glynn County Police Department,2024,87052.0,281.0,1512.0,322.8,1736.89
Georgia,Gwinnett,2024,1009864.0,20.0,8.0,1.98,0.79
Georgia,Gwinnett County Police Department,2024,1009864.0,1945.0,10415.0,192.6,1031.33
Georgia,Hall,2024,223545.0,290.0,1139.0,129.73,509.52
Georgia,Haralson,2024,32409.0,59.0,276.0,182.05,851.62
Georgia,Harris,2024,36965.0,5.0,32.0,13.53,86.57
Georgia,Heard,2024,12114.0,7.0,83.0,57.78,685.16
Georgia,Henry,2024,259972.0,9.0,1.0,3.46,0.38
Georgia,Henry County Police Department,2024,259972.0,473.0,2486.0,181.94,956.26
Georgia,Jasper,2024,17192.0,29.0,119.0,168.68,692.18
Georgia,Jones,2024,29081.0,31.0,156.0,106.6,536.43
Georgia,Lanier,2024,10387.0,11.0,115.0,105.9,1107.15
Georgia,Lee,2024,34022.0,35.0,224.0,102.87,658.4
Georgia,Lowndes,2024,122385.0,124.0,830.0,101.32,678.19
Georgia,Lumpkin,2024,35946.0,60.0,132.0,166.92,367.22
Georgia,Madison,2024,32767.0,75.0,194.0,228.89,592.06
Georgia,Marion,2024,7616.0,5.0,26.0,65.65,341.39
Georgia,McDuffie,2024,21743.0,29.0,126.0,133.38,579.5
Georgia,McIntosh,2024,11817.0,12.0,106.0,101.55,897.01
Georgia,Meriwether,2024,21352.0,41.0,123.0,192.02,576.06
Georgia,Monroe,2024,31486.0,9.0,37.0,28.58,117.51
Georgia,Murray,2024,41399.0,18.0,51.0,43.48,123.19
Georgia,Newton,2024,123678.0,303.0,1016.0,244.99,821.49
Georgia,Oconee,2024,44524.0,28.0,511.0,62.89,1147.7
Georgia,Paulding,2024,187933.0,412.0,1132.0,219.23,602.34
Georgia,Peach,2024,29511.0,0.0,0.0,0.0,0.0
Georgia,Pickens,2024,36591.0,15.0,172.0,40.99,470.06
Georgia,Pike,2024,20782.0,18.0,68.0,86.61,327.21
Georgia,Rockdale,2024,97402.0,129.0,726.0,132.44,745.36
Georgia,Spalding,2024,70311.0,115.0,434.0,163.56,617.26
Georgia,Talbot,2024,5754.0,9.0,35.0,156.41,608.27
Georgia,Twiggs,2024,7679.0,11.0,69.0,143.25,898.55
Georgia,Walton,2024,110278.0,27.0,181.0,24.48,164.13
Georgia,Whitfield,2024,105558.0,277.0,772.0,262.41,731.35
Georgia,Worth,2024,20181.0,52.0,104.0,257.67,515.34
Georgia,Atkinson,2024,8489.0,13.0,36.0,153.14,424.08
Georgia,Baldwin,2024,43853.0,108.0,437.0,246.28,996.51
Georgia,Ben Hill,2024,17033.0,36.0,64.0,211.35,375.74
Georgia,Berrien,2024,18783.0,25.0,124.0,133.1,660.17
Georgia,Bleckley,2024,12653.0,12.0,85.0,94.84,671.78
Georgia,Bulloch,2024,85598.0,28.0,223.0,32.71,260.52
Georgia,Camden,2024,59065.0,35.0,80.0,59.26,135.44
Georgia,Candler,2024,11164.0,25.0,57.0,223.93,510.57
Georgia,Chattooga,2024,25261.0,30.0,221.0,118.76,874.87
Georgia,Clay,2024,2795.0,10.0,25.0,357.78,894.45
Georgia,Clinch,2024,6834.0,2.0,30.0,29.27,438.98
Georgia,Coffee,2024,44118.0,54.0,300.0,122.4,679.99
Georgia,Cook,2024,17995.0,7.0,90.0,38.9,500.14
Georgia,Crisp,2024,19444.0,32.0,167.0,164.58,858.88
Georgia,Decatur,2024,29463.0,42.0,149.0,142.55,505.72
Georgia,Early,2024,10466.0,8.0,35.0,76.44,334.42
Georgia,Emanuel,2024,23236.0,0.0,1.0,0.0,4.3
Georgia,Fannin,2024,25964.0,28.0,151.0,107.84,581.57
Georgia,Gilmer,2024,33491.0,62.0,174.0,185.12,519.54
Georgia,Glascock,2024,3052.0,3.0,23.0,98.3,753.6
Georgia,Gordon,2024,60988.0,58.0,230.0,95.1,377.12
Georgia,Grady,2024,26488.0,13.0,50.0,49.08,188.76
Georgia,Greene,2024,21065.0,16.0,76.0,75.96,360.79
Georgia,Habersham,2024,49752.0,19.0,178.0,38.19,357.77
Georgia,Hart,2024,28149.0,56.0,134.0,198.94,476.04
Georgia,Irwin,2024,9155.0,8.0,49.0,87.38,535.23
Georgia,Jefferson,2024,15159.0,22.0,102.0,145.13,672.87
Georgia,Laurens,2024,50585.0,58.0,337.0,114.66,666.21
Georgia,Mitchell,2024,20345.0,32.0,122.0,157.29,599.66
Georgia,Montgomery,2024,8597.0,16.0,46.0,186.11,535.07
Georgia,Pierce,2024,20593.0,25.0,102.0,121.4,495.31
Georgia,Polk,2024,44803.0,6.0,0.0,13.39,0.0
Georgia,Polk County Police Department,2024,44803.0,24.0,306.0,53.57,682.99
Georgia,Putnam,2024,23534.0,31.0,121.0,131.72,514.15
Georgia,Rabun,2024,17684.0,14.0,77.0,79.17,435.42
Georgia,Schley,2024,4523.0,5.0,14.0,110.55,309.53
Georgia,Sumter,2024,29105.0,35.0,145.0,120.25,498.2
Georgia,Tattnall,2024,24390.0,16.0,122.0,65.6,500.21
Georgia,Thomas,2024,46243.0,32.0,310.0,69.2,670.37
Georgia,Tift,2024,42021.0,171.0,484.0,406.94,1151.81
Georgia,Troup,2024,72220.0,57.0,397.0,78.93,549.71
Georgia,Turner,2024,9023.0,1.0,39.0,11.08,432.23
Georgia,Union,2024,27608.0,8.0,66.0,28.98,239.06
Georgia,Upson,2024,28404.0,6.0,32.0,21.12,112.66
Georgia,Ware,2024,36537.0,41.0,146.0,112.22,399.59
Georgia,White,2024,29610.0,11.0,102.0,37.15,344.48
Georgia,Wilkes,2024,9554.0,36.0,93.0,376.81,973.41
Hawaii,Kauai Police Department,2024,73440.0,215.0,1507.0,292.76,2052.02
Idaho,Ada,2024,535225.0,216.0,538.0,40.36,100.52
Idaho,Boise,2024,8506.0,22.0,13.0,258.64,152.83
Idaho,Bonneville,2024,133793.0,139.0,523.0,103.89,390.9
Idaho,Canyon,2024,267444.0,167.0,193.0,62.44,72.16
Idaho,Franklin,2024,15662.0,6.0,9.0,38.31,57.46
Idaho,Jefferson,2024,34856.0,11.0,94.0,31.56,269.68
Idaho,Jerome,2024,26288.0,52.0,84.0,197.81,319.54
Idaho,Kootenai,2024,188398.0,118.0,459.0,62.63,243.63
Idaho,Nez Perce,2024,42894.0,9.0,33.0,20.98,76.93
Idaho,Twin Falls,2024,96467.0,40.0,68.0,41.46,70.49
Idaho,Adams,2024,5010.0,7.0,42.0,139.72,838.32
Idaho,Bear Lake,2024,6703.0,0.0,6.0,0.0,89.51
Idaho,Benewah,2024,10486.0,34.0,60.0,324.24,572.19
Idaho,Bingham,2024,50966.0,39.0,137.0,76.52,268.81
Idaho,Blaine,2024,25701.0,12.0,21.0,46.69,81.71
Idaho,Bonner,2024,53650.0,35.0,203.0,65.24,378.38
Idaho,Boundary,2024,13856.0,26.0,23.0,187.64,165.99
Idaho,Cassia,2024,26210.0,42.0,163.0,160.24,621.9
Idaho,Clearwater,2024,9149.0,14.0,31.0,153.02,338.83
Idaho,Custer,2024,4582.0,2.0,7.0,43.65,152.77
Idaho,Elmore,2024,29575.0,16.0,46.0,54.1,155.54
Idaho,Fremont,2024,14346.0,9.0,42.0,62.74,292.76
Idaho,Gooding,2024,16399.0,19.0,23.0,115.86,140.25
Idaho,Idaho,2024,17873.0,10.0,51.0,55.95,285.35
Idaho,Latah,2024,41738.0,19.0,50.0,45.52,119.79
Idaho,Lemhi,2024,8408.0,7.0,4.0,83.25,47.57
Idaho,Lincoln,2024,5631.0,16.0,18.0,284.14,319.66
Idaho,Madison,2024,54948.0,3.0,56.0,5.46,101.91
Idaho,Oneida,2024,5016.0,30.0,19.0,598.09,378.79
Idaho,Payette,2024,27679.0,27.0,53.0,97.55,191.48
Idaho,Shoshone,2024,14026.0,32.0,57.0,228.15,406.39
Idaho,Teton,2024,13105.0,9.0,33.0,68.68,251.81
Idaho,Valley,2024,12817.0,18.0,55.0,140.44,429.12
Idaho,Washington,2024,11492.0,4.0,8.0,34.81,69.61
Illinois,Bond,2024,16600.0,8.0,27.0,48.19,162.65
Illinois,Boone,2024,53526.0,32.0,106.0,59.78,198.03
Illinois,Calhoun,2024,4310.0,7.0,10.0,162.41,232.02
Illinois,Champaign,2024,209178.0,80.0,314.0,38.24,150.11
Illinois,Clinton,2024,37088.0,6.0,59.0,16.18,159.08
Illinois,Cook,2024,5188791.0,601.0,1585.0,11.58,30.55
Illinois,DeKalb,2024,100621.0,34.0,94.0,33.79,93.42
Illinois,DuPage,2024,932651.0,53.0,340.0,5.68,36.46
Illinois,Ford,2024,13326.0,5.0,26.0,37.52,195.11
Illinois,Grundy,2024,53721.0,22.0,75.0,40.95,139.61
Illinois,Henry,2024,48193.0,14.0,64.0,29.05,132.8
Illinois,Jersey,2024,21155.0,15.0,67.0,70.91,316.71
Illinois,Kane,2024,523430.0,72.0,212.0,13.76,40.5
Illinois,Kankakee,2024,105814.0,83.0,132.0,78.44,124.75
Illinois,Kendall,2024,143125.0,36.0,135.0,25.15,94.32
Illinois,Macoupin,2024,43917.0,17.0,60.0,38.71,136.62
Illinois,Madison,2024,263317.0,100.0,665.0,37.98,252.55
Illinois,Marshall,2024,11571.0,0.0,52.0,0.0,449.4
Illinois,McHenry,2024,315730.0,33.0,181.0,10.45,57.33
Illinois,McLean,2024,171512.0,25.0,90.0,14.58,52.47
Illinois,Menard,2024,11924.0,1.0,20.0,8.39,167.73
Illinois,Monroe,2024,35105.0,3.0,6.0,8.55,17.09
Illinois,Peoria,2024,178541.0,153.0,526.0,85.69,294.61
Illinois,Piatt,2024,16642.0,8.0,59.0,48.07,354.52
Illinois,Rock Island,2024,141591.0,40.0,320.0,28.25,226.0
Illinois,Sangamon,2024,194036.0,156.0,720.0,80.4,371.07
Illinois,St. Clair,2024,251375.0,97.0,270.0,38.59,107.41
Illinois,Tazewell,2024,129982.0,29.0,214.0,22.31,164.64
Illinois,Will,2024,708980.0,164.0,563.0,23.13,79.41
Illinois,Winnebago,2024,282965.0,131.0,269.0,46.3,95.06
Illinois,Adams,2024,64216.0,25.0,175.0,38.93,272.52
Illinois,Brown,2024,6438.0,0.0,0.0,0.0,0.0
Illinois,Bureau,2024,32519.0,2.0,94.0,6.15,289.06
Illinois,Carroll,2024,15468.0,0.0,25.0,0.0,161.62
Illinois,Cass,2024,12530.0,1.0,1.0,7.98,7.98
Illinois,Clark,2024,15141.0,2.0,51.0,13.21,336.83
Illinois,Coles,2024,46573.0,14.0,75.0,30.06,161.04
Illinois,Crawford,2024,18621.0,5.0,19.0,26.85,102.04
Illinois,Cumberland,2024,10278.0,3.0,0.0,29.19,0.0
Illinois,DeWitt,2024,,10.0,47.0,,
Illinois,Edgar,2024,16382.0,8.0,28.0,48.83,170.92
Illinois,Edwards,2024,5987.0,2.0,1.0,33.41,16.7
Illinois,Effingham,2024,34541.0,11.0,92.0,31.85,266.35
Illinois,Fayette,2024,20954.0,7.0,43.0,33.41,205.21
Illinois,Franklin,2024,36954.0,23.0,88.0,62.24,238.13
Illinois,Greene,2024,11393.0,4.0,13.0,35.11,114.11
Illinois,Hamilton,2024,7861.0,4.0,6.0,50.88,76.33
Illinois,Hancock,2024,16936.0,8.0,6.0,47.24,35.43
Illinois,Henderson,2024,6031.0,0.0,6.0,0.0,99.49
Illinois,Iroquois,2024,26222.0,31.0,114.0,118.22,434.75
Illinois,Jackson,2024,52682.0,39.0,198.0,74.03,375.84
Illinois,Jasper,2024,9049.0,3.0,39.0,33.15,430.99
Illinois,Jefferson,2024,36112.0,15.0,117.0,41.54,323.99
Illinois,Jo Daviess,2024,21656.0,6.0,55.0,27.71,253.97
Illinois,Knox,2024,47964.0,37.0,146.0,77.14,304.39
Illinois,La Salle,2024,,34.0,120.0,,
Illinois,Lawrence,2024,13767.0,9.0,8.0,65.37,58.11
Illinois,Livingston,2024,35184.0,22.0,43.0,62.53,122.21
Illinois,Logan,2024,27219.0,16.0,116.0,58.78,426.17
Illinois,Marion,2024,36501.0,34.0,112.0,93.15,306.84
Illinois,Mason,2024,12489.0,4.0,2.0,32.03,16.01
Illinois,Montgomery,2024,27837.0,14.0,74.0,50.29,265.83
Illinois,Morgan,2024,32639.0,2.0,19.0,6.13,58.21
Illinois,Moultrie,2024,14442.0,8.0,10.0,55.39,69.24
Illinois,Ogle,2024,51274.0,11.0,91.0,21.45,177.48
Illinois,Perry,2024,20376.0,5.0,13.0,24.54,63.8
Illinois,Pike,2024,14286.0,6.0,15.0,42.0,105.0
Illinois,Pulaski,2024,4883.0,4.0,16.0,81.92,327.67
Illinois,Putnam,2024,5617.0,0.0,8.0,0.0,142.42
Illinois,Randolph,2024,29870.0,0.0,3.0,0.0,10.04
Illinois,Richland,2024,15368.0,8.0,66.0,52.06,429.46
Illinois,Saline,2024,22830.0,19.0,62.0,83.22,271.57
Illinois,Scott,2024,4889.0,1.0,7.0,20.45,143.18
Illinois,Shelby,2024,20554.0,11.0,40.0,53.52,194.61
Illinois,Stephenson,2024,43422.0,22.0,81.0,50.67,186.54
Illinois,Vermilion,2024,71456.0,80.0,400.0,111.96,559.79
Illinois,Warren,2024,16116.0,11.0,57.0,68.26,353.69
Illinois,Wayne,2024,15883.0,10.0,70.0,62.96,440.72
Illinois,White,2024,13449.0,3.0,60.0,22.31,446.13
Illinois,Whiteside,2024,54423.0,11.0,115.0,20.21,211.31
Indiana,Allen,2024,399094.0,104.0,634.0,26.06,158.86
Indiana,Bartholomew,2024,84942.0,0.0,23.0,0.0,27.08
Indiana,Brown,2024,15621.0,18.0,81.0,115.23,518.53
Indiana,Clark,2024,127763.0,31.0,179.0,24.26,140.1
Indiana,Clay,2024,26352.0,14.0,40.0,53.13,151.79
Indiana,Delaware,2024,112752.0,22.0,184.0,19.51,163.19
Indiana,Elkhart,2024,208196.0,127.0,805.0,61.0,386.65
Indiana,Floyd,2024,81799.0,27.0,100.0,33.01,122.25
Indiana,Franklin,2024,23136.0,3.0,66.0,12.97,285.27
Indiana,Hamilton,2024,379685.0,27.0,99.0,7.11,26.07
Indiana,Hancock,2024,88877.0,46.0,118.0,51.76,132.77
Indiana,Harrison,2024,40186.0,85.0,149.0,211.52,370.78
Indiana,Hendricks,2024,190764.0,33.0,410.0,17.3,214.93
Indiana,Howard,2024,84018.0,41.0,100.0,48.8,119.02
Indiana,Johnson,2024,171023.0,17.0,208.0,9.94,121.62
Indiana,Lake,2024,502497.0,47.0,175.0,9.35,34.83
Indiana,Madison,2024,133572.0,30.0,151.0,22.46,113.05
Indiana,Monroe,2024,142832.0,21.0,377.0,14.7,263.95
Indiana,Porter,2024,175420.0,29.0,82.0,16.53,46.74
Indiana,Posey,2024,25058.0,27.0,52.0,107.75,207.52
Indiana,Shelby,2024,45613.0,78.0,95.0,171.0,208.27
Indiana,St. Joseph,2024,272936.0,109.0,645.0,39.94,236.32
Indiana,Tippecanoe,2024,189910.0,100.0,261.0,52.66,137.43
Indiana,Vanderburgh,2024,181140.0,204.0,451.0,112.62,248.98
Indiana,Vigo,2024,106198.0,90.0,524.0,84.75,493.42
Indiana,Warrick,2024,66321.0,200.0,341.0,301.56,514.17
Indiana,Washington,2024,28358.0,17.0,59.0,59.95,208.05
Indiana,Wells,2024,28840.0,8.0,8.0,27.74,27.74
Indiana,Adams,2024,36542.0,5.0,25.0,13.68,68.41
Indiana,Clinton,2024,33307.0,8.0,36.0,24.02,108.09
Indiana,Decatur,2024,26514.0,16.0,24.0,60.35,90.52
Indiana,DeKalb,2024,44338.0,20.0,45.0,45.11,101.49
Indiana,Gibson,2024,32998.0,32.0,113.0,96.98,342.44
Indiana,Grant,2024,66236.0,8.0,92.0,12.08,138.9
Indiana,Henry,2024,49021.0,2.0,84.0,4.08,171.36
Indiana,Jackson,2024,47436.0,4.0,17.0,8.43,35.84
Indiana,Jay,2024,20259.0,0.0,13.0,0.0,64.17
Indiana,Jennings,2024,27724.0,16.0,59.0,57.71,212.81
Indiana,Knox,2024,35757.0,37.0,69.0,103.48,192.97
Indiana,Kosciusko,2024,80769.0,79.0,237.0,97.81,293.43
Indiana,Lawrence,2024,45230.0,45.0,40.0,99.49,88.44
Indiana,Montgomery,2024,38910.0,14.0,121.0,35.98,310.97
Indiana,Noble,2024,47946.0,15.0,102.0,31.29,212.74
Indiana,Perry,2024,19388.0,15.0,29.0,77.37,149.58
Indiana,Steuben,2024,34788.0,8.0,155.0,23.0,445.56
Iowa,Benton,2024,25845.0,24.0,69.0,92.86,266.98
Iowa,Black Hawk,2024,131473.0,7.0,97.0,5.32,73.78
Iowa,Boone,2024,26727.0,11.0,16.0,41.16,59.86
Iowa,Bremer,2024,25363.0,8.0,18.0,31.54,70.97
Iowa,Dallas,2024,114812.0,42.0,47.0,36.58,40.94
Iowa,Dubuque,2024,99033.0,42.0,98.0,42.41,98.96
Iowa,Grundy,2024,12372.0,13.0,38.0,105.08,307.15
Iowa,Guthrie,2024,10687.0,5.0,20.0,46.79,187.14
Iowa,Jasper,2024,38122.0,6.0,67.0,15.74,175.75
Iowa,Johnson,2024,158863.0,52.0,121.0,32.73,76.17
Iowa,Jones,2024,21171.0,5.0,25.0,23.62,118.09
Iowa,Linn,2024,230389.0,31.0,118.0,13.46,51.22
Iowa,Madison,2024,17149.0,21.0,22.0,122.46,128.29
Iowa,Mills,2024,14748.0,7.0,50.0,47.46,339.03
Iowa,Polk,2024,513511.0,63.0,593.0,12.27,115.48
Iowa,Pottawattamie,2024,93270.0,38.0,128.0,40.74,137.24
Iowa,Scott,2024,174840.0,30.0,154.0,17.16,88.08
Iowa,Story,2024,101418.0,11.0,65.0,10.85,64.09
Iowa,Warren,2024,56496.0,31.0,68.0,54.87,120.36
Iowa,Washington,2024,22602.0,32.0,60.0,141.58,265.46
Iowa,Woodbury,2024,106742.0,30.0,63.0,28.11,59.02
Iowa,Adair,2024,7465.0,0.0,12.0,0.0,160.75
Iowa,Adams,2024,3600.0,1.0,2.0,27.78,55.56
Iowa,Allamakee,2024,14206.0,7.0,15.0,49.27,105.59
Iowa,Appanoose,2024,12102.0,2.0,52.0,16.53,429.68
Iowa,Buchanan,2024,20711.0,22.0,45.0,106.22,217.28
Iowa,Buena Vista,2024,20655.0,9.0,26.0,43.57,125.88
Iowa,Butler,2024,14093.0,2.0,12.0,14.19,85.15
Iowa,Adams,2024,3600.0,3.0,4.0,83.33,111.11
Iowa,Cass,2024,13005.0,5.0,47.0,38.45,361.4
Iowa,Cedar,2024,18288.0,11.0,35.0,60.15,191.38
Iowa,Cerro Gordo,2024,42347.0,5.0,30.0,11.81,70.84
Iowa,Cherokee,2024,11522.0,1.0,4.0,8.68,34.72
Iowa,Chickasaw,2024,11724.0,6.0,19.0,51.18,162.06
Iowa,Clarke,2024,9591.0,4.0,19.0,41.71,198.1
Iowa,Clay,2024,16521.0,2.0,11.0,12.11,66.58
Iowa,Clayton,2024,16983.0,7.0,14.0,41.22,82.44
Iowa,Clinton,2024,45999.0,17.0,78.0,36.96,169.57
Iowa,Crawford,2024,16289.0,2.0,12.0,12.28,73.67
Iowa,Davis,2024,9176.0,1.0,3.0,10.9,32.69
Iowa,Delaware,2024,17602.0,17.0,8.0,96.58,45.45
Iowa,Des Moines,2024,38150.0,24.0,76.0,62.91,199.21
Iowa,Emmet,2024,9131.0,0.0,2.0,0.0,21.9
Iowa,Fayette,2024,19110.0,10.0,8.0,52.33,41.86
Iowa,Floyd,2024,15081.0,11.0,12.0,72.94,79.57
Iowa,Franklin,2024,9977.0,8.0,7.0,80.18,70.16
Iowa,Fremont,2024,6493.0,19.0,35.0,292.62,539.04
Iowa,Greene,2024,8654.0,8.0,31.0,92.44,358.22
Iowa,Hamilton,2024,14998.0,4.0,29.0,26.67,193.36
Iowa,Hancock,2024,10620.0,5.0,29.0,47.08,273.07
Iowa,Hardin,2024,16460.0,10.0,62.0,60.75,376.67
Iowa,Henry,2024,19368.0,13.0,19.0,67.12,98.1
Iowa,Humboldt,2024,9505.0,8.0,44.0,84.17,462.91
Iowa,Ida,2024,6767.0,6.0,22.0,88.67,325.11
Iowa,Iowa,2024,16474.0,6.0,39.0,36.42,236.74
Iowa,Jackson,2024,19351.0,15.0,34.0,77.52,175.7
Iowa,Jefferson,2024,15405.0,4.0,12.0,25.97,77.9
Iowa,Keokuk,2024,9804.0,12.0,36.0,122.4,367.2
Iowa,Kossuth,2024,14468.0,12.0,10.0,82.94,69.12
Iowa,Lee,2024,32480.0,19.0,62.0,58.5,190.89
Iowa,Louisa,2024,10564.0,18.0,36.0,170.39,340.78
Iowa,Lucas,2024,8826.0,8.0,70.0,90.64,793.11
Iowa,Lyon,2024,12404.0,1.0,18.0,8.06,145.11
Iowa,Mahaska,2024,21912.0,3.0,18.0,13.69,82.15
Iowa,Marion,2024,33955.0,20.0,42.0,58.9,123.69
Iowa,Mitchell,2024,10591.0,3.0,10.0,28.33,94.42
Iowa,Monona,2024,8492.0,12.0,34.0,141.31,400.38
Iowa,Muscatine,2024,42161.0,20.0,39.0,47.44,92.5
Iowa,O'Brien,2024,14188.0,12.0,37.0,84.58,260.78
Iowa,Osceola,2024,6008.0,5.0,7.0,83.22,116.51
Iowa,Page,2024,15013.0,5.0,16.0,33.3,106.57
Iowa,Palo Alto,2024,8892.0,6.0,31.0,67.48,348.63
Iowa,Plymouth,2024,25684.0,6.0,28.0,23.36,109.02
Iowa,Pocahontas,2024,6922.0,3.0,8.0,43.34,115.57
Iowa,Poweshiek,2024,18423.0,19.0,45.0,103.13,244.26
Iowa,Sac,2024,9614.0,7.0,9.0,72.81,93.61
Iowa,Shelby,2024,11778.0,2.0,16.0,16.98,135.85
Iowa,Sioux,2024,36777.0,15.0,35.0,40.79,95.17
Iowa,Tama,2024,16804.0,7.0,30.0,41.66,178.53
Iowa,Taylor,2024,5843.0,3.0,16.0,51.34,273.83
Iowa,Union,2024,11924.0,9.0,7.0,75.48,58.71
Iowa,Van Buren,2024,7187.0,9.0,17.0,125.23,236.54
Iowa,Wapello,2024,35429.0,17.0,101.0,47.98,285.08
Iowa,Wayne,2024,6634.0,7.0,20.0,105.52,301.48
Iowa,Webster,2024,36799.0,29.0,66.0,78.81,179.35
Iowa,Winneshiek,2024,19673.0,23.0,6.0,116.91,30.5
Iowa,Worth,2024,7300.0,3.0,6.0,41.1,82.19
Iowa,Wright,2024,12848.0,3.0,12.0,23.35,93.4
Kansas,Butler,2024,69126.0,38.0,133.0,54.97,192.4
Kansas,Cherokee,2024,19167.0,25.0,100.0,130.43,521.73
Kansas,Douglas,2024,120939.0,27.0,67.0,22.33,55.4
Kansas,Geary,2024,35465.0,13.0,26.0,36.66,73.31
Kansas,Harvey,2024,33620.0,13.0,27.0,38.67,80.31
Kansas,Jackson,2024,13424.0,20.0,54.0,148.99,402.26
Kansas,Jefferson,2024,18307.0,21.0,154.0,114.71,841.21
Kansas,Johnson,2024,630832.0,65.0,191.0,10.3,30.28
Kansas,Leavenworth,2024,84344.0,34.0,37.0,40.31,43.87
Kansas,Linn,2024,9864.0,10.0,52.0,101.38,527.17
Kansas,Miami,2024,35801.0,22.0,95.0,61.45,265.36
Kansas,Osage,2024,15746.0,18.0,49.0,114.31,311.19
Kansas,Pottawatomie,2024,26858.0,42.0,84.0,156.38,312.76
Kansas,Riley County Police Department,2024,72072.0,198.0,1007.0,274.73,1397.21
Kansas,Sedgwick,2024,534386.0,260.0,548.0,48.65,102.55
Kansas,Shawnee,2024,178222.0,104.0,476.0,58.35,267.08
Kansas,Sumner,2024,22372.0,18.0,66.0,80.46,295.01
Kansas,Wabaunsee,2024,7079.0,24.0,44.0,339.03,621.56
Kansas,Wyandotte,2024,169870.0,25.0,44.0,14.72,25.9
Kansas,Allen,2024,12361.0,6.0,35.0,48.54,283.15
Kansas,Anderson,2024,7933.0,7.0,15.0,88.24,189.08
Kansas,Atchison,2024,16169.0,4.0,34.0,24.74,210.28
Kansas,Barber,2024,4085.0,2.0,15.0,48.96,367.2
Kansas,Barton,2024,24913.0,24.0,41.0,96.34,164.57
Kansas,Bourbon,2024,14440.0,31.0,55.0,214.68,380.89
Kansas,Brown,2024,9133.0,7.0,6.0,76.65,65.7
Kansas,Chase,2024,2593.0,4.0,26.0,154.26,1002.7
Kansas,Cheyenne,2024,2618.0,5.0,15.0,190.99,572.96
Kansas,Clark,2024,1890.0,8.0,9.0,423.28,476.19
Kansas,Clay,2024,8014.0,10.0,7.0,124.78,87.35
Kansas,Coffey,2024,8329.0,15.0,28.0,180.09,336.17
Kansas,Cowley,2024,34251.0,9.0,39.0,26.28,113.87
Kansas,Crawford,2024,38960.0,28.0,85.0,71.87,218.17
Kansas,Dickinson,2024,18638.0,6.0,32.0,32.19,171.69
Kansas,Edwards,2024,2721.0,4.0,15.0,147.0,551.27
Kansas,Ellis,2024,29026.0,16.0,46.0,55.12,158.48
Kansas,Ellsworth,2024,6302.0,3.0,33.0,47.6,523.64
Kansas,Finney,2024,37794.0,57.0,94.0,150.82,248.72
Kansas,Ford,2024,34287.0,12.0,25.0,35.0,72.91
Kansas,Franklin,2024,26245.0,24.0,87.0,91.45,331.49
Kansas,Gove,2024,2669.0,0.0,10.0,0.0,374.67
Kansas,Gray,2024,5690.0,2.0,28.0,35.15,492.09
Kansas,Greeley,2024,1191.0,0.0,4.0,0.0,335.85
Kansas,Greenwood,2024,5846.0,21.0,56.0,359.22,957.92
Kansas,Hamilton,2024,2509.0,8.0,15.0,318.85,597.85
Kansas,Harper,2024,5407.0,1.0,6.0,18.49,110.97
Kansas,Haskell,2024,3558.0,3.0,13.0,84.32,365.37
Kansas,Kearny,2024,3869.0,6.0,33.0,155.08,852.93
Kansas,Kiowa,2024,2416.0,3.0,8.0,124.17,331.13
Kansas,Labette,2024,19694.0,6.0,28.0,30.47,142.18
Kansas,Marion,2024,11679.0,7.0,66.0,59.94,565.12
Kansas,Marshall,2024,9910.0,10.0,19.0,100.91,191.73
Kansas,Montgomery,2024,30406.0,15.0,256.0,49.33,841.94
Kansas,Morris,2024,5307.0,6.0,7.0,113.06,131.9
Kansas,Nemaha,2024,10086.0,5.0,12.0,49.57,118.98
Kansas,Neosho,2024,15631.0,4.0,54.0,25.59,345.47
Kansas,Norton,2024,5305.0,3.0,11.0,56.55,207.35
Kansas,Pawnee,2024,6051.0,3.0,44.0,49.58,727.15
Kansas,Reno,2024,61370.0,30.0,114.0,48.88,185.76
Kansas,Rice,2024,9277.0,8.0,11.0,86.23,118.57
Kansas,Rooks,2024,4717.0,5.0,28.0,106.0,593.6
Kansas,Rush,2024,2831.0,6.0,19.0,211.94,671.14
Kansas,Russell,2024,6654.0,10.0,25.0,150.29,375.71
Kansas,Saline,2024,53314.0,22.0,62.0,41.26,116.29
Kansas,Scott,2024,4908.0,0.0,1.0,0.0,20.37
Kansas,Sheridan,2024,2433.0,1.0,3.0,41.1,123.3
Kansas,Thomas,2024,7752.0,10.0,12.0,129.0,154.8
Kansas,Washington,2024,5561.0,8.0,12.0,143.86,215.79
Kansas,Wilson,2024,8301.0,16.0,23.0,192.75,277.08
Kansas,Woodson,2024,3116.0,8.0,16.0,256.74,513.48
Kentucky,Allen,2024,22095.0,7.0,47.0,31.68,212.72
Kentucky,Ballard,2024,7608.0,4.0,56.0,52.58,736.07
Kentucky,Boone,2024,143490.0,67.0,531.0,46.69,370.06
Kentucky,Bourbon,2024,20337.0,5.0,28.0,24.59,137.68
Kentucky,Boyd,2024,47948.0,15.0,135.0,31.28,281.56
Kentucky,Bracken,2024,8462.0,0.0,25.0,0.0,295.44
Kentucky,Bullitt,2024,85765.0,20.0,211.0,23.32,246.02
Kentucky,Butler,2024,12480.0,5.0,20.0,40.06,160.26
Kentucky,Campbell,2024,94054.0,0.0,0.0,0.0,0.0
Kentucky,Campbell County Police Department,2024,94054.0,8.0,76.0,8.51,80.8
Kentucky,Carlisle,2024,4764.0,3.0,6.0,62.97,125.94
Kentucky,Carter,2024,26195.0,3.0,33.0,11.45,125.98
Kentucky,Christian,2024,71436.0,13.0,129.0,18.2,180.58
Kentucky,Clark,2024,37684.0,11.0,74.0,29.19,196.37
Kentucky,Daviess,2024,104275.0,22.0,276.0,21.1,264.68
Kentucky,Edmonson,2024,12662.0,8.0,41.0,63.18,323.8
Kentucky,Fayette,2024,327071.0,0.0,1.0,0.0,0.31
Kentucky,Gallatin,2024,8764.0,6.0,29.0,68.46,330.9
Kentucky,Grant,2024,25732.0,16.0,76.0,62.18,295.35
Kentucky,Greenup,2024,35250.0,5.0,18.0,14.18,51.06
Kentucky,Hardin,2024,112644.0,28.0,139.0,24.86,123.4
Kentucky,Henry,2024,16202.0,2.0,10.0,12.34,61.72
Kentucky,Jefferson,2024,794166.0,2.0,0.0,0.25,0.0
Kentucky,Jessamine,2024,56316.0,10.0,107.0,17.76,190.0
Kentucky,Kenton,2024,174441.0,1.0,0.0,0.57,0.0
Kentucky,Kenton County Police Department,2024,174441.0,22.0,48.0,12.61,27.52
Kentucky,Larue,2024,15156.0,2.0,21.0,13.2,138.56
Kentucky,Lawrence,2024,15825.0,4.0,35.0,25.28,221.17
Kentucky,Livingston,2024,8847.0,9.0,48.0,101.73,542.56
Kentucky,McCracken,2024,67732.0,41.0,328.0,60.53,484.26
Kentucky,McLean,2024,9081.0,0.0,25.0,0.0,275.3
Kentucky,Meade,2024,30497.0,10.0,63.0,32.79,206.58
Kentucky,Nelson,2024,48609.0,26.0,131.0,53.49,269.5
Kentucky,Oldham,2024,70600.0,0.0,2.0,0.0,2.83
Kentucky,Oldham County Police Department,2024,70600.0,22.0,385.0,31.16,545.33
Kentucky,Pendleton,2024,14801.0,2.0,38.0,13.51,256.74
Kentucky,Scott,2024,61724.0,17.0,67.0,27.54,108.55
Kentucky,Shelby,2024,50482.0,18.0,159.0,35.66,314.96
Kentucky,Spencer,2024,20707.0,5.0,66.0,24.15,318.73
Kentucky,Trigg,2024,14513.0,4.0,60.0,27.56,413.42
Kentucky,Warren,2024,146566.0,45.0,432.0,30.7,294.75
Kentucky,Woodford,2024,27684.0,1.0,5.0,3.61,18.06
Kentucky,Adair,2024,19235.0,2.0,5.0,10.4,25.99
Kentucky,Anderson,2024,24958.0,3.0,28.0,12.02,112.19
Kentucky,Barren,2024,45412.0,12.0,103.0,26.42,226.81
Kentucky,Bath,2024,12970.0,1.0,13.0,7.71,100.23
Kentucky,Bell,2024,23005.0,8.0,27.0,34.78,117.37
Kentucky,Boyle,2024,31297.0,0.0,21.0,0.0,67.1
Kentucky,Breathitt,2024,12751.0,1.0,10.0,7.84,78.43
Kentucky,Breckinridge,2024,21264.0,4.0,35.0,18.81,164.6
Kentucky,Caldwell,2024,12588.0,3.0,31.0,23.83,246.27
Kentucky,Calloway,2024,38902.0,9.0,98.0,23.14,251.92
Kentucky,Carroll,2024,11111.0,9.0,36.0,81.0,324.0
Kentucky,Casey,2024,16053.0,9.0,12.0,56.06,74.75
Kentucky,Clay,2024,19555.0,9.0,71.0,46.02,363.08
Kentucky,Clinton,2024,9172.0,4.0,13.0,43.61,141.74
Kentucky,Crittenden,2024,8975.0,4.0,12.0,44.57,133.7
Kentucky,Cumberland,2024,6037.0,2.0,7.0,33.13,115.95
Kentucky,Elliott,2024,7270.0,0.0,4.0,0.0,55.02
Kentucky,Estill,2024,13945.0,2.0,11.0,14.34,78.88
Kentucky,Fleming,2024,15648.0,2.0,16.0,12.78,102.25
Kentucky,Floyd,2024,34630.0,12.0,60.0,34.65,173.26
Kentucky,Franklin,2024,52397.0,17.0,98.0,32.44,187.03
Kentucky,Fulton,2024,6260.0,3.0,7.0,47.92,111.82
Kentucky,Garrard,2024,17948.0,6.0,31.0,33.43,172.72
Kentucky,Graves,2024,36798.0,24.0,104.0,65.22,282.62
Kentucky,Grayson,2024,27179.0,9.0,61.0,33.11,224.44
Kentucky,Green,2024,11548.0,2.0,4.0,17.32,34.64
Kentucky,Hancock,2024,9018.0,5.0,14.0,55.44,155.25
Kentucky,Harlan,2024,25046.0,4.0,23.0,15.97,91.83
Kentucky,Harrison,2024,19467.0,3.0,28.0,15.41,143.83
Kentucky,Hart,2024,19910.0,2.0,43.0,10.05,215.97
Kentucky,Henderson,2024,44348.0,20.0,82.0,45.1,184.9
Kentucky,Hickman,2024,4390.0,3.0,13.0,68.34,296.13
Kentucky,Hopkins,2024,45021.0,20.0,130.0,44.42,288.75
Kentucky,Jackson,2024,13294.0,1.0,25.0,7.52,188.05
Kentucky,Johnson,2024,22133.0,3.0,23.0,13.55,103.92
Kentucky,Knott,2024,13463.0,0.0,3.0,0.0,22.28
Kentucky,Knott County Police Department,2024,13463.0,0.0,0.0,0.0,0.0
Kentucky,Knox,2024,29652.0,8.0,30.0,26.98,101.17
Kentucky,Laurel,2024,63244.0,45.0,281.0,71.15,444.31
Kentucky,Lee,2024,7293.0,1.0,6.0,13.71,82.27
Kentucky,Leslie,2024,9749.0,4.0,5.0,41.03,51.29
Kentucky,Letcher,2024,20207.0,1.0,9.0,4.95,44.54
Kentucky,Lewis,2024,12912.0,4.0,27.0,30.98,209.11
Kentucky,Lincoln,2024,25053.0,23.0,59.0,91.81,235.5
Kentucky,Logan,2024,28449.0,8.0,43.0,28.12,151.15
Kentucky,Lyon,2024,9077.0,8.0,38.0,88.13,418.64
Kentucky,Madison,2024,99600.0,28.0,132.0,28.11,132.53
Kentucky,Magoffin,2024,11171.0,1.0,9.0,8.95,80.57
Kentucky,Marion,2024,19998.0,5.0,13.0,25.0,65.01
Kentucky,Marshall,2024,31655.0,22.0,116.0,69.5,366.45
Kentucky,Martin,2024,10683.0,1.0,0.0,9.36,0.0
Kentucky,Mason,2024,16914.0,8.0,27.0,47.3,159.63
Kentucky,McCreary,2024,16923.0,3.0,13.0,17.73,76.82
Kentucky,Menifee,2024,6329.0,0.0,12.0,0.0,189.6
Kentucky,Mercer,2024,23499.0,1.0,20.0,4.26,85.11
Kentucky,Metcalfe,2024,10537.0,1.0,22.0,9.49,208.79
Kentucky,Monroe,2024,11156.0,1.0,13.0,8.96,116.53
Kentucky,Montgomery,2024,28813.0,13.0,94.0,45.12,326.24
Kentucky,Morgan,2024,14233.0,3.0,13.0,21.08,91.34
Kentucky,Muhlenberg,2024,30572.0,16.0,63.0,52.34,206.07
Kentucky,Nicholas,2024,7752.0,0.0,6.0,0.0,77.4
Kentucky,Ohio,2024,23900.0,17.0,72.0,71.13,301.26
Kentucky,Owen,2024,11465.0,2.0,11.0,17.44,95.94
Kentucky,Owsley,2024,3930.0,0.0,0.0,0.0,0.0
Kentucky,Perry,2024,26805.0,23.0,28.0,85.8,104.46
Kentucky,Pike,2024,55358.0,1.0,23.0,1.81,41.55
Kentucky,Powell,2024,12861.0,1.0,6.0,7.78,46.65
Kentucky,Pulaski,2024,66959.0,50.0,147.0,74.67,219.54
Kentucky,Pulaski County Police Department,2024,66959.0,0.0,0.0,0.0,0.0
Kentucky,Robertson,2024,2352.0,0.0,0.0,0.0,0.0
Kentucky,Rockcastle,2024,16212.0,8.0,34.0,49.35,209.72
Kentucky,Rowan,2024,24526.0,7.0,39.0,28.54,159.01
Kentucky,Russell,2024,18549.0,2.0,19.0,10.78,102.43
Kentucky,Simpson,2024,20418.0,7.0,20.0,34.28,97.95
Kentucky,Taylor,2024,26811.0,5.0,73.0,18.65,272.28
Kentucky,Todd,2024,12787.0,3.0,28.0,23.46,218.97
Kentucky,Trimble,2024,8639.0,0.0,8.0,0.0,92.6
Kentucky,Union,2024,13127.0,1.0,22.0,7.62,167.59
Kentucky,Washington,2024,12310.0,2.0,32.0,16.25,259.95
Kentucky,Wayne,2024,19563.0,5.0,11.0,25.56,56.23
Kentucky,Webster,2024,12872.0,6.0,22.0,46.61,170.91
Kentucky,Whitley,2024,37205.0,18.0,103.0,48.38,276.84
Kentucky,Whitley County Police Department,2024,37205.0,0.0,0.0,0.0,0.0
Kentucky,Wolfe,2024,6263.0,0.0,16.0,0.0,255.47
Louisiana,Acadia,2024,57103.0,142.0,453.0,248.67,793.3
Louisiana,Ascension,2024,134027.0,299.0,1520.0,223.09,1134.1
Louisiana,Bossier,2024,131168.0,159.0,381.0,121.22,290.47
Louisiana,Caddo,2024,225317.0,44.0,529.0,19.53,234.78
Louisiana,Calcasieu,2024,207027.0,627.0,2627.0,302.86,1268.92
Louisiana,Cameron,2024,4773.0,18.0,78.0,377.12,1634.19
Louisiana,De Soto,2024,27279.0,71.0,152.0,260.27,557.21
Louisiana,East Baton Rouge,2024,454172.0,433.0,5063.0,95.34,1114.78
Louisiana,Grant,2024,22119.0,32.0,159.0,144.67,718.84
Louisiana,Iberville,2024,29691.0,62.0,209.0,208.82,703.92
Louisiana,Jefferson,2024,432404.0,1007.0,7139.0,232.88,1651.0
Louisiana,Jefferson Davis,2024,31527.0,23.0,104.0,72.95,329.88
Louisiana,Lafayette,2024,254674.0,219.0,810.0,85.99,318.05
Louisiana,Lafourche,2024,95492.0,210.0,1400.0,219.91,1466.09
Louisiana,Livingston,2024,153145.0,484.0,1858.0,316.04,1213.23
Louisiana,Morehouse,2024,23922.0,68.0,194.0,284.26,810.97
Louisiana,Ouachita,2024,158746.0,478.0,2157.0,301.11,1358.77
Louisiana,Plaquemines,2024,22385.0,80.0,113.0,357.38,504.8
Louisiana,Rapides,2024,125924.0,384.0,1243.0,304.95,987.1
Louisiana,St. Bernard,2024,45383.0,218.0,849.0,480.36,1870.74
Louisiana,St. Charles,2024,50658.0,123.0,528.0,242.8,1042.28
Louisiana,St. Helena,2024,10800.0,63.0,149.0,583.33,1379.63
Louisiana,St. James,2024,19112.0,55.0,191.0,287.78,999.37
Louisiana,St. John the Baptist,2024,39965.0,113.0,533.0,282.75,1333.67
Louisiana,St. Martin,2024,51301.0,152.0,510.0,296.29,994.13
Louisiana,St. Tammany,2024,277665.0,252.0,1188.0,90.76,427.85
Louisiana,Tangipahoa,2024,139983.0,655.0,1402.0,467.91,1001.55
Louisiana,Terrebonne,2024,104115.0,227.0,1726.0,218.03,1657.78
Louisiana,Vermilion,2024,57605.0,34.0,165.0,59.02,286.43
Louisiana,West Baton Rouge,2024,28543.0,71.0,535.0,248.75,1874.36
Louisiana,West Feliciana,2024,15197.0,39.0,19.0,256.63,125.02
Louisiana,Beauregard,2024,36638.0,24.0,89.0,65.51,242.92
Louisiana,Bienville,2024,12369.0,27.0,79.0,218.29,638.69
Louisiana,Caldwell,2024,9432.0,39.0,80.0,413.49,848.18
Louisiana,Catahoula,2024,8366.0,24.0,81.0,286.88,968.2
Louisiana,Claiborne,2024,13539.0,31.0,27.0,228.97,199.42
Louisiana,Concordia,2024,18098.0,61.0,129.0,337.05,712.79
Louisiana,East Carroll,2024,6905.0,47.0,40.0,680.67,579.29
Louisiana,Evangeline,2024,32014.0,38.0,88.0,118.7,274.88
Louisiana,Franklin,2024,19143.0,60.0,114.0,313.43,595.52
Louisiana,Iberia,2024,67573.0,191.0,334.0,282.66,494.28
Louisiana,Jackson,2024,15753.0,24.0,22.0,152.35,139.66
Louisiana,La Salle,2024,,4.0,30.0,,
Louisiana,Lincoln,2024,48232.0,38.0,158.0,78.79,327.58
Louisiana,Madison,2024,9076.0,33.0,30.0,363.6,330.54
Louisiana,Natchitoches,2024,36185.0,72.0,371.0,198.98,1025.29
Louisiana,St. Mary,2024,46973.0,89.0,433.0,189.47,921.81
Louisiana,Tensas,2024,3818.0,27.0,46.0,707.18,1204.82
Louisiana,Washington,2024,45138.0,113.0,336.0,250.34,744.38
Louisiana,Webster,2024,35199.0,59.0,163.0,167.62,463.08
Louisiana,West Carroll,2024,9256.0,8.0,30.0,86.43,324.11
Louisiana,Winn,2024,14766.0,20.0,35.0,135.45,237.03
Maine,Androscoggin,2024,115600.0,25.0,131.0,21.63,113.32
Maine,Cumberland,2024,314665.0,40.0,292.0,12.71,92.8
Maine,Penobscot,2024,157283.0,20.0,294.0,12.72,186.92
Maine,Sagadahoc,2024,37694.0,6.0,55.0,15.92,145.91
Maine,York,2024,221106.0,37.0,183.0,16.73,82.77
Maine,Aroostook,2024,66925.0,10.0,79.0,14.94,118.04
Maine,Franklin,2024,30875.0,7.0,64.0,22.67,207.29
Maine,Hancock,2024,57130.0,12.0,74.0,21.0,129.53
Maine,Kennebec,2024,128672.0,29.0,210.0,22.54,163.21
Maine,Knox,2024,40964.0,8.0,152.0,19.53,371.06
Maine,Lincoln,2024,36524.0,27.0,92.0,73.92,251.89
Maine,Oxford,2024,59970.0,26.0,241.0,43.36,401.87
Maine,Piscataquis,2024,17463.0,3.0,33.0,17.18,188.97
Maine,Somerset,2024,51490.0,37.0,370.0,71.86,718.59
Maine,Waldo,2024,40611.0,2.0,21.0,4.92,51.71
Maine,Washington,2024,31466.0,13.0,97.0,41.31,308.27
Maryland,Anne Arundel County Police Department,2024,601141.0,1748.0,11115.0,290.78,1848.98
Maryland,Baltimore County,2024,848438.0,0.0,0.0,0.0,0.0
Maryland,Baltimore County,2024,570053.0,0.0,0.0,0.0,0.0
Maryland,Baltimore County Police Department,2024,848438.0,3532.0,22044.0,416.29,2598.19
Maryland,Baltimore County Police Department,2024,570053.0,3532.0,22044.0,619.59,3867.01
Maryland,Calvert,2024,94621.0,124.0,489.0,131.05,516.8
Maryland,Carroll,2024,176790.0,173.0,588.0,97.86,332.6
Maryland,Cecil,2024,106567.0,110.0,340.0,103.22,319.05
Maryland,Charles,2024,174499.0,517.0,1673.0,296.28,958.74
Maryland,Frederick,2024,298855.0,184.0,1029.0,61.57,344.31
Maryland,Harford,2024,265624.0,365.0,1550.0,137.41,583.53
Maryland,Howard,2024,337795.0,0.0,0.0,0.0,0.0
Maryland,Howard County Police Department,2024,337795.0,476.0,5694.0,140.91,1685.64
Maryland,Montgomery,2024,1073045.0,0.0,0.0,0.0,0.0
Maryland,Montgomery County Police Department,2024,1073045.0,1682.0,16148.0,156.75,1504.88
Maryland,Prince George's County Police Department,2024,964596.0,2872.0,16672.0,297.74,1728.39
Maryland,Queen Anne's,2024,53681.0,42.0,274.0,78.24,510.42
Maryland,St. Mary's,2024,116216.0,257.0,1187.0,221.14,1021.37
Maryland,Washington,2024,157140.0,153.0,782.0,97.37,497.65
Maryland,Wicomico,2024,106639.0,71.0,450.0,66.58,421.98
Maryland,Allegany,2024,66984.0,17.0,79.0,25.38,117.94
Maryland,Caroline,2024,34059.0,27.0,134.0,79.27,393.43
Maryland,Dorchester,2024,33208.0,22.0,114.0,66.25,343.29
Maryland,Garrett,2024,28417.0,7.0,127.0,24.63,446.92
Maryland,Kent,2024,19517.0,0.0,32.0,0.0,163.96
Maryland,Talbot,2024,38295.0,20.0,99.0,52.23,258.52
Maryland,Worcester,2024,54381.0,32.0,166.0,58.84,305.25
Michigan,Barry,2024,64009.0,55.0,280.0,85.93,437.44
Michigan,Bay,2024,102432.0,30.0,421.0,29.29,411.0
Michigan,Benzie,2024,18492.0,45.0,51.0,243.35,275.79
Michigan,Berrien,2024,152394.0,92.0,486.0,60.37,318.91
Michigan,Calhoun,2024,133611.0,127.0,435.0,95.05,325.57
Michigan,Cass,2024,51533.0,45.0,323.0,87.32,626.78
Michigan,Clinton,2024,80189.0,35.0,136.0,43.65,169.6
Michigan,Eaton,2024,109180.0,99.0,716.0,90.68,655.8
Michigan,Genesee,2024,401288.0,93.0,264.0,23.18,65.79
Michigan,Ingham,2024,287390.0,165.0,395.0,57.41,137.44
Michigan,Ionia,2024,66309.0,41.0,207.0,61.83,312.17
Michigan,Jackson,2024,159588.0,157.0,376.0,98.38,235.61
Michigan,Kalamazoo,2024,263122.0,339.0,1950.0,128.84,741.1
Michigan,Kalkaska,2024,18640.0,59.0,181.0,316.52,971.03
Michigan,Kent,2024,670412.0,409.0,2171.0,61.01,323.83
Michigan,Lapeer,2024,89275.0,51.0,181.0,57.13,202.74
Michigan,Leelanau,2024,22849.0,19.0,43.0,83.15,188.19
Michigan,Livingston,2024,196886.0,94.0,420.0,47.74,213.32
Michigan,Macomb,2024,882497.0,229.0,837.0,25.95,94.84
Michigan,Midland,2024,83768.0,63.0,170.0,75.21,202.94
Michigan,Monroe,2024,155870.0,224.0,941.0,143.71,603.71
Michigan,Montcalm,2024,69072.0,69.0,153.0,99.9,221.51
Michigan,Muskegon,2024,177225.0,42.0,234.0,23.7,132.04
Michigan,Oakland,2024,1282549.0,27.0,60.0,2.11,4.68
Michigan,Ottawa,2024,306190.0,524.0,1714.0,171.14,559.78
Michigan,St. Clair,2024,160304.0,161.0,418.0,100.43,260.75
Michigan,Washtenaw,2024,368956.0,639.0,1057.0,173.19,286.48
Michigan,Wayne,2024,1765534.0,63.0,0.0,3.57,0.0
Michigan,Alcona,2024,10551.0,11.0,58.0,104.26,549.71
Michigan,Alger,2024,8707.0,2.0,5.0,22.97,57.43
Michigan,Allegan,2024,122567.0,84.0,594.0,68.53,484.63
Michigan,Alpena,2024,28883.0,22.0,60.0,76.17,207.73
Michigan,Arenac,2024,15059.0,36.0,70.0,239.06,464.84
Michigan,Charlevoix,2024,26123.0,33.0,37.0,126.33,141.64
Michigan,Cheboygan,2024,25892.0,20.0,21.0,77.24,81.11
Michigan,Chippewa,2024,36109.0,14.0,10.0,38.77,27.69
Michigan,Crawford,2024,13606.0,26.0,20.0,191.09,146.99
Michigan,Delta,2024,36713.0,10.0,17.0,27.24,46.31
Michigan,Emmet,2024,33947.0,26.0,67.0,76.59,197.37
Michigan,Gladwin,2024,25945.0,35.0,69.0,134.9,265.95
Michigan,Gogebic,2024,14253.0,4.0,5.0,28.06,35.08
Michigan,Gratiot,2024,41362.0,29.0,157.0,70.11,379.58
Michigan,Hillsdale,2024,45694.0,29.0,139.0,63.47,304.2
Michigan,Houghton,2024,37703.0,13.0,29.0,34.48,76.92
Michigan,Huron,2024,30741.0,13.0,48.0,42.29,156.14
Michigan,Iosco,2024,25425.0,1.0,4.0,3.93,15.73
Michigan,Isabella,2024,64873.0,39.0,177.0,60.12,272.84
Michigan,Lenawee,2024,97825.0,50.0,179.0,51.11,182.98
Michigan,Luce,2024,6368.0,9.0,37.0,141.33,581.03
Michigan,Mackinac,2024,11103.0,4.0,65.0,36.03,585.43
Michigan,Manistee,2024,25575.0,25.0,64.0,97.75,250.24
Michigan,Marquette,2024,67816.0,27.0,120.0,39.81,176.95
Michigan,Mason,2024,29063.0,33.0,113.0,113.55,388.81
Michigan,Mecosta,2024,41932.0,100.0,248.0,238.48,591.43
Michigan,Missaukee,2024,15196.0,29.0,81.0,190.84,533.04
Michigan,Montmorency,2024,9787.0,2.0,10.0,20.44,102.18
Michigan,Oceana,2024,26957.0,56.0,136.0,207.74,504.51
Michigan,Ogemaw,2024,21042.0,16.0,76.0,76.04,361.18
Michigan,Ontonagon,2024,5866.0,1.0,3.0,17.05,51.14
Michigan,Osceola,2024,23571.0,35.0,108.0,148.49,458.19
Michigan,Oscoda,2024,8629.0,18.0,35.0,208.6,405.61
Michigan,Otsego,2024,26117.0,17.0,35.0,65.09,134.01
Michigan,Presque Isle,2024,13220.0,5.0,22.0,37.82,166.41
Michigan,Roscommon,2024,23951.0,29.0,79.0,121.08,329.84
Michigan,Sanilac,2024,40238.0,53.0,58.0,131.72,144.14
Michigan,Shiawassee,2024,67828.0,36.0,161.0,53.08,237.37
Michigan,St. Joseph,2024,61023.0,78.0,212.0,127.82,347.41
Michigan,Tuscola,2024,52823.0,64.0,110.0,121.16,208.24
Michigan,Wexford,2024,34347.0,35.0,128.0,101.9,372.67
Minnesota,Anoka,2024,377855.0,58.0,462.0,15.35,122.27
Minnesota,Benton,2024,41769.0,14.0,49.0,33.52,117.31
Minnesota,Blue Earth,2024,70200.0,22.0,79.0,31.34,112.54
Minnesota,Carlton,2024,36725.0,25.0,91.0,68.07,247.79
Minnesota,Carver,2024,112595.0,60.0,330.0,53.29,293.09
Minnesota,Chisago,2024,58947.0,27.0,94.0,45.8,159.47
Minnesota,Clay,2024,67339.0,4.0,51.0,5.94,75.74
Minnesota,Dakota,2024,453755.0,15.0,12.0,3.31,2.64
Minnesota,Dodge,2024,21281.0,13.0,44.0,61.09,206.76
Minnesota,Fillmore,2024,21488.0,8.0,8.0,37.23,37.23
Minnesota,Hennepin,2024,1277084.0,46.0,16.0,3.6,1.25
Minnesota,Houston,2024,18535.0,6.0,51.0,32.37,275.16
Minnesota,Isanti,2024,43657.0,21.0,106.0,48.1,242.8
Minnesota,Le Sueur,2024,29433.0,5.0,34.0,16.99,115.52
Minnesota,Mille Lacs,2024,27680.0,47.0,148.0,169.8,534.68
Minnesota,Nicollet,2024,34239.0,4.0,6.0,11.68,17.52
Minnesota,Olmsted,2024,165777.0,25.0,150.0,15.08,90.48
Minnesota,Polk,2024,30683.0,18.0,35.0,58.66,114.07
Minnesota,Ramsey,2024,540713.0,169.0,892.0,31.26,164.97
Minnesota,Scott,2024,157454.0,8.0,35.0,5.08,22.23
Minnesota,Sherburne,2024,103156.0,26.0,147.0,25.2,142.5
Minnesota,Stearns,2024,163113.0,35.0,96.0,21.46,58.85
Minnesota,St. Louis,2024,200630.0,68.0,434.0,33.89,216.32
Minnesota,Wabasha,2024,21554.0,4.0,11.0,18.56,51.03
Minnesota,Washington,2024,282994.0,63.0,397.0,22.26,140.29
Minnesota,Wright,2024,154612.0,66.0,546.0,42.69,353.14
Minnesota,Aitkin,2024,16283.0,12.0,183.0,73.7,1123.87
Minnesota,Becker,2024,35385.0,36.0,88.0,101.74,248.69
Minnesota,Beltrami,2024,46779.0,48.0,155.0,102.61,331.35
Minnesota,Big Stone,2024,5079.0,7.0,53.0,137.82,1043.51
Minnesota,Brown,2024,25571.0,5.0,29.0,19.55,113.41
Minnesota,Cass,2024,31424.0,61.0,91.0,194.12,289.59
Minnesota,Chippewa,2024,12394.0,1.0,0.0,8.07,0.0
Minnesota,Clearwater,2024,8655.0,10.0,9.0,115.54,103.99
Minnesota,Cook,2024,5537.0,4.0,35.0,72.24,632.11
Minnesota,Cottonwood,2024,11407.0,2.0,6.0,17.53,52.6
Minnesota,Crow Wing,2024,68667.0,33.0,100.0,48.06,145.63
Minnesota,Douglas,2024,39953.0,19.0,95.0,47.56,237.78
Minnesota,Faribault,2024,13906.0,26.0,13.0,186.97,93.48
Minnesota,Freeborn,2024,30430.0,5.0,91.0,16.43,299.05
Minnesota,Goodhue,2024,48149.0,21.0,114.0,43.61,236.77
Minnesota,Grant,2024,6139.0,9.0,3.0,146.6,48.87
Minnesota,Hubbard,2024,22115.0,39.0,77.0,176.35,348.18
Minnesota,Itasca,2024,45452.0,47.0,85.0,103.41,187.01
Minnesota,Jackson,2024,9873.0,6.0,38.0,60.77,384.89
Minnesota,Kanabec,2024,16624.0,18.0,113.0,108.28,679.74
Minnesota,Kandiyohi,2024,44774.0,33.0,134.0,73.7,299.28
Minnesota,Kittson,2024,4029.0,2.0,9.0,49.64,223.38
Minnesota,Koochiching,2024,11594.0,6.0,12.0,51.75,103.5
Minnesota,Lac qui Parle,2024,6655.0,0.0,17.0,0.0,255.45
Minnesota,Lake,2024,10754.0,2.0,8.0,18.6,74.39
Minnesota,Lincoln,2024,5591.0,1.0,2.0,17.89,35.77
Minnesota,Lyon,2024,25785.0,7.0,33.0,27.15,127.98
Minnesota,Mahnomen,2024,5241.0,38.0,34.0,725.05,648.73
Minnesota,Marshall,2024,8788.0,8.0,2.0,91.03,22.76
Minnesota,Martin,2024,19564.0,4.0,17.0,20.45,86.89
Minnesota,McLeod,2024,36823.0,9.0,63.0,24.44,171.09
Minnesota,Meeker,2024,23522.0,12.0,48.0,51.02,204.06
Minnesota,Morrison,2024,34494.0,20.0,153.0,57.98,443.56
Minnesota,Mower,2024,40684.0,5.0,84.0,12.29,206.47
Minnesota,Murray,2024,8027.0,4.0,20.0,49.83,249.16
Minnesota,Nobles,2024,22242.0,12.0,12.0,53.95,53.95
Minnesota,Norman,2024,6301.0,1.0,2.0,15.87,31.74
Minnesota,Otter Tail,2024,60958.0,25.0,150.0,41.01,246.07
Minnesota,Pennington,2024,13750.0,1.0,30.0,7.27,218.18
Minnesota,Pine,2024,30398.0,74.0,316.0,243.44,1039.54
Minnesota,Pipestone,2024,9251.0,7.0,29.0,75.67,313.48
Minnesota,Pope,2024,11464.0,2.0,31.0,17.45,270.41
Minnesota,Red Lake,2024,3894.0,4.0,8.0,102.72,205.44
Minnesota,Redwood,2024,15238.0,7.0,25.0,45.94,164.06
Minnesota,Renville,2024,14417.0,8.0,34.0,55.49,235.83
Minnesota,Rice,2024,69545.0,16.0,24.0,23.01,34.51
Minnesota,Sibley,2024,15290.0,2.0,27.0,13.08,176.59
Minnesota,Steele,2024,37453.0,6.0,58.0,16.02,154.86
Minnesota,Stevens,2024,9828.0,6.0,80.0,61.05,814.0
Minnesota,Swift,2024,9721.0,1.0,1.0,10.29,10.29
Minnesota,Todd,2024,25965.0,15.0,81.0,57.77,311.96
Minnesota,Traverse,2024,3152.0,4.0,7.0,126.9,222.08
Minnesota,Wadena,2024,14355.0,4.0,3.0,27.86,20.9
Minnesota,Waseca,2024,18672.0,5.0,44.0,26.78,235.65
Minnesota,Watonwan,2024,11365.0,7.0,22.0,61.59,193.58
Minnesota,Wilkin,2024,6319.0,0.0,4.0,0.0,63.3
Minnesota,Winona,2024,50343.0,10.0,35.0,19.86,69.52
Minnesota,Yellow Medicine,2024,9477.0,19.0,12.0,200.49,126.62
Mississippi,Copiah,2024,27629.0,97.0,142.0,351.08,513.95
Mississippi,DeSoto,2024,196848.0,32.0,180.0,16.26,91.44
Mississippi,Forrest,2024,78813.0,29.0,252.0,36.8,319.74
Mississippi,Hancock,2024,46510.0,15.0,299.0,32.25,642.87
Mississippi,Harrison,2024,214594.0,49.0,490.0,22.83,228.34
Mississippi,Madison,2024,114915.0,63.0,127.0,54.82,110.52
Mississippi,Simpson,2024,25618.0,35.0,137.0,136.62,534.78
Mississippi,Stone,2024,19461.0,39.0,161.0,200.4,827.3
Mississippi,Tate,2024,28626.0,35.0,141.0,122.27,492.56
Mississippi,Tunica,2024,9111.0,51.0,383.0,559.76,4203.71
Mississippi,Alcorn,2024,34616.0,9.0,174.0,26.0,502.66
Mississippi,Attala,2024,17243.0,9.0,36.0,52.2,208.78
Mississippi,Calhoun,2024,12715.0,9.0,19.0,70.78,149.43
Mississippi,Claiborne,2024,8092.0,44.0,30.0,543.75,370.74
Mississippi,Coahoma,2024,20041.0,12.0,19.0,59.88,94.81
Mississippi,George,2024,25846.0,74.0,293.0,286.31,1133.64
Mississippi,Grenada,2024,20918.0,20.0,159.0,95.61,760.11
Mississippi,Jasper,2024,15868.0,20.0,52.0,126.04,327.7
Mississippi,Jefferson,2024,6887.0,8.0,38.0,116.16,551.76
Mississippi,Kemper,2024,8566.0,14.0,33.0,163.44,385.24
Mississippi,Lafayette,2024,60075.0,25.0,97.0,41.61,161.46
Mississippi,Leake,2024,21592.0,54.0,86.0,250.09,398.3
Mississippi,Lee,2024,83329.0,51.0,366.0,61.2,439.22
Mississippi,Lincoln,2024,35005.0,25.0,199.0,71.42,568.49
Mississippi,Lowndes,2024,57210.0,57.0,311.0,99.63,543.61
Mississippi,Marion,2024,24086.0,29.0,97.0,120.4,402.72
Mississippi,Monroe,2024,33453.0,33.0,178.0,98.65,532.09
Mississippi,Neshoba,2024,28817.0,14.0,61.0,48.58,211.68
Mississippi,Noxubee,2024,9869.0,22.0,25.0,222.92,253.32
Mississippi,Oktibbeha,2024,51756.0,46.0,211.0,88.88,407.68
Mississippi,Panola,2024,32719.0,56.0,267.0,171.15,816.04
Mississippi,Pike,2024,38999.0,68.0,276.0,174.36,707.71
Mississippi,Pontotoc,2024,31991.0,46.0,132.0,143.79,412.62
Mississippi,Prentiss,2024,25304.0,51.0,64.0,201.55,252.92
Mississippi,Smith,2024,14036.0,5.0,23.0,35.62,163.86
Mississippi,Sunflower,2024,23109.0,6.0,54.0,25.96,233.68
Mississippi,Tallahatchie,2024,10961.0,16.0,97.0,145.97,884.96
Mississippi,Tishomingo,2024,18603.0,30.0,101.0,161.26,542.92
Mississippi,Union,2024,28379.0,31.0,130.0,109.24,458.09
Mississippi,Walthall,2024,13845.0,24.0,61.0,173.35,440.59
Mississippi,Wayne,2024,19799.0,48.0,149.0,242.44,752.56
Mississippi,Webster,2024,10045.0,12.0,14.0,119.46,139.37
Mississippi,Winston,2024,17458.0,33.0,68.0,189.03,389.51
Missouri,Andrew,2024,18115.0,20.0,69.0,110.41,380.9
Missouri,Bates,2024,16448.0,25.0,70.0,151.99,425.58
Missouri,Bollinger,2024,10570.0,26.0,39.0,245.98,368.97
Missouri,Boone,2024,190897.0,82.0,405.0,42.96,212.16
Missouri,Buchanan,2024,83598.0,30.0,108.0,35.89,129.19
Missouri,Caldwell,2024,8971.0,2.0,28.0,22.29,312.12
Missouri,Callaway,2024,45239.0,50.0,137.0,110.52,302.84
Missouri,Cape Girardeau,2024,83457.0,50.0,119.0,59.91,142.59
Missouri,Christian,2024,96036.0,45.0,151.0,46.86,157.23
Missouri,Clay,2024,262674.0,76.0,151.0,28.93,57.49
Missouri,Cole,2024,77763.0,31.0,75.0,39.86,96.45
Missouri,Franklin,2024,107387.0,28.0,186.0,26.07,173.21
Missouri,Greene,2024,307174.0,174.0,633.0,56.65,206.07
Missouri,Howard,2024,10131.0,20.0,40.0,197.41,394.83
Missouri,Jackson,2024,729123.0,68.0,359.0,9.33,49.24
Missouri,Jasper,2024,126469.0,95.0,353.0,75.12,279.12
Missouri,Jefferson,2024,232134.0,454.0,1346.0,195.58,579.84
Missouri,Lafayette,2024,33432.0,39.0,58.0,116.65,173.49
Missouri,Lincoln,2024,65778.0,133.0,157.0,202.2,238.68
Missouri,Newton,2024,61608.0,95.0,491.0,154.2,796.97
Missouri,Osage,2024,13469.0,8.0,42.0,59.4,311.83
Missouri,Platte,2024,113027.0,78.0,191.0,69.01,168.99
Missouri,Polk,2024,33211.0,44.0,168.0,132.49,505.86
Missouri,Ray,2024,23265.0,70.0,77.0,300.88,330.97
Missouri,St. Charles,2024,422590.0,1.0,0.0,0.24,0.0
Missouri,St. Charles County Police Department,2024,422590.0,168.0,337.0,39.75,79.75
Missouri,St. Louis County Police Department,2024,991666.0,1904.0,6037.0,192.0,608.77
Missouri,St. Louis County Police Department,2024,280445.0,1904.0,6037.0,678.92,2152.65
Missouri,Webster,2024,42084.0,61.0,68.0,144.95,161.58
Missouri,Audrain,2024,24344.0,15.0,19.0,61.62,78.05
Missouri,Barry,2024,35730.0,73.0,247.0,204.31,691.3
Missouri,Barton,2024,11750.0,18.0,79.0,153.19,672.34
Missouri,Butler,2024,41899.0,94.0,416.0,224.35,992.86
Missouri,Camden,2024,44195.0,76.0,165.0,171.97,373.35
Missouri,Carter,2024,5363.0,23.0,17.0,428.86,316.99
Missouri,Cedar,2024,14928.0,32.0,66.0,214.36,442.12
Missouri,Chariton,2024,7390.0,15.0,25.0,202.98,338.29
Missouri,Clark,2024,6584.0,2.0,52.0,30.38,789.79
Missouri,Dade,2024,7639.0,29.0,88.0,379.63,1151.98
Missouri,Daviess,2024,8508.0,11.0,46.0,129.29,540.67
Missouri,Dent,2024,14661.0,15.0,47.0,102.31,320.58
Missouri,Dunklin,2024,27057.0,37.0,93.0,136.75,343.72
Missouri,Grundy,2024,9749.0,5.0,3.0,51.29,30.77
Missouri,Henry,2024,22565.0,105.0,161.0,465.32,713.49
Missouri,Hickory,2024,8889.0,2.0,13.0,22.5,146.25
Missouri,Howell,2024,40884.0,54.0,194.0,132.08,474.51
Missouri,Johnson,2024,55824.0,37.0,156.0,66.28,279.45
Missouri,Laclede,2024,36689.0,12.0,129.0,32.71,351.6
Missouri,Lawrence,2024,39209.0,27.0,153.0,68.86,390.22
Missouri,Lewis,2024,9853.0,1.0,12.0,10.15,121.79
Missouri,Livingston,2024,14686.0,12.0,26.0,81.71,177.04
Missouri,Maries,2024,8494.0,13.0,17.0,153.05,200.14
Missouri,McDonald,2024,23825.0,84.0,163.0,352.57,684.16
Missouri,Mississippi,2024,11948.0,4.0,33.0,33.48,276.2
Missouri,Monroe,2024,8857.0,8.0,10.0,90.32,112.91
Missouri,Montgomery,2024,11556.0,19.0,33.0,164.42,285.57
Missouri,New Madrid,2024,15281.0,37.0,151.0,242.13,988.16
Missouri,Nodaway,2024,20296.0,27.0,35.0,133.03,172.45
Missouri,Oregon,2024,8664.0,10.0,22.0,115.42,253.92
Missouri,Ozark,2024,9099.0,8.0,12.0,87.92,131.88
Missouri,Perry,2024,19113.0,28.0,23.0,146.5,120.34
Missouri,Pettis,2024,43894.0,58.0,167.0,132.14,380.46
Missouri,Phelps,2024,45206.0,30.0,120.0,66.36,265.45
Missouri,Pike,2024,18031.0,21.0,68.0,116.47,377.13
Missouri,Pulaski,2024,53892.0,110.0,161.0,204.11,298.75
Missouri,Ralls,2024,10451.0,0.0,22.0,0.0,210.51
Missouri,Randolph,2024,24379.0,38.0,23.0,155.87,94.34
Missouri,Ripley,2024,10716.0,11.0,34.0,102.65,317.28
Missouri,Saline,2024,23213.0,50.0,68.0,215.4,292.94
Missouri,Schuyler,2024,4073.0,14.0,35.0,343.73,859.32
Missouri,Shannon,2024,7284.0,8.0,15.0,109.83,205.93
Missouri,St. Clair,2024,9843.0,9.0,81.0,91.44,822.92
Missouri,Ste. Genevieve,2024,18602.0,32.0,66.0,172.02,354.8
Missouri,St. Francois,2024,67449.0,48.0,155.0,71.16,229.8
Missouri,Stoddard,2024,28384.0,40.0,93.0,140.92,327.65
Missouri,Stone,2024,32570.0,71.0,268.0,217.99,822.84
Missouri,Taney,2024,56882.0,106.0,242.0,186.35,425.44
Missouri,Texas,2024,25704.0,27.0,115.0,105.04,447.4
Missouri,Vernon,2024,19778.0,39.0,127.0,197.19,642.13
Missouri,Wayne,2024,10851.0,36.0,72.0,331.77,663.53
Missouri,Wright,2024,19532.0,10.0,25.0,51.2,128.0
Montana,Broadwater,2024,8289.0,23.0,32.0,277.48,386.05
Montana,Carbon,2024,11504.0,9.0,30.0,78.23,260.78
Montana,Cascade,2024,84668.0,107.0,171.0,126.38,201.97
Montana,Gallatin,2024,127498.0,158.0,383.0,123.92,300.4
Montana,Jefferson,2024,13231.0,46.0,115.0,347.67,869.17
Montana,Lewis and Clark,2024,75092.0,88.0,240.0,117.19,319.61
Montana,Mineral,2024,5187.0,10.0,18.0,192.79,347.02
Montana,Missoula,2024,122471.0,132.0,142.0,107.78,115.95
Montana,Stillwater,2024,9429.0,19.0,38.0,201.51,403.01
Montana,Yellowstone,2024,171548.0,223.0,579.0,129.99,337.51
Montana,Anaconda-Deer Lodge,2024,9766.0,38.0,58.0,389.11,593.9
Montana,Beaverhead,2024,9990.0,24.0,6.0,240.24,60.06
Montana,Big Horn,2024,12847.0,44.0,73.0,342.49,568.23
Montana,Blaine,2024,6876.0,4.0,8.0,58.17,116.35
Montana,Butte-Silver Bow,2024,36091.0,176.0,854.0,487.66,2366.24
Montana,Carter,2024,1422.0,0.0,0.0,0.0,0.0
Montana,Chouteau,2024,5853.0,8.0,20.0,136.68,341.71
Montana,Custer,2024,11977.0,5.0,11.0,41.75,91.84
Montana,Daniels,2024,1643.0,4.0,2.0,243.46,121.73
Montana,Dawson,2024,8739.0,6.0,10.0,68.66,114.43
Montana,Fallon,2024,2960.0,1.0,0.0,33.78,0.0
Montana,Fergus,2024,11826.0,14.0,31.0,118.38,262.13
Montana,Flathead,2024,114367.0,227.0,608.0,198.48,531.62
Montana,Garfield,2024,1175.0,1.0,1.0,85.11,85.11
Montana,Glacier,2024,13515.0,4.0,17.0,29.6,125.79
Montana,Golden Valley,2024,844.0,0.0,3.0,0.0,355.45
Montana,Granite,2024,3639.0,6.0,30.0,164.88,824.4
Montana,Hill,2024,16115.0,34.0,125.0,210.98,775.67
Montana,Judith Basin,2024,2115.0,2.0,0.0,94.56,0.0
Montana,Lake,2024,33383.0,78.0,189.0,233.65,566.16
Montana,Liberty,2024,1951.0,4.0,1.0,205.02,51.26
Montana,Lincoln,2024,22147.0,15.0,83.0,67.73,374.77
Montana,Madison,2024,9772.0,15.0,25.0,153.5,255.83
Montana,McCone,2024,1715.0,2.0,6.0,116.62,349.85
Montana,Meagher,2024,2095.0,5.0,5.0,238.66,238.66
Montana,Musselshell,2024,5452.0,16.0,21.0,293.47,385.18
Montana,Park,2024,18173.0,12.0,37.0,66.03,203.6
Montana,Petroleum,2024,538.0,4.0,2.0,743.49,371.75
Montana,Phillips,2024,4196.0,18.0,30.0,428.98,714.97
Montana,Pondera,2024,6065.0,4.0,16.0,65.95,263.81
Montana,Powder River,2024,1758.0,0.0,0.0,0.0,0.0
Montana,Powell,2024,7121.0,15.0,13.0,210.64,182.56
Montana,Prairie,2024,1108.0,1.0,1.0,90.25,90.25
Montana,Ravalli,2024,48037.0,83.0,219.0,172.78,455.9
Montana,Richland,2024,11071.0,8.0,5.0,72.26,45.16
Montana,Roosevelt,2024,10210.0,25.0,42.0,244.86,411.36
Montana,Rosebud,2024,8218.0,2.0,8.0,24.34,97.35
Montana,Sanders,2024,13892.0,21.0,29.0,151.17,208.75
Montana,Sheridan,2024,3478.0,9.0,51.0,258.77,1466.36
Montana,Sweet Grass,2024,3818.0,5.0,6.0,130.96,157.15
Montana,Teton,2024,6439.0,11.0,36.0,170.83,559.09
Montana,Toole,2024,5153.0,17.0,39.0,329.9,756.84
Montana,Treasure,2024,735.0,4.0,5.0,544.22,680.27
Montana,Valley,2024,7385.0,7.0,7.0,94.79,94.79
Montana,Wheatland,2024,2058.0,1.0,4.0,48.59,194.36
Montana,Wibaux,2024,912.0,0.0,2.0,0.0,219.3
Nebraska,Cass,2024,27501.0,14.0,75.0,50.91,272.72
Nebraska,Dakota,2024,21494.0,36.0,40.0,167.49,186.1
Nebraska,Douglas,2024,600903.0,86.0,560.0,14.31,93.19
Nebraska,Hall,2024,63891.0,8.0,73.0,12.52,114.26
Nebraska,Lancaster,2024,331341.0,9.0,165.0,2.72,49.8
Nebraska,Merrick,2024,7846.0,4.0,6.0,50.98,76.47
Nebraska,Sarpy,2024,204519.0,27.0,679.0,13.2,332.0
Nebraska,Saunders,2024,23444.0,10.0,43.0,42.65,183.42
Nebraska,Seward,2024,17890.0,9.0,11.0,50.31,61.49
Nebraska,Adams,2024,31203.0,6.0,27.0,19.23,86.53
Nebraska,Boone,2024,5390.0,4.0,3.0,74.21,55.66
Nebraska,Brown,2024,2838.0,1.0,3.0,35.24,105.71
Nebraska,Buffalo,2024,51126.0,23.0,61.0,44.99,119.31
Nebraska,Cedar,2024,8344.0,2.0,16.0,23.97,191.75
Nebraska,Cherry,2024,5574.0,2.0,0.0,35.88,0.0
Nebraska,Cheyenne,2024,9538.0,4.0,13.0,41.94,136.3
Nebraska,Colfax,2024,10914.0,2.0,3.0,18.33,27.49
Nebraska,Custer,2024,10517.0,6.0,15.0,57.05,142.63
Nebraska,Dawes,2024,8015.0,0.0,1.0,0.0,12.48
Nebraska,Dawson,2024,24527.0,12.0,10.0,48.93,40.77
Nebraska,Dixon,2024,5581.0,7.0,7.0,125.43,125.43
Nebraska,Dodge,2024,37931.0,48.0,75.0,126.55,197.73
Nebraska,Furnas,2024,4471.0,2.0,33.0,44.73,738.09
Nebraska,Gosper,2024,1827.0,0.0,0.0,0.0,0.0
Nebraska,Jefferson,2024,7150.0,4.0,27.0,55.94,377.62
Nebraska,Keith,2024,8161.0,2.0,6.0,24.51,73.52
Nebraska,Knox,2024,8374.0,3.0,30.0,35.83,358.25
Nebraska,Lincoln,2024,33285.0,3.0,15.0,9.01,45.07
Nebraska,Madison,2024,35793.0,4.0,27.0,11.18,75.43
Nebraska,Morrill,2024,4447.0,1.0,11.0,22.49,247.36
Nebraska,Nemaha,2024,7104.0,14.0,15.0,197.07,211.15
Nebraska,Otoe,2024,16472.0,4.0,19.0,24.28,115.35
Nebraska,Phelps,2024,9030.0,4.0,8.0,44.3,88.59
Nebraska,Pierce,2024,7349.0,2.0,20.0,27.21,272.15
Nebraska,Platte,2024,35657.0,18.0,54.0,50.48,151.44
Nebraska,Polk,2024,5287.0,3.0,17.0,56.74,321.54
Nebraska,Red Willow,2024,10405.0,1.0,12.0,9.61,115.33
Nebraska,Richardson,2024,7593.0,7.0,3.0,92.19,39.51
Nebraska,Saline,2024,14980.0,7.0,31.0,46.73,206.94
Nebraska,Scotts Bluff,2024,35658.0,48.0,35.0,134.61,98.15
Nebraska,Sherman,2024,2953.0,0.0,0.0,0.0,0.0
Nebraska,Stanton,2024,5783.0,0.0,2.0,0.0,34.58
Nebraska,Thayer,2024,4874.0,4.0,9.0,82.07,184.65
Nebraska,Thomas,2024,649.0,0.0,0.0,0.0,0.0
Nebraska,Thurston,2024,6609.0,1.0,18.0,15.13,272.36
Nebraska,Wayne,2024,9900.0,1.0,8.0,10.1,80.81
Nebraska,Webster,2024,3325.0,5.0,1.0,150.38,30.08
Nebraska,York,2024,14436.0,6.0,10.0,41.56,69.27
Nevada,Carson City,2024,58300.0,186.0,474.0,319.04,813.04
Nevada,Lyon,2024,63776.0,206.0,326.0,323.01,511.16
Nevada,Washoe,2024,505384.0,405.0,690.0,80.14,136.53
Nevada,Churchill,2024,25955.0,33.0,93.0,127.14,358.31
Nevada,Douglas,2024,49591.0,70.0,367.0,141.15,740.05
Nevada,Elko,2024,54686.0,57.0,118.0,104.23,215.78
Nevada,Eureka,2024,1917.0,18.0,27.0,938.97,1408.45
Nevada,Humboldt,2024,17178.0,23.0,74.0,133.89,430.78
Nevada,Lander,2024,5775.0,15.0,40.0,259.74,692.64
Nevada,Mineral,2024,4481.0,7.0,49.0,156.22,1093.51
Nevada,Nye,2024,56361.0,148.0,606.0,262.59,1075.21
Nevada,White Pine,2024,8632.0,27.0,38.0,312.79,440.22
New Hampshire,Hillsborough,2024,430442.0,0.0,1.0,0.0,0.23
New Hampshire,Rockingham,2024,322001.0,16.0,8.0,4.97,2.48
New Hampshire,Strafford,2024,134331.0,4.0,0.0,2.98,0.0
New Hampshire,Belknap,2024,65169.0,2.0,8.0,3.07,12.28
New Hampshire,Carroll,2024,52566.0,1.0,33.0,1.9,62.78
New Hampshire,Cheshire,2024,78168.0,1.0,6.0,1.28,7.68
New Hampshire,Grafton,2024,92993.0,0.0,0.0,0.0,0.0
New Hampshire,Merrimack,2024,157547.0,2.0,1.0,1.27,0.63
New Hampshire,Sullivan,2024,43924.0,0.0,4.0,0.0,9.11
New Jersey,Atlantic,2024,278467.0,0.0,0.0,0.0,0.0
New Jersey,Bergen,2024,973477.0,0.0,0.0,0.0,0.0
New Jersey,Burlington,2024,477522.0,0.0,0.0,0.0,0.0
New Jersey,Camden,2024,533595.0,9.0,24.0,1.69,4.5
New Jersey,Cape May,2024,94094.0,0.0,0.0,0.0,0.0
New Jersey,Cumberland,2024,156407.0,0.0,0.0,0.0,0.0
New Jersey,Essex,2024,891241.0,54.0,96.0,6.06,10.77
New Jersey,Gloucester,2024,311263.0,0.0,4.0,0.0,1.29
New Jersey,Hudson,2024,731028.0,0.0,0.0,0.0,0.0
New Jersey,Hunterdon,2024,131097.0,0.0,0.0,0.0,0.0
New Jersey,Mercer,2024,397329.0,3.0,3.0,0.76,0.76
New Jersey,Middlesex,2024,881620.0,0.0,0.0,0.0,0.0
New Jersey,Monmouth,2024,648673.0,1.0,2.0,0.15,0.31
New Jersey,Ocean,2024,668395.0,3.0,5.0,0.45,0.75
New Jersey,Passaic,2024,531117.0,1.0,15.0,0.19,2.82
New Jersey,Salem,2024,65940.0,0.0,0.0,0.0,0.0
New Jersey,Somerset,2024,355122.0,0.0,0.0,0.0,0.0
New Jersey,Sussex,2024,147445.0,0.0,0.0,0.0,0.0
New Jersey,Union,2024,598743.0,0.0,0.0,0.0,0.0
New Jersey,Warren,2024,112424.0,0.0,0.0,0.0,0.0
New Mexico,Bernalillo,2024,670181.0,675.0,1954.0,100.72,291.56
New Mexico,Dona Ana,2024,228104.0,338.0,1106.0,148.18,484.87
New Mexico,Sandoval,2024,157611.0,81.0,142.0,51.39,90.1
New Mexico,San Juan,2024,120525.0,271.0,457.0,224.85,379.17
New Mexico,Santa Fe,2024,157320.0,110.0,414.0,69.92,263.16
New Mexico,Torrance,2024,15942.0,24.0,151.0,150.55,947.18
New Mexico,Valencia,2024,80894.0,232.0,516.0,286.8,637.87
New Mexico,Catron,2024,3823.0,5.0,15.0,130.79,392.36
New Mexico,Chaves,2024,63746.0,75.0,134.0,117.65,210.21
New Mexico,Cibola,2024,26755.0,5.0,19.0,18.69,71.01
New Mexico,Curry,2024,47377.0,20.0,91.0,42.21,192.08
New Mexico,De Baca,2024,1650.0,12.0,19.0,727.27,1151.52
New Mexico,Guadalupe,2024,4362.0,0.0,8.0,0.0,183.4
New Mexico,Hidalgo,2024,3951.0,5.0,7.0,126.55,177.17
New Mexico,Lea,2024,74446.0,103.0,653.0,138.36,877.15
New Mexico,McKinley,2024,68631.0,84.0,155.0,122.39,225.85
New Mexico,Mora,2024,4092.0,10.0,11.0,244.38,268.82
New Mexico,San Miguel,2024,26434.0,0.0,0.0,0.0,0.0
New Mexico,Socorro,2024,15930.0,24.0,46.0,150.66,288.76
New York,Albany,2024,319702.0,8.0,50.0,2.5,15.64
New York,Broome,2024,195893.0,43.0,525.0,21.95,268.0
New York,Chemung,2024,80837.0,16.0,126.0,19.79,155.87
New York,Dutchess,2024,299256.0,24.0,326.0,8.02,108.94
New York,Erie,2024,947783.0,45.0,560.0,4.75,59.09
New York,Herkimer,2024,59368.0,0.0,11.0,0.0,18.53
New York,Jefferson,2024,112795.0,17.0,131.0,15.07,116.14
New York,Livingston,2024,61364.0,17.0,192.0,27.7,312.89
New York,Madison,2024,67193.0,18.0,79.0,26.79,117.57
New York,Monroe,2024,750294.0,157.0,2491.0,20.93,332.0
New York,Nassau,2024,1397783.0,1744.0,11887.0,124.77,850.42
New York,Niagara,2024,209380.0,34.0,505.0,16.24,241.19
New York,Oneida,2024,227292.0,39.0,191.0,17.16,84.03
New York,Onondaga,2024,468173.0,209.0,1188.0,44.64,253.75
New York,Ontario,2024,112733.0,67.0,504.0,59.43,447.07
New York,Orange,2024,415088.0,3.0,14.0,0.72,3.37
New York,Oswego,2024,118182.0,27.0,246.0,22.85,208.15
New York,Putnam,2024,98842.0,23.0,225.0,23.27,227.64
New York,Rensselaer,2024,160014.0,18.0,146.0,11.25,91.24
New York,Saratoga,2024,239834.0,76.0,995.0,31.69,414.87
New York,Schenectady,2024,161747.0,5.0,18.0,3.09,11.13
New York,Schoharie,2024,30235.0,3.0,31.0,9.92,102.53
New York,Suffolk,2024,1543330.0,45.0,0.0,2.92,0.0
New York,Tioga,2024,47545.0,18.0,257.0,37.86,540.54
New York,Tompkins,2024,104394.0,21.0,269.0,20.12,257.68
New York,Ulster,2024,183095.0,20.0,111.0,10.92,60.62
New York,Warren,2024,65261.0,22.0,503.0,33.71,770.75
New York,Wayne,2024,90988.0,38.0,256.0,41.76,281.36
New York,Westchester Public Safety,2024,1009165.0,11.0,122.0,1.09,12.09
New York,Cattaraugus,2024,75448.0,31.0,146.0,41.09,193.51
New York,Cayuga,2024,74642.0,13.0,87.0,17.42,116.56
New York,Chautauqua,2024,124697.0,26.0,232.0,20.85,186.05
New York,Cortland,2024,46062.0,27.0,187.0,58.62,405.97
New York,Delaware,2024,44481.0,12.0,52.0,26.98,116.9
New York,Essex,2024,36539.0,0.0,2.0,0.0,5.47
New York,Fulton,2024,52184.0,23.0,193.0,44.07,369.85
New York,Genesee,2024,58428.0,29.0,173.0,49.63,296.09
New York,Greene,2024,47311.0,17.0,23.0,35.93,48.61
New York,Hamilton,2024,5083.0,1.0,5.0,19.67,98.37
New York,Lewis,2024,26512.0,9.0,49.0,33.95,184.82
New York,Montgomery,2024,49580.0,14.0,231.0,28.24,465.91
New York,Otsego,2024,60634.0,8.0,26.0,13.19,42.88
New York,Schuyler,2024,17141.0,7.0,36.0,40.84,210.02
New York,Seneca,2024,32671.0,5.0,63.0,15.3,192.83
New York,Steuben,2024,91939.0,21.0,101.0,22.84,109.86
New York,St. Lawrence,2024,106168.0,7.0,27.0,6.59,25.43
New York,Sullivan,2024,80901.0,21.0,280.0,25.96,346.1
New York,Wyoming,2024,39817.0,6.0,83.0,15.07,208.45
New York,Yates,2024,24434.0,8.0,70.0,32.74,286.49
North Carolina,Alamance,2024,183361.0,152.0,476.0,82.9,259.6
North Carolina,Alexander,2024,36749.0,80.0,283.0,217.69,770.09
North Carolina,Anson,2024,21524.0,28.0,134.0,130.09,622.56
North Carolina,Brunswick,2024,166889.0,195.0,877.0,116.84,525.5
North Carolina,Buncombe,2024,279227.0,176.0,1216.0,63.03,435.49
North Carolina,Burke,2024,88569.0,94.0,715.0,106.13,807.28
North Carolina,Cabarrus,2024,245673.0,55.0,481.0,22.39,195.79
North Carolina,Caldwell,2024,80854.0,64.0,635.0,79.16,785.37
North Carolina,Camden,2024,11249.0,25.0,70.0,222.24,622.28
North Carolina,Chatham,2024,83832.0,70.0,501.0,83.5,597.62
North Carolina,Currituck,2024,32436.0,69.0,235.0,212.73,724.5
North Carolina,Davie,2024,45485.0,139.0,517.0,305.6,1136.64
North Carolina,Durham,2024,342314.0,91.0,494.0,26.58,144.31
North Carolina,Edgecombe,2024,49066.0,76.0,240.0,154.89,489.14
North Carolina,Forsyth,2024,397836.0,298.0,1205.0,74.91,302.89
North Carolina,Gaston,2024,243020.0,7.0,2.0,2.88,0.82
North Carolina,Gaston County Police Department,2024,243020.0,170.0,673.0,69.95,276.93
North Carolina,Gates,2024,10288.0,19.0,99.0,184.68,962.29
North Carolina,Guilford,2024,557059.0,295.0,803.0,52.96,144.15
North Carolina,Henderson,2024,121286.0,89.0,715.0,73.38,589.52
North Carolina,Hoke,2024,55659.0,292.0,853.0,524.62,1532.55
North Carolina,Iredell,2024,206119.0,185.0,587.0,89.75,284.79
North Carolina,Johnston,2024,249522.0,168.0,1292.0,67.33,517.79
North Carolina,Lincoln,2024,97519.0,78.0,634.0,79.98,650.13
North Carolina,Madison,2024,22466.0,9.0,61.0,40.06,271.52
North Carolina,Moore,2024,108383.0,70.0,382.0,64.59,352.45
North Carolina,New Hanover,2024,243335.0,146.0,1239.0,60.0,509.17
North Carolina,Onslow,2024,214672.0,300.0,1287.0,139.75,599.52
North Carolina,Orange,2024,151745.0,95.0,392.0,62.61,258.33
North Carolina,Pender,2024,70150.0,83.0,380.0,118.32,541.7
North Carolina,Person,2024,40266.0,58.0,236.0,144.04,586.1
North Carolina,Pitt,2024,180882.0,193.0,580.0,106.7,320.65
North Carolina,Rockingham,2024,93670.0,65.0,364.0,69.39,388.6
North Carolina,Rowan,2024,153713.0,171.0,601.0,111.25,390.99
North Carolina,Union,2024,263704.0,202.0,1240.0,76.6,470.22
North Carolina,Wake,2024,1229475.0,277.0,1034.0,22.53,84.1
North Carolina,Wayne,2024,121168.0,280.0,1108.0,231.08,914.43
North Carolina,Yadkin,2024,38223.0,34.0,259.0,88.95,677.6
North Carolina,Ashe,2024,27378.0,27.0,106.0,98.62,387.17
North Carolina,Avery,2024,18103.0,23.0,171.0,127.05,944.59
North Carolina,Bertie,2024,17184.0,43.0,109.0,250.23,634.31
North Carolina,Bladen,2024,29967.0,41.0,301.0,136.82,1004.44
North Carolina,Carteret,2024,70215.0,58.0,343.0,82.6,488.5
North Carolina,Caswell,2024,22461.0,20.0,51.0,89.04,227.06
North Carolina,Cherokee,2024,30415.0,65.0,295.0,213.71,969.92
North Carolina,Chowan,2024,14025.0,31.0,53.0,221.03,377.9
North Carolina,Clay,2024,11966.0,14.0,149.0,117.0,1245.19
North Carolina,Cleveland,2024,102506.0,146.0,488.0,142.43,476.07
North Carolina,Craven,2024,104173.0,90.0,378.0,86.39,362.86
North Carolina,Dare,2024,38228.0,41.0,166.0,107.25,434.24
North Carolina,Granville,2024,61628.0,68.0,273.0,110.34,442.98
North Carolina,Halifax,2024,46993.0,136.0,379.0,289.4,806.5
North Carolina,Harnett,2024,146456.0,288.0,1383.0,196.65,944.31
North Carolina,Haywood,2024,63233.0,70.0,390.0,110.7,616.77
North Carolina,Hertford,2024,19099.0,13.0,67.0,68.07,350.8
North Carolina,Jackson,2024,44986.0,104.0,475.0,231.18,1055.88
North Carolina,Lee,2024,68819.0,29.0,200.0,42.14,290.62
North Carolina,Martin,2024,21562.0,31.0,161.0,143.77,746.68
North Carolina,McDowell,2024,45298.0,53.0,587.0,117.0,1295.86
North Carolina,Montgomery,2024,26348.0,55.0,153.0,208.74,580.69
North Carolina,Northampton,2024,16526.0,73.0,350.0,441.73,2117.87
North Carolina,Pamlico,2024,12688.0,22.0,124.0,173.39,977.3
North Carolina,Pasquotank,2024,41620.0,77.0,151.0,185.01,362.81
North Carolina,Perquimans,2024,13474.0,27.0,109.0,200.39,808.97
North Carolina,Polk,2024,20388.0,39.0,121.0,191.29,593.49
North Carolina,Richmond,2024,42137.0,136.0,860.0,322.76,2040.96
North Carolina,Robeson,2024,119400.0,900.0,1885.0,753.77,1578.73
North Carolina,Rutherford,2024,65579.0,80.0,428.0,121.99,652.65
North Carolina,Sampson,2024,61077.0,105.0,690.0,171.91,1129.72
North Carolina,Scotland,2024,33610.0,84.0,263.0,249.93,782.51
North Carolina,Surry,2024,72066.0,78.0,431.0,108.23,598.06
North Carolina,Swain,2024,14047.0,24.0,103.0,170.85,733.25
North Carolina,Transylvania,2024,34209.0,26.0,140.0,76.0,409.25
North Carolina,Tyrrell,2024,3498.0,9.0,34.0,257.29,971.98
North Carolina,Warren,2024,19055.0,61.0,199.0,320.13,1044.35
North Carolina,Watauga,2024,54921.0,19.0,134.0,34.6,243.99
North Carolina,Wilkes,2024,66252.0,121.0,429.0,182.64,647.53
North Carolina,Wilson,2024,80885.0,49.0,274.0,60.58,338.75
North Carolina,Yancey,2024,19062.0,6.0,55.0,31.48,288.53
North Dakota,Burleigh,2024,102447.0,14.0,70.0,13.67,68.33
North Dakota,Cass,2024,199271.0,12.0,153.0,6.02,76.78
North Dakota,Grand Forks,2024,73633.0,12.0,56.0,16.3,76.05
North Dakota,McHenry,2024,5153.0,3.0,27.0,58.22,523.97
North Dakota,Morton,2024,34261.0,5.0,74.0,14.59,215.99
North Dakota,Ward,2024,68186.0,34.0,49.0,49.86,71.86
North Dakota,Barnes,2024,10673.0,0.0,5.0,0.0,46.85
North Dakota,Benson,2024,5731.0,4.0,6.0,69.8,104.69
North Dakota,Billings,2024,1052.0,0.0,2.0,0.0,190.11
North Dakota,Bottineau,2024,6342.0,2.0,45.0,31.54,709.56
North Dakota,Cavalier,2024,3546.0,2.0,15.0,56.4,423.01
North Dakota,Dunn,2024,3973.0,1.0,16.0,25.17,402.72
North Dakota,Emmons,2024,3217.0,0.0,20.0,0.0,621.7
North Dakota,McIntosh,2024,2467.0,0.0,5.0,0.0,202.68
North Dakota,McKenzie,2024,14798.0,12.0,80.0,81.09,540.61
North Dakota,McLean,2024,9803.0,9.0,49.0,91.81,499.85
North Dakota,Mercer,2024,8346.0,2.0,14.0,23.96,167.75
North Dakota,Mountrail,2024,9475.0,2.0,54.0,21.11,569.92
North Dakota,Nelson,2024,2947.0,4.0,5.0,135.73,169.66
North Dakota,Pembina,2024,6583.0,5.0,20.0,75.95,303.81
North Dakota,Ransom,2024,5636.0,2.0,19.0,35.49,337.12
North Dakota,Richland,2024,16688.0,2.0,28.0,11.98,167.79
North Dakota,Rolette,2024,11664.0,7.0,12.0,60.01,102.88
North Dakota,Sargent,2024,3724.0,5.0,9.0,134.26,241.68
North Dakota,Sheridan,2024,1274.0,0.0,9.0,0.0,706.44
North Dakota,Stark,2024,33694.0,13.0,67.0,38.58,198.85
North Dakota,Stutsman,2024,21445.0,5.0,30.0,23.32,139.89
North Dakota,Towner,2024,2037.0,0.0,5.0,0.0,245.46
North Dakota,Traill,2024,7967.0,3.0,45.0,37.66,564.83
North Dakota,Walsh,2024,10202.0,10.0,37.0,98.02,362.67
North Dakota,Williams,2024,40755.0,16.0,122.0,39.26,299.35
Ohio,Allen,2024,100952.0,79.0,439.0,78.26,434.86
Ohio,Ashtabula,2024,96748.0,79.0,238.0,81.66,246.0
Ohio,Belmont,2024,64764.0,99.0,90.0,152.86,138.97
Ohio,Butler,2024,397781.0,54.0,684.0,13.58,171.95
Ohio,Clermont,2024,214314.0,35.0,318.0,16.33,148.38
Ohio,Cuyahoga,2024,1233614.0,33.0,42.0,2.68,3.4
Ohio,Delaware,2024,236863.0,85.0,839.0,35.89,354.21
Ohio,Erie,2024,73645.0,8.0,67.0,10.86,90.98
Ohio,Fairfield,2024,167706.0,59.0,605.0,35.18,360.75
Ohio,Franklin,2024,1352656.0,101.0,708.0,7.47,52.34
Ohio,Geauga,2024,95300.0,7.0,96.0,7.35,100.73
Ohio,Greene,2024,172148.0,24.0,282.0,13.94,163.81
Ohio,Hamilton,2024,837859.0,197.0,1687.0,23.51,201.35
Ohio,Hocking,2024,27460.0,36.0,141.0,131.1,513.47
Ohio,Jefferson,2024,63868.0,58.0,80.0,90.81,125.26
Ohio,Licking,2024,184340.0,96.0,464.0,52.08,251.71
Ohio,Lucas,2024,424255.0,40.0,501.0,9.43,118.09
Ohio,Madison,2024,45788.0,29.0,162.0,63.34,353.8
Ohio,Mahoning,2024,224777.0,12.0,70.0,5.34,31.14
Ohio,Medina,2024,184275.0,22.0,185.0,11.94,100.39
Ohio,Miami,2024,111872.0,51.0,212.0,45.59,189.5
Ohio,Montgomery,2024,536930.0,260.0,1087.0,48.42,202.45
Ohio,Morrow,2024,36008.0,49.0,57.0,136.08,158.3
Ohio,Perry,2024,35705.0,15.0,72.0,42.01,201.65
Ohio,Pickaway,2024,62207.0,30.0,367.0,48.23,589.97
Ohio,Portage,2024,163207.0,49.0,526.0,30.02,322.29
Ohio,Richland,2024,124957.0,209.0,371.0,167.26,296.9
Ohio,Stark,2024,373240.0,214.0,1216.0,57.34,325.8
Ohio,Summit,2024,536945.0,112.0,697.0,20.86,129.81
Ohio,Trumbull,2024,199814.0,30.0,204.0,15.01,102.09
Ohio,Union,2024,71983.0,56.0,152.0,77.8,211.16
Ohio,Warren,2024,255039.0,62.0,840.0,24.31,329.36
Ohio,Wood,2024,133072.0,23.0,197.0,17.28,148.04
Ohio,Adams,2024,27642.0,12.0,33.0,43.41,119.38
Ohio,Ashland,2024,52435.0,32.0,42.0,61.03,80.1
Ohio,Athens,2024,63080.0,26.0,161.0,41.22,255.23
Ohio,Champaign,2024,38717.0,21.0,129.0,54.24,333.19
Ohio,Clinton,2024,42046.0,5.0,35.0,11.89,83.24
Ohio,Columbiana,2024,99676.0,39.0,91.0,39.13,91.3
Ohio,Coshocton,2024,36999.0,33.0,312.0,89.19,843.27
Ohio,Crawford,2024,41540.0,12.0,34.0,28.89,81.85
Ohio,Darke,2024,51445.0,8.0,126.0,15.55,244.92
Ohio,Defiance,2024,38333.0,9.0,93.0,23.48,242.61
Ohio,Fayette,2024,28709.0,25.0,148.0,87.08,515.52
Ohio,Gallia,2024,28956.0,37.0,72.0,127.78,248.65
Ohio,Hancock,2024,74761.0,32.0,156.0,42.8,208.66
Ohio,Hardin,2024,30254.0,13.0,17.0,42.97,56.19
Ohio,Harrison,2024,14099.0,6.0,52.0,42.56,368.82
Ohio,Henry,2024,27505.0,17.0,78.0,61.81,283.58
Ohio,Highland,2024,43704.0,26.0,155.0,59.49,354.66
Ohio,Holmes,2024,44743.0,0.0,118.0,0.0,263.73
Ohio,Jackson,2024,32741.0,21.0,106.0,64.14,323.75
Ohio,Logan,2024,46072.0,14.0,81.0,30.39,175.81
Ohio,Meigs,2024,21562.0,18.0,89.0,83.48,412.76
Ohio,Mercer,2024,42520.0,8.0,18.0,18.81,42.33
Ohio,Monroe,2024,13067.0,6.0,9.0,45.92,68.88
Ohio,Morgan,2024,13605.0,14.0,61.0,102.9,448.36
Ohio,Muskingum,2024,86321.0,152.0,503.0,176.09,582.71
Ohio,Paulding,2024,18757.0,18.0,54.0,95.96,287.89
Ohio,Pike,2024,27076.0,30.0,257.0,110.8,949.18
Ohio,Preble,2024,40718.0,14.0,92.0,34.38,225.94
Ohio,Ross,2024,75998.0,62.0,656.0,81.58,863.18
Ohio,Scioto,2024,71824.0,89.0,394.0,123.91,548.56
Ohio,Seneca,2024,54694.0,14.0,124.0,25.6,226.72
Ohio,Shelby,2024,47952.0,12.0,84.0,25.03,175.18
Ohio,Tuscarawas,2024,92232.0,33.0,250.0,35.78,271.06
Ohio,Van Wert,2024,28866.0,21.0,95.0,72.75,329.11
Ohio,Vinton,2024,12557.0,7.0,44.0,55.75,350.4
Ohio,Washington,2024,58599.0,28.0,124.0,47.78,211.61
Ohio,Wayne,2024,116575.0,46.0,373.0,39.46,319.97
Ohio,Williams,2024,36621.0,8.0,91.0,21.85,248.49
Ohio,Wyandot,2024,21559.0,1.0,3.0,4.64,13.92
Oklahoma,Canadian,2024,181644.0,14.0,128.0,7.71,70.47
Oklahoma,Cleveland,2024,303401.0,46.0,174.0,15.16,57.35
Oklahoma,Comanche,2024,121642.0,1.0,35.0,0.82,28.77
Oklahoma,Cotton,2024,5498.0,9.0,33.0,163.7,600.22
Oklahoma,Creek,2024,73929.0,19.0,246.0,25.7,332.75
Oklahoma,Garfield,2024,62044.0,11.0,94.0,17.73,151.51
Oklahoma,Grady,2024,58298.0,40.0,170.0,68.61,291.61
Oklahoma,Lincoln,2024,35000.0,69.0,198.0,197.14,565.71
Oklahoma,Logan,2024,53997.0,37.0,217.0,68.52,401.87
Oklahoma,McClain,2024,48530.0,29.0,161.0,59.76,331.75
Oklahoma,Oklahoma,2024,818198.0,30.0,114.0,3.67,13.93
Oklahoma,Okmulgee,2024,37163.0,26.0,179.0,69.96,481.66
Oklahoma,Osage,2024,46791.0,30.0,244.0,64.11,521.47
Oklahoma,Pawnee,2024,16036.0,7.0,82.0,43.65,511.35
Oklahoma,Rogers,2024,101170.0,39.0,249.0,38.55,246.12
Oklahoma,Sequoyah,2024,40397.0,56.0,161.0,138.62,398.54
Oklahoma,Tulsa,2024,694682.0,185.0,545.0,26.63,78.45
Oklahoma,Wagoner,2024,91309.0,80.0,238.0,87.61,260.65
Oklahoma,Adair,2024,19704.0,24.0,102.0,121.8,517.66
Oklahoma,Alfalfa,2024,5721.0,2.0,52.0,34.96,908.93
Oklahoma,Atoka,2024,14527.0,14.0,59.0,96.37,406.14
Oklahoma,Beaver,2024,4915.0,6.0,15.0,122.08,305.19
Oklahoma,Beckham,2024,22186.0,8.0,38.0,36.06,171.28
Oklahoma,Blaine,2024,8522.0,11.0,46.0,129.08,539.78
Oklahoma,Bryan,2024,50440.0,45.0,214.0,89.21,424.27
Oklahoma,Caddo,2024,26279.0,28.0,155.0,106.55,589.82
Oklahoma,Carter,2024,49168.0,13.0,173.0,26.44,351.85
Oklahoma,Cherokee,2024,48765.0,57.0,264.0,116.89,541.37
Oklahoma,Choctaw,2024,14226.0,18.0,59.0,126.53,414.73
Oklahoma,Cimarron,2024,2121.0,0.0,3.0,0.0,141.44
Oklahoma,Coal,2024,5457.0,8.0,44.0,146.6,806.3
Oklahoma,Craig,2024,14474.0,22.0,115.0,152.0,794.53
Oklahoma,Custer,2024,28201.0,6.0,59.0,21.28,209.21
Oklahoma,Delaware,2024,41649.0,99.0,312.0,237.7,749.12
Oklahoma,Dewey,2024,4271.0,1.0,30.0,23.41,702.41
Oklahoma,Ellis,2024,3621.0,10.0,34.0,276.17,938.97
Oklahoma,Garvin,2024,26299.0,39.0,165.0,148.29,627.4
Oklahoma,Grant,2024,4132.0,2.0,38.0,48.4,919.65
Oklahoma,Greer,2024,5440.0,8.0,13.0,147.06,238.97
Oklahoma,Harmon,2024,2335.0,2.0,2.0,85.65,85.65
Oklahoma,Harper,2024,3196.0,2.0,7.0,62.58,219.02
Oklahoma,Haskell,2024,11822.0,9.0,43.0,76.13,363.73
Oklahoma,Hughes,2024,13446.0,12.0,96.0,89.25,713.97
Oklahoma,Jackson,2024,24627.0,6.0,16.0,24.36,64.97
Oklahoma,Jefferson,2024,5422.0,3.0,13.0,55.33,239.76
Oklahoma,Johnston,2024,10325.0,23.0,30.0,222.76,290.56
Oklahoma,Kay,2024,43637.0,24.0,70.0,55.0,160.41
Oklahoma,Kingfisher,2024,15677.0,6.0,49.0,38.27,312.56
Oklahoma,Kiowa,2024,8259.0,2.0,12.0,24.22,145.3
Oklahoma,Latimer,2024,9589.0,7.0,41.0,73.0,427.57
Oklahoma,Le Flore,2024,49647.0,44.0,128.0,88.63,257.82
Oklahoma,Love,2024,10599.0,9.0,90.0,84.91,849.14
Oklahoma,Major,2024,7558.0,15.0,41.0,198.47,542.47
Oklahoma,Marshall,2024,16150.0,11.0,159.0,68.11,984.52
Oklahoma,Mayes,2024,40134.0,51.0,198.0,127.07,493.35
Oklahoma,McCurtain,2024,30778.0,46.0,298.0,149.46,968.22
Oklahoma,McIntosh,2024,19726.0,38.0,197.0,192.64,998.68
Oklahoma,Murray,2024,13857.0,9.0,35.0,64.95,252.58
Oklahoma,Muskogee,2024,66780.0,81.0,180.0,121.29,269.54
Oklahoma,Noble,2024,10908.0,13.0,41.0,119.18,375.87
Oklahoma,Nowata,2024,9526.0,10.0,70.0,104.98,734.83
Oklahoma,Okfuskee,2024,11352.0,11.0,62.0,96.9,546.16
Oklahoma,Ottawa,2024,30429.0,29.0,203.0,95.3,667.13
Oklahoma,Payne,2024,83696.0,27.0,165.0,32.26,197.14
Oklahoma,Pittsburg,2024,43471.0,49.0,261.0,112.72,600.4
Oklahoma,Pontotoc,2024,38343.0,0.0,51.0,0.0,133.01
Oklahoma,Pottawatomie,2024,74475.0,95.0,354.0,127.56,475.33
Oklahoma,Pushmataha,2024,10860.0,10.0,50.0,92.08,460.41
Oklahoma,Roger Mills,2024,3287.0,3.0,17.0,91.27,517.19
Oklahoma,Seminole,2024,23354.0,23.0,198.0,98.48,847.82
Oklahoma,Stephens,2024,44225.0,20.0,118.0,45.22,266.82
Oklahoma,Texas,2024,20443.0,4.0,45.0,19.57,220.12
Oklahoma,Tillman,2024,6798.0,5.0,17.0,73.55,250.07
Oklahoma,Washington,2024,53893.0,15.0,88.0,27.83,163.29
Oklahoma,Washita,2024,10820.0,3.0,44.0,27.73,406.65
Oklahoma,Woods,2024,8565.0,8.0,40.0,93.4,467.02
Oklahoma,Woodward,2024,19902.0,5.0,21.0,25.12,105.52
Oregon,Benton,2024,97590.0,25.0,137.0,25.62,140.38
Oregon,Clackamas,2024,425245.0,536.0,4127.0,126.04,970.5
Oregon,Columbia,2024,53965.0,50.0,78.0,92.65,144.54
Oregon,Crook,2024,27320.0,18.0,3.0,65.89,10.98
Oregon,Deschutes,2024,211202.0,61.0,468.0,28.88,221.59
Oregon,Jackson,2024,221347.0,215.0,835.0,97.13,377.24
Oregon,Jefferson,2024,25685.0,7.0,66.0,27.25,256.96
Oregon,Josephine,2024,88143.0,94.0,205.0,106.64,232.58
Oregon,Lane,2024,382081.0,247.0,1032.0,64.65,270.1
Oregon,Linn,2024,132584.0,99.0,652.0,74.67,491.76
Oregon,Marion,2024,353218.0,140.0,1654.0,39.64,468.27
Oregon,Multnomah,2024,794472.0,285.0,1338.0,35.87,168.41
Oregon,Polk,2024,90205.0,43.0,204.0,47.67,226.15
Oregon,Washington,2024,608613.0,465.0,2404.0,76.4,395.0
Oregon,Yamhill,2024,110065.0,62.0,295.0,56.33,268.02
Oregon,Baker,2024,16757.0,20.0,144.0,119.35,859.34
Oregon,Clatsop,2024,41206.0,36.0,166.0,87.37,402.85
Oregon,Douglas,2024,112351.0,100.0,557.0,89.01,495.77
Oregon,Gilliam,2024,1984.0,4.0,41.0,201.61,2066.53
Oregon,Hood River,2024,23733.0,14.0,144.0,58.99,606.75
Oregon,Klamath,2024,70371.0,195.0,471.0,277.1,669.31
Oregon,Lincoln,2024,50753.0,31.0,169.0,61.08,332.99
Oregon,Morrow,2024,12454.0,12.0,104.0,96.35,835.07
Oregon,Sherman,2024,2015.0,3.0,31.0,148.88,1538.46
Oregon,Tillamook,2024,27422.0,24.0,169.0,87.52,616.29
Oregon,Umatilla,2024,80958.0,41.0,307.0,50.64,379.21
Oregon,Union,2024,25945.0,12.0,181.0,46.25,697.63
Oregon,Wasco,2024,26461.0,17.0,93.0,64.25,351.46
Pennsylvania,Allegheny,2024,1227174.0,5.0,1.0,0.41,0.08
Pennsylvania,Allegheny County Police Department,2024,1227174.0,449.0,150.0,36.59,12.22
Pennsylvania,Beaver,2024,165769.0,0.0,0.0,0.0,0.0
Pennsylvania,Berks,2024,438379.0,4.0,0.0,0.91,0.0
Pennsylvania,Bucks,2024,648416.0,0.0,0.0,0.0,0.0
Pennsylvania,Butler,2024,199300.0,0.0,0.0,0.0,0.0
Pennsylvania,Carbon,2024,65709.0,0.0,0.0,0.0,0.0
Pennsylvania,Centre,2024,158505.0,0.0,0.0,0.0,0.0
Pennsylvania,Chester,2024,554530.0,0.0,0.0,0.0,0.0
Pennsylvania,Cumberland,2024,274656.0,0.0,0.0,0.0,0.0
Pennsylvania,Erie,2024,266435.0,0.0,0.0,0.0,0.0
Pennsylvania,Franklin,2024,159476.0,0.0,0.0,0.0,0.0
Pennsylvania,Lancaster,2024,562062.0,1.0,0.0,0.18,0.0
Pennsylvania,Lawrence,2024,84087.0,0.0,0.0,0.0,0.0
Pennsylvania,Lehigh,2024,382939.0,0.0,0.0,0.0,0.0
Pennsylvania,Lycoming,2024,112918.0,0.0,0.0,0.0,0.0
Pennsylvania,Montgomery,2024,875160.0,0.0,0.0,0.0,0.0
Pennsylvania,Northampton,2024,323085.0,1.0,0.0,0.31,0.0
Pennsylvania,Washington,2024,210635.0,0.0,1.0,0.0,0.47
Pennsylvania,Westmoreland,2024,350473.0,0.0,0.0,0.0,0.0
Pennsylvania,Wyoming,2024,25857.0,0.0,0.0,0.0,0.0
Pennsylvania,York,2024,469986.0,3.0,0.0,0.64,0.0
Pennsylvania,Bedford,2024,47566.0,0.0,0.0,0.0,0.0
Pennsylvania,Bradford,2024,59593.0,0.0,0.0,0.0,0.0
Pennsylvania,Clarion,2024,36741.0,0.0,0.0,0.0,0.0
Pennsylvania,Greene,2024,34142.0,0.0,0.0,0.0,0.0
Pennsylvania,Indiana,2024,83257.0,0.0,0.0,0.0,0.0
Pennsylvania,Jefferson,2024,43340.0,0.0,0.0,0.0,0.0
Pennsylvania,Juniata,2024,23454.0,0.0,0.0,0.0,0.0
Pennsylvania,Mercer,2024,108238.0,0.0,0.0,0.0,0.0
Pennsylvania,Monroe,2024,166818.0,0.0,0.0,0.0,0.0
Pennsylvania,Northumberland,2024,89969.0,0.0,0.0,0.0,0.0
Pennsylvania,Pike,2024,62264.0,0.0,0.0,0.0,0.0
Pennsylvania,Schuylkill,2024,144409.0,1.0,0.0,0.69,0.0
Pennsylvania,Snyder,2024,39689.0,0.0,0.0,0.0,0.0
Pennsylvania,Tioga,2024,40563.0,0.0,0.0,0.0,0.0
Pennsylvania,Union,2024,42641.0,0.0,0.0,0.0,0.0
Pennsylvania,Warren,2024,37311.0,0.0,0.0,0.0,0.0
Pennsylvania,Wayne,2024,51362.0,0.0,0.0,0.0,0.0
South Carolina,Aiken,2024,178363.0,301.0,2058.0,168.76,1153.83
South Carolina,Anderson,2024,217390.0,640.0,3399.0,294.4,1563.55
South Carolina,Beaufort,2024,203006.0,433.0,1659.0,213.29,817.22
South Carolina,Berkeley,2024,265992.0,493.0,2236.0,185.34,840.63
South Carolina,Charleston,2024,433257.0,164.0,745.0,37.85,171.95
South Carolina,Chester,2024,32547.0,91.0,274.0,279.6,841.86
South Carolina,Clarendon,2024,31053.0,147.0,450.0,473.38,1449.14
South Carolina,Darlington,2024,62683.0,332.0,1141.0,529.65,1820.27
South Carolina,Dorchester,2024,174839.0,259.0,1212.0,148.14,693.21
South Carolina,Edgefield,2024,29247.0,9.0,103.0,30.77,352.17
South Carolina,Fairfield,2024,20478.0,127.0,291.0,620.18,1421.04
South Carolina,Florence,2024,138317.0,634.0,1943.0,458.37,1404.74
South Carolina,Greenville,2024,573870.0,1480.0,6979.0,257.9,1216.13
South Carolina,Horry,2024,414307.0,5.0,5.0,1.21,1.21
South Carolina,Horry County Police Department,2024,414307.0,874.0,4286.0,210.95,1034.5
South Carolina,Jasper,2024,36338.0,210.0,340.0,577.91,935.66
South Carolina,Lancaster,2024,111299.0,277.0,1065.0,248.88,956.88
South Carolina,Laurens,2024,70508.0,136.0,713.0,192.89,1011.23
South Carolina,Lexington,2024,314084.0,629.0,3567.0,200.26,1135.68
South Carolina,Pickens,2024,137859.0,131.0,595.0,95.02,431.6
South Carolina,Richland,2024,430800.0,1468.0,5086.0,340.76,1180.59
South Carolina,Saluda,2024,19569.0,28.0,102.0,143.08,521.23
South Carolina,Spartanburg,2024,369934.0,1153.0,2976.0,311.68,804.47
South Carolina,Sumter,2024,104788.0,389.0,1204.0,371.23,1148.99
South Carolina,Union,2024,26794.0,50.0,324.0,186.61,1209.23
South Carolina,York,2024,302761.0,334.0,1624.0,110.32,536.4
South Carolina,Abbeville,2024,24679.0,39.0,119.0,158.03,482.19
South Carolina,Allendale,2024,7531.0,10.0,32.0,132.78,424.91
South Carolina,Bamberg,2024,12836.0,9.0,107.0,70.12,833.59
South Carolina,Barnwell,2024,20512.0,57.0,163.0,277.89,794.66
South Carolina,Cherokee,2024,57874.0,119.0,604.0,205.62,1043.65
South Carolina,Chesterfield,2024,44440.0,214.0,614.0,481.55,1381.64
South Carolina,Colleton,2024,39429.0,162.0,445.0,410.87,1128.61
South Carolina,Dillon,2024,27581.0,166.0,351.0,601.86,1272.62
South Carolina,Georgetown,2024,66132.0,131.0,516.0,198.09,780.26
South Carolina,Greenwood,2024,70180.0,96.0,574.0,136.79,817.9
South Carolina,Hampton,2024,18184.0,49.0,172.0,269.47,945.89
South Carolina,Lee,2024,15873.0,124.0,295.0,781.2,1858.5
South Carolina,Marion,2024,28504.0,126.0,347.0,442.04,1217.37
South Carolina,Marlboro,2024,25544.0,132.0,365.0,516.76,1428.91
South Carolina,McCormick,2024,9977.0,13.0,58.0,130.3,581.34
South Carolina,Newberry,2024,39321.0,65.0,226.0,165.31,574.76
South Carolina,Oconee,2024,82566.0,173.0,1034.0,209.53,1252.33
South Carolina,Orangeburg,2024,83171.0,714.0,1969.0,858.47,2367.41
South Carolina,Williamsburg,2024,29801.0,125.0,494.0,419.45,1657.66
South Dakota,Custer,2024,9324.0,7.0,33.0,75.08,353.93
South Dakota,Lincoln,2024,75123.0,21.0,155.0,27.95,206.33
South Dakota,McCook,2024,5881.0,5.0,16.0,85.02,272.06
South Dakota,Meade,2024,30875.0,18.0,152.0,58.3,492.31
South Dakota,Minnehaha,2024,209416.0,37.0,157.0,17.67,74.97
South Dakota,Pennington,2024,116312.0,142.0,241.0,122.09,207.2
South Dakota,Union,2024,17373.0,10.0,13.0,57.56,74.83
South Dakota,Aurora,2024,2791.0,5.0,6.0,179.15,214.98
South Dakota,Beadle,2024,19522.0,5.0,7.0,25.61,35.86
South Dakota,Bon Homme,2024,7151.0,3.0,1.0,41.95,13.98
South Dakota,Brookings,2024,36814.0,6.0,35.0,16.3,95.07
South Dakota,Brown,2024,37621.0,13.0,19.0,34.56,50.5
South Dakota,Charles Mix,2024,9276.0,7.0,46.0,75.46,495.9
South Dakota,Clay,2024,15190.0,2.0,20.0,13.17,131.67
South Dakota,Codington,2024,29270.0,7.0,30.0,23.92,102.49
South Dakota,Corson,2024,3777.0,5.0,18.0,132.38,476.57
South Dakota,Davison,2024,19990.0,6.0,6.0,30.02,30.02
South Dakota,Day,2024,5447.0,4.0,3.0,73.43,55.08
South Dakota,Deuel,2024,4376.0,3.0,7.0,68.56,159.96
South Dakota,Edmunds,2024,4031.0,4.0,0.0,99.23,0.0
South Dakota,Fall River,2024,7413.0,2.0,6.0,26.98,80.94
South Dakota,Faulk,2024,2180.0,0.0,0.0,0.0,0.0
South Dakota,Hamlin,2024,6730.0,4.0,31.0,59.44,460.62
South Dakota,Harding,2024,1312.0,0.0,0.0,0.0,0.0
South Dakota,Hughes,2024,17557.0,10.0,11.0,56.96,62.65
South Dakota,Hutchinson,2024,7401.0,0.0,0.0,0.0,0.0
South Dakota,Jackson,2024,2716.0,1.0,15.0,36.82,552.28
South Dakota,Jerauld,2024,1675.0,0.0,1.0,0.0,59.7
South Dakota,Kingsbury,2024,5280.0,1.0,8.0,18.94,151.52
South Dakota,Lake,2024,11044.0,5.0,11.0,45.27,99.6
South Dakota,Lawrence,2024,28709.0,10.0,34.0,34.83,118.43
South Dakota,Marshall,2024,4435.0,3.0,9.0,67.64,202.93
South Dakota,McPherson,2024,2332.0,0.0,14.0,0.0,600.34
South Dakota,Miner,2024,2279.0,1.0,2.0,43.88,87.76
South Dakota,Moody,2024,6599.0,2.0,1.0,30.31,15.15
South Dakota,Perkins,2024,2833.0,1.0,11.0,35.3,388.28
South Dakota,Roberts,2024,10278.0,14.0,7.0,136.21,68.11
South Dakota,Spink,2024,6154.0,8.0,11.0,130.0,178.75
South Dakota,Stanley,2024,3001.0,4.0,8.0,133.29,266.58
South Dakota,Tripp,2024,5738.0,7.0,2.0,121.99,34.86
South Dakota,Walworth,2024,5244.0,0.0,3.0,0.0,57.21
South Dakota,Yankton,2024,23577.0,10.0,21.0,42.41,89.07
Tennessee,Anderson,2024,81574.0,66.0,236.0,80.91,289.31
Tennessee,Blount,2024,142272.0,332.0,351.0,233.36,246.71
Tennessee,Bradley,2024,114114.0,138.0,366.0,120.93,320.73
Tennessee,Campbell,2024,40325.0,26.0,97.0,64.48,240.55
Tennessee,Cannon,2024,15157.0,1.0,17.0,6.6,112.16
Tennessee,Carter,2024,57368.0,117.0,409.0,203.95,712.94
Tennessee,Cheatham,2024,42616.0,96.0,193.0,225.27,452.88
Tennessee,Chester,2024,17841.0,27.0,41.0,151.34,229.81
Tennessee,Crockett,2024,13963.0,26.0,49.0,186.21,350.93
Tennessee,Dickson,2024,57804.0,115.0,230.0,198.95,397.9
Tennessee,Fayette,2024,44542.0,95.0,142.0,213.28,318.8
Tennessee,Gibson,2024,51645.0,38.0,78.0,73.58,151.03
Tennessee,Grainger,2024,25098.0,20.0,102.0,79.69,406.41
Tennessee,Hamblen,2024,68177.0,102.0,273.0,149.61,400.43
Tennessee,Hamilton,2024,387268.0,323.0,644.0,83.4,166.29
Tennessee,Hartsville/Trousdale,2024,12189.0,30.0,78.0,246.12,639.92
Tennessee,Hawkins,2024,59422.0,51.0,254.0,85.83,427.45
Tennessee,Hickman,2024,25913.0,80.0,148.0,308.73,571.14
Tennessee,Jefferson,2024,59217.0,82.0,277.0,138.47,467.77
Tennessee,Knox,2024,507597.0,555.0,2126.0,109.34,418.84
Tennessee,Loudon,2024,62642.0,62.0,143.0,98.98,228.28
Tennessee,Macon,2024,27292.0,44.0,13.0,161.22,47.63
Tennessee,Madison,2024,100267.0,88.0,219.0,87.77,218.42
Tennessee,Marion,2024,29761.0,44.0,66.0,147.84,221.77
Tennessee,Maury,2024,114456.0,100.0,227.0,87.37,198.33
Tennessee,Montgomery,2024,246281.0,183.0,388.0,74.31,157.54
Tennessee,Morgan,2024,22075.0,56.0,103.0,253.68,466.59
Tennessee,Polk,2024,18408.0,47.0,164.0,255.32,890.92
Tennessee,Roane,2024,56769.0,39.0,156.0,68.7,274.8
Tennessee,Robertson,2024,78830.0,93.0,95.0,117.98,120.51
Tennessee,Rutherford,2024,380086.0,244.0,428.0,64.2,112.61
Tennessee,Sequatchie,2024,17609.0,38.0,97.0,215.8,550.85
Tennessee,Shelby,2024,915438.0,630.0,2660.0,68.82,290.57
Tennessee,Smith,2024,20785.0,26.0,49.0,125.09,235.75
Tennessee,Stewart,2024,14373.0,35.0,68.0,243.51,473.11
Tennessee,Sullivan,2024,162709.0,305.0,626.0,187.45,384.74
Tennessee,Sumner,2024,212181.0,113.0,202.0,53.26,95.2
Tennessee,Tipton,2024,62306.0,111.0,192.0,178.15,308.16
Tennessee,Unicoi,2024,17925.0,13.0,29.0,72.52,161.79
Tennessee,Union,2024,21136.0,18.0,145.0,85.16,686.03
Tennessee,Washington,2024,139574.0,153.0,489.0,109.62,350.35
Tennessee,Williamson,2024,268486.0,125.0,231.0,46.56,86.04
Tennessee,Wilson,2024,170340.0,53.0,335.0,31.11,196.67
Tennessee,Bedford,2024,54458.0,71.0,146.0,130.38,268.1
Tennessee,Benton,2024,16105.0,33.0,77.0,204.91,478.11
Tennessee,Bledsoe,2024,15573.0,3.0,33.0,19.26,211.91
Tennessee,Carroll,2024,29203.0,19.0,47.0,65.06,160.94
Tennessee,Clay,2024,7810.0,1.0,8.0,12.8,102.43
Tennessee,Cocke,2024,37736.0,108.0,288.0,286.2,763.2
Tennessee,Coffee,2024,61473.0,114.0,279.0,185.45,453.86
Tennessee,Cumberland,2024,65630.0,68.0,316.0,103.61,481.49
Tennessee,Decatur,2024,11738.0,15.0,60.0,127.79,511.16
Tennessee,DeKalb,2024,21684.0,31.0,53.0,142.96,244.42
Tennessee,Dyer,2024,36484.0,26.0,101.0,71.26,276.83
Tennessee,Fentress,2024,20021.0,76.0,155.0,379.6,774.19
Tennessee,Franklin,2024,45191.0,51.0,26.0,112.85,57.53
Tennessee,Giles,2024,31016.0,45.0,181.0,145.09,583.57
Tennessee,Greene,2024,73345.0,175.0,473.0,238.6,644.9
Tennessee,Grundy,2024,14118.0,49.0,97.0,347.07,687.07
Tennessee,Hancock,2024,7046.0,12.0,86.0,170.31,1220.55
Tennessee,Hardeman,2024,25527.0,40.0,134.0,156.7,524.93
Tennessee,Hardin,2024,27672.0,60.0,186.0,216.83,672.16
Tennessee,Haywood,2024,17211.0,31.0,103.0,180.12,598.45
Tennessee,Henderson,2024,28229.0,75.0,132.0,265.68,467.6
Tennessee,Henry,2024,32920.0,34.0,159.0,103.28,482.99
Tennessee,Houston,2024,8525.0,25.0,35.0,293.26,410.56
Tennessee,Humphreys,2024,19542.0,54.0,59.0,276.33,301.91
Tennessee,Jackson,2024,12447.0,27.0,58.0,216.92,465.98
Tennessee,Johnson,2024,18522.0,51.0,112.0,275.35,604.69
Tennessee,Lake,2024,6339.0,2.0,22.0,31.55,347.06
Tennessee,Lauderdale,2024,24540.0,81.0,145.0,330.07,590.87
Tennessee,Lawrence,2024,46644.0,22.0,75.0,47.17,160.79
Tennessee,Lewis,2024,13354.0,9.0,57.0,67.4,426.84
Tennessee,Lincoln,2024,36715.0,52.0,148.0,141.63,403.1
Tennessee,Marshall,2024,37882.0,25.0,48.0,65.99,126.71
Tennessee,McMinn,2024,56732.0,81.0,221.0,142.78,389.55
Tennessee,McNairy,2024,26137.0,56.0,124.0,214.26,474.42
Tennessee,Meigs,2024,13990.0,34.0,101.0,243.03,721.94
Tennessee,Monroe,2024,49338.0,103.0,401.0,208.76,812.76
Tennessee,Moore,2024,6822.0,5.0,45.0,73.29,659.63
Tennessee,Obion,2024,30256.0,52.0,93.0,171.87,307.38
Tennessee,Overton,2024,23582.0,48.0,72.0,203.55,305.32
Tennessee,Perry,2024,8986.0,10.0,31.0,111.28,344.98
Tennessee,Putnam,2024,85011.0,59.0,191.0,69.4,224.68
Tennessee,Rhea,2024,34716.0,46.0,93.0,132.5,267.89
Tennessee,Scott,2024,22553.0,28.0,44.0,124.15,195.1
Tennessee,Sevier,2024,101224.0,130.0,368.0,128.43,363.55
Tennessee,Van Buren,2024,6683.0,7.0,33.0,104.74,493.79
Tennessee,Warren,2024,43544.0,108.0,176.0,248.02,404.19
Tennessee,Wayne,2024,16034.0,13.0,37.0,81.08,230.76
Tennessee,Weakley,2024,33216.0,37.0,69.0,111.39,207.73
Tennessee,White,2024,29227.0,33.0,79.0,112.91,270.3
Texas,Aransas,2024,25686.0,44.0,108.0,171.3,420.46
Texas,Archer,2024,9140.0,3.0,7.0,32.82,76.59
Texas,Armstrong,2024,1814.0,2.0,7.0,110.25,385.89
Texas,Atascosa,2024,52937.0,82.0,425.0,154.9,802.84
Texas,Austin,2024,32878.0,27.0,122.0,82.12,371.07
Texas,Bandera,2024,22790.0,14.0,127.0,61.43,557.26
Texas,Bastrop,2024,115937.0,270.0,803.0,232.89,692.62
Texas,Bell,2024,397439.0,65.0,519.0,16.35,130.59
Texas,Bexar,2024,2138942.0,1061.0,6223.0,49.6,290.94
Texas,Bosque,2024,18961.0,14.0,43.0,73.84,226.78
Texas,Bowie,2024,92676.0,32.0,200.0,34.53,215.81
Texas,Brazoria,2024,411416.0,221.0,1171.0,53.72,284.63
Texas,Brazos,2024,248373.0,28.0,134.0,11.27,53.95
Texas,Burleson,2024,20097.0,28.0,62.0,139.32,308.5
Texas,Caldwell,2024,52939.0,39.0,151.0,73.67,285.23
Texas,Callahan,2024,14527.0,22.0,46.0,151.44,316.65
Texas,Cameron,2024,432952.0,247.0,687.0,57.05,158.68
Texas,Carson,2024,5828.0,2.0,21.0,34.32,360.33
Texas,Chambers,2024,55988.0,104.0,628.0,185.75,1121.67
Texas,Clay,2024,10736.0,17.0,50.0,158.35,465.72
Texas,Cochran,2024,2536.0,3.0,5.0,118.3,197.16
Texas,Collin,2024,1254213.0,53.0,397.0,4.23,31.65
Texas,Comal,2024,201486.0,129.0,679.0,64.02,337.0
Texas,Coryell,2024,85173.0,7.0,50.0,8.22,58.7
Texas,Crosby,2024,4953.0,5.0,32.0,100.95,646.07
Texas,Dallas,2024,2664013.0,38.0,171.0,1.43,6.42
Texas,Denton,2024,1046226.0,74.0,479.0,7.07,45.78
Texas,Ector,2024,170654.0,85.0,375.0,49.81,219.74
Texas,Ellis,2024,232454.0,120.0,391.0,51.62,168.21
Texas,El Paso,2024,879894.0,329.0,961.0,37.39,109.22
Texas,Fort Bend,2024,951028.0,823.0,5192.0,86.54,545.94
Texas,Galveston,2024,367367.0,149.0,384.0,40.56,104.53
Texas,Garza,2024,4567.0,10.0,29.0,218.96,634.99
Texas,Goliad,2024,7203.0,15.0,28.0,208.25,388.73
Texas,Grayson,2024,150865.0,86.0,234.0,57.0,155.11
Texas,Gregg,2024,126387.0,47.0,239.0,37.19,189.1
Texas,Hardin,2024,58636.0,47.0,173.0,80.16,295.04
Texas,Harris,2024,4996331.0,7666.0,33050.0,153.43,661.49
Texas,Harrison,2024,71410.0,72.0,365.0,100.83,511.13
Texas,Hays,2024,294339.0,186.0,1014.0,63.19,344.5
Texas,Hidalgo,2024,913612.0,874.0,2548.0,95.66,278.89
Texas,Hockley,2024,21512.0,7.0,53.0,32.54,246.37
Texas,Hudspeth,2024,3450.0,4.0,3.0,115.94,86.96
Texas,Hunt,2024,119210.0,153.0,451.0,128.34,378.32
Texas,Irion,2024,1509.0,2.0,14.0,132.54,927.77
Texas,Jefferson,2024,254497.0,62.0,298.0,24.36,117.09
Texas,Johnson,2024,211590.0,161.0,434.0,76.09,205.11
Texas,Jones,2024,20802.0,12.0,46.0,57.69,221.13
Texas,Kaufman,2024,198010.0,136.0,427.0,68.68,215.65
Texas,Kendall,2024,51977.0,24.0,103.0,46.17,198.16
Texas,Lampasas,2024,23576.0,15.0,68.0,63.62,288.43
Texas,Liberty,2024,116291.0,210.0,945.0,180.58,812.62
Texas,Lubbock,2024,325137.0,143.0,442.0,43.98,135.94
Texas,Lynn,2024,5959.0,5.0,12.0,83.91,201.38
Texas,Martin,2024,5287.0,4.0,115.0,75.66,2175.15
Texas,Maverick,2024,58580.0,101.0,383.0,172.41,653.81
Texas,McLennan,2024,270348.0,70.0,308.0,25.89,113.93
Texas,Medina,2024,55611.0,68.0,189.0,122.28,339.86
Texas,Midland,2024,184075.0,236.0,839.0,128.21,455.79
Texas,Montgomery,2024,751183.0,1091.0,5336.0,145.24,710.35
Texas,Nueces,2024,352925.0,63.0,139.0,17.85,39.39
Texas,Oldham,2024,1794.0,1.0,14.0,55.74,780.38
Texas,Orange,2024,85969.0,61.0,273.0,70.96,317.56
Texas,Parker,2024,179674.0,157.0,760.0,87.38,422.99
Texas,Potter,2024,114551.0,41.0,124.0,35.79,108.25
Texas,Randall,2024,150283.0,49.0,94.0,32.61,62.55
Texas,Robertson,2024,17625.0,13.0,83.0,73.76,470.92
Texas,Rockwall,2024,136880.0,27.0,79.0,19.73,57.71
Texas,Rusk,2024,54630.0,60.0,286.0,109.83,523.52
Texas,San Jacinto,2024,29328.0,23.0,211.0,78.42,719.45
Texas,Smith,2024,249529.0,290.0,796.0,116.22,319.0
Texas,Tarrant,2024,2230038.0,149.0,687.0,6.68,30.81
Texas,Taylor,2024,148390.0,27.0,93.0,18.2,62.67
Texas,Tom Green,2024,120207.0,33.0,109.0,27.45,90.68
Texas,Travis,2024,1374921.0,834.0,3952.0,60.66,287.43
Texas,Upshur,2024,44024.0,38.0,164.0,86.32,372.52
Texas,Victoria,2024,92188.0,84.0,183.0,91.12,198.51
Texas,Waller,2024,66097.0,63.0,437.0,95.31,661.15
Texas,Webb,2024,280570.0,53.0,167.0,18.89,59.52
Texas,Wichita,2024,129524.0,22.0,49.0,16.99,37.83
Texas,Williamson,2024,729013.0,210.0,1816.0,28.81,249.1
Texas,Wilson,2024,55321.0,45.0,384.0,81.34,694.13
Texas,Wise,2024,81292.0,77.0,527.0,94.72,648.28
Texas,Andrews,2024,18798.0,3.0,66.0,15.96,351.1
Texas,Angelina,2024,87958.0,150.0,500.0,170.54,568.45
Texas,Bailey,2024,6891.0,6.0,16.0,87.07,232.19
Texas,Baylor,2024,3482.0,0.0,3.0,0.0,86.16
Texas,Bee,2024,32651.0,27.0,100.0,82.69,306.27
Texas,Blanco,2024,13395.0,21.0,47.0,156.77,350.88
Texas,Borden,2024,560.0,0.0,15.0,0.0,2678.57
Texas,Brewster,2024,9521.0,6.0,11.0,63.02,115.53
Texas,Briscoe,2024,1472.0,2.0,3.0,135.87,203.8
Texas,Brooks,2024,6700.0,10.0,11.0,149.25,164.18
Texas,Brown,2024,38729.0,48.0,190.0,123.94,490.59
Texas,Burnet,2024,56004.0,58.0,141.0,103.56,251.77
Texas,Calhoun,2024,19778.0,17.0,46.0,85.95,232.58
Texas,Camp,2024,13222.0,10.0,46.0,75.63,347.91
Texas,Castro,2024,7343.0,0.0,7.0,0.0,95.33
Texas,Cherokee,2024,53178.0,50.0,237.0,94.02,445.67
Texas,Childress,2024,6690.0,3.0,3.0,44.84,44.84
Texas,Coke,2024,3388.0,3.0,17.0,88.55,501.77
Texas,Collingsworth,2024,2567.0,2.0,1.0,77.91,38.96
Texas,Colorado,2024,21447.0,13.0,146.0,60.61,680.75
Texas,Comanche,2024,14288.0,15.0,68.0,104.98,475.92
Texas,Concho,2024,3577.0,1.0,11.0,27.96,307.52
Texas,Cooke,2024,44353.0,19.0,75.0,42.84,169.1
Texas,Crane,2024,4591.0,4.0,45.0,87.13,980.18
Texas,Crockett,2024,2803.0,6.0,24.0,214.06,856.23
Texas,Culberson,2024,2273.0,0.0,0.0,0.0,0.0
Texas,Dallam,2024,7447.0,0.0,0.0,0.0,0.0
Texas,Dawson,2024,11852.0,1.0,33.0,8.44,278.43
Texas,Deaf Smith,2024,18513.0,13.0,42.0,70.22,226.87
Texas,Delta,2024,5558.0,13.0,17.0,233.9,305.87
Texas,DeWitt,2024,20360.0,15.0,54.0,73.67,265.23
Texas,Dimmit,2024,8216.0,40.0,173.0,486.85,2105.65
Texas,Donley,2024,3219.0,6.0,24.0,186.39,745.57
Texas,Duval,2024,9652.0,24.0,91.0,248.65,942.81
Texas,Eastland,2024,18314.0,20.0,57.0,109.21,311.24
Texas,Edwards,2024,1381.0,1.0,19.0,72.41,1375.81
Texas,Erath,2024,43995.0,25.0,64.0,56.82,145.47
Texas,Fannin,2024,38778.0,54.0,117.0,139.25,301.72
Texas,Fayette,2024,25501.0,9.0,78.0,35.29,305.87
Texas,Fisher,2024,3681.0,2.0,15.0,54.33,407.5
Texas,Floyd,2024,5020.0,18.0,51.0,358.57,1015.94
Texas,Foard,2024,1048.0,0.0,0.0,0.0,0.0
Texas,Franklin,2024,10843.0,11.0,31.0,101.45,285.9
Texas,Freestone,2024,20686.0,31.0,51.0,149.86,246.54
Texas,Frio,2024,18807.0,4.0,62.0,21.27,329.66
Texas,Gaines,2024,23272.0,9.0,78.0,38.67,335.17
Texas,Gillespie,2024,28126.0,4.0,23.0,14.22,81.77
Texas,Glasscock,2024,1145.0,0.0,41.0,0.0,3580.79
Texas,Gonzales,2024,20129.0,27.0,87.0,134.13,432.21
Texas,Gray,2024,20931.0,5.0,17.0,23.89,81.22
Texas,Grimes,2024,33343.0,55.0,151.0,164.95,452.87
Texas,Hall,2024,2797.0,0.0,2.0,0.0,71.51
Texas,Hamilton,2024,8716.0,4.0,18.0,45.89,206.52
Texas,Hansford,2024,5012.0,2.0,11.0,39.9,219.47
Texas,Hardeman,2024,3362.0,4.0,0.0,118.98,0.0
Texas,Hartley,2024,4970.0,0.0,2.0,0.0,40.24
Texas,Haskell,2024,5470.0,1.0,8.0,18.28,146.25
Texas,Hemphill,2024,3138.0,8.0,12.0,254.94,382.41
Texas,Henderson,2024,87591.0,125.0,499.0,142.71,569.69
Texas,Hill,2024,38889.0,40.0,155.0,102.86,398.57
Texas,Hood,2024,69310.0,84.0,346.0,121.19,499.21
Texas,Hopkins,2024,38826.0,12.0,21.0,30.91,54.09
Texas,Houston,2024,22331.0,19.0,100.0,85.08,447.81
Texas,Howard,2024,30568.0,44.0,288.0,143.94,942.16
Texas,Hutchinson,2024,19800.0,15.0,27.0,75.76,136.36
Texas,Jack,2024,9421.0,8.0,21.0,84.92,222.91
Texas,Jackson,2024,15357.0,14.0,43.0,91.16,280.0
Texas,Jasper,2024,32956.0,19.0,133.0,57.65,403.57
Texas,Jim Hogg,2024,4611.0,3.0,27.0,65.06,585.56
Texas,Jim Wells,2024,38829.0,37.0,199.0,95.29,512.5
Texas,Karnes,2024,15020.0,9.0,68.0,59.92,452.73
Texas,Kenedy,2024,323.0,0.0,3.0,0.0,928.79
Texas,Kerr,2024,54014.0,44.0,141.0,81.46,261.04
Texas,Kimble,2024,4424.0,1.0,6.0,22.6,135.62
Texas,King,2024,212.0,0.0,0.0,0.0,0.0
Texas,Kinney,2024,3124.0,1.0,6.0,32.01,192.06
Texas,Kleberg,2024,30329.0,9.0,14.0,29.67,46.16
Texas,Knox,2024,3251.0,1.0,2.0,30.76,61.52
Texas,Lamar,2024,51342.0,29.0,90.0,56.48,175.3
Texas,Lamb,2024,12618.0,7.0,38.0,55.48,301.16
Texas,La Salle,2024,6550.0,1.0,0.0,15.27,0.0
Texas,Lavaca,2024,20526.0,15.0,55.0,73.08,267.95
Texas,Lee,2024,18501.0,16.0,90.0,86.48,486.46
Texas,Leon,2024,16739.0,14.0,117.0,83.64,698.97
Texas,Limestone,2024,22747.0,38.0,109.0,167.05,479.18
Texas,Lipscomb,2024,2901.0,1.0,7.0,34.47,241.3
Texas,Live Oak,2024,11858.0,15.0,39.0,126.5,328.89
Texas,Llano,2024,23310.0,38.0,103.0,163.02,441.87
Texas,Loving,2024,47.0,0.0,34.0,0.0,72340.43
Texas,Madison,2024,14179.0,13.0,34.0,91.68,239.79
Texas,Marion,2024,9831.0,13.0,76.0,132.23,773.06
Texas,Matagorda,2024,36190.0,92.0,205.0,254.21,566.45
Texas,McCulloch,2024,7475.0,1.0,12.0,13.38,160.54
Texas,McMullen,2024,558.0,1.0,7.0,179.21,1254.48
Texas,Menard,2024,1920.0,0.0,8.0,0.0,416.67
Texas,Milam,2024,26254.0,27.0,93.0,102.84,354.23
Texas,Mills,2024,4586.0,10.0,16.0,218.05,348.89
Texas,Mitchell,2024,8955.0,0.0,9.0,0.0,100.5
Texas,Montague,2024,21863.0,19.0,54.0,86.9,246.99
Texas,Moore,2024,21676.0,7.0,35.0,32.29,161.47
Texas,Morris,2024,12167.0,33.0,45.0,271.23,369.85
Texas,Motley,2024,1003.0,2.0,2.0,199.4,199.4
Texas,Nacogdoches,2024,65963.0,91.0,208.0,137.96,315.33
Texas,Navarro,2024,56497.0,39.0,171.0,69.03,302.67
Texas,Newton,2024,11989.0,13.0,47.0,108.43,392.03
Texas,Nolan,2024,14146.0,10.0,28.0,70.69,197.94
Texas,Ochiltree,2024,9462.0,11.0,18.0,116.25,190.23
Texas,Palo Pinto,2024,30342.0,24.0,113.0,79.1,372.42
Texas,Panola,2024,23034.0,16.0,88.0,69.46,382.04
Texas,Parmer,2024,9633.0,7.0,15.0,72.67,155.71
Texas,Pecos,2024,14677.0,18.0,52.0,122.64,354.3
Texas,Polk,2024,53505.0,48.0,390.0,89.71,728.9
Texas,Presidio,2024,5626.0,0.0,0.0,0.0,0.0
Texas,Rains,2024,13323.0,2.0,18.0,15.01,135.1
Texas,Reagan,2024,3146.0,3.0,37.0,95.36,1176.1
Texas,Real,2024,2762.0,7.0,24.0,253.44,868.94
Texas,Red River,2024,11841.0,20.0,60.0,168.9,506.71
Texas,Reeves,2024,12125.0,12.0,196.0,98.97,1616.49
Texas,Refugio,2024,6720.0,5.0,22.0,74.4,327.38
Texas,Roberts,2024,853.0,0.0,2.0,0.0,234.47
Texas,Runnels,2024,9758.0,2.0,16.0,20.5,163.97
Texas,Sabine,2024,10084.0,16.0,44.0,158.67,436.33
Texas,San Augustine,2024,7777.0,10.0,29.0,128.58,372.89
Texas,Schleicher,2024,2292.0,1.0,12.0,43.63,523.56
Texas,Scurry,2024,16157.0,7.0,23.0,43.32,142.35
Texas,Shackelford,2024,3194.0,6.0,7.0,187.85,219.16
Texas,Shelby,2024,24324.0,19.0,96.0,78.11,394.67
Texas,Somervell,2024,10086.0,3.0,52.0,29.74,515.57
Texas,Starr,2024,66398.0,136.0,227.0,204.83,341.88
Texas,Stephens,2024,9414.0,5.0,21.0,53.11,223.07
Texas,Sterling,2024,1373.0,1.0,2.0,72.83,145.67
Texas,Stonewall,2024,1224.0,1.0,4.0,81.7,326.8
Texas,Sutton,2024,3246.0,0.0,2.0,0.0,61.61
Texas,Swisher,2024,6842.0,0.0,6.0,0.0,87.69
Texas,Terrell,2024,711.0,0.0,0.0,0.0,0.0
Texas,Terry,2024,11637.0,0.0,16.0,0.0,137.49
Texas,Titus,2024,31615.0,17.0,71.0,53.77,224.58
Texas,Trinity,2024,14434.0,13.0,60.0,90.07,415.69
Texas,Tyler,2024,20512.0,8.0,55.0,39.0,268.14
Texas,Uvalde,2024,24965.0,17.0,34.0,68.1,136.19
Texas,Val Verde,2024,47779.0,61.0,78.0,127.67,163.25
Texas,Van Zandt,2024,65266.0,66.0,156.0,101.12,239.02
Texas,Walker,2024,83460.0,29.0,227.0,34.75,271.99
Texas,Ward,2024,11081.0,17.0,130.0,153.42,1173.18
Texas,Washington,2024,37683.0,32.0,84.0,84.92,222.91
Texas,Wharton,2024,42065.0,46.0,175.0,109.35,416.02
Texas,Wheeler,2024,4827.0,10.0,12.0,207.17,248.6
Texas,Wilbarger,2024,12474.0,1.0,57.0,8.02,456.95
Texas,Willacy,2024,20070.0,22.0,50.0,109.62,249.13
Texas,Winkler,2024,7563.0,3.0,57.0,39.67,753.67
Texas,Wood,2024,49153.0,31.0,171.0,63.07,347.89
Texas,Yoakum,2024,7501.0,12.0,39.0,159.98,519.93
Texas,Young,2024,18321.0,4.0,0.0,21.83,0.0
Texas,Zapata,2024,13798.0,13.0,60.0,94.22,434.85
Texas,Zavala,2024,9182.0,9.0,24.0,98.02,261.38
Utah,Cache,2024,144667.0,49.0,174.0,33.87,120.28
Utah,Davis,2024,378462.0,18.0,108.0,4.76,28.54
Utah,Tooele,2024,84828.0,76.0,217.0,89.59,255.81
Utah,Utah,2024,745668.0,87.0,208.0,11.67,27.89
Utah,Washington,2024,208431.0,26.0,83.0,12.47,39.82
Utah,Weber,2024,276217.0,78.0,541.0,28.24,195.86
Utah,Beaver,2024,7362.0,12.0,52.0,163.0,706.33
Utah,Box Elder,2024,63985.0,12.0,97.0,18.75,151.6
Utah,Carbon,2024,20600.0,26.0,32.0,126.21,155.34
Utah,Duchesne,2024,20676.0,38.0,140.0,183.79,677.11
Utah,Emery,2024,10142.0,10.0,80.0,98.6,788.8
Utah,Garfield,2024,5321.0,5.0,45.0,93.97,845.71
Utah,Grand,2024,9700.0,15.0,26.0,154.64,268.04
Utah,Iron,2024,65559.0,24.0,78.0,36.61,118.98
Utah,Kane,2024,8491.0,5.0,23.0,58.89,270.88
Utah,Millard,2024,13913.0,30.0,155.0,215.63,1114.07
Utah,Piute,2024,1547.0,0.0,2.0,0.0,129.28
Utah,Rich,2024,2740.0,1.0,6.0,36.5,218.98
Utah,Sanpete,2024,30881.0,25.0,51.0,80.96,165.15
Utah,Sevier,2024,22592.0,6.0,41.0,26.56,181.48
Utah,Summit,2024,43250.0,74.0,274.0,171.1,633.53
Utah,Uintah,2024,38154.0,36.0,95.0,94.35,248.99
Utah,Wasatch,2024,37849.0,26.0,92.0,68.69,243.07
Vermont,Chittenden,2024,169667.0,0.0,338.0,0.0,199.21
Vermont,Franklin,2024,51141.0,7.0,91.0,13.69,177.94
Vermont,Grand Isle,2024,7506.0,3.0,5.0,39.97,66.61
Vermont,Addison,2024,37956.0,0.0,3.0,0.0,7.9
Vermont,Bennington,2024,36985.0,6.0,14.0,16.22,37.85
Vermont,Caledonia,2024,30508.0,1.0,0.0,3.28,0.0
Vermont,Essex,2024,6003.0,0.0,0.0,0.0,0.0
Vermont,Lamoille,2024,26149.0,7.0,35.0,26.77,133.85
Vermont,Orange,2024,30011.0,0.0,0.0,0.0,0.0
Vermont,Orleans,2024,27714.0,4.0,39.0,14.43,140.72
Vermont,Rutland,2024,60073.0,3.0,26.0,4.99,43.28
Vermont,Washington,2024,59821.0,0.0,0.0,0.0,0.0
Vermont,Windham,2024,45479.0,3.0,19.0,6.6,41.78
Vermont,Windsor,2024,57508.0,1.0,4.0,1.74,6.96
Virginia,Albemarle County Police Department,2024,117312.0,122.0,1528.0,104.0,1302.51
Virginia,Amelia,2024,13707.0,26.0,75.0,189.68,547.17
Virginia,Amherst,2024,31653.0,69.0,294.0,217.99,928.82
Virginia,Appomattox,2024,17003.0,22.0,87.0,129.39,511.67
Virginia,Arlington County Police Department,2024,239687.0,736.0,4979.0,307.07,2077.29
Virginia,Augusta,2024,78764.0,88.0,544.0,111.73,690.67
Virginia,Bedford,2024,82467.0,91.0,374.0,110.35,453.51
Virginia,Botetourt,2024,34057.0,43.0,221.0,126.26,648.91
Virginia,Campbell,2024,55563.0,61.0,488.0,109.79,878.28
Virginia,Charles City,2024,6582.0,14.0,23.0,212.7,349.44
Virginia,Chesterfield County Police Department,2024,391243.0,638.0,5478.0,163.07,1400.15
Virginia,Clarke,2024,15631.0,9.0,57.0,57.58,364.66
Virginia,Craig,2024,4822.0,1.0,28.0,20.74,580.67
Virginia,Culpeper,2024,56756.0,16.0,108.0,28.19,190.29
Virginia,Dinwiddie,2024,28787.0,81.0,237.0,281.38,823.29
Virginia,Fairfax County Police Department,2024,1159806.0,1079.0,16386.0,93.03,1412.82
Virginia,Fairfax County Police Department,2024,26038.0,1079.0,16386.0,4143.94,62931.1
Virginia,Fauquier,2024,75865.0,43.0,221.0,56.68,291.31
Virginia,Floyd,2024,15713.0,8.0,47.0,50.91,299.12
Virginia,Fluvanna,2024,28789.0,26.0,131.0,90.31,455.03
Virginia,Franklin,2024,55612.0,70.0,345.0,125.87,620.37
Virginia,Franklin,2024,8404.0,70.0,345.0,832.94,4105.19
Virginia,Frederick,2024,98180.0,70.0,883.0,71.3,899.37
Virginia,Giles,2024,16636.0,12.0,82.0,72.13,492.91
Virginia,Gloucester,2024,40067.0,26.0,408.0,64.89,1018.29
Virginia,Goochland,2024,28263.0,28.0,135.0,99.07,477.66
Virginia,Greene,2024,21702.0,13.0,215.0,59.9,990.69
Virginia,Hanover,2024,115553.0,185.0,824.0,160.1,713.09
Virginia,Henrico County Police Department,2024,340024.0,574.0,6839.0,168.81,2011.33
Virginia,Isle of Wight,2024,40890.0,45.0,166.0,110.05,405.97
Virginia,James City County Police Department,2024,,108.0,750.0,,
Virginia,King and Queen,2024,6726.0,10.0,30.0,148.68,446.03
Virginia,King William,2024,19279.0,23.0,63.0,119.3,326.78
Virginia,Loudoun,2024,443749.0,297.0,2327.0,66.93,524.4
Virginia,Mathews,2024,8585.0,9.0,65.0,104.83,757.13
Virginia,Montgomery,2024,98357.0,56.0,192.0,56.94,195.21
Virginia,Nelson,2024,14817.0,22.0,146.0,148.48,985.35
Virginia,New Kent,2024,27196.0,44.0,155.0,161.79,569.94
Virginia,Powhatan,2024,32362.0,41.0,174.0,126.69,537.67
Virginia,Prince George County Police Department,2024,43742.0,138.0,353.0,315.49,807.0
Virginia,Prince William County Police Department,2024,498352.0,1234.0,7134.0,247.62,1431.52
Virginia,Pulaski,2024,33552.0,43.0,339.0,128.16,1010.37
Virginia,Rappahannock,2024,7443.0,10.0,22.0,134.35,295.58
Virginia,Roanoke County Police Department,2024,97373.0,185.0,989.0,189.99,1015.68
Virginia,Roanoke County Police Department,2024,98690.0,185.0,989.0,187.46,1002.13
Virginia,Rockingham,2024,88319.0,57.0,260.0,64.54,294.39
Virginia,Scott,2024,21388.0,36.0,256.0,168.32,1196.93
Virginia,Spotsylvania,2024,152461.0,344.0,889.0,225.63,583.1
Virginia,Stafford,2024,168788.0,375.0,1275.0,222.17,755.39
Virginia,Surry,2024,6593.0,4.0,39.0,60.67,591.54
Virginia,Sussex,2024,10742.0,25.0,102.0,232.73,949.54
Virginia,Warren,2024,42484.0,36.0,200.0,84.74,470.77
Virginia,Washington,2024,54114.0,53.0,467.0,97.94,862.99
Virginia,York,2024,71338.0,134.0,937.0,187.84,1313.47
Virginia,Accomack,2024,33747.0,44.0,232.0,130.38,687.47
Virginia,Alleghany,2024,14674.0,32.0,71.0,218.07,483.85
Virginia,Bath,2024,4058.0,5.0,11.0,123.21,271.07
Virginia,Bland,2024,6186.0,9.0,26.0,145.49,420.3
Virginia,Brunswick,2024,15763.0,21.0,92.0,133.22,583.65
Virginia,Buchanan,2024,18723.0,24.0,196.0,128.18,1046.84
Virginia,Buckingham,2024,17111.0,32.0,145.0,187.01,847.41
Virginia,Caroline,2024,33586.0,62.0,220.0,184.6,655.03
Virginia,Carroll,2024,29211.0,28.0,160.0,95.85,547.74
Virginia,Charlotte,2024,11323.0,8.0,67.0,70.65,591.72
Virginia,Cumberland,2024,10203.0,10.0,26.0,98.01,254.83
Virginia,Dickenson,2024,13388.0,9.0,29.0,67.22,216.61
Virginia,Essex,2024,10677.0,16.0,48.0,149.85,449.56
Virginia,Grayson,2024,15333.0,16.0,95.0,104.35,619.58
Virginia,Greensville,2024,11175.0,19.0,68.0,170.02,608.5
Virginia,Halifax,2024,33554.0,27.0,169.0,80.47,503.67
Virginia,Henry,2024,49523.0,97.0,573.0,195.87,1157.04
Virginia,Highland,2024,2336.0,1.0,17.0,42.81,727.74
Virginia,King George,2024,28900.0,37.0,244.0,128.03,844.29
Virginia,Lancaster,2024,10971.0,35.0,51.0,319.02,464.86
Virginia,Lee,2024,21777.0,30.0,212.0,137.76,973.5
Virginia,Louisa,2024,42176.0,27.0,272.0,64.02,644.92
Virginia,Lunenburg,2024,12078.0,13.0,32.0,107.63,264.94
Virginia,Madison,2024,14224.0,21.0,92.0,147.64,646.79
Virginia,Mecklenburg,2024,30809.0,43.0,113.0,139.57,366.78
Virginia,Middlesex,2024,10941.0,12.0,92.0,109.68,840.87
Virginia,Northampton,2024,12021.0,20.0,33.0,166.38,274.52
Virginia,Northumberland,2024,12412.0,15.0,77.0,120.85,620.37
Virginia,Nottoway,2024,15690.0,14.0,50.0,89.23,318.67
Virginia,Orange,2024,39193.0,62.0,123.0,158.19,313.83
Virginia,Page,2024,23687.0,18.0,75.0,75.99,316.63
Virginia,Patrick,2024,17395.0,41.0,174.0,235.7,1000.29
Virginia,Pittsylvania,2024,59505.0,64.0,334.0,107.55,561.3
Virginia,Prince Edward,2024,22319.0,36.0,88.0,161.3,394.28
Virginia,Richmond,2024,9220.0,12.0,15.0,130.15,162.69
Virginia,Richmond,2024,234807.0,12.0,15.0,5.11,6.39
Virginia,Rockbridge,2024,22457.0,39.0,196.0,173.67,872.78
Virginia,Russell,2024,25430.0,61.0,152.0,239.87,597.72
Virginia,Shenandoah,2024,45468.0,44.0,169.0,96.77,371.69
Virginia,Smyth,2024,29133.0,24.0,113.0,82.38,387.88
Virginia,Southampton,2024,18018.0,20.0,167.0,111.0,926.85
Virginia,Tazewell,2024,38986.0,38.0,253.0,97.47,648.95
Virginia,Westmoreland,2024,19338.0,20.0,63.0,103.42,325.78
Virginia,Wise,2024,35035.0,43.0,171.0,122.73,488.08
Washington,Asotin,2024,22538.0,10.0,74.0,44.37,328.33
Washington,Benton,2024,218931.0,68.0,506.0,31.06,231.12
Washington,Chelan,2024,81382.0,36.0,240.0,44.24,294.91
Washington,Clark,2024,526241.0,345.0,2245.0,65.56,426.61
Washington,Cowlitz,2024,113764.0,56.0,250.0,49.22,219.75
Washington,Douglas,2024,45517.0,19.0,177.0,41.74,388.87
Washington,Franklin,2024,101386.0,46.0,141.0,45.37,139.07
Washington,King,2024,2317959.0,490.0,3374.0,21.14,145.56
Washington,Kitsap,2024,280728.0,489.0,2428.0,174.19,864.89
Washington,Pierce,2024,939786.0,1193.0,5826.0,126.94,619.93
Washington,Skagit,2024,132250.0,121.0,501.0,91.49,378.83
Washington,Skamania,2024,12644.0,7.0,87.0,55.36,688.07
Washington,Snohomish,2024,861070.0,442.0,3243.0,51.33,376.62
Washington,Spokane,2024,555485.0,230.0,2272.0,41.41,409.01
Washington,Stevens,2024,49178.0,54.0,250.0,109.81,508.36
Washington,Thurston,2024,302132.0,191.0,847.0,63.22,280.34
Washington,Walla Walla,2024,62109.0,32.0,109.0,51.52,175.5
Washington,Whatcom,2024,234601.0,113.0,494.0,48.17,210.57
Washington,Yakima,2024,258971.0,162.0,1028.0,62.56,396.96
Washington,Clallam,2024,77930.0,74.0,358.0,94.96,459.39
Washington,Columbia,2024,4046.0,8.0,29.0,197.73,716.76
Washington,Garfield,2024,2401.0,44.0,30.0,1832.57,1249.48
Washington,Grant,2024,104834.0,109.0,687.0,103.97,655.32
Washington,Grays Harbor,2024,78020.0,56.0,209.0,71.78,267.88
Washington,Island,2024,85982.0,56.0,398.0,65.13,462.89
Washington,Jefferson,2024,33891.0,23.0,184.0,67.86,542.92
Washington,Kittitas,2024,48107.0,19.0,174.0,39.5,361.69
Washington,Lewis,2024,87131.0,93.0,371.0,106.74,425.8
Washington,Lincoln,2024,11827.0,14.0,84.0,118.37,710.24
Washington,Mason,2024,69759.0,133.0,593.0,190.66,850.07
Washington,Okanogan,2024,44648.0,39.0,268.0,87.35,600.25
Washington,Pacific,2024,24237.0,7.0,50.0,28.88,206.3
Washington,Pend Oreille,2024,14367.0,12.0,144.0,83.52,1002.3
Washington,San Juan,2024,18556.0,6.0,102.0,32.33,549.69
Washington,Whitman,2024,47863.0,3.0,36.0,6.27,75.21
West Virginia,Berkeley,2024,135990.0,112.0,234.0,82.36,172.07
West Virginia,Cabell,2024,91455.0,52.0,483.0,56.86,528.13
West Virginia,Fayette,2024,38554.0,41.0,184.0,106.34,477.25
West Virginia,Jefferson,2024,61289.0,16.0,178.0,26.11,290.43
West Virginia,Kanawha,2024,173423.0,273.0,982.0,157.42,566.25
West Virginia,Marshall,2024,29284.0,7.0,28.0,23.9,95.62
West Virginia,Monongalia,2024,107931.0,47.0,238.0,43.55,220.51
West Virginia,Morgan,2024,17806.0,16.0,43.0,89.86,241.49
West Virginia,Ohio,2024,40969.0,44.0,146.0,107.4,356.37
West Virginia,Preston,2024,33987.0,7.0,40.0,20.6,117.69
West Virginia,Putnam,2024,56922.0,37.0,213.0,65.0,374.2
West Virginia,Raleigh,2024,72185.0,127.0,580.0,175.94,803.49
West Virginia,Wood,2024,82650.0,53.0,218.0,64.13,263.76
West Virginia,Doddridge,2024,7642.0,16.0,39.0,209.37,510.34
West Virginia,Gilmer,2024,7117.0,0.0,3.0,0.0,42.15
West Virginia,Hardy,2024,14435.0,3.0,21.0,20.78,145.48
West Virginia,Harrison,2024,64426.0,35.0,212.0,54.33,329.06
West Virginia,Jackson,2024,27496.0,51.0,25.0,185.48,90.92
West Virginia,Logan,2024,30615.0,20.0,4.0,65.33,13.07
West Virginia,Marion,2024,55685.0,74.0,169.0,132.89,303.49
West Virginia,Mason,2024,24765.0,10.0,50.0,40.38,201.9
West Virginia,Mercer,2024,57552.0,79.0,343.0,137.27,595.98
West Virginia,Mineral,2024,26751.0,19.0,62.0,71.03,231.77
West Virginia,Monroe,2024,12516.0,1.0,8.0,7.99,63.92
West Virginia,Nicholas,2024,23955.0,118.0,8.0,492.59,33.4
West Virginia,Randolph,2024,27130.0,68.0,145.0,250.65,534.46
West Virginia,Ritchie,2024,8122.0,4.0,30.0,49.25,369.37
West Virginia,Roane,2024,13508.0,1.0,39.0,7.4,288.72
West Virginia,Summers,2024,11584.0,2.0,23.0,17.27,198.55
West Virginia,Upshur,2024,23658.0,5.0,0.0,21.13,0.0
West Virginia,Wetzel,2024,13812.0,14.0,33.0,101.36,238.92
West Virginia,Wyoming,2024,20007.0,34.0,17.0,169.94,84.97
Wisconsin,Brown,2024,274251.0,64.0,693.0,23.34,252.69
Wisconsin,Calumet,2024,53764.0,19.0,61.0,35.34,113.46
Wisconsin,Chippewa,2024,67294.0,52.0,124.0,77.27,184.27
Wisconsin,Columbia,2024,58005.0,43.0,140.0,74.13,241.36
Wisconsin,Dane,2024,586325.0,52.0,434.0,8.87,74.02
Wisconsin,Douglas,2024,43918.0,12.0,147.0,27.32,334.71
Wisconsin,Eau Claire,2024,108611.0,5.0,99.0,4.6,91.15
Wisconsin,Fond du Lac,2024,104721.0,18.0,76.0,17.19,72.57
Wisconsin,Green,2024,37237.0,2.0,47.0,5.37,126.22
Wisconsin,Iowa,2024,23975.0,18.0,19.0,75.08,79.25
Wisconsin,Kenosha,2024,168448.0,86.0,353.0,51.05,209.56
Wisconsin,Kewaunee,2024,20769.0,17.0,28.0,81.85,134.82
Wisconsin,La Crosse,2024,120963.0,6.0,103.0,4.96,85.15
Wisconsin,Marathon,2024,139094.0,84.0,193.0,60.39,138.76
Wisconsin,Milwaukee,2024,924323.0,157.0,149.0,16.99,16.12
Wisconsin,Oconto,2024,40006.0,20.0,135.0,49.99,337.45
Wisconsin,Outagamie,2024,194785.0,38.0,167.0,19.51,85.74
Wisconsin,Ozaukee,2024,93665.0,18.0,166.0,19.22,177.23
Wisconsin,Pierce,2024,43306.0,12.0,42.0,27.71,96.98
Wisconsin,Racine,2024,198441.0,38.0,109.0,19.15,54.93
Wisconsin,Rock,2024,165665.0,40.0,163.0,24.15,98.39
Wisconsin,Sheboygan,2024,118091.0,41.0,207.0,34.72,175.29
Wisconsin,Vernon,2024,31365.0,19.0,50.0,60.58,159.41
Wisconsin,Washington,2024,138744.0,24.0,116.0,17.3,83.61
Wisconsin,Waukesha,2024,415766.0,49.0,222.0,11.79,53.4
Wisconsin,Winnebago,2024,173294.0,26.0,101.0,15.0,58.28
Wisconsin,Adams,2024,21565.0,49.0,64.0,227.22,296.78
Wisconsin,Ashland,2024,16201.0,8.0,56.0,49.38,345.66
Wisconsin,Barron,2024,46711.0,16.0,79.0,34.25,169.13
Wisconsin,Bayfield,2024,16785.0,10.0,81.0,59.58,482.57
Wisconsin,Buffalo,2024,13398.0,7.0,10.0,52.25,74.64
Wisconsin,Burnett,2024,17188.0,33.0,183.0,191.99,1064.7
Wisconsin,Clark,2024,34975.0,32.0,88.0,91.49,251.61
Wisconsin,Crawford,2024,15919.0,15.0,143.0,94.23,898.3
Wisconsin,Dodge,2024,88877.0,45.0,78.0,50.63,87.76
Wisconsin,Door,2024,30581.0,18.0,64.0,58.86,209.28
Wisconsin,Forest,2024,9514.0,20.0,16.0,210.22,168.17
Wisconsin,Grant,2024,52404.0,18.0,70.0,34.35,133.58
Wisconsin,Green Lake,2024,19332.0,0.0,26.0,0.0,134.49
Wisconsin,Jackson,2024,21033.0,13.0,112.0,61.81,532.5
Wisconsin,Jefferson,2024,86540.0,14.0,130.0,16.18,150.22
Wisconsin,Juneau,2024,26646.0,41.0,74.0,153.87,277.72
Wisconsin,Lafayette,2024,17347.0,4.0,29.0,23.06,167.18
Wisconsin,Langlade,2024,19502.0,4.0,40.0,20.51,205.11
Wisconsin,Lincoln,2024,28395.0,30.0,53.0,105.65,186.65
Wisconsin,Manitowoc,2024,81883.0,32.0,80.0,39.08,97.7
Wisconsin,Marinette,2024,42390.0,38.0,104.0,89.64,245.34
Wisconsin,Marquette,2024,15838.0,7.0,34.0,44.2,214.67
Wisconsin,Menominee,2024,4230.0,3.0,7.0,70.92,165.48
Wisconsin,Oneida,2024,38175.0,42.0,65.0,110.02,170.27
Wisconsin,Pepin,2024,7541.0,2.0,10.0,26.52,132.61
Wisconsin,Polk,2024,45772.0,49.0,103.0,107.05,225.03
Wisconsin,Portage,2024,71758.0,46.0,76.0,64.1,105.91
Wisconsin,Price,2024,14112.0,8.0,39.0,56.69,276.36
Wisconsin,Richland,2024,17129.0,10.0,25.0,58.38,145.95
Wisconsin,Rusk,2024,14126.0,20.0,38.0,141.58,269.01
Wisconsin,Sauk,2024,66553.0,23.0,171.0,34.56,256.94
Wisconsin,Sawyer,2024,18791.0,27.0,71.0,143.69,377.84
Wisconsin,Shawano,2024,41406.0,29.0,170.0,70.04,410.57
Wisconsin,Taylor,2024,20097.0,8.0,49.0,39.81,243.82
Wisconsin,Trempealeau,2024,30928.0,6.0,81.0,19.4,261.9
Wisconsin,Vilas,2024,23753.0,5.0,68.0,21.05,286.28
Wisconsin,Walworth,2024,106123.0,20.0,106.0,18.85,99.88
Wisconsin,Washburn,2024,17024.0,14.0,67.0,82.24,393.56
Wisconsin,Waupaca,2024,51429.0,18.0,23.0,35.0,44.72
Wisconsin,Waushara,2024,25073.0,5.0,82.0,19.94,327.05
Wisconsin,Wood,2024,74255.0,36.0,59.0,48.48,79.46
Wyoming,Laramie,2024,101687.0,53.0,268.0,52.12,263.55
Wyoming,Natrona,2024,80271.0,5.0,51.0,6.23,63.53
Wyoming,Albany,2024,38545.0,6.0,39.0,15.57,101.18
Wyoming,Campbell,2024,48092.0,32.0,91.0,66.54,189.22
Wyoming,Converse,2024,13790.0,4.0,29.0,29.01,210.3
Wyoming,Crook,2024,7791.0,3.0,18.0,38.51,231.04
Wyoming,Goshen,2024,12639.0,2.0,21.0,15.82,166.15
Wyoming,Hot Springs,2024,4606.0,0.0,3.0,0.0,65.13
Wyoming,Johnson,2024,8829.0,4.0,36.0,45.31,407.75
Wyoming,Lincoln,2024,20988.0,7.0,39.0,33.35,185.82
Wyoming,Niobrara,2024,2315.0,4.0,13.0,172.79,561.56
Wyoming,Park,2024,31107.0,17.0,50.0,54.65,160.74
Wyoming,Platte,2024,8563.0,4.0,3.0,46.71,35.03
Wyoming,Sheridan,2024,32933.0,10.0,19.0,30.36,57.69
Wyoming,Sublette,2024,8949.0,9.0,30.0,100.57,335.23
Wyoming,Sweetwater,2024,41350.0,11.0,87.0,26.6,210.4
Wyoming,Teton,2024,23345.0,5.0,21.0,21.42,89.96
Wyoming,Uinta,2024,20653.0,4.0,22.0,19.37,106.52
Wyoming,Washakie,2024,7637.0,2.0,7.0,26.19,91.66
Wyoming,Weston,2024,6870.0,2.0,25.0,29.11,363.9
