State_FIPS,County_FIPS,FIPS_5digit,State,County,Population_2020,Population_2021,Population_2022,Population_2023,Population_2024,Violent_Crime_2020,Violent_Crime_2021,Violent_Crime_2022,Violent_Crime_2023,Violent_Crime_2024,Property_Crime_2020,Property_Crime_2021,Property_Crime_2022,Property_Crime_2023,Property_Crime_2024,Violent_Crime_Rate_2020,Violent_Crime_Rate_2021,Violent_Crime_Rate_2022,Violent_Crime_Rate_2023,Violent_Crime_Rate_2024,Property_Crime_Rate_2020,Property_Crime_Rate_2021,Property_Crime_Rate_2022,Property_Crime_Rate_2023,Property_Crime_Rate_2024,Population_Avg,Violent_Crime_Avg,Property_Crime_Avg,Violent_Crime_Rate_Avg,Property_Crime_Rate_Avg
01,001,01001,Alabama,Autauga,58914.0,59207.0,59755.0,60502.0,61476.0,59.0,62.0,62.0,47.0,54.0,267.0,265.0,228.0,220.0,221.0,100.15,104.72,103.76,77.68,87.84,453.2,447.58,381.56,363.62,359.49,59970.8,56.8,240.2,94.83,401.09
01,019,01019,Alabama,Cherokee,24978.0,25056.0,25318.0,25650.0,26088.0,67.0,71.0,52.0,64.0,49.0,313.0,339.0,280.0,308.0,264.0,268.24,283.37,205.39,249.51,187.83,1253.1,1352.97,1105.93,1200.78,1011.96,25418.0,60.6,300.8,238.87,1184.95
01,025,01025,Alabama,Clarke,22982.0,22732.0,22541.0,22336.0,22127.0,42.0,63.0,35.0,62.0,36.0,53.0,99.0,95.0,92.0,73.0,182.75,277.14,155.27,277.58,162.7,230.62,435.51,421.45,411.89,329.91,22543.6,47.6,82.4,211.09,365.88
01,091,01091,Alabama,Marengo,19266.0,18974.0,18789.0,18672.0,,26.0,7.0,13.0,18.0,,88.0,38.0,52.0,42.0,,134.95,36.89,69.19,96.4,,456.76,200.27,276.76,224.94,,18925.25,16.0,55.0,84.36,289.68
04,015,04015,Arizona,Mohave,214167.0,217232.0,220791.0,223586.0,226262.0,153.0,246.0,263.0,182.0,206.0,1637.0,1649.0,1599.0,1428.0,1335.0,71.44,113.24,119.12,81.4,91.04,764.36,759.1,724.21,638.68,590.02,220407.6,210.0,1529.6,95.25,695.27
04,019,04019,Arizona,Pima,1045245.0,1049271.0,1058224.0,1065239.0,1073456.0,922.0,910.0,796.0,806.0,759.0,7020.0,7024.0,7459.0,7152.0,7085.0,88.21,86.73,75.22,75.66,70.71,671.61,669.42,704.86,671.4,660.02,1058287.0,838.6,7148.0,79.31,675.46
04,021,04021,Arizona,Pinal,430231.0,449128.0,465550.0,486554.0,515726.0,269.0,311.0,274.0,271.0,251.0,1438.0,1531.0,1429.0,1425.0,1238.0,62.52,69.25,58.86,55.7,48.67,334.24,340.88,306.95,292.88,240.05,469437.8,275.2,1412.2,59.0,303.0
04,025,04025,Arizona,Yavapai,237223.0,242454.0,246237.0,249100.0,251196.0,193.0,260.0,304.0,226.0,237.0,837.0,602.0,600.0,500.0,428.0,81.36,107.24,123.46,90.73,94.35,352.83,248.29,243.67,200.72,170.38,245242.0,244.0,593.4,99.43,243.18
04,027,04027,Arizona,Yuma,205618.0,207654.0,209117.0,214228.0,221388.0,155.0,176.0,177.0,211.0,135.0,830.0,937.0,834.0,712.0,708.0,75.38,84.76,84.64,98.49,60.98,403.66,451.23,398.82,332.36,319.8,211601.0,170.8,804.2,80.85,381.17
04,007,04007,Arizona,Gila,53338.0,,,54040.0,54126.0,186.0,,,59.0,54.0,370.0,,,87.0,106.0,348.72,,,109.18,99.77,693.69,,,160.99,195.84,53834.67,99.67,187.67,185.89,350.17
04,009,04009,Arizona,Graham,38626.0,,38784.0,39552.0,40239.0,9.0,,19.0,6.0,16.0,98.0,,59.0,51.0,33.0,23.3,,48.99,15.17,39.76,253.72,,152.12,128.94,82.01,39300.25,12.5,60.25,31.8,154.2
04,011,04011,Arizona,Greenlee,9531.0,,,,,4.0,,,,,27.0,,,,,41.97,,,,,283.29,,,,,9531.0,4.0,27.0,41.97,283.29
04,017,04017,Arizona,Navajo,106748.0,,108671.0,109197.0,109563.0,46.0,,83.0,70.0,67.0,261.0,,203.0,182.0,162.0,43.09,,76.38,64.1,61.15,244.5,,186.8,166.67,147.86,108544.75,66.5,202.0,61.18,186.46
04,023,04023,Arizona,Santa Cruz,47711.0,,,49204.0,,3.0,,,26.0,,104.0,,,95.0,,6.29,,,52.84,,217.98,,,193.07,,48457.5,14.5,99.5,29.56,205.52
05,007,05007,Arkansas,Benton,286597.0,294169.0,303380.0,311656.0,322001.0,149.0,175.0,143.0,125.0,111.0,494.0,400.0,337.0,288.0,247.0,51.99,59.49,47.14,40.11,34.47,172.37,135.98,111.08,92.41,76.71,303560.6,140.6,353.2,46.64,117.71
05,025,05025,Arkansas,Cleveland,7551.0,7487.0,7468.0,7388.0,7375.0,40.0,17.0,23.0,25.0,15.0,111.0,130.0,138.0,39.0,38.0,529.73,227.06,307.98,338.39,203.39,1470.0,1736.34,1847.88,527.88,515.25,7453.8,24.0,91.2,321.31,1219.47
05,031,05031,Arkansas,Craighead,111624.0,111720.0,112808.0,114216.0,116378.0,55.0,52.0,75.0,58.0,54.0,305.0,314.0,267.0,225.0,147.0,49.27,46.54,66.48,50.78,46.4,273.24,281.06,236.69,197.0,126.31,113349.2,58.8,251.6,51.89,222.86
05,033,05033,Arkansas,Crawford,60164.0,60410.0,61068.0,61765.0,62256.0,46.0,56.0,58.0,65.0,70.0,214.0,308.0,255.0,227.0,219.0,76.46,92.7,94.98,105.24,112.44,355.69,509.85,417.57,367.52,351.77,61132.6,59.0,244.6,96.36,400.48
05,035,05035,Arkansas,Crittenden,48076.0,47414.0,47004.0,47182.0,46789.0,158.0,188.0,159.0,134.0,135.0,236.0,263.0,268.0,250.0,216.0,328.65,396.51,338.27,284.01,288.53,490.89,554.69,570.16,529.86,461.65,47293.0,154.8,246.6,327.19,521.45
05,045,05045,Arkansas,Faulkner,123830.0,125630.0,127693.0,,132167.0,155.0,152.0,133.0,,88.0,791.0,786.0,617.0,,419.0,125.17,120.99,104.16,,66.58,638.78,625.65,483.19,,317.02,127330.0,132.0,653.25,104.22,516.16
05,047,05047,Arkansas,Franklin,17131.0,17142.0,17254.0,17445.0,17602.0,63.0,59.0,53.0,67.0,40.0,144.0,131.0,94.0,97.0,61.0,367.75,344.18,307.18,384.06,227.25,840.58,764.2,544.8,556.03,346.55,17314.8,56.4,105.4,326.08,610.43
05,051,05051,Arkansas,Garland,100259.0,100318.0,99975.0,99772.0,99910.0,295.0,360.0,353.0,304.0,322.0,1299.0,1260.0,1164.0,1175.0,919.0,294.24,358.86,353.09,304.69,322.29,1295.64,1256.01,1164.29,1177.69,919.83,100046.8,326.8,1163.4,326.63,1162.69
05,053,05053,Arkansas,Grant,18016.0,18116.0,18114.0,18409.0,18597.0,19.0,34.0,19.0,30.0,44.0,212.0,179.0,149.0,123.0,111.0,105.46,187.68,104.89,162.96,236.6,1176.73,988.08,822.57,668.15,596.87,18250.4,29.2,154.8,159.52,850.48
05,069,05069,Arkansas,Jefferson,66825.0,65599.0,64278.0,63497.0,63605.0,121.0,82.0,100.0,70.0,76.0,359.0,440.0,429.0,387.0,321.0,181.07,125.0,155.57,110.24,119.49,537.22,670.74,667.41,609.48,504.68,64760.8,89.8,387.2,138.27,597.91
05,079,05079,Arkansas,Lincoln,12893.0,13184.0,12924.0,12906.0,12862.0,3.0,4.0,29.0,19.0,13.0,28.0,36.0,90.0,83.0,66.0,23.27,30.34,224.39,147.22,101.07,217.17,273.06,696.38,643.11,513.14,12953.8,13.6,60.6,105.26,468.57
05,081,05081,Arkansas,Little River,11978.0,11936.0,11817.0,11812.0,11699.0,24.0,20.0,17.0,29.0,29.0,67.0,82.0,62.0,48.0,62.0,200.37,167.56,143.86,245.51,247.88,559.36,687.0,524.67,406.37,529.96,11848.4,23.8,64.2,201.04,541.47
05,085,05085,Arkansas,Lonoke,74065.0,74754.0,75226.0,75957.0,76390.0,108.0,122.0,97.0,135.0,129.0,471.0,366.0,371.0,336.0,335.0,145.82,163.2,128.94,177.73,168.87,635.93,489.61,493.18,442.36,438.54,75278.4,118.2,375.8,156.91,499.92
05,087,05087,Arkansas,Madison,16555.0,16961.0,17485.0,17817.0,18062.0,63.0,56.0,53.0,28.0,73.0,111.0,128.0,110.0,94.0,97.0,380.55,330.17,303.12,157.15,404.16,670.49,754.67,629.11,527.59,537.04,17376.0,54.6,108.0,315.03,623.78
05,091,05091,Arkansas,Miller,42586.0,42460.0,42501.0,42472.0,42360.0,54.0,63.0,42.0,49.0,44.0,198.0,147.0,160.0,123.0,115.0,126.8,148.37,98.82,115.37,103.87,464.94,346.21,376.46,289.6,271.48,42475.8,50.4,148.6,118.65,349.74
05,105,05105,Arkansas,Perry,9996.0,9985.0,10065.0,10187.0,10271.0,39.0,24.0,43.0,33.0,23.0,93.0,121.0,109.0,104.0,80.0,390.16,240.36,427.22,323.94,223.93,930.37,1211.82,1082.96,1020.91,778.89,10100.8,32.4,101.4,321.12,1004.99
05,111,05111,Arkansas,Poinsett,22953.0,22658.0,22424.0,22402.0,22318.0,50.0,31.0,56.0,58.0,51.0,118.0,100.0,180.0,116.0,81.0,217.84,136.82,249.73,258.91,228.52,514.09,441.35,802.71,517.81,362.94,22551.0,49.2,119.0,218.36,527.78
05,119,05119,Arkansas,Pulaski,399252.0,398104.0,400246.0,401297.0,403394.0,641.0,722.0,512.0,465.0,448.0,1595.0,1593.0,1674.0,1306.0,1166.0,160.55,181.36,127.92,115.87,111.06,399.5,400.15,418.24,325.44,289.05,400458.6,557.6,1466.8,139.35,366.48
05,125,05125,Arkansas,Saline,123830.0,125391.0,127485.0,129667.0,131769.0,185.0,165.0,145.0,139.0,162.0,649.0,712.0,635.0,411.0,546.0,149.4,131.59,113.74,107.2,122.94,524.11,567.82,498.1,316.97,414.36,127628.4,159.2,590.6,124.97,464.27
05,131,05131,Arkansas,Sebastian,127807.0,128221.0,129163.0,129074.0,130323.0,51.0,37.0,16.0,36.0,22.0,141.0,112.0,149.0,108.0,62.0,39.9,28.86,12.39,27.89,16.88,110.32,87.35,115.36,83.67,47.57,128917.6,32.4,114.4,25.18,88.85
05,143,05143,Arkansas,Washington,246756.0,251689.0,257206.0,261613.0,267370.0,190.0,125.0,140.0,159.0,146.0,571.0,552.0,453.0,357.0,266.0,77.0,49.66,54.43,60.78,54.61,231.4,219.32,176.12,136.46,99.49,256926.8,152.0,439.8,59.3,172.56
05,001,05001,Arkansas,Arkansas,17106.0,16670.0,16464.0,16334.0,16092.0,22.0,28.0,16.0,14.0,31.0,78.0,62.0,62.0,51.0,57.0,128.61,167.97,97.18,85.71,192.64,455.98,371.93,376.58,312.23,354.21,16533.2,22.2,62.0,134.42,374.19
05,003,05003,Arkansas,Ashley,18959.0,18642.0,18308.0,18254.0,18024.0,23.0,24.0,12.0,9.0,5.0,113.0,105.0,112.0,77.0,92.0,121.31,128.74,65.55,49.3,27.74,596.02,563.24,611.75,421.83,510.43,18437.4,14.6,99.8,78.53,540.65
05,005,05005,Arkansas,Baxter,41692.0,42182.0,42384.0,42746.0,42859.0,66.0,43.0,43.0,39.0,40.0,493.0,402.0,350.0,231.0,143.0,158.3,101.94,101.45,91.24,93.33,1182.48,953.01,825.78,540.4,333.65,42372.6,46.2,323.8,109.25,767.06
05,009,05009,Arkansas,Boone,37386.0,37879.0,38234.0,38480.0,38531.0,195.0,108.0,93.0,49.0,49.0,205.0,134.0,143.0,162.0,136.0,521.59,285.12,243.24,127.34,127.17,548.33,353.76,374.01,421.0,352.96,38102.0,98.8,156.0,260.89,410.01
05,011,05011,Arkansas,Bradley,10501.0,10338.0,,,9997.0,14.0,7.0,,,17.0,49.0,26.0,,,46.0,133.32,67.71,,,170.05,466.62,251.5,,,460.14,10278.67,12.67,40.33,123.69,392.75
05,013,05013,Arkansas,Calhoun,4738.0,4728.0,4704.0,4648.0,4677.0,13.0,9.0,16.0,17.0,14.0,50.0,57.0,53.0,32.0,23.0,274.38,190.36,340.14,365.75,299.34,1055.3,1205.58,1126.7,688.47,491.77,4699.0,13.8,43.0,293.99,913.56
05,015,05015,Arkansas,Carroll,28245.0,28533.0,28695.0,28806.0,29089.0,41.0,37.0,34.0,39.0,24.0,149.0,91.0,112.0,81.0,61.0,145.16,129.67,118.49,135.39,82.51,527.53,318.93,390.31,281.19,209.7,28673.6,35.0,98.8,122.24,345.53
05,017,05017,Arkansas,Chicot,10154.0,10038.0,9826.0,9508.0,9322.0,4.0,13.0,1.0,5.0,2.0,78.0,80.0,63.0,49.0,54.0,39.39,129.51,10.18,52.59,21.45,768.17,796.97,641.16,515.36,579.27,9769.6,5.0,64.8,50.62,660.19
05,019,05019,Arkansas,Clark,21404.0,21246.0,21113.0,20891.0,20952.0,12.0,24.0,21.0,8.0,12.0,56.0,69.0,68.0,64.0,31.0,56.06,112.96,99.46,38.29,57.27,261.63,324.77,322.08,306.35,147.96,21121.2,15.4,57.6,72.81,272.56
05,023,05023,Arkansas,Cleburne,24712.0,25012.0,25256.0,25478.0,25641.0,153.0,188.0,186.0,167.0,140.0,311.0,288.0,281.0,203.0,257.0,619.13,751.64,736.46,655.47,546.0,1258.5,1151.45,1112.61,796.77,1002.3,25219.8,166.8,268.0,661.74,1064.33
05,027,05027,Arkansas,Columbia,22747.0,22471.0,22313.0,22192.0,22014.0,41.0,37.0,43.0,33.0,29.0,81.0,130.0,86.0,71.0,48.0,180.24,164.66,192.71,148.7,131.73,356.09,578.52,385.43,319.94,218.04,22347.4,36.6,83.2,163.61,371.6
05,029,05029,Arkansas,Conway,20733.0,20909.0,21088.0,21087.0,21388.0,56.0,72.0,73.0,38.0,47.0,217.0,260.0,239.0,175.0,113.0,270.1,344.35,346.17,180.21,219.75,1046.64,1243.48,1133.35,829.9,528.33,21041.0,57.2,200.8,272.12,956.34
05,043,05043,Arkansas,Drew,17321.0,17067.0,16934.0,17011.0,16988.0,21.0,32.0,32.0,22.0,20.0,117.0,91.0,74.0,70.0,56.0,121.24,187.5,188.97,129.33,117.73,675.48,533.19,436.99,411.5,329.64,17064.2,25.4,81.6,148.95,477.36
05,049,05049,Arkansas,Fulton,12052.0,12139.0,12357.0,12431.0,12554.0,25.0,39.0,47.0,31.0,32.0,59.0,64.0,84.0,76.0,68.0,207.43,321.28,380.35,249.38,254.9,489.55,527.23,679.78,611.37,541.66,12306.6,34.8,70.2,282.67,569.92
05,057,05057,Arkansas,Hempstead,19993.0,19662.0,19453.0,19384.0,19254.0,41.0,38.0,43.0,41.0,47.0,138.0,100.0,138.0,119.0,94.0,205.07,193.27,221.05,211.51,244.11,690.24,508.6,709.4,613.91,488.21,19549.2,42.0,117.8,215.0,602.07
05,061,05061,Arkansas,Howard,12760.0,12691.0,12600.0,12565.0,12496.0,18.0,11.0,23.0,3.0,8.0,29.0,59.0,41.0,47.0,26.0,141.07,86.68,182.54,23.88,64.02,227.27,464.9,325.4,374.05,208.07,12622.4,12.6,40.4,99.64,319.94
05,063,05063,Arkansas,Independence,37941.0,38051.0,38257.0,38452.0,38569.0,196.0,191.0,131.0,131.0,87.0,421.0,448.0,407.0,312.0,233.0,516.59,501.96,342.42,340.68,225.57,1109.62,1177.37,1063.86,811.4,604.11,38254.0,147.2,364.2,385.44,953.27
05,065,05065,Arkansas,Izard,13604.0,13920.0,14024.0,14189.0,14299.0,60.0,97.0,105.0,72.0,55.0,192.0,97.0,94.0,79.0,47.0,441.05,696.84,748.72,507.44,384.64,1411.35,696.84,670.28,556.77,328.69,14007.2,77.8,101.8,555.74,732.79
05,067,05067,Arkansas,Jackson,16742.0,16762.0,16582.0,16741.0,16638.0,37.0,44.0,33.0,21.0,23.0,133.0,107.0,101.0,83.0,58.0,221.0,262.5,199.01,125.44,138.24,794.41,638.35,609.09,495.79,348.6,16693.0,31.6,96.4,189.24,577.25
05,071,05071,Arkansas,Johnson,25721.0,25942.0,25984.0,26135.0,26247.0,81.0,97.0,51.0,65.0,46.0,94.0,115.0,81.0,86.0,49.0,314.92,373.91,196.27,248.71,175.26,365.46,443.3,311.73,329.06,186.69,26005.8,68.0,85.0,261.81,327.25
05,077,05077,Arkansas,Lee,8582.0,8620.0,8424.0,,8138.0,11.0,15.0,7.0,,9.0,110.0,72.0,57.0,,31.0,128.18,174.01,83.1,,110.59,1281.75,835.27,676.64,,380.93,8441.0,10.5,67.5,123.97,793.65
05,083,05083,Arkansas,Logan,21108.0,21226.0,21253.0,21364.0,21531.0,53.0,68.0,60.0,75.0,58.0,171.0,190.0,222.0,147.0,142.0,251.09,320.36,282.31,351.06,269.38,810.12,895.13,1044.56,688.07,659.51,21296.4,62.8,174.4,294.84,819.48
05,093,05093,Arkansas,Mississippi,40535.0,39511.0,38807.0,38638.0,38174.0,37.0,20.0,29.0,45.0,42.0,319.0,288.0,245.0,237.0,192.0,91.28,50.62,74.73,116.47,110.02,786.97,728.91,631.33,613.39,502.96,39133.0,34.6,256.2,88.62,652.71
05,095,05095,Arkansas,Monroe,6769.0,,,,6369.0,7.0,,,,7.0,22.0,,,,26.0,103.41,,,,109.91,325.01,,,,408.23,6569.0,7.0,24.0,106.66,366.62
05,099,05099,Arkansas,Nevada,8284.0,8181.0,8185.0,8125.0,,12.0,14.0,9.0,14.0,,23.0,33.0,29.0,33.0,,144.86,171.13,109.96,172.31,,277.64,403.37,354.31,406.15,,8193.75,12.25,29.5,149.56,360.37
05,109,05109,Arkansas,Pike,10158.0,10106.0,10128.0,10187.0,10055.0,26.0,1.0,8.0,8.0,6.0,133.0,32.0,34.0,40.0,27.0,255.96,9.9,78.99,78.53,59.67,1309.31,316.64,335.7,392.66,268.52,10126.8,9.8,53.2,96.61,524.57
05,113,05113,Arkansas,Polk,19186.0,19322.0,19356.0,19463.0,19435.0,61.0,75.0,75.0,69.0,57.0,59.0,72.0,65.0,52.0,29.0,317.94,388.16,387.48,354.52,293.29,307.52,372.63,335.81,267.17,149.22,19352.4,67.4,55.4,348.28,286.47
05,115,05115,Arkansas,Pope,63414.0,63742.0,64025.0,64709.0,64666.0,84.0,87.0,79.0,100.0,110.0,259.0,181.0,253.0,176.0,153.0,132.46,136.49,123.39,154.54,170.1,408.43,283.96,395.16,271.99,236.6,64111.2,92.0,204.4,143.4,319.23
05,117,05117,Arkansas,Prairie,8247.0,8079.0,8036.0,8016.0,7963.0,4.0,11.0,12.0,27.0,38.0,55.0,60.0,67.0,66.0,40.0,48.5,136.16,149.33,336.83,477.21,666.91,742.67,833.75,823.35,502.32,8068.2,18.4,57.6,229.61,713.8
05,121,05121,Arkansas,Randolph,18593.0,18790.0,18811.0,18869.0,18944.0,30.0,30.0,40.0,44.0,28.0,107.0,129.0,132.0,117.0,95.0,161.35,159.66,212.64,233.19,147.8,575.49,686.54,701.72,620.06,501.48,18801.4,34.4,116.0,182.93,617.06
05,127,05127,Arkansas,Scott,9828.0,9792.0,9786.0,9833.0,9866.0,25.0,18.0,18.0,21.0,8.0,49.0,70.0,59.0,48.0,35.0,254.38,183.82,183.94,213.57,81.09,498.58,714.87,602.9,488.15,354.75,9821.0,18.0,52.2,183.36,531.85
05,129,05129,Arkansas,Searcy,7845.0,7903.0,7914.0,7844.0,7844.0,16.0,17.0,15.0,16.0,23.0,15.0,11.0,31.0,24.0,21.0,203.95,215.11,189.54,203.98,293.22,191.2,139.19,391.71,305.97,267.72,7870.0,17.4,20.4,221.16,259.16
05,133,05133,Arkansas,Sevier,15778.0,15704.0,15682.0,15700.0,15847.0,20.0,44.0,33.0,32.0,22.0,61.0,42.0,22.0,32.0,20.0,126.76,280.18,210.43,203.82,138.83,386.61,267.45,140.29,203.82,126.21,15742.2,30.2,35.4,192.0,224.88
05,123,05123,Arkansas,St. Francis,23019.0,22711.0,22360.0,22080.0,,35.0,53.0,67.0,47.0,,164.0,64.0,72.0,71.0,,152.05,233.37,299.64,212.86,,712.45,281.8,322.0,321.56,,22542.5,50.5,92.75,224.48,409.45
05,139,05139,Arkansas,Union,38942.0,38312.0,37856.0,37413.0,37121.0,61.0,61.0,84.0,73.0,81.0,238.0,209.0,215.0,185.0,189.0,156.64,159.22,221.89,195.12,218.21,611.17,545.52,567.94,494.48,509.15,37928.8,72.0,207.2,190.22,545.65
05,141,05141,Arkansas,Van Buren,15803.0,15777.0,16116.0,16175.0,16227.0,43.0,42.0,32.0,64.0,81.0,151.0,144.0,155.0,163.0,131.0,272.1,266.21,198.56,395.67,499.17,955.51,912.72,961.78,1007.73,807.3,16019.6,52.4,148.8,326.34,929.01
05,145,05145,Arkansas,White,76854.0,77072.0,77637.0,78473.0,79128.0,207.0,270.0,263.0,232.0,211.0,672.0,628.0,530.0,477.0,412.0,269.34,350.32,338.76,295.64,266.66,874.39,814.82,682.66,607.85,520.68,77832.8,236.6,543.8,304.14,700.08
05,149,05149,Arkansas,Yell,20218.0,20130.0,20108.0,20003.0,20103.0,52.0,54.0,98.0,46.0,47.0,148.0,126.0,118.0,79.0,45.0,257.2,268.26,487.37,229.97,233.8,732.02,625.93,586.83,394.94,223.85,20112.4,59.4,103.2,295.32,512.71
06,001,06001,California,Alameda,1680489.0,,1633138.0,1633055.0,1636624.0,700.0,,766.0,864.0,776.0,2286.0,,2577.0,2944.0,2182.0,41.65,,46.9,52.91,47.41,136.03,,157.79,180.28,133.32,1645826.5,776.5,2497.25,47.22,151.86
06,007,06007,California,Butte,210204.0,,207312.0,207286.0,208586.0,341.0,,431.0,439.0,362.0,1120.0,,972.0,870.0,652.0,162.22,,207.9,211.78,173.55,532.82,,468.86,419.71,312.58,208347.0,393.25,903.5,188.86,433.49
06,013,06013,California,Contra Costa,1166249.0,,1160163.0,1161953.0,1169534.0,298.0,,397.0,514.0,479.0,1178.0,,1780.0,1837.0,2333.0,25.55,,34.22,44.24,40.96,101.01,,153.43,158.1,199.48,1164474.75,422.0,1782.0,36.24,153.0
06,017,06017,California,El Dorado,191237.0,,192914.0,192090.0,192371.0,219.0,,324.0,347.0,281.0,1735.0,,1283.0,1241.0,786.0,114.52,,167.95,180.64,146.07,907.25,,665.06,646.05,408.59,192153.0,292.75,1261.25,152.29,656.74
06,019,06019,California,Fresno,1009563.0,,1017870.0,1025304.0,1033698.0,1137.0,,1166.0,1185.0,1174.0,3035.0,,3754.0,2952.0,2857.0,112.62,,114.55,115.58,113.57,300.63,,368.81,287.91,276.39,1021608.75,1165.5,3149.5,114.08,308.44
06,025,06025,California,Imperial,179532.0,,179421.0,180683.0,182771.0,200.0,,186.0,175.0,108.0,711.0,,496.0,413.0,267.0,111.4,,103.67,96.85,59.09,396.03,,276.44,228.58,146.08,180601.75,167.25,471.75,92.75,261.78
06,029,06029,California,Kern,905960.0,,917074.0,917599.0,924648.0,3369.0,,3537.0,3194.0,3160.0,8708.0,,9396.0,7863.0,7085.0,371.87,,385.68,348.08,341.75,961.19,,1024.56,856.91,766.24,916320.25,3315.0,8263.0,361.84,902.22
06,031,06031,California,Kings,152813.0,,152763.0,153197.0,154119.0,103.0,,110.0,116.0,154.0,377.0,,414.0,334.0,401.0,67.4,,72.01,75.72,99.92,246.71,,271.01,218.02,260.19,153223.0,120.75,381.5,78.76,248.98
06,037,06037,California,Los Angeles,9996510.0,,9748524.0,9732568.0,9748868.0,5605.0,,6382.0,6268.0,5909.0,15554.0,,17070.0,18148.0,17982.0,56.07,,65.47,64.4,60.61,155.59,,175.1,186.47,184.45,9806617.5,6041.0,17188.5,61.64,175.4
06,039,06039,California,Madera,156396.0,,160377.0,163632.0,166132.0,231.0,,376.0,357.0,338.0,673.0,,941.0,908.0,980.0,147.7,,234.45,218.17,203.45,430.32,,586.74,554.9,589.89,161634.25,325.5,875.5,200.94,540.46
06,041,06041,California,Marin,261337.0,,257038.0,255443.0,255704.0,90.0,,68.0,61.0,79.0,812.0,,420.0,339.0,403.0,34.44,,26.46,23.88,30.9,310.71,,163.4,132.71,157.6,257380.5,74.5,493.5,28.92,191.1
06,047,06047,California,Merced,282895.0,,291781.0,294319.0,296807.0,467.0,,479.0,389.0,365.0,1357.0,,1564.0,1483.0,1383.0,165.08,,164.16,132.17,122.98,479.68,,536.02,503.88,465.96,291450.5,425.0,1446.75,146.1,496.38
06,053,06053,California,Monterey,440493.0,,435884.0,434107.0,433447.0,221.0,,376.0,372.0,394.0,1084.0,,938.0,742.0,712.0,50.17,,86.26,85.69,90.9,246.09,,215.19,170.93,164.26,435982.75,340.75,869.0,78.26,199.12
06,055,06055,California,Napa,137481.0,,134499.0,133628.0,133115.0,57.0,,56.0,70.0,74.0,336.0,,234.0,218.0,158.0,41.46,,41.64,52.38,55.59,244.4,,173.98,163.14,118.69,134680.75,64.25,236.5,47.77,175.05
06,059,06059,California,Orange,3186167.0,,3156252.0,3149341.0,3158027.0,254.0,,310.0,327.0,423.0,909.0,,1194.0,1070.0,894.0,7.97,,9.82,10.38,13.39,28.53,,37.83,33.98,28.31,3162446.75,328.5,1016.75,10.39,32.16
06,061,06061,California,Placer,405971.0,,,425195.0,434279.0,220.0,,,543.0,357.0,952.0,,,1027.0,851.0,54.19,,,127.71,82.21,234.5,,,241.54,195.96,421815.0,373.33,943.33,88.04,224.0
06,065,06065,California,Riverside,2424446.0,,2479339.0,2503742.0,2529112.0,964.0,,1034.0,1172.0,998.0,6901.0,,7415.0,6780.0,5963.0,39.76,,41.7,46.81,39.46,284.64,,299.07,270.79,235.77,2484159.75,1042.0,6764.75,41.93,272.57
06,067,06067,California,Sacramento,1586769.0,,1588707.0,1596637.0,1609897.0,2579.0,,2721.0,2749.0,2825.0,7753.0,,9043.0,7642.0,8631.0,162.53,,171.27,172.17,175.48,488.6,,569.21,478.63,536.12,1595502.5,2718.5,8267.25,170.36,518.14
06,069,06069,California,San Benito,64525.0,,67674.0,68267.0,69085.0,33.0,,72.0,62.0,62.0,158.0,,149.0,131.0,133.0,51.14,,106.39,90.82,89.74,244.87,,220.17,191.89,192.52,67387.75,57.25,142.75,84.52,212.36
06,071,06071,California,San Bernardino,2183200.0,,2196267.0,,2218764.0,1859.0,,2004.0,,1505.0,3251.0,,3752.0,,3474.0,85.15,,91.25,,67.83,148.91,,170.84,,156.57,2199410.33,1789.33,3492.33,81.41,158.77
06,073,06073,California,San Diego,3301110.0,,3279089.0,3279736.0,3287542.0,1435.0,,1902.0,1689.0,1265.0,3894.0,,5802.0,3831.0,2453.0,43.47,,58.0,51.5,38.48,117.96,,176.94,116.81,74.62,3286869.25,1572.75,3995.0,47.86,121.58
06,077,06077,California,San Joaquin,780618.0,,795443.0,806055.0,817149.0,822.0,,873.0,824.0,776.0,2652.0,,2321.0,2601.0,1849.0,105.3,,109.75,102.23,94.96,339.73,,291.79,322.68,226.27,799816.25,823.75,2355.75,103.06,295.12
06,079,06079,California,San Luis Obispo,282257.0,,282747.0,282225.0,282153.0,260.0,,435.0,705.0,569.0,1065.0,,974.0,635.0,566.0,92.11,,153.85,249.8,201.66,377.32,,344.48,225.0,200.6,282345.5,492.25,810.0,174.36,286.85
06,081,06081,California,San Mateo,762639.0,,732245.0,733949.0,740627.0,319.0,,376.0,279.0,239.0,2896.0,,1912.0,1839.0,1630.0,41.83,,51.35,38.01,32.27,379.73,,261.11,250.56,220.08,742365.0,303.25,2069.25,40.86,277.87
06,083,06083,California,Santa Barbara,448325.0,,445401.0,442878.0,443081.0,225.0,,243.0,291.0,298.0,1616.0,,1401.0,1043.0,941.0,50.19,,54.56,65.71,67.26,360.45,,314.55,235.51,212.38,444921.25,264.25,1250.25,59.43,280.72
06,085,06085,California,Santa Clara,1931349.0,,1880151.0,1890377.0,1907910.0,323.0,,276.0,308.0,274.0,1296.0,,1479.0,1288.0,1435.0,16.72,,14.68,16.29,14.36,67.1,,78.66,68.13,75.21,1902446.75,295.25,1374.5,15.51,72.27
06,087,06087,California,Santa Cruz,271758.0,,265786.0,263322.0,261417.0,315.0,,371.0,339.0,282.0,1566.0,,1013.0,899.0,995.0,115.91,,139.59,128.74,107.87,576.25,,381.13,341.41,380.62,265570.75,326.75,1118.25,123.03,419.85
06,089,06089,California,Shasta,182191.0,,,,181392.0,393.0,,,,272.0,666.0,,,,517.0,215.71,,,,149.95,365.55,,,,285.02,181791.5,332.5,591.5,182.83,325.28
06,095,06095,California,Solano,452895.0,,449852.0,,455076.0,115.0,,115.0,,125.0,419.0,,337.0,,396.0,25.39,,25.56,,27.47,92.52,,74.91,,87.02,452607.67,118.33,384.0,26.14,84.82
06,097,06097,California,Sonoma,488514.0,,483236.0,483405.0,485363.0,586.0,,336.0,303.0,274.0,986.0,,820.0,782.0,745.0,119.96,,69.53,62.68,56.45,201.84,,169.69,161.77,153.49,485129.5,374.75,833.25,77.16,171.7
06,099,06099,California,Stanislaus,553702.0,,552453.0,554459.0,557372.0,436.0,,438.0,410.0,383.0,1171.0,,1332.0,1022.0,878.0,78.74,,79.28,73.95,68.72,211.49,,241.11,184.32,157.52,554496.5,416.75,1100.75,75.17,198.61
06,101,06101,California,Sutter,99463.0,,,98693.0,98933.0,69.0,,,126.0,116.0,530.0,,,395.0,383.0,69.37,,,127.67,117.25,532.86,,,400.23,387.13,99029.67,103.67,436.0,104.76,440.07
06,107,06107,California,Tulare,473915.0,,478037.0,480816.0,483851.0,344.0,,337.0,686.0,703.0,1884.0,,1905.0,1474.0,1687.0,72.59,,70.5,142.67,145.29,397.54,,398.5,306.56,348.66,479154.75,517.5,1737.5,107.76,362.82
06,111,06111,California,Ventura,843793.0,,834675.0,832071.0,833431.0,98.0,,71.0,127.0,174.0,730.0,,735.0,569.0,603.0,11.61,,8.51,15.26,20.88,86.51,,88.06,68.38,72.35,835992.5,117.5,659.25,14.06,78.82
06,113,06113,California,Yolo,217760.0,,222854.0,221962.0,223260.0,64.0,,81.0,41.0,42.0,266.0,,380.0,233.0,211.0,29.39,,36.35,18.47,18.81,122.15,,170.52,104.97,94.51,221459.0,57.0,272.5,25.76,123.04
06,115,06115,California,Yuba,81996.0,,84355.0,85709.0,87441.0,256.0,,187.0,247.0,359.0,880.0,,914.0,547.0,483.0,312.21,,221.68,288.18,410.56,1073.22,,1083.52,638.21,552.37,84875.25,262.25,706.0,308.16,836.83
06,003,06003,California,Alpine,1180.0,,1149.0,1105.0,1086.0,19.0,,11.0,9.0,12.0,13.0,,25.0,10.0,21.0,1610.17,,957.35,814.48,1104.97,1101.69,,2175.81,904.98,1933.7,1130.0,12.75,17.25,1121.74,1529.04
06,005,06005,California,Amador,40567.0,,41465.0,41783.0,41974.0,90.0,,95.0,64.0,82.0,312.0,,278.0,237.0,182.0,221.86,,229.11,153.17,195.36,769.1,,670.44,567.22,433.6,41447.25,82.75,252.25,199.88,610.09
06,009,06009,California,Calaveras,45349.0,,46545.0,46563.0,46496.0,146.0,,243.0,167.0,161.0,557.0,,510.0,500.0,418.0,321.95,,522.08,358.65,346.27,1228.25,,1095.71,1073.81,899.0,46238.25,179.25,496.25,387.24,1074.19
06,011,06011,California,Colusa,21858.0,,21927.0,22052.0,22016.0,24.0,,21.0,22.0,20.0,165.0,,190.0,164.0,96.0,109.8,,95.77,99.76,90.84,754.87,,866.51,743.7,436.05,21963.25,21.75,153.75,99.04,700.28
06,015,06015,California,Del Norte,27619.0,,26694.0,26520.0,26959.0,121.0,,85.0,65.0,49.0,313.0,,154.0,189.0,93.0,438.1,,318.42,245.1,181.76,1133.28,,576.91,712.67,344.97,26948.0,80.0,187.25,295.85,691.96
06,021,06021,California,Glenn,28889.0,,28363.0,28168.0,28320.0,128.0,,97.0,117.0,101.0,288.0,,180.0,199.0,277.0,443.08,,341.99,415.36,356.64,996.92,,634.63,706.48,978.11,28435.0,110.75,236.0,389.27,829.04
06,023,06023,California,Humboldt,136298.0,,134979.0,133956.0,132324.0,288.0,,237.0,201.0,202.0,967.0,,760.0,551.0,568.0,211.3,,175.58,150.05,152.66,709.47,,563.05,411.33,429.25,134389.25,232.0,711.5,172.4,528.28
06,027,06027,California,Inyo,18989.0,,18642.0,18420.0,18302.0,101.0,,93.0,139.0,96.0,165.0,,105.0,103.0,57.0,531.89,,498.87,754.61,524.53,868.92,,563.24,559.17,311.44,18588.25,107.25,107.5,577.47,575.69
06,033,06033,California,Lake,68208.0,,68271.0,68026.0,67880.0,193.0,,292.0,272.0,291.0,465.0,,471.0,397.0,365.0,282.96,,427.71,399.85,428.7,681.74,,689.9,583.6,537.71,68096.25,262.0,424.5,384.8,623.24
06,035,06035,California,Lassen,32349.0,,30269.0,28694.0,28593.0,70.0,,59.0,73.0,47.0,106.0,,215.0,186.0,119.0,216.39,,194.92,254.41,164.38,327.68,,710.3,648.22,416.19,29976.25,62.25,156.5,207.52,525.6
06,043,06043,California,Mariposa,17130.0,,17066.0,16934.0,16948.0,61.0,,71.0,99.0,94.0,183.0,,207.0,230.0,177.0,356.1,,416.03,584.62,554.64,1068.3,,1212.94,1358.21,1044.37,17019.5,81.25,199.25,477.85,1170.96
06,045,06045,California,Mendocino,91348.0,,,,88939.0,187.0,,,,185.0,664.0,,,,72.0,204.71,,,,208.01,726.89,,,,80.95,90143.5,186.0,368.0,206.36,403.92
06,049,06049,California,Modoc,8679.0,,8602.0,8542.0,8535.0,23.0,,29.0,38.0,21.0,31.0,,50.0,25.0,27.0,265.01,,337.13,444.86,246.05,357.18,,581.26,292.67,316.34,8589.5,27.75,33.25,323.26,386.86
06,051,06051,California,Mono,13222.0,,12982.0,13082.0,12692.0,21.0,,21.0,24.0,15.0,58.0,,27.0,34.0,27.0,158.83,,161.76,183.46,118.18,438.66,,207.98,259.9,212.73,12994.5,20.25,36.5,155.56,279.82
06,057,06057,California,Nevada,102280.0,,102377.0,102060.0,102146.0,116.0,,213.0,185.0,168.0,342.0,,366.0,322.0,302.0,113.41,,208.05,181.27,164.47,334.38,,357.5,315.5,295.66,102215.75,170.5,333.0,166.8,325.76
06,063,06063,California,Plumas,19745.0,,19396.0,19088.0,,159.0,,152.0,114.0,,282.0,,272.0,201.0,,805.27,,783.67,597.23,,1428.21,,1402.35,1053.02,,19409.67,141.67,251.67,728.72,1294.53
06,091,06091,California,Sierra,3226.0,,3203.0,3160.0,3121.0,4.0,,10.0,5.0,15.0,17.0,,19.0,12.0,18.0,123.99,,312.21,158.23,480.62,526.97,,593.19,379.75,576.74,3177.5,8.5,16.5,268.76,519.16
06,093,06093,California,Siskiyou,43983.0,,43602.0,42856.0,42490.0,98.0,,84.0,114.0,72.0,154.0,,104.0,59.0,32.0,222.81,,192.65,266.01,169.45,350.14,,238.52,137.67,75.31,43232.75,92.0,87.25,212.73,200.41
06,103,06103,California,Tehama,65760.0,,65312.0,65048.0,64767.0,161.0,,142.0,109.0,121.0,384.0,,350.0,342.0,282.0,244.83,,217.42,167.57,186.82,583.94,,535.89,525.77,435.41,65221.75,133.25,339.5,204.16,520.25
06,105,06105,California,Trinity,16099.0,,15813.0,15690.0,15697.0,82.0,,85.0,96.0,82.0,147.0,,167.0,139.0,140.0,509.35,,537.53,611.85,522.39,913.1,,1056.09,885.91,891.89,15824.75,86.25,148.25,545.28,936.75
06,109,06109,California,Tuolumne,55369.0,,53987.0,54172.0,54185.0,205.0,,330.0,327.0,230.0,603.0,,478.0,378.0,358.0,370.24,,611.26,603.63,424.47,1089.06,,885.4,697.78,660.7,54428.25,273.0,454.25,502.4,833.23
08,001,08001,Colorado,Adams,520411.0,523159.0,528035.0,537158.0,549257.0,620.0,657.0,493.0,374.0,440.0,3151.0,3448.0,2559.0,1720.0,2180.0,119.14,125.58,93.37,69.63,80.11,605.48,659.07,484.63,320.2,396.9,531604.0,516.8,2611.6,97.57,493.26
08,005,08005,Colorado,Arapahoe,655269.0,657020.0,659472.0,665778.0,675760.0,221.0,217.0,220.0,291.0,332.0,2352.0,2566.0,2360.0,2234.0,1930.0,33.73,33.03,33.36,43.71,49.13,358.94,390.55,357.86,335.55,285.6,662659.8,256.2,2288.4,38.59,345.7
08,013,08013,Colorado,Boulder,330982.0,327325.0,327914.0,327945.0,329485.0,80.0,114.0,96.0,105.0,85.0,760.0,819.0,740.0,730.0,760.0,24.17,34.83,29.28,32.02,25.8,229.62,250.21,225.67,222.6,230.66,328730.2,96.0,761.8,29.22,231.75
08,019,08019,Colorado,Clear Creek,9358.0,9403.0,9282.0,,9023.0,9.0,7.0,1.0,,2.0,50.0,59.0,48.0,,27.0,96.17,74.44,10.77,,22.17,534.3,627.46,517.13,,299.24,9266.5,4.75,46.0,50.89,494.53
08,035,08035,Colorado,Douglas,360315.0,369831.0,376188.0,384579.0,393051.0,326.0,390.0,260.0,408.0,426.0,2426.0,2775.0,1420.0,2393.0,2239.0,90.48,105.45,69.11,106.09,108.38,673.3,750.34,377.47,622.24,569.65,376792.8,362.0,2250.6,95.9,598.6
08,039,08039,Colorado,Elbert,26211.0,,27844.0,,29344.0,12.0,,1.0,,17.0,11.0,,31.0,,63.0,45.78,,3.59,,57.93,41.97,,111.33,,214.69,27799.67,10.0,35.0,35.77,122.66
08,041,08041,Colorado,El Paso,733721.0,738405.0,741819.0,745819.0,752356.0,545.0,553.0,560.0,558.0,600.0,2334.0,2291.0,2415.0,2827.0,2810.0,74.28,74.89,75.49,74.82,79.75,318.1,310.26,325.55,379.05,373.49,742424.0,563.2,2535.4,75.85,341.29
08,047,08047,Colorado,Gilpin,5817.0,5891.0,5898.0,5899.0,5955.0,11.0,13.0,9.0,4.0,9.0,84.0,96.0,75.0,38.0,51.0,189.1,220.68,152.59,67.81,151.13,1444.04,1629.6,1271.62,644.18,856.42,5892.0,9.2,68.8,156.26,1169.17
08,077,08077,Colorado,Mesa,156007.0,157516.0,158634.0,159794.0,161400.0,193.0,225.0,144.0,151.0,165.0,1370.0,1160.0,1038.0,945.0,886.0,123.71,142.84,90.77,94.5,102.23,878.17,736.43,654.34,591.39,548.95,158670.2,175.6,1079.8,110.81,681.86
08,093,08093,Colorado,Park,17425.0,17763.0,17940.0,,,38.0,45.0,32.0,,,45.0,53.0,40.0,,,218.08,253.34,178.37,,,258.25,298.37,222.97,,,17709.33,38.33,46.0,216.6,259.86
08,101,08101,Colorado,Pueblo,168334.0,169383.0,169540.0,,,35.0,41.0,61.0,,,,1152.0,1190.0,,,20.79,24.21,35.98,,,,680.12,701.9,,,169085.67,45.67,1171.0,26.99,691.01
08,119,08119,Colorado,Teller,24746.0,24954.0,24854.0,,24743.0,31.0,24.0,37.0,,3.0,80.0,71.0,49.0,,4.0,125.27,96.18,148.87,,12.12,323.28,284.52,197.15,,16.17,24824.25,23.75,51.0,95.61,205.28
08,123,08123,Colorado,Weld,331434.0,339891.0,,,371280.0,204.0,161.0,,,156.0,809.0,797.0,,,737.0,61.55,47.37,,,42.02,244.09,234.49,,,198.5,347535.0,173.67,781.0,50.31,225.69
08,011,08011,Colorado,Bent,5472.0,5336.0,5428.0,5711.0,5745.0,17.0,6.0,9.0,10.0,11.0,112.0,56.0,96.0,81.0,90.0,310.67,112.44,165.81,175.1,191.47,2046.78,1049.48,1768.61,1418.32,1566.58,5538.4,10.6,87.0,191.1,1569.95
08,015,08015,Colorado,Chaffee,19486.0,19731.0,20252.0,20596.0,20796.0,5.0,17.0,4.0,10.0,4.0,97.0,49.0,61.0,67.0,65.0,25.66,86.16,19.75,48.55,19.23,497.79,248.34,301.2,325.31,312.56,20172.2,8.0,67.8,39.87,337.04
08,017,08017,Colorado,Cheyenne,1746.0,,,,,1.0,,,,,5.0,,,,,57.27,,,,,286.37,,,,,1746.0,1.0,5.0,57.27,286.37
08,021,08021,Colorado,Conejos,7457.0,7588.0,,7500.0,,6.0,16.0,,0.0,,38.0,20.0,,29.0,,80.46,210.86,,0.0,,509.59,263.57,,386.67,,7515.0,7.33,29.0,97.11,386.61
08,025,08025,Colorado,Crowley,5707.0,5758.0,5611.0,5639.0,5648.0,5.0,12.0,11.0,3.0,11.0,60.0,33.0,42.0,33.0,29.0,87.61,208.41,196.04,53.2,194.76,1051.34,573.12,748.53,585.21,513.46,5672.6,8.4,39.4,148.0,694.33
08,027,08027,Colorado,Custer,4724.0,5069.0,5349.0,5559.0,,12.0,14.0,17.0,14.0,,79.0,53.0,40.0,34.0,,254.02,276.19,317.82,251.84,,1672.31,1045.57,747.8,611.62,,5175.25,14.25,51.5,274.97,1019.32
08,029,08029,Colorado,Delta,31062.0,31414.0,31575.0,31786.0,32294.0,12.0,10.0,3.0,4.0,9.0,222.0,160.0,168.0,113.0,108.0,38.63,31.83,9.5,12.58,27.87,714.7,509.33,532.07,355.5,334.43,31626.2,7.6,154.2,24.08,489.21
08,033,08033,Colorado,Dolores,2331.0,2375.0,2458.0,2521.0,2452.0,4.0,0.0,1.0,6.0,8.0,11.0,20.0,24.0,34.0,17.0,171.6,0.0,40.68,238.0,326.26,471.9,842.11,976.4,1348.67,693.31,2427.4,3.8,21.2,155.31,866.48
08,037,08037,Colorado,Eagle,55657.0,55786.0,55347.0,54807.0,54635.0,30.0,26.0,33.0,17.0,19.0,110.0,80.0,135.0,123.0,126.0,53.9,46.61,59.62,31.02,34.78,197.64,143.41,243.92,224.42,230.62,55246.4,25.0,114.8,45.19,208.0
08,043,08043,Colorado,Fremont,48880.0,49212.0,49544.0,50315.0,,39.0,27.0,25.0,24.0,,174.0,178.0,173.0,192.0,,79.79,54.86,50.46,47.7,,355.97,361.7,349.18,381.6,,49487.75,28.75,179.25,58.2,362.11
08,045,08045,Colorado,Garfield,61793.0,62122.0,62458.0,63215.0,63820.0,58.0,71.0,70.0,69.0,92.0,244.0,183.0,158.0,203.0,170.0,93.86,114.29,112.08,109.15,144.16,394.87,294.58,252.97,321.13,266.37,62681.6,72.0,191.6,114.71,305.98
08,051,08051,Colorado,Gunnison,16950.0,17291.0,,,,3.0,5.0,,,,25.0,14.0,,,,17.7,28.92,,,,147.49,80.97,,,,17120.5,4.0,19.5,23.31,114.23
08,053,08053,Colorado,Hinsdale,789.0,773.0,,,,0.0,0.0,,,,4.0,4.0,,,,0.0,0.0,,,,506.97,517.46,,,,781.0,0.0,4.0,0.0,512.22
08,055,08055,Colorado,Huerfano,6824.0,6940.0,,,,22.0,24.0,,,,158.0,179.0,,,,322.39,345.82,,,,2315.36,2579.25,,,,6882.0,23.0,168.5,334.1,2447.31
08,057,08057,Colorado,Jackson,1379.0,,,,,6.0,,,,,24.0,,,,,435.1,,,,,1740.39,,,,,1379.0,6.0,24.0,435.1,1740.39
08,061,08061,Colorado,Kiowa,1453.0,1452.0,1429.0,1375.0,1403.0,0.0,5.0,2.0,0.0,0.0,4.0,18.0,24.0,13.0,9.0,0.0,344.35,139.96,0.0,0.0,275.29,1239.67,1679.5,945.45,641.48,1422.4,1.4,13.6,96.86,956.28
08,067,08067,Colorado,La Plata,55679.0,56164.0,,56408.0,56930.0,32.0,38.0,,6.0,28.0,285.0,192.0,,39.0,130.0,57.47,67.66,,10.64,49.18,511.86,341.86,,69.14,228.35,56295.25,26.0,161.5,46.24,287.8
08,071,08071,Colorado,Las Animas,14491.0,14335.0,14299.0,14389.0,14511.0,5.0,12.0,15.0,8.0,15.0,72.0,167.0,99.0,54.0,50.0,34.5,83.71,104.9,55.6,103.37,496.86,1164.98,692.36,375.29,344.57,14405.0,11.0,88.4,76.42,614.81
08,075,08075,Colorado,Logan,21221.0,21015.0,20798.0,20596.0,20690.0,21.0,20.0,28.0,15.0,17.0,101.0,73.0,84.0,55.0,45.0,98.96,95.17,134.63,72.83,82.17,475.94,347.37,403.88,267.04,217.5,20864.0,20.2,71.6,96.75,342.35
08,079,08079,Colorado,Mineral,870.0,,,,,0.0,,,,,0.0,,,,,0.0,,,,,0.0,,,,,870.0,0.0,0.0,0.0,0.0
08,081,08081,Colorado,Moffat,13267.0,13161.0,13201.0,13388.0,,8.0,14.0,9.0,1.0,,39.0,43.0,33.0,25.0,,60.3,106.37,68.18,7.47,,293.96,326.72,249.98,186.73,,13254.25,8.0,35.0,60.58,264.35
08,083,08083,Colorado,Montezuma,25890.0,26258.0,26474.0,26566.0,26694.0,24.0,36.0,45.0,23.0,29.0,149.0,164.0,133.0,124.0,99.0,92.7,137.1,169.98,86.58,108.64,575.51,624.57,502.38,466.76,370.87,26376.4,31.4,133.8,119.0,508.02
08,085,08085,Colorado,Montrose,42825.0,43247.0,43838.0,44238.0,44687.0,36.0,26.0,18.0,15.0,37.0,196.0,171.0,177.0,107.0,76.0,84.06,60.12,41.06,33.91,82.8,457.68,395.4,403.76,241.87,170.07,43767.0,26.4,145.4,60.39,333.76
08,087,08087,Colorado,Morgan,29080.0,29020.0,29492.0,29945.0,30316.0,27.0,15.0,12.0,21.0,1.0,126.0,121.0,50.0,152.0,62.0,92.85,51.69,40.69,70.13,3.3,433.29,416.95,169.54,507.6,204.51,29570.6,15.2,102.2,51.73,346.38
08,089,08089,Colorado,Otero,18659.0,18517.0,18244.0,18117.0,17888.0,17.0,9.0,6.0,5.0,5.0,52.0,82.0,53.0,47.0,41.0,91.11,48.6,32.89,27.6,27.95,278.69,442.84,290.51,259.42,229.2,18285.0,8.4,55.0,45.63,300.13
08,091,08091,Colorado,Ouray,4879.0,5059.0,5095.0,5167.0,5173.0,6.0,1.0,2.0,1.0,4.0,26.0,32.0,21.0,24.0,13.0,122.98,19.77,39.25,19.35,77.32,532.9,632.54,412.17,464.49,251.3,5074.6,2.8,23.2,55.73,458.68
08,095,08095,Colorado,Phillips,4528.0,4504.0,4444.0,4460.0,4454.0,1.0,0.0,0.0,0.0,0.0,8.0,0.0,1.0,0.0,0.0,22.08,0.0,0.0,0.0,0.0,176.68,0.0,22.5,0.0,0.0,4478.0,0.2,1.8,4.42,39.84
08,097,08097,Colorado,Pitkin,17363.0,17360.0,16896.0,16761.0,16766.0,3.0,4.0,4.0,6.0,5.0,26.0,18.0,29.0,31.0,15.0,17.28,23.04,23.67,35.8,29.82,149.74,103.69,171.64,184.95,89.47,17029.2,4.4,23.8,25.92,139.9
08,099,08099,Colorado,Prowers,12012.0,11939.0,11828.0,11766.0,11904.0,9.0,7.0,11.0,10.0,12.0,14.0,33.0,39.0,45.0,40.0,74.93,58.63,93.0,84.99,100.81,116.55,276.41,329.73,382.46,336.02,11889.8,9.8,34.2,82.47,288.23
08,103,08103,Colorado,Rio Blanco,6522.0,6444.0,6572.0,6646.0,6792.0,4.0,2.0,1.0,1.0,1.0,14.0,16.0,4.0,17.0,11.0,61.33,31.04,15.22,15.05,14.72,214.66,248.29,60.86,255.79,161.96,6595.2,1.8,12.4,27.47,188.31
08,105,08105,Colorado,Rio Grande,11538.0,11403.0,,11196.0,11143.0,4.0,4.0,,0.0,9.0,57.0,71.0,,0.0,6.0,34.67,35.08,,0.0,80.77,494.02,622.64,,0.0,53.85,11320.0,4.25,33.5,37.63,292.63
08,107,08107,Colorado,Routt,24837.0,25073.0,25173.0,25290.0,25471.0,8.0,3.0,11.0,10.0,18.0,64.0,32.0,51.0,64.0,42.0,32.21,11.97,43.7,39.54,70.67,257.68,127.63,202.6,253.06,164.89,25168.8,10.0,50.6,39.62,201.17
08,111,08111,Colorado,San Juan,710.0,739.0,801.0,802.0,,0.0,2.0,1.0,0.0,,4.0,6.0,5.0,7.0,,0.0,270.64,124.84,0.0,,563.38,811.91,624.22,872.82,,763.0,0.75,5.5,98.87,718.08
08,113,08113,Colorado,San Miguel,8053.0,8086.0,8009.0,7874.0,7818.0,8.0,2.0,4.0,3.0,3.0,3.0,6.0,5.0,7.0,2.0,99.34,24.73,49.94,38.1,38.37,37.25,74.2,62.43,88.9,25.58,7968.0,4.0,4.6,50.1,57.67
08,115,08115,Colorado,Sedgwick,2391.0,,,,,1.0,,,,,1.0,,,,,41.82,,,,,41.82,,,,,2391.0,1.0,1.0,41.82,41.82
08,117,08117,Colorado,Summit,31237.0,31250.0,31276.0,31343.0,31643.0,39.0,40.0,30.0,29.0,30.0,225.0,199.0,203.0,161.0,150.0,124.85,128.0,95.92,92.52,94.81,720.3,636.8,649.06,513.67,474.04,31349.8,33.6,187.6,107.22,598.77
08,121,08121,Colorado,Washington,4810.0,4865.0,4839.0,4849.0,4748.0,7.0,2.0,1.0,2.0,9.0,57.0,63.0,64.0,42.0,43.0,145.53,41.11,20.67,41.25,189.55,1185.03,1294.96,1322.59,866.16,905.64,4822.2,4.2,53.8,87.62,1114.88
08,125,08125,Colorado,Yuma,9975.0,9939.0,9943.0,9898.0,9873.0,3.0,4.0,4.0,4.0,3.0,62.0,37.0,37.0,14.0,22.0,30.08,40.25,40.23,40.41,30.39,621.55,372.27,372.12,141.44,222.83,9925.6,3.6,34.4,36.27,346.04
,,,Delaware,New Castle County Police Department,,,,,,,,,,,,,,,,,,,,,,,,,,,,,,
12,001,12001,Florida,Alachua,279767.0,,,,289446.0,911.0,,,,219.0,1838.0,,,,1205.0,325.63,,,,75.66,656.98,,,,416.31,284606.5,565.0,1521.5,200.64,536.64
12,003,12003,Florida,Baker,28114.0,,,,29511.0,131.0,,,,79.0,274.0,,,,174.0,465.96,,,,267.7,974.6,,,,589.61,28812.5,105.0,224.0,366.83,782.1
12,005,12005,Florida,Bay,174551.0,,,,200142.0,319.0,,,,246.0,1873.0,,,,1146.0,182.75,,,,122.91,1073.04,,,,572.59,187346.5,282.5,1509.5,152.83,822.82
12,009,12009,Florida,Brevard,608765.0,,,,656254.0,518.0,,,,439.0,2925.0,,,,1790.0,85.09,,,,66.89,480.48,,,,272.76,632509.5,478.5,2357.5,75.99,376.62
12,011,12011,Florida,Broward,1943437.0,,,,,333.0,,,,,507.0,,,,,17.13,,,,,26.09,,,,,1943437.0,333.0,507.0,17.13,26.09
12,015,12015,Florida,Charlotte,188023.0,,,,211456.0,278.0,,,,207.0,1376.0,,,,1392.0,147.85,,,,97.89,731.83,,,,658.29,199739.5,242.5,1384.0,122.87,695.06
12,017,12017,Florida,Citrus,154563.0,,,,,403.0,,,,,1926.0,,,,,260.74,,,,,1246.09,,,,,154563.0,403.0,1926.0,260.74,1246.09
12,019,12019,Florida,Clay,218949.0,,,,237278.0,491.0,,,,437.0,2420.0,,,,1750.0,224.25,,,,184.17,1105.28,,,,737.53,228113.5,464.0,2085.0,204.21,921.4
12,021,12021,Florida,Collier,377327.0,,,,416722.0,837.0,,,,571.0,3416.0,,,,2636.0,221.82,,,,137.02,905.32,,,,632.56,397024.5,704.0,3026.0,179.42,768.94
12,033,12033,Florida,Escambia,322547.0,,,,,1604.0,,,,,6782.0,,,,,497.29,,,,,2102.64,,,,,322547.0,1604.0,6782.0,497.29,2102.64
12,035,12035,Florida,Flagler,116031.0,,,,136284.0,216.0,,,,147.0,758.0,,,,726.0,186.16,,,,107.86,653.27,,,,532.71,126157.5,181.5,742.0,147.01,592.99
12,039,12039,Florida,Gadsden,43427.0,,,,,75.0,,,,,227.0,,,,,172.7,,,,,522.72,,,,,43427.0,75.0,227.0,172.7,522.72
12,041,12041,Florida,Gilchrist,17890.0,,,,,24.0,,,,,84.0,,,,,134.15,,,,,469.54,,,,,17890.0,24.0,84.0,134.15,469.54
12,053,12053,Florida,Hernando,195610.0,,,,217572.0,440.0,,,,424.0,2058.0,,,,2109.0,224.94,,,,194.88,1052.09,,,,969.33,206591.0,432.0,2083.5,209.91,1010.71
12,055,12055,Florida,Highlands,101341.0,,,,,207.0,,,,,1432.0,,,,,204.26,,,,,1413.05,,,,,101341.0,207.0,1432.0,204.26,1413.05
12,057,12057,Florida,Hillsborough,1466246.0,,,,1571198.0,1878.0,,,,1569.0,8728.0,,,,6026.0,128.08,,,,99.86,595.26,,,,383.53,1518722.0,1723.5,7377.0,113.97,489.4
12,061,12061,Florida,Indian River,160454.0,,,,,156.0,,,,,1404.0,,,,,97.22,,,,,875.02,,,,,160454.0,156.0,1404.0,97.22,875.02
12,065,12065,Florida,Jefferson,14403.0,,,,15945.0,93.0,,,,34.0,136.0,,,,67.0,645.7,,,,213.23,944.25,,,,420.19,15174.0,63.5,101.5,429.46,682.22
12,069,12069,Florida,Lake,386221.0,,,,,472.0,,,,,1933.0,,,,,122.21,,,,,500.49,,,,,386221.0,472.0,1933.0,122.21,500.49
12,071,12071,Florida,Lee,765575.0,,,,861667.0,1367.0,,,,1201.0,4195.0,,,,4575.0,178.56,,,,139.38,547.95,,,,530.95,813621.0,1284.0,4385.0,158.97,539.45
12,073,12073,Florida,Leon,293925.0,,,,298712.0,271.0,,,,481.0,1283.0,,,,1751.0,92.2,,,,161.02,436.51,,,,586.18,296318.5,376.0,1517.0,126.61,511.34
12,075,12075,Florida,Levy,43065.0,,,,,454.0,,,,,429.0,,,,,1054.22,,,,,996.17,,,,,43065.0,454.0,429.0,1054.22,996.17
12,081,12081,Florida,Manatee,401622.0,,,,,1474.0,,,,,4342.0,,,,,367.01,,,,,1081.12,,,,,401622.0,1474.0,4342.0,367.01,1081.12
12,083,12083,Florida,Marion,377432.0,,,,427995.0,1094.0,,,,667.0,3781.0,,,,2370.0,289.85,,,,155.84,1001.77,,,,553.74,402713.5,880.5,3075.5,222.85,777.76
12,085,12085,Florida,Martin,158656.0,,,,165202.0,305.0,,,,247.0,1409.0,,,,1163.0,192.24,,,,149.51,888.08,,,,703.99,161929.0,276.0,1286.0,170.88,796.04
12,086,12086,Florida,Miami-Dade,2695519.0,,,,2812144.0,6096.0,,,,4838.0,26907.0,,,,26623.0,226.15,,,,172.04,998.21,,,,946.72,2753831.5,5467.0,26765.0,199.1,972.46
12,089,12089,Florida,Nassau,91040.0,,,,104492.0,152.0,,,,128.0,900.0,,,,107.0,166.96,,,,122.5,988.58,,,,102.4,97766.0,140.0,503.5,144.73,545.49
12,091,12091,Florida,Okaloosa,212082.0,,,,,471.0,,,,,1902.0,,,,,222.08,,,,,896.82,,,,,212082.0,471.0,1902.0,222.08,896.82
12,095,12095,Florida,Orange,1431608.0,,,,,4564.0,,,,,15877.0,,,,,318.8,,,,,1109.03,,,,,1431608.0,4564.0,15877.0,318.8,1109.03
12,097,12097,Florida,Osceola,391130.0,,,,,732.0,,,,,3974.0,,,,,187.15,,,,,1016.03,,,,,391130.0,732.0,3974.0,187.15,1016.03
12,099,12099,Florida,Palm Beach,1494203.0,,,,1574148.0,1438.0,,,,1288.0,8539.0,,,,5926.0,96.24,,,,81.82,571.48,,,,376.46,1534175.5,1363.0,7232.5,89.03,473.97
12,101,12101,Florida,Pasco,566170.0,,,,,1457.0,,,,,5516.0,,,,,257.34,,,,,974.27,,,,,566170.0,1457.0,5516.0,257.34,974.27
12,103,12103,Florida,Pinellas,959805.0,,,,960397.0,512.0,,,,386.0,3082.0,,,,2268.0,53.34,,,,40.19,321.11,,,,236.15,960101.0,449.0,2675.0,46.76,278.63
12,105,12105,Florida,Polk,730148.0,,,,851434.0,1327.0,,,,1276.0,4500.0,,,,3095.0,181.74,,,,149.86,616.31,,,,363.5,790791.0,1301.5,3797.5,165.8,489.9
12,113,12113,Florida,Santa Rosa,189024.0,,,,207471.0,221.0,,,,232.0,1276.0,,,,878.0,116.92,,,,111.82,675.05,,,,423.19,198247.5,226.5,1077.0,114.37,549.12
12,115,12115,Florida,Sarasota,436262.0,,,,475989.0,489.0,,,,349.0,3844.0,,,,2962.0,112.09,,,,73.32,881.12,,,,622.28,456125.5,419.0,3403.0,92.7,751.7
12,117,12117,Florida,Seminole,471471.0,,,,489664.0,438.0,,,,357.0,1852.0,,,,1453.0,92.9,,,,72.91,392.81,,,,296.73,480567.5,397.5,1652.5,82.9,344.77
12,109,12109,Florida,St. Johns,277119.0,,,,,293.0,,,,,1654.0,,,,,105.73,,,,,596.86,,,,,277119.0,293.0,1654.0,105.73,596.86
12,111,12111,Florida,St. Lucie,331453.0,,,,,297.0,,,,,1072.0,,,,,89.61,,,,,323.42,,,,,331453.0,297.0,1072.0,89.61,323.42
12,119,12119,Florida,Sumter,130293.0,,,,,210.0,,,,,783.0,,,,,161.18,,,,,600.95,,,,,130293.0,210.0,783.0,161.18,600.95
12,127,12127,Florida,Volusia,555791.0,,,,,645.0,,,,,1798.0,,,,,116.05,,,,,323.5,,,,,555791.0,645.0,1798.0,116.05,323.5
12,129,12129,Florida,Wakulla,33917.0,,,,37122.0,82.0,,,,56.0,421.0,,,,244.0,241.77,,,,150.85,1241.27,,,,657.29,35519.5,69.0,332.5,196.31,949.28
12,131,12131,Florida,Walton,75899.0,,,,90096.0,87.0,,,,120.0,680.0,,,,399.0,114.63,,,,133.19,895.93,,,,442.86,82997.5,103.5,539.5,123.91,669.4
12,007,12007,Florida,Bradford,28235.0,,,,,34.0,,,,,76.0,,,,,120.42,,,,,269.17,,,,,28235.0,34.0,76.0,120.42,269.17
12,013,12013,Florida,Calhoun,13703.0,,,,,33.0,,,,,78.0,,,,,240.82,,,,,569.22,,,,,13703.0,33.0,78.0,240.82,569.22
12,023,12023,Florida,Columbia,69758.0,,,,73721.0,170.0,,,,186.0,802.0,,,,424.0,243.7,,,,252.3,1149.69,,,,575.14,71739.5,178.0,613.0,248.0,862.42
12,027,12027,Florida,DeSoto,34093.0,,,,36889.0,137.0,,,,80.0,453.0,,,,286.0,401.84,,,,216.87,1328.72,,,,775.3,35491.0,108.5,369.5,309.36,1052.01
12,029,12029,Florida,Dixie,16697.0,,,,,80.0,,,,,139.0,,,,,479.13,,,,,832.48,,,,,16697.0,80.0,139.0,479.13,832.48
12,037,12037,Florida,Franklin,12473.0,,,,,32.0,,,,,211.0,,,,,256.55,,,,,1691.65,,,,,12473.0,32.0,211.0,256.55,1691.65
12,043,12043,Florida,Glades,12079.0,,,,,33.0,,,,,93.0,,,,,273.2,,,,,769.93,,,,,12079.0,33.0,93.0,273.2,769.93
12,045,12045,Florida,Gulf,14270.0,,,,15896.0,60.0,,,,17.0,159.0,,,,51.0,420.46,,,,106.95,1114.23,,,,320.84,15083.0,38.5,105.0,263.7,717.54
12,047,12047,Florida,Hamilton,13733.0,,,,,46.0,,,,,195.0,,,,,334.96,,,,,1419.94,,,,,13733.0,46.0,195.0,334.96,1419.94
12,049,12049,Florida,Hardee,25335.0,,,,26107.0,74.0,,,,51.0,283.0,,,,177.0,292.09,,,,195.35,1117.03,,,,677.98,25721.0,62.5,230.0,243.72,897.5
12,051,12051,Florida,Hendry,39726.0,,,,46641.0,117.0,,,,52.0,550.0,,,,102.0,294.52,,,,111.49,1384.48,,,,218.69,43183.5,84.5,326.0,203.0,801.58
12,059,12059,Florida,Holmes,19591.0,,,,,57.0,,,,,156.0,,,,,290.95,,,,,796.28,,,,,19591.0,57.0,156.0,290.95,796.28
12,067,12067,Florida,Lafayette,8236.0,,,,,26.0,,,,,21.0,,,,,315.69,,,,,254.98,,,,,8236.0,26.0,21.0,315.69,254.98
12,077,12077,Florida,Liberty,7818.0,,,,,6.0,,,,,54.0,,,,,76.75,,,,,690.71,,,,,7818.0,6.0,54.0,76.75,690.71
12,079,12079,Florida,Madison,17863.0,,,,18644.0,127.0,,,,37.0,162.0,,,,132.0,710.97,,,,198.46,906.9,,,,708.0,18253.5,82.0,147.0,454.72,807.45
12,087,12087,Florida,Monroe,82851.0,,,,82015.0,190.0,,,,125.0,520.0,,,,392.0,229.33,,,,152.41,627.63,,,,477.96,82433.0,157.5,456.0,190.87,552.79
12,093,12093,Florida,Okeechobee,39662.0,,,,42341.0,194.0,,,,116.0,832.0,,,,421.0,489.13,,,,273.97,2097.73,,,,994.31,41001.5,155.0,626.5,381.55,1546.02
12,107,12107,Florida,Putnam,73383.0,,,,77173.0,89.0,,,,41.0,745.0,,,,355.0,121.28,,,,53.13,1015.22,,,,460.01,75278.0,65.0,550.0,87.2,737.62
12,121,12121,Florida,Suwannee,43518.0,,,,,157.0,,,,,444.0,,,,,360.77,,,,,1020.27,,,,,43518.0,157.0,444.0,360.77,1020.27
12,123,12123,Florida,Taylor,21756.0,,,,21689.0,65.0,,,,53.0,208.0,,,,161.0,298.77,,,,244.36,956.06,,,,742.31,21722.5,59.0,184.5,271.56,849.18
12,125,12125,Florida,Union,15442.0,,,,,37.0,,,,,97.0,,,,,239.61,,,,,628.16,,,,,15442.0,37.0,97.0,239.61,628.16
12,133,12133,Florida,Washington,25324.0,,,,26458.0,27.0,,,,21.0,110.0,,,,43.0,106.62,,,,79.37,434.37,,,,162.52,25891.0,24.0,76.5,93.0,298.44
13,013,13013,Georgia,Barrow,84066.0,86864.0,89551.0,93390.0,96969.0,98.0,107.0,76.0,95.0,95.0,968.0,808.0,663.0,756.0,699.0,116.58,123.18,84.87,101.72,97.97,1151.48,930.19,740.36,809.51,720.85,90168.0,94.2,778.8,104.86,870.48
13,015,13015,Georgia,Bartow,109283.0,110900.0,112751.0,115098.0,117924.0,101.0,103.0,10.0,152.0,64.0,1373.0,1054.0,439.0,1020.0,922.0,92.42,92.88,8.87,132.06,54.27,1256.37,950.41,389.35,886.2,781.86,113191.2,86.0,961.6,76.1,852.84
13,021,13021,Georgia,Bibb,157054.0,156161.0,156302.0,,157360.0,1438.0,1821.0,2294.0,,1740.0,5199.0,4492.0,5833.0,,6280.0,915.61,1166.1,1467.67,,1105.74,3310.33,2876.52,3731.88,,3990.85,156719.25,1823.25,5451.0,1163.78,3477.4
13,025,13025,Georgia,Brantley,18046.0,18119.0,18173.0,,,36.0,48.0,21.0,,,349.0,330.0,206.0,,,199.49,264.92,115.56,,,1933.95,1821.29,1133.55,,,18112.67,35.0,295.0,193.32,1629.6
13,027,13027,Georgia,Brooks,16271.0,16267.0,16272.0,16223.0,16290.0,43.0,28.0,41.0,23.0,10.0,164.0,118.0,120.0,80.0,96.0,264.27,172.13,251.97,141.77,61.39,1007.93,725.39,737.46,493.13,589.32,16264.6,29.0,115.6,178.31,710.65
13,029,13029,Georgia,Bryan,45048.0,47007.0,48336.0,49843.0,51080.0,60.0,33.0,44.0,22.0,20.0,191.0,196.0,238.0,173.0,209.0,133.19,70.2,91.03,44.14,39.15,423.99,416.96,492.39,347.09,409.16,48262.8,35.8,201.4,75.54,417.92
13,033,13033,Georgia,Burke,24632.0,24340.0,24375.0,24354.0,24365.0,36.0,18.0,26.0,38.0,37.0,221.0,245.0,242.0,261.0,181.0,146.15,73.95,106.67,156.03,151.86,897.21,1006.57,992.82,1071.69,742.87,24413.2,31.0,230.0,126.93,942.23
13,035,13035,Georgia,Butts,25549.0,26201.0,26756.0,26898.0,27140.0,34.0,38.0,41.0,23.0,32.0,185.0,179.0,139.0,150.0,119.0,133.08,145.03,153.24,85.51,117.91,724.1,683.18,519.51,557.66,438.47,26508.8,33.6,154.4,126.95,584.58
13,045,13045,Georgia,Carroll,119394.0,121007.0,124002.0,126783.0,129493.0,172.0,147.0,145.0,116.0,97.0,1094.0,988.0,963.0,731.0,485.0,144.06,121.48,116.93,91.49,74.91,916.29,816.48,776.6,576.58,374.54,124135.8,135.4,852.2,109.77,692.1
13,047,13047,Georgia,Catoosa,68034.0,68530.0,68897.0,69093.0,69359.0,98.0,65.0,66.0,71.0,75.0,549.0,489.0,457.0,280.0,204.0,144.05,94.85,95.8,102.76,108.13,806.95,713.56,663.31,405.25,294.12,68782.6,75.0,395.8,109.12,576.64
13,057,13057,Georgia,Cherokee,268142.0,274628.0,281158.0,287040.0,294030.0,144.0,189.0,180.0,173.0,180.0,728.0,899.0,1028.0,851.0,776.0,53.7,68.82,64.02,60.27,61.22,271.5,327.35,365.63,296.47,263.92,280999.6,173.2,856.4,61.61,304.97
,,,Georgia,Clayton County Police Department,,,,,,,,,,,,,,,,,,,,,,,,,,,,,,
13,067,13067,Georgia,Cobb,766385.0,767036.0,774481.0,,788879.0,26.0,23.0,30.0,,36.0,302.0,366.0,219.0,,132.0,3.39,3.0,3.87,,4.56,39.41,47.72,28.28,,16.73,774195.25,28.75,254.75,3.7,33.03
,,,Georgia,Cobb County Police Department,,,,,,,,,,,,,,,,,,,,,,,,,,,,,,
13,077,13077,Georgia,Coweta,146746.0,150010.0,152950.0,156166.0,158178.0,647.0,679.0,672.0,682.0,404.0,841.0,895.0,742.0,825.0,697.0,440.9,452.64,439.36,436.71,255.41,573.1,596.63,485.13,528.28,440.64,152810.0,616.8,800.0,405.0,524.76
13,079,13079,Georgia,Crawford,12093.0,12112.0,12133.0,12244.0,12270.0,23.0,35.0,23.0,22.0,15.0,148.0,134.0,152.0,124.0,108.0,190.19,288.97,189.57,179.68,122.25,1223.85,1106.34,1252.78,1012.74,880.2,12170.4,23.6,133.2,194.13,1095.18
13,095,13095,Georgia,Dougherty,85173.0,82320.0,83021.0,82757.0,82728.0,1.0,10.0,2.0,5.0,0.0,10.0,22.0,16.0,9.0,15.0,1.17,12.15,2.41,6.04,0.0,11.74,26.72,19.27,10.88,18.13,83199.8,3.6,14.4,4.35,17.35
,,,Georgia,Dougherty County Police Department,,,,,,,,,,,,,,,,,,,,,,,,,,,,,,
13,097,13097,Georgia,Douglas,144698.0,145839.0,147617.0,149368.0,152060.0,244.0,202.0,209.0,219.0,229.0,1045.0,807.0,862.0,925.0,936.0,168.63,138.51,141.58,146.62,150.6,722.19,553.35,583.94,619.28,615.55,147916.4,220.6,915.0,149.19,618.86
13,101,13101,Georgia,Echols,3716.0,,,,,3.0,,,,,13.0,,,,,80.73,,,,,349.84,,,,,3716.0,3.0,13.0,80.73,349.84
13,103,13103,Georgia,Effingham,65180.0,66768.0,69010.0,71573.0,73351.0,37.0,48.0,23.0,41.0,28.0,277.0,292.0,189.0,226.0,165.0,56.77,71.89,33.33,57.28,38.17,424.98,437.34,273.87,315.76,224.95,69176.4,35.4,229.8,51.49,335.38
13,113,13113,Georgia,Fayette,119507.0,120786.0,122106.0,123535.0,124751.0,38.0,38.0,44.0,40.0,30.0,323.0,329.0,309.0,271.0,208.0,31.8,31.46,36.03,32.38,24.05,270.28,272.38,253.06,219.37,166.73,122137.0,38.0,288.0,31.14,236.36
13,115,13115,Georgia,Floyd,98597.0,98440.0,,100193.0,101198.0,14.0,5.0,,4.0,2.0,1.0,4.0,,0.0,1.0,14.2,5.08,,3.99,1.98,1.01,4.06,,0.0,0.99,99607.0,6.25,1.5,6.31,1.52
,,,Georgia,Floyd County Police Department,,,,,,,,,,,,,,,,,,,,,,,,,,,,,,
13,117,13117,Georgia,Forsyth,252877.0,260730.0,267623.0,273572.0,278797.0,132.0,136.0,129.0,156.0,112.0,1103.0,1172.0,1009.0,1116.0,953.0,52.2,52.16,48.2,57.02,40.17,436.18,449.51,377.02,407.94,341.83,266719.8,133.0,1070.6,49.95,402.5
13,139,13139,Georgia,Hall,203382.0,206988.0,213142.0,218510.0,223545.0,274.0,297.0,296.0,302.0,290.0,1308.0,1285.0,1434.0,1338.0,1139.0,134.72,143.49,138.87,138.21,129.73,643.12,620.81,672.79,612.33,509.52,213113.4,291.8,1300.8,137.0,611.71
13,143,13143,Georgia,Haralson,30050.0,30617.0,31340.0,32045.0,32409.0,86.0,66.0,46.0,43.0,59.0,340.0,300.0,323.0,291.0,276.0,286.19,215.57,146.78,134.19,182.05,1131.45,979.85,1030.63,908.1,851.62,31292.2,60.0,306.0,192.96,980.33
13,145,13145,Georgia,Harris,34907.0,35618.0,36320.0,36712.0,36965.0,5.0,8.0,5.0,9.0,5.0,94.0,123.0,125.0,102.0,32.0,14.32,22.46,13.77,24.52,13.53,269.29,345.33,344.16,277.84,86.57,36104.4,6.4,95.2,17.72,264.64
13,149,13149,Georgia,Heard,11445.0,11504.0,11699.0,12015.0,12114.0,21.0,17.0,8.0,7.0,7.0,118.0,119.0,92.0,95.0,83.0,183.49,147.77,68.38,58.26,57.78,1031.02,1034.42,786.39,790.68,685.16,11755.4,12.0,101.4,103.14,865.53
13,159,13159,Georgia,Jasper,14671.0,15270.0,15984.0,,17192.0,38.0,55.0,31.0,,29.0,162.0,166.0,118.0,,119.0,259.01,360.18,193.94,,168.68,1104.22,1087.1,738.24,,692.18,15779.25,38.25,141.25,245.45,905.43
13,169,13169,Georgia,Jones,28368.0,28359.0,28449.0,,29081.0,45.0,60.0,35.0,,31.0,296.0,167.0,187.0,,156.0,158.63,211.57,123.03,,106.6,1043.43,588.88,657.32,,536.43,28564.25,42.75,201.5,149.96,706.52
13,173,13173,Georgia,Lanier,9917.0,10028.0,10141.0,10377.0,10387.0,13.0,13.0,18.0,23.0,11.0,106.0,108.0,65.0,102.0,115.0,131.09,129.64,177.5,221.64,105.9,1068.87,1076.98,640.96,982.94,1107.15,10170.0,15.6,99.2,153.15,975.38
13,177,13177,Georgia,Lee,33211.0,33179.0,33649.0,33850.0,34022.0,66.0,51.0,63.0,63.0,35.0,385.0,447.0,329.0,255.0,224.0,198.73,153.71,187.23,186.12,102.87,1159.25,1347.24,977.74,753.32,658.4,33582.2,55.6,328.0,165.73,979.19
13,179,13179,Georgia,Liberty,65330.0,,,,,17.0,,,,,165.0,,,,,26.02,,,,,252.56,,,,,65330.0,17.0,165.0,26.02,252.56
13,183,13183,Georgia,Long,16256.0,17071.0,18363.0,19608.0,,15.0,9.0,7.0,20.0,,85.0,70.0,69.0,69.0,,92.27,52.72,38.12,102.0,,522.88,410.05,375.76,351.9,,17824.5,12.75,73.25,71.28,415.15
13,185,13185,Georgia,Lowndes,118436.0,118946.0,119517.0,120863.0,122385.0,141.0,126.0,155.0,110.0,124.0,970.0,795.0,943.0,870.0,830.0,119.05,105.93,129.69,91.01,101.32,819.01,668.37,789.01,719.82,678.19,120029.4,131.2,881.6,109.4,734.88
13,195,13195,Georgia,Madison,30266.0,30883.0,31450.0,32265.0,32767.0,74.0,90.0,54.0,57.0,75.0,312.0,244.0,269.0,267.0,194.0,244.5,291.42,171.7,176.66,228.89,1030.86,790.08,855.33,827.52,592.06,31526.2,70.0,257.2,222.63,819.17
13,197,13197,Georgia,Marion,7529.0,7428.0,7454.0,7487.0,7616.0,6.0,11.0,8.0,4.0,5.0,31.0,41.0,54.0,30.0,26.0,79.69,148.09,107.32,53.43,65.65,411.74,551.97,724.44,400.69,341.39,7502.8,6.8,36.4,90.84,486.05
13,189,13189,Georgia,McDuffie,21609.0,21631.0,21726.0,21854.0,21743.0,40.0,42.0,36.0,44.0,29.0,149.0,164.0,129.0,148.0,126.0,185.11,194.17,165.7,201.34,133.38,689.53,758.17,593.76,677.22,579.5,21712.6,38.2,143.2,175.94,659.64
13,199,13199,Georgia,Meriwether,20610.0,,20829.0,20899.0,21352.0,45.0,,37.0,31.0,41.0,158.0,,127.0,104.0,123.0,218.34,,177.64,148.33,192.02,766.62,,609.73,497.63,576.06,20922.5,38.5,128.0,184.08,612.51
13,213,13213,Georgia,Murray,39996.0,39945.0,40378.0,41012.0,41399.0,97.0,72.0,53.0,24.0,18.0,422.0,222.0,98.0,56.0,51.0,242.52,180.25,131.26,58.52,43.48,1055.11,555.76,242.71,136.55,123.19,40546.0,52.8,169.8,131.21,422.66
13,215,13215,Georgia,Muscogee,207016.0,,,,,4.0,,,,,3.0,,,,,1.93,,,,,1.45,,,,,207016.0,4.0,3.0,1.93,1.45
13,217,13217,Georgia,Newton,112902.0,115293.0,117854.0,120268.0,123678.0,279.0,392.0,345.0,277.0,303.0,1214.0,1070.0,1158.0,1306.0,1016.0,247.12,340.0,292.74,230.32,244.99,1075.27,928.07,982.57,1085.91,821.49,117999.0,319.2,1152.8,271.03,978.66
13,221,13221,Georgia,Oglethorpe,14869.0,15179.0,15502.0,,,39.0,33.0,52.0,,,125.0,150.0,127.0,,,262.29,217.41,335.44,,,840.68,988.21,819.25,,,15183.33,41.33,134.0,271.71,882.71
13,223,13223,Georgia,Paulding,169516.0,173777.0,178436.0,182888.0,187933.0,375.0,411.0,575.0,580.0,412.0,1279.0,1247.0,1108.0,1248.0,1132.0,221.22,236.51,322.24,317.13,219.23,754.5,717.59,620.95,682.38,602.34,178510.0,470.6,1202.8,263.27,675.55
13,225,13225,Georgia,Peach,28059.0,28321.0,28590.0,28974.0,29511.0,38.0,21.0,41.0,16.0,0.0,177.0,129.0,90.0,52.0,0.0,135.43,74.15,143.41,55.22,0.0,630.81,455.49,314.8,179.47,0.0,28691.0,23.2,89.6,81.64,316.11
13,227,13227,Georgia,Pickens,33351.0,34033.0,34803.0,35977.0,36591.0,61.0,54.0,40.0,11.0,15.0,227.0,148.0,136.0,147.0,172.0,182.9,158.67,114.93,30.58,40.99,680.64,434.87,390.77,408.59,470.06,34951.0,36.2,166.0,105.61,476.99
13,231,13231,Georgia,Pike,18948.0,19585.0,19959.0,20478.0,20782.0,31.0,15.0,19.0,21.0,18.0,170.0,100.0,141.0,102.0,68.0,163.61,76.59,95.2,102.55,86.61,897.19,510.59,706.45,498.1,327.21,19950.4,20.8,116.2,104.91,587.91
13,255,13255,Georgia,Spalding,67456.0,67711.0,68993.0,,70311.0,142.0,154.0,156.0,,115.0,596.0,578.0,539.0,,434.0,210.51,227.44,226.11,,163.56,883.54,853.63,781.24,,617.26,68617.75,141.75,536.75,206.9,783.92
13,289,13289,Georgia,Twiggs,8009.0,7859.0,7662.0,7660.0,7679.0,15.0,15.0,16.0,7.0,11.0,107.0,83.0,54.0,62.0,69.0,187.29,190.86,208.82,91.38,143.25,1336.0,1056.11,704.78,809.4,898.55,7773.8,12.8,75.0,164.32,960.97
13,297,13297,Georgia,Walton,97115.0,99890.0,103235.0,107080.0,110278.0,40.0,34.0,52.0,44.0,27.0,279.0,240.0,352.0,232.0,181.0,41.19,34.04,50.37,41.09,24.48,287.29,240.26,340.97,216.66,164.13,103519.6,39.4,256.8,38.23,249.86
13,313,13313,Georgia,Whitfield,102790.0,102742.0,103279.0,104303.0,105558.0,284.0,305.0,334.0,322.0,277.0,1051.0,897.0,848.0,745.0,772.0,276.29,296.86,323.4,308.72,262.41,1022.47,873.06,821.08,714.27,731.35,103734.4,304.4,862.6,293.54,832.45
13,321,13321,Georgia,Worth,20719.0,20532.0,,20201.0,20181.0,52.0,46.0,,35.0,52.0,170.0,163.0,,117.0,104.0,250.98,224.04,,173.26,257.67,820.5,793.88,,579.18,515.34,20408.25,46.25,138.5,226.49,677.22
13,003,13003,Georgia,Atkinson,8307.0,8357.0,,8333.0,8489.0,23.0,18.0,,9.0,13.0,76.0,56.0,,48.0,36.0,276.87,215.39,,108.0,153.14,914.89,670.1,,576.02,424.08,8371.5,15.75,54.0,188.35,646.27
13,009,13009,Georgia,Baldwin,43786.0,43702.0,43654.0,43427.0,43853.0,119.0,173.0,103.0,99.0,108.0,527.0,535.0,479.0,444.0,437.0,271.78,395.86,235.95,227.97,246.28,1203.58,1224.2,1097.26,1022.41,996.51,43684.4,120.4,484.4,275.57,1108.79
13,011,13011,Georgia,Banks,18129.0,18607.0,19419.0,,,37.0,37.0,40.0,,,320.0,376.0,373.0,,,204.09,198.85,205.98,,,1765.13,2020.74,1920.8,,,18718.33,38.0,356.33,202.97,1902.22
13,017,13017,Georgia,Ben Hill,17166.0,17133.0,17063.0,17160.0,17033.0,44.0,27.0,36.0,67.0,36.0,166.0,155.0,152.0,100.0,64.0,256.32,157.59,210.98,390.44,211.35,967.03,904.69,890.82,582.75,375.74,17111.0,42.0,127.4,245.34,744.21
13,019,13019,Georgia,Berrien,18143.0,18128.0,18261.0,18630.0,18783.0,28.0,19.0,27.0,29.0,25.0,151.0,116.0,108.0,114.0,124.0,154.33,104.81,147.86,155.66,133.1,832.28,639.89,591.42,611.92,660.17,18389.0,25.6,122.6,139.15,667.14
13,023,13023,Georgia,Bleckley,12515.0,12287.0,12277.0,12469.0,12653.0,21.0,19.0,11.0,15.0,12.0,94.0,85.0,80.0,86.0,85.0,167.8,154.63,89.6,120.3,94.84,751.1,691.79,651.62,689.71,671.78,12440.2,15.6,86.0,125.43,691.2
13,049,13049,Georgia,Charlton,12527.0,,,,,17.0,,,,,55.0,,,,,135.71,,,,,439.05,,,,,12527.0,17.0,55.0,135.71,439.05
13,055,13055,Georgia,Chattooga,24927.0,24856.0,24921.0,25167.0,25261.0,23.0,33.0,29.0,19.0,30.0,255.0,202.0,225.0,208.0,221.0,92.27,132.76,116.37,75.5,118.76,1022.99,812.68,902.85,826.48,874.87,25026.4,26.8,222.2,107.13,887.97
13,061,13061,Georgia,Clay,2830.0,2869.0,2860.0,2854.0,2795.0,8.0,3.0,16.0,16.0,10.0,31.0,10.0,16.0,17.0,25.0,282.69,104.57,559.44,560.62,357.78,1095.41,348.55,559.44,595.66,894.45,2841.6,10.6,19.8,373.02,698.7
13,075,13075,Georgia,Cook,17238.0,17258.0,17398.0,17760.0,17995.0,17.0,13.0,10.0,13.0,7.0,148.0,130.0,84.0,120.0,90.0,98.62,75.33,57.48,73.2,38.9,858.57,753.27,482.81,675.68,500.14,17529.8,12.0,114.4,68.71,654.09
13,081,13081,Georgia,Crisp,20058.0,20011.0,19745.0,19626.0,19444.0,14.0,32.0,11.0,30.0,32.0,265.0,260.0,134.0,215.0,167.0,69.8,159.91,55.71,152.86,164.58,1321.17,1299.29,678.65,1095.49,858.88,19776.8,23.8,208.2,120.57,1050.7
13,087,13087,Georgia,Decatur,29436.0,29217.0,29146.0,29194.0,29463.0,32.0,49.0,40.0,41.0,42.0,263.0,233.0,201.0,169.0,149.0,108.71,167.71,137.24,140.44,142.55,893.46,797.48,689.63,578.89,505.72,29291.2,40.8,203.0,139.33,693.04
13,091,13091,Georgia,Dodge,19949.0,19741.0,19874.0,,,22.0,30.0,22.0,,,192.0,170.0,125.0,,,110.28,151.97,110.7,,,962.45,861.15,628.96,,,19854.67,24.67,162.33,124.32,817.52
13,099,13099,Georgia,Early,10793.0,10634.0,10556.0,10583.0,10466.0,15.0,22.0,5.0,12.0,8.0,77.0,58.0,42.0,27.0,35.0,138.98,206.88,47.37,113.39,76.44,713.43,545.42,397.88,255.13,334.42,10606.4,12.4,47.8,116.61,449.26
13,105,13105,Georgia,Elbert,19666.0,19586.0,19868.0,20046.0,,21.0,20.0,4.0,5.0,,157.0,102.0,43.0,62.0,,106.78,102.11,20.13,24.94,,798.33,520.78,216.43,309.29,,19791.5,12.5,91.0,63.49,461.21
13,119,13119,Georgia,Franklin,23476.0,23526.0,24155.0,24875.0,,24.0,40.0,33.0,28.0,,207.0,160.0,127.0,117.0,,102.23,170.02,136.62,112.56,,881.75,680.1,525.77,470.35,,24008.0,31.25,152.75,130.36,639.49
13,123,13123,Georgia,Gilmer,31420.0,32086.0,32382.0,32849.0,33491.0,91.0,56.0,76.0,76.0,62.0,210.0,233.0,304.0,202.0,174.0,289.62,174.53,234.7,231.36,185.12,668.36,726.17,938.79,614.94,519.54,32445.6,72.2,224.6,223.07,693.56
13,129,13129,Georgia,Gordon,57730.0,58250.0,58885.0,59826.0,60988.0,61.0,74.0,64.0,67.0,58.0,437.0,355.0,355.0,291.0,230.0,105.66,127.04,108.69,111.99,95.1,756.97,609.44,602.87,486.41,377.12,59135.8,64.8,333.6,109.7,566.56
13,131,13131,Georgia,Grady,26213.0,25847.0,,,26488.0,35.0,29.0,,,13.0,300.0,151.0,,,50.0,133.52,112.2,,,49.08,1144.47,584.21,,,188.76,26182.67,25.67,167.0,98.27,639.15
13,133,13133,Georgia,Greene,19030.0,19545.0,20118.0,20724.0,21065.0,35.0,25.0,42.0,8.0,16.0,131.0,149.0,72.0,58.0,76.0,183.92,127.91,208.77,38.6,75.96,688.39,762.34,357.89,279.87,360.79,20096.4,25.2,97.2,127.03,489.86
13,137,13137,Georgia,Habersham,46112.0,46725.0,47446.0,48712.0,49752.0,16.0,33.0,43.0,26.0,19.0,259.0,305.0,330.0,164.0,178.0,34.7,70.63,90.63,53.37,38.19,561.68,652.76,695.53,336.67,357.77,47749.4,27.4,247.2,57.5,520.88
13,141,13141,Georgia,Hancock,8711.0,8695.0,8449.0,,,16.0,10.0,15.0,,,48.0,57.0,47.0,,,183.68,115.01,177.54,,,551.03,655.55,556.28,,,8618.33,13.67,50.67,158.74,587.62
13,155,13155,Georgia,Irwin,9646.0,9356.0,9126.0,9118.0,9155.0,8.0,15.0,11.0,7.0,8.0,76.0,79.0,53.0,67.0,49.0,82.94,160.32,120.53,76.77,87.38,787.89,844.38,580.76,734.81,535.23,9280.2,9.8,64.8,105.59,696.61
13,157,13157,Georgia,Jackson,76765.0,80421.0,84157.0,88891.0,,81.0,77.0,58.0,58.0,,643.0,537.0,548.0,407.0,,105.52,95.75,68.92,65.25,,837.62,667.74,651.16,457.86,,82558.5,68.5,533.75,83.86,653.6
13,161,13161,Georgia,Jeff Davis,14800.0,14866.0,14914.0,,,23.0,23.0,12.0,,,63.0,32.0,47.0,,,155.41,154.72,80.46,,,425.68,215.26,315.14,,,14860.0,19.33,47.33,130.2,318.69
13,165,13165,Georgia,Jenkins,8660.0,8791.0,8677.0,,,7.0,11.0,4.0,,,37.0,48.0,40.0,,,80.83,125.13,46.1,,,427.25,546.01,460.99,,,8709.33,7.33,41.67,84.02,478.08
13,175,13175,Georgia,Laurens,49543.0,49531.0,49687.0,50010.0,50585.0,74.0,66.0,103.0,91.0,58.0,418.0,346.0,367.0,359.0,337.0,149.37,133.25,207.3,181.96,114.66,843.71,698.55,738.62,717.86,666.21,49871.2,78.4,365.4,157.31,732.99
13,187,13187,Georgia,Lumpkin,33640.0,32843.0,34709.0,35204.0,35946.0,55.0,46.0,53.0,34.0,60.0,235.0,246.0,184.0,175.0,132.0,163.5,140.06,152.7,96.58,166.92,698.57,749.02,530.12,497.1,367.22,34468.4,49.6,194.4,143.95,568.41
13,205,13205,Georgia,Mitchell,21676.0,21314.0,21198.0,20759.0,20345.0,21.0,28.0,14.0,16.0,32.0,251.0,198.0,174.0,149.0,122.0,96.88,131.37,66.04,77.08,157.29,1157.96,928.97,820.83,717.76,599.66,21058.4,22.2,178.8,105.73,845.04
13,229,13229,Georgia,Pierce,19749.0,19987.0,20190.0,20426.0,20593.0,48.0,42.0,51.0,32.0,25.0,277.0,222.0,183.0,142.0,102.0,243.05,210.14,252.6,156.66,121.4,1402.6,1110.72,906.39,695.19,495.31,20189.0,39.6,185.2,196.77,922.04
13,233,13233,Georgia,Polk,42929.0,43359.0,43742.0,44398.0,44803.0,5.0,3.0,4.0,2.0,6.0,1.0,1.0,2.0,1.0,0.0,11.65,6.92,9.14,4.5,13.39,2.33,2.31,4.57,2.25,0.0,43846.2,4.0,1.0,9.12,2.29
,,,Georgia,Polk County Police Department,,,,,,,,,,,,,,,,,,,,,,,,,,,,,,
13,235,13235,Georgia,Pulaski,9872.0,9563.0,9947.0,10134.0,,35.0,40.0,38.0,39.0,,192.0,167.0,172.0,180.0,,354.54,418.28,382.02,384.84,,1944.89,1746.31,1729.16,1776.2,,9879.0,38.0,177.75,384.92,1799.14
13,241,13241,Georgia,Rabun,16926.0,17151.0,17305.0,17492.0,17684.0,9.0,14.0,14.0,9.0,14.0,170.0,161.0,154.0,92.0,77.0,53.17,81.63,80.9,51.45,79.17,1004.37,938.72,889.92,525.95,435.42,17311.6,12.0,130.8,69.26,758.88
13,253,13253,Georgia,Seminole,9129.0,9171.0,,,,13.0,19.0,,,,75.0,63.0,,,,142.4,207.17,,,,821.56,686.95,,,,9150.0,16.0,69.0,174.78,754.26
13,261,13261,Georgia,Sumter,29518.0,29004.0,28893.0,29015.0,29105.0,19.0,17.0,10.0,10.0,35.0,104.0,114.0,84.0,90.0,145.0,64.37,58.61,34.61,34.46,120.25,352.33,393.05,290.73,310.18,498.2,29107.0,18.2,107.4,62.46,368.9
13,267,13267,Georgia,Tattnall,24328.0,24137.0,24063.0,24389.0,24390.0,26.0,11.0,19.0,26.0,16.0,201.0,119.0,185.0,138.0,122.0,106.87,45.57,78.96,106.61,65.6,826.21,493.02,768.82,565.83,500.21,24261.4,19.6,153.0,80.72,630.82
13,275,13275,Georgia,Thomas,45784.0,45852.0,45592.0,45790.0,46243.0,63.0,59.0,86.0,60.0,32.0,409.0,449.0,372.0,331.0,310.0,137.6,128.67,188.63,131.03,69.2,893.33,979.24,815.93,722.87,670.37,45852.2,60.0,374.2,131.03,816.35
13,277,13277,Georgia,Tift,41382.0,41103.0,41381.0,41739.0,42021.0,178.0,138.0,171.0,153.0,171.0,592.0,529.0,509.0,463.0,484.0,430.14,335.74,413.23,366.56,406.94,1430.57,1287.01,1230.03,1109.27,1151.81,41525.2,162.2,515.4,390.52,1241.74
13,281,13281,Georgia,Towns,12552.0,12879.0,12929.0,13006.0,,14.0,10.0,11.0,18.0,,60.0,43.0,44.0,18.0,,111.54,77.65,85.08,138.4,,478.01,333.88,340.32,138.4,,12841.5,13.25,41.25,103.17,322.65
13,283,13283,Georgia,Treutlen,6398.0,6374.0,6364.0,,,2.0,12.0,15.0,,,47.0,40.0,44.0,,,31.26,188.26,235.7,,,734.6,627.55,691.39,,,6378.67,9.67,43.67,151.74,684.51
13,287,13287,Georgia,Turner,8989.0,8925.0,8836.0,8924.0,9023.0,10.0,10.0,9.0,10.0,1.0,60.0,48.0,37.0,38.0,39.0,111.25,112.04,101.86,112.06,11.08,667.48,537.82,418.74,425.82,432.23,8939.4,8.0,44.4,89.66,496.42
13,291,13291,Georgia,Union,24808.0,25612.0,26413.0,27132.0,27608.0,12.0,10.0,15.0,15.0,8.0,217.0,157.0,152.0,108.0,66.0,48.37,39.04,56.79,55.29,28.98,874.72,612.99,575.47,398.05,239.06,26314.6,12.0,140.0,45.69,540.06
13,299,13299,Georgia,Ware,36237.0,35587.0,35660.0,36398.0,36537.0,42.0,22.0,28.0,30.0,41.0,137.0,98.0,101.0,113.0,146.0,115.9,61.82,78.52,82.42,112.22,378.07,275.38,283.23,310.46,399.59,36083.8,32.6,119.0,90.18,329.35
13,307,13307,Georgia,Webster,2352.0,2361.0,2343.0,,,0.0,0.0,0.0,,,0.0,0.0,0.0,,,0.0,0.0,0.0,,,0.0,0.0,0.0,,,2352.0,0.0,0.0,0.0,0.0
13,311,13311,Georgia,White,28108.0,28386.0,28778.0,28982.0,29610.0,24.0,28.0,21.0,7.0,11.0,91.0,163.0,140.0,170.0,102.0,85.38,98.64,72.97,24.15,37.15,323.75,574.23,486.48,586.57,344.48,28772.8,18.2,133.2,63.66,463.1
13,315,13315,Georgia,Wilcox,8787.0,,8747.0,,,9.0,,10.0,,,57.0,,49.0,,,102.42,,114.32,,,648.69,,560.19,,,8767.0,9.5,53.0,108.37,604.44
13,317,13317,Georgia,Wilkes,9554.0,9496.0,9587.0,9554.0,9554.0,94.0,84.0,52.0,55.0,36.0,199.0,153.0,103.0,141.0,93.0,983.88,884.58,542.4,575.68,376.81,2082.9,1611.2,1074.37,1475.82,973.41,9549.0,64.2,137.8,672.67,1443.54
13,319,13319,Georgia,Wilkinson,8832.0,8796.0,8704.0,8762.0,,10.0,9.0,12.0,4.0,,31.0,26.0,14.0,23.0,,113.22,102.32,137.87,45.65,,351.0,295.59,160.85,262.5,,8773.5,8.75,23.5,99.76,267.48
15,001,15001,Hawaii,Hawaii Police Department,200744.0,,,,,613.0,,,,,4030.0,,,,,305.36,,,,,2007.53,,,,,200744.0,613.0,4030.0,305.36,2007.53
15,007,15007,Hawaii,Kauai Police Department,73210.0,73843.0,73707.0,73672.0,73440.0,194.0,212.0,188.0,207.0,215.0,1083.0,1003.0,1264.0,1519.0,1507.0,264.99,287.1,255.06,280.98,292.76,1479.31,1358.29,1714.9,2061.84,2052.02,73574.4,203.2,1275.2,276.18,1733.27
16,001,16001,Idaho,Ada,498263.0,513092.0,520365.0,526352.0,535225.0,243.0,243.0,284.0,257.0,216.0,685.0,510.0,556.0,482.0,538.0,48.77,47.36,54.58,48.83,40.36,137.48,99.4,106.85,91.57,100.52,518659.4,248.6,554.2,47.98,107.16
16,015,16015,Idaho,Boise,7662.0,8146.0,8419.0,8536.0,8506.0,29.0,21.0,28.0,20.0,22.0,48.0,51.0,29.0,19.0,13.0,378.49,257.8,332.58,234.3,258.64,626.47,626.07,344.46,222.59,152.83,8253.8,24.0,32.0,292.36,394.48
16,019,16019,Idaho,Bonneville,124730.0,128072.0,129654.0,131513.0,133793.0,130.0,130.0,111.0,133.0,139.0,654.0,642.0,686.0,567.0,523.0,104.23,101.51,85.61,101.13,103.89,524.33,501.28,529.1,431.14,390.9,129552.4,128.6,614.4,99.27,475.35
16,023,16023,Idaho,Butte,2581.0,2664.0,2690.0,,,4.0,5.0,4.0,,,5.0,5.0,13.0,,,154.98,187.69,148.7,,,193.72,187.69,483.27,,,2645.0,4.33,7.67,163.79,288.23
16,027,16027,Idaho,Canyon,233001.0,243711.0,251397.0,258839.0,267444.0,152.0,114.0,134.0,125.0,167.0,397.0,325.0,354.0,250.0,193.0,65.24,46.78,53.3,48.29,62.44,170.39,133.35,140.81,96.59,72.16,250878.4,138.4,303.8,55.21,122.66
16,045,16045,Idaho,Gem,19275.0,19802.0,20627.0,21180.0,,14.0,10.0,9.0,12.0,,44.0,23.0,20.0,16.0,,72.63,50.5,43.63,56.66,,228.27,116.15,96.96,75.54,,20221.0,11.25,25.75,55.86,129.23
16,051,16051,Idaho,Jefferson,31080.0,32207.0,33358.0,34296.0,34856.0,13.0,24.0,9.0,10.0,11.0,143.0,131.0,128.0,117.0,94.0,41.83,74.52,26.98,29.16,31.56,460.1,406.74,383.72,341.15,269.68,33159.4,13.4,122.6,40.81,372.28
16,053,16053,Idaho,Jerome,24269.0,24741.0,25268.0,25798.0,26288.0,34.0,43.0,31.0,64.0,52.0,77.0,122.0,123.0,67.0,84.0,140.1,173.8,122.68,248.08,197.81,317.28,493.11,486.78,259.71,319.54,25272.8,44.8,94.6,176.49,375.28
16,055,16055,Idaho,Kootenai,172797.0,180104.0,183512.0,185218.0,188398.0,101.0,162.0,119.0,119.0,118.0,750.0,694.0,499.0,506.0,459.0,58.45,89.95,64.85,64.25,62.63,434.04,385.33,271.92,273.19,243.63,182005.8,123.8,581.6,68.03,321.62
16,069,16069,Idaho,Nez Perce,42148.0,42515.0,42998.0,42954.0,42894.0,12.0,11.0,5.0,5.0,9.0,49.0,46.0,35.0,36.0,33.0,28.47,25.87,11.63,11.64,20.98,116.26,108.2,81.4,83.81,76.93,42701.8,8.4,39.8,19.72,93.32
16,073,16073,Idaho,Owyhee,11993.0,,,12765.0,,17.0,,,17.0,,49.0,,,22.0,,141.75,,,133.18,,408.57,,,172.35,,12379.0,17.0,35.5,137.46,290.46
16,077,16077,Idaho,Power,7880.0,7982.0,8130.0,8292.0,,16.0,5.0,4.0,4.0,,55.0,31.0,29.0,18.0,,203.05,62.64,49.2,48.24,,697.97,388.37,356.7,217.08,,8071.0,7.25,33.25,90.78,415.03
16,083,16083,Idaho,Twin Falls,90365.0,,93890.0,95392.0,96467.0,51.0,,50.0,62.0,40.0,,,119.0,97.0,68.0,56.44,,53.25,64.99,41.46,,,126.74,101.69,70.49,94028.5,50.75,94.67,54.04,99.64
16,003,16003,Idaho,Adams,4423.0,4619.0,4778.0,4895.0,5010.0,9.0,10.0,14.0,4.0,7.0,48.0,36.0,40.0,36.0,42.0,203.48,216.5,293.01,81.72,139.72,1085.24,779.39,837.17,735.44,838.32,4745.0,8.8,40.4,186.89,855.11
16,007,16007,Idaho,Bear Lake,6365.0,,6742.0,6755.0,6703.0,0.0,,0.0,1.0,0.0,0.0,,3.0,10.0,6.0,0.0,,0.0,14.8,0.0,0.0,,44.5,148.04,89.51,6641.25,0.25,4.75,3.7,70.51
16,009,16009,Idaho,Benewah,9580.0,9896.0,10293.0,10391.0,10486.0,30.0,28.0,24.0,28.0,34.0,53.0,77.0,63.0,56.0,60.0,313.15,282.94,233.17,269.46,324.24,553.24,778.09,612.07,538.93,572.19,10129.2,28.8,61.8,284.59,610.9
16,011,16011,Idaho,Bingham,48097.0,48932.0,49979.0,50386.0,50966.0,29.0,40.0,21.0,51.0,39.0,161.0,146.0,139.0,104.0,137.0,60.29,81.75,42.02,101.22,76.52,334.74,298.37,278.12,206.41,268.81,49672.0,36.0,137.4,72.36,277.29
16,013,16013,Idaho,Blaine,24341.0,24784.0,25200.0,25392.0,25701.0,12.0,10.0,15.0,21.0,12.0,9.0,16.0,29.0,17.0,21.0,49.3,40.35,59.52,82.7,46.69,36.97,64.56,115.08,66.95,81.71,25083.6,14.0,18.4,55.71,73.05
16,017,16017,Idaho,Bonner,47411.0,49639.0,51437.0,52542.0,53650.0,46.0,41.0,33.0,39.0,35.0,252.0,274.0,255.0,255.0,203.0,97.02,82.6,64.16,74.23,65.24,531.52,551.99,495.75,485.33,378.38,50935.8,38.8,247.8,76.65,488.59
16,021,16021,Idaho,Boundary,12141.0,12621.0,13324.0,13596.0,13856.0,12.0,6.0,22.0,16.0,26.0,38.0,30.0,39.0,33.0,23.0,98.84,47.54,165.12,117.68,187.64,312.99,237.7,292.7,242.72,165.99,13107.6,16.4,32.6,123.36,250.42
16,025,16025,Idaho,Camas,1081.0,,1163.0,1266.0,,2.0,,1.0,0.0,,2.0,,4.0,0.0,,185.01,,85.98,0.0,,185.01,,343.94,0.0,,1170.0,1.0,2.0,90.33,176.32
16,029,16029,Idaho,Caribou,7013.0,7113.0,7201.0,7212.0,,6.0,5.0,4.0,0.0,,16.0,7.0,10.0,6.0,,85.56,70.29,55.55,0.0,,228.15,98.41,138.87,83.19,,7134.75,3.75,9.75,52.85,137.16
16,031,16031,Idaho,Cassia,24753.0,25235.0,25657.0,25948.0,26210.0,36.0,37.0,29.0,24.0,42.0,228.0,257.0,264.0,232.0,163.0,145.44,146.62,113.03,92.49,160.24,921.1,1018.43,1028.96,894.1,621.9,25560.6,33.6,228.8,131.56,896.9
16,035,16035,Idaho,Clearwater,8758.0,,9032.0,,9149.0,11.0,,10.0,,14.0,6.0,,8.0,,31.0,125.6,,110.72,,153.02,68.51,,88.57,,338.83,8979.67,11.67,15.0,129.78,165.3
16,037,16037,Idaho,Custer,4269.0,4445.0,4503.0,4531.0,4582.0,7.0,9.0,8.0,1.0,2.0,20.0,15.0,19.0,32.0,7.0,163.97,202.47,177.66,22.07,43.65,468.49,337.46,421.94,706.25,152.77,4466.0,5.4,18.6,121.96,417.38
16,039,16039,Idaho,Elmore,28670.0,28985.0,29425.0,29615.0,29575.0,32.0,12.0,30.0,24.0,16.0,13.0,20.0,23.0,22.0,46.0,111.61,41.4,101.95,81.04,54.1,45.34,69.0,78.16,74.29,155.54,29254.0,22.8,24.8,78.02,84.47
16,043,16043,Idaho,Fremont,13420.0,13585.0,14036.0,14233.0,14346.0,18.0,12.0,6.0,16.0,9.0,39.0,44.0,43.0,44.0,42.0,134.13,88.33,42.75,112.41,62.74,290.61,323.89,306.36,309.14,292.76,13924.0,12.2,42.4,88.07,304.55
16,047,16047,Idaho,Gooding,15647.0,15800.0,15900.0,16175.0,16399.0,19.0,17.0,15.0,20.0,19.0,45.0,38.0,36.0,49.0,23.0,121.43,107.59,94.34,123.65,115.86,287.6,240.51,226.42,302.94,140.25,15984.2,18.0,38.2,112.57,239.54
16,057,16057,Idaho,Latah,39633.0,40403.0,41211.0,41476.0,41738.0,17.0,20.0,28.0,11.0,19.0,101.0,70.0,80.0,62.0,50.0,42.89,49.5,67.94,26.52,45.52,254.84,173.25,194.12,149.48,119.79,40892.2,19.0,72.6,46.47,178.3
16,059,16059,Idaho,Lemhi,7955.0,,8285.0,,8408.0,7.0,,6.0,,7.0,3.0,,27.0,,4.0,87.99,,72.42,,83.25,37.71,,325.89,,47.57,8216.0,6.67,11.33,81.22,137.06
16,061,16061,Idaho,Lewis,3534.0,3704.0,3741.0,3743.0,,2.0,9.0,0.0,2.0,,40.0,15.0,30.0,32.0,,56.59,242.98,0.0,53.43,,1131.86,404.97,801.92,854.93,,3680.5,3.25,29.25,88.25,798.42
16,063,16063,Idaho,Lincoln,5137.0,5291.0,5380.0,5502.0,5631.0,5.0,10.0,17.0,25.0,16.0,21.0,38.0,30.0,29.0,18.0,97.33,189.0,315.99,454.38,284.14,408.8,718.2,557.62,527.08,319.66,5388.2,14.6,27.2,268.17,506.27
16,065,16065,Idaho,Madison,52950.0,54126.0,55251.0,54819.0,54948.0,11.0,14.0,13.0,6.0,3.0,11.0,13.0,25.0,27.0,56.0,20.77,25.87,23.53,10.95,5.46,20.77,24.02,45.25,49.25,101.91,54418.8,9.4,26.4,17.32,48.24
16,067,16067,Idaho,Minidoka,21669.0,21951.0,22214.0,,,9.0,13.0,16.0,,,106.0,78.0,100.0,,,41.53,59.22,72.03,,,489.18,355.34,450.17,,,21944.67,12.67,94.67,57.59,431.56
16,071,16071,Idaho,Oneida,4564.0,4604.0,4740.0,4968.0,5016.0,2.0,15.0,11.0,10.0,30.0,37.0,33.0,28.0,24.0,19.0,43.82,325.8,232.07,201.29,598.09,810.69,716.77,590.72,483.09,378.79,4778.4,13.6,28.2,280.21,596.01
16,075,16075,Idaho,Payette,25577.0,26380.0,26925.0,27271.0,27679.0,27.0,23.0,28.0,27.0,27.0,60.0,75.0,65.0,54.0,53.0,105.56,87.19,103.99,99.01,97.55,234.59,284.31,241.41,198.01,191.48,26766.4,26.4,61.4,98.66,229.96
16,079,16079,Idaho,Shoshone,13198.0,,13924.0,14029.0,14026.0,29.0,,37.0,33.0,32.0,99.0,,79.0,60.0,57.0,219.73,,265.73,235.23,228.15,750.11,,567.37,427.69,406.39,13794.25,32.75,73.75,237.21,537.89
16,081,16081,Idaho,Teton,11740.0,12276.0,12551.0,12699.0,13105.0,13.0,8.0,17.0,22.0,9.0,23.0,29.0,37.0,32.0,33.0,110.73,65.17,135.45,173.24,68.68,195.91,236.23,294.8,251.99,251.81,12474.2,13.8,30.8,110.65,246.15
16,085,16085,Idaho,Valley,11841.0,12252.0,12432.0,12658.0,12817.0,19.0,21.0,27.0,36.0,18.0,59.0,83.0,63.0,72.0,55.0,160.46,171.4,217.18,284.41,140.44,498.27,677.44,506.76,568.81,429.12,12400.0,24.2,66.4,194.78,536.08
16,087,16087,Idaho,Washington,10556.0,,11178.0,11497.0,11492.0,10.0,,10.0,6.0,4.0,15.0,,9.0,6.0,8.0,94.73,,89.46,52.19,34.81,142.1,,80.52,52.19,69.61,11180.75,7.5,9.5,67.8,86.1
17,003,17003,Illinois,Alexander,5172.0,,,4727.0,,6.0,,,0.0,,,,,0.0,,116.01,,,0.0,,,,,0.0,,4949.5,3.0,0.0,58.0,0.0
17,019,17019,Illinois,Champaign,206222.0,,,208570.0,209178.0,22.0,,,111.0,80.0,,,,339.0,314.0,10.67,,,53.22,38.24,,,,162.54,150.11,207990.0,71.0,326.5,34.04,156.32
17,027,17027,Illinois,Clinton,36915.0,,,36938.0,37088.0,6.0,,,10.0,6.0,,,,52.0,59.0,16.25,,,27.07,16.18,,,,140.78,159.08,36980.33,7.33,55.5,19.83,149.93
17,031,17031,Illinois,Cook,5263651.0,,,5142853.0,5188791.0,222.0,,,319.0,601.0,,,,810.0,1585.0,4.22,,,6.2,11.58,,,,15.75,30.55,5198431.67,380.67,1197.5,7.33,23.15
17,037,17037,Illinois,DeKalb,100366.0,,,100131.0,100621.0,24.0,,,28.0,34.0,,,,84.0,94.0,23.91,,,27.96,33.79,,,,83.89,93.42,100372.67,28.67,89.0,28.55,88.66
17,057,17057,Illinois,Fulton,33562.0,,,,,13.0,,,,,,,,,,38.73,,,,,,,,,,33562.0,13.0,,38.73,
17,063,17063,Illinois,Grundy,52538.0,,,53550.0,53721.0,12.0,,,27.0,22.0,,,,81.0,75.0,22.84,,,50.42,40.95,,,,151.26,139.61,53269.67,20.33,78.0,38.07,145.44
17,073,17073,Illinois,Henry,49174.0,,,48353.0,48193.0,11.0,,,15.0,14.0,,,,74.0,64.0,22.37,,,31.02,29.05,,,,153.04,132.8,48573.33,13.33,69.0,27.48,142.92
17,077,17077,Illinois,Jackson,53289.0,,,52507.0,52682.0,34.0,,,16.0,39.0,,,,216.0,198.0,63.8,,,30.47,74.03,,,,411.37,375.84,52826.0,29.67,207.0,56.1,393.6
17,083,17083,Illinois,Jersey,21493.0,,,21168.0,21155.0,24.0,,,15.0,15.0,,,,45.0,67.0,111.66,,,70.86,70.91,,,,212.59,316.71,21272.0,18.0,56.0,84.48,264.65
17,087,17087,Illinois,Johnson,13317.0,,,,,13.0,,,,,,,,,,97.62,,,,,,,,,,13317.0,13.0,,97.62,
17,089,17089,Illinois,Kane,516364.0,,,,523430.0,92.0,,,,72.0,,,,,212.0,17.82,,,,13.76,,,,,40.5,519897.0,82.0,212.0,15.79,40.5
17,091,17091,Illinois,Kankakee,107402.0,,,105843.0,105814.0,40.0,,,100.0,83.0,,,,174.0,132.0,37.24,,,94.48,78.44,,,,164.39,124.75,106353.0,74.33,153.0,70.05,144.57
17,093,17093,Illinois,Kendall,132364.0,,,140224.0,143125.0,18.0,,,44.0,36.0,,,,124.0,135.0,13.6,,,31.38,25.15,,,,88.43,94.32,138571.0,32.67,129.5,23.38,91.38
17,097,17097,Illinois,Lake,713377.0,,,,,92.0,,,,,,,,,,12.9,,,,,,,,,,713377.0,92.0,,12.9,
17,115,17115,Illinois,Macon,103761.0,,,100364.0,,30.0,,,26.0,,,,,263.0,,28.91,,,25.91,,,,,262.05,,102062.5,28.0,263.0,27.41,262.05
17,117,17117,Illinois,Macoupin,44929.0,,,44057.0,43917.0,10.0,,,18.0,17.0,,,,47.0,60.0,22.26,,,40.86,38.71,,,,106.68,136.62,44301.0,15.0,53.5,33.94,121.65
17,119,17119,Illinois,Madison,265746.0,,,263404.0,263317.0,162.0,,,82.0,100.0,,,,709.0,665.0,60.96,,,31.13,37.98,,,,269.17,252.55,264155.67,114.67,687.0,43.36,260.86
17,123,17123,Illinois,Marshall,11713.0,,,11663.0,11571.0,4.0,,,4.0,0.0,,,,29.0,52.0,34.15,,,34.3,0.0,,,,248.65,449.4,11649.0,2.67,40.5,22.82,349.02
17,111,17111,Illinois,McHenry,309977.0,,,313421.0,315730.0,66.0,,,41.0,33.0,,,,172.0,181.0,21.29,,,13.08,10.45,,,,54.88,57.33,313042.67,46.67,176.5,14.94,56.1
17,113,17113,Illinois,McLean,171210.0,,,170931.0,171512.0,36.0,,,26.0,25.0,,,,82.0,90.0,21.03,,,15.21,14.58,,,,47.97,52.47,171217.67,29.0,86.0,16.94,50.22
17,131,17131,Illinois,Mercer,15637.0,,,,,10.0,,,,,,,,,,63.95,,,,,,,,,,15637.0,10.0,,63.95,
17,133,17133,Illinois,Monroe,34961.0,,,35190.0,35105.0,15.0,,,4.0,3.0,,,,26.0,6.0,42.9,,,11.37,8.55,,,,73.88,17.09,35085.33,7.33,16.0,20.94,45.48
17,143,17143,Illinois,Peoria,181505.0,,,178098.0,178541.0,85.0,,,167.0,153.0,,,,553.0,526.0,46.83,,,93.77,85.69,,,,310.5,294.61,179381.33,135.0,539.5,75.43,302.56
17,147,17147,Illinois,Piatt,16688.0,,,16736.0,16642.0,20.0,,,7.0,8.0,,,,43.0,59.0,119.85,,,41.83,48.07,,,,256.93,354.52,16688.67,11.67,51.0,69.92,305.73
17,161,17161,Illinois,Rock Island,144357.0,,,140905.0,141591.0,40.0,,,47.0,40.0,,,,228.0,320.0,27.71,,,33.36,28.25,,,,161.81,226.0,142284.33,42.33,274.0,29.77,193.9
17,167,17167,Illinois,Sangamon,196202.0,,,193962.0,194036.0,182.0,,,172.0,156.0,,,,706.0,720.0,92.76,,,88.68,80.4,,,,363.99,371.07,194733.33,170.0,713.0,87.28,367.53
17,175,17175,Illinois,Stark,5382.0,,,5262.0,,7.0,,,2.0,,,,,12.0,,130.06,,,38.01,,,,,228.05,,5322.0,4.5,12.0,84.04,228.05
17,179,17179,Illinois,Tazewell,131300.0,,,130019.0,129982.0,24.0,,,30.0,29.0,,,,208.0,214.0,18.28,,,23.07,22.31,,,,159.98,164.64,130433.67,27.67,211.0,21.22,162.31
17,183,17183,Illinois,Vermilion,74008.0,,,71666.0,71456.0,54.0,,,95.0,80.0,,,,366.0,400.0,72.97,,,132.56,111.96,,,,510.7,559.79,72376.67,76.33,383.0,105.83,535.24
17,197,17197,Illinois,Will,696901.0,,,703872.0,708980.0,158.0,,,197.0,164.0,,,,557.0,563.0,22.67,,,27.99,23.13,,,,79.13,79.41,703251.0,173.0,560.0,24.6,79.27
17,201,17201,Illinois,Winnebago,284939.0,,,281732.0,282965.0,102.0,,,121.0,131.0,,,,281.0,269.0,35.8,,,42.95,46.3,,,,99.74,95.06,283212.0,118.0,275.0,41.68,97.4
17,011,17011,Illinois,Bureau,33215.0,,,32748.0,32519.0,18.0,,,4.0,2.0,,,,76.0,94.0,54.19,,,12.21,6.15,,,,232.08,289.06,32827.33,8.0,85.0,24.18,260.57
17,015,17015,Illinois,Carroll,15686.0,,,15540.0,15468.0,6.0,,,1.0,0.0,,,,35.0,25.0,38.25,,,6.44,0.0,,,,225.23,161.62,15564.67,2.33,30.0,14.9,193.42
17,021,17021,Illinois,Christian,33960.0,,,,,10.0,,,,,,,,,,29.45,,,,,,,,,,33960.0,10.0,,29.45,
17,023,17023,Illinois,Clark,15456.0,,,15235.0,15141.0,11.0,,,2.0,2.0,,,,41.0,51.0,71.17,,,13.13,13.21,,,,269.12,336.83,15277.33,5.0,46.0,32.5,302.98
17,025,17025,Illinois,Clay,13271.0,,,,,5.0,,,,,,,,,,37.68,,,,,,,,,,13271.0,5.0,,37.68,
17,029,17029,Illinois,Coles,47087.0,,,46690.0,46573.0,19.0,,,23.0,14.0,,,,45.0,75.0,40.35,,,49.26,30.06,,,,96.38,161.04,46783.33,18.67,60.0,39.89,128.71
17,033,17033,Illinois,Crawford,18631.0,,,18422.0,18621.0,9.0,,,14.0,5.0,,,,45.0,19.0,48.31,,,76.0,26.85,,,,244.27,102.04,18558.0,9.33,32.0,50.39,173.16
17,035,17035,Illinois,Cumberland,10432.0,,,10277.0,10278.0,1.0,,,4.0,3.0,,,,6.0,0.0,9.59,,,38.92,29.19,,,,58.38,0.0,10329.0,2.67,3.0,25.9,29.19
17,049,17049,Illinois,Effingham,34695.0,,,34450.0,34541.0,20.0,,,13.0,11.0,,,,138.0,92.0,57.65,,,37.74,31.85,,,,400.58,266.35,34562.0,14.67,115.0,42.41,333.46
17,051,17051,Illinois,Fayette,21483.0,,,21033.0,20954.0,2.0,,,33.0,7.0,,,,61.0,43.0,9.31,,,156.9,33.41,,,,290.02,205.21,21156.67,14.0,52.0,66.54,247.62
17,053,17053,Illinois,Ford,13519.0,,,13280.0,13326.0,11.0,,,9.0,5.0,,,,21.0,26.0,81.37,,,67.77,37.52,,,,158.13,195.11,13375.0,8.33,23.5,62.22,176.62
17,055,17055,Illinois,Franklin,37694.0,,,,36954.0,17.0,,,,23.0,,,,,88.0,45.1,,,,62.24,,,,,238.13,37324.0,20.0,88.0,53.67,238.13
17,059,17059,Illinois,Gallatin,4933.0,,,,,3.0,,,,,,,,,,60.81,,,,,,,,,,4933.0,3.0,,60.81,
17,067,17067,Illinois,Hancock,17570.0,,,17192.0,16936.0,6.0,,,5.0,8.0,,,,16.0,6.0,34.15,,,29.08,47.24,,,,93.07,35.43,17232.67,6.33,11.0,36.82,64.25
17,075,17075,Illinois,Iroquois,26967.0,,,26135.0,26222.0,12.0,,,26.0,31.0,,,,129.0,114.0,44.5,,,99.48,118.22,,,,493.59,434.75,26441.33,23.0,121.5,87.4,464.17
17,079,17079,Illinois,Jasper,9253.0,,,9148.0,9049.0,16.0,,,7.0,3.0,,,,37.0,39.0,172.92,,,76.52,33.15,,,,404.46,430.99,9150.0,8.67,38.0,94.2,417.72
17,081,17081,Illinois,Jefferson,36998.0,,,36306.0,36112.0,39.0,,,25.0,15.0,,,,124.0,117.0,105.41,,,68.86,41.54,,,,341.54,323.99,36472.0,26.33,120.5,71.94,332.76
17,085,17085,Illinois,Jo Daviess,22090.0,,,21801.0,21656.0,6.0,,,7.0,6.0,,,,65.0,55.0,27.16,,,32.11,27.71,,,,298.15,253.97,21849.0,6.33,60.0,28.99,276.06
17,095,17095,Illinois,Knox,49812.0,,,,47964.0,62.0,,,,37.0,,,,,146.0,124.47,,,,77.14,,,,,304.39,48888.0,49.5,146.0,100.8,304.39
17,099,17099,Illinois,La Salle,,,,,,65.0,,,37.0,34.0,,,,151.0,120.0,,,,,,,,,,,,45.33,135.5,,
17,103,17103,Illinois,Lee,34063.0,,,,,25.0,,,,,,,,,,73.39,,,,,,,,,,34063.0,25.0,,73.39,
17,105,17105,Illinois,Livingston,35808.0,,,35215.0,35184.0,40.0,,,33.0,22.0,,,,67.0,43.0,111.71,,,93.71,62.53,,,,190.26,122.21,35402.33,31.67,55.0,89.32,156.23
17,107,17107,Illinois,Logan,27892.0,,,27037.0,27219.0,18.0,,,6.0,16.0,,,,45.0,116.0,64.53,,,22.19,58.78,,,,166.44,426.17,27382.67,13.33,80.5,48.5,296.3
17,121,17121,Illinois,Marion,37656.0,,,36660.0,36501.0,17.0,,,30.0,34.0,,,,144.0,112.0,45.15,,,81.83,93.15,,,,392.8,306.84,36939.0,27.0,128.0,73.38,349.82
17,109,17109,Illinois,McDonough,27128.0,,,,,5.0,,,,,,,,,,18.43,,,,,,,,,,27128.0,5.0,,18.43,
17,135,17135,Illinois,Montgomery,28244.0,,,27791.0,27837.0,34.0,,,25.0,14.0,,,,71.0,74.0,120.38,,,89.96,50.29,,,,255.48,265.83,27957.33,24.33,72.5,86.88,260.65
17,137,17137,Illinois,Morgan,33490.0,,,32787.0,32639.0,10.0,,,6.0,2.0,,,,25.0,19.0,29.86,,,18.3,6.13,,,,76.25,58.21,32972.0,6.0,22.0,18.1,67.23
17,141,17141,Illinois,Ogle,51765.0,,,,51274.0,23.0,,,,11.0,,,,,91.0,44.43,,,,21.45,,,,,177.48,51519.5,17.0,91.0,32.94,177.48
17,145,17145,Illinois,Perry,20884.0,,,20674.0,20376.0,10.0,,,9.0,5.0,,,,17.0,13.0,47.88,,,43.53,24.54,,,,82.23,63.8,20644.67,8.0,15.0,38.65,73.02
17,155,17155,Illinois,Putnam,5624.0,,,5580.0,5617.0,6.0,,,0.0,0.0,,,,14.0,8.0,106.69,,,0.0,0.0,,,,250.9,142.42,5607.0,2.0,11.0,35.56,196.66
17,157,17157,Illinois,Randolph,30091.0,,,29805.0,29870.0,6.0,,,2.0,0.0,,,,7.0,3.0,19.94,,,6.71,0.0,,,,23.49,10.04,29922.0,2.67,5.0,8.88,16.76
17,169,17169,Illinois,Schuyler,6865.0,,,,,0.0,,,,,,,,,,0.0,,,,,,,,,,6865.0,0.0,,0.0,
17,171,17171,Illinois,Scott,5070.0,,,4866.0,4889.0,1.0,,,3.0,1.0,,,,6.0,7.0,19.72,,,61.65,20.45,,,,123.3,143.18,4941.67,1.67,6.5,33.94,133.24
17,177,17177,Illinois,Stephenson,44570.0,,,43517.0,43422.0,13.0,,,10.0,22.0,,,,70.0,81.0,29.17,,,22.98,50.67,,,,160.86,186.54,43836.33,15.0,75.5,34.27,173.7
17,181,17181,Illinois,Union,17299.0,,,,,15.0,,,,,,,,,,86.71,,,,,,,,,,17299.0,15.0,,86.71,
17,185,17185,Illinois,Wabash,11319.0,,,11065.0,,1.0,,,2.0,,,,,4.0,,8.83,,,18.08,,,,,36.15,,11192.0,1.5,4.0,13.45,36.15
17,187,17187,Illinois,Warren,16837.0,,,16159.0,16116.0,14.0,,,14.0,11.0,,,,53.0,57.0,83.15,,,86.64,68.26,,,,327.99,353.69,16370.67,13.0,55.0,79.35,340.84
17,189,17189,Illinois,Washington,13729.0,,,,,7.0,,,,,,,,,,50.99,,,,,,,,,,13729.0,7.0,,50.99,
17,191,17191,Illinois,Wayne,16143.0,,,15832.0,15883.0,7.0,,,12.0,10.0,,,,68.0,70.0,43.36,,,75.8,62.96,,,,429.51,440.72,15952.67,9.67,69.0,60.71,435.12
17,195,17195,Illinois,Whiteside,55555.0,,,54480.0,54423.0,17.0,,,8.0,11.0,,,,81.0,115.0,30.6,,,14.68,20.21,,,,148.68,211.31,54819.33,12.0,98.0,21.83,180.0
18,019,18019,Indiana,Clark,121374.0,122860.0,124254.0,125691.0,127763.0,59.0,59.0,49.0,52.0,31.0,356.0,305.0,231.0,212.0,179.0,48.61,48.02,39.44,41.37,24.26,293.31,248.25,185.91,168.67,140.1,124388.4,50.0,256.6,40.34,207.25
18,047,18047,Indiana,Franklin,22791.0,,23104.0,23184.0,23136.0,8.0,,11.0,6.0,3.0,116.0,,104.0,81.0,66.0,35.1,,47.61,25.88,12.97,508.97,,450.14,349.38,285.27,23053.75,7.0,91.75,30.39,398.44
18,059,18059,Indiana,Hancock,80175.0,81848.0,83016.0,86159.0,88877.0,55.0,52.0,46.0,55.0,46.0,190.0,197.0,204.0,184.0,118.0,68.6,63.53,55.41,63.84,51.76,236.98,240.69,245.74,213.56,132.77,84015.0,50.8,178.6,60.63,213.95
18,063,18063,Indiana,Hendricks,175607.0,179776.0,183605.0,187036.0,190764.0,46.0,60.0,49.0,60.0,33.0,469.0,420.0,440.0,470.0,410.0,26.19,33.37,26.69,32.08,17.3,267.07,233.62,239.64,251.29,214.93,183357.6,49.6,441.8,27.13,241.31
18,067,18067,Indiana,Howard,83589.0,83553.0,83479.0,83833.0,84018.0,53.0,60.0,34.0,38.0,41.0,138.0,88.0,81.0,65.0,100.0,63.41,71.81,40.73,45.33,48.8,165.09,105.32,97.03,77.54,119.02,83694.4,45.2,94.4,54.02,112.8
18,081,18081,Indiana,Johnson,162237.0,164330.0,165804.0,168405.0,171023.0,18.0,20.0,12.0,28.0,17.0,205.0,275.0,221.0,227.0,208.0,11.09,12.17,7.24,16.63,9.94,126.36,167.35,133.29,134.79,121.62,166359.8,19.0,227.2,11.41,136.68
18,089,18089,Indiana,Lake,498943.0,,,500134.0,502497.0,45.0,,,33.0,47.0,314.0,,,158.0,175.0,9.02,,,6.6,9.35,62.93,,,31.59,34.83,500524.67,41.67,215.67,8.32,43.12
18,091,18091,Indiana,La Porte,,,,,,45.0,46.0,24.0,44.0,,,351.0,443.0,267.0,,,,,,,,,,,,,39.75,353.67,,
18,105,18105,Indiana,Monroe,140629.0,144658.0,144456.0,143548.0,142832.0,35.0,27.0,24.0,30.0,21.0,555.0,451.0,399.0,462.0,377.0,24.89,18.66,16.61,20.9,14.7,394.66,311.77,276.21,321.84,263.95,143224.6,27.4,448.8,19.15,313.69
18,141,18141,Indiana,St. Joseph,272686.0,272235.0,272478.0,273119.0,272936.0,78.0,129.0,117.0,119.0,109.0,1254.0,1107.0,894.0,795.0,645.0,28.6,47.39,42.94,43.57,39.94,459.87,406.63,328.1,291.08,236.32,272690.8,110.4,939.0,40.49,344.4
18,157,18157,Indiana,Tippecanoe,186383.0,187402.0,188836.0,189448.0,189910.0,48.0,84.0,86.0,76.0,100.0,430.0,397.0,327.0,324.0,261.0,25.75,44.82,45.54,40.12,52.66,230.71,211.84,173.17,171.02,137.43,188395.8,78.8,347.8,41.78,184.83
18,167,18167,Indiana,Vigo,106143.0,106083.0,106014.0,106086.0,106198.0,91.0,89.0,95.0,98.0,90.0,914.0,1027.0,688.0,704.0,524.0,85.73,83.9,89.61,92.38,84.75,861.1,968.11,648.97,663.61,493.42,106104.8,92.6,771.4,87.27,727.04
18,055,18055,Indiana,Greene,30803.0,30842.0,,31086.0,,30.0,16.0,,11.0,,179.0,128.0,,129.0,,97.39,51.88,,35.39,,581.11,415.02,,414.98,,30910.33,19.0,145.33,61.55,470.37
18,071,18071,Indiana,Jackson,46468.0,46215.0,46298.0,46751.0,47436.0,17.0,31.0,14.0,6.0,4.0,32.0,38.0,20.0,18.0,17.0,36.58,67.08,30.24,12.83,8.43,68.86,82.22,43.2,38.5,35.84,46633.6,14.4,25.0,31.03,53.72
18,079,18079,Indiana,Jennings,27587.0,27510.0,27467.0,27630.0,27724.0,8.0,20.0,13.0,7.0,16.0,99.0,137.0,92.0,65.0,59.0,29.0,72.7,47.33,25.33,57.71,358.86,498.0,334.95,235.25,212.81,27583.6,12.8,90.4,46.41,327.97
18,085,18085,Indiana,Kosciusko,80152.0,80242.0,80624.0,80338.0,80769.0,107.0,63.0,84.0,64.0,79.0,410.0,378.0,360.0,319.0,237.0,133.5,78.51,104.19,79.66,97.81,511.53,471.07,446.52,397.07,293.43,80425.0,79.4,340.8,98.73,423.92
18,103,18103,Indiana,Miami,35907.0,,,,,16.0,,,,,77.0,,,,,44.56,,,,,214.44,,,,,35907.0,16.0,77.0,44.56,214.44
18,107,18107,Indiana,Montgomery,37938.0,38018.0,38327.0,38692.0,38910.0,15.0,11.0,21.0,8.0,14.0,197.0,155.0,124.0,101.0,121.0,39.54,28.93,54.79,20.68,35.98,519.27,407.7,323.53,261.04,310.97,38377.0,13.8,139.6,35.98,364.5
18,113,18113,Indiana,Noble,47465.0,47385.0,47266.0,47501.0,47946.0,20.0,18.0,22.0,11.0,15.0,155.0,152.0,141.0,135.0,102.0,42.14,37.99,46.55,23.16,31.29,326.56,320.78,298.31,284.2,212.74,47512.6,17.2,137.0,36.23,288.52
18,149,18149,Indiana,Starke,23397.0,23381.0,23237.0,,,45.0,63.0,29.0,,,223.0,164.0,107.0,,,192.33,269.45,124.8,,,953.11,701.42,460.47,,,23338.33,45.67,164.67,195.53,705.0
18,151,18151,Indiana,Steuben,34452.0,34710.0,34716.0,34876.0,34788.0,13.0,18.0,7.0,9.0,8.0,251.0,294.0,233.0,171.0,155.0,37.73,51.86,20.16,25.81,23.0,728.55,847.02,671.16,490.31,445.56,34708.4,11.0,220.8,31.71,636.52
18,179,18179,Indiana,Wells,28161.0,28157.0,28325.0,28648.0,28840.0,5.0,2.0,7.0,12.0,8.0,38.0,22.0,26.0,9.0,8.0,17.76,7.1,24.71,41.89,27.74,134.94,78.13,91.79,31.42,27.74,28426.2,6.8,20.6,23.84,72.8
19,013,19013,Iowa,Black Hawk,131037.0,130571.0,129963.0,130812.0,131473.0,42.0,17.0,17.0,15.0,7.0,130.0,126.0,62.0,57.0,97.0,32.05,13.02,13.08,11.47,5.32,99.21,96.5,47.71,43.57,73.78,130771.2,19.6,94.4,14.99,72.15
19,015,19015,Iowa,Boone,26705.0,,,26581.0,26727.0,14.0,,,6.0,11.0,,,,16.0,16.0,52.42,,,22.57,41.16,,,,60.19,59.86,26671.0,10.33,16.0,38.72,60.02
19,017,19017,Iowa,Bremer,25014.0,,25261.0,25337.0,25363.0,2.0,,7.0,5.0,8.0,37.0,,30.0,20.0,18.0,8.0,,27.71,19.73,31.54,147.92,,118.76,78.94,70.97,25243.75,5.5,26.25,21.74,104.15
19,049,19049,Iowa,Dallas,100521.0,104166.0,108070.0,111321.0,114812.0,48.0,66.0,52.0,46.0,42.0,83.0,97.0,58.0,59.0,47.0,47.75,63.36,48.12,41.32,36.58,82.57,93.12,53.67,53.0,40.94,107778.0,50.8,68.8,47.43,64.66
19,061,19061,Iowa,Dubuque,99311.0,98885.0,98723.0,98907.0,99033.0,22.0,27.0,32.0,30.0,42.0,148.0,146.0,150.0,140.0,98.0,22.15,27.3,32.41,30.33,42.41,149.03,147.65,151.94,141.55,98.96,98971.8,30.6,136.4,30.92,137.83
19,075,19075,Iowa,Grundy,12337.0,12365.0,,12383.0,12372.0,5.0,10.0,,5.0,13.0,54.0,33.0,,15.0,38.0,40.53,80.87,,40.38,105.08,437.71,266.88,,121.13,307.15,12364.25,8.25,35.0,66.72,283.22
19,077,19077,Iowa,Guthrie,10614.0,,,10738.0,10687.0,1.0,,,6.0,5.0,41.0,,,17.0,20.0,9.42,,,55.88,46.79,386.28,,,158.32,187.14,10679.67,4.0,26.0,37.36,243.91
19,085,19085,Iowa,Harrison,14560.0,14681.0,,,,9.0,10.0,,,,56.0,42.0,,,,61.81,68.12,,,,384.62,286.08,,,,14620.5,9.5,49.0,64.96,335.35
19,099,19099,Iowa,Jasper,37821.0,37895.0,37948.0,37990.0,38122.0,11.0,8.0,18.0,12.0,6.0,30.0,37.0,45.0,44.0,67.0,29.08,21.11,47.43,31.59,15.74,79.32,97.64,118.58,115.82,175.75,37955.2,11.0,44.6,28.99,117.42
19,113,19113,Iowa,Linn,230405.0,229479.0,228878.0,228775.0,230389.0,28.0,38.0,36.0,28.0,31.0,263.0,159.0,177.0,165.0,118.0,12.15,16.56,15.73,12.24,13.46,114.15,69.29,77.33,72.12,51.22,229585.2,32.2,176.4,14.03,76.82
19,121,19121,Iowa,Madison,16631.0,,17064.0,17017.0,17149.0,9.0,,16.0,12.0,21.0,43.0,,24.0,34.0,22.0,54.12,,93.76,70.52,122.46,258.55,,140.65,199.8,128.29,16965.25,14.5,30.75,85.21,181.82
19,129,19129,Iowa,Mills,14413.0,14489.0,14557.0,14619.0,14748.0,13.0,7.0,7.0,5.0,7.0,70.0,98.0,85.0,68.0,50.0,90.2,48.31,48.09,34.2,47.46,485.67,676.38,583.91,465.15,339.03,14565.2,7.8,74.2,53.65,510.03
19,153,19153,Iowa,Polk,493013.0,497973.0,501174.0,506787.0,513511.0,120.0,99.0,84.0,66.0,63.0,711.0,814.0,655.0,525.0,593.0,24.34,19.88,16.76,13.02,12.27,144.22,163.46,130.69,103.59,115.48,502491.6,86.4,659.6,17.25,131.49
19,155,19155,Iowa,Pottawattamie,93667.0,93423.0,93162.0,93351.0,93270.0,55.0,54.0,86.0,53.0,38.0,241.0,197.0,171.0,152.0,128.0,58.72,57.8,92.31,56.77,40.74,257.29,210.87,183.55,162.83,137.24,93374.6,57.2,177.8,61.27,190.36
19,163,19163,Iowa,Scott,174599.0,174265.0,173859.0,174185.0,174840.0,28.0,35.0,46.0,37.0,30.0,163.0,137.0,130.0,137.0,154.0,16.04,20.08,26.46,21.24,17.16,93.36,78.62,74.77,78.65,88.08,174349.6,35.2,144.2,20.2,82.7
19,169,19169,Iowa,Story,98658.0,99675.0,99857.0,101021.0,101418.0,18.0,19.0,15.0,10.0,11.0,96.0,117.0,111.0,90.0,65.0,18.24,19.06,15.02,9.9,10.85,97.31,117.38,111.16,89.09,64.09,100125.8,14.6,95.8,14.61,95.81
19,181,19181,Iowa,Warren,52597.0,53515.0,,55355.0,56496.0,36.0,21.0,,24.0,31.0,136.0,79.0,,88.0,68.0,68.44,39.24,,43.36,54.87,258.57,147.62,,158.97,120.36,54490.75,28.0,92.75,51.48,171.38
19,183,19183,Iowa,Washington,22536.0,22523.0,22539.0,22566.0,22602.0,39.0,42.0,41.0,40.0,32.0,85.0,79.0,91.0,82.0,60.0,173.06,186.48,181.91,177.26,141.58,377.17,350.75,403.74,363.38,265.46,22553.2,38.8,79.4,172.06,352.1
19,193,19193,Iowa,Woodbury,105949.0,105795.0,105712.0,106522.0,106742.0,32.0,38.0,24.0,29.0,30.0,93.0,89.0,87.0,76.0,63.0,30.2,35.92,22.7,27.22,28.11,87.78,84.12,82.3,71.35,59.02,106144.0,30.6,81.6,28.83,76.91
19,001,19001,Iowa,Adair,7498.0,7529.0,7466.0,7418.0,7465.0,8.0,4.0,2.0,4.0,0.0,26.0,27.0,16.0,6.0,12.0,106.7,53.13,26.79,53.92,0.0,346.76,358.61,214.3,80.88,160.75,7475.2,3.6,17.4,48.11,232.26
19,003,19003,Iowa,Adams,3710.0,3639.0,3600.0,3559.0,3600.0,9.0,7.0,3.0,15.0,1.0,23.0,18.0,6.0,4.0,2.0,242.59,192.36,83.33,421.47,27.78,619.95,494.64,166.67,112.39,55.56,3621.6,7.0,10.6,193.51,289.84
19,005,19005,Iowa,Allamakee,14072.0,13977.0,14095.0,14163.0,14206.0,2.0,14.0,10.0,8.0,7.0,32.0,8.0,28.0,15.0,15.0,14.21,100.16,70.95,56.49,49.27,227.4,57.24,198.65,105.91,105.59,14102.6,8.2,19.6,58.22,138.96
19,007,19007,Iowa,Appanoose,12283.0,12267.0,12134.0,12122.0,12102.0,16.0,5.0,15.0,7.0,2.0,93.0,79.0,54.0,63.0,52.0,130.26,40.76,123.62,57.75,16.53,757.14,644.0,445.03,519.72,429.68,12181.6,9.0,68.2,73.78,559.11
19,019,19019,Iowa,Buchanan,20608.0,20718.0,20705.0,20725.0,20711.0,24.0,13.0,14.0,11.0,22.0,78.0,43.0,37.0,40.0,45.0,116.46,62.75,67.62,53.08,106.22,378.49,207.55,178.7,193.0,217.28,20693.4,16.8,48.6,81.23,235.0
19,021,19021,Iowa,Buena Vista,20800.0,20794.0,20644.0,20678.0,20655.0,10.0,13.0,9.0,7.0,9.0,44.0,34.0,23.0,27.0,26.0,48.08,62.52,43.6,33.85,43.57,211.54,163.51,111.41,130.57,125.88,20714.2,9.6,30.8,46.32,148.58
19,023,19023,Iowa,Butler,14337.0,14357.0,14258.0,14190.0,14093.0,4.0,7.0,3.0,2.0,2.0,37.0,37.0,15.0,5.0,12.0,27.9,48.76,21.04,14.09,14.19,258.07,257.71,105.2,35.24,85.15,14247.0,3.6,21.2,25.2,148.27
19,025,19025,Iowa,Calhoun,9895.0,,,,,2.0,,,,,13.0,,,,,20.21,,,,,131.38,,,,,9895.0,2.0,13.0,20.21,131.38
19,027,19027,Iowa,Carroll,20725.0,20745.0,20558.0,20513.0,,3.0,3.0,0.0,0.0,,10.0,12.0,11.0,7.0,,14.48,14.46,0.0,0.0,,48.25,57.85,53.51,34.12,,20635.25,1.5,10.0,7.24,48.43
19,029,19029,Iowa,Cass,13118.0,13087.0,13127.0,13120.0,13005.0,12.0,10.0,18.0,6.0,5.0,44.0,43.0,57.0,39.0,47.0,91.48,76.41,137.12,45.73,38.45,335.42,328.57,434.22,297.26,361.4,13091.4,10.2,46.0,77.84,351.37
19,031,19031,Iowa,Cedar,18486.0,18435.0,18333.0,18298.0,18288.0,8.0,7.0,12.0,6.0,11.0,36.0,25.0,36.0,39.0,35.0,43.28,37.97,65.46,32.79,60.15,194.74,135.61,196.37,213.14,191.38,18368.0,8.8,34.2,47.93,186.25
19,033,19033,Iowa,Cerro Gordo,43018.0,42773.0,42401.0,42427.0,42347.0,15.0,8.0,6.0,9.0,5.0,120.0,91.0,38.0,27.0,30.0,34.87,18.7,14.15,21.21,11.81,278.95,212.75,89.62,63.64,70.84,42593.2,8.6,61.2,20.15,143.16
19,035,19035,Iowa,Cherokee,11648.0,11533.0,11486.0,11589.0,11522.0,5.0,4.0,1.0,1.0,1.0,18.0,19.0,21.0,9.0,4.0,42.93,34.68,8.71,8.63,8.68,154.53,164.74,182.83,77.66,34.72,11555.6,2.4,14.2,20.73,122.9
19,037,19037,Iowa,Chickasaw,11995.0,11896.0,11765.0,11713.0,11724.0,8.0,13.0,15.0,16.0,6.0,23.0,27.0,22.0,27.0,19.0,66.69,109.28,127.5,136.6,51.18,191.75,226.97,187.0,230.51,162.06,11818.6,11.6,23.6,98.25,199.66
19,039,19039,Iowa,Clarke,9731.0,9752.0,9689.0,9648.0,9591.0,4.0,10.0,4.0,6.0,4.0,26.0,20.0,37.0,28.0,19.0,41.11,102.54,41.28,62.19,41.71,267.19,205.09,381.88,290.22,198.1,9682.2,5.6,26.0,57.77,268.5
19,041,19041,Iowa,Clay,16341.0,16464.0,16514.0,16537.0,16521.0,5.0,5.0,7.0,2.0,2.0,15.0,30.0,8.0,12.0,11.0,30.6,30.37,42.39,12.09,12.11,91.79,182.22,48.44,72.56,66.58,16475.4,4.2,15.2,25.51,92.32
19,043,19043,Iowa,Clayton,17027.0,,17049.0,17008.0,16983.0,11.0,,11.0,16.0,7.0,27.0,,28.0,22.0,14.0,64.6,,64.52,94.07,41.22,158.57,,164.23,129.35,82.44,17016.75,11.25,22.75,66.1,133.65
19,045,19045,Iowa,Clinton,46431.0,46497.0,46263.0,46109.0,45999.0,28.0,21.0,30.0,36.0,17.0,139.0,129.0,101.0,91.0,78.0,60.3,45.16,64.85,78.08,36.96,299.37,277.44,218.32,197.36,169.57,46259.8,26.4,107.6,57.07,232.41
19,047,19047,Iowa,Crawford,16487.0,16239.0,16143.0,16130.0,16289.0,3.0,4.0,2.0,3.0,2.0,2.0,6.0,2.0,7.0,12.0,18.2,24.63,12.39,18.6,12.28,12.13,36.95,12.39,43.4,73.67,16257.6,2.8,5.8,17.22,35.71
19,051,19051,Iowa,Davis,9116.0,,9145.0,9161.0,9176.0,0.0,,4.0,7.0,1.0,9.0,,7.0,3.0,3.0,0.0,,43.74,76.41,10.9,98.73,,76.54,32.75,32.69,9149.5,3.0,5.5,32.76,60.18
19,055,19055,Iowa,Delaware,17456.0,17554.0,17590.0,17572.0,17602.0,27.0,10.0,26.0,16.0,17.0,41.0,15.0,19.0,12.0,8.0,154.67,56.97,147.81,91.05,96.58,234.88,85.45,108.02,68.29,45.45,17554.8,19.2,19.0,109.42,108.42
19,057,19057,Iowa,Des Moines,38849.0,38537.0,38229.0,38299.0,38150.0,11.0,18.0,14.0,17.0,24.0,,97.0,138.0,83.0,76.0,28.31,46.71,36.62,44.39,62.91,,251.71,360.98,216.72,199.21,38412.8,16.8,98.5,43.79,257.16
19,059,19059,Iowa,Dickinson,17775.0,,,,,9.0,,,,,24.0,,,,,50.63,,,,,135.02,,,,,17775.0,9.0,24.0,50.63,135.02
19,063,19063,Iowa,Emmet,9341.0,9331.0,9206.0,9294.0,9131.0,13.0,29.0,8.0,0.0,0.0,16.0,7.0,4.0,2.0,2.0,139.17,310.79,86.9,0.0,0.0,171.29,75.02,43.45,21.52,21.9,9260.6,10.0,6.2,107.37,66.64
19,065,19065,Iowa,Fayette,19448.0,19309.0,19303.0,19233.0,19110.0,20.0,30.0,20.0,24.0,10.0,52.0,27.0,18.0,22.0,8.0,102.84,155.37,103.61,124.79,52.33,267.38,139.83,93.25,114.39,41.86,19280.6,20.8,25.4,107.79,131.34
19,067,19067,Iowa,Floyd,15595.0,15463.0,15317.0,15306.0,15081.0,3.0,1.0,10.0,2.0,11.0,14.0,26.0,22.0,23.0,12.0,19.24,6.47,65.29,13.07,72.94,89.77,168.14,143.63,150.27,79.57,15352.4,5.4,19.4,35.4,126.28
19,071,19071,Iowa,Fremont,6575.0,6594.0,6474.0,6462.0,6493.0,40.0,12.0,15.0,31.0,19.0,75.0,61.0,55.0,52.0,35.0,608.37,181.98,231.7,479.73,292.62,1140.68,925.08,849.55,804.7,539.04,6519.6,23.4,55.6,358.88,851.81
19,079,19079,Iowa,Hamilton,15014.0,,14880.0,14914.0,14998.0,3.0,,11.0,11.0,4.0,44.0,,25.0,26.0,29.0,19.98,,73.92,73.76,26.67,293.06,,168.01,174.33,193.36,14951.5,7.25,31.0,48.58,207.19
19,081,19081,Iowa,Hancock,10763.0,10693.0,10662.0,10638.0,10620.0,3.0,24.0,14.0,10.0,5.0,34.0,37.0,43.0,31.0,29.0,27.87,224.45,131.31,94.0,47.08,315.9,346.02,403.3,291.41,273.07,10675.2,11.2,34.8,104.94,325.94
19,083,19083,Iowa,Hardin,16831.0,16725.0,16670.0,16522.0,16460.0,11.0,19.0,29.0,47.0,10.0,74.0,79.0,87.0,61.0,62.0,65.36,113.6,173.97,284.47,60.75,439.66,472.35,521.9,369.2,376.67,16641.6,23.2,72.6,139.63,435.96
19,087,19087,Iowa,Henry,20450.0,20405.0,20284.0,19603.0,19368.0,33.0,17.0,25.0,12.0,13.0,66.0,59.0,43.0,19.0,19.0,161.37,83.31,123.25,61.22,67.12,322.74,289.14,211.99,96.92,98.1,20022.0,20.0,41.2,99.25,203.78
19,089,19089,Iowa,Howard,9494.0,,9502.0,9400.0,,2.0,,6.0,4.0,,27.0,,27.0,18.0,,21.07,,63.14,42.55,,284.39,,284.15,191.49,,9465.33,4.0,24.0,42.25,253.34
19,091,19091,Iowa,Humboldt,9599.0,,9540.0,9522.0,9505.0,0.0,,6.0,5.0,8.0,59.0,,51.0,35.0,44.0,0.0,,62.89,52.51,84.17,614.65,,534.59,367.57,462.91,9541.5,4.75,47.25,49.89,494.93
19,093,19093,Iowa,Ida,7019.0,6964.0,6880.0,6812.0,6767.0,8.0,8.0,4.0,7.0,6.0,57.0,24.0,20.0,32.0,22.0,113.98,114.88,58.14,102.76,88.67,812.08,344.63,290.7,469.76,325.11,6888.4,6.6,31.0,95.69,448.46
19,095,19095,Iowa,Iowa,16665.0,16606.0,16514.0,16431.0,16474.0,15.0,12.0,17.0,14.0,6.0,19.0,7.0,67.0,46.0,39.0,90.01,72.26,102.94,85.2,36.42,114.01,42.15,405.72,279.96,236.74,16538.0,12.8,35.6,77.37,215.72
19,097,19097,Iowa,Jackson,19447.0,19394.0,19333.0,19343.0,19351.0,10.0,15.0,11.0,3.0,15.0,52.0,74.0,62.0,51.0,34.0,51.42,77.34,56.9,15.51,77.52,267.39,381.56,320.7,263.66,175.7,19373.6,10.8,54.6,55.74,281.8
19,101,19101,Iowa,Jefferson,15688.0,15795.0,15580.0,15464.0,15405.0,4.0,3.0,5.0,5.0,4.0,30.0,19.0,13.0,18.0,12.0,25.5,18.99,32.09,32.33,25.97,191.23,120.29,83.44,116.4,77.9,15586.4,4.2,18.4,26.98,117.85
19,107,19107,Iowa,Keokuk,10000.0,9902.0,9880.0,9931.0,9804.0,9.0,16.0,15.0,16.0,12.0,37.0,51.0,62.0,34.0,36.0,90.0,161.58,151.82,161.11,122.4,370.0,515.05,627.53,342.36,367.2,9903.4,13.6,44.0,137.38,444.43
19,109,19109,Iowa,Kossuth,14794.0,14517.0,,,14468.0,13.0,11.0,,,12.0,20.0,8.0,,,10.0,87.87,75.77,,,82.94,135.19,55.11,,,69.12,14593.0,12.0,12.67,82.19,86.47
19,111,19111,Iowa,Lee,33527.0,33265.0,32783.0,32502.0,32480.0,12.0,27.0,33.0,15.0,19.0,86.0,70.0,87.0,68.0,62.0,35.79,81.17,100.66,46.15,58.5,256.51,210.43,265.38,209.22,190.89,32911.4,21.2,74.6,64.45,226.49
19,115,19115,Iowa,Louisa,10822.0,10733.0,10641.0,10525.0,10564.0,15.0,24.0,28.0,25.0,18.0,56.0,34.0,26.0,29.0,36.0,138.61,223.61,263.13,237.53,170.39,517.46,316.78,244.34,275.53,340.78,10657.0,22.0,36.2,206.65,338.98
19,117,19117,Iowa,Lucas,8621.0,8718.0,8732.0,8776.0,8826.0,12.0,12.0,23.0,18.0,8.0,60.0,77.0,62.0,69.0,70.0,139.19,137.65,263.4,205.1,90.64,695.97,883.23,710.03,786.24,793.11,8734.6,14.6,67.6,167.2,773.72
19,119,19119,Iowa,Lyon,11924.0,12035.0,12180.0,12309.0,12404.0,15.0,15.0,15.0,4.0,1.0,44.0,60.0,66.0,33.0,18.0,125.8,124.64,123.15,32.5,8.06,369.0,498.55,541.87,268.1,145.11,12170.4,10.0,44.2,82.83,364.53
19,123,19123,Iowa,Mahaska,22151.0,21972.0,21940.0,21947.0,21912.0,10.0,8.0,11.0,11.0,3.0,56.0,30.0,33.0,16.0,18.0,45.14,36.41,50.14,50.12,13.69,252.81,136.54,150.41,72.9,82.15,21984.4,8.6,30.6,39.1,138.96
19,125,19125,Iowa,Marion,33420.0,33457.0,33581.0,33662.0,33955.0,36.0,24.0,26.0,20.0,20.0,48.0,60.0,40.0,30.0,42.0,107.72,71.73,77.42,59.41,58.9,143.63,179.33,119.11,89.12,123.69,33615.0,25.2,44.0,75.04,130.98
19,127,19127,Iowa,Marshall,40100.0,,,,,44.0,,,,,89.0,,,,,109.73,,,,,221.95,,,,,40100.0,44.0,89.0,109.73,221.95
19,131,19131,Iowa,Mitchell,10591.0,10564.0,,10543.0,10591.0,3.0,7.0,,0.0,3.0,13.0,30.0,,9.0,10.0,28.33,66.26,,0.0,28.33,122.75,283.98,,85.36,94.42,10572.25,3.25,15.5,30.73,146.63
19,133,19133,Iowa,Monona,8746.0,8609.0,8527.0,8539.0,8492.0,11.0,14.0,11.0,10.0,12.0,30.0,69.0,72.0,43.0,34.0,125.77,162.62,129.0,117.11,141.31,343.01,801.49,844.38,503.57,400.38,8582.6,11.6,49.6,135.16,578.57
19,135,19135,Iowa,Monroe,7600.0,,,,,3.0,,,,,14.0,,,,,39.47,,,,,184.21,,,,,7600.0,3.0,14.0,39.47,184.21
19,139,19139,Iowa,Muscatine,43151.0,42703.0,42501.0,42293.0,42161.0,19.0,24.0,14.0,14.0,20.0,58.0,33.0,45.0,55.0,39.0,44.03,56.2,32.94,33.1,47.44,134.41,77.28,105.88,130.05,92.5,42561.8,18.2,46.0,42.74,108.02
19,141,19141,Iowa,O'Brien,14156.0,14052.0,14095.0,14052.0,14188.0,33.0,13.0,18.0,9.0,12.0,103.0,63.0,52.0,30.0,37.0,233.12,92.51,127.7,64.05,84.58,727.61,448.33,368.93,213.49,260.78,14108.6,17.0,57.0,120.39,403.83
19,143,19143,Iowa,Osceola,6201.0,6177.0,6070.0,6015.0,6008.0,10.0,22.0,5.0,5.0,5.0,54.0,60.0,15.0,7.0,7.0,161.26,356.16,82.37,83.13,83.22,870.83,971.35,247.12,116.38,116.51,6094.2,9.4,28.6,153.23,464.44
19,145,19145,Iowa,Page,15202.0,,15164.0,14993.0,15013.0,4.0,,6.0,7.0,5.0,13.0,,25.0,34.0,16.0,26.31,,39.57,46.69,33.3,85.52,,164.86,226.77,106.57,15093.0,5.5,22.0,36.47,145.93
19,147,19147,Iowa,Palo Alto,8990.0,8932.0,8779.0,8841.0,8892.0,12.0,3.0,14.0,9.0,6.0,52.0,43.0,16.0,30.0,31.0,133.48,33.59,159.47,101.8,67.48,578.42,481.42,182.25,339.33,348.63,8886.8,8.8,34.4,99.16,386.01
19,149,19149,Iowa,Plymouth,25697.0,25744.0,25713.0,25723.0,25684.0,6.0,3.0,11.0,1.0,6.0,28.0,21.0,19.0,33.0,28.0,23.35,11.65,42.78,3.89,23.36,108.96,81.57,73.89,128.29,109.02,25712.2,5.4,25.8,21.01,100.35
19,151,19151,Iowa,Pocahontas,7070.0,7043.0,7076.0,6993.0,6922.0,11.0,5.0,4.0,2.0,3.0,30.0,21.0,17.0,17.0,8.0,155.59,70.99,56.53,28.6,43.34,424.33,298.17,240.25,243.1,115.57,7020.8,5.0,18.6,71.01,264.28
19,157,19157,Iowa,Poweshiek,18638.0,18626.0,18543.0,18487.0,18423.0,13.0,16.0,9.0,26.0,19.0,56.0,42.0,66.0,54.0,45.0,69.75,85.9,48.54,140.64,103.13,300.46,225.49,355.93,292.1,244.26,18543.4,16.6,52.6,89.59,283.65
19,159,19159,Iowa,Ringgold,4641.0,,4679.0,4664.0,,3.0,,3.0,6.0,,25.0,,16.0,14.0,,64.64,,64.12,128.64,,538.68,,341.95,300.17,,4661.33,4.0,18.33,85.8,393.6
19,161,19161,Iowa,Sac,9791.0,9766.0,9675.0,9696.0,9614.0,6.0,13.0,18.0,12.0,7.0,36.0,35.0,55.0,15.0,9.0,61.28,133.11,186.05,123.76,72.81,367.68,358.39,568.48,154.7,93.61,9708.4,11.2,30.0,115.4,308.57
19,165,19165,Iowa,Shelby,11718.0,,,11788.0,11778.0,3.0,,,4.0,2.0,20.0,,,28.0,16.0,25.6,,,33.93,16.98,170.68,,,237.53,135.85,11761.33,3.0,21.33,25.5,181.35
19,167,19167,Iowa,Sioux,35888.0,35971.0,36250.0,36494.0,36777.0,11.0,17.0,9.0,19.0,15.0,56.0,41.0,48.0,56.0,35.0,30.65,47.26,24.83,52.06,40.79,156.04,113.98,132.41,153.45,95.17,36276.0,14.2,47.2,39.12,130.21
19,171,19171,Iowa,Tama,17050.0,16880.0,16929.0,16824.0,16804.0,18.0,39.0,24.0,15.0,7.0,46.0,41.0,40.0,43.0,30.0,105.57,231.04,141.77,89.16,41.66,269.79,242.89,236.28,255.59,178.53,16897.4,20.6,40.0,121.84,236.62
19,173,19173,Iowa,Taylor,5862.0,,,5925.0,5843.0,7.0,,,7.0,3.0,11.0,,,20.0,16.0,119.41,,,118.14,51.34,187.65,,,337.55,273.83,5876.67,5.67,15.67,96.3,266.34
19,175,19175,Iowa,Union,12130.0,12049.0,11898.0,11883.0,11924.0,8.0,8.0,6.0,10.0,9.0,40.0,44.0,31.0,23.0,7.0,65.95,66.4,50.43,84.15,75.48,329.76,365.18,260.55,193.55,58.71,11976.8,8.2,29.0,68.48,241.55
19,177,19177,Iowa,Van Buren,7221.0,7259.0,7253.0,7250.0,7187.0,9.0,6.0,4.0,11.0,9.0,31.0,26.0,26.0,26.0,17.0,124.64,82.66,55.15,151.72,125.23,429.3,358.18,358.47,358.62,236.54,7234.0,7.8,25.2,107.88,348.22
19,179,19179,Iowa,Wapello,35334.0,35308.0,35082.0,,35429.0,24.0,21.0,16.0,,17.0,96.0,73.0,76.0,,101.0,67.92,59.48,45.61,,47.98,271.69,206.75,216.64,,285.08,35288.25,19.5,86.5,55.25,245.04
19,185,19185,Iowa,Wayne,6507.0,6525.0,6473.0,6547.0,6634.0,14.0,9.0,4.0,6.0,7.0,23.0,28.0,24.0,21.0,20.0,215.15,137.93,61.8,91.65,105.52,353.47,429.12,370.77,320.76,301.48,6537.2,8.0,23.2,122.41,355.12
19,187,19187,Iowa,Webster,36997.0,37181.0,36693.0,36666.0,36799.0,33.0,27.0,41.0,36.0,29.0,127.0,98.0,89.0,55.0,66.0,89.2,72.62,111.74,98.18,78.81,343.27,263.58,242.55,150.0,179.35,36867.2,33.2,87.0,90.11,235.75
19,195,19195,Iowa,Worth,7437.0,7385.0,7330.0,7330.0,7300.0,8.0,2.0,5.0,0.0,3.0,27.0,43.0,20.0,17.0,6.0,107.57,27.08,68.21,0.0,41.1,363.05,582.26,272.85,231.92,82.19,7356.4,3.6,22.6,48.79,306.45
20,015,20015,Kansas,Butler,67388.0,67983.0,68236.0,68571.0,69126.0,48.0,52.0,35.0,46.0,38.0,329.0,218.0,218.0,162.0,133.0,71.23,76.49,51.29,67.08,54.97,488.22,320.67,319.48,236.25,192.4,68260.8,43.8,212.0,64.21,311.4
20,061,20061,Kansas,Geary,36768.0,36166.0,35547.0,35228.0,35465.0,8.0,8.0,12.0,6.0,13.0,34.0,28.0,41.0,34.0,26.0,21.76,22.12,33.76,17.03,36.66,92.47,77.42,115.34,96.51,73.31,35834.8,9.4,32.6,26.27,91.01
20,079,20079,Kansas,Harvey,33996.0,33810.0,33713.0,33630.0,33620.0,22.0,17.0,12.0,10.0,13.0,48.0,56.0,63.0,48.0,27.0,64.71,50.28,35.59,29.74,38.67,141.19,165.63,186.87,142.73,80.31,33753.8,14.8,48.4,43.8,143.35
20,085,20085,Kansas,Jackson,13237.0,13266.0,13292.0,13365.0,13424.0,9.0,19.0,18.0,31.0,20.0,100.0,84.0,68.0,41.0,54.0,67.99,143.22,135.42,231.95,148.99,755.46,633.2,511.59,306.77,402.26,13316.8,19.4,69.4,145.51,521.86
20,087,20087,Kansas,Jefferson,18330.0,18446.0,18350.0,18297.0,18307.0,48.0,39.0,41.0,34.0,21.0,,273.0,154.0,156.0,154.0,261.87,211.43,223.43,185.82,114.71,,1480.0,839.24,852.6,841.21,18346.0,36.6,184.25,199.45,1003.26
20,091,20091,Kansas,Johnson,611129.0,615067.0,619693.0,625261.0,630832.0,73.0,67.0,42.0,59.0,65.0,319.0,352.0,233.0,258.0,191.0,11.95,10.89,6.78,9.44,10.3,52.2,57.23,37.6,41.26,30.28,620396.4,61.2,270.6,9.87,43.71
20,103,20103,Kansas,Leavenworth,81974.0,82409.0,82822.0,83564.0,84344.0,57.0,38.0,46.0,20.0,34.0,150.0,148.0,138.0,86.0,37.0,69.53,46.11,55.54,23.93,40.31,182.98,179.59,166.62,102.92,43.87,83022.6,39.0,111.8,47.08,135.2
20,121,20121,Kansas,Miami,34224.0,34649.0,34758.0,35391.0,35801.0,43.0,33.0,26.0,23.0,22.0,131.0,122.0,102.0,112.0,95.0,125.64,95.24,74.8,64.99,61.45,382.77,352.1,293.46,316.46,265.36,34964.6,29.4,112.4,84.42,322.03
20,139,20139,Kansas,Osage,15747.0,15762.0,15697.0,,15746.0,22.0,21.0,9.0,,18.0,54.0,75.0,36.0,,49.0,139.71,133.23,57.34,,114.31,342.92,475.83,229.34,,311.19,15738.0,17.5,53.5,111.15,339.82
20,149,20149,Kansas,Pottawatomie,25422.0,25891.0,26334.0,26493.0,26858.0,37.0,37.0,20.0,48.0,42.0,,158.0,129.0,96.0,84.0,145.54,142.91,75.95,181.18,156.38,,610.25,489.86,362.36,312.76,26199.6,36.8,116.75,140.39,443.81
,,,Kansas,Riley County Police Department,,,,,,,,,,,,,,,,,,,,,,,,,,,,,,
20,173,20173,Kansas,Sedgwick,524831.0,524617.0,525420.0,,534386.0,97.0,60.0,63.0,,260.0,365.0,236.0,225.0,,548.0,18.48,11.44,11.99,,48.65,69.55,44.99,42.82,,102.55,527313.5,120.0,343.5,22.64,64.98
20,177,20177,Kansas,Shawnee,178699.0,178434.0,177522.0,177798.0,178222.0,85.0,83.0,88.0,128.0,104.0,,589.0,593.0,550.0,476.0,47.57,46.52,49.57,71.99,58.35,,330.09,334.04,309.34,267.08,178135.0,97.6,552.0,54.8,310.14
20,191,20191,Kansas,Sumner,22341.0,22348.0,22396.0,22404.0,22372.0,22.0,24.0,44.0,28.0,18.0,,157.0,139.0,110.0,66.0,98.47,107.39,196.46,124.98,80.46,,702.52,620.65,490.98,295.01,22372.2,27.2,118.0,121.55,527.29
20,197,20197,Kansas,Wabaunsee,6895.0,,7005.0,7081.0,7079.0,16.0,,21.0,19.0,24.0,94.0,,103.0,56.0,44.0,232.05,,299.79,268.32,339.03,1363.31,,1470.38,790.85,621.56,7015.0,20.0,74.25,284.8,1061.53
20,209,20209,Kansas,Wyandotte,168921.0,,166084.0,167290.0,169870.0,30.0,,65.0,29.0,25.0,51.0,,43.0,53.0,44.0,17.76,,39.14,17.34,14.72,30.19,,25.89,31.68,25.9,168041.25,37.25,47.75,22.24,28.42
20,001,20001,Kansas,Allen,12533.0,12501.0,12469.0,12454.0,12361.0,25.0,12.0,11.0,8.0,6.0,54.0,40.0,51.0,35.0,35.0,199.47,95.99,88.22,64.24,48.54,430.86,319.97,409.01,281.03,283.15,12463.6,12.4,43.0,99.29,344.8
20,003,20003,Kansas,Anderson,7841.0,7812.0,7788.0,7840.0,7933.0,14.0,13.0,10.0,2.0,7.0,32.0,14.0,14.0,18.0,15.0,178.55,166.41,128.4,25.51,88.24,408.11,179.21,179.76,229.59,189.08,7842.8,9.2,18.6,117.42,237.15
20,005,20005,Kansas,Atchison,16325.0,16242.0,,16099.0,16169.0,3.0,5.0,,6.0,4.0,2.0,61.0,,12.0,34.0,18.38,30.78,,37.27,24.74,12.25,375.57,,74.54,210.28,16208.75,4.5,27.25,27.79,168.16
20,007,20007,Kansas,Barber,4204.0,4109.0,4125.0,4092.0,4085.0,8.0,3.0,0.0,4.0,2.0,16.0,19.0,25.0,26.0,15.0,190.29,73.01,0.0,97.75,48.96,380.59,462.4,606.06,635.39,367.2,4123.0,3.4,20.2,82.0,490.33
20,009,20009,Kansas,Barton,25437.0,25276.0,25052.0,24935.0,24913.0,8.0,29.0,14.0,19.0,24.0,,101.0,53.0,119.0,41.0,31.45,114.73,55.88,76.2,96.34,,399.59,211.56,477.24,164.57,25122.6,18.8,78.5,74.92,313.24
20,011,20011,Kansas,Bourbon,14339.0,14334.0,14457.0,14434.0,14440.0,18.0,18.0,24.0,32.0,31.0,48.0,59.0,39.0,39.0,55.0,125.53,125.58,166.01,221.7,214.68,334.75,411.61,269.77,270.2,380.89,14400.8,24.6,48.0,170.7,333.44
20,013,20013,Kansas,Brown,9480.0,9458.0,9375.0,9282.0,9133.0,5.0,4.0,2.0,9.0,7.0,12.0,94.0,16.0,16.0,6.0,52.74,42.29,21.33,96.96,76.65,126.58,993.87,170.67,172.38,65.7,9345.6,5.4,28.8,57.99,305.84
20,021,20021,Kansas,Cherokee,19303.0,19188.0,19048.0,19088.0,19167.0,30.0,28.0,46.0,28.0,25.0,175.0,171.0,148.0,140.0,100.0,155.42,145.92,241.5,146.69,130.43,906.59,891.18,776.98,733.45,521.73,19158.8,31.4,146.8,163.99,765.99
20,025,20025,Kansas,Clark,1976.0,1958.0,1949.0,1870.0,1890.0,3.0,3.0,2.0,11.0,8.0,11.0,11.0,26.0,12.0,9.0,151.82,153.22,102.62,588.24,423.28,556.68,561.8,1334.02,641.71,476.19,1928.6,5.4,13.8,283.84,714.08
20,027,20027,Kansas,Clay,8126.0,8099.0,8045.0,8003.0,8014.0,8.0,4.0,13.0,7.0,10.0,12.0,20.0,7.0,7.0,7.0,98.45,49.39,161.59,87.47,124.78,147.67,246.94,87.01,87.47,87.35,8057.4,8.4,10.6,104.34,131.29
20,029,20029,Kansas,Cloud,9010.0,,,8834.0,,14.0,,,18.0,,48.0,,,30.0,,155.38,,,203.76,,532.74,,,339.6,,8922.0,16.0,39.0,179.57,436.17
20,033,20033,Kansas,Comanche,1679.0,,,,,2.0,,,,,6.0,,,,,119.12,,,,,357.36,,,,,1679.0,2.0,6.0,119.12,357.36
20,035,20035,Kansas,Cowley,34528.0,34623.0,34447.0,34204.0,34251.0,21.0,21.0,13.0,16.0,9.0,103.0,130.0,99.0,71.0,39.0,60.82,60.65,37.74,46.78,26.28,298.31,375.47,287.4,207.58,113.87,34410.6,16.0,88.4,46.45,256.53
20,051,20051,Kansas,Ellis,28951.0,28852.0,,28944.0,29026.0,9.0,16.0,,12.0,16.0,35.0,35.0,,51.0,46.0,31.09,55.46,,41.46,55.12,120.89,121.31,,176.2,158.48,28943.25,13.25,41.75,45.78,144.22
20,053,20053,Kansas,Ellsworth,6367.0,6323.0,6392.0,6386.0,6302.0,4.0,6.0,2.0,7.0,3.0,42.0,40.0,29.0,38.0,33.0,62.82,94.89,31.29,109.61,47.6,659.65,632.61,453.69,595.05,523.64,6354.0,4.4,36.4,69.24,572.93
20,055,20055,Kansas,Finney,38307.0,38089.0,37649.0,37863.0,37794.0,39.0,40.0,39.0,31.0,57.0,158.0,173.0,140.0,103.0,94.0,101.81,105.02,103.59,81.87,150.82,412.46,454.2,371.86,272.03,248.72,37940.4,41.2,133.6,108.62,351.85
20,057,20057,Kansas,Ford,34213.0,34188.0,33893.0,34156.0,34287.0,14.0,6.0,11.0,21.0,12.0,54.0,59.0,139.0,34.0,25.0,40.92,17.55,32.46,61.48,35.0,157.83,172.58,410.11,99.54,72.91,34147.4,12.8,62.2,37.48,182.59
20,059,20059,Kansas,Franklin,26014.0,26023.0,25984.0,26201.0,26245.0,32.0,30.0,41.0,33.0,24.0,97.0,73.0,73.0,81.0,87.0,123.01,115.28,157.79,125.95,91.45,372.88,280.52,280.94,309.15,331.49,26093.4,32.0,82.2,122.7,315.0
20,067,20067,Kansas,Grant,7325.0,,7230.0,,,3.0,,2.0,,,9.0,,9.0,,,40.96,,27.66,,,122.87,,124.48,,,7277.5,2.5,9.0,34.31,123.68
20,069,20069,Kansas,Gray,5644.0,5662.0,,5755.0,5690.0,9.0,4.0,,5.0,2.0,45.0,28.0,,56.0,28.0,159.46,70.65,,86.88,35.15,797.31,494.52,,973.07,492.09,5687.75,5.0,39.25,88.04,689.25
20,071,20071,Kansas,Greeley,1276.0,1285.0,,,1191.0,1.0,6.0,,,0.0,3.0,4.0,,,4.0,78.37,466.93,,,0.0,235.11,311.28,,,335.85,1250.67,2.33,3.67,181.77,294.08
20,073,20073,Kansas,Greenwood,5961.0,5907.0,5899.0,5895.0,5846.0,12.0,10.0,14.0,23.0,21.0,68.0,84.0,65.0,58.0,56.0,201.31,169.29,237.33,390.16,359.22,1140.75,1422.04,1101.88,983.88,957.92,5901.6,16.0,66.2,271.46,1121.29
20,075,20075,Kansas,Hamilton,2489.0,2479.0,,,2509.0,6.0,6.0,,,8.0,24.0,27.0,,,15.0,241.06,242.03,,,318.85,964.24,1089.15,,,597.85,2492.33,6.67,22.0,267.31,883.75
20,077,20077,Kansas,Harper,5471.0,5358.0,5378.0,5393.0,5407.0,4.0,1.0,1.0,4.0,1.0,51.0,28.0,23.0,24.0,6.0,73.11,18.66,18.59,74.17,18.49,932.19,522.58,427.67,445.02,110.97,5401.4,2.2,26.4,40.6,487.69
20,081,20081,Kansas,Haskell,3758.0,3648.0,3566.0,,3558.0,7.0,4.0,12.0,,3.0,17.0,16.0,14.0,,13.0,186.27,109.65,336.51,,84.32,452.37,438.6,392.6,,365.37,3632.5,6.5,15.0,179.19,412.24
20,083,20083,Kansas,Hodgeman,1741.0,,,1680.0,,2.0,,,1.0,,5.0,,,7.0,,114.88,,,59.52,,287.19,,,416.67,,1710.5,1.5,6.0,87.2,351.93
20,093,20093,Kansas,Kearny,3968.0,3905.0,,,3869.0,18.0,6.0,,,6.0,57.0,56.0,,,33.0,453.63,153.65,,,155.08,1436.49,1434.06,,,852.93,3914.0,10.0,48.67,254.12,1241.16
20,095,20095,Kansas,Kingman,7427.0,7296.0,7191.0,,,1.0,4.0,7.0,,,78.0,47.0,29.0,,,13.46,54.82,97.34,,,1050.22,644.19,403.28,,,7304.67,4.0,51.33,55.21,699.23
20,097,20097,Kansas,Kiowa,2457.0,,2405.0,,2416.0,6.0,,0.0,,3.0,19.0,,8.0,,8.0,244.2,,0.0,,124.17,773.3,,332.64,,331.13,2426.0,3.0,11.67,122.79,479.02
20,099,20099,Kansas,Labette,20169.0,19922.0,19759.0,,19694.0,9.0,5.0,11.0,,6.0,,88.0,87.0,,28.0,44.62,25.1,55.67,,30.47,,441.72,440.31,,142.18,19886.0,7.75,67.67,38.97,341.4
20,101,20101,Kansas,Lane,1568.0,1561.0,1548.0,,,4.0,2.0,5.0,,,24.0,6.0,10.0,,,255.1,128.12,323.0,,,1530.61,384.37,645.99,,,1559.0,3.67,13.33,235.41,853.66
20,109,20109,Kansas,Logan,2742.0,2714.0,,,,7.0,3.0,,,,6.0,11.0,,,,255.29,110.54,,,,218.82,405.31,,,,2728.0,5.0,8.5,182.92,312.06
20,115,20115,Kansas,Marion,11788.0,11748.0,11799.0,11776.0,11679.0,9.0,4.0,11.0,19.0,7.0,,47.0,37.0,48.0,66.0,76.35,34.05,93.23,161.35,59.94,,400.07,313.59,407.61,565.12,11758.0,10.0,49.5,84.98,421.6
20,117,20117,Kansas,Marshall,10020.0,10024.0,10003.0,9930.0,9910.0,1.0,4.0,7.0,15.0,10.0,16.0,20.0,20.0,14.0,19.0,9.98,39.9,69.98,151.06,100.91,159.68,199.52,199.94,140.99,191.73,9977.4,7.4,17.8,74.37,178.37
20,113,20113,Kansas,McPherson,30195.0,,,,,13.0,,,,,54.0,,,,,43.05,,,,,178.84,,,,,30195.0,13.0,54.0,43.05,178.84
20,125,20125,Kansas,Montgomery,31401.0,31190.0,30909.0,30721.0,30406.0,15.0,17.0,28.0,18.0,15.0,,141.0,117.0,78.0,256.0,47.77,54.5,90.59,58.59,49.33,,452.07,378.53,253.9,841.94,30925.4,18.6,148.0,60.16,481.61
20,127,20127,Kansas,Morris,5363.0,5382.0,5369.0,,5307.0,8.0,14.0,8.0,,6.0,18.0,19.0,26.0,,7.0,149.17,260.13,149.0,,113.06,335.63,353.03,484.26,,131.9,5355.25,9.0,17.5,167.84,326.21
20,129,20129,Kansas,Morton,2697.0,2668.0,,,,0.0,3.0,,,,14.0,9.0,,,,0.0,112.44,,,,519.1,337.33,,,,2682.5,1.5,11.5,56.22,428.22
20,131,20131,Kansas,Nemaha,10268.0,10235.0,10160.0,10100.0,10086.0,7.0,4.0,1.0,2.0,5.0,38.0,15.0,17.0,16.0,12.0,68.17,39.08,9.84,19.8,49.57,370.08,146.56,167.32,158.42,118.98,10169.8,3.8,19.6,37.29,192.27
20,133,20133,Kansas,Neosho,15916.0,15803.0,15595.0,15487.0,15631.0,8.0,12.0,12.0,14.0,4.0,,107.0,326.0,70.0,54.0,50.26,75.93,76.95,90.4,25.59,,677.09,2090.41,451.99,345.47,15686.4,10.0,139.25,63.83,891.24
20,135,20135,Kansas,Ness,2674.0,,,,,13.0,,,,,21.0,,,,,486.16,,,,,785.34,,,,,2674.0,13.0,21.0,486.16,785.34
20,137,20137,Kansas,Norton,5452.0,5370.0,5320.0,,5305.0,5.0,5.0,2.0,,3.0,12.0,10.0,7.0,,11.0,91.71,93.11,37.59,,56.55,220.1,186.22,131.58,,207.35,5361.75,3.75,10.0,69.74,186.31
20,157,20157,Kansas,Republic,4677.0,4703.0,4640.0,4615.0,,3.0,11.0,6.0,7.0,,22.0,29.0,16.0,13.0,,64.14,233.89,129.31,151.68,,470.39,616.63,344.83,281.69,,4658.75,6.75,20.0,144.76,428.38
20,159,20159,Kansas,Rice,9382.0,9384.0,9377.0,,9277.0,5.0,4.0,9.0,,8.0,11.0,39.0,27.0,,11.0,53.29,42.63,95.98,,86.23,117.25,415.6,287.94,,118.57,9355.0,6.5,22.0,69.53,234.84
20,163,20163,Kansas,Rooks,4886.0,4860.0,4793.0,4776.0,4717.0,1.0,11.0,6.0,6.0,5.0,31.0,37.0,39.0,48.0,28.0,20.47,226.34,125.18,125.63,106.0,634.47,761.32,813.69,1005.03,593.6,4806.4,5.8,36.6,120.72,761.62
20,165,20165,Kansas,Rush,2940.0,2930.0,2941.0,2837.0,2831.0,8.0,10.0,8.0,7.0,6.0,,40.0,40.0,26.0,19.0,272.11,341.3,272.02,246.74,211.94,,1365.19,1360.08,916.46,671.14,2895.8,7.8,31.25,268.82,1078.22
20,167,20167,Kansas,Russell,6677.0,6700.0,6733.0,6694.0,6654.0,8.0,13.0,5.0,4.0,10.0,37.0,20.0,48.0,31.0,25.0,119.81,194.03,74.26,59.76,150.29,554.14,298.51,712.91,463.1,375.71,6691.6,8.0,32.2,119.63,480.87
20,169,20169,Kansas,Saline,54260.0,53847.0,53463.0,53216.0,53314.0,22.0,35.0,30.0,25.0,22.0,98.0,152.0,105.0,46.0,62.0,40.55,65.0,56.11,46.98,41.26,180.61,282.28,196.4,86.44,116.29,53620.0,26.8,92.6,49.98,172.4
20,171,20171,Kansas,Scott,5141.0,,,4971.0,4908.0,4.0,,,1.0,0.0,1.0,,,2.0,1.0,77.81,,,20.12,0.0,19.45,,,40.23,20.37,5006.67,1.67,1.33,32.64,26.68
20,175,20175,Kansas,Seward,21857.0,21764.0,21351.0,21155.0,,4.0,9.0,4.0,4.0,,6.0,11.0,6.0,8.0,,18.3,41.35,18.73,18.91,,27.45,50.54,28.1,37.82,,21531.75,5.25,7.75,24.32,35.98
20,181,20181,Kansas,Sherman,5907.0,,,,,0.0,,,,,0.0,,,,,0.0,,,,,0.0,,,,,5907.0,0.0,0.0,0.0,0.0
20,183,20183,Kansas,Smith,3566.0,,3557.0,,,1.0,,4.0,,,8.0,,14.0,,,28.04,,112.45,,,224.34,,393.59,,,3561.5,2.5,11.0,70.24,308.96
20,185,20185,Kansas,Stafford,4060.0,,,3953.0,,2.0,,,2.0,,11.0,,,12.0,,49.26,,,50.59,,270.94,,,303.57,,4006.5,2.0,11.5,49.92,287.26
20,193,20193,Kansas,Thomas,7926.0,7942.0,7870.0,7809.0,7752.0,8.0,1.0,9.0,3.0,10.0,19.0,28.0,10.0,14.0,12.0,100.93,12.59,114.36,38.42,129.0,239.72,352.56,127.06,179.28,154.8,7859.8,6.2,16.6,79.06,210.68
20,195,20195,Kansas,Trego,2809.0,2793.0,,,,0.0,4.0,,,,6.0,6.0,,,,0.0,143.22,,,,213.6,214.82,,,,2801.0,2.0,6.0,71.61,214.21
20,201,20201,Kansas,Washington,5544.0,5542.0,5510.0,5564.0,5561.0,3.0,7.0,11.0,4.0,8.0,13.0,16.0,17.0,21.0,12.0,54.11,126.31,199.64,71.89,143.86,234.49,288.7,308.53,377.43,215.79,5544.2,6.6,15.8,119.16,284.99
20,205,20205,Kansas,Wilson,8581.0,,,,8301.0,3.0,,,,16.0,30.0,,,,23.0,34.96,,,,192.75,349.61,,,,277.08,8441.0,9.5,26.5,113.86,313.35
20,207,20207,Kansas,Woodson,3095.0,3083.0,3118.0,3134.0,3116.0,2.0,2.0,4.0,5.0,8.0,44.0,38.0,14.0,15.0,16.0,64.62,64.87,128.29,159.54,256.74,1421.65,1232.57,449.01,478.62,513.48,3109.2,4.2,25.4,134.81,819.07
21,003,21003,Kentucky,Allen,20573.0,20833.0,21249.0,21821.0,22095.0,9.0,10.0,2.0,6.0,7.0,102.0,95.0,55.0,64.0,47.0,43.75,48.0,9.41,27.5,31.68,495.8,456.01,258.84,293.3,212.72,21314.2,6.8,72.6,32.07,343.33
21,015,21015,Kentucky,Boone,136472.0,137720.0,139429.0,141388.0,143490.0,73.0,69.0,74.0,80.0,67.0,747.0,652.0,692.0,617.0,531.0,53.49,50.1,53.07,56.58,46.69,547.37,473.42,496.31,436.39,370.06,139699.8,72.6,647.8,51.99,464.71
21,017,21017,Kentucky,Bourbon,20299.0,20248.0,20153.0,20223.0,20337.0,1.0,8.0,4.0,9.0,5.0,67.0,79.0,64.0,32.0,28.0,4.93,39.51,19.85,44.5,24.59,330.07,390.16,317.57,158.24,137.68,20252.0,5.4,54.0,26.68,266.74
21,019,21019,Kentucky,Boyd,48209.0,47756.0,48062.0,47880.0,47948.0,13.0,17.0,29.0,24.0,15.0,192.0,190.0,151.0,145.0,135.0,26.97,35.6,60.34,50.13,31.28,398.27,397.86,314.18,302.84,281.56,47971.0,19.6,162.6,40.86,338.94
21,023,21023,Kentucky,Bracken,8399.0,8441.0,8425.0,8416.0,8462.0,0.0,4.0,4.0,3.0,0.0,41.0,23.0,14.0,27.0,25.0,0.0,47.39,47.48,35.65,0.0,488.15,272.48,166.17,320.82,295.44,8428.6,2.2,26.0,26.1,308.61
21,029,21029,Kentucky,Bullitt,82365.0,83096.0,83946.0,84996.0,85765.0,41.0,24.0,23.0,17.0,20.0,380.0,269.0,240.0,228.0,211.0,49.78,28.88,27.4,20.0,23.32,461.36,323.72,285.9,268.25,246.02,84033.6,25.0,265.6,29.88,317.05
21,031,21031,Kentucky,Butler,12321.0,12304.0,12383.0,12427.0,12480.0,2.0,7.0,5.0,3.0,5.0,30.0,32.0,21.0,21.0,20.0,16.23,56.89,40.38,24.14,40.06,243.49,260.08,169.59,168.99,160.26,12383.0,4.4,24.8,35.54,200.48
21,037,21037,Kentucky,Campbell,93141.0,92848.0,93323.0,93864.0,94054.0,0.0,0.0,0.0,0.0,0.0,0.0,0.0,0.0,1.0,0.0,0.0,0.0,0.0,0.0,0.0,0.0,0.0,0.0,1.07,0.0,93446.0,0.0,0.2,0.0,0.21
,,,Kentucky,Campbell County Police Department,,,,,,,,,,,,,,,,,,,,,,,,,,,,,,
21,043,21043,Kentucky,Carter,26614.0,26448.0,26307.0,26300.0,26195.0,4.0,5.0,4.0,11.0,3.0,42.0,32.0,45.0,48.0,33.0,15.03,18.91,15.21,41.83,11.45,157.81,120.99,171.06,182.51,125.98,26372.8,5.4,40.0,20.49,151.67
21,047,21047,Kentucky,Christian,72752.0,73172.0,72242.0,71269.0,71436.0,23.0,28.0,22.0,28.0,13.0,254.0,229.0,176.0,184.0,129.0,31.61,38.27,30.45,39.29,18.2,349.13,312.96,243.63,258.18,180.58,72174.2,22.8,194.4,31.56,268.9
21,049,21049,Kentucky,Clark,37033.0,36880.0,37012.0,37349.0,37684.0,10.0,7.0,8.0,7.0,11.0,132.0,161.0,177.0,141.0,74.0,27.0,18.98,21.61,18.74,29.19,356.44,436.55,478.22,377.52,196.37,37191.6,8.6,137.0,23.1,369.02
21,059,21059,Kentucky,Daviess,103398.0,103104.0,103358.0,103787.0,104275.0,29.0,34.0,12.0,33.0,22.0,377.0,372.0,273.0,341.0,276.0,28.05,32.98,11.61,31.8,21.1,364.61,360.8,264.13,328.56,264.68,103584.4,26.0,327.8,25.11,316.56
21,061,21061,Kentucky,Edmonson,12140.0,12230.0,12297.0,12461.0,12662.0,4.0,7.0,0.0,5.0,8.0,19.0,19.0,31.0,37.0,41.0,32.95,57.24,0.0,40.13,63.18,156.51,155.36,252.09,296.93,323.8,12358.0,4.8,29.4,38.7,236.94
21,067,21067,Kentucky,Fayette,322620.0,320450.0,321332.0,323414.0,327071.0,1.0,0.0,0.0,1.0,0.0,0.0,1.0,0.0,2.0,1.0,0.31,0.0,0.0,0.31,0.0,0.0,0.31,0.0,0.62,0.31,322977.4,0.4,0.8,0.12,0.25
21,077,21077,Kentucky,Gallatin,8674.0,8744.0,8777.0,8779.0,8764.0,0.0,3.0,1.0,5.0,6.0,18.0,11.0,18.0,29.0,29.0,0.0,34.31,11.39,56.95,68.46,207.52,125.8,205.08,330.33,330.9,8747.6,3.0,21.0,34.22,239.93
21,081,21081,Kentucky,Grant,25014.0,25299.0,25473.0,25626.0,25732.0,5.0,9.0,12.0,6.0,16.0,149.0,92.0,94.0,100.0,76.0,19.99,35.57,47.11,23.41,62.18,595.67,363.65,369.02,390.23,295.35,25428.8,9.6,102.2,37.65,402.78
21,089,21089,Kentucky,Greenup,35885.0,35655.0,35372.0,35311.0,35250.0,3.0,1.0,2.0,2.0,5.0,32.0,41.0,16.0,25.0,18.0,8.36,2.8,5.65,5.66,14.18,89.17,114.99,45.23,70.8,51.06,35494.6,2.6,26.4,7.33,74.25
21,091,21091,Kentucky,Hancock,9104.0,9076.0,9042.0,8930.0,9018.0,1.0,2.0,3.0,2.0,5.0,24.0,27.0,15.0,16.0,14.0,10.98,22.04,33.18,22.4,55.44,263.62,297.49,165.89,179.17,155.25,9034.0,2.6,19.2,28.81,212.28
21,093,21093,Kentucky,Hardin,110834.0,111866.0,111764.0,112322.0,112644.0,30.0,27.0,13.0,18.0,28.0,148.0,130.0,153.0,189.0,139.0,27.07,24.14,11.63,16.03,24.86,133.53,116.21,136.9,168.27,123.4,111886.0,23.2,151.8,20.75,135.66
21,101,21101,Kentucky,Henderson,44677.0,44419.0,44050.0,44224.0,44348.0,9.0,15.0,18.0,15.0,20.0,174.0,126.0,128.0,113.0,82.0,20.14,33.77,40.86,33.92,45.1,389.46,283.66,290.58,255.52,184.9,44343.6,15.4,124.6,34.76,280.82
21,103,21103,Kentucky,Henry,15693.0,15704.0,15726.0,15981.0,16202.0,1.0,1.0,3.0,2.0,2.0,20.0,29.0,32.0,18.0,10.0,6.37,6.37,19.08,12.51,12.34,127.45,184.67,203.48,112.63,61.72,15861.2,1.8,21.8,11.33,137.99
21,111,21111,Kentucky,Jefferson,782866.0,777774.0,778999.0,784607.0,794166.0,1.0,0.0,0.0,1.0,2.0,2.0,5.0,9.0,6.0,0.0,0.13,0.0,0.0,0.13,0.25,0.26,0.64,1.16,0.76,0.0,783682.4,0.8,4.4,0.1,0.56
21,113,21113,Kentucky,Jessamine,53038.0,53636.0,54336.0,55383.0,56316.0,14.0,15.0,11.0,10.0,10.0,190.0,203.0,159.0,157.0,107.0,26.4,27.97,20.24,18.06,17.76,358.23,378.48,292.62,283.48,190.0,54541.8,12.0,163.2,22.09,300.56
21,117,21117,Kentucky,Kenton,169263.0,169629.0,170432.0,172179.0,174441.0,0.0,0.0,5.0,2.0,1.0,2.0,0.0,4.0,1.0,0.0,0.0,0.0,2.93,1.16,0.57,1.18,0.0,2.35,0.58,0.0,171188.8,1.6,1.4,0.93,0.82
,,,Kentucky,Kenton County Police Department,,,,,,,,,,,,,,,,,,,,,,,,,,,,,,
21,123,21123,Kentucky,Larue,14879.0,15032.0,15163.0,15315.0,15156.0,3.0,7.0,1.0,5.0,2.0,33.0,21.0,19.0,19.0,21.0,20.16,46.57,6.6,32.65,13.2,221.79,139.7,125.31,124.06,138.56,15109.0,3.6,22.6,23.84,149.88
21,149,21149,Kentucky,McLean,9134.0,9121.0,9108.0,9047.0,9081.0,6.0,2.0,5.0,4.0,0.0,58.0,33.0,23.0,18.0,25.0,65.69,21.93,54.9,44.21,0.0,634.99,361.8,252.53,198.96,275.3,9098.2,3.4,31.4,37.35,344.72
21,163,21163,Kentucky,Meade,30030.0,30150.0,30048.0,30189.0,30497.0,24.0,12.0,19.0,16.0,10.0,120.0,73.0,88.0,54.0,63.0,79.92,39.8,63.23,53.0,32.79,399.6,242.12,292.86,178.87,206.58,30182.8,16.2,79.6,53.75,264.01
21,185,21185,Kentucky,Oldham,67705.0,68295.0,69549.0,70348.0,70600.0,1.0,2.0,0.0,0.0,0.0,3.0,7.0,3.0,7.0,2.0,1.48,2.93,0.0,0.0,0.0,4.43,10.25,4.31,9.95,2.83,69299.4,0.6,4.4,0.88,6.35
,,,Kentucky,Oldham County Police Department,,,,,,,,,,,,,,,,,,,,,,,,,,,,,,
21,191,21191,Kentucky,Pendleton,14641.0,14624.0,14673.0,14783.0,14801.0,1.0,2.0,6.0,1.0,2.0,85.0,40.0,43.0,53.0,38.0,6.83,13.68,40.89,6.76,13.51,580.56,273.52,293.06,358.52,256.74,14704.4,2.4,51.8,16.33,352.48
21,209,21209,Kentucky,Scott,57541.0,58462.0,59478.0,60694.0,61724.0,5.0,16.0,15.0,16.0,17.0,155.0,113.0,123.0,106.0,67.0,8.69,27.37,25.22,26.36,27.54,269.37,193.29,206.8,174.65,108.55,59579.8,13.8,112.8,23.04,190.53
21,211,21211,Kentucky,Shelby,48245.0,48596.0,48929.0,49700.0,50482.0,21.0,19.0,18.0,16.0,18.0,195.0,220.0,148.0,158.0,159.0,43.53,39.1,36.79,32.19,35.66,404.19,452.71,302.48,317.91,314.96,49190.4,18.4,176.0,37.45,358.45
21,215,21215,Kentucky,Spencer,19496.0,19875.0,20191.0,20500.0,20707.0,3.0,5.0,3.0,6.0,5.0,55.0,46.0,47.0,30.0,66.0,15.39,25.16,14.86,29.27,24.15,282.11,231.45,232.78,146.34,318.73,20153.8,4.4,48.8,21.77,242.28
21,221,21221,Kentucky,Trigg,14077.0,14219.0,14331.0,14353.0,14513.0,6.0,6.0,6.0,4.0,4.0,91.0,58.0,45.0,58.0,60.0,42.62,42.2,41.87,27.87,27.56,646.44,407.9,314.0,404.1,413.42,14298.6,5.2,62.4,36.42,437.17
21,227,21227,Kentucky,Warren,135039.0,137194.0,140434.0,143259.0,146566.0,55.0,49.0,52.0,56.0,45.0,583.0,603.0,462.0,442.0,432.0,40.73,35.72,37.03,39.09,30.7,431.73,439.52,328.98,308.53,294.75,140498.4,51.4,504.4,36.65,360.7
21,239,21239,Kentucky,Woodford,26900.0,27093.0,27162.0,27521.0,27684.0,1.0,0.0,0.0,0.0,1.0,19.0,12.0,13.0,13.0,5.0,3.72,0.0,0.0,0.0,3.61,70.63,44.29,47.86,47.24,18.06,27272.0,0.4,12.4,1.47,45.62
21,005,21005,Kentucky,Anderson,23902.0,24106.0,24298.0,24636.0,24958.0,4.0,5.0,3.0,3.0,3.0,27.0,31.0,16.0,29.0,28.0,16.74,20.74,12.35,12.18,12.02,112.96,128.6,65.85,117.71,112.19,24380.0,3.6,26.2,14.81,107.46
21,007,21007,Kentucky,Ballard,7712.0,7687.0,7629.0,7605.0,7608.0,15.0,9.0,6.0,9.0,4.0,52.0,59.0,44.0,61.0,56.0,194.5,117.08,78.65,118.34,52.58,674.27,767.53,576.75,802.1,736.07,7648.2,8.6,54.4,112.23,711.34
21,009,21009,Kentucky,Barren,44508.0,44604.0,44854.0,45067.0,45412.0,16.0,16.0,10.0,9.0,12.0,129.0,156.0,124.0,164.0,103.0,35.95,35.87,22.29,19.97,26.42,289.84,349.74,276.45,363.9,226.81,44889.0,12.6,135.2,28.1,301.35
21,011,21011,Kentucky,Bath,12715.0,12799.0,12818.0,12984.0,12970.0,6.0,9.0,2.0,1.0,1.0,42.0,36.0,55.0,45.0,13.0,47.19,70.32,15.6,7.7,7.71,330.32,281.27,429.08,346.58,100.23,12857.2,3.8,38.2,29.7,297.5
21,013,21013,Kentucky,Bell,23981.0,23799.0,23527.0,23260.0,23005.0,11.0,10.0,16.0,11.0,8.0,88.0,57.0,88.0,50.0,27.0,45.87,42.02,68.01,47.29,34.78,366.96,239.51,374.04,214.96,117.37,23514.4,11.2,62.0,47.59,262.57
21,021,21021,Kentucky,Boyle,30754.0,30598.0,30845.0,31062.0,31297.0,0.0,1.0,3.0,9.0,0.0,29.0,9.0,12.0,21.0,21.0,0.0,3.27,9.73,28.97,0.0,94.3,29.41,38.9,67.61,67.1,30911.2,2.6,18.4,8.39,59.46
21,025,21025,Kentucky,Breathitt,13701.0,13555.0,13338.0,12931.0,12751.0,3.0,2.0,1.0,3.0,1.0,21.0,20.0,9.0,15.0,10.0,21.9,14.75,7.5,23.2,7.84,153.27,147.55,67.48,116.0,78.43,13255.2,2.0,15.0,15.04,112.55
21,027,21027,Kentucky,Breckinridge,20443.0,20673.0,20932.0,21120.0,21264.0,10.0,11.0,6.0,5.0,4.0,56.0,54.0,48.0,50.0,35.0,48.92,53.21,28.66,23.67,18.81,273.93,261.21,229.31,236.74,164.6,20886.4,7.2,48.6,34.65,233.16
21,033,21033,Kentucky,Caldwell,12642.0,12698.0,12618.0,12590.0,12588.0,2.0,5.0,0.0,1.0,3.0,23.0,45.0,19.0,31.0,31.0,15.82,39.38,0.0,7.94,23.83,181.93,354.39,150.58,246.23,246.27,12627.2,2.2,29.8,17.39,235.88
21,035,21035,Kentucky,Calloway,37595.0,37891.0,38119.0,38523.0,38902.0,9.0,5.0,13.0,10.0,9.0,172.0,182.0,138.0,98.0,98.0,23.94,13.2,34.1,25.96,23.14,457.51,480.33,362.02,254.39,251.92,38206.0,9.2,137.6,24.07,361.23
21,039,21039,Kentucky,Carlisle,4807.0,4763.0,4723.0,4744.0,4764.0,1.0,2.0,0.0,3.0,3.0,18.0,5.0,13.0,16.0,6.0,20.8,41.99,0.0,63.24,62.97,374.45,104.98,275.25,337.27,125.94,4760.2,1.8,11.6,37.8,243.58
21,041,21041,Kentucky,Carroll,10831.0,10896.0,10937.0,10984.0,11111.0,6.0,4.0,6.0,6.0,9.0,57.0,45.0,47.0,47.0,36.0,55.4,36.71,54.86,54.62,81.0,526.27,413.0,429.73,427.9,324.0,10951.8,6.2,46.4,56.52,424.18
21,045,21045,Kentucky,Casey,15926.0,15927.0,15900.0,15928.0,16053.0,4.0,4.0,1.0,2.0,9.0,40.0,26.0,16.0,20.0,12.0,25.12,25.11,6.29,12.56,56.06,251.16,163.24,100.63,125.57,74.75,15946.8,4.0,22.8,25.03,143.07
21,051,21051,Kentucky,Clay,20308.0,20162.0,19882.0,19660.0,19555.0,17.0,6.0,5.0,3.0,9.0,78.0,87.0,86.0,65.0,71.0,83.71,29.76,25.15,15.26,46.02,384.09,431.5,432.55,330.62,363.08,19913.4,8.0,77.4,39.98,388.37
21,053,21053,Kentucky,Clinton,9231.0,9285.0,9140.0,9192.0,9172.0,5.0,2.0,0.0,1.0,4.0,13.0,9.0,10.0,19.0,13.0,54.17,21.54,0.0,10.88,43.61,140.83,96.93,109.41,206.7,141.74,9204.0,2.4,12.8,26.04,139.12
21,055,21055,Kentucky,Crittenden,9002.0,8945.0,8973.0,8991.0,8975.0,3.0,2.0,1.0,1.0,4.0,26.0,27.0,14.0,7.0,12.0,33.33,22.36,11.14,11.12,44.57,288.82,301.84,156.02,77.86,133.7,8977.2,2.2,17.2,24.5,191.65
21,057,21057,Kentucky,Cumberland,5860.0,5902.0,5945.0,5980.0,6037.0,2.0,1.0,2.0,0.0,2.0,25.0,17.0,5.0,17.0,7.0,34.13,16.94,33.64,0.0,33.13,426.62,288.04,84.1,284.28,115.95,5944.8,1.4,14.2,23.57,239.8
21,063,21063,Kentucky,Elliott,7333.0,7364.0,7299.0,7269.0,7270.0,0.0,0.0,4.0,2.0,0.0,2.0,8.0,16.0,6.0,4.0,0.0,0.0,54.8,27.51,0.0,27.27,108.64,219.21,82.54,55.02,7307.0,1.2,7.2,16.46,98.54
21,065,21065,Kentucky,Estill,14156.0,14081.0,13985.0,13923.0,13945.0,5.0,7.0,1.0,3.0,2.0,35.0,42.0,19.0,17.0,11.0,35.32,49.71,7.15,21.55,14.34,247.24,298.27,135.86,122.1,78.88,14018.0,3.6,24.8,25.61,176.47
21,069,21069,Kentucky,Fleming,15089.0,15250.0,15240.0,15411.0,15648.0,2.0,4.0,2.0,8.0,2.0,8.0,18.0,18.0,21.0,16.0,13.25,26.23,13.12,51.91,12.78,53.02,118.03,118.11,136.27,102.25,15327.6,3.6,16.2,23.46,105.54
21,071,21071,Kentucky,Floyd,35805.0,35292.0,35518.0,35001.0,34630.0,7.0,2.0,3.0,15.0,12.0,56.0,53.0,33.0,40.0,60.0,19.55,5.67,8.45,42.86,34.65,156.4,150.18,92.91,114.28,173.26,35249.2,7.8,48.4,22.24,137.41
21,073,21073,Kentucky,Franklin,51600.0,51807.0,51807.0,51851.0,52397.0,8.0,19.0,17.0,21.0,17.0,178.0,195.0,119.0,111.0,98.0,15.5,36.67,32.81,40.5,32.44,344.96,376.4,229.7,214.07,187.03,51892.4,16.4,140.2,31.58,270.43
21,075,21075,Kentucky,Fulton,6510.0,6487.0,6389.0,6355.0,6260.0,0.0,1.0,0.0,2.0,3.0,5.0,0.0,13.0,12.0,7.0,0.0,15.42,0.0,31.47,47.92,76.8,0.0,203.47,188.83,111.82,6400.2,1.2,7.4,18.96,116.18
,,,Kentucky,Garrard County Police Department,,,,,,,,,,,,,,,,,,,,,,,,,,,,,,
21,083,21083,Kentucky,Graves,36533.0,36677.0,36546.0,36590.0,36798.0,19.0,17.0,14.0,17.0,24.0,198.0,188.0,147.0,126.0,104.0,52.01,46.35,38.31,46.46,65.22,541.98,512.58,402.23,344.36,282.62,36628.8,18.2,152.6,49.67,416.75
21,085,21085,Kentucky,Grayson,26458.0,26582.0,26632.0,26875.0,27179.0,14.0,9.0,8.0,3.0,9.0,82.0,74.0,46.0,55.0,61.0,52.91,33.86,30.04,11.16,33.11,309.93,278.38,172.72,204.65,224.44,26745.2,8.6,63.6,32.22,238.02
21,087,21087,Kentucky,Green,11129.0,11313.0,11363.0,11452.0,11548.0,1.0,1.0,1.0,0.0,2.0,7.0,8.0,10.0,4.0,4.0,8.99,8.84,8.8,0.0,17.32,62.9,70.72,88.0,34.93,34.64,11361.0,1.0,6.6,8.79,58.24
21,095,21095,Kentucky,Harlan,26752.0,26139.0,25603.0,25306.0,25046.0,1.0,4.0,4.0,5.0,4.0,22.0,42.0,28.0,35.0,23.0,3.74,15.3,15.62,19.76,15.97,82.24,160.68,109.36,138.31,91.83,25769.2,3.6,30.0,14.08,116.48
21,097,21097,Kentucky,Harrison,18710.0,18951.0,19072.0,19397.0,19467.0,3.0,2.0,0.0,3.0,3.0,72.0,44.0,36.0,26.0,28.0,16.03,10.55,0.0,15.47,15.41,384.82,232.18,188.76,134.04,143.83,19119.4,2.2,41.2,11.49,216.73
21,099,21099,Kentucky,Hart,19288.0,19471.0,19585.0,19739.0,19910.0,3.0,6.0,5.0,6.0,2.0,35.0,42.0,30.0,42.0,43.0,15.55,30.82,25.53,30.4,10.05,181.46,215.71,153.18,212.78,215.97,19598.6,4.4,38.4,22.47,195.82
21,105,21105,Kentucky,Hickman,4528.0,4426.0,4413.0,4425.0,4390.0,2.0,1.0,0.0,3.0,3.0,22.0,10.0,13.0,17.0,13.0,44.17,22.59,0.0,67.8,68.34,485.87,225.94,294.58,384.18,296.13,4436.4,1.8,15.0,40.58,337.34
21,107,21107,Kentucky,Hopkins,45369.0,45157.0,44882.0,44914.0,45021.0,11.0,26.0,21.0,11.0,20.0,153.0,201.0,132.0,100.0,130.0,24.25,57.58,46.79,24.49,44.42,337.23,445.11,294.1,222.65,288.75,45068.6,17.8,143.2,39.51,317.57
21,109,21109,Kentucky,Jackson,12969.0,12978.0,12990.0,13141.0,13294.0,4.0,6.0,2.0,3.0,1.0,77.0,56.0,43.0,39.0,25.0,30.84,46.23,15.4,22.83,7.52,593.72,431.5,331.02,296.78,188.05,13074.4,3.2,48.0,24.56,368.21
21,115,21115,Kentucky,Johnson,22648.0,22550.0,22222.0,22134.0,22133.0,5.0,6.0,7.0,6.0,3.0,43.0,42.0,27.0,56.0,23.0,22.08,26.61,31.5,27.11,13.55,189.86,186.25,121.5,253.0,103.92,22337.4,5.4,38.2,24.17,170.91
21,119,21119,Kentucky,Knott,14163.0,14043.0,13844.0,13656.0,13463.0,1.0,2.0,0.0,0.0,0.0,30.0,24.0,26.0,9.0,3.0,7.06,14.24,0.0,0.0,0.0,211.82,170.9,187.81,65.91,22.28,13833.8,0.6,18.4,4.26,131.74
21,121,21121,Kentucky,Knox,30186.0,30019.0,29721.0,29696.0,29652.0,5.0,7.0,23.0,11.0,8.0,62.0,69.0,66.0,55.0,30.0,16.56,23.32,77.39,37.04,26.98,205.39,229.85,222.07,185.21,101.17,29854.8,10.8,56.4,36.26,188.74
21,125,21125,Kentucky,Laurel,62733.0,62598.0,62905.0,63334.0,63244.0,52.0,43.0,24.0,28.0,45.0,447.0,425.0,326.0,303.0,281.0,82.89,68.69,38.15,44.21,71.15,712.54,678.94,518.24,478.42,444.31,62962.8,38.4,356.4,61.02,566.49
21,127,21127,Kentucky,Lawrence,16300.0,16261.0,16052.0,15980.0,15825.0,9.0,4.0,9.0,5.0,4.0,44.0,52.0,43.0,42.0,35.0,55.21,24.6,56.07,31.29,25.28,269.94,319.78,267.88,262.83,221.17,16083.6,6.2,43.2,38.49,268.32
21,129,21129,Kentucky,Lee,7365.0,7461.0,7258.0,7301.0,7293.0,0.0,0.0,1.0,3.0,1.0,14.0,22.0,18.0,26.0,6.0,0.0,0.0,13.78,41.09,13.71,190.09,294.87,248.0,356.12,82.27,7335.6,1.0,17.2,13.72,234.27
21,131,21131,Kentucky,Leslie,10470.0,10285.0,10045.0,9871.0,9749.0,4.0,2.0,1.0,6.0,4.0,27.0,19.0,11.0,10.0,5.0,38.2,19.45,9.96,60.78,41.03,257.88,184.74,109.51,101.31,51.29,10084.0,3.4,14.4,33.88,140.95
21,133,21133,Kentucky,Letcher,21465.0,21228.0,20796.0,20449.0,20207.0,0.0,3.0,2.0,0.0,1.0,10.0,7.0,15.0,5.0,9.0,0.0,14.13,9.62,0.0,4.95,46.59,32.98,72.13,24.45,44.54,20829.0,1.2,9.2,5.74,44.14
21,135,21135,Kentucky,Lewis,13088.0,12981.0,12917.0,12989.0,12912.0,0.0,0.0,0.0,7.0,4.0,17.0,23.0,18.0,50.0,27.0,0.0,0.0,0.0,53.89,30.98,129.89,177.18,139.35,384.94,209.11,12977.4,2.2,27.0,16.97,208.09
21,137,21137,Kentucky,Lincoln,24249.0,24256.0,24392.0,24791.0,25053.0,8.0,3.0,4.0,11.0,23.0,69.0,84.0,47.0,94.0,59.0,32.99,12.37,16.4,44.37,91.81,284.55,346.31,192.69,379.17,235.5,24548.2,9.8,70.6,39.59,287.64
21,139,21139,Kentucky,Livingston,8871.0,8978.0,8958.0,8919.0,8847.0,5.0,2.0,5.0,4.0,9.0,50.0,54.0,64.0,55.0,48.0,56.36,22.28,55.82,44.85,101.73,563.63,601.47,714.45,616.66,542.56,8914.6,5.0,54.2,56.21,607.75
21,141,21141,Kentucky,Logan,27515.0,27811.0,27866.0,28272.0,28449.0,18.0,14.0,11.0,12.0,8.0,86.0,67.0,53.0,49.0,43.0,65.42,50.34,39.47,42.44,28.12,312.56,240.91,190.2,173.32,151.15,27982.6,12.6,59.6,45.16,213.63
21,143,21143,Kentucky,Lyon,8673.0,8426.0,9100.0,9177.0,9077.0,5.0,5.0,3.0,7.0,8.0,54.0,32.0,22.0,16.0,38.0,57.65,59.34,32.97,76.28,88.13,622.62,379.78,241.76,174.35,418.64,8890.6,5.6,32.4,62.87,367.43
21,151,21151,Kentucky,Madison,93002.0,93485.0,95227.0,97551.0,99600.0,22.0,21.0,19.0,18.0,28.0,242.0,220.0,191.0,146.0,132.0,23.66,22.46,19.95,18.45,28.11,260.21,235.33,200.57,149.67,132.53,95773.0,21.6,186.2,22.53,195.66
21,153,21153,Kentucky,Magoffin,11606.0,11491.0,11321.0,11224.0,11171.0,2.0,1.0,1.0,1.0,1.0,19.0,18.0,5.0,21.0,9.0,17.23,8.7,8.83,8.91,8.95,163.71,156.64,44.17,187.1,80.57,11362.6,1.2,14.4,10.52,126.44
21,155,21155,Kentucky,Marion,19587.0,19717.0,19720.0,19853.0,19998.0,6.0,5.0,3.0,1.0,5.0,32.0,37.0,43.0,32.0,13.0,30.63,25.36,15.21,5.04,25.0,163.37,187.66,218.05,161.18,65.01,19775.0,4.0,31.4,20.25,159.05
21,157,21157,Kentucky,Marshall,31689.0,31810.0,31765.0,31705.0,31655.0,33.0,24.0,24.0,14.0,22.0,244.0,230.0,149.0,146.0,116.0,104.14,75.45,75.55,44.16,69.5,769.98,723.04,469.07,460.5,366.45,31724.8,23.4,177.0,73.76,557.81
21,159,21159,Kentucky,Martin,11252.0,11166.0,11101.0,10932.0,10683.0,6.0,4.0,3.0,0.0,1.0,22.0,9.0,10.0,3.0,0.0,53.32,35.82,27.02,0.0,9.36,195.52,80.6,90.08,27.44,0.0,11026.8,2.8,8.8,25.1,78.73
21,161,21161,Kentucky,Mason,17135.0,16953.0,16871.0,16875.0,16914.0,5.0,4.0,15.0,7.0,8.0,76.0,73.0,68.0,44.0,27.0,29.18,23.59,88.91,41.48,47.3,443.54,430.6,403.06,260.74,159.63,16949.6,7.8,57.6,46.09,339.51
21,145,21145,Kentucky,McCracken,67923.0,67583.0,67370.0,67549.0,67732.0,43.0,34.0,31.0,36.0,41.0,422.0,310.0,201.0,320.0,328.0,63.31,50.31,46.01,53.29,60.53,621.29,458.7,298.35,473.73,484.26,67631.4,37.0,316.2,54.69,467.27
21,147,21147,Kentucky,McCreary,16840.0,16811.0,16803.0,17098.0,16923.0,5.0,2.0,0.0,1.0,3.0,55.0,50.0,18.0,8.0,13.0,29.69,11.9,0.0,5.85,17.73,326.6,297.42,107.12,46.79,76.82,16895.0,2.2,28.8,13.03,170.95
21,165,21165,Kentucky,Menifee,6138.0,6172.0,6216.0,6280.0,6329.0,0.0,2.0,5.0,3.0,0.0,10.0,10.0,11.0,18.0,12.0,0.0,32.4,80.44,47.77,0.0,162.92,162.02,176.96,286.62,189.6,6227.0,2.0,12.2,32.12,195.62
21,167,21167,Kentucky,Mercer,22654.0,22869.0,22935.0,23172.0,23499.0,2.0,4.0,2.0,2.0,1.0,20.0,19.0,22.0,29.0,20.0,8.83,17.49,8.72,8.63,4.26,88.28,83.08,95.92,125.15,85.11,23025.8,2.2,22.0,9.59,95.51
21,169,21169,Kentucky,Metcalfe,10286.0,10392.0,10397.0,10512.0,10537.0,4.0,4.0,0.0,0.0,1.0,25.0,21.0,28.0,23.0,22.0,38.89,38.49,0.0,0.0,9.49,243.05,202.08,269.31,218.8,208.79,10424.8,1.8,23.8,17.37,228.41
21,171,21171,Kentucky,Monroe,11315.0,11258.0,11315.0,11246.0,11156.0,0.0,2.0,2.0,4.0,1.0,9.0,19.0,10.0,11.0,13.0,0.0,17.77,17.68,35.57,8.96,79.54,168.77,88.38,97.81,116.53,11258.0,1.8,12.4,16.0,110.21
21,173,21173,Kentucky,Montgomery,28115.0,28231.0,28351.0,28534.0,28813.0,12.0,14.0,12.0,15.0,13.0,244.0,201.0,229.0,130.0,94.0,42.68,49.59,42.33,52.57,45.12,867.86,711.98,807.73,455.6,326.24,28408.8,13.2,179.6,46.46,633.88
21,175,21175,Kentucky,Morgan,13733.0,13692.0,14166.0,14372.0,14233.0,6.0,3.0,3.0,4.0,3.0,52.0,41.0,34.0,30.0,13.0,43.69,21.91,21.18,27.83,21.08,378.65,299.44,240.01,208.74,91.34,14039.2,3.8,34.0,27.14,243.64
21,177,21177,Kentucky,Muhlenberg,30904.0,30334.0,30693.0,30553.0,30572.0,7.0,14.0,6.0,7.0,16.0,62.0,63.0,60.0,70.0,63.0,22.65,46.15,19.55,22.91,52.34,200.62,207.69,195.48,229.11,206.07,30611.2,10.0,63.6,32.72,207.79
21,179,21179,Kentucky,Nelson,46785.0,47149.0,,47909.0,48609.0,15.0,26.0,,9.0,26.0,225.0,188.0,,146.0,131.0,32.06,55.14,,18.79,53.49,480.92,398.74,,304.74,269.5,47613.0,19.0,172.5,39.87,363.48
21,181,21181,Kentucky,Nicholas,7542.0,7728.0,7767.0,7692.0,7752.0,1.0,0.0,5.0,3.0,0.0,6.0,6.0,8.0,6.0,6.0,13.26,0.0,64.37,39.0,0.0,79.55,77.64,103.0,78.0,77.4,7696.2,1.8,6.4,23.33,83.12
21,183,21183,Kentucky,Ohio,23747.0,23730.0,23556.0,23763.0,23900.0,18.0,12.0,22.0,22.0,17.0,123.0,107.0,107.0,98.0,72.0,75.8,50.57,93.39,92.58,71.13,517.96,450.91,454.24,412.41,301.26,23739.2,18.2,101.4,76.69,427.36
21,187,21187,Kentucky,Owen,11303.0,11305.0,11294.0,11319.0,11465.0,0.0,2.0,3.0,0.0,2.0,42.0,31.0,44.0,27.0,11.0,0.0,17.69,26.56,0.0,17.44,371.58,274.21,389.59,238.54,95.94,11337.2,1.4,31.0,12.34,273.97
21,189,21189,Kentucky,Owsley,4034.0,3974.0,3941.0,3987.0,3930.0,0.0,0.0,0.0,0.0,0.0,2.0,1.0,0.0,0.0,0.0,0.0,0.0,0.0,0.0,0.0,49.58,25.16,0.0,0.0,0.0,3973.2,0.0,0.6,0.0,14.95
21,193,21193,Kentucky,Perry,28370.0,27926.0,27366.0,27069.0,26805.0,16.0,13.0,3.0,7.0,23.0,56.0,41.0,24.0,30.0,28.0,56.4,46.55,10.96,25.86,85.8,197.39,146.82,87.7,110.83,104.46,27507.2,12.4,35.8,45.11,129.44
21,195,21195,Kentucky,Pike,58459.0,57499.0,56378.0,56021.0,55358.0,0.0,1.0,0.0,5.0,1.0,56.0,38.0,29.0,25.0,23.0,0.0,1.74,0.0,8.93,1.81,95.79,66.09,51.44,44.63,41.55,56743.0,1.4,34.2,2.5,59.9
21,197,21197,Kentucky,Powell,13098.0,13092.0,13061.0,12981.0,12861.0,0.0,0.0,1.0,1.0,1.0,18.0,4.0,6.0,7.0,6.0,0.0,0.0,7.66,7.7,7.78,137.43,30.55,45.94,53.92,46.65,13018.6,0.6,8.2,4.63,62.9
21,199,21199,Kentucky,Pulaski,65112.0,65543.0,65787.0,66237.0,66959.0,46.0,16.0,23.0,38.0,50.0,324.0,285.0,178.0,243.0,147.0,70.65,24.41,34.96,57.37,74.67,497.6,434.83,270.57,366.86,219.54,65927.6,34.6,235.4,52.41,357.88
21,203,21203,Kentucky,Rockcastle,16057.0,16136.0,16204.0,16150.0,16212.0,9.0,3.0,2.0,2.0,8.0,78.0,46.0,25.0,20.0,34.0,56.05,18.59,12.34,12.38,49.35,485.77,285.08,154.28,123.84,209.72,16151.8,4.8,40.6,29.74,251.74
21,205,21205,Kentucky,Rowan,24714.0,24565.0,24414.0,24467.0,24526.0,8.0,8.0,5.0,5.0,7.0,77.0,45.0,46.0,52.0,39.0,32.37,32.57,20.48,20.44,28.54,311.56,183.19,188.42,212.53,159.01,24537.2,6.6,51.8,26.88,210.94
21,207,21207,Kentucky,Russell,17997.0,18159.0,18167.0,18345.0,18549.0,3.0,0.0,6.0,3.0,2.0,31.0,10.0,36.0,24.0,19.0,16.67,0.0,33.03,16.35,10.78,172.25,55.07,198.16,130.83,102.43,18243.4,2.8,24.0,15.37,131.75
21,213,21213,Kentucky,Simpson,19628.0,19736.0,19930.0,20243.0,20418.0,4.0,8.0,7.0,8.0,7.0,40.0,35.0,40.0,14.0,20.0,20.38,40.54,35.12,39.52,34.28,203.79,177.34,200.7,69.16,97.95,19991.0,6.8,29.8,33.97,149.79
21,217,21217,Kentucky,Taylor,26011.0,26208.0,26445.0,26574.0,26811.0,9.0,10.0,8.0,1.0,5.0,185.0,179.0,107.0,87.0,73.0,34.6,38.16,30.25,3.76,18.65,711.24,683.0,404.61,327.39,272.28,26409.8,6.6,126.2,25.08,479.7
21,219,21219,Kentucky,Todd,12283.0,12298.0,12426.0,12575.0,12787.0,3.0,6.0,5.0,1.0,3.0,55.0,41.0,37.0,34.0,28.0,24.42,48.79,40.24,7.95,23.46,447.77,333.39,297.76,270.38,218.97,12473.8,3.6,39.0,28.97,313.65
21,223,21223,Kentucky,Trimble,8465.0,8552.0,8521.0,8631.0,8639.0,3.0,1.0,3.0,1.0,0.0,21.0,23.0,10.0,11.0,8.0,35.44,11.69,35.21,11.59,0.0,248.08,268.94,117.36,127.45,92.6,8561.6,1.6,14.6,18.79,170.89
21,225,21225,Kentucky,Union,13644.0,13262.0,13126.0,13091.0,13127.0,6.0,3.0,6.0,5.0,1.0,51.0,55.0,67.0,32.0,22.0,43.98,22.62,45.71,38.19,7.62,373.79,414.72,510.44,244.44,167.59,13250.0,4.2,45.4,31.62,342.2
21,229,21229,Kentucky,Washington,12042.0,12081.0,12067.0,12266.0,12310.0,2.0,1.0,2.0,3.0,2.0,39.0,11.0,5.0,14.0,32.0,16.61,8.28,16.57,24.46,16.25,323.87,91.05,41.44,114.14,259.95,12153.2,2.0,20.2,16.43,166.09
21,231,21231,Kentucky,Wayne,19548.0,19547.0,19669.0,19629.0,19563.0,8.0,6.0,9.0,9.0,5.0,34.0,34.0,44.0,32.0,11.0,40.92,30.7,45.76,45.85,25.56,173.93,173.94,223.7,163.02,56.23,19591.2,7.4,31.0,37.76,158.16
21,233,21233,Kentucky,Webster,13021.0,12853.0,12728.0,12746.0,12872.0,3.0,2.0,1.0,9.0,6.0,32.0,31.0,35.0,23.0,22.0,23.04,15.56,7.86,70.61,46.61,245.76,241.19,274.98,180.45,170.91,12844.0,4.2,28.6,32.74,222.66
21,235,21235,Kentucky,Whitley,36696.0,36820.0,36953.0,36903.0,37205.0,13.0,13.0,9.0,15.0,18.0,116.0,143.0,66.0,125.0,103.0,35.43,35.31,24.36,40.65,48.38,316.11,388.38,178.61,338.73,276.84,36915.4,13.6,110.6,36.83,299.73
21,237,21237,Kentucky,Wolfe,6560.0,6509.0,6415.0,6318.0,6263.0,2.0,6.0,0.0,3.0,0.0,26.0,19.0,18.0,18.0,16.0,30.49,92.18,0.0,47.48,0.0,396.34,291.9,280.59,284.9,255.47,6413.0,2.2,19.4,34.03,301.84
22,005,22005,Louisiana,Ascension,126975.0,128600.0,130638.0,132202.0,134027.0,400.0,402.0,385.0,333.0,299.0,1990.0,1915.0,1901.0,1908.0,1520.0,315.02,312.6,294.71,251.89,223.09,1567.24,1489.11,1455.17,1443.25,1134.1,130488.4,363.8,1846.8,279.46,1417.77
22,007,22007,Louisiana,Assumption,20962.0,,,,,66.0,,,,,202.0,,,,,314.86,,,,,963.65,,,,,20962.0,66.0,202.0,314.86,963.65
22,015,22015,Louisiana,Bossier,128647.0,129279.0,129355.0,130413.0,131168.0,114.0,149.0,158.0,158.0,159.0,571.0,506.0,425.0,465.0,381.0,88.61,115.25,122.14,121.15,121.22,443.85,391.4,328.55,356.56,290.47,129772.4,147.6,469.6,113.67,362.17
22,017,22017,Louisiana,Caddo,237024.0,232812.0,229272.0,226605.0,225317.0,44.0,54.0,35.0,33.0,44.0,651.0,632.0,546.0,526.0,529.0,18.56,23.19,15.27,14.56,19.53,274.66,271.46,238.15,232.12,234.78,230206.0,42.0,576.8,18.22,250.23
22,019,22019,Louisiana,Calcasieu,216474.0,205009.0,202821.0,204628.0,207027.0,1060.0,909.0,804.0,807.0,627.0,4264.0,4069.0,4005.0,3237.0,2627.0,489.67,443.4,396.41,394.37,302.86,1969.75,1984.79,1974.65,1581.89,1268.92,207191.8,841.4,3640.4,405.34,1756.0
22,031,22031,Louisiana,De Soto,26840.0,,26869.0,27145.0,27279.0,107.0,,34.0,41.0,71.0,381.0,,210.0,207.0,152.0,398.66,,126.54,151.04,260.27,1419.52,,781.57,762.57,557.21,27033.25,63.25,237.5,234.13,880.22
22,047,22047,Louisiana,Iberville,30070.0,29765.0,29708.0,29769.0,29691.0,123.0,118.0,64.0,57.0,62.0,236.0,204.0,232.0,212.0,209.0,409.05,396.44,215.43,191.47,208.82,784.84,685.37,780.93,712.15,703.92,29800.6,84.8,218.6,284.24,733.44
22,055,22055,Louisiana,Lafayette,242176.0,244953.0,248406.0,250714.0,254674.0,206.0,180.0,267.0,264.0,219.0,935.0,628.0,991.0,967.0,810.0,85.06,73.48,107.49,105.3,85.99,386.08,256.38,398.94,385.7,318.05,248184.6,227.2,866.2,91.46,349.03
22,057,22057,Louisiana,Lafourche,97421.0,97569.0,95738.0,95199.0,95492.0,234.0,224.0,250.0,194.0,210.0,1988.0,1490.0,1455.0,1354.0,1400.0,240.19,229.58,261.13,203.78,219.91,2040.63,1527.12,1519.77,1422.28,1466.09,96283.8,222.4,1537.4,230.92,1595.18
22,063,22063,Louisiana,Livingston,142833.0,146151.0,148332.0,150872.0,153145.0,457.0,504.0,511.0,539.0,484.0,2488.0,2062.0,2339.0,2105.0,1858.0,319.95,344.85,344.5,357.26,316.04,1741.89,1410.87,1576.87,1395.22,1213.23,148266.6,499.0,2170.4,336.52,1467.62
22,067,22067,Louisiana,Morehouse,25459.0,25029.0,24466.0,24138.0,23922.0,42.0,28.0,98.0,65.0,68.0,162.0,111.0,307.0,259.0,194.0,164.97,111.87,400.56,269.28,284.26,636.32,443.49,1254.8,1073.0,810.97,24602.8,60.2,206.6,246.19,843.72
22,073,22073,Louisiana,Ouachita,160106.0,158906.0,157979.0,158155.0,158746.0,788.0,741.0,745.0,521.0,478.0,2512.0,2343.0,2519.0,2400.0,2157.0,492.17,466.31,471.58,329.42,301.11,1568.96,1474.46,1594.52,1517.5,1358.77,158778.4,654.6,2386.2,412.12,1502.84
22,075,22075,Louisiana,Plaquemines,23503.0,23365.0,22659.0,22422.0,22385.0,60.0,68.0,75.0,96.0,80.0,152.0,141.0,109.0,100.0,113.0,255.29,291.03,330.99,428.15,357.38,646.73,603.47,481.05,445.99,504.8,22866.8,75.8,123.0,332.57,536.41
22,077,22077,Louisiana,Pointe Coupee,20676.0,20357.0,,19989.0,,147.0,81.0,,61.0,,233.0,208.0,,129.0,,710.97,397.9,,305.17,,1126.91,1021.76,,645.35,,20340.67,96.33,190.0,471.35,931.34
22,079,22079,Louisiana,Rapides,129655.0,128648.0,127018.0,126442.0,125924.0,380.0,381.0,405.0,342.0,384.0,1514.0,1609.0,1475.0,1317.0,1243.0,293.09,296.16,318.85,270.48,304.95,1167.71,1250.7,1161.25,1041.58,987.1,127537.4,378.4,1431.6,296.71,1121.67
22,089,22089,Louisiana,St. Charles,52515.0,52497.0,51089.0,50651.0,50658.0,182.0,150.0,163.0,106.0,123.0,949.0,633.0,669.0,545.0,528.0,346.57,285.73,319.05,209.28,242.8,1807.1,1205.78,1309.48,1075.99,1042.28,51482.0,144.8,664.8,280.69,1288.13
22,091,22091,Louisiana,St. Helena,10884.0,10892.0,10789.0,10807.0,10800.0,95.0,42.0,96.0,102.0,63.0,158.0,68.0,151.0,186.0,149.0,872.84,385.6,889.8,943.83,583.33,1451.67,624.31,1399.57,1721.11,1379.63,10834.4,79.6,142.4,735.08,1315.26
22,093,22093,Louisiana,St. James,20117.0,19798.0,19395.0,19201.0,19112.0,57.0,107.0,72.0,58.0,55.0,279.0,292.0,240.0,219.0,191.0,283.34,540.46,371.23,302.07,287.78,1386.89,1474.9,1237.43,1140.57,999.37,19524.6,69.8,244.2,356.98,1247.83
22,095,22095,Louisiana,St. John the Baptist,42362.0,42119.0,40028.0,39818.0,39965.0,155.0,121.0,123.0,104.0,113.0,865.0,777.0,747.0,522.0,533.0,365.89,287.28,307.28,261.19,282.75,2041.92,1844.77,1866.19,1310.96,1333.67,40858.4,123.2,688.8,300.88,1679.5
22,099,22099,Louisiana,St. Martin,51616.0,51571.0,51307.0,51151.0,51301.0,168.0,200.0,175.0,143.0,152.0,558.0,696.0,597.0,541.0,510.0,325.48,387.81,341.08,279.56,296.29,1081.06,1349.6,1163.58,1057.65,994.13,51389.2,167.6,580.4,326.04,1129.2
22,103,22103,Louisiana,St. Tammany,264989.0,,273650.0,275871.0,277665.0,333.0,,250.0,259.0,252.0,1332.0,,1302.0,1356.0,1188.0,125.67,,91.36,93.88,90.76,502.66,,475.79,491.53,427.85,273043.75,273.5,1294.5,100.42,474.46
22,105,22105,Louisiana,Tangipahoa,133651.0,135496.0,136814.0,138101.0,139983.0,1242.0,819.0,586.0,506.0,655.0,1847.0,1423.0,1609.0,1480.0,1402.0,929.29,604.45,428.32,366.4,467.91,1381.96,1050.22,1176.05,1071.68,1001.55,136809.0,761.6,1552.2,559.27,1136.29
22,109,22109,Louisiana,Terrebonne,109415.0,108966.0,104798.0,104298.0,104115.0,218.0,284.0,307.0,239.0,227.0,1783.0,1962.0,2038.0,1819.0,1726.0,199.24,260.63,292.94,229.15,218.03,1629.58,1800.56,1944.69,1744.04,1657.78,106318.4,255.0,1865.6,240.0,1755.33
22,003,22003,Louisiana,Allen,22671.0,,22425.0,22522.0,,28.0,,24.0,16.0,,387.0,,95.0,55.0,,123.51,,107.02,71.04,,1707.03,,423.63,244.21,,22539.33,22.67,179.0,100.52,791.62
22,011,22011,Louisiana,Beauregard,36605.0,36686.0,36600.0,36814.0,36638.0,39.0,46.0,85.0,58.0,24.0,240.0,128.0,234.0,192.0,89.0,106.54,125.39,232.24,157.55,65.51,655.65,348.91,639.34,521.54,242.92,36668.6,50.4,176.6,137.45,481.67
22,013,22013,Louisiana,Bienville,12916.0,12788.0,12623.0,12439.0,12369.0,35.0,40.0,42.0,34.0,27.0,132.0,169.0,136.0,105.0,79.0,270.98,312.79,332.73,273.33,218.29,1021.99,1321.55,1077.4,844.12,638.69,12627.0,35.6,124.2,281.62,980.75
22,027,22027,Louisiana,Claiborne,14108.0,14054.0,13820.0,13655.0,13539.0,14.0,20.0,22.0,21.0,31.0,58.0,60.0,34.0,33.0,27.0,99.23,142.31,159.19,153.79,228.97,411.11,426.92,246.02,241.67,199.42,13835.2,21.6,42.4,156.7,305.03
22,029,22029,Louisiana,Concordia,18574.0,18361.0,18189.0,18096.0,18098.0,98.0,41.0,83.0,65.0,61.0,222.0,65.0,123.0,107.0,129.0,527.62,223.3,456.32,359.2,337.05,1195.22,354.01,676.23,591.29,712.79,18263.6,69.6,129.2,380.7,705.91
22,035,22035,Louisiana,East Carroll,7398.0,7233.0,6972.0,6875.0,6905.0,24.0,25.0,45.0,31.0,47.0,23.0,28.0,28.0,25.0,40.0,324.41,345.64,645.44,450.91,680.67,310.89,387.11,401.61,363.64,579.29,7076.6,34.4,28.8,489.41,408.51
22,039,22039,Louisiana,Evangeline,32301.0,,32291.0,32264.0,32014.0,63.0,,78.0,29.0,38.0,193.0,,340.0,224.0,88.0,195.04,,241.55,89.88,118.7,597.5,,1052.92,694.27,274.88,32217.5,52.0,211.25,161.29,654.89
22,041,22041,Louisiana,Franklin,19714.0,19618.0,19340.0,19275.0,19143.0,51.0,88.0,94.0,117.0,60.0,105.0,201.0,291.0,225.0,114.0,258.7,448.57,486.04,607.0,313.43,532.62,1024.57,1504.65,1167.32,595.52,19418.0,82.0,187.2,422.75,964.94
22,049,22049,Louisiana,Jackson,14996.0,14903.0,,,15753.0,15.0,15.0,,,24.0,69.0,93.0,,,22.0,100.03,100.65,,,152.35,460.12,624.04,,,139.66,15217.33,18.0,61.33,117.68,407.94
22,059,22059,Louisiana,La Salle,,,,,,37.0,,15.0,16.0,4.0,30.0,,21.0,48.0,30.0,,,,,,,,,,,,18.0,32.25,,
22,061,22061,Louisiana,Lincoln,48301.0,48136.0,48050.0,48112.0,48232.0,63.0,63.0,55.0,26.0,38.0,204.0,222.0,169.0,149.0,158.0,130.43,130.88,114.46,54.04,78.79,422.35,461.19,351.72,309.69,327.58,48166.2,49.0,180.4,101.72,374.51
22,065,22065,Louisiana,Madison,9929.0,,,9251.0,9076.0,30.0,,,39.0,33.0,28.0,,,19.0,30.0,302.15,,,421.58,363.6,282.0,,,205.38,330.54,9418.67,34.0,25.67,362.44,272.64
22,069,22069,Louisiana,Natchitoches,37400.0,,,,36185.0,59.0,,,,72.0,417.0,,,,371.0,157.75,,,,198.98,1114.97,,,,1025.29,36792.5,65.5,394.0,178.36,1070.13
22,081,22081,Louisiana,Red River,7583.0,,,7370.0,,27.0,,,28.0,,141.0,,,103.0,,356.06,,,379.92,,1859.42,,,1397.56,,7476.5,27.5,122.0,367.99,1628.49
22,083,22083,Louisiana,Richland,20029.0,19866.0,,,,47.0,59.0,,,,74.0,77.0,,,,234.66,296.99,,,,369.46,387.6,,,,19947.5,53.0,75.5,265.82,378.53
22,085,22085,Louisiana,Sabine,22096.0,,,21959.0,,69.0,,,32.0,,217.0,,,103.0,,312.27,,,145.73,,982.08,,,469.06,,22027.5,50.5,160.0,229.0,725.57
22,097,22097,Louisiana,St. Landry,82306.0,82207.0,81661.0,81423.0,,148.0,172.0,143.0,137.0,,742.0,641.0,611.0,683.0,,179.82,209.23,175.11,168.26,,901.51,779.74,748.22,838.83,,81899.25,150.0,669.25,183.1,817.08
22,101,22101,Louisiana,St. Mary,49149.0,48239.0,47900.0,47236.0,46973.0,204.0,138.0,90.0,63.0,89.0,474.0,410.0,393.0,415.0,433.0,415.06,286.08,187.89,133.37,189.47,964.41,849.93,820.46,878.57,921.81,47899.4,116.8,425.0,242.37,887.04
22,115,22115,Louisiana,Vernon,48632.0,,,46232.0,,90.0,,,70.0,,363.0,,,365.0,,185.06,,,151.41,,746.42,,,789.5,,47432.0,80.0,364.0,168.24,767.96
22,117,22117,Louisiana,Washington,45358.0,45224.0,45020.0,45035.0,45138.0,357.0,163.0,172.0,137.0,113.0,494.0,370.0,332.0,353.0,336.0,787.07,360.43,382.05,304.21,250.34,1089.11,818.15,737.45,783.83,744.38,45155.0,188.4,377.0,416.82,834.58
22,127,22127,Louisiana,Winn,13720.0,13504.0,13626.0,14071.0,14766.0,25.0,34.0,23.0,22.0,20.0,57.0,40.0,37.0,30.0,35.0,182.22,251.78,168.79,156.35,135.45,415.45,296.21,271.54,213.2,237.03,13937.4,24.8,39.8,178.92,286.69
23,001,23001,Maine,Androscoggin,111181.0,112760.0,113437.0,114587.0,115600.0,23.0,20.0,23.0,20.0,25.0,115.0,128.0,144.0,151.0,131.0,20.69,17.74,20.28,17.45,21.63,103.43,113.52,126.94,131.78,113.32,113513.0,22.2,133.8,19.56,117.8
23,005,23005,Maine,Cumberland,303588.0,306150.0,309532.0,311645.0,314665.0,41.0,31.0,31.0,37.0,40.0,318.0,287.0,303.0,348.0,292.0,13.51,10.13,10.02,11.87,12.71,104.75,93.74,97.89,111.67,92.8,309116.0,36.0,309.6,11.65,100.17
23,019,23019,Maine,Penobscot,152174.0,153367.0,154948.0,156839.0,157283.0,10.0,15.0,13.0,29.0,20.0,304.0,349.0,332.0,303.0,294.0,6.57,9.78,8.39,18.49,12.72,199.77,227.56,214.27,193.19,186.92,154922.2,17.4,316.4,11.19,204.34
23,023,23023,Maine,Sagadahoc,36731.0,37178.0,37423.0,37576.0,37694.0,5.0,8.0,8.0,3.0,6.0,55.0,46.0,42.0,60.0,55.0,13.61,21.52,21.38,7.98,15.92,149.74,123.73,112.23,159.68,145.91,37320.4,6.0,51.6,16.08,138.26
23,031,23031,Maine,York,212272.0,215063.0,217376.0,219839.0,221106.0,18.0,40.0,29.0,30.0,37.0,277.0,266.0,194.0,182.0,183.0,8.48,18.6,13.34,13.65,16.73,130.49,123.68,89.25,82.79,82.77,217131.2,30.8,220.4,14.16,101.8
23,003,23003,Maine,Aroostook,67051.0,67075.0,67295.0,67330.0,66925.0,10.0,7.0,16.0,16.0,10.0,69.0,139.0,104.0,96.0,79.0,14.91,10.44,23.78,23.76,14.94,102.91,207.23,154.54,142.58,118.04,67135.2,11.8,97.4,17.57,145.06
23,007,23007,Maine,Franklin,29463.0,30256.0,30574.0,30773.0,30875.0,3.0,19.0,4.0,9.0,7.0,81.0,76.0,81.0,60.0,64.0,10.18,62.8,13.08,29.25,22.67,274.92,251.19,264.93,194.98,207.29,30388.2,8.4,72.4,27.6,238.66
23,009,23009,Maine,Hancock,55512.0,56349.0,56636.0,56865.0,57130.0,14.0,17.0,14.0,13.0,12.0,105.0,92.0,110.0,93.0,74.0,25.22,30.17,24.72,22.86,21.0,189.15,163.27,194.22,163.55,129.53,56498.4,14.0,94.8,24.79,167.94
23,011,23011,Maine,Kennebec,124732.0,125803.0,127182.0,128254.0,128672.0,33.0,26.0,33.0,27.0,29.0,204.0,294.0,254.0,223.0,210.0,26.46,20.67,25.95,21.05,22.54,163.55,233.7,199.71,173.87,163.21,126928.6,29.6,237.0,23.33,186.81
23,013,23013,Maine,Knox,40663.0,41089.0,41291.0,41077.0,40964.0,4.0,4.0,10.0,11.0,8.0,155.0,110.0,137.0,121.0,152.0,9.84,9.73,24.22,26.78,19.53,381.18,267.71,331.79,294.57,371.06,41016.8,7.4,135.0,18.02,329.26
23,015,23015,Maine,Lincoln,35244.0,36015.0,36248.0,36418.0,36524.0,27.0,27.0,25.0,12.0,27.0,151.0,79.0,81.0,104.0,92.0,76.61,74.97,68.97,32.95,73.92,428.44,219.35,223.46,285.57,251.89,36089.8,23.6,101.4,65.48,281.74
23,017,23017,Maine,Oxford,57894.0,58699.0,59534.0,60076.0,59970.0,26.0,35.0,12.0,11.0,26.0,269.0,228.0,197.0,199.0,241.0,44.91,59.63,20.16,18.31,43.36,464.64,388.42,330.9,331.25,401.87,59234.6,22.0,226.8,37.27,383.42
23,021,23021,Maine,Piscataquis,16815.0,17226.0,17379.0,17474.0,17463.0,7.0,2.0,3.0,2.0,3.0,71.0,74.0,75.0,48.0,33.0,41.63,11.61,17.26,11.45,17.18,422.24,429.58,431.56,274.69,188.97,17271.4,3.4,60.2,19.83,349.41
23,025,23025,Maine,Somerset,50469.0,50791.0,51052.0,51293.0,51490.0,40.0,37.0,21.0,23.0,37.0,277.0,291.0,313.0,383.0,370.0,79.26,72.85,41.13,44.84,71.86,548.85,572.94,613.1,746.69,718.59,51019.0,31.6,326.8,61.99,640.03
23,027,23027,Maine,Waldo,39666.0,39988.0,40196.0,40475.0,40611.0,9.0,6.0,3.0,2.0,2.0,80.0,101.0,52.0,48.0,21.0,22.69,15.0,7.46,4.94,4.92,201.68,252.58,129.37,118.59,51.71,40187.2,4.4,60.4,11.0,150.79
23,029,23029,Maine,Washington,31091.0,31200.0,31482.0,31471.0,31466.0,23.0,20.0,20.0,12.0,13.0,119.0,78.0,79.0,115.0,97.0,73.98,64.1,63.53,38.13,41.31,382.75,250.0,250.94,365.42,308.27,31342.0,17.6,97.6,56.21,311.48
,,,Maryland,Montgomery County Police Department,,,,,,,,,,,,,,,,,,,,,,,,,,,,,,
26,017,26017,Michigan,Bay,103739.0,103115.0,102736.0,102693.0,102432.0,40.0,46.0,62.0,55.0,30.0,395.0,432.0,401.0,385.0,421.0,38.56,44.61,60.35,53.56,29.29,380.76,418.95,390.32,374.9,411.0,102943.0,46.6,406.8,45.27,395.19
26,021,26021,Michigan,Berrien,154395.0,153609.0,152991.0,152384.0,152394.0,116.0,174.0,125.0,110.0,92.0,647.0,709.0,686.0,598.0,486.0,75.13,113.27,81.7,72.19,60.37,419.06,461.56,448.39,392.43,318.91,153154.6,123.4,625.2,80.53,408.07
26,025,26025,Michigan,Calhoun,134198.0,133907.0,133439.0,133331.0,133611.0,143.0,123.0,132.0,161.0,127.0,506.0,567.0,670.0,572.0,435.0,106.56,91.85,98.92,120.75,95.05,377.05,423.43,502.1,429.01,325.57,133697.2,137.2,550.0,102.63,411.43
26,037,26037,Michigan,Clinton,79168.0,79465.0,79692.0,79877.0,80189.0,24.0,21.0,20.0,23.0,35.0,113.0,139.0,134.0,120.0,136.0,30.32,26.43,25.1,28.79,43.65,142.73,174.92,168.15,150.23,169.6,79678.2,24.6,128.4,30.86,161.13
26,045,26045,Michigan,Eaton,109174.0,108866.0,108864.0,108915.0,109180.0,151.0,165.0,132.0,131.0,99.0,913.0,751.0,756.0,787.0,716.0,138.31,151.56,121.25,120.28,90.68,836.28,689.84,694.44,722.58,655.8,108999.8,135.6,784.6,124.42,719.79
26,049,26049,Michigan,Genesee,405746.0,404694.0,401952.0,401351.0,401288.0,105.0,95.0,113.0,84.0,93.0,311.0,351.0,426.0,324.0,264.0,25.88,23.47,28.11,20.93,23.18,76.65,86.73,105.98,80.73,65.79,403006.2,98.0,335.2,24.31,83.18
26,065,26065,Michigan,Ingham,285005.0,271708.0,284388.0,286405.0,287390.0,203.0,173.0,140.0,151.0,165.0,565.0,558.0,531.0,519.0,395.0,71.23,63.67,49.23,52.72,57.41,198.24,205.37,186.72,181.21,137.44,282979.2,166.4,513.6,58.85,181.8
26,067,26067,Michigan,Ionia,66871.0,66854.0,,,66309.0,78.0,4.0,,,41.0,166.0,10.0,,,207.0,116.64,5.98,,,61.83,248.24,14.96,,,312.17,66678.0,41.0,127.67,61.48,191.79
26,077,26077,Michigan,Kalamazoo,261780.0,260596.0,261121.0,262460.0,263122.0,384.0,371.0,313.0,332.0,339.0,2774.0,2333.0,2205.0,2010.0,1950.0,146.69,142.37,119.87,126.5,128.84,1059.67,895.26,844.44,765.83,741.1,261815.8,347.8,2254.4,132.85,861.26
26,081,26081,Michigan,Kent,658508.0,659070.0,659818.0,663819.0,670412.0,438.0,458.0,521.0,484.0,409.0,2587.0,2770.0,3021.0,2650.0,2171.0,66.51,69.49,78.96,72.91,61.01,392.86,420.29,457.85,399.21,323.83,662325.4,462.0,2639.8,69.78,398.81
26,087,26087,Michigan,Lapeer,88595.0,88714.0,88705.0,89038.0,89275.0,57.0,54.0,65.0,69.0,51.0,166.0,152.0,174.0,141.0,181.0,64.34,60.87,73.28,77.5,57.13,187.37,171.34,196.16,158.36,202.74,88865.4,59.2,162.8,66.62,183.19
26,093,26093,Michigan,Livingston,193974.0,195367.0,196097.0,196731.0,196886.0,62.0,71.0,64.0,82.0,94.0,423.0,359.0,371.0,420.0,420.0,31.96,36.34,32.64,41.68,47.74,218.07,183.76,189.19,213.49,213.32,195811.0,74.6,398.6,38.07,203.57
26,099,26099,Michigan,Macomb,880240.0,877873.0,875065.0,877396.0,882497.0,287.0,345.0,197.0,262.0,229.0,848.0,772.0,902.0,990.0,837.0,32.6,39.3,22.51,29.86,25.95,96.34,87.94,103.08,112.83,94.84,878614.2,264.0,869.8,30.04,99.01
26,111,26111,Michigan,Midland,83488.0,83509.0,83721.0,83915.0,83768.0,37.0,77.0,40.0,62.0,63.0,208.0,277.0,218.0,172.0,170.0,44.32,92.21,47.78,73.88,75.21,249.14,331.7,260.39,204.97,202.94,83680.2,55.8,209.0,66.68,249.83
26,117,26117,Michigan,Montcalm,66659.0,67386.0,67287.0,68302.0,69072.0,17.0,56.0,85.0,79.0,69.0,104.0,237.0,265.0,193.0,153.0,25.5,83.1,126.32,115.66,99.9,156.02,351.71,393.84,282.57,221.51,67741.2,61.2,190.4,90.1,281.13
26,125,26125,Michigan,Oakland,1272524.0,1273070.0,1272787.0,1274993.0,1282549.0,25.0,16.0,16.0,27.0,27.0,23.0,31.0,23.0,41.0,60.0,1.96,1.26,1.26,2.12,2.11,1.81,2.44,1.81,3.22,4.68,1275184.6,22.2,35.6,1.74,2.79
26,139,26139,Michigan,Ottawa,296893.0,298369.0,300837.0,303565.0,306190.0,586.0,589.0,598.0,570.0,524.0,1921.0,1847.0,1953.0,1922.0,1714.0,197.38,197.41,198.78,187.77,171.14,647.03,619.03,649.19,633.14,559.78,301170.8,573.4,1871.4,190.5,621.63
26,145,26145,Michigan,Saginaw,189853.0,189479.0,188392.0,187758.0,,79.0,126.0,116.0,96.0,,370.0,353.0,354.0,385.0,,41.61,66.5,61.57,51.13,,194.89,186.3,187.91,205.05,,188870.5,104.25,365.5,55.2,193.54
26,155,26155,Michigan,Shiawassee,67990.0,67989.0,,67916.0,67828.0,19.0,19.0,,30.0,36.0,128.0,124.0,,194.0,161.0,27.95,27.95,,44.17,53.08,188.26,182.38,,285.65,237.37,67930.75,26.0,151.75,38.29,223.42
26,147,26147,Michigan,St. Clair,160386.0,160268.0,159886.0,160279.0,160304.0,138.0,157.0,164.0,183.0,161.0,580.0,497.0,538.0,476.0,418.0,86.04,97.96,102.57,114.18,100.43,361.63,310.11,336.49,296.98,260.75,160224.6,160.6,501.8,100.24,313.19
26,161,26161,Michigan,Washtenaw,371814.0,364941.0,367307.0,367845.0,368956.0,703.0,665.0,693.0,632.0,639.0,1276.0,1247.0,1248.0,1223.0,1057.0,189.07,182.22,188.67,171.81,173.19,343.18,341.7,339.77,332.48,286.48,368172.6,666.4,1210.2,180.99,328.72
26,163,26163,Michigan,Wayne,1789634.0,1775403.0,1761595.0,1758381.0,1765534.0,12.0,11.0,10.0,21.0,63.0,0.0,1.0,0.0,0.0,0.0,0.67,0.62,0.57,1.19,3.57,0.0,0.06,0.0,0.0,0.0,1770109.4,23.4,0.2,1.32,0.01
26,001,26001,Michigan,Alcona,10184.0,10290.0,10382.0,10502.0,10551.0,16.0,11.0,13.0,9.0,11.0,86.0,66.0,67.0,60.0,58.0,157.11,106.9,125.22,85.7,104.26,844.46,641.4,645.35,571.32,549.71,10381.8,12.0,67.4,115.84,650.45
26,003,26003,Michigan,Alger,8845.0,8777.0,8782.0,8753.0,8707.0,2.0,3.0,1.0,5.0,2.0,7.0,7.0,19.0,4.0,5.0,22.61,34.18,11.39,57.12,22.97,79.14,79.75,216.35,45.7,57.43,8772.8,2.6,8.4,29.65,95.67
26,005,26005,Michigan,Allegan,120666.0,121082.0,121299.0,121935.0,122567.0,94.0,91.0,103.0,83.0,84.0,660.0,573.0,571.0,590.0,594.0,77.9,75.16,84.91,68.07,68.53,546.96,473.23,470.74,483.86,484.63,121509.8,91.0,597.6,74.91,491.88
26,007,26007,Michigan,Alpena,28891.0,28953.0,28827.0,28868.0,28883.0,14.0,4.0,5.0,11.0,22.0,47.0,27.0,24.0,48.0,60.0,48.46,13.82,17.34,38.1,76.17,162.68,93.25,83.26,166.27,207.73,28884.4,11.2,41.2,38.78,142.64
26,009,26009,Michigan,Antrim,23457.0,23879.0,24285.0,,,36.0,26.0,41.0,,,161.0,90.0,105.0,,,153.47,108.88,168.83,,,686.36,376.9,432.37,,,23873.67,34.33,118.67,143.73,498.54
26,011,26011,Michigan,Arenac,14998.0,15012.0,15100.0,15131.0,15059.0,46.0,32.0,31.0,33.0,36.0,97.0,80.0,92.0,61.0,70.0,306.71,213.16,205.3,218.1,239.06,646.75,532.91,609.27,403.15,464.84,15060.0,35.6,80.0,236.47,531.38
26,013,26013,Michigan,Baraga,8143.0,8229.0,8184.0,8219.0,,2.0,3.0,3.0,4.0,,14.0,4.0,16.0,7.0,,24.56,36.46,36.66,48.67,,171.93,48.61,195.5,85.17,,8193.75,3.0,10.25,36.59,125.3
26,015,26015,Michigan,Barry,62599.0,63133.0,,,64009.0,46.0,76.0,,,55.0,292.0,315.0,,,280.0,73.48,120.38,,,85.93,466.46,498.95,,,437.44,63247.0,59.0,295.67,93.26,467.62
26,019,26019,Michigan,Benzie,18002.0,18245.0,18340.0,18452.0,18492.0,28.0,16.0,13.0,31.0,45.0,64.0,46.0,91.0,64.0,51.0,155.54,87.7,70.88,168.0,243.35,355.52,252.12,496.18,346.85,275.79,18306.2,26.6,63.2,145.09,345.29
26,023,26023,Michigan,Branch,44877.0,45214.0,44613.0,45603.0,,13.0,25.0,23.0,23.0,,106.0,161.0,174.0,186.0,,28.97,55.29,51.55,50.44,,236.2,356.08,390.02,407.87,,45076.75,21.0,156.75,46.56,347.54
26,029,26029,Michigan,Charlevoix,26042.0,26201.0,26121.0,26096.0,26123.0,33.0,18.0,23.0,38.0,33.0,77.0,60.0,58.0,54.0,37.0,126.72,68.7,88.05,145.62,126.33,295.68,229.0,222.04,206.93,141.64,26116.6,29.0,57.2,111.08,219.06
26,031,26031,Michigan,Cheboygan,25575.0,25732.0,25927.0,26043.0,25892.0,24.0,19.0,26.0,16.0,20.0,24.0,26.0,31.0,20.0,21.0,93.84,73.84,100.28,61.44,77.24,93.84,101.04,119.57,76.8,81.11,25833.8,21.0,24.4,81.33,94.47
26,033,26033,Michigan,Chippewa,36793.0,35852.0,36204.0,36276.0,36109.0,14.0,6.0,12.0,12.0,14.0,23.0,6.0,16.0,8.0,10.0,38.05,16.74,33.15,33.08,38.77,62.51,16.74,44.19,22.05,27.69,36246.8,11.6,12.6,31.96,34.64
26,035,26035,Michigan,Clare,30837.0,31141.0,31307.0,31380.0,,66.0,76.0,41.0,69.0,,301.0,387.0,95.0,322.0,,214.03,244.05,130.96,219.89,,976.1,1242.73,303.45,1026.13,,31166.25,63.0,276.25,202.23,887.1
26,039,26039,Michigan,Crawford,12986.0,13278.0,13439.0,13545.0,13606.0,31.0,35.0,29.0,28.0,26.0,55.0,62.0,57.0,46.0,20.0,238.72,263.59,215.79,206.72,191.09,423.53,466.94,424.14,339.61,146.99,13370.8,29.8,48.0,223.18,360.24
26,041,26041,Michigan,Delta,36877.0,36839.0,36814.0,36820.0,36713.0,4.0,15.0,4.0,11.0,10.0,48.0,38.0,39.0,29.0,17.0,10.85,40.72,10.87,29.88,27.24,130.16,103.15,105.94,78.76,46.31,36812.6,8.8,34.2,23.91,92.86
26,043,26043,Michigan,Dickinson,25896.0,,,,,0.0,,,,,0.0,,,,,0.0,,,,,0.0,,,,,25896.0,0.0,0.0,0.0,0.0
26,047,26047,Michigan,Emmet,34112.0,34301.0,34195.0,34028.0,33947.0,25.0,42.0,60.0,36.0,26.0,74.0,69.0,79.0,47.0,67.0,73.29,122.45,175.46,105.8,76.59,216.93,201.16,231.03,138.12,197.37,34116.6,37.8,67.2,110.72,196.92
26,051,26051,Michigan,Gladwin,25371.0,25469.0,25653.0,25924.0,25945.0,35.0,44.0,37.0,44.0,35.0,152.0,129.0,130.0,83.0,69.0,137.95,172.76,144.23,169.73,134.9,599.11,506.5,506.76,320.17,265.95,25672.4,39.0,112.6,151.91,439.7
26,053,26053,Michigan,Gogebic,14349.0,14382.0,14404.0,14271.0,14253.0,12.0,11.0,9.0,5.0,4.0,38.0,18.0,8.0,18.0,5.0,83.63,76.48,62.48,35.04,28.06,264.83,125.16,55.54,126.13,35.08,14331.8,8.2,17.4,57.14,121.35
26,055,26055,Michigan,Grand Traverse,95428.0,96007.0,96330.0,96375.0,,132.0,191.0,180.0,129.0,,446.0,399.0,419.0,374.0,,138.32,198.94,186.86,133.85,,467.37,415.59,434.96,388.07,,96035.0,158.0,409.5,164.49,426.5
26,057,26057,Michigan,Gratiot,41657.0,41284.0,41130.0,41422.0,41362.0,53.0,31.0,34.0,44.0,29.0,228.0,228.0,293.0,260.0,157.0,127.23,75.09,82.66,106.22,70.11,547.33,552.27,712.38,627.69,379.58,41371.0,38.2,233.2,92.26,563.85
26,059,26059,Michigan,Hillsdale,45740.0,45647.0,45732.0,45643.0,45694.0,90.0,61.0,67.0,45.0,29.0,180.0,136.0,204.0,165.0,139.0,196.76,133.63,146.51,98.59,63.47,393.53,297.94,446.08,361.5,304.2,45691.2,58.4,164.8,127.79,360.65
26,061,26061,Michigan,Houghton,37256.0,37548.0,37728.0,37671.0,37703.0,0.0,15.0,18.0,17.0,13.0,10.0,53.0,55.0,15.0,29.0,0.0,39.95,47.71,45.13,34.48,26.84,141.15,145.78,39.82,76.92,37581.2,12.6,32.4,33.45,86.1
26,063,26063,Michigan,Huron,31378.0,31332.0,31153.0,30944.0,30741.0,29.0,28.0,17.0,25.0,13.0,103.0,76.0,85.0,66.0,48.0,92.42,89.37,54.57,80.79,42.29,328.26,242.56,272.85,213.29,156.14,31109.6,22.4,75.6,71.89,242.62
26,069,26069,Michigan,Iosco,25189.0,25360.0,25451.0,25404.0,25425.0,0.0,0.0,0.0,3.0,1.0,7.0,0.0,0.0,5.0,4.0,0.0,0.0,0.0,11.81,3.93,27.79,0.0,0.0,19.68,15.73,25365.8,0.8,3.2,3.15,12.64
26,071,26071,Michigan,Iron,11630.0,,,,,0.0,,,,,0.0,,,,,0.0,,,,,0.0,,,,,11630.0,0.0,0.0,0.0,0.0
26,073,26073,Michigan,Isabella,64518.0,64257.0,64486.0,64390.0,64873.0,57.0,54.0,74.0,51.0,39.0,287.0,333.0,411.0,318.0,177.0,88.35,84.04,114.75,79.2,60.12,444.84,518.23,637.35,493.87,272.84,64504.8,55.0,305.2,85.29,473.43
26,079,26079,Michigan,Kalkaska,17924.0,17988.0,18214.0,,18640.0,56.0,31.0,69.0,,59.0,87.0,85.0,128.0,,181.0,312.43,172.34,378.83,,316.52,485.38,472.54,702.76,,971.03,18191.5,53.75,120.25,295.03,657.93
26,083,26083,Michigan,Keweenaw,2059.0,2107.0,2150.0,2181.0,,2.0,0.0,1.0,1.0,,18.0,14.0,10.0,6.0,,97.13,0.0,46.51,45.85,,874.21,664.45,465.12,275.1,,2124.25,1.0,12.0,47.37,569.72
26,085,26085,Michigan,Lake,12086.0,,,,,56.0,,,,,262.0,,,,,463.35,,,,,2167.8,,,,,12086.0,56.0,262.0,463.35,2167.8
26,089,26089,Michigan,Leelanau,22312.0,22633.0,22893.0,22951.0,22849.0,0.0,24.0,22.0,11.0,19.0,0.0,50.0,62.0,60.0,43.0,0.0,106.04,96.1,47.93,83.15,0.0,220.92,270.83,261.43,188.19,22727.6,15.2,43.0,66.64,188.27
26,091,26091,Michigan,Lenawee,99348.0,99181.0,98296.0,97710.0,97825.0,36.0,65.0,52.0,58.0,50.0,196.0,184.0,216.0,148.0,179.0,36.24,65.54,52.9,59.36,51.11,197.29,185.52,219.74,151.47,182.98,98472.0,52.2,184.6,53.03,187.4
26,095,26095,Michigan,Luce,6411.0,5982.0,6257.0,6401.0,6368.0,7.0,12.0,16.0,8.0,9.0,53.0,55.0,48.0,45.0,37.0,109.19,200.6,255.71,124.98,141.33,826.7,919.42,767.14,703.02,581.03,6283.8,10.4,47.6,166.36,759.46
26,097,26097,Michigan,Mackinac,10821.0,10919.0,10981.0,10922.0,11103.0,5.0,15.0,6.0,7.0,4.0,90.0,93.0,58.0,48.0,65.0,46.21,137.38,54.64,64.09,36.03,831.72,851.73,528.19,439.48,585.43,10949.2,7.4,70.8,67.67,647.31
26,101,26101,Michigan,Manistee,25070.0,25344.0,25331.0,25516.0,25575.0,26.0,16.0,23.0,19.0,25.0,98.0,138.0,123.0,87.0,64.0,103.71,63.13,90.8,74.46,97.75,390.91,544.51,485.57,340.96,250.24,25367.2,21.8,102.0,85.97,402.44
26,103,26103,Michigan,Marquette,66542.0,66353.0,67062.0,67556.0,67816.0,18.0,34.0,8.0,27.0,27.0,125.0,122.0,102.0,87.0,120.0,27.05,51.24,11.93,39.97,39.81,187.85,183.87,152.1,128.78,176.95,67065.8,22.8,111.2,34.0,165.91
26,105,26105,Michigan,Mason,29033.0,29344.0,29341.0,29144.0,29063.0,43.0,31.0,32.0,36.0,33.0,114.0,104.0,101.0,128.0,113.0,148.11,105.64,109.06,123.52,113.55,392.66,354.42,344.23,439.2,388.81,29185.0,35.0,112.0,119.98,383.86
26,107,26107,Michigan,Mecosta,40414.0,40674.0,,,41932.0,72.0,13.0,,,100.0,245.0,43.0,,,248.0,178.16,31.96,,,238.48,606.23,105.72,,,591.43,41006.67,61.67,178.67,149.53,434.46
26,109,26109,Michigan,Menominee,23454.0,,,,,3.0,,,,,14.0,,,,,12.79,,,,,59.69,,,,,23454.0,3.0,14.0,12.79,59.69
26,113,26113,Michigan,Missaukee,15067.0,15174.0,15223.0,15310.0,15196.0,15.0,32.0,26.0,36.0,29.0,117.0,112.0,93.0,85.0,81.0,99.56,210.89,170.79,235.14,190.84,776.53,738.1,610.92,555.19,533.04,15194.0,27.6,97.6,181.44,642.76
26,119,26119,Michigan,Montmorency,9169.0,9307.0,9562.0,9698.0,9787.0,4.0,6.0,17.0,5.0,2.0,11.0,12.0,27.0,20.0,10.0,43.63,64.47,177.79,51.56,20.44,119.97,128.94,282.37,206.23,102.18,9504.6,6.8,16.0,71.58,167.94
26,123,26123,Michigan,Newaygo,50091.0,50402.0,,,,64.0,11.0,,,,176.0,43.0,,,,127.77,21.82,,,,351.36,85.31,,,,50246.5,37.5,109.5,74.8,218.34
26,127,26127,Michigan,Oceana,26717.0,26867.0,26933.0,26976.0,26957.0,58.0,62.0,48.0,50.0,56.0,192.0,184.0,209.0,164.0,136.0,217.09,230.77,178.22,185.35,207.74,718.64,684.86,776.0,607.95,504.51,26890.0,54.8,177.0,203.83,658.39
26,129,26129,Michigan,Ogemaw,20781.0,20785.0,20884.0,21033.0,21042.0,9.0,7.0,29.0,19.0,16.0,110.0,84.0,142.0,93.0,76.0,43.31,33.68,138.86,90.33,76.04,529.33,404.14,679.95,442.16,361.18,20905.0,16.0,101.0,76.44,483.35
26,131,26131,Michigan,Ontonagon,5799.0,5868.0,5889.0,5880.0,5866.0,3.0,7.0,1.0,3.0,1.0,11.0,17.0,10.0,3.0,3.0,51.73,119.29,16.98,51.02,17.05,189.69,289.71,169.81,51.02,51.14,5860.4,3.0,8.8,51.21,150.27
26,133,26133,Michigan,Osceola,22906.0,,,,23571.0,9.0,,,,35.0,20.0,,,,108.0,39.29,,,,148.49,87.31,,,,458.19,23238.5,22.0,64.0,93.89,272.75
26,135,26135,Michigan,Oscoda,8230.0,8314.0,8389.0,8564.0,8629.0,22.0,12.0,16.0,19.0,18.0,53.0,51.0,48.0,37.0,35.0,267.31,144.33,190.73,221.86,208.6,643.99,613.42,572.18,432.04,405.61,8425.2,17.4,44.8,206.57,533.45
26,137,26137,Michigan,Otsego,25137.0,25342.0,25582.0,25811.0,26117.0,4.0,7.0,5.0,12.0,17.0,24.0,15.0,8.0,18.0,35.0,15.91,27.62,19.54,46.49,65.09,95.48,59.19,31.27,69.74,134.01,25597.8,9.0,20.0,34.93,77.94
26,141,26141,Michigan,Presque Isle,13001.0,13176.0,13351.0,13258.0,13220.0,11.0,5.0,10.0,7.0,5.0,22.0,15.0,13.0,21.0,22.0,84.61,37.95,74.9,52.8,37.82,169.22,113.84,97.37,158.39,166.41,13201.2,7.6,18.6,57.62,141.05
26,151,26151,Michigan,Sanilac,40499.0,40536.0,40506.0,40389.0,40238.0,37.0,25.0,34.0,52.0,53.0,73.0,76.0,113.0,55.0,58.0,91.36,61.67,83.94,128.75,131.72,180.25,187.49,278.97,136.18,144.14,40433.6,40.2,75.0,99.49,185.41
26,153,26153,Michigan,Schoolcraft,8049.0,8037.0,8166.0,8149.0,,0.0,0.0,1.0,0.0,,2.0,1.0,2.0,1.0,,0.0,0.0,12.25,0.0,,24.85,12.44,24.49,12.27,,8100.25,0.25,1.5,3.06,18.51
26,149,26149,Michigan,St. Joseph,60923.0,60849.0,60777.0,60953.0,61023.0,82.0,81.0,88.0,66.0,78.0,242.0,278.0,245.0,137.0,212.0,134.6,133.12,144.79,108.28,127.82,397.22,456.87,403.11,224.76,347.41,60905.0,79.0,222.8,129.72,365.87
26,157,26157,Michigan,Tuscola,53324.0,53065.0,52933.0,52880.0,52823.0,57.0,54.0,49.0,54.0,64.0,135.0,121.0,185.0,139.0,110.0,106.89,101.76,92.57,102.12,121.16,253.17,228.02,349.5,262.86,208.24,53005.0,55.6,138.0,104.9,260.36
26,159,26159,Michigan,Van Buren,75574.0,75712.0,,,,69.0,102.0,,,,252.0,323.0,,,,91.3,134.72,,,,333.45,426.62,,,,75643.0,85.5,287.5,113.01,380.04
27,003,27003,Minnesota,Anoka,364474.0,367557.0,369468.0,373182.0,377855.0,71.0,55.0,48.0,45.0,58.0,838.0,659.0,599.0,528.0,462.0,19.48,14.96,12.99,12.06,15.35,229.92,179.29,162.13,141.49,122.27,370507.2,55.4,617.2,14.97,167.02
27,009,27009,Minnesota,Benton,41355.0,41545.0,41533.0,41580.0,41769.0,17.0,10.0,11.0,17.0,14.0,127.0,120.0,107.0,79.0,49.0,41.11,24.07,26.48,40.89,33.52,307.1,288.84,257.63,190.0,117.31,41556.4,13.8,96.4,33.21,232.18
27,013,27013,Minnesota,Blue Earth,69202.0,69387.0,70108.0,70328.0,70200.0,33.0,30.0,19.0,19.0,22.0,93.0,128.0,102.0,84.0,79.0,47.69,43.24,27.1,27.02,31.34,134.39,184.47,145.49,119.44,112.54,69845.0,24.6,97.2,35.28,139.27
27,017,27017,Minnesota,Carlton,36190.0,36455.0,36738.0,36694.0,36725.0,13.0,23.0,26.0,25.0,25.0,139.0,168.0,135.0,106.0,91.0,35.92,63.09,70.77,68.13,68.07,384.08,460.84,367.47,288.88,247.79,36560.4,22.4,127.8,61.2,349.81
27,019,27019,Minnesota,Carver,107308.0,108911.0,110174.0,111076.0,112595.0,42.0,40.0,44.0,55.0,60.0,616.0,610.0,445.0,342.0,330.0,39.14,36.73,39.94,49.52,53.29,574.05,560.09,403.91,307.9,293.09,110012.8,48.2,468.6,43.72,427.81
27,025,27025,Minnesota,Chisago,56723.0,57577.0,57998.0,58647.0,58947.0,27.0,43.0,29.0,47.0,27.0,145.0,264.0,195.0,122.0,94.0,47.6,74.68,50.0,80.14,45.8,255.63,458.52,336.22,208.02,159.47,57978.4,34.6,164.0,59.64,283.57
27,027,27027,Minnesota,Clay,65358.0,65675.0,66133.0,66581.0,67339.0,13.0,14.0,4.0,11.0,4.0,83.0,75.0,30.0,37.0,51.0,19.89,21.32,6.05,16.52,5.94,126.99,114.2,45.36,55.57,75.74,66217.2,9.2,55.2,13.94,83.57
27,037,27037,Minnesota,Dakota,440419.0,442829.0,444023.0,448612.0,453755.0,17.0,14.0,27.0,8.0,15.0,39.0,33.0,28.0,1.0,12.0,3.86,3.16,6.08,1.78,3.31,8.86,7.45,6.31,0.22,2.64,445927.6,16.2,22.6,3.64,5.1
27,039,27039,Minnesota,Dodge,20895.0,20969.0,21044.0,21141.0,21281.0,13.0,13.0,5.0,15.0,13.0,113.0,124.0,42.0,64.0,44.0,62.22,62.0,23.76,70.95,61.09,540.8,591.35,199.58,302.73,206.76,21066.0,11.8,77.4,56.0,368.24
27,045,27045,Minnesota,Fillmore,21235.0,21333.0,21467.0,21497.0,21488.0,4.0,4.0,8.0,7.0,8.0,46.0,94.0,53.0,47.0,8.0,18.84,18.75,37.27,32.56,37.23,216.62,440.63,246.89,218.64,37.23,21404.0,6.2,49.6,28.93,232.0
27,053,27053,Minnesota,Hennepin,1281663.0,1267341.0,1262045.0,1263745.0,1277084.0,40.0,36.0,30.0,31.0,46.0,45.0,31.0,18.0,19.0,16.0,3.12,2.84,2.38,2.45,3.6,3.51,2.45,1.43,1.5,1.25,1270375.6,36.6,25.8,2.88,2.03
27,055,27055,Minnesota,Houston,18843.0,18822.0,18740.0,18682.0,18535.0,3.0,4.0,5.0,2.0,6.0,27.0,30.0,28.0,44.0,51.0,15.92,21.25,26.68,10.71,32.37,143.29,159.39,149.41,235.52,275.16,18724.4,4.0,36.0,21.39,192.55
27,059,27059,Minnesota,Isanti,41385.0,41955.0,42709.0,43198.0,43657.0,33.0,28.0,18.0,30.0,21.0,281.0,207.0,187.0,124.0,106.0,79.74,66.74,42.15,69.45,48.1,678.99,493.39,437.85,287.05,242.8,42580.8,26.0,181.0,61.24,428.02
27,075,27075,Minnesota,Lake,10923.0,11020.0,10933.0,10884.0,10754.0,2.0,5.0,7.0,3.0,2.0,48.0,22.0,23.0,17.0,8.0,18.31,45.37,64.03,27.56,18.6,439.44,199.64,210.37,156.19,74.39,10902.8,3.8,23.6,34.77,216.01
27,079,27079,Minnesota,Le Sueur,28633.0,28902.0,29175.0,29289.0,29433.0,16.0,3.0,10.0,3.0,5.0,83.0,114.0,77.0,47.0,34.0,55.88,10.38,34.28,10.24,16.99,289.88,394.44,263.92,160.47,115.52,29086.4,7.4,71.0,25.55,244.85
27,095,27095,Minnesota,Mille Lacs,26475.0,26919.0,27287.0,27466.0,27680.0,30.0,47.0,33.0,71.0,47.0,278.0,288.0,197.0,195.0,148.0,113.31,174.6,120.94,258.5,169.8,1050.05,1069.88,721.96,709.97,534.68,27165.4,45.6,221.2,167.43,817.31
27,103,27103,Minnesota,Nicollet,34504.0,34370.0,34500.0,34021.0,34239.0,2.0,6.0,1.0,3.0,4.0,59.0,67.0,43.0,29.0,6.0,5.8,17.46,2.9,8.82,11.68,170.99,194.94,124.64,85.24,17.52,34326.8,3.2,40.8,9.33,118.67
27,109,27109,Minnesota,Olmsted,163055.0,163717.0,163908.0,164841.0,165777.0,65.0,55.0,30.0,29.0,25.0,321.0,274.0,240.0,178.0,150.0,39.86,33.59,18.3,17.59,15.08,196.87,167.36,146.42,107.98,90.48,164259.6,40.8,232.6,24.88,141.82
27,119,27119,Minnesota,Polk,31099.0,30861.0,30815.0,30563.0,30683.0,14.0,18.0,23.0,10.0,18.0,103.0,104.0,83.0,52.0,35.0,45.02,58.33,74.64,32.72,58.66,331.2,336.99,269.35,170.14,114.07,30804.2,16.6,75.4,53.87,244.35
27,123,27123,Minnesota,Ramsey,551733.0,543343.0,538375.0,537716.0,540713.0,128.0,215.0,193.0,183.0,169.0,1493.0,1622.0,1440.0,949.0,892.0,23.2,39.57,35.85,34.03,31.26,270.6,298.52,267.47,176.49,164.97,542376.0,177.6,1279.2,32.78,235.61
27,139,27139,Minnesota,Scott,151361.0,153494.0,154819.0,156145.0,157454.0,17.0,8.0,10.0,11.0,8.0,136.0,180.0,90.0,50.0,35.0,11.23,5.21,6.46,7.04,5.08,89.85,117.27,58.13,32.02,22.23,154654.6,10.8,98.2,7.0,63.9
27,141,27141,Minnesota,Sherburne,97588.0,99225.0,100972.0,102388.0,103156.0,43.0,28.0,31.0,32.0,26.0,284.0,263.0,218.0,234.0,147.0,44.06,28.22,30.7,31.25,25.2,291.02,265.05,215.9,228.54,142.5,100665.8,32.0,229.2,31.89,228.6
27,145,27145,Minnesota,Stearns,158456.0,159112.0,160119.0,161805.0,163113.0,21.0,45.0,33.0,36.0,35.0,221.0,244.0,169.0,157.0,96.0,13.25,28.28,20.61,22.25,21.46,139.47,153.35,105.55,97.03,58.85,160521.0,34.0,177.4,21.17,110.85
27,137,27137,Minnesota,St. Louis,200067.0,199340.0,200567.0,200669.0,200630.0,105.0,83.0,92.0,82.0,68.0,514.0,591.0,502.0,446.0,434.0,52.48,41.64,45.87,40.86,33.89,256.91,296.48,250.29,222.26,216.32,200254.6,86.0,497.4,42.95,248.45
27,157,27157,Minnesota,Wabasha,21394.0,21508.0,21650.0,21664.0,21554.0,4.0,3.0,4.0,2.0,4.0,18.0,29.0,26.0,33.0,11.0,18.7,13.95,18.48,9.23,18.56,84.14,134.83,120.09,152.33,51.03,21554.0,3.4,23.4,15.78,108.48
27,163,27163,Minnesota,Washington,268397.0,272698.0,276249.0,278890.0,282994.0,51.0,85.0,84.0,56.0,63.0,785.0,786.0,562.0,411.0,397.0,19.0,31.17,30.41,20.08,22.26,292.48,288.23,203.44,147.37,140.29,275845.6,67.8,588.2,24.58,214.36
27,171,27171,Minnesota,Wright,141876.0,145245.0,148220.0,151374.0,154612.0,91.0,114.0,77.0,88.0,66.0,1098.0,742.0,527.0,514.0,546.0,64.14,78.49,51.95,58.13,42.69,773.92,510.86,355.55,339.56,353.14,148265.4,87.2,685.4,59.08,466.61
27,001,27001,Minnesota,Aitkin,15708.0,15954.0,16148.0,16131.0,16283.0,23.0,13.0,22.0,10.0,12.0,247.0,166.0,201.0,111.0,183.0,146.42,81.48,136.24,61.99,73.7,1572.45,1040.49,1244.74,688.12,1123.87,16044.8,16.0,181.6,99.97,1133.93
27,005,27005,Minnesota,Becker,35184.0,35322.0,35355.0,35282.0,35385.0,24.0,34.0,47.0,32.0,36.0,120.0,109.0,108.0,87.0,88.0,68.21,96.26,132.94,90.7,101.74,341.06,308.59,305.47,246.58,248.69,35305.6,34.6,102.4,97.97,290.08
27,007,27007,Minnesota,Beltrami,46232.0,46473.0,46687.0,46570.0,46779.0,52.0,66.0,52.0,51.0,48.0,312.0,297.0,203.0,208.0,155.0,112.48,142.02,111.38,109.51,102.61,674.86,639.08,434.81,446.64,331.35,46548.2,53.8,235.0,115.6,505.35
27,011,27011,Minnesota,Big Stone,5158.0,5167.0,5144.0,5098.0,5079.0,3.0,2.0,8.0,7.0,7.0,49.0,28.0,32.0,28.0,53.0,58.16,38.71,155.52,137.31,137.82,949.98,541.9,622.08,549.23,1043.51,5129.2,5.4,38.0,105.5,741.34
27,015,27015,Minnesota,Brown,25908.0,25904.0,25703.0,25628.0,25571.0,4.0,3.0,1.0,2.0,5.0,33.0,48.0,17.0,16.0,29.0,15.44,11.58,3.89,7.8,19.55,127.37,185.3,66.14,62.43,113.41,25742.8,3.0,28.6,11.65,110.93
27,021,27021,Minnesota,Cass,30152.0,30660.0,31246.0,31344.0,31424.0,36.0,46.0,48.0,31.0,61.0,511.0,312.0,111.0,49.0,91.0,119.4,150.03,153.62,98.9,194.12,1694.75,1017.61,355.25,156.33,289.59,30965.2,44.4,214.8,143.21,702.71
27,023,27023,Minnesota,Chippewa,12606.0,,12358.0,12313.0,12394.0,0.0,,0.0,2.0,1.0,4.0,,1.0,1.0,0.0,0.0,,0.0,16.24,8.07,31.73,,8.09,8.12,0.0,12417.75,0.75,1.5,6.08,11.98
27,029,27029,Minnesota,Clearwater,8565.0,8572.0,8638.0,8698.0,8655.0,13.0,4.0,9.0,8.0,10.0,42.0,55.0,7.0,20.0,9.0,151.78,46.66,104.19,91.98,115.54,490.37,641.62,81.04,229.94,103.99,8625.6,8.8,26.6,102.03,309.39
27,031,27031,Minnesota,Cook,5598.0,5626.0,5718.0,5620.0,5537.0,18.0,16.0,15.0,11.0,4.0,68.0,41.0,61.0,51.0,35.0,321.54,284.39,262.33,195.73,72.24,1214.72,728.76,1066.81,907.47,632.11,5619.8,12.8,51.2,227.25,909.97
27,035,27035,Minnesota,Crow Wing,66284.0,67380.0,67877.0,68339.0,68667.0,44.0,34.0,27.0,38.0,33.0,273.0,193.0,152.0,92.0,100.0,66.38,50.46,39.78,55.61,48.06,411.86,286.44,223.93,134.62,145.63,67709.4,35.2,162.0,52.06,240.5
27,041,27041,Minnesota,Douglas,39095.0,39312.0,39662.0,39873.0,39953.0,16.0,17.0,6.0,11.0,19.0,184.0,151.0,32.0,57.0,95.0,40.93,43.24,15.13,27.59,47.56,470.65,384.11,80.68,142.95,237.78,39579.0,13.8,103.8,34.89,263.23
27,043,27043,Minnesota,Faribault,13899.0,,13959.0,13936.0,13906.0,5.0,,3.0,14.0,26.0,27.0,,20.0,15.0,13.0,35.97,,21.49,100.46,186.97,194.26,,143.28,107.63,93.48,13925.0,12.0,18.75,86.22,134.66
27,047,27047,Minnesota,Freeborn,30899.0,30815.0,30696.0,30469.0,30430.0,10.0,12.0,10.0,8.0,5.0,117.0,197.0,82.0,95.0,91.0,32.36,38.94,32.58,26.26,16.43,378.65,639.3,267.14,311.79,299.05,30661.8,9.0,116.4,29.31,379.19
27,049,27049,Minnesota,Goodhue,47594.0,48091.0,48103.0,48168.0,48149.0,12.0,4.0,13.0,18.0,21.0,223.0,144.0,178.0,106.0,114.0,25.21,8.32,27.03,37.37,43.61,468.55,299.43,370.04,220.06,236.77,48021.0,13.6,153.0,28.31,318.97
27,051,27051,Minnesota,Grant,6093.0,6146.0,6147.0,,6139.0,2.0,3.0,3.0,,9.0,4.0,1.0,1.0,,3.0,32.82,48.81,48.8,,146.6,65.65,16.27,16.27,,48.87,6131.25,4.25,2.25,69.26,36.76
27,057,27057,Minnesota,Hubbard,21395.0,21747.0,21919.0,22062.0,22115.0,24.0,30.0,28.0,28.0,39.0,174.0,137.0,111.0,65.0,77.0,112.18,137.95,127.74,126.92,176.35,813.27,629.97,506.41,294.62,348.18,21847.6,29.8,112.8,136.23,518.49
27,061,27061,Minnesota,Itasca,45022.0,45112.0,45296.0,45487.0,45452.0,32.0,55.0,50.0,26.0,47.0,157.0,114.0,111.0,68.0,85.0,71.08,121.92,110.39,57.16,103.41,348.72,252.7,245.05,149.49,187.01,45273.8,42.0,107.0,92.79,236.59
27,063,27063,Minnesota,Jackson,9990.0,10005.0,9900.0,9898.0,9873.0,4.0,7.0,5.0,13.0,6.0,30.0,22.0,20.0,22.0,38.0,40.04,69.97,50.51,131.34,60.77,300.3,219.89,202.02,222.27,384.89,9933.2,7.0,26.4,70.53,265.87
27,065,27065,Minnesota,Kanabec,16054.0,16177.0,16465.0,16650.0,16624.0,6.0,12.0,17.0,15.0,18.0,96.0,69.0,84.0,158.0,113.0,37.37,74.18,103.25,90.09,108.28,597.98,426.53,510.17,948.95,679.74,16394.0,13.6,104.0,82.63,632.67
27,067,27067,Minnesota,Kandiyohi,43727.0,43813.0,44016.0,44387.0,44774.0,17.0,29.0,36.0,21.0,33.0,202.0,201.0,149.0,141.0,134.0,38.88,66.19,81.79,47.31,73.7,461.96,458.77,338.51,317.66,299.28,44143.4,27.2,165.4,61.57,375.24
27,069,27069,Minnesota,Kittson,4187.0,4157.0,4054.0,4036.0,4029.0,1.0,2.0,2.0,3.0,2.0,0.0,6.0,9.0,7.0,9.0,23.88,48.11,49.33,74.33,49.64,0.0,144.33,222.0,173.44,223.38,4092.6,2.0,6.2,49.06,152.63
27,071,27071,Minnesota,Koochiching,12027.0,11946.0,11847.0,11744.0,11594.0,2.0,10.0,18.0,10.0,6.0,34.0,45.0,28.0,17.0,12.0,16.63,83.71,151.94,85.15,51.75,282.7,376.7,236.35,144.75,103.5,11831.6,9.2,27.2,77.84,228.8
27,077,27077,Minnesota,Lake of the Woods,3770.0,,,,,1.0,,,,,2.0,,,,,26.53,,,,,53.05,,,,,3770.0,1.0,2.0,26.53,53.05
27,081,27081,Minnesota,Lincoln,5623.0,5576.0,5606.0,5584.0,5591.0,4.0,5.0,1.0,1.0,1.0,4.0,9.0,4.0,5.0,2.0,71.14,89.67,17.84,17.91,17.89,71.14,161.41,71.35,89.54,35.77,5596.0,2.4,4.8,42.89,85.84
27,083,27083,Minnesota,Lyon,25429.0,25500.0,25521.0,25587.0,25785.0,14.0,11.0,8.0,13.0,7.0,34.0,41.0,31.0,29.0,33.0,55.06,43.14,31.35,50.81,27.15,133.71,160.78,121.47,113.34,127.98,25564.4,10.6,33.6,41.5,131.46
27,089,27089,Minnesota,Marshall,9025.0,8998.0,8873.0,8828.0,8788.0,0.0,11.0,18.0,6.0,8.0,4.0,30.0,13.0,7.0,2.0,0.0,122.25,202.86,67.97,91.03,44.32,333.41,146.51,79.29,22.76,8902.4,8.6,11.2,96.82,125.26
27,091,27091,Minnesota,Martin,19998.0,19941.0,19696.0,19727.0,19564.0,6.0,1.0,2.0,9.0,4.0,11.0,6.0,5.0,6.0,17.0,30.0,5.01,10.15,45.62,20.45,55.01,30.09,25.39,30.42,86.89,19785.2,4.4,9.0,22.25,45.56
27,085,27085,Minnesota,McLeod,36743.0,36813.0,36776.0,36861.0,36823.0,9.0,18.0,19.0,18.0,9.0,78.0,75.0,41.0,58.0,63.0,24.49,48.9,51.66,48.83,24.44,212.29,203.73,111.49,157.35,171.09,36803.2,14.6,63.0,39.66,171.19
27,093,27093,Minnesota,Meeker,23430.0,23403.0,23545.0,23522.0,23522.0,20.0,24.0,18.0,12.0,12.0,109.0,119.0,114.0,96.0,48.0,85.36,102.55,76.45,51.02,51.02,465.22,508.48,484.18,408.13,204.06,23484.4,17.2,97.2,73.28,414.01
27,097,27097,Minnesota,Morrison,33991.0,34069.0,34278.0,34328.0,34494.0,20.0,32.0,22.0,21.0,20.0,207.0,238.0,219.0,176.0,153.0,58.84,93.93,64.18,61.17,57.98,608.98,698.58,638.89,512.7,443.56,34232.0,23.0,198.6,67.22,580.54
27,101,27101,Minnesota,Murray,8177.0,8146.0,8061.0,8090.0,8027.0,1.0,1.0,3.0,3.0,4.0,19.0,10.0,9.0,11.0,20.0,12.23,12.28,37.22,37.08,49.83,232.36,122.76,111.65,135.97,249.16,8100.2,2.4,13.8,29.73,170.38
27,105,27105,Minnesota,Nobles,22201.0,22073.0,22106.0,22065.0,22242.0,11.0,5.0,15.0,6.0,12.0,26.0,22.0,18.0,15.0,12.0,49.55,22.65,67.85,27.19,53.95,117.11,99.67,81.43,67.98,53.95,22137.4,9.8,18.6,44.24,84.03
27,107,27107,Minnesota,Norman,6438.0,6445.0,6356.0,6335.0,6301.0,3.0,2.0,2.0,3.0,1.0,48.0,52.0,13.0,1.0,2.0,46.6,31.03,31.47,47.36,15.87,745.57,806.83,204.53,15.79,31.74,6375.0,2.2,23.2,34.47,360.89
27,111,27111,Minnesota,Otter Tail,60098.0,60245.0,60594.0,60754.0,60958.0,26.0,18.0,16.0,28.0,25.0,217.0,148.0,77.0,145.0,150.0,43.26,29.88,26.41,46.09,41.01,361.08,245.66,127.08,238.67,246.07,60529.8,22.6,147.4,37.33,243.71
27,113,27113,Minnesota,Pennington,13942.0,13786.0,13826.0,13734.0,13750.0,2.0,3.0,5.0,1.0,1.0,26.0,40.0,47.0,45.0,30.0,14.35,21.76,36.16,7.28,7.27,186.49,290.15,339.94,327.65,218.18,13807.6,2.4,37.6,17.36,272.48
27,115,27115,Minnesota,Pine,28886.0,29080.0,29793.0,30190.0,30398.0,95.0,90.0,78.0,63.0,74.0,775.0,539.0,352.0,340.0,316.0,328.88,309.49,261.81,208.68,243.44,2682.96,1853.51,1181.49,1126.2,1039.54,29669.4,80.0,464.4,270.46,1576.74
27,117,27117,Minnesota,Pipestone,9418.0,9359.0,9334.0,9289.0,9251.0,8.0,13.0,4.0,7.0,7.0,69.0,32.0,20.0,18.0,29.0,84.94,138.9,42.85,75.36,75.67,732.64,341.92,214.27,193.78,313.48,9330.2,7.8,33.6,83.54,359.22
27,121,27121,Minnesota,Pope,11327.0,11415.0,11421.0,11407.0,11464.0,4.0,3.0,4.0,3.0,2.0,51.0,39.0,25.0,28.0,31.0,35.31,26.28,35.02,26.3,17.45,450.25,341.66,218.9,245.46,270.41,11406.8,3.2,34.8,28.07,305.34
27,125,27125,Minnesota,Red Lake,3937.0,,3883.0,3915.0,3894.0,4.0,,4.0,3.0,4.0,3.0,,4.0,4.0,8.0,101.6,,103.01,76.63,102.72,76.2,,103.01,102.17,205.44,3907.25,3.75,4.75,95.99,121.7
27,127,27127,Minnesota,Redwood,15417.0,15392.0,15365.0,15326.0,15238.0,7.0,14.0,9.0,15.0,7.0,53.0,63.0,39.0,54.0,25.0,45.4,90.96,58.57,97.87,45.94,343.78,409.3,253.82,352.34,164.06,15347.6,10.4,46.8,67.75,304.66
27,129,27129,Minnesota,Renville,14691.0,14605.0,14537.0,14462.0,14417.0,6.0,7.0,12.0,17.0,8.0,82.0,86.0,92.0,54.0,34.0,40.84,47.93,82.55,117.55,55.49,558.16,588.84,632.87,373.39,235.83,14542.4,10.0,69.6,68.87,477.82
27,131,27131,Minnesota,Rice,67105.0,67359.0,67991.0,68585.0,69545.0,23.0,22.0,17.0,20.0,16.0,137.0,124.0,111.0,55.0,24.0,34.27,32.66,25.0,29.16,23.01,204.16,184.09,163.26,80.19,34.51,68117.0,19.6,90.2,28.82,133.24
27,133,27133,Minnesota,Rock,9685.0,9700.0,9603.0,9621.0,,7.0,6.0,4.0,3.0,,47.0,45.0,42.0,11.0,,72.28,61.86,41.65,31.18,,485.29,463.92,437.36,114.33,,9652.25,5.0,36.25,51.74,375.22
27,135,27135,Minnesota,Roseau,15298.0,15273.0,15347.0,15280.0,,7.0,7.0,15.0,8.0,,59.0,37.0,35.0,26.0,,45.76,45.83,97.74,52.36,,385.67,242.26,228.06,170.16,,15299.5,9.25,39.25,60.42,256.54
27,143,27143,Minnesota,Sibley,14820.0,14965.0,14986.0,15179.0,15290.0,2.0,5.0,5.0,2.0,2.0,2.0,15.0,13.0,11.0,27.0,13.5,33.41,33.36,13.18,13.08,13.5,100.23,86.75,72.47,176.59,15048.0,3.2,13.6,21.31,89.91
27,147,27147,Minnesota,Steele,37388.0,37441.0,37471.0,37462.0,37453.0,8.0,6.0,16.0,4.0,6.0,103.0,61.0,64.0,38.0,58.0,21.4,16.03,42.7,10.68,16.02,275.49,162.92,170.8,101.44,154.86,37443.0,8.0,64.8,21.37,173.1
27,149,27149,Minnesota,Stevens,9672.0,9692.0,9777.0,9921.0,9828.0,5.0,7.0,6.0,9.0,6.0,18.0,9.0,42.0,49.0,80.0,51.7,72.22,61.37,90.72,61.05,186.1,92.86,429.58,493.9,814.0,9778.0,6.6,39.6,67.41,403.29
27,151,27151,Minnesota,Swift,9801.0,9787.0,9760.0,9687.0,9721.0,0.0,1.0,1.0,1.0,1.0,2.0,1.0,2.0,0.0,1.0,0.0,10.22,10.25,10.32,10.29,20.41,10.22,20.49,0.0,10.29,9751.2,0.8,1.2,8.22,12.28
27,153,27153,Minnesota,Todd,25291.0,25290.0,25571.0,25794.0,25965.0,19.0,22.0,29.0,36.0,15.0,144.0,116.0,111.0,71.0,81.0,75.13,86.99,113.41,139.57,57.77,569.37,458.68,434.09,275.26,311.96,25582.2,24.2,104.6,94.57,409.87
27,155,27155,Minnesota,Traverse,3359.0,3280.0,3260.0,3176.0,3152.0,1.0,2.0,4.0,3.0,4.0,17.0,25.0,8.0,6.0,7.0,29.77,60.98,122.7,94.46,126.9,506.1,762.2,245.4,188.92,222.08,3245.4,2.8,12.6,86.96,384.94
27,159,27159,Minnesota,Wadena,14124.0,,14270.0,14240.0,14355.0,12.0,,0.0,5.0,4.0,7.0,,2.0,1.0,3.0,84.96,,0.0,35.11,27.86,49.56,,14.02,7.02,20.9,14247.25,5.25,3.25,36.98,22.88
27,161,27161,Minnesota,Waseca,18973.0,19015.0,18967.0,19043.0,18672.0,8.0,11.0,10.0,4.0,5.0,72.0,129.0,47.0,34.0,44.0,42.17,57.85,52.72,21.01,26.78,379.49,678.41,247.8,178.54,235.65,18934.0,7.6,65.2,40.11,343.98
27,165,27165,Minnesota,Watonwan,11236.0,11158.0,11243.0,11237.0,11365.0,7.0,7.0,7.0,5.0,7.0,44.0,32.0,27.0,26.0,22.0,62.3,62.74,62.26,44.5,61.59,391.6,286.79,240.15,231.38,193.58,11247.8,6.6,30.2,58.68,268.7
27,167,27167,Minnesota,Wilkin,6477.0,6412.0,6361.0,6350.0,6319.0,0.0,2.0,2.0,0.0,0.0,24.0,16.0,10.0,4.0,4.0,0.0,31.19,31.44,0.0,0.0,370.54,249.53,157.21,62.99,63.3,6383.8,0.8,11.6,12.53,180.71
27,169,27169,Minnesota,Winona,49656.0,49794.0,49798.0,49904.0,50343.0,22.0,19.0,9.0,17.0,10.0,80.0,99.0,72.0,41.0,35.0,44.3,38.16,18.07,34.07,19.86,161.11,198.82,144.58,82.16,69.52,49899.0,15.4,65.4,30.89,131.24
27,173,27173,Minnesota,Yellow Medicine,9498.0,9444.0,9485.0,9536.0,9477.0,1.0,4.0,4.0,2.0,19.0,35.0,44.0,26.0,17.0,12.0,10.53,42.35,42.17,20.97,200.49,368.5,465.9,274.12,178.27,126.62,9488.0,6.0,26.8,63.3,282.68
28,033,28033,Mississippi,DeSoto,186120.0,188966.0,191551.0,194179.0,196848.0,55.0,51.0,43.0,31.0,32.0,368.0,286.0,215.0,248.0,180.0,29.55,26.99,22.45,15.96,16.26,197.72,151.35,112.24,127.72,91.44,191532.8,42.4,259.4,22.24,136.09
28,047,28047,Mississippi,Harrison,208821.0,209553.0,210909.0,211293.0,214594.0,44.0,52.0,66.0,42.0,49.0,789.0,797.0,849.0,586.0,490.0,21.07,24.81,31.29,19.88,22.83,377.84,380.33,402.54,277.34,228.34,211034.0,50.6,702.2,23.98,333.28
28,049,28049,Mississippi,Hinds,226778.0,,,,,78.0,,,,,330.0,,,,,34.39,,,,,145.52,,,,,226778.0,78.0,330.0,34.39,145.52
28,073,28073,Mississippi,Lamar,64391.0,65439.0,65812.0,,,51.0,59.0,60.0,,,627.0,526.0,500.0,,,79.2,90.16,91.17,,,973.74,803.8,759.74,,,65214.0,56.67,551.0,86.84,845.76
28,089,28089,Mississippi,Madison,109237.0,109987.0,111692.0,113053.0,114915.0,56.0,104.0,84.0,53.0,63.0,208.0,174.0,175.0,113.0,127.0,51.26,94.56,75.21,46.88,54.82,190.41,158.2,156.68,99.95,110.52,111776.8,72.0,159.4,64.55,143.15
28,121,28121,Mississippi,Rankin,157155.0,,,,,64.0,,,,,432.0,,,,,40.72,,,,,274.89,,,,,157155.0,64.0,432.0,40.72,274.89
28,131,28131,Mississippi,Stone,18333.0,18748.0,18836.0,18978.0,19461.0,38.0,17.0,28.0,39.0,39.0,160.0,107.0,184.0,152.0,161.0,207.28,90.68,148.65,205.5,200.4,872.74,570.73,976.85,800.93,827.3,18871.2,32.2,152.8,170.5,809.71
28,143,28143,Mississippi,Tunica,9732.0,9646.0,9464.0,9372.0,9111.0,56.0,67.0,65.0,79.0,51.0,446.0,436.0,454.0,495.0,383.0,575.42,694.59,686.81,842.94,559.76,4582.82,4520.01,4797.13,5281.69,4203.71,9465.0,63.6,442.8,671.9,4677.07
28,003,28003,Mississippi,Alcorn,34732.0,34351.0,34095.0,34109.0,34616.0,17.0,10.0,11.0,13.0,9.0,304.0,263.0,245.0,219.0,174.0,48.95,29.11,32.26,38.11,26.0,875.27,765.63,718.58,642.06,502.66,34380.6,12.0,241.0,34.89,700.84
28,021,28021,Mississippi,Claiborne,9093.0,8667.0,8576.0,,8092.0,32.0,24.0,18.0,,44.0,12.0,42.0,17.0,,30.0,351.92,276.91,209.89,,543.75,131.97,484.6,198.23,,370.74,8607.0,29.5,25.25,345.62,296.38
28,025,28025,Mississippi,Clay,18620.0,18490.0,18340.0,,,21.0,17.0,18.0,,,45.0,77.0,44.0,,,112.78,91.94,98.15,,,241.68,416.44,239.91,,,18483.33,18.67,55.33,100.96,299.34
28,039,28039,Mississippi,George,24365.0,24791.0,25208.0,25542.0,25846.0,36.0,37.0,60.0,52.0,74.0,327.0,319.0,368.0,293.0,293.0,147.75,149.25,238.02,203.59,286.31,1342.09,1286.76,1459.85,1147.13,1133.64,25150.4,51.8,320.0,204.98,1273.89
28,061,28061,Mississippi,Jasper,16350.0,16175.0,16036.0,15989.0,15868.0,14.0,19.0,27.0,24.0,20.0,99.0,60.0,66.0,67.0,52.0,85.63,117.47,168.37,150.1,126.04,605.5,370.94,411.57,419.04,327.7,16083.6,20.8,68.8,129.52,426.95
28,071,28071,Mississippi,Lafayette,55912.0,57671.0,58684.0,59350.0,60075.0,34.0,21.0,19.0,17.0,25.0,153.0,157.0,157.0,136.0,97.0,60.81,36.41,32.38,28.64,41.61,273.64,272.23,267.53,229.15,161.46,58338.4,23.2,140.0,39.97,240.8
28,079,28079,Mississippi,Leake,21249.0,21275.0,21260.0,21322.0,21592.0,53.0,56.0,33.0,49.0,54.0,142.0,155.0,132.0,97.0,86.0,249.42,263.22,155.22,229.81,250.09,668.27,728.55,620.88,454.93,398.3,21339.6,49.0,122.4,229.55,574.19
28,081,28081,Mississippi,Lee,83326.0,83033.0,82959.0,82938.0,83329.0,55.0,91.0,74.0,76.0,51.0,631.0,611.0,503.0,449.0,366.0,66.01,109.59,89.2,91.63,61.2,757.27,735.85,606.32,541.37,439.22,83117.0,69.4,512.0,83.53,616.01
28,083,28083,Mississippi,Leflore,28344.0,,,,,129.0,,,,,269.0,,,,,455.12,,,,,949.05,,,,,28344.0,129.0,269.0,455.12,949.05
28,085,28085,Mississippi,Lincoln,34842.0,34969.0,34810.0,34836.0,35005.0,31.0,39.0,33.0,29.0,25.0,264.0,247.0,219.0,236.0,199.0,88.97,111.53,94.8,83.25,71.42,757.71,706.34,629.13,677.46,568.49,34892.4,31.4,233.0,89.99,667.83
28,091,28091,Mississippi,Marion,24370.0,24312.0,24150.0,24140.0,24086.0,42.0,45.0,67.0,34.0,29.0,131.0,176.0,116.0,96.0,97.0,172.34,185.09,277.43,140.85,120.4,537.55,723.92,480.33,397.68,402.72,24211.6,43.4,123.2,179.22,508.44
28,095,28095,Mississippi,Monroe,34136.0,33929.0,33569.0,33642.0,33453.0,65.0,61.0,35.0,60.0,33.0,177.0,105.0,118.0,113.0,178.0,190.41,179.79,104.26,178.35,98.65,518.51,309.47,351.51,335.89,532.09,33745.8,50.8,138.2,150.29,409.49
28,115,28115,Mississippi,Pontotoc,31195.0,31336.0,31455.0,31705.0,31991.0,68.0,71.0,61.0,50.0,46.0,235.0,146.0,203.0,115.0,132.0,217.98,226.58,193.93,157.7,143.79,753.33,465.92,645.37,362.72,412.62,31536.4,59.2,166.2,188.0,527.99
28,141,28141,Mississippi,Tishomingo,18848.0,18743.0,18624.0,18513.0,18603.0,22.0,28.0,22.0,22.0,30.0,146.0,128.0,94.0,102.0,101.0,116.72,149.39,118.13,118.84,161.26,774.62,682.92,504.73,550.96,542.92,18666.2,24.8,114.2,132.87,611.23
28,145,28145,Mississippi,Union,27812.0,28028.0,28123.0,28265.0,28379.0,24.0,26.0,50.0,36.0,31.0,176.0,162.0,146.0,138.0,130.0,86.29,92.76,177.79,127.37,109.24,632.82,577.99,519.15,488.24,458.09,28121.4,33.4,150.4,118.69,535.26
28,149,28149,Mississippi,Warren,44548.0,,,,,18.0,,,,,201.0,,,,,40.41,,,,,451.2,,,,,44548.0,18.0,201.0,40.41,451.2
28,151,28151,Mississippi,Washington,44639.0,,,,,12.0,,,,,241.0,,,,,26.88,,,,,539.89,,,,,44639.0,12.0,241.0,26.88,539.89
29,013,29013,Missouri,Bates,16052.0,,16147.0,16259.0,16448.0,3.0,,60.0,66.0,25.0,90.0,,117.0,118.0,70.0,18.69,,371.59,405.93,151.99,560.68,,724.59,725.75,425.58,16226.5,38.5,98.75,237.05,609.15
29,019,29019,Missouri,Boone,184060.0,186113.0,187514.0,189530.0,190897.0,107.0,98.0,120.0,87.0,82.0,636.0,608.0,611.0,593.0,405.0,58.13,52.66,64.0,45.9,42.96,345.54,326.68,325.84,312.88,212.16,187622.8,98.8,570.6,52.73,304.62
29,021,29021,Missouri,Buchanan,84471.0,83641.0,83011.0,83251.0,83598.0,45.0,23.0,19.0,32.0,30.0,204.0,148.0,148.0,147.0,108.0,53.27,27.5,22.89,38.44,35.89,241.5,176.95,178.29,176.57,129.19,83594.4,29.8,151.0,35.6,180.5
29,025,29025,Missouri,Caldwell,8826.0,8911.0,8945.0,8962.0,8971.0,20.0,6.0,4.0,2.0,2.0,73.0,42.0,19.0,15.0,28.0,226.6,67.33,44.72,22.32,22.29,827.1,471.33,212.41,167.37,312.12,8923.0,6.8,35.4,76.65,398.07
29,027,29027,Missouri,Callaway,44339.0,44644.0,44742.0,44789.0,45239.0,47.0,70.0,69.0,54.0,50.0,437.0,256.0,285.0,303.0,137.0,106.0,156.8,154.22,120.57,110.52,985.59,573.43,636.99,676.51,302.84,44750.6,58.0,283.6,129.62,635.07
29,031,29031,Missouri,Cape Girardeau,81811.0,82136.0,82877.0,82969.0,83457.0,68.0,64.0,56.0,34.0,50.0,195.0,209.0,156.0,118.0,119.0,83.12,77.92,67.57,40.98,59.91,238.35,254.46,188.23,142.22,142.59,82650.0,54.4,159.4,65.9,193.17
29,037,29037,Missouri,Cass,108160.0,,,,,91.0,,,,,222.0,,,,,84.13,,,,,205.25,,,,,108160.0,91.0,222.0,84.13,205.25
29,043,29043,Missouri,Christian,89291.0,,,94498.0,96036.0,44.0,,,38.0,45.0,243.0,,,174.0,151.0,49.28,,,40.21,46.86,272.14,,,184.13,157.23,93275.0,42.33,189.33,45.45,204.5
29,047,29047,Missouri,Clay,254121.0,255910.0,257034.0,259937.0,262674.0,33.0,34.0,35.0,45.0,76.0,184.0,175.0,126.0,133.0,151.0,12.99,13.29,13.62,17.31,28.93,72.41,68.38,49.02,51.17,57.49,257935.2,44.6,153.8,17.23,59.69
29,049,29049,Missouri,Clinton,21214.0,21215.0,21328.0,21530.0,,19.0,18.0,12.0,9.0,,69.0,84.0,75.0,53.0,,89.56,84.85,56.26,41.8,,325.26,395.95,351.65,246.17,,21321.75,14.5,70.25,68.12,329.76
29,051,29051,Missouri,Cole,76608.0,76632.0,76952.0,,77763.0,41.0,33.0,49.0,,31.0,354.0,205.0,200.0,,75.0,53.52,43.06,63.68,,39.86,462.09,267.51,259.9,,96.45,76988.75,38.5,208.5,50.03,271.49
29,059,29059,Missouri,Dallas,17133.0,,17602.0,17765.0,,1.0,,35.0,10.0,,40.0,,81.0,56.0,,5.84,,198.84,56.29,,233.47,,460.17,315.23,,17500.0,15.33,59.0,86.99,336.29
29,063,29063,Missouri,DeKalb,11605.0,,11299.0,9893.0,,23.0,,15.0,8.0,,64.0,,46.0,27.0,,198.19,,132.76,80.87,,551.49,,407.12,272.92,,10932.33,15.33,45.67,137.27,410.51
29,071,29071,Missouri,Franklin,104852.0,105315.0,105854.0,106440.0,107387.0,42.0,49.0,32.0,24.0,28.0,382.0,304.0,292.0,193.0,186.0,40.06,46.53,30.23,22.55,26.07,364.32,288.66,275.85,181.32,173.21,105969.6,35.0,271.4,33.09,256.67
29,089,29089,Missouri,Howard,10154.0,,10160.0,10111.0,10131.0,17.0,,22.0,26.0,20.0,40.0,,32.0,32.0,40.0,167.42,,216.54,257.15,197.41,393.93,,314.96,316.49,394.83,10139.0,21.25,36.0,209.63,355.05
29,095,29095,Missouri,Jackson,717643.0,718158.0,717037.0,721035.0,729123.0,104.0,130.0,118.0,102.0,68.0,484.0,382.0,387.0,350.0,359.0,14.49,18.1,16.46,14.15,9.33,67.44,53.19,53.97,48.54,49.24,720599.2,104.4,392.4,14.51,54.48
29,097,29097,Missouri,Jasper,122885.0,123314.0,123971.0,125127.0,126469.0,96.0,49.0,62.0,71.0,95.0,596.0,482.0,499.0,393.0,353.0,78.12,39.74,50.01,56.74,75.12,485.01,390.87,402.51,314.08,279.12,124353.2,74.6,464.6,59.95,374.32
29,099,29099,Missouri,Jefferson,226944.0,228062.0,229270.0,231207.0,232134.0,532.0,525.0,469.0,534.0,454.0,2497.0,2059.0,1930.0,1413.0,1346.0,234.42,230.2,204.56,230.96,195.58,1100.27,902.82,841.8,611.14,579.84,229523.4,502.8,1849.0,219.14,807.17
29,107,29107,Missouri,Lafayette,33059.0,,32944.0,33216.0,33432.0,0.0,,2.0,41.0,39.0,54.0,,68.0,78.0,58.0,0.0,,6.07,123.43,116.65,163.34,,206.41,234.83,173.49,33162.75,20.5,64.5,61.54,194.52
29,113,29113,Missouri,Lincoln,59842.0,61642.0,63156.0,64641.0,65778.0,115.0,428.0,125.0,131.0,133.0,183.0,236.0,265.0,222.0,157.0,192.17,694.33,197.92,202.66,202.2,305.81,382.86,419.6,343.44,238.68,63011.8,186.4,212.6,297.86,338.08
29,145,29145,Missouri,Newton,58702.0,59449.0,60079.0,60733.0,61608.0,74.0,116.0,98.0,76.0,95.0,619.0,585.0,572.0,524.0,491.0,126.06,195.13,163.12,125.14,154.2,1054.48,984.04,952.08,862.79,796.97,60114.2,91.8,558.2,152.73,930.07
29,151,29151,Missouri,Osage,13250.0,,13389.0,13462.0,13469.0,3.0,,7.0,9.0,8.0,140.0,,81.0,67.0,42.0,22.64,,52.28,66.85,59.4,1056.6,,604.97,497.7,311.83,13392.5,6.75,82.5,50.29,617.78
29,165,29165,Missouri,Platte,107187.0,,110567.0,111908.0,113027.0,44.0,,58.0,59.0,78.0,288.0,,283.0,220.0,191.0,41.05,,52.46,52.72,69.01,268.69,,255.95,196.59,168.99,110672.25,59.75,245.5,53.81,222.56
29,177,29177,Missouri,Ray,23136.0,,23108.0,23183.0,23265.0,91.0,,92.0,91.0,70.0,80.0,,123.0,110.0,77.0,393.33,,398.13,392.53,300.88,345.78,,532.28,474.49,330.97,23173.0,86.0,97.5,371.22,420.88
29,183,29183,Missouri,St. Charles,406407.0,410568.0,413991.0,417442.0,422590.0,0.0,2.0,0.0,0.0,1.0,0.0,1.0,0.0,1.0,0.0,0.0,0.49,0.0,0.0,0.24,0.0,0.24,0.0,0.24,0.0,414199.6,0.6,0.4,0.15,0.1
,,,Missouri,St. Charles County Police Department,,,,,,,,,,,,,,,,,,,,,,,,,,,,,,
,,,Missouri,St. Louis County Police Department,,,,,,,,,,,,,,,,,,,,,,,,,,,,,,
29,219,29219,Missouri,Warren,35740.0,36578.0,37314.0,37842.0,,63.0,43.0,23.0,14.0,,207.0,210.0,141.0,113.0,,176.27,117.56,61.64,37.0,,579.18,574.12,377.87,298.61,,36868.5,35.75,167.75,98.12,457.45
29,001,29001,Missouri,Adair,25276.0,25187.0,,,,8.0,5.0,,,,91.0,63.0,,,,31.65,19.85,,,,360.03,250.13,,,,25231.5,6.5,77.0,25.75,305.08
29,005,29005,Missouri,Atchison,5307.0,,,,,2.0,,,,,5.0,,,,,37.69,,,,,94.22,,,,,5307.0,2.0,5.0,37.69,94.22
29,007,29007,Missouri,Audrain,24778.0,24852.0,24468.0,24412.0,24344.0,29.0,44.0,32.0,23.0,15.0,122.0,123.0,82.0,89.0,19.0,117.04,177.05,130.78,94.22,61.62,492.37,494.93,335.13,364.57,78.05,24570.8,28.6,87.0,116.14,353.01
29,015,29015,Missouri,Benton,19431.0,19963.0,20239.0,20568.0,,36.0,27.0,26.0,20.0,,191.0,155.0,132.0,93.0,,185.27,135.25,128.46,97.24,,982.97,776.44,652.21,452.16,,20050.25,27.25,142.75,136.56,715.94
29,023,29023,Missouri,Butler,42064.0,42167.0,42133.0,41925.0,41899.0,68.0,71.0,71.0,82.0,94.0,608.0,505.0,496.0,416.0,416.0,161.66,168.38,168.51,195.59,224.35,1445.42,1197.62,1177.22,992.25,992.86,42037.6,77.2,488.2,183.7,1161.07
29,029,29029,Missouri,Camden,42804.0,,43799.0,44119.0,44195.0,98.0,,71.0,79.0,76.0,393.0,,195.0,243.0,165.0,228.95,,162.1,179.06,171.97,918.14,,445.22,550.78,373.35,43729.25,81.0,249.0,185.52,571.87
29,035,29035,Missouri,Carter,5201.0,5320.0,5264.0,,5363.0,36.0,33.0,27.0,,23.0,36.0,47.0,26.0,,17.0,692.17,620.3,512.92,,428.86,692.17,883.46,493.92,,316.99,5287.0,29.75,31.5,563.56,596.64
29,039,29039,Missouri,Cedar,14210.0,,14607.0,14674.0,14928.0,44.0,,50.0,47.0,32.0,97.0,,73.0,149.0,66.0,309.64,,342.3,320.29,214.36,682.62,,499.76,1015.4,442.12,14604.75,43.25,96.25,296.65,659.98
29,045,29045,Missouri,Clark,6664.0,6746.0,6728.0,6642.0,6584.0,13.0,4.0,2.0,0.0,2.0,82.0,93.0,67.0,67.0,52.0,195.08,59.29,29.73,0.0,30.38,1230.49,1378.59,995.84,1008.73,789.79,6672.8,4.2,72.2,62.9,1080.69
29,055,29055,Missouri,Crawford,23030.0,22822.0,22609.0,,,16.0,33.0,31.0,,,220.0,64.0,97.0,,,69.47,144.6,137.11,,,955.28,280.43,429.03,,,22820.33,26.67,127.0,117.06,554.91
29,065,29065,Missouri,Dent,14392.0,14461.0,14470.0,14647.0,14661.0,13.0,24.0,20.0,19.0,15.0,65.0,87.0,55.0,51.0,47.0,90.33,165.96,138.22,129.72,102.31,451.64,601.62,380.1,348.19,320.58,14526.2,18.2,61.0,125.31,420.43
29,067,29067,Missouri,Douglas,11604.0,11746.0,11966.0,12240.0,,14.0,15.0,20.0,25.0,,35.0,24.0,43.0,13.0,,120.65,127.7,167.14,204.25,,301.62,204.32,359.35,106.21,,11889.0,18.5,28.75,154.94,242.88
29,073,29073,Missouri,Gasconade,14763.0,,,14731.0,,36.0,,,3.0,,124.0,,,92.0,,243.85,,,20.37,,839.94,,,624.53,,14747.0,19.5,108.0,132.11,732.24
29,075,29075,Missouri,Gentry,6129.0,,,,,2.0,,,,,26.0,,,,,32.63,,,,,424.21,,,,,6129.0,2.0,26.0,32.63,424.21
29,079,29079,Missouri,Grundy,9764.0,9765.0,,9808.0,9749.0,3.0,6.0,,1.0,5.0,19.0,10.0,,5.0,3.0,30.73,61.44,,10.2,51.29,194.59,102.41,,50.98,30.77,9771.5,3.75,9.25,38.42,94.69
29,083,29083,Missouri,Henry,21976.0,22212.0,22389.0,22448.0,22565.0,48.0,97.0,105.0,106.0,105.0,206.0,410.0,256.0,292.0,161.0,218.42,436.7,468.98,472.2,465.32,937.39,1845.85,1143.42,1300.78,713.49,22318.0,92.2,265.0,412.32,1188.19
29,085,29085,Missouri,Hickory,8306.0,,8611.0,8796.0,8889.0,3.0,,16.0,2.0,2.0,67.0,,46.0,41.0,13.0,36.12,,185.81,22.74,22.5,806.65,,534.2,466.12,146.25,8650.5,5.75,41.75,66.79,488.3
29,087,29087,Missouri,Holt,4183.0,4226.0,4256.0,,,3.0,6.0,10.0,,,44.0,41.0,23.0,,,71.72,141.98,234.96,,,1051.88,970.18,540.41,,,4221.67,6.33,36.0,149.55,854.16
29,091,29091,Missouri,Howell,39800.0,40028.0,40604.0,40725.0,40884.0,91.0,64.0,45.0,46.0,54.0,380.0,272.0,185.0,194.0,194.0,228.64,159.89,110.83,112.95,132.08,954.77,679.52,455.62,476.37,474.51,40408.2,60.0,245.0,148.88,608.16
29,093,29093,Missouri,Iron,9512.0,,9411.0,9458.0,,12.0,,16.0,15.0,,63.0,,16.0,30.0,,126.16,,170.01,158.6,,662.32,,170.01,317.19,,9460.33,14.33,36.33,151.59,383.17
29,101,29101,Missouri,Johnson,54023.0,54209.0,54406.0,55051.0,55824.0,25.0,21.0,31.0,38.0,37.0,263.0,238.0,216.0,199.0,156.0,46.28,38.74,56.98,69.03,66.28,486.83,439.04,397.02,361.48,279.45,54702.6,30.4,214.4,55.46,392.76
29,109,29109,Missouri,Lawrence,37990.0,38274.0,38671.0,38902.0,39209.0,29.0,60.0,31.0,36.0,27.0,235.0,232.0,219.0,184.0,153.0,76.34,156.76,80.16,92.54,68.86,618.58,606.16,566.32,472.98,390.22,38609.2,36.6,204.6,94.93,530.85
29,111,29111,Missouri,Lewis,10042.0,10005.0,9891.0,9834.0,9853.0,8.0,0.0,1.0,0.0,1.0,55.0,35.0,11.0,18.0,12.0,79.67,0.0,10.11,0.0,10.15,547.7,349.83,111.21,183.04,121.79,9925.0,2.0,26.2,19.99,262.71
29,117,29117,Missouri,Livingston,14555.0,14760.0,14494.0,14608.0,14686.0,3.0,5.0,10.0,8.0,12.0,17.0,41.0,32.0,19.0,26.0,20.61,33.88,68.99,54.76,81.71,116.8,277.78,220.78,130.07,177.04,14620.6,7.6,27.0,51.99,184.49
29,123,29123,Missouri,Madison,12623.0,12665.0,12752.0,,,1.0,10.0,6.0,,,19.0,97.0,19.0,,,7.92,78.96,47.05,,,150.52,765.89,149.0,,,12680.0,5.67,45.0,44.64,355.14
29,119,29119,Missouri,McDonald,23281.0,23437.0,23600.0,23985.0,23825.0,63.0,119.0,153.0,110.0,84.0,170.0,189.0,225.0,147.0,163.0,270.61,507.74,648.31,458.62,352.57,730.21,806.42,953.39,612.88,684.16,23625.6,105.8,178.8,447.57,757.41
29,133,29133,Missouri,Mississippi,12133.0,12100.0,11696.0,11842.0,11948.0,5.0,7.0,13.0,1.0,4.0,30.0,41.0,99.0,51.0,33.0,41.21,57.85,111.15,8.44,33.48,247.26,338.84,846.44,430.67,276.2,11943.8,6.0,50.8,50.43,427.88
29,137,29137,Missouri,Monroe,8692.0,8706.0,8644.0,8719.0,8857.0,13.0,30.0,47.0,21.0,8.0,27.0,36.0,46.0,42.0,10.0,149.56,344.59,543.73,240.85,90.32,310.63,413.51,532.16,481.71,112.91,8723.6,23.8,32.2,273.81,370.18
29,139,29139,Missouri,Montgomery,11293.0,11450.0,11471.0,11464.0,11556.0,0.0,14.0,13.0,8.0,19.0,47.0,49.0,55.0,49.0,33.0,0.0,122.27,113.33,69.78,164.42,416.19,427.95,479.47,427.42,285.57,11446.8,10.8,46.6,93.96,407.32
29,143,29143,Missouri,New Madrid,16329.0,16044.0,15691.0,15415.0,15281.0,24.0,57.0,38.0,40.0,37.0,84.0,170.0,132.0,117.0,151.0,146.98,355.27,242.18,259.49,242.13,514.42,1059.59,841.25,759.0,988.16,15752.0,39.2,130.8,249.21,832.48
29,147,29147,Missouri,Nodaway,21021.0,21018.0,20730.0,20709.0,20296.0,1.0,19.0,15.0,13.0,27.0,54.0,71.0,53.0,52.0,35.0,4.76,90.4,72.36,62.77,133.03,256.89,337.81,255.67,251.1,172.45,20754.8,15.0,53.0,72.66,254.78
29,149,29149,Missouri,Oregon,8605.0,8619.0,8694.0,,8664.0,22.0,11.0,12.0,,10.0,59.0,52.0,24.0,,22.0,255.67,127.63,138.03,,115.42,685.65,603.32,276.05,,253.92,8645.5,13.75,39.25,159.19,454.74
29,155,29155,Missouri,Pemiscot,15583.0,15239.0,14864.0,14661.0,,27.0,25.0,10.0,20.0,,90.0,77.0,78.0,51.0,,173.27,164.05,67.28,136.42,,577.55,505.28,524.76,347.86,,15086.75,20.5,74.0,135.26,488.86
29,157,29157,Missouri,Perry,18971.0,18982.0,18885.0,18938.0,19113.0,28.0,38.0,22.0,25.0,28.0,29.0,33.0,28.0,21.0,23.0,147.59,200.19,116.49,132.01,146.5,152.86,173.85,148.27,110.89,120.34,18977.8,28.2,26.8,148.56,141.24
29,159,29159,Missouri,Pettis,43011.0,,43376.0,43611.0,43894.0,18.0,,8.0,39.0,58.0,34.0,,27.0,171.0,167.0,41.85,,18.44,89.43,132.14,79.05,,62.25,392.1,380.46,43473.0,30.75,99.75,70.46,228.47
29,161,29161,Missouri,Phelps,44553.0,44891.0,45196.0,45285.0,45206.0,41.0,29.0,35.0,41.0,30.0,238.0,187.0,202.0,213.0,120.0,92.03,64.6,77.44,90.54,66.36,534.2,416.56,446.94,470.35,265.45,45026.2,35.2,192.0,78.19,426.7
29,163,29163,Missouri,Pike,17411.0,17604.0,17644.0,17904.0,18031.0,19.0,23.0,20.0,23.0,21.0,91.0,73.0,84.0,62.0,68.0,109.13,130.65,113.35,128.46,116.47,522.66,414.68,476.08,346.29,377.13,17718.8,21.2,75.6,119.61,427.37
29,169,29169,Missouri,Pulaski,54005.0,,,,53892.0,51.0,,,,110.0,177.0,,,,161.0,94.44,,,,204.11,327.75,,,,298.75,53948.5,80.5,169.0,149.28,313.25
29,173,29173,Missouri,Ralls,10352.0,,10416.0,10480.0,10451.0,16.0,,5.0,8.0,0.0,65.0,,36.0,26.0,22.0,154.56,,48.0,76.34,0.0,627.9,,345.62,248.09,210.51,10424.75,7.25,37.25,69.72,358.03
29,175,29175,Missouri,Randolph,24462.0,24578.0,24624.0,24120.0,24379.0,22.0,65.0,44.0,43.0,38.0,79.0,46.0,28.0,25.0,23.0,89.94,264.46,178.69,178.28,155.87,322.95,187.16,113.71,103.65,94.34,24432.6,42.4,40.2,173.45,164.36
29,181,29181,Missouri,Ripley,10670.0,10647.0,10695.0,10811.0,10716.0,3.0,5.0,4.0,4.0,11.0,100.0,45.0,72.0,38.0,34.0,28.12,46.96,37.4,37.0,102.65,937.21,422.65,673.21,351.49,317.28,10707.8,5.4,57.8,50.43,540.37
29,195,29195,Missouri,Saline,23334.0,23281.0,23004.0,23156.0,23213.0,58.0,117.0,108.0,66.0,50.0,57.0,80.0,105.0,68.0,68.0,248.56,502.56,469.48,285.02,215.4,244.28,343.63,456.44,293.66,292.94,23197.6,79.8,75.6,344.2,326.19
29,197,29197,Missouri,Schuyler,4006.0,4017.0,4011.0,4060.0,4073.0,4.0,16.0,6.0,17.0,14.0,67.0,52.0,60.0,35.0,35.0,99.85,398.31,149.59,418.72,343.73,1672.49,1294.5,1495.89,862.07,859.32,4033.4,11.4,49.8,282.04,1236.85
29,203,29203,Missouri,Shannon,7034.0,,7219.0,,7284.0,17.0,,17.0,,8.0,26.0,,37.0,,15.0,241.68,,235.49,,109.83,369.63,,512.54,,205.93,7179.0,14.0,26.0,195.67,362.7
29,205,29205,Missouri,Shelby,6090.0,,5998.0,5942.0,,0.0,,0.0,0.0,,17.0,,6.0,6.0,,0.0,,0.0,0.0,,279.15,,100.03,100.98,,6010.0,0.0,9.67,0.0,160.05
29,185,29185,Missouri,St. Clair,9350.0,,9584.0,9750.0,9843.0,24.0,,8.0,12.0,9.0,133.0,,35.0,69.0,81.0,256.68,,83.47,123.08,91.44,1422.46,,365.19,707.69,822.92,9631.75,13.25,79.5,138.67,829.56
29,186,29186,Missouri,Ste. Genevieve,18480.0,18578.0,18613.0,18662.0,18602.0,54.0,42.0,63.0,53.0,32.0,133.0,111.0,97.0,90.0,66.0,292.21,226.07,338.47,284.0,172.02,719.7,597.48,521.14,482.26,354.8,18587.0,48.8,99.4,262.55,535.08
29,207,29207,Missouri,Stoddard,28656.0,28531.0,28370.0,28344.0,28384.0,26.0,34.0,41.0,46.0,40.0,217.0,149.0,165.0,136.0,93.0,90.73,119.17,144.52,162.29,140.92,757.26,522.24,581.6,479.82,327.65,28457.0,37.4,152.0,131.53,533.71
29,209,29209,Missouri,Stone,31212.0,31603.0,32144.0,32664.0,32570.0,181.0,69.0,42.0,40.0,71.0,302.0,400.0,376.0,305.0,268.0,579.91,218.33,130.66,122.46,217.99,967.58,1265.7,1169.74,933.75,822.84,32038.6,80.6,330.2,253.87,1031.92
29,213,29213,Missouri,Taney,56053.0,56352.0,56748.0,56830.0,56882.0,75.0,64.0,60.0,104.0,106.0,219.0,276.0,194.0,228.0,242.0,133.8,113.57,105.73,183.0,186.35,390.7,489.78,341.86,401.2,425.44,56573.0,81.8,231.8,144.49,409.8
29,221,29221,Missouri,Washington,23432.0,23396.0,23386.0,23568.0,,91.0,47.0,45.0,55.0,,457.0,132.0,85.0,190.0,,388.36,200.89,192.42,233.37,,1950.32,564.2,363.47,806.18,,23445.5,59.5,216.0,253.76,921.04
29,223,29223,Missouri,Wayne,10937.0,10924.0,10805.0,10832.0,10851.0,17.0,57.0,60.0,35.0,36.0,157.0,143.0,111.0,89.0,72.0,155.44,521.79,555.3,323.12,331.77,1435.49,1309.04,1027.3,821.64,663.53,10869.8,41.0,114.4,377.48,1051.4
29,227,29227,Missouri,Worth,1965.0,,,1919.0,,4.0,,,0.0,,12.0,,,3.0,,203.56,,,0.0,,610.69,,,156.33,,1942.0,2.0,7.5,101.78,383.51
29,229,29229,Missouri,Wright,18209.0,18622.0,19103.0,19401.0,19532.0,19.0,17.0,37.0,15.0,10.0,50.0,80.0,51.0,13.0,25.0,104.34,91.29,193.69,77.32,51.2,274.59,429.6,266.97,67.01,128.0,18973.4,19.6,43.8,103.57,233.23
30,009,30009,Montana,Carbon,10511.0,10901.0,11237.0,11420.0,11504.0,14.0,10.0,4.0,8.0,9.0,61.0,49.0,6.0,30.0,30.0,133.19,91.73,35.6,70.05,78.23,580.34,449.5,53.4,262.7,260.78,11114.6,9.0,35.2,81.76,321.34
30,013,30013,Montana,Cascade,84410.0,84569.0,84908.0,84623.0,84668.0,93.0,100.0,56.0,90.0,107.0,262.0,331.0,200.0,203.0,171.0,110.18,118.25,65.95,106.35,126.38,310.39,391.4,235.55,239.89,201.97,84635.6,89.2,233.4,105.42,275.84
30,063,30063,Montana,Missoula,118337.0,119874.0,120859.0,121504.0,122471.0,104.0,129.0,128.0,105.0,132.0,280.0,297.0,369.0,307.0,142.0,87.88,107.61,105.91,86.42,107.78,236.61,247.76,305.31,252.67,115.95,120609.0,119.6,279.0,99.12,231.66
30,095,30095,Montana,Stillwater,8998.0,9022.0,9186.0,9238.0,9429.0,25.0,19.0,27.0,20.0,19.0,50.0,82.0,38.0,45.0,38.0,277.84,210.6,293.93,216.5,201.51,555.68,908.89,413.67,487.12,403.01,9174.6,22.0,50.6,240.08,553.67
30,111,30111,Montana,Yellowstone,165208.0,167444.0,169743.0,170568.0,171548.0,147.0,143.0,128.0,149.0,223.0,809.0,804.0,622.0,600.0,579.0,88.98,85.4,75.41,87.36,129.99,489.69,480.16,366.44,351.77,337.51,168902.2,158.0,682.8,93.43,405.11
30,001,30001,Montana,Beaverhead,9375.0,,,9882.0,9990.0,0.0,,,10.0,24.0,1.0,,,15.0,6.0,0.0,,,101.19,240.24,10.67,,,151.79,60.06,9749.0,11.33,7.33,113.81,74.17
30,003,30003,Montana,Big Horn,13079.0,12893.0,12873.0,12860.0,12847.0,72.0,82.0,35.0,59.0,44.0,213.0,315.0,131.0,79.0,73.0,550.5,636.0,271.89,458.79,342.49,1628.56,2443.19,1017.63,614.31,568.23,12910.4,58.4,162.2,451.93,1254.38
30,005,30005,Montana,Blaine,7009.0,7000.0,,,6876.0,7.0,5.0,,,4.0,9.0,11.0,,,8.0,99.87,71.43,,,58.17,128.41,157.14,,,116.35,6961.67,5.33,9.33,76.49,133.97
30,007,30007,Montana,Broadwater,6860.0,7329.0,7794.0,8061.0,8289.0,22.0,21.0,20.0,30.0,23.0,40.0,29.0,31.0,15.0,32.0,320.7,286.53,256.61,372.16,277.48,583.09,395.69,397.74,186.08,386.05,7666.6,23.2,29.4,302.7,389.73
30,093,30093,Montana,Butte-Silver Bow,35208.0,35498.0,35822.0,36122.0,36091.0,142.0,121.0,117.0,126.0,176.0,,1569.0,1569.0,808.0,854.0,403.32,340.86,326.61,348.82,487.66,,4419.97,4379.99,2236.86,2366.24,35748.2,136.4,1200.0,381.45,3350.76
30,011,30011,Montana,Carter,1406.0,1415.0,1400.0,1409.0,1422.0,0.0,0.0,0.0,0.0,0.0,0.0,0.0,0.0,0.0,0.0,0.0,0.0,0.0,0.0,0.0,0.0,0.0,0.0,0.0,0.0,1410.4,0.0,0.0,0.0,0.0
30,015,30015,Montana,Chouteau,5911.0,5936.0,5913.0,5875.0,5853.0,4.0,4.0,3.0,8.0,8.0,4.0,3.0,0.0,10.0,20.0,67.67,67.39,50.74,136.17,136.68,67.67,50.54,0.0,170.21,341.71,5897.6,5.4,7.4,91.73,126.03
30,017,30017,Montana,Custer,11860.0,11960.0,11997.0,,11977.0,4.0,15.0,12.0,,5.0,6.0,14.0,21.0,,11.0,33.73,125.42,100.03,,41.75,50.59,117.06,175.04,,91.84,11948.5,9.0,13.0,75.23,108.63
30,021,30021,Montana,Dawson,8921.0,8855.0,8796.0,8825.0,8739.0,5.0,8.0,10.0,13.0,6.0,41.0,26.0,26.0,35.0,10.0,56.05,90.34,113.69,147.31,68.66,459.59,293.62,295.59,396.6,114.43,8827.2,8.4,27.6,95.21,311.97
30,023,30023,Montana,Deer Lodge,9425.0,9522.0,9529.0,9658.0,,17.0,24.0,24.0,31.0,,189.0,188.0,160.0,83.0,,180.37,252.05,251.86,320.98,,2005.31,1974.38,1679.08,859.39,,9533.5,24.0,155.0,251.32,1629.54
30,027,30027,Montana,Fergus,11473.0,11618.0,11662.0,11813.0,11826.0,11.0,2.0,5.0,7.0,14.0,19.0,9.0,1.0,8.0,31.0,95.88,17.21,42.87,59.26,118.38,165.61,77.47,8.57,67.72,262.13,11678.4,7.8,13.6,66.72,116.3
30,029,30029,Montana,Flathead,104873.0,108760.0,111687.0,113381.0,114367.0,191.0,216.0,222.0,215.0,227.0,800.0,652.0,786.0,652.0,608.0,182.13,198.6,198.77,189.63,198.48,762.83,599.49,703.75,575.05,531.62,110613.6,214.2,699.6,193.52,634.55
30,031,30031,Montana,Gallatin,119593.0,123103.0,124713.0,125952.0,127498.0,127.0,137.0,130.0,195.0,158.0,400.0,369.0,386.0,425.0,383.0,106.19,111.29,104.24,154.82,123.92,334.47,299.75,309.51,337.43,300.4,124171.8,149.4,392.6,120.09,316.31
30,033,30033,Montana,Garfield,1170.0,1206.0,1220.0,,1175.0,1.0,4.0,0.0,,1.0,3.0,2.0,1.0,,1.0,85.47,331.67,0.0,,85.11,256.41,165.84,81.97,,85.11,1192.75,1.5,1.75,125.56,147.33
30,035,30035,Montana,Glacier,13736.0,13710.0,13609.0,13550.0,13515.0,12.0,2.0,9.0,10.0,4.0,37.0,26.0,24.0,23.0,17.0,87.36,14.59,66.13,73.8,29.6,269.37,189.64,176.35,169.74,125.79,13624.0,7.4,25.4,54.3,186.18
30,037,30037,Montana,Golden Valley,822.0,820.0,842.0,864.0,844.0,2.0,2.0,0.0,2.0,0.0,0.0,5.0,4.0,0.0,3.0,243.31,243.9,0.0,231.48,0.0,0.0,609.76,475.06,0.0,355.45,838.4,1.2,2.4,143.74,288.05
30,039,30039,Montana,Granite,3307.0,3361.0,3488.0,3592.0,3639.0,2.0,5.0,5.0,16.0,6.0,17.0,31.0,37.0,34.0,30.0,60.48,148.77,143.35,445.43,164.88,514.06,922.34,1060.78,946.55,824.4,3477.4,6.8,29.8,192.58,853.63
30,041,30041,Montana,Hill,16248.0,16195.0,16066.0,16194.0,16115.0,30.0,22.0,15.0,32.0,34.0,106.0,149.0,138.0,117.0,125.0,184.64,135.84,93.36,197.6,210.98,652.39,920.04,858.96,722.49,775.67,16163.6,26.6,127.0,164.48,785.91
30,043,30043,Montana,Jefferson,12141.0,12465.0,12846.0,13049.0,13231.0,25.0,30.0,19.0,32.0,46.0,89.0,115.0,79.0,95.0,115.0,205.91,240.67,147.91,245.23,347.67,733.05,922.58,614.98,728.03,869.17,12746.4,30.4,98.6,237.48,773.56
30,047,30047,Montana,Lake,31245.0,32072.0,32801.0,33206.0,33383.0,135.0,136.0,116.0,137.0,78.0,335.0,295.0,257.0,244.0,189.0,432.07,424.05,353.65,412.58,233.65,1072.17,919.81,783.51,734.81,566.16,32541.4,120.4,264.0,371.2,815.29
30,049,30049,Montana,Lewis and Clark,71181.0,72514.0,73664.0,74783.0,75092.0,90.0,120.0,91.0,74.0,88.0,317.0,324.0,267.0,228.0,240.0,126.44,165.49,123.53,98.95,117.19,445.34,446.81,362.46,304.88,319.61,73446.8,92.6,275.2,126.32,375.82
30,051,30051,Montana,Liberty,1956.0,1934.0,1969.0,1957.0,1951.0,0.0,0.0,1.0,3.0,4.0,0.0,3.0,6.0,6.0,1.0,0.0,0.0,50.79,153.3,205.02,0.0,155.12,304.72,306.59,51.26,1953.4,1.6,3.2,81.82,163.54
30,053,30053,Montana,Lincoln,19737.0,20588.0,21457.0,21864.0,22147.0,17.0,24.0,16.0,29.0,15.0,44.0,51.0,22.0,52.0,83.0,86.13,116.57,74.57,132.64,67.73,222.93,247.72,102.53,237.83,374.77,21158.6,20.2,50.4,95.53,237.16
30,057,30057,Montana,Madison,8657.0,8954.0,9240.0,9520.0,9772.0,8.0,14.0,5.0,16.0,15.0,39.0,23.0,19.0,18.0,25.0,92.41,156.35,54.11,168.07,153.5,450.5,256.87,205.63,189.08,255.83,9228.6,11.6,24.8,124.89,271.58
30,055,30055,Montana,McCone,1731.0,1712.0,1714.0,1683.0,1715.0,0.0,2.0,1.0,1.0,2.0,1.0,1.0,1.0,2.0,6.0,0.0,116.82,58.34,59.42,116.62,57.77,58.41,58.34,118.84,349.85,1711.0,1.2,2.2,70.24,128.64
30,059,30059,Montana,Meagher,1922.0,1965.0,,,2095.0,1.0,4.0,,,5.0,5.0,12.0,,,5.0,52.03,203.56,,,238.66,260.15,610.69,,,238.66,1994.0,3.33,7.33,164.75,369.83
30,061,30061,Montana,Mineral,4567.0,4865.0,5044.0,5137.0,5187.0,18.0,18.0,18.0,17.0,10.0,36.0,35.0,40.0,24.0,18.0,394.13,369.99,356.86,330.93,192.79,788.26,719.42,793.02,467.2,347.02,4960.0,16.2,30.6,328.94,622.98
30,065,30065,Montana,Musselshell,4748.0,4911.0,5198.0,5386.0,5452.0,27.0,13.0,21.0,9.0,16.0,38.0,45.0,34.0,25.0,21.0,568.66,264.71,404.0,167.1,293.47,800.34,916.31,654.1,464.17,385.18,5139.0,17.2,32.6,339.59,644.02
30,067,30067,Montana,Park,17229.0,17531.0,17790.0,17970.0,18173.0,11.0,22.0,15.0,21.0,12.0,43.0,59.0,45.0,41.0,37.0,63.85,125.49,84.32,116.86,66.03,249.58,336.55,252.95,228.16,203.6,17738.6,16.2,45.0,91.31,254.17
30,071,30071,Montana,Phillips,4208.0,4204.0,4216.0,4237.0,4196.0,21.0,23.0,31.0,18.0,18.0,37.0,37.0,23.0,32.0,30.0,499.05,547.1,735.29,424.83,428.98,879.28,880.11,545.54,755.25,714.97,4212.2,22.2,31.8,527.05,755.03
30,073,30073,Montana,Pondera,5883.0,6022.0,6094.0,6098.0,6065.0,6.0,5.0,0.0,2.0,4.0,9.0,24.0,23.0,19.0,16.0,101.99,83.03,0.0,32.8,65.95,152.98,398.54,377.42,311.58,263.81,6032.4,3.4,18.2,56.75,300.87
30,075,30075,Montana,Powder River,1694.0,1710.0,1728.0,1744.0,1758.0,0.0,2.0,1.0,0.0,0.0,0.0,0.0,0.0,1.0,0.0,0.0,116.96,57.87,0.0,0.0,0.0,0.0,0.0,57.34,0.0,1726.8,0.6,0.2,34.97,11.47
30,077,30077,Montana,Powell,6941.0,7021.0,7054.0,7112.0,7121.0,,15.0,21.0,25.0,15.0,15.0,17.0,13.0,11.0,13.0,,213.64,297.7,351.52,210.64,216.11,242.13,184.29,154.67,182.56,7049.8,19.0,13.8,268.38,195.95
30,079,30079,Montana,Prairie,1094.0,1099.0,1113.0,1112.0,1108.0,11.0,7.0,3.0,2.0,1.0,2.0,1.0,1.0,1.0,1.0,1005.48,636.94,269.54,179.86,90.25,182.82,90.99,89.85,89.93,90.25,1105.2,4.8,1.2,436.41,108.77
30,081,30081,Montana,Ravalli,44412.0,,47123.0,47634.0,48037.0,101.0,,21.0,90.0,83.0,350.0,,42.0,201.0,219.0,227.42,,44.56,188.94,172.78,788.08,,89.13,421.97,455.9,46801.5,73.75,203.0,158.43,438.77
30,083,30083,Montana,Richland,11527.0,11324.0,11174.0,11103.0,11071.0,14.0,5.0,9.0,2.0,8.0,28.0,20.0,15.0,15.0,5.0,121.45,44.15,80.54,18.01,72.26,242.91,176.62,134.24,135.1,45.16,11239.8,7.6,16.6,67.28,146.81
30,085,30085,Montana,Roosevelt,10808.0,10793.0,10504.0,10349.0,10210.0,53.0,22.0,35.0,33.0,25.0,61.0,29.0,28.0,27.0,42.0,490.38,203.84,333.21,318.87,244.86,564.4,268.69,266.57,260.89,411.36,10532.8,33.6,37.4,318.23,354.38
30,087,30087,Montana,Rosebud,8309.0,8076.0,8107.0,8112.0,8218.0,4.0,8.0,6.0,8.0,2.0,12.0,3.0,4.0,6.0,8.0,48.14,99.06,74.01,98.62,24.34,144.42,37.15,49.34,73.96,97.35,8164.4,5.6,6.6,68.83,80.44
30,089,30089,Montana,Sanders,12454.0,12933.0,13373.0,13713.0,13892.0,7.0,13.0,18.0,35.0,21.0,52.0,42.0,27.0,29.0,29.0,56.21,100.52,134.6,255.23,151.17,417.54,324.75,201.9,211.48,208.75,13273.0,18.8,35.8,139.55,272.88
30,091,30091,Montana,Sheridan,3540.0,3577.0,3555.0,3492.0,3478.0,10.0,21.0,21.0,13.0,9.0,39.0,43.0,48.0,45.0,51.0,282.49,587.08,590.72,372.28,258.77,1101.69,1202.12,1350.21,1288.66,1466.36,3528.4,14.8,45.2,418.27,1281.81
30,097,30097,Montana,Sweet Grass,3674.0,3707.0,3728.0,3788.0,3818.0,20.0,13.0,23.0,7.0,5.0,36.0,33.0,19.0,26.0,6.0,544.37,350.69,616.95,184.79,130.96,979.86,890.21,509.66,686.38,157.15,3743.0,13.6,24.0,365.55,644.65
30,099,30099,Montana,Teton,6252.0,6280.0,6343.0,6433.0,6439.0,13.0,23.0,11.0,9.0,11.0,31.0,78.0,26.0,25.0,36.0,207.93,366.24,173.42,139.9,170.83,495.84,1242.04,409.9,388.62,559.09,6349.4,13.4,39.2,211.66,619.1
30,101,30101,Montana,Toole,4967.0,4985.0,5061.0,5119.0,5153.0,41.0,10.0,10.0,18.0,17.0,45.0,77.0,66.0,58.0,39.0,825.45,200.6,197.59,351.63,329.9,905.98,1544.63,1304.09,1133.03,756.84,5057.0,19.2,57.0,381.03,1128.91
30,105,30105,Montana,Valley,7564.0,7569.0,7558.0,7434.0,7385.0,14.0,1.0,8.0,3.0,7.0,38.0,4.0,5.0,9.0,7.0,185.09,13.21,105.85,40.36,94.79,502.38,52.85,66.16,121.07,94.79,7502.0,6.6,12.6,87.86,167.45
30,107,30107,Montana,Wheatland,2075.0,2043.0,2049.0,2069.0,2058.0,2.0,2.0,6.0,7.0,1.0,1.0,2.0,3.0,2.0,4.0,96.39,97.9,292.83,338.33,48.59,48.19,97.9,146.41,96.67,194.36,2058.8,3.6,2.4,174.81,116.71
30,109,30109,Montana,Wibaux,936.0,936.0,922.0,,912.0,1.0,0.0,0.0,,0.0,0.0,0.0,0.0,,2.0,106.84,0.0,0.0,,0.0,0.0,0.0,0.0,,219.3,926.5,0.25,0.5,26.71,54.82
31,025,31025,Nebraska,Cass,26610.0,27084.0,27177.0,27463.0,27501.0,22.0,12.0,13.0,16.0,14.0,182.0,154.0,113.0,99.0,75.0,82.68,44.31,47.83,58.26,50.91,683.95,568.6,415.79,360.49,272.72,27167.0,15.4,124.6,56.8,460.31
31,051,31051,Nebraska,Dixon,5581.0,5555.0,5557.0,5557.0,5581.0,5.0,2.0,10.0,3.0,7.0,26.0,28.0,11.0,8.0,7.0,89.59,36.0,179.95,53.99,125.43,465.87,504.05,197.95,143.96,125.43,5566.2,5.4,16.0,96.99,287.45
31,055,31055,Nebraska,Douglas,585428.0,585604.0,587963.0,593496.0,600903.0,78.0,92.0,79.0,74.0,86.0,507.0,675.0,646.0,670.0,560.0,13.32,15.71,13.44,12.47,14.31,86.6,115.27,109.87,112.89,93.19,590678.8,81.8,611.6,13.85,103.56
31,079,31079,Nebraska,Hall,62767.0,62082.0,62555.0,63294.0,63891.0,31.0,24.0,7.0,7.0,8.0,101.0,103.0,125.0,96.0,73.0,49.39,38.66,11.19,11.06,12.52,160.91,165.91,199.82,151.67,114.26,62917.8,15.4,99.6,24.56,158.51
31,155,31155,Nebraska,Saunders,22365.0,22825.0,23152.0,23500.0,23444.0,12.0,3.0,4.0,6.0,10.0,49.0,62.0,58.0,44.0,43.0,53.66,13.14,17.28,25.53,42.65,219.09,271.63,250.52,187.23,183.42,23057.2,7.0,51.2,30.45,222.38
31,177,31177,Nebraska,Washington,20932.0,21004.0,,,,4.0,3.0,,,,50.0,68.0,,,,19.11,14.28,,,,238.87,323.75,,,,20968.0,3.5,59.0,16.7,281.31
31,001,31001,Nebraska,Adams,31176.0,30975.0,31016.0,30908.0,31203.0,11.0,5.0,3.0,6.0,6.0,82.0,48.0,24.0,45.0,27.0,35.28,16.14,9.67,19.41,19.23,263.02,154.96,77.38,145.59,86.53,31055.6,6.2,45.2,19.95,145.5
31,011,31011,Nebraska,Boone,5361.0,,,,5390.0,3.0,,,,4.0,19.0,,,,3.0,55.96,,,,74.21,354.41,,,,55.66,5375.5,3.5,11.0,65.08,205.04
31,013,31013,Nebraska,Box Butte,10821.0,,10665.0,10705.0,,1.0,,3.0,2.0,,9.0,,27.0,10.0,,9.24,,28.13,18.68,,83.17,,253.16,93.41,,10730.33,2.0,15.33,18.68,143.25
31,019,31019,Nebraska,Buffalo,50197.0,50337.0,50553.0,50745.0,51126.0,19.0,14.0,25.0,27.0,23.0,110.0,93.0,116.0,75.0,61.0,37.85,27.81,49.45,53.21,44.99,219.14,184.75,229.46,147.8,119.31,50591.6,21.6,91.0,42.66,180.09
31,033,31033,Nebraska,Cheyenne,9488.0,9497.0,9504.0,9521.0,9538.0,9.0,25.0,15.0,8.0,4.0,11.0,8.0,7.0,10.0,13.0,94.86,263.24,157.83,84.02,41.94,115.94,84.24,73.65,105.03,136.3,9509.6,12.2,9.8,128.38,103.03
31,041,31041,Nebraska,Custer,10496.0,10500.0,10507.0,10609.0,10517.0,0.0,4.0,4.0,3.0,6.0,20.0,22.0,37.0,11.0,15.0,0.0,38.1,38.07,28.28,57.05,190.55,209.52,352.15,103.69,142.63,10525.8,3.4,21.0,32.3,199.71
31,045,31045,Nebraska,Dawes,8157.0,,,8148.0,8015.0,0.0,,,2.0,0.0,5.0,,,2.0,1.0,0.0,,,24.55,0.0,61.3,,,24.55,12.48,8106.67,0.67,2.67,8.18,32.78
31,059,31059,Nebraska,Fillmore,5567.0,5547.0,,,,8.0,2.0,,,,12.0,11.0,,,,143.7,36.06,,,,215.56,198.31,,,,5557.0,5.0,11.5,89.88,206.94
31,061,31061,Nebraska,Franklin,2885.0,,,,,0.0,,,,,18.0,,,,,0.0,,,,,623.92,,,,,2885.0,0.0,18.0,0.0,623.92
31,063,31063,Nebraska,Frontier,2506.0,,,,,5.0,,,,,28.0,,,,,199.52,,,,,1117.32,,,,,2506.0,5.0,28.0,199.52,1117.32
31,067,31067,Nebraska,Gage,21661.0,21644.0,21559.0,21644.0,,20.0,18.0,22.0,7.0,,37.0,42.0,47.0,24.0,,92.33,83.16,102.05,32.34,,170.81,194.05,218.01,110.89,,21627.0,16.75,37.5,77.47,173.44
31,073,31073,Nebraska,Gosper,1895.0,,1833.0,1845.0,1827.0,2.0,,0.0,0.0,0.0,11.0,,1.0,0.0,0.0,105.54,,0.0,0.0,0.0,580.47,,54.56,0.0,0.0,1850.0,0.5,3.0,26.38,158.76
31,097,31097,Nebraska,Johnson,5292.0,5312.0,5261.0,,,11.0,6.0,4.0,,,17.0,19.0,13.0,,,207.86,112.95,76.03,,,321.24,357.68,247.1,,,5288.33,7.0,16.33,132.28,308.67
31,099,31099,Nebraska,Kearney,6690.0,6688.0,6687.0,6732.0,,9.0,6.0,3.0,1.0,,29.0,14.0,19.0,19.0,,134.53,89.71,44.86,14.85,,433.48,209.33,284.13,282.23,,6699.25,4.75,20.25,70.99,302.29
31,101,31101,Nebraska,Keith,8323.0,8256.0,8202.0,8164.0,8161.0,5.0,2.0,1.0,3.0,2.0,20.0,4.0,12.0,13.0,6.0,60.07,24.22,12.19,36.75,24.51,240.3,48.45,146.31,159.24,73.52,8221.2,2.6,11.0,31.55,133.56
31,103,31103,Nebraska,Keya Paha,760.0,,,801.0,,0.0,,,0.0,,0.0,,,0.0,,0.0,,,0.0,,0.0,,,0.0,,780.5,0.0,0.0,0.0,0.0
31,107,31107,Nebraska,Knox,8377.0,,,,8374.0,0.0,,,,3.0,29.0,,,,30.0,0.0,,,,35.83,346.19,,,,358.25,8375.5,1.5,29.5,17.92,352.22
31,111,31111,Nebraska,Lincoln,34534.0,34084.0,33629.0,,33285.0,11.0,8.0,5.0,,3.0,82.0,64.0,43.0,,15.0,31.85,23.47,14.87,,9.01,237.45,187.77,127.87,,45.07,33883.0,6.75,51.0,19.8,149.54
31,119,31119,Nebraska,Madison,35533.0,35406.0,35486.0,35841.0,35793.0,11.0,5.0,6.0,13.0,4.0,15.0,25.0,19.0,12.0,27.0,30.96,14.12,16.91,36.27,11.18,42.21,70.61,53.54,33.48,75.43,35611.8,7.8,19.6,21.89,55.05
31,127,31127,Nebraska,Nemaha,7086.0,7004.0,7024.0,,7104.0,7.0,9.0,13.0,,14.0,29.0,22.0,43.0,,15.0,98.79,128.5,185.08,,197.07,409.26,314.11,612.19,,211.15,7054.5,10.75,27.25,152.36,386.68
31,133,31133,Nebraska,Pawnee,2536.0,,,,,3.0,,,,,21.0,,,,,118.3,,,,,828.08,,,,,2536.0,3.0,21.0,118.3,828.08
31,135,31135,Nebraska,Perkins,2859.0,2817.0,2838.0,2800.0,,4.0,0.0,1.0,1.0,,20.0,13.0,19.0,21.0,,139.91,0.0,35.24,35.71,,699.55,461.48,669.49,750.0,,2828.5,1.5,18.25,52.72,645.13
31,137,31137,Nebraska,Phelps,8978.0,8923.0,,,9030.0,7.0,3.0,,,4.0,22.0,8.0,,,8.0,77.97,33.62,,,44.3,245.04,89.66,,,88.59,8977.0,4.67,12.67,51.96,141.1
31,151,31151,Nebraska,Saline,14716.0,,,14788.0,14980.0,12.0,,,4.0,7.0,23.0,,,28.0,31.0,81.54,,,27.05,46.73,156.29,,,189.34,206.94,14828.0,7.67,27.33,51.77,184.19
31,169,31169,Nebraska,Thayer,5022.0,,4864.0,4854.0,4874.0,9.0,,9.0,3.0,4.0,19.0,,16.0,12.0,9.0,179.21,,185.03,61.8,82.07,378.34,,328.95,247.22,184.65,4903.5,6.25,14.0,127.03,284.79
31,175,31175,Nebraska,Valley,4058.0,4063.0,4063.0,,,3.0,1.0,3.0,,,4.0,3.0,4.0,,,73.93,24.61,73.84,,,98.57,73.84,98.45,,,4061.33,2.33,3.67,57.46,90.29
31,179,31179,Nebraska,Wayne,9705.0,9877.0,9940.0,,9900.0,3.0,2.0,1.0,,1.0,16.0,16.0,10.0,,8.0,30.91,20.25,10.06,,10.1,164.86,161.99,100.6,,80.81,9855.5,1.75,12.5,17.83,127.07
32,510,32510,Nevada,Carson City,58688.0,58835.0,58223.0,58367.0,58300.0,216.0,210.0,187.0,158.0,186.0,617.0,631.0,570.0,502.0,474.0,368.05,356.93,321.18,270.7,319.04,1051.32,1072.49,978.99,860.08,813.04,58482.6,191.4,558.8,327.18,955.18
32,029,32029,Nevada,Storey,4108.0,,4176.0,,,36.0,,18.0,,,86.0,,58.0,,,876.34,,431.03,,,2093.48,,1388.89,,,4142.0,27.0,72.0,653.68,1741.18
32,031,32031,Nevada,Washoe,487728.0,494481.0,496521.0,499599.0,505384.0,241.0,337.0,323.0,351.0,405.0,722.0,772.0,773.0,680.0,690.0,49.41,68.15,65.05,70.26,80.14,148.03,156.12,155.68,136.11,136.53,496742.6,331.4,727.4,66.6,146.49
32,001,32001,Nevada,Churchill,25570.0,25663.0,25799.0,25852.0,25955.0,26.0,27.0,22.0,16.0,33.0,175.0,260.0,94.0,113.0,93.0,101.68,105.21,85.27,61.89,127.14,684.4,1013.13,364.36,437.1,358.31,25767.8,24.8,147.0,96.24,571.46
32,005,32005,Nevada,Douglas,49525.0,50014.0,49588.0,49407.0,49591.0,54.0,68.0,79.0,58.0,70.0,531.0,559.0,444.0,367.0,367.0,109.04,135.96,159.31,117.39,141.15,1072.19,1117.69,895.38,742.81,740.05,49625.0,65.8,453.6,132.57,913.62
32,007,32007,Nevada,Elko,53677.0,53879.0,54075.0,54566.0,54686.0,86.0,58.0,48.0,55.0,57.0,192.0,213.0,198.0,147.0,118.0,160.22,107.65,88.77,100.8,104.23,357.7,395.33,366.16,269.4,215.78,54176.6,60.8,173.6,112.33,320.87
32,013,32013,Nevada,Humboldt,17270.0,17631.0,17258.0,17176.0,17178.0,28.0,22.0,21.0,20.0,23.0,68.0,138.0,134.0,100.0,74.0,162.13,124.78,121.68,116.44,133.89,393.75,782.71,776.45,582.21,430.78,17302.6,22.8,102.8,131.78,593.18
32,015,32015,Nevada,Lander,5723.0,5758.0,5765.0,5804.0,5775.0,50.0,18.0,40.0,22.0,15.0,88.0,78.0,99.0,81.0,40.0,873.67,312.61,693.84,379.05,259.74,1537.66,1354.64,1717.26,1395.59,692.64,5765.0,29.0,77.2,503.78,1339.56
32,017,32017,Nevada,Lincoln,4435.0,,,,,1.0,,,,,36.0,,,,,22.55,,,,,811.72,,,,,4435.0,1.0,36.0,22.55,811.72
32,019,32019,Nevada,Lyon,59464.0,60961.0,61541.0,62658.0,63776.0,153.0,159.0,159.0,190.0,206.0,521.0,546.0,491.0,401.0,326.0,257.3,260.82,258.36,303.23,323.01,876.16,895.65,797.84,639.98,511.16,61680.0,173.4,457.0,280.54,744.16
32,023,32023,Nevada,Nye,51986.0,53351.0,54815.0,55914.0,56361.0,168.0,174.0,174.0,140.0,148.0,677.0,760.0,860.0,800.0,606.0,323.16,326.14,317.43,250.38,262.59,1302.27,1424.53,1568.91,1430.77,1075.21,54485.4,160.8,740.6,295.94,1360.34
32,027,32027,Nevada,Pershing,6635.0,,,,,49.0,,,,,27.0,,,,,738.51,,,,,406.93,,,,,6635.0,49.0,27.0,738.51,406.93
32,033,32033,Nevada,White Pine,9068.0,,8736.0,8553.0,8632.0,26.0,,37.0,23.0,27.0,81.0,,49.0,77.0,38.0,286.72,,423.53,268.91,312.79,893.25,,560.9,900.27,440.22,8747.25,28.25,61.25,322.99,698.66
33,017,33017,New Hampshire,Strafford,131084.0,131643.0,132469.0,133595.0,134331.0,1.0,2.0,3.0,6.0,4.0,0.0,0.0,1.0,2.0,0.0,0.76,1.52,2.26,4.49,2.98,0.0,0.0,0.75,1.5,0.0,132624.4,3.2,0.6,2.4,0.45
33,003,33003,New Hampshire,Carroll,50251.0,51741.0,52093.0,52398.0,52566.0,3.0,3.0,3.0,0.0,1.0,51.0,41.0,42.0,21.0,33.0,5.97,5.8,5.76,0.0,1.9,101.49,79.24,80.63,40.08,62.78,51809.8,2.0,37.6,3.89,72.84
33,005,33005,New Hampshire,Cheshire,76541.0,76858.0,77380.0,77680.0,78168.0,2.0,4.0,6.0,0.0,1.0,8.0,10.0,12.0,3.0,6.0,2.61,5.2,7.75,0.0,1.28,10.45,13.01,15.51,3.86,7.68,77325.4,2.6,7.8,3.37,10.1
33,009,33009,New Hampshire,Grafton,91193.0,90518.0,92918.0,,92993.0,8.0,4.0,0.0,,0.0,1.0,2.0,0.0,,0.0,8.77,4.42,0.0,,0.0,1.1,2.21,0.0,,0.0,91905.5,3.0,0.75,3.3,0.83
33,013,33013,New Hampshire,Merrimack,154061.0,154660.0,156220.0,156883.0,157547.0,0.0,0.0,0.0,1.0,2.0,0.0,1.0,1.0,0.0,1.0,0.0,0.0,0.0,0.64,1.27,0.0,0.65,0.64,0.0,0.63,155874.2,0.6,0.6,0.38,0.38
34,001,34001,New Jersey,Atlantic,274192.0,,275872.0,276643.0,278467.0,0.0,,0.0,0.0,0.0,0.0,,0.0,0.0,0.0,0.0,,0.0,0.0,0.0,0.0,,0.0,0.0,0.0,276293.5,0.0,0.0,0.0,0.0
34,003,34003,New Jersey,Bergen,953848.0,,956251.0,964156.0,973477.0,0.0,,0.0,0.0,0.0,0.0,,0.0,0.0,0.0,0.0,,0.0,0.0,0.0,0.0,,0.0,0.0,0.0,961933.0,0.0,0.0,0.0,0.0
34,005,34005,New Jersey,Burlington,461700.0,,467822.0,472273.0,477522.0,0.0,,0.0,0.0,0.0,0.0,,0.0,0.0,0.0,0.0,,0.0,0.0,0.0,0.0,,0.0,0.0,0.0,469829.25,0.0,0.0,0.0,0.0
34,007,34007,New Jersey,Camden,523239.0,,525833.0,529977.0,533595.0,2.0,,3.0,0.0,9.0,11.0,,38.0,25.0,24.0,0.38,,0.57,0.0,1.69,2.1,,7.23,4.72,4.5,528161.0,3.5,24.5,0.66,4.64
34,009,34009,New Jersey,Cape May,95029.0,,95165.0,94577.0,94094.0,0.0,,0.0,0.0,0.0,0.0,,0.0,0.0,0.0,0.0,,0.0,0.0,0.0,0.0,,0.0,0.0,0.0,94716.25,0.0,0.0,0.0,0.0
34,011,34011,New Jersey,Cumberland,153733.0,,152025.0,154497.0,156407.0,0.0,,0.0,0.0,0.0,0.0,,0.0,0.0,0.0,0.0,,0.0,0.0,0.0,0.0,,0.0,0.0,0.0,154165.5,0.0,0.0,0.0,0.0
34,013,34013,New Jersey,Essex,859934.0,,855294.0,871153.0,891241.0,90.0,,81.0,50.0,54.0,108.0,,140.0,101.0,96.0,10.47,,9.47,5.74,6.06,12.56,,16.37,11.59,10.77,869405.5,68.75,111.25,7.94,12.82
34,015,34015,New Jersey,Gloucester,302564.0,,306718.0,308693.0,311263.0,0.0,,0.0,0.0,0.0,0.0,,2.0,2.0,4.0,0.0,,0.0,0.0,0.0,0.0,,0.65,0.65,1.29,307309.5,0.0,2.0,0.0,0.65
34,017,34017,New Jersey,Hudson,721800.0,,707743.0,719682.0,731028.0,0.0,,0.0,0.0,0.0,0.0,,0.0,0.0,0.0,0.0,,0.0,0.0,0.0,0.0,,0.0,0.0,0.0,720063.25,0.0,0.0,0.0,0.0
34,019,34019,New Jersey,Hunterdon,128773.0,,129859.0,130313.0,131097.0,0.0,,0.0,0.0,0.0,0.0,,0.0,0.0,0.0,0.0,,0.0,0.0,0.0,0.0,,0.0,0.0,0.0,130010.5,0.0,0.0,0.0,0.0
34,021,34021,New Jersey,Mercer,386434.0,,,391369.0,397329.0,4.0,,,3.0,3.0,4.0,,,5.0,3.0,1.04,,,0.77,0.76,1.04,,,1.28,0.76,391710.67,3.33,4.0,0.86,1.03
34,023,34023,New Jersey,Middlesex,861248.0,,864552.0,873281.0,881620.0,0.0,,0.0,0.0,0.0,0.0,,0.0,0.0,0.0,0.0,,0.0,0.0,0.0,0.0,,0.0,0.0,0.0,870175.25,0.0,0.0,0.0,0.0
34,025,34025,New Jersey,Monmouth,642385.0,,645026.0,645796.0,648673.0,3.0,,3.0,14.0,1.0,0.0,,0.0,1.0,2.0,0.47,,0.47,2.17,0.15,0.0,,0.0,0.15,0.31,645470.0,5.25,0.75,0.82,0.12
34,027,34027,New Jersey,Morris,508211.0,,511860.0,516902.0,,0.0,,0.0,0.0,,0.0,,0.0,0.0,,0.0,,0.0,0.0,,0.0,,0.0,0.0,,512324.33,0.0,0.0,0.0,0.0
34,029,34029,New Jersey,Ocean,638143.0,,656066.0,,668395.0,2.0,,0.0,,3.0,2.0,,5.0,,5.0,0.31,,0.0,,0.45,0.31,,0.76,,0.75,654201.33,1.67,4.0,0.25,0.61
34,031,34031,New Jersey,Passaic,523156.0,,,524011.0,531117.0,0.0,,,0.0,1.0,0.0,,,4.0,15.0,0.0,,,0.0,0.19,0.0,,,0.76,2.82,526094.67,0.33,6.33,0.06,1.19
34,033,34033,New Jersey,Salem,64781.0,,65110.0,65488.0,65940.0,0.0,,0.0,0.0,0.0,0.0,,0.0,0.0,0.0,0.0,,0.0,0.0,0.0,0.0,,0.0,0.0,0.0,65329.75,0.0,0.0,0.0,0.0
34,035,34035,New Jersey,Somerset,344516.0,,347621.0,351042.0,355122.0,2.0,,3.0,0.0,0.0,0.0,,0.0,0.0,0.0,0.58,,0.86,0.0,0.0,0.0,,0.0,0.0,0.0,349575.25,1.25,0.0,0.36,0.0
34,037,34037,New Jersey,Sussex,143877.0,,145668.0,146328.0,147445.0,0.0,,0.0,0.0,0.0,0.0,,0.0,0.0,0.0,0.0,,0.0,0.0,0.0,0.0,,0.0,0.0,0.0,145829.5,0.0,0.0,0.0,0.0
34,039,34039,New Jersey,Union,573482.0,,574934.0,,598743.0,0.0,,0.0,,0.0,0.0,,0.0,,0.0,0.0,,0.0,,0.0,0.0,,0.0,,0.0,582386.33,0.0,0.0,0.0,0.0
34,041,34041,New Jersey,Warren,109431.0,,111018.0,111651.0,112424.0,0.0,,0.0,0.0,0.0,0.0,,0.0,0.0,0.0,0.0,,0.0,0.0,0.0,0.0,,0.0,0.0,0.0,111131.0,0.0,0.0,0.0,0.0
35,013,35013,New Mexico,Dona Ana,220059.0,,223385.0,225966.0,228104.0,305.0,,339.0,274.0,338.0,978.0,,1209.0,1017.0,1106.0,138.6,,151.76,121.26,148.18,444.43,,541.22,450.07,484.87,224378.5,314.0,1077.5,139.95,480.15
35,045,35045,New Mexico,San Juan,121384.0,,120504.0,120754.0,120525.0,186.0,,240.0,270.0,271.0,358.0,,413.0,481.0,457.0,153.23,,199.16,223.6,224.85,294.93,,342.73,398.33,379.17,120791.75,241.75,427.25,200.21,353.79
35,061,35061,New Mexico,Valencia,76495.0,,78236.0,79254.0,80894.0,178.0,,224.0,200.0,232.0,601.0,,768.0,554.0,516.0,232.69,,286.31,252.35,286.8,785.67,,981.65,699.02,637.87,78719.75,208.5,609.75,264.54,776.05
35,009,35009,New Mexico,Curry,48372.0,,47422.0,47403.0,47377.0,16.0,,20.0,26.0,20.0,104.0,,191.0,103.0,91.0,33.08,,42.17,54.85,42.21,215.0,,402.77,217.29,192.08,47643.5,20.5,122.25,43.08,256.78
35,015,35015,New Mexico,Eddy,62344.0,,60244.0,60753.0,,73.0,,69.0,56.0,,544.0,,393.0,302.0,,117.09,,114.53,92.18,,872.58,,652.35,497.09,,61113.67,66.0,413.0,107.93,674.01
36,001,36001,New York,Albany,314293.0,,315764.0,,319702.0,12.0,,10.0,,8.0,111.0,,116.0,,50.0,3.82,,3.17,,2.5,35.32,,36.74,,15.64,316586.33,10.0,92.33,3.16,29.23
36,007,36007,New York,Broome,198145.0,,197171.0,195934.0,195893.0,34.0,,41.0,44.0,43.0,460.0,,609.0,552.0,525.0,17.16,,20.79,22.46,21.95,232.15,,308.87,281.73,268.0,196785.75,40.5,536.5,20.59,272.69
36,015,36015,New York,Chemung,83652.0,,,81090.0,80837.0,9.0,,,14.0,16.0,172.0,,,167.0,126.0,10.76,,,17.26,19.79,205.61,,,205.94,155.87,81859.67,13.0,155.0,15.94,189.14
36,027,36027,New York,Dutchess,296309.0,,297214.0,297451.0,299256.0,34.0,,44.0,40.0,24.0,376.0,,344.0,337.0,326.0,11.47,,14.8,13.45,8.02,126.89,,115.74,113.3,108.94,297557.5,35.5,345.75,11.93,116.22
36,029,36029,New York,Erie,952491.0,,949276.0,947418.0,947783.0,52.0,,111.0,53.0,45.0,570.0,,617.0,525.0,560.0,5.46,,11.69,5.59,4.75,59.84,,65.0,55.41,59.09,949242.0,65.25,568.0,6.87,59.84
36,043,36043,New York,Herkimer,60043.0,,59581.0,59551.0,59368.0,0.0,,0.0,0.0,0.0,0.0,,19.0,22.0,11.0,0.0,,0.0,0.0,0.0,0.0,,31.89,36.94,18.53,59635.75,0.0,13.0,0.0,21.84
36,045,36045,New York,Jefferson,116075.0,,115493.0,113280.0,112795.0,10.0,,12.0,11.0,17.0,190.0,,182.0,164.0,131.0,8.62,,10.39,9.71,15.07,163.69,,157.59,144.77,116.14,114410.75,12.5,166.75,10.95,145.55
36,053,36053,New York,Madison,67942.0,,67059.0,67242.0,67193.0,20.0,,10.0,15.0,18.0,98.0,,109.0,101.0,79.0,29.44,,14.91,22.31,26.79,144.24,,162.54,150.2,117.57,67359.0,15.75,96.75,23.36,143.64
36,055,36055,New York,Monroe,758384.0,,750469.0,748957.0,750294.0,134.0,,189.0,199.0,157.0,2014.0,,2360.0,2258.0,2491.0,17.67,,25.18,26.57,20.93,265.56,,314.47,301.49,332.0,752026.0,169.75,2280.75,22.59,303.38
36,059,36059,New York,Nassau,1390952.0,,1388346.0,1388940.0,1397783.0,1304.0,,1748.0,1868.0,1744.0,8572.0,,13870.0,14609.0,11887.0,93.75,,125.91,134.49,124.77,616.27,,999.03,1051.81,850.42,1391505.25,1666.0,12234.5,119.73,879.38
36,063,36063,New York,Niagara,212118.0,,210403.0,209451.0,209380.0,28.0,,32.0,38.0,34.0,536.0,,540.0,570.0,505.0,13.2,,15.21,18.14,16.24,252.69,,256.65,272.14,241.19,210338.0,33.0,537.75,15.7,255.67
36,065,36065,New York,Oneida,231265.0,,228351.0,227555.0,227292.0,47.0,,47.0,54.0,39.0,245.0,,263.0,202.0,191.0,20.32,,20.58,23.73,17.16,105.94,,115.17,88.77,84.03,228615.75,46.75,225.25,20.45,98.48
36,067,36067,New York,Onondaga,475429.0,,469910.0,468524.0,468173.0,219.0,,198.0,211.0,209.0,1686.0,,1330.0,1481.0,1188.0,46.06,,42.14,45.04,44.64,354.63,,283.03,316.1,253.75,470509.0,209.25,1421.25,44.47,301.88
36,069,36069,New York,Ontario,112467.0,,112499.0,112374.0,112733.0,58.0,,47.0,48.0,67.0,705.0,,563.0,627.0,504.0,51.57,,41.78,42.71,59.43,626.85,,500.45,557.96,447.07,112518.25,55.0,599.75,48.87,533.08
36,071,36071,New York,Orange,400973.0,,407314.0,,415088.0,2.0,,2.0,,3.0,15.0,,5.0,,14.0,0.5,,0.49,,0.72,3.74,,1.23,,3.37,407791.67,2.33,11.33,0.57,2.78
36,075,36075,New York,Oswego,117437.0,,118150.0,117939.0,118182.0,35.0,,44.0,52.0,27.0,256.0,,365.0,200.0,246.0,29.8,,37.24,44.09,22.85,217.99,,308.93,169.58,208.15,117927.0,39.5,266.75,33.5,226.16
36,079,36079,New York,Putnam,97636.0,,,98110.0,98842.0,12.0,,,13.0,23.0,117.0,,,192.0,225.0,12.29,,,13.25,23.27,119.83,,,195.7,227.64,98196.0,16.0,178.0,16.27,181.06
36,083,36083,New York,Rensselaer,160889.0,,159213.0,159605.0,160014.0,20.0,,23.0,29.0,18.0,147.0,,172.0,223.0,146.0,12.43,,14.45,18.17,11.25,91.37,,108.03,139.72,91.24,159930.25,22.5,172.0,14.08,107.59
36,093,36093,New York,Schenectady,157874.0,,159790.0,160129.0,161747.0,4.0,,0.0,0.0,5.0,10.0,,29.0,5.0,18.0,2.53,,0.0,0.0,3.09,6.33,,18.15,3.12,11.13,159885.0,2.25,15.5,1.4,9.68
36,095,36095,New York,Schoharie,29758.0,,30059.0,30140.0,30235.0,4.0,,3.0,0.0,3.0,37.0,,12.0,14.0,31.0,13.44,,9.98,0.0,9.92,124.34,,39.92,46.45,102.53,30048.0,2.5,23.5,8.34,78.31
36,103,36103,New York,Suffolk,1521964.0,,,1533173.0,1543330.0,18.0,,,39.0,45.0,0.0,,,0.0,0.0,1.18,,,2.54,2.92,0.0,,,0.0,0.0,1532822.33,34.0,0.0,2.21,0.0
,,,New York,Suffolk County Police Department,,,,,,,,,,,,,,,,,,,,,,,,,,,,,,
36,107,36107,New York,Tioga,48352.0,,,47606.0,47545.0,14.0,,,16.0,18.0,118.0,,,115.0,257.0,28.95,,,33.61,37.86,244.04,,,241.57,540.54,47834.33,16.0,163.33,33.47,342.05
36,109,36109,New York,Tompkins,105508.0,,104177.0,104453.0,104394.0,27.0,,29.0,35.0,21.0,242.0,,288.0,270.0,269.0,25.59,,27.84,33.51,20.12,229.37,,276.45,258.49,257.68,104633.0,28.0,267.25,26.76,255.5
36,111,36111,New York,Ulster,181304.0,,182546.0,182956.0,183095.0,5.0,,14.0,14.0,20.0,115.0,,121.0,99.0,111.0,2.76,,7.67,7.65,10.92,63.43,,66.28,54.11,60.62,182475.25,13.25,111.5,7.25,61.11
36,113,36113,New York,Warren,65597.0,,65461.0,65467.0,65261.0,32.0,,24.0,34.0,22.0,304.0,,488.0,565.0,503.0,48.78,,36.66,51.93,33.71,463.44,,745.48,863.03,770.75,65446.5,28.0,465.0,42.77,710.68
36,119,36119,New York,Westchester Public Safety,1001451.0,,994313.0,998335.0,1009165.0,15.0,,6.0,10.0,11.0,150.0,,140.0,153.0,122.0,1.5,,0.6,1.0,1.09,14.98,,14.08,15.33,12.09,1000816.0,10.5,141.25,1.05,14.12
36,123,36123,New York,Yates,24735.0,,24455.0,24367.0,24434.0,10.0,,12.0,12.0,8.0,123.0,,88.0,67.0,70.0,40.43,,49.07,49.25,32.74,497.27,,359.84,274.96,286.49,24497.75,10.5,87.0,42.87,354.64
36,003,36003,New York,Allegany,46385.0,,46646.0,,,0.0,,10.0,,,1.0,,0.0,,,0.0,,21.44,,,2.16,,0.0,,,46515.5,5.0,0.5,10.72,1.08
36,021,36021,New York,Columbia,61468.0,,61176.0,60607.0,,26.0,,9.0,19.0,,253.0,,318.0,243.0,,42.3,,14.71,31.35,,411.6,,519.81,400.94,,61083.67,18.0,271.33,29.45,444.12
36,025,36025,New York,Delaware,44215.0,,44771.0,44533.0,44481.0,30.0,,12.0,14.0,12.0,159.0,,106.0,72.0,52.0,67.85,,26.8,31.44,26.98,359.61,,236.76,161.68,116.9,44500.0,17.0,97.25,38.27,218.74
36,031,36031,New York,Essex,37275.0,,36756.0,,36539.0,1.0,,4.0,,0.0,1.0,,6.0,,2.0,2.68,,10.88,,0.0,2.68,,16.32,,5.47,36856.67,1.67,3.0,4.52,8.16
36,035,36035,New York,Fulton,53084.0,,,52468.0,52184.0,13.0,,,14.0,23.0,243.0,,,151.0,193.0,24.49,,,26.68,44.07,457.77,,,287.79,369.85,52578.67,16.67,195.67,31.75,371.8
36,037,36037,New York,Genesee,58299.0,,57584.0,58016.0,58428.0,26.0,,23.0,25.0,29.0,231.0,,286.0,295.0,173.0,44.6,,39.94,43.09,49.63,396.23,,496.67,508.48,296.09,58081.75,25.75,246.25,44.32,424.37
36,039,36039,New York,Greene,47743.0,,47654.0,47411.0,47311.0,11.0,,17.0,4.0,17.0,23.0,,30.0,27.0,23.0,23.04,,35.67,8.44,35.93,48.17,,62.95,56.95,48.61,47529.75,12.25,25.75,25.77,54.17
36,041,36041,New York,Hamilton,5073.0,,5102.0,,5083.0,0.0,,0.0,,1.0,10.0,,6.0,,5.0,0.0,,0.0,,19.67,197.12,,117.6,,98.37,5086.0,0.33,7.0,6.56,137.7
36,057,36057,New York,Montgomery,49499.0,,49454.0,49531.0,49580.0,6.0,,3.0,14.0,14.0,238.0,,173.0,205.0,231.0,12.12,,6.07,28.27,28.24,480.82,,349.82,413.88,465.91,49516.0,9.25,211.75,18.67,427.61
36,097,36097,New York,Schuyler,17863.0,,17591.0,17441.0,17141.0,6.0,,6.0,3.0,7.0,9.0,,34.0,29.0,36.0,33.59,,34.11,17.2,40.84,50.38,,193.28,166.27,210.02,17509.0,5.5,27.0,31.44,154.99
36,099,36099,New York,Seneca,33445.0,,32676.0,32449.0,32671.0,7.0,,12.0,6.0,5.0,81.0,,86.0,94.0,63.0,20.93,,36.72,18.49,15.3,242.19,,263.19,289.69,192.83,32810.25,7.5,81.0,22.86,246.98
36,101,36101,New York,Steuben,93371.0,,92427.0,92078.0,91939.0,10.0,,10.0,23.0,21.0,73.0,,112.0,118.0,101.0,10.71,,10.82,24.98,22.84,78.18,,121.18,128.15,109.86,92453.75,16.0,101.0,17.34,109.34
36,089,36089,New York,St. Lawrence,108182.0,,106900.0,106607.0,106168.0,8.0,,10.0,12.0,7.0,19.0,,33.0,37.0,27.0,7.39,,9.35,11.26,6.59,17.56,,30.87,34.71,25.43,106964.25,9.25,29.0,8.65,27.14
36,105,36105,New York,Sullivan,78461.0,,,80413.0,80901.0,23.0,,,21.0,21.0,222.0,,,254.0,280.0,29.31,,,26.12,25.96,282.94,,,315.87,346.1,79925.0,21.67,252.0,27.13,314.97
36,121,36121,New York,Wyoming,40264.0,,39824.0,39750.0,39817.0,20.0,,11.0,12.0,6.0,128.0,,100.0,92.0,83.0,49.67,,27.62,30.19,15.07,317.9,,251.1,231.45,208.45,39913.75,12.25,100.75,30.64,252.23
37,001,37001,North Carolina,Alamance,171624.0,173666.0,176470.0,179369.0,183361.0,147.0,192.0,164.0,179.0,152.0,576.0,654.0,608.0,556.0,476.0,85.65,110.56,92.93,99.79,82.9,335.62,376.58,344.53,309.98,259.6,176898.0,166.8,574.0,94.37,325.26
37,003,37003,North Carolina,Alexander,36406.0,36279.0,36213.0,36387.0,36749.0,60.0,79.0,70.0,99.0,80.0,429.0,388.0,352.0,303.0,283.0,164.81,217.76,193.3,272.08,217.69,1178.38,1069.49,972.03,832.71,770.09,36406.8,77.6,351.0,213.13,964.54
37,007,37007,North Carolina,Anson,22233.0,,,21778.0,21524.0,35.0,,,36.0,28.0,209.0,,,137.0,134.0,157.42,,,165.3,130.09,940.04,,,629.08,622.56,21845.0,33.0,160.0,150.94,730.56
37,021,37021,North Carolina,Buncombe,269703.0,272030.0,274019.0,276463.0,279227.0,216.0,159.0,142.0,178.0,176.0,1808.0,1666.0,1482.0,1140.0,1216.0,80.09,58.45,51.82,64.38,63.03,670.37,612.43,540.84,412.35,435.49,274288.4,174.2,1462.4,63.55,534.3
37,025,37025,North Carolina,Cabarrus,227240.0,231844.0,236041.0,240679.0,245673.0,52.0,47.0,52.0,58.0,55.0,675.0,566.0,561.0,498.0,481.0,22.88,20.27,22.03,24.1,22.39,297.04,244.13,237.67,206.91,195.79,236295.4,52.8,556.2,22.33,236.31
37,027,37027,North Carolina,Caldwell,80582.0,80529.0,80298.0,80659.0,80854.0,60.0,69.0,56.0,65.0,64.0,950.0,908.0,825.0,718.0,635.0,74.46,85.68,69.74,80.59,79.16,1178.92,1127.54,1027.42,890.17,785.37,80584.4,62.8,807.2,77.93,1001.88
37,029,37029,North Carolina,Camden,10405.0,10827.0,,11165.0,11249.0,13.0,22.0,,12.0,25.0,53.0,59.0,,70.0,70.0,124.94,203.2,,107.48,222.24,509.37,544.93,,626.96,622.28,10911.5,18.0,63.0,164.46,575.88
37,035,37035,North Carolina,Catawba,160892.0,161706.0,163274.0,,,150.0,189.0,125.0,,,1050.0,1052.0,863.0,,,93.23,116.88,76.56,,,652.61,650.56,528.56,,,161957.33,154.67,988.33,95.56,610.58
37,049,37049,North Carolina,Craven,101514.0,101696.0,102413.0,103370.0,104173.0,142.0,94.0,94.0,118.0,90.0,767.0,500.0,499.0,492.0,378.0,139.88,92.43,91.79,114.15,86.39,755.56,491.66,487.24,475.96,362.86,102633.2,107.6,527.2,104.93,514.66
37,053,37053,North Carolina,Currituck,28405.0,29700.0,30994.0,31614.0,32436.0,70.0,57.0,64.0,80.0,69.0,283.0,316.0,267.0,238.0,235.0,246.44,191.92,206.49,253.05,212.73,996.3,1063.97,861.46,752.83,724.5,30629.8,68.0,267.8,222.13,879.81
37,057,37057,North Carolina,Davidson,169029.0,170570.0,172376.0,,,83.0,95.0,73.0,,,1305.0,1261.0,1276.0,,,49.1,55.7,42.35,,,772.06,739.29,740.24,,,170658.33,83.67,1280.67,49.05,750.53
37,063,37063,North Carolina,Durham,322465.0,326694.0,331135.0,,342314.0,101.0,96.0,88.0,,91.0,622.0,533.0,421.0,,494.0,31.32,29.39,26.58,,26.58,192.89,163.15,127.14,,144.31,330652.0,94.0,517.5,28.47,156.87
37,065,37065,North Carolina,Edgecombe,48781.0,,48470.0,48959.0,49066.0,140.0,,102.0,75.0,76.0,346.0,,300.0,234.0,240.0,287.0,,210.44,153.19,154.89,709.29,,618.94,477.95,489.14,48819.0,98.25,280.0,201.38,573.83
37,067,37067,North Carolina,Forsyth,382618.0,385808.0,389389.0,393631.0,397836.0,254.0,249.0,264.0,270.0,298.0,1568.0,1404.0,1509.0,1347.0,1205.0,66.38,64.54,67.8,68.59,74.91,409.81,363.91,387.53,342.2,302.89,389856.4,267.0,1406.6,68.44,361.27
37,069,37069,North Carolina,Franklin,69029.0,71697.0,,,,106.0,113.0,,,,531.0,600.0,,,,153.56,157.61,,,,769.24,836.86,,,,70363.0,109.5,565.5,155.58,803.05
37,071,37071,North Carolina,Gaston,228640.0,231421.0,234245.0,238578.0,243020.0,18.0,13.0,21.0,7.0,7.0,4.0,3.0,2.0,2.0,2.0,7.87,5.62,8.96,2.93,2.88,1.75,1.3,0.85,0.84,0.82,235180.8,13.2,2.6,5.65,1.11
,,,North Carolina,Gaston County Police Department,,,,,,,,,,,,,,,,,,,,,,,,,,,,,,
37,073,37073,North Carolina,Gates,10450.0,,10368.0,10360.0,10288.0,16.0,,11.0,14.0,19.0,89.0,,81.0,84.0,99.0,153.11,,106.1,135.14,184.68,851.67,,781.25,810.81,962.29,10366.5,15.0,88.25,144.76,851.5
37,077,37077,North Carolina,Granville,60178.0,60502.0,60878.0,61411.0,61628.0,41.0,59.0,62.0,70.0,68.0,287.0,357.0,397.0,257.0,273.0,68.13,97.52,101.84,113.99,110.34,476.92,590.06,652.12,418.49,442.98,60919.4,60.0,314.2,98.36,516.11
37,081,37081,North Carolina,Guilford,538726.0,542111.0,546589.0,551451.0,557059.0,227.0,215.0,265.0,271.0,295.0,988.0,938.0,1047.0,965.0,803.0,42.14,39.66,48.48,49.14,52.96,183.4,173.03,191.55,174.99,144.15,547187.2,254.6,948.2,46.48,173.42
37,085,37085,North Carolina,Harnett,133716.0,135553.0,138514.0,141772.0,146456.0,229.0,241.0,266.0,277.0,288.0,1552.0,1422.0,1539.0,1325.0,1383.0,171.26,177.79,192.04,195.38,196.65,1160.67,1049.04,1111.08,934.6,944.31,139202.2,260.2,1444.2,186.62,1039.94
37,087,37087,North Carolina,Haywood,62219.0,62539.0,62588.0,62948.0,63233.0,77.0,97.0,66.0,87.0,70.0,831.0,917.0,536.0,537.0,390.0,123.76,155.1,105.45,138.21,110.7,1335.6,1466.29,856.39,853.09,616.77,62705.4,79.4,642.2,126.64,1025.63
37,097,37097,North Carolina,Iredell,187676.0,192185.0,196005.0,200005.0,206119.0,140.0,133.0,148.0,166.0,185.0,793.0,735.0,632.0,690.0,587.0,74.6,69.2,75.51,83.0,89.75,422.54,382.44,322.44,344.99,284.79,196398.0,154.4,687.4,78.41,351.44
37,101,37101,North Carolina,Johnston,217450.0,226965.0,234667.0,242010.0,249522.0,136.0,133.0,124.0,147.0,168.0,1471.0,1485.0,1597.0,1418.0,1292.0,62.54,58.6,52.84,60.74,67.33,676.48,654.29,680.54,585.93,517.79,234122.8,141.6,1452.6,60.41,623.01
37,109,37109,North Carolina,Lincoln,87153.0,89935.0,93088.0,95723.0,97519.0,143.0,91.0,112.0,119.0,78.0,1003.0,877.0,910.0,823.0,634.0,164.08,101.18,120.32,124.32,79.98,1150.85,975.15,977.57,859.77,650.13,92683.6,108.6,849.4,117.98,922.69
37,115,37115,North Carolina,Madison,21292.0,21739.0,21908.0,22044.0,22466.0,16.0,23.0,10.0,19.0,9.0,164.0,219.0,120.0,87.0,61.0,75.15,105.8,45.65,86.19,40.06,770.24,1007.41,547.75,394.67,271.52,21889.8,15.4,130.2,70.57,598.32
37,129,37129,North Carolina,New Hanover,226449.0,230167.0,236065.0,239877.0,243335.0,143.0,139.0,112.0,133.0,146.0,1304.0,1139.0,1210.0,1208.0,1239.0,63.15,60.39,47.44,55.45,60.0,575.85,494.86,512.57,503.59,509.17,235178.6,134.6,1220.0,57.29,519.21
37,133,37133,North Carolina,Onslow,204984.0,,,,214672.0,162.0,,,,300.0,1427.0,,,,1287.0,79.03,,,,139.75,696.15,,,,599.52,209828.0,231.0,1357.0,109.39,647.84
37,135,37135,North Carolina,Orange,143748.0,148919.0,150554.0,151717.0,151745.0,65.0,86.0,119.0,92.0,95.0,414.0,471.0,467.0,414.0,392.0,45.22,57.75,79.04,60.64,62.61,288.0,316.28,310.19,272.88,258.33,149336.6,91.4,431.6,61.05,289.14
37,137,37137,North Carolina,Pamlico,12308.0,12362.0,12255.0,12431.0,12688.0,26.0,39.0,35.0,23.0,22.0,196.0,226.0,144.0,152.0,124.0,211.24,315.48,285.6,185.02,173.39,1592.46,1828.18,1175.03,1222.75,977.3,12408.8,29.0,168.4,234.15,1359.14
37,145,37145,North Carolina,Person,39184.0,39168.0,39402.0,39819.0,40266.0,54.0,36.0,56.0,74.0,58.0,303.0,419.0,248.0,322.0,236.0,137.81,91.91,142.12,185.84,144.04,773.27,1069.75,629.41,808.66,586.1,39567.8,55.6,305.6,140.34,773.44
37,147,37147,North Carolina,Pitt,173642.0,175482.0,177028.0,178776.0,180882.0,177.0,153.0,170.0,183.0,193.0,765.0,697.0,632.0,621.0,580.0,101.93,87.19,96.03,102.36,106.7,440.56,397.19,357.01,347.36,320.65,177162.0,175.2,659.0,98.84,372.55
37,157,37157,North Carolina,Rockingham,91201.0,91261.0,92013.0,92535.0,93670.0,81.0,49.0,45.0,77.0,65.0,639.0,584.0,590.0,476.0,364.0,88.81,53.69,48.91,83.21,69.39,700.65,639.92,641.21,514.4,388.6,92136.0,63.4,530.6,68.8,576.96
37,159,37159,North Carolina,Rowan,146893.0,147701.0,149498.0,151833.0,153713.0,185.0,162.0,150.0,126.0,171.0,1100.0,947.0,825.0,709.0,601.0,125.94,109.68,100.34,82.99,111.25,748.84,641.16,551.85,466.96,390.99,149927.6,158.8,836.4,106.04,559.96
37,179,37179,North Carolina,Union,239615.0,244459.0,249615.0,257474.0,263704.0,206.0,198.0,155.0,186.0,202.0,1850.0,1423.0,1512.0,1309.0,1240.0,85.97,81.0,62.1,72.24,76.6,772.07,582.1,605.73,508.4,470.22,250973.4,189.4,1466.8,75.58,587.7
37,183,37183,North Carolina,Wake,1130903.0,1153051.0,1173034.0,1200630.0,1229475.0,254.0,224.0,222.0,242.0,277.0,1258.0,1344.0,1272.0,1138.0,1034.0,22.46,19.43,18.93,20.16,22.53,111.24,116.56,108.44,94.78,84.1,1177418.6,243.8,1209.2,20.7,103.02
37,191,37191,North Carolina,Wayne,117758.0,117416.0,118206.0,119731.0,121168.0,176.0,201.0,201.0,186.0,280.0,1145.0,1073.0,1074.0,1189.0,1108.0,149.46,171.19,170.04,155.35,231.08,972.33,913.84,908.58,993.06,914.43,118855.8,208.8,1117.8,175.42,940.45
37,197,37197,North Carolina,Yadkin,37250.0,37287.0,37531.0,37867.0,38223.0,46.0,43.0,41.0,43.0,34.0,456.0,357.0,286.0,268.0,259.0,123.49,115.32,109.24,113.56,88.95,1224.16,957.44,762.04,707.74,677.6,37631.6,41.4,325.2,110.11,865.8
37,009,37009,North Carolina,Ashe,26585.0,26757.0,27047.0,27096.0,27378.0,36.0,41.0,26.0,35.0,27.0,200.0,147.0,169.0,162.0,106.0,135.41,153.23,96.13,129.17,98.62,752.3,549.39,624.84,597.87,387.17,26972.6,33.0,156.8,122.51,582.31
37,011,37011,North Carolina,Avery,17918.0,17603.0,17636.0,17765.0,18103.0,25.0,14.0,18.0,29.0,23.0,124.0,108.0,104.0,135.0,171.0,139.52,79.53,102.06,163.24,127.05,692.04,613.53,589.7,759.92,944.59,17805.0,21.8,128.4,122.28,719.96
37,015,37015,North Carolina,Bertie,17722.0,17237.0,16951.0,,17184.0,7.0,36.0,69.0,,43.0,43.0,200.0,165.0,,109.0,39.5,208.85,407.06,,250.23,242.64,1160.29,973.39,,634.31,17273.5,38.75,129.25,226.41,752.66
37,017,37017,North Carolina,Bladen,29628.0,29531.0,,29586.0,29967.0,137.0,108.0,,40.0,41.0,498.0,425.0,,264.0,301.0,462.4,365.72,,135.2,136.82,1680.84,1439.17,,892.31,1004.44,29678.0,81.5,372.0,275.03,1254.19
37,031,37031,North Carolina,Carteret,67692.0,68695.0,,69646.0,70215.0,85.0,89.0,,44.0,58.0,604.0,516.0,,447.0,343.0,125.57,129.56,,63.18,82.6,892.28,751.15,,641.82,488.5,69062.0,69.0,477.5,100.23,693.44
37,033,37033,North Carolina,Caswell,22476.0,22505.0,,22477.0,22461.0,18.0,12.0,,16.0,20.0,121.0,60.0,,75.0,51.0,80.09,53.32,,71.18,89.04,538.35,266.61,,333.67,227.06,22479.75,16.5,76.75,73.41,341.42
37,039,37039,North Carolina,Cherokee,28866.0,29199.0,29539.0,30035.0,30415.0,72.0,92.0,63.0,70.0,65.0,949.0,755.0,524.0,517.0,295.0,249.43,315.08,213.28,233.06,213.71,3287.6,2585.7,1773.93,1721.33,969.92,29610.8,72.4,608.0,244.91,2067.7
37,041,37041,North Carolina,Chowan,13702.0,13761.0,13909.0,13888.0,14025.0,19.0,7.0,3.0,13.0,31.0,87.0,65.0,90.0,68.0,53.0,138.67,50.87,21.57,93.61,221.03,634.94,472.35,647.06,489.63,377.9,13857.0,14.6,72.6,105.15,524.38
37,045,37045,North Carolina,Cleveland,99926.0,100478.0,100773.0,101606.0,102506.0,138.0,180.0,182.0,180.0,146.0,690.0,637.0,627.0,587.0,488.0,138.1,179.14,180.6,177.15,142.43,690.51,633.97,622.19,577.72,476.07,101057.8,165.2,605.8,163.48,600.09
37,055,37055,North Carolina,Dare,37036.0,37908.0,38000.0,38150.0,38228.0,23.0,17.0,18.0,40.0,41.0,261.0,172.0,191.0,149.0,166.0,62.1,44.85,47.37,104.85,107.25,704.72,453.73,502.63,390.56,434.24,37864.4,27.8,187.8,73.28,497.18
37,061,37061,North Carolina,Duplin,48660.0,48565.0,49065.0,,,77.0,72.0,79.0,,,851.0,886.0,691.0,,,158.24,148.25,161.01,,,1748.87,1824.36,1408.34,,,48763.33,76.0,809.33,155.83,1660.52
37,079,37079,North Carolina,Greene,20441.0,20274.0,20387.0,20595.0,,49.0,54.0,47.0,66.0,,234.0,242.0,240.0,223.0,,239.71,266.35,230.54,320.47,,1144.76,1193.65,1177.22,1082.79,,20424.25,54.0,234.75,264.27,1149.6
37,091,37091,North Carolina,Hertford,21414.0,19810.0,19492.0,19194.0,19099.0,22.0,24.0,20.0,24.0,13.0,146.0,211.0,112.0,92.0,67.0,102.74,121.15,102.61,125.04,68.07,681.8,1065.12,574.59,479.32,350.8,19801.8,20.6,125.6,103.92,630.33
37,099,37099,North Carolina,Jackson,42142.0,,43920.0,,44986.0,95.0,,73.0,,104.0,886.0,,313.0,,475.0,225.43,,166.21,,231.18,2102.42,,712.66,,1055.88,43682.67,90.67,558.0,207.61,1290.32
37,111,37111,North Carolina,McDowell,44554.0,44541.0,44745.0,44946.0,45298.0,65.0,51.0,69.0,57.0,53.0,666.0,733.0,676.0,520.0,587.0,145.89,114.5,154.21,126.82,117.0,1494.82,1645.67,1510.78,1156.94,1295.86,44816.8,59.0,636.4,131.68,1420.81
37,121,37121,North Carolina,Mitchell,14901.0,,,,,7.0,,,,,33.0,,,,,46.98,,,,,221.46,,,,,14901.0,7.0,33.0,46.98,221.46
37,123,37123,North Carolina,Montgomery,25700.0,25834.0,25865.0,26227.0,26348.0,49.0,52.0,43.0,105.0,55.0,247.0,226.0,212.0,194.0,153.0,190.66,201.29,166.25,400.35,208.74,961.09,874.82,819.64,739.7,580.69,25994.8,60.8,206.4,233.46,795.19
37,125,37125,North Carolina,Moore,100295.0,103056.0,105484.0,106915.0,108383.0,58.0,62.0,59.0,80.0,70.0,595.0,522.0,461.0,371.0,382.0,57.83,60.16,55.93,74.83,64.59,593.25,506.52,437.03,347.0,352.45,104826.6,65.8,466.2,62.67,447.25
37,139,37139,North Carolina,Pasquotank,40400.0,40633.0,40954.0,41370.0,41620.0,88.0,106.0,51.0,71.0,77.0,266.0,199.0,256.0,206.0,151.0,217.82,260.87,124.53,171.62,185.01,658.42,489.75,625.09,497.95,362.81,40995.4,78.6,215.6,191.97,526.8
37,149,37149,North Carolina,Polk,19378.0,19701.0,19998.0,20032.0,20388.0,15.0,13.0,13.0,27.0,39.0,218.0,177.0,138.0,151.0,121.0,77.41,65.99,65.01,134.78,191.29,1124.99,898.43,690.07,753.79,593.49,19899.4,21.4,161.0,106.9,812.15
37,153,37153,North Carolina,Richmond,42729.0,42654.0,42371.0,42115.0,42137.0,188.0,228.0,241.0,179.0,136.0,1059.0,1083.0,1043.0,835.0,860.0,439.98,534.53,568.79,425.03,322.76,2478.41,2539.04,2461.59,1982.67,2040.96,42401.2,194.4,976.0,458.22,2300.53
37,155,37155,North Carolina,Robeson,115980.0,115889.0,116281.0,118005.0,119400.0,1035.0,1041.0,974.0,1159.0,900.0,2412.0,2331.0,2382.0,2180.0,1885.0,892.4,898.27,837.63,982.16,753.77,2079.67,2011.41,2048.49,1847.38,1578.73,117111.0,1021.8,2238.0,872.85,1913.14
37,163,37163,North Carolina,Sampson,59078.0,59052.0,,59984.0,61077.0,140.0,153.0,,108.0,105.0,767.0,788.0,,734.0,690.0,236.97,259.09,,180.05,171.91,1298.28,1334.42,,1223.66,1129.72,59797.75,126.5,744.75,212.0,1246.52
37,165,37165,North Carolina,Scotland,33413.0,33331.0,33448.0,33544.0,33610.0,42.0,68.0,123.0,110.0,84.0,190.0,274.0,405.0,238.0,263.0,125.7,204.01,367.73,327.93,249.93,568.64,822.06,1210.83,709.52,782.51,33469.2,85.4,274.0,255.06,818.71
37,167,37167,North Carolina,Stanly,62666.0,,,65846.0,,47.0,,,45.0,,389.0,,,221.0,,75.0,,,68.34,,620.75,,,335.63,,64256.0,46.0,305.0,71.67,478.19
37,171,37171,North Carolina,Surry,71386.0,71282.0,71536.0,,72066.0,97.0,66.0,87.0,,78.0,778.0,577.0,524.0,,431.0,135.88,92.59,121.62,,108.23,1089.85,809.46,732.5,,598.06,71567.5,82.0,577.5,114.58,807.47
37,173,37173,North Carolina,Swain,14107.0,14134.0,13982.0,13959.0,14047.0,36.0,23.0,38.0,23.0,24.0,310.0,289.0,158.0,74.0,103.0,255.19,162.73,271.78,164.77,170.85,2197.49,2044.71,1130.02,530.12,733.25,14045.8,28.8,186.8,205.06,1327.12
37,175,37175,North Carolina,Transylvania,33255.0,33492.0,33637.0,33930.0,34209.0,37.0,35.0,24.0,35.0,26.0,214.0,173.0,190.0,190.0,140.0,111.26,104.5,71.35,103.15,76.0,643.51,516.54,564.85,559.98,409.25,33704.6,31.4,181.4,93.25,538.83
37,181,37181,North Carolina,Vance,42554.0,42128.0,42203.0,42359.0,,199.0,124.0,105.0,99.0,,465.0,511.0,465.0,497.0,,467.64,294.34,248.8,233.72,,1092.73,1212.97,1101.82,1173.3,,42311.0,131.75,484.5,311.12,1145.2
37,189,37189,North Carolina,Watauga,54466.0,55302.0,55363.0,55362.0,54921.0,20.0,35.0,15.0,26.0,19.0,185.0,218.0,198.0,191.0,134.0,36.72,63.29,27.09,46.96,34.6,339.66,394.2,357.64,345.0,243.99,55082.8,23.0,185.2,41.73,336.1
37,193,37193,North Carolina,Wilkes,65871.0,65812.0,65807.0,66024.0,66252.0,134.0,99.0,130.0,116.0,121.0,659.0,650.0,576.0,484.0,429.0,203.43,150.43,197.55,175.69,182.64,1000.44,987.66,875.29,733.07,647.53,65953.2,120.0,559.6,181.95,848.8
37,195,37195,North Carolina,Wilson,79816.0,79263.0,79357.0,80246.0,80885.0,44.0,45.0,46.0,43.0,49.0,291.0,270.0,180.0,228.0,274.0,55.13,56.77,57.97,53.59,60.58,364.59,340.64,226.82,284.13,338.75,79913.4,45.4,248.6,56.81,310.99
37,199,37199,North Carolina,Yancey,18492.0,18759.0,18772.0,18918.0,19062.0,12.0,12.0,15.0,10.0,6.0,187.0,70.0,56.0,85.0,55.0,64.89,63.97,79.91,52.86,31.48,1011.25,373.15,298.32,449.31,288.53,18800.6,11.0,90.6,58.62,484.11
38,015,38015,North Dakota,Burleigh,98593.0,99370.0,100302.0,101082.0,102447.0,28.0,27.0,20.0,14.0,14.0,121.0,120.0,112.0,109.0,70.0,28.4,27.17,19.94,13.85,13.67,122.73,120.76,111.66,107.83,68.33,100358.8,20.6,106.4,20.61,106.26
38,017,38017,North Dakota,Cass,184897.0,189328.0,193289.0,197325.0,199271.0,17.0,18.0,27.0,23.0,12.0,152.0,153.0,114.0,146.0,153.0,9.19,9.51,13.97,11.66,6.02,82.21,80.81,58.98,73.99,76.78,192822.0,19.4,143.6,10.07,74.55
38,035,38035,North Dakota,Grand Forks,73142.0,72422.0,72014.0,72966.0,73633.0,16.0,20.0,21.0,20.0,12.0,91.0,56.0,70.0,74.0,56.0,21.88,27.62,29.16,27.41,16.3,124.42,77.32,97.2,101.42,76.05,72835.4,17.8,69.4,24.47,95.28
38,059,38059,North Dakota,Morton,33324.0,33590.0,33744.0,34105.0,34261.0,5.0,7.0,8.0,10.0,5.0,84.0,72.0,78.0,65.0,74.0,15.0,20.84,23.71,29.32,14.59,252.07,214.35,231.15,190.59,215.99,33804.8,7.0,74.6,20.69,220.83
38,065,38065,North Dakota,Oliver,1866.0,1873.0,1856.0,1875.0,,0.0,0.0,1.0,0.0,,3.0,6.0,2.0,0.0,,0.0,0.0,53.88,0.0,,160.77,320.34,107.76,0.0,,1867.5,0.25,2.75,13.47,147.22
38,001,38001,North Dakota,Adams,2194.0,2169.0,2121.0,2188.0,,1.0,2.0,3.0,2.0,,19.0,11.0,10.0,2.0,,45.58,92.21,141.44,91.41,,866.0,507.15,471.48,91.41,,2168.0,2.0,10.5,92.66,484.01
38,003,38003,North Dakota,Barnes,10863.0,10731.0,10741.0,10730.0,10673.0,6.0,4.0,2.0,0.0,0.0,25.0,18.0,9.0,3.0,5.0,55.23,37.28,18.62,0.0,0.0,230.14,167.74,83.79,27.96,46.85,10747.6,2.4,12.0,22.23,111.3
38,005,38005,North Dakota,Benson,5940.0,5771.0,5786.0,,5731.0,1.0,2.0,2.0,,4.0,11.0,6.0,13.0,,6.0,16.84,34.66,34.57,,69.8,185.19,103.97,224.68,,104.69,5807.0,2.25,9.0,38.97,154.63
38,007,38007,North Dakota,Billings,930.0,959.0,1023.0,1036.0,1052.0,1.0,0.0,0.0,0.0,0.0,3.0,3.0,1.0,4.0,2.0,107.53,0.0,0.0,0.0,0.0,322.58,312.83,97.75,386.1,190.11,1000.0,0.2,2.6,21.51,261.87
38,009,38009,North Dakota,Bottineau,6385.0,6424.0,6372.0,,6342.0,3.0,1.0,8.0,,2.0,56.0,52.0,54.0,,45.0,46.99,15.57,125.55,,31.54,877.06,809.46,847.46,,709.56,6380.75,3.5,51.75,54.91,810.88
38,011,38011,North Dakota,Bowman,2973.0,2893.0,2883.0,2854.0,,0.0,1.0,0.0,0.0,,4.0,0.0,3.0,1.0,,0.0,34.57,0.0,0.0,,134.54,0.0,104.06,35.04,,2900.75,0.25,2.0,8.64,68.41
38,013,38013,North Dakota,Burke,2191.0,2151.0,2133.0,2141.0,,1.0,1.0,1.0,0.0,,0.0,5.0,6.0,4.0,,45.64,46.49,46.88,0.0,,0.0,232.45,281.29,186.83,,2154.0,0.75,3.75,34.75,175.14
38,019,38019,North Dakota,Cavalier,3697.0,3678.0,3615.0,3589.0,3546.0,4.0,3.0,4.0,2.0,2.0,17.0,5.0,12.0,14.0,15.0,108.2,81.57,110.65,55.73,56.4,459.83,135.94,331.95,390.08,423.01,3625.0,3.0,12.6,82.51,348.16
38,021,38021,North Dakota,Dickey,4972.0,,4943.0,4935.0,,0.0,,0.0,1.0,,6.0,,1.0,0.0,,0.0,,0.0,20.26,,120.68,,20.23,0.0,,4950.0,0.33,2.33,6.75,46.97
38,023,38023,North Dakota,Divide,2202.0,2178.0,2171.0,2146.0,,2.0,0.0,1.0,1.0,,19.0,12.0,7.0,4.0,,90.83,0.0,46.06,46.6,,862.85,550.96,322.43,186.39,,2174.25,1.0,10.5,45.87,480.66
38,025,38025,North Dakota,Dunn,4093.0,4007.0,3990.0,4027.0,3973.0,0.0,4.0,1.0,2.0,1.0,8.0,19.0,21.0,22.0,16.0,0.0,99.83,25.06,49.66,25.17,195.46,474.17,526.32,546.31,402.72,4018.0,1.6,17.2,39.94,429.0
38,027,38027,North Dakota,Eddy,2326.0,2320.0,2314.0,,,0.0,4.0,2.0,,,17.0,15.0,16.0,,,0.0,172.41,86.43,,,730.87,646.55,691.44,,,2320.0,2.0,16.0,86.28,689.62
38,029,38029,North Dakota,Emmons,3295.0,3269.0,3275.0,3238.0,3217.0,2.0,3.0,2.0,1.0,0.0,44.0,34.0,41.0,47.0,20.0,60.7,91.77,61.07,30.88,0.0,1335.36,1040.07,1251.91,1451.51,621.7,3258.8,1.6,37.2,48.88,1140.11
38,031,38031,North Dakota,Foster,3384.0,,3373.0,3308.0,,0.0,,1.0,0.0,,6.0,,3.0,4.0,,0.0,,29.65,0.0,,177.3,,88.94,120.92,,3355.0,0.33,4.33,9.88,129.05
38,033,38033,North Dakota,Golden Valley,1725.0,1763.0,1755.0,1756.0,,3.0,0.0,4.0,4.0,,3.0,10.0,8.0,4.0,,173.91,0.0,227.92,227.79,,173.91,567.21,455.84,227.79,,1749.75,2.75,6.25,157.4,356.19
38,037,38037,North Dakota,Grant,2285.0,2297.0,,2231.0,,0.0,2.0,,0.0,,8.0,11.0,,2.0,,0.0,87.07,,0.0,,350.11,478.89,,89.65,,2271.0,0.67,7.0,29.02,306.22
38,039,38039,North Dakota,Griggs,2297.0,2288.0,2266.0,2247.0,,0.0,1.0,1.0,1.0,,12.0,13.0,9.0,1.0,,0.0,43.71,44.13,44.5,,522.42,568.18,397.18,44.5,,2274.5,0.75,8.75,33.08,383.07
38,041,38041,North Dakota,Hettinger,2483.0,2444.0,2453.0,2463.0,,4.0,3.0,4.0,1.0,,17.0,5.0,7.0,8.0,,161.1,122.75,163.07,40.6,,684.66,204.58,285.36,324.81,,2460.75,3.0,9.25,121.88,374.85
38,043,38043,North Dakota,Kidder,2381.0,2355.0,2389.0,2365.0,,0.0,0.0,0.0,2.0,,6.0,7.0,4.0,7.0,,0.0,0.0,0.0,84.57,,251.99,297.24,167.43,295.98,,2372.5,0.5,6.0,21.14,253.16
38,045,38045,North Dakota,Lamoure,4095.0,4054.0,4065.0,4083.0,,1.0,1.0,1.0,0.0,,8.0,9.0,4.0,6.0,,24.42,24.67,24.6,0.0,,195.36,222.0,98.4,146.95,,4074.25,0.75,6.75,18.42,165.68
38,047,38047,North Dakota,Logan,1883.0,,1852.0,1878.0,,0.0,,0.0,1.0,,11.0,,3.0,1.0,,0.0,,0.0,53.25,,584.17,,161.99,53.25,,1871.0,0.33,5.0,17.75,266.47
38,049,38049,North Dakota,McHenry,5336.0,5241.0,5225.0,5166.0,5153.0,24.0,8.0,9.0,0.0,3.0,40.0,28.0,36.0,21.0,27.0,449.78,152.64,172.25,0.0,58.22,749.63,534.25,689.0,406.5,523.97,5224.2,8.8,30.4,166.58,580.67
38,051,38051,North Dakota,McIntosh,2514.0,2516.0,2499.0,2483.0,2467.0,0.0,1.0,1.0,1.0,0.0,4.0,10.0,18.0,10.0,5.0,0.0,39.75,40.02,40.27,0.0,159.11,397.46,720.29,402.74,202.68,2495.8,0.6,9.4,24.01,376.46
38,053,38053,North Dakota,McKenzie,14778.0,13858.0,13893.0,14273.0,14798.0,25.0,15.0,16.0,23.0,12.0,116.0,90.0,87.0,81.0,80.0,169.17,108.24,115.17,161.14,81.09,784.95,649.44,626.21,567.51,540.61,14320.0,18.2,90.8,126.96,633.74
38,055,38055,North Dakota,McLean,9763.0,9832.0,9860.0,9825.0,9803.0,5.0,8.0,9.0,12.0,9.0,91.0,75.0,72.0,51.0,49.0,51.21,81.37,91.28,122.14,91.81,932.09,762.82,730.22,519.08,499.85,9816.6,8.6,67.6,87.56,688.81
38,057,38057,North Dakota,Mercer,8349.0,8337.0,8330.0,8329.0,8346.0,2.0,5.0,1.0,1.0,2.0,30.0,34.0,13.0,19.0,14.0,23.95,59.97,12.0,12.01,23.96,359.32,407.82,156.06,228.12,167.75,8338.2,2.2,22.0,26.38,263.81
38,061,38061,North Dakota,Mountrail,9808.0,9571.0,9249.0,9416.0,9475.0,3.0,1.0,7.0,5.0,2.0,72.0,61.0,67.0,48.0,54.0,30.59,10.45,75.68,53.1,21.11,734.09,637.34,724.4,509.77,569.92,9503.8,3.6,60.4,38.19,635.1
38,063,38063,North Dakota,Nelson,2993.0,3042.0,2995.0,,2947.0,0.0,1.0,1.0,,4.0,25.0,25.0,16.0,,5.0,0.0,32.87,33.39,,135.73,835.28,821.83,534.22,,169.66,2994.25,1.5,17.75,50.5,590.25
38,067,38067,North Dakota,Pembina,6827.0,6766.0,6759.0,6679.0,6583.0,6.0,7.0,4.0,4.0,5.0,42.0,27.0,26.0,19.0,20.0,87.89,103.46,59.18,59.89,75.95,615.2,399.05,384.67,284.47,303.81,6722.8,5.2,26.8,77.27,397.44
38,069,38069,North Dakota,Pierce,3981.0,3954.0,3948.0,3912.0,,3.0,0.0,0.0,2.0,,22.0,14.0,12.0,11.0,,75.36,0.0,0.0,51.12,,552.62,354.07,303.95,281.19,,3948.75,1.25,14.75,31.62,372.96
38,071,38071,North Dakota,Ramsey,11574.0,11610.0,11534.0,,,3.0,4.0,9.0,,,23.0,37.0,17.0,,,25.92,34.45,78.03,,,198.72,318.69,147.39,,,11572.67,5.33,25.67,46.13,221.6
38,073,38073,North Dakota,Ransom,5700.0,5683.0,5653.0,5629.0,5636.0,2.0,2.0,2.0,1.0,2.0,30.0,20.0,12.0,33.0,19.0,35.09,35.19,35.38,17.77,35.49,526.32,351.93,212.28,586.25,337.12,5660.2,1.8,22.8,31.78,402.78
38,075,38075,North Dakota,Renville,2266.0,2256.0,2240.0,,,3.0,3.0,3.0,,,11.0,17.0,12.0,,,132.39,132.98,133.93,,,485.44,753.55,535.71,,,2254.0,3.0,13.33,133.1,591.57
38,077,38077,North Dakota,Richland,16538.0,16546.0,16579.0,16593.0,16688.0,7.0,4.0,2.0,2.0,2.0,91.0,73.0,52.0,53.0,28.0,42.33,24.18,12.06,12.05,11.98,550.25,441.19,313.65,319.41,167.79,16588.8,3.4,59.4,20.52,358.46
38,079,38079,North Dakota,Rolette,12185.0,12040.0,11846.0,11705.0,11664.0,5.0,4.0,6.0,4.0,7.0,9.0,17.0,17.0,13.0,12.0,41.03,33.22,50.65,34.17,60.01,73.86,141.2,143.51,111.06,102.88,11888.0,5.2,13.6,43.82,114.5
38,081,38081,North Dakota,Sargent,3840.0,3848.0,3820.0,3795.0,3724.0,2.0,4.0,2.0,3.0,5.0,11.0,6.0,15.0,12.0,9.0,52.08,103.95,52.36,79.05,134.26,286.46,155.93,392.67,316.21,241.68,3805.4,3.2,10.6,84.34,278.59
38,083,38083,North Dakota,Sheridan,1262.0,1264.0,1285.0,1295.0,1274.0,0.0,0.0,1.0,0.0,0.0,4.0,10.0,16.0,7.0,9.0,0.0,0.0,77.82,0.0,0.0,316.96,791.14,1245.14,540.54,706.44,1276.0,0.2,9.2,15.56,720.04
38,085,38085,North Dakota,Sioux,3876.0,3739.0,3682.0,3641.0,,0.0,0.0,0.0,1.0,,0.0,0.0,1.0,1.0,,0.0,0.0,0.0,27.46,,0.0,0.0,27.16,27.46,,3734.5,0.25,0.5,6.86,13.66
38,087,38087,North Dakota,Slope,697.0,688.0,678.0,668.0,,0.0,0.0,0.0,0.0,,0.0,0.0,1.0,0.0,,0.0,0.0,0.0,0.0,,0.0,0.0,147.49,0.0,,682.75,0.0,0.25,0.0,36.87
38,089,38089,North Dakota,Stark,33831.0,33037.0,32737.0,33075.0,33694.0,3.0,2.0,5.0,4.0,13.0,76.0,53.0,76.0,62.0,67.0,8.87,6.05,15.27,12.09,38.58,224.65,160.43,232.15,187.45,198.85,33274.8,5.4,66.8,16.17,200.71
38,091,38091,North Dakota,Steele,1798.0,1812.0,1791.0,1788.0,,0.0,1.0,0.0,0.0,,4.0,1.0,0.0,4.0,,0.0,55.19,0.0,0.0,,222.47,55.19,0.0,223.71,,1797.25,0.25,2.25,13.8,125.34
38,093,38093,North Dakota,Stutsman,21544.0,21592.0,21509.0,21512.0,21445.0,4.0,4.0,5.0,4.0,5.0,53.0,44.0,28.0,30.0,30.0,18.57,18.53,23.25,18.59,23.32,246.01,203.78,130.18,139.46,139.89,21520.4,4.4,37.0,20.45,171.86
38,095,38095,North Dakota,Towner,2147.0,2123.0,2062.0,2030.0,2037.0,2.0,3.0,4.0,0.0,0.0,23.0,19.0,18.0,5.0,5.0,93.15,141.31,193.99,0.0,0.0,1071.26,894.96,872.94,246.31,245.46,2079.8,1.8,14.0,85.69,666.19
38,097,38097,North Dakota,Traill,7984.0,7977.0,7967.0,7958.0,7967.0,1.0,5.0,2.0,4.0,3.0,24.0,56.0,40.0,24.0,45.0,12.53,62.68,25.1,50.26,37.66,300.6,702.02,502.07,301.58,564.83,7970.6,3.0,37.8,37.65,474.22
38,099,38099,North Dakota,Walsh,10532.0,10488.0,10478.0,10277.0,10202.0,6.0,3.0,9.0,7.0,10.0,78.0,52.0,31.0,30.0,37.0,56.97,28.6,85.89,68.11,98.02,740.6,495.8,295.86,291.91,362.67,10395.4,7.0,45.6,67.52,437.37
38,101,38101,North Dakota,Ward,69920.0,69287.0,68752.0,68228.0,68186.0,45.0,24.0,26.0,40.0,34.0,123.0,178.0,103.0,72.0,49.0,64.36,34.64,37.82,58.63,49.86,175.92,256.9,149.81,105.53,71.86,68874.6,33.8,105.0,49.06,152.0
38,105,38105,North Dakota,Williams,41190.0,38508.0,37954.0,39233.0,40755.0,9.0,11.0,23.0,15.0,16.0,138.0,123.0,138.0,113.0,122.0,21.85,28.57,60.6,38.23,39.26,335.03,319.41,363.6,288.02,299.35,39528.0,14.8,126.8,37.7,321.08
,,,Ohio,"Allen4,",,,,,,,,,,,,,,,,,,,,,,,,,,,,,,
39,013,39013,Ohio,Belmont,66285.0,65878.0,65382.0,65003.0,64764.0,51.0,44.0,77.0,73.0,99.0,152.0,78.0,115.0,111.0,90.0,76.94,66.79,117.77,112.3,152.86,229.31,118.4,175.89,170.76,138.97,65462.4,68.8,109.2,105.33,166.67
39,019,39019,Ohio,Carroll,26761.0,,26711.0,,,6.0,,9.0,,,63.0,,65.0,,,22.42,,33.69,,,235.42,,243.35,,,26736.0,7.5,64.0,28.06,239.38
39,023,39023,Ohio,Clark,135888.0,135400.0,134691.0,135342.0,,53.0,28.0,35.0,31.0,,713.0,627.0,570.0,300.0,,39.0,20.68,25.99,22.9,,524.7,463.07,423.19,221.66,,135330.25,36.75,552.5,27.14,408.16
39,025,39025,Ohio,Clermont,208751.0,209917.0,210781.0,212253.0,214314.0,82.0,85.0,90.0,64.0,35.0,838.0,763.0,611.0,514.0,318.0,39.28,40.49,42.7,30.15,16.33,401.44,363.48,289.87,242.16,148.38,211203.2,71.2,608.8,33.79,289.07
39,041,39041,Ohio,Delaware,215181.0,,226809.0,232079.0,236863.0,45.0,,67.0,66.0,85.0,874.0,,889.0,958.0,839.0,20.91,,29.54,28.44,35.89,406.17,,391.96,412.79,354.21,227733.0,65.75,890.0,28.7,391.28
39,045,39045,Ohio,Fairfield,159451.0,161146.0,163003.0,165490.0,167706.0,56.0,69.0,84.0,95.0,59.0,930.0,978.0,971.0,870.0,605.0,35.12,42.82,51.53,57.41,35.18,583.25,606.9,595.69,525.71,360.75,163359.2,72.6,870.8,44.41,534.46
39,051,39051,Ohio,Fulton,42647.0,42505.0,42041.0,,,10.0,18.0,17.0,,,176.0,180.0,159.0,,,23.45,42.35,40.44,,,412.69,423.48,378.2,,,42397.67,15.0,171.67,35.41,404.79
39,057,39057,Ohio,Greene,168141.0,168268.0,169266.0,170072.0,172148.0,40.0,30.0,32.0,32.0,24.0,349.0,277.0,287.0,258.0,282.0,23.79,17.83,18.91,18.82,13.94,207.56,164.62,169.56,151.7,163.81,169579.0,31.6,290.6,18.66,171.45
39,073,39073,Ohio,Hocking,28040.0,28109.0,27819.0,,27460.0,29.0,38.0,64.0,,36.0,321.0,219.0,210.0,,141.0,103.42,135.19,230.06,,131.1,1144.79,779.11,754.88,,513.47,27857.0,41.75,222.75,149.94,798.06
39,081,39081,Ohio,Jefferson,65159.0,,64149.0,,63868.0,18.0,,38.0,,58.0,56.0,,71.0,,80.0,27.62,,59.24,,90.81,85.94,,110.68,,125.26,64392.0,38.0,69.0,59.22,107.29
39,085,39085,Ohio,Lake,232517.0,,,,,275.0,,,,,282.0,,,,,118.27,,,,,121.28,,,,,232517.0,275.0,282.0,118.27,121.28
39,087,39087,Ohio,Lawrence,58146.0,,56526.0,,,66.0,,47.0,,,377.0,,382.0,,,113.51,,83.15,,,648.37,,675.8,,,57336.0,56.5,379.5,98.33,662.08
39,089,39089,Ohio,Licking,178786.0,,181702.0,,184340.0,67.0,,71.0,,96.0,692.0,,826.0,,464.0,37.47,,39.07,,52.08,387.05,,454.59,,251.71,181609.33,78.0,660.67,42.87,364.45
39,093,39093,Ohio,Lorain,313514.0,314094.0,316304.0,318804.0,,68.0,51.0,69.0,83.0,,448.0,373.0,438.0,352.0,,21.69,16.24,21.81,26.03,,142.9,118.75,138.47,110.41,,315679.0,67.75,402.75,21.44,127.63
39,095,39095,Ohio,Lucas,430831.0,429218.0,426630.0,425272.0,424255.0,83.0,85.0,63.0,47.0,40.0,609.0,739.0,785.0,739.0,501.0,19.27,19.8,14.77,11.05,9.43,141.35,172.17,184.0,173.77,118.09,427241.2,63.6,674.6,14.86,157.88
39,097,39097,Ohio,Madison,43864.0,44435.0,43569.0,44591.0,45788.0,23.0,32.0,43.0,34.0,29.0,225.0,173.0,180.0,230.0,162.0,52.43,72.02,98.69,76.25,63.34,512.95,389.33,413.14,515.8,353.8,44449.4,32.2,194.0,72.55,437.0
39,099,39099,Ohio,Mahoning,228006.0,,,225487.0,224777.0,5.0,,,12.0,12.0,56.0,,,70.0,70.0,2.19,,,5.32,5.34,24.56,,,31.04,31.14,226090.0,9.67,65.33,4.28,28.91
39,103,39103,Ohio,Medina,182636.0,183311.0,,183893.0,184275.0,12.0,30.0,,23.0,22.0,277.0,196.0,,236.0,185.0,6.57,16.37,,12.51,11.94,151.67,106.92,,128.34,100.39,183528.75,21.75,223.5,11.85,121.83
39,109,39109,Ohio,Miami,108974.0,109392.0,110217.0,110925.0,111872.0,28.0,38.0,43.0,31.0,51.0,325.0,302.0,283.0,280.0,212.0,25.69,34.74,39.01,27.95,45.59,298.24,276.07,256.77,252.42,189.5,110276.0,38.2,280.4,34.6,254.6
39,113,39113,Ohio,Montgomery,537115.0,536038.0,533913.0,534910.0,536930.0,305.0,248.0,253.0,228.0,260.0,968.0,971.0,1200.0,1191.0,1087.0,56.78,46.27,47.39,42.62,48.42,180.22,181.14,224.76,222.65,202.45,535781.2,258.8,1083.4,48.3,202.24
39,117,39117,Ohio,Morrow,34996.0,,35311.0,35614.0,36008.0,25.0,,53.0,43.0,49.0,67.0,,91.0,79.0,57.0,71.44,,150.09,120.74,136.08,191.45,,257.71,221.82,158.3,35482.25,42.5,73.5,119.59,207.32
39,127,39127,Ohio,Perry,35459.0,35484.0,35493.0,35583.0,35705.0,4.0,0.0,25.0,11.0,15.0,49.0,28.0,65.0,73.0,72.0,11.28,0.0,70.44,30.91,42.01,138.19,78.91,183.13,205.15,201.65,35544.8,11.0,57.4,30.93,161.41
39,129,39129,Ohio,Pickaway,58659.0,58760.0,59953.0,61125.0,62207.0,28.0,30.0,23.0,32.0,30.0,579.0,441.0,492.0,388.0,367.0,47.73,51.06,38.36,52.35,48.23,987.06,750.51,820.64,634.76,589.97,60140.8,28.6,453.4,47.55,756.59
39,139,39139,Ohio,Richland,124969.0,125297.0,125076.0,124863.0,124957.0,67.0,90.0,64.0,57.0,209.0,607.0,499.0,565.0,456.0,371.0,53.61,71.83,51.17,45.65,167.26,485.72,398.25,451.73,365.2,296.9,125032.4,97.4,499.6,77.9,399.56
39,151,39151,Ohio,Stark,374476.0,373565.0,372531.0,372455.0,373240.0,131.0,103.0,106.0,141.0,214.0,1634.0,1367.0,1231.0,1217.0,1216.0,34.98,27.57,28.45,37.86,57.34,436.34,365.93,330.44,326.75,325.8,373253.4,139.0,1333.0,37.24,357.05
39,153,39153,Ohio,Summit,539833.0,537255.0,535956.0,535908.0,536945.0,86.0,91.0,99.0,137.0,112.0,988.0,1017.0,1069.0,824.0,697.0,15.93,16.94,18.47,25.56,20.86,183.02,189.3,199.46,153.76,129.81,537179.4,105.0,919.0,19.55,171.07
39,155,39155,Ohio,Trumbull,201664.0,201415.0,200537.0,200054.0,199814.0,21.0,21.0,9.0,26.0,30.0,181.0,156.0,156.0,250.0,204.0,10.41,10.43,4.49,13.0,15.01,89.75,77.45,77.79,124.97,102.09,200696.8,21.4,189.4,10.67,94.41
39,159,39159,Ohio,Union,63069.0,65101.0,66942.0,69830.0,71983.0,31.0,24.0,33.0,38.0,56.0,179.0,211.0,213.0,173.0,152.0,49.15,36.87,49.3,54.42,77.8,283.82,324.11,318.19,247.74,211.16,67385.0,36.4,185.6,53.51,277.0
39,173,39173,Ohio,Wood,132246.0,130178.0,131600.0,132509.0,133072.0,29.0,24.0,29.0,31.0,23.0,234.0,244.0,310.0,218.0,197.0,21.93,18.44,22.04,23.39,17.28,176.94,187.44,235.56,164.52,148.04,131921.0,27.2,240.6,20.62,182.5
39,001,39001,Ohio,Adams,27451.0,27581.0,27412.0,27512.0,27642.0,6.0,3.0,7.0,8.0,12.0,156.0,67.0,64.0,73.0,33.0,21.86,10.88,25.54,29.08,43.41,568.29,242.92,233.47,265.34,119.38,27519.6,7.2,78.6,26.15,285.88
39,005,39005,Ohio,Ashland,52485.0,,51927.0,52125.0,52435.0,28.0,,37.0,62.0,32.0,105.0,,71.0,54.0,42.0,53.35,,71.25,118.94,61.03,200.06,,136.73,103.6,80.1,52243.0,39.75,68.0,76.14,130.12
39,007,39007,Ohio,Ashtabula,97497.0,97427.0,96915.0,96845.0,96748.0,43.0,50.0,48.0,57.0,79.0,417.0,457.0,495.0,457.0,238.0,44.1,51.32,49.53,58.86,81.66,427.71,469.07,510.76,471.89,246.0,97086.4,55.4,412.8,57.09,425.09
39,009,39009,Ohio,Athens,62386.0,59057.0,60907.0,62745.0,63080.0,14.0,25.0,16.0,22.0,26.0,342.0,281.0,279.0,321.0,161.0,22.44,42.33,26.27,35.06,41.22,548.2,475.81,458.08,511.59,255.23,61635.0,20.6,276.8,33.46,449.78
39,011,39011,Ohio,Auglaize,46466.0,46245.0,45896.0,,,6.0,1.0,7.0,,,57.0,25.0,36.0,,,12.91,2.16,15.25,,,122.67,54.06,78.44,,,46202.33,4.67,39.33,10.11,85.06
39,021,39021,Ohio,Champaign,38741.0,38788.0,38675.0,38750.0,38717.0,20.0,23.0,37.0,30.0,21.0,173.0,141.0,145.0,134.0,129.0,51.62,59.3,95.67,77.42,54.24,446.56,363.51,374.92,345.81,333.19,38734.2,26.2,144.4,67.65,372.8
39,027,39027,Ohio,Clinton,42035.0,42142.0,41893.0,42007.0,42046.0,16.0,16.0,8.0,12.0,5.0,79.0,68.0,63.0,49.0,35.0,38.06,37.97,19.1,28.57,11.89,187.94,161.36,150.38,116.65,83.24,42024.6,11.4,58.8,27.12,139.91
39,029,39029,Ohio,Columbiana,101661.0,101318.0,100447.0,100060.0,99676.0,32.0,39.0,17.0,34.0,39.0,306.0,163.0,120.0,122.0,91.0,31.48,38.49,16.92,33.98,39.13,301.0,160.88,119.47,121.93,91.3,100632.4,32.2,160.4,32.0,158.92
39,031,39031,Ohio,Coshocton,36590.0,36639.0,36545.0,36845.0,36999.0,72.0,72.0,53.0,34.0,33.0,472.0,399.0,366.0,355.0,312.0,196.78,196.51,145.03,92.28,89.19,1289.97,1089.0,1001.5,963.5,843.27,36723.6,52.8,380.8,143.96,1037.45
39,033,39033,Ohio,Crawford,42013.0,41753.0,41479.0,41485.0,41540.0,6.0,8.0,6.0,13.0,12.0,79.0,67.0,53.0,38.0,34.0,14.28,19.16,14.47,31.34,28.89,188.04,160.47,127.78,91.6,81.85,41654.0,9.0,54.2,21.63,129.95
39,039,39039,Ohio,Defiance,38268.0,38177.0,38139.0,38301.0,38333.0,10.0,9.0,18.0,9.0,9.0,96.0,139.0,96.0,86.0,93.0,26.13,23.57,47.2,23.5,23.48,250.86,364.09,251.71,224.54,242.61,38243.6,11.0,102.0,28.78,266.76
39,043,39043,Ohio,Erie,75471.0,74762.0,74316.0,73786.0,73645.0,8.0,5.0,3.0,9.0,8.0,139.0,96.0,61.0,78.0,67.0,10.6,6.69,4.04,12.2,10.86,184.18,128.41,82.08,105.71,90.98,74396.0,6.6,88.2,8.88,118.27
39,047,39047,Ohio,Fayette,28969.0,28897.0,28812.0,28769.0,28709.0,25.0,34.0,22.0,25.0,25.0,277.0,205.0,277.0,188.0,148.0,86.3,117.66,76.36,86.9,87.08,956.19,709.42,961.4,653.48,515.52,28831.2,26.2,219.0,90.86,759.2
39,053,39053,Ohio,Gallia,29226.0,29203.0,28959.0,28941.0,28956.0,20.0,17.0,24.0,29.0,37.0,264.0,110.0,116.0,97.0,72.0,68.43,58.21,82.88,100.2,127.78,903.31,376.67,400.57,335.16,248.65,29057.0,25.4,131.8,87.5,452.87
39,063,39063,Ohio,Hancock,74939.0,74749.0,74716.0,74707.0,74761.0,31.0,25.0,28.0,39.0,32.0,190.0,197.0,216.0,146.0,156.0,41.37,33.45,37.48,52.2,42.8,253.54,263.55,289.09,195.43,208.66,74774.4,31.0,181.0,41.46,242.05
39,065,39065,Ohio,Hardin,30724.0,,,,30254.0,13.0,,,,13.0,60.0,,,,17.0,42.31,,,,42.97,195.29,,,,56.19,30489.0,13.0,38.5,42.64,125.74
39,067,39067,Ohio,Harrison,14498.0,14473.0,14364.0,14237.0,14099.0,8.0,10.0,6.0,9.0,6.0,33.0,79.0,55.0,64.0,52.0,55.18,69.09,41.77,63.22,42.56,227.62,545.84,382.9,449.53,368.82,14334.2,7.8,56.6,54.36,394.94
39,069,39069,Ohio,Henry,27663.0,27537.0,27491.0,27535.0,27505.0,17.0,9.0,16.0,6.0,17.0,142.0,136.0,133.0,102.0,78.0,61.45,32.68,58.2,21.79,61.81,513.32,493.88,483.79,370.44,283.58,27546.2,13.0,118.2,47.19,429.0
39,071,39071,Ohio,Highland,43363.0,43440.0,43352.0,43532.0,43704.0,43.0,26.0,23.0,32.0,26.0,330.0,332.0,205.0,173.0,155.0,99.16,59.85,53.05,73.51,59.49,761.02,764.27,472.87,397.41,354.66,43478.2,30.0,239.0,69.01,550.05
39,079,39079,Ohio,Jackson,32671.0,32533.0,32606.0,32646.0,32741.0,41.0,47.0,29.0,24.0,21.0,183.0,185.0,123.0,147.0,106.0,125.49,144.47,88.94,73.52,64.14,560.13,568.65,377.23,450.28,323.75,32639.4,32.4,148.8,99.31,456.01
39,091,39091,Ohio,Logan,46117.0,46166.0,46067.0,,46072.0,27.0,15.0,21.0,,14.0,135.0,188.0,116.0,,81.0,58.55,32.49,45.59,,30.39,292.73,407.23,251.81,,175.81,46105.5,19.25,130.0,41.76,281.9
39,105,39105,Ohio,Meigs,22168.0,22073.0,21942.0,21774.0,21562.0,22.0,18.0,32.0,28.0,18.0,245.0,168.0,118.0,159.0,89.0,99.24,81.55,145.84,128.59,83.48,1105.2,761.11,537.78,730.23,412.76,21903.8,23.6,155.8,107.74,709.42
39,107,39107,Ohio,Mercer,42534.0,,42343.0,42360.0,42520.0,6.0,,2.0,7.0,8.0,49.0,,19.0,16.0,18.0,14.11,,4.72,16.53,18.81,115.2,,44.87,37.77,42.33,42439.25,5.75,25.5,13.54,60.04
39,111,39111,Ohio,Monroe,13350.0,13319.0,13213.0,13176.0,13067.0,10.0,5.0,1.0,10.0,6.0,27.0,14.0,20.0,15.0,9.0,74.91,37.54,7.57,75.9,45.92,202.25,105.11,151.37,113.84,68.88,13225.0,6.4,17.0,48.37,128.29
39,115,39115,Ohio,Morgan,13756.0,13698.0,13624.0,13620.0,13605.0,34.0,21.0,32.0,29.0,14.0,107.0,91.0,94.0,70.0,61.0,247.16,153.31,234.88,212.92,102.9,777.84,664.33,689.96,513.95,448.36,13660.6,26.0,84.6,190.23,618.89
39,119,39119,Ohio,Muskingum,86449.0,,,,86321.0,110.0,,,,152.0,607.0,,,,503.0,127.24,,,,176.09,702.15,,,,582.71,86385.0,131.0,555.0,151.66,642.43
39,125,39125,Ohio,Paulding,18809.0,,,18703.0,18757.0,11.0,,,18.0,18.0,159.0,,,102.0,54.0,58.48,,,96.24,95.96,845.34,,,545.37,287.89,18756.33,15.67,105.0,83.56,559.53
39,131,39131,Ohio,Pike,27064.0,27070.0,26925.0,26934.0,27076.0,55.0,43.0,31.0,40.0,30.0,536.0,227.0,195.0,237.0,257.0,203.22,158.85,115.13,148.51,110.8,1980.49,838.57,724.23,879.93,949.18,27013.8,39.8,290.4,147.3,1074.48
39,135,39135,Ohio,Preble,41007.0,40871.0,40526.0,40561.0,40718.0,13.0,17.0,21.0,13.0,14.0,173.0,136.0,98.0,117.0,92.0,31.7,41.59,51.82,32.05,34.38,421.88,332.75,241.82,288.45,225.94,40736.6,15.6,123.2,38.31,302.17
39,137,39137,Ohio,Putnam,34392.0,,,34240.0,,21.0,,,14.0,,79.0,,,41.0,,61.06,,,40.89,,229.7,,,119.74,,34316.0,17.5,60.0,50.98,174.72
39,141,39141,Ohio,Ross,77067.0,76493.0,76365.0,76276.0,75998.0,106.0,109.0,79.0,65.0,62.0,1183.0,941.0,787.0,640.0,656.0,137.54,142.5,103.45,85.22,81.58,1535.03,1230.18,1030.58,839.06,863.18,76439.8,84.2,841.4,110.06,1099.61
39,145,39145,Ohio,Scioto,73849.0,72932.0,72209.0,72047.0,71824.0,36.0,32.0,101.0,84.0,89.0,531.0,245.0,517.0,509.0,394.0,48.75,43.88,139.87,116.59,123.91,719.03,335.93,715.98,706.48,548.56,72572.2,68.4,439.2,94.6,605.2
39,149,39149,Ohio,Shelby,48158.0,48035.0,47690.0,47786.0,47952.0,4.0,15.0,13.0,10.0,12.0,126.0,101.0,86.0,86.0,84.0,8.31,31.23,27.26,20.93,25.03,261.64,210.26,180.33,179.97,175.18,47924.2,10.8,96.6,22.55,201.48
39,157,39157,Ohio,Tuscarawas,93205.0,92607.0,91951.0,91996.0,92232.0,40.0,36.0,47.0,43.0,33.0,260.0,278.0,294.0,291.0,250.0,42.92,38.87,51.11,46.74,35.78,278.95,300.19,319.74,316.32,271.06,92398.2,39.8,274.6,43.08,297.25
39,161,39161,Ohio,Van Wert,28922.0,28792.0,28731.0,28659.0,28866.0,20.0,20.0,24.0,15.0,21.0,81.0,60.0,75.0,102.0,95.0,69.15,69.46,83.53,52.34,72.75,280.06,208.39,261.04,355.91,329.11,28794.0,20.0,82.6,69.45,286.9
39,163,39163,Ohio,Vinton,12803.0,,12556.0,12466.0,12557.0,9.0,,24.0,27.0,7.0,85.0,,116.0,72.0,44.0,70.3,,191.14,216.59,55.75,663.91,,923.86,577.57,350.4,12595.5,16.75,79.25,133.44,628.94
39,167,39167,Ohio,Washington,59657.0,59485.0,58890.0,58637.0,58599.0,16.0,16.0,21.0,34.0,28.0,213.0,142.0,248.0,142.0,124.0,26.82,26.9,35.66,57.98,47.78,357.04,238.72,421.12,242.17,211.61,59053.6,23.0,173.8,39.03,294.13
40,017,40017,Oklahoma,Canadian,155435.0,162022.0,169473.0,176105.0,181644.0,21.0,20.0,13.0,16.0,14.0,138.0,168.0,127.0,134.0,128.0,13.51,12.34,7.67,9.09,7.71,88.78,103.69,74.94,76.09,70.47,168935.8,16.8,139.0,10.06,82.79
40,027,40027,Oklahoma,Cleveland,296253.0,298188.0,299819.0,301462.0,303401.0,43.0,40.0,39.0,41.0,46.0,213.0,204.0,159.0,214.0,174.0,14.51,13.41,13.01,13.6,15.16,71.9,68.41,53.03,70.99,57.35,299824.6,41.8,192.8,13.94,64.34
40,031,40031,Oklahoma,Comanche,121150.0,122383.0,122353.0,121882.0,121642.0,13.0,19.0,20.0,4.0,1.0,130.0,118.0,147.0,78.0,35.0,10.73,15.53,16.35,3.28,0.82,107.3,96.42,120.14,64.0,28.77,121882.0,11.4,101.6,9.34,83.33
40,033,40033,Oklahoma,Cotton,5540.0,5442.0,5472.0,5456.0,5498.0,9.0,6.0,11.0,13.0,9.0,23.0,29.0,49.0,42.0,33.0,162.45,110.25,201.02,238.27,163.7,415.16,532.89,895.47,769.79,600.22,5481.6,9.6,35.2,175.14,642.71
40,037,40037,Oklahoma,Creek,71843.0,72255.0,72691.0,73381.0,73929.0,52.0,48.0,29.0,33.0,19.0,360.0,362.0,292.0,281.0,246.0,72.38,66.43,39.89,44.97,25.7,501.09,501.0,401.7,382.93,332.75,72819.8,36.2,308.2,49.87,423.89
40,047,40047,Oklahoma,Garfield,62699.0,61986.0,61970.0,62060.0,62044.0,14.0,16.0,14.0,5.0,11.0,116.0,92.0,78.0,84.0,94.0,22.33,25.81,22.59,8.06,17.73,185.01,148.42,125.87,135.35,151.51,62151.8,12.0,92.8,19.3,149.23
40,051,40051,Oklahoma,Grady,54889.0,55644.0,56737.0,57504.0,58298.0,37.0,40.0,28.0,26.0,40.0,277.0,265.0,223.0,165.0,170.0,67.41,71.89,49.35,45.21,68.61,504.65,476.24,393.04,286.94,291.61,56614.4,34.2,220.0,60.49,390.5
40,081,40081,Oklahoma,Lincoln,33515.0,33892.0,34198.0,34641.0,35000.0,55.0,57.0,84.0,67.0,69.0,325.0,289.0,234.0,271.0,198.0,164.11,168.18,245.63,193.41,197.14,969.72,852.71,684.25,782.31,565.71,34249.2,66.4,263.4,193.69,770.94
40,083,40083,Oklahoma,Logan,49753.0,50952.0,52035.0,53174.0,53997.0,45.0,33.0,35.0,32.0,37.0,410.0,354.0,333.0,278.0,217.0,90.45,64.77,67.26,60.18,68.52,824.07,694.77,639.95,522.81,401.87,51982.2,36.4,318.4,70.24,616.69
40,087,40087,Oklahoma,McClain,41922.0,43544.0,45423.0,47084.0,48530.0,32.0,19.0,21.0,15.0,29.0,235.0,192.0,185.0,176.0,161.0,76.33,43.63,46.23,31.86,59.76,560.56,440.93,407.28,373.8,331.75,45300.6,23.2,189.8,51.56,422.86
40,109,40109,Oklahoma,Oklahoma,798252.0,800107.0,805035.0,811153.0,818198.0,45.0,29.0,29.0,25.0,30.0,189.0,144.0,148.0,113.0,114.0,5.64,3.62,3.6,3.08,3.67,23.68,18.0,18.38,13.93,13.93,806549.0,31.6,141.6,3.92,17.58
40,111,40111,Oklahoma,Okmulgee,36688.0,36848.0,36939.0,36994.0,37163.0,41.0,24.0,24.0,44.0,26.0,158.0,182.0,174.0,181.0,179.0,111.75,65.13,64.97,118.94,69.96,430.66,493.92,471.05,489.27,481.66,36926.4,31.8,174.8,86.15,473.31
40,113,40113,Oklahoma,Osage,45799.0,45929.0,45877.0,46187.0,46791.0,42.0,77.0,45.0,52.0,30.0,321.0,438.0,408.0,273.0,244.0,91.71,167.65,98.09,112.59,64.11,700.89,953.65,889.33,591.08,521.47,46116.6,49.2,336.8,106.83,731.28
40,117,40117,Oklahoma,Pawnee,15553.0,15703.0,15679.0,15871.0,16036.0,30.0,8.0,12.0,21.0,7.0,125.0,96.0,78.0,75.0,82.0,192.89,50.95,76.54,132.32,43.65,803.7,611.35,497.48,472.56,511.35,15768.4,15.6,91.2,99.27,579.29
40,131,40131,Oklahoma,Rogers,95395.0,96901.0,99095.0,100149.0,101170.0,128.0,88.0,61.0,62.0,39.0,410.0,404.0,410.0,298.0,249.0,134.18,90.81,61.56,61.91,38.55,429.79,416.92,413.74,297.56,246.12,98542.0,75.6,354.2,77.4,360.83
40,135,40135,Oklahoma,Sequoyah,39239.0,39492.0,39769.0,40126.0,40397.0,61.0,77.0,63.0,71.0,56.0,230.0,254.0,218.0,194.0,161.0,155.46,194.98,158.41,176.94,138.62,586.15,643.17,548.17,483.48,398.54,39804.6,65.6,211.4,164.88,531.9
40,143,40143,Oklahoma,Tulsa,670681.0,674181.0,679125.0,686287.0,694682.0,203.0,194.0,178.0,192.0,185.0,954.0,782.0,726.0,621.0,545.0,30.27,28.78,26.21,27.98,26.63,142.24,115.99,106.9,90.49,78.45,680991.2,190.4,725.6,27.97,106.81
40,145,40145,Oklahoma,Wagoner,81390.0,84253.0,86766.0,89385.0,91309.0,78.0,65.0,98.0,87.0,80.0,317.0,324.0,386.0,263.0,238.0,95.83,77.15,112.95,97.33,87.61,389.48,384.56,444.87,294.23,260.65,86620.6,81.6,305.6,94.17,354.76
40,001,40001,Oklahoma,Adair,19449.0,19432.0,19484.0,19548.0,19704.0,31.0,24.0,36.0,22.0,24.0,132.0,138.0,141.0,99.0,102.0,159.39,123.51,184.77,112.54,121.8,678.7,710.17,723.67,506.45,517.66,19523.4,27.4,122.4,140.4,627.33
40,003,40003,Oklahoma,Alfalfa,5713.0,5699.0,5691.0,5668.0,5721.0,2.0,4.0,5.0,10.0,2.0,39.0,56.0,39.0,21.0,52.0,35.01,70.19,87.86,176.43,34.96,682.65,982.63,685.29,370.5,908.93,5698.4,4.6,41.4,80.89,726.0
40,005,40005,Oklahoma,Atoka,14164.0,14294.0,14293.0,14508.0,14527.0,7.0,19.0,8.0,18.0,14.0,45.0,75.0,77.0,75.0,59.0,49.42,132.92,55.97,124.07,96.37,317.71,524.7,538.73,516.96,406.14,14357.2,13.2,66.2,91.75,460.85
40,007,40007,Oklahoma,Beaver,5028.0,4992.0,5031.0,5005.0,4915.0,4.0,2.0,0.0,2.0,6.0,27.0,16.0,28.0,13.0,15.0,79.55,40.06,0.0,39.96,122.08,536.99,320.51,556.55,259.74,305.19,4994.2,2.8,19.8,56.33,395.8
40,009,40009,Oklahoma,Beckham,22326.0,22021.0,21956.0,22094.0,22186.0,9.0,14.0,5.0,5.0,8.0,80.0,66.0,46.0,59.0,38.0,40.31,63.58,22.77,22.63,36.06,358.33,299.71,209.51,267.04,171.28,22116.6,8.2,57.8,37.07,261.17
40,011,40011,Oklahoma,Blaine,8704.0,8554.0,8452.0,8517.0,8522.0,14.0,12.0,17.0,24.0,11.0,86.0,72.0,74.0,87.0,46.0,160.85,140.29,201.14,281.79,129.08,988.05,841.71,875.53,1021.49,539.78,8549.8,15.6,73.0,182.63,853.31
40,013,40013,Oklahoma,Bryan,46326.0,47143.0,48218.0,49268.0,50440.0,39.0,24.0,55.0,46.0,45.0,235.0,269.0,353.0,277.0,214.0,84.19,50.91,114.07,93.37,89.21,507.27,570.6,732.09,562.23,424.27,48279.0,41.8,269.6,86.35,559.29
40,015,40015,Oklahoma,Caddo,26903.0,26452.0,26277.0,26242.0,26279.0,16.0,28.0,16.0,15.0,28.0,129.0,149.0,140.0,165.0,155.0,59.47,105.85,60.89,57.16,106.55,479.5,563.28,532.79,628.76,589.82,26430.6,20.6,147.6,77.98,558.83
40,019,40019,Oklahoma,Carter,48040.0,48260.0,48485.0,48897.0,49168.0,23.0,17.0,13.0,23.0,13.0,179.0,140.0,134.0,150.0,173.0,47.88,35.23,26.81,47.04,26.44,372.61,290.1,276.37,306.77,351.85,48570.0,17.8,155.2,36.68,319.54
40,021,40021,Oklahoma,Cherokee,47085.0,47646.0,48009.0,48121.0,48765.0,77.0,76.0,49.0,46.0,57.0,454.0,431.0,371.0,296.0,264.0,163.53,159.51,102.06,95.59,116.89,964.21,904.59,772.77,615.12,541.37,47925.2,61.0,363.2,127.52,759.61
40,023,40023,Oklahoma,Choctaw,14205.0,14359.0,14409.0,14318.0,14226.0,47.0,30.0,29.0,19.0,18.0,72.0,141.0,107.0,89.0,59.0,330.87,208.93,201.26,132.7,126.53,506.86,981.96,742.59,621.6,414.73,14303.4,28.6,93.6,200.06,653.55
40,025,40025,Oklahoma,Cimarron,2287.0,2245.0,2226.0,2184.0,2121.0,1.0,0.0,0.0,0.0,0.0,9.0,10.0,10.0,3.0,3.0,43.73,0.0,0.0,0.0,0.0,393.53,445.43,449.24,137.36,141.44,2212.6,0.2,7.0,8.75,313.4
40,029,40029,Oklahoma,Coal,5276.0,5311.0,5311.0,5292.0,5457.0,6.0,2.0,4.0,4.0,8.0,15.0,13.0,8.0,38.0,44.0,113.72,37.66,75.32,75.59,146.6,284.31,244.77,150.63,718.07,806.3,5329.4,4.8,23.6,89.78,440.82
40,035,40035,Oklahoma,Craig,14147.0,14207.0,14164.0,14468.0,14474.0,15.0,24.0,21.0,19.0,22.0,108.0,143.0,126.0,130.0,115.0,106.03,168.93,148.26,131.32,152.0,763.41,1006.55,889.58,898.53,794.53,14292.0,20.2,124.4,141.31,870.52
40,039,40039,Oklahoma,Custer,28448.0,28174.0,28060.0,28308.0,28201.0,6.0,13.0,10.0,16.0,6.0,97.0,84.0,70.0,34.0,59.0,21.09,46.14,35.64,56.52,21.28,340.97,298.15,249.47,120.11,209.21,28238.2,10.2,68.8,36.13,243.58
40,041,40041,Oklahoma,Delaware,40381.0,40957.0,41474.0,41702.0,41649.0,54.0,81.0,56.0,74.0,99.0,336.0,385.0,264.0,284.0,312.0,133.73,197.77,135.02,177.45,237.7,832.07,940.01,636.54,681.02,749.12,41232.6,72.8,316.2,176.33,767.75
40,043,40043,Oklahoma,Dewey,4476.0,4425.0,4394.0,4258.0,4271.0,14.0,6.0,8.0,2.0,1.0,41.0,50.0,48.0,49.0,30.0,312.78,135.59,182.07,46.97,23.41,916.0,1129.94,1092.4,1150.78,702.41,4364.8,6.2,43.6,140.16,998.31
40,045,40045,Oklahoma,Ellis,3742.0,3738.0,3687.0,3637.0,3621.0,8.0,3.0,3.0,6.0,10.0,70.0,48.0,32.0,30.0,34.0,213.79,80.26,81.37,164.97,276.17,1870.66,1284.11,867.91,824.86,938.97,3685.0,6.0,42.8,163.31,1157.3
40,049,40049,Oklahoma,Garvin,25648.0,25792.0,25796.0,25984.0,26299.0,33.0,49.0,40.0,36.0,39.0,242.0,206.0,165.0,191.0,165.0,128.67,189.98,155.06,138.55,148.29,943.54,798.7,639.63,735.07,627.4,25903.8,39.4,193.8,152.11,748.87
40,053,40053,Oklahoma,Grant,4186.0,4153.0,4132.0,4098.0,4132.0,5.0,2.0,1.0,1.0,2.0,42.0,27.0,38.0,16.0,38.0,119.45,48.16,24.2,24.4,48.4,1003.34,650.13,919.65,390.43,919.65,4140.2,2.2,32.2,52.92,776.64
40,057,40057,Oklahoma,Harmon,2476.0,2400.0,2425.0,2406.0,2335.0,1.0,2.0,1.0,4.0,2.0,15.0,3.0,4.0,7.0,2.0,40.39,83.33,41.24,166.25,85.65,605.82,125.0,164.95,290.94,85.65,2408.4,2.0,6.2,83.37,254.47
40,059,40059,Oklahoma,Harper,3246.0,3173.0,3166.0,3201.0,3196.0,2.0,3.0,1.0,3.0,2.0,7.0,21.0,12.0,10.0,7.0,61.61,94.55,31.59,93.72,62.58,215.65,661.83,379.03,312.4,219.02,3196.4,2.2,11.4,68.81,357.59
40,061,40061,Oklahoma,Haskell,11553.0,11621.0,11639.0,11795.0,11822.0,7.0,8.0,7.0,27.0,9.0,73.0,58.0,71.0,63.0,43.0,60.59,68.84,60.14,228.91,76.13,631.87,499.1,610.02,534.12,363.73,11686.0,11.6,61.6,98.92,527.77
40,063,40063,Oklahoma,Hughes,13348.0,13403.0,13420.0,13443.0,13446.0,12.0,5.0,13.0,9.0,12.0,108.0,104.0,121.0,102.0,96.0,89.9,37.31,96.87,66.95,89.25,809.11,775.95,901.64,758.76,713.97,13412.0,10.2,106.2,76.06,791.89
40,065,40065,Oklahoma,Jackson,24735.0,24721.0,24615.0,24664.0,24627.0,9.0,3.0,7.0,10.0,6.0,32.0,31.0,24.0,18.0,16.0,36.39,12.14,28.44,40.54,24.36,129.37,125.4,97.5,72.98,64.97,24672.4,7.0,24.2,28.37,98.04
40,067,40067,Oklahoma,Jefferson,5315.0,5386.0,5412.0,5354.0,5422.0,2.0,4.0,7.0,7.0,3.0,18.0,18.0,17.0,29.0,13.0,37.63,74.27,129.34,130.74,55.33,338.66,334.2,314.12,541.65,239.76,5377.8,4.6,19.0,85.46,353.68
40,069,40069,Oklahoma,Johnston,10242.0,10318.0,10311.0,10233.0,10325.0,25.0,14.0,23.0,12.0,23.0,45.0,58.0,53.0,40.0,30.0,244.09,135.69,223.06,117.27,222.76,439.37,562.12,514.01,390.89,290.56,10285.8,19.4,45.2,188.57,439.39
40,071,40071,Oklahoma,Kay,43605.0,43748.0,43764.0,43775.0,43637.0,19.0,29.0,28.0,23.0,24.0,135.0,120.0,102.0,102.0,70.0,43.57,66.29,63.98,52.54,55.0,309.6,274.3,233.07,233.01,160.41,43705.8,24.6,105.8,56.28,242.08
40,073,40073,Oklahoma,Kingfisher,15170.0,15226.0,15281.0,15527.0,15677.0,8.0,7.0,2.0,19.0,6.0,60.0,83.0,63.0,70.0,49.0,52.74,45.97,13.09,122.37,38.27,395.52,545.12,412.28,450.83,312.56,15376.2,8.4,65.0,54.49,423.26
40,075,40075,Oklahoma,Kiowa,8496.0,8403.0,8442.0,8333.0,8259.0,4.0,6.0,2.0,5.0,2.0,16.0,17.0,7.0,18.0,12.0,47.08,71.4,23.69,60.0,24.22,188.32,202.31,82.92,216.01,145.3,8386.6,3.8,14.0,45.28,166.97
40,077,40077,Oklahoma,Latimer,9477.0,9457.0,9573.0,9584.0,9589.0,12.0,15.0,15.0,4.0,7.0,87.0,78.0,62.0,49.0,41.0,126.62,158.61,156.69,41.74,73.0,918.01,824.79,647.65,511.27,427.57,9536.0,10.6,63.4,111.33,665.86
40,079,40079,Oklahoma,Le Flore,48209.0,48639.0,49004.0,49437.0,49647.0,51.0,28.0,41.0,43.0,44.0,237.0,202.0,216.0,166.0,128.0,105.79,57.57,83.67,86.98,88.63,491.61,415.3,440.78,335.78,257.82,48987.2,41.4,189.8,84.53,388.26
40,085,40085,Oklahoma,Love,10159.0,10238.0,10196.0,10384.0,10599.0,12.0,16.0,11.0,4.0,9.0,119.0,95.0,73.0,76.0,90.0,118.12,156.28,107.89,38.52,84.91,1171.38,927.92,715.97,731.9,849.14,10315.2,10.4,90.6,101.14,879.26
40,093,40093,Oklahoma,Major,7747.0,7639.0,7551.0,7601.0,7558.0,7.0,9.0,9.0,7.0,15.0,45.0,61.0,34.0,43.0,41.0,90.36,117.82,119.19,92.09,198.47,580.87,798.53,450.27,565.72,542.47,7619.2,9.4,44.8,123.59,587.57
40,095,40095,Oklahoma,Marshall,15340.0,15562.0,15932.0,15969.0,16150.0,7.0,19.0,32.0,28.0,11.0,192.0,163.0,161.0,124.0,159.0,45.63,122.09,200.85,175.34,68.11,1251.63,1047.42,1010.54,776.5,984.52,15790.6,19.4,159.8,122.4,1014.12
40,097,40097,Oklahoma,Mayes,39054.0,39247.0,39574.0,39946.0,40134.0,74.0,46.0,48.0,63.0,51.0,347.0,465.0,431.0,292.0,198.0,189.48,117.21,121.29,157.71,127.07,888.51,1184.8,1089.1,730.99,493.35,39591.0,56.4,346.6,142.55,877.35
40,089,40089,Oklahoma,McCurtain,30844.0,30821.0,30877.0,30946.0,30778.0,58.0,39.0,45.0,56.0,46.0,319.0,273.0,263.0,344.0,298.0,188.04,126.54,145.74,180.96,149.46,1034.24,885.76,851.77,1111.61,968.22,30853.2,48.8,299.4,158.15,970.32
40,091,40091,Oklahoma,McIntosh,18948.0,19238.0,19399.0,19672.0,19726.0,37.0,33.0,23.0,27.0,38.0,212.0,200.0,156.0,169.0,197.0,195.27,171.54,118.56,137.25,192.64,1118.85,1039.61,804.17,859.09,998.68,19396.6,31.6,186.8,163.05,964.08
40,099,40099,Oklahoma,Murray,13873.0,13729.0,13693.0,13771.0,13857.0,4.0,3.0,4.0,6.0,9.0,23.0,38.0,34.0,45.0,35.0,28.83,21.85,29.21,43.57,64.95,165.79,276.79,248.3,326.77,252.58,13784.6,5.2,35.0,37.68,254.05
40,101,40101,Oklahoma,Muskogee,66222.0,66270.0,66247.0,66686.0,66780.0,58.0,48.0,69.0,81.0,81.0,235.0,179.0,204.0,186.0,180.0,87.58,72.43,104.16,121.46,121.29,354.87,270.11,307.94,278.92,269.54,66441.0,67.4,196.8,101.38,296.28
40,103,40103,Oklahoma,Noble,10925.0,10947.0,10870.0,10868.0,10908.0,10.0,15.0,13.0,9.0,13.0,61.0,67.0,101.0,47.0,41.0,91.53,137.02,119.6,82.81,119.18,558.35,612.04,929.16,432.46,375.87,10903.6,12.0,63.4,110.03,581.58
40,105,40105,Oklahoma,Nowata,9323.0,9360.0,9443.0,9462.0,9526.0,5.0,12.0,7.0,17.0,10.0,37.0,57.0,73.0,58.0,70.0,53.63,128.21,74.13,179.67,104.98,396.87,608.97,773.06,612.98,734.83,9422.8,10.2,59.0,108.12,625.34
40,107,40107,Oklahoma,Okfuskee,11272.0,11220.0,11206.0,11277.0,11352.0,14.0,10.0,5.0,14.0,11.0,93.0,85.0,73.0,121.0,62.0,124.2,89.13,44.62,124.15,96.9,825.05,757.58,651.44,1072.98,546.16,11265.4,10.8,86.8,95.8,770.64
40,115,40115,Oklahoma,Ottawa,30240.0,30387.0,30369.0,30291.0,30429.0,26.0,28.0,49.0,35.0,29.0,174.0,238.0,235.0,227.0,203.0,85.98,92.14,161.35,115.55,95.3,575.4,783.23,773.82,749.4,667.13,30343.2,33.4,215.4,110.06,709.8
40,119,40119,Oklahoma,Payne,81647.0,82248.0,82904.0,83485.0,83696.0,38.0,29.0,34.0,31.0,27.0,251.0,269.0,265.0,202.0,165.0,46.54,35.26,41.01,37.13,32.26,307.42,327.06,319.65,241.96,197.14,82796.0,31.8,230.4,38.44,278.65
40,121,40121,Oklahoma,Pittsburg,43792.0,43659.0,43555.0,43465.0,43471.0,73.0,51.0,41.0,40.0,49.0,376.0,334.0,317.0,307.0,261.0,166.7,116.81,94.13,92.03,112.72,858.6,765.02,727.82,706.32,600.4,43588.4,50.8,319.0,116.48,731.63
40,123,40123,Oklahoma,Pontotoc,38091.0,,38061.0,38504.0,38343.0,22.0,,13.0,0.0,0.0,168.0,,74.0,64.0,51.0,57.76,,34.16,0.0,0.0,441.05,,194.42,166.22,133.01,38249.75,8.75,89.25,22.98,233.68
40,125,40125,Oklahoma,Pottawatomie,72540.0,73052.0,73373.0,73851.0,74475.0,43.0,52.0,79.0,64.0,95.0,393.0,426.0,406.0,323.0,354.0,59.28,71.18,107.67,86.66,127.56,541.77,583.15,553.34,437.37,475.33,73458.2,66.6,380.4,90.47,518.19
40,127,40127,Oklahoma,Pushmataha,10793.0,10768.0,10724.0,10876.0,10860.0,16.0,13.0,14.0,11.0,10.0,114.0,82.0,60.0,97.0,50.0,148.24,120.73,130.55,101.14,92.08,1056.24,761.52,559.49,891.87,460.41,10804.2,12.8,80.6,118.55,745.91
40,129,40129,Oklahoma,Roger Mills,3431.0,3367.0,3364.0,3319.0,3287.0,10.0,3.0,3.0,3.0,3.0,21.0,25.0,31.0,21.0,17.0,291.46,89.1,89.18,90.39,91.27,612.07,742.5,921.52,632.72,517.19,3353.6,4.4,23.0,130.28,685.2
40,133,40133,Oklahoma,Seminole,23516.0,23535.0,23477.0,23562.0,23354.0,29.0,18.0,22.0,22.0,23.0,323.0,273.0,239.0,184.0,198.0,123.32,76.48,93.71,93.37,98.48,1373.53,1159.97,1018.02,780.92,847.82,23488.8,22.8,243.4,97.07,1036.05
40,137,40137,Oklahoma,Stephens,42835.0,43150.0,43699.0,44134.0,44225.0,28.0,33.0,40.0,31.0,20.0,117.0,131.0,95.0,115.0,118.0,65.37,76.48,91.54,70.24,45.22,273.14,303.59,217.4,260.57,266.82,43608.6,30.4,115.2,69.77,264.3
40,139,40139,Oklahoma,Texas,21291.0,20854.0,20616.0,20426.0,20443.0,1.0,8.0,8.0,5.0,4.0,59.0,56.0,79.0,44.0,45.0,4.7,38.36,38.8,24.48,19.57,277.11,268.53,383.2,215.41,220.12,20726.0,5.2,56.6,25.18,272.87
40,141,40141,Oklahoma,Tillman,6950.0,7044.0,6975.0,6883.0,6798.0,2.0,8.0,15.0,3.0,5.0,26.0,42.0,15.0,20.0,17.0,28.78,113.57,215.05,43.59,73.55,374.1,596.25,215.05,290.57,250.07,6930.0,6.6,24.0,94.91,345.21
40,149,40149,Oklahoma,Washita,10903.0,10909.0,10718.0,10727.0,10820.0,11.0,7.0,6.0,2.0,3.0,31.0,35.0,45.0,33.0,44.0,100.89,64.17,55.98,18.64,27.73,284.33,320.84,419.85,307.63,406.65,10815.4,5.8,37.6,53.48,347.86
40,151,40151,Oklahoma,Woods,8598.0,8623.0,8596.0,8557.0,8565.0,5.0,5.0,5.0,2.0,8.0,22.0,30.0,30.0,40.0,40.0,58.15,57.98,58.17,23.37,93.4,255.87,347.91,349.0,467.45,467.02,8587.8,5.0,32.4,58.21,377.45
40,153,40153,Oklahoma,Woodward,20401.0,20238.0,20028.0,20060.0,19902.0,17.0,10.0,7.0,13.0,5.0,63.0,106.0,59.0,41.0,21.0,83.33,49.41,34.95,64.81,25.12,308.81,523.77,294.59,204.39,105.52,20125.8,10.4,58.0,51.52,287.42
41,005,41005,Oregon,Clackamas,422483.0,423877.0,423098.0,424076.0,425245.0,443.0,469.0,549.0,541.0,536.0,4384.0,5071.0,5966.0,4555.0,4127.0,104.86,110.65,129.76,127.57,126.04,1037.67,1196.34,1410.08,1074.1,970.5,423755.8,507.6,4820.6,119.78,1137.74
41,017,41017,Oregon,Deschutes,199461.0,205280.0,206421.0,208648.0,211202.0,85.0,88.0,77.0,64.0,61.0,585.0,642.0,549.0,489.0,468.0,42.61,42.87,37.3,30.67,28.88,293.29,312.74,265.96,234.37,221.59,206202.4,75.0,546.6,36.47,265.59
41,033,41033,Oregon,Josephine,88214.0,88620.0,87793.0,87949.0,88143.0,96.0,101.0,170.0,94.0,94.0,322.0,325.0,380.0,178.0,205.0,108.83,113.97,193.64,106.88,106.64,365.02,366.73,432.84,202.39,232.58,88143.8,111.0,282.0,125.99,319.91
41,043,41043,Oregon,Linn,128950.0,130110.0,130555.0,131591.0,132584.0,66.0,65.0,79.0,79.0,99.0,827.0,883.0,950.0,760.0,652.0,51.18,49.96,60.51,60.03,74.67,641.33,678.66,727.66,577.55,491.76,130758.0,77.6,814.4,59.27,623.39
41,051,41051,Oregon,Multnomah,816261.0,805130.0,796165.0,793778.0,794472.0,,245.0,240.0,273.0,285.0,1432.0,1713.0,1670.0,1471.0,1338.0,,30.43,30.14,34.39,35.87,175.43,212.76,209.76,185.32,168.41,801161.2,260.75,1524.8,32.71,190.34
41,053,41053,Oregon,Polk,87983.0,89436.0,89923.0,90138.0,90205.0,42.0,67.0,54.0,59.0,43.0,343.0,292.0,280.0,241.0,204.0,47.74,74.91,60.05,65.46,47.67,389.85,326.49,311.38,267.37,226.15,89537.0,53.0,272.0,59.17,304.25
41,067,41067,Oregon,Washington,601004.0,602382.0,600063.0,603856.0,608613.0,438.0,568.0,504.0,490.0,465.0,2789.0,2776.0,2811.0,2416.0,2404.0,72.88,94.29,83.99,81.15,76.4,464.06,460.84,468.45,400.1,395.0,603183.6,493.0,2639.2,81.74,437.69
41,071,41071,Oregon,Yamhill,107692.0,108019.0,107681.0,108900.0,110065.0,51.0,78.0,49.0,59.0,62.0,440.0,544.0,326.0,307.0,295.0,47.36,72.21,45.5,54.18,56.33,408.57,503.62,302.75,281.91,268.02,108471.4,59.8,382.4,55.12,352.97
41,001,41001,Oregon,Baker,16728.0,,16925.0,16886.0,16757.0,7.0,,3.0,4.0,20.0,124.0,,56.0,79.0,144.0,41.85,,17.73,23.69,119.35,741.27,,330.87,467.84,859.34,16824.0,8.5,100.75,50.66,599.83
41,007,41007,Oregon,Clatsop,41156.0,41932.0,41597.0,41135.0,41206.0,44.0,34.0,21.0,26.0,36.0,187.0,156.0,171.0,150.0,166.0,106.91,81.08,50.48,63.21,87.37,454.37,372.03,411.09,364.65,402.85,41405.2,32.2,166.0,77.81,401.0
41,013,41013,Oregon,Crook,24933.0,25772.0,26393.0,26940.0,27320.0,33.0,27.0,35.0,9.0,18.0,87.0,101.0,59.0,4.0,3.0,132.35,104.76,132.61,33.41,65.89,348.94,391.9,223.54,14.85,10.98,26271.6,24.4,50.8,93.8,198.04
41,019,41019,Oregon,Douglas,111294.0,112185.0,112247.0,112442.0,112351.0,218.0,160.0,129.0,118.0,100.0,952.0,790.0,846.0,610.0,557.0,195.88,142.62,114.93,104.94,89.01,855.39,704.19,753.69,542.5,495.77,112103.8,145.0,751.0,129.48,670.31
41,021,41021,Oregon,Gilliam,2014.0,2010.0,2012.0,2033.0,1984.0,3.0,8.0,0.0,1.0,4.0,32.0,42.0,47.0,35.0,41.0,148.96,398.01,0.0,49.19,201.61,1588.88,2089.55,2335.98,1721.59,2066.53,2010.6,3.2,39.4,159.55,1960.51
41,031,41031,Oregon,Jefferson,24582.0,25094.0,25317.0,25532.0,25685.0,9.0,12.0,13.0,7.0,7.0,123.0,148.0,117.0,89.0,66.0,36.61,47.82,51.35,27.42,27.25,500.37,589.78,462.14,348.58,256.96,25242.0,9.6,108.6,38.09,431.57
41,041,41041,Oregon,Lincoln,50509.0,51019.0,50747.0,50811.0,50753.0,49.0,53.0,57.0,42.0,31.0,319.0,292.0,233.0,162.0,169.0,97.01,103.88,112.32,82.66,61.08,631.57,572.34,459.14,318.83,332.99,50767.8,46.4,235.0,91.39,462.97
41,049,41049,Oregon,Morrow,12219.0,12359.0,12272.0,12343.0,12454.0,29.0,19.0,23.0,27.0,12.0,124.0,104.0,140.0,139.0,104.0,237.34,153.73,187.42,218.75,96.35,1014.81,841.49,1140.81,1126.14,835.07,12329.4,22.0,122.2,178.72,991.66
41,055,41055,Oregon,Sherman,1880.0,1917.0,1961.0,1964.0,2015.0,6.0,2.0,2.0,1.0,3.0,46.0,69.0,32.0,23.0,31.0,319.15,104.33,101.99,50.92,148.88,2446.81,3599.37,1631.82,1171.08,1538.46,1947.4,2.8,40.2,145.05,2077.51
41,057,41057,Oregon,Tillamook,27456.0,27807.0,27513.0,27459.0,27422.0,38.0,24.0,36.0,20.0,24.0,327.0,236.0,240.0,145.0,169.0,138.4,86.31,130.85,72.84,87.52,1191.0,848.71,872.31,528.06,616.29,27531.4,28.4,223.4,103.18,811.27
41,059,41059,Oregon,Umatilla,79892.0,79748.0,79792.0,80157.0,80958.0,45.0,53.0,41.0,33.0,41.0,387.0,344.0,482.0,460.0,307.0,56.33,66.46,51.38,41.17,50.64,484.4,431.36,604.07,573.87,379.21,80109.4,42.6,396.0,53.2,494.58
41,061,41061,Oregon,Union,26171.0,26288.0,26157.0,25934.0,25945.0,10.0,20.0,18.0,16.0,12.0,202.0,144.0,163.0,147.0,181.0,38.21,76.08,68.82,61.7,46.25,771.85,547.78,623.16,566.82,697.63,26099.0,15.2,167.4,58.21,641.45
41,063,41063,Oregon,Wallowa,7403.0,,7639.0,,,0.0,,0.0,,,48.0,,32.0,,,0.0,,0.0,,,648.39,,418.9,,,7521.0,0.0,40.0,0.0,533.64
41,065,41065,Oregon,Wasco,26613.0,26702.0,26522.0,26327.0,26461.0,30.0,18.0,36.0,32.0,17.0,178.0,158.0,92.0,83.0,93.0,112.73,67.41,135.74,121.55,64.25,668.85,591.72,346.88,315.27,351.46,26525.0,26.6,120.8,100.34,454.84
,,,Pennsylvania,Allegheny County Police Department,,,,,,,,,,,,,,,,,,,,,,,,,,,,,,
42,125,42125,Pennsylvania,Washington,209413.0,,,210442.0,210635.0,2.0,,,2.0,0.0,3.0,,,1.0,1.0,0.96,,,0.95,0.0,1.43,,,0.48,0.47,210163.33,1.33,1.67,0.64,0.79
42,123,42123,Pennsylvania,Warren,38513.0,,,37629.0,37311.0,0.0,,,0.0,0.0,0.0,,,0.0,0.0,0.0,,,0.0,0.0,0.0,,,0.0,0.0,37817.67,0.0,0.0,0.0,0.0
45,007,45007,South Carolina,Anderson,204181.0,206965.0,210142.0,214149.0,217390.0,820.0,744.0,691.0,629.0,640.0,4679.0,4079.0,3963.0,3624.0,3399.0,401.6,359.48,328.83,293.72,294.4,2291.59,1970.86,1885.87,1692.28,1563.55,210565.4,704.8,3948.8,335.61,1880.83
45,013,45013,South Carolina,Beaufort,187814.0,191945.0,196266.0,199700.0,203006.0,455.0,479.0,590.0,538.0,433.0,1879.0,2234.0,1952.0,1744.0,1659.0,242.26,249.55,300.61,269.4,213.29,1000.46,1163.88,994.57,873.31,817.22,195746.2,499.0,1893.6,255.02,969.89
45,015,45015,South Carolina,Berkeley,231478.0,236898.0,245656.0,256711.0,265992.0,459.0,439.0,475.0,542.0,493.0,2443.0,1985.0,2228.0,2579.0,2236.0,198.29,185.31,193.36,211.13,185.34,1055.39,837.91,906.96,1004.63,840.63,247347.0,481.6,2294.2,194.69,929.1
45,017,45017,South Carolina,Calhoun,14111.0,14141.0,14197.0,14189.0,,54.0,51.0,48.0,26.0,,235.0,194.0,289.0,168.0,,382.68,360.65,338.1,183.24,,1665.37,1371.9,2035.64,1184.02,,14159.5,44.75,221.5,316.17,1564.23
45,023,45023,South Carolina,Chester,32287.0,32169.0,31986.0,32227.0,32547.0,125.0,101.0,111.0,116.0,91.0,430.0,301.0,359.0,332.0,274.0,387.15,313.97,347.03,359.95,279.6,1331.81,935.68,1122.37,1030.19,841.86,32243.2,108.8,339.2,337.54,1052.38
45,027,45027,South Carolina,Clarendon,30832.0,30967.0,30965.0,31106.0,31053.0,113.0,174.0,117.0,151.0,147.0,628.0,593.0,741.0,563.0,450.0,366.5,561.89,377.85,485.44,473.38,2036.84,1914.94,2393.02,1809.94,1449.14,30984.6,140.4,595.0,453.01,1920.78
45,035,45035,South Carolina,Dorchester,162056.0,163528.0,166125.0,169882.0,174839.0,321.0,270.0,201.0,236.0,259.0,1724.0,1501.0,1288.0,1314.0,1212.0,198.08,165.11,120.99,138.92,148.14,1063.83,917.89,775.32,773.48,693.21,167286.0,257.4,1407.8,154.25,844.75
45,037,45037,South Carolina,Edgefield,25674.0,,27273.0,28521.0,29247.0,8.0,,13.0,6.0,9.0,137.0,,111.0,125.0,103.0,31.16,,47.67,21.04,30.77,533.61,,407.0,438.27,352.17,27678.75,9.0,119.0,32.66,432.76
45,039,45039,South Carolina,Fairfield,20892.0,20711.0,20455.0,20489.0,20478.0,133.0,107.0,193.0,154.0,127.0,432.0,314.0,347.0,325.0,291.0,636.61,516.63,943.53,751.62,620.18,2067.78,1516.1,1696.41,1586.22,1421.04,20605.0,142.8,341.8,693.71,1657.51
45,041,45041,South Carolina,Florence,136826.0,136446.0,136895.0,137524.0,138317.0,597.0,550.0,511.0,583.0,634.0,2153.0,2216.0,2236.0,2114.0,1943.0,436.32,403.09,373.28,423.93,458.37,1573.53,1624.09,1633.37,1537.19,1404.74,137201.6,575.0,2132.4,419.0,1554.58
45,045,45045,South Carolina,Greenville,527244.0,534789.0,548763.0,560986.0,573870.0,1865.0,1595.0,1693.0,1654.0,1480.0,8471.0,7411.0,6628.0,7212.0,6979.0,353.73,298.25,308.51,294.84,257.9,1606.66,1385.78,1207.81,1285.59,1216.13,549130.4,1657.4,7340.2,302.65,1340.39
45,051,45051,South Carolina,Horry,353774.0,366100.0,383626.0,398699.0,414307.0,1.0,6.0,1.0,0.0,5.0,1.0,2.0,1.0,0.0,5.0,0.28,1.64,0.26,0.0,1.21,0.28,0.55,0.26,0.0,1.21,383301.2,2.6,1.8,0.68,0.46
,,,South Carolina,Horry County Police Department,,,,,,,,,,,,,,,,,,,,,,,,,,,,,,
45,055,45055,South Carolina,Kershaw,65590.0,66253.0,67989.0,70331.0,,180.0,196.0,217.0,124.0,,1242.0,930.0,947.0,662.0,,274.43,295.84,319.17,176.31,,1893.58,1403.71,1392.87,941.26,,67540.75,179.25,945.25,266.44,1407.86
45,057,45057,South Carolina,Lancaster,96589.0,100476.0,104629.0,108455.0,111299.0,320.0,368.0,322.0,284.0,277.0,1686.0,1329.0,1406.0,1089.0,1065.0,331.3,366.26,307.75,261.86,248.88,1745.54,1322.7,1343.8,1004.1,956.88,104289.6,314.2,1315.0,303.21,1274.6
45,059,45059,South Carolina,Laurens,67626.0,67864.0,68150.0,69208.0,70508.0,239.0,243.0,185.0,194.0,136.0,1121.0,1016.0,932.0,638.0,713.0,353.41,358.07,271.46,280.31,192.89,1657.65,1497.11,1367.57,921.86,1011.23,68671.2,199.4,884.0,291.23,1291.08
45,063,45063,South Carolina,Lexington,294989.0,300722.0,305297.0,309883.0,314084.0,638.0,649.0,721.0,668.0,629.0,5828.0,5133.0,4746.0,4106.0,3567.0,216.28,215.81,236.16,215.57,200.26,1975.67,1706.89,1554.55,1325.02,1135.68,304995.0,661.0,4676.0,216.82,1539.56
45,077,45077,South Carolina,Pickens,131698.0,132162.0,134421.0,136591.0,137859.0,247.0,188.0,171.0,147.0,131.0,1346.0,1095.0,876.0,756.0,595.0,187.55,142.25,127.21,107.62,95.02,1022.04,828.53,651.68,553.48,431.6,134546.2,176.8,933.6,131.93,697.47
45,079,45079,South Carolina,Richland,415755.0,417573.0,421786.0,424872.0,430800.0,2115.0,2124.0,2041.0,2046.0,1468.0,8728.0,7599.0,7451.0,6911.0,5086.0,508.71,508.65,483.89,481.56,340.76,2099.31,1819.8,1766.54,1626.61,1180.59,422157.2,1958.8,7155.0,464.71,1698.57
45,081,45081,South Carolina,Saluda,18914.0,18914.0,19102.0,19327.0,19569.0,38.0,22.0,26.0,38.0,28.0,186.0,137.0,102.0,80.0,102.0,200.91,116.32,136.11,196.62,143.08,983.4,724.33,533.98,413.93,521.23,19165.2,30.4,121.4,158.61,635.37
45,083,45083,South Carolina,Spartanburg,329370.0,335481.0,346466.0,358924.0,369934.0,997.0,1100.0,1213.0,1244.0,1153.0,4808.0,4478.0,4307.0,4456.0,2976.0,302.7,327.89,350.11,346.59,311.68,1459.76,1334.8,1243.12,1241.49,804.47,348035.0,1141.4,4205.0,327.79,1216.73
45,085,45085,South Carolina,Sumter,105409.0,104703.0,103890.0,104396.0,104788.0,464.0,422.0,513.0,395.0,389.0,1343.0,1383.0,1423.0,1303.0,1204.0,440.19,403.04,493.79,378.37,371.23,1274.08,1320.88,1369.72,1248.13,1148.99,104637.2,436.6,1331.2,417.32,1272.36
45,091,45091,South Carolina,York,283833.0,288851.0,293579.0,297770.0,302761.0,372.0,399.0,345.0,256.0,334.0,2283.0,2314.0,2149.0,1496.0,1624.0,131.06,138.13,117.52,85.97,110.32,804.35,801.11,732.0,502.4,536.4,293358.8,341.2,1973.2,116.6,675.25
45,001,45001,South Carolina,Abbeville,24267.0,24276.0,24413.0,24582.0,24679.0,63.0,60.0,84.0,27.0,39.0,285.0,233.0,322.0,168.0,119.0,259.61,247.16,344.08,109.84,158.03,1174.43,959.8,1318.97,683.43,482.19,24443.4,54.6,225.4,223.74,923.76
45,005,45005,South Carolina,Allendale,7940.0,,,7588.0,7531.0,5.0,,,11.0,10.0,44.0,,,33.0,32.0,62.97,,,144.97,132.78,554.16,,,434.9,424.91,7686.33,8.67,36.33,113.57,471.32
45,009,45009,South Carolina,Bamberg,13259.0,13124.0,12947.0,12964.0,12836.0,21.0,6.0,32.0,19.0,9.0,133.0,132.0,109.0,89.0,107.0,158.38,45.72,247.16,146.56,70.12,1003.09,1005.79,841.89,686.52,833.59,13026.0,17.4,114.0,133.59,874.18
45,011,45011,South Carolina,Barnwell,20580.0,20592.0,20445.0,20430.0,20512.0,115.0,84.0,72.0,68.0,57.0,246.0,251.0,230.0,180.0,163.0,558.79,407.93,352.16,332.84,277.89,1195.34,1218.92,1124.97,881.06,794.66,20511.8,79.2,214.0,385.92,1042.99
45,029,45029,South Carolina,Colleton,38538.0,38486.0,38650.0,39129.0,39429.0,200.0,194.0,196.0,185.0,162.0,773.0,719.0,614.0,529.0,445.0,518.97,504.08,507.12,472.8,410.87,2005.81,1868.21,1588.62,1351.94,1128.61,38846.4,187.4,616.0,482.77,1588.64
45,043,45043,South Carolina,Georgetown,63508.0,63948.0,64762.0,,66132.0,172.0,154.0,168.0,,131.0,800.0,707.0,724.0,,516.0,270.83,240.82,259.41,,198.09,1259.68,1105.59,1117.94,,780.26,64587.5,156.25,686.75,242.29,1065.87
45,061,45061,South Carolina,Lee,16551.0,,16121.0,15925.0,15873.0,64.0,,84.0,82.0,124.0,335.0,,291.0,308.0,295.0,386.68,,521.06,514.91,781.2,2024.05,,1805.1,1934.07,1858.5,16117.5,88.5,307.25,550.96,1905.43
45,067,45067,South Carolina,Marion,29088.0,28865.0,28513.0,28544.0,28504.0,103.0,78.0,92.0,118.0,126.0,430.0,386.0,308.0,395.0,347.0,354.1,270.22,322.66,413.4,442.04,1478.27,1337.26,1080.21,1383.83,1217.37,28702.8,103.4,373.2,360.48,1299.39
45,069,45069,South Carolina,Marlboro,26494.0,26077.0,25952.0,25745.0,25544.0,90.0,117.0,129.0,121.0,132.0,236.0,330.0,424.0,426.0,365.0,339.7,448.67,497.07,469.99,516.76,890.77,1265.48,1633.79,1654.69,1428.91,25962.4,117.8,356.2,454.44,1374.73
45,065,45065,South Carolina,McCormick,9522.0,,9715.0,9788.0,9977.0,5.0,,9.0,9.0,13.0,71.0,,20.0,50.0,58.0,52.51,,92.64,91.95,130.3,745.64,,205.87,510.83,581.34,9750.5,9.0,49.75,91.85,510.92
45,071,45071,South Carolina,Newberry,37736.0,37999.0,38342.0,38931.0,39321.0,114.0,99.0,75.0,61.0,65.0,261.0,256.0,276.0,191.0,226.0,302.1,260.53,195.61,156.69,165.31,691.65,673.7,719.84,490.61,574.76,38465.8,82.8,242.0,216.05,630.11
45,073,45073,South Carolina,Oconee,78794.0,79380.0,80280.0,81552.0,82566.0,199.0,206.0,195.0,179.0,173.0,1743.0,1484.0,1434.0,1181.0,1034.0,252.56,259.51,242.9,219.49,209.53,2212.1,1869.49,1786.25,1448.16,1252.33,80514.4,190.4,1375.2,236.8,1713.67
45,075,45075,South Carolina,Orangeburg,83961.0,82863.0,83183.0,83212.0,83171.0,874.0,892.0,895.0,913.0,714.0,2517.0,2369.0,2031.0,1656.0,1969.0,1040.96,1076.48,1075.94,1097.2,858.47,2997.82,2858.94,2441.6,1990.1,2367.41,83278.0,857.6,2108.4,1029.81,2531.17
45,087,45087,South Carolina,Union,27173.0,,26788.0,,26794.0,16.0,,56.0,,50.0,196.0,,424.0,,324.0,58.88,,209.05,,186.61,721.3,,1582.8,,1209.23,26918.33,40.67,314.67,151.51,1171.11
46,083,46083,South Dakota,Lincoln,65650.0,68010.0,70957.0,72813.0,75123.0,49.0,31.0,20.0,24.0,21.0,350.0,357.0,224.0,172.0,155.0,74.64,45.58,28.19,32.96,27.95,533.13,524.92,315.68,236.22,206.33,70510.6,29.0,251.6,41.86,363.26
46,087,46087,South Dakota,McCook,5671.0,5718.0,5797.0,5840.0,5881.0,6.0,4.0,5.0,4.0,5.0,31.0,18.0,22.0,18.0,16.0,105.8,69.95,86.25,68.49,85.02,546.64,314.8,379.51,308.22,272.06,5781.4,4.8,21.0,83.1,364.25
46,093,46093,South Dakota,Meade,29897.0,30289.0,30663.0,30923.0,30875.0,31.0,21.0,17.0,20.0,18.0,157.0,161.0,152.0,110.0,152.0,103.69,69.33,55.44,64.68,58.3,525.14,531.55,495.71,355.72,492.31,30529.4,21.4,146.4,70.29,480.09
46,099,46099,South Dakota,Minnehaha,197688.0,199894.0,203516.0,206220.0,209416.0,57.0,65.0,56.0,55.0,37.0,391.0,347.0,260.0,193.0,157.0,28.83,32.52,27.52,26.67,17.67,197.79,173.59,127.75,93.59,74.97,203346.8,54.0,269.6,26.64,133.54
46,103,46103,South Dakota,Pennington,109570.0,111938.0,114307.0,115867.0,116312.0,177.0,139.0,114.0,116.0,142.0,441.0,372.0,316.0,327.0,241.0,161.54,124.18,99.73,100.11,122.09,402.48,332.33,276.45,282.22,207.2,113598.8,137.6,339.4,121.53,300.14
46,125,46125,South Dakota,Turner,8684.0,8686.0,8924.0,,,23.0,17.0,9.0,,,57.0,39.0,23.0,,,264.85,195.72,100.85,,,656.38,449.0,257.73,,,8764.67,16.33,39.67,187.14,454.37
46,127,46127,South Dakota,Union,16855.0,16881.0,17079.0,17149.0,17373.0,10.0,9.0,3.0,10.0,10.0,46.0,51.0,45.0,35.0,13.0,59.33,53.31,17.57,58.31,57.56,272.92,302.11,263.48,204.09,74.83,17067.4,8.4,38.0,49.22,223.49
46,003,46003,South Dakota,Aurora,2730.0,,,,2791.0,1.0,,,,5.0,1.0,,,,6.0,36.63,,,,179.15,36.63,,,,214.98,2760.5,3.0,3.5,107.89,125.8
46,005,46005,South Dakota,Beadle,19162.0,,,,19522.0,3.0,,,,5.0,6.0,,,,7.0,15.66,,,,25.61,31.31,,,,35.86,19342.0,4.0,6.5,20.64,33.58
46,007,46007,South Dakota,Bennett,3397.0,3398.0,3337.0,,,3.0,1.0,2.0,,,9.0,1.0,4.0,,,88.31,29.43,59.93,,,264.94,29.43,119.87,,,3377.33,2.0,4.67,59.22,138.08
46,009,46009,South Dakota,Bon Homme,6981.0,,7089.0,7105.0,7151.0,4.0,,1.0,4.0,3.0,1.0,,2.0,3.0,1.0,57.3,,14.11,56.3,41.95,14.32,,28.21,42.22,13.98,7081.5,3.0,1.75,42.42,24.68
46,011,46011,South Dakota,Brookings,34338.0,34676.0,35385.0,35827.0,36814.0,10.0,11.0,8.0,12.0,6.0,32.0,21.0,18.0,40.0,35.0,29.12,31.72,22.61,33.49,16.3,93.19,60.56,50.87,111.65,95.07,35408.0,9.4,29.2,26.65,82.27
46,013,46013,South Dakota,Brown,38230.0,,37945.0,,37621.0,8.0,,17.0,,13.0,42.0,,32.0,,19.0,20.93,,44.8,,34.56,109.86,,84.33,,50.5,37932.0,12.67,31.0,33.43,81.56
46,015,46015,South Dakota,Brule,5254.0,,,,,1.0,,,,,5.0,,,,,19.03,,,,,95.17,,,,,5254.0,1.0,5.0,19.03,95.17
46,019,46019,South Dakota,Butte,10292.0,10544.0,,,,5.0,3.0,,,,26.0,30.0,,,,48.58,28.45,,,,252.62,284.52,,,,10418.0,4.0,28.0,38.52,268.57
46,021,46021,South Dakota,Campbell,1378.0,,,,,3.0,,,,,0.0,,,,,217.71,,,,,0.0,,,,,1378.0,3.0,0.0,217.71,0.0
46,023,46023,South Dakota,Charles Mix,9353.0,9162.0,9221.0,,9276.0,17.0,10.0,8.0,,7.0,37.0,40.0,30.0,,46.0,181.76,109.15,86.76,,75.46,395.59,436.59,325.34,,495.9,9253.0,10.5,38.25,113.28,413.36
46,027,46027,South Dakota,Clay,15004.0,15170.0,15268.0,15342.0,15190.0,2.0,0.0,3.0,1.0,2.0,47.0,57.0,35.0,26.0,20.0,13.33,0.0,19.65,6.52,13.17,313.25,375.74,229.24,169.47,131.67,15194.8,1.6,37.0,10.53,243.87
46,029,46029,South Dakota,Codington,28353.0,28497.0,28756.0,28958.0,29270.0,8.0,8.0,5.0,5.0,7.0,44.0,39.0,29.0,39.0,30.0,28.22,28.07,17.39,17.27,23.92,155.19,136.86,100.85,134.68,102.49,28766.8,6.6,36.2,22.97,126.01
46,031,46031,South Dakota,Corson,3891.0,3846.0,3809.0,3776.0,3777.0,6.0,7.0,12.0,7.0,5.0,21.0,13.0,19.0,17.0,18.0,154.2,182.01,315.04,185.38,132.38,539.71,338.01,498.82,450.21,476.57,3819.8,7.4,17.6,193.8,460.66
46,033,46033,South Dakota,Custer,8333.0,8639.0,,9108.0,9324.0,11.0,15.0,,15.0,7.0,131.0,163.0,,60.0,33.0,132.01,173.63,,164.69,75.08,1572.06,1886.79,,658.76,353.93,8851.0,12.0,96.75,136.35,1117.88
46,035,46035,South Dakota,Davison,19960.0,,20022.0,19969.0,19990.0,6.0,,2.0,12.0,6.0,14.0,,10.0,6.0,6.0,30.06,,9.99,60.09,30.02,70.14,,49.95,30.05,30.02,19985.25,6.5,9.0,32.54,45.04
46,037,46037,South Dakota,Day,5442.0,5422.0,5480.0,5429.0,5447.0,6.0,2.0,7.0,3.0,4.0,43.0,35.0,13.0,22.0,3.0,110.25,36.89,127.74,55.26,73.43,790.15,645.52,237.23,405.23,55.08,5444.0,4.4,23.2,80.71,426.64
46,039,46039,South Dakota,Deuel,4296.0,4294.0,,4365.0,4376.0,3.0,9.0,,6.0,3.0,8.0,16.0,,12.0,7.0,69.83,209.59,,137.46,68.56,186.22,372.61,,274.91,159.96,4332.75,5.25,10.75,121.36,248.42
46,045,46045,South Dakota,Edmunds,3982.0,,,,4031.0,1.0,,,,4.0,1.0,,,,0.0,25.11,,,,99.23,25.11,,,,0.0,4006.5,2.5,0.5,62.17,12.56
46,049,46049,South Dakota,Faulk,2128.0,,,,2180.0,2.0,,,,0.0,7.0,,,,0.0,93.98,,,,0.0,328.95,,,,0.0,2154.0,1.0,3.5,46.99,164.48
46,053,46053,South Dakota,Gregory,3993.0,,,,,1.0,,,,,0.0,,,,,25.04,,,,,0.0,,,,,3993.0,1.0,0.0,25.04,0.0
46,057,46057,South Dakota,Hamlin,6169.0,6264.0,6413.0,6479.0,6730.0,9.0,3.0,3.0,9.0,4.0,35.0,24.0,24.0,35.0,31.0,145.89,47.89,46.78,138.91,59.44,567.35,383.14,374.24,540.21,460.62,6411.0,5.6,29.8,87.78,465.11
46,061,46061,South Dakota,Hanson,3466.0,,,,,1.0,,,,,10.0,,,,,28.85,,,,,288.52,,,,,3466.0,1.0,10.0,28.85,288.52
46,063,46063,South Dakota,Harding,1303.0,,,,1312.0,2.0,,,,0.0,2.0,,,,0.0,153.49,,,,0.0,153.49,,,,0.0,1307.5,1.0,1.0,76.74,76.74
46,065,46065,South Dakota,Hughes,17734.0,17761.0,17664.0,17633.0,17557.0,9.0,4.0,4.0,12.0,10.0,18.0,12.0,13.0,20.0,11.0,50.75,22.52,22.64,68.05,56.96,101.5,67.56,73.6,113.42,62.65,17669.8,7.8,14.8,44.18,83.75
46,067,46067,South Dakota,Hutchinson,7424.0,,7378.0,,7401.0,1.0,,0.0,,0.0,6.0,,5.0,,0.0,13.47,,0.0,,0.0,80.82,,67.77,,0.0,7401.0,0.33,3.67,4.49,49.53
46,073,46073,South Dakota,Jerauld,1644.0,1643.0,,,1675.0,1.0,1.0,,,0.0,7.0,6.0,,,1.0,60.83,60.86,,,0.0,425.79,365.19,,,59.7,1654.0,0.67,4.67,40.56,283.56
46,075,46075,South Dakota,Jones,927.0,,,,,0.0,,,,,1.0,,,,,0.0,,,,,107.87,,,,,927.0,0.0,1.0,0.0,107.87
46,077,46077,South Dakota,Kingsbury,5200.0,,,5259.0,5280.0,4.0,,,0.0,1.0,5.0,,,5.0,8.0,76.92,,,0.0,18.94,96.15,,,95.08,151.52,5246.33,1.67,6.0,31.95,114.25
46,079,46079,South Dakota,Lake,11015.0,10866.0,10947.0,11059.0,11044.0,4.0,1.0,5.0,4.0,5.0,20.0,10.0,31.0,23.0,11.0,36.31,9.2,45.67,36.17,45.27,181.57,92.03,283.18,207.98,99.6,10986.2,3.8,19.0,34.52,172.87
46,081,46081,South Dakota,Lawrence,25847.0,26164.0,27221.0,28037.0,28709.0,7.0,6.0,7.0,15.0,10.0,52.0,26.0,30.0,21.0,34.0,27.08,22.93,25.72,53.5,34.83,201.18,99.37,110.21,74.9,118.43,27195.6,9.0,32.6,32.81,120.82
46,085,46085,South Dakota,Lyman,3697.0,,3691.0,,,5.0,,3.0,,,14.0,,20.0,,,135.24,,81.28,,,378.69,,541.86,,,3694.0,4.0,17.0,108.26,460.28
46,091,46091,South Dakota,Marshall,4301.0,,,4388.0,4435.0,7.0,,,3.0,3.0,38.0,,,15.0,9.0,162.75,,,68.37,67.64,883.52,,,341.84,202.93,4374.67,4.33,20.67,99.59,476.1
46,089,46089,South Dakota,McPherson,2399.0,,2400.0,2340.0,2332.0,0.0,,0.0,1.0,0.0,14.0,,17.0,18.0,14.0,0.0,,0.0,42.74,0.0,583.58,,708.33,769.23,600.34,2367.75,0.25,15.75,10.68,665.37
46,095,46095,South Dakota,Mellette,1917.0,,,,,7.0,,,,,8.0,,,,,365.15,,,,,417.32,,,,,1917.0,7.0,8.0,365.15,417.32
46,097,46097,South Dakota,Miner,2300.0,,,2289.0,2279.0,1.0,,,2.0,1.0,5.0,,,9.0,2.0,43.48,,,87.37,43.88,217.39,,,393.18,87.76,2289.33,1.33,5.33,58.24,232.78
46,101,46101,South Dakota,Moody,6346.0,6318.0,6383.0,6463.0,6599.0,0.0,1.0,6.0,3.0,2.0,2.0,1.0,5.0,2.0,1.0,0.0,15.83,94.0,46.42,30.31,31.52,15.83,78.33,30.95,15.15,6421.8,2.4,2.2,37.31,34.36
46,105,46105,South Dakota,Perkins,2829.0,,,2813.0,2833.0,2.0,,,3.0,1.0,15.0,,,3.0,11.0,70.7,,,106.65,35.3,530.22,,,106.65,388.28,2825.0,2.0,9.67,70.88,341.72
46,107,46107,South Dakota,Potter,2472.0,,,,,0.0,,,,,3.0,,,,,0.0,,,,,121.36,,,,,2472.0,0.0,3.0,0.0,121.36
46,109,46109,South Dakota,Roberts,10266.0,,,10189.0,10278.0,23.0,,,14.0,14.0,9.0,,,5.0,7.0,224.04,,,137.4,136.21,87.67,,,49.07,68.11,10244.33,17.0,7.0,165.88,68.28
46,111,46111,South Dakota,Sanborn,2330.0,,,,,3.0,,,,,5.0,,,,,128.76,,,,,214.59,,,,,2330.0,3.0,5.0,128.76,214.59
46,115,46115,South Dakota,Spink,6343.0,6266.0,6237.0,6164.0,6154.0,18.0,15.0,4.0,8.0,8.0,45.0,29.0,21.0,15.0,11.0,283.78,239.39,64.13,129.79,130.0,709.44,462.82,336.7,243.35,178.75,6232.8,10.6,24.2,169.42,386.21
46,117,46117,South Dakota,Stanley,2966.0,,,,3001.0,5.0,,,,4.0,12.0,,,,8.0,168.58,,,,133.29,404.59,,,,266.58,2983.5,4.5,10.0,150.94,335.58
46,119,46119,South Dakota,Sully,1451.0,,,,,1.0,,,,,2.0,,,,,68.92,,,,,137.84,,,,,1451.0,1.0,2.0,68.92,137.84
46,121,46121,South Dakota,Todd,9316.0,,,,,0.0,,,,,4.0,,,,,0.0,,,,,42.94,,,,,9316.0,0.0,4.0,0.0,42.94
46,123,46123,South Dakota,Tripp,5606.0,5576.0,,,5738.0,1.0,2.0,,,7.0,4.0,7.0,,,2.0,17.84,35.87,,,121.99,71.35,125.54,,,34.86,5640.0,3.33,4.33,58.57,77.25
46,129,46129,South Dakota,Walworth,5291.0,5255.0,,,5244.0,0.0,2.0,,,0.0,2.0,1.0,,,3.0,0.0,38.06,,,0.0,37.8,19.03,,,57.21,5263.33,0.67,2.0,12.69,38.01
46,135,46135,South Dakota,Yankton,23291.0,23359.0,23418.0,23505.0,23577.0,10.0,11.0,17.0,9.0,10.0,88.0,40.0,60.0,52.0,21.0,42.94,47.09,72.59,38.29,42.41,377.83,171.24,256.21,221.23,89.07,23430.0,11.4,52.2,48.66,223.12
46,137,46137,South Dakota,Ziebach,2391.0,,,,,0.0,,,,,0.0,,,,,0.0,,,,,0.0,,,,,2391.0,0.0,0.0,0.0,0.0
47,001,47001,Tennessee,Anderson,77347.0,77678.0,79042.0,80369.0,81574.0,121.0,99.0,141.0,118.0,66.0,458.0,398.0,345.0,274.0,236.0,156.44,127.45,178.39,146.82,80.91,592.14,512.37,436.48,340.93,289.31,79202.0,109.0,342.2,138.0,434.25
47,009,47009,Tennessee,Blount,135666.0,137641.0,139838.0,141407.0,142272.0,287.0,264.0,283.0,279.0,332.0,866.0,760.0,676.0,477.0,351.0,211.55,191.8,202.38,197.3,233.36,638.33,552.16,483.42,337.32,246.71,139364.8,289.0,626.0,207.28,451.59
47,011,47011,Tennessee,Bradley,108832.0,109783.0,110790.0,112196.0,114114.0,209.0,200.0,167.0,147.0,138.0,797.0,684.0,568.0,439.0,366.0,192.04,182.18,150.74,131.02,120.93,732.32,623.05,512.68,391.28,320.73,111143.0,172.2,570.8,155.38,516.01
47,013,47013,Tennessee,Campbell,39310.0,39483.0,39576.0,40228.0,40325.0,34.0,55.0,53.0,39.0,26.0,109.0,207.0,224.0,157.0,97.0,86.49,139.3,133.92,96.95,64.48,277.28,524.28,566.0,390.28,240.55,39784.4,41.4,158.8,104.23,399.68
47,015,47015,Tennessee,Cannon,14564.0,,14781.0,15038.0,15157.0,9.0,,1.0,4.0,1.0,49.0,,22.0,10.0,17.0,61.8,,6.77,26.6,6.6,336.45,,148.84,66.5,112.16,14885.0,3.75,24.5,25.44,165.99
47,021,47021,Tennessee,Cheatham,41088.0,41455.0,41723.0,42223.0,42616.0,96.0,72.0,74.0,133.0,96.0,270.0,248.0,229.0,198.0,193.0,233.64,173.68,177.36,314.99,225.27,657.13,598.24,548.86,468.94,452.88,41821.0,94.2,227.6,224.99,545.21
47,023,47023,Tennessee,Chester,17379.0,,17577.0,17712.0,17841.0,18.0,,19.0,19.0,27.0,37.0,,40.0,66.0,41.0,103.57,,108.1,107.27,151.34,212.9,,227.57,372.63,229.81,17627.25,20.75,46.0,117.57,260.73
47,033,47033,Tennessee,Crockett,13907.0,,13873.0,13967.0,13963.0,9.0,,15.0,21.0,26.0,77.0,,89.0,71.0,49.0,64.72,,108.12,150.35,186.21,553.68,,641.53,508.34,350.93,13927.5,17.75,71.5,127.35,513.62
47,043,47043,Tennessee,Dickson,54452.0,55189.0,55777.0,56882.0,57804.0,115.0,123.0,110.0,135.0,115.0,313.0,246.0,216.0,216.0,230.0,211.2,222.87,197.21,237.33,198.95,574.82,445.74,387.26,379.73,397.9,56020.8,119.6,244.2,213.51,437.09
47,047,47047,Tennessee,Fayette,41868.0,42610.0,43294.0,44130.0,44542.0,64.0,42.0,70.0,104.0,95.0,144.0,125.0,148.0,162.0,142.0,152.86,98.57,161.69,235.67,213.28,343.94,293.36,341.85,367.1,318.8,43288.8,75.0,144.2,172.41,333.01
47,053,47053,Tennessee,Gibson,50443.0,50499.0,50891.0,51245.0,51645.0,62.0,52.0,40.0,32.0,38.0,177.0,169.0,141.0,112.0,78.0,122.91,102.97,78.6,62.45,73.58,350.89,334.66,277.06,218.56,151.03,50944.6,44.8,135.4,88.1,266.44
47,057,47057,Tennessee,Grainger,23572.0,23794.0,24208.0,24713.0,25098.0,63.0,23.0,25.0,62.0,20.0,183.0,182.0,136.0,158.0,102.0,267.27,96.66,103.27,250.88,79.69,776.34,764.9,561.8,639.34,406.41,24277.0,38.6,152.2,159.55,629.76
47,063,47063,Tennessee,Hamblen,64553.0,64390.0,65303.0,66582.0,68177.0,106.0,101.0,123.0,152.0,102.0,406.0,435.0,345.0,313.0,273.0,164.21,156.86,188.35,228.29,149.61,628.94,675.57,528.31,470.1,400.43,65801.0,116.8,354.4,177.46,540.67
47,167,47167,Tennessee,Hartsville/Trousdale,11646.0,11621.0,12089.0,12327.0,12189.0,55.0,31.0,29.0,18.0,30.0,142.0,114.0,123.0,99.0,78.0,472.27,266.76,239.89,146.02,246.12,1219.3,980.98,1017.45,803.12,639.92,11974.4,32.6,111.2,274.21,932.15
47,073,47073,Tennessee,Hawkins,56715.0,57200.0,57919.0,58587.0,59422.0,76.0,62.0,48.0,37.0,51.0,551.0,400.0,385.0,247.0,254.0,134.0,108.39,82.87,63.15,85.83,971.52,699.3,664.72,421.6,427.45,57968.6,54.8,367.4,94.85,636.92
47,089,47089,Tennessee,Jefferson,54897.0,55535.0,56695.0,57849.0,59217.0,60.0,112.0,92.0,98.0,82.0,390.0,383.0,353.0,335.0,277.0,109.3,201.67,162.27,169.41,138.47,710.42,689.66,622.63,579.09,467.77,56838.6,88.8,347.6,156.22,613.91
47,093,47093,Tennessee,Knox,480472.0,486009.0,495827.0,501589.0,507597.0,532.0,567.0,633.0,566.0,555.0,3394.0,2868.0,2695.0,2417.0,2126.0,110.72,116.66,127.67,112.84,109.34,706.39,590.11,543.54,481.87,418.84,494298.8,570.6,2700.0,115.45,548.15
47,105,47105,Tennessee,Loudon,55144.0,56833.0,58286.0,60699.0,62642.0,112.0,82.0,62.0,102.0,62.0,394.0,334.0,268.0,197.0,143.0,203.1,144.28,106.37,168.04,98.98,714.49,587.69,459.8,324.55,228.28,58720.8,84.0,267.2,144.15,462.96
47,111,47111,Tennessee,Macon,25260.0,25670.0,26222.0,26868.0,27292.0,62.0,70.0,72.0,46.0,44.0,79.0,48.0,37.0,28.0,13.0,245.45,272.69,274.58,171.21,161.22,312.75,186.99,141.1,104.21,47.63,26262.4,58.8,41.0,225.03,158.54
47,113,47113,Tennessee,Madison,98832.0,98591.0,99283.0,99518.0,100267.0,70.0,70.0,81.0,81.0,88.0,302.0,202.0,173.0,221.0,219.0,70.83,71.0,81.58,81.39,87.77,305.57,204.89,174.25,222.07,218.42,99298.2,78.0,223.4,78.51,225.04
47,115,47115,Tennessee,Marion,28874.0,28923.0,29061.0,29393.0,29761.0,83.0,47.0,55.0,41.0,44.0,220.0,114.0,175.0,99.0,66.0,287.46,162.5,189.26,139.49,147.84,761.93,394.15,602.18,336.81,221.77,29202.4,54.0,134.8,185.31,463.37
47,119,47119,Tennessee,Maury,101812.0,105005.0,108048.0,111022.0,114456.0,154.0,139.0,119.0,113.0,100.0,520.0,327.0,357.0,287.0,227.0,151.26,132.37,110.14,101.78,87.37,510.75,311.41,330.41,258.51,198.33,108068.6,125.0,343.6,116.58,321.88
47,125,47125,Tennessee,Montgomery,221286.0,227781.0,235141.0,240192.0,246281.0,123.0,75.0,67.0,101.0,183.0,473.0,455.0,418.0,400.0,388.0,55.58,32.93,28.49,42.05,74.31,213.75,199.75,177.77,166.53,157.54,234136.2,109.8,426.8,46.67,183.07
47,129,47129,Tennessee,Morgan,21051.0,21137.0,21184.0,21542.0,22075.0,64.0,46.0,11.0,59.0,56.0,210.0,196.0,140.0,108.0,103.0,304.02,217.63,51.93,273.88,253.68,997.58,927.28,660.88,501.35,466.59,21397.8,47.2,151.4,220.23,710.74
47,139,47139,Tennessee,Polk,17558.0,17704.0,17776.0,18064.0,18408.0,45.0,35.0,33.0,38.0,47.0,267.0,285.0,268.0,211.0,164.0,256.29,197.7,185.64,210.36,255.32,1520.67,1609.81,1507.65,1168.07,890.92,17902.0,39.6,239.0,221.06,1339.42
47,145,47145,Tennessee,Roane,53666.0,54165.0,55279.0,56218.0,56769.0,66.0,80.0,50.0,71.0,39.0,200.0,246.0,240.0,165.0,156.0,122.98,147.7,90.45,126.29,68.7,372.68,454.17,434.16,293.5,274.8,55219.4,61.2,201.4,111.22,365.86
47,147,47147,Tennessee,Robertson,72958.0,74047.0,75402.0,76948.0,78830.0,100.0,105.0,55.0,102.0,93.0,264.0,223.0,200.0,159.0,95.0,137.07,141.8,72.94,132.56,117.98,361.85,301.16,265.24,206.63,120.51,75637.0,91.0,188.2,120.47,251.08
47,149,47149,Tennessee,Rutherford,343285.0,351202.0,362373.0,370483.0,380086.0,219.0,241.0,286.0,269.0,244.0,648.0,517.0,595.0,432.0,428.0,63.8,68.62,78.92,72.61,64.2,188.76,147.21,164.2,116.6,112.61,361485.8,251.8,524.0,69.63,145.88
47,153,47153,Tennessee,Sequatchie,15848.0,16447.0,16917.0,17168.0,17609.0,34.0,35.0,35.0,60.0,38.0,155.0,102.0,116.0,99.0,97.0,214.54,212.8,206.89,349.49,215.8,978.04,620.17,685.7,576.65,550.85,16797.8,40.4,113.8,239.9,682.28
47,157,47157,Tennessee,Shelby,929720.0,923315.0,919092.0,915501.0,915438.0,784.0,640.0,684.0,610.0,630.0,2565.0,2390.0,2476.0,2768.0,2660.0,84.33,69.32,74.42,66.63,68.82,275.89,258.85,269.4,302.35,290.57,920613.2,669.6,2571.8,72.7,279.41
47,159,47159,Tennessee,Smith,19963.0,20175.0,20471.0,20538.0,20785.0,38.0,21.0,25.0,7.0,26.0,120.0,107.0,108.0,93.0,49.0,190.35,104.09,122.12,34.08,125.09,601.11,530.36,527.58,452.82,235.75,20386.4,23.4,95.4,115.15,469.52
47,161,47161,Tennessee,Stewart,13708.0,13820.0,14011.0,14269.0,14373.0,45.0,33.0,22.0,22.0,35.0,74.0,68.0,72.0,45.0,68.0,328.28,238.78,157.02,154.18,243.51,539.83,492.04,513.88,315.37,473.11,14036.2,31.4,65.4,224.35,466.85
47,163,47163,Tennessee,Sullivan,158238.0,159250.0,160899.0,161953.0,162709.0,310.0,290.0,313.0,324.0,305.0,936.0,889.0,751.0,664.0,626.0,195.91,182.1,194.53,200.06,187.45,591.51,558.24,466.75,410.0,384.74,160609.8,308.4,773.2,192.01,482.25
47,165,47165,Tennessee,Sumner,197416.0,200578.0,204002.0,208501.0,212181.0,121.0,130.0,127.0,118.0,113.0,375.0,332.0,294.0,227.0,202.0,61.29,64.81,62.25,56.59,53.26,189.95,165.52,144.12,108.87,95.2,204535.6,121.8,286.0,59.64,140.73
47,167,47167,Tennessee,Tipton,61050.0,61083.0,61606.0,61957.0,62306.0,135.0,113.0,84.0,134.0,111.0,400.0,337.0,292.0,264.0,192.0,221.13,184.99,136.35,216.28,178.15,655.2,551.71,473.98,426.1,308.16,61600.4,115.4,297.0,187.38,483.03
47,171,47171,Tennessee,Unicoi,17873.0,17617.0,17607.0,17823.0,17925.0,25.0,32.0,38.0,18.0,13.0,59.0,37.0,47.0,41.0,29.0,139.88,181.64,215.82,100.99,72.52,330.11,210.02,266.94,230.04,161.79,17769.0,25.2,42.6,142.17,239.78
47,173,47173,Tennessee,Union,19847.0,20020.0,20483.0,20760.0,21136.0,42.0,32.0,39.0,28.0,18.0,181.0,192.0,196.0,124.0,145.0,211.62,159.84,190.4,134.87,85.16,911.98,959.04,956.89,597.3,686.03,20449.2,31.8,167.6,156.38,822.25
47,179,47179,Tennessee,Washington,133211.0,133461.0,136273.0,138454.0,139574.0,150.0,129.0,150.0,139.0,153.0,700.0,548.0,639.0,616.0,489.0,112.6,96.66,110.07,100.39,109.62,525.48,410.61,468.91,444.91,350.35,136194.6,144.2,598.4,105.87,440.05
47,187,47187,Tennessee,Williamson,249614.0,256192.0,261335.0,264898.0,268486.0,110.0,137.0,135.0,165.0,125.0,307.0,299.0,283.0,265.0,231.0,44.07,53.48,51.66,62.29,46.56,122.99,116.71,108.29,100.04,86.04,260105.0,134.4,277.0,51.61,106.81
47,189,47189,Tennessee,Wilson,148654.0,152095.0,158979.0,164275.0,170340.0,105.0,66.0,68.0,40.0,53.0,526.0,442.0,402.0,380.0,335.0,70.63,43.39,42.77,24.35,31.11,353.84,290.61,252.86,231.32,196.67,158868.6,66.4,417.0,42.45,265.06
47,003,47003,Tennessee,Bedford,50381.0,51168.0,52045.0,53249.0,54458.0,70.0,69.0,73.0,85.0,71.0,234.0,165.0,213.0,168.0,146.0,138.94,134.85,140.26,159.63,130.38,464.46,322.47,409.26,315.5,268.1,52260.2,73.6,185.2,140.81,355.96
47,005,47005,Tennessee,Benton,15847.0,15825.0,15982.0,16160.0,16105.0,30.0,34.0,41.0,38.0,33.0,136.0,141.0,138.0,80.0,77.0,189.31,214.85,256.54,235.15,204.91,858.21,891.0,863.47,495.05,478.11,15983.8,35.2,114.4,220.15,717.17
47,007,47007,Tennessee,Bledsoe,14945.0,14837.0,14755.0,14996.0,15573.0,15.0,20.0,14.0,3.0,3.0,50.0,76.0,102.0,27.0,33.0,100.37,134.8,94.88,20.01,19.26,334.56,512.23,691.29,180.05,211.91,15021.2,11.0,57.6,73.86,386.01
47,017,47017,Tennessee,Carroll,28427.0,28298.0,28428.0,29007.0,29203.0,30.0,34.0,30.0,25.0,19.0,138.0,140.0,82.0,73.0,47.0,105.53,120.15,105.53,86.19,65.06,485.45,494.73,288.45,251.66,160.94,28672.6,27.6,96.0,96.49,336.25
47,025,47025,Tennessee,Claiborne,32075.0,32047.0,,32667.0,,46.0,22.0,,31.0,,220.0,67.0,,118.0,,143.41,68.65,,94.9,,685.89,209.07,,361.22,,32263.0,33.0,135.0,102.32,418.73
47,027,47027,Tennessee,Clay,7588.0,7586.0,7621.0,7666.0,7810.0,4.0,5.0,3.0,16.0,1.0,49.0,19.0,22.0,21.0,8.0,52.71,65.91,39.36,208.71,12.8,645.76,250.46,288.68,273.94,102.43,7654.2,5.8,23.8,75.9,312.25
47,029,47029,Tennessee,Cocke,36043.0,36374.0,36804.0,37359.0,37736.0,133.0,159.0,117.0,154.0,108.0,366.0,456.0,410.0,331.0,288.0,369.0,437.13,317.9,412.22,286.2,1015.45,1253.64,1114.01,886.0,763.2,36863.2,134.2,370.2,364.49,1006.46
47,031,47031,Tennessee,Coffee,58132.0,59002.0,59660.0,60562.0,61473.0,105.0,177.0,94.0,108.0,114.0,405.0,411.0,330.0,308.0,279.0,180.62,299.99,157.56,178.33,185.45,696.69,696.59,553.13,508.57,453.86,59765.8,119.6,346.6,200.39,581.77
47,035,47035,Tennessee,Cumberland,61381.0,62407.0,63524.0,64817.0,65630.0,65.0,74.0,62.0,68.0,68.0,606.0,438.0,450.0,352.0,316.0,105.9,118.58,97.6,104.91,103.61,987.28,701.84,708.39,543.07,481.49,63551.8,67.4,432.4,106.12,684.41
47,039,47039,Tennessee,Decatur,11429.0,11392.0,11527.0,11685.0,11738.0,45.0,34.0,17.0,13.0,15.0,136.0,117.0,101.0,59.0,60.0,393.74,298.46,147.48,111.25,127.79,1189.96,1027.04,876.2,504.92,511.16,11554.2,24.8,94.6,215.74,821.86
47,041,47041,Tennessee,DeKalb,20186.0,20503.0,20987.0,21301.0,21684.0,13.0,13.0,28.0,34.0,31.0,100.0,103.0,57.0,82.0,53.0,64.4,63.41,133.42,159.62,142.96,495.39,502.37,271.6,384.96,244.42,20932.2,23.8,79.0,112.76,379.75
47,045,47045,Tennessee,Dyer,36710.0,36621.0,36415.0,36495.0,36484.0,49.0,52.0,24.0,40.0,26.0,196.0,222.0,163.0,153.0,101.0,133.48,142.0,65.91,109.6,71.26,533.91,606.21,447.62,419.24,276.83,36545.0,38.2,167.0,104.45,456.76
47,049,47049,Tennessee,Fentress,18533.0,18839.0,19318.0,19651.0,20021.0,47.0,36.0,54.0,49.0,76.0,226.0,239.0,188.0,152.0,155.0,253.6,191.09,279.53,249.35,379.6,1219.45,1268.64,973.19,773.5,774.19,19272.4,52.4,192.0,270.63,1001.79
47,051,47051,Tennessee,Franklin,42842.0,43197.0,44166.0,44724.0,45191.0,110.0,63.0,81.0,56.0,51.0,232.0,235.0,199.0,155.0,26.0,256.76,145.84,183.4,125.21,112.85,541.52,544.02,450.57,346.57,57.53,44024.0,72.2,169.4,164.81,388.04
47,055,47055,Tennessee,Giles,30346.0,30428.0,30572.0,30879.0,31016.0,57.0,35.0,20.0,46.0,45.0,144.0,83.0,81.0,177.0,181.0,187.83,115.03,65.42,148.97,145.09,474.53,272.78,264.95,573.21,583.57,30648.2,40.6,133.2,132.47,433.81
47,059,47059,Tennessee,Greene,70339.0,70582.0,71286.0,72518.0,73345.0,205.0,187.0,183.0,167.0,175.0,777.0,767.0,589.0,564.0,473.0,291.45,264.94,256.71,230.29,238.6,1104.65,1086.68,826.25,777.74,644.9,71614.0,183.4,634.0,256.4,888.04
47,061,47061,Tennessee,Grundy,13541.0,13577.0,13787.0,13954.0,14118.0,81.0,68.0,65.0,60.0,49.0,222.0,221.0,228.0,119.0,97.0,598.18,500.85,471.46,429.98,347.07,1639.47,1627.75,1653.73,852.8,687.07,13795.4,64.6,177.4,469.51,1292.16
47,067,47067,Tennessee,Hancock,6628.0,6791.0,6839.0,6974.0,7046.0,7.0,16.0,22.0,20.0,12.0,15.0,97.0,83.0,100.0,86.0,105.61,235.61,321.68,286.78,170.31,226.31,1428.36,1213.63,1433.9,1220.55,6855.6,15.4,76.2,224.0,1104.55
47,069,47069,Tennessee,Hardeman,25435.0,25259.0,25483.0,25555.0,25527.0,87.0,125.0,108.0,69.0,40.0,140.0,148.0,164.0,148.0,134.0,342.05,494.87,423.81,270.01,156.7,550.42,585.93,643.57,579.14,524.93,25451.8,85.8,146.8,337.49,576.8
47,071,47071,Tennessee,Hardin,26948.0,26977.0,27215.0,27433.0,27672.0,63.0,61.0,52.0,68.0,60.0,441.0,337.0,291.0,234.0,186.0,233.78,226.12,191.07,247.88,216.83,1636.49,1249.21,1069.26,852.99,672.16,27249.0,60.8,297.8,223.14,1096.02
47,075,47075,Tennessee,Haywood,17827.0,17666.0,17468.0,17377.0,17211.0,27.0,21.0,20.0,30.0,31.0,124.0,119.0,118.0,132.0,103.0,151.46,118.87,114.5,172.64,180.12,695.57,673.61,675.52,759.62,598.45,17509.8,25.8,119.2,147.52,680.55
47,077,47077,Tennessee,Henderson,27833.0,27918.0,27912.0,28083.0,28229.0,65.0,82.0,51.0,62.0,75.0,221.0,216.0,171.0,197.0,132.0,233.54,293.72,182.72,220.77,265.68,794.02,773.69,612.64,701.49,467.6,27995.0,67.0,187.4,239.29,669.89
47,079,47079,Tennessee,Henry,32149.0,32252.0,32328.0,32504.0,32920.0,47.0,64.0,31.0,39.0,34.0,263.0,239.0,184.0,177.0,159.0,146.19,198.44,95.89,119.99,103.28,818.07,741.04,569.17,544.55,482.99,32430.6,43.0,204.4,132.76,631.16
47,081,47081,Tennessee,Hickman,24972.0,25080.0,25466.0,25794.0,25913.0,106.0,83.0,93.0,99.0,80.0,415.0,382.0,356.0,215.0,148.0,424.48,330.94,365.19,383.81,308.73,1661.86,1523.13,1397.94,833.53,571.14,25445.0,92.2,303.2,362.63,1197.52
47,083,47083,Tennessee,Houston,8295.0,8298.0,8232.0,8391.0,8525.0,42.0,13.0,16.0,18.0,25.0,75.0,76.0,54.0,29.0,35.0,506.33,156.66,194.36,214.52,293.26,904.16,915.88,655.98,345.61,410.56,8348.2,22.8,53.8,273.03,646.44
47,085,47085,Tennessee,Humphreys,18998.0,19179.0,19039.0,19286.0,19542.0,43.0,33.0,63.0,75.0,54.0,101.0,115.0,108.0,94.0,59.0,226.34,172.06,330.9,388.88,276.33,531.63,599.61,567.26,487.4,301.91,19208.8,53.6,95.4,278.9,497.56
47,087,47087,Tennessee,Jackson,11637.0,,12019.0,12355.0,12447.0,24.0,,19.0,12.0,27.0,61.0,,52.0,39.0,58.0,206.24,,158.08,97.13,216.92,524.19,,432.65,315.66,465.98,12114.5,20.5,52.5,169.59,434.62
47,091,47091,Tennessee,Johnson,17985.0,18042.0,18005.0,18325.0,18522.0,38.0,37.0,40.0,45.0,51.0,128.0,101.0,125.0,95.0,112.0,211.29,205.08,222.16,245.57,275.35,711.7,559.8,694.25,518.42,604.69,18175.8,42.2,112.2,231.89,617.77
47,095,47095,Tennessee,Lake,6988.0,,6479.0,6385.0,6339.0,6.0,,3.0,9.0,2.0,37.0,,30.0,20.0,22.0,85.86,,46.3,140.96,31.55,529.48,,463.03,313.23,347.06,6547.75,5.0,27.25,76.17,413.2
47,097,47097,Tennessee,Lauderdale,25115.0,24860.0,24690.0,24504.0,24540.0,73.0,62.0,63.0,65.0,81.0,176.0,167.0,144.0,134.0,145.0,290.66,249.4,255.16,265.26,330.07,700.78,671.76,583.23,546.85,590.87,24741.8,68.8,153.2,278.11,618.7
47,099,47099,Tennessee,Lawrence,44185.0,44783.0,45480.0,46091.0,46644.0,77.0,35.0,23.0,37.0,22.0,296.0,218.0,174.0,92.0,75.0,174.27,78.15,50.57,80.28,47.17,669.91,486.79,382.59,199.61,160.79,45436.6,38.8,171.0,86.09,379.94
47,101,47101,Tennessee,Lewis,12609.0,12854.0,12935.0,13126.0,13354.0,26.0,27.0,15.0,14.0,9.0,83.0,74.0,77.0,65.0,57.0,206.2,210.05,115.96,106.66,67.4,658.26,575.7,595.28,495.2,426.84,12975.6,18.2,71.2,141.25,550.26
47,103,47103,Tennessee,Lincoln,35332.0,35441.0,35984.0,36157.0,36715.0,54.0,45.0,51.0,69.0,52.0,333.0,231.0,199.0,193.0,148.0,152.84,126.97,141.73,190.83,141.63,942.49,651.79,553.02,533.78,403.1,35925.8,54.2,220.8,150.8,616.84
47,117,47117,Tennessee,Marshall,34467.0,35050.0,35857.0,37048.0,37882.0,28.0,37.0,46.0,43.0,25.0,80.0,91.0,65.0,79.0,48.0,81.24,105.56,128.29,116.07,65.99,232.11,259.63,181.28,213.24,126.71,36060.8,35.8,72.6,99.43,202.59
47,107,47107,Tennessee,McMinn,53347.0,53940.0,54732.0,55814.0,56732.0,92.0,85.0,83.0,79.0,81.0,422.0,427.0,390.0,220.0,221.0,172.46,157.58,151.65,141.54,142.78,791.05,791.62,712.56,394.17,389.55,54913.0,84.0,336.0,153.2,615.79
47,109,47109,Tennessee,McNairy,25868.0,25858.0,25968.0,26066.0,26137.0,41.0,45.0,54.0,46.0,56.0,201.0,168.0,299.0,254.0,124.0,158.5,174.03,207.95,176.48,214.26,777.02,649.7,1151.42,974.45,474.42,25979.4,48.4,209.2,186.24,805.4
47,121,47121,Tennessee,Meigs,12808.0,,13268.0,13695.0,13990.0,55.0,,57.0,29.0,34.0,214.0,,140.0,137.0,101.0,429.42,,429.61,211.76,243.03,1670.83,,1055.17,1000.37,721.94,13440.25,43.75,148.0,328.46,1112.08
47,123,47123,Tennessee,Monroe,46399.0,46665.0,47719.0,48601.0,49338.0,193.0,147.0,121.0,139.0,103.0,813.0,628.0,502.0,395.0,401.0,415.96,315.01,253.57,286.0,208.76,1752.19,1345.76,1051.99,812.74,812.76,47744.4,140.6,547.8,295.86,1155.09
47,127,47127,Tennessee,Moore,6472.0,6654.0,6726.0,6802.0,6822.0,13.0,10.0,6.0,14.0,5.0,43.0,34.0,44.0,44.0,45.0,200.87,150.29,89.21,205.82,73.29,664.4,510.97,654.18,646.87,659.63,6695.2,9.6,42.0,143.9,627.21
47,131,47131,Tennessee,Obion,30779.0,30467.0,30360.0,30402.0,30256.0,52.0,39.0,38.0,40.0,52.0,217.0,165.0,159.0,149.0,93.0,168.95,128.01,125.16,131.57,171.87,705.03,541.57,523.72,490.1,307.38,30452.8,44.2,156.6,145.11,513.56
47,133,47133,Tennessee,Overton,22590.0,22828.0,22974.0,23352.0,23582.0,24.0,55.0,86.0,59.0,48.0,159.0,186.0,160.0,105.0,72.0,106.24,240.93,374.34,252.66,203.55,703.85,814.79,696.44,449.64,305.32,23065.2,54.4,136.4,235.54,594.01
47,135,47135,Tennessee,Perry,8383.0,,,8927.0,8986.0,9.0,,,12.0,10.0,35.0,,,37.0,31.0,107.36,,,134.42,111.28,417.51,,,414.47,344.98,8765.33,10.33,34.33,117.69,392.32
47,137,47137,Tennessee,Pickett,5002.0,5073.0,,,,12.0,5.0,,,,44.0,23.0,,,,239.9,98.56,,,,879.65,453.38,,,,5037.5,8.5,33.5,169.23,666.52
47,143,47143,Tennessee,Rhea,33302.0,,33999.0,34264.0,34716.0,74.0,,27.0,33.0,46.0,251.0,,96.0,140.0,93.0,222.21,,79.41,96.31,132.5,753.71,,282.36,408.59,267.89,34070.25,45.0,145.0,132.61,428.14
47,151,47151,Tennessee,Scott,21880.0,21904.0,22038.0,22253.0,22553.0,45.0,16.0,8.0,45.0,28.0,167.0,159.0,145.0,108.0,44.0,205.67,73.05,36.3,202.22,124.15,763.25,725.89,657.95,485.33,195.1,22125.6,28.4,124.6,128.28,565.5
47,155,47155,Tennessee,Sevier,98848.0,99625.0,99362.0,100410.0,101224.0,159.0,158.0,163.0,148.0,130.0,686.0,708.0,546.0,553.0,368.0,160.85,158.59,164.05,147.4,128.43,693.99,710.66,549.51,550.74,363.55,99893.8,151.6,572.2,151.86,573.69
47,175,47175,Tennessee,Van Buren,6174.0,,6457.0,6576.0,6683.0,1.0,,5.0,11.0,7.0,31.0,,12.0,18.0,33.0,16.2,,77.44,167.27,104.74,502.11,,185.84,273.72,493.79,6472.5,6.0,23.5,91.41,363.86
47,177,47177,Tennessee,Warren,41057.0,41478.0,41978.0,42615.0,43544.0,90.0,119.0,96.0,89.0,108.0,320.0,285.0,310.0,225.0,176.0,219.21,286.9,228.69,208.85,248.02,779.4,687.11,738.48,527.98,404.19,42134.4,100.4,263.2,238.33,627.43
47,181,47181,Tennessee,Wayne,16220.0,16331.0,16254.0,16050.0,16034.0,18.0,27.0,21.0,9.0,13.0,90.0,65.0,58.0,63.0,37.0,110.97,165.33,129.2,56.07,81.08,554.87,398.02,356.84,392.52,230.76,16177.8,17.6,62.6,108.53,386.6
47,183,47183,Tennessee,Weakley,32908.0,32905.0,33052.0,33167.0,33216.0,27.0,23.0,38.0,26.0,37.0,101.0,82.0,133.0,93.0,69.0,82.05,69.9,114.97,78.39,111.39,306.92,249.2,402.4,280.4,207.73,33049.6,30.2,95.6,91.34,289.33
47,185,47185,Tennessee,White,27441.0,27559.0,28016.0,28715.0,29227.0,47.0,69.0,21.0,28.0,33.0,226.0,198.0,83.0,96.0,79.0,171.28,250.37,74.96,97.51,112.91,823.59,718.46,296.26,334.32,270.3,28191.6,39.6,136.4,141.41,488.59
48,013,48013,Texas,Atascosa,49286.0,49979.0,50916.0,52116.0,52937.0,64.0,78.0,111.0,74.0,82.0,532.0,466.0,454.0,470.0,425.0,129.85,156.07,218.01,141.99,154.9,1079.41,932.39,891.66,901.83,802.84,51046.8,81.8,469.4,160.16,921.63
48,015,48015,Texas,Austin,30133.0,,31110.0,31772.0,32878.0,14.0,,23.0,40.0,27.0,79.0,,108.0,108.0,122.0,46.46,,73.93,125.9,82.12,262.17,,347.16,339.92,371.07,31473.25,26.0,104.25,82.1,330.08
48,019,48019,Texas,Bandera,20987.0,21532.0,22128.0,22608.0,22790.0,13.0,33.0,31.0,27.0,14.0,205.0,153.0,145.0,154.0,127.0,61.94,153.26,140.09,119.43,61.43,976.8,710.57,655.28,681.17,557.26,22009.0,23.6,156.8,107.23,716.22
48,021,48021,Texas,Bastrop,98060.0,,106581.0,111561.0,115937.0,198.0,,349.0,237.0,270.0,636.0,,867.0,611.0,803.0,201.92,,327.45,212.44,232.89,648.58,,813.47,547.68,692.62,108034.75,263.5,729.25,243.68,675.59
48,027,48027,Texas,Bell,372407.0,380747.0,387775.0,393673.0,397439.0,74.0,71.0,97.0,64.0,65.0,724.0,628.0,517.0,593.0,519.0,19.87,18.65,25.01,16.26,16.35,194.41,164.94,133.32,150.63,130.59,386408.2,74.2,596.2,19.23,154.78
48,029,48029,Texas,Bexar,2015492.0,2031426.0,2065661.0,2102398.0,2138942.0,785.0,818.0,912.0,973.0,1061.0,5296.0,5240.0,6082.0,6871.0,6223.0,38.95,40.27,44.15,46.28,49.6,262.76,257.95,294.43,326.82,290.94,2070783.8,909.8,5942.4,43.85,286.58
48,039,48039,Texas,Brazoria,373490.0,379221.0,388637.0,400433.0,411416.0,234.0,238.0,231.0,201.0,221.0,1186.0,1068.0,1468.0,1381.0,1171.0,62.65,62.76,59.44,50.2,53.72,317.55,281.63,377.73,344.88,284.63,390639.4,225.0,1254.8,57.75,321.28
48,041,48041,Texas,Brazos,234527.0,237636.0,242285.0,246477.0,248373.0,29.0,53.0,74.0,54.0,28.0,289.0,305.0,362.0,237.0,134.0,12.37,22.3,30.54,21.91,11.27,123.23,128.35,149.41,96.16,53.95,241859.6,47.6,265.4,19.68,110.22
48,051,48051,Texas,Burleson,17679.0,18113.0,18702.0,19495.0,20097.0,15.0,28.0,28.0,23.0,28.0,112.0,73.0,97.0,90.0,62.0,84.85,154.59,149.72,117.98,139.32,633.52,403.03,518.66,461.66,308.5,18817.2,24.4,86.8,129.29,465.07
48,055,48055,Texas,Caldwell,45945.0,46970.0,47995.0,50289.0,52939.0,17.0,27.0,44.0,56.0,39.0,96.0,91.0,82.0,138.0,151.0,37.0,57.48,91.68,111.36,73.67,208.95,193.74,170.85,274.41,285.23,48827.6,36.6,111.6,74.24,226.64
48,059,48059,Texas,Callahan,13748.0,,14266.0,14427.0,14527.0,12.0,,12.0,10.0,22.0,40.0,,44.0,51.0,46.0,87.29,,84.12,69.31,151.44,290.95,,308.43,353.5,316.65,14242.0,14.0,45.25,98.04,317.38
48,061,48061,Texas,Cameron,421504.0,422635.0,425841.0,428906.0,432952.0,182.0,297.0,283.0,285.0,247.0,804.0,712.0,714.0,778.0,687.0,43.18,70.27,66.46,66.45,57.05,190.75,168.47,167.67,181.39,158.68,426367.6,258.8,739.0,60.68,173.39
48,065,48065,Texas,Carson,5795.0,,5821.0,5883.0,5828.0,12.0,,18.0,9.0,2.0,15.0,,17.0,31.0,21.0,207.08,,309.23,152.98,34.32,258.84,,292.05,526.94,360.33,5831.75,10.25,21.0,175.9,359.54
48,071,48071,Texas,Chambers,46992.0,48691.0,51348.0,54113.0,55988.0,120.0,120.0,136.0,104.0,104.0,576.0,614.0,827.0,722.0,628.0,255.36,246.45,264.86,192.19,185.75,1225.74,1261.01,1610.58,1334.25,1121.67,51426.4,116.8,673.4,228.92,1310.65
48,085,48085,Texas,Collin,1075512.0,1114667.0,1163646.0,1207386.0,1254213.0,72.0,74.0,64.0,70.0,53.0,302.0,345.0,424.0,369.0,397.0,6.69,6.64,5.5,5.8,4.23,28.08,30.95,36.44,30.56,31.65,1163084.8,66.6,367.4,5.77,31.54
48,091,48091,Texas,Comal,163608.0,174878.0,184600.0,193849.0,201486.0,138.0,91.0,115.0,119.0,129.0,609.0,604.0,766.0,775.0,679.0,84.35,52.04,62.3,61.39,64.02,372.23,345.38,414.95,399.8,337.0,183684.2,118.4,686.6,64.82,373.87
48,099,48099,Texas,Coryell,83102.0,84405.0,84160.0,85496.0,85173.0,21.0,13.0,17.0,24.0,7.0,111.0,69.0,85.0,75.0,50.0,25.27,15.4,20.2,28.07,8.22,133.57,81.75,101.0,87.72,58.7,84467.2,16.4,78.0,19.43,92.55
48,107,48107,Texas,Crosby,5096.0,5081.0,5004.0,4965.0,4953.0,3.0,4.0,4.0,1.0,5.0,27.0,27.0,21.0,32.0,32.0,58.87,78.72,79.94,20.14,100.95,529.83,531.39,419.66,644.51,646.07,5019.8,3.4,27.8,67.72,554.29
48,113,48113,Texas,Dallas,2610802.0,2589912.0,2613911.0,2637393.0,2664013.0,44.0,36.0,39.0,20.0,38.0,213.0,137.0,184.0,165.0,171.0,1.69,1.39,1.49,0.76,1.43,8.16,5.29,7.04,6.26,6.42,2623206.2,35.4,174.0,1.35,6.63
48,121,48121,Texas,Denton,914517.0,944283.0,980835.0,1013965.0,1046226.0,82.0,73.0,56.0,69.0,74.0,450.0,379.0,386.0,470.0,479.0,8.97,7.73,5.71,6.8,7.07,49.21,40.14,39.35,46.35,45.78,979965.2,70.8,432.8,7.26,44.17
48,135,48135,Texas,Ector,165491.0,160898.0,161879.0,165946.0,170654.0,149.0,64.0,98.0,72.0,85.0,1874.0,120.0,254.0,224.0,375.0,90.04,39.78,60.54,43.39,49.81,1132.39,74.58,156.91,134.98,219.74,164973.6,93.6,569.4,56.71,343.72
48,141,48141,Texas,El Paso,866582.0,867558.0,868332.0,873242.0,879894.0,350.0,246.0,360.0,351.0,329.0,590.0,697.0,973.0,1024.0,961.0,40.39,28.36,41.46,40.2,37.39,68.08,80.34,112.05,117.26,109.22,871121.6,327.2,849.0,37.56,97.39
48,157,48157,Texas,Fort Bend,830347.0,861857.0,893314.0,923883.0,951028.0,1003.0,988.0,938.0,852.0,823.0,4689.0,4671.0,5577.0,4956.0,5192.0,120.79,114.64,105.0,92.22,86.54,564.7,541.97,624.3,536.43,545.94,892085.8,920.8,5017.0,103.84,562.67
48,175,48175,Texas,Goliad,7021.0,7134.0,7147.0,7170.0,7203.0,22.0,13.0,15.0,13.0,15.0,98.0,175.0,87.0,64.0,28.0,313.35,182.23,209.88,181.31,208.25,1395.81,2453.04,1217.29,892.61,388.73,7135.0,15.6,90.4,219.0,1269.5
48,181,48181,Texas,Grayson,136157.0,139642.0,143277.0,147072.0,150865.0,47.0,110.0,73.0,71.0,86.0,334.0,412.0,436.0,262.0,234.0,34.52,78.77,50.95,48.28,57.0,245.31,295.04,304.31,178.14,155.11,143402.6,77.4,335.6,53.9,235.58
48,183,48183,Texas,Gregg,124315.0,124236.0,125614.0,126439.0,126387.0,82.0,99.0,78.0,43.0,47.0,407.0,358.0,243.0,227.0,239.0,65.96,79.69,62.09,34.01,37.19,327.39,288.16,193.45,179.53,189.1,125398.2,69.8,294.8,55.79,235.53
48,187,48187,Texas,Guadalupe,173722.0,,,,,86.0,,,,,442.0,,,,,49.5,,,,,254.43,,,,,173722.0,86.0,442.0,49.5,254.43
48,199,48199,Texas,Hardin,56357.0,57144.0,57802.0,58213.0,58636.0,29.0,44.0,53.0,48.0,47.0,249.0,244.0,238.0,207.0,173.0,51.46,77.0,91.69,82.46,80.16,441.83,426.99,411.75,355.59,295.04,57630.4,44.2,222.2,76.55,386.24
48,201,48201,Texas,Harris,4734060.0,4736539.0,4809691.0,4896507.0,4996331.0,8813.0,9487.0,9199.0,10173.0,7666.0,43757.0,44391.0,50747.0,50545.0,33050.0,186.16,200.29,191.26,207.76,153.43,924.3,937.2,1055.1,1032.27,661.49,4834625.6,9067.6,44498.0,187.78,922.07
48,203,48203,Texas,Harrison,68798.0,69565.0,69995.0,70999.0,71410.0,94.0,92.0,67.0,49.0,72.0,464.0,433.0,426.0,398.0,365.0,136.63,132.25,95.72,69.02,100.83,674.44,622.44,608.61,560.57,511.13,70153.4,74.8,417.2,106.89,595.44
48,209,48209,Texas,Hays,243984.0,256100.0,269554.0,281883.0,294339.0,120.0,196.0,191.0,170.0,186.0,772.0,814.0,894.0,822.0,1014.0,49.18,76.53,70.86,60.31,63.19,316.41,317.84,331.66,291.61,344.5,269172.0,172.6,863.2,64.01,320.4
48,215,48215,Texas,Hidalgo,872753.0,879576.0,888619.0,901096.0,913612.0,482.0,539.0,564.0,600.0,874.0,2952.0,2740.0,2842.0,2962.0,2548.0,55.23,61.28,63.47,66.59,95.66,338.24,311.51,319.82,328.71,278.89,891131.2,611.8,2808.8,68.45,315.43
48,229,48229,Texas,Hudspeth,3189.0,3275.0,3398.0,3399.0,3450.0,2.0,12.0,0.0,3.0,4.0,15.0,4.0,2.0,7.0,3.0,62.72,366.41,0.0,88.26,115.94,470.37,122.14,58.86,205.94,86.96,3342.2,4.2,6.2,126.67,188.85
48,231,48231,Texas,Hunt,100260.0,103616.0,108546.0,113819.0,119210.0,336.0,410.0,341.0,176.0,153.0,494.0,608.0,527.0,480.0,451.0,335.13,395.69,314.15,154.63,128.34,492.72,586.78,485.51,421.72,378.32,109090.2,283.2,512.0,265.59,473.01
48,235,48235,Texas,Irion,1506.0,1531.0,1538.0,1552.0,1509.0,1.0,1.0,5.0,0.0,2.0,13.0,19.0,10.0,9.0,14.0,66.4,65.32,325.1,0.0,132.54,863.21,1241.02,650.2,579.9,927.77,1527.2,1.8,13.0,117.87,852.42
48,251,48251,Texas,Johnson,180955.0,187522.0,195956.0,203731.0,211590.0,188.0,200.0,149.0,171.0,161.0,643.0,573.0,616.0,411.0,434.0,103.89,106.65,76.04,83.93,76.09,355.34,305.56,314.36,201.74,205.11,195950.8,173.8,535.4,89.32,276.42
48,253,48253,Texas,Jones,19667.0,19895.0,20337.0,20812.0,20802.0,6.0,10.0,10.0,6.0,12.0,41.0,44.0,42.0,39.0,46.0,30.51,50.26,49.17,28.83,57.69,208.47,221.16,206.52,187.39,221.13,20302.6,8.8,42.4,43.29,208.93
48,257,48257,Texas,Kaufman,147165.0,158316.0,172773.0,186658.0,198010.0,106.0,158.0,125.0,141.0,136.0,665.0,607.0,562.0,503.0,427.0,72.03,99.8,72.35,75.54,68.68,451.87,383.41,325.28,269.48,215.65,172584.4,133.2,552.8,77.68,329.14
48,259,48259,Texas,Kendall,44568.0,46883.0,49058.0,50559.0,51977.0,25.0,23.0,11.0,18.0,24.0,116.0,141.0,107.0,102.0,103.0,56.09,49.06,22.42,35.6,46.17,260.28,300.75,218.11,201.74,198.16,48609.0,20.2,113.8,41.87,235.81
48,281,48281,Texas,Lampasas,21704.0,22218.0,22769.0,23328.0,23576.0,12.0,18.0,9.0,12.0,15.0,114.0,81.0,21.0,28.0,68.0,55.29,81.02,39.53,51.44,63.62,525.25,364.57,92.23,120.03,288.43,22719.0,13.2,62.4,58.18,278.1
48,291,48291,Texas,Liberty,92471.0,,102615.0,109248.0,116291.0,248.0,,194.0,204.0,210.0,712.0,,817.0,800.0,945.0,268.19,,189.06,186.73,180.58,769.97,,796.18,732.28,812.62,105156.25,214.0,818.5,206.14,777.76
48,303,48303,Texas,Lubbock,311589.0,314608.0,317940.0,321411.0,325137.0,63.0,127.0,131.0,148.0,143.0,491.0,528.0,628.0,450.0,442.0,20.22,40.37,41.2,46.05,43.98,157.58,167.83,197.52,140.01,135.94,318137.0,122.4,507.8,38.36,159.78
48,305,48305,Texas,Lynn,5609.0,5647.0,5757.0,5823.0,5959.0,3.0,6.0,2.0,2.0,5.0,14.0,11.0,11.0,8.0,12.0,53.49,106.25,34.74,34.35,83.91,249.6,194.79,191.07,137.39,201.38,5759.0,3.6,11.2,62.55,194.85
48,317,48317,Texas,Martin,5259.0,5218.0,5267.0,5277.0,5287.0,6.0,14.0,9.0,2.0,4.0,67.0,79.0,107.0,195.0,115.0,114.09,268.3,170.88,37.9,75.66,1274.01,1513.99,2031.52,3695.28,2175.15,5261.6,7.0,112.6,133.37,2137.99
48,309,48309,Texas,McLennan,261189.0,263802.0,266125.0,268480.0,270348.0,81.0,92.0,99.0,103.0,70.0,612.0,487.0,520.0,364.0,308.0,31.01,34.87,37.2,38.36,25.89,234.31,184.61,195.4,135.58,113.93,265988.8,89.0,458.2,33.47,172.77
48,325,48325,Texas,Medina,51058.0,52436.0,53739.0,54822.0,55611.0,69.0,44.0,57.0,63.0,68.0,335.0,194.0,285.0,234.0,189.0,135.14,83.91,106.07,114.92,122.28,656.12,369.97,530.34,426.84,339.86,53533.2,60.2,247.4,112.46,464.63
48,329,48329,Texas,Midland,170722.0,168667.0,172955.0,178641.0,184075.0,107.0,159.0,129.0,192.0,236.0,768.0,645.0,637.0,787.0,839.0,62.67,94.27,74.59,107.48,128.21,449.85,382.41,368.3,440.55,455.79,175012.0,164.6,735.2,93.44,419.38
48,355,48355,Texas,Nueces,353554.0,353538.0,351831.0,352505.0,352925.0,66.0,29.0,42.0,46.0,63.0,135.0,56.0,158.0,127.0,139.0,18.67,8.2,11.94,13.05,17.85,38.18,15.84,44.91,36.03,39.39,352870.6,49.2,123.0,13.94,34.87
48,359,48359,Texas,Oldham,1766.0,1734.0,1763.0,1773.0,1794.0,2.0,1.0,0.0,1.0,1.0,14.0,4.0,2.0,8.0,14.0,113.25,57.67,0.0,56.4,55.74,792.75,230.68,113.44,451.21,780.38,1766.0,1.0,8.4,56.61,473.69
48,361,48361,Texas,Orange,84759.0,84691.0,85103.0,85705.0,85969.0,77.0,67.0,80.0,69.0,61.0,503.0,424.0,370.0,300.0,273.0,90.85,79.11,94.0,80.51,70.96,593.45,500.64,434.77,350.04,317.56,85245.4,70.8,374.0,83.09,439.29
48,375,48375,Texas,Potter,118353.0,116607.0,115110.0,115291.0,114551.0,24.0,60.0,63.0,48.0,41.0,216.0,171.0,203.0,129.0,124.0,20.28,51.45,54.73,41.63,35.79,182.5,146.65,176.35,111.89,108.25,115982.4,47.2,168.6,40.78,145.13
48,381,48381,Texas,Randall,141255.0,143984.0,146088.0,147993.0,150283.0,56.0,55.0,59.0,50.0,49.0,285.0,225.0,151.0,80.0,94.0,39.64,38.2,40.39,33.79,32.61,201.76,156.27,103.36,54.06,62.55,145920.6,53.8,167.0,36.93,115.6
48,395,48395,Texas,Robertson,16767.0,16947.0,17129.0,17306.0,17625.0,6.0,15.0,25.0,15.0,13.0,114.0,97.0,117.0,81.0,83.0,35.78,88.51,145.95,86.68,73.76,679.91,572.37,683.05,468.05,470.92,17154.8,14.8,98.4,86.14,574.86
48,397,48397,Texas,Rockwall,109199.0,116645.0,123439.0,131418.0,136880.0,14.0,25.0,16.0,25.0,27.0,64.0,99.0,65.0,57.0,79.0,12.82,21.43,12.96,19.02,19.73,58.61,84.87,52.66,43.37,57.71,123516.2,21.4,72.8,17.19,59.44
48,401,48401,Texas,Rusk,52255.0,52687.0,52569.0,53312.0,54630.0,65.0,82.0,61.0,36.0,60.0,541.0,439.0,353.0,221.0,286.0,124.39,155.64,116.04,67.53,109.83,1035.31,833.22,671.5,414.54,523.52,53090.6,60.8,368.0,114.69,695.62
48,409,48409,Texas,San Patricio,68839.0,,,,,34.0,,,,,143.0,,,,,49.39,,,,,207.73,,,,,68839.0,34.0,143.0,49.39,207.73
48,423,48423,Texas,Smith,234205.0,237339.0,242225.0,245945.0,249529.0,366.0,310.0,310.0,271.0,290.0,1462.0,1132.0,865.0,770.0,796.0,156.27,130.61,127.98,110.19,116.22,624.24,476.95,357.11,313.08,319.0,241848.6,309.4,1005.0,128.25,418.08
48,431,48431,Texas,Sterling,1383.0,1376.0,1411.0,1374.0,1373.0,4.0,0.0,1.0,2.0,1.0,16.0,8.0,9.0,6.0,2.0,289.23,0.0,70.87,145.56,72.83,1156.91,581.4,637.85,436.68,145.67,1383.4,1.6,8.2,115.7,591.7
48,439,48439,Texas,Tarrant,2116194.0,2130671.0,2160356.0,2194974.0,2230038.0,147.0,129.0,139.0,132.0,149.0,800.0,788.0,750.0,801.0,687.0,6.95,6.05,6.43,6.01,6.68,37.8,36.98,34.72,36.49,30.81,2166446.6,139.2,765.2,6.42,35.36
48,441,48441,Texas,Taylor,143484.0,143943.0,145346.0,147254.0,148390.0,48.0,27.0,20.0,30.0,27.0,95.0,168.0,84.0,111.0,93.0,33.45,18.76,13.76,20.37,18.2,66.21,116.71,57.79,75.38,62.67,145683.4,30.4,110.2,20.91,75.75
48,451,48451,Texas,Tom Green,120185.0,119279.0,118979.0,119327.0,120207.0,33.0,52.0,49.0,38.0,33.0,181.0,162.0,166.0,148.0,109.0,27.46,43.6,41.18,31.85,27.45,150.6,135.82,139.52,124.03,90.68,119595.4,41.0,153.2,34.31,128.13
48,453,48453,Texas,Travis,1296572.0,1309183.0,1335984.0,1353278.0,1374921.0,761.0,782.0,860.0,932.0,834.0,3474.0,3406.0,3538.0,4239.0,3952.0,58.69,59.73,64.37,68.87,60.66,267.94,260.16,264.82,313.24,287.43,1333987.6,833.8,3721.8,62.46,278.72
48,459,48459,Texas,Upshur,41044.0,41839.0,42497.0,,44024.0,53.0,66.0,63.0,,38.0,286.0,280.0,162.0,,164.0,129.13,157.75,148.25,,86.32,696.81,669.23,381.2,,372.52,42351.0,55.0,223.0,130.36,529.94
48,469,48469,Texas,Victoria,91299.0,90910.0,91138.0,91757.0,92188.0,116.0,113.0,78.0,65.0,84.0,284.0,227.0,213.0,188.0,183.0,127.06,124.3,85.58,70.84,91.12,311.07,249.7,233.71,204.89,198.51,91458.4,91.2,219.0,99.78,239.58
48,473,48473,Texas,Waller,57294.0,59457.0,62110.0,64298.0,66097.0,60.0,55.0,84.0,73.0,63.0,286.0,201.0,325.0,416.0,437.0,104.72,92.5,135.24,113.53,95.31,499.18,338.06,523.27,646.99,661.15,61851.2,67.0,333.0,108.26,533.73
48,479,48479,Texas,Webb,267336.0,267389.0,268450.0,271942.0,280570.0,64.0,54.0,44.0,54.0,53.0,239.0,176.0,134.0,132.0,167.0,23.94,20.2,16.39,19.86,18.89,89.4,65.82,49.92,48.54,59.52,271137.4,53.8,169.6,19.86,62.64
48,485,48485,Texas,Wichita,129611.0,130114.0,130106.0,129889.0,129524.0,52.0,16.0,20.0,8.0,22.0,118.0,80.0,79.0,58.0,49.0,40.12,12.3,15.37,6.16,16.99,91.04,61.48,60.72,44.65,37.83,129848.8,23.6,76.8,18.19,59.14
48,491,48491,Texas,Williamson,615611.0,644790.0,674478.0,701798.0,729013.0,170.0,177.0,175.0,217.0,210.0,1850.0,1556.0,1709.0,1603.0,1816.0,27.61,27.45,25.95,30.92,28.81,300.51,241.32,253.38,228.41,249.1,673138.0,189.8,1706.8,28.15,254.54
48,493,48493,Texas,Wilson,50051.0,51325.0,52752.0,54296.0,55321.0,16.0,40.0,56.0,62.0,45.0,174.0,252.0,349.0,347.0,384.0,31.97,77.93,106.16,114.19,81.34,347.65,490.99,661.59,639.09,694.13,52749.0,43.8,301.2,82.32,566.69
48,497,48497,Texas,Wise,68931.0,71872.0,74888.0,78012.0,81292.0,92.0,79.0,94.0,110.0,77.0,342.0,44.0,357.0,471.0,527.0,133.47,109.92,125.52,141.0,94.72,496.15,61.22,476.71,603.75,648.28,74999.0,90.4,348.2,120.93,457.22
48,001,48001,Texas,Anderson,57941.0,,,,,32.0,,,,,359.0,,,,,55.23,,,,,619.6,,,,,57941.0,32.0,359.0,55.23,619.6
48,003,48003,Texas,Andrews,18616.0,,18343.0,18632.0,18798.0,11.0,,1.0,4.0,3.0,150.0,,56.0,116.0,66.0,59.09,,5.45,21.47,15.96,805.76,,305.29,622.58,351.1,18597.25,4.75,97.0,25.49,521.18
48,005,48005,Texas,Angelina,86496.0,,87209.0,87626.0,87958.0,109.0,,148.0,175.0,150.0,517.0,,552.0,571.0,500.0,126.02,,169.71,199.71,170.54,597.72,,632.96,651.63,568.45,87322.25,145.5,535.0,166.5,612.69
48,007,48007,Texas,Aransas,23930.0,,24963.0,25360.0,25686.0,60.0,,73.0,79.0,44.0,224.0,,160.0,137.0,108.0,250.73,,292.43,311.51,171.3,936.06,,640.95,540.22,420.46,24984.75,64.0,157.25,256.49,634.42
48,017,48017,Texas,Bailey,6869.0,6805.0,6835.0,6804.0,6891.0,0.0,3.0,2.0,2.0,6.0,25.0,12.0,12.0,11.0,16.0,0.0,44.09,29.26,29.39,87.07,363.95,176.34,175.57,161.67,232.19,6840.8,2.6,15.2,37.96,221.94
48,031,48031,Texas,Blanco,11451.0,11877.0,12417.0,13067.0,13395.0,25.0,18.0,13.0,8.0,21.0,57.0,85.0,68.0,32.0,47.0,218.32,151.55,104.7,61.22,156.77,497.77,715.67,547.64,244.89,350.88,12441.4,17.0,57.8,138.51,471.37
48,033,48033,Texas,Borden,643.0,618.0,582.0,573.0,560.0,0.0,1.0,1.0,2.0,0.0,10.0,13.0,8.0,7.0,15.0,0.0,161.81,171.82,349.04,0.0,1555.21,2103.56,1374.57,1221.64,2678.57,595.2,0.8,10.6,136.53,1786.71
48,035,48035,Texas,Bosque,18255.0,18502.0,18690.0,,18961.0,6.0,11.0,8.0,,14.0,67.0,68.0,44.0,,43.0,32.87,59.45,42.8,,73.84,367.02,367.53,235.42,,226.78,18602.0,9.75,55.5,52.24,299.19
48,043,48043,Texas,Brewster,9561.0,9488.0,9363.0,9550.0,9521.0,4.0,5.0,3.0,4.0,6.0,18.0,32.0,10.0,15.0,11.0,41.84,52.7,32.04,41.88,63.02,188.26,337.27,106.8,157.07,115.53,9496.6,4.4,17.2,46.3,180.99
48,045,48045,Texas,Briscoe,1420.0,1400.0,1438.0,1444.0,1472.0,1.0,0.0,0.0,1.0,2.0,5.0,9.0,12.0,11.0,3.0,70.42,0.0,0.0,69.25,135.87,352.11,642.86,834.49,761.77,203.8,1434.8,0.8,8.0,55.11,559.01
48,047,48047,Texas,Brooks,7095.0,7023.0,6940.0,6874.0,6700.0,1.0,1.0,0.0,3.0,10.0,3.0,3.0,0.0,7.0,11.0,14.09,14.24,0.0,43.64,149.25,42.28,42.72,0.0,101.83,164.18,6926.4,3.0,4.8,44.24,70.2
48,049,48049,Texas,Brown,38056.0,38149.0,38399.0,38447.0,38729.0,37.0,44.0,34.0,30.0,48.0,229.0,206.0,175.0,189.0,190.0,97.23,115.34,88.54,78.03,123.94,601.74,539.99,455.74,491.59,490.59,38356.0,38.6,197.8,100.62,515.93
48,053,48053,Texas,Burnet,49480.0,51173.0,52660.0,54390.0,56004.0,52.0,53.0,66.0,62.0,58.0,237.0,213.0,227.0,148.0,141.0,105.09,103.57,125.33,113.99,103.56,478.98,416.24,431.07,272.11,251.77,52741.4,58.2,193.2,110.31,370.03
48,057,48057,Texas,Calhoun,20064.0,19802.0,19709.0,19731.0,19778.0,20.0,24.0,19.0,22.0,17.0,87.0,77.0,59.0,45.0,46.0,99.68,121.2,96.4,111.5,85.95,433.61,388.85,299.36,228.07,232.58,19816.8,20.4,62.8,102.95,316.49
48,063,48063,Texas,Camp,12429.0,12609.0,12735.0,13050.0,13222.0,18.0,15.0,8.0,14.0,10.0,66.0,83.0,54.0,43.0,46.0,144.82,118.96,62.82,107.28,75.63,531.02,658.26,424.03,329.5,347.91,12809.0,13.0,58.4,101.9,458.14
48,067,48067,Texas,Cass,28441.0,28565.0,28495.0,28637.0,,19.0,27.0,18.0,7.0,,192.0,152.0,103.0,109.0,,66.8,94.52,63.17,24.44,,675.08,532.12,361.47,380.63,,28534.5,17.75,139.0,62.23,487.33
48,069,48069,Texas,Castro,7324.0,7355.0,7285.0,7291.0,7343.0,3.0,3.0,5.0,1.0,0.0,24.0,19.0,16.0,11.0,7.0,40.96,40.79,68.63,13.72,0.0,327.69,258.33,219.63,150.87,95.33,7319.6,2.4,15.4,32.82,210.37
48,073,48073,Texas,Cherokee,50619.0,51285.0,51665.0,52631.0,53178.0,49.0,79.0,111.0,78.0,50.0,441.0,354.0,338.0,258.0,237.0,96.8,154.04,214.85,148.2,94.02,871.21,690.26,654.21,490.21,445.67,51875.6,73.4,325.6,141.58,630.31
48,081,48081,Texas,Coke,3321.0,,3349.0,,3388.0,3.0,,1.0,,3.0,18.0,,154.0,,17.0,90.33,,29.86,,88.55,542.01,,4598.39,,501.77,3352.67,2.33,63.0,69.58,1880.72
48,089,48089,Texas,Colorado,20641.0,20717.0,20895.0,21226.0,21447.0,11.0,13.0,20.0,16.0,13.0,131.0,136.0,121.0,161.0,146.0,53.29,62.75,95.72,75.38,60.61,634.66,656.47,579.09,758.5,680.75,20985.2,14.6,139.0,69.55,661.89
48,093,48093,Texas,Comanche,13635.0,13814.0,13905.0,14038.0,14288.0,10.0,14.0,11.0,14.0,15.0,55.0,63.0,62.0,61.0,68.0,73.34,101.35,79.11,99.73,104.98,403.37,456.06,445.88,434.53,475.92,13936.0,12.8,61.8,91.7,443.15
48,097,48097,Texas,Cooke,41751.0,42392.0,43036.0,43773.0,44353.0,25.0,56.0,28.0,15.0,19.0,124.0,132.0,124.0,68.0,75.0,59.88,132.1,65.06,34.27,42.84,297.0,311.38,288.13,155.35,169.1,43061.0,28.6,104.6,66.83,244.19
48,103,48103,Texas,Crane,4671.0,4630.0,4552.0,4574.0,4591.0,3.0,1.0,2.0,0.0,4.0,10.0,6.0,3.0,27.0,45.0,64.23,21.6,43.94,0.0,87.13,214.09,129.59,65.91,590.29,980.18,4603.6,2.0,18.2,43.38,396.01
48,105,48105,Texas,Crockett,3095.0,3022.0,2956.0,2846.0,2803.0,3.0,3.0,3.0,6.0,6.0,9.0,33.0,21.0,34.0,24.0,96.93,99.27,101.49,210.82,214.06,290.79,1091.99,710.42,1194.66,856.23,2944.4,4.2,24.2,144.51,828.82
48,111,48111,Texas,Dallam,7137.0,7181.0,7247.0,7302.0,7447.0,3.0,0.0,3.0,0.0,0.0,13.0,5.0,6.0,2.0,0.0,42.03,0.0,41.4,0.0,0.0,182.15,69.63,82.79,27.39,0.0,7262.8,1.2,5.2,16.69,72.39
48,115,48115,Texas,Dawson,12474.0,12359.0,12167.0,11912.0,11852.0,5.0,3.0,1.0,2.0,1.0,61.0,53.0,42.0,27.0,33.0,40.08,24.27,8.22,16.79,8.44,489.02,428.84,345.2,226.66,278.43,12152.8,2.4,43.2,19.56,353.63
48,117,48117,Texas,Deaf Smith,18533.0,18386.0,18423.0,18422.0,18513.0,3.0,12.0,8.0,11.0,13.0,55.0,27.0,26.0,61.0,42.0,16.19,65.27,43.42,59.71,70.22,296.77,146.85,141.13,331.13,226.87,18455.4,9.4,42.2,50.96,228.55
48,119,48119,Texas,Delta,5221.0,5329.0,5402.0,5517.0,5558.0,2.0,3.0,13.0,17.0,13.0,13.0,19.0,48.0,42.0,17.0,38.31,56.3,240.65,308.14,233.9,248.99,356.54,888.56,761.28,305.87,5405.4,9.6,27.8,175.46,512.25
48,127,48127,Texas,Dimmit,8584.0,,,8293.0,8216.0,9.0,,,24.0,40.0,114.0,,,122.0,173.0,104.85,,,289.4,486.85,1328.05,,,1471.12,2105.65,8364.33,24.33,136.33,293.7,1634.94
48,129,48129,Texas,Donley,3276.0,3355.0,3276.0,3188.0,3219.0,4.0,4.0,12.0,8.0,6.0,23.0,31.0,19.0,16.0,24.0,122.1,119.23,366.3,250.94,186.39,702.08,923.99,579.98,501.88,745.57,3262.8,6.8,22.6,208.99,690.7
48,131,48131,Texas,Duval,9811.0,10028.0,9698.0,,9652.0,18.0,13.0,32.0,,24.0,99.0,96.0,90.0,,91.0,183.47,129.64,329.96,,248.65,1009.07,957.32,928.03,,942.81,9797.25,21.75,94.0,222.93,959.31
48,133,48133,Texas,Eastland,17800.0,17863.0,17895.0,18221.0,18314.0,6.0,7.0,10.0,30.0,20.0,40.0,35.0,41.0,46.0,57.0,33.71,39.19,55.88,164.65,109.21,224.72,195.94,229.11,252.46,311.24,18018.6,14.6,43.8,80.53,242.69
48,143,48143,Texas,Erath,42710.0,43372.0,43876.0,44304.0,43995.0,29.0,7.0,9.0,20.0,25.0,62.0,68.0,67.0,47.0,64.0,67.9,16.14,20.51,45.14,56.82,145.17,156.78,152.7,106.09,145.47,43651.4,18.0,61.6,41.3,141.24
48,149,48149,Texas,Fayette,24511.0,24734.0,24972.0,25436.0,25501.0,23.0,17.0,17.0,26.0,9.0,107.0,92.0,101.0,85.0,78.0,93.84,68.73,68.08,102.22,35.29,436.54,371.96,404.45,334.17,305.87,25030.8,18.4,92.6,73.63,370.6
48,151,48151,Texas,Fisher,3678.0,,3639.0,3614.0,3681.0,11.0,,17.0,7.0,2.0,9.0,,36.0,23.0,15.0,299.08,,467.16,193.69,54.33,244.7,,989.28,636.41,407.5,3653.0,9.25,20.75,253.57,569.47
48,153,48153,Texas,Floyd,5369.0,5293.0,5246.0,5124.0,5020.0,3.0,7.0,4.0,7.0,18.0,32.0,27.0,25.0,23.0,51.0,55.88,132.25,76.25,136.61,358.57,596.01,510.11,476.55,448.87,1015.94,5210.4,7.8,31.6,151.91,609.5
48,159,48159,Texas,Franklin,10372.0,,10645.0,10711.0,10843.0,19.0,,12.0,14.0,11.0,49.0,,36.0,38.0,31.0,183.19,,112.73,130.71,101.45,472.43,,338.19,354.78,285.9,10642.75,14.0,38.5,132.02,362.83
48,161,48161,Texas,Freestone,19439.0,19794.0,19997.0,20361.0,20686.0,23.0,25.0,19.0,30.0,31.0,82.0,76.0,81.0,65.0,51.0,118.32,126.3,95.01,147.34,149.86,421.83,383.95,405.06,319.24,246.54,20055.4,25.6,71.0,127.37,355.32
48,163,48163,Texas,Frio,18406.0,,,18530.0,18807.0,10.0,,,8.0,4.0,63.0,,,84.0,62.0,54.33,,,43.17,21.27,342.28,,,453.32,329.66,18581.0,7.33,69.67,39.59,375.09
48,165,48165,Texas,Gaines,21699.0,21876.0,22107.0,22552.0,23272.0,9.0,11.0,7.0,12.0,9.0,91.0,74.0,72.0,70.0,78.0,41.48,50.28,31.66,53.21,38.67,419.37,338.27,325.69,310.39,335.17,22301.2,9.6,77.0,43.06,345.78
48,169,48169,Texas,Garza,5806.0,6257.0,4502.0,4544.0,4567.0,22.0,5.0,9.0,7.0,10.0,18.0,24.0,36.0,23.0,29.0,378.92,79.91,199.91,154.05,218.96,310.02,383.57,799.64,506.16,634.99,5135.2,10.6,26.0,206.35,526.88
48,171,48171,Texas,Gillespie,26768.0,27315.0,27540.0,27766.0,28126.0,9.0,14.0,15.0,10.0,4.0,30.0,27.0,34.0,30.0,23.0,33.62,51.25,54.47,36.02,14.22,112.07,98.85,123.46,108.05,81.77,27503.0,10.4,28.8,37.92,104.84
48,173,48173,Texas,Glasscock,1117.0,,1143.0,1155.0,1145.0,2.0,,0.0,0.0,0.0,20.0,,42.0,57.0,41.0,179.05,,0.0,0.0,0.0,1790.51,,3674.54,4935.06,3580.79,1140.0,0.5,40.0,44.76,3495.23
48,177,48177,Texas,Gonzales,19670.0,19623.0,19847.0,20028.0,20129.0,24.0,61.0,40.0,38.0,27.0,99.0,77.0,118.0,105.0,87.0,122.01,310.86,201.54,189.73,134.13,503.3,392.4,594.55,524.27,432.21,19859.4,38.0,97.2,191.65,489.35
48,179,48179,Texas,Gray,21197.0,21118.0,20951.0,20958.0,20931.0,8.0,7.0,7.0,4.0,5.0,47.0,46.0,29.0,37.0,17.0,37.74,33.15,33.41,19.09,23.89,221.73,217.82,138.42,176.54,81.22,21031.0,6.2,35.2,29.46,167.15
48,185,48185,Texas,Grimes,29443.0,30160.0,31163.0,32582.0,33343.0,27.0,26.0,62.0,60.0,55.0,131.0,98.0,187.0,169.0,151.0,91.7,86.21,198.95,184.15,164.95,444.93,324.93,600.07,518.69,452.87,31338.2,46.0,147.2,145.19,468.3
48,189,48189,Texas,Hale,32458.0,,,,,12.0,,,,,50.0,,,,,36.97,,,,,154.05,,,,,32458.0,12.0,50.0,36.97,154.05
48,191,48191,Texas,Hall,2805.0,2851.0,2814.0,2808.0,2797.0,0.0,1.0,3.0,0.0,0.0,7.0,14.0,8.0,7.0,2.0,0.0,35.08,106.61,0.0,0.0,249.55,491.06,284.29,249.29,71.51,2815.0,0.8,7.6,28.34,269.14
48,193,48193,Texas,Hamilton,8252.0,8241.0,8310.0,8603.0,8716.0,3.0,3.0,4.0,4.0,4.0,21.0,13.0,10.0,3.0,18.0,36.35,36.4,48.13,46.5,45.89,254.48,157.75,120.34,34.87,206.52,8424.4,3.6,13.0,42.65,154.79
48,197,48197,Texas,Hardeman,3558.0,3546.0,3505.0,3448.0,3362.0,2.0,4.0,4.0,0.0,4.0,23.0,21.0,17.0,14.0,0.0,56.21,112.8,114.12,0.0,118.98,646.43,592.22,485.02,406.03,0.0,3483.8,2.8,15.0,80.42,425.94
48,211,48211,Texas,Hemphill,3365.0,3325.0,3205.0,3150.0,3138.0,7.0,0.0,6.0,0.0,8.0,10.0,15.0,29.0,14.0,12.0,208.02,0.0,187.21,0.0,254.94,297.18,451.13,904.84,444.44,382.41,3236.6,4.2,16.0,130.03,496.0
48,213,48213,Texas,Henderson,82400.0,,84610.0,86371.0,87591.0,130.0,,162.0,161.0,125.0,436.0,,550.0,522.0,499.0,157.77,,191.47,186.41,142.71,529.13,,650.04,604.37,569.69,85243.0,144.5,501.75,169.59,588.31
48,217,48217,Texas,Hill,35965.0,36387.0,37314.0,38236.0,38889.0,31.0,77.0,54.0,44.0,40.0,265.0,235.0,253.0,229.0,155.0,86.19,211.61,144.72,115.07,102.86,736.83,645.84,678.03,598.91,398.57,37358.2,49.2,227.4,132.09,611.64
48,219,48219,Texas,Hockley,21484.0,21244.0,21205.0,21343.0,21512.0,13.0,16.0,20.0,1.0,7.0,103.0,71.0,125.0,53.0,53.0,60.51,75.32,94.32,4.69,32.54,479.43,334.21,589.48,248.32,246.37,21357.6,11.4,81.0,53.48,379.56
48,221,48221,Texas,Hood,62054.0,64281.0,66299.0,67717.0,69310.0,75.0,53.0,46.0,94.0,84.0,357.0,279.0,313.0,329.0,346.0,120.86,82.45,69.38,138.81,121.19,575.31,434.03,472.1,485.85,499.21,65932.2,70.4,324.8,106.54,493.3
48,223,48223,Texas,Hopkins,36833.0,37220.0,37815.0,38236.0,38826.0,30.0,34.0,26.0,19.0,12.0,73.0,36.0,40.0,33.0,21.0,81.45,91.35,68.76,49.69,30.91,198.19,96.72,105.78,86.31,54.09,37786.0,24.2,40.6,64.43,108.22
48,225,48225,Texas,Houston,22073.0,21991.0,21939.0,22050.0,22331.0,7.0,9.0,13.0,19.0,19.0,82.0,77.0,98.0,104.0,100.0,31.71,40.93,59.26,86.17,85.08,371.49,350.14,446.69,471.66,447.81,22076.8,13.4,92.2,60.63,417.56
48,233,48233,Texas,Hutchinson,20569.0,20448.0,20175.0,20020.0,19800.0,12.0,8.0,16.0,13.0,15.0,75.0,47.0,53.0,39.0,27.0,58.34,39.12,79.31,64.94,75.76,364.63,229.85,262.7,194.81,136.36,20202.4,12.8,48.2,63.49,237.67
48,237,48237,Texas,Jack,8484.0,8540.0,8738.0,9199.0,9421.0,10.0,1.0,4.0,10.0,8.0,36.0,22.0,17.0,8.0,21.0,117.87,11.71,45.78,108.71,84.92,424.33,257.61,194.55,86.97,222.91,8876.4,6.6,20.8,73.8,237.27
48,239,48239,Texas,Jackson,14997.0,15125.0,15156.0,15199.0,15357.0,10.0,12.0,10.0,7.0,14.0,78.0,52.0,59.0,39.0,43.0,66.68,79.34,65.98,46.06,91.16,520.1,343.8,389.28,256.6,280.0,15166.8,10.6,54.2,69.84,357.96
48,241,48241,Texas,Jasper,32921.0,32572.0,32528.0,32740.0,32956.0,76.0,56.0,31.0,21.0,19.0,390.0,388.0,198.0,171.0,133.0,230.86,171.93,95.3,64.14,57.65,1184.65,1191.21,608.71,522.3,403.57,32743.4,40.6,256.0,123.98,782.09
48,247,48247,Texas,Jim Hogg,4845.0,4784.0,4749.0,4661.0,4611.0,12.0,9.0,7.0,6.0,3.0,33.0,40.0,39.0,34.0,27.0,247.68,188.13,147.4,128.73,65.06,681.11,836.12,821.23,729.46,585.56,4730.0,7.4,34.6,155.4,730.7
48,249,48249,Texas,Jim Wells,38888.0,38894.0,38747.0,38766.0,38829.0,84.0,65.0,81.0,80.0,37.0,250.0,207.0,221.0,228.0,199.0,216.0,167.12,209.05,206.37,95.29,642.87,532.22,570.37,588.14,512.5,38824.8,69.4,221.0,178.77,569.22
48,255,48255,Texas,Karnes,14811.0,14800.0,14989.0,14965.0,15020.0,4.0,9.0,5.0,5.0,9.0,84.0,64.0,81.0,38.0,68.0,27.01,60.81,33.36,33.41,59.92,567.15,432.43,540.4,253.93,452.73,14917.0,6.4,67.0,42.9,449.33
48,261,48261,Texas,Kenedy,349.0,,356.0,347.0,323.0,2.0,,1.0,1.0,0.0,10.0,,2.0,1.0,3.0,573.07,,280.9,288.18,0.0,2865.33,,561.8,288.18,928.79,343.75,1.0,4.0,285.54,1161.03
48,265,48265,Texas,Kerr,52696.0,53195.0,53782.0,53922.0,54014.0,40.0,50.0,40.0,37.0,44.0,173.0,183.0,166.0,175.0,141.0,75.91,93.99,74.37,68.62,81.46,328.3,344.02,308.65,324.54,261.04,53521.8,42.2,167.6,78.87,313.31
48,271,48271,Texas,Kinney,3127.0,,,3163.0,3124.0,0.0,,,1.0,1.0,0.0,,,5.0,6.0,0.0,,,31.62,32.01,0.0,,,158.08,192.06,3138.0,0.67,3.67,21.21,116.71
48,273,48273,Texas,Kleberg,30986.0,30637.0,30437.0,30327.0,30329.0,20.0,14.0,10.0,13.0,9.0,37.0,23.0,29.0,40.0,14.0,64.55,45.7,32.85,42.87,29.67,119.41,75.07,95.28,131.9,46.16,30543.2,13.2,28.6,43.13,93.56
48,277,48277,Texas,Lamar,50131.0,50359.0,50488.0,51155.0,51342.0,22.0,33.0,46.0,47.0,29.0,158.0,167.0,187.0,92.0,90.0,43.89,65.53,91.11,91.88,56.48,315.17,331.62,370.39,179.85,175.3,50695.0,35.4,138.8,69.78,274.47
48,279,48279,Texas,Lamb,13005.0,12902.0,12747.0,12713.0,12618.0,4.0,7.0,9.0,6.0,7.0,72.0,53.0,29.0,40.0,38.0,30.76,54.26,70.6,47.2,55.48,553.63,410.79,227.5,314.64,301.16,12797.0,6.6,46.4,51.66,361.54
48,285,48285,Texas,Lavaca,20355.0,20537.0,20658.0,20565.0,20526.0,6.0,9.0,11.0,15.0,15.0,,59.0,48.0,50.0,55.0,29.48,43.82,53.25,72.94,73.08,,287.29,232.36,243.13,267.95,20528.2,11.2,53.0,54.51,257.68
48,287,48287,Texas,Lee,17504.0,17685.0,17972.0,18259.0,18501.0,14.0,20.0,23.0,19.0,16.0,85.0,103.0,69.0,86.0,90.0,79.98,113.09,127.98,104.06,86.48,485.6,582.41,383.93,471.0,486.46,17984.2,18.4,86.6,102.32,481.88
48,289,48289,Texas,Leon,15775.0,16048.0,16219.0,16574.0,16739.0,4.0,14.0,21.0,16.0,14.0,111.0,105.0,147.0,135.0,117.0,25.36,87.24,129.48,96.54,83.64,703.65,654.29,906.34,814.53,698.97,16271.0,13.8,123.0,84.45,755.56
48,299,48299,Texas,Llano,21331.0,22131.0,22739.0,22978.0,23310.0,24.0,23.0,23.0,35.0,38.0,214.0,193.0,161.0,113.0,103.0,112.51,103.93,101.15,152.32,163.02,1003.23,872.08,708.03,491.77,441.87,22497.8,28.6,156.8,126.59,703.4
48,301,48301,Texas,Loving,63.0,57.0,46.0,46.0,47.0,2.0,3.0,0.0,0.0,0.0,16.0,17.0,23.0,30.0,34.0,3174.6,5263.16,0.0,0.0,0.0,25396.83,29824.56,50000.0,65217.39,72340.43,51.8,1.0,24.0,1687.55,48555.84
48,313,48313,Texas,Madison,13457.0,13503.0,13634.0,13752.0,14179.0,11.0,8.0,11.0,7.0,13.0,47.0,48.0,37.0,46.0,34.0,81.74,59.25,80.68,50.9,91.68,349.26,355.48,271.38,334.5,239.79,13705.0,10.0,42.4,72.85,310.08
48,315,48315,Texas,Marion,9866.0,9738.0,9673.0,,9831.0,16.0,35.0,32.0,,13.0,100.0,99.0,111.0,,76.0,162.17,359.42,330.82,,132.23,1013.58,1016.64,1147.52,,773.06,9777.0,24.0,96.5,246.16,987.7
48,319,48319,Texas,Mason,3970.0,3936.0,3983.0,3937.0,,3.0,4.0,0.0,2.0,,9.0,11.0,3.0,6.0,,75.57,101.63,0.0,50.8,,226.7,279.47,75.32,152.4,,3956.5,2.25,7.25,57.0,183.47
48,321,48321,Texas,Matagorda,36287.0,36339.0,36107.0,36252.0,36190.0,70.0,97.0,98.0,78.0,92.0,272.0,292.0,301.0,207.0,205.0,192.91,266.93,271.42,215.16,254.21,749.58,803.54,833.63,571.0,566.45,36235.0,87.0,255.4,240.13,704.84
48,323,48323,Texas,Maverick,57866.0,,57718.0,58077.0,58580.0,46.0,,90.0,90.0,101.0,324.0,,481.0,413.0,383.0,79.49,,155.93,154.97,172.41,559.91,,833.36,711.12,653.81,58060.25,81.75,400.25,140.7,689.55
48,307,48307,Texas,McCulloch,7592.0,7535.0,7505.0,7510.0,7475.0,4.0,2.0,9.0,1.0,1.0,24.0,42.0,25.0,19.0,12.0,52.69,26.54,119.92,13.32,13.38,316.12,557.4,333.11,253.0,160.54,7523.4,3.4,24.4,45.17,324.03
48,327,48327,Texas,Menard,1959.0,,,,1920.0,1.0,,,,0.0,0.0,,,,8.0,51.05,,,,0.0,0.0,,,,416.67,1939.5,0.5,4.0,25.52,208.34
48,331,48331,Texas,Milam,24780.0,25230.0,25668.0,26064.0,26254.0,9.0,21.0,5.0,15.0,27.0,59.0,42.0,61.0,54.0,93.0,36.32,83.23,19.48,57.55,102.84,238.1,166.47,237.65,207.18,354.23,25599.2,15.4,61.8,59.88,240.73
48,333,48333,Texas,Mills,4447.0,4488.0,4497.0,4546.0,4586.0,9.0,11.0,4.0,12.0,10.0,13.0,41.0,15.0,22.0,16.0,202.38,245.1,88.95,263.97,218.05,292.33,913.55,333.56,483.94,348.89,4512.8,9.2,21.4,203.69,474.45
48,335,48335,Texas,Mitchell,9013.0,,,,8955.0,1.0,,,,0.0,20.0,,,,9.0,11.1,,,,0.0,221.9,,,,100.5,8984.0,0.5,14.5,5.55,161.2
48,337,48337,Texas,Montague,20040.0,20471.0,21106.0,21649.0,21863.0,18.0,22.0,24.0,18.0,19.0,100.0,97.0,101.0,73.0,54.0,89.82,107.47,113.71,83.14,86.9,499.0,473.84,478.54,337.2,246.99,21025.8,20.2,85.0,96.21,407.11
48,341,48341,Texas,Moore,21264.0,21122.0,21092.0,21279.0,21676.0,4.0,8.0,12.0,5.0,7.0,34.0,32.0,30.0,49.0,35.0,18.81,37.88,56.89,23.5,32.29,159.89,151.5,142.23,230.27,161.47,21286.6,7.2,36.0,33.87,169.07
48,343,48343,Texas,Morris,11978.0,,12074.0,12135.0,12167.0,10.0,,23.0,14.0,33.0,59.0,,29.0,54.0,45.0,83.49,,190.49,115.37,271.23,492.57,,240.19,444.99,369.85,12088.5,20.0,46.75,165.14,386.9
48,347,48347,Texas,Nacogdoches,64642.0,64862.0,65015.0,65597.0,65963.0,65.0,34.0,33.0,36.0,91.0,312.0,186.0,222.0,160.0,208.0,100.55,52.42,50.76,54.88,137.96,482.66,286.76,341.46,243.91,315.33,65215.8,51.8,217.6,79.31,334.02
48,349,48349,Texas,Navarro,52843.0,53666.0,54755.0,55734.0,56497.0,58.0,69.0,54.0,46.0,39.0,325.0,224.0,202.0,167.0,171.0,109.76,128.57,98.62,82.53,69.03,615.03,417.4,368.92,299.64,302.67,54699.0,53.2,217.8,97.7,400.73
48,351,48351,Texas,Newton,12163.0,12225.0,12086.0,12119.0,11989.0,20.0,8.0,19.0,5.0,13.0,79.0,53.0,68.0,27.0,47.0,164.43,65.44,157.21,41.26,108.43,649.51,433.54,562.63,222.79,392.03,12116.4,13.0,54.8,107.35,452.1
48,353,48353,Texas,Nolan,14724.0,14604.0,14434.0,14243.0,14146.0,4.0,7.0,8.0,6.0,10.0,27.0,42.0,23.0,37.0,28.0,27.17,47.93,55.42,42.13,70.69,183.37,287.59,159.35,259.78,197.94,14430.2,7.0,31.4,48.67,217.61
48,363,48363,Texas,Palo Pinto,28456.0,28758.0,29312.0,29808.0,30342.0,13.0,21.0,25.0,39.0,24.0,133.0,97.0,114.0,138.0,113.0,45.68,73.02,85.29,130.84,79.1,467.39,337.3,388.92,462.96,372.42,29335.2,24.4,119.0,82.79,405.8
48,365,48365,Texas,Panola,22498.0,22560.0,22722.0,22809.0,23034.0,42.0,35.0,41.0,17.0,16.0,251.0,207.0,164.0,45.0,88.0,186.68,155.14,180.44,74.53,69.46,1115.65,917.55,721.77,197.29,382.04,22724.6,30.2,151.0,133.25,666.86
48,369,48369,Texas,Parmer,9856.0,9788.0,9642.0,9626.0,9633.0,1.0,2.0,1.0,3.0,7.0,18.0,39.0,50.0,17.0,15.0,10.15,20.43,10.37,31.17,72.67,182.63,398.45,518.56,176.61,155.71,9709.0,2.8,27.8,28.96,286.39
48,371,48371,Texas,Pecos,15188.0,,,14719.0,14677.0,0.0,,,17.0,18.0,100.0,,,37.0,52.0,0.0,,,115.5,122.64,658.41,,,251.38,354.3,14861.33,11.67,63.0,79.38,421.36
48,373,48373,Texas,Polk,50464.0,51685.0,52834.0,53617.0,53505.0,80.0,82.0,79.0,92.0,48.0,,477.0,464.0,422.0,390.0,158.53,158.65,149.52,171.59,89.71,,922.9,878.22,787.06,728.9,52421.0,76.2,438.25,145.6,829.27
48,377,48377,Texas,Presidio,6105.0,6107.0,5934.0,5730.0,5626.0,0.0,0.0,0.0,0.0,0.0,0.0,0.0,1.0,0.0,0.0,0.0,0.0,0.0,0.0,0.0,0.0,0.0,16.85,0.0,0.0,5900.4,0.0,0.2,0.0,3.37
48,379,48379,Texas,Rains,12182.0,,,13064.0,13323.0,12.0,,,17.0,2.0,38.0,,,18.0,18.0,98.51,,,130.13,15.01,311.94,,,137.78,135.1,12856.33,10.33,24.67,81.22,194.94
48,383,48383,Texas,Reagan,3423.0,3257.0,3154.0,3178.0,3146.0,8.0,3.0,4.0,4.0,3.0,24.0,28.0,23.0,33.0,37.0,233.71,92.11,126.82,125.87,95.36,701.14,859.69,729.23,1038.39,1176.1,3231.6,4.4,29.0,134.77,900.91
48,385,48385,Texas,Real,2749.0,2810.0,2814.0,2845.0,2762.0,6.0,5.0,4.0,2.0,7.0,49.0,119.0,55.0,32.0,24.0,218.26,177.94,142.15,70.3,253.44,1782.47,4234.88,1954.51,1124.78,868.94,2796.0,4.8,55.8,172.42,1993.12
48,387,48387,Texas,Red River,11564.0,11573.0,11606.0,11713.0,11841.0,30.0,18.0,12.0,18.0,20.0,66.0,49.0,29.0,55.0,60.0,259.43,155.53,103.39,153.68,168.9,570.74,423.4,249.87,469.56,506.71,11659.4,19.6,51.8,168.19,444.06
48,389,48389,Texas,Reeves,14769.0,,,11937.0,12125.0,20.0,,,10.0,12.0,90.0,,,134.0,196.0,135.42,,,83.77,98.97,609.38,,,1122.56,1616.49,12943.67,14.0,140.0,106.05,1116.14
48,391,48391,Texas,Refugio,6742.0,6702.0,6650.0,6693.0,6720.0,2.0,3.0,7.0,4.0,5.0,30.0,44.0,35.0,26.0,22.0,29.66,44.76,105.26,59.76,74.4,444.97,656.52,526.32,388.47,327.38,6701.4,4.2,31.4,62.77,468.73
48,393,48393,Texas,Roberts,824.0,,805.0,829.0,853.0,0.0,,0.0,0.0,0.0,1.0,,1.0,0.0,2.0,0.0,,0.0,0.0,0.0,121.36,,124.22,0.0,234.47,827.75,0.0,1.0,0.0,120.01
48,399,48399,Texas,Runnels,9916.0,9890.0,9888.0,9901.0,9758.0,7.0,2.0,5.0,0.0,2.0,14.0,12.0,13.0,15.0,16.0,70.59,20.22,50.57,0.0,20.5,141.19,121.33,131.47,151.5,163.97,9870.6,3.2,14.0,32.38,141.89
48,403,48403,Texas,Sabine,9896.0,10022.0,10039.0,10133.0,10084.0,15.0,20.0,12.0,19.0,16.0,58.0,69.0,39.0,50.0,44.0,151.58,199.56,119.53,187.51,158.67,586.1,688.49,388.48,493.44,436.33,10034.8,16.4,52.0,163.37,518.57
48,405,48405,Texas,San Augustine,7923.0,7908.0,7880.0,7865.0,7777.0,13.0,14.0,16.0,10.0,10.0,53.0,54.0,69.0,37.0,29.0,164.08,177.04,203.05,127.15,128.58,668.94,682.85,875.63,470.44,372.89,7870.6,12.6,48.4,159.98,614.15
48,407,48407,Texas,San Jacinto,27542.0,,,29168.0,29328.0,38.0,,,18.0,23.0,711.0,,,147.0,211.0,137.97,,,61.71,78.42,2581.51,,,503.98,719.45,28679.33,26.33,356.33,92.7,1268.31
48,411,48411,Texas,San Saba,5723.0,,,,,10.0,,,,,23.0,,,,,174.73,,,,,401.89,,,,,5723.0,10.0,23.0,174.73,401.89
48,413,48413,Texas,Schleicher,2438.0,2438.0,2350.0,2355.0,2292.0,2.0,2.0,4.0,3.0,1.0,18.0,11.0,15.0,6.0,12.0,82.03,82.03,170.21,127.39,43.63,738.31,451.19,638.3,254.78,523.56,2374.6,2.4,12.4,101.06,521.23
48,419,48419,Texas,Shelby,24042.0,24106.0,24165.0,24280.0,24324.0,33.0,20.0,33.0,18.0,19.0,183.0,157.0,204.0,88.0,96.0,137.26,82.97,136.56,74.14,78.11,761.17,651.29,844.2,362.44,394.67,24183.4,24.6,145.6,101.81,602.75
48,425,48425,Texas,Somervell,9206.0,9477.0,9793.0,9887.0,10086.0,15.0,4.0,1.0,5.0,3.0,70.0,66.0,76.0,63.0,52.0,162.94,42.21,10.21,50.57,29.74,760.37,696.42,776.06,637.2,515.57,9689.8,5.6,65.4,59.13,677.12
48,427,48427,Texas,Starr,65853.0,65828.0,65696.0,66062.0,66398.0,74.0,34.0,45.0,74.0,136.0,242.0,138.0,133.0,171.0,227.0,112.37,51.65,68.5,112.02,204.83,367.49,209.64,202.45,258.85,341.88,65967.4,72.6,182.2,109.87,276.06
48,435,48435,Texas,Sutton,3361.0,3298.0,3242.0,3223.0,3246.0,3.0,3.0,1.0,0.0,0.0,2.0,6.0,3.0,1.0,2.0,89.26,90.96,30.85,0.0,0.0,59.51,181.93,92.54,31.03,61.61,3274.0,1.4,2.8,42.21,85.32
48,445,48445,Texas,Terry,11792.0,11711.0,11437.0,11556.0,11637.0,4.0,7.0,1.0,2.0,0.0,44.0,42.0,57.0,28.0,16.0,33.92,59.77,8.74,17.31,0.0,373.13,358.64,498.38,242.3,137.49,11626.6,2.8,37.4,23.95,321.99
48,449,48449,Texas,Titus,31298.0,31283.0,31222.0,31377.0,31615.0,41.0,37.0,33.0,40.0,17.0,176.0,149.0,131.0,107.0,71.0,131.0,118.28,105.69,127.48,53.77,562.34,476.3,419.58,341.01,224.58,31359.0,33.6,126.8,107.24,404.76
48,455,48455,Texas,Trinity,13636.0,13837.0,13992.0,14265.0,14434.0,12.0,14.0,20.0,21.0,13.0,59.0,108.0,78.0,107.0,60.0,88.0,101.18,142.94,147.21,90.07,432.68,780.52,557.46,750.09,415.69,14032.8,16.0,82.4,113.88,587.29
48,457,48457,Texas,Tyler,19824.0,19917.0,20444.0,20426.0,20512.0,34.0,24.0,24.0,19.0,8.0,171.0,185.0,140.0,116.0,55.0,171.51,120.5,117.39,93.02,39.0,862.59,928.85,684.8,567.9,268.14,20224.6,21.8,133.4,108.28,662.46
48,461,48461,Texas,Upton,3301.0,3237.0,3153.0,3126.0,,4.0,1.0,3.0,4.0,,16.0,13.0,21.0,19.0,,121.18,30.89,95.15,127.96,,484.7,401.61,666.03,607.81,,3204.25,3.0,17.25,93.8,540.04
48,463,48463,Texas,Uvalde,24565.0,24803.0,24863.0,24946.0,24965.0,28.0,19.0,18.0,16.0,17.0,70.0,63.0,74.0,65.0,34.0,113.98,76.6,72.4,64.14,68.1,284.96,254.0,297.63,260.56,136.19,24828.4,19.6,61.2,79.04,246.67
48,465,48465,Texas,Val Verde,47597.0,47511.0,47552.0,47678.0,47779.0,41.0,52.0,57.0,50.0,61.0,107.0,125.0,134.0,139.0,78.0,86.14,109.45,119.87,104.87,127.67,224.8,263.1,281.8,291.54,163.25,47623.4,52.2,116.6,109.6,244.9
48,471,48471,Texas,Walker,76562.0,78369.0,79826.0,82513.0,83460.0,58.0,52.0,67.0,50.0,29.0,183.0,211.0,309.0,243.0,227.0,75.76,66.35,83.93,60.6,34.75,239.02,269.24,387.09,294.5,271.99,80146.0,51.2,234.6,64.28,292.37
48,475,48475,Texas,Ward,11679.0,11101.0,10953.0,10974.0,11081.0,13.0,16.0,13.0,11.0,17.0,146.0,151.0,136.0,142.0,130.0,111.31,144.13,118.69,100.24,153.42,1250.11,1360.24,1241.67,1293.97,1173.18,11157.6,14.0,141.0,125.56,1263.83
48,477,48477,Texas,Washington,35791.0,35925.0,36371.0,37244.0,37683.0,43.0,49.0,30.0,25.0,32.0,101.0,95.0,99.0,86.0,84.0,120.14,136.4,82.48,67.12,84.92,282.19,264.44,272.19,230.91,222.91,36602.8,35.8,93.0,98.21,254.53
48,481,48481,Texas,Wharton,41581.0,41674.0,41815.0,41875.0,42065.0,57.0,80.0,82.0,39.0,46.0,283.0,255.0,289.0,255.0,175.0,137.08,191.97,196.1,93.13,109.35,680.6,611.89,691.14,608.96,416.02,41802.0,60.8,251.4,145.53,601.72
48,483,48483,Texas,Wheeler,4976.0,4887.0,4797.0,4822.0,4827.0,3.0,7.0,5.0,11.0,10.0,12.0,13.0,8.0,19.0,12.0,60.29,143.24,104.23,228.12,207.17,241.16,266.01,166.77,394.03,248.6,4861.8,7.2,12.8,148.61,263.31
48,487,48487,Texas,Wilbarger,12842.0,12703.0,12540.0,12510.0,12474.0,0.0,6.0,2.0,2.0,1.0,16.0,14.0,18.0,9.0,57.0,0.0,47.23,15.95,15.99,8.02,124.59,110.21,143.54,71.94,456.95,12613.8,2.2,22.8,17.44,181.45
48,489,48489,Texas,Willacy,20125.0,20278.0,20197.0,20011.0,20070.0,13.0,12.0,19.0,15.0,22.0,60.0,24.0,71.0,40.0,50.0,64.6,59.18,94.07,74.96,109.62,298.14,118.35,351.54,199.89,249.13,20136.2,16.2,49.0,80.49,243.41
48,495,48495,Texas,Winkler,7757.0,7391.0,7391.0,7625.0,7563.0,4.0,6.0,3.0,9.0,3.0,74.0,44.0,53.0,54.0,57.0,51.57,81.18,40.59,118.03,39.67,953.98,595.32,717.09,708.2,753.67,7545.4,5.0,56.4,66.21,745.65
48,501,48501,Texas,Yoakum,7672.0,7561.0,7490.0,7440.0,7501.0,5.0,10.0,10.0,16.0,12.0,30.0,46.0,33.0,31.0,39.0,65.17,132.26,133.51,215.05,159.98,391.03,608.39,440.59,416.67,519.93,7532.8,10.6,35.8,141.19,475.32
48,505,48505,Texas,Zapata,13875.0,13879.0,13827.0,13765.0,13798.0,16.0,10.0,5.0,7.0,13.0,108.0,59.0,33.0,71.0,60.0,115.32,72.05,36.16,50.85,94.22,778.38,425.1,238.66,515.8,434.85,13828.8,10.2,66.2,73.72,478.56
48,507,48507,Texas,Zavala,9668.0,9480.0,9390.0,9365.0,9182.0,11.0,34.0,14.0,22.0,9.0,44.0,44.0,44.0,29.0,24.0,113.78,358.65,149.09,234.92,98.02,455.11,464.14,468.58,309.66,261.38,9417.0,18.0,37.0,190.89,391.77
49,003,49003,Utah,Box Elder,57944.0,59686.0,61548.0,62817.0,63985.0,12.0,12.0,10.0,13.0,12.0,111.0,117.0,91.0,82.0,97.0,20.71,20.11,16.25,20.7,18.75,191.56,196.03,147.85,130.54,151.6,61196.0,11.8,99.6,19.3,163.52
49,005,49005,Utah,Cache,133636.0,137495.0,140419.0,143021.0,144667.0,38.0,44.0,72.0,72.0,49.0,206.0,257.0,254.0,222.0,174.0,28.44,32.0,51.28,50.34,33.87,154.15,186.92,180.89,155.22,120.28,139847.6,55.0,222.6,39.19,159.49
49,011,49011,Utah,Davis,363766.0,367590.0,370527.0,374645.0,378462.0,21.0,29.0,17.0,35.0,18.0,280.0,129.0,190.0,137.0,108.0,5.77,7.89,4.59,9.34,4.76,76.97,35.09,51.28,36.57,28.54,370998.0,24.0,168.8,6.47,45.69
49,023,49023,Utah,Juab,11821.0,,,,,2.0,,,,,54.0,,,,,16.92,,,,,456.81,,,,,11821.0,2.0,54.0,16.92,456.81
,,,Utah,Salt Lake County Unified Police Department,,,,,,,,,,,,,,,,,,,,,,,,,,,,,,
49,045,49045,Utah,Tooele,73349.0,76782.0,80029.0,82266.0,84828.0,33.0,48.0,51.0,54.0,76.0,252.0,198.0,252.0,260.0,217.0,44.99,62.51,63.73,65.64,89.59,343.56,257.87,314.89,316.05,255.81,79450.8,52.4,235.8,65.29,297.64
49,049,49049,Utah,Utah,663576.0,686039.0,705241.0,726088.0,745668.0,50.0,85.0,75.0,79.0,87.0,379.0,287.0,290.0,347.0,208.0,7.53,12.39,10.63,10.88,11.67,57.11,41.83,41.12,47.79,27.89,705322.4,75.2,302.2,10.62,43.15
49,053,49053,Utah,Washington,182002.0,191519.0,197936.0,202953.0,208431.0,35.0,17.0,29.0,38.0,26.0,132.0,94.0,81.0,102.0,83.0,19.23,8.88,14.65,18.72,12.47,72.53,49.08,40.92,50.26,39.82,196568.2,29.0,98.4,14.79,50.52
49,057,49057,Utah,Weber,262989.0,266600.0,269800.0,272735.0,276217.0,111.0,125.0,88.0,114.0,78.0,1004.0,794.0,685.0,460.0,541.0,42.21,46.89,32.62,41.8,28.24,381.77,297.82,253.89,168.66,195.86,269668.2,103.2,696.8,38.35,259.6
49,001,49001,Utah,Beaver,7089.0,7213.0,7334.0,7271.0,7362.0,10.0,12.0,13.0,6.0,12.0,87.0,63.0,55.0,48.0,52.0,141.06,166.37,177.26,82.52,163.0,1227.25,873.42,749.93,660.16,706.33,7253.8,10.6,61.0,146.04,843.42
49,007,49007,Utah,Carbon,20485.0,20361.0,20517.0,20622.0,20600.0,11.0,31.0,19.0,15.0,26.0,91.0,54.0,59.0,33.0,32.0,53.7,152.25,92.61,72.74,126.21,444.23,265.21,287.57,160.02,155.34,20517.0,20.4,53.8,99.5,262.47
49,013,49013,Utah,Duchesne,19617.0,19798.0,20156.0,20484.0,20676.0,50.0,42.0,51.0,56.0,38.0,265.0,196.0,216.0,199.0,140.0,254.88,212.14,253.03,273.38,183.79,1350.87,990.0,1071.64,971.49,677.11,20146.2,47.4,203.2,235.44,1012.22
49,019,49019,Utah,Grand,9683.0,,9807.0,9779.0,9700.0,13.0,,10.0,17.0,15.0,88.0,,52.0,43.0,26.0,134.26,,101.97,173.84,154.64,908.81,,530.23,439.72,268.04,9742.25,13.75,52.25,141.18,536.7
49,021,49021,Utah,Iron,57703.0,60514.0,62544.0,64306.0,65559.0,20.0,23.0,21.0,39.0,24.0,110.0,83.0,91.0,152.0,78.0,34.66,38.01,33.58,60.65,36.61,190.63,137.16,145.5,236.37,118.98,62125.2,25.4,102.8,40.7,165.73
49,025,49025,Utah,Kane,7697.0,7992.0,8205.0,8433.0,8491.0,18.0,28.0,16.0,13.0,5.0,20.0,21.0,23.0,15.0,23.0,233.86,350.35,195.0,154.16,58.89,259.84,262.76,280.32,177.87,270.88,8163.6,16.0,20.4,198.45,250.33
49,027,49027,Utah,Millard,13053.0,13200.0,13393.0,13661.0,13913.0,40.0,34.0,28.0,25.0,30.0,184.0,153.0,137.0,118.0,155.0,306.44,257.58,209.06,183.0,215.63,1409.64,1159.09,1022.92,863.77,1114.07,13444.0,31.4,149.4,234.34,1113.9
49,037,49037,Utah,San Juan,14521.0,,14383.0,14324.0,,5.0,,4.0,14.0,,51.0,,7.0,5.0,,34.43,,27.81,97.74,,351.22,,48.67,34.91,,14409.33,7.67,21.0,53.33,144.93
49,041,49041,Utah,Sevier,21554.0,21898.0,22078.0,22378.0,22592.0,11.0,9.0,9.0,7.0,6.0,65.0,41.0,67.0,37.0,41.0,51.03,41.1,40.76,31.28,26.56,301.57,187.23,303.47,165.34,181.48,22100.0,8.4,50.2,38.15,227.82
49,043,49043,Utah,Summit,42478.0,43184.0,43106.0,42981.0,43250.0,27.0,50.0,63.0,62.0,74.0,454.0,314.0,359.0,279.0,274.0,63.56,115.78,146.15,144.25,171.1,1068.79,727.12,832.83,649.12,633.53,42999.8,55.2,336.0,128.17,782.28
49,047,49047,Utah,Uintah,35676.0,36235.0,,37851.0,38154.0,51.0,46.0,,38.0,36.0,201.0,174.0,,97.0,95.0,142.95,126.95,,100.39,94.35,563.4,480.2,,256.27,248.99,36979.0,42.75,141.75,116.16,387.22
49,051,49051,Utah,Wasatch,35061.0,36242.0,36671.0,37269.0,37849.0,18.0,19.0,30.0,33.0,26.0,94.0,113.0,83.0,75.0,92.0,51.34,52.43,81.81,88.55,68.69,268.1,311.79,226.34,201.24,243.07,36618.4,25.2,91.4,68.56,250.11
50,011,50011,Vermont,Franklin,50041.0,50424.0,50708.0,50871.0,51141.0,13.0,28.0,26.0,14.0,7.0,14.0,53.0,163.0,188.0,91.0,25.98,55.53,51.27,27.52,13.69,27.98,105.11,321.45,369.56,177.94,50637.0,17.6,101.8,34.8,200.41
50,013,50013,Vermont,Grand Isle,7277.0,7425.0,,7492.0,7506.0,12.0,0.0,,1.0,3.0,38.0,39.0,,17.0,5.0,164.9,0.0,,13.35,39.97,522.19,525.25,,226.91,66.61,7425.0,4.0,24.75,54.56,335.24
50,001,50001,Vermont,Addison,37362.0,,,37856.0,37956.0,0.0,,,0.0,0.0,1.0,,,3.0,3.0,0.0,,,0.0,0.0,2.68,,,7.92,7.9,37724.67,0.0,2.33,0.0,6.17
50,003,50003,Vermont,Bennington,37318.0,37463.0,,37175.0,36985.0,1.0,0.0,,0.0,6.0,5.0,7.0,,9.0,14.0,2.68,0.0,,0.0,16.22,13.4,18.69,,24.21,37.85,37235.25,1.75,8.75,4.72,23.54
50,009,50009,Vermont,Essex,5921.0,5974.0,,5978.0,6003.0,2.0,4.0,,4.0,0.0,13.0,17.0,,2.0,0.0,33.78,66.96,,66.91,0.0,219.56,284.57,,33.46,0.0,5969.0,2.5,8.0,41.91,134.4
50,015,50015,Vermont,Lamoille,25927.0,26155.0,26141.0,26152.0,26149.0,4.0,6.0,11.0,5.0,7.0,34.0,46.0,69.0,56.0,35.0,15.43,22.94,42.08,19.12,26.77,131.14,175.87,263.95,214.13,133.85,26104.8,6.6,48.0,25.27,183.79
50,017,50017,Vermont,Orange,29296.0,29638.0,29883.0,29907.0,30011.0,9.0,3.0,8.0,0.0,0.0,21.0,7.0,25.0,1.0,0.0,30.72,10.12,26.77,0.0,0.0,71.68,23.62,83.66,3.34,0.0,29747.0,4.0,10.8,13.52,36.46
50,019,50019,Vermont,Orleans,27404.0,27602.0,27623.0,27684.0,27714.0,3.0,7.0,11.0,4.0,4.0,43.0,60.0,85.0,57.0,39.0,10.95,25.36,39.82,14.45,14.43,156.91,217.38,307.71,205.9,140.72,27605.4,5.8,56.8,21.0,205.72
50,021,50021,Vermont,Rutland,60476.0,60739.0,60393.0,60356.0,60073.0,0.0,5.0,3.0,3.0,3.0,17.0,21.0,11.0,17.0,26.0,0.0,8.23,4.97,4.97,4.99,28.11,34.57,18.21,28.17,43.28,60407.4,2.8,18.4,4.63,30.47
50,023,50023,Vermont,Washington,59766.0,,,60241.0,59821.0,0.0,,,0.0,0.0,0.0,,,4.0,0.0,0.0,,,0.0,0.0,0.0,,,6.64,0.0,59942.67,0.0,1.33,0.0,2.21
50,025,50025,Vermont,Windham,45858.0,46168.0,45925.0,45923.0,45479.0,0.0,1.0,1.0,1.0,3.0,15.0,36.0,9.0,8.0,19.0,0.0,2.17,2.18,2.18,6.6,32.71,77.98,19.6,17.42,41.78,45870.6,1.2,17.4,2.63,37.9
50,027,50027,Vermont,Windsor,57727.0,58357.0,,57937.0,57508.0,1.0,0.0,,1.0,1.0,5.0,1.0,,2.0,4.0,1.73,0.0,,1.73,1.74,8.66,1.71,,3.45,6.96,57882.25,0.75,3.0,1.3,5.2
,,,Virginia,Albemarle County Police Department,,,,,,,,,,,,,,,,,,,,,,,,,,,,,,
51,007,51007,Virginia,Amelia,13268.0,13313.0,13418.0,13583.0,13707.0,18.0,24.0,16.0,15.0,26.0,122.0,153.0,127.0,123.0,75.0,135.66,180.27,119.24,110.43,189.68,919.51,1149.25,946.49,905.54,547.17,13457.8,19.8,120.0,147.06,893.59
51,009,51009,Virginia,Amherst,31312.0,31403.0,31525.0,31557.0,31653.0,60.0,66.0,65.0,75.0,69.0,336.0,358.0,350.0,277.0,294.0,191.62,210.17,206.19,237.67,217.99,1073.07,1140.02,1110.23,877.78,928.82,31490.0,67.0,323.0,212.73,1025.98
51,011,51011,Virginia,Appomattox,16155.0,16406.0,16695.0,16846.0,17003.0,10.0,26.0,32.0,17.0,22.0,66.0,90.0,100.0,83.0,87.0,61.9,158.48,191.67,100.91,129.39,408.54,548.58,598.98,492.7,511.67,16621.0,21.4,85.2,128.47,512.09
,,,Virginia,Arlington County Police Department,,,,,,,,,,,,,,,,,,,,,,,,,,,,,,
51,015,51015,Virginia,Augusta,77586.0,77804.0,77931.0,78325.0,78764.0,122.0,90.0,79.0,75.0,88.0,774.0,692.0,739.0,636.0,544.0,157.24,115.68,101.37,95.75,111.73,997.6,889.41,948.27,812.0,690.67,78082.0,90.8,677.0,116.35,867.59
51,019,51019,Virginia,Bedford,79590.0,80311.0,80832.0,81765.0,82467.0,86.0,81.0,78.0,85.0,91.0,444.0,475.0,530.0,405.0,374.0,108.05,100.86,96.5,103.96,110.35,557.86,591.45,655.68,495.32,453.51,80993.0,84.2,445.6,103.94,550.76
51,023,51023,Virginia,Botetourt,33636.0,34003.0,34088.0,34138.0,34057.0,31.0,25.0,40.0,48.0,43.0,210.0,245.0,205.0,239.0,221.0,92.16,73.52,117.34,140.61,126.26,624.33,720.52,601.38,700.1,648.91,33984.4,37.4,224.0,109.98,659.05
51,031,51031,Virginia,Campbell,55598.0,55326.0,55034.0,55308.0,55563.0,101.0,102.0,90.0,75.0,61.0,620.0,529.0,580.0,492.0,488.0,181.66,184.36,163.54,135.6,109.79,1115.15,956.15,1053.89,889.56,878.28,55365.8,85.8,541.8,154.99,978.61
51,036,51036,Virginia,Charles City,6747.0,6614.0,6582.0,6652.0,6582.0,11.0,12.0,10.0,8.0,14.0,34.0,24.0,56.0,35.0,23.0,163.04,181.43,151.93,120.26,212.7,503.93,362.87,850.81,526.16,349.44,6635.4,11.0,34.4,165.87,518.64
,,,Virginia,Chesterfield County Police Department,,,,,,,,,,,,,,,,,,,,,,,,,,,,,,
51,043,51043,Virginia,Clarke,14817.0,14947.0,15311.0,15399.0,15631.0,7.0,4.0,4.0,2.0,9.0,54.0,41.0,43.0,41.0,57.0,47.24,26.76,26.13,12.99,57.58,364.45,274.3,280.84,266.25,364.66,15221.0,5.2,47.2,34.14,310.1
51,045,51045,Virginia,Craig,4876.0,4890.0,4855.0,4822.0,4822.0,1.0,6.0,8.0,5.0,1.0,40.0,29.0,30.0,28.0,28.0,20.51,122.7,164.78,103.69,20.74,820.34,593.05,617.92,580.67,580.67,4853.0,4.2,31.0,86.48,638.53
51,047,51047,Virginia,Culpeper,52764.0,53778.0,54315.0,55263.0,56756.0,12.0,20.0,51.0,26.0,16.0,125.0,115.0,121.0,103.0,108.0,22.74,37.19,93.9,47.05,28.19,236.9,213.84,222.77,186.38,190.29,54575.2,25.0,114.4,45.81,210.04
51,053,51053,Virginia,Dinwiddie,27886.0,27999.0,28137.0,28476.0,28787.0,70.0,83.0,121.0,101.0,81.0,258.0,266.0,318.0,293.0,237.0,251.02,296.44,430.04,354.68,281.38,925.2,950.03,1130.18,1028.94,823.29,28257.0,91.2,274.4,322.71,971.53
,,,Virginia,Fairfax County Police Department,,,,,,,,,,,,,,,,,,,,,,,,,,,,,,
51,061,51061,Virginia,Fauquier,73012.0,74079.0,74689.0,75256.0,75865.0,47.0,51.0,49.0,50.0,43.0,288.0,196.0,260.0,184.0,221.0,64.37,68.85,65.61,66.44,56.68,394.46,264.58,348.11,244.5,291.31,74580.2,48.0,229.8,64.39,308.59
51,065,51065,Virginia,Fluvanna,27289.0,27803.0,28126.0,28493.0,28789.0,24.0,41.0,34.0,40.0,26.0,107.0,127.0,152.0,166.0,131.0,87.95,147.47,120.88,140.39,90.31,392.1,456.79,540.43,582.6,455.03,28100.0,33.0,136.6,117.4,485.39
51,067,51067,Virginia,Franklin,54478.0,55037.0,55054.0,55475.0,55612.0,66.0,61.0,62.0,47.0,70.0,496.0,445.0,403.0,336.0,345.0,121.15,110.83,112.62,84.72,125.87,910.46,808.55,732.01,605.68,620.37,55131.2,61.2,405.0,111.04,735.41
51,069,51069,Virginia,Frederick,91891.0,94000.0,94855.0,96248.0,98180.0,73.0,61.0,55.0,43.0,70.0,880.0,846.0,891.0,811.0,883.0,79.44,64.89,57.98,44.68,71.3,957.66,900.0,939.33,842.61,899.37,95034.8,60.4,862.2,63.66,907.79
51,071,51071,Virginia,Giles,16786.0,16578.0,16434.0,16523.0,16636.0,12.0,15.0,18.0,16.0,12.0,77.0,74.0,89.0,63.0,82.0,71.49,90.48,109.53,96.83,72.13,458.72,446.37,541.56,381.29,492.91,16591.4,14.6,77.0,88.09,464.17
51,073,51073,Virginia,Gloucester,38723.0,39191.0,39554.0,40016.0,40067.0,27.0,25.0,44.0,46.0,26.0,479.0,335.0,348.0,426.0,408.0,69.73,63.79,111.24,114.95,64.89,1236.99,854.79,879.81,1064.57,1018.29,39510.2,33.6,399.2,84.92,1010.89
51,075,51075,Virginia,Goochland,24866.0,25551.0,26212.0,27272.0,28263.0,12.0,23.0,23.0,21.0,28.0,188.0,235.0,199.0,164.0,135.0,48.26,90.02,87.75,77.0,99.07,756.05,919.73,759.19,601.35,477.66,26432.8,21.4,184.2,80.42,702.8
51,079,51079,Virginia,Greene,20601.0,20998.0,21021.0,21355.0,21702.0,20.0,26.0,13.0,19.0,13.0,190.0,172.0,235.0,148.0,215.0,97.08,123.82,61.84,88.97,59.9,922.29,819.13,1117.93,693.05,990.69,21135.4,18.2,192.0,86.32,908.62
51,085,51085,Virginia,Hanover,110211.0,111827.0,112955.0,114263.0,115553.0,174.0,180.0,190.0,199.0,185.0,778.0,873.0,977.0,996.0,824.0,157.88,160.96,168.21,174.16,160.1,705.92,780.67,864.95,871.67,713.09,112961.8,185.6,889.6,164.26,787.26
,,,Virginia,Henrico County Police Department,,,,,,,,,,,,,,,,,,,,,,,,,,,,,,
51,093,51093,Virginia,Isle of Wight,38711.0,39405.0,40133.0,40627.0,40890.0,42.0,29.0,53.0,40.0,45.0,192.0,235.0,232.0,165.0,166.0,108.5,73.59,132.06,98.46,110.05,495.98,596.37,578.08,406.13,405.97,39953.2,41.8,198.0,104.53,496.51
,,,Virginia,James City County Police Department,,,,,,,,,,,,,,,,,,,,,,,,,,,,,,
51,097,51097,Virginia,King and Queen,6585.0,6666.0,6712.0,6739.0,6726.0,7.0,5.0,6.0,8.0,10.0,40.0,25.0,17.0,33.0,30.0,106.3,75.01,89.39,118.71,148.68,607.44,375.04,253.28,489.69,446.03,6685.6,7.2,29.0,107.62,434.3
51,101,51101,Virginia,King William,17916.0,18248.0,18518.0,19048.0,19279.0,17.0,24.0,16.0,20.0,23.0,71.0,85.0,79.0,60.0,63.0,94.89,131.52,86.4,105.0,119.3,396.29,465.8,426.61,314.99,326.78,18601.8,20.0,71.6,107.42,386.09
51,107,51107,Virginia,Loudoun,422693.0,428857.0,432672.0,436786.0,443749.0,308.0,271.0,295.0,293.0,297.0,2122.0,1937.0,2362.0,2535.0,2327.0,72.87,63.19,68.18,67.08,66.93,502.02,451.67,545.91,580.38,524.4,432951.4,292.8,2256.6,67.65,520.88
51,113,51113,Virginia,Madison,13862.0,13964.0,14003.0,14108.0,14224.0,9.0,23.0,5.0,15.0,21.0,65.0,74.0,88.0,79.0,92.0,64.93,164.71,35.71,106.32,147.64,468.91,529.93,628.44,559.97,646.79,14032.2,14.6,79.6,103.86,566.81
51,115,51115,Virginia,Mathews,8520.0,8549.0,8469.0,8558.0,8585.0,6.0,3.0,12.0,2.0,9.0,69.0,51.0,53.0,70.0,65.0,70.42,35.09,141.69,23.37,104.83,809.86,596.56,625.81,817.95,757.13,8536.2,6.4,61.6,75.08,721.46
51,121,51121,Virginia,Montgomery,99593.0,98769.0,98746.0,98606.0,98357.0,77.0,85.0,116.0,66.0,56.0,273.0,245.0,288.0,247.0,192.0,77.31,86.06,117.47,66.93,56.94,274.12,248.05,291.66,250.49,195.21,98814.2,80.0,249.0,80.94,251.91
51,125,51125,Virginia,Nelson,14737.0,14840.0,14687.0,14652.0,14817.0,36.0,36.0,23.0,38.0,22.0,205.0,212.0,167.0,119.0,146.0,244.28,242.59,156.6,259.35,148.48,1391.06,1428.57,1137.06,812.18,985.35,14746.6,31.0,169.8,210.26,1150.84
51,127,51127,Virginia,New Kent,23118.0,23952.0,24972.0,26178.0,27196.0,32.0,46.0,48.0,40.0,44.0,243.0,145.0,146.0,178.0,155.0,138.42,192.05,192.22,152.8,161.79,1051.13,605.38,584.65,679.96,569.94,25083.2,42.0,173.4,167.46,698.21
51,145,51145,Virginia,Powhatan,30453.0,31250.0,31592.0,32102.0,32362.0,38.0,51.0,55.0,36.0,41.0,220.0,157.0,348.0,184.0,174.0,124.78,163.2,174.09,112.14,126.69,722.42,502.4,1101.54,573.17,537.67,31551.8,44.2,216.6,140.18,687.44
,,,Virginia,Prince George County Police Department,,,,,,,,,,,,,,,,,,,,,,,,,,,,,,
,,,Virginia,Prince William County Police Department,,,,,,,,,,,,,,,,,,,,,,,,,,,,,,
51,155,51155,Virginia,Pulaski,33806.0,33825.0,33650.0,33611.0,33552.0,36.0,34.0,32.0,33.0,43.0,516.0,469.0,543.0,396.0,339.0,106.49,100.52,95.1,98.18,128.16,1526.36,1386.55,1613.67,1178.19,1010.37,33688.8,35.6,452.6,105.69,1343.03
51,157,51157,Virginia,Rappahannock,7322.0,7435.0,7444.0,7448.0,7443.0,7.0,11.0,10.0,14.0,10.0,30.0,26.0,50.0,19.0,22.0,95.6,147.95,134.34,187.97,134.35,409.72,349.7,671.68,255.1,295.58,7418.4,10.4,29.4,140.04,396.36
,,,Virginia,Roanoke County Police Department,,,,,,,,,,,,,,,,,,,,,,,,,,,,,,
51,165,51165,Virginia,Rockingham,83780.0,84536.0,85494.0,86900.0,88319.0,69.0,78.0,86.0,88.0,57.0,326.0,305.0,315.0,271.0,260.0,82.36,92.27,100.59,101.27,64.54,389.11,360.79,368.45,311.85,294.39,85805.8,75.6,295.4,88.21,344.92
51,169,51169,Virginia,Scott,21595.0,21489.0,21506.0,21409.0,21388.0,37.0,36.0,48.0,31.0,36.0,233.0,245.0,258.0,227.0,256.0,171.34,167.53,223.19,144.8,168.32,1078.95,1140.12,1199.67,1060.3,1196.93,21477.4,37.6,243.8,175.04,1135.19
51,175,51175,Virginia,Southampton,17950.0,18029.0,17896.0,18050.0,18018.0,18.0,9.0,24.0,26.0,20.0,178.0,136.0,199.0,157.0,167.0,100.28,49.92,134.11,144.04,111.0,991.64,754.34,1111.98,869.81,926.85,17988.6,19.4,167.4,107.87,930.92
51,177,51177,Virginia,Spotsylvania,140611.0,144048.0,146798.0,149837.0,152461.0,150.0,134.0,237.0,340.0,344.0,780.0,696.0,655.0,709.0,889.0,106.68,93.02,161.45,226.91,225.63,554.72,483.17,446.19,473.18,583.1,146751.0,241.0,745.8,162.74,508.07
51,179,51179,Virginia,Stafford,157763.0,161625.0,163226.0,165794.0,168788.0,307.0,318.0,307.0,320.0,375.0,1172.0,1249.0,1374.0,1434.0,1275.0,194.6,196.75,188.08,193.01,222.17,742.89,772.78,841.78,864.93,755.39,163439.2,325.4,1300.8,198.92,795.55
51,183,51183,Virginia,Sussex,10799.0,10830.0,10657.0,10801.0,10742.0,18.0,15.0,40.0,36.0,25.0,76.0,87.0,126.0,120.0,102.0,166.68,138.5,375.34,333.3,232.73,703.77,803.32,1182.32,1111.01,949.54,10765.8,26.8,102.2,249.31,949.99
51,187,51187,Virginia,Warren,40796.0,40986.0,41424.0,41983.0,42484.0,19.0,21.0,23.0,26.0,36.0,263.0,191.0,203.0,148.0,200.0,46.57,51.24,55.52,61.93,84.74,644.67,466.01,490.05,352.52,470.77,41534.6,25.0,201.0,60.0,484.8
51,191,51191,Virginia,Washington,53910.0,53773.0,53863.0,53998.0,54114.0,52.0,46.0,43.0,52.0,53.0,589.0,577.0,587.0,552.0,467.0,96.46,85.54,79.83,96.3,97.94,1092.56,1073.03,1089.8,1022.26,862.99,53931.6,49.2,554.4,91.21,1028.13
51,199,51199,Virginia,York,70236.0,71143.0,71206.0,71020.0,71338.0,65.0,112.0,117.0,125.0,134.0,725.0,779.0,1070.0,1017.0,937.0,92.55,157.43,164.31,176.01,187.84,1032.23,1094.98,1502.68,1431.99,1313.47,70988.6,110.6,905.6,155.63,1275.07
51,001,51001,Virginia,Accomack,33400.0,33435.0,33221.0,33510.0,33747.0,105.0,95.0,96.0,88.0,44.0,303.0,257.0,221.0,245.0,232.0,314.37,284.13,288.97,262.61,130.38,907.19,768.66,665.24,731.13,687.47,33462.6,85.6,251.6,256.09,751.94
51,005,51005,Virginia,Alleghany,15187.0,15003.0,14757.0,14733.0,14674.0,19.0,35.0,17.0,30.0,32.0,54.0,82.0,232.0,70.0,71.0,125.11,233.29,115.2,203.62,218.07,355.57,546.56,1572.14,475.12,483.85,14870.8,26.6,101.8,179.06,686.65
51,017,51017,Virginia,Bath,4185.0,4093.0,4074.0,,4058.0,1.0,0.0,5.0,,5.0,18.0,22.0,10.0,,11.0,23.89,0.0,122.73,,123.21,430.11,537.5,245.46,,271.07,4102.5,2.75,15.25,67.46,371.04
51,021,51021,Virginia,Bland,6255.0,,6151.0,,6186.0,6.0,,2.0,,9.0,42.0,,50.0,,26.0,95.92,,32.52,,145.49,671.46,,812.88,,420.3,6197.33,5.67,39.33,91.31,634.88
51,025,51025,Virginia,Brunswick,15824.0,15965.0,15846.0,15786.0,15763.0,9.0,6.0,18.0,9.0,21.0,101.0,104.0,117.0,76.0,92.0,56.88,37.58,113.59,57.01,133.22,638.27,651.42,738.36,481.44,583.65,15836.8,12.6,98.0,79.66,618.63
51,027,51027,Virginia,Buchanan,20247.0,19883.0,19318.0,18981.0,18723.0,37.0,39.0,62.0,30.0,24.0,260.0,218.0,262.0,168.0,196.0,182.74,196.15,320.94,158.05,128.18,1284.14,1096.41,1356.25,885.1,1046.84,19430.4,38.4,220.8,197.21,1133.75
51,029,51029,Virginia,Buckingham,16826.0,16953.0,16979.0,16985.0,17111.0,20.0,20.0,14.0,12.0,32.0,153.0,188.0,164.0,147.0,145.0,118.86,117.97,82.45,70.65,187.01,909.31,1108.95,965.9,865.47,847.41,16970.8,19.6,159.4,115.39,939.41
51,033,51033,Virginia,Caroline,30922.0,31412.0,31973.0,32745.0,33586.0,51.0,56.0,68.0,98.0,62.0,214.0,159.0,232.0,213.0,220.0,164.93,178.28,212.68,299.28,184.6,692.06,506.18,725.61,650.48,655.03,32127.6,67.0,207.6,207.95,645.87
51,035,51035,Virginia,Carroll,29146.0,29105.0,29097.0,29197.0,29211.0,34.0,23.0,28.0,28.0,28.0,227.0,209.0,210.0,179.0,160.0,116.65,79.02,96.23,95.9,95.85,778.84,718.09,721.72,613.08,547.74,29151.2,28.2,197.0,96.73,675.89
51,037,51037,Virginia,Charlotte,11538.0,11499.0,11422.0,11408.0,11323.0,13.0,13.0,13.0,14.0,8.0,136.0,121.0,101.0,70.0,67.0,112.67,113.05,113.82,122.72,70.65,1178.71,1052.27,884.26,613.6,591.72,11438.0,12.2,99.0,106.58,864.11
51,049,51049,Virginia,Cumberland,9680.0,9721.0,9758.0,9914.0,10203.0,22.0,14.0,10.0,14.0,10.0,42.0,42.0,33.0,35.0,26.0,227.27,144.02,102.48,141.21,98.01,433.88,432.05,338.18,353.04,254.83,9855.2,14.0,35.6,142.6,362.4
51,051,51051,Virginia,Dickenson,14075.0,13865.0,13711.0,13576.0,13388.0,21.0,18.0,11.0,23.0,9.0,76.0,64.0,50.0,85.0,29.0,149.2,129.82,80.23,169.42,67.22,539.96,461.59,364.67,626.1,216.61,13723.0,16.4,60.8,119.18,441.79
51,057,51057,Virginia,Essex,10597.0,10570.0,10635.0,10590.0,10677.0,13.0,7.0,19.0,12.0,16.0,21.0,34.0,47.0,56.0,48.0,122.68,66.23,178.66,113.31,149.85,198.17,321.67,441.94,528.8,449.56,10613.8,13.4,41.2,126.15,388.03
51,063,51063,Virginia,Floyd,15469.0,15513.0,15616.0,15713.0,15713.0,18.0,11.0,14.0,9.0,8.0,61.0,64.0,72.0,71.0,47.0,116.36,70.91,89.65,57.28,50.91,394.34,412.56,461.07,451.86,299.12,15604.8,12.0,63.0,77.02,403.79
51,077,51077,Virginia,Grayson,15282.0,15349.0,15320.0,15259.0,15333.0,11.0,21.0,7.0,23.0,16.0,131.0,132.0,128.0,95.0,95.0,71.98,136.82,45.69,150.73,104.35,857.22,859.99,835.51,622.58,619.58,15308.6,15.6,116.2,101.91,758.98
51,081,51081,Virginia,Greensville,11387.0,11423.0,,11175.0,11175.0,13.0,23.0,,15.0,19.0,62.0,98.0,,76.0,68.0,114.17,201.35,,134.23,170.02,544.48,857.92,,680.09,608.5,11290.0,17.5,76.0,154.94,672.75
51,083,51083,Virginia,Halifax,33939.0,33798.0,33612.0,33470.0,33554.0,21.0,29.0,33.0,23.0,27.0,217.0,171.0,148.0,137.0,169.0,61.88,85.8,98.18,68.72,80.47,639.38,505.95,440.32,409.32,503.67,33674.6,26.6,168.4,79.01,499.73
51,089,51089,Virginia,Henry,50845.0,50275.0,49772.0,49709.0,49523.0,134.0,128.0,118.0,147.0,97.0,889.0,688.0,759.0,579.0,573.0,263.55,254.6,237.08,295.72,195.87,1748.45,1368.47,1524.95,1164.78,1157.04,50024.8,124.8,697.6,249.36,1392.74
51,091,51091,Virginia,Highland,2242.0,2242.0,,2344.0,2336.0,1.0,1.0,,1.0,1.0,12.0,31.0,,20.0,17.0,44.6,44.6,,42.66,42.81,535.24,1382.69,,853.24,727.74,2291.0,1.0,20.0,43.67,874.73
51,099,51099,Virginia,King George,26822.0,27556.0,27868.0,28447.0,28900.0,60.0,46.0,37.0,35.0,37.0,214.0,228.0,272.0,222.0,244.0,223.7,166.93,132.77,123.04,128.03,797.85,827.41,976.03,780.4,844.29,27918.6,43.0,236.0,154.89,845.2
51,103,51103,Virginia,Lancaster,10899.0,10938.0,10835.0,10879.0,10971.0,40.0,27.0,17.0,27.0,35.0,47.0,58.0,35.0,65.0,51.0,367.01,246.85,156.9,248.18,319.02,431.23,530.26,323.03,597.48,464.86,10904.4,29.2,51.2,267.59,469.37
51,105,51105,Virginia,Lee,22110.0,22016.0,21853.0,21773.0,21777.0,27.0,29.0,44.0,29.0,30.0,224.0,252.0,218.0,227.0,212.0,122.12,131.72,201.35,133.19,137.76,1013.12,1144.62,997.57,1042.58,973.5,21905.8,31.8,226.6,145.23,1034.28
51,109,51109,Virginia,Louisa,37785.0,39028.0,39989.0,41036.0,42176.0,39.0,32.0,35.0,30.0,27.0,328.0,259.0,321.0,284.0,272.0,103.22,81.99,87.52,73.11,64.02,868.07,663.63,802.72,692.08,644.92,40002.8,32.6,292.8,81.97,734.28
51,111,51111,Virginia,Lunenburg,11949.0,12006.0,12016.0,12058.0,12078.0,13.0,25.0,12.0,15.0,13.0,33.0,37.0,58.0,29.0,32.0,108.8,208.23,99.87,124.4,107.63,276.17,308.18,482.69,240.5,264.94,12021.4,15.6,37.8,129.79,314.5
51,117,51117,Virginia,Mecklenburg,30285.0,30346.0,30494.0,30610.0,30809.0,25.0,47.0,31.0,47.0,43.0,142.0,185.0,134.0,107.0,113.0,82.55,154.88,101.66,153.54,139.57,468.88,609.64,439.43,349.56,366.78,30508.8,38.6,136.2,126.44,446.86
51,119,51119,Virginia,Middlesex,10609.0,10780.0,10953.0,10925.0,10941.0,18.0,14.0,9.0,15.0,12.0,94.0,96.0,90.0,77.0,92.0,169.67,129.87,82.17,137.3,109.68,886.04,890.54,821.69,704.81,840.87,10841.6,13.6,89.8,125.74,828.79
51,131,51131,Virginia,Northampton,12217.0,12072.0,11969.0,12043.0,12021.0,23.0,27.0,21.0,16.0,20.0,60.0,52.0,61.0,46.0,33.0,188.26,223.66,175.45,132.86,166.38,491.12,430.75,509.65,381.96,274.52,12064.4,21.4,50.4,177.32,417.6
51,133,51133,Virginia,Northumberland,11838.0,12053.0,,12410.0,12412.0,11.0,11.0,,28.0,15.0,53.0,44.0,,86.0,77.0,92.92,91.26,,225.62,120.85,447.71,365.05,,692.99,620.37,12178.25,16.25,65.0,132.66,531.53
51,135,51135,Virginia,Nottoway,15642.0,15574.0,15558.0,15581.0,15690.0,22.0,20.0,11.0,18.0,14.0,85.0,82.0,75.0,58.0,50.0,140.65,128.42,70.7,115.53,89.23,543.41,526.52,482.07,372.25,318.67,15609.0,17.0,70.0,108.91,448.58
51,137,51137,Virginia,Orange,36396.0,37219.0,38015.0,38572.0,39193.0,27.0,44.0,56.0,70.0,62.0,163.0,146.0,164.0,149.0,123.0,74.18,118.22,147.31,181.48,158.19,447.85,392.27,431.41,386.29,313.83,37879.0,51.8,149.0,135.88,394.33
51,139,51139,Virginia,Page,23695.0,23835.0,23744.0,23671.0,23687.0,6.0,7.0,17.0,18.0,18.0,140.0,161.0,140.0,131.0,75.0,25.32,29.37,71.6,76.04,75.99,590.84,675.48,589.62,553.42,316.63,23726.4,13.2,129.4,55.66,545.2
51,141,51141,Virginia,Patrick,17583.0,17647.0,17559.0,17468.0,17395.0,43.0,44.0,47.0,43.0,41.0,252.0,218.0,215.0,216.0,174.0,244.55,249.33,267.67,246.16,235.7,1433.2,1235.34,1224.44,1236.55,1000.29,17530.4,43.6,215.0,248.68,1225.96
51,143,51143,Virginia,Pittsylvania,60369.0,60066.0,59862.0,59652.0,59505.0,77.0,45.0,59.0,55.0,64.0,339.0,309.0,372.0,362.0,334.0,127.55,74.92,98.56,92.2,107.55,561.55,514.43,621.43,606.85,561.3,59890.8,60.0,343.2,100.16,573.11
51,147,51147,Virginia,Prince Edward,21879.0,21884.0,21848.0,22022.0,22319.0,21.0,18.0,30.0,37.0,36.0,81.0,72.0,100.0,56.0,88.0,95.98,82.25,137.31,168.01,161.3,370.22,329.01,457.71,254.29,394.28,21990.4,28.4,79.4,128.97,361.1
51,159,51159,Virginia,Richmond,8919.0,,9096.0,9164.0,9220.0,0.0,,17.0,5.0,12.0,14.0,,20.0,14.0,15.0,0.0,,186.9,54.56,130.15,156.97,,219.88,152.77,162.69,9099.75,8.5,15.75,92.9,173.08
51,163,51163,Virginia,Rockbridge,22668.0,22666.0,22600.0,22433.0,22457.0,43.0,37.0,28.0,42.0,39.0,210.0,215.0,279.0,216.0,196.0,189.69,163.24,123.89,187.22,173.67,926.42,948.56,1234.51,962.87,872.78,22564.8,37.8,223.2,167.54,989.03
51,167,51167,Virginia,Russell,25761.0,25585.0,25449.0,25501.0,25430.0,23.0,43.0,43.0,39.0,61.0,140.0,168.0,145.0,150.0,152.0,89.28,168.07,168.97,152.94,239.87,543.46,656.63,569.77,588.21,597.72,25545.2,41.8,151.0,163.83,591.16
51,171,51171,Virginia,Shenandoah,44258.0,44839.0,44892.0,45202.0,45468.0,46.0,32.0,31.0,35.0,44.0,224.0,206.0,183.0,164.0,169.0,103.94,71.37,69.05,77.43,96.77,506.12,459.42,407.65,362.82,371.69,44931.8,37.6,189.2,83.71,421.54
51,173,51173,Virginia,Smyth,29780.0,29610.0,29398.0,29166.0,29133.0,19.0,19.0,19.0,21.0,24.0,153.0,141.0,157.0,136.0,113.0,63.8,64.17,64.63,72.0,82.38,513.77,476.19,534.05,466.3,387.88,29417.4,20.4,140.0,69.4,475.64
51,181,51181,Virginia,Surry,6548.0,6532.0,6503.0,6591.0,6593.0,4.0,5.0,5.0,7.0,4.0,27.0,21.0,43.0,39.0,39.0,61.09,76.55,76.89,106.21,60.67,412.34,321.49,661.23,591.72,591.54,6553.4,5.0,33.8,76.28,515.66
51,185,51185,Virginia,Tazewell,40407.0,39963.0,39638.0,39272.0,38986.0,37.0,46.0,50.0,48.0,38.0,302.0,237.0,226.0,347.0,253.0,91.57,115.11,126.14,122.22,97.47,747.4,593.05,570.16,883.58,648.95,39653.2,43.8,273.0,110.5,688.63
51,193,51193,Virginia,Westmoreland,18513.0,18779.0,18712.0,18978.0,19338.0,20.0,19.0,34.0,26.0,20.0,89.0,74.0,84.0,100.0,63.0,108.03,101.18,181.7,137.0,103.42,480.74,394.06,448.91,526.93,325.78,18864.0,23.8,82.0,126.27,435.28
51,195,51195,Virginia,Wise,36072.0,35700.0,35341.0,35194.0,35035.0,44.0,38.0,60.0,57.0,43.0,271.0,371.0,359.0,234.0,171.0,121.98,106.44,169.77,161.96,122.73,751.28,1039.22,1015.82,664.89,488.08,35468.4,48.4,281.2,136.58,791.86
51,197,51197,Virginia,Wythe,28324.0,28212.0,28149.0,28166.0,,23.0,21.0,16.0,18.0,,189.0,132.0,148.0,140.0,,81.2,74.44,56.84,63.91,,667.28,467.89,525.77,497.05,,28212.75,19.5,152.25,69.1,539.5
53,003,53003,Washington,Asotin,22327.0,22473.0,22489.0,22492.0,22538.0,22.0,15.0,15.0,20.0,10.0,157.0,138.0,168.0,119.0,74.0,98.54,66.75,66.7,88.92,44.37,703.18,614.07,747.03,529.08,328.33,22463.8,16.4,131.2,73.06,584.34
53,005,53005,Washington,Benton,207408.0,210612.0,212818.0,215705.0,218931.0,99.0,76.0,73.0,81.0,68.0,646.0,488.0,610.0,410.0,506.0,47.73,36.09,34.3,37.55,31.06,311.46,231.71,286.63,190.07,231.12,213094.8,79.4,532.0,37.35,250.2
53,007,53007,Washington,Chelan,79302.0,79856.0,80011.0,80341.0,81382.0,42.0,30.0,25.0,42.0,36.0,315.0,305.0,317.0,283.0,240.0,52.96,37.57,31.25,52.28,44.24,397.22,381.94,396.2,352.25,294.91,80178.4,35.0,292.0,43.66,364.5
53,011,53011,Washington,Clark,505325.0,512654.0,516807.0,521954.0,526241.0,354.0,338.0,348.0,340.0,345.0,2861.0,3218.0,3904.0,3130.0,2245.0,70.05,65.93,67.34,65.14,65.56,566.17,627.71,755.41,599.67,426.61,516596.2,345.0,3071.6,66.8,595.11
53,015,53015,Washington,Cowlitz,111014.0,111703.0,112021.0,112866.0,113764.0,53.0,64.0,67.0,97.0,56.0,355.0,419.0,472.0,291.0,250.0,47.74,57.29,59.81,85.94,49.22,319.78,375.1,421.35,257.83,219.75,112273.6,67.4,357.4,60.0,318.76
53,017,53017,Washington,Douglas,43033.0,43850.0,44116.0,44843.0,45517.0,20.0,13.0,24.0,25.0,19.0,276.0,259.0,302.0,217.0,177.0,46.48,29.65,54.4,55.75,41.74,641.37,590.65,684.56,483.91,388.87,44271.8,20.2,246.2,45.6,557.87
53,021,53021,Washington,Franklin,97137.0,98096.0,98445.0,99683.0,101386.0,25.0,14.0,33.0,54.0,46.0,138.0,136.0,243.0,113.0,141.0,25.74,14.27,33.52,54.17,45.37,142.07,138.64,246.84,113.36,139.07,98949.4,34.4,154.2,34.61,156.0
53,033,53033,Washington,King,2274304.0,2253549.0,2265822.0,2283086.0,2317959.0,563.0,603.0,656.0,605.0,490.0,3645.0,3914.0,3973.0,3947.0,3374.0,24.75,26.76,28.95,26.5,21.14,160.27,173.68,175.34,172.88,145.56,2278944.0,583.4,3770.6,25.62,165.55
53,035,53035,Washington,Kitsap,275811.0,276682.0,277805.0,277358.0,280728.0,356.0,459.0,595.0,534.0,489.0,2448.0,2879.0,3974.0,2803.0,2428.0,129.07,165.89,214.18,192.53,174.19,887.56,1040.54,1430.5,1010.61,864.89,277676.8,486.6,2906.4,175.17,1046.82
53,053,53053,Washington,Pierce,923609.0,927786.0,927456.0,931408.0,939786.0,1096.0,1301.0,1541.0,1470.0,1193.0,7093.0,8341.0,9473.0,7993.0,5826.0,118.66,140.23,166.15,157.83,126.94,767.97,899.02,1021.4,858.16,619.93,930009.0,1320.2,7745.2,141.96,833.3
53,057,53057,Washington,Skagit,129885.0,131013.0,131116.0,131453.0,132250.0,71.0,82.0,78.0,85.0,121.0,817.0,968.0,878.0,670.0,501.0,54.66,62.59,59.49,64.66,91.49,629.02,738.86,669.64,509.69,378.83,131143.4,87.4,766.8,66.58,585.21
53,059,53059,Washington,Skamania,12038.0,12214.0,12456.0,12636.0,12644.0,8.0,10.0,8.0,12.0,7.0,138.0,100.0,76.0,88.0,87.0,66.46,81.87,64.23,94.97,55.36,1146.37,818.73,610.15,696.42,688.07,12397.6,9.0,97.8,72.58,791.95
53,061,53061,Washington,Snohomish,829901.0,836262.0,840860.0,848363.0,861070.0,504.0,482.0,481.0,475.0,442.0,4339.0,4125.0,3922.0,3647.0,3243.0,60.73,57.64,57.2,55.99,51.33,522.83,493.27,466.43,429.89,376.62,843291.2,476.8,3855.2,56.58,457.81
53,063,53063,Washington,Spokane,541144.0,545511.0,549602.0,552475.0,555485.0,202.0,193.0,220.0,213.0,230.0,2786.0,3072.0,2637.0,2617.0,2272.0,37.33,35.38,40.03,38.55,41.41,514.84,563.14,479.8,473.69,409.01,548843.4,211.6,2676.8,38.54,488.1
53,065,53065,Washington,Stevens,46585.0,47626.0,48282.0,48895.0,49178.0,31.0,38.0,27.0,45.0,54.0,350.0,326.0,224.0,286.0,250.0,66.55,79.79,55.92,92.03,109.81,751.31,684.5,463.94,584.93,508.36,48113.2,39.0,287.2,80.82,598.61
53,067,53067,Washington,Thurston,296013.0,298313.0,298556.0,299197.0,302132.0,209.0,253.0,248.0,230.0,191.0,1484.0,1462.0,1607.0,1150.0,847.0,70.61,84.81,83.07,76.87,63.22,501.33,490.09,538.26,384.36,280.34,298842.2,226.2,1310.0,75.72,438.88
53,071,53071,Washington,Walla Walla,62620.0,62228.0,62022.0,61745.0,62109.0,37.0,44.0,44.0,38.0,32.0,314.0,234.0,246.0,139.0,109.0,59.09,70.71,70.94,61.54,51.52,501.44,376.04,396.63,225.12,175.5,62144.8,39.0,208.4,62.76,334.95
53,073,53073,Washington,Whatcom,227452.0,226760.0,230641.0,232620.0,234601.0,142.0,130.0,141.0,133.0,113.0,474.0,936.0,910.0,613.0,494.0,62.43,57.33,61.13,57.17,48.17,208.4,412.77,394.55,263.52,210.57,230414.8,131.8,685.4,57.25,297.96
53,077,53077,Washington,Yakima,256716.0,256767.0,256550.0,257314.0,258971.0,168.0,114.0,175.0,196.0,162.0,1345.0,1182.0,1339.0,1098.0,1028.0,65.44,44.4,68.21,76.17,62.56,523.93,460.34,521.93,426.72,396.96,257263.6,163.0,1198.4,63.36,465.98
53,001,53001,Washington,Adams,20610.0,20644.0,20849.0,20903.0,,18.0,26.0,48.0,30.0,,107.0,258.0,376.0,198.0,,87.34,125.94,230.23,143.52,,519.17,1249.76,1803.44,947.23,,20751.5,30.5,234.75,146.76,1129.9
53,009,53009,Washington,Clallam,77356.0,78448.0,77638.0,77543.0,77930.0,80.0,61.0,69.0,72.0,74.0,546.0,470.0,512.0,280.0,358.0,103.42,77.76,88.87,92.85,94.96,705.83,599.12,659.47,361.09,459.39,77783.0,71.2,433.2,91.57,556.98
53,013,53013,Washington,Columbia,3954.0,4021.0,4021.0,4064.0,4046.0,3.0,3.0,4.0,6.0,8.0,65.0,49.0,93.0,33.0,29.0,75.87,74.61,99.48,147.64,197.73,1643.9,1218.6,2312.86,812.01,716.76,4021.2,4.8,53.8,119.07,1340.83
53,019,53019,Washington,Ferry,7199.0,,7440.0,7495.0,,1.0,,7.0,13.0,,43.0,,34.0,17.0,,13.89,,94.09,173.45,,597.31,,456.99,226.82,,7378.0,7.0,31.33,93.81,427.04
53,023,53023,Washington,Garfield,2296.0,2347.0,2354.0,2357.0,2401.0,17.0,21.0,30.0,21.0,44.0,20.0,21.0,39.0,25.0,30.0,740.42,894.76,1274.43,890.96,1832.57,871.08,894.76,1656.75,1060.67,1249.48,2351.0,26.6,27.0,1126.63,1146.55
53,025,53025,Washington,Grant,99446.0,100439.0,101277.0,103035.0,104834.0,101.0,91.0,116.0,82.0,109.0,876.0,850.0,1085.0,747.0,687.0,101.56,90.6,114.54,79.58,103.97,880.88,846.28,1071.32,725.0,655.32,101806.2,99.8,849.0,98.05,835.76
53,027,53027,Washington,Grays Harbor,75866.0,76889.0,77108.0,77582.0,78020.0,30.0,39.0,37.0,60.0,56.0,229.0,264.0,297.0,225.0,209.0,39.54,50.72,47.98,77.34,71.78,301.85,343.35,385.17,290.02,267.88,77093.0,44.4,244.8,57.47,317.65
53,029,53029,Washington,Island,87001.0,87606.0,86738.0,86194.0,85982.0,44.0,49.0,41.0,49.0,56.0,503.0,491.0,609.0,463.0,398.0,50.57,55.93,47.27,56.85,65.13,578.15,560.46,702.11,537.16,462.89,86704.2,47.8,492.8,55.15,568.15
53,031,53031,Washington,Jefferson,33064.0,33558.0,33597.0,33715.0,33891.0,22.0,36.0,32.0,30.0,23.0,284.0,162.0,361.0,232.0,184.0,66.54,107.28,95.25,88.98,67.86,858.94,482.75,1074.5,688.12,542.92,33565.0,28.6,244.6,85.18,729.45
53,037,53037,Washington,Kittitas,46823.0,45653.0,47322.0,47765.0,48107.0,25.0,11.0,30.0,15.0,19.0,237.0,222.0,228.0,186.0,174.0,53.39,24.09,63.4,31.4,39.5,506.16,486.28,481.81,389.41,361.69,47134.0,20.0,209.4,42.36,445.07
53,039,53039,Washington,Klickitat,22817.0,,,,,3.0,,,,,41.0,,,,,13.15,,,,,179.69,,,,,22817.0,3.0,41.0,13.15,179.69
53,041,53041,Washington,Lewis,82551.0,84576.0,85293.0,86277.0,87131.0,67.0,83.0,85.0,75.0,93.0,387.0,655.0,592.0,369.0,371.0,81.16,98.14,99.66,86.93,106.74,468.8,774.45,694.08,427.69,425.8,85165.6,80.6,474.8,94.53,558.16
53,043,53043,Washington,Lincoln,10926.0,11283.0,11602.0,11732.0,11827.0,8.0,5.0,19.0,16.0,14.0,125.0,169.0,108.0,100.0,84.0,73.22,44.31,163.76,136.38,118.37,1144.06,1497.83,930.87,852.37,710.24,11474.0,12.4,117.2,107.21,1027.07
53,045,53045,Washington,Mason,66041.0,67271.0,68244.0,68768.0,69759.0,74.0,86.0,90.0,88.0,133.0,836.0,786.0,782.0,618.0,593.0,112.05,127.84,131.88,127.97,190.66,1265.88,1168.41,1145.89,898.67,850.07,68016.6,94.2,723.0,138.08,1065.78
53,049,53049,Washington,Pacific,23503.0,,,,24237.0,18.0,,,,7.0,136.0,,,,50.0,76.59,,,,28.88,578.65,,,,206.3,23870.0,12.5,93.0,52.74,392.48
53,051,53051,Washington,Pend Oreille,13505.0,13894.0,14145.0,14364.0,14367.0,21.0,9.0,18.0,10.0,12.0,136.0,181.0,145.0,166.0,144.0,155.5,64.78,127.25,69.62,83.52,1007.03,1302.72,1025.1,1155.67,1002.3,14055.0,14.0,154.4,100.13,1098.56
53,055,53055,Washington,San Juan,17825.0,18629.0,18668.0,18563.0,18556.0,5.0,9.0,6.0,9.0,6.0,92.0,97.0,125.0,116.0,102.0,28.05,48.31,32.14,48.48,32.33,516.13,520.69,669.6,624.9,549.69,18448.2,7.0,106.4,37.86,576.2
53,069,53069,Washington,Wahkiakum,4446.0,,4693.0,4764.0,,6.0,,2.0,11.0,,34.0,,17.0,32.0,,134.95,,42.62,230.9,,764.73,,362.24,671.7,,4634.33,6.33,27.67,136.16,599.56
53,075,53075,Washington,Whitman,47816.0,43257.0,,47568.0,47863.0,15.0,11.0,,10.0,3.0,64.0,53.0,,59.0,36.0,31.37,25.43,,21.02,6.27,133.85,122.52,,124.03,75.21,46626.0,9.75,53.0,21.02,113.9
54,003,54003,West Virginia,Berkeley,122693.0,126208.0,129515.0,132742.0,135990.0,77.0,95.0,98.0,121.0,112.0,49.0,174.0,326.0,258.0,234.0,62.76,75.27,75.67,91.15,82.36,39.94,137.87,251.71,194.36,172.07,129429.6,100.6,208.2,77.44,159.19
54,009,54009,West Virginia,Brooke,22481.0,22079.0,,21423.0,,6.0,5.0,,3.0,,2.0,2.0,,1.0,,26.69,22.65,,14.0,,8.9,9.06,,4.67,,21994.33,4.67,1.67,21.11,7.54
54,011,54011,West Virginia,Cabell,94245.0,93439.0,92492.0,92017.0,91455.0,40.0,50.0,54.0,34.0,52.0,447.0,439.0,506.0,475.0,483.0,42.44,53.51,58.38,36.95,56.86,474.3,469.83,547.07,516.21,528.13,92729.6,46.0,470.0,49.63,507.11
54,019,54019,West Virginia,Fayette,40442.0,40064.0,39408.0,39060.0,38554.0,62.0,57.0,29.0,46.0,41.0,235.0,186.0,162.0,176.0,184.0,153.31,142.27,73.59,117.77,106.34,581.08,464.26,411.08,450.59,477.25,39505.6,47.0,188.6,118.66,476.85
54,027,54027,West Virginia,Hampshire,23086.0,,,23600.0,,30.0,,,14.0,,89.0,,,52.0,,129.95,,,59.32,,385.52,,,220.34,,23343.0,22.0,70.5,94.64,302.93
54,029,54029,West Virginia,Hancock,29040.0,,,,,8.0,,,,,2.0,,,,,27.55,,,,,6.89,,,,,29040.0,8.0,2.0,27.55,6.89
54,035,54035,West Virginia,Jackson,27723.0,27791.0,27614.0,27605.0,27496.0,35.0,34.0,56.0,36.0,51.0,16.0,26.0,27.0,22.0,25.0,126.25,122.34,202.8,130.41,185.48,57.71,93.56,97.78,79.7,90.92,27645.8,42.4,23.2,153.46,83.93
54,037,54037,West Virginia,Jefferson,57790.0,58556.0,58935.0,59730.0,61289.0,28.0,22.0,32.0,24.0,16.0,202.0,199.0,167.0,199.0,178.0,48.45,37.57,54.3,40.18,26.11,349.54,339.85,283.36,333.17,290.43,59260.0,24.4,189.0,41.32,319.27
54,039,54039,West Virginia,Kanawha,180215.0,178124.0,,174434.0,173423.0,441.0,383.0,,390.0,273.0,1228.0,1231.0,,1037.0,982.0,244.71,215.02,,223.58,157.42,681.41,691.09,,594.49,566.25,176549.0,371.75,1119.5,210.18,633.31
54,051,54051,West Virginia,Marshall,30498.0,30177.0,29687.0,29483.0,29284.0,16.0,18.0,11.0,5.0,7.0,71.0,83.0,55.0,60.0,28.0,52.46,59.65,37.05,16.96,23.9,232.8,275.04,185.27,203.51,95.62,29825.8,11.4,59.4,38.0,198.45
54,057,54057,West Virginia,Mineral,26892.0,26911.0,26871.0,,26751.0,14.0,15.0,7.0,,19.0,54.0,33.0,43.0,,62.0,52.06,55.74,26.05,,71.03,200.8,122.63,160.02,,231.77,26856.25,13.75,48.0,51.22,178.8
54,065,54065,West Virginia,Morgan,17086.0,,,17610.0,17806.0,37.0,,,13.0,16.0,31.0,,,41.0,43.0,216.55,,,73.82,89.86,181.44,,,232.82,241.49,17500.67,22.0,38.33,126.74,218.58
54,077,54077,West Virginia,Preston,34201.0,34328.0,34227.0,,33987.0,9.0,5.0,4.0,,7.0,119.0,55.0,78.0,,40.0,26.32,14.57,11.69,,20.6,347.94,160.22,227.89,,117.69,34185.75,6.25,73.0,18.3,213.44
54,081,54081,West Virginia,Raleigh,74404.0,73817.0,72858.0,72504.0,72185.0,126.0,114.0,103.0,81.0,127.0,645.0,756.0,562.0,537.0,580.0,169.35,154.44,141.37,111.72,175.94,866.89,1024.15,771.36,740.65,803.49,73153.6,110.2,616.0,150.56,841.31
54,105,54105,West Virginia,Wirt,5187.0,,5097.0,,,12.0,,6.0,,,35.0,,16.0,,,231.35,,117.72,,,674.76,,313.91,,,5142.0,9.0,25.5,174.54,494.34
54,107,54107,West Virginia,Wood,84153.0,83841.0,,,82650.0,105.0,39.0,,,53.0,323.0,287.0,,,218.0,124.77,46.52,,,64.13,383.82,342.31,,,263.76,83548.0,65.67,276.0,78.47,329.96
54,013,54013,West Virginia,Calhoun,6203.0,,,,,2.0,,,,,11.0,,,,,32.24,,,,,177.33,,,,,6203.0,2.0,11.0,32.24,177.33
54,017,54017,West Virginia,Doddridge,7785.0,7741.0,7720.0,7694.0,7642.0,12.0,15.0,14.0,21.0,16.0,41.0,42.0,37.0,40.0,39.0,154.14,193.77,181.35,272.94,209.37,526.65,542.57,479.27,519.89,510.34,7716.4,15.6,39.8,202.31,515.74
54,025,54025,West Virginia,Greenbrier,32906.0,,,,,8.0,,,,,88.0,,,,,24.31,,,,,267.43,,,,,32906.0,8.0,88.0,24.31,267.43
54,031,54031,West Virginia,Hardy,14241.0,14147.0,14232.0,14344.0,14435.0,24.0,8.0,2.0,3.0,3.0,9.0,27.0,10.0,17.0,21.0,168.53,56.55,14.05,20.91,20.78,63.2,190.85,70.26,118.52,145.48,14279.8,8.0,16.8,56.16,117.66
54,033,54033,West Virginia,Harrison,65846.0,65439.0,,,64426.0,39.0,45.0,,,35.0,104.0,227.0,,,212.0,59.23,68.77,,,54.33,157.94,346.89,,,329.06,65237.0,39.67,181.0,60.78,277.96
54,041,54041,West Virginia,Lewis,17021.0,16880.0,,16607.0,,11.0,14.0,,24.0,,6.0,33.0,,36.0,,64.63,82.94,,144.52,,35.25,195.5,,216.78,,16836.0,16.33,25.0,97.36,149.18
54,045,54045,West Virginia,Logan,32514.0,31856.0,31250.0,30942.0,30615.0,91.0,118.0,81.0,21.0,20.0,2.0,0.0,3.0,5.0,4.0,279.88,370.42,259.2,67.87,65.33,6.15,0.0,9.6,16.16,13.07,31435.4,66.2,2.8,208.54,9.0
54,047,54047,West Virginia,McDowell,18942.0,,17795.0,17446.0,,14.0,,6.0,6.0,,1.0,,1.0,0.0,,73.91,,33.72,34.39,,5.28,,5.62,0.0,,18061.0,8.67,0.67,47.34,3.63
54,059,54059,West Virginia,Mingo,23489.0,23062.0,22433.0,21996.0,,5.0,4.0,35.0,8.0,,6.0,13.0,18.0,30.0,,21.29,17.34,156.02,36.37,,25.54,56.37,80.24,136.39,,22745.0,13.0,16.75,57.76,74.63
54,067,54067,West Virginia,Nicholas,24559.0,24439.0,24257.0,24104.0,23955.0,173.0,155.0,79.0,95.0,118.0,10.0,4.0,6.0,12.0,8.0,704.43,634.23,325.68,394.13,492.59,40.72,16.37,24.74,49.78,33.4,24262.8,124.0,8.0,510.21,33.0
54,083,54083,West Virginia,Randolph,27893.0,27904.0,27556.0,27373.0,27130.0,92.0,61.0,52.0,63.0,68.0,148.0,88.0,89.0,122.0,145.0,329.83,218.61,188.71,230.15,250.65,530.6,315.37,322.98,445.69,534.46,27571.2,67.2,118.4,243.59,429.82
54,097,54097,West Virginia,Upshur,23820.0,23813.0,23717.0,23570.0,23658.0,8.0,4.0,3.0,6.0,5.0,5.0,7.0,4.0,2.0,0.0,33.59,16.8,12.65,25.46,21.13,20.99,29.4,16.87,8.49,0.0,23715.6,5.2,3.6,21.93,15.15
54,103,54103,West Virginia,Wetzel,14404.0,14206.0,14012.0,13993.0,13812.0,20.0,12.0,45.0,32.0,14.0,23.0,32.0,37.0,26.0,33.0,138.85,84.47,321.15,228.69,101.36,159.68,225.26,264.06,185.81,238.92,14085.4,24.6,30.2,174.9,214.75
54,109,54109,West Virginia,Wyoming,21322.0,21035.0,20573.0,20279.0,20007.0,90.0,101.0,59.0,31.0,34.0,80.0,60.0,46.0,40.0,17.0,422.1,480.15,286.78,152.87,169.94,375.2,285.24,223.59,197.25,84.97,20643.2,63.0,48.6,302.37,233.25
55,009,55009,Wisconsin,Brown,268952.0,268971.0,270667.0,272238.0,274251.0,48.0,85.0,98.0,102.0,64.0,580.0,893.0,819.0,815.0,693.0,17.85,31.6,36.21,37.47,23.34,215.65,332.01,302.59,299.37,252.69,271015.8,79.4,760.0,29.29,280.46
55,015,55015,Wisconsin,Calumet,52475.0,52576.0,52795.0,53414.0,53764.0,21.0,12.0,9.0,13.0,19.0,85.0,94.0,88.0,69.0,61.0,40.02,22.82,17.05,24.34,35.34,161.98,178.79,166.68,129.18,113.46,53004.8,14.8,79.4,27.91,150.02
55,017,55017,Wisconsin,Chippewa,66334.0,66580.0,66774.0,66949.0,67294.0,40.0,40.0,35.0,32.0,52.0,268.0,258.0,191.0,138.0,124.0,60.3,60.08,52.42,47.8,77.27,404.02,387.5,286.04,206.13,184.27,66786.2,39.8,195.8,59.57,293.59
55,021,55021,Wisconsin,Columbia,58534.0,58455.0,58383.0,57941.0,58005.0,26.0,30.0,35.0,39.0,43.0,235.0,146.0,134.0,108.0,140.0,44.42,51.32,59.95,67.31,74.13,401.48,249.76,229.52,186.4,241.36,58263.6,34.6,152.6,59.43,261.7
55,025,55025,Wisconsin,Dane,562615.0,561805.0,570754.0,579299.0,586325.0,120.0,118.0,99.0,58.0,52.0,768.0,586.0,544.0,409.0,434.0,21.33,21.0,17.35,10.01,8.87,136.51,104.31,95.31,70.6,74.02,572159.6,89.4,548.2,15.71,96.15
55,031,55031,Wisconsin,Douglas,44351.0,44012.0,44217.0,44102.0,43918.0,11.0,23.0,14.0,12.0,12.0,228.0,184.0,164.0,125.0,147.0,24.8,52.26,31.66,27.21,27.32,514.08,418.07,370.9,283.43,334.71,44120.0,14.4,169.6,32.65,384.24
55,035,55035,Wisconsin,Eau Claire,105898.0,106035.0,106836.0,107975.0,108611.0,20.0,17.0,15.0,20.0,5.0,217.0,251.0,188.0,147.0,99.0,18.89,16.03,14.04,18.52,4.6,204.91,236.71,175.97,136.14,91.15,107071.0,15.4,180.4,14.42,168.98
55,039,55039,Wisconsin,Fond du Lac,104159.0,104128.0,104103.0,104349.0,104721.0,23.0,23.0,36.0,48.0,18.0,162.0,138.0,137.0,118.0,76.0,22.08,22.09,34.58,46.0,17.19,155.53,132.53,131.6,113.08,72.57,104292.0,29.6,126.2,28.39,121.06
55,045,55045,Wisconsin,Green,37039.0,37087.0,36888.0,37002.0,37237.0,3.0,4.0,6.0,4.0,2.0,68.0,77.0,69.0,61.0,47.0,8.1,10.79,16.27,10.81,5.37,183.59,207.62,187.05,164.86,126.22,37050.6,3.8,64.4,10.27,173.87
55,049,55049,Wisconsin,Iowa,23716.0,23809.0,23950.0,,23975.0,16.0,17.0,14.0,,18.0,34.0,39.0,36.0,,19.0,67.47,71.4,58.46,,75.08,143.36,163.8,150.31,,79.25,23862.5,16.25,32.0,68.1,134.18
55,059,55059,Wisconsin,Kenosha,169186.0,168464.0,167870.0,167852.0,168448.0,59.0,101.0,75.0,81.0,86.0,331.0,410.0,477.0,595.0,353.0,34.87,59.95,44.68,48.26,51.05,195.64,243.38,284.15,354.48,209.56,168364.0,80.4,433.2,47.76,257.44
55,061,55061,Wisconsin,Kewaunee,20552.0,20580.0,20708.0,20772.0,20769.0,16.0,14.0,15.0,18.0,17.0,37.0,49.0,45.0,23.0,28.0,77.85,68.03,72.44,86.66,81.85,180.03,238.1,217.31,110.73,134.82,20676.2,16.0,36.4,77.37,176.2
55,063,55063,Wisconsin,La Crosse,120955.0,119368.0,120346.0,120719.0,120963.0,34.0,23.0,11.0,15.0,6.0,134.0,145.0,112.0,141.0,103.0,28.11,19.27,9.14,12.43,4.96,110.79,121.47,93.06,116.8,85.15,120470.2,17.8,127.0,14.78,105.45
55,069,55069,Wisconsin,Lincoln,28423.0,28476.0,28341.0,28403.0,28395.0,68.0,40.0,128.0,59.0,30.0,115.0,125.0,77.0,105.0,53.0,239.24,140.47,451.64,207.72,105.65,404.6,438.97,271.69,369.68,186.65,28407.6,65.0,95.0,228.94,334.32
55,073,55073,Wisconsin,Marathon,138119.0,137832.0,138207.0,138768.0,139094.0,68.0,67.0,56.0,89.0,84.0,284.0,334.0,307.0,295.0,193.0,49.23,48.61,40.52,64.14,60.39,205.62,242.32,222.13,212.59,138.76,138404.0,72.8,282.6,52.58,204.28
55,079,55079,Wisconsin,Milwaukee,938606.0,924701.0,921471.0,921609.0,924323.0,118.0,132.0,54.0,176.0,157.0,147.0,166.0,46.0,140.0,149.0,12.57,14.27,5.86,19.1,16.99,15.66,17.95,4.99,15.19,16.12,926142.0,127.4,129.6,13.76,13.98
55,083,55083,Wisconsin,Oconto,39077.0,39417.0,39639.0,39745.0,40006.0,8.0,32.0,31.0,35.0,20.0,249.0,178.0,191.0,125.0,135.0,20.47,81.18,78.21,88.06,49.99,637.2,451.58,481.85,314.5,337.45,39576.8,25.2,175.6,63.58,444.52
55,087,55087,Wisconsin,Outagamie,190959.0,191386.0,192510.0,193628.0,194785.0,42.0,38.0,35.0,31.0,38.0,314.0,224.0,421.0,200.0,167.0,21.99,19.86,18.18,16.01,19.51,164.43,117.04,218.69,103.29,85.74,192653.6,36.8,265.2,19.11,137.84
55,089,55089,Wisconsin,Ozaukee,91631.0,,93080.0,93478.0,93665.0,12.0,,14.0,19.0,18.0,81.0,,95.0,66.0,166.0,13.1,,15.04,20.33,19.22,88.4,,102.06,70.6,177.23,92963.5,15.75,102.0,16.92,109.57
55,093,55093,Wisconsin,Pierce,42221.0,41602.0,42557.0,43070.0,43306.0,12.0,13.0,10.0,8.0,12.0,113.0,122.0,62.0,56.0,42.0,28.42,31.25,23.5,18.57,27.71,267.64,293.26,145.69,130.02,96.98,42551.2,11.0,79.0,25.89,186.72
55,101,55101,Wisconsin,Racine,198061.0,196863.0,196642.0,197390.0,198441.0,35.0,42.0,34.0,49.0,38.0,153.0,121.0,99.0,149.0,109.0,17.67,21.33,17.29,24.82,19.15,77.25,61.46,50.35,75.49,54.93,197479.4,39.6,126.2,20.05,63.9
55,105,55105,Wisconsin,Rock,163763.0,164150.0,163954.0,164619.0,165665.0,39.0,53.0,45.0,30.0,40.0,212.0,197.0,193.0,179.0,163.0,23.81,32.29,27.45,18.22,24.15,129.46,120.01,117.72,108.74,98.39,164430.2,41.4,188.8,25.18,114.86
55,117,55117,Wisconsin,Sheboygan,118040.0,117681.0,117787.0,117891.0,118091.0,44.0,29.0,36.0,34.0,41.0,343.0,353.0,328.0,203.0,207.0,37.28,24.64,30.56,28.84,34.72,290.58,299.96,278.47,172.19,175.29,117898.0,36.8,286.8,31.21,243.3
55,109,55109,Wisconsin,St. Croix,93875.0,95016.0,96116.0,96976.0,,34.0,45.0,56.0,37.0,,294.0,271.0,297.0,236.0,,36.22,47.36,58.26,38.15,,313.18,285.22,309.0,243.36,,95495.75,43.0,274.5,45.0,287.69
55,131,55131,Wisconsin,Washington,136806.0,,138062.0,138527.0,138744.0,17.0,,22.0,29.0,24.0,192.0,,136.0,144.0,116.0,12.43,,15.93,20.93,17.3,140.34,,98.51,103.95,83.61,138034.75,23.0,147.0,16.65,106.6
55,133,55133,Wisconsin,Waukesha,407506.0,409199.0,410846.0,413581.0,415766.0,47.0,73.0,42.0,56.0,49.0,279.0,244.0,296.0,322.0,222.0,11.53,17.84,10.22,13.54,11.79,68.47,59.63,72.05,77.86,53.4,411379.6,53.4,272.6,12.98,66.28
55,139,55139,Wisconsin,Winnebago,171833.0,170651.0,170984.0,172118.0,173294.0,20.0,21.0,15.0,21.0,26.0,288.0,320.0,250.0,208.0,101.0,11.64,12.31,8.77,12.2,15.0,167.6,187.52,146.21,120.85,58.28,171776.0,20.6,233.4,11.98,136.09
55,003,55003,Wisconsin,Ashland,16028.0,,16076.0,,16201.0,20.0,,17.0,,8.0,54.0,,47.0,,56.0,124.78,,105.75,,49.38,336.91,,292.36,,345.66,16101.67,15.0,52.33,93.3,324.98
55,005,55005,Wisconsin,Barron,46719.0,46686.0,46776.0,46886.0,46711.0,23.0,16.0,18.0,17.0,16.0,127.0,109.0,102.0,76.0,79.0,49.23,34.27,38.48,36.26,34.25,271.84,233.47,218.06,162.1,169.13,46755.6,18.0,98.6,38.5,210.92
55,007,55007,Wisconsin,Bayfield,16240.0,,16672.0,,16785.0,15.0,,17.0,,10.0,93.0,,124.0,,81.0,92.36,,101.97,,59.58,572.66,,743.76,,482.57,16565.67,14.0,99.33,84.64,599.66
55,011,55011,Wisconsin,Buffalo,13333.0,13350.0,13402.0,13450.0,13398.0,5.0,9.0,12.0,12.0,7.0,19.0,8.0,27.0,19.0,10.0,37.5,67.42,89.54,89.22,52.25,142.5,59.93,201.46,141.26,74.64,13386.6,9.0,16.6,67.19,123.96
55,013,55013,Wisconsin,Burnett,16580.0,16756.0,16972.0,17106.0,17188.0,45.0,21.0,31.0,32.0,33.0,297.0,190.0,199.0,153.0,183.0,271.41,125.33,182.65,187.07,191.99,1791.31,1133.92,1172.52,894.42,1064.7,16920.4,32.4,204.4,191.69,1211.37
55,019,55019,Wisconsin,Clark,34640.0,34746.0,34772.0,34880.0,34975.0,23.0,28.0,17.0,49.0,32.0,110.0,117.0,88.0,69.0,88.0,66.4,80.58,48.89,140.48,91.49,317.55,336.73,253.08,197.82,251.61,34802.6,29.8,94.4,85.57,271.36
55,023,55023,Wisconsin,Crawford,16082.0,,16036.0,15948.0,15919.0,20.0,,24.0,26.0,15.0,160.0,,250.0,168.0,143.0,124.36,,149.66,163.03,94.23,994.9,,1558.99,1053.42,898.3,15996.25,21.25,180.25,132.82,1126.4
55,027,55027,Wisconsin,Dodge,89343.0,88707.0,88642.0,88666.0,88877.0,39.0,37.0,45.0,44.0,45.0,135.0,136.0,152.0,115.0,78.0,43.65,41.71,50.77,49.62,50.63,151.1,153.31,171.48,129.7,87.76,88847.0,42.0,123.2,47.28,138.67
55,029,55029,Wisconsin,Door,30128.0,30447.0,30629.0,30581.0,30581.0,9.0,10.0,2.0,8.0,18.0,97.0,76.0,21.0,42.0,64.0,29.87,32.84,6.53,26.16,58.86,321.96,249.61,68.56,137.34,209.28,30473.2,9.4,60.0,30.85,197.35
55,037,55037,Wisconsin,Florence,4565.0,,4706.0,,,12.0,,12.0,,,5.0,,7.0,,,262.87,,254.99,,,109.53,,148.75,,,4635.5,12.0,6.0,258.93,129.14
55,041,55041,Wisconsin,Forest,9173.0,,9344.0,,9514.0,12.0,,10.0,,20.0,42.0,,45.0,,16.0,130.82,,107.02,,210.22,457.87,,481.59,,168.17,9343.67,14.0,34.33,149.35,369.21
55,043,55043,Wisconsin,Grant,51989.0,51277.0,51326.0,51907.0,52404.0,29.0,22.0,26.0,17.0,18.0,115.0,101.0,142.0,109.0,70.0,55.78,42.9,50.66,32.75,34.35,221.2,196.97,276.66,209.99,133.58,51780.6,22.4,107.4,43.29,207.68
55,047,55047,Wisconsin,Green Lake,19016.0,,19224.0,19406.0,19332.0,4.0,,2.0,0.0,0.0,50.0,,35.0,27.0,26.0,21.03,,10.4,0.0,0.0,262.94,,182.06,139.13,134.49,19244.5,1.5,34.5,7.86,179.66
55,051,55051,Wisconsin,Iron,6144.0,6179.0,6222.0,,,4.0,2.0,6.0,,,46.0,28.0,12.0,,,65.1,32.37,96.43,,,748.7,453.15,192.86,,,6181.67,4.0,28.67,64.63,464.9
55,053,55053,Wisconsin,Jackson,21096.0,,,20931.0,21033.0,8.0,,,25.0,13.0,139.0,,,95.0,112.0,37.92,,,119.44,61.81,658.89,,,453.87,532.5,21020.0,15.33,115.33,73.06,548.42
55,055,55055,Wisconsin,Jefferson,86219.0,85830.0,85883.0,86086.0,86540.0,23.0,41.0,23.0,22.0,14.0,221.0,113.0,128.0,82.0,130.0,26.68,47.77,26.78,25.56,16.18,256.32,131.66,149.04,95.25,150.22,86111.6,24.6,134.8,28.59,156.5
55,057,55057,Wisconsin,Juneau,26779.0,26766.0,26743.0,26606.0,26646.0,27.0,47.0,37.0,35.0,41.0,186.0,177.0,150.0,118.0,74.0,100.83,175.6,138.35,131.55,153.87,694.57,661.29,560.89,443.51,277.72,26708.0,37.4,141.0,140.04,527.6
55,065,55065,Wisconsin,Lafayette,16619.0,16834.0,16957.0,17067.0,17347.0,8.0,8.0,15.0,6.0,4.0,52.0,45.0,51.0,48.0,29.0,48.14,47.52,88.46,35.16,23.06,312.89,267.32,300.76,281.24,167.18,16964.8,8.2,45.0,48.47,265.88
55,071,55071,Wisconsin,Manitowoc,81401.0,81544.0,81400.0,81600.0,81883.0,24.0,30.0,21.0,25.0,32.0,136.0,111.0,114.0,91.0,80.0,29.48,36.79,25.8,30.64,39.08,167.07,136.12,140.05,111.52,97.7,81565.6,26.4,106.4,32.36,130.49
55,075,55075,Wisconsin,Marinette,41887.0,41860.0,41971.0,42109.0,42390.0,24.0,42.0,31.0,47.0,38.0,182.0,167.0,139.0,90.0,104.0,57.3,100.33,73.86,111.62,89.64,434.5,398.95,331.18,213.73,245.34,42043.4,36.4,136.4,86.55,324.74
55,077,55077,Wisconsin,Marquette,15594.0,15783.0,15797.0,15908.0,15838.0,7.0,3.0,3.0,6.0,7.0,70.0,40.0,77.0,43.0,34.0,44.89,19.01,18.99,37.72,44.2,448.89,253.44,487.43,270.3,214.67,15784.0,5.2,52.8,32.96,334.95
55,078,55078,Wisconsin,Menominee,4258.0,4294.0,,4200.0,4230.0,1.0,1.0,,0.0,3.0,11.0,9.0,,27.0,7.0,23.49,23.29,,0.0,70.92,258.34,209.59,,642.86,165.48,4245.5,1.25,13.5,29.42,319.07
55,081,55081,Wisconsin,Monroe,46307.0,46174.0,46043.0,46246.0,,50.0,24.0,22.0,26.0,,249.0,78.0,38.0,46.0,,107.98,51.98,47.78,56.22,,537.72,168.93,82.53,99.47,,46192.5,30.5,102.75,65.99,222.16
55,085,55085,Wisconsin,Oneida,37864.0,38298.0,38225.0,38156.0,38175.0,24.0,33.0,25.0,36.0,42.0,82.0,93.0,105.0,86.0,65.0,63.38,86.17,65.4,94.35,110.02,216.56,242.83,274.69,225.39,170.27,38143.6,32.0,86.2,83.86,225.95
55,091,55091,Wisconsin,Pepin,7349.0,7383.0,,,7541.0,3.0,8.0,,,2.0,27.0,11.0,,,10.0,40.82,108.36,,,26.52,367.4,148.99,,,132.61,7424.33,4.33,16.0,58.57,216.33
55,095,55095,Wisconsin,Polk,45028.0,45459.0,45590.0,45775.0,45772.0,30.0,48.0,50.0,30.0,49.0,202.0,102.0,135.0,137.0,103.0,66.63,105.59,109.67,65.54,107.05,448.61,224.38,296.12,299.29,225.03,45524.8,41.4,135.8,90.9,298.69
55,097,55097,Wisconsin,Portage,70423.0,69465.0,70764.0,71361.0,71758.0,30.0,22.0,47.0,39.0,46.0,121.0,131.0,123.0,132.0,76.0,42.6,31.67,66.42,54.65,64.1,171.82,188.58,173.82,184.97,105.91,70754.2,36.8,116.6,51.89,165.02
55,099,55099,Wisconsin,Price,14032.0,,14167.0,14094.0,14112.0,5.0,,3.0,11.0,8.0,84.0,,56.0,56.0,39.0,35.63,,21.18,78.05,56.69,598.63,,395.28,397.33,276.36,14101.25,6.75,58.75,47.89,416.9
55,107,55107,Wisconsin,Rusk,14169.0,14099.0,14160.0,14233.0,14126.0,34.0,37.0,33.0,25.0,20.0,35.0,64.0,41.0,35.0,38.0,239.96,262.43,233.05,175.65,141.58,247.02,453.93,289.55,245.91,269.01,14157.4,29.8,42.6,210.53,301.08
55,111,55111,Wisconsin,Sauk,65796.0,65713.0,65944.0,66216.0,66553.0,22.0,34.0,36.0,34.0,23.0,247.0,230.0,212.0,170.0,171.0,33.44,51.74,54.59,51.35,34.56,375.4,350.01,321.48,256.74,256.94,66044.4,29.8,206.0,45.14,312.11
55,113,55113,Wisconsin,Sawyer,18122.0,18223.0,18556.0,18587.0,18791.0,35.0,39.0,44.0,49.0,27.0,138.0,197.0,97.0,100.0,71.0,193.14,214.02,237.12,263.63,143.69,761.51,1081.05,522.74,538.01,377.84,18455.8,38.8,120.6,210.32,656.23
55,115,55115,Wisconsin,Shawano,40859.0,40809.0,40976.0,41140.0,41406.0,31.0,19.0,24.0,21.0,29.0,231.0,256.0,148.0,197.0,170.0,75.87,46.56,58.57,51.05,70.04,565.36,627.31,361.19,478.85,410.57,41038.0,24.8,200.4,60.42,488.66
55,119,55119,Wisconsin,Taylor,19942.0,19953.0,19976.0,20117.0,20097.0,15.0,10.0,10.0,13.0,8.0,62.0,68.0,96.0,61.0,49.0,75.22,50.12,50.06,64.62,39.81,310.9,340.8,480.58,303.23,243.82,20017.0,11.2,67.2,55.97,335.87
55,121,55121,Wisconsin,Trempealeau,30825.0,,30923.0,31006.0,30928.0,13.0,,8.0,25.0,6.0,58.0,,36.0,38.0,81.0,42.17,,25.87,80.63,19.4,188.16,,116.42,122.56,261.9,30920.5,13.0,53.25,42.02,172.26
55,123,55123,Wisconsin,Vernon,30695.0,,31080.0,31115.0,31365.0,4.0,,14.0,15.0,19.0,94.0,,107.0,32.0,50.0,13.03,,45.05,48.21,60.58,306.24,,344.27,102.84,159.41,31063.75,13.0,70.75,41.72,228.19
55,125,55125,Wisconsin,Vilas,23093.0,23489.0,23722.0,23822.0,23753.0,4.0,4.0,0.0,3.0,5.0,93.0,90.0,68.0,61.0,68.0,17.32,17.03,0.0,12.59,21.05,402.72,383.16,286.65,256.07,286.28,23575.8,3.2,76.0,13.6,322.98
55,127,55127,Wisconsin,Walworth,105324.0,105273.0,105843.0,106192.0,106123.0,17.0,12.0,19.0,7.0,20.0,94.0,66.0,75.0,145.0,106.0,16.14,11.4,17.95,6.59,18.85,89.25,62.69,70.86,136.55,99.88,105751.0,15.0,97.2,14.19,91.85
55,129,55129,Wisconsin,Washburn,16618.0,16755.0,16905.0,16996.0,17024.0,15.0,9.0,13.0,5.0,14.0,90.0,77.0,45.0,58.0,67.0,90.26,53.72,76.9,29.42,82.24,541.58,459.56,266.19,341.26,393.56,16859.6,11.2,67.4,66.51,400.43
55,137,55137,Wisconsin,Waushara,24532.0,24755.0,24923.0,25045.0,25073.0,21.0,20.0,18.0,9.0,5.0,113.0,90.0,132.0,95.0,82.0,85.6,80.79,72.22,35.94,19.94,460.62,363.56,529.63,379.32,327.05,24865.6,14.6,102.4,58.9,412.04
55,141,55141,Wisconsin,Wood,74180.0,74022.0,73879.0,74232.0,74255.0,17.0,51.0,45.0,35.0,36.0,127.0,110.0,98.0,83.0,59.0,22.92,68.9,60.91,47.15,48.48,171.21,148.6,132.65,111.81,79.46,74113.6,36.8,95.4,49.67,128.75
56,021,56021,Wyoming,Laramie,100727.0,100826.0,100806.0,100995.0,101687.0,83.0,69.0,52.0,28.0,53.0,424.0,571.0,324.0,302.0,268.0,82.4,68.43,51.58,27.72,52.12,420.94,566.32,321.41,299.02,263.55,101008.2,57.0,377.8,56.45,374.25
56,025,56025,Wyoming,Natrona,80299.0,79665.0,79585.0,79976.0,80271.0,47.0,21.0,16.0,10.0,5.0,146.0,134.0,112.0,54.0,51.0,58.53,26.36,20.1,12.5,6.23,181.82,168.2,140.73,67.52,63.53,79959.2,19.8,99.4,24.74,124.36
56,003,56003,Wyoming,Big Horn,11480.0,,,,,5.0,,,,,22.0,,,,,43.55,,,,,191.64,,,,,11480.0,5.0,22.0,43.55,191.64
56,005,56005,Wyoming,Campbell,47146.0,46556.0,47058.0,47580.0,48092.0,41.0,19.0,23.0,40.0,32.0,116.0,149.0,106.0,112.0,91.0,86.96,40.81,48.88,84.07,66.54,246.04,320.04,225.25,235.39,189.22,47286.4,31.0,114.8,65.45,243.19
56,007,56007,Wyoming,Carbon,14508.0,,,,,9.0,,,,,25.0,,,,,62.03,,,,,172.32,,,,,14508.0,9.0,25.0,62.03,172.32
56,009,56009,Wyoming,Converse,13748.0,13671.0,13773.0,13873.0,13790.0,9.0,9.0,3.0,3.0,4.0,35.0,57.0,43.0,32.0,29.0,65.46,65.83,21.78,21.62,29.01,254.58,416.94,312.21,230.66,210.3,13771.0,5.6,39.2,40.74,284.94
56,011,56011,Wyoming,Crook,7183.0,7311.0,7418.0,7591.0,7791.0,5.0,6.0,3.0,5.0,3.0,17.0,28.0,27.0,14.0,18.0,69.61,82.07,40.44,65.87,38.51,236.67,382.98,363.98,184.43,231.04,7458.8,4.4,20.8,59.3,279.82
56,013,56013,Wyoming,Fremont,39192.0,,,,,16.0,,,,,199.0,,,,,40.82,,,,,507.76,,,,,39192.0,16.0,199.0,40.82,507.76
56,015,56015,Wyoming,Goshen,12520.0,12571.0,12633.0,12664.0,12639.0,16.0,5.0,2.0,3.0,2.0,60.0,42.0,49.0,21.0,21.0,127.8,39.77,15.83,23.69,15.82,479.23,334.1,387.87,165.82,166.15,12605.4,5.6,38.6,44.58,306.63
56,017,56017,Wyoming,Hot Springs,4621.0,4600.0,4612.0,4651.0,4606.0,0.0,2.0,0.0,0.0,0.0,19.0,10.0,10.0,4.0,3.0,0.0,43.48,0.0,0.0,0.0,411.17,217.39,216.83,86.0,65.13,4618.0,0.4,9.2,8.7,199.3
56,019,56019,Wyoming,Johnson,8469.0,8631.0,8736.0,8799.0,8829.0,9.0,4.0,3.0,6.0,4.0,42.0,36.0,39.0,19.0,36.0,106.27,46.34,34.34,68.19,45.31,495.93,417.1,446.43,215.93,407.75,8692.8,5.2,34.4,60.09,396.63
56,023,56023,Wyoming,Lincoln,19654.0,20171.0,20674.0,20893.0,20988.0,19.0,15.0,18.0,14.0,7.0,84.0,60.0,76.0,56.0,39.0,96.67,74.36,87.07,67.01,33.35,427.39,297.46,367.61,268.03,185.82,20476.0,14.6,63.0,71.69,309.26
56,027,56027,Wyoming,Niobrara,2451.0,2415.0,2341.0,2320.0,2315.0,3.0,4.0,0.0,4.0,4.0,13.0,10.0,6.0,6.0,13.0,122.4,165.63,0.0,172.41,172.79,530.4,414.08,256.3,258.62,561.56,2368.4,3.0,9.6,126.65,404.19
56,029,56029,Wyoming,Park,29670.0,30149.0,30526.0,30817.0,31107.0,17.0,16.0,20.0,19.0,17.0,74.0,80.0,69.0,77.0,50.0,57.3,53.07,65.52,61.65,54.65,249.41,265.35,226.04,249.86,160.74,30453.8,17.8,70.0,58.44,230.28
56,031,56031,Wyoming,Platte,8632.0,,,,8563.0,2.0,,,,4.0,48.0,,,,3.0,23.17,,,,46.71,556.07,,,,35.03,8597.5,3.0,25.5,34.94,295.55
56,033,56033,Wyoming,Sheridan,31006.0,31670.0,32050.0,32617.0,32933.0,10.0,14.0,7.0,3.0,10.0,45.0,45.0,38.0,50.0,19.0,32.25,44.21,21.84,9.2,30.36,145.13,142.09,118.56,153.29,57.69,32055.2,8.8,39.4,27.57,123.35
56,035,56035,Wyoming,Sublette,8740.0,8722.0,8760.0,8968.0,8949.0,1.0,5.0,6.0,6.0,9.0,43.0,43.0,34.0,22.0,30.0,11.44,57.33,68.49,66.9,100.57,491.99,493.01,388.13,245.32,335.23,8827.8,5.4,34.4,60.95,390.74
56,037,56037,Wyoming,Sweetwater,42194.0,41636.0,41319.0,41294.0,41350.0,16.0,17.0,15.0,9.0,11.0,76.0,98.0,82.0,85.0,87.0,37.92,40.83,36.3,21.79,26.6,180.12,235.37,198.46,205.84,210.4,41558.6,13.6,85.6,32.69,206.04
56,041,56041,Wyoming,Uinta,20462.0,20691.0,20715.0,20693.0,20653.0,8.0,14.0,8.0,9.0,4.0,37.0,42.0,48.0,42.0,22.0,39.1,67.66,38.62,43.49,19.37,180.82,202.99,231.72,202.97,106.52,20642.8,8.6,38.2,41.65,185.0
56,043,56043,Wyoming,Washakie,7659.0,7723.0,7738.0,7731.0,7637.0,3.0,4.0,5.0,0.0,2.0,6.0,7.0,7.0,18.0,7.0,39.17,51.79,64.62,0.0,26.19,78.34,90.64,90.46,232.83,91.66,7697.6,2.8,9.0,36.35,116.79
56,045,56045,Wyoming,Weston,6820.0,6750.0,6870.0,6828.0,6870.0,3.0,9.0,2.0,4.0,2.0,0.0,26.0,20.0,17.0,25.0,43.99,133.33,29.11,58.58,29.11,0.0,385.19,291.12,248.97,363.9,6827.6,4.0,17.6,58.82,257.84
01,007,01007,Alabama,Bibb,,22346.0,21976.0,21881.0,22225.0,,26.0,26.0,25.0,34.0,,104.0,94.0,82.0,78.0,,116.35,118.31,114.25,152.98,,465.41,427.74,374.75,350.96,22107.0,27.75,89.5,125.47,404.72
01,009,01009,Alabama,Blount,,59036.0,59450.0,59771.0,60173.0,,66.0,103.0,111.0,82.0,,259.0,571.0,376.0,298.0,,111.8,173.25,185.71,136.27,,438.72,960.47,629.07,495.24,59607.5,90.5,376.0,151.76,630.88
01,033,01033,Alabama,Colbert,,57651.0,58048.0,58459.0,59073.0,,61.0,58.0,21.0,15.0,,241.0,195.0,73.0,90.0,,105.81,99.92,35.92,25.39,,418.03,335.93,124.87,152.35,58307.75,38.75,149.75,66.76,257.8
01,055,01055,Alabama,Etowah,,102924.0,102842.0,103227.0,103475.0,,27.0,6.0,17.0,13.0,,121.0,47.0,63.0,55.0,,26.23,5.83,16.47,12.56,,117.56,45.7,61.03,53.15,103117.0,15.75,71.5,15.27,69.36
01,061,01061,Alabama,Geneva,,26630.0,26782.0,,27331.0,,23.0,5.0,,0.0,,151.0,76.0,,0.0,,86.37,18.67,,0.0,,567.03,283.77,,0.0,26914.33,9.33,75.67,35.01,283.6
01,067,01067,Alabama,Henry,,17419.0,17644.0,17901.0,18234.0,,21.0,34.0,31.0,15.0,,51.0,100.0,82.0,71.0,,120.56,192.7,173.17,82.26,,292.78,566.76,458.07,389.38,17799.5,25.25,76.0,142.17,426.75
01,069,01069,Alabama,Houston,,107470.0,108170.0,108726.0,109707.0,,11.0,128.0,125.0,147.0,,113.0,528.0,488.0,495.0,,10.24,118.33,114.97,133.99,,105.15,488.12,448.83,451.2,108518.25,102.75,406.0,94.38,373.32
01,077,01077,Alabama,Lauderdale,,94877.0,95916.0,96794.0,97298.0,,44.0,104.0,110.0,95.0,,428.0,431.0,393.0,274.0,,46.38,108.43,113.64,97.64,,451.11,449.35,406.02,281.61,96221.25,88.25,381.5,91.52,397.02
01,079,01079,Alabama,Lawrence,,33064.0,33187.0,33516.0,33651.0,,22.0,21.0,27.0,19.0,,76.0,75.0,82.0,50.0,,66.54,63.28,80.56,56.46,,229.86,225.99,244.66,148.58,33354.5,22.25,70.75,66.71,212.27
01,085,01085,Alabama,Lowndes,,9945.0,9799.0,,9517.0,,64.0,7.0,,16.0,,224.0,50.0,,15.0,,643.54,71.44,,168.12,,2252.39,510.26,,157.61,9753.67,29.0,96.33,294.37,973.42
01,097,01097,Alabama,Mobile,,413299.0,411378.0,411693.0,412193.0,,265.0,328.0,165.0,265.0,,1288.0,1284.0,755.0,800.0,,64.12,79.73,40.08,64.29,,311.64,312.12,183.39,194.08,412140.75,255.75,1031.75,62.06,250.31
01,117,01117,Alabama,Shelby,,227449.0,230157.0,,235806.0,,5.0,1.0,,68.0,,24.0,11.0,,33.0,,2.2,0.43,,28.84,,10.55,4.78,,13.99,231137.33,24.67,22.67,10.49,9.77
01,115,01115,Alabama,St. Clair,,92898.0,93914.0,95578.0,97046.0,,42.0,87.0,85.0,79.0,,121.0,276.0,248.0,334.0,,45.21,92.64,88.93,81.4,,130.25,293.89,259.47,344.17,94859.0,73.25,244.75,77.04,256.94
01,129,01129,Alabama,Washington,,15233.0,15105.0,15030.0,14972.0,,21.0,18.0,23.0,24.0,,99.0,57.0,74.0,78.0,,137.86,119.17,153.03,160.3,,649.9,377.36,492.35,520.97,15085.0,21.5,77.0,142.59,510.15
01,005,01005,Alabama,Barbour,,24510.0,24744.0,24681.0,24520.0,,19.0,13.0,8.0,11.0,,55.0,24.0,26.0,15.0,,77.52,52.54,32.41,44.86,,224.4,96.99,105.34,61.17,24613.75,12.75,30.0,51.83,121.98
01,027,01027,Alabama,Clay,,14164.0,14206.0,14145.0,14212.0,,25.0,15.0,16.0,16.0,,65.0,48.0,60.0,51.0,,176.5,105.59,113.11,112.58,,458.91,337.89,424.18,358.85,14181.75,18.0,56.0,126.94,394.96
01,029,01029,Alabama,Cleburne,,15161.0,15356.0,15645.0,15838.0,,18.0,13.0,10.0,19.0,,188.0,164.0,114.0,111.0,,118.73,84.66,63.92,119.96,,1240.02,1067.99,728.67,700.85,15500.0,15.0,144.25,96.82,934.38
01,039,01039,Alabama,Covington,,37523.0,37526.0,37940.0,37966.0,,8.0,0.0,5.0,1.0,,101.0,0.0,20.0,8.0,,21.32,0.0,13.18,2.63,,269.17,0.0,52.71,21.07,37738.75,3.5,32.25,9.28,85.74
01,041,01041,Alabama,Crenshaw,,13060.0,13086.0,13156.0,13139.0,,15.0,27.0,23.0,5.0,,74.0,84.0,92.0,18.0,,114.85,206.33,174.83,38.05,,566.62,641.91,699.3,137.0,13110.25,17.5,67.0,133.51,511.21
01,043,01043,Alabama,Cullman,,89579.0,90600.0,91916.0,92771.0,,109.0,92.0,103.0,78.0,,918.0,730.0,687.0,644.0,,121.68,101.55,112.06,84.08,,1024.79,805.74,747.42,694.18,91216.5,95.5,744.75,104.84,818.03
01,047,01047,Alabama,Dallas,,37486.0,36757.0,36271.0,35584.0,,81.0,61.0,94.0,93.0,,302.0,264.0,219.0,303.0,,216.08,165.95,259.16,261.35,,805.63,718.23,603.79,851.51,36524.5,82.25,272.0,225.64,744.79
01,049,01049,Alabama,DeKalb,,71878.0,72064.0,72633.0,73581.0,,56.0,16.0,22.0,27.0,,169.0,109.0,131.0,157.0,,77.91,22.2,30.29,36.69,,235.12,151.25,180.36,213.37,72539.0,30.25,141.5,41.77,195.02
01,057,01057,Alabama,Fayette,,16125.0,16044.0,15966.0,15921.0,,3.0,10.0,5.0,10.0,,27.0,31.0,39.0,17.0,,18.6,62.33,31.32,62.81,,167.44,193.22,244.27,106.78,16014.0,7.0,28.5,43.76,177.93
01,087,01087,Alabama,Macon,,18914.0,18538.0,18365.0,18275.0,,5.0,14.0,14.0,10.0,,16.0,20.0,55.0,12.0,,26.44,75.52,76.23,54.72,,84.59,107.89,299.48,65.66,18523.0,10.75,25.75,58.23,139.4
01,093,01093,Alabama,Marion,,28990.0,29183.0,29277.0,29358.0,,2.0,3.0,4.0,11.0,,34.0,15.0,19.0,49.0,,6.9,10.28,13.66,37.47,,117.28,51.4,64.9,166.91,29202.0,5.0,29.25,17.08,100.12
01,095,01095,Alabama,Marshall,,98262.0,99681.0,101307.0,102860.0,,37.0,40.0,49.0,40.0,,295.0,320.0,193.0,545.0,,37.65,40.13,48.37,38.89,,300.22,321.02,190.51,529.85,100527.5,41.5,338.25,41.26,335.4
01,099,01099,Alabama,Monroe,,19532.0,19407.0,19267.0,19089.0,,18.0,16.0,25.0,16.0,,39.0,38.0,27.0,31.0,,92.16,82.44,129.76,83.82,,199.67,195.81,140.14,162.4,19323.75,18.75,33.75,97.04,174.5
01,111,01111,Alabama,Randolph,,22165.0,22450.0,22800.0,23066.0,,34.0,28.0,46.0,49.0,,210.0,177.0,165.0,149.0,,153.39,124.72,201.75,212.43,,947.44,788.42,723.68,645.97,22620.25,39.25,175.25,173.07,776.38
01,121,01121,Alabama,Talladega,,80549.0,80664.0,81060.0,81481.0,,90.0,95.0,76.0,79.0,,406.0,421.0,386.0,311.0,,111.73,117.77,93.76,96.96,,504.04,521.92,476.19,381.68,80938.5,85.0,381.0,105.06,470.96
01,123,01123,Alabama,Tallapoosa,,41101.0,40939.0,40804.0,40892.0,,34.0,35.0,22.0,8.0,,83.0,88.0,73.0,61.0,,82.72,85.49,53.92,19.56,,201.94,214.95,178.9,149.17,40934.0,24.75,76.25,60.42,186.24
01,133,01133,Alabama,Winston,,23656.0,23749.0,23684.0,23870.0,,9.0,9.0,12.0,20.0,,88.0,66.0,102.0,95.0,,38.05,37.9,50.67,83.79,,372.0,277.91,430.67,397.99,23739.75,12.5,87.75,52.6,369.64
04,003,04003,Arizona,Cochise,,126215.0,125418.0,124716.0,,,86.0,99.0,105.0,,,296.0,385.0,374.0,,,68.14,78.94,84.19,,,234.52,306.97,299.88,,125449.67,96.67,351.67,77.09,280.46
04,005,04005,Arizona,Coconino,,142851.0,144078.0,144554.0,,,94.0,99.0,127.0,,,213.0,298.0,265.0,,,65.8,68.71,87.86,,,149.11,206.83,183.32,,143827.67,106.67,258.67,74.12,179.75
05,059,05059,Arkansas,Hot Spring,,33079.0,33154.0,,,,24.0,10.0,,,,122.0,87.0,,,,72.55,30.16,,,,368.81,262.41,,,33116.5,17.0,104.5,51.36,315.61
05,075,05075,Arkansas,Lawrence,,16289.0,16123.0,16181.0,16200.0,,31.0,26.0,23.0,27.0,,85.0,112.0,69.0,72.0,,190.31,161.26,142.14,166.67,,521.82,694.66,426.43,444.44,16198.25,26.75,84.5,165.1,521.84
05,089,05089,Arkansas,Marion,,16965.0,17237.0,17492.0,17575.0,,27.0,57.0,42.0,24.0,,122.0,132.0,130.0,84.0,,159.15,330.68,240.11,136.56,,719.13,765.79,743.2,477.95,17317.25,37.5,117.0,216.62,676.52
05,101,05101,Arkansas,Newton,,7164.0,7086.0,7078.0,7042.0,,28.0,22.0,19.0,18.0,,47.0,39.0,38.0,38.0,,390.84,310.47,268.44,255.61,,656.06,550.38,536.87,539.62,7092.5,21.75,40.5,306.34,570.73
05,137,05137,Arkansas,Stone,,12445.0,,12668.0,12731.0,,27.0,,26.0,29.0,,56.0,,98.0,56.0,,216.95,,205.24,227.79,,449.98,,773.6,439.87,12614.67,27.33,70.0,216.66,554.48
,,,Arkansas,San Diego,,,,,,,,,,,,,,,,,,,,,,,,,,,,,,
08,059,08059,Colorado,Jefferson,,581002.0,576703.0,578084.0,580359.0,,386.0,421.0,347.0,430.0,,3287.0,3371.0,2533.0,2356.0,,66.44,73.0,60.03,74.09,,565.75,584.53,438.17,405.96,579037.0,396.0,2886.75,68.39,498.6
08,069,08069,Colorado,Larimer,,362865.0,367972.0,371192.0,374200.0,,187.0,205.0,210.0,175.0,,883.0,1083.0,926.0,712.0,,51.53,55.71,56.57,46.77,,243.34,294.32,249.47,190.27,369057.25,194.25,901.0,52.64,244.35
08,003,08003,Colorado,Alamosa,,16584.0,16630.0,16695.0,16691.0,,14.0,15.0,17.0,11.0,,104.0,109.0,136.0,115.0,,84.42,90.2,101.83,65.9,,627.11,655.44,814.62,688.99,16650.0,14.25,116.0,85.59,696.54
08,007,08007,Colorado,Archuleta,,13808.0,13975.0,14156.0,14134.0,,41.0,20.0,16.0,18.0,,88.0,46.0,11.0,20.0,,296.93,143.11,113.03,127.35,,637.31,329.16,77.71,141.5,14018.25,23.75,41.25,170.1,296.42
08,009,08009,Colorado,Baca,,3491.0,3430.0,,,,2.0,1.0,,,,3.0,0.0,,,,57.29,29.15,,,,85.94,0.0,,,3460.5,1.5,1.5,43.22,42.97
08,063,08063,Colorado,Kit Carson,,6930.0,7000.0,7000.0,7027.0,,5.0,3.0,0.0,8.0,,21.0,25.0,28.0,22.0,,72.15,42.86,0.0,113.85,,303.03,357.14,400.0,313.08,6989.25,4.0,24.0,57.22,343.31
08,065,08065,Colorado,Lake,,7404.0,,,7471.0,,6.0,,,14.0,,22.0,,,18.0,,81.04,,,187.39,,297.14,,,240.93,7437.5,10.0,20.0,134.22,269.03
13,059,13059,Georgia,Clarke,,129248.0,130067.0,130531.0,130750.0,,0.0,0.0,0.0,0.0,,0.0,0.0,0.0,0.0,,0.0,0.0,0.0,0.0,,0.0,0.0,0.0,0.0,130149.0,0.0,0.0,0.0,0.0
13,085,13085,Georgia,Dawson,,28527.0,30237.0,31833.0,33945.0,,52.0,59.0,35.0,50.0,,314.0,239.0,209.0,268.0,,182.28,195.13,109.95,147.3,,1100.71,790.42,656.55,789.51,31135.5,49.0,257.5,158.66,834.3
13,089,13089,Georgia,DeKalb,,759708.0,764752.0,768424.0,772584.0,,25.0,23.0,23.0,20.0,,0.0,1.0,0.0,0.0,,3.29,3.01,2.99,2.59,,0.0,0.13,0.0,0.0,766367.0,22.75,0.25,2.97,0.03
,,,Georgia,DeKalb County Police Department,,,,,,,,,,,,,,,,,,,,,,,,,,,,,,
,,,Georgia,Fulton County Police Department,,,,,,,,,,,,,,,,,,,,,,,,,,,,,,
13,127,13127,Georgia,Glynn,,84827.0,,,,,0.0,,,,,0.0,,,,,0.0,,,,,0.0,,,,84827.0,0.0,0.0,0.0,0.0
,,,Georgia,Glynn County Police Department,,,,,,,,,,,,,,,,,,,,,,,,,,,,,,
,,,Georgia,Henry County Police Department,,,,,,,,,,,,,,,,,,,,,,,,,,,,,,
13,171,13171,Georgia,Lamar,,18700.0,,,,,9.0,,,,,79.0,,,,,48.13,,,,,422.46,,,,18700.0,9.0,79.0,48.13,422.46
13,191,13191,Georgia,McIntosh,,11069.0,11194.0,11569.0,11817.0,,20.0,24.0,30.0,12.0,,129.0,175.0,193.0,106.0,,180.68,214.4,259.31,101.55,,1165.42,1563.34,1668.25,897.01,11412.25,21.5,150.75,188.98,1323.5
13,219,13219,Georgia,Oconee,,43030.0,43622.0,44114.0,44524.0,,42.0,28.0,24.0,28.0,,518.0,597.0,593.0,511.0,,97.61,64.19,54.4,62.89,,1203.81,1368.58,1344.24,1147.7,43822.5,30.5,554.75,69.77,1266.08
13,247,13247,Georgia,Rockdale,,93867.0,,96131.0,97402.0,,59.0,,76.0,129.0,,17.0,,337.0,726.0,,62.85,,79.06,132.44,,18.11,,350.56,745.36,95800.0,88.0,360.0,91.45,371.34
13,031,13031,Georgia,Bulloch,,80684.0,83011.0,84336.0,85598.0,,24.0,5.0,31.0,28.0,,308.0,271.0,253.0,223.0,,29.75,6.02,36.76,32.71,,381.74,326.46,299.99,260.52,83407.25,22.0,263.75,26.31,317.18
13,043,13043,Georgia,Candler,,10958.0,11000.0,11093.0,11164.0,,15.0,16.0,12.0,25.0,,91.0,66.0,63.0,57.0,,136.89,145.45,108.18,223.93,,830.44,600.0,567.93,510.57,11053.75,17.0,69.25,153.61,627.24
13,065,13065,Georgia,Clinch,,6715.0,6692.0,6794.0,6834.0,,1.0,3.0,5.0,2.0,,33.0,36.0,40.0,30.0,,14.89,44.83,73.59,29.27,,491.44,537.96,588.75,438.98,6758.75,2.75,34.75,40.65,514.28
13,069,13069,Georgia,Coffee,,43041.0,43265.0,43457.0,44118.0,,70.0,110.0,73.0,54.0,,329.0,373.0,304.0,300.0,,162.64,254.25,167.98,122.4,,764.39,862.13,699.54,679.99,43470.25,76.75,326.5,176.82,751.51
13,111,13111,Georgia,Fannin,,25829.0,25740.0,25957.0,25964.0,,17.0,42.0,42.0,28.0,,117.0,216.0,186.0,151.0,,65.82,163.17,161.81,107.84,,452.98,839.16,716.57,581.57,25872.5,32.25,167.5,124.66,647.57
13,125,13125,Georgia,Glascock,,2900.0,2925.0,2962.0,3052.0,,10.0,3.0,2.0,3.0,,30.0,19.0,19.0,23.0,,344.83,102.56,67.52,98.3,,1034.48,649.57,641.46,753.6,2959.75,4.5,22.75,153.3,769.78
13,147,13147,Georgia,Hart,,26295.0,26813.0,27533.0,28149.0,,74.0,51.0,68.0,56.0,,206.0,191.0,187.0,134.0,,281.42,190.21,246.98,198.94,,783.42,712.34,679.18,476.04,27197.5,62.25,179.5,229.39,662.74
13,163,13163,Georgia,Jefferson,,15490.0,15329.0,,15159.0,,34.0,19.0,,22.0,,116.0,101.0,,102.0,,219.5,123.95,,145.13,,748.87,658.88,,672.87,15326.0,25.0,106.33,162.86,693.54
13,237,13237,Georgia,Putnam,,22616.0,22924.0,23193.0,23534.0,,37.0,33.0,27.0,31.0,,159.0,139.0,135.0,121.0,,163.6,143.95,116.41,131.72,,703.04,606.35,582.07,514.15,23066.75,32.0,138.5,138.92,601.4
13,249,13249,Georgia,Schley,,4489.0,4507.0,,4523.0,,3.0,4.0,,5.0,,14.0,11.0,,14.0,,66.83,88.75,,110.55,,311.87,244.06,,309.53,4506.33,4.0,13.0,88.71,288.49
13,285,13285,Georgia,Troup,,69768.0,70608.0,71376.0,72220.0,,65.0,103.0,56.0,57.0,,436.0,528.0,456.0,397.0,,93.17,145.88,78.46,78.93,,624.93,747.79,638.87,549.71,70993.0,70.25,454.25,99.11,640.32
13,303,13303,Georgia,Washington,,19756.0,,,,,35.0,,,,,115.0,,,,,177.16,,,,,582.1,,,,19756.0,35.0,115.0,177.16,582.1
13,309,13309,Georgia,Wheeler,,7747.0,7302.0,7074.0,,,4.0,9.0,7.0,,,38.0,54.0,43.0,,,51.63,123.25,98.95,,,490.51,739.52,607.86,,7374.33,6.67,45.0,91.28,612.63
16,005,16005,Idaho,Bannock,,88605.0,89855.0,90538.0,,,13.0,16.0,7.0,,,73.0,98.0,75.0,,,14.67,17.81,7.73,,,82.39,109.06,82.84,,89666.0,12.0,82.0,13.4,91.43
16,041,16041,Idaho,Franklin,,14675.0,15179.0,15533.0,15662.0,,4.0,2.0,0.0,6.0,,22.0,11.0,15.0,9.0,,27.26,13.18,0.0,38.31,,149.91,72.47,96.57,57.46,15262.25,3.0,14.25,19.69,94.1
,,,Idaho,Champaign,,,,,,,,,,,,,,,,,,,,,,,,,,,,,,
,,,Idaho,Henry,,,,,,,,,,,,,,,,,,,,,,,,,,,,,,
,,,Idaho,Jackson,,,,,,,,,,,,,,,,,,,,,,,,,,,,,,
,,,Idaho,Jersey,,,,,,,,,,,,,,,,,,,,,,,,,,,,,,
,,,Idaho,Kendall,,,,,,,,,,,,,,,,,,,,,,,,,,,,,,
,,,Idaho,Macon,,,,,,,,,,,,,,,,,,,,,,,,,,,,,,
,,,Idaho,McLean,,,,,,,,,,,,,,,,,,,,,,,,,,,,,,
,,,Idaho,Sangamon,,,,,,,,,,,,,,,,,,,,,,,,,,,,,,
,,,Idaho,St. Clair,,,,,,,,,,,,,,,,,,,,,,,,,,,,,,
,,,Idaho,Tazewell,,,,,,,,,,,,,,,,,,,,,,,,,,,,,,
,,,Idaho,Iroquois,,,,,,,,,,,,,,,,,,,,,,,,,,,,,,
18,003,18003,Indiana,Allen,,389023.0,,394845.0,399094.0,,55.0,,59.0,104.0,,619.0,,588.0,634.0,,14.14,,14.94,26.06,,159.12,,148.92,158.86,394320.67,72.67,613.67,18.38,155.63
18,005,18005,Indiana,Bartholomew,,82699.0,83542.0,84071.0,84942.0,,2.0,0.0,2.0,0.0,,31.0,30.0,25.0,23.0,,2.42,0.0,2.38,0.0,,37.49,35.91,29.74,27.08,83813.5,1.0,27.25,1.2,32.56
18,035,18035,Indiana,Delaware,,112021.0,112091.0,112341.0,112752.0,,21.0,55.0,45.0,22.0,,198.0,266.0,223.0,184.0,,18.75,49.07,40.06,19.51,,176.75,237.31,198.5,163.19,112301.25,35.75,217.75,31.85,193.94
18,039,18039,Indiana,Elkhart,,206970.0,207185.0,207133.0,208196.0,,20.0,58.0,137.0,127.0,,97.0,297.0,700.0,805.0,,9.66,27.99,66.14,61.0,,46.87,143.35,337.95,386.65,207371.0,85.5,474.75,41.2,228.7
18,043,18043,Indiana,Floyd,,80490.0,80552.0,,81799.0,,21.0,36.0,,27.0,,251.0,175.0,,100.0,,26.09,44.69,,33.01,,311.84,217.25,,122.25,80947.0,28.0,175.33,34.6,217.11
18,057,18057,Indiana,Hamilton,,357542.0,366036.0,372450.0,379685.0,,21.0,29.0,35.0,27.0,,144.0,121.0,103.0,99.0,,5.87,7.92,9.4,7.11,,40.27,33.06,27.65,26.07,368928.25,28.0,116.75,7.57,31.76
18,061,18061,Indiana,Harrison,,39805.0,39805.0,40046.0,40186.0,,63.0,62.0,72.0,85.0,,287.0,191.0,170.0,149.0,,158.27,155.76,179.79,211.52,,721.01,479.84,424.51,370.78,39960.5,70.5,199.25,176.33,499.04
18,095,18095,Indiana,Madison,,130524.0,130977.0,132031.0,133572.0,,27.0,27.0,20.0,30.0,,185.0,253.0,181.0,151.0,,20.69,20.61,15.15,22.46,,141.74,193.16,137.09,113.05,131776.0,26.0,192.5,19.73,146.26
18,127,18127,Indiana,Porter,,174457.0,174767.0,174845.0,175420.0,,57.0,75.0,64.0,29.0,,195.0,208.0,190.0,82.0,,32.67,42.91,36.6,16.53,,111.78,119.02,108.67,46.74,174872.25,56.25,168.75,32.18,96.55
18,129,18129,Indiana,Posey,,25160.0,25081.0,25024.0,25058.0,,27.0,17.0,20.0,27.0,,127.0,98.0,75.0,52.0,,107.31,67.78,79.92,107.75,,504.77,390.73,299.71,207.52,25080.75,22.75,88.0,90.69,350.68
18,163,18163,Indiana,Vanderburgh,,180098.0,179604.0,180246.0,181140.0,,142.0,168.0,193.0,204.0,,361.0,411.0,455.0,451.0,,78.85,93.54,107.08,112.62,,200.45,228.84,252.43,248.98,180272.0,176.75,419.5,98.02,232.68
18,175,18175,Indiana,Washington,,28125.0,28152.0,28185.0,28358.0,,46.0,47.0,22.0,17.0,,122.0,84.0,70.0,59.0,,163.56,166.95,78.06,59.95,,433.78,298.38,248.36,208.05,28205.0,33.0,83.75,117.13,297.14
18,023,18023,Indiana,Clinton,,32994.0,,33091.0,33307.0,,6.0,,7.0,8.0,,69.0,,52.0,36.0,,18.19,,21.15,24.02,,209.13,,157.14,108.09,33130.67,7.0,52.33,21.12,158.12
18,037,18037,Indiana,Dubois,,43522.0,,,,,9.0,,,,,62.0,,,,,20.68,,,,,142.46,,,,43522.0,9.0,62.0,20.68,142.46
18,049,18049,Indiana,Fulton,,20404.0,,,,,13.0,,,,,73.0,,,,,63.71,,,,,357.77,,,,20404.0,13.0,73.0,63.71,357.77
18,051,18051,Indiana,Gibson,,32961.0,,,32998.0,,26.0,,,32.0,,111.0,,,113.0,,78.88,,,96.98,,336.76,,,342.44,32979.5,29.0,112.0,87.93,339.6
18,065,18065,Indiana,Henry,,48919.0,,,49021.0,,11.0,,,2.0,,145.0,,,84.0,,22.49,,,4.08,,296.41,,,171.36,48970.0,6.5,114.5,13.28,233.89
19,011,19011,Iowa,Benton,,25747.0,25748.0,25773.0,25845.0,,20.0,35.0,34.0,24.0,,99.0,64.0,68.0,69.0,,77.68,135.93,131.92,92.86,,384.51,248.56,263.84,266.98,25778.25,28.25,75.0,109.6,290.97
19,103,19103,Iowa,Johnson,,155142.0,156681.0,157729.0,158863.0,,74.0,68.0,24.0,52.0,,201.0,170.0,127.0,121.0,,47.7,43.4,15.22,32.73,,129.56,108.5,80.52,76.17,157103.75,54.5,154.75,34.76,98.69
19,105,19105,Iowa,Jones,,20836.0,20969.0,20933.0,21171.0,,18.0,16.0,14.0,5.0,,45.0,16.0,35.0,25.0,,86.39,76.3,66.88,23.62,,215.97,76.3,167.2,118.09,20977.25,13.25,30.25,63.3,144.39
19,197,19197,Iowa,Wright,,12818.0,12750.0,12825.0,12848.0,,8.0,5.0,5.0,3.0,,24.0,22.0,11.0,12.0,,62.41,39.22,38.99,23.35,,187.24,172.55,85.77,93.4,12810.25,5.25,17.25,40.99,134.74
20,045,20045,Kansas,Douglas,,119527.0,,120727.0,120939.0,,50.0,,21.0,27.0,,85.0,,53.0,67.0,,41.83,,17.39,22.33,,71.11,,43.9,55.4,120397.67,32.67,68.33,27.18,56.8
20,107,20107,Kansas,Linn,,9755.0,,9900.0,9864.0,,7.0,,15.0,10.0,,82.0,,57.0,52.0,,71.76,,151.52,101.38,,840.59,,575.76,527.17,9839.67,10.67,63.67,108.22,647.84
20,023,20023,Kansas,Cheyenne,,2636.0,2614.0,2621.0,2618.0,,1.0,7.0,3.0,5.0,,33.0,19.0,22.0,15.0,,37.94,267.79,114.46,190.99,,1251.9,726.86,839.37,572.96,2622.25,4.0,22.25,152.8,847.77
20,037,20037,Kansas,Crawford,,39038.0,39194.0,38938.0,38960.0,,36.0,19.0,34.0,28.0,,126.0,123.0,66.0,85.0,,92.22,48.48,87.32,71.87,,322.76,313.82,169.5,218.17,39032.5,29.25,100.0,74.97,256.06
20,041,20041,Kansas,Dickinson,,18481.0,18361.0,18453.0,18638.0,,13.0,12.0,21.0,6.0,,70.0,64.0,52.0,32.0,,70.34,65.36,113.8,32.19,,378.77,348.56,281.8,171.69,18483.25,13.0,54.5,70.42,295.2
20,047,20047,Kansas,Edwards,,2805.0,2749.0,2727.0,2721.0,,7.0,20.0,17.0,4.0,,13.0,10.0,33.0,15.0,,249.55,727.54,623.4,147.0,,463.46,363.77,1210.12,551.27,2750.5,12.0,17.75,436.87,647.16
20,063,20063,Kansas,Gove,,2749.0,2739.0,2737.0,2669.0,,2.0,1.0,6.0,0.0,,8.0,6.0,11.0,10.0,,72.75,36.51,219.22,0.0,,291.01,219.06,401.9,374.67,2723.5,2.25,8.75,82.12,321.66
20,089,20089,Kansas,Jewell,,2944.0,,,,,3.0,,,,,9.0,,,,,101.9,,,,,305.71,,,,2944.0,3.0,9.0,101.9,305.71
20,111,20111,Kansas,Lyon,,32025.0,,,,,18.0,,,,,67.0,,,,,56.21,,,,,209.21,,,,32025.0,18.0,67.0,56.21,209.21
20,123,20123,Kansas,Mitchell,,5747.0,5769.0,5754.0,,,4.0,10.0,4.0,,,20.0,8.0,9.0,,,69.6,173.34,69.52,,,348.01,138.67,156.41,,5756.67,6.0,12.33,104.15,214.36
20,143,20143,Kansas,Ottawa,,5832.0,,,,,1.0,,,,,42.0,,,,,17.15,,,,,720.16,,,,5832.0,1.0,42.0,17.15,720.16
20,145,20145,Kansas,Pawnee,,6250.0,,,6051.0,,4.0,,,3.0,,29.0,,,44.0,,64.0,,,49.58,,464.0,,,727.15,6150.5,3.5,36.5,56.79,595.58
20,151,20151,Kansas,Pratt,,9166.0,9078.0,9096.0,,,5.0,6.0,2.0,,,15.0,19.0,63.0,,,54.55,66.09,21.99,,,163.65,209.3,692.61,,9113.33,4.33,32.33,47.54,355.19
20,179,20179,Kansas,Sheridan,,2452.0,,,2433.0,,1.0,,,1.0,,6.0,,,3.0,,40.78,,,41.1,,244.7,,,123.3,2442.5,1.0,4.5,40.94,184.0
21,001,21001,Kentucky,Adair,,18927.0,19082.0,19281.0,19235.0,,2.0,6.0,6.0,2.0,,16.0,16.0,21.0,5.0,,10.57,31.44,31.12,10.4,,84.54,83.85,108.92,25.99,19131.25,4.0,14.5,20.88,75.82
21,079,21079,Kentucky,Garrard,,17373.0,17577.0,17858.0,17948.0,,0.0,11.0,4.0,6.0,,0.0,63.0,47.0,31.0,,0.0,62.58,22.4,33.43,,0.0,358.42,263.19,172.72,17689.0,5.25,35.25,29.6,198.58
21,201,21201,Kentucky,Robertson,,2257.0,2250.0,2321.0,2352.0,,0.0,0.0,0.0,0.0,,4.0,0.0,2.0,0.0,,0.0,0.0,0.0,0.0,,177.23,0.0,86.17,0.0,2295.0,0.0,1.5,0.0,65.85
22,001,22001,Louisiana,Acadia,,57254.0,56961.0,56928.0,57103.0,,0.0,123.0,96.0,142.0,,0.0,484.0,423.0,453.0,,0.0,215.94,168.63,248.67,,0.0,849.7,743.04,793.3,57061.5,90.25,340.0,158.31,596.51
22,033,22033,Louisiana,East Baton Rouge,,453766.0,451837.0,451709.0,454172.0,,652.0,657.0,507.0,433.0,,5002.0,5637.0,5195.0,5063.0,,143.69,145.41,112.24,95.34,,1102.33,1247.57,1150.08,1114.78,452871.0,562.25,5224.25,124.17,1153.69
22,043,22043,Louisiana,Grant,,22256.0,22047.0,21977.0,22119.0,,64.0,57.0,41.0,32.0,,245.0,231.0,214.0,159.0,,287.56,258.54,186.56,144.67,,1100.83,1047.76,973.75,718.84,22099.75,48.5,212.25,219.33,960.3
22,051,22051,Louisiana,Jefferson,,434258.0,430086.0,429256.0,432404.0,,1263.0,1357.0,1146.0,1007.0,,7405.0,8737.0,7807.0,7139.0,,290.84,315.52,266.97,232.88,,1705.21,2031.45,1818.73,1651.0,431501.0,1193.25,7772.0,276.55,1801.6
22,087,22087,Louisiana,St. Bernard,,44338.0,44688.0,44963.0,45383.0,,108.0,204.0,236.0,218.0,,482.0,862.0,903.0,849.0,,243.58,456.5,524.88,480.36,,1087.1,1928.93,2008.32,1870.74,44843.0,191.5,774.0,426.33,1723.77
22,113,22113,Louisiana,Vermilion,,56903.0,56975.0,57141.0,57605.0,,99.0,86.0,37.0,34.0,,503.0,349.0,191.0,165.0,,173.98,150.94,64.75,59.02,,883.96,612.55,334.26,286.43,57156.0,64.0,302.0,112.17,529.3
22,121,22121,Louisiana,West Baton Rouge,,27809.0,28103.0,28420.0,28543.0,,39.0,74.0,68.0,71.0,,455.0,447.0,470.0,535.0,,140.24,263.32,239.27,248.75,,1636.16,1590.58,1653.76,1874.36,28218.75,63.0,476.75,222.9,1688.72
22,125,22125,Louisiana,West Feliciana,,15487.0,,15311.0,15197.0,,53.0,,36.0,39.0,,16.0,,13.0,19.0,,342.22,,235.13,256.63,,103.31,,84.91,125.02,15331.67,42.67,16.0,277.99,104.41
22,021,22021,Louisiana,Caldwell,,9581.0,9506.0,9415.0,9432.0,,0.0,80.0,63.0,39.0,,0.0,92.0,88.0,80.0,,0.0,841.57,669.14,413.49,,0.0,967.81,934.68,848.18,9483.5,45.5,65.0,481.05,687.67
22,025,22025,Louisiana,Catahoula,,8727.0,8645.0,8475.0,8366.0,,21.0,35.0,24.0,24.0,,93.0,70.0,84.0,81.0,,240.63,404.86,283.19,286.88,,1065.66,809.72,991.15,968.2,8553.25,26.0,82.0,303.89,958.68
22,107,22107,Louisiana,Tensas,,4028.0,3848.0,3843.0,3818.0,,0.0,19.0,23.0,27.0,,1.0,23.0,34.0,46.0,,0.0,493.76,598.49,707.18,,24.83,597.71,884.73,1204.82,3884.25,17.25,26.0,449.86,678.02
22,119,22119,Louisiana,Webster,,35961.0,35636.0,35479.0,35199.0,,25.0,54.0,62.0,59.0,,159.0,192.0,214.0,163.0,,69.52,151.53,174.75,167.62,,442.15,538.78,603.17,463.08,35568.75,50.0,182.0,140.86,511.79
22,123,22123,Louisiana,West Carroll,,9585.0,9485.0,9305.0,9256.0,,6.0,5.0,8.0,8.0,,20.0,43.0,30.0,30.0,,62.6,52.71,85.98,86.43,,208.66,453.35,322.41,324.11,9407.75,6.75,30.75,71.93,327.13
,,,Maine,Allegany,,,,,,,,,,,,,,,,,,,,,,,,,,,,,,
,,,Maine,Baltimore County Police Department,,,,,,,,,,,,,,,,,,,,,,,,,,,,,,
,,,Maine,Montgomery County Police Department,,,,,,,,,,,,,,,,,,,,,,,,,,,,,,
,,,Maine,St. Mary's,,,,,,,,,,,,,,,,,,,,,,,,,,,,,,
,,,Maine,Garrett,,,,,,,,,,,,,,,,,,,,,,,,,,,,,,
,,,Maine,Talbot,,,,,,,,,,,,,,,,,,,,,,,,,,,,,,
26,027,26027,Michigan,Cass,,51539.0,51422.0,51570.0,51533.0,,54.0,63.0,48.0,45.0,,322.0,431.0,386.0,323.0,,104.78,122.52,93.08,87.32,,624.77,838.16,748.5,626.78,51516.0,52.5,365.5,101.92,709.55
26,075,26075,Michigan,Jackson,,160195.0,159780.0,159607.0,159588.0,,304.0,166.0,171.0,157.0,,386.0,494.0,497.0,376.0,,189.77,103.89,107.14,98.38,,240.96,309.18,311.39,235.61,159792.5,199.5,438.25,124.8,274.28
26,121,26121,Michigan,Muskegon,,175570.0,,176299.0,177225.0,,15.0,,77.0,42.0,,53.0,,338.0,234.0,,8.54,,43.68,23.7,,30.19,,191.72,132.04,176364.67,44.67,208.33,25.31,117.98
26,165,26165,Michigan,Wexford,,33902.0,,,34347.0,,3.0,,,35.0,,51.0,,,128.0,,8.85,,,101.9,,150.43,,,372.67,34124.5,19.0,89.5,55.38,261.55
27,033,27033,Minnesota,Cottonwood,,11592.0,11409.0,11427.0,11407.0,,1.0,2.0,2.0,2.0,,10.0,15.0,2.0,6.0,,8.63,17.53,17.5,17.53,,86.27,131.48,17.5,52.6,11458.75,1.75,8.25,15.3,71.96
27,073,27073,Minnesota,Lac qui Parle,,6693.0,6676.0,6674.0,6655.0,,2.0,1.0,3.0,0.0,,16.0,4.0,20.0,17.0,,29.88,14.98,44.95,0.0,,239.06,59.92,299.67,255.45,6674.5,1.5,14.25,22.45,213.53
27,087,27087,Minnesota,Mahnomen,,5384.0,5320.0,5307.0,5241.0,,19.0,26.0,49.0,38.0,,46.0,56.0,33.0,34.0,,352.9,488.72,923.31,725.05,,854.38,1052.63,621.82,648.73,5313.0,33.0,42.25,622.49,794.39
27,099,27099,Minnesota,Mower,,40232.0,40094.0,40207.0,40684.0,,14.0,17.0,18.0,5.0,,138.0,99.0,76.0,84.0,,34.8,42.4,44.77,12.29,,343.01,246.92,189.02,206.47,40304.25,13.5,99.25,33.56,246.36
28,035,28035,Mississippi,Forrest,,78007.0,78240.0,78439.0,78813.0,,51.0,58.0,30.0,29.0,,328.0,308.0,246.0,252.0,,65.38,74.13,38.25,36.8,,420.48,393.66,313.62,319.74,78374.75,42.0,283.5,53.64,361.88
28,045,28045,Mississippi,Hancock,,45997.0,46040.0,46166.0,46510.0,,25.0,32.0,12.0,15.0,,466.0,492.0,379.0,299.0,,54.35,69.5,25.99,32.25,,1013.11,1068.64,820.95,642.87,46178.25,21.0,409.0,45.52,886.39
28,137,28137,Mississippi,Tate,,28178.0,28366.0,28403.0,28626.0,,21.0,28.0,34.0,35.0,,151.0,125.0,135.0,141.0,,74.53,98.71,119.71,122.27,,535.88,440.67,475.3,492.56,28393.25,29.5,138.0,103.8,486.1
28,005,28005,Mississippi,Amite,,12626.0,12564.0,12483.0,,,9.0,17.0,11.0,,,24.0,31.0,14.0,,,71.28,135.31,88.12,,,190.08,246.74,112.15,,12557.67,12.33,23.0,98.24,182.99
28,007,28007,Mississippi,Attala,,17721.0,17535.0,17350.0,17243.0,,11.0,18.0,6.0,9.0,,129.0,72.0,64.0,36.0,,62.07,102.65,34.58,52.2,,727.95,410.61,368.88,208.78,17462.25,11.0,75.25,62.88,429.06
28,011,28011,Mississippi,Bolivar,,30140.0,29429.0,,,,46.0,60.0,,,,219.0,245.0,,,,152.62,203.88,,,,726.61,832.51,,,29784.5,53.0,232.0,178.25,779.56
28,013,28013,Mississippi,Calhoun,,12975.0,12915.0,12739.0,12715.0,,14.0,21.0,10.0,9.0,,36.0,26.0,29.0,19.0,,107.9,162.6,78.5,70.78,,277.46,201.32,227.65,149.43,12836.0,13.5,27.5,104.94,213.96
28,017,28017,Mississippi,Chickasaw,,17011.0,16867.0,16813.0,,,11.0,7.0,2.0,,,23.0,10.0,3.0,,,64.66,41.5,11.9,,,135.21,59.29,17.84,,16897.0,6.67,12.0,39.35,70.78
28,019,28019,Mississippi,Choctaw,,8131.0,8083.0,8073.0,,,27.0,10.0,9.0,,,62.0,45.0,33.0,,,332.06,123.72,111.48,,,762.51,556.72,408.77,,8095.67,15.33,46.67,189.09,576.0
28,027,28027,Mississippi,Coahoma,,20722.0,20347.0,20147.0,20041.0,,4.0,9.0,5.0,12.0,,22.0,16.0,36.0,19.0,,19.3,44.23,24.82,59.88,,106.17,78.64,178.69,94.81,20314.25,7.5,23.25,37.06,114.58
28,043,28043,Mississippi,Grenada,,21323.0,21142.0,21070.0,20918.0,,46.0,56.0,47.0,20.0,,189.0,211.0,221.0,159.0,,215.73,264.88,223.07,95.61,,886.37,998.01,1048.88,760.11,21113.25,42.25,195.0,199.82,923.34
28,063,28063,Mississippi,Jefferson,,7140.0,,,6887.0,,9.0,,,8.0,,17.0,,,38.0,,126.05,,,116.16,,238.1,,,551.76,7013.5,8.5,27.5,121.1,394.93
28,069,28069,Mississippi,Kemper,,8809.0,8690.0,8609.0,8566.0,,9.0,15.0,16.0,14.0,,15.0,23.0,56.0,33.0,,102.17,172.61,185.85,163.44,,170.28,264.67,650.48,385.24,8668.5,13.5,31.75,156.02,367.67
28,087,28087,Mississippi,Lowndes,,58145.0,57685.0,57342.0,57210.0,,55.0,76.0,60.0,57.0,,537.0,373.0,305.0,311.0,,94.59,131.75,104.64,99.63,,923.55,646.62,531.9,543.61,57595.5,62.0,381.5,107.65,661.42
28,099,28099,Mississippi,Neshoba,,28899.0,28805.0,28808.0,28817.0,,24.0,39.0,19.0,14.0,,100.0,112.0,93.0,61.0,,83.05,135.39,65.95,48.58,,346.03,388.82,322.83,211.68,28832.25,24.0,91.5,83.24,317.34
28,103,28103,Mississippi,Noxubee,,10117.0,10020.0,9938.0,9869.0,,22.0,19.0,21.0,22.0,,35.0,34.0,34.0,25.0,,217.46,189.62,211.31,222.92,,345.95,339.32,342.12,253.32,9986.0,21.0,32.0,210.33,320.18
28,105,28105,Mississippi,Oktibbeha,,51801.0,51567.0,51463.0,51756.0,,63.0,63.0,57.0,46.0,,383.0,321.0,253.0,211.0,,121.62,122.17,110.76,88.88,,739.37,622.49,491.62,407.68,51646.75,57.25,292.0,110.86,565.29
28,113,28113,Mississippi,Pike,,39979.0,39599.0,39288.0,38999.0,,57.0,95.0,93.0,68.0,,300.0,298.0,321.0,276.0,,142.57,239.91,236.71,174.36,,750.39,752.54,817.04,707.71,39466.25,78.25,298.75,198.39,756.92
28,117,28117,Mississippi,Prentiss,,25063.0,25051.0,25254.0,25304.0,,23.0,23.0,22.0,51.0,,116.0,138.0,91.0,64.0,,91.77,91.81,87.11,201.55,,462.83,550.88,360.34,252.92,25168.0,29.75,102.25,118.06,406.74
28,129,28129,Mississippi,Smith,,14202.0,14095.0,14095.0,14036.0,,6.0,5.0,3.0,5.0,,67.0,46.0,34.0,23.0,,42.25,35.47,21.28,35.62,,471.76,326.36,241.22,163.86,14107.0,4.75,42.5,33.66,300.8
28,133,28133,Mississippi,Sunflower,,24692.0,24310.0,23858.0,23109.0,,6.0,16.0,9.0,6.0,,72.0,93.0,67.0,54.0,,24.3,65.82,37.72,25.96,,291.59,382.56,280.83,233.68,23992.25,9.25,71.5,38.45,297.17
28,135,28135,Mississippi,Tallahatchie,,11945.0,11730.0,11476.0,10961.0,,28.0,36.0,25.0,16.0,,96.0,119.0,119.0,97.0,,234.41,306.91,217.85,145.97,,803.68,1014.49,1036.95,884.96,11528.0,26.25,107.75,226.29,935.02
28,153,28153,Mississippi,Wayne,,19678.0,19607.0,19745.0,19799.0,,15.0,25.0,23.0,48.0,,103.0,96.0,65.0,149.0,,76.23,127.51,116.49,242.44,,523.43,489.62,329.2,752.56,19707.25,27.75,103.25,140.67,523.7
28,155,28155,Mississippi,Webster,,9975.0,,9990.0,10045.0,,8.0,,15.0,12.0,,30.0,,58.0,14.0,,80.2,,150.15,119.46,,300.75,,580.58,139.37,10003.33,11.67,34.0,116.6,340.23
28,159,28159,Mississippi,Winston,,17578.0,17528.0,17486.0,17458.0,,22.0,28.0,24.0,33.0,,76.0,67.0,62.0,68.0,,125.16,159.74,137.25,189.03,,432.36,382.25,354.57,389.51,17512.5,26.75,68.25,152.79,389.67
29,003,29003,Missouri,Andrew,,18029.0,18026.0,,18115.0,,15.0,24.0,,20.0,,131.0,93.0,,69.0,,83.2,133.14,,110.41,,726.61,515.92,,380.9,18056.67,19.67,97.67,108.92,541.14
29,017,29017,Missouri,Bollinger,,10581.0,10508.0,10524.0,10570.0,,74.0,55.0,47.0,26.0,,67.0,42.0,66.0,39.0,,699.37,523.41,446.6,245.98,,633.21,399.7,627.14,368.97,10545.75,50.5,53.5,478.84,507.26
29,053,29053,Missouri,Cooper,,16684.0,,16943.0,,,11.0,,16.0,,,25.0,,21.0,,,65.93,,94.43,,,149.84,,123.94,,16813.5,13.5,23.0,80.18,136.89
29,077,29077,Missouri,Greene,,301133.0,303279.0,304786.0,307174.0,,144.0,117.0,93.0,174.0,,926.0,758.0,595.0,633.0,,47.82,38.58,30.51,56.65,,307.51,249.93,195.22,206.07,304093.0,132.0,728.0,43.39,239.68
29,167,29167,Missouri,Polk,,32043.0,32665.0,32921.0,33211.0,,99.0,44.0,62.0,44.0,,263.0,205.0,200.0,168.0,,308.96,134.7,188.33,132.49,,820.77,627.58,607.51,505.86,32710.0,62.25,209.0,191.12,640.43
29,225,29225,Missouri,Webster,,39608.0,40367.0,41476.0,42084.0,,63.0,152.0,56.0,61.0,,208.0,115.0,99.0,68.0,,159.06,376.55,135.02,144.95,,525.15,284.89,238.69,161.58,40883.75,83.0,122.5,203.9,302.58
29,009,29009,Missouri,Barry,,34778.0,34968.0,35373.0,35730.0,,64.0,29.0,39.0,73.0,,248.0,185.0,186.0,247.0,,184.02,82.93,110.25,204.31,,713.09,529.06,525.82,691.3,35212.25,51.25,216.5,145.38,614.82
29,041,29041,Missouri,Chariton,,7363.0,7387.0,7401.0,7390.0,,2.0,25.0,31.0,15.0,,42.0,44.0,47.0,25.0,,27.16,338.43,418.86,202.98,,570.42,595.64,635.05,338.29,7385.25,18.25,39.5,246.86,534.85
29,057,29057,Missouri,Dade,,7603.0,7682.0,7723.0,7639.0,,45.0,41.0,41.0,29.0,,96.0,97.0,83.0,88.0,,591.87,533.72,530.88,379.63,,1262.66,1262.69,1074.71,1151.98,7661.75,39.0,91.0,509.03,1188.01
29,061,29061,Missouri,Daviess,,8407.0,8457.0,8545.0,8508.0,,12.0,27.0,7.0,11.0,,9.0,61.0,70.0,46.0,,142.74,319.26,81.92,129.29,,107.05,721.3,819.19,540.67,8479.25,14.25,46.5,168.3,547.05
29,069,29069,Missouri,Dunklin,,27752.0,27460.0,27082.0,27057.0,,22.0,3.0,29.0,37.0,,82.0,45.0,84.0,93.0,,79.27,10.92,107.08,136.75,,295.47,163.87,310.17,343.72,27337.75,22.75,76.0,83.5,278.31
29,105,29105,Missouri,Laclede,,36168.0,36320.0,36647.0,36689.0,,54.0,19.0,19.0,12.0,,294.0,212.0,126.0,129.0,,149.3,52.31,51.85,32.71,,812.87,583.7,343.82,351.6,36456.0,26.0,190.25,71.54,523.0
29,115,29115,Missouri,Linn,,11843.0,11840.0,11791.0,,,17.0,14.0,5.0,,,29.0,12.0,6.0,,,143.54,118.24,42.41,,,244.87,101.35,50.89,,11824.67,12.0,15.67,101.4,132.37
29,121,29121,Missouri,Macon,,15185.0,15082.0,15189.0,,,5.0,9.0,10.0,,,68.0,65.0,47.0,,,32.93,59.67,65.84,,,447.81,430.98,309.43,,15152.0,8.0,60.0,52.81,396.07
29,125,29125,Missouri,Maries,,8426.0,8441.0,,8494.0,,10.0,26.0,,13.0,,54.0,139.0,,17.0,,118.68,308.02,,153.05,,640.87,1646.72,,200.14,8453.67,16.33,70.0,193.25,829.24
29,215,29215,Missouri,Texas,,24857.0,25284.0,25613.0,25704.0,,61.0,53.0,38.0,27.0,,148.0,95.0,137.0,115.0,,245.4,209.62,148.36,105.04,,595.41,375.73,534.88,447.4,25364.5,44.75,123.75,177.1,488.36
29,217,29217,Missouri,Vernon,,19580.0,19582.0,19747.0,19778.0,,50.0,29.0,30.0,39.0,,116.0,114.0,145.0,127.0,,255.36,148.1,151.92,197.19,,592.44,582.17,734.29,642.13,19671.75,37.0,125.5,188.14,637.76
30,025,30025,Montana,Fallon,,3012.0,3047.0,,2960.0,,1.0,3.0,,1.0,,0.0,1.0,,0.0,,33.2,98.46,,33.78,,0.0,32.82,,0.0,3006.33,1.67,0.33,55.15,10.94
30,045,30045,Montana,Judith Basin,,2044.0,2086.0,2102.0,2115.0,,0.0,3.0,2.0,2.0,,0.0,0.0,1.0,0.0,,0.0,143.82,95.15,94.56,,0.0,0.0,47.57,0.0,2086.75,1.75,0.25,83.38,11.89
30,069,30069,Montana,Petroleum,,520.0,521.0,548.0,538.0,,2.0,0.0,0.0,4.0,,0.0,0.0,1.0,2.0,,384.62,0.0,0.0,743.49,,0.0,0.0,182.48,371.75,531.75,1.5,0.75,282.03,138.56
31,109,31109,Nebraska,Lancaster,,323504.0,325122.0,328128.0,331341.0,,17.0,22.0,7.0,9.0,,233.0,208.0,170.0,165.0,,5.25,6.77,2.13,2.72,,72.02,63.98,51.81,49.8,327023.75,13.75,194.0,4.22,59.4
31,121,31121,Nebraska,Merrick,,7661.0,,,7846.0,,1.0,,,4.0,,6.0,,,6.0,,13.05,,,50.98,,78.32,,,76.47,7753.5,2.5,6.0,32.02,77.4
31,153,31153,Nebraska,Sarpy,,193908.0,196569.0,200215.0,204519.0,,37.0,52.0,23.0,27.0,,723.0,691.0,753.0,679.0,,19.08,26.45,11.49,13.2,,372.86,351.53,376.1,332.0,198802.75,34.75,711.5,17.56,358.12
31,159,31159,Nebraska,Seward,,17561.0,17628.0,17705.0,17890.0,,8.0,8.0,5.0,9.0,,21.0,10.0,21.0,11.0,,45.56,45.38,28.24,50.31,,119.58,56.73,118.61,61.49,17696.0,7.5,15.75,42.37,89.1
31,015,31015,Nebraska,Boyd,,1783.0,,,,,0.0,,,,,6.0,,,,,0.0,,,,,336.51,,,,1783.0,0.0,6.0,0.0,336.51
31,017,31017,Nebraska,Brown,,2921.0,,,2838.0,,0.0,,,1.0,,6.0,,,3.0,,0.0,,,35.24,,205.41,,,105.71,2879.5,0.5,4.5,17.62,155.56
31,023,31023,Nebraska,Butler,,8448.0,8433.0,,,,8.0,1.0,,,,13.0,8.0,,,,94.7,11.86,,,,153.88,94.87,,,8440.5,4.5,10.5,53.28,124.38
31,027,31027,Nebraska,Cedar,,8323.0,8351.0,8258.0,8344.0,,6.0,5.0,0.0,2.0,,48.0,26.0,27.0,16.0,,72.09,59.87,0.0,23.97,,576.72,311.34,326.96,191.75,8319.0,3.25,29.25,38.98,351.69
31,031,31031,Nebraska,Cherry,,5448.0,5492.0,,5574.0,,1.0,2.0,,2.0,,4.0,6.0,,0.0,,18.36,36.42,,35.88,,73.42,109.25,,0.0,5504.67,1.67,3.33,30.22,60.89
31,047,31047,Nebraska,Dawson,,23935.0,,,24527.0,,6.0,,,12.0,,35.0,,,10.0,,25.07,,,48.93,,146.23,,,40.77,24231.0,9.0,22.5,37.0,93.5
31,053,31053,Nebraska,Dodge,,37127.0,,,37931.0,,6.0,,,48.0,,100.0,,,75.0,,16.16,,,126.55,,269.35,,,197.73,37529.0,27.0,87.5,71.36,233.54
31,057,31057,Nebraska,Dundy,,1630.0,,,,,1.0,,,,,13.0,,,,,61.35,,,,,797.55,,,,1630.0,1.0,13.0,61.35,797.55
31,065,31065,Nebraska,Furnas,,4605.0,4571.0,4548.0,4471.0,,4.0,4.0,6.0,2.0,,40.0,42.0,27.0,33.0,,86.86,87.51,131.93,44.73,,868.62,918.84,593.67,738.09,4548.75,4.0,35.5,87.76,779.8
31,075,31075,Nebraska,Grant,,578.0,,567.0,,,0.0,,0.0,,,0.0,,0.0,,,0.0,,0.0,,,0.0,,0.0,,572.5,0.0,0.0,0.0,0.0
31,081,31081,Nebraska,Hamilton,,9393.0,9446.0,,,,2.0,2.0,,,,17.0,18.0,,,,21.29,21.17,,,,180.99,190.56,,,9419.5,2.0,17.5,21.23,185.78
31,083,31083,Nebraska,Harlan,,3097.0,,,,,0.0,,,,,0.0,,,,,0.0,,,,,0.0,,,,3097.0,0.0,0.0,0.0,0.0
31,085,31085,Nebraska,Hayes,,841.0,,,,,0.0,,,,,5.0,,,,,0.0,,,,,594.53,,,,841.0,0.0,5.0,0.0,594.53
31,087,31087,Nebraska,Hitchcock,,2605.0,,2563.0,,,1.0,,2.0,,,16.0,,23.0,,,38.39,,78.03,,,614.2,,897.39,,2584.0,1.5,19.5,58.21,755.8
31,095,31095,Nebraska,Jefferson,,7165.0,7162.0,7094.0,7150.0,,5.0,3.0,8.0,4.0,,115.0,56.0,68.0,27.0,,69.78,41.89,112.77,55.94,,1605.02,781.9,958.56,377.62,7142.75,5.0,66.5,70.1,930.78
31,117,31117,Nebraska,McPherson,,380.0,373.0,380.0,,,0.0,0.0,0.0,,,0.0,1.0,0.0,,,0.0,0.0,0.0,,,0.0,268.1,0.0,,377.67,0.0,0.33,0.0,89.37
31,123,31123,Nebraska,Morrill,,4566.0,4520.0,4511.0,4447.0,,1.0,2.0,2.0,1.0,,18.0,22.0,19.0,11.0,,21.9,44.25,44.34,22.49,,394.22,486.73,421.19,247.36,4511.0,1.5,17.5,33.25,387.38
31,131,31131,Nebraska,Otoe,,16031.0,16235.0,16429.0,16472.0,,5.0,7.0,4.0,4.0,,39.0,41.0,29.0,19.0,,31.19,43.12,24.35,24.28,,243.28,252.54,176.52,115.35,16291.75,5.0,32.0,30.74,196.92
31,141,31141,Nebraska,Platte,,34307.0,34591.0,,35657.0,,6.0,15.0,,18.0,,64.0,75.0,,54.0,,17.49,43.36,,50.48,,186.55,216.82,,151.44,34851.67,13.0,64.33,37.11,184.94
31,143,31143,Nebraska,Polk,,5187.0,,5208.0,5287.0,,1.0,,2.0,3.0,,16.0,,16.0,17.0,,19.28,,38.4,56.74,,308.46,,307.22,321.54,5227.33,2.0,16.33,38.14,312.41
31,147,31147,Nebraska,Richardson,,7789.0,7738.0,7679.0,7593.0,,1.0,5.0,3.0,7.0,,24.0,19.0,8.0,3.0,,12.84,64.62,39.07,92.19,,308.13,245.54,104.18,39.51,7699.75,4.0,13.5,52.18,174.34
31,149,31149,Nebraska,Rock,,1277.0,,,,,0.0,,,,,0.0,,,,,0.0,,,,,0.0,,,,1277.0,0.0,0.0,0.0,0.0
31,157,31157,Nebraska,Scotts Bluff,,35901.0,35785.0,,35658.0,,8.0,10.0,,48.0,,66.0,78.0,,35.0,,22.28,27.94,,134.61,,183.84,217.97,,98.15,35781.33,22.0,59.67,61.61,166.65
31,167,31167,Nebraska,Stanton,,5829.0,5753.0,5846.0,5783.0,,0.0,1.0,0.0,0.0,,2.0,0.0,0.0,2.0,,0.0,17.38,0.0,0.0,,34.31,0.0,0.0,34.58,5802.75,0.25,1.0,4.34,17.22
31,181,31181,Nebraska,Webster,,3393.0,,,3325.0,,0.0,,,5.0,,3.0,,,1.0,,0.0,,,150.38,,88.42,,,30.08,3359.0,2.5,2.0,75.19,59.25
33,001,33001,New Hampshire,Belknap,,64612.0,64643.0,65039.0,65169.0,,5.0,1.0,3.0,2.0,,11.0,14.0,10.0,8.0,,7.74,1.55,4.61,3.07,,17.02,21.66,15.38,12.28,64865.75,2.75,10.75,4.24,16.58
33,019,33019,New Hampshire,Sullivan,,43619.0,43889.0,,43924.0,,1.0,1.0,,0.0,,9.0,6.0,,4.0,,2.29,2.28,,0.0,,20.63,13.67,,9.11,43810.67,0.67,6.33,1.52,14.47
,,,New Hampshire,Atlantic,,,,,,,,,,,,,,,,,,,,,,,,,,,,,,
,,,New Hampshire,Bernalillo,,,,,,,,,,,,,,,,,,,,,,,,,,,,,,
,,,New Hampshire,Dona Ana,,,,,,,,,,,,,,,,,,,,,,,,,,,,,,
,,,New Hampshire,Valencia,,,,,,,,,,,,,,,,,,,,,,,,,,,,,,
,,,New Hampshire,McKinley,,,,,,,,,,,,,,,,,,,,,,,,,,,,,,
,,,New Hampshire,Socorro,,,,,,,,,,,,,,,,,,,,,,,,,,,,,,
,,,New Hampshire,Broome,,,,,,,,,,,,,,,,,,,,,,,,,,,,,,
,,,New Hampshire,Dutchess,,,,,,,,,,,,,,,,,,,,,,,,,,,,,,
,,,New Hampshire,Jefferson,,,,,,,,,,,,,,,,,,,,,,,,,,,,,,
,,,New Hampshire,Livingston,,,,,,,,,,,,,,,,,,,,,,,,,,,,,,
,,,New Hampshire,Monroe,,,,,,,,,,,,,,,,,,,,,,,,,,,,,,
,,,New Hampshire,Niagara,,,,,,,,,,,,,,,,,,,,,,,,,,,,,,
,,,New Hampshire,Oneida,,,,,,,,,,,,,,,,,,,,,,,,,,,,,,
,,,New Hampshire,Oswego,,,,,,,,,,,,,,,,,,,,,,,,,,,,,,
,,,New Hampshire,Saratoga,,,,,,,,,,,,,,,,,,,,,,,,,,,,,,
,,,New Hampshire,Ulster,,,,,,,,,,,,,,,,,,,,,,,,,,,,,,
,,,New Hampshire,Warren,,,,,,,,,,,,,,,,,,,,,,,,,,,,,,
,,,New Hampshire,Cattaraugus,,,,,,,,,,,,,,,,,,,,,,,,,,,,,,
,,,New Hampshire,Chautauqua,,,,,,,,,,,,,,,,,,,,,,,,,,,,,,
,,,New Hampshire,Genesee,,,,,,,,,,,,,,,,,,,,,,,,,,,,,,
,,,New Hampshire,Montgomery,,,,,,,,,,,,,,,,,,,,,,,,,,,,,,
,,,New Hampshire,Seneca,,,,,,,,,,,,,,,,,,,,,,,,,,,,,,
,,,New Hampshire,St. Lawrence,,,,,,,,,,,,,,,,,,,,,,,,,,,,,,
37,023,37023,North Carolina,Burke,,87337.0,87801.0,88217.0,88569.0,,117.0,142.0,169.0,94.0,,751.0,747.0,809.0,715.0,,133.96,161.73,191.57,106.13,,859.89,850.79,917.06,807.28,87981.0,130.5,755.5,148.35,858.75
37,037,37037,North Carolina,Chatham,,78164.0,80039.0,81877.0,83832.0,,94.0,84.0,121.0,70.0,,602.0,530.0,498.0,501.0,,120.26,104.95,147.78,83.5,,770.18,662.18,608.23,597.62,80978.0,92.25,532.75,114.12,659.55
37,089,37089,North Carolina,Henderson,,117187.0,118337.0,119643.0,121286.0,,112.0,105.0,114.0,89.0,,1227.0,839.0,641.0,715.0,,95.57,88.73,95.28,73.38,,1047.04,708.99,535.76,589.52,119113.25,105.0,855.5,88.24,720.33
37,083,37083,North Carolina,Halifax,,48268.0,47587.0,47075.0,46993.0,,86.0,104.0,110.0,136.0,,371.0,401.0,353.0,379.0,,178.17,218.55,233.67,289.4,,768.63,842.67,749.87,806.5,47480.75,109.0,376.0,229.95,791.92
37,113,37113,North Carolina,Macon,,37457.0,37964.0,38433.0,,,29.0,33.0,35.0,,,457.0,374.0,345.0,,,77.42,86.92,91.07,,,1220.07,985.14,897.67,,37951.33,32.33,392.0,85.14,1034.29
37,117,37117,North Carolina,Martin,,21747.0,21493.0,21484.0,21562.0,,41.0,44.0,60.0,31.0,,197.0,199.0,163.0,161.0,,188.53,204.72,279.28,143.77,,905.87,925.88,758.7,746.68,21571.5,44.0,180.0,204.08,834.28
37,161,37161,North Carolina,Rutherford,,64523.0,64856.0,65380.0,65579.0,,76.0,130.0,71.0,80.0,,471.0,543.0,291.0,428.0,,117.79,200.44,108.6,121.99,,729.97,837.24,445.09,652.65,65084.5,89.25,433.25,137.21,666.24
37,177,37177,North Carolina,Tyrrell,,3377.0,3457.0,3505.0,3498.0,,6.0,16.0,6.0,9.0,,24.0,38.0,46.0,34.0,,177.67,462.83,171.18,257.29,,710.69,1099.22,1312.41,971.98,3459.25,9.25,35.5,267.24,1023.58
37,185,37185,North Carolina,Warren,,18835.0,18691.0,18739.0,19055.0,,34.0,50.0,92.0,61.0,,315.0,325.0,289.0,199.0,,180.51,267.51,490.95,320.13,,1672.42,1738.8,1542.24,1044.35,18830.0,59.25,282.0,314.77,1499.45
39,003,39003,Ohio,Allen,,101705.0,100974.0,100810.0,100952.0,,111.0,78.0,79.0,79.0,,496.0,614.0,677.0,439.0,,109.14,77.25,78.37,78.26,,487.68,608.08,671.56,434.86,101110.25,86.75,556.5,85.76,550.54
39,049,39049,Ohio,Franklin,,1317228.0,1326392.0,1337095.0,1352656.0,,56.0,118.0,148.0,101.0,,335.0,539.0,908.0,708.0,,4.25,8.9,11.07,7.47,,25.43,40.64,67.91,52.34,1333342.75,105.75,622.5,7.92,46.58
39,061,39061,Ohio,Hamilton,,827182.0,826532.0,831699.0,837859.0,,172.0,188.0,184.0,197.0,,1418.0,1883.0,1750.0,1687.0,,20.79,22.75,22.12,23.51,,171.43,227.82,210.41,201.35,830818.0,185.25,1684.5,22.29,202.75
39,165,39165,Ohio,Warren,,246722.0,249822.0,252993.0,255039.0,,35.0,43.0,47.0,62.0,,726.0,834.0,984.0,840.0,,14.19,17.21,18.58,24.31,,294.26,333.84,388.94,329.36,251144.0,46.75,846.0,18.57,336.6
39,083,39083,Ohio,Knox,,62505.0,63103.0,63186.0,,,28.0,22.0,30.0,,,285.0,234.0,168.0,,,44.8,34.86,47.48,,,455.96,370.82,265.88,,62931.33,26.67,229.0,42.38,364.22
39,147,39147,Ohio,Seneca,,54975.0,54650.0,54719.0,54694.0,,8.0,18.0,14.0,14.0,,142.0,200.0,150.0,124.0,,14.55,32.94,25.59,25.6,,258.3,365.97,274.13,226.72,54759.5,13.5,154.0,24.67,281.28
39,169,39169,Ohio,Wayne,,116106.0,116533.0,,116575.0,,43.0,49.0,,46.0,,628.0,549.0,,373.0,,37.04,42.05,,39.46,,540.89,471.11,,319.97,116404.67,46.0,516.67,39.52,443.99
40,055,40055,Oklahoma,Greer,,5487.0,5548.0,5499.0,5440.0,,0.0,5.0,4.0,8.0,,4.0,8.0,10.0,13.0,,0.0,90.12,72.74,147.06,,72.9,144.2,181.85,238.97,5493.5,4.25,8.75,77.48,159.48
40,147,40147,Oklahoma,Washington,,52913.0,53275.0,53725.0,53893.0,,17.0,27.0,22.0,15.0,,101.0,87.0,91.0,88.0,,32.13,50.68,40.95,27.83,,190.88,163.3,169.38,163.29,53451.5,20.25,91.75,37.9,171.71
41,003,41003,Oregon,Benton,,93012.0,97281.0,97964.0,97590.0,,20.0,24.0,22.0,25.0,,256.0,177.0,182.0,137.0,,21.5,24.67,22.46,25.62,,275.23,181.95,185.78,140.38,96461.75,22.75,188.0,23.56,195.84
41,009,41009,Oregon,Columbia,,53175.0,53543.0,53845.0,53965.0,,52.0,46.0,40.0,50.0,,109.0,99.0,97.0,78.0,,97.79,85.91,74.29,92.65,,204.98,184.9,180.15,144.54,53632.0,47.0,95.75,87.66,178.64
41,029,41029,Oregon,Jackson,,224649.0,222097.0,221276.0,221347.0,,112.0,161.0,182.0,215.0,,571.0,1101.0,841.0,835.0,,49.86,72.49,82.25,97.13,,254.17,495.73,380.07,377.24,222342.25,167.5,837.0,75.43,376.8
41,027,41027,Oregon,Hood River,,24031.0,24017.0,23809.0,23733.0,,17.0,27.0,15.0,14.0,,129.0,182.0,138.0,144.0,,70.74,112.42,63.0,58.99,,536.81,757.8,579.61,606.75,23897.5,18.25,148.25,76.29,620.24
41,035,41035,Oregon,Klamath,,70424.0,70450.0,70332.0,70371.0,,129.0,113.0,156.0,195.0,,656.0,538.0,459.0,471.0,,183.18,160.4,221.81,277.1,,931.5,763.66,652.62,669.31,70394.25,148.25,531.0,210.62,754.27
41,037,41037,Oregon,Lake,,8285.0,,,,,32.0,,,,,123.0,,,,,386.24,,,,,1484.61,,,,8285.0,32.0,123.0,386.24,1484.61
41,045,41045,Oregon,Malheur,,31684.0,31840.0,32269.0,,,35.0,20.0,33.0,,,167.0,149.0,136.0,,,110.47,62.81,102.27,,,527.08,467.96,421.46,,31931.0,29.33,150.67,91.85,472.17
45,019,45019,South Carolina,Charleston,,414662.0,420325.0,426447.0,433257.0,,249.0,258.0,252.0,164.0,,1435.0,1178.0,1074.0,745.0,,60.05,61.38,59.09,37.85,,346.06,280.26,251.85,171.95,423672.75,230.75,1108.0,54.59,262.53
45,031,45031,South Carolina,Darlington,,62778.0,62504.0,62498.0,62683.0,,467.0,406.0,400.0,332.0,,1604.0,1528.0,1405.0,1141.0,,743.89,649.56,640.02,529.65,,2555.04,2444.64,2248.07,1820.27,62615.75,401.25,1419.5,640.78,2267.0
45,053,45053,South Carolina,Jasper,,30441.0,32068.0,33983.0,36338.0,,80.0,146.0,207.0,210.0,,380.0,456.0,481.0,340.0,,262.8,455.28,609.13,577.91,,1248.32,1421.98,1415.41,935.66,33207.5,160.75,414.25,476.28,1255.34
45,021,45021,South Carolina,Cherokee,,56138.0,56235.0,56966.0,57874.0,,126.0,153.0,115.0,119.0,,888.0,784.0,627.0,604.0,,224.45,272.07,201.87,205.62,,1581.82,1394.15,1100.66,1043.65,56803.25,128.25,725.75,226.0,1280.07
45,033,45033,South Carolina,Dillon,,27981.0,27763.0,27708.0,27581.0,,246.0,280.0,183.0,166.0,,576.0,473.0,408.0,351.0,,879.17,1008.54,660.46,601.86,,2058.54,1703.71,1472.5,1272.62,27758.25,218.75,452.0,787.51,1626.84
45,047,45047,South Carolina,Greenwood,,69002.0,69301.0,69634.0,70180.0,,197.0,113.0,115.0,96.0,,683.0,775.0,615.0,574.0,,285.5,163.06,165.15,136.79,,989.83,1118.31,883.19,817.9,69529.25,130.25,661.75,187.62,952.31
45,089,45089,South Carolina,Williamsburg,,30436.0,30154.0,29986.0,29801.0,,126.0,100.0,175.0,125.0,,417.0,206.0,445.0,494.0,,413.98,331.63,583.61,419.45,,1370.09,683.16,1484.03,1657.66,30094.25,131.5,390.5,437.17,1298.73
47,065,47065,Tennessee,Hamilton,,369725.0,375738.0,381087.0,387268.0,,311.0,243.0,201.0,323.0,,1104.0,849.0,495.0,644.0,,84.12,64.67,52.74,83.4,,298.6,225.96,129.89,166.29,378454.5,269.5,773.0,71.23,205.18
47,141,47141,Tennessee,Putnam,,81281.0,82590.0,83902.0,85011.0,,80.0,63.0,65.0,59.0,,333.0,293.0,277.0,191.0,,98.42,76.28,77.47,69.4,,409.69,354.76,330.15,224.68,83196.0,66.75,273.5,80.39,329.82
48,037,48037,Texas,Bowie,,92266.0,91623.0,91688.0,92676.0,,82.0,43.0,53.0,32.0,,336.0,233.0,321.0,200.0,,88.87,46.93,57.8,34.53,,364.16,254.3,350.1,215.81,92063.25,52.5,272.5,57.03,296.09
48,077,48077,Texas,Clay,,10312.0,10486.0,10700.0,10736.0,,11.0,15.0,26.0,17.0,,67.0,61.0,82.0,50.0,,106.67,143.05,242.99,158.35,,649.73,581.73,766.36,465.72,10558.5,17.25,65.0,162.77,615.88
48,139,48139,Texas,Ellis,,203253.0,212488.0,223347.0,232454.0,,89.0,86.0,75.0,120.0,,410.0,384.0,329.0,391.0,,43.79,40.47,33.58,51.62,,201.72,180.72,147.3,168.21,217885.5,92.5,378.5,42.36,174.49
48,167,48167,Texas,Galveston,,355670.0,357747.0,362263.0,367367.0,,145.0,146.0,130.0,149.0,,620.0,620.0,463.0,384.0,,40.77,40.81,35.89,40.56,,174.32,173.31,127.81,104.53,360761.75,142.5,521.75,39.51,144.99
48,245,48245,Texas,Jefferson,,253807.0,252341.0,253557.0,254497.0,,105.0,73.0,74.0,62.0,,313.0,374.0,303.0,298.0,,41.37,28.93,29.18,24.36,,123.32,148.21,119.5,117.09,253550.5,78.5,322.0,30.96,127.03
48,339,48339,Texas,Montgomery,,650934.0,681285.0,715961.0,751183.0,,918.0,1092.0,1193.0,1091.0,,4863.0,5336.0,5239.0,5336.0,,141.03,160.29,166.63,145.24,,747.08,783.23,731.74,710.35,699840.75,1073.5,5193.5,153.3,743.1
48,367,48367,Texas,Parker,,157087.0,165814.0,173437.0,179674.0,,150.0,131.0,148.0,157.0,,1033.0,902.0,994.0,760.0,,95.49,79.0,85.33,87.38,,657.6,543.98,573.12,422.99,169003.0,146.5,922.25,86.8,549.42
48,023,48023,Texas,Baylor,,3456.0,3466.0,3482.0,3482.0,,0.0,1.0,0.0,0.0,,5.0,10.0,6.0,3.0,,0.0,28.85,0.0,0.0,,144.68,288.52,172.31,86.16,3471.5,0.25,6.0,7.21,172.92
48,025,48025,Texas,Bee,,30844.0,31069.0,31394.0,32651.0,,30.0,32.0,30.0,27.0,,127.0,135.0,132.0,100.0,,97.26,103.0,95.56,82.69,,411.75,434.52,420.46,306.27,31489.5,29.75,123.5,94.63,393.25
48,075,48075,Texas,Childress,,6787.0,6837.0,6765.0,6690.0,,2.0,1.0,1.0,3.0,,2.0,23.0,4.0,3.0,,29.47,14.63,14.78,44.84,,29.47,336.4,59.13,44.84,6769.75,1.75,8.0,25.93,117.46
48,079,48079,Texas,Cochran,,2478.0,2533.0,2533.0,2536.0,,9.0,1.0,5.0,3.0,,21.0,36.0,21.0,5.0,,363.2,39.48,197.39,118.3,,847.46,1421.24,829.06,197.16,2520.0,4.5,20.75,179.59,823.73
48,087,48087,Texas,Collingsworth,,2609.0,2585.0,2545.0,2567.0,,2.0,0.0,2.0,2.0,,8.0,3.0,2.0,1.0,,76.66,0.0,78.59,77.91,,306.63,116.05,78.59,38.96,2576.5,1.5,3.5,58.29,135.06
48,123,48123,Texas,DeWitt,,19946.0,19790.0,20271.0,20360.0,,32.0,16.0,16.0,15.0,,53.0,68.0,59.0,54.0,,160.43,80.85,78.93,73.67,,265.72,343.61,291.06,265.23,20091.75,19.75,58.5,98.47,291.41
48,137,48137,Texas,Edwards,,1432.0,1427.0,1401.0,1381.0,,0.0,5.0,6.0,1.0,,15.0,20.0,25.0,19.0,,0.0,350.39,428.27,72.41,,1047.49,1401.54,1784.44,1375.81,1410.25,3.0,19.75,212.77,1402.32
48,147,48147,Texas,Fannin,,36850.0,37219.0,37858.0,38778.0,,51.0,39.0,62.0,54.0,,129.0,165.0,117.0,117.0,,138.4,104.79,163.77,139.25,,350.07,443.32,309.05,301.72,37676.25,51.5,132.0,136.55,351.04
48,195,48195,Texas,Hansford,,5122.0,5112.0,5078.0,5012.0,,1.0,0.0,0.0,2.0,,5.0,12.0,7.0,11.0,,19.52,0.0,0.0,39.9,,97.62,234.74,137.85,219.47,5081.0,0.75,8.75,14.86,172.42
48,205,48205,Texas,Hartley,,5387.0,5216.0,5116.0,4970.0,,1.0,2.0,3.0,0.0,,12.0,4.0,14.0,2.0,,18.56,38.34,58.64,0.0,,222.76,76.69,273.65,40.24,5172.25,1.5,8.0,28.88,153.33
48,207,48207,Texas,Haskell,,5386.0,5422.0,5443.0,5470.0,,6.0,2.0,1.0,1.0,,10.0,18.0,16.0,8.0,,111.4,36.89,18.37,18.28,,185.67,331.98,293.96,146.25,5430.25,2.5,13.0,46.24,239.46
48,227,48227,Texas,Howard,,34387.0,30764.0,30702.0,30568.0,,36.0,36.0,49.0,44.0,,265.0,269.0,284.0,288.0,,104.69,117.02,159.6,143.94,,770.64,874.4,925.02,942.16,31605.25,41.25,276.5,131.31,878.06
48,243,48243,Texas,Jeff Davis,,1963.0,1909.0,1852.0,,,3.0,1.0,7.0,,,2.0,5.0,14.0,,,152.83,52.38,377.97,,,101.88,261.92,755.94,,1908.0,3.67,7.0,194.39,373.25
48,269,48269,Texas,King,,253.0,231.0,212.0,212.0,,0.0,0.0,0.0,0.0,,0.0,0.0,0.0,0.0,,0.0,0.0,0.0,0.0,,0.0,0.0,0.0,0.0,227.0,0.0,0.0,0.0,0.0
48,283,48283,Texas,La Salle,,6664.0,6513.0,,6550.0,,16.0,1.0,,1.0,,44.0,8.0,,0.0,,240.1,15.35,,15.27,,660.26,122.83,,0.0,6575.67,6.0,17.33,90.24,261.03
48,293,48293,Texas,Limestone,,22067.0,22337.0,22489.0,22747.0,,36.0,40.0,64.0,38.0,,104.0,164.0,134.0,109.0,,163.14,179.08,284.58,167.05,,471.29,734.21,595.85,479.18,22410.0,44.5,127.75,198.46,570.13
48,295,48295,Texas,Lipscomb,,2902.0,2856.0,2916.0,2901.0,,1.0,3.0,1.0,1.0,,25.0,5.0,10.0,7.0,,34.46,105.04,34.29,34.47,,861.47,175.07,342.94,241.3,2893.75,1.5,11.75,52.06,405.2
48,415,48415,Texas,Scurry,,16814.0,16220.0,16179.0,16157.0,,6.0,7.0,5.0,7.0,,90.0,47.0,41.0,23.0,,35.68,43.16,30.9,43.32,,535.27,289.77,253.41,142.35,16342.5,6.25,50.25,38.26,305.2
48,429,48429,Texas,Stephens,,9437.0,9368.0,9386.0,9414.0,,4.0,8.0,5.0,5.0,,35.0,32.0,29.0,21.0,,42.39,85.4,53.27,53.11,,370.88,341.59,308.97,223.07,9401.25,5.5,29.25,58.54,311.13
48,437,48437,Texas,Swisher,,7006.0,6944.0,6900.0,6842.0,,5.0,3.0,0.0,0.0,,22.0,16.0,13.0,6.0,,71.37,43.2,0.0,0.0,,314.02,230.41,188.41,87.69,6923.0,2.0,14.25,28.64,205.13
48,443,48443,Texas,Terrell,,725.0,697.0,702.0,711.0,,0.0,0.0,0.0,0.0,,0.0,0.0,0.0,0.0,,0.0,0.0,0.0,0.0,,0.0,0.0,0.0,0.0,708.75,0.0,0.0,0.0,0.0
48,447,48447,Texas,Throckmorton,,1511.0,1546.0,1526.0,,,8.0,1.0,1.0,,,2.0,5.0,5.0,,,529.45,64.68,65.53,,,132.36,323.42,327.65,,1527.67,3.33,4.0,219.89,261.14
48,499,48499,Texas,Wood,,46297.0,47141.0,48106.0,49153.0,,37.0,61.0,58.0,31.0,,175.0,268.0,177.0,171.0,,79.92,129.4,120.57,63.07,,377.99,568.51,367.94,347.89,47674.25,46.75,197.75,98.24,415.58
48,503,48503,Texas,Young,,17948.0,17997.0,18161.0,18321.0,,16.0,9.0,4.0,4.0,,21.0,20.0,8.0,0.0,,89.15,50.01,22.03,21.83,,117.0,111.13,44.05,0.0,18106.75,8.25,12.25,45.76,68.04
49,017,49017,Utah,Garfield,,5125.0,5268.0,5329.0,5321.0,,3.0,6.0,9.0,5.0,,41.0,39.0,31.0,45.0,,58.54,113.9,168.89,93.97,,800.0,740.32,581.72,845.71,5260.75,5.75,39.0,108.82,741.94
49,039,49039,Utah,Sanpete,,29104.0,29771.0,30565.0,30881.0,,37.0,29.0,20.0,25.0,,96.0,56.0,46.0,51.0,,127.13,97.41,65.43,80.96,,329.85,188.1,150.5,165.15,30080.25,27.75,62.25,92.73,208.4
53,047,53047,Washington,Okanogan,,42761.0,,,44648.0,,34.0,,,39.0,,356.0,,,268.0,,79.51,,,87.35,,832.53,,,600.25,43704.5,36.5,312.0,83.43,716.39
54,061,54061,West Virginia,Monongalia,,106528.0,,107450.0,107931.0,,47.0,,51.0,47.0,,428.0,,242.0,238.0,,44.12,,47.46,43.55,,401.77,,225.22,220.51,107303.0,48.33,302.67,45.04,282.5
54,001,54001,West Virginia,Barbour,,15446.0,,15448.0,,,26.0,,28.0,,,8.0,,8.0,,,168.33,,181.25,,,51.79,,51.79,,15447.0,27.0,8.0,174.79,51.79
54,053,54053,West Virginia,Mason,,25274.0,,24788.0,24765.0,,10.0,,8.0,10.0,,66.0,,54.0,50.0,,39.57,,32.27,40.38,,261.14,,217.85,201.9,24942.33,9.33,56.67,37.41,226.96
54,063,54063,West Virginia,Monroe,,12398.0,12312.0,,12516.0,,2.0,0.0,,1.0,,22.0,16.0,,8.0,,16.13,0.0,,7.99,,177.45,129.95,,63.92,12408.67,1.0,15.33,8.04,123.77
54,085,54085,West Virginia,Ritchie,,8413.0,,8161.0,8122.0,,6.0,,2.0,4.0,,27.0,,16.0,30.0,,71.32,,24.51,49.25,,320.93,,196.05,369.37,8232.0,4.0,24.33,48.36,295.45
54,087,54087,West Virginia,Roane,,13939.0,,13675.0,13508.0,,10.0,,0.0,1.0,,0.0,,33.0,39.0,,71.74,,0.0,7.4,,0.0,,241.32,288.72,13707.33,3.67,24.0,26.38,176.68
54,089,54089,West Virginia,Summers,,11865.0,11693.0,11595.0,11584.0,,13.0,11.0,0.0,2.0,,25.0,20.0,16.0,23.0,,109.57,94.07,0.0,17.27,,210.7,171.04,137.99,198.55,11684.25,6.5,21.0,55.23,179.57
55,001,55001,Wisconsin,Adams,,20847.0,21276.0,21722.0,21565.0,,26.0,33.0,18.0,49.0,,138.0,116.0,88.0,64.0,,124.72,155.1,82.87,227.22,,661.97,545.22,405.12,296.78,21352.5,31.5,101.5,147.48,477.27
55,033,55033,Wisconsin,Dunn,,44534.0,,45768.0,,,25.0,,29.0,,,115.0,,85.0,,,56.14,,63.36,,,258.23,,185.72,,45151.0,27.0,100.0,59.75,221.98
55,067,55067,Wisconsin,Langlade,,19470.0,,,19502.0,,9.0,,,4.0,,59.0,,,40.0,,46.22,,,20.51,,303.03,,,205.11,19486.0,6.5,49.5,33.36,254.07
55,103,55103,Wisconsin,Richland,,17203.0,17167.0,17270.0,17129.0,,14.0,8.0,14.0,10.0,,25.0,41.0,26.0,25.0,,81.38,46.6,81.07,58.38,,145.32,238.83,150.55,145.95,17192.25,11.5,29.25,66.86,170.16
55,135,55135,Wisconsin,Waupaca,,51886.0,51660.0,51432.0,51429.0,,36.0,16.0,18.0,18.0,,48.0,35.0,27.0,23.0,,69.38,30.97,35.0,35.0,,92.51,67.75,52.5,44.72,51601.75,22.0,33.25,42.59,64.37
56,001,56001,Wyoming,Albany,,37851.0,38253.0,38337.0,38545.0,,8.0,10.0,10.0,6.0,,75.0,49.0,66.0,39.0,,21.14,26.14,26.08,15.57,,198.15,128.09,172.16,101.18,38246.5,8.5,57.25,22.23,149.89
56,039,56039,Wyoming,Teton,,23607.0,23324.0,23354.0,23345.0,,9.0,5.0,2.0,5.0,,21.0,39.0,38.0,21.0,,38.12,21.44,8.56,21.42,,88.96,167.21,162.71,89.96,23407.5,5.25,29.75,22.38,127.21
01,015,01015,Alabama,Calhoun,,,115738.0,116341.0,116303.0,,,253.0,215.0,238.0,,,308.0,246.0,192.0,,,218.6,184.8,204.64,,,266.12,211.45,165.09,116127.33,235.33,248.67,202.68,214.22
01,021,01021,Alabama,Chilton,,,45868.0,46554.0,47364.0,,,108.0,93.0,64.0,,,374.0,312.0,419.0,,,235.46,199.77,135.12,,,815.38,670.19,884.64,46595.33,88.33,368.33,190.12,790.07
01,051,01051,Alabama,Elmore,,,89617.0,90478.0,91051.0,,,31.0,35.0,41.0,,,237.0,226.0,314.0,,,34.59,38.68,45.03,,,264.46,249.78,344.86,90382.0,35.67,259.0,39.43,286.37
01,063,01063,Alabama,Greene,,,7425.0,7317.0,7136.0,,,5.0,7.0,2.0,,,24.0,31.0,4.0,,,67.34,95.67,28.03,,,323.23,423.67,56.05,7292.67,4.67,19.67,63.68,267.65
01,073,01073,Alabama,Jefferson,,,665691.0,664419.0,666585.0,,,791.0,712.0,650.0,,,2701.0,2916.0,2725.0,,,118.82,107.16,97.51,,,405.74,438.88,408.8,665565.0,717.67,2780.67,107.83,417.81
01,081,01081,Alabama,Lee,,,180966.0,184003.0,187782.0,,,162.0,170.0,216.0,,,667.0,740.0,539.0,,,89.52,92.39,115.03,,,368.58,402.17,287.03,184250.33,182.67,648.67,98.98,352.59
01,101,01101,Alabama,Montgomery,,,226551.0,225721.0,225889.0,,,101.0,121.0,80.0,,,367.0,354.0,390.0,,,44.58,53.61,35.42,,,161.99,156.83,172.65,226053.67,100.67,370.33,44.54,163.82
01,107,01107,Alabama,Pickens,,,18716.0,18678.0,18469.0,,,22.0,23.0,28.0,,,57.0,55.0,55.0,,,117.55,123.14,151.61,,,304.55,294.46,297.8,18621.0,24.33,55.67,130.77,298.94
01,113,01113,Alabama,Russell,,,58533.0,,58959.0,,,51.0,,58.0,,,135.0,,175.0,,,87.13,,98.37,,,230.64,,296.82,58746.0,54.5,155.0,92.75,263.73
01,017,01017,Alabama,Chambers,,,34199.0,34363.0,34309.0,,,26.0,26.0,26.0,,,111.0,89.0,147.0,,,76.03,75.66,75.78,,,324.57,259.0,428.46,34290.33,26.0,115.67,75.82,337.34
01,023,01023,Alabama,Choctaw,,,12419.0,12264.0,12090.0,,,11.0,23.0,9.0,,,74.0,86.0,51.0,,,88.57,187.54,74.44,,,595.86,701.24,421.84,12257.67,14.33,70.33,116.85,572.98
01,031,01031,Alabama,Coffee,,,54818.0,55741.0,56482.0,,,35.0,31.0,26.0,,,148.0,137.0,122.0,,,63.85,55.61,46.03,,,269.98,245.78,216.0,55680.33,30.67,135.67,55.16,243.92
01,037,01037,Alabama,Coosa,,,10298.0,10289.0,,,,31.0,21.0,,,,90.0,97.0,,,,301.03,204.1,,,,873.96,942.75,,10293.5,26.0,93.5,252.56,908.36
01,045,01045,Alabama,Dale,,,49473.0,49826.0,50024.0,,,15.0,22.0,37.0,,,108.0,110.0,75.0,,,30.32,44.15,73.96,,,218.3,220.77,149.93,49774.33,24.67,97.67,49.48,196.33
01,059,01059,Alabama,Franklin,,,31983.0,32001.0,32189.0,,,41.0,56.0,35.0,,,178.0,184.0,129.0,,,128.19,174.99,108.73,,,556.55,574.98,400.76,32057.67,44.0,163.67,137.3,510.76
01,105,01105,Alabama,Perry,,,7894.0,,7626.0,,,0.0,,0.0,,,0.0,,0.0,,,0.0,,0.0,,,0.0,,0.0,7760.0,0.0,0.0,0.0,0.0
01,109,01109,Alabama,Pike,,,32973.0,33192.0,33199.0,,,11.0,17.0,14.0,,,48.0,67.0,53.0,,,33.36,51.22,42.17,,,145.57,201.86,159.64,33121.33,14.0,56.0,42.25,169.02
01,119,01119,Alabama,Sumter,,,11884.0,,11629.0,,,9.0,,0.0,,,2.0,,2.0,,,75.73,,0.0,,,16.83,,17.2,11756.5,4.5,2.0,37.86,17.02
01,127,01127,Alabama,Walker,,,64437.0,64767.0,65117.0,,,27.0,0.0,0.0,,,224.0,0.0,0.0,,,41.9,0.0,0.0,,,347.63,0.0,0.0,64773.67,9.0,74.67,13.97,115.88
04,001,04001,Arizona,Apache,,,65361.0,65055.0,64695.0,,,61.0,53.0,47.0,,,151.0,124.0,79.0,,,93.33,81.47,72.65,,,231.02,190.61,122.11,65037.0,53.67,118.0,82.48,181.25
04,012,04012,Arizona,La Paz,,,16460.0,16615.0,,,,40.0,19.0,,,,178.0,162.0,,,,243.01,114.35,,,,1081.41,975.02,,16537.5,29.5,170.0,178.68,1028.22
05,021,05021,Arkansas,Clay,,,14230.0,14172.0,14078.0,,,13.0,20.0,35.0,,,73.0,50.0,28.0,,,91.36,141.12,248.61,,,513.0,352.81,198.89,14160.0,22.67,50.33,160.36,354.9
05,037,05037,Arkansas,Cross,,,16573.0,,,,,37.0,,,,,146.0,,,,,223.25,,,,,880.95,,,16573.0,37.0,146.0,223.25,880.95
05,041,05041,Arkansas,Desha,,,10754.0,10479.0,10305.0,,,4.0,17.0,9.0,,,2.0,40.0,30.0,,,37.2,162.23,87.34,,,18.6,381.72,291.12,10512.67,10.0,24.0,95.59,230.48
05,055,05055,Arkansas,Greene,,,46360.0,46777.0,47020.0,,,65.0,76.0,75.0,,,251.0,164.0,145.0,,,140.21,162.47,159.51,,,541.42,350.6,308.38,46719.0,72.0,186.67,154.06,400.13
05,073,05073,Arkansas,Lafayette,,,6120.0,6080.0,6056.0,,,9.0,14.0,13.0,,,33.0,22.0,18.0,,,147.06,230.26,214.66,,,539.22,361.84,297.23,6085.33,12.0,24.33,197.33,399.43
05,147,05147,Arkansas,Woodruff,,,6040.0,5941.0,5793.0,,,2.0,8.0,10.0,,,27.0,22.0,27.0,,,33.11,134.66,172.62,,,447.02,370.31,466.08,5924.67,6.67,25.33,113.46,427.8
08,073,08073,Colorado,Lincoln,,,5515.0,,,,,2.0,,,,,29.0,,,,,36.26,,,,,525.84,,,5515.0,2.0,29.0,36.26,525.84
08,109,08109,Colorado,Saguache,,,6642.0,6704.0,6686.0,,,6.0,3.0,8.0,,,60.0,48.0,44.0,,,90.33,44.75,119.65,,,903.34,715.99,658.09,6677.33,5.67,50.67,84.91,759.14
,,,Delaware,Bay,,,,,,,,,,,,,,,,,,,,,,,,,,,,,,
,,,Delaware,Brevard,,,,,,,,,,,,,,,,,,,,,,,,,,,,,,
,,,Delaware,Charlotte,,,,,,,,,,,,,,,,,,,,,,,,,,,,,,
,,,Delaware,Citrus,,,,,,,,,,,,,,,,,,,,,,,,,,,,,,
,,,Delaware,Collier,,,,,,,,,,,,,,,,,,,,,,,,,,,,,,
,,,Delaware,Flagler,,,,,,,,,,,,,,,,,,,,,,,,,,,,,,
,,,Delaware,Hernando,,,,,,,,,,,,,,,,,,,,,,,,,,,,,,
,,,Delaware,Indian River,,,,,,,,,,,,,,,,,,,,,,,,,,,,,,
,,,Delaware,Jacksonville Sheriff's Office,,,,,,,,,,,,,,,,,,,,,,,,,,,,,,
,,,Delaware,Lee,,,,,,,,,,,,,,,,,,,,,,,,,,,,,,
,,,Delaware,Leon,,,,,,,,,,,,,,,,,,,,,,,,,,,,,,
,,,Delaware,Marion,,,,,,,,,,,,,,,,,,,,,,,,,,,,,,
,,,Delaware,Miami-Dade,,,,,,,,,,,,,,,,,,,,,,,,,,,,,,
,,,Delaware,Nassau,,,,,,,,,,,,,,,,,,,,,,,,,,,,,,
,,,Delaware,Orange,,,,,,,,,,,,,,,,,,,,,,,,,,,,,,
,,,Delaware,Palm Beach,,,,,,,,,,,,,,,,,,,,,,,,,,,,,,
,,,Delaware,Pinellas,,,,,,,,,,,,,,,,,,,,,,,,,,,,,,
,,,Delaware,Polk,,,,,,,,,,,,,,,,,,,,,,,,,,,,,,
,,,Delaware,Sarasota,,,,,,,,,,,,,,,,,,,,,,,,,,,,,,
,,,Delaware,Seminole,,,,,,,,,,,,,,,,,,,,,,,,,,,,,,
,,,Delaware,St. Johns,,,,,,,,,,,,,,,,,,,,,,,,,,,,,,
,,,Delaware,St. Lucie,,,,,,,,,,,,,,,,,,,,,,,,,,,,,,
,,,Delaware,Volusia,,,,,,,,,,,,,,,,,,,,,,,,,,,,,,
,,,Delaware,Walton,,,,,,,,,,,,,,,,,,,,,,,,,,,,,,
,,,Delaware,Dixie,,,,,,,,,,,,,,,,,,,,,,,,,,,,,,
,,,Delaware,Hamilton,,,,,,,,,,,,,,,,,,,,,,,,,,,,,,
,,,Delaware,Hardee,,,,,,,,,,,,,,,,,,,,,,,,,,,,,,
,,,Delaware,Holmes,,,,,,,,,,,,,,,,,,,,,,,,,,,,,,
,,,Delaware,Monroe,,,,,,,,,,,,,,,,,,,,,,,,,,,,,,
,,,Delaware,Okeechobee,,,,,,,,,,,,,,,,,,,,,,,,,,,,,,
,,,Delaware,Putnam,,,,,,,,,,,,,,,,,,,,,,,,,,,,,,
,,,Delaware,Union,,,,,,,,,,,,,,,,,,,,,,,,,,,,,,
13,245,13245,Georgia,Augusta-Richmond,,,206837.0,205946.0,,,,105.0,1142.0,,,,608.0,6554.0,,,,50.76,554.51,,,,293.95,3182.39,,206391.5,623.5,3581.0,302.64,1738.17
13,073,13073,Georgia,Columbia,,,162441.0,165093.0,167263.0,,,33.0,113.0,107.0,,,434.0,1058.0,944.0,,,20.32,68.45,63.97,,,267.17,640.85,564.38,164932.33,84.33,812.0,50.91,490.8
13,121,13121,Georgia,Fulton,,,1076385.0,1083022.0,1090468.0,,,14.0,78.0,14.0,,,21.0,14.0,11.0,,,1.3,7.2,1.28,,,1.95,1.29,1.01,1083291.67,35.33,15.33,3.26,1.42
13,135,13135,Georgia,Gwinnett,,,979814.0,992058.0,1009864.0,,,10.0,12.0,20.0,,,11.0,14.0,8.0,,,1.02,1.21,1.98,,,1.12,1.41,0.79,993912.0,14.0,11.0,1.4,1.11
,,,Georgia,Gwinnett County Police Department,,,,,,,,,,,,,,,,,,,,,,,,,,,,,,
13,151,13151,Georgia,Henry,,,248841.0,255389.0,259972.0,,,2.0,4.0,9.0,,,0.0,2.0,1.0,,,0.8,1.57,3.46,,,0.0,0.78,0.38,254734.0,5.0,1.0,1.94,0.39
13,207,13207,Georgia,Monroe,,,29432.0,30598.0,31486.0,,,20.0,10.0,9.0,,,168.0,31.0,37.0,,,67.95,32.68,28.58,,,570.81,101.31,117.51,30505.33,13.0,78.67,43.07,263.21
13,039,13039,Georgia,Camden,,,57026.0,,59065.0,,,50.0,,35.0,,,119.0,,80.0,,,87.68,,59.26,,,208.68,,135.44,58045.5,42.5,99.5,73.47,172.06
13,243,13243,Georgia,Randolph,,,6162.0,6183.0,,,,10.0,16.0,,,,26.0,22.0,,,,162.28,258.77,,,,421.94,355.81,,6172.5,13.0,24.0,210.52,388.88
13,305,13305,Georgia,Wayne,,,30758.0,,,,,57.0,,,,,383.0,,,,,185.32,,,,,1245.2,,,30758.0,57.0,383.0,185.32,1245.2
16,049,16049,Idaho,Idaho,,,17654.0,17881.0,17873.0,,,41.0,47.0,10.0,,,26.0,32.0,51.0,,,232.24,262.85,55.95,,,147.28,178.96,285.35,17802.67,32.67,36.33,183.68,203.86
,,,Idaho,Bond,,,,,,,,,,,,,,,,,,,,,,,,,,,,,,
,,,Idaho,Calhoun,,,,,,,,,,,,,,,,,,,,,,,,,,,,,,
,,,Idaho,Clinton,,,,,,,,,,,,,,,,,,,,,,,,,,,,,,
,,,Idaho,DeKalb,,,,,,,,,,,,,,,,,,,,,,,,,,,,,,
,,,Idaho,Grundy,,,,,,,,,,,,,,,,,,,,,,,,,,,,,,
,,,Idaho,Marshall,,,,,,,,,,,,,,,,,,,,,,,,,,,,,,
,,,Idaho,Monroe,,,,,,,,,,,,,,,,,,,,,,,,,,,,,,
,,,Idaho,Peoria,,,,,,,,,,,,,,,,,,,,,,,,,,,,,,
,,,Idaho,Piatt,,,,,,,,,,,,,,,,,,,,,,,,,,,,,,
,,,Idaho,Rock Island,,,,,,,,,,,,,,,,,,,,,,,,,,,,,,
,,,Idaho,Vermilion,,,,,,,,,,,,,,,,,,,,,,,,,,,,,,
,,,Idaho,Will,,,,,,,,,,,,,,,,,,,,,,,,,,,,,,
,,,Idaho,Winnebago,,,,,,,,,,,,,,,,,,,,,,,,,,,,,,
,,,Idaho,Cass,,,,,,,,,,,,,,,,,,,,,,,,,,,,,,
,,,Idaho,Crawford,,,,,,,,,,,,,,,,,,,,,,,,,,,,,,
,,,Idaho,DeWitt,,,,,,,,,,,,,,,,,,,,,,,,,,,,,,
,,,Idaho,Effingham,,,,,,,,,,,,,,,,,,,,,,,,,,,,,,
,,,Idaho,Fayette,,,,,,,,,,,,,,,,,,,,,,,,,,,,,,
,,,Idaho,Ford,,,,,,,,,,,,,,,,,,,,,,,,,,,,,,
,,,Idaho,Hancock,,,,,,,,,,,,,,,,,,,,,,,,,,,,,,
,,,Idaho,La Salle,,,,,,,,,,,,,,,,,,,,,,,,,,,,,,
,,,Idaho,Livingston,,,,,,,,,,,,,,,,,,,,,,,,,,,,,,
,,,Idaho,Logan,,,,,,,,,,,,,,,,,,,,,,,,,,,,,,
,,,Idaho,Marion,,,,,,,,,,,,,,,,,,,,,,,,,,,,,,
,,,Idaho,Mason,,,,,,,,,,,,,,,,,,,,,,,,,,,,,,
,,,Idaho,Massac,,,,,,,,,,,,,,,,,,,,,,,,,,,,,,
,,,Idaho,Montgomery,,,,,,,,,,,,,,,,,,,,,,,,,,,,,,
,,,Idaho,Morgan,,,,,,,,,,,,,,,,,,,,,,,,,,,,,,
,,,Idaho,Pike,,,,,,,,,,,,,,,,,,,,,,,,,,,,,,
,,,Idaho,Pulaski,,,,,,,,,,,,,,,,,,,,,,,,,,,,,,
,,,Idaho,Putnam,,,,,,,,,,,,,,,,,,,,,,,,,,,,,,
,,,Idaho,Scott,,,,,,,,,,,,,,,,,,,,,,,,,,,,,,
,,,Idaho,Shelby,,,,,,,,,,,,,,,,,,,,,,,,,,,,,,
,,,Idaho,Stephenson,,,,,,,,,,,,,,,,,,,,,,,,,,,,,,
,,,Idaho,Warren,,,,,,,,,,,,,,,,,,,,,,,,,,,,,,
,,,Idaho,Whiteside,,,,,,,,,,,,,,,,,,,,,,,,,,,,,,
18,145,18145,Indiana,Shelby,,,45165.0,45266.0,45613.0,,,39.0,26.0,78.0,,,157.0,136.0,95.0,,,86.35,57.44,171.0,,,347.61,300.45,208.27,45348.0,47.67,129.33,104.93,285.44
18,153,18153,Indiana,Sullivan,,,20664.0,20714.0,,,,22.0,16.0,,,,104.0,88.0,,,,106.47,77.24,,,,503.29,424.83,,20689.0,19.0,96.0,91.85,464.06
18,173,18173,Indiana,Warrick,,,65252.0,65986.0,66321.0,,,169.0,165.0,200.0,,,417.0,427.0,341.0,,,259.0,250.05,301.56,,,639.06,647.11,514.17,65853.0,178.0,395.0,270.2,600.11
19,069,19069,Iowa,Franklin,,,9923.0,9881.0,9977.0,,,3.0,7.0,8.0,,,9.0,5.0,7.0,,,30.23,70.84,80.18,,,90.7,50.6,70.16,9927.0,6.0,7.0,60.42,70.49
19,191,19191,Iowa,Winneshiek,,,19907.0,19703.0,19673.0,,,17.0,26.0,23.0,,,16.0,7.0,6.0,,,85.4,131.96,116.91,,,80.37,35.53,30.5,19761.0,22.0,9.67,111.42,48.8
20,043,20043,Kansas,Doniphan,,,7487.0,,,,,3.0,,,,,17.0,,,,,40.07,,,,,227.06,,,7487.0,3.0,17.0,40.07,227.06
20,019,20019,Kansas,Chautauqua,,,3395.0,3374.0,,,,1.0,1.0,,,,11.0,11.0,,,,29.46,29.64,,,,324.01,326.02,,3384.5,1.0,11.0,29.55,325.02
20,039,20039,Kansas,Decatur,,,2697.0,,,,,1.0,,,,,7.0,,,,,37.08,,,,,259.55,,,2697.0,1.0,7.0,37.08,259.55
20,147,20147,Kansas,Phillips,,,4803.0,,,,,12.0,,,,,4.0,,,,,249.84,,,,,83.28,,,4803.0,12.0,4.0,249.84,83.28
20,155,20155,Kansas,Reno,,,61495.0,61370.0,61370.0,,,39.0,42.0,30.0,,,151.0,140.0,114.0,,,63.42,68.44,48.88,,,245.55,228.12,185.76,61411.67,37.0,135.0,60.25,219.81
22,037,22037,Louisiana,East Feliciana,,,19169.0,,,,,29.0,,,,,125.0,,,,,151.29,,,,,652.09,,,19169.0,29.0,125.0,151.29,652.09
22,053,22053,Louisiana,Jefferson Davis,,,32012.0,31670.0,31527.0,,,45.0,56.0,23.0,,,202.0,210.0,104.0,,,140.57,176.82,72.95,,,631.01,663.09,329.88,31736.33,41.33,172.0,130.11,541.33
,,,Maine,Baltimore County,,,,,,,,,,,,,,,,,,,,,,,,,,,,,,
,,,Maine,Calvert,,,,,,,,,,,,,,,,,,,,,,,,,,,,,,
,,,Maine,Cecil,,,,,,,,,,,,,,,,,,,,,,,,,,,,,,
,,,Maine,Charles,,,,,,,,,,,,,,,,,,,,,,,,,,,,,,
,,,Maine,Frederick,,,,,,,,,,,,,,,,,,,,,,,,,,,,,,
,,,Maine,Howard County Police Department,,,,,,,,,,,,,,,,,,,,,,,,,,,,,,
,,,Maine,Prince George's County Police Department,,,,,,,,,,,,,,,,,,,,,,,,,,,,,,
,,,Maine,Dorchester,,,,,,,,,,,,,,,,,,,,,,,,,,,,,,
,,,Maine,Kent,,,,,,,,,,,,,,,,,,,,,,,,,,,,,,
26,143,26143,Michigan,Roscommon,,,23730.0,23940.0,23951.0,,,37.0,29.0,29.0,,,99.0,64.0,79.0,,,155.92,121.14,121.08,,,417.19,267.34,329.84,23873.67,31.67,80.67,132.71,338.12
28,031,28031,Mississippi,Covington,,,18130.0,18041.0,,,,10.0,10.0,,,,135.0,89.0,,,,55.16,55.43,,,,744.62,493.32,,18085.5,10.0,112.0,55.3,618.97
28,041,28041,Mississippi,Greene,,,13587.0,13645.0,,,,13.0,9.0,,,,35.0,33.0,,,,95.68,65.96,,,,257.6,241.85,,13616.0,11.0,34.0,80.82,249.73
28,147,28147,Mississippi,Walthall,,,13806.0,13827.0,13845.0,,,24.0,17.0,24.0,,,93.0,77.0,61.0,,,173.84,122.95,173.35,,,673.62,556.88,440.59,13826.0,21.67,77.0,156.71,557.03
29,011,29011,Missouri,Barton,,,11693.0,11756.0,11750.0,,,21.0,17.0,18.0,,,80.0,95.0,79.0,,,179.59,144.61,153.19,,,684.17,808.1,672.34,11733.0,18.67,84.67,159.13,721.54
29,127,29127,Missouri,Marion,,,28472.0,28270.0,,,,0.0,3.0,,,,44.0,47.0,,,,0.0,10.61,,,,154.54,166.25,,28371.0,1.5,45.5,5.3,160.39
29,129,29129,Missouri,Mercer,,,3471.0,,,,,1.0,,,,,7.0,,,,,28.81,,,,,201.67,,,3471.0,1.0,7.0,28.81,201.67
29,131,29131,Missouri,Miller,,,25373.0,25560.0,,,,69.0,53.0,,,,153.0,79.0,,,,271.94,207.36,,,,603.0,309.08,,25466.5,61.0,116.0,239.65,456.04
29,153,29153,Missouri,Ozark,,,8974.0,8995.0,9099.0,,,28.0,25.0,8.0,,,43.0,25.0,12.0,,,312.01,277.93,87.92,,,479.16,277.93,131.88,9022.67,20.33,26.67,225.95,296.32
29,179,29179,Missouri,Reynolds,,,5991.0,,,,,5.0,,,,,3.0,,,,,83.46,,,,,50.08,,,5991.0,5.0,3.0,83.46,50.08
29,187,29187,Missouri,St. Francois,,,66916.0,67027.0,67449.0,,,55.0,69.0,48.0,,,351.0,246.0,155.0,,,82.19,102.94,71.16,,,524.54,367.02,229.8,67130.67,57.33,250.67,85.43,373.79
30,103,30103,Montana,Treasure,,,754.0,771.0,735.0,,,0.0,2.0,4.0,,,0.0,0.0,5.0,,,0.0,259.4,544.22,,,0.0,0.0,680.27,753.33,2.0,1.67,267.87,226.76
31,043,31043,Nebraska,Dakota,,,21227.0,21307.0,21494.0,,,14.0,17.0,36.0,,,73.0,20.0,40.0,,,65.95,79.79,167.49,,,343.9,93.87,186.1,21342.67,22.33,44.33,104.41,207.96
31,021,31021,Nebraska,Burt,,,6776.0,6710.0,,,,1.0,1.0,,,,4.0,1.0,,,,14.76,14.9,,,,59.03,14.9,,6743.0,1.0,2.5,14.83,36.97
31,029,31029,Nebraska,Chase,,,3770.0,3746.0,,,,0.0,2.0,,,,2.0,6.0,,,,0.0,53.39,,,,53.05,160.17,,3758.0,1.0,4.0,26.7,106.61
31,037,31037,Nebraska,Colfax,,,10624.0,10721.0,10914.0,,,2.0,1.0,2.0,,,20.0,8.0,3.0,,,18.83,9.33,18.33,,,188.25,74.62,27.49,10753.0,1.67,10.33,15.5,96.79
31,113,31113,Nebraska,Logan,,,686.0,,,,,0.0,,,,,0.0,,,,,0.0,,,,,0.0,,,686.0,0.0,0.0,0.0,0.0
31,139,31139,Nebraska,Pierce,,,7314.0,7302.0,7349.0,,,1.0,3.0,2.0,,,13.0,18.0,20.0,,,13.67,41.08,27.21,,,177.74,246.51,272.15,7321.67,2.0,17.0,27.32,232.13
31,161,31161,Nebraska,Sheridan,,,5003.0,4929.0,,,,7.0,2.0,,,,10.0,5.0,,,,139.92,40.58,,,,199.88,101.44,,4966.0,4.5,7.5,90.25,150.66
32,011,32011,Nevada,Eureka,,,1858.0,1904.0,1917.0,,,6.0,16.0,18.0,,,41.0,39.0,27.0,,,322.93,840.34,938.97,,,2206.67,2048.32,1408.45,1893.0,13.33,35.67,700.75,1887.81
32,021,32021,Nevada,Mineral,,,4542.0,4520.0,4481.0,,,8.0,5.0,7.0,,,39.0,33.0,49.0,,,176.13,110.62,156.22,,,858.65,730.09,1093.51,4514.33,6.67,40.33,147.66,894.08
,,,New Hampshire,Hillsborough,,,,,,,,,,,,,,,,,,,,,,,,,,,,,,
33,015,33015,New Hampshire,Rockingham,,,319262.0,320441.0,322001.0,,,4.0,3.0,16.0,,,1.0,6.0,8.0,,,1.25,0.94,4.97,,,0.31,1.87,2.48,320568.0,7.67,5.0,2.39,1.55
35,001,35001,New Mexico,Bernalillo,,,672636.0,671767.0,670181.0,,,777.0,779.0,675.0,,,2243.0,2018.0,1954.0,,,115.52,115.96,100.72,,,333.46,300.4,291.56,671528.0,743.67,2071.67,110.73,308.47
35,049,35049,New Mexico,Santa Fe,,,155789.0,156379.0,157320.0,,,134.0,104.0,110.0,,,465.0,323.0,414.0,,,86.01,66.51,69.92,,,298.48,206.55,263.16,156496.0,116.0,400.67,74.15,256.06
35,057,35057,New Mexico,Torrance,,,15398.0,15690.0,15942.0,,,58.0,53.0,24.0,,,198.0,146.0,151.0,,,376.67,337.79,150.55,,,1285.88,930.53,947.18,15676.67,45.0,165.0,288.34,1054.53
35,005,35005,New Mexico,Chaves,,,63873.0,63662.0,63746.0,,,57.0,81.0,75.0,,,215.0,156.0,134.0,,,89.24,127.23,117.65,,,336.61,245.04,210.21,63760.33,71.0,168.33,111.37,263.95
,,,New Mexico,De Baca,,,,,,,,,,,,,,,,,,,,,,,,,,,,,,
35,019,35019,New Mexico,Guadalupe,,,4330.0,4325.0,4362.0,,,0.0,0.0,0.0,,,6.0,9.0,8.0,,,0.0,0.0,0.0,,,138.57,208.09,183.4,4339.0,0.0,7.67,0.0,176.69
35,023,35023,New Mexico,Hidalgo,,,4012.0,3977.0,3951.0,,,6.0,3.0,5.0,,,20.0,9.0,7.0,,,149.55,75.43,126.55,,,498.5,226.3,177.17,3980.0,4.67,12.0,117.18,300.66
35,025,35025,New Mexico,Lea,,,72260.0,73214.0,74446.0,,,75.0,78.0,103.0,,,557.0,582.0,653.0,,,103.79,106.54,138.36,,,770.83,794.93,877.15,73306.67,85.33,597.33,116.23,814.3
35,031,35031,New Mexico,McKinley,,,69916.0,68802.0,68631.0,,,58.0,65.0,84.0,,,147.0,159.0,155.0,,,82.96,94.47,122.39,,,210.25,231.1,225.85,69116.33,69.0,153.67,99.94,222.4
35,033,35033,New Mexico,Mora,,,4141.0,4122.0,4092.0,,,13.0,13.0,10.0,,,22.0,7.0,11.0,,,313.93,315.38,244.38,,,531.27,169.82,268.82,4118.33,12.0,13.33,291.23,323.3
35,037,35037,New Mexico,Quay,,,8549.0,8615.0,,,,4.0,1.0,,,,22.0,27.0,,,,46.79,11.61,,,,257.34,313.41,,8582.0,2.5,24.5,29.2,285.38
35,047,35047,New Mexico,San Miguel,,,26879.0,,26434.0,,,0.0,,0.0,,,1.0,,0.0,,,0.0,,0.0,,,3.72,,0.0,26656.5,0.0,0.5,0.0,1.86
35,051,35051,New Mexico,Sierra,,,11490.0,11548.0,,,,12.0,18.0,,,,27.0,50.0,,,,104.44,155.87,,,,234.99,432.98,,11519.0,15.0,38.5,130.16,333.98
35,053,35053,New Mexico,Socorro,,,16127.0,15988.0,15930.0,,,18.0,24.0,24.0,,,68.0,66.0,46.0,,,111.61,150.11,150.66,,,421.65,412.81,288.76,16015.0,22.0,60.0,137.46,374.41
35,059,35059,New Mexico,Union,,,4002.0,,,,,5.0,,,,,7.0,,,,,124.94,,,,,174.91,,,4002.0,5.0,7.0,124.94,174.91
36,051,36051,New York,Livingston,,,61356.0,61184.0,61364.0,,,18.0,21.0,17.0,,,255.0,218.0,192.0,,,29.34,34.32,27.7,,,415.61,356.3,312.89,61301.33,18.67,221.67,30.45,361.6
36,073,36073,New York,Orleans,,,39510.0,39567.0,,,,9.0,15.0,,,,141.0,101.0,,,,22.78,37.91,,,,356.87,255.26,,39538.5,12.0,121.0,30.34,306.06
36,091,36091,New York,Saratoga,,,238523.0,238699.0,239834.0,,,84.0,102.0,76.0,,,1200.0,1325.0,995.0,,,35.22,42.73,31.69,,,503.1,555.09,414.87,239018.67,87.33,1173.33,36.55,491.02
36,115,36115,New York,Washington,,,60808.0,60052.0,,,,34.0,28.0,,,,109.0,130.0,,,,55.91,46.63,,,,179.25,216.48,,60430.0,31.0,119.5,51.27,197.86
36,009,36009,New York,Cattaraugus,,,76032.0,75671.0,75448.0,,,41.0,32.0,31.0,,,212.0,189.0,146.0,,,53.92,42.29,41.09,,,278.83,249.77,193.51,75717.0,34.67,182.33,45.77,240.7
36,011,36011,New York,Cayuga,,,74730.0,,74642.0,,,10.0,,13.0,,,96.0,,87.0,,,13.38,,17.42,,,128.46,,116.56,74686.0,11.5,91.5,15.4,122.51
36,013,36013,New York,Chautauqua,,,125558.0,125061.0,124697.0,,,42.0,39.0,26.0,,,381.0,339.0,232.0,,,33.45,31.18,20.85,,,303.45,271.07,186.05,125105.33,35.67,317.33,28.49,253.52
36,023,36023,New York,Cortland,,,46128.0,46004.0,46062.0,,,26.0,10.0,27.0,,,289.0,258.0,187.0,,,56.36,21.74,58.62,,,626.52,560.82,405.97,46064.67,21.0,244.67,45.57,531.1
36,049,36049,New York,Lewis,,,26616.0,26568.0,26512.0,,,4.0,6.0,9.0,,,73.0,43.0,49.0,,,15.03,22.58,33.95,,,274.27,161.85,184.82,26565.33,6.33,55.0,23.85,206.98
36,077,36077,New York,Otsego,,,60447.0,60581.0,60634.0,,,4.0,1.0,8.0,,,8.0,19.0,26.0,,,6.62,1.65,13.19,,,13.23,31.36,42.88,60554.0,4.33,17.67,7.15,29.16
37,019,37019,North Carolina,Brunswick,,,152519.0,159425.0,166889.0,,,185.0,189.0,195.0,,,790.0,785.0,877.0,,,121.3,118.55,116.84,,,517.97,492.39,525.5,159611.0,189.67,817.33,118.9,511.95
37,127,37127,North Carolina,Nash,,,96364.0,97319.0,,,,49.0,70.0,,,,290.0,258.0,,,,50.85,71.93,,,,300.94,265.11,,96841.5,59.5,274.0,61.39,283.02
37,141,37141,North Carolina,Pender,,,65638.0,68315.0,70150.0,,,89.0,77.0,83.0,,,549.0,437.0,380.0,,,135.59,112.71,118.32,,,836.41,639.68,541.7,68034.33,83.0,455.33,122.21,672.6
37,151,37151,North Carolina,Randolph,,,146192.0,,,,,102.0,,,,,851.0,,,,,69.77,,,,,582.11,,,146192.0,102.0,851.0,69.77,582.11
37,005,37005,North Carolina,Alleghany,,,11200.0,,,,,6.0,,,,,102.0,,,,,53.57,,,,,910.71,,,11200.0,6.0,102.0,53.57,910.71
37,043,37043,North Carolina,Clay,,,11594.0,11830.0,11966.0,,,19.0,9.0,14.0,,,154.0,205.0,149.0,,,163.88,76.08,117.0,,,1328.27,1732.88,1245.19,11796.67,14.0,169.33,118.99,1435.45
37,105,37105,North Carolina,Lee,,,65613.0,67346.0,68819.0,,,41.0,32.0,29.0,,,208.0,182.0,200.0,,,62.49,47.52,42.14,,,317.01,270.25,290.62,67259.33,34.0,196.67,50.72,292.63
37,143,37143,North Carolina,Perquimans,,,13243.0,13369.0,13474.0,,,33.0,35.0,27.0,,,113.0,132.0,109.0,,,249.19,261.8,200.39,,,853.28,987.36,808.97,13362.0,31.67,118.0,237.13,883.2
38,103,38103,North Dakota,Wells,,,3907.0,3859.0,,,,4.0,0.0,,,,4.0,6.0,,,,102.38,0.0,,,,102.38,155.48,,3883.0,2.0,5.0,51.19,128.93
39,017,39017,Ohio,Butler,,,390108.0,394636.0,397781.0,,,38.0,57.0,54.0,,,615.0,693.0,684.0,,,9.74,14.44,13.58,,,157.65,175.6,171.95,394175.0,49.67,664.0,12.59,168.4
39,055,39055,Ohio,Geauga,,,95501.0,,95300.0,,,10.0,,7.0,,,64.0,,96.0,,,10.47,,7.35,,,67.02,,100.73,95400.5,8.5,80.0,8.91,83.88
39,133,39133,Ohio,Portage,,,161741.0,162700.0,163207.0,,,74.0,79.0,49.0,,,641.0,549.0,526.0,,,45.75,48.56,30.02,,,396.31,337.43,322.29,162549.33,67.33,572.0,41.44,352.01
39,037,39037,Ohio,Darke,,,51449.0,51380.0,51445.0,,,9.0,0.0,8.0,,,167.0,167.0,126.0,,,17.49,0.0,15.55,,,324.59,325.03,244.92,51424.67,5.67,153.33,11.01,298.18
41,047,41047,Oregon,Marion,,,348364.0,349966.0,353218.0,,,152.0,151.0,140.0,,,2134.0,1780.0,1654.0,,,43.63,43.15,39.64,,,612.58,508.62,468.27,350516.0,147.67,1856.0,42.14,529.82
,,,Oregon,Allegheny County Police Department,,,,,,,,,,,,,,,,,,,,,,,,,,,,,,
,,,Oregon,Franklin,,,,,,,,,,,,,,,,,,,,,,,,,,,,,,
,,,Oregon,Northumberland,,,,,,,,,,,,,,,,,,,,,,,,,,,,,,
45,025,45025,South Carolina,Chesterfield,,,43645.0,44126.0,44440.0,,,202.0,202.0,214.0,,,707.0,617.0,614.0,,,462.83,457.78,481.55,,,1619.89,1398.27,1381.64,44070.33,206.0,646.0,467.39,1466.6
45,049,45049,South Carolina,Hampton,,,18138.0,18195.0,18184.0,,,81.0,58.0,49.0,,,194.0,214.0,172.0,,,446.58,318.77,269.47,,,1069.58,1176.15,945.89,18172.33,62.67,193.33,344.94,1063.87
47,019,47019,Tennessee,Carter,,,56528.0,57047.0,57368.0,,,53.0,127.0,117.0,,,374.0,493.0,409.0,,,93.76,222.62,203.95,,,661.62,864.2,712.94,56981.0,99.0,425.33,173.44,746.25
48,011,48011,Texas,Armstrong,,,1855.0,1829.0,1814.0,,,1.0,2.0,2.0,,,25.0,11.0,7.0,,,53.91,109.35,110.25,,,1347.71,601.42,385.89,1832.67,1.67,14.33,91.17,778.34
48,083,48083,Texas,Coleman,,,7863.0,7873.0,,,,2.0,1.0,,,,17.0,11.0,,,,25.44,12.7,,,,216.2,139.72,,7868.0,1.5,14.0,19.07,177.96
48,095,48095,Texas,Concho,,,3392.0,3431.0,3577.0,,,3.0,0.0,1.0,,,10.0,12.0,11.0,,,88.44,0.0,27.96,,,294.81,349.75,307.52,3466.67,1.33,11.0,38.8,317.36
48,155,48155,Texas,Foard,,,1053.0,1085.0,1048.0,,,0.0,0.0,0.0,,,0.0,0.0,0.0,,,0.0,0.0,0.0,,,0.0,0.0,0.0,1062.0,0.0,0.0,0.0,0.0
48,267,48267,Texas,Kimble,,,4445.0,4480.0,4424.0,,,1.0,0.0,1.0,,,3.0,8.0,6.0,,,22.5,0.0,22.6,,,67.49,178.57,135.62,4449.67,0.67,5.67,15.03,127.23
48,345,48345,Texas,Motley,,,1030.0,1021.0,1003.0,,,6.0,1.0,2.0,,,3.0,27.0,2.0,,,582.52,97.94,199.4,,,291.26,2644.47,199.4,1018.0,3.0,10.67,293.29,1045.04
48,357,48357,Texas,Ochiltree,,,9662.0,9645.0,9462.0,,,5.0,3.0,11.0,,,22.0,11.0,18.0,,,51.75,31.1,116.25,,,227.7,114.05,190.23,9589.67,6.33,17.0,66.37,177.33
48,417,48417,Texas,Shackelford,,,3211.0,3220.0,3194.0,,,6.0,4.0,6.0,,,12.0,3.0,7.0,,,186.86,124.22,187.85,,,373.72,93.17,219.16,3208.33,5.33,7.33,166.31,228.68
48,467,48467,Texas,Van Zandt,,,62858.0,64033.0,65266.0,,,44.0,40.0,66.0,,,270.0,203.0,156.0,,,70.0,62.47,101.12,,,429.54,317.02,239.02,64052.33,50.0,209.67,77.86,328.53
49,029,49029,Utah,Morgan,,,12857.0,,,,,12.0,,,,,80.0,,,,,93.33,,,,,622.23,,,12857.0,12.0,80.0,93.33,622.23
54,023,54023,West Virginia,Grant,,,10963.0,10986.0,,,,9.0,2.0,,,,1.0,5.0,,,,82.09,18.2,,,,9.12,45.51,,10974.5,5.5,3.0,50.14,27.32
54,049,54049,West Virginia,Marion,,,55806.0,,55685.0,,,41.0,,74.0,,,166.0,,169.0,,,73.47,,132.89,,,297.46,,303.49,55745.5,57.5,167.5,103.18,300.48
54,073,54073,West Virginia,Pleasants,,,7568.0,,,,,0.0,,,,,0.0,,,,,0.0,,,,,0.0,,,7568.0,0.0,0.0,0.0,0.0
01,003,01003,Alabama,Baldwin,,,,254193.0,261652.0,,,,108.0,137.0,,,,196.0,170.0,,,,42.49,52.36,,,,77.11,64.97,257922.5,122.5,183.0,47.42,71.04
01,089,01089,Alabama,Madison,,,,413411.0,423071.0,,,,300.0,286.0,,,,1484.0,1288.0,,,,72.57,67.6,,,,358.96,304.44,418241.0,293.0,1386.0,70.08,331.7
01,125,01125,Alabama,Tuscaloosa,,,,238819.0,240880.0,,,,159.0,106.0,,,,476.0,470.0,,,,66.58,44.01,,,,199.31,195.12,239849.5,132.5,473.0,55.3,197.22
01,011,01011,Alabama,Bullock,,,,9898.0,9863.0,,,,14.0,11.0,,,,32.0,38.0,,,,141.44,111.53,,,,323.3,385.28,9880.5,12.5,35.0,126.48,354.29
01,035,01035,Alabama,Conecuh,,,,11153.0,11045.0,,,,5.0,1.0,,,,19.0,0.0,,,,44.83,9.05,,,,170.36,0.0,11099.0,3.0,9.5,26.94,85.18
01,075,01075,Alabama,Lamar,,,,13622.0,13553.0,,,,2.0,3.0,,,,4.0,14.0,,,,14.68,22.14,,,,29.36,103.3,13587.5,2.5,9.0,18.41,66.33
01,131,01131,Alabama,Wilcox,,,,9950.0,,,,,8.0,,,,,31.0,,,,,80.4,,,,,311.56,,9950.0,8.0,31.0,80.4,311.56
05,097,05097,Arkansas,Montgomery,,,,8607.0,8555.0,,,,30.0,15.0,,,,41.0,11.0,,,,348.55,175.34,,,,476.36,128.58,8581.0,22.5,26.0,261.94,302.47
,,,Delaware,Alachua,,,,,,,,,,,,,,,,,,,,,,,,,,,,,,
,,,Delaware,Baker,,,,,,,,,,,,,,,,,,,,,,,,,,,,,,
,,,Delaware,Clay,,,,,,,,,,,,,,,,,,,,,,,,,,,,,,
,,,Delaware,Jefferson,,,,,,,,,,,,,,,,,,,,,,,,,,,,,,
,,,Delaware,Levy,,,,,,,,,,,,,,,,,,,,,,,,,,,,,,
,,,Delaware,Martin,,,,,,,,,,,,,,,,,,,,,,,,,,,,,,
,,,Delaware,Santa Rosa,,,,,,,,,,,,,,,,,,,,,,,,,,,,,,
,,,Delaware,Sumter,,,,,,,,,,,,,,,,,,,,,,,,,,,,,,
,,,Delaware,Wakulla,,,,,,,,,,,,,,,,,,,,,,,,,,,,,,
,,,Delaware,Columbia,,,,,,,,,,,,,,,,,,,,,,,,,,,,,,
,,,Delaware,Hendry,,,,,,,,,,,,,,,,,,,,,,,,,,,,,,
,,,Delaware,Madison,,,,,,,,,,,,,,,,,,,,,,,,,,,,,,
,,,Delaware,Taylor,,,,,,,,,,,,,,,,,,,,,,,,,,,,,,
13,181,13181,Georgia,Lincoln,,,,7884.0,,,,,23.0,,,,,65.0,,,,,291.73,,,,,824.45,,7884.0,23.0,65.0,291.73,824.45
13,263,13263,Georgia,Talbot,,,,5711.0,5754.0,,,,17.0,9.0,,,,26.0,35.0,,,,297.67,156.41,,,,455.26,608.27,5732.5,13.0,30.5,227.04,531.76
13,293,13293,Georgia,Upson,,,,28251.0,28404.0,,,,11.0,6.0,,,,49.0,32.0,,,,38.94,21.12,,,,173.45,112.66,28327.5,8.5,40.5,30.03,143.06
17,005,17005,Illinois,Bond,,,,16641.0,16600.0,,,,5.0,8.0,,,,34.0,27.0,,,,30.05,48.19,,,,204.31,162.65,16620.5,6.5,30.5,39.12,183.48
17,007,17007,Illinois,Boone,,,,53352.0,53526.0,,,,21.0,32.0,,,,110.0,106.0,,,,39.36,59.78,,,,206.18,198.03,53439.0,26.5,108.0,49.57,202.1
17,013,17013,Illinois,Calhoun,,,,4329.0,4310.0,,,,9.0,7.0,,,,13.0,10.0,,,,207.9,162.41,,,,300.3,232.02,4319.5,8.0,11.5,185.16,266.16
17,043,17043,Illinois,DuPage,,,,927400.0,932651.0,,,,52.0,53.0,,,,367.0,340.0,,,,5.61,5.68,,,,39.57,36.46,930025.5,52.5,353.5,5.64,38.02
17,127,17127,Illinois,Massac,,,,13741.0,,,,,4.0,,,,,29.0,,,,,29.11,,,,,211.05,,13741.0,4.0,29.0,29.11,211.05
17,163,17163,Illinois,St. Clair,,,,252232.0,251375.0,,,,125.0,97.0,,,,340.0,270.0,,,,49.56,38.59,,,,134.8,107.41,251803.5,111.0,305.0,44.08,121.1
17,001,17001,Illinois,Adams,,,,64508.0,64216.0,,,,24.0,25.0,,,,195.0,175.0,,,,37.2,38.93,,,,302.29,272.52,64362.0,24.5,185.0,38.06,287.4
17,017,17017,Illinois,Cass,,,,12716.0,12530.0,,,,2.0,1.0,,,,2.0,1.0,,,,15.73,7.98,,,,15.73,7.98,12623.0,1.5,1.5,11.86,11.86
,,,Illinois,DeWitt,,,,,,,,,,,,,,,,,,,,,,,,,,,,,,
17,045,17045,Illinois,Edgar,,,,16430.0,16382.0,,,,3.0,8.0,,,,29.0,28.0,,,,18.26,48.83,,,,176.51,170.92,16406.0,5.5,28.5,33.54,173.71
17,047,17047,Illinois,Edwards,,,,6022.0,5987.0,,,,6.0,2.0,,,,7.0,1.0,,,,99.63,33.41,,,,116.24,16.7,6004.5,4.0,4.0,66.52,66.47
17,061,17061,Illinois,Greene,,,,11567.0,11393.0,,,,3.0,4.0,,,,12.0,13.0,,,,25.94,35.11,,,,103.74,114.11,11480.0,3.5,12.5,30.52,108.92
17,065,17065,Illinois,Hamilton,,,,7895.0,7861.0,,,,7.0,4.0,,,,6.0,6.0,,,,88.66,50.88,,,,76.0,76.33,7878.0,5.5,6.0,69.77,76.16
17,071,17071,Illinois,Henderson,,,,6106.0,6031.0,,,,2.0,0.0,,,,8.0,6.0,,,,32.75,0.0,,,,131.02,99.49,6068.5,1.0,7.0,16.38,115.26
17,101,17101,Illinois,Lawrence,,,,13659.0,13767.0,,,,8.0,9.0,,,,16.0,8.0,,,,58.57,65.37,,,,117.14,58.11,13713.0,8.5,12.0,61.97,87.62
17,125,17125,Illinois,Mason,,,,12580.0,12489.0,,,,1.0,4.0,,,,0.0,2.0,,,,7.95,32.03,,,,0.0,16.01,12534.5,2.5,1.0,19.99,8.01
17,139,17139,Illinois,Moultrie,,,,14339.0,14442.0,,,,3.0,8.0,,,,13.0,10.0,,,,20.92,55.39,,,,90.66,69.24,14390.5,5.5,11.5,38.16,79.95
17,149,17149,Illinois,Pike,,,,14351.0,14286.0,,,,8.0,6.0,,,,29.0,15.0,,,,55.75,42.0,,,,202.08,105.0,14318.5,7.0,22.0,48.88,153.54
17,153,17153,Illinois,Pulaski,,,,4967.0,4883.0,,,,10.0,4.0,,,,27.0,16.0,,,,201.33,81.92,,,,543.59,327.67,4925.0,7.0,21.5,141.62,435.63
17,165,17165,Illinois,Saline,,,,22980.0,22830.0,,,,5.0,19.0,,,,26.0,62.0,,,,21.76,83.22,,,,113.14,271.57,22905.0,12.0,44.0,52.49,192.36
17,173,17173,Illinois,Shelby,,,,20604.0,20554.0,,,,21.0,11.0,,,,44.0,40.0,,,,101.92,53.52,,,,213.55,194.61,20579.0,16.0,42.0,77.72,204.08
17,193,17193,Illinois,White,,,,13497.0,13449.0,,,,2.0,3.0,,,,69.0,60.0,,,,14.82,22.31,,,,511.22,446.13,13473.0,2.5,64.5,18.56,478.68
,,,Indiana,DeKalb,,,,,,,,,,,,,,,,,,,,,,,,,,,,,,
18,053,18053,Indiana,Grant,,,,66188.0,66236.0,,,,11.0,8.0,,,,142.0,92.0,,,,16.62,12.08,,,,214.54,138.9,66212.0,9.5,117.0,14.35,176.72
18,083,18083,Indiana,Knox,,,,35961.0,35757.0,,,,25.0,37.0,,,,37.0,69.0,,,,69.52,103.48,,,,102.89,192.97,35859.0,31.0,53.0,86.5,147.93
18,093,18093,Indiana,Lawrence,,,,45044.0,45230.0,,,,18.0,45.0,,,,19.0,40.0,,,,39.96,99.49,,,,42.18,88.44,45137.0,31.5,29.5,69.72,65.31
18,123,18123,Indiana,Perry,,,,19210.0,19388.0,,,,15.0,15.0,,,,30.0,29.0,,,,78.08,77.37,,,,156.17,149.58,19299.0,15.0,29.5,77.72,152.88
18,131,18131,Indiana,Pulaski,,,,12427.0,,,,,12.0,,,,,48.0,,,,,96.56,,,,,386.26,,12427.0,12.0,48.0,96.56,386.26
18,143,18143,Indiana,Scott,,,,24687.0,,,,,0.0,,,,,26.0,,,,,0.0,,,,,105.32,,24687.0,0.0,26.0,0.0,105.32
19,073,19073,Iowa,Greene,,,,8603.0,8654.0,,,,4.0,8.0,,,,33.0,31.0,,,,46.5,92.44,,,,383.59,358.22,8628.5,6.0,32.0,69.47,370.9
20,017,20017,Kansas,Chase,,,,2596.0,2593.0,,,,7.0,4.0,,,,26.0,26.0,,,,269.65,154.26,,,,1001.54,1002.7,2594.5,5.5,26.0,211.96,1002.12
20,031,20031,Kansas,Coffey,,,,8282.0,8329.0,,,,10.0,15.0,,,,43.0,28.0,,,,120.74,180.09,,,,519.2,336.17,8305.5,12.5,35.5,150.42,427.69
20,049,20049,Kansas,Elk,,,,2486.0,,,,,3.0,,,,,13.0,,,,,120.68,,,,,522.93,,2486.0,3.0,13.0,120.68,522.93
20,141,20141,Kansas,Osborne,,,,3420.0,,,,,10.0,,,,,7.0,,,,,292.4,,,,,204.68,,3420.0,10.0,7.0,292.4,204.68
22,023,22023,Louisiana,Cameron,,,,4821.0,4773.0,,,,14.0,18.0,,,,77.0,78.0,,,,290.4,377.12,,,,1597.18,1634.19,4797.0,16.0,77.5,333.76,1615.68
22,111,22111,Louisiana,Union,,,,20763.0,,,,,101.0,,,,,250.0,,,,,486.44,,,,,1204.06,,20763.0,101.0,250.0,486.44,1204.06
,,,Maryland,Anne Arundel County Police Department,,,,,,,,,,,,,,,,,,,,,,,,,,,,,,
,,,Maryland,Baltimore County Police Department,,,,,,,,,,,,,,,,,,,,,,,,,,,,,,
24,013,24013,Maryland,Carroll,,,,176625.0,176790.0,,,,324.0,173.0,,,,653.0,588.0,,,,183.44,97.86,,,,369.71,332.6,176707.5,248.5,620.5,140.65,351.16
24,015,24015,Maryland,Cecil,,,,105789.0,106567.0,,,,141.0,110.0,,,,419.0,340.0,,,,133.28,103.22,,,,396.07,319.05,106178.0,125.5,379.5,118.25,357.56
24,017,24017,Maryland,Charles,,,,172174.0,174499.0,,,,537.0,517.0,,,,1755.0,1673.0,,,,311.89,296.28,,,,1019.32,958.74,173336.5,527.0,1714.0,304.08,989.03
24,021,24021,Maryland,Frederick,,,,293742.0,298855.0,,,,219.0,184.0,,,,1335.0,1029.0,,,,74.56,61.57,,,,454.48,344.31,296298.5,201.5,1182.0,68.06,399.4
24,025,24025,Maryland,Harford,,,,264739.0,265624.0,,,,400.0,365.0,,,,1543.0,1550.0,,,,151.09,137.41,,,,582.84,583.53,265181.5,382.5,1546.5,144.25,583.18
24,027,24027,Maryland,Howard,,,,336321.0,337795.0,,,,0.0,0.0,,,,0.0,0.0,,,,0.0,0.0,,,,0.0,0.0,337058.0,0.0,0.0,0.0,0.0
,,,Maryland,Howard County Police Department,,,,,,,,,,,,,,,,,,,,,,,,,,,,,,
24,031,24031,Maryland,Montgomery,,,,1064369.0,1073045.0,,,,0.0,0.0,,,,0.0,0.0,,,,0.0,0.0,,,,0.0,0.0,1068707.0,0.0,0.0,0.0,0.0
,,,Maryland,Prince George's County Police Department,,,,,,,,,,,,,,,,,,,,,,,,,,,,,,
24,035,24035,Maryland,Queen Anne's,,,,52624.0,53681.0,,,,29.0,42.0,,,,286.0,274.0,,,,55.11,78.24,,,,543.48,510.42,53152.5,35.5,280.0,66.68,526.95
24,037,24037,Maryland,St. Mary's,,,,115242.0,116216.0,,,,173.0,257.0,,,,1013.0,1187.0,,,,150.12,221.14,,,,879.02,1021.37,115729.0,215.0,1100.0,185.63,950.2
24,043,24043,Maryland,Washington,,,,155437.0,157140.0,,,,215.0,153.0,,,,766.0,782.0,,,,138.32,97.37,,,,492.8,497.65,156288.5,184.0,774.0,117.84,495.22
24,045,24045,Maryland,Wicomico,,,,106024.0,106639.0,,,,101.0,71.0,,,,368.0,450.0,,,,95.26,66.58,,,,347.09,421.98,106331.5,86.0,409.0,80.92,384.54
24,001,24001,Maryland,Allegany,,,,67084.0,66984.0,,,,21.0,17.0,,,,54.0,79.0,,,,31.3,25.38,,,,80.5,117.94,67034.0,19.0,66.5,28.34,99.22
24,011,24011,Maryland,Caroline,,,,33768.0,34059.0,,,,29.0,27.0,,,,158.0,134.0,,,,85.88,79.27,,,,467.9,393.43,33913.5,28.0,146.0,82.57,430.66
24,019,24019,Maryland,Dorchester,,,,32981.0,33208.0,,,,23.0,22.0,,,,107.0,114.0,,,,69.74,66.25,,,,324.43,343.29,33094.5,22.5,110.5,68.0,333.86
24,023,24023,Maryland,Garrett,,,,28485.0,28417.0,,,,8.0,7.0,,,,113.0,127.0,,,,28.08,24.63,,,,396.7,446.92,28451.0,7.5,120.0,26.35,421.81
24,041,24041,Maryland,Talbot,,,,38019.0,38295.0,,,,32.0,20.0,,,,113.0,99.0,,,,84.17,52.23,,,,297.22,258.52,38157.0,26.0,106.0,68.2,277.87
24,047,24047,Maryland,Worcester,,,,54237.0,54381.0,,,,26.0,32.0,,,,153.0,166.0,,,,47.94,58.84,,,,282.1,305.25,54309.0,29.0,159.5,53.39,293.68
29,135,29135,Missouri,Moniteau,,,,15248.0,,,,,9.0,,,,,6.0,,,,,59.02,,,,,39.35,,15248.0,9.0,6.0,59.02,39.35
29,033,29033,Missouri,Carroll,,,,8363.0,,,,,4.0,,,,,8.0,,,,,47.83,,,,,95.66,,8363.0,4.0,8.0,47.83,95.66
29,141,29141,Missouri,Morgan,,,,21954.0,,,,,69.0,,,,,45.0,,,,,314.29,,,,,204.97,,21954.0,69.0,45.0,314.29,204.97
31,071,31071,Nebraska,Garfield,,,,1758.0,,,,,0.0,,,,,3.0,,,,,0.0,,,,,170.65,,1758.0,0.0,3.0,0.0,170.65
31,145,31145,Nebraska,Red Willow,,,,10495.0,10405.0,,,,0.0,1.0,,,,18.0,12.0,,,,0.0,9.61,,,,171.51,115.33,10450.0,0.5,15.0,4.8,143.42
31,171,31171,Nebraska,Thomas,,,,677.0,649.0,,,,1.0,0.0,,,,0.0,0.0,,,,147.71,0.0,,,,0.0,0.0,663.0,0.5,0.0,73.86,0.0
31,185,31185,Nebraska,York,,,,14402.0,14436.0,,,,8.0,6.0,,,,19.0,10.0,,,,55.55,41.56,,,,131.93,69.27,14419.0,7.0,14.5,48.56,100.6
36,117,36117,New York,Wayne,,,,90721.0,90988.0,,,,63.0,38.0,,,,318.0,256.0,,,,69.44,41.76,,,,350.53,281.36,90854.5,50.5,287.0,55.6,315.94
36,033,36033,New York,Franklin,,,,46224.0,,,,,0.0,,,,,0.0,,,,,0.0,,,,,0.0,,46224.0,0.0,0.0,0.0,0.0
37,059,37059,North Carolina,Davie,,,,44676.0,45485.0,,,,135.0,139.0,,,,645.0,517.0,,,,302.18,305.6,,,,1443.73,1136.64,45080.5,137.0,581.0,303.89,1290.18
37,093,37093,North Carolina,Hoke,,,,54710.0,55659.0,,,,288.0,292.0,,,,715.0,853.0,,,,526.41,524.62,,,,1306.89,1532.55,55184.5,290.0,784.0,525.52,1419.72
39,075,39075,Ohio,Holmes,,,,44407.0,44743.0,,,,2.0,0.0,,,,188.0,118.0,,,,4.5,0.0,,,,423.36,263.73,44575.0,1.0,153.0,2.25,343.54
39,121,39121,Ohio,Noble,,,,14342.0,,,,,7.0,,,,,50.0,,,,,48.81,,,,,348.63,,14342.0,7.0,50.0,48.81,348.63
41,039,41039,Oregon,Lane,,,,382091.0,382081.0,,,,271.0,247.0,,,,1236.0,1032.0,,,,70.93,64.65,,,,323.48,270.1,382086.0,259.0,1134.0,67.79,296.79
41,011,41011,Oregon,Coos,,,,64578.0,,,,,49.0,,,,,443.0,,,,,75.88,,,,,685.99,,64578.0,49.0,443.0,75.88,685.99
42,001,42001,Pennsylvania,Adams,,,,106945.0,,,,,0.0,,,,,0.0,,,,,0.0,,,,,0.0,,106945.0,0.0,0.0,0.0,0.0
42,003,42003,Pennsylvania,Allegheny,,,,1228911.0,1227174.0,,,,9.0,5.0,,,,5.0,1.0,,,,0.73,0.41,,,,0.41,0.08,1228042.5,7.0,3.0,0.57,0.24
42,021,42021,Pennsylvania,Cambria,,,,130590.0,,,,,0.0,,,,,2.0,,,,,0.0,,,,,1.53,,130590.0,0.0,2.0,0.0,1.53
42,055,42055,Pennsylvania,Franklin,,,,158181.0,159476.0,,,,0.0,0.0,,,,0.0,0.0,,,,0.0,0.0,,,,0.0,0.0,158828.5,0.0,0.0,0.0,0.0
42,077,42077,Pennsylvania,Lehigh,,,,380068.0,382939.0,,,,0.0,0.0,,,,0.0,0.0,,,,0.0,0.0,,,,0.0,0.0,381503.5,0.0,0.0,0.0,0.0
42,081,42081,Pennsylvania,Lycoming,,,,113192.0,112918.0,,,,0.0,0.0,,,,0.0,0.0,,,,0.0,0.0,,,,0.0,0.0,113055.0,0.0,0.0,0.0,0.0
42,091,42091,Pennsylvania,Montgomery,,,,870108.0,875160.0,,,,0.0,0.0,,,,0.0,0.0,,,,0.0,0.0,,,,0.0,0.0,872634.0,0.0,0.0,0.0,0.0
42,095,42095,Pennsylvania,Northampton,,,,320993.0,323085.0,,,,0.0,1.0,,,,0.0,0.0,,,,0.0,0.31,,,,0.0,0.0,322039.0,0.5,0.0,0.16,0.0
42,129,42129,Pennsylvania,Westmoreland,,,,351233.0,350473.0,,,,0.0,0.0,,,,0.0,0.0,,,,0.0,0.0,,,,0.0,0.0,350853.0,0.0,0.0,0.0,0.0
42,131,42131,Pennsylvania,Wyoming,,,,25912.0,25857.0,,,,0.0,0.0,,,,0.0,0.0,,,,0.0,0.0,,,,0.0,0.0,25884.5,0.0,0.0,0.0,0.0
42,133,42133,Pennsylvania,York,,,,466068.0,469986.0,,,,2.0,3.0,,,,0.0,0.0,,,,0.43,0.64,,,,0.0,0.0,468027.0,2.5,0.0,0.54,0.0
42,015,42015,Pennsylvania,Bradford,,,,59722.0,59593.0,,,,0.0,0.0,,,,0.0,0.0,,,,0.0,0.0,,,,0.0,0.0,59657.5,0.0,0.0,0.0,0.0
42,059,42059,Pennsylvania,Greene,,,,34579.0,34142.0,,,,0.0,0.0,,,,0.0,0.0,,,,0.0,0.0,,,,0.0,0.0,34360.5,0.0,0.0,0.0,0.0
42,085,42085,Pennsylvania,Mercer,,,,108556.0,108238.0,,,,0.0,0.0,,,,0.0,0.0,,,,0.0,0.0,,,,0.0,0.0,108397.0,0.0,0.0,0.0,0.0
42,097,42097,Pennsylvania,Northumberland,,,,90139.0,89969.0,,,,0.0,0.0,,,,0.0,0.0,,,,0.0,0.0,,,,0.0,0.0,90054.0,0.0,0.0,0.0,0.0
42,103,42103,Pennsylvania,Pike,,,,61524.0,62264.0,,,,0.0,0.0,,,,1.0,0.0,,,,0.0,0.0,,,,1.63,0.0,61894.0,0.0,0.5,0.0,0.82
42,107,42107,Pennsylvania,Schuylkill,,,,143892.0,144409.0,,,,0.0,1.0,,,,0.0,0.0,,,,0.0,0.69,,,,0.0,0.0,144150.5,0.5,0.0,0.34,0.0
42,109,42109,Pennsylvania,Snyder,,,,39673.0,39689.0,,,,0.0,0.0,,,,0.0,0.0,,,,0.0,0.0,,,,0.0,0.0,39681.0,0.0,0.0,0.0,0.0
42,117,42117,Pennsylvania,Tioga,,,,40697.0,40563.0,,,,0.0,0.0,,,,0.0,0.0,,,,0.0,0.0,,,,0.0,0.0,40630.0,0.0,0.0,0.0,0.0
42,119,42119,Pennsylvania,Union,,,,42185.0,42641.0,,,,0.0,0.0,,,,0.0,0.0,,,,0.0,0.0,,,,0.0,0.0,42413.0,0.0,0.0,0.0,0.0
42,127,42127,Pennsylvania,Wayne,,,,51385.0,51362.0,,,,0.0,0.0,,,,0.0,0.0,,,,0.0,0.0,,,,0.0,0.0,51373.5,0.0,0.0,0.0,0.0
45,003,45003,South Carolina,Aiken,,,,176336.0,178363.0,,,,328.0,301.0,,,,2248.0,2058.0,,,,186.01,168.76,,,,1274.84,1153.83,177349.5,314.5,2153.0,177.38,1214.34
46,041,46041,South Dakota,Dewey,,,,5387.0,,,,,1.0,,,,,5.0,,,,,18.56,,,,,92.82,,5387.0,1.0,5.0,18.56,92.82
46,043,46043,South Dakota,Douglas,,,,2844.0,,,,,3.0,,,,,12.0,,,,,105.49,,,,,421.94,,2844.0,3.0,12.0,105.49,421.94
46,047,46047,South Dakota,Fall River,,,,7374.0,7413.0,,,,16.0,2.0,,,,49.0,6.0,,,,216.98,26.98,,,,664.5,80.94,7393.5,9.0,27.5,121.98,372.72
48,145,48145,Texas,Falls,,,,17660.0,,,,,5.0,,,,,11.0,,,,,28.31,,,,,62.29,,17660.0,5.0,11.0,28.31,62.29
48,297,48297,Texas,Live Oak,,,,11823.0,11858.0,,,,12.0,15.0,,,,57.0,39.0,,,,101.5,126.5,,,,482.11,328.89,11840.5,13.5,48.0,114.0,405.5
49,015,49015,Utah,Emery,,,,10134.0,10142.0,,,,14.0,10.0,,,,59.0,80.0,,,,138.15,98.6,,,,582.2,788.8,10138.0,12.0,69.5,118.38,685.5
50,007,50007,Vermont,Chittenden,,,,169533.0,169667.0,,,,1.0,0.0,,,,4.0,338.0,,,,0.59,0.0,,,,2.36,199.21,169600.0,0.5,171.0,0.3,100.79
50,005,50005,Vermont,Caledonia,,,,30617.0,30508.0,,,,1.0,1.0,,,,1.0,0.0,,,,3.27,3.28,,,,3.27,0.0,30562.5,1.0,0.5,3.28,1.64
54,079,54079,West Virginia,Putnam,,,,56900.0,56922.0,,,,20.0,37.0,,,,134.0,213.0,,,,35.15,65.0,,,,235.5,374.2,56911.0,28.5,173.5,50.08,304.85
01,071,01071,Alabama,Jackson,,,,,53935.0,,,,,47.0,,,,,162.0,,,,,87.14,,,,,300.36,53935.0,47.0,162.0,87.14,300.36
05,039,05039,Arkansas,Dallas,,,,,6109.0,,,,,15.0,,,,,23.0,,,,,245.54,,,,,376.49,6109.0,15.0,23.0,245.54,376.49
05,103,05103,Arkansas,Ouachita,,,,,21856.0,,,,,39.0,,,,,124.0,,,,,178.44,,,,,567.35,21856.0,39.0,124.0,178.44,567.35
05,107,05107,Arkansas,Phillips,,,,,14555.0,,,,,10.0,,,,,31.0,,,,,68.7,,,,,212.99,14555.0,10.0,31.0,68.7,212.99
05,135,05135,Arkansas,Sharp,,,,,18102.0,,,,,35.0,,,,,79.0,,,,,193.35,,,,,436.42,18102.0,35.0,79.0,193.35,436.42
08,049,08049,Colorado,Grand,,,,,16283.0,,,,,29.0,,,,,50.0,,,,,178.1,,,,,307.07,16283.0,29.0,50.0,178.1,307.07
,,,Florida,Jacksonville Sheriff's Office,,,,,,,,,,,,,,,,,,,,,,,,,,,,,,
13,083,13083,Georgia,Dade,,,,,16143.0,,,,,12.0,,,,,59.0,,,,,74.34,,,,,365.48,16143.0,12.0,59.0,74.34,365.48
13,107,13107,Georgia,Emanuel,,,,,23236.0,,,,,0.0,,,,,1.0,,,,,0.0,,,,,4.3,23236.0,0.0,1.0,0.0,4.3
13,209,13209,Georgia,Montgomery,,,,,8597.0,,,,,16.0,,,,,46.0,,,,,186.11,,,,,535.07,8597.0,16.0,46.0,186.11,535.07
17,129,17129,Illinois,Menard,,,,,11924.0,,,,,1.0,,,,,20.0,,,,,8.39,,,,,167.73,11924.0,1.0,20.0,8.39,167.73
17,009,17009,Illinois,Brown,,,,,6438.0,,,,,0.0,,,,,0.0,,,,,0.0,,,,,0.0,6438.0,0.0,0.0,0.0,0.0
17,159,17159,Illinois,Richland,,,,,15368.0,,,,,8.0,,,,,66.0,,,,,52.06,,,,,429.46,15368.0,8.0,66.0,52.06,429.46
18,013,18013,Indiana,Brown,,,,,15621.0,,,,,18.0,,,,,81.0,,,,,115.23,,,,,518.53,15621.0,18.0,81.0,115.23,518.53
18,021,18021,Indiana,Clay,,,,,26352.0,,,,,14.0,,,,,40.0,,,,,53.13,,,,,151.79,26352.0,14.0,40.0,53.13,151.79
18,001,18001,Indiana,Adams,,,,,36542.0,,,,,5.0,,,,,25.0,,,,,13.68,,,,,68.41,36542.0,5.0,25.0,13.68,68.41
18,031,18031,Indiana,Decatur,,,,,26514.0,,,,,16.0,,,,,24.0,,,,,60.35,,,,,90.52,26514.0,16.0,24.0,60.35,90.52
18,075,18075,Indiana,Jay,,,,,20259.0,,,,,0.0,,,,,13.0,,,,,0.0,,,,,64.17,20259.0,0.0,13.0,0.0,64.17
,,,Kentucky,Knott County Police Department,,,,,,,,,,,,,,,,,,,,,,,,,,,,,,
,,,Kentucky,Pulaski County Police Department,,,,,,,,,,,,,,,,,,,,,,,,,,,,,,
,,,Kentucky,Whitley County Police Department,,,,,,,,,,,,,,,,,,,,,,,,,,,,,,
22,045,22045,Louisiana,Iberia,,,,,67573.0,,,,,191.0,,,,,334.0,,,,,282.66,,,,,494.28,67573.0,191.0,334.0,282.66,494.28
24,005,24005,Maryland,Baltimore County,,,,,848438.0,,,,,0.0,,,,,0.0,,,,,0.0,,,,,0.0,848438.0,0.0,0.0,0.0,0.0
24,009,24009,Maryland,Calvert,,,,,94621.0,,,,,124.0,,,,,489.0,,,,,131.05,,,,,516.8,94621.0,124.0,489.0,131.05,516.8
24,029,24029,Maryland,Kent,,,,,19517.0,,,,,0.0,,,,,32.0,,,,,0.0,,,,,163.96,19517.0,0.0,32.0,0.0,163.96
26,115,26115,Michigan,Monroe,,,,,155870.0,,,,,224.0,,,,,941.0,,,,,143.71,,,,,603.71,155870.0,224.0,941.0,143.71,603.71
28,029,28029,Mississippi,Copiah,,,,,27629.0,,,,,97.0,,,,,142.0,,,,,351.08,,,,,513.95,27629.0,97.0,142.0,351.08,513.95
28,127,28127,Mississippi,Simpson,,,,,25618.0,,,,,35.0,,,,,137.0,,,,,136.62,,,,,534.78,25618.0,35.0,137.0,136.62,534.78
28,107,28107,Mississippi,Panola,,,,,32719.0,,,,,56.0,,,,,267.0,,,,,171.15,,,,,816.04,32719.0,56.0,267.0,171.15,816.04
30,021,30021,Montana,Anaconda-Deer Lodge,,,,,9766.0,,,,,38.0,,,,,58.0,,,,,389.11,,,,,593.9,9766.0,38.0,58.0,389.11,593.9
30,019,30019,Montana,Daniels,,,,,1643.0,,,,,4.0,,,,,2.0,,,,,243.46,,,,,121.73,1643.0,4.0,2.0,243.46,121.73
31,163,31163,Nebraska,Sherman,,,,,2953.0,,,,,0.0,,,,,0.0,,,,,0.0,,,,,0.0,2953.0,0.0,0.0,0.0,0.0
31,173,31173,Nebraska,Thurston,,,,,6609.0,,,,,1.0,,,,,18.0,,,,,15.13,,,,,272.36,6609.0,1.0,18.0,15.13,272.36
35,043,35043,New Mexico,Sandoval,,,,,157611.0,,,,,81.0,,,,,142.0,,,,,51.39,,,,,90.1,157611.0,81.0,142.0,51.39,90.1
35,003,35003,New Mexico,Catron,,,,,3823.0,,,,,5.0,,,,,15.0,,,,,130.79,,,,,392.36,3823.0,5.0,15.0,130.79,392.36
35,006,35006,New Mexico,Cibola,,,,,26755.0,,,,,5.0,,,,,19.0,,,,,18.69,,,,,71.01,26755.0,5.0,19.0,18.69,71.01
37,131,37131,North Carolina,Northampton,,,,,16526.0,,,,,73.0,,,,,350.0,,,,,441.73,,,,,2117.87,16526.0,73.0,350.0,441.73,2117.87
39,035,39035,Ohio,Cuyahoga,,,,,1233614.0,,,,,33.0,,,,,42.0,,,,,2.68,,,,,3.4,1233614.0,33.0,42.0,2.68,3.4
39,171,39171,Ohio,Williams,,,,,36621.0,,,,,8.0,,,,,91.0,,,,,21.85,,,,,248.49,36621.0,8.0,91.0,21.85,248.49
39,175,39175,Ohio,Wyandot,,,,,21559.0,,,,,1.0,,,,,3.0,,,,,4.64,,,,,13.92,21559.0,1.0,3.0,4.64,13.92
42,007,42007,Pennsylvania,Beaver,,,,,165769.0,,,,,0.0,,,,,0.0,,,,,0.0,,,,,0.0,165769.0,0.0,0.0,0.0,0.0
42,011,42011,Pennsylvania,Berks,,,,,438379.0,,,,,4.0,,,,,0.0,,,,,0.91,,,,,0.0,438379.0,4.0,0.0,0.91,0.0
42,017,42017,Pennsylvania,Bucks,,,,,648416.0,,,,,0.0,,,,,0.0,,,,,0.0,,,,,0.0,648416.0,0.0,0.0,0.0,0.0
42,019,42019,Pennsylvania,Butler,,,,,199300.0,,,,,0.0,,,,,0.0,,,,,0.0,,,,,0.0,199300.0,0.0,0.0,0.0,0.0
42,025,42025,Pennsylvania,Carbon,,,,,65709.0,,,,,0.0,,,,,0.0,,,,,0.0,,,,,0.0,65709.0,0.0,0.0,0.0,0.0
42,027,42027,Pennsylvania,Centre,,,,,158505.0,,,,,0.0,,,,,0.0,,,,,0.0,,,,,0.0,158505.0,0.0,0.0,0.0,0.0
42,029,42029,Pennsylvania,Chester,,,,,554530.0,,,,,0.0,,,,,0.0,,,,,0.0,,,,,0.0,554530.0,0.0,0.0,0.0,0.0
42,041,42041,Pennsylvania,Cumberland,,,,,274656.0,,,,,0.0,,,,,0.0,,,,,0.0,,,,,0.0,274656.0,0.0,0.0,0.0,0.0
42,049,42049,Pennsylvania,Erie,,,,,266435.0,,,,,0.0,,,,,0.0,,,,,0.0,,,,,0.0,266435.0,0.0,0.0,0.0,0.0
42,071,42071,Pennsylvania,Lancaster,,,,,562062.0,,,,,1.0,,,,,0.0,,,,,0.18,,,,,0.0,562062.0,1.0,0.0,0.18,0.0
42,073,42073,Pennsylvania,Lawrence,,,,,84087.0,,,,,0.0,,,,,0.0,,,,,0.0,,,,,0.0,84087.0,0.0,0.0,0.0,0.0
42,009,42009,Pennsylvania,Bedford,,,,,47566.0,,,,,0.0,,,,,0.0,,,,,0.0,,,,,0.0,47566.0,0.0,0.0,0.0,0.0
42,031,42031,Pennsylvania,Clarion,,,,,36741.0,,,,,0.0,,,,,0.0,,,,,0.0,,,,,0.0,36741.0,0.0,0.0,0.0,0.0
42,063,42063,Pennsylvania,Indiana,,,,,83257.0,,,,,0.0,,,,,0.0,,,,,0.0,,,,,0.0,83257.0,0.0,0.0,0.0,0.0
42,065,42065,Pennsylvania,Jefferson,,,,,43340.0,,,,,0.0,,,,,0.0,,,,,0.0,,,,,0.0,43340.0,0.0,0.0,0.0,0.0
42,067,42067,Pennsylvania,Juniata,,,,,23454.0,,,,,0.0,,,,,0.0,,,,,0.0,,,,,0.0,23454.0,0.0,0.0,0.0,0.0
42,089,42089,Pennsylvania,Monroe,,,,,166818.0,,,,,0.0,,,,,0.0,,,,,0.0,,,,,0.0,166818.0,0.0,0.0,0.0,0.0
46,071,46071,South Dakota,Jackson,,,,,2716.0,,,,,1.0,,,,,15.0,,,,,36.82,,,,,552.28,2716.0,1.0,15.0,36.82,552.28
48,009,48009,Texas,Archer,,,,,9140.0,,,,,3.0,,,,,7.0,,,,,32.82,,,,,76.59,9140.0,3.0,7.0,32.82,76.59
48,109,48109,Texas,Culberson,,,,,2273.0,,,,,0.0,,,,,0.0,,,,,0.0,,,,,0.0,2273.0,0.0,0.0,0.0,0.0
48,275,48275,Texas,Knox,,,,,3251.0,,,,,1.0,,,,,2.0,,,,,30.76,,,,,61.52,3251.0,1.0,2.0,30.76,61.52
48,311,48311,Texas,McMullen,,,,,558.0,,,,,1.0,,,,,7.0,,,,,179.21,,,,,1254.48,558.0,1.0,7.0,179.21,1254.48
48,433,48433,Texas,Stonewall,,,,,1224.0,,,,,1.0,,,,,4.0,,,,,81.7,,,,,326.8,1224.0,1.0,4.0,81.7,326.8
49,031,49031,Utah,Piute,,,,,1547.0,,,,,0.0,,,,,2.0,,,,,0.0,,,,,129.28,1547.0,0.0,2.0,0.0,129.28
49,033,49033,Utah,Rich,,,,,2740.0,,,,,1.0,,,,,6.0,,,,,36.5,,,,,218.98,2740.0,1.0,6.0,36.5,218.98
54,069,54069,West Virginia,Ohio,,,,,40969.0,,,,,44.0,,,,,146.0,,,,,107.4,,,,,356.37,40969.0,44.0,146.0,107.4,356.37
54,021,54021,West Virginia,Gilmer,,,,,7117.0,,,,,0.0,,,,,3.0,,,,,0.0,,,,,42.15,7117.0,0.0,3.0,0.0,42.15
54,055,54055,West Virginia,Mercer,,,,,57552.0,,,,,79.0,,,,,343.0,,,,,137.27,,,,,595.98,57552.0,79.0,343.0,137.27,595.98
