State_FIPS,County_FIPS,FIPS_5digit,State,County,Year,Population,Violent Crime,Property Crime,Violent Crime Rate,Property Crime Rate
01,001,01001,Alabama,Autauga,2020,58914.0,59.0,267.0,100.15,453.2
01,019,01019,Alabama,Cherokee,2020,24978.0,67.0,313.0,268.24,1253.1
01,025,01025,Alabama,Clarke,2020,22982.0,42.0,53.0,182.75,230.62
01,091,01091,Alabama,Marengo,2020,19266.0,26.0,88.0,134.95,456.76
04,015,04015,Arizona,Mohave,2020,214167.0,153.0,1637.0,71.44,764.36
04,019,04019,Arizona,Pima,2020,1045245.0,922.0,7020.0,88.21,671.61
04,021,04021,Arizona,Pinal,2020,430231.0,269.0,1438.0,62.52,334.24
04,025,04025,Arizona,Yavapai,2020,237223.0,193.0,837.0,81.36,352.83
04,027,04027,Arizona,Yuma,2020,205618.0,155.0,830.0,75.38,403.66
04,007,04007,Arizona,Gila,2020,53338.0,186.0,370.0,348.72,693.69
04,009,04009,Arizona,Graham,2020,38626.0,9.0,98.0,23.3,253.72
04,011,04011,Arizona,Greenlee,2020,9531.0,4.0,27.0,41.97,283.29
04,017,04017,Arizona,Navajo,2020,106748.0,46.0,261.0,43.09,244.5
04,023,04023,Arizona,Santa Cruz,2020,47711.0,3.0,104.0,6.29,217.98
05,007,05007,Arkansas,Benton,2020,286597.0,149.0,494.0,51.99,172.37
05,025,05025,Arkansas,Cleveland,2020,7551.0,40.0,111.0,529.73,1470.0
05,031,05031,Arkansas,Craighead,2020,111624.0,55.0,305.0,49.27,273.24
05,033,05033,Arkansas,Crawford,2020,60164.0,46.0,214.0,76.46,355.69
05,035,05035,Arkansas,Crittenden,2020,48076.0,158.0,236.0,328.65,490.89
05,045,05045,Arkansas,Faulkner,2020,123830.0,155.0,791.0,125.17,638.78
05,047,05047,Arkansas,Franklin,2020,17131.0,63.0,144.0,367.75,840.58
05,051,05051,Arkansas,Garland,2020,100259.0,295.0,1299.0,294.24,1295.64
05,053,05053,Arkansas,Grant,2020,18016.0,19.0,212.0,105.46,1176.73
05,069,05069,Arkansas,Jefferson,2020,66825.0,121.0,359.0,181.07,537.22
05,079,05079,Arkansas,Lincoln,2020,12893.0,3.0,28.0,23.27,217.17
05,081,05081,Arkansas,Little River,2020,11978.0,24.0,67.0,200.37,559.36
05,085,05085,Arkansas,Lonoke,2020,74065.0,108.0,471.0,145.82,635.93
05,087,05087,Arkansas,Madison,2020,16555.0,63.0,111.0,380.55,670.49
05,091,05091,Arkansas,Miller,2020,42586.0,54.0,198.0,126.8,464.94
05,105,05105,Arkansas,Perry,2020,9996.0,39.0,93.0,390.16,930.37
05,111,05111,Arkansas,Poinsett,2020,22953.0,50.0,118.0,217.84,514.09
05,119,05119,Arkansas,Pulaski,2020,399252.0,641.0,1595.0,160.55,399.5
05,125,05125,Arkansas,Saline,2020,123830.0,185.0,649.0,149.4,524.11
05,131,05131,Arkansas,Sebastian,2020,127807.0,51.0,141.0,39.9,110.32
05,143,05143,Arkansas,Washington,2020,246756.0,190.0,571.0,77.0,231.4
05,001,05001,Arkansas,Arkansas,2020,17106.0,22.0,78.0,128.61,455.98
05,003,05003,Arkansas,Ashley,2020,18959.0,23.0,113.0,121.31,596.02
05,005,05005,Arkansas,Baxter,2020,41692.0,66.0,493.0,158.3,1182.48
05,009,05009,Arkansas,Boone,2020,37386.0,195.0,205.0,521.59,548.33
05,011,05011,Arkansas,Bradley,2020,10501.0,14.0,49.0,133.32,466.62
05,013,05013,Arkansas,Calhoun,2020,4738.0,13.0,50.0,274.38,1055.3
05,015,05015,Arkansas,Carroll,2020,28245.0,41.0,149.0,145.16,527.53
05,017,05017,Arkansas,Chicot,2020,10154.0,4.0,78.0,39.39,768.17
05,019,05019,Arkansas,Clark,2020,21404.0,12.0,56.0,56.06,261.63
05,023,05023,Arkansas,Cleburne,2020,24712.0,153.0,311.0,619.13,1258.5
05,027,05027,Arkansas,Columbia,2020,22747.0,41.0,81.0,180.24,356.09
05,029,05029,Arkansas,Conway,2020,20733.0,56.0,217.0,270.1,1046.64
05,043,05043,Arkansas,Drew,2020,17321.0,21.0,117.0,121.24,675.48
05,049,05049,Arkansas,Fulton,2020,12052.0,25.0,59.0,207.43,489.55
05,057,05057,Arkansas,Hempstead,2020,19993.0,41.0,138.0,205.07,690.24
05,061,05061,Arkansas,Howard,2020,12760.0,18.0,29.0,141.07,227.27
05,063,05063,Arkansas,Independence,2020,37941.0,196.0,421.0,516.59,1109.62
05,065,05065,Arkansas,Izard,2020,13604.0,60.0,192.0,441.05,1411.35
05,067,05067,Arkansas,Jackson,2020,16742.0,37.0,133.0,221.0,794.41
05,071,05071,Arkansas,Johnson,2020,25721.0,81.0,94.0,314.92,365.46
05,077,05077,Arkansas,Lee,2020,8582.0,11.0,110.0,128.18,1281.75
05,083,05083,Arkansas,Logan,2020,21108.0,53.0,171.0,251.09,810.12
05,093,05093,Arkansas,Mississippi,2020,40535.0,37.0,319.0,91.28,786.97
05,095,05095,Arkansas,Monroe,2020,6769.0,7.0,22.0,103.41,325.01
05,099,05099,Arkansas,Nevada,2020,8284.0,12.0,23.0,144.86,277.64
05,109,05109,Arkansas,Pike,2020,10158.0,26.0,133.0,255.96,1309.31
05,113,05113,Arkansas,Polk,2020,19186.0,61.0,59.0,317.94,307.52
05,115,05115,Arkansas,Pope,2020,63414.0,84.0,259.0,132.46,408.43
05,117,05117,Arkansas,Prairie,2020,8247.0,4.0,55.0,48.5,666.91
05,121,05121,Arkansas,Randolph,2020,18593.0,30.0,107.0,161.35,575.49
05,127,05127,Arkansas,Scott,2020,9828.0,25.0,49.0,254.38,498.58
05,129,05129,Arkansas,Searcy,2020,7845.0,16.0,15.0,203.95,191.2
05,133,05133,Arkansas,Sevier,2020,15778.0,20.0,61.0,126.76,386.61
05,123,05123,Arkansas,St. Francis,2020,23019.0,35.0,164.0,152.05,712.45
05,139,05139,Arkansas,Union,2020,38942.0,61.0,238.0,156.64,611.17
05,141,05141,Arkansas,Van Buren,2020,15803.0,43.0,151.0,272.1,955.51
05,145,05145,Arkansas,White,2020,76854.0,207.0,672.0,269.34,874.39
05,149,05149,Arkansas,Yell,2020,20218.0,52.0,148.0,257.2,732.02
06,001,06001,California,Alameda,2020,1680489.0,700.0,2286.0,41.65,136.03
06,007,06007,California,Butte,2020,210204.0,341.0,1120.0,162.22,532.82
06,013,06013,California,Contra Costa,2020,1166249.0,298.0,1178.0,25.55,101.01
06,017,06017,California,El Dorado,2020,191237.0,219.0,1735.0,114.52,907.25
06,019,06019,California,Fresno,2020,1009563.0,1137.0,3035.0,112.62,300.63
06,025,06025,California,Imperial,2020,179532.0,200.0,711.0,111.4,396.03
06,029,06029,California,Kern,2020,905960.0,3369.0,8708.0,371.87,961.19
06,031,06031,California,Kings,2020,152813.0,103.0,377.0,67.4,246.71
06,037,06037,California,Los Angeles,2020,9996510.0,5605.0,15554.0,56.07,155.59
06,039,06039,California,Madera,2020,156396.0,231.0,673.0,147.7,430.32
06,041,06041,California,Marin,2020,261337.0,90.0,812.0,34.44,310.71
06,047,06047,California,Merced,2020,282895.0,467.0,1357.0,165.08,479.68
06,053,06053,California,Monterey,2020,440493.0,221.0,1084.0,50.17,246.09
06,055,06055,California,Napa,2020,137481.0,57.0,336.0,41.46,244.4
06,059,06059,California,Orange,2020,3186167.0,254.0,909.0,7.97,28.53
06,061,06061,California,Placer,2020,405971.0,220.0,952.0,54.19,234.5
06,065,06065,California,Riverside,2020,2424446.0,964.0,6901.0,39.76,284.64
06,067,06067,California,Sacramento,2020,1586769.0,2579.0,7753.0,162.53,488.6
06,069,06069,California,San Benito,2020,64525.0,33.0,158.0,51.14,244.87
06,071,06071,California,San Bernardino,2020,2183200.0,1859.0,3251.0,85.15,148.91
06,073,06073,California,San Diego,2020,3301110.0,1435.0,3894.0,43.47,117.96
06,077,06077,California,San Joaquin,2020,780618.0,822.0,2652.0,105.3,339.73
06,079,06079,California,San Luis Obispo,2020,282257.0,260.0,1065.0,92.11,377.32
06,081,06081,California,San Mateo,2020,762639.0,319.0,2896.0,41.83,379.73
06,083,06083,California,Santa Barbara,2020,448325.0,225.0,1616.0,50.19,360.45
06,085,06085,California,Santa Clara,2020,1931349.0,323.0,1296.0,16.72,67.1
06,087,06087,California,Santa Cruz,2020,271758.0,315.0,1566.0,115.91,576.25
06,089,06089,California,Shasta,2020,182191.0,393.0,666.0,215.71,365.55
06,095,06095,California,Solano,2020,452895.0,115.0,419.0,25.39,92.52
06,097,06097,California,Sonoma,2020,488514.0,586.0,986.0,119.96,201.84
06,099,06099,California,Stanislaus,2020,553702.0,436.0,1171.0,78.74,211.49
06,101,06101,California,Sutter,2020,99463.0,69.0,530.0,69.37,532.86
06,107,06107,California,Tulare,2020,473915.0,344.0,1884.0,72.59,397.54
06,111,06111,California,Ventura,2020,843793.0,98.0,730.0,11.61,86.51
06,113,06113,California,Yolo,2020,217760.0,64.0,266.0,29.39,122.15
06,115,06115,California,Yuba,2020,81996.0,256.0,880.0,312.21,1073.22
06,003,06003,California,Alpine,2020,1180.0,19.0,13.0,1610.17,1101.69
06,005,06005,California,Amador,2020,40567.0,90.0,312.0,221.86,769.1
06,009,06009,California,Calaveras,2020,45349.0,146.0,557.0,321.95,1228.25
06,011,06011,California,Colusa,2020,21858.0,24.0,165.0,109.8,754.87
06,015,06015,California,Del Norte,2020,27619.0,121.0,313.0,438.1,1133.28
06,021,06021,California,Glenn,2020,28889.0,128.0,288.0,443.08,996.92
06,023,06023,California,Humboldt,2020,136298.0,288.0,967.0,211.3,709.47
06,027,06027,California,Inyo,2020,18989.0,101.0,165.0,531.89,868.92
06,033,06033,California,Lake,2020,68208.0,193.0,465.0,282.96,681.74
06,035,06035,California,Lassen,2020,32349.0,70.0,106.0,216.39,327.68
06,043,06043,California,Mariposa,2020,17130.0,61.0,183.0,356.1,1068.3
06,045,06045,California,Mendocino,2020,91348.0,187.0,664.0,204.71,726.89
06,049,06049,California,Modoc,2020,8679.0,23.0,31.0,265.01,357.18
06,051,06051,California,Mono,2020,13222.0,21.0,58.0,158.83,438.66
06,057,06057,California,Nevada,2020,102280.0,116.0,342.0,113.41,334.38
06,063,06063,California,Plumas,2020,19745.0,159.0,282.0,805.27,1428.21
06,091,06091,California,Sierra,2020,3226.0,4.0,17.0,123.99,526.97
06,093,06093,California,Siskiyou,2020,43983.0,98.0,154.0,222.81,350.14
06,103,06103,California,Tehama,2020,65760.0,161.0,384.0,244.83,583.94
06,105,06105,California,Trinity,2020,16099.0,82.0,147.0,509.35,913.1
06,109,06109,California,Tuolumne,2020,55369.0,205.0,603.0,370.24,1089.06
08,001,08001,Colorado,Adams,2020,520411.0,620.0,3151.0,119.14,605.48
08,005,08005,Colorado,Arapahoe,2020,655269.0,221.0,2352.0,33.73,358.94
08,013,08013,Colorado,Boulder,2020,330982.0,80.0,760.0,24.17,229.62
08,019,08019,Colorado,Clear Creek,2020,9358.0,9.0,50.0,96.17,534.3
08,035,08035,Colorado,Douglas,2020,360315.0,326.0,2426.0,90.48,673.3
08,039,08039,Colorado,Elbert,2020,26211.0,12.0,11.0,45.78,41.97
08,041,08041,Colorado,El Paso,2020,733721.0,545.0,2334.0,74.28,318.1
08,047,08047,Colorado,Gilpin,2020,5817.0,11.0,84.0,189.1,1444.04
08,077,08077,Colorado,Mesa,2020,156007.0,193.0,1370.0,123.71,878.17
08,093,08093,Colorado,Park,2020,17425.0,38.0,45.0,218.08,258.25
08,101,08101,Colorado,Pueblo,2020,168334.0,35.0,,20.79,
08,119,08119,Colorado,Teller,2020,24746.0,31.0,80.0,125.27,323.28
08,123,08123,Colorado,Weld,2020,331434.0,204.0,809.0,61.55,244.09
08,011,08011,Colorado,Bent,2020,5472.0,17.0,112.0,310.67,2046.78
08,015,08015,Colorado,Chaffee,2020,19486.0,5.0,97.0,25.66,497.79
08,017,08017,Colorado,Cheyenne,2020,1746.0,1.0,5.0,57.27,286.37
08,021,08021,Colorado,Conejos,2020,7457.0,6.0,38.0,80.46,509.59
08,025,08025,Colorado,Crowley,2020,5707.0,5.0,60.0,87.61,1051.34
08,027,08027,Colorado,Custer,2020,4724.0,12.0,79.0,254.02,1672.31
08,029,08029,Colorado,Delta,2020,31062.0,12.0,222.0,38.63,714.7
08,033,08033,Colorado,Dolores,2020,2331.0,4.0,11.0,171.6,471.9
08,037,08037,Colorado,Eagle,2020,55657.0,30.0,110.0,53.9,197.64
08,043,08043,Colorado,Fremont,2020,48880.0,39.0,174.0,79.79,355.97
08,045,08045,Colorado,Garfield,2020,61793.0,58.0,244.0,93.86,394.87
08,051,08051,Colorado,Gunnison,2020,16950.0,3.0,25.0,17.7,147.49
08,053,08053,Colorado,Hinsdale,2020,789.0,0.0,4.0,0.0,506.97
08,055,08055,Colorado,Huerfano,2020,6824.0,22.0,158.0,322.39,2315.36
08,057,08057,Colorado,Jackson,2020,1379.0,6.0,24.0,435.1,1740.39
08,061,08061,Colorado,Kiowa,2020,1453.0,0.0,4.0,0.0,275.29
08,067,08067,Colorado,La Plata,2020,55679.0,32.0,285.0,57.47,511.86
08,071,08071,Colorado,Las Animas,2020,14491.0,5.0,72.0,34.5,496.86
08,075,08075,Colorado,Logan,2020,21221.0,21.0,101.0,98.96,475.94
08,079,08079,Colorado,Mineral,2020,870.0,0.0,0.0,0.0,0.0
08,081,08081,Colorado,Moffat,2020,13267.0,8.0,39.0,60.3,293.96
08,083,08083,Colorado,Montezuma,2020,25890.0,24.0,149.0,92.7,575.51
08,085,08085,Colorado,Montrose,2020,42825.0,36.0,196.0,84.06,457.68
08,087,08087,Colorado,Morgan,2020,29080.0,27.0,126.0,92.85,433.29
08,089,08089,Colorado,Otero,2020,18659.0,17.0,52.0,91.11,278.69
08,091,08091,Colorado,Ouray,2020,4879.0,6.0,26.0,122.98,532.9
08,095,08095,Colorado,Phillips,2020,4528.0,1.0,8.0,22.08,176.68
08,097,08097,Colorado,Pitkin,2020,17363.0,3.0,26.0,17.28,149.74
08,099,08099,Colorado,Prowers,2020,12012.0,9.0,14.0,74.93,116.55
08,103,08103,Colorado,Rio Blanco,2020,6522.0,4.0,14.0,61.33,214.66
08,105,08105,Colorado,Rio Grande,2020,11538.0,4.0,57.0,34.67,494.02
08,107,08107,Colorado,Routt,2020,24837.0,8.0,64.0,32.21,257.68
08,111,08111,Colorado,San Juan,2020,710.0,0.0,4.0,0.0,563.38
08,113,08113,Colorado,San Miguel,2020,8053.0,8.0,3.0,99.34,37.25
08,115,08115,Colorado,Sedgwick,2020,2391.0,1.0,1.0,41.82,41.82
08,117,08117,Colorado,Summit,2020,31237.0,39.0,225.0,124.85,720.3
08,121,08121,Colorado,Washington,2020,4810.0,7.0,57.0,145.53,1185.03
08,125,08125,Colorado,Yuma,2020,9975.0,3.0,62.0,30.08,621.55
,,,Delaware,New Castle County Police Department,2020,570941.0,934.0,4466.0,163.59,782.22
12,001,12001,Florida,Alachua,2020,279767.0,911.0,1838.0,325.63,656.98
12,003,12003,Florida,Baker,2020,28114.0,131.0,274.0,465.96,974.6
12,005,12005,Florida,Bay,2020,174551.0,319.0,1873.0,182.75,1073.04
12,009,12009,Florida,Brevard,2020,608765.0,518.0,2925.0,85.09,480.48
12,011,12011,Florida,Broward,2020,1943437.0,333.0,507.0,17.13,26.09
12,015,12015,Florida,Charlotte,2020,188023.0,278.0,1376.0,147.85,731.83
12,017,12017,Florida,Citrus,2020,154563.0,403.0,1926.0,260.74,1246.09
12,019,12019,Florida,Clay,2020,218949.0,491.0,2420.0,224.25,1105.28
12,021,12021,Florida,Collier,2020,377327.0,837.0,3416.0,221.82,905.32
12,033,12033,Florida,Escambia,2020,322547.0,1604.0,6782.0,497.29,2102.64
12,035,12035,Florida,Flagler,2020,116031.0,216.0,758.0,186.16,653.27
12,039,12039,Florida,Gadsden,2020,43427.0,75.0,227.0,172.7,522.72
12,041,12041,Florida,Gilchrist,2020,17890.0,24.0,84.0,134.15,469.54
12,053,12053,Florida,Hernando,2020,195610.0,440.0,2058.0,224.94,1052.09
12,055,12055,Florida,Highlands,2020,101341.0,207.0,1432.0,204.26,1413.05
12,057,12057,Florida,Hillsborough,2020,1466246.0,1878.0,8728.0,128.08,595.26
12,061,12061,Florida,Indian River,2020,160454.0,156.0,1404.0,97.22,875.02
12,065,12065,Florida,Jefferson,2020,14403.0,93.0,136.0,645.7,944.25
12,069,12069,Florida,Lake,2020,386221.0,472.0,1933.0,122.21,500.49
12,071,12071,Florida,Lee,2020,765575.0,1367.0,4195.0,178.56,547.95
12,073,12073,Florida,Leon,2020,293925.0,271.0,1283.0,92.2,436.51
12,075,12075,Florida,Levy,2020,43065.0,454.0,429.0,1054.22,996.17
12,081,12081,Florida,Manatee,2020,401622.0,1474.0,4342.0,367.01,1081.12
12,083,12083,Florida,Marion,2020,377432.0,1094.0,3781.0,289.85,1001.77
12,085,12085,Florida,Martin,2020,158656.0,305.0,1409.0,192.24,888.08
12,086,12086,Florida,Miami-Dade,2020,2695519.0,6096.0,26907.0,226.15,998.21
12,089,12089,Florida,Nassau,2020,91040.0,152.0,900.0,166.96,988.58
12,091,12091,Florida,Okaloosa,2020,212082.0,471.0,1902.0,222.08,896.82
12,095,12095,Florida,Orange,2020,1431608.0,4564.0,15877.0,318.8,1109.03
12,097,12097,Florida,Osceola,2020,391130.0,732.0,3974.0,187.15,1016.03
12,099,12099,Florida,Palm Beach,2020,1494203.0,1438.0,8539.0,96.24,571.48
12,101,12101,Florida,Pasco,2020,566170.0,1457.0,5516.0,257.34,974.27
12,103,12103,Florida,Pinellas,2020,959805.0,512.0,3082.0,53.34,321.11
12,105,12105,Florida,Polk,2020,730148.0,1327.0,4500.0,181.74,616.31
12,113,12113,Florida,Santa Rosa,2020,189024.0,221.0,1276.0,116.92,675.05
12,115,12115,Florida,Sarasota,2020,436262.0,489.0,3844.0,112.09,881.12
12,117,12117,Florida,Seminole,2020,471471.0,438.0,1852.0,92.9,392.81
12,109,12109,Florida,St. Johns,2020,277119.0,293.0,1654.0,105.73,596.86
12,111,12111,Florida,St. Lucie,2020,331453.0,297.0,1072.0,89.61,323.42
12,119,12119,Florida,Sumter,2020,130293.0,210.0,783.0,161.18,600.95
12,127,12127,Florida,Volusia,2020,555791.0,645.0,1798.0,116.05,323.5
12,129,12129,Florida,Wakulla,2020,33917.0,82.0,421.0,241.77,1241.27
12,131,12131,Florida,Walton,2020,75899.0,87.0,680.0,114.63,895.93
12,007,12007,Florida,Bradford,2020,28235.0,34.0,76.0,120.42,269.17
12,013,12013,Florida,Calhoun,2020,13703.0,33.0,78.0,240.82,569.22
12,023,12023,Florida,Columbia,2020,69758.0,170.0,802.0,243.7,1149.69
12,027,12027,Florida,DeSoto,2020,34093.0,137.0,453.0,401.84,1328.72
12,029,12029,Florida,Dixie,2020,16697.0,80.0,139.0,479.13,832.48
12,037,12037,Florida,Franklin,2020,12473.0,32.0,211.0,256.55,1691.65
12,043,12043,Florida,Glades,2020,12079.0,33.0,93.0,273.2,769.93
12,045,12045,Florida,Gulf,2020,14270.0,60.0,159.0,420.46,1114.23
12,047,12047,Florida,Hamilton,2020,13733.0,46.0,195.0,334.96,1419.94
12,049,12049,Florida,Hardee,2020,25335.0,74.0,283.0,292.09,1117.03
12,051,12051,Florida,Hendry,2020,39726.0,117.0,550.0,294.52,1384.48
12,059,12059,Florida,Holmes,2020,19591.0,57.0,156.0,290.95,796.28
12,067,12067,Florida,Lafayette,2020,8236.0,26.0,21.0,315.69,254.98
12,077,12077,Florida,Liberty,2020,7818.0,6.0,54.0,76.75,690.71
12,079,12079,Florida,Madison,2020,17863.0,127.0,162.0,710.97,906.9
12,087,12087,Florida,Monroe,2020,82851.0,190.0,520.0,229.33,627.63
12,093,12093,Florida,Okeechobee,2020,39662.0,194.0,832.0,489.13,2097.73
12,107,12107,Florida,Putnam,2020,73383.0,89.0,745.0,121.28,1015.22
12,121,12121,Florida,Suwannee,2020,43518.0,157.0,444.0,360.77,1020.27
12,123,12123,Florida,Taylor,2020,21756.0,65.0,208.0,298.77,956.06
12,125,12125,Florida,Union,2020,15442.0,37.0,97.0,239.61,628.16
12,133,12133,Florida,Washington,2020,25324.0,27.0,110.0,106.62,434.37
13,013,13013,Georgia,Barrow,2020,84066.0,98.0,968.0,116.58,1151.48
13,015,13015,Georgia,Bartow,2020,109283.0,101.0,1373.0,92.42,1256.37
13,021,13021,Georgia,Bibb,2020,157054.0,1438.0,5199.0,915.61,3310.33
13,025,13025,Georgia,Brantley,2020,18046.0,36.0,349.0,199.49,1933.95
13,027,13027,Georgia,Brooks,2020,16271.0,43.0,164.0,264.27,1007.93
13,029,13029,Georgia,Bryan,2020,45048.0,60.0,191.0,133.19,423.99
13,033,13033,Georgia,Burke,2020,24632.0,36.0,221.0,146.15,897.21
13,035,13035,Georgia,Butts,2020,25549.0,34.0,185.0,133.08,724.1
13,045,13045,Georgia,Carroll,2020,119394.0,172.0,1094.0,144.06,916.29
13,047,13047,Georgia,Catoosa,2020,68034.0,98.0,549.0,144.05,806.95
13,057,13057,Georgia,Cherokee,2020,268142.0,144.0,728.0,53.7,271.5
,,,Georgia,Clayton County Police Department,2020,299345.0,1504.0,5565.0,502.43,1859.06
13,067,13067,Georgia,Cobb,2020,766385.0,26.0,302.0,3.39,39.41
,,,Georgia,Cobb County Police Department,2020,766385.0,1353.0,7980.0,176.54,1041.25
13,077,13077,Georgia,Coweta,2020,146746.0,647.0,841.0,440.9,573.1
13,079,13079,Georgia,Crawford,2020,12093.0,23.0,148.0,190.19,1223.85
13,095,13095,Georgia,Dougherty,2020,85173.0,1.0,10.0,1.17,11.74
,,,Georgia,Dougherty County Police Department,2020,85173.0,56.0,259.0,65.75,304.09
13,097,13097,Georgia,Douglas,2020,144698.0,244.0,1045.0,168.63,722.19
13,101,13101,Georgia,Echols,2020,3716.0,3.0,13.0,80.73,349.84
13,103,13103,Georgia,Effingham,2020,65180.0,37.0,277.0,56.77,424.98
13,113,13113,Georgia,Fayette,2020,119507.0,38.0,323.0,31.8,270.28
13,115,13115,Georgia,Floyd,2020,98597.0,14.0,1.0,14.2,1.01
,,,Georgia,Floyd County Police Department,2020,98597.0,183.0,556.0,185.6,563.91
13,117,13117,Georgia,Forsyth,2020,252877.0,132.0,1103.0,52.2,436.18
13,139,13139,Georgia,Hall,2020,203382.0,274.0,1308.0,134.72,643.12
13,143,13143,Georgia,Haralson,2020,30050.0,86.0,340.0,286.19,1131.45
13,145,13145,Georgia,Harris,2020,34907.0,5.0,94.0,14.32,269.29
13,149,13149,Georgia,Heard,2020,11445.0,21.0,118.0,183.49,1031.02
13,159,13159,Georgia,Jasper,2020,14671.0,38.0,162.0,259.01,1104.22
13,169,13169,Georgia,Jones,2020,28368.0,45.0,296.0,158.63,1043.43
13,173,13173,Georgia,Lanier,2020,9917.0,13.0,106.0,131.09,1068.87
13,177,13177,Georgia,Lee,2020,33211.0,66.0,385.0,198.73,1159.25
13,179,13179,Georgia,Liberty,2020,65330.0,17.0,165.0,26.02,252.56
13,183,13183,Georgia,Long,2020,16256.0,15.0,85.0,92.27,522.88
13,185,13185,Georgia,Lowndes,2020,118436.0,141.0,970.0,119.05,819.01
13,195,13195,Georgia,Madison,2020,30266.0,74.0,312.0,244.5,1030.86
13,197,13197,Georgia,Marion,2020,7529.0,6.0,31.0,79.69,411.74
13,189,13189,Georgia,McDuffie,2020,21609.0,40.0,149.0,185.11,689.53
13,199,13199,Georgia,Meriwether,2020,20610.0,45.0,158.0,218.34,766.62
13,213,13213,Georgia,Murray,2020,39996.0,97.0,422.0,242.52,1055.11
13,215,13215,Georgia,Muscogee,2020,207016.0,4.0,3.0,1.93,1.45
13,217,13217,Georgia,Newton,2020,112902.0,279.0,1214.0,247.12,1075.27
13,221,13221,Georgia,Oglethorpe,2020,14869.0,39.0,125.0,262.29,840.68
13,223,13223,Georgia,Paulding,2020,169516.0,375.0,1279.0,221.22,754.5
13,225,13225,Georgia,Peach,2020,28059.0,38.0,177.0,135.43,630.81
13,227,13227,Georgia,Pickens,2020,33351.0,61.0,227.0,182.9,680.64
13,231,13231,Georgia,Pike,2020,18948.0,31.0,170.0,163.61,897.19
13,255,13255,Georgia,Spalding,2020,67456.0,142.0,596.0,210.51,883.54
13,289,13289,Georgia,Twiggs,2020,8009.0,15.0,107.0,187.29,1336.0
13,297,13297,Georgia,Walton,2020,97115.0,40.0,279.0,41.19,287.29
13,313,13313,Georgia,Whitfield,2020,102790.0,284.0,1051.0,276.29,1022.47
13,321,13321,Georgia,Worth,2020,20719.0,52.0,170.0,250.98,820.5
13,003,13003,Georgia,Atkinson,2020,8307.0,23.0,76.0,276.87,914.89
13,009,13009,Georgia,Baldwin,2020,43786.0,119.0,527.0,271.78,1203.58
13,011,13011,Georgia,Banks,2020,18129.0,37.0,320.0,204.09,1765.13
13,017,13017,Georgia,Ben Hill,2020,17166.0,44.0,166.0,256.32,967.03
13,019,13019,Georgia,Berrien,2020,18143.0,28.0,151.0,154.33,832.28
13,023,13023,Georgia,Bleckley,2020,12515.0,21.0,94.0,167.8,751.1
13,049,13049,Georgia,Charlton,2020,12527.0,17.0,55.0,135.71,439.05
13,055,13055,Georgia,Chattooga,2020,24927.0,23.0,255.0,92.27,1022.99
13,061,13061,Georgia,Clay,2020,2830.0,8.0,31.0,282.69,1095.41
13,075,13075,Georgia,Cook,2020,17238.0,17.0,148.0,98.62,858.57
13,081,13081,Georgia,Crisp,2020,20058.0,14.0,265.0,69.8,1321.17
13,087,13087,Georgia,Decatur,2020,29436.0,32.0,263.0,108.71,893.46
13,091,13091,Georgia,Dodge,2020,19949.0,22.0,192.0,110.28,962.45
13,099,13099,Georgia,Early,2020,10793.0,15.0,77.0,138.98,713.43
13,105,13105,Georgia,Elbert,2020,19666.0,21.0,157.0,106.78,798.33
13,119,13119,Georgia,Franklin,2020,23476.0,24.0,207.0,102.23,881.75
13,123,13123,Georgia,Gilmer,2020,31420.0,91.0,210.0,289.62,668.36
13,129,13129,Georgia,Gordon,2020,57730.0,61.0,437.0,105.66,756.97
13,131,13131,Georgia,Grady,2020,26213.0,35.0,300.0,133.52,1144.47
13,133,13133,Georgia,Greene,2020,19030.0,35.0,131.0,183.92,688.39
13,137,13137,Georgia,Habersham,2020,46112.0,16.0,259.0,34.7,561.68
13,141,13141,Georgia,Hancock,2020,8711.0,16.0,48.0,183.68,551.03
13,155,13155,Georgia,Irwin,2020,9646.0,8.0,76.0,82.94,787.89
13,157,13157,Georgia,Jackson,2020,76765.0,81.0,643.0,105.52,837.62
13,161,13161,Georgia,Jeff Davis,2020,14800.0,23.0,63.0,155.41,425.68
13,165,13165,Georgia,Jenkins,2020,8660.0,7.0,37.0,80.83,427.25
13,175,13175,Georgia,Laurens,2020,49543.0,74.0,418.0,149.37,843.71
13,187,13187,Georgia,Lumpkin,2020,33640.0,55.0,235.0,163.5,698.57
13,205,13205,Georgia,Mitchell,2020,21676.0,21.0,251.0,96.88,1157.96
13,229,13229,Georgia,Pierce,2020,19749.0,48.0,277.0,243.05,1402.6
13,233,13233,Georgia,Polk,2020,42929.0,5.0,1.0,11.65,2.33
,,,Georgia,Polk County Police Department,2020,42929.0,44.0,459.0,102.49,1069.21
13,235,13235,Georgia,Pulaski,2020,9872.0,35.0,192.0,354.54,1944.89
13,241,13241,Georgia,Rabun,2020,16926.0,9.0,170.0,53.17,1004.37
13,253,13253,Georgia,Seminole,2020,9129.0,13.0,75.0,142.4,821.56
13,261,13261,Georgia,Sumter,2020,29518.0,19.0,104.0,64.37,352.33
13,267,13267,Georgia,Tattnall,2020,24328.0,26.0,201.0,106.87,826.21
13,275,13275,Georgia,Thomas,2020,45784.0,63.0,409.0,137.6,893.33
13,277,13277,Georgia,Tift,2020,41382.0,178.0,592.0,430.14,1430.57
13,281,13281,Georgia,Towns,2020,12552.0,14.0,60.0,111.54,478.01
13,283,13283,Georgia,Treutlen,2020,6398.0,2.0,47.0,31.26,734.6
13,287,13287,Georgia,Turner,2020,8989.0,10.0,60.0,111.25,667.48
13,291,13291,Georgia,Union,2020,24808.0,12.0,217.0,48.37,874.72
13,299,13299,Georgia,Ware,2020,36237.0,42.0,137.0,115.9,378.07
13,307,13307,Georgia,Webster,2020,2352.0,0.0,0.0,0.0,0.0
13,311,13311,Georgia,White,2020,28108.0,24.0,91.0,85.38,323.75
13,315,13315,Georgia,Wilcox,2020,8787.0,9.0,57.0,102.42,648.69
13,317,13317,Georgia,Wilkes,2020,9554.0,94.0,199.0,983.88,2082.9
13,319,13319,Georgia,Wilkinson,2020,8832.0,10.0,31.0,113.22,351.0
15,001,15001,Hawaii,Hawaii Police Department,2020,200744.0,613.0,4030.0,305.36,2007.53
15,007,15007,Hawaii,Kauai Police Department,2020,73210.0,194.0,1083.0,264.99,1479.31
16,001,16001,Idaho,Ada,2020,498263.0,243.0,685.0,48.77,137.48
16,015,16015,Idaho,Boise,2020,7662.0,29.0,48.0,378.49,626.47
16,019,16019,Idaho,Bonneville,2020,124730.0,130.0,654.0,104.23,524.33
16,023,16023,Idaho,Butte,2020,2581.0,4.0,5.0,154.98,193.72
16,027,16027,Idaho,Canyon,2020,233001.0,152.0,397.0,65.24,170.39
16,045,16045,Idaho,Gem,2020,19275.0,14.0,44.0,72.63,228.27
16,051,16051,Idaho,Jefferson,2020,31080.0,13.0,143.0,41.83,460.1
16,053,16053,Idaho,Jerome,2020,24269.0,34.0,77.0,140.1,317.28
16,055,16055,Idaho,Kootenai,2020,172797.0,101.0,750.0,58.45,434.04
16,069,16069,Idaho,Nez Perce,2020,42148.0,12.0,49.0,28.47,116.26
16,073,16073,Idaho,Owyhee,2020,11993.0,17.0,49.0,141.75,408.57
16,077,16077,Idaho,Power,2020,7880.0,16.0,55.0,203.05,697.97
16,083,16083,Idaho,Twin Falls,2020,90365.0,51.0,,56.44,
16,003,16003,Idaho,Adams,2020,4423.0,9.0,48.0,203.48,1085.24
16,007,16007,Idaho,Bear Lake,2020,6365.0,0.0,0.0,0.0,0.0
16,009,16009,Idaho,Benewah,2020,9580.0,30.0,53.0,313.15,553.24
16,011,16011,Idaho,Bingham,2020,48097.0,29.0,161.0,60.29,334.74
16,013,16013,Idaho,Blaine,2020,24341.0,12.0,9.0,49.3,36.97
16,017,16017,Idaho,Bonner,2020,47411.0,46.0,252.0,97.02,531.52
16,021,16021,Idaho,Boundary,2020,12141.0,12.0,38.0,98.84,312.99
16,025,16025,Idaho,Camas,2020,1081.0,2.0,2.0,185.01,185.01
16,029,16029,Idaho,Caribou,2020,7013.0,6.0,16.0,85.56,228.15
16,031,16031,Idaho,Cassia,2020,24753.0,36.0,228.0,145.44,921.1
16,035,16035,Idaho,Clearwater,2020,8758.0,11.0,6.0,125.6,68.51
16,037,16037,Idaho,Custer,2020,4269.0,7.0,20.0,163.97,468.49
16,039,16039,Idaho,Elmore,2020,28670.0,32.0,13.0,111.61,45.34
16,043,16043,Idaho,Fremont,2020,13420.0,18.0,39.0,134.13,290.61
16,047,16047,Idaho,Gooding,2020,15647.0,19.0,45.0,121.43,287.6
16,057,16057,Idaho,Latah,2020,39633.0,17.0,101.0,42.89,254.84
16,059,16059,Idaho,Lemhi,2020,7955.0,7.0,3.0,87.99,37.71
16,061,16061,Idaho,Lewis,2020,3534.0,2.0,40.0,56.59,1131.86
16,063,16063,Idaho,Lincoln,2020,5137.0,5.0,21.0,97.33,408.8
16,065,16065,Idaho,Madison,2020,52950.0,11.0,11.0,20.77,20.77
16,067,16067,Idaho,Minidoka,2020,21669.0,9.0,106.0,41.53,489.18
16,071,16071,Idaho,Oneida,2020,4564.0,2.0,37.0,43.82,810.69
16,075,16075,Idaho,Payette,2020,25577.0,27.0,60.0,105.56,234.59
16,079,16079,Idaho,Shoshone,2020,13198.0,29.0,99.0,219.73,750.11
16,081,16081,Idaho,Teton,2020,11740.0,13.0,23.0,110.73,195.91
16,085,16085,Idaho,Valley,2020,11841.0,19.0,59.0,160.46,498.27
16,087,16087,Idaho,Washington,2020,10556.0,10.0,15.0,94.73,142.1
17,003,17003,Illinois,Alexander,2020,5172.0,6.0,,116.01,
17,019,17019,Illinois,Champaign,2020,206222.0,22.0,,10.67,
17,027,17027,Illinois,Clinton,2020,36915.0,6.0,,16.25,
17,031,17031,Illinois,Cook,2020,5263651.0,222.0,,4.22,
17,037,17037,Illinois,DeKalb,2020,100366.0,24.0,,23.91,
17,057,17057,Illinois,Fulton,2020,33562.0,13.0,,38.73,
17,063,17063,Illinois,Grundy,2020,52538.0,12.0,,22.84,
17,073,17073,Illinois,Henry,2020,49174.0,11.0,,22.37,
17,077,17077,Illinois,Jackson,2020,53289.0,34.0,,63.8,
17,083,17083,Illinois,Jersey,2020,21493.0,24.0,,111.66,
17,087,17087,Illinois,Johnson,2020,13317.0,13.0,,97.62,
17,089,17089,Illinois,Kane,2020,516364.0,92.0,,17.82,
17,091,17091,Illinois,Kankakee,2020,107402.0,40.0,,37.24,
17,093,17093,Illinois,Kendall,2020,132364.0,18.0,,13.6,
17,097,17097,Illinois,Lake,2020,713377.0,92.0,,12.9,
17,115,17115,Illinois,Macon,2020,103761.0,30.0,,28.91,
17,117,17117,Illinois,Macoupin,2020,44929.0,10.0,,22.26,
17,119,17119,Illinois,Madison,2020,265746.0,162.0,,60.96,
17,123,17123,Illinois,Marshall,2020,11713.0,4.0,,34.15,
17,111,17111,Illinois,McHenry,2020,309977.0,66.0,,21.29,
17,113,17113,Illinois,McLean,2020,171210.0,36.0,,21.03,
17,131,17131,Illinois,Mercer,2020,15637.0,10.0,,63.95,
17,133,17133,Illinois,Monroe,2020,34961.0,15.0,,42.9,
17,143,17143,Illinois,Peoria,2020,181505.0,85.0,,46.83,
17,147,17147,Illinois,Piatt,2020,16688.0,20.0,,119.85,
17,161,17161,Illinois,Rock Island,2020,144357.0,40.0,,27.71,
17,167,17167,Illinois,Sangamon,2020,196202.0,182.0,,92.76,
17,175,17175,Illinois,Stark,2020,5382.0,7.0,,130.06,
17,179,17179,Illinois,Tazewell,2020,131300.0,24.0,,18.28,
17,183,17183,Illinois,Vermilion,2020,74008.0,54.0,,72.97,
17,197,17197,Illinois,Will,2020,696901.0,158.0,,22.67,
17,201,17201,Illinois,Winnebago,2020,284939.0,102.0,,35.8,
17,011,17011,Illinois,Bureau,2020,33215.0,18.0,,54.19,
17,015,17015,Illinois,Carroll,2020,15686.0,6.0,,38.25,
17,021,17021,Illinois,Christian,2020,33960.0,10.0,,29.45,
17,023,17023,Illinois,Clark,2020,15456.0,11.0,,71.17,
17,025,17025,Illinois,Clay,2020,13271.0,5.0,,37.68,
17,029,17029,Illinois,Coles,2020,47087.0,19.0,,40.35,
17,033,17033,Illinois,Crawford,2020,18631.0,9.0,,48.31,
17,035,17035,Illinois,Cumberland,2020,10432.0,1.0,,9.59,
17,049,17049,Illinois,Effingham,2020,34695.0,20.0,,57.65,
17,051,17051,Illinois,Fayette,2020,21483.0,2.0,,9.31,
17,053,17053,Illinois,Ford,2020,13519.0,11.0,,81.37,
17,055,17055,Illinois,Franklin,2020,37694.0,17.0,,45.1,
17,059,17059,Illinois,Gallatin,2020,4933.0,3.0,,60.81,
17,067,17067,Illinois,Hancock,2020,17570.0,6.0,,34.15,
17,075,17075,Illinois,Iroquois,2020,26967.0,12.0,,44.5,
17,079,17079,Illinois,Jasper,2020,9253.0,16.0,,172.92,
17,081,17081,Illinois,Jefferson,2020,36998.0,39.0,,105.41,
17,085,17085,Illinois,Jo Daviess,2020,22090.0,6.0,,27.16,
17,095,17095,Illinois,Knox,2020,49812.0,62.0,,124.47,
17,099,17099,Illinois,La Salle,2020,,65.0,,,
17,103,17103,Illinois,Lee,2020,34063.0,25.0,,73.39,
17,105,17105,Illinois,Livingston,2020,35808.0,40.0,,111.71,
17,107,17107,Illinois,Logan,2020,27892.0,18.0,,64.53,
17,121,17121,Illinois,Marion,2020,37656.0,17.0,,45.15,
17,109,17109,Illinois,McDonough,2020,27128.0,5.0,,18.43,
17,135,17135,Illinois,Montgomery,2020,28244.0,34.0,,120.38,
17,137,17137,Illinois,Morgan,2020,33490.0,10.0,,29.86,
17,141,17141,Illinois,Ogle,2020,51765.0,23.0,,44.43,
17,145,17145,Illinois,Perry,2020,20884.0,10.0,,47.88,
17,155,17155,Illinois,Putnam,2020,5624.0,6.0,,106.69,
17,157,17157,Illinois,Randolph,2020,30091.0,6.0,,19.94,
17,169,17169,Illinois,Schuyler,2020,6865.0,0.0,,0.0,
17,171,17171,Illinois,Scott,2020,5070.0,1.0,,19.72,
17,177,17177,Illinois,Stephenson,2020,44570.0,13.0,,29.17,
17,181,17181,Illinois,Union,2020,17299.0,15.0,,86.71,
17,185,17185,Illinois,Wabash,2020,11319.0,1.0,,8.83,
17,187,17187,Illinois,Warren,2020,16837.0,14.0,,83.15,
17,189,17189,Illinois,Washington,2020,13729.0,7.0,,50.99,
17,191,17191,Illinois,Wayne,2020,16143.0,7.0,,43.36,
17,195,17195,Illinois,Whiteside,2020,55555.0,17.0,,30.6,
18,019,18019,Indiana,Clark,2020,121374.0,59.0,356.0,48.61,293.31
18,047,18047,Indiana,Franklin,2020,22791.0,8.0,116.0,35.1,508.97
18,059,18059,Indiana,Hancock,2020,80175.0,55.0,190.0,68.6,236.98
18,063,18063,Indiana,Hendricks,2020,175607.0,46.0,469.0,26.19,267.07
18,067,18067,Indiana,Howard,2020,83589.0,53.0,138.0,63.41,165.09
18,081,18081,Indiana,Johnson,2020,162237.0,18.0,205.0,11.09,126.36
18,089,18089,Indiana,Lake,2020,498943.0,45.0,314.0,9.02,62.93
18,091,18091,Indiana,La Porte,2020,,45.0,,,
18,105,18105,Indiana,Monroe,2020,140629.0,35.0,555.0,24.89,394.66
18,141,18141,Indiana,St. Joseph,2020,272686.0,78.0,1254.0,28.6,459.87
18,157,18157,Indiana,Tippecanoe,2020,186383.0,48.0,430.0,25.75,230.71
18,167,18167,Indiana,Vigo,2020,106143.0,91.0,914.0,85.73,861.1
18,055,18055,Indiana,Greene,2020,30803.0,30.0,179.0,97.39,581.11
18,071,18071,Indiana,Jackson,2020,46468.0,17.0,32.0,36.58,68.86
18,079,18079,Indiana,Jennings,2020,27587.0,8.0,99.0,29.0,358.86
18,085,18085,Indiana,Kosciusko,2020,80152.0,107.0,410.0,133.5,511.53
18,103,18103,Indiana,Miami,2020,35907.0,16.0,77.0,44.56,214.44
18,107,18107,Indiana,Montgomery,2020,37938.0,15.0,197.0,39.54,519.27
18,113,18113,Indiana,Noble,2020,47465.0,20.0,155.0,42.14,326.56
18,149,18149,Indiana,Starke,2020,23397.0,45.0,223.0,192.33,953.11
18,151,18151,Indiana,Steuben,2020,34452.0,13.0,251.0,37.73,728.55
18,179,18179,Indiana,Wells,2020,28161.0,5.0,38.0,17.76,134.94
19,013,19013,Iowa,Black Hawk,2020,131037.0,42.0,130.0,32.05,99.21
19,015,19015,Iowa,Boone,2020,26705.0,14.0,,52.42,
19,017,19017,Iowa,Bremer,2020,25014.0,2.0,37.0,8.0,147.92
19,049,19049,Iowa,Dallas,2020,100521.0,48.0,83.0,47.75,82.57
19,061,19061,Iowa,Dubuque,2020,99311.0,22.0,148.0,22.15,149.03
19,075,19075,Iowa,Grundy,2020,12337.0,5.0,54.0,40.53,437.71
19,077,19077,Iowa,Guthrie,2020,10614.0,1.0,41.0,9.42,386.28
19,085,19085,Iowa,Harrison,2020,14560.0,9.0,56.0,61.81,384.62
19,099,19099,Iowa,Jasper,2020,37821.0,11.0,30.0,29.08,79.32
19,113,19113,Iowa,Linn,2020,230405.0,28.0,263.0,12.15,114.15
19,121,19121,Iowa,Madison,2020,16631.0,9.0,43.0,54.12,258.55
19,129,19129,Iowa,Mills,2020,14413.0,13.0,70.0,90.2,485.67
19,153,19153,Iowa,Polk,2020,493013.0,120.0,711.0,24.34,144.22
19,155,19155,Iowa,Pottawattamie,2020,93667.0,55.0,241.0,58.72,257.29
19,163,19163,Iowa,Scott,2020,174599.0,28.0,163.0,16.04,93.36
19,169,19169,Iowa,Story,2020,98658.0,18.0,96.0,18.24,97.31
19,181,19181,Iowa,Warren,2020,52597.0,36.0,136.0,68.44,258.57
19,183,19183,Iowa,Washington,2020,22536.0,39.0,85.0,173.06,377.17
19,193,19193,Iowa,Woodbury,2020,105949.0,32.0,93.0,30.2,87.78
19,001,19001,Iowa,Adair,2020,7498.0,8.0,26.0,106.7,346.76
19,003,19003,Iowa,Adams,2020,3710.0,9.0,23.0,242.59,619.95
19,005,19005,Iowa,Allamakee,2020,14072.0,2.0,32.0,14.21,227.4
19,007,19007,Iowa,Appanoose,2020,12283.0,16.0,93.0,130.26,757.14
19,019,19019,Iowa,Buchanan,2020,20608.0,24.0,78.0,116.46,378.49
19,021,19021,Iowa,Buena Vista,2020,20800.0,10.0,44.0,48.08,211.54
19,023,19023,Iowa,Butler,2020,14337.0,4.0,37.0,27.9,258.07
19,025,19025,Iowa,Calhoun,2020,9895.0,2.0,13.0,20.21,131.38
19,027,19027,Iowa,Carroll,2020,20725.0,3.0,10.0,14.48,48.25
19,029,19029,Iowa,Cass,2020,13118.0,12.0,44.0,91.48,335.42
19,031,19031,Iowa,Cedar,2020,18486.0,8.0,36.0,43.28,194.74
19,033,19033,Iowa,Cerro Gordo,2020,43018.0,15.0,120.0,34.87,278.95
19,035,19035,Iowa,Cherokee,2020,11648.0,5.0,18.0,42.93,154.53
19,037,19037,Iowa,Chickasaw,2020,11995.0,8.0,23.0,66.69,191.75
19,039,19039,Iowa,Clarke,2020,9731.0,4.0,26.0,41.11,267.19
19,041,19041,Iowa,Clay,2020,16341.0,5.0,15.0,30.6,91.79
19,043,19043,Iowa,Clayton,2020,17027.0,11.0,27.0,64.6,158.57
19,045,19045,Iowa,Clinton,2020,46431.0,28.0,139.0,60.3,299.37
19,047,19047,Iowa,Crawford,2020,16487.0,3.0,2.0,18.2,12.13
19,051,19051,Iowa,Davis,2020,9116.0,0.0,9.0,0.0,98.73
19,055,19055,Iowa,Delaware,2020,17456.0,27.0,41.0,154.67,234.88
19,057,19057,Iowa,Des Moines,2020,38849.0,11.0,,28.31,
19,059,19059,Iowa,Dickinson,2020,17775.0,9.0,24.0,50.63,135.02
19,063,19063,Iowa,Emmet,2020,9341.0,13.0,16.0,139.17,171.29
19,065,19065,Iowa,Fayette,2020,19448.0,20.0,52.0,102.84,267.38
19,067,19067,Iowa,Floyd,2020,15595.0,3.0,14.0,19.24,89.77
19,071,19071,Iowa,Fremont,2020,6575.0,40.0,75.0,608.37,1140.68
19,079,19079,Iowa,Hamilton,2020,15014.0,3.0,44.0,19.98,293.06
19,081,19081,Iowa,Hancock,2020,10763.0,3.0,34.0,27.87,315.9
19,083,19083,Iowa,Hardin,2020,16831.0,11.0,74.0,65.36,439.66
19,087,19087,Iowa,Henry,2020,20450.0,33.0,66.0,161.37,322.74
19,089,19089,Iowa,Howard,2020,9494.0,2.0,27.0,21.07,284.39
19,091,19091,Iowa,Humboldt,2020,9599.0,0.0,59.0,0.0,614.65
19,093,19093,Iowa,Ida,2020,7019.0,8.0,57.0,113.98,812.08
19,095,19095,Iowa,Iowa,2020,16665.0,15.0,19.0,90.01,114.01
19,097,19097,Iowa,Jackson,2020,19447.0,10.0,52.0,51.42,267.39
19,101,19101,Iowa,Jefferson,2020,15688.0,4.0,30.0,25.5,191.23
19,107,19107,Iowa,Keokuk,2020,10000.0,9.0,37.0,90.0,370.0
19,109,19109,Iowa,Kossuth,2020,14794.0,13.0,20.0,87.87,135.19
19,111,19111,Iowa,Lee,2020,33527.0,12.0,86.0,35.79,256.51
19,115,19115,Iowa,Louisa,2020,10822.0,15.0,56.0,138.61,517.46
19,117,19117,Iowa,Lucas,2020,8621.0,12.0,60.0,139.19,695.97
19,119,19119,Iowa,Lyon,2020,11924.0,15.0,44.0,125.8,369.0
19,123,19123,Iowa,Mahaska,2020,22151.0,10.0,56.0,45.14,252.81
19,125,19125,Iowa,Marion,2020,33420.0,36.0,48.0,107.72,143.63
19,127,19127,Iowa,Marshall,2020,40100.0,44.0,89.0,109.73,221.95
19,131,19131,Iowa,Mitchell,2020,10591.0,3.0,13.0,28.33,122.75
19,133,19133,Iowa,Monona,2020,8746.0,11.0,30.0,125.77,343.01
19,135,19135,Iowa,Monroe,2020,7600.0,3.0,14.0,39.47,184.21
19,139,19139,Iowa,Muscatine,2020,43151.0,19.0,58.0,44.03,134.41
19,141,19141,Iowa,O'Brien,2020,14156.0,33.0,103.0,233.12,727.61
19,143,19143,Iowa,Osceola,2020,6201.0,10.0,54.0,161.26,870.83
19,145,19145,Iowa,Page,2020,15202.0,4.0,13.0,26.31,85.52
19,147,19147,Iowa,Palo Alto,2020,8990.0,12.0,52.0,133.48,578.42
19,149,19149,Iowa,Plymouth,2020,25697.0,6.0,28.0,23.35,108.96
19,151,19151,Iowa,Pocahontas,2020,7070.0,11.0,30.0,155.59,424.33
19,157,19157,Iowa,Poweshiek,2020,18638.0,13.0,56.0,69.75,300.46
19,159,19159,Iowa,Ringgold,2020,4641.0,3.0,25.0,64.64,538.68
19,161,19161,Iowa,Sac,2020,9791.0,6.0,36.0,61.28,367.68
19,165,19165,Iowa,Shelby,2020,11718.0,3.0,20.0,25.6,170.68
19,167,19167,Iowa,Sioux,2020,35888.0,11.0,56.0,30.65,156.04
19,171,19171,Iowa,Tama,2020,17050.0,18.0,46.0,105.57,269.79
19,173,19173,Iowa,Taylor,2020,5862.0,7.0,11.0,119.41,187.65
19,175,19175,Iowa,Union,2020,12130.0,8.0,40.0,65.95,329.76
19,177,19177,Iowa,Van Buren,2020,7221.0,9.0,31.0,124.64,429.3
19,179,19179,Iowa,Wapello,2020,35334.0,24.0,96.0,67.92,271.69
19,185,19185,Iowa,Wayne,2020,6507.0,14.0,23.0,215.15,353.47
19,187,19187,Iowa,Webster,2020,36997.0,33.0,127.0,89.2,343.27
19,195,19195,Iowa,Worth,2020,7437.0,8.0,27.0,107.57,363.05
20,015,20015,Kansas,Butler,2020,67388.0,48.0,329.0,71.23,488.22
20,061,20061,Kansas,Geary,2020,36768.0,8.0,34.0,21.76,92.47
20,079,20079,Kansas,Harvey,2020,33996.0,22.0,48.0,64.71,141.19
20,085,20085,Kansas,Jackson,2020,13237.0,9.0,100.0,67.99,755.46
20,087,20087,Kansas,Jefferson,2020,18330.0,48.0,,261.87,
20,091,20091,Kansas,Johnson,2020,611129.0,73.0,319.0,11.95,52.2
20,103,20103,Kansas,Leavenworth,2020,81974.0,57.0,150.0,69.53,182.98
20,121,20121,Kansas,Miami,2020,34224.0,43.0,131.0,125.64,382.77
20,139,20139,Kansas,Osage,2020,15747.0,22.0,54.0,139.71,342.92
20,149,20149,Kansas,Pottawatomie,2020,25422.0,37.0,,145.54,
,,,Kansas,Riley County Police Department,2020,72011.0,212.0,1266.0,294.4,1758.06
20,173,20173,Kansas,Sedgwick,2020,524831.0,97.0,365.0,18.48,69.55
20,177,20177,Kansas,Shawnee,2020,178699.0,85.0,,47.57,
20,191,20191,Kansas,Sumner,2020,22341.0,22.0,,98.47,
20,197,20197,Kansas,Wabaunsee,2020,6895.0,16.0,94.0,232.05,1363.31
20,209,20209,Kansas,Wyandotte,2020,168921.0,30.0,51.0,17.76,30.19
20,001,20001,Kansas,Allen,2020,12533.0,25.0,54.0,199.47,430.86
20,003,20003,Kansas,Anderson,2020,7841.0,14.0,32.0,178.55,408.11
20,005,20005,Kansas,Atchison,2020,16325.0,3.0,2.0,18.38,12.25
20,007,20007,Kansas,Barber,2020,4204.0,8.0,16.0,190.29,380.59
20,009,20009,Kansas,Barton,2020,25437.0,8.0,,31.45,
20,011,20011,Kansas,Bourbon,2020,14339.0,18.0,48.0,125.53,334.75
20,013,20013,Kansas,Brown,2020,9480.0,5.0,12.0,52.74,126.58
20,021,20021,Kansas,Cherokee,2020,19303.0,30.0,175.0,155.42,906.59
20,025,20025,Kansas,Clark,2020,1976.0,3.0,11.0,151.82,556.68
20,027,20027,Kansas,Clay,2020,8126.0,8.0,12.0,98.45,147.67
20,029,20029,Kansas,Cloud,2020,9010.0,14.0,48.0,155.38,532.74
20,033,20033,Kansas,Comanche,2020,1679.0,2.0,6.0,119.12,357.36
20,035,20035,Kansas,Cowley,2020,34528.0,21.0,103.0,60.82,298.31
20,051,20051,Kansas,Ellis,2020,28951.0,9.0,35.0,31.09,120.89
20,053,20053,Kansas,Ellsworth,2020,6367.0,4.0,42.0,62.82,659.65
20,055,20055,Kansas,Finney,2020,38307.0,39.0,158.0,101.81,412.46
20,057,20057,Kansas,Ford,2020,34213.0,14.0,54.0,40.92,157.83
20,059,20059,Kansas,Franklin,2020,26014.0,32.0,97.0,123.01,372.88
20,067,20067,Kansas,Grant,2020,7325.0,3.0,9.0,40.96,122.87
20,069,20069,Kansas,Gray,2020,5644.0,9.0,45.0,159.46,797.31
20,071,20071,Kansas,Greeley,2020,1276.0,1.0,3.0,78.37,235.11
20,073,20073,Kansas,Greenwood,2020,5961.0,12.0,68.0,201.31,1140.75
20,075,20075,Kansas,Hamilton,2020,2489.0,6.0,24.0,241.06,964.24
20,077,20077,Kansas,Harper,2020,5471.0,4.0,51.0,73.11,932.19
20,081,20081,Kansas,Haskell,2020,3758.0,7.0,17.0,186.27,452.37
20,083,20083,Kansas,Hodgeman,2020,1741.0,2.0,5.0,114.88,287.19
20,093,20093,Kansas,Kearny,2020,3968.0,18.0,57.0,453.63,1436.49
20,095,20095,Kansas,Kingman,2020,7427.0,1.0,78.0,13.46,1050.22
20,097,20097,Kansas,Kiowa,2020,2457.0,6.0,19.0,244.2,773.3
20,099,20099,Kansas,Labette,2020,20169.0,9.0,,44.62,
20,101,20101,Kansas,Lane,2020,1568.0,4.0,24.0,255.1,1530.61
20,109,20109,Kansas,Logan,2020,2742.0,7.0,6.0,255.29,218.82
20,115,20115,Kansas,Marion,2020,11788.0,9.0,,76.35,
20,117,20117,Kansas,Marshall,2020,10020.0,1.0,16.0,9.98,159.68
20,113,20113,Kansas,McPherson,2020,30195.0,13.0,54.0,43.05,178.84
20,125,20125,Kansas,Montgomery,2020,31401.0,15.0,,47.77,
20,127,20127,Kansas,Morris,2020,5363.0,8.0,18.0,149.17,335.63
20,129,20129,Kansas,Morton,2020,2697.0,0.0,14.0,0.0,519.1
20,131,20131,Kansas,Nemaha,2020,10268.0,7.0,38.0,68.17,370.08
20,133,20133,Kansas,Neosho,2020,15916.0,8.0,,50.26,
20,135,20135,Kansas,Ness,2020,2674.0,13.0,21.0,486.16,785.34
20,137,20137,Kansas,Norton,2020,5452.0,5.0,12.0,91.71,220.1
20,157,20157,Kansas,Republic,2020,4677.0,3.0,22.0,64.14,470.39
20,159,20159,Kansas,Rice,2020,9382.0,5.0,11.0,53.29,117.25
20,163,20163,Kansas,Rooks,2020,4886.0,1.0,31.0,20.47,634.47
20,165,20165,Kansas,Rush,2020,2940.0,8.0,,272.11,
20,167,20167,Kansas,Russell,2020,6677.0,8.0,37.0,119.81,554.14
20,169,20169,Kansas,Saline,2020,54260.0,22.0,98.0,40.55,180.61
20,171,20171,Kansas,Scott,2020,5141.0,4.0,1.0,77.81,19.45
20,175,20175,Kansas,Seward,2020,21857.0,4.0,6.0,18.3,27.45
20,181,20181,Kansas,Sherman,2020,5907.0,0.0,0.0,0.0,0.0
20,183,20183,Kansas,Smith,2020,3566.0,1.0,8.0,28.04,224.34
20,185,20185,Kansas,Stafford,2020,4060.0,2.0,11.0,49.26,270.94
20,193,20193,Kansas,Thomas,2020,7926.0,8.0,19.0,100.93,239.72
20,195,20195,Kansas,Trego,2020,2809.0,0.0,6.0,0.0,213.6
20,201,20201,Kansas,Washington,2020,5544.0,3.0,13.0,54.11,234.49
20,205,20205,Kansas,Wilson,2020,8581.0,3.0,30.0,34.96,349.61
20,207,20207,Kansas,Woodson,2020,3095.0,2.0,44.0,64.62,1421.65
21,003,21003,Kentucky,Allen,2020,20573.0,9.0,102.0,43.75,495.8
21,015,21015,Kentucky,Boone,2020,136472.0,73.0,747.0,53.49,547.37
21,017,21017,Kentucky,Bourbon,2020,20299.0,1.0,67.0,4.93,330.07
21,019,21019,Kentucky,Boyd,2020,48209.0,13.0,192.0,26.97,398.27
21,023,21023,Kentucky,Bracken,2020,8399.0,0.0,41.0,0.0,488.15
21,029,21029,Kentucky,Bullitt,2020,82365.0,41.0,380.0,49.78,461.36
21,031,21031,Kentucky,Butler,2020,12321.0,2.0,30.0,16.23,243.49
21,037,21037,Kentucky,Campbell,2020,93141.0,0.0,0.0,0.0,0.0
,,,Kentucky,Campbell County Police Department,2020,93141.0,17.0,116.0,18.25,124.54
21,043,21043,Kentucky,Carter,2020,26614.0,4.0,42.0,15.03,157.81
21,047,21047,Kentucky,Christian,2020,72752.0,23.0,254.0,31.61,349.13
21,049,21049,Kentucky,Clark,2020,37033.0,10.0,132.0,27.0,356.44
21,059,21059,Kentucky,Daviess,2020,103398.0,29.0,377.0,28.05,364.61
21,061,21061,Kentucky,Edmonson,2020,12140.0,4.0,19.0,32.95,156.51
21,067,21067,Kentucky,Fayette,2020,322620.0,1.0,0.0,0.31,0.0
21,077,21077,Kentucky,Gallatin,2020,8674.0,0.0,18.0,0.0,207.52
21,081,21081,Kentucky,Grant,2020,25014.0,5.0,149.0,19.99,595.67
21,089,21089,Kentucky,Greenup,2020,35885.0,3.0,32.0,8.36,89.17
21,091,21091,Kentucky,Hancock,2020,9104.0,1.0,24.0,10.98,263.62
21,093,21093,Kentucky,Hardin,2020,110834.0,30.0,148.0,27.07,133.53
21,101,21101,Kentucky,Henderson,2020,44677.0,9.0,174.0,20.14,389.46
21,103,21103,Kentucky,Henry,2020,15693.0,1.0,20.0,6.37,127.45
21,111,21111,Kentucky,Jefferson,2020,782866.0,1.0,2.0,0.13,0.26
21,113,21113,Kentucky,Jessamine,2020,53038.0,14.0,190.0,26.4,358.23
21,117,21117,Kentucky,Kenton,2020,169263.0,0.0,2.0,0.0,1.18
,,,Kentucky,Kenton County Police Department,2020,169263.0,28.0,96.0,16.54,56.72
21,123,21123,Kentucky,Larue,2020,14879.0,3.0,33.0,20.16,221.79
21,149,21149,Kentucky,McLean,2020,9134.0,6.0,58.0,65.69,634.99
21,163,21163,Kentucky,Meade,2020,30030.0,24.0,120.0,79.92,399.6
21,185,21185,Kentucky,Oldham,2020,67705.0,1.0,3.0,1.48,4.43
,,,Kentucky,Oldham County Police Department,2020,67705.0,25.0,471.0,36.92,695.67
21,191,21191,Kentucky,Pendleton,2020,14641.0,1.0,85.0,6.83,580.56
21,209,21209,Kentucky,Scott,2020,57541.0,5.0,155.0,8.69,269.37
21,211,21211,Kentucky,Shelby,2020,48245.0,21.0,195.0,43.53,404.19
21,215,21215,Kentucky,Spencer,2020,19496.0,3.0,55.0,15.39,282.11
21,221,21221,Kentucky,Trigg,2020,14077.0,6.0,91.0,42.62,646.44
21,227,21227,Kentucky,Warren,2020,135039.0,55.0,583.0,40.73,431.73
21,239,21239,Kentucky,Woodford,2020,26900.0,1.0,19.0,3.72,70.63
21,005,21005,Kentucky,Anderson,2020,23902.0,4.0,27.0,16.74,112.96
21,007,21007,Kentucky,Ballard,2020,7712.0,15.0,52.0,194.5,674.27
21,009,21009,Kentucky,Barren,2020,44508.0,16.0,129.0,35.95,289.84
21,011,21011,Kentucky,Bath,2020,12715.0,6.0,42.0,47.19,330.32
21,013,21013,Kentucky,Bell,2020,23981.0,11.0,88.0,45.87,366.96
21,021,21021,Kentucky,Boyle,2020,30754.0,0.0,29.0,0.0,94.3
21,025,21025,Kentucky,Breathitt,2020,13701.0,3.0,21.0,21.9,153.27
21,027,21027,Kentucky,Breckinridge,2020,20443.0,10.0,56.0,48.92,273.93
21,033,21033,Kentucky,Caldwell,2020,12642.0,2.0,23.0,15.82,181.93
21,035,21035,Kentucky,Calloway,2020,37595.0,9.0,172.0,23.94,457.51
21,039,21039,Kentucky,Carlisle,2020,4807.0,1.0,18.0,20.8,374.45
21,041,21041,Kentucky,Carroll,2020,10831.0,6.0,57.0,55.4,526.27
21,045,21045,Kentucky,Casey,2020,15926.0,4.0,40.0,25.12,251.16
21,051,21051,Kentucky,Clay,2020,20308.0,17.0,78.0,83.71,384.09
21,053,21053,Kentucky,Clinton,2020,9231.0,5.0,13.0,54.17,140.83
21,055,21055,Kentucky,Crittenden,2020,9002.0,3.0,26.0,33.33,288.82
21,057,21057,Kentucky,Cumberland,2020,5860.0,2.0,25.0,34.13,426.62
21,063,21063,Kentucky,Elliott,2020,7333.0,0.0,2.0,0.0,27.27
21,065,21065,Kentucky,Estill,2020,14156.0,5.0,35.0,35.32,247.24
21,069,21069,Kentucky,Fleming,2020,15089.0,2.0,8.0,13.25,53.02
21,071,21071,Kentucky,Floyd,2020,35805.0,7.0,56.0,19.55,156.4
21,073,21073,Kentucky,Franklin,2020,51600.0,8.0,178.0,15.5,344.96
21,075,21075,Kentucky,Fulton,2020,6510.0,0.0,5.0,0.0,76.8
,,,Kentucky,Garrard County Police Department,2020,16965.0,5.0,54.0,29.47,318.3
21,083,21083,Kentucky,Graves,2020,36533.0,19.0,198.0,52.01,541.98
21,085,21085,Kentucky,Grayson,2020,26458.0,14.0,82.0,52.91,309.93
21,087,21087,Kentucky,Green,2020,11129.0,1.0,7.0,8.99,62.9
21,095,21095,Kentucky,Harlan,2020,26752.0,1.0,22.0,3.74,82.24
21,097,21097,Kentucky,Harrison,2020,18710.0,3.0,72.0,16.03,384.82
21,099,21099,Kentucky,Hart,2020,19288.0,3.0,35.0,15.55,181.46
21,105,21105,Kentucky,Hickman,2020,4528.0,2.0,22.0,44.17,485.87
21,107,21107,Kentucky,Hopkins,2020,45369.0,11.0,153.0,24.25,337.23
21,109,21109,Kentucky,Jackson,2020,12969.0,4.0,77.0,30.84,593.72
21,115,21115,Kentucky,Johnson,2020,22648.0,5.0,43.0,22.08,189.86
21,119,21119,Kentucky,Knott,2020,14163.0,1.0,30.0,7.06,211.82
21,121,21121,Kentucky,Knox,2020,30186.0,5.0,62.0,16.56,205.39
21,125,21125,Kentucky,Laurel,2020,62733.0,52.0,447.0,82.89,712.54
21,127,21127,Kentucky,Lawrence,2020,16300.0,9.0,44.0,55.21,269.94
21,129,21129,Kentucky,Lee,2020,7365.0,0.0,14.0,0.0,190.09
21,131,21131,Kentucky,Leslie,2020,10470.0,4.0,27.0,38.2,257.88
21,133,21133,Kentucky,Letcher,2020,21465.0,0.0,10.0,0.0,46.59
21,135,21135,Kentucky,Lewis,2020,13088.0,0.0,17.0,0.0,129.89
21,137,21137,Kentucky,Lincoln,2020,24249.0,8.0,69.0,32.99,284.55
21,139,21139,Kentucky,Livingston,2020,8871.0,5.0,50.0,56.36,563.63
21,141,21141,Kentucky,Logan,2020,27515.0,18.0,86.0,65.42,312.56
21,143,21143,Kentucky,Lyon,2020,8673.0,5.0,54.0,57.65,622.62
21,151,21151,Kentucky,Madison,2020,93002.0,22.0,242.0,23.66,260.21
21,153,21153,Kentucky,Magoffin,2020,11606.0,2.0,19.0,17.23,163.71
21,155,21155,Kentucky,Marion,2020,19587.0,6.0,32.0,30.63,163.37
21,157,21157,Kentucky,Marshall,2020,31689.0,33.0,244.0,104.14,769.98
21,159,21159,Kentucky,Martin,2020,11252.0,6.0,22.0,53.32,195.52
21,161,21161,Kentucky,Mason,2020,17135.0,5.0,76.0,29.18,443.54
21,145,21145,Kentucky,McCracken,2020,67923.0,43.0,422.0,63.31,621.29
21,147,21147,Kentucky,McCreary,2020,16840.0,5.0,55.0,29.69,326.6
21,165,21165,Kentucky,Menifee,2020,6138.0,0.0,10.0,0.0,162.92
21,167,21167,Kentucky,Mercer,2020,22654.0,2.0,20.0,8.83,88.28
21,169,21169,Kentucky,Metcalfe,2020,10286.0,4.0,25.0,38.89,243.05
21,171,21171,Kentucky,Monroe,2020,11315.0,0.0,9.0,0.0,79.54
21,173,21173,Kentucky,Montgomery,2020,28115.0,12.0,244.0,42.68,867.86
21,175,21175,Kentucky,Morgan,2020,13733.0,6.0,52.0,43.69,378.65
21,177,21177,Kentucky,Muhlenberg,2020,30904.0,7.0,62.0,22.65,200.62
21,179,21179,Kentucky,Nelson,2020,46785.0,15.0,225.0,32.06,480.92
21,181,21181,Kentucky,Nicholas,2020,7542.0,1.0,6.0,13.26,79.55
21,183,21183,Kentucky,Ohio,2020,23747.0,18.0,123.0,75.8,517.96
21,187,21187,Kentucky,Owen,2020,11303.0,0.0,42.0,0.0,371.58
21,189,21189,Kentucky,Owsley,2020,4034.0,0.0,2.0,0.0,49.58
21,193,21193,Kentucky,Perry,2020,28370.0,16.0,56.0,56.4,197.39
21,195,21195,Kentucky,Pike,2020,58459.0,0.0,56.0,0.0,95.79
21,197,21197,Kentucky,Powell,2020,13098.0,0.0,18.0,0.0,137.43
21,199,21199,Kentucky,Pulaski,2020,65112.0,46.0,324.0,70.65,497.6
21,203,21203,Kentucky,Rockcastle,2020,16057.0,9.0,78.0,56.05,485.77
21,205,21205,Kentucky,Rowan,2020,24714.0,8.0,77.0,32.37,311.56
21,207,21207,Kentucky,Russell,2020,17997.0,3.0,31.0,16.67,172.25
21,213,21213,Kentucky,Simpson,2020,19628.0,4.0,40.0,20.38,203.79
21,217,21217,Kentucky,Taylor,2020,26011.0,9.0,185.0,34.6,711.24
21,219,21219,Kentucky,Todd,2020,12283.0,3.0,55.0,24.42,447.77
21,223,21223,Kentucky,Trimble,2020,8465.0,3.0,21.0,35.44,248.08
21,225,21225,Kentucky,Union,2020,13644.0,6.0,51.0,43.98,373.79
21,229,21229,Kentucky,Washington,2020,12042.0,2.0,39.0,16.61,323.87
21,231,21231,Kentucky,Wayne,2020,19548.0,8.0,34.0,40.92,173.93
21,233,21233,Kentucky,Webster,2020,13021.0,3.0,32.0,23.04,245.76
21,235,21235,Kentucky,Whitley,2020,36696.0,13.0,116.0,35.43,316.11
21,237,21237,Kentucky,Wolfe,2020,6560.0,2.0,26.0,30.49,396.34
22,005,22005,Louisiana,Ascension,2020,126975.0,400.0,1990.0,315.02,1567.24
22,007,22007,Louisiana,Assumption,2020,20962.0,66.0,202.0,314.86,963.65
22,015,22015,Louisiana,Bossier,2020,128647.0,114.0,571.0,88.61,443.85
22,017,22017,Louisiana,Caddo,2020,237024.0,44.0,651.0,18.56,274.66
22,019,22019,Louisiana,Calcasieu,2020,216474.0,1060.0,4264.0,489.67,1969.75
22,031,22031,Louisiana,De Soto,2020,26840.0,107.0,381.0,398.66,1419.52
22,047,22047,Louisiana,Iberville,2020,30070.0,123.0,236.0,409.05,784.84
22,055,22055,Louisiana,Lafayette,2020,242176.0,206.0,935.0,85.06,386.08
22,057,22057,Louisiana,Lafourche,2020,97421.0,234.0,1988.0,240.19,2040.63
22,063,22063,Louisiana,Livingston,2020,142833.0,457.0,2488.0,319.95,1741.89
22,067,22067,Louisiana,Morehouse,2020,25459.0,42.0,162.0,164.97,636.32
22,073,22073,Louisiana,Ouachita,2020,160106.0,788.0,2512.0,492.17,1568.96
22,075,22075,Louisiana,Plaquemines,2020,23503.0,60.0,152.0,255.29,646.73
22,077,22077,Louisiana,Pointe Coupee,2020,20676.0,147.0,233.0,710.97,1126.91
22,079,22079,Louisiana,Rapides,2020,129655.0,380.0,1514.0,293.09,1167.71
22,089,22089,Louisiana,St. Charles,2020,52515.0,182.0,949.0,346.57,1807.1
22,091,22091,Louisiana,St. Helena,2020,10884.0,95.0,158.0,872.84,1451.67
22,093,22093,Louisiana,St. James,2020,20117.0,57.0,279.0,283.34,1386.89
22,095,22095,Louisiana,St. John the Baptist,2020,42362.0,155.0,865.0,365.89,2041.92
22,099,22099,Louisiana,St. Martin,2020,51616.0,168.0,558.0,325.48,1081.06
22,103,22103,Louisiana,St. Tammany,2020,264989.0,333.0,1332.0,125.67,502.66
22,105,22105,Louisiana,Tangipahoa,2020,133651.0,1242.0,1847.0,929.29,1381.96
22,109,22109,Louisiana,Terrebonne,2020,109415.0,218.0,1783.0,199.24,1629.58
22,003,22003,Louisiana,Allen,2020,22671.0,28.0,387.0,123.51,1707.03
22,011,22011,Louisiana,Beauregard,2020,36605.0,39.0,240.0,106.54,655.65
22,013,22013,Louisiana,Bienville,2020,12916.0,35.0,132.0,270.98,1021.99
22,027,22027,Louisiana,Claiborne,2020,14108.0,14.0,58.0,99.23,411.11
22,029,22029,Louisiana,Concordia,2020,18574.0,98.0,222.0,527.62,1195.22
22,035,22035,Louisiana,East Carroll,2020,7398.0,24.0,23.0,324.41,310.89
22,039,22039,Louisiana,Evangeline,2020,32301.0,63.0,193.0,195.04,597.5
22,041,22041,Louisiana,Franklin,2020,19714.0,51.0,105.0,258.7,532.62
22,049,22049,Louisiana,Jackson,2020,14996.0,15.0,69.0,100.03,460.12
22,059,22059,Louisiana,La Salle,2020,,37.0,30.0,,
22,061,22061,Louisiana,Lincoln,2020,48301.0,63.0,204.0,130.43,422.35
22,065,22065,Louisiana,Madison,2020,9929.0,30.0,28.0,302.15,282.0
22,069,22069,Louisiana,Natchitoches,2020,37400.0,59.0,417.0,157.75,1114.97
22,081,22081,Louisiana,Red River,2020,7583.0,27.0,141.0,356.06,1859.42
22,083,22083,Louisiana,Richland,2020,20029.0,47.0,74.0,234.66,369.46
22,085,22085,Louisiana,Sabine,2020,22096.0,69.0,217.0,312.27,982.08
22,097,22097,Louisiana,St. Landry,2020,82306.0,148.0,742.0,179.82,901.51
22,101,22101,Louisiana,St. Mary,2020,49149.0,204.0,474.0,415.06,964.41
22,115,22115,Louisiana,Vernon,2020,48632.0,90.0,363.0,185.06,746.42
22,117,22117,Louisiana,Washington,2020,45358.0,357.0,494.0,787.07,1089.11
22,127,22127,Louisiana,Winn,2020,13720.0,25.0,57.0,182.22,415.45
23,001,23001,Maine,Androscoggin,2020,111181.0,23.0,115.0,20.69,103.43
23,005,23005,Maine,Cumberland,2020,303588.0,41.0,318.0,13.51,104.75
23,019,23019,Maine,Penobscot,2020,152174.0,10.0,304.0,6.57,199.77
23,023,23023,Maine,Sagadahoc,2020,36731.0,5.0,55.0,13.61,149.74
23,031,23031,Maine,York,2020,212272.0,18.0,277.0,8.48,130.49
23,003,23003,Maine,Aroostook,2020,67051.0,10.0,69.0,14.91,102.91
23,007,23007,Maine,Franklin,2020,29463.0,3.0,81.0,10.18,274.92
23,009,23009,Maine,Hancock,2020,55512.0,14.0,105.0,25.22,189.15
23,011,23011,Maine,Kennebec,2020,124732.0,33.0,204.0,26.46,163.55
23,013,23013,Maine,Knox,2020,40663.0,4.0,155.0,9.84,381.18
23,015,23015,Maine,Lincoln,2020,35244.0,27.0,151.0,76.61,428.44
23,017,23017,Maine,Oxford,2020,57894.0,26.0,269.0,44.91,464.64
23,021,23021,Maine,Piscataquis,2020,16815.0,7.0,71.0,41.63,422.24
23,025,23025,Maine,Somerset,2020,50469.0,40.0,277.0,79.26,548.85
23,027,23027,Maine,Waldo,2020,39666.0,9.0,80.0,22.69,201.68
23,029,23029,Maine,Washington,2020,31091.0,23.0,119.0,73.98,382.75
,,,Maryland,Montgomery County Police Department,2020,1060926.0,1432.0,13916.0,134.98,1311.68
26,017,26017,Michigan,Bay,2020,103739.0,40.0,395.0,38.56,380.76
26,021,26021,Michigan,Berrien,2020,154395.0,116.0,647.0,75.13,419.06
26,025,26025,Michigan,Calhoun,2020,134198.0,143.0,506.0,106.56,377.05
26,037,26037,Michigan,Clinton,2020,79168.0,24.0,113.0,30.32,142.73
26,045,26045,Michigan,Eaton,2020,109174.0,151.0,913.0,138.31,836.28
26,049,26049,Michigan,Genesee,2020,405746.0,105.0,311.0,25.88,76.65
26,065,26065,Michigan,Ingham,2020,285005.0,203.0,565.0,71.23,198.24
26,067,26067,Michigan,Ionia,2020,66871.0,78.0,166.0,116.64,248.24
26,077,26077,Michigan,Kalamazoo,2020,261780.0,384.0,2774.0,146.69,1059.67
26,081,26081,Michigan,Kent,2020,658508.0,438.0,2587.0,66.51,392.86
26,087,26087,Michigan,Lapeer,2020,88595.0,57.0,166.0,64.34,187.37
26,093,26093,Michigan,Livingston,2020,193974.0,62.0,423.0,31.96,218.07
26,099,26099,Michigan,Macomb,2020,880240.0,287.0,848.0,32.6,96.34
26,111,26111,Michigan,Midland,2020,83488.0,37.0,208.0,44.32,249.14
26,117,26117,Michigan,Montcalm,2020,66659.0,17.0,104.0,25.5,156.02
26,125,26125,Michigan,Oakland,2020,1272524.0,25.0,23.0,1.96,1.81
26,139,26139,Michigan,Ottawa,2020,296893.0,586.0,1921.0,197.38,647.03
26,145,26145,Michigan,Saginaw,2020,189853.0,79.0,370.0,41.61,194.89
26,155,26155,Michigan,Shiawassee,2020,67990.0,19.0,128.0,27.95,188.26
26,147,26147,Michigan,St. Clair,2020,160386.0,138.0,580.0,86.04,361.63
26,161,26161,Michigan,Washtenaw,2020,371814.0,703.0,1276.0,189.07,343.18
26,163,26163,Michigan,Wayne,2020,1789634.0,12.0,0.0,0.67,0.0
26,001,26001,Michigan,Alcona,2020,10184.0,16.0,86.0,157.11,844.46
26,003,26003,Michigan,Alger,2020,8845.0,2.0,7.0,22.61,79.14
26,005,26005,Michigan,Allegan,2020,120666.0,94.0,660.0,77.9,546.96
26,007,26007,Michigan,Alpena,2020,28891.0,14.0,47.0,48.46,162.68
26,009,26009,Michigan,Antrim,2020,23457.0,36.0,161.0,153.47,686.36
26,011,26011,Michigan,Arenac,2020,14998.0,46.0,97.0,306.71,646.75
26,013,26013,Michigan,Baraga,2020,8143.0,2.0,14.0,24.56,171.93
26,015,26015,Michigan,Barry,2020,62599.0,46.0,292.0,73.48,466.46
26,019,26019,Michigan,Benzie,2020,18002.0,28.0,64.0,155.54,355.52
26,023,26023,Michigan,Branch,2020,44877.0,13.0,106.0,28.97,236.2
26,029,26029,Michigan,Charlevoix,2020,26042.0,33.0,77.0,126.72,295.68
26,031,26031,Michigan,Cheboygan,2020,25575.0,24.0,24.0,93.84,93.84
26,033,26033,Michigan,Chippewa,2020,36793.0,14.0,23.0,38.05,62.51
26,035,26035,Michigan,Clare,2020,30837.0,66.0,301.0,214.03,976.1
26,039,26039,Michigan,Crawford,2020,12986.0,31.0,55.0,238.72,423.53
26,041,26041,Michigan,Delta,2020,36877.0,4.0,48.0,10.85,130.16
26,043,26043,Michigan,Dickinson,2020,25896.0,0.0,0.0,0.0,0.0
26,047,26047,Michigan,Emmet,2020,34112.0,25.0,74.0,73.29,216.93
26,051,26051,Michigan,Gladwin,2020,25371.0,35.0,152.0,137.95,599.11
26,053,26053,Michigan,Gogebic,2020,14349.0,12.0,38.0,83.63,264.83
26,055,26055,Michigan,Grand Traverse,2020,95428.0,132.0,446.0,138.32,467.37
26,057,26057,Michigan,Gratiot,2020,41657.0,53.0,228.0,127.23,547.33
26,059,26059,Michigan,Hillsdale,2020,45740.0,90.0,180.0,196.76,393.53
26,061,26061,Michigan,Houghton,2020,37256.0,0.0,10.0,0.0,26.84
26,063,26063,Michigan,Huron,2020,31378.0,29.0,103.0,92.42,328.26
26,069,26069,Michigan,Iosco,2020,25189.0,0.0,7.0,0.0,27.79
26,071,26071,Michigan,Iron,2020,11630.0,0.0,0.0,0.0,0.0
26,073,26073,Michigan,Isabella,2020,64518.0,57.0,287.0,88.35,444.84
26,079,26079,Michigan,Kalkaska,2020,17924.0,56.0,87.0,312.43,485.38
26,083,26083,Michigan,Keweenaw,2020,2059.0,2.0,18.0,97.13,874.21
26,085,26085,Michigan,Lake,2020,12086.0,56.0,262.0,463.35,2167.8
26,089,26089,Michigan,Leelanau,2020,22312.0,0.0,0.0,0.0,0.0
26,091,26091,Michigan,Lenawee,2020,99348.0,36.0,196.0,36.24,197.29
26,095,26095,Michigan,Luce,2020,6411.0,7.0,53.0,109.19,826.7
26,097,26097,Michigan,Mackinac,2020,10821.0,5.0,90.0,46.21,831.72
26,101,26101,Michigan,Manistee,2020,25070.0,26.0,98.0,103.71,390.91
26,103,26103,Michigan,Marquette,2020,66542.0,18.0,125.0,27.05,187.85
26,105,26105,Michigan,Mason,2020,29033.0,43.0,114.0,148.11,392.66
26,107,26107,Michigan,Mecosta,2020,40414.0,72.0,245.0,178.16,606.23
26,109,26109,Michigan,Menominee,2020,23454.0,3.0,14.0,12.79,59.69
26,113,26113,Michigan,Missaukee,2020,15067.0,15.0,117.0,99.56,776.53
26,119,26119,Michigan,Montmorency,2020,9169.0,4.0,11.0,43.63,119.97
26,123,26123,Michigan,Newaygo,2020,50091.0,64.0,176.0,127.77,351.36
26,127,26127,Michigan,Oceana,2020,26717.0,58.0,192.0,217.09,718.64
26,129,26129,Michigan,Ogemaw,2020,20781.0,9.0,110.0,43.31,529.33
26,131,26131,Michigan,Ontonagon,2020,5799.0,3.0,11.0,51.73,189.69
26,133,26133,Michigan,Osceola,2020,22906.0,9.0,20.0,39.29,87.31
26,135,26135,Michigan,Oscoda,2020,8230.0,22.0,53.0,267.31,643.99
26,137,26137,Michigan,Otsego,2020,25137.0,4.0,24.0,15.91,95.48
26,141,26141,Michigan,Presque Isle,2020,13001.0,11.0,22.0,84.61,169.22
26,151,26151,Michigan,Sanilac,2020,40499.0,37.0,73.0,91.36,180.25
26,153,26153,Michigan,Schoolcraft,2020,8049.0,0.0,2.0,0.0,24.85
26,149,26149,Michigan,St. Joseph,2020,60923.0,82.0,242.0,134.6,397.22
26,157,26157,Michigan,Tuscola,2020,53324.0,57.0,135.0,106.89,253.17
26,159,26159,Michigan,Van Buren,2020,75574.0,69.0,252.0,91.3,333.45
27,003,27003,Minnesota,Anoka,2020,364474.0,71.0,838.0,19.48,229.92
27,009,27009,Minnesota,Benton,2020,41355.0,17.0,127.0,41.11,307.1
27,013,27013,Minnesota,Blue Earth,2020,69202.0,33.0,93.0,47.69,134.39
27,017,27017,Minnesota,Carlton,2020,36190.0,13.0,139.0,35.92,384.08
27,019,27019,Minnesota,Carver,2020,107308.0,42.0,616.0,39.14,574.05
27,025,27025,Minnesota,Chisago,2020,56723.0,27.0,145.0,47.6,255.63
27,027,27027,Minnesota,Clay,2020,65358.0,13.0,83.0,19.89,126.99
27,037,27037,Minnesota,Dakota,2020,440419.0,17.0,39.0,3.86,8.86
27,039,27039,Minnesota,Dodge,2020,20895.0,13.0,113.0,62.22,540.8
27,045,27045,Minnesota,Fillmore,2020,21235.0,4.0,46.0,18.84,216.62
27,053,27053,Minnesota,Hennepin,2020,1281663.0,40.0,45.0,3.12,3.51
27,055,27055,Minnesota,Houston,2020,18843.0,3.0,27.0,15.92,143.29
27,059,27059,Minnesota,Isanti,2020,41385.0,33.0,281.0,79.74,678.99
27,075,27075,Minnesota,Lake,2020,10923.0,2.0,48.0,18.31,439.44
27,079,27079,Minnesota,Le Sueur,2020,28633.0,16.0,83.0,55.88,289.88
27,095,27095,Minnesota,Mille Lacs,2020,26475.0,30.0,278.0,113.31,1050.05
27,103,27103,Minnesota,Nicollet,2020,34504.0,2.0,59.0,5.8,170.99
27,109,27109,Minnesota,Olmsted,2020,163055.0,65.0,321.0,39.86,196.87
27,119,27119,Minnesota,Polk,2020,31099.0,14.0,103.0,45.02,331.2
27,123,27123,Minnesota,Ramsey,2020,551733.0,128.0,1493.0,23.2,270.6
27,139,27139,Minnesota,Scott,2020,151361.0,17.0,136.0,11.23,89.85
27,141,27141,Minnesota,Sherburne,2020,97588.0,43.0,284.0,44.06,291.02
27,145,27145,Minnesota,Stearns,2020,158456.0,21.0,221.0,13.25,139.47
27,137,27137,Minnesota,St. Louis,2020,200067.0,105.0,514.0,52.48,256.91
27,157,27157,Minnesota,Wabasha,2020,21394.0,4.0,18.0,18.7,84.14
27,163,27163,Minnesota,Washington,2020,268397.0,51.0,785.0,19.0,292.48
27,171,27171,Minnesota,Wright,2020,141876.0,91.0,1098.0,64.14,773.92
27,001,27001,Minnesota,Aitkin,2020,15708.0,23.0,247.0,146.42,1572.45
27,005,27005,Minnesota,Becker,2020,35184.0,24.0,120.0,68.21,341.06
27,007,27007,Minnesota,Beltrami,2020,46232.0,52.0,312.0,112.48,674.86
27,011,27011,Minnesota,Big Stone,2020,5158.0,3.0,49.0,58.16,949.98
27,015,27015,Minnesota,Brown,2020,25908.0,4.0,33.0,15.44,127.37
27,021,27021,Minnesota,Cass,2020,30152.0,36.0,511.0,119.4,1694.75
27,023,27023,Minnesota,Chippewa,2020,12606.0,0.0,4.0,0.0,31.73
27,029,27029,Minnesota,Clearwater,2020,8565.0,13.0,42.0,151.78,490.37
27,031,27031,Minnesota,Cook,2020,5598.0,18.0,68.0,321.54,1214.72
27,035,27035,Minnesota,Crow Wing,2020,66284.0,44.0,273.0,66.38,411.86
27,041,27041,Minnesota,Douglas,2020,39095.0,16.0,184.0,40.93,470.65
27,043,27043,Minnesota,Faribault,2020,13899.0,5.0,27.0,35.97,194.26
27,047,27047,Minnesota,Freeborn,2020,30899.0,10.0,117.0,32.36,378.65
27,049,27049,Minnesota,Goodhue,2020,47594.0,12.0,223.0,25.21,468.55
27,051,27051,Minnesota,Grant,2020,6093.0,2.0,4.0,32.82,65.65
27,057,27057,Minnesota,Hubbard,2020,21395.0,24.0,174.0,112.18,813.27
27,061,27061,Minnesota,Itasca,2020,45022.0,32.0,157.0,71.08,348.72
27,063,27063,Minnesota,Jackson,2020,9990.0,4.0,30.0,40.04,300.3
27,065,27065,Minnesota,Kanabec,2020,16054.0,6.0,96.0,37.37,597.98
27,067,27067,Minnesota,Kandiyohi,2020,43727.0,17.0,202.0,38.88,461.96
27,069,27069,Minnesota,Kittson,2020,4187.0,1.0,0.0,23.88,0.0
27,071,27071,Minnesota,Koochiching,2020,12027.0,2.0,34.0,16.63,282.7
27,077,27077,Minnesota,Lake of the Woods,2020,3770.0,1.0,2.0,26.53,53.05
27,081,27081,Minnesota,Lincoln,2020,5623.0,4.0,4.0,71.14,71.14
27,083,27083,Minnesota,Lyon,2020,25429.0,14.0,34.0,55.06,133.71
27,089,27089,Minnesota,Marshall,2020,9025.0,0.0,4.0,0.0,44.32
27,091,27091,Minnesota,Martin,2020,19998.0,6.0,11.0,30.0,55.01
27,085,27085,Minnesota,McLeod,2020,36743.0,9.0,78.0,24.49,212.29
27,093,27093,Minnesota,Meeker,2020,23430.0,20.0,109.0,85.36,465.22
27,097,27097,Minnesota,Morrison,2020,33991.0,20.0,207.0,58.84,608.98
27,101,27101,Minnesota,Murray,2020,8177.0,1.0,19.0,12.23,232.36
27,105,27105,Minnesota,Nobles,2020,22201.0,11.0,26.0,49.55,117.11
27,107,27107,Minnesota,Norman,2020,6438.0,3.0,48.0,46.6,745.57
27,111,27111,Minnesota,Otter Tail,2020,60098.0,26.0,217.0,43.26,361.08
27,113,27113,Minnesota,Pennington,2020,13942.0,2.0,26.0,14.35,186.49
27,115,27115,Minnesota,Pine,2020,28886.0,95.0,775.0,328.88,2682.96
27,117,27117,Minnesota,Pipestone,2020,9418.0,8.0,69.0,84.94,732.64
27,121,27121,Minnesota,Pope,2020,11327.0,4.0,51.0,35.31,450.25
27,125,27125,Minnesota,Red Lake,2020,3937.0,4.0,3.0,101.6,76.2
27,127,27127,Minnesota,Redwood,2020,15417.0,7.0,53.0,45.4,343.78
27,129,27129,Minnesota,Renville,2020,14691.0,6.0,82.0,40.84,558.16
27,131,27131,Minnesota,Rice,2020,67105.0,23.0,137.0,34.27,204.16
27,133,27133,Minnesota,Rock,2020,9685.0,7.0,47.0,72.28,485.29
27,135,27135,Minnesota,Roseau,2020,15298.0,7.0,59.0,45.76,385.67
27,143,27143,Minnesota,Sibley,2020,14820.0,2.0,2.0,13.5,13.5
27,147,27147,Minnesota,Steele,2020,37388.0,8.0,103.0,21.4,275.49
27,149,27149,Minnesota,Stevens,2020,9672.0,5.0,18.0,51.7,186.1
27,151,27151,Minnesota,Swift,2020,9801.0,0.0,2.0,0.0,20.41
27,153,27153,Minnesota,Todd,2020,25291.0,19.0,144.0,75.13,569.37
27,155,27155,Minnesota,Traverse,2020,3359.0,1.0,17.0,29.77,506.1
27,159,27159,Minnesota,Wadena,2020,14124.0,12.0,7.0,84.96,49.56
27,161,27161,Minnesota,Waseca,2020,18973.0,8.0,72.0,42.17,379.49
27,165,27165,Minnesota,Watonwan,2020,11236.0,7.0,44.0,62.3,391.6
27,167,27167,Minnesota,Wilkin,2020,6477.0,0.0,24.0,0.0,370.54
27,169,27169,Minnesota,Winona,2020,49656.0,22.0,80.0,44.3,161.11
27,173,27173,Minnesota,Yellow Medicine,2020,9498.0,1.0,35.0,10.53,368.5
28,033,28033,Mississippi,DeSoto,2020,186120.0,55.0,368.0,29.55,197.72
28,047,28047,Mississippi,Harrison,2020,208821.0,44.0,789.0,21.07,377.84
28,049,28049,Mississippi,Hinds,2020,226778.0,78.0,330.0,34.39,145.52
28,073,28073,Mississippi,Lamar,2020,64391.0,51.0,627.0,79.2,973.74
28,089,28089,Mississippi,Madison,2020,109237.0,56.0,208.0,51.26,190.41
28,121,28121,Mississippi,Rankin,2020,157155.0,64.0,432.0,40.72,274.89
28,131,28131,Mississippi,Stone,2020,18333.0,38.0,160.0,207.28,872.74
28,143,28143,Mississippi,Tunica,2020,9732.0,56.0,446.0,575.42,4582.82
28,003,28003,Mississippi,Alcorn,2020,34732.0,17.0,304.0,48.95,875.27
28,021,28021,Mississippi,Claiborne,2020,9093.0,32.0,12.0,351.92,131.97
28,025,28025,Mississippi,Clay,2020,18620.0,21.0,45.0,112.78,241.68
28,039,28039,Mississippi,George,2020,24365.0,36.0,327.0,147.75,1342.09
28,061,28061,Mississippi,Jasper,2020,16350.0,14.0,99.0,85.63,605.5
28,071,28071,Mississippi,Lafayette,2020,55912.0,34.0,153.0,60.81,273.64
28,079,28079,Mississippi,Leake,2020,21249.0,53.0,142.0,249.42,668.27
28,081,28081,Mississippi,Lee,2020,83326.0,55.0,631.0,66.01,757.27
28,083,28083,Mississippi,Leflore,2020,28344.0,129.0,269.0,455.12,949.05
28,085,28085,Mississippi,Lincoln,2020,34842.0,31.0,264.0,88.97,757.71
28,091,28091,Mississippi,Marion,2020,24370.0,42.0,131.0,172.34,537.55
28,095,28095,Mississippi,Monroe,2020,34136.0,65.0,177.0,190.41,518.51
28,115,28115,Mississippi,Pontotoc,2020,31195.0,68.0,235.0,217.98,753.33
28,141,28141,Mississippi,Tishomingo,2020,18848.0,22.0,146.0,116.72,774.62
28,145,28145,Mississippi,Union,2020,27812.0,24.0,176.0,86.29,632.82
28,149,28149,Mississippi,Warren,2020,44548.0,18.0,201.0,40.41,451.2
28,151,28151,Mississippi,Washington,2020,44639.0,12.0,241.0,26.88,539.89
29,013,29013,Missouri,Bates,2020,16052.0,3.0,90.0,18.69,560.68
29,019,29019,Missouri,Boone,2020,184060.0,107.0,636.0,58.13,345.54
29,021,29021,Missouri,Buchanan,2020,84471.0,45.0,204.0,53.27,241.5
29,025,29025,Missouri,Caldwell,2020,8826.0,20.0,73.0,226.6,827.1
29,027,29027,Missouri,Callaway,2020,44339.0,47.0,437.0,106.0,985.59
29,031,29031,Missouri,Cape Girardeau,2020,81811.0,68.0,195.0,83.12,238.35
29,037,29037,Missouri,Cass,2020,108160.0,91.0,222.0,84.13,205.25
29,043,29043,Missouri,Christian,2020,89291.0,44.0,243.0,49.28,272.14
29,047,29047,Missouri,Clay,2020,254121.0,33.0,184.0,12.99,72.41
29,049,29049,Missouri,Clinton,2020,21214.0,19.0,69.0,89.56,325.26
29,051,29051,Missouri,Cole,2020,76608.0,41.0,354.0,53.52,462.09
29,059,29059,Missouri,Dallas,2020,17133.0,1.0,40.0,5.84,233.47
29,063,29063,Missouri,DeKalb,2020,11605.0,23.0,64.0,198.19,551.49
29,071,29071,Missouri,Franklin,2020,104852.0,42.0,382.0,40.06,364.32
29,089,29089,Missouri,Howard,2020,10154.0,17.0,40.0,167.42,393.93
29,095,29095,Missouri,Jackson,2020,717643.0,104.0,484.0,14.49,67.44
29,097,29097,Missouri,Jasper,2020,122885.0,96.0,596.0,78.12,485.01
29,099,29099,Missouri,Jefferson,2020,226944.0,532.0,2497.0,234.42,1100.27
29,107,29107,Missouri,Lafayette,2020,33059.0,0.0,54.0,0.0,163.34
29,113,29113,Missouri,Lincoln,2020,59842.0,115.0,183.0,192.17,305.81
29,145,29145,Missouri,Newton,2020,58702.0,74.0,619.0,126.06,1054.48
29,151,29151,Missouri,Osage,2020,13250.0,3.0,140.0,22.64,1056.6
29,165,29165,Missouri,Platte,2020,107187.0,44.0,288.0,41.05,268.69
29,177,29177,Missouri,Ray,2020,23136.0,91.0,80.0,393.33,345.78
29,183,29183,Missouri,St. Charles,2020,406407.0,0.0,0.0,0.0,0.0
,,,Missouri,St. Charles County Police Department,2020,406407.0,178.0,838.0,43.8,206.2
,,,Missouri,St. Louis County Police Department,2020,1003365.0,2001.0,7772.0,199.43,774.59
,,,Missouri,St. Louis County Police Department,2020,300302.0,2001.0,7772.0,666.33,2588.06
29,219,29219,Missouri,Warren,2020,35740.0,63.0,207.0,176.27,579.18
29,001,29001,Missouri,Adair,2020,25276.0,8.0,91.0,31.65,360.03
29,005,29005,Missouri,Atchison,2020,5307.0,2.0,5.0,37.69,94.22
29,007,29007,Missouri,Audrain,2020,24778.0,29.0,122.0,117.04,492.37
29,015,29015,Missouri,Benton,2020,19431.0,36.0,191.0,185.27,982.97
29,023,29023,Missouri,Butler,2020,42064.0,68.0,608.0,161.66,1445.42
29,029,29029,Missouri,Camden,2020,42804.0,98.0,393.0,228.95,918.14
29,035,29035,Missouri,Carter,2020,5201.0,36.0,36.0,692.17,692.17
29,039,29039,Missouri,Cedar,2020,14210.0,44.0,97.0,309.64,682.62
29,045,29045,Missouri,Clark,2020,6664.0,13.0,82.0,195.08,1230.49
29,055,29055,Missouri,Crawford,2020,23030.0,16.0,220.0,69.47,955.28
29,065,29065,Missouri,Dent,2020,14392.0,13.0,65.0,90.33,451.64
29,067,29067,Missouri,Douglas,2020,11604.0,14.0,35.0,120.65,301.62
29,073,29073,Missouri,Gasconade,2020,14763.0,36.0,124.0,243.85,839.94
29,075,29075,Missouri,Gentry,2020,6129.0,2.0,26.0,32.63,424.21
29,079,29079,Missouri,Grundy,2020,9764.0,3.0,19.0,30.73,194.59
29,083,29083,Missouri,Henry,2020,21976.0,48.0,206.0,218.42,937.39
29,085,29085,Missouri,Hickory,2020,8306.0,3.0,67.0,36.12,806.65
29,087,29087,Missouri,Holt,2020,4183.0,3.0,44.0,71.72,1051.88
29,091,29091,Missouri,Howell,2020,39800.0,91.0,380.0,228.64,954.77
29,093,29093,Missouri,Iron,2020,9512.0,12.0,63.0,126.16,662.32
29,101,29101,Missouri,Johnson,2020,54023.0,25.0,263.0,46.28,486.83
29,109,29109,Missouri,Lawrence,2020,37990.0,29.0,235.0,76.34,618.58
29,111,29111,Missouri,Lewis,2020,10042.0,8.0,55.0,79.67,547.7
29,117,29117,Missouri,Livingston,2020,14555.0,3.0,17.0,20.61,116.8
29,123,29123,Missouri,Madison,2020,12623.0,1.0,19.0,7.92,150.52
29,119,29119,Missouri,McDonald,2020,23281.0,63.0,170.0,270.61,730.21
29,133,29133,Missouri,Mississippi,2020,12133.0,5.0,30.0,41.21,247.26
29,137,29137,Missouri,Monroe,2020,8692.0,13.0,27.0,149.56,310.63
29,139,29139,Missouri,Montgomery,2020,11293.0,0.0,47.0,0.0,416.19
29,143,29143,Missouri,New Madrid,2020,16329.0,24.0,84.0,146.98,514.42
29,147,29147,Missouri,Nodaway,2020,21021.0,1.0,54.0,4.76,256.89
29,149,29149,Missouri,Oregon,2020,8605.0,22.0,59.0,255.67,685.65
29,155,29155,Missouri,Pemiscot,2020,15583.0,27.0,90.0,173.27,577.55
29,157,29157,Missouri,Perry,2020,18971.0,28.0,29.0,147.59,152.86
29,159,29159,Missouri,Pettis,2020,43011.0,18.0,34.0,41.85,79.05
29,161,29161,Missouri,Phelps,2020,44553.0,41.0,238.0,92.03,534.2
29,163,29163,Missouri,Pike,2020,17411.0,19.0,91.0,109.13,522.66
29,169,29169,Missouri,Pulaski,2020,54005.0,51.0,177.0,94.44,327.75
29,173,29173,Missouri,Ralls,2020,10352.0,16.0,65.0,154.56,627.9
29,175,29175,Missouri,Randolph,2020,24462.0,22.0,79.0,89.94,322.95
29,181,29181,Missouri,Ripley,2020,10670.0,3.0,100.0,28.12,937.21
29,195,29195,Missouri,Saline,2020,23334.0,58.0,57.0,248.56,244.28
29,197,29197,Missouri,Schuyler,2020,4006.0,4.0,67.0,99.85,1672.49
29,203,29203,Missouri,Shannon,2020,7034.0,17.0,26.0,241.68,369.63
29,205,29205,Missouri,Shelby,2020,6090.0,0.0,17.0,0.0,279.15
29,185,29185,Missouri,St. Clair,2020,9350.0,24.0,133.0,256.68,1422.46
29,186,29186,Missouri,Ste. Genevieve,2020,18480.0,54.0,133.0,292.21,719.7
29,207,29207,Missouri,Stoddard,2020,28656.0,26.0,217.0,90.73,757.26
29,209,29209,Missouri,Stone,2020,31212.0,181.0,302.0,579.91,967.58
29,213,29213,Missouri,Taney,2020,56053.0,75.0,219.0,133.8,390.7
29,221,29221,Missouri,Washington,2020,23432.0,91.0,457.0,388.36,1950.32
29,223,29223,Missouri,Wayne,2020,10937.0,17.0,157.0,155.44,1435.49
29,227,29227,Missouri,Worth,2020,1965.0,4.0,12.0,203.56,610.69
29,229,29229,Missouri,Wright,2020,18209.0,19.0,50.0,104.34,274.59
30,009,30009,Montana,Carbon,2020,10511.0,14.0,61.0,133.19,580.34
30,013,30013,Montana,Cascade,2020,84410.0,93.0,262.0,110.18,310.39
30,063,30063,Montana,Missoula,2020,118337.0,104.0,280.0,87.88,236.61
30,095,30095,Montana,Stillwater,2020,8998.0,25.0,50.0,277.84,555.68
30,111,30111,Montana,Yellowstone,2020,165208.0,147.0,809.0,88.98,489.69
30,001,30001,Montana,Beaverhead,2020,9375.0,0.0,1.0,0.0,10.67
30,003,30003,Montana,Big Horn,2020,13079.0,72.0,213.0,550.5,1628.56
30,005,30005,Montana,Blaine,2020,7009.0,7.0,9.0,99.87,128.41
30,007,30007,Montana,Broadwater,2020,6860.0,22.0,40.0,320.7,583.09
30,093,30093,Montana,Butte-Silver Bow,2020,35208.0,142.0,,403.32,
30,011,30011,Montana,Carter,2020,1406.0,0.0,0.0,0.0,0.0
30,015,30015,Montana,Chouteau,2020,5911.0,4.0,4.0,67.67,67.67
30,017,30017,Montana,Custer,2020,11860.0,4.0,6.0,33.73,50.59
30,021,30021,Montana,Dawson,2020,8921.0,5.0,41.0,56.05,459.59
30,023,30023,Montana,Deer Lodge,2020,9425.0,17.0,189.0,180.37,2005.31
30,027,30027,Montana,Fergus,2020,11473.0,11.0,19.0,95.88,165.61
30,029,30029,Montana,Flathead,2020,104873.0,191.0,800.0,182.13,762.83
30,031,30031,Montana,Gallatin,2020,119593.0,127.0,400.0,106.19,334.47
30,033,30033,Montana,Garfield,2020,1170.0,1.0,3.0,85.47,256.41
30,035,30035,Montana,Glacier,2020,13736.0,12.0,37.0,87.36,269.37
30,037,30037,Montana,Golden Valley,2020,822.0,2.0,0.0,243.31,0.0
30,039,30039,Montana,Granite,2020,3307.0,2.0,17.0,60.48,514.06
30,041,30041,Montana,Hill,2020,16248.0,30.0,106.0,184.64,652.39
30,043,30043,Montana,Jefferson,2020,12141.0,25.0,89.0,205.91,733.05
30,047,30047,Montana,Lake,2020,31245.0,135.0,335.0,432.07,1072.17
30,049,30049,Montana,Lewis and Clark,2020,71181.0,90.0,317.0,126.44,445.34
30,051,30051,Montana,Liberty,2020,1956.0,0.0,0.0,0.0,0.0
30,053,30053,Montana,Lincoln,2020,19737.0,17.0,44.0,86.13,222.93
30,057,30057,Montana,Madison,2020,8657.0,8.0,39.0,92.41,450.5
30,055,30055,Montana,McCone,2020,1731.0,0.0,1.0,0.0,57.77
30,059,30059,Montana,Meagher,2020,1922.0,1.0,5.0,52.03,260.15
30,061,30061,Montana,Mineral,2020,4567.0,18.0,36.0,394.13,788.26
30,065,30065,Montana,Musselshell,2020,4748.0,27.0,38.0,568.66,800.34
30,067,30067,Montana,Park,2020,17229.0,11.0,43.0,63.85,249.58
30,071,30071,Montana,Phillips,2020,4208.0,21.0,37.0,499.05,879.28
30,073,30073,Montana,Pondera,2020,5883.0,6.0,9.0,101.99,152.98
30,075,30075,Montana,Powder River,2020,1694.0,0.0,0.0,0.0,0.0
30,077,30077,Montana,Powell,2020,6941.0,,15.0,,216.11
30,079,30079,Montana,Prairie,2020,1094.0,11.0,2.0,1005.48,182.82
30,081,30081,Montana,Ravalli,2020,44412.0,101.0,350.0,227.42,788.08
30,083,30083,Montana,Richland,2020,11527.0,14.0,28.0,121.45,242.91
30,085,30085,Montana,Roosevelt,2020,10808.0,53.0,61.0,490.38,564.4
30,087,30087,Montana,Rosebud,2020,8309.0,4.0,12.0,48.14,144.42
30,089,30089,Montana,Sanders,2020,12454.0,7.0,52.0,56.21,417.54
30,091,30091,Montana,Sheridan,2020,3540.0,10.0,39.0,282.49,1101.69
30,097,30097,Montana,Sweet Grass,2020,3674.0,20.0,36.0,544.37,979.86
30,099,30099,Montana,Teton,2020,6252.0,13.0,31.0,207.93,495.84
30,101,30101,Montana,Toole,2020,4967.0,41.0,45.0,825.45,905.98
30,105,30105,Montana,Valley,2020,7564.0,14.0,38.0,185.09,502.38
30,107,30107,Montana,Wheatland,2020,2075.0,2.0,1.0,96.39,48.19
30,109,30109,Montana,Wibaux,2020,936.0,1.0,0.0,106.84,0.0
31,025,31025,Nebraska,Cass,2020,26610.0,22.0,182.0,82.68,683.95
31,051,31051,Nebraska,Dixon,2020,5581.0,5.0,26.0,89.59,465.87
31,055,31055,Nebraska,Douglas,2020,585428.0,78.0,507.0,13.32,86.6
31,079,31079,Nebraska,Hall,2020,62767.0,31.0,101.0,49.39,160.91
31,155,31155,Nebraska,Saunders,2020,22365.0,12.0,49.0,53.66,219.09
31,177,31177,Nebraska,Washington,2020,20932.0,4.0,50.0,19.11,238.87
31,001,31001,Nebraska,Adams,2020,31176.0,11.0,82.0,35.28,263.02
31,011,31011,Nebraska,Boone,2020,5361.0,3.0,19.0,55.96,354.41
31,013,31013,Nebraska,Box Butte,2020,10821.0,1.0,9.0,9.24,83.17
31,019,31019,Nebraska,Buffalo,2020,50197.0,19.0,110.0,37.85,219.14
31,033,31033,Nebraska,Cheyenne,2020,9488.0,9.0,11.0,94.86,115.94
31,041,31041,Nebraska,Custer,2020,10496.0,0.0,20.0,0.0,190.55
31,045,31045,Nebraska,Dawes,2020,8157.0,0.0,5.0,0.0,61.3
31,059,31059,Nebraska,Fillmore,2020,5567.0,8.0,12.0,143.7,215.56
31,061,31061,Nebraska,Franklin,2020,2885.0,0.0,18.0,0.0,623.92
31,063,31063,Nebraska,Frontier,2020,2506.0,5.0,28.0,199.52,1117.32
31,067,31067,Nebraska,Gage,2020,21661.0,20.0,37.0,92.33,170.81
31,073,31073,Nebraska,Gosper,2020,1895.0,2.0,11.0,105.54,580.47
31,097,31097,Nebraska,Johnson,2020,5292.0,11.0,17.0,207.86,321.24
31,099,31099,Nebraska,Kearney,2020,6690.0,9.0,29.0,134.53,433.48
31,101,31101,Nebraska,Keith,2020,8323.0,5.0,20.0,60.07,240.3
31,103,31103,Nebraska,Keya Paha,2020,760.0,0.0,0.0,0.0,0.0
31,107,31107,Nebraska,Knox,2020,8377.0,0.0,29.0,0.0,346.19
31,111,31111,Nebraska,Lincoln,2020,34534.0,11.0,82.0,31.85,237.45
31,119,31119,Nebraska,Madison,2020,35533.0,11.0,15.0,30.96,42.21
31,127,31127,Nebraska,Nemaha,2020,7086.0,7.0,29.0,98.79,409.26
31,133,31133,Nebraska,Pawnee,2020,2536.0,3.0,21.0,118.3,828.08
31,135,31135,Nebraska,Perkins,2020,2859.0,4.0,20.0,139.91,699.55
31,137,31137,Nebraska,Phelps,2020,8978.0,7.0,22.0,77.97,245.04
31,151,31151,Nebraska,Saline,2020,14716.0,12.0,23.0,81.54,156.29
31,169,31169,Nebraska,Thayer,2020,5022.0,9.0,19.0,179.21,378.34
31,175,31175,Nebraska,Valley,2020,4058.0,3.0,4.0,73.93,98.57
31,179,31179,Nebraska,Wayne,2020,9705.0,3.0,16.0,30.91,164.86
32,510,32510,Nevada,Carson City,2020,58688.0,216.0,617.0,368.05,1051.32
32,029,32029,Nevada,Storey,2020,4108.0,36.0,86.0,876.34,2093.48
32,031,32031,Nevada,Washoe,2020,487728.0,241.0,722.0,49.41,148.03
32,001,32001,Nevada,Churchill,2020,25570.0,26.0,175.0,101.68,684.4
32,005,32005,Nevada,Douglas,2020,49525.0,54.0,531.0,109.04,1072.19
32,007,32007,Nevada,Elko,2020,53677.0,86.0,192.0,160.22,357.7
32,013,32013,Nevada,Humboldt,2020,17270.0,28.0,68.0,162.13,393.75
32,015,32015,Nevada,Lander,2020,5723.0,50.0,88.0,873.67,1537.66
32,017,32017,Nevada,Lincoln,2020,4435.0,1.0,36.0,22.55,811.72
32,019,32019,Nevada,Lyon,2020,59464.0,153.0,521.0,257.3,876.16
32,023,32023,Nevada,Nye,2020,51986.0,168.0,677.0,323.16,1302.27
32,027,32027,Nevada,Pershing,2020,6635.0,49.0,27.0,738.51,406.93
32,033,32033,Nevada,White Pine,2020,9068.0,26.0,81.0,286.72,893.25
33,017,33017,New Hampshire,Strafford,2020,131084.0,1.0,0.0,0.76,0.0
33,003,33003,New Hampshire,Carroll,2020,50251.0,3.0,51.0,5.97,101.49
33,005,33005,New Hampshire,Cheshire,2020,76541.0,2.0,8.0,2.61,10.45
33,009,33009,New Hampshire,Grafton,2020,91193.0,8.0,1.0,8.77,1.1
33,013,33013,New Hampshire,Merrimack,2020,154061.0,0.0,0.0,0.0,0.0
34,001,34001,New Jersey,Atlantic,2020,274192.0,0.0,0.0,0.0,0.0
34,003,34003,New Jersey,Bergen,2020,953848.0,0.0,0.0,0.0,0.0
34,005,34005,New Jersey,Burlington,2020,461700.0,0.0,0.0,0.0,0.0
34,007,34007,New Jersey,Camden,2020,523239.0,2.0,11.0,0.38,2.1
34,009,34009,New Jersey,Cape May,2020,95029.0,0.0,0.0,0.0,0.0
34,011,34011,New Jersey,Cumberland,2020,153733.0,0.0,0.0,0.0,0.0
34,013,34013,New Jersey,Essex,2020,859934.0,90.0,108.0,10.47,12.56
34,015,34015,New Jersey,Gloucester,2020,302564.0,0.0,0.0,0.0,0.0
34,017,34017,New Jersey,Hudson,2020,721800.0,0.0,0.0,0.0,0.0
34,019,34019,New Jersey,Hunterdon,2020,128773.0,0.0,0.0,0.0,0.0
34,021,34021,New Jersey,Mercer,2020,386434.0,4.0,4.0,1.04,1.04
34,023,34023,New Jersey,Middlesex,2020,861248.0,0.0,0.0,0.0,0.0
34,025,34025,New Jersey,Monmouth,2020,642385.0,3.0,0.0,0.47,0.0
34,027,34027,New Jersey,Morris,2020,508211.0,0.0,0.0,0.0,0.0
34,029,34029,New Jersey,Ocean,2020,638143.0,2.0,2.0,0.31,0.31
34,031,34031,New Jersey,Passaic,2020,523156.0,0.0,0.0,0.0,0.0
34,033,34033,New Jersey,Salem,2020,64781.0,0.0,0.0,0.0,0.0
34,035,34035,New Jersey,Somerset,2020,344516.0,2.0,0.0,0.58,0.0
34,037,34037,New Jersey,Sussex,2020,143877.0,0.0,0.0,0.0,0.0
34,039,34039,New Jersey,Union,2020,573482.0,0.0,0.0,0.0,0.0
34,041,34041,New Jersey,Warren,2020,109431.0,0.0,0.0,0.0,0.0
35,013,35013,New Mexico,Dona Ana,2020,220059.0,305.0,978.0,138.6,444.43
35,045,35045,New Mexico,San Juan,2020,121384.0,186.0,358.0,153.23,294.93
35,061,35061,New Mexico,Valencia,2020,76495.0,178.0,601.0,232.69,785.67
35,009,35009,New Mexico,Curry,2020,48372.0,16.0,104.0,33.08,215.0
35,015,35015,New Mexico,Eddy,2020,62344.0,73.0,544.0,117.09,872.58
36,001,36001,New York,Albany,2020,314293.0,12.0,111.0,3.82,35.32
36,007,36007,New York,Broome,2020,198145.0,34.0,460.0,17.16,232.15
36,015,36015,New York,Chemung,2020,83652.0,9.0,172.0,10.76,205.61
36,027,36027,New York,Dutchess,2020,296309.0,34.0,376.0,11.47,126.89
36,029,36029,New York,Erie,2020,952491.0,52.0,570.0,5.46,59.84
36,043,36043,New York,Herkimer,2020,60043.0,0.0,0.0,0.0,0.0
36,045,36045,New York,Jefferson,2020,116075.0,10.0,190.0,8.62,163.69
36,053,36053,New York,Madison,2020,67942.0,20.0,98.0,29.44,144.24
36,055,36055,New York,Monroe,2020,758384.0,134.0,2014.0,17.67,265.56
36,059,36059,New York,Nassau,2020,1390952.0,1304.0,8572.0,93.75,616.27
36,063,36063,New York,Niagara,2020,212118.0,28.0,536.0,13.2,252.69
36,065,36065,New York,Oneida,2020,231265.0,47.0,245.0,20.32,105.94
36,067,36067,New York,Onondaga,2020,475429.0,219.0,1686.0,46.06,354.63
36,069,36069,New York,Ontario,2020,112467.0,58.0,705.0,51.57,626.85
36,071,36071,New York,Orange,2020,400973.0,2.0,15.0,0.5,3.74
36,075,36075,New York,Oswego,2020,117437.0,35.0,256.0,29.8,217.99
36,079,36079,New York,Putnam,2020,97636.0,12.0,117.0,12.29,119.83
36,083,36083,New York,Rensselaer,2020,160889.0,20.0,147.0,12.43,91.37
36,093,36093,New York,Schenectady,2020,157874.0,4.0,10.0,2.53,6.33
36,095,36095,New York,Schoharie,2020,29758.0,4.0,37.0,13.44,124.34
36,103,36103,New York,Suffolk,2020,1521964.0,18.0,0.0,1.18,0.0
,,,New York,Suffolk County Police Department,2020,1521964.0,1118.0,14907.0,73.46,979.46
36,107,36107,New York,Tioga,2020,48352.0,14.0,118.0,28.95,244.04
36,109,36109,New York,Tompkins,2020,105508.0,27.0,242.0,25.59,229.37
36,111,36111,New York,Ulster,2020,181304.0,5.0,115.0,2.76,63.43
36,113,36113,New York,Warren,2020,65597.0,32.0,304.0,48.78,463.44
36,119,36119,New York,Westchester Public Safety,2020,1001451.0,15.0,150.0,1.5,14.98
36,123,36123,New York,Yates,2020,24735.0,10.0,123.0,40.43,497.27
36,003,36003,New York,Allegany,2020,46385.0,0.0,1.0,0.0,2.16
36,021,36021,New York,Columbia,2020,61468.0,26.0,253.0,42.3,411.6
36,025,36025,New York,Delaware,2020,44215.0,30.0,159.0,67.85,359.61
36,031,36031,New York,Essex,2020,37275.0,1.0,1.0,2.68,2.68
36,035,36035,New York,Fulton,2020,53084.0,13.0,243.0,24.49,457.77
36,037,36037,New York,Genesee,2020,58299.0,26.0,231.0,44.6,396.23
36,039,36039,New York,Greene,2020,47743.0,11.0,23.0,23.04,48.17
36,041,36041,New York,Hamilton,2020,5073.0,0.0,10.0,0.0,197.12
36,057,36057,New York,Montgomery,2020,49499.0,6.0,238.0,12.12,480.82
36,097,36097,New York,Schuyler,2020,17863.0,6.0,9.0,33.59,50.38
36,099,36099,New York,Seneca,2020,33445.0,7.0,81.0,20.93,242.19
36,101,36101,New York,Steuben,2020,93371.0,10.0,73.0,10.71,78.18
36,089,36089,New York,St. Lawrence,2020,108182.0,8.0,19.0,7.39,17.56
36,105,36105,New York,Sullivan,2020,78461.0,23.0,222.0,29.31,282.94
36,121,36121,New York,Wyoming,2020,40264.0,20.0,128.0,49.67,317.9
37,001,37001,North Carolina,Alamance,2020,171624.0,147.0,576.0,85.65,335.62
37,003,37003,North Carolina,Alexander,2020,36406.0,60.0,429.0,164.81,1178.38
37,007,37007,North Carolina,Anson,2020,22233.0,35.0,209.0,157.42,940.04
37,021,37021,North Carolina,Buncombe,2020,269703.0,216.0,1808.0,80.09,670.37
37,025,37025,North Carolina,Cabarrus,2020,227240.0,52.0,675.0,22.88,297.04
37,027,37027,North Carolina,Caldwell,2020,80582.0,60.0,950.0,74.46,1178.92
37,029,37029,North Carolina,Camden,2020,10405.0,13.0,53.0,124.94,509.37
37,035,37035,North Carolina,Catawba,2020,160892.0,150.0,1050.0,93.23,652.61
37,049,37049,North Carolina,Craven,2020,101514.0,142.0,767.0,139.88,755.56
37,053,37053,North Carolina,Currituck,2020,28405.0,70.0,283.0,246.44,996.3
37,057,37057,North Carolina,Davidson,2020,169029.0,83.0,1305.0,49.1,772.06
37,063,37063,North Carolina,Durham,2020,322465.0,101.0,622.0,31.32,192.89
37,065,37065,North Carolina,Edgecombe,2020,48781.0,140.0,346.0,287.0,709.29
37,067,37067,North Carolina,Forsyth,2020,382618.0,254.0,1568.0,66.38,409.81
37,069,37069,North Carolina,Franklin,2020,69029.0,106.0,531.0,153.56,769.24
37,071,37071,North Carolina,Gaston,2020,228640.0,18.0,4.0,7.87,1.75
,,,North Carolina,Gaston County Police Department,2020,228640.0,229.0,1075.0,100.16,470.17
37,073,37073,North Carolina,Gates,2020,10450.0,16.0,89.0,153.11,851.67
37,077,37077,North Carolina,Granville,2020,60178.0,41.0,287.0,68.13,476.92
37,081,37081,North Carolina,Guilford,2020,538726.0,227.0,988.0,42.14,183.4
37,085,37085,North Carolina,Harnett,2020,133716.0,229.0,1552.0,171.26,1160.67
37,087,37087,North Carolina,Haywood,2020,62219.0,77.0,831.0,123.76,1335.6
37,097,37097,North Carolina,Iredell,2020,187676.0,140.0,793.0,74.6,422.54
37,101,37101,North Carolina,Johnston,2020,217450.0,136.0,1471.0,62.54,676.48
37,109,37109,North Carolina,Lincoln,2020,87153.0,143.0,1003.0,164.08,1150.85
37,115,37115,North Carolina,Madison,2020,21292.0,16.0,164.0,75.15,770.24
37,129,37129,North Carolina,New Hanover,2020,226449.0,143.0,1304.0,63.15,575.85
37,133,37133,North Carolina,Onslow,2020,204984.0,162.0,1427.0,79.03,696.15
37,135,37135,North Carolina,Orange,2020,143748.0,65.0,414.0,45.22,288.0
37,137,37137,North Carolina,Pamlico,2020,12308.0,26.0,196.0,211.24,1592.46
37,145,37145,North Carolina,Person,2020,39184.0,54.0,303.0,137.81,773.27
37,147,37147,North Carolina,Pitt,2020,173642.0,177.0,765.0,101.93,440.56
37,157,37157,North Carolina,Rockingham,2020,91201.0,81.0,639.0,88.81,700.65
37,159,37159,North Carolina,Rowan,2020,146893.0,185.0,1100.0,125.94,748.84
37,179,37179,North Carolina,Union,2020,239615.0,206.0,1850.0,85.97,772.07
37,183,37183,North Carolina,Wake,2020,1130903.0,254.0,1258.0,22.46,111.24
37,191,37191,North Carolina,Wayne,2020,117758.0,176.0,1145.0,149.46,972.33
37,197,37197,North Carolina,Yadkin,2020,37250.0,46.0,456.0,123.49,1224.16
37,009,37009,North Carolina,Ashe,2020,26585.0,36.0,200.0,135.41,752.3
37,011,37011,North Carolina,Avery,2020,17918.0,25.0,124.0,139.52,692.04
37,015,37015,North Carolina,Bertie,2020,17722.0,7.0,43.0,39.5,242.64
37,017,37017,North Carolina,Bladen,2020,29628.0,137.0,498.0,462.4,1680.84
37,031,37031,North Carolina,Carteret,2020,67692.0,85.0,604.0,125.57,892.28
37,033,37033,North Carolina,Caswell,2020,22476.0,18.0,121.0,80.09,538.35
37,039,37039,North Carolina,Cherokee,2020,28866.0,72.0,949.0,249.43,3287.6
37,041,37041,North Carolina,Chowan,2020,13702.0,19.0,87.0,138.67,634.94
37,045,37045,North Carolina,Cleveland,2020,99926.0,138.0,690.0,138.1,690.51
37,055,37055,North Carolina,Dare,2020,37036.0,23.0,261.0,62.1,704.72
37,061,37061,North Carolina,Duplin,2020,48660.0,77.0,851.0,158.24,1748.87
37,079,37079,North Carolina,Greene,2020,20441.0,49.0,234.0,239.71,1144.76
37,091,37091,North Carolina,Hertford,2020,21414.0,22.0,146.0,102.74,681.8
37,099,37099,North Carolina,Jackson,2020,42142.0,95.0,886.0,225.43,2102.42
37,111,37111,North Carolina,McDowell,2020,44554.0,65.0,666.0,145.89,1494.82
37,121,37121,North Carolina,Mitchell,2020,14901.0,7.0,33.0,46.98,221.46
37,123,37123,North Carolina,Montgomery,2020,25700.0,49.0,247.0,190.66,961.09
37,125,37125,North Carolina,Moore,2020,100295.0,58.0,595.0,57.83,593.25
37,139,37139,North Carolina,Pasquotank,2020,40400.0,88.0,266.0,217.82,658.42
37,149,37149,North Carolina,Polk,2020,19378.0,15.0,218.0,77.41,1124.99
37,153,37153,North Carolina,Richmond,2020,42729.0,188.0,1059.0,439.98,2478.41
37,155,37155,North Carolina,Robeson,2020,115980.0,1035.0,2412.0,892.4,2079.67
37,163,37163,North Carolina,Sampson,2020,59078.0,140.0,767.0,236.97,1298.28
37,165,37165,North Carolina,Scotland,2020,33413.0,42.0,190.0,125.7,568.64
37,167,37167,North Carolina,Stanly,2020,62666.0,47.0,389.0,75.0,620.75
37,171,37171,North Carolina,Surry,2020,71386.0,97.0,778.0,135.88,1089.85
37,173,37173,North Carolina,Swain,2020,14107.0,36.0,310.0,255.19,2197.49
37,175,37175,North Carolina,Transylvania,2020,33255.0,37.0,214.0,111.26,643.51
37,181,37181,North Carolina,Vance,2020,42554.0,199.0,465.0,467.64,1092.73
37,189,37189,North Carolina,Watauga,2020,54466.0,20.0,185.0,36.72,339.66
37,193,37193,North Carolina,Wilkes,2020,65871.0,134.0,659.0,203.43,1000.44
37,195,37195,North Carolina,Wilson,2020,79816.0,44.0,291.0,55.13,364.59
37,199,37199,North Carolina,Yancey,2020,18492.0,12.0,187.0,64.89,1011.25
38,015,38015,North Dakota,Burleigh,2020,98593.0,28.0,121.0,28.4,122.73
38,017,38017,North Dakota,Cass,2020,184897.0,17.0,152.0,9.19,82.21
38,035,38035,North Dakota,Grand Forks,2020,73142.0,16.0,91.0,21.88,124.42
38,059,38059,North Dakota,Morton,2020,33324.0,5.0,84.0,15.0,252.07
38,065,38065,North Dakota,Oliver,2020,1866.0,0.0,3.0,0.0,160.77
38,001,38001,North Dakota,Adams,2020,2194.0,1.0,19.0,45.58,866.0
38,003,38003,North Dakota,Barnes,2020,10863.0,6.0,25.0,55.23,230.14
38,005,38005,North Dakota,Benson,2020,5940.0,1.0,11.0,16.84,185.19
38,007,38007,North Dakota,Billings,2020,930.0,1.0,3.0,107.53,322.58
38,009,38009,North Dakota,Bottineau,2020,6385.0,3.0,56.0,46.99,877.06
38,011,38011,North Dakota,Bowman,2020,2973.0,0.0,4.0,0.0,134.54
38,013,38013,North Dakota,Burke,2020,2191.0,1.0,0.0,45.64,0.0
38,019,38019,North Dakota,Cavalier,2020,3697.0,4.0,17.0,108.2,459.83
38,021,38021,North Dakota,Dickey,2020,4972.0,0.0,6.0,0.0,120.68
38,023,38023,North Dakota,Divide,2020,2202.0,2.0,19.0,90.83,862.85
38,025,38025,North Dakota,Dunn,2020,4093.0,0.0,8.0,0.0,195.46
38,027,38027,North Dakota,Eddy,2020,2326.0,0.0,17.0,0.0,730.87
38,029,38029,North Dakota,Emmons,2020,3295.0,2.0,44.0,60.7,1335.36
38,031,38031,North Dakota,Foster,2020,3384.0,0.0,6.0,0.0,177.3
38,033,38033,North Dakota,Golden Valley,2020,1725.0,3.0,3.0,173.91,173.91
38,037,38037,North Dakota,Grant,2020,2285.0,0.0,8.0,0.0,350.11
38,039,38039,North Dakota,Griggs,2020,2297.0,0.0,12.0,0.0,522.42
38,041,38041,North Dakota,Hettinger,2020,2483.0,4.0,17.0,161.1,684.66
38,043,38043,North Dakota,Kidder,2020,2381.0,0.0,6.0,0.0,251.99
38,045,38045,North Dakota,Lamoure,2020,4095.0,1.0,8.0,24.42,195.36
38,047,38047,North Dakota,Logan,2020,1883.0,0.0,11.0,0.0,584.17
38,049,38049,North Dakota,McHenry,2020,5336.0,24.0,40.0,449.78,749.63
38,051,38051,North Dakota,McIntosh,2020,2514.0,0.0,4.0,0.0,159.11
38,053,38053,North Dakota,McKenzie,2020,14778.0,25.0,116.0,169.17,784.95
38,055,38055,North Dakota,McLean,2020,9763.0,5.0,91.0,51.21,932.09
38,057,38057,North Dakota,Mercer,2020,8349.0,2.0,30.0,23.95,359.32
38,061,38061,North Dakota,Mountrail,2020,9808.0,3.0,72.0,30.59,734.09
38,063,38063,North Dakota,Nelson,2020,2993.0,0.0,25.0,0.0,835.28
38,067,38067,North Dakota,Pembina,2020,6827.0,6.0,42.0,87.89,615.2
38,069,38069,North Dakota,Pierce,2020,3981.0,3.0,22.0,75.36,552.62
38,071,38071,North Dakota,Ramsey,2020,11574.0,3.0,23.0,25.92,198.72
38,073,38073,North Dakota,Ransom,2020,5700.0,2.0,30.0,35.09,526.32
38,075,38075,North Dakota,Renville,2020,2266.0,3.0,11.0,132.39,485.44
38,077,38077,North Dakota,Richland,2020,16538.0,7.0,91.0,42.33,550.25
38,079,38079,North Dakota,Rolette,2020,12185.0,5.0,9.0,41.03,73.86
38,081,38081,North Dakota,Sargent,2020,3840.0,2.0,11.0,52.08,286.46
38,083,38083,North Dakota,Sheridan,2020,1262.0,0.0,4.0,0.0,316.96
38,085,38085,North Dakota,Sioux,2020,3876.0,0.0,0.0,0.0,0.0
38,087,38087,North Dakota,Slope,2020,697.0,0.0,0.0,0.0,0.0
38,089,38089,North Dakota,Stark,2020,33831.0,3.0,76.0,8.87,224.65
38,091,38091,North Dakota,Steele,2020,1798.0,0.0,4.0,0.0,222.47
38,093,38093,North Dakota,Stutsman,2020,21544.0,4.0,53.0,18.57,246.01
38,095,38095,North Dakota,Towner,2020,2147.0,2.0,23.0,93.15,1071.26
38,097,38097,North Dakota,Traill,2020,7984.0,1.0,24.0,12.53,300.6
38,099,38099,North Dakota,Walsh,2020,10532.0,6.0,78.0,56.97,740.6
38,101,38101,North Dakota,Ward,2020,69920.0,45.0,123.0,64.36,175.92
38,105,38105,North Dakota,Williams,2020,41190.0,9.0,138.0,21.85,335.03
,,,Ohio,"Allen4,",2020,,,523.0,,
39,013,39013,Ohio,Belmont,2020,66285.0,51.0,152.0,76.94,229.31
39,019,39019,Ohio,Carroll,2020,26761.0,6.0,63.0,22.42,235.42
39,023,39023,Ohio,Clark,2020,135888.0,53.0,713.0,39.0,524.7
39,025,39025,Ohio,Clermont,2020,208751.0,82.0,838.0,39.28,401.44
39,041,39041,Ohio,Delaware,2020,215181.0,45.0,874.0,20.91,406.17
39,045,39045,Ohio,Fairfield,2020,159451.0,56.0,930.0,35.12,583.25
39,051,39051,Ohio,Fulton,2020,42647.0,10.0,176.0,23.45,412.69
39,057,39057,Ohio,Greene,2020,168141.0,40.0,349.0,23.79,207.56
39,073,39073,Ohio,Hocking,2020,28040.0,29.0,321.0,103.42,1144.79
39,081,39081,Ohio,Jefferson,2020,65159.0,18.0,56.0,27.62,85.94
39,085,39085,Ohio,Lake,2020,232517.0,275.0,282.0,118.27,121.28
39,087,39087,Ohio,Lawrence,2020,58146.0,66.0,377.0,113.51,648.37
39,089,39089,Ohio,Licking,2020,178786.0,67.0,692.0,37.47,387.05
39,093,39093,Ohio,Lorain,2020,313514.0,68.0,448.0,21.69,142.9
39,095,39095,Ohio,Lucas,2020,430831.0,83.0,609.0,19.27,141.35
39,097,39097,Ohio,Madison,2020,43864.0,23.0,225.0,52.43,512.95
39,099,39099,Ohio,Mahoning,2020,228006.0,5.0,56.0,2.19,24.56
39,103,39103,Ohio,Medina,2020,182636.0,12.0,277.0,6.57,151.67
39,109,39109,Ohio,Miami,2020,108974.0,28.0,325.0,25.69,298.24
39,113,39113,Ohio,Montgomery,2020,537115.0,305.0,968.0,56.78,180.22
39,117,39117,Ohio,Morrow,2020,34996.0,25.0,67.0,71.44,191.45
39,127,39127,Ohio,Perry,2020,35459.0,4.0,49.0,11.28,138.19
39,129,39129,Ohio,Pickaway,2020,58659.0,28.0,579.0,47.73,987.06
39,139,39139,Ohio,Richland,2020,124969.0,67.0,607.0,53.61,485.72
39,151,39151,Ohio,Stark,2020,374476.0,131.0,1634.0,34.98,436.34
39,153,39153,Ohio,Summit,2020,539833.0,86.0,988.0,15.93,183.02
39,155,39155,Ohio,Trumbull,2020,201664.0,21.0,181.0,10.41,89.75
39,159,39159,Ohio,Union,2020,63069.0,31.0,179.0,49.15,283.82
39,173,39173,Ohio,Wood,2020,132246.0,29.0,234.0,21.93,176.94
39,001,39001,Ohio,Adams,2020,27451.0,6.0,156.0,21.86,568.29
39,005,39005,Ohio,Ashland,2020,52485.0,28.0,105.0,53.35,200.06
39,007,39007,Ohio,Ashtabula,2020,97497.0,43.0,417.0,44.1,427.71
39,009,39009,Ohio,Athens,2020,62386.0,14.0,342.0,22.44,548.2
39,011,39011,Ohio,Auglaize,2020,46466.0,6.0,57.0,12.91,122.67
39,021,39021,Ohio,Champaign,2020,38741.0,20.0,173.0,51.62,446.56
39,027,39027,Ohio,Clinton,2020,42035.0,16.0,79.0,38.06,187.94
39,029,39029,Ohio,Columbiana,2020,101661.0,32.0,306.0,31.48,301.0
39,031,39031,Ohio,Coshocton,2020,36590.0,72.0,472.0,196.78,1289.97
39,033,39033,Ohio,Crawford,2020,42013.0,6.0,79.0,14.28,188.04
39,039,39039,Ohio,Defiance,2020,38268.0,10.0,96.0,26.13,250.86
39,043,39043,Ohio,Erie,2020,75471.0,8.0,139.0,10.6,184.18
39,047,39047,Ohio,Fayette,2020,28969.0,25.0,277.0,86.3,956.19
39,053,39053,Ohio,Gallia,2020,29226.0,20.0,264.0,68.43,903.31
39,063,39063,Ohio,Hancock,2020,74939.0,31.0,190.0,41.37,253.54
39,065,39065,Ohio,Hardin,2020,30724.0,13.0,60.0,42.31,195.29
39,067,39067,Ohio,Harrison,2020,14498.0,8.0,33.0,55.18,227.62
39,069,39069,Ohio,Henry,2020,27663.0,17.0,142.0,61.45,513.32
39,071,39071,Ohio,Highland,2020,43363.0,43.0,330.0,99.16,761.02
39,079,39079,Ohio,Jackson,2020,32671.0,41.0,183.0,125.49,560.13
39,091,39091,Ohio,Logan,2020,46117.0,27.0,135.0,58.55,292.73
39,105,39105,Ohio,Meigs,2020,22168.0,22.0,245.0,99.24,1105.2
39,107,39107,Ohio,Mercer,2020,42534.0,6.0,49.0,14.11,115.2
39,111,39111,Ohio,Monroe,2020,13350.0,10.0,27.0,74.91,202.25
39,115,39115,Ohio,Morgan,2020,13756.0,34.0,107.0,247.16,777.84
39,119,39119,Ohio,Muskingum,2020,86449.0,110.0,607.0,127.24,702.15
39,125,39125,Ohio,Paulding,2020,18809.0,11.0,159.0,58.48,845.34
39,131,39131,Ohio,Pike,2020,27064.0,55.0,536.0,203.22,1980.49
39,135,39135,Ohio,Preble,2020,41007.0,13.0,173.0,31.7,421.88
39,137,39137,Ohio,Putnam,2020,34392.0,21.0,79.0,61.06,229.7
39,141,39141,Ohio,Ross,2020,77067.0,106.0,1183.0,137.54,1535.03
39,145,39145,Ohio,Scioto,2020,73849.0,36.0,531.0,48.75,719.03
39,149,39149,Ohio,Shelby,2020,48158.0,4.0,126.0,8.31,261.64
39,157,39157,Ohio,Tuscarawas,2020,93205.0,40.0,260.0,42.92,278.95
39,161,39161,Ohio,Van Wert,2020,28922.0,20.0,81.0,69.15,280.06
39,163,39163,Ohio,Vinton,2020,12803.0,9.0,85.0,70.3,663.91
39,167,39167,Ohio,Washington,2020,59657.0,16.0,213.0,26.82,357.04
40,017,40017,Oklahoma,Canadian,2020,155435.0,21.0,138.0,13.51,88.78
40,027,40027,Oklahoma,Cleveland,2020,296253.0,43.0,213.0,14.51,71.9
40,031,40031,Oklahoma,Comanche,2020,121150.0,13.0,130.0,10.73,107.3
40,033,40033,Oklahoma,Cotton,2020,5540.0,9.0,23.0,162.45,415.16
40,037,40037,Oklahoma,Creek,2020,71843.0,52.0,360.0,72.38,501.09
40,047,40047,Oklahoma,Garfield,2020,62699.0,14.0,116.0,22.33,185.01
40,051,40051,Oklahoma,Grady,2020,54889.0,37.0,277.0,67.41,504.65
40,081,40081,Oklahoma,Lincoln,2020,33515.0,55.0,325.0,164.11,969.72
40,083,40083,Oklahoma,Logan,2020,49753.0,45.0,410.0,90.45,824.07
40,087,40087,Oklahoma,McClain,2020,41922.0,32.0,235.0,76.33,560.56
40,109,40109,Oklahoma,Oklahoma,2020,798252.0,45.0,189.0,5.64,23.68
40,111,40111,Oklahoma,Okmulgee,2020,36688.0,41.0,158.0,111.75,430.66
40,113,40113,Oklahoma,Osage,2020,45799.0,42.0,321.0,91.71,700.89
40,117,40117,Oklahoma,Pawnee,2020,15553.0,30.0,125.0,192.89,803.7
40,131,40131,Oklahoma,Rogers,2020,95395.0,128.0,410.0,134.18,429.79
40,135,40135,Oklahoma,Sequoyah,2020,39239.0,61.0,230.0,155.46,586.15
40,143,40143,Oklahoma,Tulsa,2020,670681.0,203.0,954.0,30.27,142.24
40,145,40145,Oklahoma,Wagoner,2020,81390.0,78.0,317.0,95.83,389.48
40,001,40001,Oklahoma,Adair,2020,19449.0,31.0,132.0,159.39,678.7
40,003,40003,Oklahoma,Alfalfa,2020,5713.0,2.0,39.0,35.01,682.65
40,005,40005,Oklahoma,Atoka,2020,14164.0,7.0,45.0,49.42,317.71
40,007,40007,Oklahoma,Beaver,2020,5028.0,4.0,27.0,79.55,536.99
40,009,40009,Oklahoma,Beckham,2020,22326.0,9.0,80.0,40.31,358.33
40,011,40011,Oklahoma,Blaine,2020,8704.0,14.0,86.0,160.85,988.05
40,013,40013,Oklahoma,Bryan,2020,46326.0,39.0,235.0,84.19,507.27
40,015,40015,Oklahoma,Caddo,2020,26903.0,16.0,129.0,59.47,479.5
40,019,40019,Oklahoma,Carter,2020,48040.0,23.0,179.0,47.88,372.61
40,021,40021,Oklahoma,Cherokee,2020,47085.0,77.0,454.0,163.53,964.21
40,023,40023,Oklahoma,Choctaw,2020,14205.0,47.0,72.0,330.87,506.86
40,025,40025,Oklahoma,Cimarron,2020,2287.0,1.0,9.0,43.73,393.53
40,029,40029,Oklahoma,Coal,2020,5276.0,6.0,15.0,113.72,284.31
40,035,40035,Oklahoma,Craig,2020,14147.0,15.0,108.0,106.03,763.41
40,039,40039,Oklahoma,Custer,2020,28448.0,6.0,97.0,21.09,340.97
40,041,40041,Oklahoma,Delaware,2020,40381.0,54.0,336.0,133.73,832.07
40,043,40043,Oklahoma,Dewey,2020,4476.0,14.0,41.0,312.78,916.0
40,045,40045,Oklahoma,Ellis,2020,3742.0,8.0,70.0,213.79,1870.66
40,049,40049,Oklahoma,Garvin,2020,25648.0,33.0,242.0,128.67,943.54
40,053,40053,Oklahoma,Grant,2020,4186.0,5.0,42.0,119.45,1003.34
40,057,40057,Oklahoma,Harmon,2020,2476.0,1.0,15.0,40.39,605.82
40,059,40059,Oklahoma,Harper,2020,3246.0,2.0,7.0,61.61,215.65
40,061,40061,Oklahoma,Haskell,2020,11553.0,7.0,73.0,60.59,631.87
40,063,40063,Oklahoma,Hughes,2020,13348.0,12.0,108.0,89.9,809.11
40,065,40065,Oklahoma,Jackson,2020,24735.0,9.0,32.0,36.39,129.37
40,067,40067,Oklahoma,Jefferson,2020,5315.0,2.0,18.0,37.63,338.66
40,069,40069,Oklahoma,Johnston,2020,10242.0,25.0,45.0,244.09,439.37
40,071,40071,Oklahoma,Kay,2020,43605.0,19.0,135.0,43.57,309.6
40,073,40073,Oklahoma,Kingfisher,2020,15170.0,8.0,60.0,52.74,395.52
40,075,40075,Oklahoma,Kiowa,2020,8496.0,4.0,16.0,47.08,188.32
40,077,40077,Oklahoma,Latimer,2020,9477.0,12.0,87.0,126.62,918.01
40,079,40079,Oklahoma,Le Flore,2020,48209.0,51.0,237.0,105.79,491.61
40,085,40085,Oklahoma,Love,2020,10159.0,12.0,119.0,118.12,1171.38
40,093,40093,Oklahoma,Major,2020,7747.0,7.0,45.0,90.36,580.87
40,095,40095,Oklahoma,Marshall,2020,15340.0,7.0,192.0,45.63,1251.63
40,097,40097,Oklahoma,Mayes,2020,39054.0,74.0,347.0,189.48,888.51
40,089,40089,Oklahoma,McCurtain,2020,30844.0,58.0,319.0,188.04,1034.24
40,091,40091,Oklahoma,McIntosh,2020,18948.0,37.0,212.0,195.27,1118.85
40,099,40099,Oklahoma,Murray,2020,13873.0,4.0,23.0,28.83,165.79
40,101,40101,Oklahoma,Muskogee,2020,66222.0,58.0,235.0,87.58,354.87
40,103,40103,Oklahoma,Noble,2020,10925.0,10.0,61.0,91.53,558.35
40,105,40105,Oklahoma,Nowata,2020,9323.0,5.0,37.0,53.63,396.87
40,107,40107,Oklahoma,Okfuskee,2020,11272.0,14.0,93.0,124.2,825.05
40,115,40115,Oklahoma,Ottawa,2020,30240.0,26.0,174.0,85.98,575.4
40,119,40119,Oklahoma,Payne,2020,81647.0,38.0,251.0,46.54,307.42
40,121,40121,Oklahoma,Pittsburg,2020,43792.0,73.0,376.0,166.7,858.6
40,123,40123,Oklahoma,Pontotoc,2020,38091.0,22.0,168.0,57.76,441.05
40,125,40125,Oklahoma,Pottawatomie,2020,72540.0,43.0,393.0,59.28,541.77
40,127,40127,Oklahoma,Pushmataha,2020,10793.0,16.0,114.0,148.24,1056.24
40,129,40129,Oklahoma,Roger Mills,2020,3431.0,10.0,21.0,291.46,612.07
40,133,40133,Oklahoma,Seminole,2020,23516.0,29.0,323.0,123.32,1373.53
40,137,40137,Oklahoma,Stephens,2020,42835.0,28.0,117.0,65.37,273.14
40,139,40139,Oklahoma,Texas,2020,21291.0,1.0,59.0,4.7,277.11
40,141,40141,Oklahoma,Tillman,2020,6950.0,2.0,26.0,28.78,374.1
40,149,40149,Oklahoma,Washita,2020,10903.0,11.0,31.0,100.89,284.33
40,151,40151,Oklahoma,Woods,2020,8598.0,5.0,22.0,58.15,255.87
40,153,40153,Oklahoma,Woodward,2020,20401.0,17.0,63.0,83.33,308.81
41,005,41005,Oregon,Clackamas,2020,422483.0,443.0,4384.0,104.86,1037.67
41,017,41017,Oregon,Deschutes,2020,199461.0,85.0,585.0,42.61,293.29
41,033,41033,Oregon,Josephine,2020,88214.0,96.0,322.0,108.83,365.02
41,043,41043,Oregon,Linn,2020,128950.0,66.0,827.0,51.18,641.33
41,051,41051,Oregon,Multnomah,2020,816261.0,,1432.0,,175.43
41,053,41053,Oregon,Polk,2020,87983.0,42.0,343.0,47.74,389.85
41,067,41067,Oregon,Washington,2020,601004.0,438.0,2789.0,72.88,464.06
41,071,41071,Oregon,Yamhill,2020,107692.0,51.0,440.0,47.36,408.57
41,001,41001,Oregon,Baker,2020,16728.0,7.0,124.0,41.85,741.27
41,007,41007,Oregon,Clatsop,2020,41156.0,44.0,187.0,106.91,454.37
41,013,41013,Oregon,Crook,2020,24933.0,33.0,87.0,132.35,348.94
41,019,41019,Oregon,Douglas,2020,111294.0,218.0,952.0,195.88,855.39
41,021,41021,Oregon,Gilliam,2020,2014.0,3.0,32.0,148.96,1588.88
41,031,41031,Oregon,Jefferson,2020,24582.0,9.0,123.0,36.61,500.37
41,041,41041,Oregon,Lincoln,2020,50509.0,49.0,319.0,97.01,631.57
41,049,41049,Oregon,Morrow,2020,12219.0,29.0,124.0,237.34,1014.81
41,055,41055,Oregon,Sherman,2020,1880.0,6.0,46.0,319.15,2446.81
41,057,41057,Oregon,Tillamook,2020,27456.0,38.0,327.0,138.4,1191.0
41,059,41059,Oregon,Umatilla,2020,79892.0,45.0,387.0,56.33,484.4
41,061,41061,Oregon,Union,2020,26171.0,10.0,202.0,38.21,771.85
41,063,41063,Oregon,Wallowa,2020,7403.0,0.0,48.0,0.0,648.39
41,065,41065,Oregon,Wasco,2020,26613.0,30.0,178.0,112.73,668.85
,,,Pennsylvania,Allegheny County Police Department,2020,1249585.0,206.0,110.0,16.49,8.8
42,125,42125,Pennsylvania,Washington,2020,209413.0,2.0,3.0,0.96,1.43
42,123,42123,Pennsylvania,Warren,2020,38513.0,0.0,0.0,0.0,0.0
45,007,45007,South Carolina,Anderson,2020,204181.0,820.0,4679.0,401.6,2291.59
45,013,45013,South Carolina,Beaufort,2020,187814.0,455.0,1879.0,242.26,1000.46
45,015,45015,South Carolina,Berkeley,2020,231478.0,459.0,2443.0,198.29,1055.39
45,017,45017,South Carolina,Calhoun,2020,14111.0,54.0,235.0,382.68,1665.37
45,023,45023,South Carolina,Chester,2020,32287.0,125.0,430.0,387.15,1331.81
45,027,45027,South Carolina,Clarendon,2020,30832.0,113.0,628.0,366.5,2036.84
45,035,45035,South Carolina,Dorchester,2020,162056.0,321.0,1724.0,198.08,1063.83
45,037,45037,South Carolina,Edgefield,2020,25674.0,8.0,137.0,31.16,533.61
45,039,45039,South Carolina,Fairfield,2020,20892.0,133.0,432.0,636.61,2067.78
45,041,45041,South Carolina,Florence,2020,136826.0,597.0,2153.0,436.32,1573.53
45,045,45045,South Carolina,Greenville,2020,527244.0,1865.0,8471.0,353.73,1606.66
45,051,45051,South Carolina,Horry,2020,353774.0,1.0,1.0,0.28,0.28
,,,South Carolina,Horry County Police Department,2020,353774.0,920.0,4905.0,260.05,1386.48
45,055,45055,South Carolina,Kershaw,2020,65590.0,180.0,1242.0,274.43,1893.58
45,057,45057,South Carolina,Lancaster,2020,96589.0,320.0,1686.0,331.3,1745.54
45,059,45059,South Carolina,Laurens,2020,67626.0,239.0,1121.0,353.41,1657.65
45,063,45063,South Carolina,Lexington,2020,294989.0,638.0,5828.0,216.28,1975.67
45,077,45077,South Carolina,Pickens,2020,131698.0,247.0,1346.0,187.55,1022.04
45,079,45079,South Carolina,Richland,2020,415755.0,2115.0,8728.0,508.71,2099.31
45,081,45081,South Carolina,Saluda,2020,18914.0,38.0,186.0,200.91,983.4
45,083,45083,South Carolina,Spartanburg,2020,329370.0,997.0,4808.0,302.7,1459.76
45,085,45085,South Carolina,Sumter,2020,105409.0,464.0,1343.0,440.19,1274.08
45,091,45091,South Carolina,York,2020,283833.0,372.0,2283.0,131.06,804.35
45,001,45001,South Carolina,Abbeville,2020,24267.0,63.0,285.0,259.61,1174.43
45,005,45005,South Carolina,Allendale,2020,7940.0,5.0,44.0,62.97,554.16
45,009,45009,South Carolina,Bamberg,2020,13259.0,21.0,133.0,158.38,1003.09
45,011,45011,South Carolina,Barnwell,2020,20580.0,115.0,246.0,558.79,1195.34
45,029,45029,South Carolina,Colleton,2020,38538.0,200.0,773.0,518.97,2005.81
45,043,45043,South Carolina,Georgetown,2020,63508.0,172.0,800.0,270.83,1259.68
45,061,45061,South Carolina,Lee,2020,16551.0,64.0,335.0,386.68,2024.05
45,067,45067,South Carolina,Marion,2020,29088.0,103.0,430.0,354.1,1478.27
45,069,45069,South Carolina,Marlboro,2020,26494.0,90.0,236.0,339.7,890.77
45,065,45065,South Carolina,McCormick,2020,9522.0,5.0,71.0,52.51,745.64
45,071,45071,South Carolina,Newberry,2020,37736.0,114.0,261.0,302.1,691.65
45,073,45073,South Carolina,Oconee,2020,78794.0,199.0,1743.0,252.56,2212.1
45,075,45075,South Carolina,Orangeburg,2020,83961.0,874.0,2517.0,1040.96,2997.82
45,087,45087,South Carolina,Union,2020,27173.0,16.0,196.0,58.88,721.3
46,083,46083,South Dakota,Lincoln,2020,65650.0,49.0,350.0,74.64,533.13
46,087,46087,South Dakota,McCook,2020,5671.0,6.0,31.0,105.8,546.64
46,093,46093,South Dakota,Meade,2020,29897.0,31.0,157.0,103.69,525.14
46,099,46099,South Dakota,Minnehaha,2020,197688.0,57.0,391.0,28.83,197.79
46,103,46103,South Dakota,Pennington,2020,109570.0,177.0,441.0,161.54,402.48
46,125,46125,South Dakota,Turner,2020,8684.0,23.0,57.0,264.85,656.38
46,127,46127,South Dakota,Union,2020,16855.0,10.0,46.0,59.33,272.92
46,003,46003,South Dakota,Aurora,2020,2730.0,1.0,1.0,36.63,36.63
46,005,46005,South Dakota,Beadle,2020,19162.0,3.0,6.0,15.66,31.31
46,007,46007,South Dakota,Bennett,2020,3397.0,3.0,9.0,88.31,264.94
46,009,46009,South Dakota,Bon Homme,2020,6981.0,4.0,1.0,57.3,14.32
46,011,46011,South Dakota,Brookings,2020,34338.0,10.0,32.0,29.12,93.19
46,013,46013,South Dakota,Brown,2020,38230.0,8.0,42.0,20.93,109.86
46,015,46015,South Dakota,Brule,2020,5254.0,1.0,5.0,19.03,95.17
46,019,46019,South Dakota,Butte,2020,10292.0,5.0,26.0,48.58,252.62
46,021,46021,South Dakota,Campbell,2020,1378.0,3.0,0.0,217.71,0.0
46,023,46023,South Dakota,Charles Mix,2020,9353.0,17.0,37.0,181.76,395.59
46,027,46027,South Dakota,Clay,2020,15004.0,2.0,47.0,13.33,313.25
46,029,46029,South Dakota,Codington,2020,28353.0,8.0,44.0,28.22,155.19
46,031,46031,South Dakota,Corson,2020,3891.0,6.0,21.0,154.2,539.71
46,033,46033,South Dakota,Custer,2020,8333.0,11.0,131.0,132.01,1572.06
46,035,46035,South Dakota,Davison,2020,19960.0,6.0,14.0,30.06,70.14
46,037,46037,South Dakota,Day,2020,5442.0,6.0,43.0,110.25,790.15
46,039,46039,South Dakota,Deuel,2020,4296.0,3.0,8.0,69.83,186.22
46,045,46045,South Dakota,Edmunds,2020,3982.0,1.0,1.0,25.11,25.11
46,049,46049,South Dakota,Faulk,2020,2128.0,2.0,7.0,93.98,328.95
46,053,46053,South Dakota,Gregory,2020,3993.0,1.0,0.0,25.04,0.0
46,057,46057,South Dakota,Hamlin,2020,6169.0,9.0,35.0,145.89,567.35
46,061,46061,South Dakota,Hanson,2020,3466.0,1.0,10.0,28.85,288.52
46,063,46063,South Dakota,Harding,2020,1303.0,2.0,2.0,153.49,153.49
46,065,46065,South Dakota,Hughes,2020,17734.0,9.0,18.0,50.75,101.5
46,067,46067,South Dakota,Hutchinson,2020,7424.0,1.0,6.0,13.47,80.82
46,073,46073,South Dakota,Jerauld,2020,1644.0,1.0,7.0,60.83,425.79
46,075,46075,South Dakota,Jones,2020,927.0,0.0,1.0,0.0,107.87
46,077,46077,South Dakota,Kingsbury,2020,5200.0,4.0,5.0,76.92,96.15
46,079,46079,South Dakota,Lake,2020,11015.0,4.0,20.0,36.31,181.57
46,081,46081,South Dakota,Lawrence,2020,25847.0,7.0,52.0,27.08,201.18
46,085,46085,South Dakota,Lyman,2020,3697.0,5.0,14.0,135.24,378.69
46,091,46091,South Dakota,Marshall,2020,4301.0,7.0,38.0,162.75,883.52
46,089,46089,South Dakota,McPherson,2020,2399.0,0.0,14.0,0.0,583.58
46,095,46095,South Dakota,Mellette,2020,1917.0,7.0,8.0,365.15,417.32
46,097,46097,South Dakota,Miner,2020,2300.0,1.0,5.0,43.48,217.39
46,101,46101,South Dakota,Moody,2020,6346.0,0.0,2.0,0.0,31.52
46,105,46105,South Dakota,Perkins,2020,2829.0,2.0,15.0,70.7,530.22
46,107,46107,South Dakota,Potter,2020,2472.0,0.0,3.0,0.0,121.36
46,109,46109,South Dakota,Roberts,2020,10266.0,23.0,9.0,224.04,87.67
46,111,46111,South Dakota,Sanborn,2020,2330.0,3.0,5.0,128.76,214.59
46,115,46115,South Dakota,Spink,2020,6343.0,18.0,45.0,283.78,709.44
46,117,46117,South Dakota,Stanley,2020,2966.0,5.0,12.0,168.58,404.59
46,119,46119,South Dakota,Sully,2020,1451.0,1.0,2.0,68.92,137.84
46,121,46121,South Dakota,Todd,2020,9316.0,0.0,4.0,0.0,42.94
46,123,46123,South Dakota,Tripp,2020,5606.0,1.0,4.0,17.84,71.35
46,129,46129,South Dakota,Walworth,2020,5291.0,0.0,2.0,0.0,37.8
46,135,46135,South Dakota,Yankton,2020,23291.0,10.0,88.0,42.94,377.83
46,137,46137,South Dakota,Ziebach,2020,2391.0,0.0,0.0,0.0,0.0
47,001,47001,Tennessee,Anderson,2020,77347.0,121.0,458.0,156.44,592.14
47,009,47009,Tennessee,Blount,2020,135666.0,287.0,866.0,211.55,638.33
47,011,47011,Tennessee,Bradley,2020,108832.0,209.0,797.0,192.04,732.32
47,013,47013,Tennessee,Campbell,2020,39310.0,34.0,109.0,86.49,277.28
47,015,47015,Tennessee,Cannon,2020,14564.0,9.0,49.0,61.8,336.45
47,021,47021,Tennessee,Cheatham,2020,41088.0,96.0,270.0,233.64,657.13
47,023,47023,Tennessee,Chester,2020,17379.0,18.0,37.0,103.57,212.9
47,033,47033,Tennessee,Crockett,2020,13907.0,9.0,77.0,64.72,553.68
47,043,47043,Tennessee,Dickson,2020,54452.0,115.0,313.0,211.2,574.82
47,047,47047,Tennessee,Fayette,2020,41868.0,64.0,144.0,152.86,343.94
47,053,47053,Tennessee,Gibson,2020,50443.0,62.0,177.0,122.91,350.89
47,057,47057,Tennessee,Grainger,2020,23572.0,63.0,183.0,267.27,776.34
47,063,47063,Tennessee,Hamblen,2020,64553.0,106.0,406.0,164.21,628.94
47,167,47167,Tennessee,Hartsville/Trousdale,2020,11646.0,55.0,142.0,472.27,1219.3
47,073,47073,Tennessee,Hawkins,2020,56715.0,76.0,551.0,134.0,971.52
47,089,47089,Tennessee,Jefferson,2020,54897.0,60.0,390.0,109.3,710.42
47,093,47093,Tennessee,Knox,2020,480472.0,532.0,3394.0,110.72,706.39
47,105,47105,Tennessee,Loudon,2020,55144.0,112.0,394.0,203.1,714.49
47,111,47111,Tennessee,Macon,2020,25260.0,62.0,79.0,245.45,312.75
47,113,47113,Tennessee,Madison,2020,98832.0,70.0,302.0,70.83,305.57
47,115,47115,Tennessee,Marion,2020,28874.0,83.0,220.0,287.46,761.93
47,119,47119,Tennessee,Maury,2020,101812.0,154.0,520.0,151.26,510.75
47,125,47125,Tennessee,Montgomery,2020,221286.0,123.0,473.0,55.58,213.75
47,129,47129,Tennessee,Morgan,2020,21051.0,64.0,210.0,304.02,997.58
47,139,47139,Tennessee,Polk,2020,17558.0,45.0,267.0,256.29,1520.67
47,145,47145,Tennessee,Roane,2020,53666.0,66.0,200.0,122.98,372.68
47,147,47147,Tennessee,Robertson,2020,72958.0,100.0,264.0,137.07,361.85
47,149,47149,Tennessee,Rutherford,2020,343285.0,219.0,648.0,63.8,188.76
47,153,47153,Tennessee,Sequatchie,2020,15848.0,34.0,155.0,214.54,978.04
47,157,47157,Tennessee,Shelby,2020,929720.0,784.0,2565.0,84.33,275.89
47,159,47159,Tennessee,Smith,2020,19963.0,38.0,120.0,190.35,601.11
47,161,47161,Tennessee,Stewart,2020,13708.0,45.0,74.0,328.28,539.83
47,163,47163,Tennessee,Sullivan,2020,158238.0,310.0,936.0,195.91,591.51
47,165,47165,Tennessee,Sumner,2020,197416.0,121.0,375.0,61.29,189.95
47,167,47167,Tennessee,Tipton,2020,61050.0,135.0,400.0,221.13,655.2
47,171,47171,Tennessee,Unicoi,2020,17873.0,25.0,59.0,139.88,330.11
47,173,47173,Tennessee,Union,2020,19847.0,42.0,181.0,211.62,911.98
47,179,47179,Tennessee,Washington,2020,133211.0,150.0,700.0,112.6,525.48
47,187,47187,Tennessee,Williamson,2020,249614.0,110.0,307.0,44.07,122.99
47,189,47189,Tennessee,Wilson,2020,148654.0,105.0,526.0,70.63,353.84
47,003,47003,Tennessee,Bedford,2020,50381.0,70.0,234.0,138.94,464.46
47,005,47005,Tennessee,Benton,2020,15847.0,30.0,136.0,189.31,858.21
47,007,47007,Tennessee,Bledsoe,2020,14945.0,15.0,50.0,100.37,334.56
47,017,47017,Tennessee,Carroll,2020,28427.0,30.0,138.0,105.53,485.45
47,025,47025,Tennessee,Claiborne,2020,32075.0,46.0,220.0,143.41,685.89
47,027,47027,Tennessee,Clay,2020,7588.0,4.0,49.0,52.71,645.76
47,029,47029,Tennessee,Cocke,2020,36043.0,133.0,366.0,369.0,1015.45
47,031,47031,Tennessee,Coffee,2020,58132.0,105.0,405.0,180.62,696.69
47,035,47035,Tennessee,Cumberland,2020,61381.0,65.0,606.0,105.9,987.28
47,039,47039,Tennessee,Decatur,2020,11429.0,45.0,136.0,393.74,1189.96
47,041,47041,Tennessee,DeKalb,2020,20186.0,13.0,100.0,64.4,495.39
47,045,47045,Tennessee,Dyer,2020,36710.0,49.0,196.0,133.48,533.91
47,049,47049,Tennessee,Fentress,2020,18533.0,47.0,226.0,253.6,1219.45
47,051,47051,Tennessee,Franklin,2020,42842.0,110.0,232.0,256.76,541.52
47,055,47055,Tennessee,Giles,2020,30346.0,57.0,144.0,187.83,474.53
47,059,47059,Tennessee,Greene,2020,70339.0,205.0,777.0,291.45,1104.65
47,061,47061,Tennessee,Grundy,2020,13541.0,81.0,222.0,598.18,1639.47
47,067,47067,Tennessee,Hancock,2020,6628.0,7.0,15.0,105.61,226.31
47,069,47069,Tennessee,Hardeman,2020,25435.0,87.0,140.0,342.05,550.42
47,071,47071,Tennessee,Hardin,2020,26948.0,63.0,441.0,233.78,1636.49
47,075,47075,Tennessee,Haywood,2020,17827.0,27.0,124.0,151.46,695.57
47,077,47077,Tennessee,Henderson,2020,27833.0,65.0,221.0,233.54,794.02
47,079,47079,Tennessee,Henry,2020,32149.0,47.0,263.0,146.19,818.07
47,081,47081,Tennessee,Hickman,2020,24972.0,106.0,415.0,424.48,1661.86
47,083,47083,Tennessee,Houston,2020,8295.0,42.0,75.0,506.33,904.16
47,085,47085,Tennessee,Humphreys,2020,18998.0,43.0,101.0,226.34,531.63
47,087,47087,Tennessee,Jackson,2020,11637.0,24.0,61.0,206.24,524.19
47,091,47091,Tennessee,Johnson,2020,17985.0,38.0,128.0,211.29,711.7
47,095,47095,Tennessee,Lake,2020,6988.0,6.0,37.0,85.86,529.48
47,097,47097,Tennessee,Lauderdale,2020,25115.0,73.0,176.0,290.66,700.78
47,099,47099,Tennessee,Lawrence,2020,44185.0,77.0,296.0,174.27,669.91
47,101,47101,Tennessee,Lewis,2020,12609.0,26.0,83.0,206.2,658.26
47,103,47103,Tennessee,Lincoln,2020,35332.0,54.0,333.0,152.84,942.49
47,117,47117,Tennessee,Marshall,2020,34467.0,28.0,80.0,81.24,232.11
47,107,47107,Tennessee,McMinn,2020,53347.0,92.0,422.0,172.46,791.05
47,109,47109,Tennessee,McNairy,2020,25868.0,41.0,201.0,158.5,777.02
47,121,47121,Tennessee,Meigs,2020,12808.0,55.0,214.0,429.42,1670.83
47,123,47123,Tennessee,Monroe,2020,46399.0,193.0,813.0,415.96,1752.19
47,127,47127,Tennessee,Moore,2020,6472.0,13.0,43.0,200.87,664.4
47,131,47131,Tennessee,Obion,2020,30779.0,52.0,217.0,168.95,705.03
47,133,47133,Tennessee,Overton,2020,22590.0,24.0,159.0,106.24,703.85
47,135,47135,Tennessee,Perry,2020,8383.0,9.0,35.0,107.36,417.51
47,137,47137,Tennessee,Pickett,2020,5002.0,12.0,44.0,239.9,879.65
47,143,47143,Tennessee,Rhea,2020,33302.0,74.0,251.0,222.21,753.71
47,151,47151,Tennessee,Scott,2020,21880.0,45.0,167.0,205.67,763.25
47,155,47155,Tennessee,Sevier,2020,98848.0,159.0,686.0,160.85,693.99
47,175,47175,Tennessee,Van Buren,2020,6174.0,1.0,31.0,16.2,502.11
47,177,47177,Tennessee,Warren,2020,41057.0,90.0,320.0,219.21,779.4
47,181,47181,Tennessee,Wayne,2020,16220.0,18.0,90.0,110.97,554.87
47,183,47183,Tennessee,Weakley,2020,32908.0,27.0,101.0,82.05,306.92
47,185,47185,Tennessee,White,2020,27441.0,47.0,226.0,171.28,823.59
48,013,48013,Texas,Atascosa,2020,49286.0,64.0,532.0,129.85,1079.41
48,015,48015,Texas,Austin,2020,30133.0,14.0,79.0,46.46,262.17
48,019,48019,Texas,Bandera,2020,20987.0,13.0,205.0,61.94,976.8
48,021,48021,Texas,Bastrop,2020,98060.0,198.0,636.0,201.92,648.58
48,027,48027,Texas,Bell,2020,372407.0,74.0,724.0,19.87,194.41
48,029,48029,Texas,Bexar,2020,2015492.0,785.0,5296.0,38.95,262.76
48,039,48039,Texas,Brazoria,2020,373490.0,234.0,1186.0,62.65,317.55
48,041,48041,Texas,Brazos,2020,234527.0,29.0,289.0,12.37,123.23
48,051,48051,Texas,Burleson,2020,17679.0,15.0,112.0,84.85,633.52
48,055,48055,Texas,Caldwell,2020,45945.0,17.0,96.0,37.0,208.95
48,059,48059,Texas,Callahan,2020,13748.0,12.0,40.0,87.29,290.95
48,061,48061,Texas,Cameron,2020,421504.0,182.0,804.0,43.18,190.75
48,065,48065,Texas,Carson,2020,5795.0,12.0,15.0,207.08,258.84
48,071,48071,Texas,Chambers,2020,46992.0,120.0,576.0,255.36,1225.74
48,085,48085,Texas,Collin,2020,1075512.0,72.0,302.0,6.69,28.08
48,091,48091,Texas,Comal,2020,163608.0,138.0,609.0,84.35,372.23
48,099,48099,Texas,Coryell,2020,83102.0,21.0,111.0,25.27,133.57
48,107,48107,Texas,Crosby,2020,5096.0,3.0,27.0,58.87,529.83
48,113,48113,Texas,Dallas,2020,2610802.0,44.0,213.0,1.69,8.16
48,121,48121,Texas,Denton,2020,914517.0,82.0,450.0,8.97,49.21
48,135,48135,Texas,Ector,2020,165491.0,149.0,1874.0,90.04,1132.39
48,141,48141,Texas,El Paso,2020,866582.0,350.0,590.0,40.39,68.08
48,157,48157,Texas,Fort Bend,2020,830347.0,1003.0,4689.0,120.79,564.7
48,175,48175,Texas,Goliad,2020,7021.0,22.0,98.0,313.35,1395.81
48,181,48181,Texas,Grayson,2020,136157.0,47.0,334.0,34.52,245.31
48,183,48183,Texas,Gregg,2020,124315.0,82.0,407.0,65.96,327.39
48,187,48187,Texas,Guadalupe,2020,173722.0,86.0,442.0,49.5,254.43
48,199,48199,Texas,Hardin,2020,56357.0,29.0,249.0,51.46,441.83
48,201,48201,Texas,Harris,2020,4734060.0,8813.0,43757.0,186.16,924.3
48,203,48203,Texas,Harrison,2020,68798.0,94.0,464.0,136.63,674.44
48,209,48209,Texas,Hays,2020,243984.0,120.0,772.0,49.18,316.41
48,215,48215,Texas,Hidalgo,2020,872753.0,482.0,2952.0,55.23,338.24
48,229,48229,Texas,Hudspeth,2020,3189.0,2.0,15.0,62.72,470.37
48,231,48231,Texas,Hunt,2020,100260.0,336.0,494.0,335.13,492.72
48,235,48235,Texas,Irion,2020,1506.0,1.0,13.0,66.4,863.21
48,251,48251,Texas,Johnson,2020,180955.0,188.0,643.0,103.89,355.34
48,253,48253,Texas,Jones,2020,19667.0,6.0,41.0,30.51,208.47
48,257,48257,Texas,Kaufman,2020,147165.0,106.0,665.0,72.03,451.87
48,259,48259,Texas,Kendall,2020,44568.0,25.0,116.0,56.09,260.28
48,281,48281,Texas,Lampasas,2020,21704.0,12.0,114.0,55.29,525.25
48,291,48291,Texas,Liberty,2020,92471.0,248.0,712.0,268.19,769.97
48,303,48303,Texas,Lubbock,2020,311589.0,63.0,491.0,20.22,157.58
48,305,48305,Texas,Lynn,2020,5609.0,3.0,14.0,53.49,249.6
48,317,48317,Texas,Martin,2020,5259.0,6.0,67.0,114.09,1274.01
48,309,48309,Texas,McLennan,2020,261189.0,81.0,612.0,31.01,234.31
48,325,48325,Texas,Medina,2020,51058.0,69.0,335.0,135.14,656.12
48,329,48329,Texas,Midland,2020,170722.0,107.0,768.0,62.67,449.85
48,355,48355,Texas,Nueces,2020,353554.0,66.0,135.0,18.67,38.18
48,359,48359,Texas,Oldham,2020,1766.0,2.0,14.0,113.25,792.75
48,361,48361,Texas,Orange,2020,84759.0,77.0,503.0,90.85,593.45
48,375,48375,Texas,Potter,2020,118353.0,24.0,216.0,20.28,182.5
48,381,48381,Texas,Randall,2020,141255.0,56.0,285.0,39.64,201.76
48,395,48395,Texas,Robertson,2020,16767.0,6.0,114.0,35.78,679.91
48,397,48397,Texas,Rockwall,2020,109199.0,14.0,64.0,12.82,58.61
48,401,48401,Texas,Rusk,2020,52255.0,65.0,541.0,124.39,1035.31
48,409,48409,Texas,San Patricio,2020,68839.0,34.0,143.0,49.39,207.73
48,423,48423,Texas,Smith,2020,234205.0,366.0,1462.0,156.27,624.24
48,431,48431,Texas,Sterling,2020,1383.0,4.0,16.0,289.23,1156.91
48,439,48439,Texas,Tarrant,2020,2116194.0,147.0,800.0,6.95,37.8
48,441,48441,Texas,Taylor,2020,143484.0,48.0,95.0,33.45,66.21
48,451,48451,Texas,Tom Green,2020,120185.0,33.0,181.0,27.46,150.6
48,453,48453,Texas,Travis,2020,1296572.0,761.0,3474.0,58.69,267.94
48,459,48459,Texas,Upshur,2020,41044.0,53.0,286.0,129.13,696.81
48,469,48469,Texas,Victoria,2020,91299.0,116.0,284.0,127.06,311.07
48,473,48473,Texas,Waller,2020,57294.0,60.0,286.0,104.72,499.18
48,479,48479,Texas,Webb,2020,267336.0,64.0,239.0,23.94,89.4
48,485,48485,Texas,Wichita,2020,129611.0,52.0,118.0,40.12,91.04
48,491,48491,Texas,Williamson,2020,615611.0,170.0,1850.0,27.61,300.51
48,493,48493,Texas,Wilson,2020,50051.0,16.0,174.0,31.97,347.65
48,497,48497,Texas,Wise,2020,68931.0,92.0,342.0,133.47,496.15
48,001,48001,Texas,Anderson,2020,57941.0,32.0,359.0,55.23,619.6
48,003,48003,Texas,Andrews,2020,18616.0,11.0,150.0,59.09,805.76
48,005,48005,Texas,Angelina,2020,86496.0,109.0,517.0,126.02,597.72
48,007,48007,Texas,Aransas,2020,23930.0,60.0,224.0,250.73,936.06
48,017,48017,Texas,Bailey,2020,6869.0,0.0,25.0,0.0,363.95
48,031,48031,Texas,Blanco,2020,11451.0,25.0,57.0,218.32,497.77
48,033,48033,Texas,Borden,2020,643.0,0.0,10.0,0.0,1555.21
48,035,48035,Texas,Bosque,2020,18255.0,6.0,67.0,32.87,367.02
48,043,48043,Texas,Brewster,2020,9561.0,4.0,18.0,41.84,188.26
48,045,48045,Texas,Briscoe,2020,1420.0,1.0,5.0,70.42,352.11
48,047,48047,Texas,Brooks,2020,7095.0,1.0,3.0,14.09,42.28
48,049,48049,Texas,Brown,2020,38056.0,37.0,229.0,97.23,601.74
48,053,48053,Texas,Burnet,2020,49480.0,52.0,237.0,105.09,478.98
48,057,48057,Texas,Calhoun,2020,20064.0,20.0,87.0,99.68,433.61
48,063,48063,Texas,Camp,2020,12429.0,18.0,66.0,144.82,531.02
48,067,48067,Texas,Cass,2020,28441.0,19.0,192.0,66.8,675.08
48,069,48069,Texas,Castro,2020,7324.0,3.0,24.0,40.96,327.69
48,073,48073,Texas,Cherokee,2020,50619.0,49.0,441.0,96.8,871.21
48,081,48081,Texas,Coke,2020,3321.0,3.0,18.0,90.33,542.01
48,089,48089,Texas,Colorado,2020,20641.0,11.0,131.0,53.29,634.66
48,093,48093,Texas,Comanche,2020,13635.0,10.0,55.0,73.34,403.37
48,097,48097,Texas,Cooke,2020,41751.0,25.0,124.0,59.88,297.0
48,103,48103,Texas,Crane,2020,4671.0,3.0,10.0,64.23,214.09
48,105,48105,Texas,Crockett,2020,3095.0,3.0,9.0,96.93,290.79
48,111,48111,Texas,Dallam,2020,7137.0,3.0,13.0,42.03,182.15
48,115,48115,Texas,Dawson,2020,12474.0,5.0,61.0,40.08,489.02
48,117,48117,Texas,Deaf Smith,2020,18533.0,3.0,55.0,16.19,296.77
48,119,48119,Texas,Delta,2020,5221.0,2.0,13.0,38.31,248.99
48,127,48127,Texas,Dimmit,2020,8584.0,9.0,114.0,104.85,1328.05
48,129,48129,Texas,Donley,2020,3276.0,4.0,23.0,122.1,702.08
48,131,48131,Texas,Duval,2020,9811.0,18.0,99.0,183.47,1009.07
48,133,48133,Texas,Eastland,2020,17800.0,6.0,40.0,33.71,224.72
48,143,48143,Texas,Erath,2020,42710.0,29.0,62.0,67.9,145.17
48,149,48149,Texas,Fayette,2020,24511.0,23.0,107.0,93.84,436.54
48,151,48151,Texas,Fisher,2020,3678.0,11.0,9.0,299.08,244.7
48,153,48153,Texas,Floyd,2020,5369.0,3.0,32.0,55.88,596.01
48,159,48159,Texas,Franklin,2020,10372.0,19.0,49.0,183.19,472.43
48,161,48161,Texas,Freestone,2020,19439.0,23.0,82.0,118.32,421.83
48,163,48163,Texas,Frio,2020,18406.0,10.0,63.0,54.33,342.28
48,165,48165,Texas,Gaines,2020,21699.0,9.0,91.0,41.48,419.37
48,169,48169,Texas,Garza,2020,5806.0,22.0,18.0,378.92,310.02
48,171,48171,Texas,Gillespie,2020,26768.0,9.0,30.0,33.62,112.07
48,173,48173,Texas,Glasscock,2020,1117.0,2.0,20.0,179.05,1790.51
48,177,48177,Texas,Gonzales,2020,19670.0,24.0,99.0,122.01,503.3
48,179,48179,Texas,Gray,2020,21197.0,8.0,47.0,37.74,221.73
48,185,48185,Texas,Grimes,2020,29443.0,27.0,131.0,91.7,444.93
48,189,48189,Texas,Hale,2020,32458.0,12.0,50.0,36.97,154.05
48,191,48191,Texas,Hall,2020,2805.0,0.0,7.0,0.0,249.55
48,193,48193,Texas,Hamilton,2020,8252.0,3.0,21.0,36.35,254.48
48,197,48197,Texas,Hardeman,2020,3558.0,2.0,23.0,56.21,646.43
48,211,48211,Texas,Hemphill,2020,3365.0,7.0,10.0,208.02,297.18
48,213,48213,Texas,Henderson,2020,82400.0,130.0,436.0,157.77,529.13
48,217,48217,Texas,Hill,2020,35965.0,31.0,265.0,86.19,736.83
48,219,48219,Texas,Hockley,2020,21484.0,13.0,103.0,60.51,479.43
48,221,48221,Texas,Hood,2020,62054.0,75.0,357.0,120.86,575.31
48,223,48223,Texas,Hopkins,2020,36833.0,30.0,73.0,81.45,198.19
48,225,48225,Texas,Houston,2020,22073.0,7.0,82.0,31.71,371.49
48,233,48233,Texas,Hutchinson,2020,20569.0,12.0,75.0,58.34,364.63
48,237,48237,Texas,Jack,2020,8484.0,10.0,36.0,117.87,424.33
48,239,48239,Texas,Jackson,2020,14997.0,10.0,78.0,66.68,520.1
48,241,48241,Texas,Jasper,2020,32921.0,76.0,390.0,230.86,1184.65
48,247,48247,Texas,Jim Hogg,2020,4845.0,12.0,33.0,247.68,681.11
48,249,48249,Texas,Jim Wells,2020,38888.0,84.0,250.0,216.0,642.87
48,255,48255,Texas,Karnes,2020,14811.0,4.0,84.0,27.01,567.15
48,261,48261,Texas,Kenedy,2020,349.0,2.0,10.0,573.07,2865.33
48,265,48265,Texas,Kerr,2020,52696.0,40.0,173.0,75.91,328.3
48,271,48271,Texas,Kinney,2020,3127.0,0.0,0.0,0.0,0.0
48,273,48273,Texas,Kleberg,2020,30986.0,20.0,37.0,64.55,119.41
48,277,48277,Texas,Lamar,2020,50131.0,22.0,158.0,43.89,315.17
48,279,48279,Texas,Lamb,2020,13005.0,4.0,72.0,30.76,553.63
48,285,48285,Texas,Lavaca,2020,20355.0,6.0,,29.48,
48,287,48287,Texas,Lee,2020,17504.0,14.0,85.0,79.98,485.6
48,289,48289,Texas,Leon,2020,15775.0,4.0,111.0,25.36,703.65
48,299,48299,Texas,Llano,2020,21331.0,24.0,214.0,112.51,1003.23
48,301,48301,Texas,Loving,2020,63.0,2.0,16.0,3174.6,25396.83
48,313,48313,Texas,Madison,2020,13457.0,11.0,47.0,81.74,349.26
48,315,48315,Texas,Marion,2020,9866.0,16.0,100.0,162.17,1013.58
48,319,48319,Texas,Mason,2020,3970.0,3.0,9.0,75.57,226.7
48,321,48321,Texas,Matagorda,2020,36287.0,70.0,272.0,192.91,749.58
48,323,48323,Texas,Maverick,2020,57866.0,46.0,324.0,79.49,559.91
48,307,48307,Texas,McCulloch,2020,7592.0,4.0,24.0,52.69,316.12
48,327,48327,Texas,Menard,2020,1959.0,1.0,0.0,51.05,0.0
48,331,48331,Texas,Milam,2020,24780.0,9.0,59.0,36.32,238.1
48,333,48333,Texas,Mills,2020,4447.0,9.0,13.0,202.38,292.33
48,335,48335,Texas,Mitchell,2020,9013.0,1.0,20.0,11.1,221.9
48,337,48337,Texas,Montague,2020,20040.0,18.0,100.0,89.82,499.0
48,341,48341,Texas,Moore,2020,21264.0,4.0,34.0,18.81,159.89
48,343,48343,Texas,Morris,2020,11978.0,10.0,59.0,83.49,492.57
48,347,48347,Texas,Nacogdoches,2020,64642.0,65.0,312.0,100.55,482.66
48,349,48349,Texas,Navarro,2020,52843.0,58.0,325.0,109.76,615.03
48,351,48351,Texas,Newton,2020,12163.0,20.0,79.0,164.43,649.51
48,353,48353,Texas,Nolan,2020,14724.0,4.0,27.0,27.17,183.37
48,363,48363,Texas,Palo Pinto,2020,28456.0,13.0,133.0,45.68,467.39
48,365,48365,Texas,Panola,2020,22498.0,42.0,251.0,186.68,1115.65
48,369,48369,Texas,Parmer,2020,9856.0,1.0,18.0,10.15,182.63
48,371,48371,Texas,Pecos,2020,15188.0,0.0,100.0,0.0,658.41
48,373,48373,Texas,Polk,2020,50464.0,80.0,,158.53,
48,377,48377,Texas,Presidio,2020,6105.0,0.0,0.0,0.0,0.0
48,379,48379,Texas,Rains,2020,12182.0,12.0,38.0,98.51,311.94
48,383,48383,Texas,Reagan,2020,3423.0,8.0,24.0,233.71,701.14
48,385,48385,Texas,Real,2020,2749.0,6.0,49.0,218.26,1782.47
48,387,48387,Texas,Red River,2020,11564.0,30.0,66.0,259.43,570.74
48,389,48389,Texas,Reeves,2020,14769.0,20.0,90.0,135.42,609.38
48,391,48391,Texas,Refugio,2020,6742.0,2.0,30.0,29.66,444.97
48,393,48393,Texas,Roberts,2020,824.0,0.0,1.0,0.0,121.36
48,399,48399,Texas,Runnels,2020,9916.0,7.0,14.0,70.59,141.19
48,403,48403,Texas,Sabine,2020,9896.0,15.0,58.0,151.58,586.1
48,405,48405,Texas,San Augustine,2020,7923.0,13.0,53.0,164.08,668.94
48,407,48407,Texas,San Jacinto,2020,27542.0,38.0,711.0,137.97,2581.51
48,411,48411,Texas,San Saba,2020,5723.0,10.0,23.0,174.73,401.89
48,413,48413,Texas,Schleicher,2020,2438.0,2.0,18.0,82.03,738.31
48,419,48419,Texas,Shelby,2020,24042.0,33.0,183.0,137.26,761.17
48,425,48425,Texas,Somervell,2020,9206.0,15.0,70.0,162.94,760.37
48,427,48427,Texas,Starr,2020,65853.0,74.0,242.0,112.37,367.49
48,435,48435,Texas,Sutton,2020,3361.0,3.0,2.0,89.26,59.51
48,445,48445,Texas,Terry,2020,11792.0,4.0,44.0,33.92,373.13
48,449,48449,Texas,Titus,2020,31298.0,41.0,176.0,131.0,562.34
48,455,48455,Texas,Trinity,2020,13636.0,12.0,59.0,88.0,432.68
48,457,48457,Texas,Tyler,2020,19824.0,34.0,171.0,171.51,862.59
48,461,48461,Texas,Upton,2020,3301.0,4.0,16.0,121.18,484.7
48,463,48463,Texas,Uvalde,2020,24565.0,28.0,70.0,113.98,284.96
48,465,48465,Texas,Val Verde,2020,47597.0,41.0,107.0,86.14,224.8
48,471,48471,Texas,Walker,2020,76562.0,58.0,183.0,75.76,239.02
48,475,48475,Texas,Ward,2020,11679.0,13.0,146.0,111.31,1250.11
48,477,48477,Texas,Washington,2020,35791.0,43.0,101.0,120.14,282.19
48,481,48481,Texas,Wharton,2020,41581.0,57.0,283.0,137.08,680.6
48,483,48483,Texas,Wheeler,2020,4976.0,3.0,12.0,60.29,241.16
48,487,48487,Texas,Wilbarger,2020,12842.0,0.0,16.0,0.0,124.59
48,489,48489,Texas,Willacy,2020,20125.0,13.0,60.0,64.6,298.14
48,495,48495,Texas,Winkler,2020,7757.0,4.0,74.0,51.57,953.98
48,501,48501,Texas,Yoakum,2020,7672.0,5.0,30.0,65.17,391.03
48,505,48505,Texas,Zapata,2020,13875.0,16.0,108.0,115.32,778.38
48,507,48507,Texas,Zavala,2020,9668.0,11.0,44.0,113.78,455.11
49,003,49003,Utah,Box Elder,2020,57944.0,12.0,111.0,20.71,191.56
49,005,49005,Utah,Cache,2020,133636.0,38.0,206.0,28.44,154.15
49,011,49011,Utah,Davis,2020,363766.0,21.0,280.0,5.77,76.97
49,023,49023,Utah,Juab,2020,11821.0,2.0,54.0,16.92,456.81
,,,Utah,Salt Lake County Unified Police Department,2020,1187009.0,719.0,8901.0,60.57,749.87
49,045,49045,Utah,Tooele,2020,73349.0,33.0,252.0,44.99,343.56
49,049,49049,Utah,Utah,2020,663576.0,50.0,379.0,7.53,57.11
49,053,49053,Utah,Washington,2020,182002.0,35.0,132.0,19.23,72.53
49,057,49057,Utah,Weber,2020,262989.0,111.0,1004.0,42.21,381.77
49,001,49001,Utah,Beaver,2020,7089.0,10.0,87.0,141.06,1227.25
49,007,49007,Utah,Carbon,2020,20485.0,11.0,91.0,53.7,444.23
49,013,49013,Utah,Duchesne,2020,19617.0,50.0,265.0,254.88,1350.87
49,019,49019,Utah,Grand,2020,9683.0,13.0,88.0,134.26,908.81
49,021,49021,Utah,Iron,2020,57703.0,20.0,110.0,34.66,190.63
49,025,49025,Utah,Kane,2020,7697.0,18.0,20.0,233.86,259.84
49,027,49027,Utah,Millard,2020,13053.0,40.0,184.0,306.44,1409.64
49,037,49037,Utah,San Juan,2020,14521.0,5.0,51.0,34.43,351.22
49,041,49041,Utah,Sevier,2020,21554.0,11.0,65.0,51.03,301.57
49,043,49043,Utah,Summit,2020,42478.0,27.0,454.0,63.56,1068.79
49,047,49047,Utah,Uintah,2020,35676.0,51.0,201.0,142.95,563.4
49,051,49051,Utah,Wasatch,2020,35061.0,18.0,94.0,51.34,268.1
50,011,50011,Vermont,Franklin,2020,50041.0,13.0,14.0,25.98,27.98
50,013,50013,Vermont,Grand Isle,2020,7277.0,12.0,38.0,164.9,522.19
50,001,50001,Vermont,Addison,2020,37362.0,0.0,1.0,0.0,2.68
50,003,50003,Vermont,Bennington,2020,37318.0,1.0,5.0,2.68,13.4
50,009,50009,Vermont,Essex,2020,5921.0,2.0,13.0,33.78,219.56
50,015,50015,Vermont,Lamoille,2020,25927.0,4.0,34.0,15.43,131.14
50,017,50017,Vermont,Orange,2020,29296.0,9.0,21.0,30.72,71.68
50,019,50019,Vermont,Orleans,2020,27404.0,3.0,43.0,10.95,156.91
50,021,50021,Vermont,Rutland,2020,60476.0,0.0,17.0,0.0,28.11
50,023,50023,Vermont,Washington,2020,59766.0,0.0,0.0,0.0,0.0
50,025,50025,Vermont,Windham,2020,45858.0,0.0,15.0,0.0,32.71
50,027,50027,Vermont,Windsor,2020,57727.0,1.0,5.0,1.73,8.66
,,,Virginia,Albemarle County Police Department,2020,112578.0,119.0,1296.0,105.7,1151.2
51,007,51007,Virginia,Amelia,2020,13268.0,18.0,122.0,135.66,919.51
51,009,51009,Virginia,Amherst,2020,31312.0,60.0,336.0,191.62,1073.07
51,011,51011,Virginia,Appomattox,2020,16155.0,10.0,66.0,61.9,408.54
,,,Virginia,Arlington County Police Department,2020,238825.0,371.0,3160.0,155.34,1323.14
51,015,51015,Virginia,Augusta,2020,77586.0,122.0,774.0,157.24,997.6
51,019,51019,Virginia,Bedford,2020,79590.0,86.0,444.0,108.05,557.86
51,023,51023,Virginia,Botetourt,2020,33636.0,31.0,210.0,92.16,624.33
51,031,51031,Virginia,Campbell,2020,55598.0,101.0,620.0,181.66,1115.15
51,036,51036,Virginia,Charles City,2020,6747.0,11.0,34.0,163.04,503.93
,,,Virginia,Chesterfield County Police Department,2020,365330.0,477.0,5008.0,130.57,1370.82
51,043,51043,Virginia,Clarke,2020,14817.0,7.0,54.0,47.24,364.45
51,045,51045,Virginia,Craig,2020,4876.0,1.0,40.0,20.51,820.34
51,047,51047,Virginia,Culpeper,2020,52764.0,12.0,125.0,22.74,236.9
51,053,51053,Virginia,Dinwiddie,2020,27886.0,70.0,258.0,251.02,925.2
,,,Virginia,Fairfax County Police Department,2020,1148598.0,925.0,13575.0,80.53,1181.88
,,,Virginia,Fairfax County Police Department,2020,24174.0,925.0,13575.0,3826.43,56155.37
51,061,51061,Virginia,Fauquier,2020,73012.0,47.0,288.0,64.37,394.46
51,065,51065,Virginia,Fluvanna,2020,27289.0,24.0,107.0,87.95,392.1
51,067,51067,Virginia,Franklin,2020,54478.0,66.0,496.0,121.15,910.46
51,067,51067,Virginia,Franklin,2020,8147.0,66.0,496.0,810.11,6088.13
51,069,51069,Virginia,Frederick,2020,91891.0,73.0,880.0,79.44,957.66
51,071,51071,Virginia,Giles,2020,16786.0,12.0,77.0,71.49,458.72
51,073,51073,Virginia,Gloucester,2020,38723.0,27.0,479.0,69.73,1236.99
51,075,51075,Virginia,Goochland,2020,24866.0,12.0,188.0,48.26,756.05
51,079,51079,Virginia,Greene,2020,20601.0,20.0,190.0,97.08,922.29
51,085,51085,Virginia,Hanover,2020,110211.0,174.0,778.0,157.88,705.92
,,,Virginia,Henrico County Police Department,2020,334929.0,514.0,6947.0,153.47,2074.17
51,093,51093,Virginia,Isle of Wight,2020,38711.0,42.0,192.0,108.5,495.98
,,,Virginia,James City County Police Department,2020,,71.0,632.0,,
51,097,51097,Virginia,King and Queen,2020,6585.0,7.0,40.0,106.3,607.44
51,101,51101,Virginia,King William,2020,17916.0,17.0,71.0,94.89,396.29
51,107,51107,Virginia,Loudoun,2020,422693.0,308.0,2122.0,72.87,502.02
51,113,51113,Virginia,Madison,2020,13862.0,9.0,65.0,64.93,468.91
51,115,51115,Virginia,Mathews,2020,8520.0,6.0,69.0,70.42,809.86
51,121,51121,Virginia,Montgomery,2020,99593.0,77.0,273.0,77.31,274.12
51,125,51125,Virginia,Nelson,2020,14737.0,36.0,205.0,244.28,1391.06
51,127,51127,Virginia,New Kent,2020,23118.0,32.0,243.0,138.42,1051.13
51,145,51145,Virginia,Powhatan,2020,30453.0,38.0,220.0,124.78,722.42
,,,Virginia,Prince George County Police Department,2020,43076.0,119.0,412.0,276.26,956.45
,,,Virginia,Prince William County Police Department,2020,482838.0,942.0,4636.0,195.1,960.16
51,155,51155,Virginia,Pulaski,2020,33806.0,36.0,516.0,106.49,1526.36
51,157,51157,Virginia,Rappahannock,2020,7322.0,7.0,30.0,95.6,409.72
,,,Virginia,Roanoke County Police Department,2020,96958.0,194.0,1105.0,200.09,1139.67
,,,Virginia,Roanoke County Police Department,2020,99903.0,194.0,1105.0,194.19,1106.07
51,165,51165,Virginia,Rockingham,2020,83780.0,69.0,326.0,82.36,389.11
51,169,51169,Virginia,Scott,2020,21595.0,37.0,233.0,171.34,1078.95
51,175,51175,Virginia,Southampton,2020,17950.0,18.0,178.0,100.28,991.64
51,177,51177,Virginia,Spotsylvania,2020,140611.0,150.0,780.0,106.68,554.72
51,179,51179,Virginia,Stafford,2020,157763.0,307.0,1172.0,194.6,742.89
51,183,51183,Virginia,Sussex,2020,10799.0,18.0,76.0,166.68,703.77
51,187,51187,Virginia,Warren,2020,40796.0,19.0,263.0,46.57,644.67
51,191,51191,Virginia,Washington,2020,53910.0,52.0,589.0,96.46,1092.56
51,199,51199,Virginia,York,2020,70236.0,65.0,725.0,92.55,1032.23
51,001,51001,Virginia,Accomack,2020,33400.0,105.0,303.0,314.37,907.19
51,005,51005,Virginia,Alleghany,2020,15187.0,19.0,54.0,125.11,355.57
51,017,51017,Virginia,Bath,2020,4185.0,1.0,18.0,23.89,430.11
51,021,51021,Virginia,Bland,2020,6255.0,6.0,42.0,95.92,671.46
51,025,51025,Virginia,Brunswick,2020,15824.0,9.0,101.0,56.88,638.27
51,027,51027,Virginia,Buchanan,2020,20247.0,37.0,260.0,182.74,1284.14
51,029,51029,Virginia,Buckingham,2020,16826.0,20.0,153.0,118.86,909.31
51,033,51033,Virginia,Caroline,2020,30922.0,51.0,214.0,164.93,692.06
51,035,51035,Virginia,Carroll,2020,29146.0,34.0,227.0,116.65,778.84
51,037,51037,Virginia,Charlotte,2020,11538.0,13.0,136.0,112.67,1178.71
51,049,51049,Virginia,Cumberland,2020,9680.0,22.0,42.0,227.27,433.88
51,051,51051,Virginia,Dickenson,2020,14075.0,21.0,76.0,149.2,539.96
51,057,51057,Virginia,Essex,2020,10597.0,13.0,21.0,122.68,198.17
51,063,51063,Virginia,Floyd,2020,15469.0,18.0,61.0,116.36,394.34
51,077,51077,Virginia,Grayson,2020,15282.0,11.0,131.0,71.98,857.22
51,081,51081,Virginia,Greensville,2020,11387.0,13.0,62.0,114.17,544.48
51,083,51083,Virginia,Halifax,2020,33939.0,21.0,217.0,61.88,639.38
51,089,51089,Virginia,Henry,2020,50845.0,134.0,889.0,263.55,1748.45
51,091,51091,Virginia,Highland,2020,2242.0,1.0,12.0,44.6,535.24
51,099,51099,Virginia,King George,2020,26822.0,60.0,214.0,223.7,797.85
51,103,51103,Virginia,Lancaster,2020,10899.0,40.0,47.0,367.01,431.23
51,105,51105,Virginia,Lee,2020,22110.0,27.0,224.0,122.12,1013.12
51,109,51109,Virginia,Louisa,2020,37785.0,39.0,328.0,103.22,868.07
51,111,51111,Virginia,Lunenburg,2020,11949.0,13.0,33.0,108.8,276.17
51,117,51117,Virginia,Mecklenburg,2020,30285.0,25.0,142.0,82.55,468.88
51,119,51119,Virginia,Middlesex,2020,10609.0,18.0,94.0,169.67,886.04
51,131,51131,Virginia,Northampton,2020,12217.0,23.0,60.0,188.26,491.12
51,133,51133,Virginia,Northumberland,2020,11838.0,11.0,53.0,92.92,447.71
51,135,51135,Virginia,Nottoway,2020,15642.0,22.0,85.0,140.65,543.41
51,137,51137,Virginia,Orange,2020,36396.0,27.0,163.0,74.18,447.85
51,139,51139,Virginia,Page,2020,23695.0,6.0,140.0,25.32,590.84
51,141,51141,Virginia,Patrick,2020,17583.0,43.0,252.0,244.55,1433.2
51,143,51143,Virginia,Pittsylvania,2020,60369.0,77.0,339.0,127.55,561.55
51,147,51147,Virginia,Prince Edward,2020,21879.0,21.0,81.0,95.98,370.22
51,159,51159,Virginia,Richmond,2020,8919.0,0.0,14.0,0.0,156.97
51,159,51159,Virginia,Richmond,2020,226927.0,0.0,14.0,0.0,6.17
51,163,51163,Virginia,Rockbridge,2020,22668.0,43.0,210.0,189.69,926.42
51,167,51167,Virginia,Russell,2020,25761.0,23.0,140.0,89.28,543.46
51,171,51171,Virginia,Shenandoah,2020,44258.0,46.0,224.0,103.94,506.12
51,173,51173,Virginia,Smyth,2020,29780.0,19.0,153.0,63.8,513.77
51,181,51181,Virginia,Surry,2020,6548.0,4.0,27.0,61.09,412.34
51,185,51185,Virginia,Tazewell,2020,40407.0,37.0,302.0,91.57,747.4
51,193,51193,Virginia,Westmoreland,2020,18513.0,20.0,89.0,108.03,480.74
51,195,51195,Virginia,Wise,2020,36072.0,44.0,271.0,121.98,751.28
51,197,51197,Virginia,Wythe,2020,28324.0,23.0,189.0,81.2,667.28
53,003,53003,Washington,Asotin,2020,22327.0,22.0,157.0,98.54,703.18
53,005,53005,Washington,Benton,2020,207408.0,99.0,646.0,47.73,311.46
53,007,53007,Washington,Chelan,2020,79302.0,42.0,315.0,52.96,397.22
53,011,53011,Washington,Clark,2020,505325.0,354.0,2861.0,70.05,566.17
53,015,53015,Washington,Cowlitz,2020,111014.0,53.0,355.0,47.74,319.78
53,017,53017,Washington,Douglas,2020,43033.0,20.0,276.0,46.48,641.37
53,021,53021,Washington,Franklin,2020,97137.0,25.0,138.0,25.74,142.07
53,033,53033,Washington,King,2020,2274304.0,563.0,3645.0,24.75,160.27
53,035,53035,Washington,Kitsap,2020,275811.0,356.0,2448.0,129.07,887.56
53,053,53053,Washington,Pierce,2020,923609.0,1096.0,7093.0,118.66,767.97
53,057,53057,Washington,Skagit,2020,129885.0,71.0,817.0,54.66,629.02
53,059,53059,Washington,Skamania,2020,12038.0,8.0,138.0,66.46,1146.37
53,061,53061,Washington,Snohomish,2020,829901.0,504.0,4339.0,60.73,522.83
53,063,53063,Washington,Spokane,2020,541144.0,202.0,2786.0,37.33,514.84
53,065,53065,Washington,Stevens,2020,46585.0,31.0,350.0,66.55,751.31
53,067,53067,Washington,Thurston,2020,296013.0,209.0,1484.0,70.61,501.33
53,071,53071,Washington,Walla Walla,2020,62620.0,37.0,314.0,59.09,501.44
53,073,53073,Washington,Whatcom,2020,227452.0,142.0,474.0,62.43,208.4
53,077,53077,Washington,Yakima,2020,256716.0,168.0,1345.0,65.44,523.93
53,001,53001,Washington,Adams,2020,20610.0,18.0,107.0,87.34,519.17
53,009,53009,Washington,Clallam,2020,77356.0,80.0,546.0,103.42,705.83
53,013,53013,Washington,Columbia,2020,3954.0,3.0,65.0,75.87,1643.9
53,019,53019,Washington,Ferry,2020,7199.0,1.0,43.0,13.89,597.31
53,023,53023,Washington,Garfield,2020,2296.0,17.0,20.0,740.42,871.08
53,025,53025,Washington,Grant,2020,99446.0,101.0,876.0,101.56,880.88
53,027,53027,Washington,Grays Harbor,2020,75866.0,30.0,229.0,39.54,301.85
53,029,53029,Washington,Island,2020,87001.0,44.0,503.0,50.57,578.15
53,031,53031,Washington,Jefferson,2020,33064.0,22.0,284.0,66.54,858.94
53,037,53037,Washington,Kittitas,2020,46823.0,25.0,237.0,53.39,506.16
53,039,53039,Washington,Klickitat,2020,22817.0,3.0,41.0,13.15,179.69
53,041,53041,Washington,Lewis,2020,82551.0,67.0,387.0,81.16,468.8
53,043,53043,Washington,Lincoln,2020,10926.0,8.0,125.0,73.22,1144.06
53,045,53045,Washington,Mason,2020,66041.0,74.0,836.0,112.05,1265.88
53,049,53049,Washington,Pacific,2020,23503.0,18.0,136.0,76.59,578.65
53,051,53051,Washington,Pend Oreille,2020,13505.0,21.0,136.0,155.5,1007.03
53,055,53055,Washington,San Juan,2020,17825.0,5.0,92.0,28.05,516.13
53,069,53069,Washington,Wahkiakum,2020,4446.0,6.0,34.0,134.95,764.73
53,075,53075,Washington,Whitman,2020,47816.0,15.0,64.0,31.37,133.85
54,003,54003,West Virginia,Berkeley,2020,122693.0,77.0,49.0,62.76,39.94
54,009,54009,West Virginia,Brooke,2020,22481.0,6.0,2.0,26.69,8.9
54,011,54011,West Virginia,Cabell,2020,94245.0,40.0,447.0,42.44,474.3
54,019,54019,West Virginia,Fayette,2020,40442.0,62.0,235.0,153.31,581.08
54,027,54027,West Virginia,Hampshire,2020,23086.0,30.0,89.0,129.95,385.52
54,029,54029,West Virginia,Hancock,2020,29040.0,8.0,2.0,27.55,6.89
54,035,54035,West Virginia,Jackson,2020,27723.0,35.0,16.0,126.25,57.71
54,037,54037,West Virginia,Jefferson,2020,57790.0,28.0,202.0,48.45,349.54
54,039,54039,West Virginia,Kanawha,2020,180215.0,441.0,1228.0,244.71,681.41
54,051,54051,West Virginia,Marshall,2020,30498.0,16.0,71.0,52.46,232.8
54,057,54057,West Virginia,Mineral,2020,26892.0,14.0,54.0,52.06,200.8
54,065,54065,West Virginia,Morgan,2020,17086.0,37.0,31.0,216.55,181.44
54,077,54077,West Virginia,Preston,2020,34201.0,9.0,119.0,26.32,347.94
54,081,54081,West Virginia,Raleigh,2020,74404.0,126.0,645.0,169.35,866.89
54,105,54105,West Virginia,Wirt,2020,5187.0,12.0,35.0,231.35,674.76
54,107,54107,West Virginia,Wood,2020,84153.0,105.0,323.0,124.77,383.82
54,013,54013,West Virginia,Calhoun,2020,6203.0,2.0,11.0,32.24,177.33
54,017,54017,West Virginia,Doddridge,2020,7785.0,12.0,41.0,154.14,526.65
54,025,54025,West Virginia,Greenbrier,2020,32906.0,8.0,88.0,24.31,267.43
54,031,54031,West Virginia,Hardy,2020,14241.0,24.0,9.0,168.53,63.2
54,033,54033,West Virginia,Harrison,2020,65846.0,39.0,104.0,59.23,157.94
54,041,54041,West Virginia,Lewis,2020,17021.0,11.0,6.0,64.63,35.25
54,045,54045,West Virginia,Logan,2020,32514.0,91.0,2.0,279.88,6.15
54,047,54047,West Virginia,McDowell,2020,18942.0,14.0,1.0,73.91,5.28
54,059,54059,West Virginia,Mingo,2020,23489.0,5.0,6.0,21.29,25.54
54,067,54067,West Virginia,Nicholas,2020,24559.0,173.0,10.0,704.43,40.72
54,083,54083,West Virginia,Randolph,2020,27893.0,92.0,148.0,329.83,530.6
54,097,54097,West Virginia,Upshur,2020,23820.0,8.0,5.0,33.59,20.99
54,103,54103,West Virginia,Wetzel,2020,14404.0,20.0,23.0,138.85,159.68
54,109,54109,West Virginia,Wyoming,2020,21322.0,90.0,80.0,422.1,375.2
55,009,55009,Wisconsin,Brown,2020,268952.0,48.0,580.0,17.85,215.65
55,015,55015,Wisconsin,Calumet,2020,52475.0,21.0,85.0,40.02,161.98
55,017,55017,Wisconsin,Chippewa,2020,66334.0,40.0,268.0,60.3,404.02
55,021,55021,Wisconsin,Columbia,2020,58534.0,26.0,235.0,44.42,401.48
55,025,55025,Wisconsin,Dane,2020,562615.0,120.0,768.0,21.33,136.51
55,031,55031,Wisconsin,Douglas,2020,44351.0,11.0,228.0,24.8,514.08
55,035,55035,Wisconsin,Eau Claire,2020,105898.0,20.0,217.0,18.89,204.91
55,039,55039,Wisconsin,Fond du Lac,2020,104159.0,23.0,162.0,22.08,155.53
55,045,55045,Wisconsin,Green,2020,37039.0,3.0,68.0,8.1,183.59
55,049,55049,Wisconsin,Iowa,2020,23716.0,16.0,34.0,67.47,143.36
55,059,55059,Wisconsin,Kenosha,2020,169186.0,59.0,331.0,34.87,195.64
55,061,55061,Wisconsin,Kewaunee,2020,20552.0,16.0,37.0,77.85,180.03
55,063,55063,Wisconsin,La Crosse,2020,120955.0,34.0,134.0,28.11,110.79
55,069,55069,Wisconsin,Lincoln,2020,28423.0,68.0,115.0,239.24,404.6
55,073,55073,Wisconsin,Marathon,2020,138119.0,68.0,284.0,49.23,205.62
55,079,55079,Wisconsin,Milwaukee,2020,938606.0,118.0,147.0,12.57,15.66
55,083,55083,Wisconsin,Oconto,2020,39077.0,8.0,249.0,20.47,637.2
55,087,55087,Wisconsin,Outagamie,2020,190959.0,42.0,314.0,21.99,164.43
55,089,55089,Wisconsin,Ozaukee,2020,91631.0,12.0,81.0,13.1,88.4
55,093,55093,Wisconsin,Pierce,2020,42221.0,12.0,113.0,28.42,267.64
55,101,55101,Wisconsin,Racine,2020,198061.0,35.0,153.0,17.67,77.25
55,105,55105,Wisconsin,Rock,2020,163763.0,39.0,212.0,23.81,129.46
55,117,55117,Wisconsin,Sheboygan,2020,118040.0,44.0,343.0,37.28,290.58
55,109,55109,Wisconsin,St. Croix,2020,93875.0,34.0,294.0,36.22,313.18
55,131,55131,Wisconsin,Washington,2020,136806.0,17.0,192.0,12.43,140.34
55,133,55133,Wisconsin,Waukesha,2020,407506.0,47.0,279.0,11.53,68.47
55,139,55139,Wisconsin,Winnebago,2020,171833.0,20.0,288.0,11.64,167.6
55,003,55003,Wisconsin,Ashland,2020,16028.0,20.0,54.0,124.78,336.91
55,005,55005,Wisconsin,Barron,2020,46719.0,23.0,127.0,49.23,271.84
55,007,55007,Wisconsin,Bayfield,2020,16240.0,15.0,93.0,92.36,572.66
55,011,55011,Wisconsin,Buffalo,2020,13333.0,5.0,19.0,37.5,142.5
55,013,55013,Wisconsin,Burnett,2020,16580.0,45.0,297.0,271.41,1791.31
55,019,55019,Wisconsin,Clark,2020,34640.0,23.0,110.0,66.4,317.55
55,023,55023,Wisconsin,Crawford,2020,16082.0,20.0,160.0,124.36,994.9
55,027,55027,Wisconsin,Dodge,2020,89343.0,39.0,135.0,43.65,151.1
55,029,55029,Wisconsin,Door,2020,30128.0,9.0,97.0,29.87,321.96
55,037,55037,Wisconsin,Florence,2020,4565.0,12.0,5.0,262.87,109.53
55,041,55041,Wisconsin,Forest,2020,9173.0,12.0,42.0,130.82,457.87
55,043,55043,Wisconsin,Grant,2020,51989.0,29.0,115.0,55.78,221.2
55,047,55047,Wisconsin,Green Lake,2020,19016.0,4.0,50.0,21.03,262.94
55,051,55051,Wisconsin,Iron,2020,6144.0,4.0,46.0,65.1,748.7
55,053,55053,Wisconsin,Jackson,2020,21096.0,8.0,139.0,37.92,658.89
55,055,55055,Wisconsin,Jefferson,2020,86219.0,23.0,221.0,26.68,256.32
55,057,55057,Wisconsin,Juneau,2020,26779.0,27.0,186.0,100.83,694.57
55,065,55065,Wisconsin,Lafayette,2020,16619.0,8.0,52.0,48.14,312.89
55,071,55071,Wisconsin,Manitowoc,2020,81401.0,24.0,136.0,29.48,167.07
55,075,55075,Wisconsin,Marinette,2020,41887.0,24.0,182.0,57.3,434.5
55,077,55077,Wisconsin,Marquette,2020,15594.0,7.0,70.0,44.89,448.89
55,078,55078,Wisconsin,Menominee,2020,4258.0,1.0,11.0,23.49,258.34
55,081,55081,Wisconsin,Monroe,2020,46307.0,50.0,249.0,107.98,537.72
55,085,55085,Wisconsin,Oneida,2020,37864.0,24.0,82.0,63.38,216.56
55,091,55091,Wisconsin,Pepin,2020,7349.0,3.0,27.0,40.82,367.4
55,095,55095,Wisconsin,Polk,2020,45028.0,30.0,202.0,66.63,448.61
55,097,55097,Wisconsin,Portage,2020,70423.0,30.0,121.0,42.6,171.82
55,099,55099,Wisconsin,Price,2020,14032.0,5.0,84.0,35.63,598.63
55,107,55107,Wisconsin,Rusk,2020,14169.0,34.0,35.0,239.96,247.02
55,111,55111,Wisconsin,Sauk,2020,65796.0,22.0,247.0,33.44,375.4
55,113,55113,Wisconsin,Sawyer,2020,18122.0,35.0,138.0,193.14,761.51
55,115,55115,Wisconsin,Shawano,2020,40859.0,31.0,231.0,75.87,565.36
55,119,55119,Wisconsin,Taylor,2020,19942.0,15.0,62.0,75.22,310.9
55,121,55121,Wisconsin,Trempealeau,2020,30825.0,13.0,58.0,42.17,188.16
55,123,55123,Wisconsin,Vernon,2020,30695.0,4.0,94.0,13.03,306.24
55,125,55125,Wisconsin,Vilas,2020,23093.0,4.0,93.0,17.32,402.72
55,127,55127,Wisconsin,Walworth,2020,105324.0,17.0,94.0,16.14,89.25
55,129,55129,Wisconsin,Washburn,2020,16618.0,15.0,90.0,90.26,541.58
55,137,55137,Wisconsin,Waushara,2020,24532.0,21.0,113.0,85.6,460.62
55,141,55141,Wisconsin,Wood,2020,74180.0,17.0,127.0,22.92,171.21
56,021,56021,Wyoming,Laramie,2020,100727.0,83.0,424.0,82.4,420.94
56,025,56025,Wyoming,Natrona,2020,80299.0,47.0,146.0,58.53,181.82
56,003,56003,Wyoming,Big Horn,2020,11480.0,5.0,22.0,43.55,191.64
56,005,56005,Wyoming,Campbell,2020,47146.0,41.0,116.0,86.96,246.04
56,007,56007,Wyoming,Carbon,2020,14508.0,9.0,25.0,62.03,172.32
56,009,56009,Wyoming,Converse,2020,13748.0,9.0,35.0,65.46,254.58
56,011,56011,Wyoming,Crook,2020,7183.0,5.0,17.0,69.61,236.67
56,013,56013,Wyoming,Fremont,2020,39192.0,16.0,199.0,40.82,507.76
56,015,56015,Wyoming,Goshen,2020,12520.0,16.0,60.0,127.8,479.23
56,017,56017,Wyoming,Hot Springs,2020,4621.0,0.0,19.0,0.0,411.17
56,019,56019,Wyoming,Johnson,2020,8469.0,9.0,42.0,106.27,495.93
56,023,56023,Wyoming,Lincoln,2020,19654.0,19.0,84.0,96.67,427.39
56,027,56027,Wyoming,Niobrara,2020,2451.0,3.0,13.0,122.4,530.4
56,029,56029,Wyoming,Park,2020,29670.0,17.0,74.0,57.3,249.41
56,031,56031,Wyoming,Platte,2020,8632.0,2.0,48.0,23.17,556.07
56,033,56033,Wyoming,Sheridan,2020,31006.0,10.0,45.0,32.25,145.13
56,035,56035,Wyoming,Sublette,2020,8740.0,1.0,43.0,11.44,491.99
56,037,56037,Wyoming,Sweetwater,2020,42194.0,16.0,76.0,37.92,180.12
56,041,56041,Wyoming,Uinta,2020,20462.0,8.0,37.0,39.1,180.82
56,043,56043,Wyoming,Washakie,2020,7659.0,3.0,6.0,39.17,78.34
56,045,56045,Wyoming,Weston,2020,6820.0,3.0,0.0,43.99,0.0
01,001,01001,Alabama,Autauga,2021,59207.0,62.0,265.0,104.72,447.58
01,007,01007,Alabama,Bibb,2021,22346.0,26.0,104.0,116.35,465.41
01,009,01009,Alabama,Blount,2021,59036.0,66.0,259.0,111.8,438.72
01,033,01033,Alabama,Colbert,2021,57651.0,61.0,241.0,105.81,418.03
01,055,01055,Alabama,Etowah,2021,102924.0,27.0,121.0,26.23,117.56
01,061,01061,Alabama,Geneva,2021,26630.0,23.0,151.0,86.37,567.03
01,067,01067,Alabama,Henry,2021,17419.0,21.0,51.0,120.56,292.78
01,069,01069,Alabama,Houston,2021,107470.0,11.0,113.0,10.24,105.15
01,077,01077,Alabama,Lauderdale,2021,94877.0,44.0,428.0,46.38,451.11
01,079,01079,Alabama,Lawrence,2021,33064.0,22.0,76.0,66.54,229.86
01,085,01085,Alabama,Lowndes,2021,9945.0,64.0,224.0,643.54,2252.39
01,097,01097,Alabama,Mobile,2021,413299.0,265.0,1288.0,64.12,311.64
01,117,01117,Alabama,Shelby,2021,227449.0,5.0,24.0,2.2,10.55
01,115,01115,Alabama,St. Clair,2021,92898.0,42.0,121.0,45.21,130.25
01,129,01129,Alabama,Washington,2021,15233.0,21.0,99.0,137.86,649.9
01,005,01005,Alabama,Barbour,2021,24510.0,19.0,55.0,77.52,224.4
01,019,01019,Alabama,Cherokee,2021,25056.0,71.0,339.0,283.37,1352.97
01,025,01025,Alabama,Clarke,2021,22732.0,63.0,99.0,277.14,435.51
01,027,01027,Alabama,Clay,2021,14164.0,25.0,65.0,176.5,458.91
01,029,01029,Alabama,Cleburne,2021,15161.0,18.0,188.0,118.73,1240.02
01,039,01039,Alabama,Covington,2021,37523.0,8.0,101.0,21.32,269.17
01,041,01041,Alabama,Crenshaw,2021,13060.0,15.0,74.0,114.85,566.62
01,043,01043,Alabama,Cullman,2021,89579.0,109.0,918.0,121.68,1024.79
01,047,01047,Alabama,Dallas,2021,37486.0,81.0,302.0,216.08,805.63
01,049,01049,Alabama,DeKalb,2021,71878.0,56.0,169.0,77.91,235.12
01,057,01057,Alabama,Fayette,2021,16125.0,3.0,27.0,18.6,167.44
01,087,01087,Alabama,Macon,2021,18914.0,5.0,16.0,26.44,84.59
01,091,01091,Alabama,Marengo,2021,18974.0,7.0,38.0,36.89,200.27
01,093,01093,Alabama,Marion,2021,28990.0,2.0,34.0,6.9,117.28
01,095,01095,Alabama,Marshall,2021,98262.0,37.0,295.0,37.65,300.22
01,099,01099,Alabama,Monroe,2021,19532.0,18.0,39.0,92.16,199.67
01,111,01111,Alabama,Randolph,2021,22165.0,34.0,210.0,153.39,947.44
01,121,01121,Alabama,Talladega,2021,80549.0,90.0,406.0,111.73,504.04
01,123,01123,Alabama,Tallapoosa,2021,41101.0,34.0,83.0,82.72,201.94
01,133,01133,Alabama,Winston,2021,23656.0,9.0,88.0,38.05,372.0
04,003,04003,Arizona,Cochise,2021,126215.0,86.0,296.0,68.14,234.52
04,005,04005,Arizona,Coconino,2021,142851.0,94.0,213.0,65.8,149.11
04,015,04015,Arizona,Mohave,2021,217232.0,246.0,1649.0,113.24,759.1
04,019,04019,Arizona,Pima,2021,1049271.0,910.0,7024.0,86.73,669.42
04,021,04021,Arizona,Pinal,2021,449128.0,311.0,1531.0,69.25,340.88
04,025,04025,Arizona,Yavapai,2021,242454.0,260.0,602.0,107.24,248.29
04,027,04027,Arizona,Yuma,2021,207654.0,176.0,937.0,84.76,451.23
05,007,05007,Arkansas,Benton,2021,294169.0,175.0,400.0,59.49,135.98
05,025,05025,Arkansas,Cleveland,2021,7487.0,17.0,130.0,227.06,1736.34
05,031,05031,Arkansas,Craighead,2021,111720.0,52.0,314.0,46.54,281.06
05,033,05033,Arkansas,Crawford,2021,60410.0,56.0,308.0,92.7,509.85
05,035,05035,Arkansas,Crittenden,2021,47414.0,188.0,263.0,396.51,554.69
05,045,05045,Arkansas,Faulkner,2021,125630.0,152.0,786.0,120.99,625.65
05,047,05047,Arkansas,Franklin,2021,17142.0,59.0,131.0,344.18,764.2
05,051,05051,Arkansas,Garland,2021,100318.0,360.0,1260.0,358.86,1256.01
05,053,05053,Arkansas,Grant,2021,18116.0,34.0,179.0,187.68,988.08
05,069,05069,Arkansas,Jefferson,2021,65599.0,82.0,440.0,125.0,670.74
05,079,05079,Arkansas,Lincoln,2021,13184.0,4.0,36.0,30.34,273.06
05,081,05081,Arkansas,Little River,2021,11936.0,20.0,82.0,167.56,687.0
05,085,05085,Arkansas,Lonoke,2021,74754.0,122.0,366.0,163.2,489.61
05,087,05087,Arkansas,Madison,2021,16961.0,56.0,128.0,330.17,754.67
05,091,05091,Arkansas,Miller,2021,42460.0,63.0,147.0,148.37,346.21
05,105,05105,Arkansas,Perry,2021,9985.0,24.0,121.0,240.36,1211.82
05,111,05111,Arkansas,Poinsett,2021,22658.0,31.0,100.0,136.82,441.35
05,119,05119,Arkansas,Pulaski,2021,398104.0,722.0,1593.0,181.36,400.15
05,125,05125,Arkansas,Saline,2021,125391.0,165.0,712.0,131.59,567.82
05,131,05131,Arkansas,Sebastian,2021,128221.0,37.0,112.0,28.86,87.35
05,143,05143,Arkansas,Washington,2021,251689.0,125.0,552.0,49.66,219.32
05,001,05001,Arkansas,Arkansas,2021,16670.0,28.0,62.0,167.97,371.93
05,003,05003,Arkansas,Ashley,2021,18642.0,24.0,105.0,128.74,563.24
05,005,05005,Arkansas,Baxter,2021,42182.0,43.0,402.0,101.94,953.01
05,009,05009,Arkansas,Boone,2021,37879.0,108.0,134.0,285.12,353.76
05,011,05011,Arkansas,Bradley,2021,10338.0,7.0,26.0,67.71,251.5
05,013,05013,Arkansas,Calhoun,2021,4728.0,9.0,57.0,190.36,1205.58
05,015,05015,Arkansas,Carroll,2021,28533.0,37.0,91.0,129.67,318.93
05,017,05017,Arkansas,Chicot,2021,10038.0,13.0,80.0,129.51,796.97
05,019,05019,Arkansas,Clark,2021,21246.0,24.0,69.0,112.96,324.77
05,023,05023,Arkansas,Cleburne,2021,25012.0,188.0,288.0,751.64,1151.45
05,027,05027,Arkansas,Columbia,2021,22471.0,37.0,130.0,164.66,578.52
05,029,05029,Arkansas,Conway,2021,20909.0,72.0,260.0,344.35,1243.48
05,043,05043,Arkansas,Drew,2021,17067.0,32.0,91.0,187.5,533.19
05,049,05049,Arkansas,Fulton,2021,12139.0,39.0,64.0,321.28,527.23
05,057,05057,Arkansas,Hempstead,2021,19662.0,38.0,100.0,193.27,508.6
05,059,05059,Arkansas,Hot Spring,2021,33079.0,24.0,122.0,72.55,368.81
05,061,05061,Arkansas,Howard,2021,12691.0,11.0,59.0,86.68,464.9
05,063,05063,Arkansas,Independence,2021,38051.0,191.0,448.0,501.96,1177.37
05,065,05065,Arkansas,Izard,2021,13920.0,97.0,97.0,696.84,696.84
05,067,05067,Arkansas,Jackson,2021,16762.0,44.0,107.0,262.5,638.35
05,071,05071,Arkansas,Johnson,2021,25942.0,97.0,115.0,373.91,443.3
05,075,05075,Arkansas,Lawrence,2021,16289.0,31.0,85.0,190.31,521.82
05,077,05077,Arkansas,Lee,2021,8620.0,15.0,72.0,174.01,835.27
05,083,05083,Arkansas,Logan,2021,21226.0,68.0,190.0,320.36,895.13
05,089,05089,Arkansas,Marion,2021,16965.0,27.0,122.0,159.15,719.13
05,093,05093,Arkansas,Mississippi,2021,39511.0,20.0,288.0,50.62,728.91
05,099,05099,Arkansas,Nevada,2021,8181.0,14.0,33.0,171.13,403.37
05,101,05101,Arkansas,Newton,2021,7164.0,28.0,47.0,390.84,656.06
05,109,05109,Arkansas,Pike,2021,10106.0,1.0,32.0,9.9,316.64
05,113,05113,Arkansas,Polk,2021,19322.0,75.0,72.0,388.16,372.63
05,115,05115,Arkansas,Pope,2021,63742.0,87.0,181.0,136.49,283.96
05,117,05117,Arkansas,Prairie,2021,8079.0,11.0,60.0,136.16,742.67
05,121,05121,Arkansas,Randolph,2021,18790.0,30.0,129.0,159.66,686.54
05,127,05127,Arkansas,Scott,2021,9792.0,18.0,70.0,183.82,714.87
05,129,05129,Arkansas,Searcy,2021,7903.0,17.0,11.0,215.11,139.19
05,133,05133,Arkansas,Sevier,2021,15704.0,44.0,42.0,280.18,267.45
05,123,05123,Arkansas,St. Francis,2021,22711.0,53.0,64.0,233.37,281.8
05,137,05137,Arkansas,Stone,2021,12445.0,27.0,56.0,216.95,449.98
05,139,05139,Arkansas,Union,2021,38312.0,61.0,209.0,159.22,545.52
05,141,05141,Arkansas,Van Buren,2021,15777.0,42.0,144.0,266.21,912.72
05,145,05145,Arkansas,White,2021,77072.0,270.0,628.0,350.32,814.82
05,149,05149,Arkansas,Yell,2021,20130.0,54.0,126.0,268.26,625.93
,,,Arkansas,San Diego,2021,,2559.0,9313.0,,
08,001,08001,Colorado,Adams,2021,523159.0,657.0,3448.0,125.58,659.07
08,005,08005,Colorado,Arapahoe,2021,657020.0,217.0,2566.0,33.03,390.55
08,013,08013,Colorado,Boulder,2021,327325.0,114.0,819.0,34.83,250.21
08,019,08019,Colorado,Clear Creek,2021,9403.0,7.0,59.0,74.44,627.46
08,035,08035,Colorado,Douglas,2021,369831.0,390.0,2775.0,105.45,750.34
08,041,08041,Colorado,El Paso,2021,738405.0,553.0,2291.0,74.89,310.26
08,047,08047,Colorado,Gilpin,2021,5891.0,13.0,96.0,220.68,1629.6
08,059,08059,Colorado,Jefferson,2021,581002.0,386.0,3287.0,66.44,565.75
08,069,08069,Colorado,Larimer,2021,362865.0,187.0,883.0,51.53,243.34
08,077,08077,Colorado,Mesa,2021,157516.0,225.0,1160.0,142.84,736.43
08,093,08093,Colorado,Park,2021,17763.0,45.0,53.0,253.34,298.37
08,101,08101,Colorado,Pueblo,2021,169383.0,41.0,1152.0,24.21,680.12
08,119,08119,Colorado,Teller,2021,24954.0,24.0,71.0,96.18,284.52
08,123,08123,Colorado,Weld,2021,339891.0,161.0,797.0,47.37,234.49
08,003,08003,Colorado,Alamosa,2021,16584.0,14.0,104.0,84.42,627.11
08,007,08007,Colorado,Archuleta,2021,13808.0,41.0,88.0,296.93,637.31
08,009,08009,Colorado,Baca,2021,3491.0,2.0,3.0,57.29,85.94
08,011,08011,Colorado,Bent,2021,5336.0,6.0,56.0,112.44,1049.48
08,015,08015,Colorado,Chaffee,2021,19731.0,17.0,49.0,86.16,248.34
08,021,08021,Colorado,Conejos,2021,7588.0,16.0,20.0,210.86,263.57
08,025,08025,Colorado,Crowley,2021,5758.0,12.0,33.0,208.41,573.12
08,027,08027,Colorado,Custer,2021,5069.0,14.0,53.0,276.19,1045.57
08,029,08029,Colorado,Delta,2021,31414.0,10.0,160.0,31.83,509.33
08,033,08033,Colorado,Dolores,2021,2375.0,0.0,20.0,0.0,842.11
08,037,08037,Colorado,Eagle,2021,55786.0,26.0,80.0,46.61,143.41
08,043,08043,Colorado,Fremont,2021,49212.0,27.0,178.0,54.86,361.7
08,045,08045,Colorado,Garfield,2021,62122.0,71.0,183.0,114.29,294.58
08,051,08051,Colorado,Gunnison,2021,17291.0,5.0,14.0,28.92,80.97
08,053,08053,Colorado,Hinsdale,2021,773.0,0.0,4.0,0.0,517.46
08,055,08055,Colorado,Huerfano,2021,6940.0,24.0,179.0,345.82,2579.25
08,061,08061,Colorado,Kiowa,2021,1452.0,5.0,18.0,344.35,1239.67
08,063,08063,Colorado,Kit Carson,2021,6930.0,5.0,21.0,72.15,303.03
08,065,08065,Colorado,Lake,2021,7404.0,6.0,22.0,81.04,297.14
08,067,08067,Colorado,La Plata,2021,56164.0,38.0,192.0,67.66,341.86
08,071,08071,Colorado,Las Animas,2021,14335.0,12.0,167.0,83.71,1164.98
08,075,08075,Colorado,Logan,2021,21015.0,20.0,73.0,95.17,347.37
08,081,08081,Colorado,Moffat,2021,13161.0,14.0,43.0,106.37,326.72
08,083,08083,Colorado,Montezuma,2021,26258.0,36.0,164.0,137.1,624.57
08,085,08085,Colorado,Montrose,2021,43247.0,26.0,171.0,60.12,395.4
08,087,08087,Colorado,Morgan,2021,29020.0,15.0,121.0,51.69,416.95
08,089,08089,Colorado,Otero,2021,18517.0,9.0,82.0,48.6,442.84
08,091,08091,Colorado,Ouray,2021,5059.0,1.0,32.0,19.77,632.54
08,095,08095,Colorado,Phillips,2021,4504.0,0.0,0.0,0.0,0.0
08,097,08097,Colorado,Pitkin,2021,17360.0,4.0,18.0,23.04,103.69
08,099,08099,Colorado,Prowers,2021,11939.0,7.0,33.0,58.63,276.41
08,103,08103,Colorado,Rio Blanco,2021,6444.0,2.0,16.0,31.04,248.29
08,105,08105,Colorado,Rio Grande,2021,11403.0,4.0,71.0,35.08,622.64
08,107,08107,Colorado,Routt,2021,25073.0,3.0,32.0,11.97,127.63
08,111,08111,Colorado,San Juan,2021,739.0,2.0,6.0,270.64,811.91
08,113,08113,Colorado,San Miguel,2021,8086.0,2.0,6.0,24.73,74.2
08,117,08117,Colorado,Summit,2021,31250.0,40.0,199.0,128.0,636.8
08,121,08121,Colorado,Washington,2021,4865.0,2.0,63.0,41.11,1294.96
08,125,08125,Colorado,Yuma,2021,9939.0,4.0,37.0,40.25,372.27
,,,Delaware,New Castle County Police Department,2021,572097.0,791.0,3430.0,138.26,599.55
13,013,13013,Georgia,Barrow,2021,86864.0,107.0,808.0,123.18,930.19
13,015,13015,Georgia,Bartow,2021,110900.0,103.0,1054.0,92.88,950.41
13,021,13021,Georgia,Bibb,2021,156161.0,1821.0,4492.0,1166.1,2876.52
13,025,13025,Georgia,Brantley,2021,18119.0,48.0,330.0,264.92,1821.29
13,027,13027,Georgia,Brooks,2021,16267.0,28.0,118.0,172.13,725.39
13,029,13029,Georgia,Bryan,2021,47007.0,33.0,196.0,70.2,416.96
13,033,13033,Georgia,Burke,2021,24340.0,18.0,245.0,73.95,1006.57
13,035,13035,Georgia,Butts,2021,26201.0,38.0,179.0,145.03,683.18
13,045,13045,Georgia,Carroll,2021,121007.0,147.0,988.0,121.48,816.48
13,047,13047,Georgia,Catoosa,2021,68530.0,65.0,489.0,94.85,713.56
13,057,13057,Georgia,Cherokee,2021,274628.0,189.0,899.0,68.82,327.35
13,059,13059,Georgia,Clarke,2021,129248.0,0.0,0.0,0.0,0.0
13,067,13067,Georgia,Cobb,2021,767036.0,23.0,366.0,3.0,47.72
,,,Georgia,Cobb County Police Department,2021,767036.0,1330.0,7988.0,173.39,1041.41
13,077,13077,Georgia,Coweta,2021,150010.0,679.0,895.0,452.64,596.63
13,079,13079,Georgia,Crawford,2021,12112.0,35.0,134.0,288.97,1106.34
13,085,13085,Georgia,Dawson,2021,28527.0,52.0,314.0,182.28,1100.71
13,089,13089,Georgia,DeKalb,2021,759708.0,25.0,0.0,3.29,0.0
,,,Georgia,DeKalb County Police Department,2021,759708.0,4135.0,14944.0,544.29,1967.07
13,095,13095,Georgia,Dougherty,2021,82320.0,10.0,22.0,12.15,26.72
,,,Georgia,Dougherty County Police Department,2021,82320.0,32.0,207.0,38.87,251.46
13,097,13097,Georgia,Douglas,2021,145839.0,202.0,807.0,138.51,553.35
13,103,13103,Georgia,Effingham,2021,66768.0,48.0,292.0,71.89,437.34
13,113,13113,Georgia,Fayette,2021,120786.0,38.0,329.0,31.46,272.38
13,115,13115,Georgia,Floyd,2021,98440.0,5.0,4.0,5.08,4.06
,,,Georgia,Floyd County Police Department,2021,98440.0,151.0,769.0,153.39,781.19
13,117,13117,Georgia,Forsyth,2021,260730.0,136.0,1172.0,52.16,449.51
,,,Georgia,Fulton County Police Department,2021,1063193.0,97.0,235.0,9.12,22.1
13,127,13127,Georgia,Glynn,2021,84827.0,0.0,0.0,0.0,0.0
,,,Georgia,Glynn County Police Department,2021,84827.0,280.0,1356.0,330.08,1598.55
13,139,13139,Georgia,Hall,2021,206988.0,297.0,1285.0,143.49,620.81
13,143,13143,Georgia,Haralson,2021,30617.0,66.0,300.0,215.57,979.85
13,145,13145,Georgia,Harris,2021,35618.0,8.0,123.0,22.46,345.33
13,149,13149,Georgia,Heard,2021,11504.0,17.0,119.0,147.77,1034.42
,,,Georgia,Henry County Police Department,2021,245296.0,476.0,2605.0,194.05,1061.98
13,159,13159,Georgia,Jasper,2021,15270.0,55.0,166.0,360.18,1087.1
13,169,13169,Georgia,Jones,2021,28359.0,60.0,167.0,211.57,588.88
13,171,13171,Georgia,Lamar,2021,18700.0,9.0,79.0,48.13,422.46
13,173,13173,Georgia,Lanier,2021,10028.0,13.0,108.0,129.64,1076.98
13,177,13177,Georgia,Lee,2021,33179.0,51.0,447.0,153.71,1347.24
13,183,13183,Georgia,Long,2021,17071.0,9.0,70.0,52.72,410.05
13,185,13185,Georgia,Lowndes,2021,118946.0,126.0,795.0,105.93,668.37
13,195,13195,Georgia,Madison,2021,30883.0,90.0,244.0,291.42,790.08
13,197,13197,Georgia,Marion,2021,7428.0,11.0,41.0,148.09,551.97
13,189,13189,Georgia,McDuffie,2021,21631.0,42.0,164.0,194.17,758.17
13,191,13191,Georgia,McIntosh,2021,11069.0,20.0,129.0,180.68,1165.42
13,213,13213,Georgia,Murray,2021,39945.0,72.0,222.0,180.25,555.76
13,217,13217,Georgia,Newton,2021,115293.0,392.0,1070.0,340.0,928.07
13,219,13219,Georgia,Oconee,2021,43030.0,42.0,518.0,97.61,1203.81
13,221,13221,Georgia,Oglethorpe,2021,15179.0,33.0,150.0,217.41,988.21
13,223,13223,Georgia,Paulding,2021,173777.0,411.0,1247.0,236.51,717.59
13,225,13225,Georgia,Peach,2021,28321.0,21.0,129.0,74.15,455.49
13,227,13227,Georgia,Pickens,2021,34033.0,54.0,148.0,158.67,434.87
13,231,13231,Georgia,Pike,2021,19585.0,15.0,100.0,76.59,510.59
13,247,13247,Georgia,Rockdale,2021,93867.0,59.0,17.0,62.85,18.11
13,255,13255,Georgia,Spalding,2021,67711.0,154.0,578.0,227.44,853.63
13,289,13289,Georgia,Twiggs,2021,7859.0,15.0,83.0,190.86,1056.11
13,297,13297,Georgia,Walton,2021,99890.0,34.0,240.0,34.04,240.26
13,313,13313,Georgia,Whitfield,2021,102742.0,305.0,897.0,296.86,873.06
13,321,13321,Georgia,Worth,2021,20532.0,46.0,163.0,224.04,793.88
13,003,13003,Georgia,Atkinson,2021,8357.0,18.0,56.0,215.39,670.1
13,009,13009,Georgia,Baldwin,2021,43702.0,173.0,535.0,395.86,1224.2
13,011,13011,Georgia,Banks,2021,18607.0,37.0,376.0,198.85,2020.74
13,017,13017,Georgia,Ben Hill,2021,17133.0,27.0,155.0,157.59,904.69
13,019,13019,Georgia,Berrien,2021,18128.0,19.0,116.0,104.81,639.89
13,023,13023,Georgia,Bleckley,2021,12287.0,19.0,85.0,154.63,691.79
13,031,13031,Georgia,Bulloch,2021,80684.0,24.0,308.0,29.75,381.74
13,043,13043,Georgia,Candler,2021,10958.0,15.0,91.0,136.89,830.44
13,055,13055,Georgia,Chattooga,2021,24856.0,33.0,202.0,132.76,812.68
13,061,13061,Georgia,Clay,2021,2869.0,3.0,10.0,104.57,348.55
13,065,13065,Georgia,Clinch,2021,6715.0,1.0,33.0,14.89,491.44
13,069,13069,Georgia,Coffee,2021,43041.0,70.0,329.0,162.64,764.39
13,075,13075,Georgia,Cook,2021,17258.0,13.0,130.0,75.33,753.27
13,081,13081,Georgia,Crisp,2021,20011.0,32.0,260.0,159.91,1299.29
13,087,13087,Georgia,Decatur,2021,29217.0,49.0,233.0,167.71,797.48
13,091,13091,Georgia,Dodge,2021,19741.0,30.0,170.0,151.97,861.15
13,099,13099,Georgia,Early,2021,10634.0,22.0,58.0,206.88,545.42
13,105,13105,Georgia,Elbert,2021,19586.0,20.0,102.0,102.11,520.78
13,111,13111,Georgia,Fannin,2021,25829.0,17.0,117.0,65.82,452.98
13,119,13119,Georgia,Franklin,2021,23526.0,40.0,160.0,170.02,680.1
13,123,13123,Georgia,Gilmer,2021,32086.0,56.0,233.0,174.53,726.17
13,125,13125,Georgia,Glascock,2021,2900.0,10.0,30.0,344.83,1034.48
13,129,13129,Georgia,Gordon,2021,58250.0,74.0,355.0,127.04,609.44
13,131,13131,Georgia,Grady,2021,25847.0,29.0,151.0,112.2,584.21
13,133,13133,Georgia,Greene,2021,19545.0,25.0,149.0,127.91,762.34
13,137,13137,Georgia,Habersham,2021,46725.0,33.0,305.0,70.63,652.76
13,141,13141,Georgia,Hancock,2021,8695.0,10.0,57.0,115.01,655.55
13,147,13147,Georgia,Hart,2021,26295.0,74.0,206.0,281.42,783.42
13,155,13155,Georgia,Irwin,2021,9356.0,15.0,79.0,160.32,844.38
13,157,13157,Georgia,Jackson,2021,80421.0,77.0,537.0,95.75,667.74
13,161,13161,Georgia,Jeff Davis,2021,14866.0,23.0,32.0,154.72,215.26
13,163,13163,Georgia,Jefferson,2021,15490.0,34.0,116.0,219.5,748.87
13,165,13165,Georgia,Jenkins,2021,8791.0,11.0,48.0,125.13,546.01
13,175,13175,Georgia,Laurens,2021,49531.0,66.0,346.0,133.25,698.55
13,187,13187,Georgia,Lumpkin,2021,32843.0,46.0,246.0,140.06,749.02
13,205,13205,Georgia,Mitchell,2021,21314.0,28.0,198.0,131.37,928.97
13,229,13229,Georgia,Pierce,2021,19987.0,42.0,222.0,210.14,1110.72
13,233,13233,Georgia,Polk,2021,43359.0,3.0,1.0,6.92,2.31
13,235,13235,Georgia,Pulaski,2021,9563.0,40.0,167.0,418.28,1746.31
13,237,13237,Georgia,Putnam,2021,22616.0,37.0,159.0,163.6,703.04
13,241,13241,Georgia,Rabun,2021,17151.0,14.0,161.0,81.63,938.72
13,249,13249,Georgia,Schley,2021,4489.0,3.0,14.0,66.83,311.87
13,253,13253,Georgia,Seminole,2021,9171.0,19.0,63.0,207.17,686.95
13,261,13261,Georgia,Sumter,2021,29004.0,17.0,114.0,58.61,393.05
13,267,13267,Georgia,Tattnall,2021,24137.0,11.0,119.0,45.57,493.02
13,275,13275,Georgia,Thomas,2021,45852.0,59.0,449.0,128.67,979.24
13,277,13277,Georgia,Tift,2021,41103.0,138.0,529.0,335.74,1287.01
13,281,13281,Georgia,Towns,2021,12879.0,10.0,43.0,77.65,333.88
13,283,13283,Georgia,Treutlen,2021,6374.0,12.0,40.0,188.26,627.55
13,285,13285,Georgia,Troup,2021,69768.0,65.0,436.0,93.17,624.93
13,287,13287,Georgia,Turner,2021,8925.0,10.0,48.0,112.04,537.82
13,291,13291,Georgia,Union,2021,25612.0,10.0,157.0,39.04,612.99
13,299,13299,Georgia,Ware,2021,35587.0,22.0,98.0,61.82,275.38
13,303,13303,Georgia,Washington,2021,19756.0,35.0,115.0,177.16,582.1
13,307,13307,Georgia,Webster,2021,2361.0,0.0,0.0,0.0,0.0
13,309,13309,Georgia,Wheeler,2021,7747.0,4.0,38.0,51.63,490.51
13,311,13311,Georgia,White,2021,28386.0,28.0,163.0,98.64,574.23
13,317,13317,Georgia,Wilkes,2021,9496.0,84.0,153.0,884.58,1611.2
13,319,13319,Georgia,Wilkinson,2021,8796.0,9.0,26.0,102.32,295.59
15,007,15007,Hawaii,Kauai Police Department,2021,73843.0,212.0,1003.0,287.1,1358.29
16,001,16001,Idaho,Ada,2021,513092.0,243.0,510.0,47.36,99.4
16,005,16005,Idaho,Bannock,2021,88605.0,13.0,73.0,14.67,82.39
16,015,16015,Idaho,Boise,2021,8146.0,21.0,51.0,257.8,626.07
16,019,16019,Idaho,Bonneville,2021,128072.0,130.0,642.0,101.51,501.28
16,023,16023,Idaho,Butte,2021,2664.0,5.0,5.0,187.69,187.69
16,027,16027,Idaho,Canyon,2021,243711.0,114.0,325.0,46.78,133.35
16,041,16041,Idaho,Franklin,2021,14675.0,4.0,22.0,27.26,149.91
16,045,16045,Idaho,Gem,2021,19802.0,10.0,23.0,50.5,116.15
16,051,16051,Idaho,Jefferson,2021,32207.0,24.0,131.0,74.52,406.74
16,053,16053,Idaho,Jerome,2021,24741.0,43.0,122.0,173.8,493.11
16,055,16055,Idaho,Kootenai,2021,180104.0,162.0,694.0,89.95,385.33
16,069,16069,Idaho,Nez Perce,2021,42515.0,11.0,46.0,25.87,108.2
16,077,16077,Idaho,Power,2021,7982.0,5.0,31.0,62.64,388.37
16,003,16003,Idaho,Adams,2021,4619.0,10.0,36.0,216.5,779.39
16,009,16009,Idaho,Benewah,2021,9896.0,28.0,77.0,282.94,778.09
16,011,16011,Idaho,Bingham,2021,48932.0,40.0,146.0,81.75,298.37
16,013,16013,Idaho,Blaine,2021,24784.0,10.0,16.0,40.35,64.56
16,017,16017,Idaho,Bonner,2021,49639.0,41.0,274.0,82.6,551.99
16,021,16021,Idaho,Boundary,2021,12621.0,6.0,30.0,47.54,237.7
16,029,16029,Idaho,Caribou,2021,7113.0,5.0,7.0,70.29,98.41
16,031,16031,Idaho,Cassia,2021,25235.0,37.0,257.0,146.62,1018.43
16,037,16037,Idaho,Custer,2021,4445.0,9.0,15.0,202.47,337.46
16,039,16039,Idaho,Elmore,2021,28985.0,12.0,20.0,41.4,69.0
16,043,16043,Idaho,Fremont,2021,13585.0,12.0,44.0,88.33,323.89
16,047,16047,Idaho,Gooding,2021,15800.0,17.0,38.0,107.59,240.51
16,057,16057,Idaho,Latah,2021,40403.0,20.0,70.0,49.5,173.25
16,061,16061,Idaho,Lewis,2021,3704.0,9.0,15.0,242.98,404.97
16,063,16063,Idaho,Lincoln,2021,5291.0,10.0,38.0,189.0,718.2
16,065,16065,Idaho,Madison,2021,54126.0,14.0,13.0,25.87,24.02
16,067,16067,Idaho,Minidoka,2021,21951.0,13.0,78.0,59.22,355.34
16,071,16071,Idaho,Oneida,2021,4604.0,15.0,33.0,325.8,716.77
16,075,16075,Idaho,Payette,2021,26380.0,23.0,75.0,87.19,284.31
16,081,16081,Idaho,Teton,2021,12276.0,8.0,29.0,65.17,236.23
16,085,16085,Idaho,Valley,2021,12252.0,21.0,83.0,171.4,677.44
,,,Idaho,Champaign,2021,,29.0,244.0,,
,,,Idaho,Henry,2021,,8.0,56.0,,
,,,Idaho,Jackson,2021,,55.0,198.0,,
,,,Idaho,Jersey,2021,,6.0,18.0,,
,,,Idaho,Kendall,2021,,33.0,178.0,,
,,,Idaho,Macon,2021,,27.0,230.0,,
16,065,16065,Idaho,Madison,2021,54126.0,140.0,1038.0,258.66,1917.75
,,,Idaho,McLean,2021,,30.0,186.0,,
,,,Idaho,Sangamon,2021,,157.0,569.0,,
,,,Idaho,St. Clair,2021,,89.0,363.0,,
,,,Idaho,Tazewell,2021,,21.0,169.0,,
,,,Idaho,Iroquois,2021,,23.0,135.0,,
18,003,18003,Indiana,Allen,2021,389023.0,55.0,619.0,14.14,159.12
18,005,18005,Indiana,Bartholomew,2021,82699.0,2.0,31.0,2.42,37.49
18,019,18019,Indiana,Clark,2021,122860.0,59.0,305.0,48.02,248.25
18,035,18035,Indiana,Delaware,2021,112021.0,21.0,198.0,18.75,176.75
18,039,18039,Indiana,Elkhart,2021,206970.0,20.0,97.0,9.66,46.87
18,043,18043,Indiana,Floyd,2021,80490.0,21.0,251.0,26.09,311.84
18,057,18057,Indiana,Hamilton,2021,357542.0,21.0,144.0,5.87,40.27
18,059,18059,Indiana,Hancock,2021,81848.0,52.0,197.0,63.53,240.69
18,061,18061,Indiana,Harrison,2021,39805.0,63.0,287.0,158.27,721.01
18,063,18063,Indiana,Hendricks,2021,179776.0,60.0,420.0,33.37,233.62
18,067,18067,Indiana,Howard,2021,83553.0,60.0,88.0,71.81,105.32
18,081,18081,Indiana,Johnson,2021,164330.0,20.0,275.0,12.17,167.35
18,091,18091,Indiana,La Porte,2021,,46.0,351.0,,
18,095,18095,Indiana,Madison,2021,130524.0,27.0,185.0,20.69,141.74
18,105,18105,Indiana,Monroe,2021,144658.0,27.0,451.0,18.66,311.77
18,127,18127,Indiana,Porter,2021,174457.0,57.0,195.0,32.67,111.78
18,129,18129,Indiana,Posey,2021,25160.0,27.0,127.0,107.31,504.77
18,141,18141,Indiana,St. Joseph,2021,272235.0,129.0,1107.0,47.39,406.63
18,157,18157,Indiana,Tippecanoe,2021,187402.0,84.0,397.0,44.82,211.84
18,163,18163,Indiana,Vanderburgh,2021,180098.0,142.0,361.0,78.85,200.45
18,167,18167,Indiana,Vigo,2021,106083.0,89.0,1027.0,83.9,968.11
18,175,18175,Indiana,Washington,2021,28125.0,46.0,122.0,163.56,433.78
18,023,18023,Indiana,Clinton,2021,32994.0,6.0,69.0,18.19,209.13
18,037,18037,Indiana,Dubois,2021,43522.0,9.0,62.0,20.68,142.46
18,049,18049,Indiana,Fulton,2021,20404.0,13.0,73.0,63.71,357.77
18,051,18051,Indiana,Gibson,2021,32961.0,26.0,111.0,78.88,336.76
18,055,18055,Indiana,Greene,2021,30842.0,16.0,128.0,51.88,415.02
18,065,18065,Indiana,Henry,2021,48919.0,11.0,145.0,22.49,296.41
18,071,18071,Indiana,Jackson,2021,46215.0,31.0,38.0,67.08,82.22
18,079,18079,Indiana,Jennings,2021,27510.0,20.0,137.0,72.7,498.0
18,085,18085,Indiana,Kosciusko,2021,80242.0,63.0,378.0,78.51,471.07
18,107,18107,Indiana,Montgomery,2021,38018.0,11.0,155.0,28.93,407.7
18,113,18113,Indiana,Noble,2021,47385.0,18.0,152.0,37.99,320.78
18,149,18149,Indiana,Starke,2021,23381.0,63.0,164.0,269.45,701.42
18,151,18151,Indiana,Steuben,2021,34710.0,18.0,294.0,51.86,847.02
18,179,18179,Indiana,Wells,2021,28157.0,2.0,22.0,7.1,78.13
19,011,19011,Iowa,Benton,2021,25747.0,20.0,99.0,77.68,384.51
19,013,19013,Iowa,Black Hawk,2021,130571.0,17.0,126.0,13.02,96.5
19,049,19049,Iowa,Dallas,2021,104166.0,66.0,97.0,63.36,93.12
19,061,19061,Iowa,Dubuque,2021,98885.0,27.0,146.0,27.3,147.65
19,075,19075,Iowa,Grundy,2021,12365.0,10.0,33.0,80.87,266.88
19,085,19085,Iowa,Harrison,2021,14681.0,10.0,42.0,68.12,286.08
19,099,19099,Iowa,Jasper,2021,37895.0,8.0,37.0,21.11,97.64
19,103,19103,Iowa,Johnson,2021,155142.0,74.0,201.0,47.7,129.56
19,105,19105,Iowa,Jones,2021,20836.0,18.0,45.0,86.39,215.97
19,113,19113,Iowa,Linn,2021,229479.0,38.0,159.0,16.56,69.29
19,129,19129,Iowa,Mills,2021,14489.0,7.0,98.0,48.31,676.38
19,153,19153,Iowa,Polk,2021,497973.0,99.0,814.0,19.88,163.46
19,155,19155,Iowa,Pottawattamie,2021,93423.0,54.0,197.0,57.8,210.87
19,163,19163,Iowa,Scott,2021,174265.0,35.0,137.0,20.08,78.62
19,169,19169,Iowa,Story,2021,99675.0,19.0,117.0,19.06,117.38
19,181,19181,Iowa,Warren,2021,53515.0,21.0,79.0,39.24,147.62
19,183,19183,Iowa,Washington,2021,22523.0,42.0,79.0,186.48,350.75
19,193,19193,Iowa,Woodbury,2021,105795.0,38.0,89.0,35.92,84.12
19,001,19001,Iowa,Adair,2021,7529.0,4.0,27.0,53.13,358.61
19,003,19003,Iowa,Adams,2021,3639.0,7.0,18.0,192.36,494.64
19,005,19005,Iowa,Allamakee,2021,13977.0,14.0,8.0,100.16,57.24
19,007,19007,Iowa,Appanoose,2021,12267.0,5.0,79.0,40.76,644.0
19,019,19019,Iowa,Buchanan,2021,20718.0,13.0,43.0,62.75,207.55
19,021,19021,Iowa,Buena Vista,2021,20794.0,13.0,34.0,62.52,163.51
19,023,19023,Iowa,Butler,2021,14357.0,7.0,37.0,48.76,257.71
19,027,19027,Iowa,Carroll,2021,20745.0,3.0,12.0,14.46,57.85
19,029,19029,Iowa,Cass,2021,13087.0,10.0,43.0,76.41,328.57
19,031,19031,Iowa,Cedar,2021,18435.0,7.0,25.0,37.97,135.61
19,033,19033,Iowa,Cerro Gordo,2021,42773.0,8.0,91.0,18.7,212.75
19,035,19035,Iowa,Cherokee,2021,11533.0,4.0,19.0,34.68,164.74
19,037,19037,Iowa,Chickasaw,2021,11896.0,13.0,27.0,109.28,226.97
19,039,19039,Iowa,Clarke,2021,9752.0,10.0,20.0,102.54,205.09
19,041,19041,Iowa,Clay,2021,16464.0,5.0,30.0,30.37,182.22
19,045,19045,Iowa,Clinton,2021,46497.0,21.0,129.0,45.16,277.44
19,047,19047,Iowa,Crawford,2021,16239.0,4.0,6.0,24.63,36.95
19,055,19055,Iowa,Delaware,2021,17554.0,10.0,15.0,56.97,85.45
19,057,19057,Iowa,Des Moines,2021,38537.0,18.0,97.0,46.71,251.71
19,063,19063,Iowa,Emmet,2021,9331.0,29.0,7.0,310.79,75.02
19,065,19065,Iowa,Fayette,2021,19309.0,30.0,27.0,155.37,139.83
19,067,19067,Iowa,Floyd,2021,15463.0,1.0,26.0,6.47,168.14
19,071,19071,Iowa,Fremont,2021,6594.0,12.0,61.0,181.98,925.08
19,081,19081,Iowa,Hancock,2021,10693.0,24.0,37.0,224.45,346.02
19,083,19083,Iowa,Hardin,2021,16725.0,19.0,79.0,113.6,472.35
19,087,19087,Iowa,Henry,2021,20405.0,17.0,59.0,83.31,289.14
19,093,19093,Iowa,Ida,2021,6964.0,8.0,24.0,114.88,344.63
19,095,19095,Iowa,Iowa,2021,16606.0,12.0,7.0,72.26,42.15
19,097,19097,Iowa,Jackson,2021,19394.0,15.0,74.0,77.34,381.56
19,101,19101,Iowa,Jefferson,2021,15795.0,3.0,19.0,18.99,120.29
19,107,19107,Iowa,Keokuk,2021,9902.0,16.0,51.0,161.58,515.05
19,109,19109,Iowa,Kossuth,2021,14517.0,11.0,8.0,75.77,55.11
19,111,19111,Iowa,Lee,2021,33265.0,27.0,70.0,81.17,210.43
19,115,19115,Iowa,Louisa,2021,10733.0,24.0,34.0,223.61,316.78
19,117,19117,Iowa,Lucas,2021,8718.0,12.0,77.0,137.65,883.23
19,119,19119,Iowa,Lyon,2021,12035.0,15.0,60.0,124.64,498.55
19,123,19123,Iowa,Mahaska,2021,21972.0,8.0,30.0,36.41,136.54
19,125,19125,Iowa,Marion,2021,33457.0,24.0,60.0,71.73,179.33
19,131,19131,Iowa,Mitchell,2021,10564.0,7.0,30.0,66.26,283.98
19,133,19133,Iowa,Monona,2021,8609.0,14.0,69.0,162.62,801.49
19,139,19139,Iowa,Muscatine,2021,42703.0,24.0,33.0,56.2,77.28
19,141,19141,Iowa,O'Brien,2021,14052.0,13.0,63.0,92.51,448.33
19,143,19143,Iowa,Osceola,2021,6177.0,22.0,60.0,356.16,971.35
19,147,19147,Iowa,Palo Alto,2021,8932.0,3.0,43.0,33.59,481.42
19,149,19149,Iowa,Plymouth,2021,25744.0,3.0,21.0,11.65,81.57
19,151,19151,Iowa,Pocahontas,2021,7043.0,5.0,21.0,70.99,298.17
19,157,19157,Iowa,Poweshiek,2021,18626.0,16.0,42.0,85.9,225.49
19,161,19161,Iowa,Sac,2021,9766.0,13.0,35.0,133.11,358.39
19,167,19167,Iowa,Sioux,2021,35971.0,17.0,41.0,47.26,113.98
19,171,19171,Iowa,Tama,2021,16880.0,39.0,41.0,231.04,242.89
19,175,19175,Iowa,Union,2021,12049.0,8.0,44.0,66.4,365.18
19,177,19177,Iowa,Van Buren,2021,7259.0,6.0,26.0,82.66,358.18
19,179,19179,Iowa,Wapello,2021,35308.0,21.0,73.0,59.48,206.75
19,185,19185,Iowa,Wayne,2021,6525.0,9.0,28.0,137.93,429.12
19,187,19187,Iowa,Webster,2021,37181.0,27.0,98.0,72.62,263.58
19,195,19195,Iowa,Worth,2021,7385.0,2.0,43.0,27.08,582.26
19,197,19197,Iowa,Wright,2021,12818.0,8.0,24.0,62.41,187.24
20,015,20015,Kansas,Butler,2021,67983.0,52.0,218.0,76.49,320.67
20,045,20045,Kansas,Douglas,2021,119527.0,50.0,85.0,41.83,71.11
20,061,20061,Kansas,Geary,2021,36166.0,8.0,28.0,22.12,77.42
20,079,20079,Kansas,Harvey,2021,33810.0,17.0,56.0,50.28,165.63
20,085,20085,Kansas,Jackson,2021,13266.0,19.0,84.0,143.22,633.2
20,087,20087,Kansas,Jefferson,2021,18446.0,39.0,273.0,211.43,1480.0
20,091,20091,Kansas,Johnson,2021,615067.0,67.0,352.0,10.89,57.23
20,103,20103,Kansas,Leavenworth,2021,82409.0,38.0,148.0,46.11,179.59
20,107,20107,Kansas,Linn,2021,9755.0,7.0,82.0,71.76,840.59
20,121,20121,Kansas,Miami,2021,34649.0,33.0,122.0,95.24,352.1
20,139,20139,Kansas,Osage,2021,15762.0,21.0,75.0,133.23,475.83
20,149,20149,Kansas,Pottawatomie,2021,25891.0,37.0,158.0,142.91,610.25
,,,Kansas,Riley County Police Department,2021,71889.0,210.0,1171.0,292.12,1628.9
20,173,20173,Kansas,Sedgwick,2021,524617.0,60.0,236.0,11.44,44.99
20,177,20177,Kansas,Shawnee,2021,178434.0,83.0,589.0,46.52,330.09
20,191,20191,Kansas,Sumner,2021,22348.0,24.0,157.0,107.39,702.52
20,001,20001,Kansas,Allen,2021,12501.0,12.0,40.0,95.99,319.97
20,003,20003,Kansas,Anderson,2021,7812.0,13.0,14.0,166.41,179.21
20,005,20005,Kansas,Atchison,2021,16242.0,5.0,61.0,30.78,375.57
20,007,20007,Kansas,Barber,2021,4109.0,3.0,19.0,73.01,462.4
20,009,20009,Kansas,Barton,2021,25276.0,29.0,101.0,114.73,399.59
20,011,20011,Kansas,Bourbon,2021,14334.0,18.0,59.0,125.58,411.61
20,013,20013,Kansas,Brown,2021,9458.0,4.0,94.0,42.29,993.87
20,021,20021,Kansas,Cherokee,2021,19188.0,28.0,171.0,145.92,891.18
20,023,20023,Kansas,Cheyenne,2021,2636.0,1.0,33.0,37.94,1251.9
20,025,20025,Kansas,Clark,2021,1958.0,3.0,11.0,153.22,561.8
20,027,20027,Kansas,Clay,2021,8099.0,4.0,20.0,49.39,246.94
20,035,20035,Kansas,Cowley,2021,34623.0,21.0,130.0,60.65,375.47
20,037,20037,Kansas,Crawford,2021,39038.0,36.0,126.0,92.22,322.76
20,041,20041,Kansas,Dickinson,2021,18481.0,13.0,70.0,70.34,378.77
20,047,20047,Kansas,Edwards,2021,2805.0,7.0,13.0,249.55,463.46
20,051,20051,Kansas,Ellis,2021,28852.0,16.0,35.0,55.46,121.31
20,053,20053,Kansas,Ellsworth,2021,6323.0,6.0,40.0,94.89,632.61
20,055,20055,Kansas,Finney,2021,38089.0,40.0,173.0,105.02,454.2
20,057,20057,Kansas,Ford,2021,34188.0,6.0,59.0,17.55,172.58
20,059,20059,Kansas,Franklin,2021,26023.0,30.0,73.0,115.28,280.52
20,063,20063,Kansas,Gove,2021,2749.0,2.0,8.0,72.75,291.01
20,069,20069,Kansas,Gray,2021,5662.0,4.0,28.0,70.65,494.52
20,071,20071,Kansas,Greeley,2021,1285.0,6.0,4.0,466.93,311.28
20,073,20073,Kansas,Greenwood,2021,5907.0,10.0,84.0,169.29,1422.04
20,075,20075,Kansas,Hamilton,2021,2479.0,6.0,27.0,242.03,1089.15
20,077,20077,Kansas,Harper,2021,5358.0,1.0,28.0,18.66,522.58
20,081,20081,Kansas,Haskell,2021,3648.0,4.0,16.0,109.65,438.6
20,089,20089,Kansas,Jewell,2021,2944.0,3.0,9.0,101.9,305.71
20,093,20093,Kansas,Kearny,2021,3905.0,6.0,56.0,153.65,1434.06
20,095,20095,Kansas,Kingman,2021,7296.0,4.0,47.0,54.82,644.19
20,099,20099,Kansas,Labette,2021,19922.0,5.0,88.0,25.1,441.72
20,101,20101,Kansas,Lane,2021,1561.0,2.0,6.0,128.12,384.37
20,109,20109,Kansas,Logan,2021,2714.0,3.0,11.0,110.54,405.31
20,111,20111,Kansas,Lyon,2021,32025.0,18.0,67.0,56.21,209.21
20,115,20115,Kansas,Marion,2021,11748.0,4.0,47.0,34.05,400.07
20,117,20117,Kansas,Marshall,2021,10024.0,4.0,20.0,39.9,199.52
20,123,20123,Kansas,Mitchell,2021,5747.0,4.0,20.0,69.6,348.01
20,125,20125,Kansas,Montgomery,2021,31190.0,17.0,141.0,54.5,452.07
20,127,20127,Kansas,Morris,2021,5382.0,14.0,19.0,260.13,353.03
20,129,20129,Kansas,Morton,2021,2668.0,3.0,9.0,112.44,337.33
20,131,20131,Kansas,Nemaha,2021,10235.0,4.0,15.0,39.08,146.56
20,133,20133,Kansas,Neosho,2021,15803.0,12.0,107.0,75.93,677.09
20,137,20137,Kansas,Norton,2021,5370.0,5.0,10.0,93.11,186.22
20,143,20143,Kansas,Ottawa,2021,5832.0,1.0,42.0,17.15,720.16
20,145,20145,Kansas,Pawnee,2021,6250.0,4.0,29.0,64.0,464.0
20,151,20151,Kansas,Pratt,2021,9166.0,5.0,15.0,54.55,163.65
20,157,20157,Kansas,Republic,2021,4703.0,11.0,29.0,233.89,616.63
20,159,20159,Kansas,Rice,2021,9384.0,4.0,39.0,42.63,415.6
20,163,20163,Kansas,Rooks,2021,4860.0,11.0,37.0,226.34,761.32
20,165,20165,Kansas,Rush,2021,2930.0,10.0,40.0,341.3,1365.19
20,167,20167,Kansas,Russell,2021,6700.0,13.0,20.0,194.03,298.51
20,169,20169,Kansas,Saline,2021,53847.0,35.0,152.0,65.0,282.28
20,175,20175,Kansas,Seward,2021,21764.0,9.0,11.0,41.35,50.54
20,179,20179,Kansas,Sheridan,2021,2452.0,1.0,6.0,40.78,244.7
20,193,20193,Kansas,Thomas,2021,7942.0,1.0,28.0,12.59,352.56
20,195,20195,Kansas,Trego,2021,2793.0,4.0,6.0,143.22,214.82
20,201,20201,Kansas,Washington,2021,5542.0,7.0,16.0,126.31,288.7
20,207,20207,Kansas,Woodson,2021,3083.0,2.0,38.0,64.87,1232.57
21,003,21003,Kentucky,Allen,2021,20833.0,10.0,95.0,48.0,456.01
21,015,21015,Kentucky,Boone,2021,137720.0,69.0,652.0,50.1,473.42
21,017,21017,Kentucky,Bourbon,2021,20248.0,8.0,79.0,39.51,390.16
21,019,21019,Kentucky,Boyd,2021,47756.0,17.0,190.0,35.6,397.86
21,023,21023,Kentucky,Bracken,2021,8441.0,4.0,23.0,47.39,272.48
21,029,21029,Kentucky,Bullitt,2021,83096.0,24.0,269.0,28.88,323.72
21,031,21031,Kentucky,Butler,2021,12304.0,7.0,32.0,56.89,260.08
21,037,21037,Kentucky,Campbell,2021,92848.0,0.0,0.0,0.0,0.0
,,,Kentucky,Campbell County Police Department,2021,92848.0,8.0,81.0,8.62,87.24
21,043,21043,Kentucky,Carter,2021,26448.0,5.0,32.0,18.91,120.99
21,047,21047,Kentucky,Christian,2021,73172.0,28.0,229.0,38.27,312.96
21,049,21049,Kentucky,Clark,2021,36880.0,7.0,161.0,18.98,436.55
21,059,21059,Kentucky,Daviess,2021,103104.0,34.0,372.0,32.98,360.8
21,061,21061,Kentucky,Edmonson,2021,12230.0,7.0,19.0,57.24,155.36
21,067,21067,Kentucky,Fayette,2021,320450.0,0.0,1.0,0.0,0.31
21,077,21077,Kentucky,Gallatin,2021,8744.0,3.0,11.0,34.31,125.8
21,081,21081,Kentucky,Grant,2021,25299.0,9.0,92.0,35.57,363.65
21,089,21089,Kentucky,Greenup,2021,35655.0,1.0,41.0,2.8,114.99
21,091,21091,Kentucky,Hancock,2021,9076.0,2.0,27.0,22.04,297.49
21,093,21093,Kentucky,Hardin,2021,111866.0,27.0,130.0,24.14,116.21
21,101,21101,Kentucky,Henderson,2021,44419.0,15.0,126.0,33.77,283.66
21,103,21103,Kentucky,Henry,2021,15704.0,1.0,29.0,6.37,184.67
21,111,21111,Kentucky,Jefferson,2021,777774.0,0.0,5.0,0.0,0.64
21,113,21113,Kentucky,Jessamine,2021,53636.0,15.0,203.0,27.97,378.48
21,117,21117,Kentucky,Kenton,2021,169629.0,0.0,0.0,0.0,0.0
,,,Kentucky,Kenton County Police Department,2021,169629.0,20.0,79.0,11.79,46.57
21,123,21123,Kentucky,Larue,2021,15032.0,7.0,21.0,46.57,139.7
21,149,21149,Kentucky,McLean,2021,9121.0,2.0,33.0,21.93,361.8
21,163,21163,Kentucky,Meade,2021,30150.0,12.0,73.0,39.8,242.12
21,185,21185,Kentucky,Oldham,2021,68295.0,2.0,7.0,2.93,10.25
,,,Kentucky,Oldham County Police Department,2021,68295.0,26.0,364.0,38.07,532.98
21,191,21191,Kentucky,Pendleton,2021,14624.0,2.0,40.0,13.68,273.52
21,209,21209,Kentucky,Scott,2021,58462.0,16.0,113.0,27.37,193.29
21,211,21211,Kentucky,Shelby,2021,48596.0,19.0,220.0,39.1,452.71
21,215,21215,Kentucky,Spencer,2021,19875.0,5.0,46.0,25.16,231.45
21,221,21221,Kentucky,Trigg,2021,14219.0,6.0,58.0,42.2,407.9
21,227,21227,Kentucky,Warren,2021,137194.0,49.0,603.0,35.72,439.52
21,239,21239,Kentucky,Woodford,2021,27093.0,0.0,12.0,0.0,44.29
21,001,21001,Kentucky,Adair,2021,18927.0,2.0,16.0,10.57,84.54
21,005,21005,Kentucky,Anderson,2021,24106.0,5.0,31.0,20.74,128.6
21,007,21007,Kentucky,Ballard,2021,7687.0,9.0,59.0,117.08,767.53
21,009,21009,Kentucky,Barren,2021,44604.0,16.0,156.0,35.87,349.74
21,011,21011,Kentucky,Bath,2021,12799.0,9.0,36.0,70.32,281.27
21,013,21013,Kentucky,Bell,2021,23799.0,10.0,57.0,42.02,239.51
21,021,21021,Kentucky,Boyle,2021,30598.0,1.0,9.0,3.27,29.41
21,025,21025,Kentucky,Breathitt,2021,13555.0,2.0,20.0,14.75,147.55
21,027,21027,Kentucky,Breckinridge,2021,20673.0,11.0,54.0,53.21,261.21
21,033,21033,Kentucky,Caldwell,2021,12698.0,5.0,45.0,39.38,354.39
21,035,21035,Kentucky,Calloway,2021,37891.0,5.0,182.0,13.2,480.33
21,039,21039,Kentucky,Carlisle,2021,4763.0,2.0,5.0,41.99,104.98
21,041,21041,Kentucky,Carroll,2021,10896.0,4.0,45.0,36.71,413.0
21,045,21045,Kentucky,Casey,2021,15927.0,4.0,26.0,25.11,163.24
21,051,21051,Kentucky,Clay,2021,20162.0,6.0,87.0,29.76,431.5
21,053,21053,Kentucky,Clinton,2021,9285.0,2.0,9.0,21.54,96.93
21,055,21055,Kentucky,Crittenden,2021,8945.0,2.0,27.0,22.36,301.84
21,057,21057,Kentucky,Cumberland,2021,5902.0,1.0,17.0,16.94,288.04
21,063,21063,Kentucky,Elliott,2021,7364.0,0.0,8.0,0.0,108.64
21,065,21065,Kentucky,Estill,2021,14081.0,7.0,42.0,49.71,298.27
21,069,21069,Kentucky,Fleming,2021,15250.0,4.0,18.0,26.23,118.03
21,071,21071,Kentucky,Floyd,2021,35292.0,2.0,53.0,5.67,150.18
21,073,21073,Kentucky,Franklin,2021,51807.0,19.0,195.0,36.67,376.4
21,075,21075,Kentucky,Fulton,2021,6487.0,1.0,0.0,15.42,0.0
21,079,21079,Kentucky,Garrard,2021,17373.0,0.0,0.0,0.0,0.0
,,,Kentucky,Garrard County Police Department,2021,17373.0,4.0,42.0,23.02,241.75
21,083,21083,Kentucky,Graves,2021,36677.0,17.0,188.0,46.35,512.58
21,085,21085,Kentucky,Grayson,2021,26582.0,9.0,74.0,33.86,278.38
21,087,21087,Kentucky,Green,2021,11313.0,1.0,8.0,8.84,70.72
21,095,21095,Kentucky,Harlan,2021,26139.0,4.0,42.0,15.3,160.68
21,097,21097,Kentucky,Harrison,2021,18951.0,2.0,44.0,10.55,232.18
21,099,21099,Kentucky,Hart,2021,19471.0,6.0,42.0,30.82,215.71
21,105,21105,Kentucky,Hickman,2021,4426.0,1.0,10.0,22.59,225.94
21,107,21107,Kentucky,Hopkins,2021,45157.0,26.0,201.0,57.58,445.11
21,109,21109,Kentucky,Jackson,2021,12978.0,6.0,56.0,46.23,431.5
21,115,21115,Kentucky,Johnson,2021,22550.0,6.0,42.0,26.61,186.25
21,119,21119,Kentucky,Knott,2021,14043.0,2.0,24.0,14.24,170.9
21,121,21121,Kentucky,Knox,2021,30019.0,7.0,69.0,23.32,229.85
21,125,21125,Kentucky,Laurel,2021,62598.0,43.0,425.0,68.69,678.94
21,127,21127,Kentucky,Lawrence,2021,16261.0,4.0,52.0,24.6,319.78
21,129,21129,Kentucky,Lee,2021,7461.0,0.0,22.0,0.0,294.87
21,131,21131,Kentucky,Leslie,2021,10285.0,2.0,19.0,19.45,184.74
21,133,21133,Kentucky,Letcher,2021,21228.0,3.0,7.0,14.13,32.98
21,135,21135,Kentucky,Lewis,2021,12981.0,0.0,23.0,0.0,177.18
21,137,21137,Kentucky,Lincoln,2021,24256.0,3.0,84.0,12.37,346.31
21,139,21139,Kentucky,Livingston,2021,8978.0,2.0,54.0,22.28,601.47
21,141,21141,Kentucky,Logan,2021,27811.0,14.0,67.0,50.34,240.91
21,143,21143,Kentucky,Lyon,2021,8426.0,5.0,32.0,59.34,379.78
21,151,21151,Kentucky,Madison,2021,93485.0,21.0,220.0,22.46,235.33
21,153,21153,Kentucky,Magoffin,2021,11491.0,1.0,18.0,8.7,156.64
21,155,21155,Kentucky,Marion,2021,19717.0,5.0,37.0,25.36,187.66
21,157,21157,Kentucky,Marshall,2021,31810.0,24.0,230.0,75.45,723.04
21,159,21159,Kentucky,Martin,2021,11166.0,4.0,9.0,35.82,80.6
21,161,21161,Kentucky,Mason,2021,16953.0,4.0,73.0,23.59,430.6
21,145,21145,Kentucky,McCracken,2021,67583.0,34.0,310.0,50.31,458.7
21,147,21147,Kentucky,McCreary,2021,16811.0,2.0,50.0,11.9,297.42
21,165,21165,Kentucky,Menifee,2021,6172.0,2.0,10.0,32.4,162.02
21,167,21167,Kentucky,Mercer,2021,22869.0,4.0,19.0,17.49,83.08
21,169,21169,Kentucky,Metcalfe,2021,10392.0,4.0,21.0,38.49,202.08
21,171,21171,Kentucky,Monroe,2021,11258.0,2.0,19.0,17.77,168.77
21,173,21173,Kentucky,Montgomery,2021,28231.0,14.0,201.0,49.59,711.98
21,175,21175,Kentucky,Morgan,2021,13692.0,3.0,41.0,21.91,299.44
21,177,21177,Kentucky,Muhlenberg,2021,30334.0,14.0,63.0,46.15,207.69
21,179,21179,Kentucky,Nelson,2021,47149.0,26.0,188.0,55.14,398.74
21,181,21181,Kentucky,Nicholas,2021,7728.0,0.0,6.0,0.0,77.64
21,183,21183,Kentucky,Ohio,2021,23730.0,12.0,107.0,50.57,450.91
21,187,21187,Kentucky,Owen,2021,11305.0,2.0,31.0,17.69,274.21
21,189,21189,Kentucky,Owsley,2021,3974.0,0.0,1.0,0.0,25.16
21,193,21193,Kentucky,Perry,2021,27926.0,13.0,41.0,46.55,146.82
21,195,21195,Kentucky,Pike,2021,57499.0,1.0,38.0,1.74,66.09
21,197,21197,Kentucky,Powell,2021,13092.0,0.0,4.0,0.0,30.55
21,199,21199,Kentucky,Pulaski,2021,65543.0,16.0,285.0,24.41,434.83
21,201,21201,Kentucky,Robertson,2021,2257.0,0.0,4.0,0.0,177.23
21,203,21203,Kentucky,Rockcastle,2021,16136.0,3.0,46.0,18.59,285.08
21,205,21205,Kentucky,Rowan,2021,24565.0,8.0,45.0,32.57,183.19
21,207,21207,Kentucky,Russell,2021,18159.0,0.0,10.0,0.0,55.07
21,213,21213,Kentucky,Simpson,2021,19736.0,8.0,35.0,40.54,177.34
21,217,21217,Kentucky,Taylor,2021,26208.0,10.0,179.0,38.16,683.0
21,219,21219,Kentucky,Todd,2021,12298.0,6.0,41.0,48.79,333.39
21,223,21223,Kentucky,Trimble,2021,8552.0,1.0,23.0,11.69,268.94
21,225,21225,Kentucky,Union,2021,13262.0,3.0,55.0,22.62,414.72
21,229,21229,Kentucky,Washington,2021,12081.0,1.0,11.0,8.28,91.05
21,231,21231,Kentucky,Wayne,2021,19547.0,6.0,34.0,30.7,173.94
21,233,21233,Kentucky,Webster,2021,12853.0,2.0,31.0,15.56,241.19
21,235,21235,Kentucky,Whitley,2021,36820.0,13.0,143.0,35.31,388.38
21,237,21237,Kentucky,Wolfe,2021,6509.0,6.0,19.0,92.18,291.9
22,001,22001,Louisiana,Acadia,2021,57254.0,0.0,0.0,0.0,0.0
22,005,22005,Louisiana,Ascension,2021,128600.0,402.0,1915.0,312.6,1489.11
22,015,22015,Louisiana,Bossier,2021,129279.0,149.0,506.0,115.25,391.4
22,017,22017,Louisiana,Caddo,2021,232812.0,54.0,632.0,23.19,271.46
22,019,22019,Louisiana,Calcasieu,2021,205009.0,909.0,4069.0,443.4,1984.79
22,033,22033,Louisiana,East Baton Rouge,2021,453766.0,652.0,5002.0,143.69,1102.33
22,043,22043,Louisiana,Grant,2021,22256.0,64.0,245.0,287.56,1100.83
22,047,22047,Louisiana,Iberville,2021,29765.0,118.0,204.0,396.44,685.37
22,051,22051,Louisiana,Jefferson,2021,434258.0,1263.0,7405.0,290.84,1705.21
22,055,22055,Louisiana,Lafayette,2021,244953.0,180.0,628.0,73.48,256.38
22,057,22057,Louisiana,Lafourche,2021,97569.0,224.0,1490.0,229.58,1527.12
22,063,22063,Louisiana,Livingston,2021,146151.0,504.0,2062.0,344.85,1410.87
22,067,22067,Louisiana,Morehouse,2021,25029.0,28.0,111.0,111.87,443.49
22,073,22073,Louisiana,Ouachita,2021,158906.0,741.0,2343.0,466.31,1474.46
22,075,22075,Louisiana,Plaquemines,2021,23365.0,68.0,141.0,291.03,603.47
22,077,22077,Louisiana,Pointe Coupee,2021,20357.0,81.0,208.0,397.9,1021.76
22,079,22079,Louisiana,Rapides,2021,128648.0,381.0,1609.0,296.16,1250.7
22,087,22087,Louisiana,St. Bernard,2021,44338.0,108.0,482.0,243.58,1087.1
22,089,22089,Louisiana,St. Charles,2021,52497.0,150.0,633.0,285.73,1205.78
22,091,22091,Louisiana,St. Helena,2021,10892.0,42.0,68.0,385.6,624.31
22,093,22093,Louisiana,St. James,2021,19798.0,107.0,292.0,540.46,1474.9
22,095,22095,Louisiana,St. John the Baptist,2021,42119.0,121.0,777.0,287.28,1844.77
22,099,22099,Louisiana,St. Martin,2021,51571.0,200.0,696.0,387.81,1349.6
22,105,22105,Louisiana,Tangipahoa,2021,135496.0,819.0,1423.0,604.45,1050.22
22,109,22109,Louisiana,Terrebonne,2021,108966.0,284.0,1962.0,260.63,1800.56
22,113,22113,Louisiana,Vermilion,2021,56903.0,99.0,503.0,173.98,883.96
22,121,22121,Louisiana,West Baton Rouge,2021,27809.0,39.0,455.0,140.24,1636.16
22,125,22125,Louisiana,West Feliciana,2021,15487.0,53.0,16.0,342.22,103.31
22,011,22011,Louisiana,Beauregard,2021,36686.0,46.0,128.0,125.39,348.91
22,013,22013,Louisiana,Bienville,2021,12788.0,40.0,169.0,312.79,1321.55
22,021,22021,Louisiana,Caldwell,2021,9581.0,0.0,0.0,0.0,0.0
22,025,22025,Louisiana,Catahoula,2021,8727.0,21.0,93.0,240.63,1065.66
22,027,22027,Louisiana,Claiborne,2021,14054.0,20.0,60.0,142.31,426.92
22,029,22029,Louisiana,Concordia,2021,18361.0,41.0,65.0,223.3,354.01
22,035,22035,Louisiana,East Carroll,2021,7233.0,25.0,28.0,345.64,387.11
22,041,22041,Louisiana,Franklin,2021,19618.0,88.0,201.0,448.57,1024.57
22,049,22049,Louisiana,Jackson,2021,14903.0,15.0,93.0,100.65,624.04
22,061,22061,Louisiana,Lincoln,2021,48136.0,63.0,222.0,130.88,461.19
22,083,22083,Louisiana,Richland,2021,19866.0,59.0,77.0,296.99,387.6
22,097,22097,Louisiana,St. Landry,2021,82207.0,172.0,641.0,209.23,779.74
22,101,22101,Louisiana,St. Mary,2021,48239.0,138.0,410.0,286.08,849.93
22,107,22107,Louisiana,Tensas,2021,4028.0,0.0,1.0,0.0,24.83
22,117,22117,Louisiana,Washington,2021,45224.0,163.0,370.0,360.43,818.15
22,119,22119,Louisiana,Webster,2021,35961.0,25.0,159.0,69.52,442.15
22,123,22123,Louisiana,West Carroll,2021,9585.0,6.0,20.0,62.6,208.66
22,127,22127,Louisiana,Winn,2021,13504.0,34.0,40.0,251.78,296.21
23,001,23001,Maine,Androscoggin,2021,112760.0,20.0,128.0,17.74,113.52
23,005,23005,Maine,Cumberland,2021,306150.0,31.0,287.0,10.13,93.74
23,019,23019,Maine,Penobscot,2021,153367.0,15.0,349.0,9.78,227.56
23,023,23023,Maine,Sagadahoc,2021,37178.0,8.0,46.0,21.52,123.73
23,031,23031,Maine,York,2021,215063.0,40.0,266.0,18.6,123.68
23,003,23003,Maine,Aroostook,2021,67075.0,7.0,139.0,10.44,207.23
23,007,23007,Maine,Franklin,2021,30256.0,19.0,76.0,62.8,251.19
23,009,23009,Maine,Hancock,2021,56349.0,17.0,92.0,30.17,163.27
23,011,23011,Maine,Kennebec,2021,125803.0,26.0,294.0,20.67,233.7
23,013,23013,Maine,Knox,2021,41089.0,4.0,110.0,9.73,267.71
23,015,23015,Maine,Lincoln,2021,36015.0,27.0,79.0,74.97,219.35
23,017,23017,Maine,Oxford,2021,58699.0,35.0,228.0,59.63,388.42
23,021,23021,Maine,Piscataquis,2021,17226.0,2.0,74.0,11.61,429.58
23,025,23025,Maine,Somerset,2021,50791.0,37.0,291.0,72.85,572.94
23,027,23027,Maine,Waldo,2021,39988.0,6.0,101.0,15.0,252.58
23,029,23029,Maine,Washington,2021,31200.0,20.0,78.0,64.1,250.0
,,,Maine,Allegany,2021,,17.0,80.0,,
,,,Maine,Baltimore County Police Department,2021,,3333.0,14059.0,,
,,,Maine,Montgomery County Police Department,2021,,1630.0,13151.0,,
,,,Maine,St. Mary's,2021,,285.0,1162.0,,
,,,Maine,Garrett,2021,,15.0,122.0,,
,,,Maine,Talbot,2021,,26.0,97.0,,
26,017,26017,Michigan,Bay,2021,103115.0,46.0,432.0,44.61,418.95
26,021,26021,Michigan,Berrien,2021,153609.0,174.0,709.0,113.27,461.56
26,025,26025,Michigan,Calhoun,2021,133907.0,123.0,567.0,91.85,423.43
26,027,26027,Michigan,Cass,2021,51539.0,54.0,322.0,104.78,624.77
26,037,26037,Michigan,Clinton,2021,79465.0,21.0,139.0,26.43,174.92
26,045,26045,Michigan,Eaton,2021,108866.0,165.0,751.0,151.56,689.84
26,049,26049,Michigan,Genesee,2021,404694.0,95.0,351.0,23.47,86.73
26,065,26065,Michigan,Ingham,2021,271708.0,173.0,558.0,63.67,205.37
26,067,26067,Michigan,Ionia,2021,66854.0,4.0,10.0,5.98,14.96
26,075,26075,Michigan,Jackson,2021,160195.0,304.0,386.0,189.77,240.96
26,077,26077,Michigan,Kalamazoo,2021,260596.0,371.0,2333.0,142.37,895.26
26,081,26081,Michigan,Kent,2021,659070.0,458.0,2770.0,69.49,420.29
26,087,26087,Michigan,Lapeer,2021,88714.0,54.0,152.0,60.87,171.34
26,093,26093,Michigan,Livingston,2021,195367.0,71.0,359.0,36.34,183.76
26,099,26099,Michigan,Macomb,2021,877873.0,345.0,772.0,39.3,87.94
26,111,26111,Michigan,Midland,2021,83509.0,77.0,277.0,92.21,331.7
26,117,26117,Michigan,Montcalm,2021,67386.0,56.0,237.0,83.1,351.71
26,121,26121,Michigan,Muskegon,2021,175570.0,15.0,53.0,8.54,30.19
26,125,26125,Michigan,Oakland,2021,1273070.0,16.0,31.0,1.26,2.44
26,139,26139,Michigan,Ottawa,2021,298369.0,589.0,1847.0,197.41,619.03
26,145,26145,Michigan,Saginaw,2021,189479.0,126.0,353.0,66.5,186.3
26,155,26155,Michigan,Shiawassee,2021,67989.0,19.0,124.0,27.95,182.38
26,147,26147,Michigan,St. Clair,2021,160268.0,157.0,497.0,97.96,310.11
26,161,26161,Michigan,Washtenaw,2021,364941.0,665.0,1247.0,182.22,341.7
26,163,26163,Michigan,Wayne,2021,1775403.0,11.0,1.0,0.62,0.06
26,001,26001,Michigan,Alcona,2021,10290.0,11.0,66.0,106.9,641.4
26,003,26003,Michigan,Alger,2021,8777.0,3.0,7.0,34.18,79.75
26,005,26005,Michigan,Allegan,2021,121082.0,91.0,573.0,75.16,473.23
26,007,26007,Michigan,Alpena,2021,28953.0,4.0,27.0,13.82,93.25
26,009,26009,Michigan,Antrim,2021,23879.0,26.0,90.0,108.88,376.9
26,011,26011,Michigan,Arenac,2021,15012.0,32.0,80.0,213.16,532.91
26,013,26013,Michigan,Baraga,2021,8229.0,3.0,4.0,36.46,48.61
26,015,26015,Michigan,Barry,2021,63133.0,76.0,315.0,120.38,498.95
26,019,26019,Michigan,Benzie,2021,18245.0,16.0,46.0,87.7,252.12
26,023,26023,Michigan,Branch,2021,45214.0,25.0,161.0,55.29,356.08
26,029,26029,Michigan,Charlevoix,2021,26201.0,18.0,60.0,68.7,229.0
26,031,26031,Michigan,Cheboygan,2021,25732.0,19.0,26.0,73.84,101.04
26,033,26033,Michigan,Chippewa,2021,35852.0,6.0,6.0,16.74,16.74
26,035,26035,Michigan,Clare,2021,31141.0,76.0,387.0,244.05,1242.73
26,039,26039,Michigan,Crawford,2021,13278.0,35.0,62.0,263.59,466.94
26,041,26041,Michigan,Delta,2021,36839.0,15.0,38.0,40.72,103.15
26,047,26047,Michigan,Emmet,2021,34301.0,42.0,69.0,122.45,201.16
26,051,26051,Michigan,Gladwin,2021,25469.0,44.0,129.0,172.76,506.5
26,053,26053,Michigan,Gogebic,2021,14382.0,11.0,18.0,76.48,125.16
26,055,26055,Michigan,Grand Traverse,2021,96007.0,191.0,399.0,198.94,415.59
26,057,26057,Michigan,Gratiot,2021,41284.0,31.0,228.0,75.09,552.27
26,059,26059,Michigan,Hillsdale,2021,45647.0,61.0,136.0,133.63,297.94
26,061,26061,Michigan,Houghton,2021,37548.0,15.0,53.0,39.95,141.15
26,063,26063,Michigan,Huron,2021,31332.0,28.0,76.0,89.37,242.56
26,069,26069,Michigan,Iosco,2021,25360.0,0.0,0.0,0.0,0.0
26,073,26073,Michigan,Isabella,2021,64257.0,54.0,333.0,84.04,518.23
26,079,26079,Michigan,Kalkaska,2021,17988.0,31.0,85.0,172.34,472.54
26,083,26083,Michigan,Keweenaw,2021,2107.0,0.0,14.0,0.0,664.45
26,089,26089,Michigan,Leelanau,2021,22633.0,24.0,50.0,106.04,220.92
26,091,26091,Michigan,Lenawee,2021,99181.0,65.0,184.0,65.54,185.52
26,095,26095,Michigan,Luce,2021,5982.0,12.0,55.0,200.6,919.42
26,097,26097,Michigan,Mackinac,2021,10919.0,15.0,93.0,137.38,851.73
26,101,26101,Michigan,Manistee,2021,25344.0,16.0,138.0,63.13,544.51
26,103,26103,Michigan,Marquette,2021,66353.0,34.0,122.0,51.24,183.87
26,105,26105,Michigan,Mason,2021,29344.0,31.0,104.0,105.64,354.42
26,107,26107,Michigan,Mecosta,2021,40674.0,13.0,43.0,31.96,105.72
26,113,26113,Michigan,Missaukee,2021,15174.0,32.0,112.0,210.89,738.1
26,119,26119,Michigan,Montmorency,2021,9307.0,6.0,12.0,64.47,128.94
26,123,26123,Michigan,Newaygo,2021,50402.0,11.0,43.0,21.82,85.31
26,127,26127,Michigan,Oceana,2021,26867.0,62.0,184.0,230.77,684.86
26,129,26129,Michigan,Ogemaw,2021,20785.0,7.0,84.0,33.68,404.14
26,131,26131,Michigan,Ontonagon,2021,5868.0,7.0,17.0,119.29,289.71
26,135,26135,Michigan,Oscoda,2021,8314.0,12.0,51.0,144.33,613.42
26,137,26137,Michigan,Otsego,2021,25342.0,7.0,15.0,27.62,59.19
26,141,26141,Michigan,Presque Isle,2021,13176.0,5.0,15.0,37.95,113.84
26,151,26151,Michigan,Sanilac,2021,40536.0,25.0,76.0,61.67,187.49
26,153,26153,Michigan,Schoolcraft,2021,8037.0,0.0,1.0,0.0,12.44
26,149,26149,Michigan,St. Joseph,2021,60849.0,81.0,278.0,133.12,456.87
26,157,26157,Michigan,Tuscola,2021,53065.0,54.0,121.0,101.76,228.02
26,159,26159,Michigan,Van Buren,2021,75712.0,102.0,323.0,134.72,426.62
26,165,26165,Michigan,Wexford,2021,33902.0,3.0,51.0,8.85,150.43
27,003,27003,Minnesota,Anoka,2021,367557.0,55.0,659.0,14.96,179.29
27,009,27009,Minnesota,Benton,2021,41545.0,10.0,120.0,24.07,288.84
27,013,27013,Minnesota,Blue Earth,2021,69387.0,30.0,128.0,43.24,184.47
27,017,27017,Minnesota,Carlton,2021,36455.0,23.0,168.0,63.09,460.84
27,019,27019,Minnesota,Carver,2021,108911.0,40.0,610.0,36.73,560.09
27,025,27025,Minnesota,Chisago,2021,57577.0,43.0,264.0,74.68,458.52
27,027,27027,Minnesota,Clay,2021,65675.0,14.0,75.0,21.32,114.2
27,037,27037,Minnesota,Dakota,2021,442829.0,14.0,33.0,3.16,7.45
27,039,27039,Minnesota,Dodge,2021,20969.0,13.0,124.0,62.0,591.35
27,045,27045,Minnesota,Fillmore,2021,21333.0,4.0,94.0,18.75,440.63
27,053,27053,Minnesota,Hennepin,2021,1267341.0,36.0,31.0,2.84,2.45
27,055,27055,Minnesota,Houston,2021,18822.0,4.0,30.0,21.25,159.39
27,059,27059,Minnesota,Isanti,2021,41955.0,28.0,207.0,66.74,493.39
27,075,27075,Minnesota,Lake,2021,11020.0,5.0,22.0,45.37,199.64
27,079,27079,Minnesota,Le Sueur,2021,28902.0,3.0,114.0,10.38,394.44
27,095,27095,Minnesota,Mille Lacs,2021,26919.0,47.0,288.0,174.6,1069.88
27,103,27103,Minnesota,Nicollet,2021,34370.0,6.0,67.0,17.46,194.94
27,109,27109,Minnesota,Olmsted,2021,163717.0,55.0,274.0,33.59,167.36
27,119,27119,Minnesota,Polk,2021,30861.0,18.0,104.0,58.33,336.99
27,123,27123,Minnesota,Ramsey,2021,543343.0,215.0,1622.0,39.57,298.52
27,139,27139,Minnesota,Scott,2021,153494.0,8.0,180.0,5.21,117.27
27,141,27141,Minnesota,Sherburne,2021,99225.0,28.0,263.0,28.22,265.05
27,145,27145,Minnesota,Stearns,2021,159112.0,45.0,244.0,28.28,153.35
27,137,27137,Minnesota,St. Louis,2021,199340.0,83.0,591.0,41.64,296.48
27,157,27157,Minnesota,Wabasha,2021,21508.0,3.0,29.0,13.95,134.83
27,163,27163,Minnesota,Washington,2021,272698.0,85.0,786.0,31.17,288.23
27,171,27171,Minnesota,Wright,2021,145245.0,114.0,742.0,78.49,510.86
27,001,27001,Minnesota,Aitkin,2021,15954.0,13.0,166.0,81.48,1040.49
27,005,27005,Minnesota,Becker,2021,35322.0,34.0,109.0,96.26,308.59
27,007,27007,Minnesota,Beltrami,2021,46473.0,66.0,297.0,142.02,639.08
27,011,27011,Minnesota,Big Stone,2021,5167.0,2.0,28.0,38.71,541.9
27,015,27015,Minnesota,Brown,2021,25904.0,3.0,48.0,11.58,185.3
27,021,27021,Minnesota,Cass,2021,30660.0,46.0,312.0,150.03,1017.61
27,029,27029,Minnesota,Clearwater,2021,8572.0,4.0,55.0,46.66,641.62
27,031,27031,Minnesota,Cook,2021,5626.0,16.0,41.0,284.39,728.76
27,033,27033,Minnesota,Cottonwood,2021,11592.0,1.0,10.0,8.63,86.27
27,035,27035,Minnesota,Crow Wing,2021,67380.0,34.0,193.0,50.46,286.44
27,041,27041,Minnesota,Douglas,2021,39312.0,17.0,151.0,43.24,384.11
27,047,27047,Minnesota,Freeborn,2021,30815.0,12.0,197.0,38.94,639.3
27,049,27049,Minnesota,Goodhue,2021,48091.0,4.0,144.0,8.32,299.43
27,051,27051,Minnesota,Grant,2021,6146.0,3.0,1.0,48.81,16.27
27,057,27057,Minnesota,Hubbard,2021,21747.0,30.0,137.0,137.95,629.97
27,061,27061,Minnesota,Itasca,2021,45112.0,55.0,114.0,121.92,252.7
27,063,27063,Minnesota,Jackson,2021,10005.0,7.0,22.0,69.97,219.89
27,065,27065,Minnesota,Kanabec,2021,16177.0,12.0,69.0,74.18,426.53
27,067,27067,Minnesota,Kandiyohi,2021,43813.0,29.0,201.0,66.19,458.77
27,069,27069,Minnesota,Kittson,2021,4157.0,2.0,6.0,48.11,144.33
27,071,27071,Minnesota,Koochiching,2021,11946.0,10.0,45.0,83.71,376.7
27,073,27073,Minnesota,Lac qui Parle,2021,6693.0,2.0,16.0,29.88,239.06
27,081,27081,Minnesota,Lincoln,2021,5576.0,5.0,9.0,89.67,161.41
27,083,27083,Minnesota,Lyon,2021,25500.0,11.0,41.0,43.14,160.78
27,087,27087,Minnesota,Mahnomen,2021,5384.0,19.0,46.0,352.9,854.38
27,089,27089,Minnesota,Marshall,2021,8998.0,11.0,30.0,122.25,333.41
27,091,27091,Minnesota,Martin,2021,19941.0,1.0,6.0,5.01,30.09
27,085,27085,Minnesota,McLeod,2021,36813.0,18.0,75.0,48.9,203.73
27,093,27093,Minnesota,Meeker,2021,23403.0,24.0,119.0,102.55,508.48
27,097,27097,Minnesota,Morrison,2021,34069.0,32.0,238.0,93.93,698.58
27,099,27099,Minnesota,Mower,2021,40232.0,14.0,138.0,34.8,343.01
27,101,27101,Minnesota,Murray,2021,8146.0,1.0,10.0,12.28,122.76
27,105,27105,Minnesota,Nobles,2021,22073.0,5.0,22.0,22.65,99.67
27,107,27107,Minnesota,Norman,2021,6445.0,2.0,52.0,31.03,806.83
27,111,27111,Minnesota,Otter Tail,2021,60245.0,18.0,148.0,29.88,245.66
27,113,27113,Minnesota,Pennington,2021,13786.0,3.0,40.0,21.76,290.15
27,115,27115,Minnesota,Pine,2021,29080.0,90.0,539.0,309.49,1853.51
27,117,27117,Minnesota,Pipestone,2021,9359.0,13.0,32.0,138.9,341.92
27,121,27121,Minnesota,Pope,2021,11415.0,3.0,39.0,26.28,341.66
27,127,27127,Minnesota,Redwood,2021,15392.0,14.0,63.0,90.96,409.3
27,129,27129,Minnesota,Renville,2021,14605.0,7.0,86.0,47.93,588.84
27,131,27131,Minnesota,Rice,2021,67359.0,22.0,124.0,32.66,184.09
27,133,27133,Minnesota,Rock,2021,9700.0,6.0,45.0,61.86,463.92
27,135,27135,Minnesota,Roseau,2021,15273.0,7.0,37.0,45.83,242.26
27,143,27143,Minnesota,Sibley,2021,14965.0,5.0,15.0,33.41,100.23
27,147,27147,Minnesota,Steele,2021,37441.0,6.0,61.0,16.03,162.92
27,149,27149,Minnesota,Stevens,2021,9692.0,7.0,9.0,72.22,92.86
27,151,27151,Minnesota,Swift,2021,9787.0,1.0,1.0,10.22,10.22
27,153,27153,Minnesota,Todd,2021,25290.0,22.0,116.0,86.99,458.68
27,155,27155,Minnesota,Traverse,2021,3280.0,2.0,25.0,60.98,762.2
27,161,27161,Minnesota,Waseca,2021,19015.0,11.0,129.0,57.85,678.41
27,165,27165,Minnesota,Watonwan,2021,11158.0,7.0,32.0,62.74,286.79
27,167,27167,Minnesota,Wilkin,2021,6412.0,2.0,16.0,31.19,249.53
27,169,27169,Minnesota,Winona,2021,49794.0,19.0,99.0,38.16,198.82
27,173,27173,Minnesota,Yellow Medicine,2021,9444.0,4.0,44.0,42.35,465.9
28,033,28033,Mississippi,DeSoto,2021,188966.0,51.0,286.0,26.99,151.35
28,035,28035,Mississippi,Forrest,2021,78007.0,51.0,328.0,65.38,420.48
28,045,28045,Mississippi,Hancock,2021,45997.0,25.0,466.0,54.35,1013.11
28,047,28047,Mississippi,Harrison,2021,209553.0,52.0,797.0,24.81,380.33
28,073,28073,Mississippi,Lamar,2021,65439.0,59.0,526.0,90.16,803.8
28,089,28089,Mississippi,Madison,2021,109987.0,104.0,174.0,94.56,158.2
28,131,28131,Mississippi,Stone,2021,18748.0,17.0,107.0,90.68,570.73
28,137,28137,Mississippi,Tate,2021,28178.0,21.0,151.0,74.53,535.88
28,143,28143,Mississippi,Tunica,2021,9646.0,67.0,436.0,694.59,4520.01
28,003,28003,Mississippi,Alcorn,2021,34351.0,10.0,263.0,29.11,765.63
28,005,28005,Mississippi,Amite,2021,12626.0,9.0,24.0,71.28,190.08
28,007,28007,Mississippi,Attala,2021,17721.0,11.0,129.0,62.07,727.95
28,011,28011,Mississippi,Bolivar,2021,30140.0,46.0,219.0,152.62,726.61
28,013,28013,Mississippi,Calhoun,2021,12975.0,14.0,36.0,107.9,277.46
28,017,28017,Mississippi,Chickasaw,2021,17011.0,11.0,23.0,64.66,135.21
28,019,28019,Mississippi,Choctaw,2021,8131.0,27.0,62.0,332.06,762.51
28,021,28021,Mississippi,Claiborne,2021,8667.0,24.0,42.0,276.91,484.6
28,025,28025,Mississippi,Clay,2021,18490.0,17.0,77.0,91.94,416.44
28,027,28027,Mississippi,Coahoma,2021,20722.0,4.0,22.0,19.3,106.17
28,039,28039,Mississippi,George,2021,24791.0,37.0,319.0,149.25,1286.76
28,043,28043,Mississippi,Grenada,2021,21323.0,46.0,189.0,215.73,886.37
28,061,28061,Mississippi,Jasper,2021,16175.0,19.0,60.0,117.47,370.94
28,063,28063,Mississippi,Jefferson,2021,7140.0,9.0,17.0,126.05,238.1
28,069,28069,Mississippi,Kemper,2021,8809.0,9.0,15.0,102.17,170.28
28,071,28071,Mississippi,Lafayette,2021,57671.0,21.0,157.0,36.41,272.23
28,079,28079,Mississippi,Leake,2021,21275.0,56.0,155.0,263.22,728.55
28,081,28081,Mississippi,Lee,2021,83033.0,91.0,611.0,109.59,735.85
28,085,28085,Mississippi,Lincoln,2021,34969.0,39.0,247.0,111.53,706.34
28,087,28087,Mississippi,Lowndes,2021,58145.0,55.0,537.0,94.59,923.55
28,091,28091,Mississippi,Marion,2021,24312.0,45.0,176.0,185.09,723.92
28,095,28095,Mississippi,Monroe,2021,33929.0,61.0,105.0,179.79,309.47
28,099,28099,Mississippi,Neshoba,2021,28899.0,24.0,100.0,83.05,346.03
28,103,28103,Mississippi,Noxubee,2021,10117.0,22.0,35.0,217.46,345.95
28,105,28105,Mississippi,Oktibbeha,2021,51801.0,63.0,383.0,121.62,739.37
28,113,28113,Mississippi,Pike,2021,39979.0,57.0,300.0,142.57,750.39
28,115,28115,Mississippi,Pontotoc,2021,31336.0,71.0,146.0,226.58,465.92
28,117,28117,Mississippi,Prentiss,2021,25063.0,23.0,116.0,91.77,462.83
28,129,28129,Mississippi,Smith,2021,14202.0,6.0,67.0,42.25,471.76
28,133,28133,Mississippi,Sunflower,2021,24692.0,6.0,72.0,24.3,291.59
28,135,28135,Mississippi,Tallahatchie,2021,11945.0,28.0,96.0,234.41,803.68
28,141,28141,Mississippi,Tishomingo,2021,18743.0,28.0,128.0,149.39,682.92
28,145,28145,Mississippi,Union,2021,28028.0,26.0,162.0,92.76,577.99
28,153,28153,Mississippi,Wayne,2021,19678.0,15.0,103.0,76.23,523.43
28,155,28155,Mississippi,Webster,2021,9975.0,8.0,30.0,80.2,300.75
28,159,28159,Mississippi,Winston,2021,17578.0,22.0,76.0,125.16,432.36
29,003,29003,Missouri,Andrew,2021,18029.0,15.0,131.0,83.2,726.61
29,017,29017,Missouri,Bollinger,2021,10581.0,74.0,67.0,699.37,633.21
29,019,29019,Missouri,Boone,2021,186113.0,98.0,608.0,52.66,326.68
29,021,29021,Missouri,Buchanan,2021,83641.0,23.0,148.0,27.5,176.95
29,025,29025,Missouri,Caldwell,2021,8911.0,6.0,42.0,67.33,471.33
29,027,29027,Missouri,Callaway,2021,44644.0,70.0,256.0,156.8,573.43
29,031,29031,Missouri,Cape Girardeau,2021,82136.0,64.0,209.0,77.92,254.46
29,047,29047,Missouri,Clay,2021,255910.0,34.0,175.0,13.29,68.38
29,049,29049,Missouri,Clinton,2021,21215.0,18.0,84.0,84.85,395.95
29,051,29051,Missouri,Cole,2021,76632.0,33.0,205.0,43.06,267.51
29,053,29053,Missouri,Cooper,2021,16684.0,11.0,25.0,65.93,149.84
29,071,29071,Missouri,Franklin,2021,105315.0,49.0,304.0,46.53,288.66
29,077,29077,Missouri,Greene,2021,301133.0,144.0,926.0,47.82,307.51
29,095,29095,Missouri,Jackson,2021,718158.0,130.0,382.0,18.1,53.19
29,097,29097,Missouri,Jasper,2021,123314.0,49.0,482.0,39.74,390.87
29,099,29099,Missouri,Jefferson,2021,228062.0,525.0,2059.0,230.2,902.82
29,113,29113,Missouri,Lincoln,2021,61642.0,428.0,236.0,694.33,382.86
29,145,29145,Missouri,Newton,2021,59449.0,116.0,585.0,195.13,984.04
29,167,29167,Missouri,Polk,2021,32043.0,99.0,263.0,308.96,820.77
29,183,29183,Missouri,St. Charles,2021,410568.0,2.0,1.0,0.49,0.24
,,,Missouri,St. Charles County Police Department,2021,410568.0,117.0,460.0,28.5,112.04
,,,Missouri,St. Louis County Police Department,2021,998850.0,1995.0,7861.0,199.73,787.01
,,,Missouri,St. Louis County Police Department,2021,293553.0,1995.0,7861.0,679.6,2677.88
29,219,29219,Missouri,Warren,2021,36578.0,43.0,210.0,117.56,574.12
29,225,29225,Missouri,Webster,2021,39608.0,63.0,208.0,159.06,525.15
29,001,29001,Missouri,Adair,2021,25187.0,5.0,63.0,19.85,250.13
29,007,29007,Missouri,Audrain,2021,24852.0,44.0,123.0,177.05,494.93
29,009,29009,Missouri,Barry,2021,34778.0,64.0,248.0,184.02,713.09
29,015,29015,Missouri,Benton,2021,19963.0,27.0,155.0,135.25,776.44
29,023,29023,Missouri,Butler,2021,42167.0,71.0,505.0,168.38,1197.62
29,035,29035,Missouri,Carter,2021,5320.0,33.0,47.0,620.3,883.46
29,041,29041,Missouri,Chariton,2021,7363.0,2.0,42.0,27.16,570.42
29,045,29045,Missouri,Clark,2021,6746.0,4.0,93.0,59.29,1378.59
29,055,29055,Missouri,Crawford,2021,22822.0,33.0,64.0,144.6,280.43
29,057,29057,Missouri,Dade,2021,7603.0,45.0,96.0,591.87,1262.66
29,061,29061,Missouri,Daviess,2021,8407.0,12.0,9.0,142.74,107.05
29,065,29065,Missouri,Dent,2021,14461.0,24.0,87.0,165.96,601.62
29,067,29067,Missouri,Douglas,2021,11746.0,15.0,24.0,127.7,204.32
29,069,29069,Missouri,Dunklin,2021,27752.0,22.0,82.0,79.27,295.47
29,079,29079,Missouri,Grundy,2021,9765.0,6.0,10.0,61.44,102.41
29,083,29083,Missouri,Henry,2021,22212.0,97.0,410.0,436.7,1845.85
29,087,29087,Missouri,Holt,2021,4226.0,6.0,41.0,141.98,970.18
29,091,29091,Missouri,Howell,2021,40028.0,64.0,272.0,159.89,679.52
29,101,29101,Missouri,Johnson,2021,54209.0,21.0,238.0,38.74,439.04
29,105,29105,Missouri,Laclede,2021,36168.0,54.0,294.0,149.3,812.87
29,109,29109,Missouri,Lawrence,2021,38274.0,60.0,232.0,156.76,606.16
29,111,29111,Missouri,Lewis,2021,10005.0,0.0,35.0,0.0,349.83
29,115,29115,Missouri,Linn,2021,11843.0,17.0,29.0,143.54,244.87
29,117,29117,Missouri,Livingston,2021,14760.0,5.0,41.0,33.88,277.78
29,121,29121,Missouri,Macon,2021,15185.0,5.0,68.0,32.93,447.81
29,123,29123,Missouri,Madison,2021,12665.0,10.0,97.0,78.96,765.89
29,125,29125,Missouri,Maries,2021,8426.0,10.0,54.0,118.68,640.87
29,119,29119,Missouri,McDonald,2021,23437.0,119.0,189.0,507.74,806.42
29,133,29133,Missouri,Mississippi,2021,12100.0,7.0,41.0,57.85,338.84
29,137,29137,Missouri,Monroe,2021,8706.0,30.0,36.0,344.59,413.51
29,139,29139,Missouri,Montgomery,2021,11450.0,14.0,49.0,122.27,427.95
29,143,29143,Missouri,New Madrid,2021,16044.0,57.0,170.0,355.27,1059.59
29,147,29147,Missouri,Nodaway,2021,21018.0,19.0,71.0,90.4,337.81
29,149,29149,Missouri,Oregon,2021,8619.0,11.0,52.0,127.63,603.32
29,155,29155,Missouri,Pemiscot,2021,15239.0,25.0,77.0,164.05,505.28
29,157,29157,Missouri,Perry,2021,18982.0,38.0,33.0,200.19,173.85
29,161,29161,Missouri,Phelps,2021,44891.0,29.0,187.0,64.6,416.56
29,163,29163,Missouri,Pike,2021,17604.0,23.0,73.0,130.65,414.68
29,175,29175,Missouri,Randolph,2021,24578.0,65.0,46.0,264.46,187.16
29,181,29181,Missouri,Ripley,2021,10647.0,5.0,45.0,46.96,422.65
29,195,29195,Missouri,Saline,2021,23281.0,117.0,80.0,502.56,343.63
29,197,29197,Missouri,Schuyler,2021,4017.0,16.0,52.0,398.31,1294.5
29,186,29186,Missouri,Ste. Genevieve,2021,18578.0,42.0,111.0,226.07,597.48
29,207,29207,Missouri,Stoddard,2021,28531.0,34.0,149.0,119.17,522.24
29,209,29209,Missouri,Stone,2021,31603.0,69.0,400.0,218.33,1265.7
29,213,29213,Missouri,Taney,2021,56352.0,64.0,276.0,113.57,489.78
29,215,29215,Missouri,Texas,2021,24857.0,61.0,148.0,245.4,595.41
29,217,29217,Missouri,Vernon,2021,19580.0,50.0,116.0,255.36,592.44
29,221,29221,Missouri,Washington,2021,23396.0,47.0,132.0,200.89,564.2
29,223,29223,Missouri,Wayne,2021,10924.0,57.0,143.0,521.79,1309.04
29,229,29229,Missouri,Wright,2021,18622.0,17.0,80.0,91.29,429.6
30,009,30009,Montana,Carbon,2021,10901.0,10.0,49.0,91.73,449.5
30,013,30013,Montana,Cascade,2021,84569.0,100.0,331.0,118.25,391.4
30,063,30063,Montana,Missoula,2021,119874.0,129.0,297.0,107.61,247.76
30,095,30095,Montana,Stillwater,2021,9022.0,19.0,82.0,210.6,908.89
30,111,30111,Montana,Yellowstone,2021,167444.0,143.0,804.0,85.4,480.16
30,003,30003,Montana,Big Horn,2021,12893.0,82.0,315.0,636.0,2443.19
30,005,30005,Montana,Blaine,2021,7000.0,5.0,11.0,71.43,157.14
30,007,30007,Montana,Broadwater,2021,7329.0,21.0,29.0,286.53,395.69
30,093,30093,Montana,Butte-Silver Bow,2021,35498.0,121.0,1569.0,340.86,4419.97
30,011,30011,Montana,Carter,2021,1415.0,0.0,0.0,0.0,0.0
30,015,30015,Montana,Chouteau,2021,5936.0,4.0,3.0,67.39,50.54
30,017,30017,Montana,Custer,2021,11960.0,15.0,14.0,125.42,117.06
30,021,30021,Montana,Dawson,2021,8855.0,8.0,26.0,90.34,293.62
30,023,30023,Montana,Deer Lodge,2021,9522.0,24.0,188.0,252.05,1974.38
30,025,30025,Montana,Fallon,2021,3012.0,1.0,0.0,33.2,0.0
30,027,30027,Montana,Fergus,2021,11618.0,2.0,9.0,17.21,77.47
30,029,30029,Montana,Flathead,2021,108760.0,216.0,652.0,198.6,599.49
30,031,30031,Montana,Gallatin,2021,123103.0,137.0,369.0,111.29,299.75
30,033,30033,Montana,Garfield,2021,1206.0,4.0,2.0,331.67,165.84
30,035,30035,Montana,Glacier,2021,13710.0,2.0,26.0,14.59,189.64
30,037,30037,Montana,Golden Valley,2021,820.0,2.0,5.0,243.9,609.76
30,039,30039,Montana,Granite,2021,3361.0,5.0,31.0,148.77,922.34
30,041,30041,Montana,Hill,2021,16195.0,22.0,149.0,135.84,920.04
30,043,30043,Montana,Jefferson,2021,12465.0,30.0,115.0,240.67,922.58
30,045,30045,Montana,Judith Basin,2021,2044.0,0.0,0.0,0.0,0.0
30,047,30047,Montana,Lake,2021,32072.0,136.0,295.0,424.05,919.81
30,049,30049,Montana,Lewis and Clark,2021,72514.0,120.0,324.0,165.49,446.81
30,051,30051,Montana,Liberty,2021,1934.0,0.0,3.0,0.0,155.12
30,053,30053,Montana,Lincoln,2021,20588.0,24.0,51.0,116.57,247.72
30,057,30057,Montana,Madison,2021,8954.0,14.0,23.0,156.35,256.87
30,055,30055,Montana,McCone,2021,1712.0,2.0,1.0,116.82,58.41
30,059,30059,Montana,Meagher,2021,1965.0,4.0,12.0,203.56,610.69
30,061,30061,Montana,Mineral,2021,4865.0,18.0,35.0,369.99,719.42
30,065,30065,Montana,Musselshell,2021,4911.0,13.0,45.0,264.71,916.31
30,067,30067,Montana,Park,2021,17531.0,22.0,59.0,125.49,336.55
30,069,30069,Montana,Petroleum,2021,520.0,2.0,0.0,384.62,0.0
30,071,30071,Montana,Phillips,2021,4204.0,23.0,37.0,547.1,880.11
30,073,30073,Montana,Pondera,2021,6022.0,5.0,24.0,83.03,398.54
30,075,30075,Montana,Powder River,2021,1710.0,2.0,0.0,116.96,0.0
30,077,30077,Montana,Powell,2021,7021.0,15.0,17.0,213.64,242.13
30,079,30079,Montana,Prairie,2021,1099.0,7.0,1.0,636.94,90.99
30,083,30083,Montana,Richland,2021,11324.0,5.0,20.0,44.15,176.62
30,085,30085,Montana,Roosevelt,2021,10793.0,22.0,29.0,203.84,268.69
30,087,30087,Montana,Rosebud,2021,8076.0,8.0,3.0,99.06,37.15
30,089,30089,Montana,Sanders,2021,12933.0,13.0,42.0,100.52,324.75
30,091,30091,Montana,Sheridan,2021,3577.0,21.0,43.0,587.08,1202.12
30,097,30097,Montana,Sweet Grass,2021,3707.0,13.0,33.0,350.69,890.21
30,099,30099,Montana,Teton,2021,6280.0,23.0,78.0,366.24,1242.04
30,101,30101,Montana,Toole,2021,4985.0,10.0,77.0,200.6,1544.63
30,105,30105,Montana,Valley,2021,7569.0,1.0,4.0,13.21,52.85
30,107,30107,Montana,Wheatland,2021,2043.0,2.0,2.0,97.9,97.9
30,109,30109,Montana,Wibaux,2021,936.0,0.0,0.0,0.0,0.0
31,025,31025,Nebraska,Cass,2021,27084.0,12.0,154.0,44.31,568.6
31,051,31051,Nebraska,Dixon,2021,5555.0,2.0,28.0,36.0,504.05
31,055,31055,Nebraska,Douglas,2021,585604.0,92.0,675.0,15.71,115.27
31,079,31079,Nebraska,Hall,2021,62082.0,24.0,103.0,38.66,165.91
31,109,31109,Nebraska,Lancaster,2021,323504.0,17.0,233.0,5.25,72.02
31,121,31121,Nebraska,Merrick,2021,7661.0,1.0,6.0,13.05,78.32
31,153,31153,Nebraska,Sarpy,2021,193908.0,37.0,723.0,19.08,372.86
31,155,31155,Nebraska,Saunders,2021,22825.0,3.0,62.0,13.14,271.63
31,159,31159,Nebraska,Seward,2021,17561.0,8.0,21.0,45.56,119.58
31,177,31177,Nebraska,Washington,2021,21004.0,3.0,68.0,14.28,323.75
31,001,31001,Nebraska,Adams,2021,30975.0,5.0,48.0,16.14,154.96
31,015,31015,Nebraska,Boyd,2021,1783.0,0.0,6.0,0.0,336.51
31,017,31017,Nebraska,Brown,2021,2921.0,0.0,6.0,0.0,205.41
31,019,31019,Nebraska,Buffalo,2021,50337.0,14.0,93.0,27.81,184.75
31,023,31023,Nebraska,Butler,2021,8448.0,8.0,13.0,94.7,153.88
31,027,31027,Nebraska,Cedar,2021,8323.0,6.0,48.0,72.09,576.72
31,031,31031,Nebraska,Cherry,2021,5448.0,1.0,4.0,18.36,73.42
31,033,31033,Nebraska,Cheyenne,2021,9497.0,25.0,8.0,263.24,84.24
31,041,31041,Nebraska,Custer,2021,10500.0,4.0,22.0,38.1,209.52
31,047,31047,Nebraska,Dawson,2021,23935.0,6.0,35.0,25.07,146.23
31,053,31053,Nebraska,Dodge,2021,37127.0,6.0,100.0,16.16,269.35
31,057,31057,Nebraska,Dundy,2021,1630.0,1.0,13.0,61.35,797.55
31,059,31059,Nebraska,Fillmore,2021,5547.0,2.0,11.0,36.06,198.31
31,065,31065,Nebraska,Furnas,2021,4605.0,4.0,40.0,86.86,868.62
31,067,31067,Nebraska,Gage,2021,21644.0,18.0,42.0,83.16,194.05
31,075,31075,Nebraska,Grant,2021,578.0,0.0,0.0,0.0,0.0
31,081,31081,Nebraska,Hamilton,2021,9393.0,2.0,17.0,21.29,180.99
31,083,31083,Nebraska,Harlan,2021,3097.0,0.0,0.0,0.0,0.0
31,085,31085,Nebraska,Hayes,2021,841.0,0.0,5.0,0.0,594.53
31,087,31087,Nebraska,Hitchcock,2021,2605.0,1.0,16.0,38.39,614.2
31,095,31095,Nebraska,Jefferson,2021,7165.0,5.0,115.0,69.78,1605.02
31,097,31097,Nebraska,Johnson,2021,5312.0,6.0,19.0,112.95,357.68
31,099,31099,Nebraska,Kearney,2021,6688.0,6.0,14.0,89.71,209.33
31,101,31101,Nebraska,Keith,2021,8256.0,2.0,4.0,24.22,48.45
31,111,31111,Nebraska,Lincoln,2021,34084.0,8.0,64.0,23.47,187.77
31,119,31119,Nebraska,Madison,2021,35406.0,5.0,25.0,14.12,70.61
31,117,31117,Nebraska,McPherson,2021,380.0,0.0,0.0,0.0,0.0
31,123,31123,Nebraska,Morrill,2021,4566.0,1.0,18.0,21.9,394.22
31,127,31127,Nebraska,Nemaha,2021,7004.0,9.0,22.0,128.5,314.11
31,131,31131,Nebraska,Otoe,2021,16031.0,5.0,39.0,31.19,243.28
31,135,31135,Nebraska,Perkins,2021,2817.0,0.0,13.0,0.0,461.48
31,137,31137,Nebraska,Phelps,2021,8923.0,3.0,8.0,33.62,89.66
31,141,31141,Nebraska,Platte,2021,34307.0,6.0,64.0,17.49,186.55
31,143,31143,Nebraska,Polk,2021,5187.0,1.0,16.0,19.28,308.46
31,147,31147,Nebraska,Richardson,2021,7789.0,1.0,24.0,12.84,308.13
31,149,31149,Nebraska,Rock,2021,1277.0,0.0,0.0,0.0,0.0
31,157,31157,Nebraska,Scotts Bluff,2021,35901.0,8.0,66.0,22.28,183.84
31,167,31167,Nebraska,Stanton,2021,5829.0,0.0,2.0,0.0,34.31
31,175,31175,Nebraska,Valley,2021,4063.0,1.0,3.0,24.61,73.84
31,179,31179,Nebraska,Wayne,2021,9877.0,2.0,16.0,20.25,161.99
31,181,31181,Nebraska,Webster,2021,3393.0,0.0,3.0,0.0,88.42
32,510,32510,Nevada,Carson City,2021,58835.0,210.0,631.0,356.93,1072.49
32,031,32031,Nevada,Washoe,2021,494481.0,337.0,772.0,68.15,156.12
32,001,32001,Nevada,Churchill,2021,25663.0,27.0,260.0,105.21,1013.13
32,005,32005,Nevada,Douglas,2021,50014.0,68.0,559.0,135.96,1117.69
32,007,32007,Nevada,Elko,2021,53879.0,58.0,213.0,107.65,395.33
32,013,32013,Nevada,Humboldt,2021,17631.0,22.0,138.0,124.78,782.71
32,015,32015,Nevada,Lander,2021,5758.0,18.0,78.0,312.61,1354.64
32,019,32019,Nevada,Lyon,2021,60961.0,159.0,546.0,260.82,895.65
32,023,32023,Nevada,Nye,2021,53351.0,174.0,760.0,326.14,1424.53
33,017,33017,New Hampshire,Strafford,2021,131643.0,2.0,0.0,1.52,0.0
33,001,33001,New Hampshire,Belknap,2021,64612.0,5.0,11.0,7.74,17.02
33,003,33003,New Hampshire,Carroll,2021,51741.0,3.0,41.0,5.8,79.24
33,005,33005,New Hampshire,Cheshire,2021,76858.0,4.0,10.0,5.2,13.01
33,009,33009,New Hampshire,Grafton,2021,90518.0,4.0,2.0,4.42,2.21
33,013,33013,New Hampshire,Merrimack,2021,154660.0,0.0,1.0,0.0,0.65
33,019,33019,New Hampshire,Sullivan,2021,43619.0,1.0,9.0,2.29,20.63
,,,New Hampshire,Atlantic,2021,,0.0,0.0,,
,,,New Hampshire,Bernalillo,2021,,753.0,1974.0,,
,,,New Hampshire,Dona Ana,2021,,318.0,854.0,,
,,,New Hampshire,Valencia,2021,,213.0,677.0,,
,,,New Hampshire,McKinley,2021,,58.0,162.0,,
,,,New Hampshire,Socorro,2021,,22.0,71.0,,
,,,New Hampshire,Broome,2021,,40.0,477.0,,
,,,New Hampshire,Dutchess,2021,,28.0,332.0,,
,,,New Hampshire,Jefferson,2021,,12.0,183.0,,
,,,New Hampshire,Livingston,2021,,12.0,252.0,,
,,,New Hampshire,Monroe,2021,,141.0,1862.0,,
,,,New Hampshire,Niagara,2021,,44.0,516.0,,
,,,New Hampshire,Oneida,2021,,41.0,214.0,,
,,,New Hampshire,Oswego,2021,,28.0,259.0,,
,,,New Hampshire,Saratoga,2021,,73.0,1011.0,,
,,,New Hampshire,Ulster,2021,,9.0,104.0,,
,,,New Hampshire,Warren,2021,,15.0,458.0,,
,,,New Hampshire,Cattaraugus,2021,,37.0,199.0,,
,,,New Hampshire,Chautauqua,2021,,47.0,295.0,,
,,,New Hampshire,Genesee,2021,,40.0,246.0,,
,,,New Hampshire,Montgomery,2021,,5.0,167.0,,
,,,New Hampshire,Seneca,2021,,6.0,397.0,,
,,,New Hampshire,St. Lawrence,2021,,7.0,22.0,,
37,001,37001,North Carolina,Alamance,2021,173666.0,192.0,654.0,110.56,376.58
37,003,37003,North Carolina,Alexander,2021,36279.0,79.0,388.0,217.76,1069.49
37,021,37021,North Carolina,Buncombe,2021,272030.0,159.0,1666.0,58.45,612.43
37,023,37023,North Carolina,Burke,2021,87337.0,117.0,751.0,133.96,859.89
37,025,37025,North Carolina,Cabarrus,2021,231844.0,47.0,566.0,20.27,244.13
37,027,37027,North Carolina,Caldwell,2021,80529.0,69.0,908.0,85.68,1127.54
37,029,37029,North Carolina,Camden,2021,10827.0,22.0,59.0,203.2,544.93
37,035,37035,North Carolina,Catawba,2021,161706.0,189.0,1052.0,116.88,650.56
37,037,37037,North Carolina,Chatham,2021,78164.0,94.0,602.0,120.26,770.18
37,049,37049,North Carolina,Craven,2021,101696.0,94.0,500.0,92.43,491.66
37,053,37053,North Carolina,Currituck,2021,29700.0,57.0,316.0,191.92,1063.97
37,057,37057,North Carolina,Davidson,2021,170570.0,95.0,1261.0,55.7,739.29
37,063,37063,North Carolina,Durham,2021,326694.0,96.0,533.0,29.39,163.15
37,067,37067,North Carolina,Forsyth,2021,385808.0,249.0,1404.0,64.54,363.91
37,069,37069,North Carolina,Franklin,2021,71697.0,113.0,600.0,157.61,836.86
37,071,37071,North Carolina,Gaston,2021,231421.0,13.0,3.0,5.62,1.3
,,,North Carolina,Gaston County Police Department,2021,231421.0,192.0,998.0,82.97,431.25
37,077,37077,North Carolina,Granville,2021,60502.0,59.0,357.0,97.52,590.06
37,081,37081,North Carolina,Guilford,2021,542111.0,215.0,938.0,39.66,173.03
37,085,37085,North Carolina,Harnett,2021,135553.0,241.0,1422.0,177.79,1049.04
37,087,37087,North Carolina,Haywood,2021,62539.0,97.0,917.0,155.1,1466.29
37,089,37089,North Carolina,Henderson,2021,117187.0,112.0,1227.0,95.57,1047.04
37,097,37097,North Carolina,Iredell,2021,192185.0,133.0,735.0,69.2,382.44
37,101,37101,North Carolina,Johnston,2021,226965.0,133.0,1485.0,58.6,654.29
37,109,37109,North Carolina,Lincoln,2021,89935.0,91.0,877.0,101.18,975.15
37,115,37115,North Carolina,Madison,2021,21739.0,23.0,219.0,105.8,1007.41
37,129,37129,North Carolina,New Hanover,2021,230167.0,139.0,1139.0,60.39,494.86
37,135,37135,North Carolina,Orange,2021,148919.0,86.0,471.0,57.75,316.28
37,137,37137,North Carolina,Pamlico,2021,12362.0,39.0,226.0,315.48,1828.18
37,145,37145,North Carolina,Person,2021,39168.0,36.0,419.0,91.91,1069.75
37,147,37147,North Carolina,Pitt,2021,175482.0,153.0,697.0,87.19,397.19
37,157,37157,North Carolina,Rockingham,2021,91261.0,49.0,584.0,53.69,639.92
37,159,37159,North Carolina,Rowan,2021,147701.0,162.0,947.0,109.68,641.16
37,179,37179,North Carolina,Union,2021,244459.0,198.0,1423.0,81.0,582.1
37,183,37183,North Carolina,Wake,2021,1153051.0,224.0,1344.0,19.43,116.56
37,191,37191,North Carolina,Wayne,2021,117416.0,201.0,1073.0,171.19,913.84
37,197,37197,North Carolina,Yadkin,2021,37287.0,43.0,357.0,115.32,957.44
37,009,37009,North Carolina,Ashe,2021,26757.0,41.0,147.0,153.23,549.39
37,011,37011,North Carolina,Avery,2021,17603.0,14.0,108.0,79.53,613.53
37,015,37015,North Carolina,Bertie,2021,17237.0,36.0,200.0,208.85,1160.29
37,017,37017,North Carolina,Bladen,2021,29531.0,108.0,425.0,365.72,1439.17
37,031,37031,North Carolina,Carteret,2021,68695.0,89.0,516.0,129.56,751.15
37,033,37033,North Carolina,Caswell,2021,22505.0,12.0,60.0,53.32,266.61
37,039,37039,North Carolina,Cherokee,2021,29199.0,92.0,755.0,315.08,2585.7
37,041,37041,North Carolina,Chowan,2021,13761.0,7.0,65.0,50.87,472.35
37,045,37045,North Carolina,Cleveland,2021,100478.0,180.0,637.0,179.14,633.97
37,055,37055,North Carolina,Dare,2021,37908.0,17.0,172.0,44.85,453.73
37,061,37061,North Carolina,Duplin,2021,48565.0,72.0,886.0,148.25,1824.36
37,079,37079,North Carolina,Greene,2021,20274.0,54.0,242.0,266.35,1193.65
37,083,37083,North Carolina,Halifax,2021,48268.0,86.0,371.0,178.17,768.63
37,091,37091,North Carolina,Hertford,2021,19810.0,24.0,211.0,121.15,1065.12
37,113,37113,North Carolina,Macon,2021,37457.0,29.0,457.0,77.42,1220.07
37,117,37117,North Carolina,Martin,2021,21747.0,41.0,197.0,188.53,905.87
37,111,37111,North Carolina,McDowell,2021,44541.0,51.0,733.0,114.5,1645.67
37,123,37123,North Carolina,Montgomery,2021,25834.0,52.0,226.0,201.29,874.82
37,125,37125,North Carolina,Moore,2021,103056.0,62.0,522.0,60.16,506.52
37,139,37139,North Carolina,Pasquotank,2021,40633.0,106.0,199.0,260.87,489.75
37,149,37149,North Carolina,Polk,2021,19701.0,13.0,177.0,65.99,898.43
37,153,37153,North Carolina,Richmond,2021,42654.0,228.0,1083.0,534.53,2539.04
37,155,37155,North Carolina,Robeson,2021,115889.0,1041.0,2331.0,898.27,2011.41
37,161,37161,North Carolina,Rutherford,2021,64523.0,76.0,471.0,117.79,729.97
37,163,37163,North Carolina,Sampson,2021,59052.0,153.0,788.0,259.09,1334.42
37,165,37165,North Carolina,Scotland,2021,33331.0,68.0,274.0,204.01,822.06
37,171,37171,North Carolina,Surry,2021,71282.0,66.0,577.0,92.59,809.46
37,173,37173,North Carolina,Swain,2021,14134.0,23.0,289.0,162.73,2044.71
37,175,37175,North Carolina,Transylvania,2021,33492.0,35.0,173.0,104.5,516.54
37,177,37177,North Carolina,Tyrrell,2021,3377.0,6.0,24.0,177.67,710.69
37,181,37181,North Carolina,Vance,2021,42128.0,124.0,511.0,294.34,1212.97
37,185,37185,North Carolina,Warren,2021,18835.0,34.0,315.0,180.51,1672.42
37,189,37189,North Carolina,Watauga,2021,55302.0,35.0,218.0,63.29,394.2
37,193,37193,North Carolina,Wilkes,2021,65812.0,99.0,650.0,150.43,987.66
37,195,37195,North Carolina,Wilson,2021,79263.0,45.0,270.0,56.77,340.64
37,199,37199,North Carolina,Yancey,2021,18759.0,12.0,70.0,63.97,373.15
38,015,38015,North Dakota,Burleigh,2021,99370.0,27.0,120.0,27.17,120.76
38,017,38017,North Dakota,Cass,2021,189328.0,18.0,153.0,9.51,80.81
38,035,38035,North Dakota,Grand Forks,2021,72422.0,20.0,56.0,27.62,77.32
38,059,38059,North Dakota,Morton,2021,33590.0,7.0,72.0,20.84,214.35
38,065,38065,North Dakota,Oliver,2021,1873.0,0.0,6.0,0.0,320.34
38,001,38001,North Dakota,Adams,2021,2169.0,2.0,11.0,92.21,507.15
38,003,38003,North Dakota,Barnes,2021,10731.0,4.0,18.0,37.28,167.74
38,005,38005,North Dakota,Benson,2021,5771.0,2.0,6.0,34.66,103.97
38,007,38007,North Dakota,Billings,2021,959.0,0.0,3.0,0.0,312.83
38,009,38009,North Dakota,Bottineau,2021,6424.0,1.0,52.0,15.57,809.46
38,011,38011,North Dakota,Bowman,2021,2893.0,1.0,0.0,34.57,0.0
38,013,38013,North Dakota,Burke,2021,2151.0,1.0,5.0,46.49,232.45
38,019,38019,North Dakota,Cavalier,2021,3678.0,3.0,5.0,81.57,135.94
38,023,38023,North Dakota,Divide,2021,2178.0,0.0,12.0,0.0,550.96
38,025,38025,North Dakota,Dunn,2021,4007.0,4.0,19.0,99.83,474.17
38,027,38027,North Dakota,Eddy,2021,2320.0,4.0,15.0,172.41,646.55
38,029,38029,North Dakota,Emmons,2021,3269.0,3.0,34.0,91.77,1040.07
38,033,38033,North Dakota,Golden Valley,2021,1763.0,0.0,10.0,0.0,567.21
38,037,38037,North Dakota,Grant,2021,2297.0,2.0,11.0,87.07,478.89
38,039,38039,North Dakota,Griggs,2021,2288.0,1.0,13.0,43.71,568.18
38,041,38041,North Dakota,Hettinger,2021,2444.0,3.0,5.0,122.75,204.58
38,043,38043,North Dakota,Kidder,2021,2355.0,0.0,7.0,0.0,297.24
38,045,38045,North Dakota,Lamoure,2021,4054.0,1.0,9.0,24.67,222.0
38,049,38049,North Dakota,McHenry,2021,5241.0,8.0,28.0,152.64,534.25
38,051,38051,North Dakota,McIntosh,2021,2516.0,1.0,10.0,39.75,397.46
38,053,38053,North Dakota,McKenzie,2021,13858.0,15.0,90.0,108.24,649.44
38,055,38055,North Dakota,McLean,2021,9832.0,8.0,75.0,81.37,762.82
38,057,38057,North Dakota,Mercer,2021,8337.0,5.0,34.0,59.97,407.82
38,061,38061,North Dakota,Mountrail,2021,9571.0,1.0,61.0,10.45,637.34
38,063,38063,North Dakota,Nelson,2021,3042.0,1.0,25.0,32.87,821.83
38,067,38067,North Dakota,Pembina,2021,6766.0,7.0,27.0,103.46,399.05
38,069,38069,North Dakota,Pierce,2021,3954.0,0.0,14.0,0.0,354.07
38,071,38071,North Dakota,Ramsey,2021,11610.0,4.0,37.0,34.45,318.69
38,073,38073,North Dakota,Ransom,2021,5683.0,2.0,20.0,35.19,351.93
38,075,38075,North Dakota,Renville,2021,2256.0,3.0,17.0,132.98,753.55
38,077,38077,North Dakota,Richland,2021,16546.0,4.0,73.0,24.18,441.19
38,079,38079,North Dakota,Rolette,2021,12040.0,4.0,17.0,33.22,141.2
38,081,38081,North Dakota,Sargent,2021,3848.0,4.0,6.0,103.95,155.93
38,083,38083,North Dakota,Sheridan,2021,1264.0,0.0,10.0,0.0,791.14
38,085,38085,North Dakota,Sioux,2021,3739.0,0.0,0.0,0.0,0.0
38,087,38087,North Dakota,Slope,2021,688.0,0.0,0.0,0.0,0.0
38,089,38089,North Dakota,Stark,2021,33037.0,2.0,53.0,6.05,160.43
38,091,38091,North Dakota,Steele,2021,1812.0,1.0,1.0,55.19,55.19
38,093,38093,North Dakota,Stutsman,2021,21592.0,4.0,44.0,18.53,203.78
38,095,38095,North Dakota,Towner,2021,2123.0,3.0,19.0,141.31,894.96
38,097,38097,North Dakota,Traill,2021,7977.0,5.0,56.0,62.68,702.02
38,099,38099,North Dakota,Walsh,2021,10488.0,3.0,52.0,28.6,495.8
38,101,38101,North Dakota,Ward,2021,69287.0,24.0,178.0,34.64,256.9
38,105,38105,North Dakota,Williams,2021,38508.0,11.0,123.0,28.57,319.41
39,003,39003,Ohio,Allen,2021,101705.0,111.0,496.0,109.14,487.68
39,013,39013,Ohio,Belmont,2021,65878.0,44.0,78.0,66.79,118.4
39,023,39023,Ohio,Clark,2021,135400.0,28.0,627.0,20.68,463.07
39,025,39025,Ohio,Clermont,2021,209917.0,85.0,763.0,40.49,363.48
39,045,39045,Ohio,Fairfield,2021,161146.0,69.0,978.0,42.82,606.9
39,049,39049,Ohio,Franklin,2021,1317228.0,56.0,335.0,4.25,25.43
39,051,39051,Ohio,Fulton,2021,42505.0,18.0,180.0,42.35,423.48
39,057,39057,Ohio,Greene,2021,168268.0,30.0,277.0,17.83,164.62
39,061,39061,Ohio,Hamilton,2021,827182.0,172.0,1418.0,20.79,171.43
39,073,39073,Ohio,Hocking,2021,28109.0,38.0,219.0,135.19,779.11
39,093,39093,Ohio,Lorain,2021,314094.0,51.0,373.0,16.24,118.75
39,095,39095,Ohio,Lucas,2021,429218.0,85.0,739.0,19.8,172.17
39,097,39097,Ohio,Madison,2021,44435.0,32.0,173.0,72.02,389.33
39,103,39103,Ohio,Medina,2021,183311.0,30.0,196.0,16.37,106.92
39,109,39109,Ohio,Miami,2021,109392.0,38.0,302.0,34.74,276.07
39,113,39113,Ohio,Montgomery,2021,536038.0,248.0,971.0,46.27,181.14
39,127,39127,Ohio,Perry,2021,35484.0,0.0,28.0,0.0,78.91
39,129,39129,Ohio,Pickaway,2021,58760.0,30.0,441.0,51.06,750.51
39,139,39139,Ohio,Richland,2021,125297.0,90.0,499.0,71.83,398.25
39,151,39151,Ohio,Stark,2021,373565.0,103.0,1367.0,27.57,365.93
39,153,39153,Ohio,Summit,2021,537255.0,91.0,1017.0,16.94,189.3
39,155,39155,Ohio,Trumbull,2021,201415.0,21.0,156.0,10.43,77.45
39,159,39159,Ohio,Union,2021,65101.0,24.0,211.0,36.87,324.11
39,165,39165,Ohio,Warren,2021,246722.0,35.0,726.0,14.19,294.26
39,173,39173,Ohio,Wood,2021,130178.0,24.0,244.0,18.44,187.44
39,001,39001,Ohio,Adams,2021,27581.0,3.0,67.0,10.88,242.92
39,007,39007,Ohio,Ashtabula,2021,97427.0,50.0,457.0,51.32,469.07
39,009,39009,Ohio,Athens,2021,59057.0,25.0,281.0,42.33,475.81
39,011,39011,Ohio,Auglaize,2021,46245.0,1.0,25.0,2.16,54.06
39,021,39021,Ohio,Champaign,2021,38788.0,23.0,141.0,59.3,363.51
39,027,39027,Ohio,Clinton,2021,42142.0,16.0,68.0,37.97,161.36
39,029,39029,Ohio,Columbiana,2021,101318.0,39.0,163.0,38.49,160.88
39,031,39031,Ohio,Coshocton,2021,36639.0,72.0,399.0,196.51,1089.0
39,033,39033,Ohio,Crawford,2021,41753.0,8.0,67.0,19.16,160.47
39,039,39039,Ohio,Defiance,2021,38177.0,9.0,139.0,23.57,364.09
39,043,39043,Ohio,Erie,2021,74762.0,5.0,96.0,6.69,128.41
39,047,39047,Ohio,Fayette,2021,28897.0,34.0,205.0,117.66,709.42
39,053,39053,Ohio,Gallia,2021,29203.0,17.0,110.0,58.21,376.67
39,063,39063,Ohio,Hancock,2021,74749.0,25.0,197.0,33.45,263.55
39,067,39067,Ohio,Harrison,2021,14473.0,10.0,79.0,69.09,545.84
39,069,39069,Ohio,Henry,2021,27537.0,9.0,136.0,32.68,493.88
39,071,39071,Ohio,Highland,2021,43440.0,26.0,332.0,59.85,764.27
39,079,39079,Ohio,Jackson,2021,32533.0,47.0,185.0,144.47,568.65
39,083,39083,Ohio,Knox,2021,62505.0,28.0,285.0,44.8,455.96
39,091,39091,Ohio,Logan,2021,46166.0,15.0,188.0,32.49,407.23
39,105,39105,Ohio,Meigs,2021,22073.0,18.0,168.0,81.55,761.11
39,111,39111,Ohio,Monroe,2021,13319.0,5.0,14.0,37.54,105.11
39,115,39115,Ohio,Morgan,2021,13698.0,21.0,91.0,153.31,664.33
39,131,39131,Ohio,Pike,2021,27070.0,43.0,227.0,158.85,838.57
39,135,39135,Ohio,Preble,2021,40871.0,17.0,136.0,41.59,332.75
39,141,39141,Ohio,Ross,2021,76493.0,109.0,941.0,142.5,1230.18
39,145,39145,Ohio,Scioto,2021,72932.0,32.0,245.0,43.88,335.93
39,147,39147,Ohio,Seneca,2021,54975.0,8.0,142.0,14.55,258.3
39,149,39149,Ohio,Shelby,2021,48035.0,15.0,101.0,31.23,210.26
39,157,39157,Ohio,Tuscarawas,2021,92607.0,36.0,278.0,38.87,300.19
39,161,39161,Ohio,Van Wert,2021,28792.0,20.0,60.0,69.46,208.39
39,167,39167,Ohio,Washington,2021,59485.0,16.0,142.0,26.9,238.72
39,169,39169,Ohio,Wayne,2021,116106.0,43.0,628.0,37.04,540.89
40,017,40017,Oklahoma,Canadian,2021,162022.0,20.0,168.0,12.34,103.69
40,027,40027,Oklahoma,Cleveland,2021,298188.0,40.0,204.0,13.41,68.41
40,031,40031,Oklahoma,Comanche,2021,122383.0,19.0,118.0,15.53,96.42
40,033,40033,Oklahoma,Cotton,2021,5442.0,6.0,29.0,110.25,532.89
40,037,40037,Oklahoma,Creek,2021,72255.0,48.0,362.0,66.43,501.0
40,047,40047,Oklahoma,Garfield,2021,61986.0,16.0,92.0,25.81,148.42
40,051,40051,Oklahoma,Grady,2021,55644.0,40.0,265.0,71.89,476.24
40,081,40081,Oklahoma,Lincoln,2021,33892.0,57.0,289.0,168.18,852.71
40,083,40083,Oklahoma,Logan,2021,50952.0,33.0,354.0,64.77,694.77
40,087,40087,Oklahoma,McClain,2021,43544.0,19.0,192.0,43.63,440.93
40,109,40109,Oklahoma,Oklahoma,2021,800107.0,29.0,144.0,3.62,18.0
40,111,40111,Oklahoma,Okmulgee,2021,36848.0,24.0,182.0,65.13,493.92
40,113,40113,Oklahoma,Osage,2021,45929.0,77.0,438.0,167.65,953.65
40,117,40117,Oklahoma,Pawnee,2021,15703.0,8.0,96.0,50.95,611.35
40,131,40131,Oklahoma,Rogers,2021,96901.0,88.0,404.0,90.81,416.92
40,135,40135,Oklahoma,Sequoyah,2021,39492.0,77.0,254.0,194.98,643.17
40,143,40143,Oklahoma,Tulsa,2021,674181.0,194.0,782.0,28.78,115.99
40,145,40145,Oklahoma,Wagoner,2021,84253.0,65.0,324.0,77.15,384.56
40,001,40001,Oklahoma,Adair,2021,19432.0,24.0,138.0,123.51,710.17
40,003,40003,Oklahoma,Alfalfa,2021,5699.0,4.0,56.0,70.19,982.63
40,005,40005,Oklahoma,Atoka,2021,14294.0,19.0,75.0,132.92,524.7
40,007,40007,Oklahoma,Beaver,2021,4992.0,2.0,16.0,40.06,320.51
40,009,40009,Oklahoma,Beckham,2021,22021.0,14.0,66.0,63.58,299.71
40,011,40011,Oklahoma,Blaine,2021,8554.0,12.0,72.0,140.29,841.71
40,013,40013,Oklahoma,Bryan,2021,47143.0,24.0,269.0,50.91,570.6
40,015,40015,Oklahoma,Caddo,2021,26452.0,28.0,149.0,105.85,563.28
40,019,40019,Oklahoma,Carter,2021,48260.0,17.0,140.0,35.23,290.1
40,021,40021,Oklahoma,Cherokee,2021,47646.0,76.0,431.0,159.51,904.59
40,023,40023,Oklahoma,Choctaw,2021,14359.0,30.0,141.0,208.93,981.96
40,025,40025,Oklahoma,Cimarron,2021,2245.0,0.0,10.0,0.0,445.43
40,029,40029,Oklahoma,Coal,2021,5311.0,2.0,13.0,37.66,244.77
40,035,40035,Oklahoma,Craig,2021,14207.0,24.0,143.0,168.93,1006.55
40,039,40039,Oklahoma,Custer,2021,28174.0,13.0,84.0,46.14,298.15
40,041,40041,Oklahoma,Delaware,2021,40957.0,81.0,385.0,197.77,940.01
40,043,40043,Oklahoma,Dewey,2021,4425.0,6.0,50.0,135.59,1129.94
40,045,40045,Oklahoma,Ellis,2021,3738.0,3.0,48.0,80.26,1284.11
40,049,40049,Oklahoma,Garvin,2021,25792.0,49.0,206.0,189.98,798.7
40,053,40053,Oklahoma,Grant,2021,4153.0,2.0,27.0,48.16,650.13
40,055,40055,Oklahoma,Greer,2021,5487.0,0.0,4.0,0.0,72.9
40,057,40057,Oklahoma,Harmon,2021,2400.0,2.0,3.0,83.33,125.0
40,059,40059,Oklahoma,Harper,2021,3173.0,3.0,21.0,94.55,661.83
40,061,40061,Oklahoma,Haskell,2021,11621.0,8.0,58.0,68.84,499.1
40,063,40063,Oklahoma,Hughes,2021,13403.0,5.0,104.0,37.31,775.95
40,065,40065,Oklahoma,Jackson,2021,24721.0,3.0,31.0,12.14,125.4
40,067,40067,Oklahoma,Jefferson,2021,5386.0,4.0,18.0,74.27,334.2
40,069,40069,Oklahoma,Johnston,2021,10318.0,14.0,58.0,135.69,562.12
40,071,40071,Oklahoma,Kay,2021,43748.0,29.0,120.0,66.29,274.3
40,073,40073,Oklahoma,Kingfisher,2021,15226.0,7.0,83.0,45.97,545.12
40,075,40075,Oklahoma,Kiowa,2021,8403.0,6.0,17.0,71.4,202.31
40,077,40077,Oklahoma,Latimer,2021,9457.0,15.0,78.0,158.61,824.79
40,079,40079,Oklahoma,Le Flore,2021,48639.0,28.0,202.0,57.57,415.3
40,085,40085,Oklahoma,Love,2021,10238.0,16.0,95.0,156.28,927.92
40,093,40093,Oklahoma,Major,2021,7639.0,9.0,61.0,117.82,798.53
40,095,40095,Oklahoma,Marshall,2021,15562.0,19.0,163.0,122.09,1047.42
40,097,40097,Oklahoma,Mayes,2021,39247.0,46.0,465.0,117.21,1184.8
40,089,40089,Oklahoma,McCurtain,2021,30821.0,39.0,273.0,126.54,885.76
40,091,40091,Oklahoma,McIntosh,2021,19238.0,33.0,200.0,171.54,1039.61
40,099,40099,Oklahoma,Murray,2021,13729.0,3.0,38.0,21.85,276.79
40,101,40101,Oklahoma,Muskogee,2021,66270.0,48.0,179.0,72.43,270.11
40,103,40103,Oklahoma,Noble,2021,10947.0,15.0,67.0,137.02,612.04
40,105,40105,Oklahoma,Nowata,2021,9360.0,12.0,57.0,128.21,608.97
40,107,40107,Oklahoma,Okfuskee,2021,11220.0,10.0,85.0,89.13,757.58
40,115,40115,Oklahoma,Ottawa,2021,30387.0,28.0,238.0,92.14,783.23
40,119,40119,Oklahoma,Payne,2021,82248.0,29.0,269.0,35.26,327.06
40,121,40121,Oklahoma,Pittsburg,2021,43659.0,51.0,334.0,116.81,765.02
40,125,40125,Oklahoma,Pottawatomie,2021,73052.0,52.0,426.0,71.18,583.15
40,127,40127,Oklahoma,Pushmataha,2021,10768.0,13.0,82.0,120.73,761.52
40,129,40129,Oklahoma,Roger Mills,2021,3367.0,3.0,25.0,89.1,742.5
40,133,40133,Oklahoma,Seminole,2021,23535.0,18.0,273.0,76.48,1159.97
40,137,40137,Oklahoma,Stephens,2021,43150.0,33.0,131.0,76.48,303.59
40,139,40139,Oklahoma,Texas,2021,20854.0,8.0,56.0,38.36,268.53
40,141,40141,Oklahoma,Tillman,2021,7044.0,8.0,42.0,113.57,596.25
40,147,40147,Oklahoma,Washington,2021,52913.0,17.0,101.0,32.13,190.88
40,149,40149,Oklahoma,Washita,2021,10909.0,7.0,35.0,64.17,320.84
40,151,40151,Oklahoma,Woods,2021,8623.0,5.0,30.0,57.98,347.91
40,153,40153,Oklahoma,Woodward,2021,20238.0,10.0,106.0,49.41,523.77
41,003,41003,Oregon,Benton,2021,93012.0,20.0,256.0,21.5,275.23
41,005,41005,Oregon,Clackamas,2021,423877.0,469.0,5071.0,110.65,1196.34
41,009,41009,Oregon,Columbia,2021,53175.0,52.0,109.0,97.79,204.98
41,017,41017,Oregon,Deschutes,2021,205280.0,88.0,642.0,42.87,312.74
41,029,41029,Oregon,Jackson,2021,224649.0,112.0,571.0,49.86,254.17
41,033,41033,Oregon,Josephine,2021,88620.0,101.0,325.0,113.97,366.73
41,043,41043,Oregon,Linn,2021,130110.0,65.0,883.0,49.96,678.66
41,051,41051,Oregon,Multnomah,2021,805130.0,245.0,1713.0,30.43,212.76
41,053,41053,Oregon,Polk,2021,89436.0,67.0,292.0,74.91,326.49
41,067,41067,Oregon,Washington,2021,602382.0,568.0,2776.0,94.29,460.84
41,071,41071,Oregon,Yamhill,2021,108019.0,78.0,544.0,72.21,503.62
41,007,41007,Oregon,Clatsop,2021,41932.0,34.0,156.0,81.08,372.03
41,013,41013,Oregon,Crook,2021,25772.0,27.0,101.0,104.76,391.9
41,019,41019,Oregon,Douglas,2021,112185.0,160.0,790.0,142.62,704.19
41,021,41021,Oregon,Gilliam,2021,2010.0,8.0,42.0,398.01,2089.55
41,027,41027,Oregon,Hood River,2021,24031.0,17.0,129.0,70.74,536.81
41,031,41031,Oregon,Jefferson,2021,25094.0,12.0,148.0,47.82,589.78
41,035,41035,Oregon,Klamath,2021,70424.0,129.0,656.0,183.18,931.5
41,037,41037,Oregon,Lake,2021,8285.0,32.0,123.0,386.24,1484.61
41,041,41041,Oregon,Lincoln,2021,51019.0,53.0,292.0,103.88,572.34
41,045,41045,Oregon,Malheur,2021,31684.0,35.0,167.0,110.47,527.08
41,049,41049,Oregon,Morrow,2021,12359.0,19.0,104.0,153.73,841.49
41,055,41055,Oregon,Sherman,2021,1917.0,2.0,69.0,104.33,3599.37
41,057,41057,Oregon,Tillamook,2021,27807.0,24.0,236.0,86.31,848.71
41,059,41059,Oregon,Umatilla,2021,79748.0,53.0,344.0,66.46,431.36
41,061,41061,Oregon,Union,2021,26288.0,20.0,144.0,76.08,547.78
41,065,41065,Oregon,Wasco,2021,26702.0,18.0,158.0,67.41,591.72
45,007,45007,South Carolina,Anderson,2021,206965.0,744.0,4079.0,359.48,1970.86
45,013,45013,South Carolina,Beaufort,2021,191945.0,479.0,2234.0,249.55,1163.88
45,015,45015,South Carolina,Berkeley,2021,236898.0,439.0,1985.0,185.31,837.91
45,017,45017,South Carolina,Calhoun,2021,14141.0,51.0,194.0,360.65,1371.9
45,019,45019,South Carolina,Charleston,2021,414662.0,249.0,1435.0,60.05,346.06
45,023,45023,South Carolina,Chester,2021,32169.0,101.0,301.0,313.97,935.68
45,027,45027,South Carolina,Clarendon,2021,30967.0,174.0,593.0,561.89,1914.94
45,031,45031,South Carolina,Darlington,2021,62778.0,467.0,1604.0,743.89,2555.04
45,035,45035,South Carolina,Dorchester,2021,163528.0,270.0,1501.0,165.11,917.89
45,039,45039,South Carolina,Fairfield,2021,20711.0,107.0,314.0,516.63,1516.1
45,041,45041,South Carolina,Florence,2021,136446.0,550.0,2216.0,403.09,1624.09
45,045,45045,South Carolina,Greenville,2021,534789.0,1595.0,7411.0,298.25,1385.78
45,051,45051,South Carolina,Horry,2021,366100.0,6.0,2.0,1.64,0.55
,,,South Carolina,Horry County Police Department,2021,366100.0,851.0,5072.0,232.45,1385.41
45,053,45053,South Carolina,Jasper,2021,30441.0,80.0,380.0,262.8,1248.32
45,055,45055,South Carolina,Kershaw,2021,66253.0,196.0,930.0,295.84,1403.71
45,057,45057,South Carolina,Lancaster,2021,100476.0,368.0,1329.0,366.26,1322.7
45,059,45059,South Carolina,Laurens,2021,67864.0,243.0,1016.0,358.07,1497.11
45,063,45063,South Carolina,Lexington,2021,300722.0,649.0,5133.0,215.81,1706.89
45,077,45077,South Carolina,Pickens,2021,132162.0,188.0,1095.0,142.25,828.53
45,079,45079,South Carolina,Richland,2021,417573.0,2124.0,7599.0,508.65,1819.8
45,081,45081,South Carolina,Saluda,2021,18914.0,22.0,137.0,116.32,724.33
45,083,45083,South Carolina,Spartanburg,2021,335481.0,1100.0,4478.0,327.89,1334.8
45,085,45085,South Carolina,Sumter,2021,104703.0,422.0,1383.0,403.04,1320.88
45,091,45091,South Carolina,York,2021,288851.0,399.0,2314.0,138.13,801.11
45,001,45001,South Carolina,Abbeville,2021,24276.0,60.0,233.0,247.16,959.8
45,009,45009,South Carolina,Bamberg,2021,13124.0,6.0,132.0,45.72,1005.79
45,011,45011,South Carolina,Barnwell,2021,20592.0,84.0,251.0,407.93,1218.92
45,021,45021,South Carolina,Cherokee,2021,56138.0,126.0,888.0,224.45,1581.82
45,029,45029,South Carolina,Colleton,2021,38486.0,194.0,719.0,504.08,1868.21
45,033,45033,South Carolina,Dillon,2021,27981.0,246.0,576.0,879.17,2058.54
45,043,45043,South Carolina,Georgetown,2021,63948.0,154.0,707.0,240.82,1105.59
45,047,45047,South Carolina,Greenwood,2021,69002.0,197.0,683.0,285.5,989.83
45,067,45067,South Carolina,Marion,2021,28865.0,78.0,386.0,270.22,1337.26
45,069,45069,South Carolina,Marlboro,2021,26077.0,117.0,330.0,448.67,1265.48
45,071,45071,South Carolina,Newberry,2021,37999.0,99.0,256.0,260.53,673.7
45,073,45073,South Carolina,Oconee,2021,79380.0,206.0,1484.0,259.51,1869.49
45,075,45075,South Carolina,Orangeburg,2021,82863.0,892.0,2369.0,1076.48,2858.94
45,089,45089,South Carolina,Williamsburg,2021,30436.0,126.0,417.0,413.98,1370.09
46,083,46083,South Dakota,Lincoln,2021,68010.0,31.0,357.0,45.58,524.92
46,087,46087,South Dakota,McCook,2021,5718.0,4.0,18.0,69.95,314.8
46,093,46093,South Dakota,Meade,2021,30289.0,21.0,161.0,69.33,531.55
46,099,46099,South Dakota,Minnehaha,2021,199894.0,65.0,347.0,32.52,173.59
46,103,46103,South Dakota,Pennington,2021,111938.0,139.0,372.0,124.18,332.33
46,125,46125,South Dakota,Turner,2021,8686.0,17.0,39.0,195.72,449.0
46,127,46127,South Dakota,Union,2021,16881.0,9.0,51.0,53.31,302.11
46,007,46007,South Dakota,Bennett,2021,3398.0,1.0,1.0,29.43,29.43
46,011,46011,South Dakota,Brookings,2021,34676.0,11.0,21.0,31.72,60.56
46,019,46019,South Dakota,Butte,2021,10544.0,3.0,30.0,28.45,284.52
46,023,46023,South Dakota,Charles Mix,2021,9162.0,10.0,40.0,109.15,436.59
46,027,46027,South Dakota,Clay,2021,15170.0,0.0,57.0,0.0,375.74
46,029,46029,South Dakota,Codington,2021,28497.0,8.0,39.0,28.07,136.86
46,031,46031,South Dakota,Corson,2021,3846.0,7.0,13.0,182.01,338.01
46,033,46033,South Dakota,Custer,2021,8639.0,15.0,163.0,173.63,1886.79
46,037,46037,South Dakota,Day,2021,5422.0,2.0,35.0,36.89,645.52
46,039,46039,South Dakota,Deuel,2021,4294.0,9.0,16.0,209.59,372.61
46,057,46057,South Dakota,Hamlin,2021,6264.0,3.0,24.0,47.89,383.14
46,065,46065,South Dakota,Hughes,2021,17761.0,4.0,12.0,22.52,67.56
46,073,46073,South Dakota,Jerauld,2021,1643.0,1.0,6.0,60.86,365.19
46,079,46079,South Dakota,Lake,2021,10866.0,1.0,10.0,9.2,92.03
46,081,46081,South Dakota,Lawrence,2021,26164.0,6.0,26.0,22.93,99.37
46,101,46101,South Dakota,Moody,2021,6318.0,1.0,1.0,15.83,15.83
46,115,46115,South Dakota,Spink,2021,6266.0,15.0,29.0,239.39,462.82
46,123,46123,South Dakota,Tripp,2021,5576.0,2.0,7.0,35.87,125.54
46,129,46129,South Dakota,Walworth,2021,5255.0,2.0,1.0,38.06,19.03
46,135,46135,South Dakota,Yankton,2021,23359.0,11.0,40.0,47.09,171.24
47,001,47001,Tennessee,Anderson,2021,77678.0,99.0,398.0,127.45,512.37
47,009,47009,Tennessee,Blount,2021,137641.0,264.0,760.0,191.8,552.16
47,011,47011,Tennessee,Bradley,2021,109783.0,200.0,684.0,182.18,623.05
47,013,47013,Tennessee,Campbell,2021,39483.0,55.0,207.0,139.3,524.28
47,021,47021,Tennessee,Cheatham,2021,41455.0,72.0,248.0,173.68,598.24
47,043,47043,Tennessee,Dickson,2021,55189.0,123.0,246.0,222.87,445.74
47,047,47047,Tennessee,Fayette,2021,42610.0,42.0,125.0,98.57,293.36
47,053,47053,Tennessee,Gibson,2021,50499.0,52.0,169.0,102.97,334.66
47,057,47057,Tennessee,Grainger,2021,23794.0,23.0,182.0,96.66,764.9
47,063,47063,Tennessee,Hamblen,2021,64390.0,101.0,435.0,156.86,675.57
47,065,47065,Tennessee,Hamilton,2021,369725.0,311.0,1104.0,84.12,298.6
47,167,47167,Tennessee,Hartsville/Trousdale,2021,11621.0,31.0,114.0,266.76,980.98
47,073,47073,Tennessee,Hawkins,2021,57200.0,62.0,400.0,108.39,699.3
47,089,47089,Tennessee,Jefferson,2021,55535.0,112.0,383.0,201.67,689.66
47,093,47093,Tennessee,Knox,2021,486009.0,567.0,2868.0,116.66,590.11
47,105,47105,Tennessee,Loudon,2021,56833.0,82.0,334.0,144.28,587.69
47,111,47111,Tennessee,Macon,2021,25670.0,70.0,48.0,272.69,186.99
47,113,47113,Tennessee,Madison,2021,98591.0,70.0,202.0,71.0,204.89
47,115,47115,Tennessee,Marion,2021,28923.0,47.0,114.0,162.5,394.15
47,119,47119,Tennessee,Maury,2021,105005.0,139.0,327.0,132.37,311.41
47,125,47125,Tennessee,Montgomery,2021,227781.0,75.0,455.0,32.93,199.75
47,129,47129,Tennessee,Morgan,2021,21137.0,46.0,196.0,217.63,927.28
47,139,47139,Tennessee,Polk,2021,17704.0,35.0,285.0,197.7,1609.81
47,145,47145,Tennessee,Roane,2021,54165.0,80.0,246.0,147.7,454.17
47,147,47147,Tennessee,Robertson,2021,74047.0,105.0,223.0,141.8,301.16
47,149,47149,Tennessee,Rutherford,2021,351202.0,241.0,517.0,68.62,147.21
47,153,47153,Tennessee,Sequatchie,2021,16447.0,35.0,102.0,212.8,620.17
47,157,47157,Tennessee,Shelby,2021,923315.0,640.0,2390.0,69.32,258.85
47,159,47159,Tennessee,Smith,2021,20175.0,21.0,107.0,104.09,530.36
47,161,47161,Tennessee,Stewart,2021,13820.0,33.0,68.0,238.78,492.04
47,163,47163,Tennessee,Sullivan,2021,159250.0,290.0,889.0,182.1,558.24
47,165,47165,Tennessee,Sumner,2021,200578.0,130.0,332.0,64.81,165.52
47,167,47167,Tennessee,Tipton,2021,61083.0,113.0,337.0,184.99,551.71
47,171,47171,Tennessee,Unicoi,2021,17617.0,32.0,37.0,181.64,210.02
47,173,47173,Tennessee,Union,2021,20020.0,32.0,192.0,159.84,959.04
47,179,47179,Tennessee,Washington,2021,133461.0,129.0,548.0,96.66,410.61
47,187,47187,Tennessee,Williamson,2021,256192.0,137.0,299.0,53.48,116.71
47,189,47189,Tennessee,Wilson,2021,152095.0,66.0,442.0,43.39,290.61
47,003,47003,Tennessee,Bedford,2021,51168.0,69.0,165.0,134.85,322.47
47,005,47005,Tennessee,Benton,2021,15825.0,34.0,141.0,214.85,891.0
47,007,47007,Tennessee,Bledsoe,2021,14837.0,20.0,76.0,134.8,512.23
47,017,47017,Tennessee,Carroll,2021,28298.0,34.0,140.0,120.15,494.73
47,025,47025,Tennessee,Claiborne,2021,32047.0,22.0,67.0,68.65,209.07
47,027,47027,Tennessee,Clay,2021,7586.0,5.0,19.0,65.91,250.46
47,029,47029,Tennessee,Cocke,2021,36374.0,159.0,456.0,437.13,1253.64
47,031,47031,Tennessee,Coffee,2021,59002.0,177.0,411.0,299.99,696.59
47,035,47035,Tennessee,Cumberland,2021,62407.0,74.0,438.0,118.58,701.84
47,039,47039,Tennessee,Decatur,2021,11392.0,34.0,117.0,298.46,1027.04
47,041,47041,Tennessee,DeKalb,2021,20503.0,13.0,103.0,63.41,502.37
47,045,47045,Tennessee,Dyer,2021,36621.0,52.0,222.0,142.0,606.21
47,049,47049,Tennessee,Fentress,2021,18839.0,36.0,239.0,191.09,1268.64
47,051,47051,Tennessee,Franklin,2021,43197.0,63.0,235.0,145.84,544.02
47,055,47055,Tennessee,Giles,2021,30428.0,35.0,83.0,115.03,272.78
47,059,47059,Tennessee,Greene,2021,70582.0,187.0,767.0,264.94,1086.68
47,061,47061,Tennessee,Grundy,2021,13577.0,68.0,221.0,500.85,1627.75
47,067,47067,Tennessee,Hancock,2021,6791.0,16.0,97.0,235.61,1428.36
47,069,47069,Tennessee,Hardeman,2021,25259.0,125.0,148.0,494.87,585.93
47,071,47071,Tennessee,Hardin,2021,26977.0,61.0,337.0,226.12,1249.21
47,075,47075,Tennessee,Haywood,2021,17666.0,21.0,119.0,118.87,673.61
47,077,47077,Tennessee,Henderson,2021,27918.0,82.0,216.0,293.72,773.69
47,079,47079,Tennessee,Henry,2021,32252.0,64.0,239.0,198.44,741.04
47,081,47081,Tennessee,Hickman,2021,25080.0,83.0,382.0,330.94,1523.13
47,083,47083,Tennessee,Houston,2021,8298.0,13.0,76.0,156.66,915.88
47,085,47085,Tennessee,Humphreys,2021,19179.0,33.0,115.0,172.06,599.61
47,091,47091,Tennessee,Johnson,2021,18042.0,37.0,101.0,205.08,559.8
47,097,47097,Tennessee,Lauderdale,2021,24860.0,62.0,167.0,249.4,671.76
47,099,47099,Tennessee,Lawrence,2021,44783.0,35.0,218.0,78.15,486.79
47,101,47101,Tennessee,Lewis,2021,12854.0,27.0,74.0,210.05,575.7
47,103,47103,Tennessee,Lincoln,2021,35441.0,45.0,231.0,126.97,651.79
47,117,47117,Tennessee,Marshall,2021,35050.0,37.0,91.0,105.56,259.63
47,107,47107,Tennessee,McMinn,2021,53940.0,85.0,427.0,157.58,791.62
47,109,47109,Tennessee,McNairy,2021,25858.0,45.0,168.0,174.03,649.7
47,123,47123,Tennessee,Monroe,2021,46665.0,147.0,628.0,315.01,1345.76
47,127,47127,Tennessee,Moore,2021,6654.0,10.0,34.0,150.29,510.97
47,131,47131,Tennessee,Obion,2021,30467.0,39.0,165.0,128.01,541.57
47,133,47133,Tennessee,Overton,2021,22828.0,55.0,186.0,240.93,814.79
47,137,47137,Tennessee,Pickett,2021,5073.0,5.0,23.0,98.56,453.38
47,141,47141,Tennessee,Putnam,2021,81281.0,80.0,333.0,98.42,409.69
47,151,47151,Tennessee,Scott,2021,21904.0,16.0,159.0,73.05,725.89
47,155,47155,Tennessee,Sevier,2021,99625.0,158.0,708.0,158.59,710.66
47,177,47177,Tennessee,Warren,2021,41478.0,119.0,285.0,286.9,687.11
47,181,47181,Tennessee,Wayne,2021,16331.0,27.0,65.0,165.33,398.02
47,183,47183,Tennessee,Weakley,2021,32905.0,23.0,82.0,69.9,249.2
47,185,47185,Tennessee,White,2021,27559.0,69.0,198.0,250.37,718.46
48,013,48013,Texas,Atascosa,2021,49979.0,78.0,466.0,156.07,932.39
48,019,48019,Texas,Bandera,2021,21532.0,33.0,153.0,153.26,710.57
48,027,48027,Texas,Bell,2021,380747.0,71.0,628.0,18.65,164.94
48,029,48029,Texas,Bexar,2021,2031426.0,818.0,5240.0,40.27,257.95
48,037,48037,Texas,Bowie,2021,92266.0,82.0,336.0,88.87,364.16
48,039,48039,Texas,Brazoria,2021,379221.0,238.0,1068.0,62.76,281.63
48,041,48041,Texas,Brazos,2021,237636.0,53.0,305.0,22.3,128.35
48,051,48051,Texas,Burleson,2021,18113.0,28.0,73.0,154.59,403.03
48,055,48055,Texas,Caldwell,2021,46970.0,27.0,91.0,57.48,193.74
48,061,48061,Texas,Cameron,2021,422635.0,297.0,712.0,70.27,168.47
48,071,48071,Texas,Chambers,2021,48691.0,120.0,614.0,246.45,1261.01
48,077,48077,Texas,Clay,2021,10312.0,11.0,67.0,106.67,649.73
48,085,48085,Texas,Collin,2021,1114667.0,74.0,345.0,6.64,30.95
48,091,48091,Texas,Comal,2021,174878.0,91.0,604.0,52.04,345.38
48,099,48099,Texas,Coryell,2021,84405.0,13.0,69.0,15.4,81.75
48,107,48107,Texas,Crosby,2021,5081.0,4.0,27.0,78.72,531.39
48,113,48113,Texas,Dallas,2021,2589912.0,36.0,137.0,1.39,5.29
48,121,48121,Texas,Denton,2021,944283.0,73.0,379.0,7.73,40.14
48,135,48135,Texas,Ector,2021,160898.0,64.0,120.0,39.78,74.58
48,139,48139,Texas,Ellis,2021,203253.0,89.0,410.0,43.79,201.72
48,141,48141,Texas,El Paso,2021,867558.0,246.0,697.0,28.36,80.34
48,157,48157,Texas,Fort Bend,2021,861857.0,988.0,4671.0,114.64,541.97
48,167,48167,Texas,Galveston,2021,355670.0,145.0,620.0,40.77,174.32
48,175,48175,Texas,Goliad,2021,7134.0,13.0,175.0,182.23,2453.04
48,181,48181,Texas,Grayson,2021,139642.0,110.0,412.0,78.77,295.04
48,183,48183,Texas,Gregg,2021,124236.0,99.0,358.0,79.69,288.16
48,199,48199,Texas,Hardin,2021,57144.0,44.0,244.0,77.0,426.99
48,201,48201,Texas,Harris,2021,4736539.0,9487.0,44391.0,200.29,937.2
48,203,48203,Texas,Harrison,2021,69565.0,92.0,433.0,132.25,622.44
48,209,48209,Texas,Hays,2021,256100.0,196.0,814.0,76.53,317.84
48,215,48215,Texas,Hidalgo,2021,879576.0,539.0,2740.0,61.28,311.51
48,229,48229,Texas,Hudspeth,2021,3275.0,12.0,4.0,366.41,122.14
48,231,48231,Texas,Hunt,2021,103616.0,410.0,608.0,395.69,586.78
48,235,48235,Texas,Irion,2021,1531.0,1.0,19.0,65.32,1241.02
48,245,48245,Texas,Jefferson,2021,253807.0,105.0,313.0,41.37,123.32
48,251,48251,Texas,Johnson,2021,187522.0,200.0,573.0,106.65,305.56
48,253,48253,Texas,Jones,2021,19895.0,10.0,44.0,50.26,221.16
48,257,48257,Texas,Kaufman,2021,158316.0,158.0,607.0,99.8,383.41
48,259,48259,Texas,Kendall,2021,46883.0,23.0,141.0,49.06,300.75
48,281,48281,Texas,Lampasas,2021,22218.0,18.0,81.0,81.02,364.57
48,303,48303,Texas,Lubbock,2021,314608.0,127.0,528.0,40.37,167.83
48,305,48305,Texas,Lynn,2021,5647.0,6.0,11.0,106.25,194.79
48,317,48317,Texas,Martin,2021,5218.0,14.0,79.0,268.3,1513.99
48,309,48309,Texas,McLennan,2021,263802.0,92.0,487.0,34.87,184.61
48,325,48325,Texas,Medina,2021,52436.0,44.0,194.0,83.91,369.97
48,329,48329,Texas,Midland,2021,168667.0,159.0,645.0,94.27,382.41
48,339,48339,Texas,Montgomery,2021,650934.0,918.0,4863.0,141.03,747.08
48,355,48355,Texas,Nueces,2021,353538.0,29.0,56.0,8.2,15.84
48,359,48359,Texas,Oldham,2021,1734.0,1.0,4.0,57.67,230.68
48,361,48361,Texas,Orange,2021,84691.0,67.0,424.0,79.11,500.64
48,367,48367,Texas,Parker,2021,157087.0,150.0,1033.0,95.49,657.6
48,375,48375,Texas,Potter,2021,116607.0,60.0,171.0,51.45,146.65
48,381,48381,Texas,Randall,2021,143984.0,55.0,225.0,38.2,156.27
48,395,48395,Texas,Robertson,2021,16947.0,15.0,97.0,88.51,572.37
48,397,48397,Texas,Rockwall,2021,116645.0,25.0,99.0,21.43,84.87
48,401,48401,Texas,Rusk,2021,52687.0,82.0,439.0,155.64,833.22
48,423,48423,Texas,Smith,2021,237339.0,310.0,1132.0,130.61,476.95
48,431,48431,Texas,Sterling,2021,1376.0,0.0,8.0,0.0,581.4
48,439,48439,Texas,Tarrant,2021,2130671.0,129.0,788.0,6.05,36.98
48,441,48441,Texas,Taylor,2021,143943.0,27.0,168.0,18.76,116.71
48,451,48451,Texas,Tom Green,2021,119279.0,52.0,162.0,43.6,135.82
48,453,48453,Texas,Travis,2021,1309183.0,782.0,3406.0,59.73,260.16
48,459,48459,Texas,Upshur,2021,41839.0,66.0,280.0,157.75,669.23
48,469,48469,Texas,Victoria,2021,90910.0,113.0,227.0,124.3,249.7
48,473,48473,Texas,Waller,2021,59457.0,55.0,201.0,92.5,338.06
48,479,48479,Texas,Webb,2021,267389.0,54.0,176.0,20.2,65.82
48,485,48485,Texas,Wichita,2021,130114.0,16.0,80.0,12.3,61.48
48,491,48491,Texas,Williamson,2021,644790.0,177.0,1556.0,27.45,241.32
48,493,48493,Texas,Wilson,2021,51325.0,40.0,252.0,77.93,490.99
48,497,48497,Texas,Wise,2021,71872.0,79.0,44.0,109.92,61.22
48,017,48017,Texas,Bailey,2021,6805.0,3.0,12.0,44.09,176.34
48,023,48023,Texas,Baylor,2021,3456.0,0.0,5.0,0.0,144.68
48,025,48025,Texas,Bee,2021,30844.0,30.0,127.0,97.26,411.75
48,031,48031,Texas,Blanco,2021,11877.0,18.0,85.0,151.55,715.67
48,033,48033,Texas,Borden,2021,618.0,1.0,13.0,161.81,2103.56
48,035,48035,Texas,Bosque,2021,18502.0,11.0,68.0,59.45,367.53
48,043,48043,Texas,Brewster,2021,9488.0,5.0,32.0,52.7,337.27
48,045,48045,Texas,Briscoe,2021,1400.0,0.0,9.0,0.0,642.86
48,047,48047,Texas,Brooks,2021,7023.0,1.0,3.0,14.24,42.72
48,049,48049,Texas,Brown,2021,38149.0,44.0,206.0,115.34,539.99
48,053,48053,Texas,Burnet,2021,51173.0,53.0,213.0,103.57,416.24
48,057,48057,Texas,Calhoun,2021,19802.0,24.0,77.0,121.2,388.85
48,063,48063,Texas,Camp,2021,12609.0,15.0,83.0,118.96,658.26
48,067,48067,Texas,Cass,2021,28565.0,27.0,152.0,94.52,532.12
48,069,48069,Texas,Castro,2021,7355.0,3.0,19.0,40.79,258.33
48,073,48073,Texas,Cherokee,2021,51285.0,79.0,354.0,154.04,690.26
48,075,48075,Texas,Childress,2021,6787.0,2.0,2.0,29.47,29.47
48,079,48079,Texas,Cochran,2021,2478.0,9.0,21.0,363.2,847.46
48,087,48087,Texas,Collingsworth,2021,2609.0,2.0,8.0,76.66,306.63
48,089,48089,Texas,Colorado,2021,20717.0,13.0,136.0,62.75,656.47
48,093,48093,Texas,Comanche,2021,13814.0,14.0,63.0,101.35,456.06
48,097,48097,Texas,Cooke,2021,42392.0,56.0,132.0,132.1,311.38
48,103,48103,Texas,Crane,2021,4630.0,1.0,6.0,21.6,129.59
48,105,48105,Texas,Crockett,2021,3022.0,3.0,33.0,99.27,1091.99
48,111,48111,Texas,Dallam,2021,7181.0,0.0,5.0,0.0,69.63
48,115,48115,Texas,Dawson,2021,12359.0,3.0,53.0,24.27,428.84
48,117,48117,Texas,Deaf Smith,2021,18386.0,12.0,27.0,65.27,146.85
48,119,48119,Texas,Delta,2021,5329.0,3.0,19.0,56.3,356.54
48,123,48123,Texas,DeWitt,2021,19946.0,32.0,53.0,160.43,265.72
48,129,48129,Texas,Donley,2021,3355.0,4.0,31.0,119.23,923.99
48,131,48131,Texas,Duval,2021,10028.0,13.0,96.0,129.64,957.32
48,133,48133,Texas,Eastland,2021,17863.0,7.0,35.0,39.19,195.94
48,137,48137,Texas,Edwards,2021,1432.0,0.0,15.0,0.0,1047.49
48,143,48143,Texas,Erath,2021,43372.0,7.0,68.0,16.14,156.78
48,147,48147,Texas,Fannin,2021,36850.0,51.0,129.0,138.4,350.07
48,149,48149,Texas,Fayette,2021,24734.0,17.0,92.0,68.73,371.96
48,153,48153,Texas,Floyd,2021,5293.0,7.0,27.0,132.25,510.11
48,161,48161,Texas,Freestone,2021,19794.0,25.0,76.0,126.3,383.95
48,165,48165,Texas,Gaines,2021,21876.0,11.0,74.0,50.28,338.27
48,169,48169,Texas,Garza,2021,6257.0,5.0,24.0,79.91,383.57
48,171,48171,Texas,Gillespie,2021,27315.0,14.0,27.0,51.25,98.85
48,177,48177,Texas,Gonzales,2021,19623.0,61.0,77.0,310.86,392.4
48,179,48179,Texas,Gray,2021,21118.0,7.0,46.0,33.15,217.82
48,185,48185,Texas,Grimes,2021,30160.0,26.0,98.0,86.21,324.93
48,191,48191,Texas,Hall,2021,2851.0,1.0,14.0,35.08,491.06
48,193,48193,Texas,Hamilton,2021,8241.0,3.0,13.0,36.4,157.75
48,195,48195,Texas,Hansford,2021,5122.0,1.0,5.0,19.52,97.62
48,197,48197,Texas,Hardeman,2021,3546.0,4.0,21.0,112.8,592.22
48,205,48205,Texas,Hartley,2021,5387.0,1.0,12.0,18.56,222.76
48,207,48207,Texas,Haskell,2021,5386.0,6.0,10.0,111.4,185.67
48,211,48211,Texas,Hemphill,2021,3325.0,0.0,15.0,0.0,451.13
48,217,48217,Texas,Hill,2021,36387.0,77.0,235.0,211.61,645.84
48,219,48219,Texas,Hockley,2021,21244.0,16.0,71.0,75.32,334.21
48,221,48221,Texas,Hood,2021,64281.0,53.0,279.0,82.45,434.03
48,223,48223,Texas,Hopkins,2021,37220.0,34.0,36.0,91.35,96.72
48,225,48225,Texas,Houston,2021,21991.0,9.0,77.0,40.93,350.14
48,227,48227,Texas,Howard,2021,34387.0,36.0,265.0,104.69,770.64
48,233,48233,Texas,Hutchinson,2021,20448.0,8.0,47.0,39.12,229.85
48,237,48237,Texas,Jack,2021,8540.0,1.0,22.0,11.71,257.61
48,239,48239,Texas,Jackson,2021,15125.0,12.0,52.0,79.34,343.8
48,241,48241,Texas,Jasper,2021,32572.0,56.0,388.0,171.93,1191.21
48,243,48243,Texas,Jeff Davis,2021,1963.0,3.0,2.0,152.83,101.88
48,247,48247,Texas,Jim Hogg,2021,4784.0,9.0,40.0,188.13,836.12
48,249,48249,Texas,Jim Wells,2021,38894.0,65.0,207.0,167.12,532.22
48,255,48255,Texas,Karnes,2021,14800.0,9.0,64.0,60.81,432.43
48,265,48265,Texas,Kerr,2021,53195.0,50.0,183.0,93.99,344.02
48,269,48269,Texas,King,2021,253.0,0.0,0.0,0.0,0.0
48,273,48273,Texas,Kleberg,2021,30637.0,14.0,23.0,45.7,75.07
48,277,48277,Texas,Lamar,2021,50359.0,33.0,167.0,65.53,331.62
48,279,48279,Texas,Lamb,2021,12902.0,7.0,53.0,54.26,410.79
48,283,48283,Texas,La Salle,2021,6664.0,16.0,44.0,240.1,660.26
48,285,48285,Texas,Lavaca,2021,20537.0,9.0,59.0,43.82,287.29
48,287,48287,Texas,Lee,2021,17685.0,20.0,103.0,113.09,582.41
48,289,48289,Texas,Leon,2021,16048.0,14.0,105.0,87.24,654.29
48,293,48293,Texas,Limestone,2021,22067.0,36.0,104.0,163.14,471.29
48,295,48295,Texas,Lipscomb,2021,2902.0,1.0,25.0,34.46,861.47
48,299,48299,Texas,Llano,2021,22131.0,23.0,193.0,103.93,872.08
48,301,48301,Texas,Loving,2021,57.0,3.0,17.0,5263.16,29824.56
48,313,48313,Texas,Madison,2021,13503.0,8.0,48.0,59.25,355.48
48,315,48315,Texas,Marion,2021,9738.0,35.0,99.0,359.42,1016.64
48,319,48319,Texas,Mason,2021,3936.0,4.0,11.0,101.63,279.47
48,321,48321,Texas,Matagorda,2021,36339.0,97.0,292.0,266.93,803.54
48,307,48307,Texas,McCulloch,2021,7535.0,2.0,42.0,26.54,557.4
48,331,48331,Texas,Milam,2021,25230.0,21.0,42.0,83.23,166.47
48,333,48333,Texas,Mills,2021,4488.0,11.0,41.0,245.1,913.55
48,337,48337,Texas,Montague,2021,20471.0,22.0,97.0,107.47,473.84
48,341,48341,Texas,Moore,2021,21122.0,8.0,32.0,37.88,151.5
48,347,48347,Texas,Nacogdoches,2021,64862.0,34.0,186.0,52.42,286.76
48,349,48349,Texas,Navarro,2021,53666.0,69.0,224.0,128.57,417.4
48,351,48351,Texas,Newton,2021,12225.0,8.0,53.0,65.44,433.54
48,353,48353,Texas,Nolan,2021,14604.0,7.0,42.0,47.93,287.59
48,363,48363,Texas,Palo Pinto,2021,28758.0,21.0,97.0,73.02,337.3
48,365,48365,Texas,Panola,2021,22560.0,35.0,207.0,155.14,917.55
48,369,48369,Texas,Parmer,2021,9788.0,2.0,39.0,20.43,398.45
48,373,48373,Texas,Polk,2021,51685.0,82.0,477.0,158.65,922.9
48,377,48377,Texas,Presidio,2021,6107.0,0.0,0.0,0.0,0.0
48,383,48383,Texas,Reagan,2021,3257.0,3.0,28.0,92.11,859.69
48,385,48385,Texas,Real,2021,2810.0,5.0,119.0,177.94,4234.88
48,387,48387,Texas,Red River,2021,11573.0,18.0,49.0,155.53,423.4
48,391,48391,Texas,Refugio,2021,6702.0,3.0,44.0,44.76,656.52
48,399,48399,Texas,Runnels,2021,9890.0,2.0,12.0,20.22,121.33
48,403,48403,Texas,Sabine,2021,10022.0,20.0,69.0,199.56,688.49
48,405,48405,Texas,San Augustine,2021,7908.0,14.0,54.0,177.04,682.85
48,413,48413,Texas,Schleicher,2021,2438.0,2.0,11.0,82.03,451.19
48,415,48415,Texas,Scurry,2021,16814.0,6.0,90.0,35.68,535.27
48,419,48419,Texas,Shelby,2021,24106.0,20.0,157.0,82.97,651.29
48,425,48425,Texas,Somervell,2021,9477.0,4.0,66.0,42.21,696.42
48,427,48427,Texas,Starr,2021,65828.0,34.0,138.0,51.65,209.64
48,429,48429,Texas,Stephens,2021,9437.0,4.0,35.0,42.39,370.88
48,435,48435,Texas,Sutton,2021,3298.0,3.0,6.0,90.96,181.93
48,437,48437,Texas,Swisher,2021,7006.0,5.0,22.0,71.37,314.02
48,443,48443,Texas,Terrell,2021,725.0,0.0,0.0,0.0,0.0
48,445,48445,Texas,Terry,2021,11711.0,7.0,42.0,59.77,358.64
48,447,48447,Texas,Throckmorton,2021,1511.0,8.0,2.0,529.45,132.36
48,449,48449,Texas,Titus,2021,31283.0,37.0,149.0,118.28,476.3
48,455,48455,Texas,Trinity,2021,13837.0,14.0,108.0,101.18,780.52
48,457,48457,Texas,Tyler,2021,19917.0,24.0,185.0,120.5,928.85
48,461,48461,Texas,Upton,2021,3237.0,1.0,13.0,30.89,401.61
48,463,48463,Texas,Uvalde,2021,24803.0,19.0,63.0,76.6,254.0
48,465,48465,Texas,Val Verde,2021,47511.0,52.0,125.0,109.45,263.1
48,471,48471,Texas,Walker,2021,78369.0,52.0,211.0,66.35,269.24
48,475,48475,Texas,Ward,2021,11101.0,16.0,151.0,144.13,1360.24
48,477,48477,Texas,Washington,2021,35925.0,49.0,95.0,136.4,264.44
48,481,48481,Texas,Wharton,2021,41674.0,80.0,255.0,191.97,611.89
48,483,48483,Texas,Wheeler,2021,4887.0,7.0,13.0,143.24,266.01
48,487,48487,Texas,Wilbarger,2021,12703.0,6.0,14.0,47.23,110.21
48,489,48489,Texas,Willacy,2021,20278.0,12.0,24.0,59.18,118.35
48,495,48495,Texas,Winkler,2021,7391.0,6.0,44.0,81.18,595.32
48,499,48499,Texas,Wood,2021,46297.0,37.0,175.0,79.92,377.99
48,501,48501,Texas,Yoakum,2021,7561.0,10.0,46.0,132.26,608.39
48,503,48503,Texas,Young,2021,17948.0,16.0,21.0,89.15,117.0
48,505,48505,Texas,Zapata,2021,13879.0,10.0,59.0,72.05,425.1
48,507,48507,Texas,Zavala,2021,9480.0,34.0,44.0,358.65,464.14
49,003,49003,Utah,Box Elder,2021,59686.0,12.0,117.0,20.11,196.03
49,005,49005,Utah,Cache,2021,137495.0,44.0,257.0,32.0,186.92
49,011,49011,Utah,Davis,2021,367590.0,29.0,129.0,7.89,35.09
,,,Utah,Salt Lake County Unified Police Department,2021,1186648.0,600.0,6901.0,50.56,581.55
49,045,49045,Utah,Tooele,2021,76782.0,48.0,198.0,62.51,257.87
49,049,49049,Utah,Utah,2021,686039.0,85.0,287.0,12.39,41.83
49,053,49053,Utah,Washington,2021,191519.0,17.0,94.0,8.88,49.08
49,057,49057,Utah,Weber,2021,266600.0,125.0,794.0,46.89,297.82
49,001,49001,Utah,Beaver,2021,7213.0,12.0,63.0,166.37,873.42
49,007,49007,Utah,Carbon,2021,20361.0,31.0,54.0,152.25,265.21
49,013,49013,Utah,Duchesne,2021,19798.0,42.0,196.0,212.14,990.0
49,017,49017,Utah,Garfield,2021,5125.0,3.0,41.0,58.54,800.0
49,021,49021,Utah,Iron,2021,60514.0,23.0,83.0,38.01,137.16
49,025,49025,Utah,Kane,2021,7992.0,28.0,21.0,350.35,262.76
49,027,49027,Utah,Millard,2021,13200.0,34.0,153.0,257.58,1159.09
49,039,49039,Utah,Sanpete,2021,29104.0,37.0,96.0,127.13,329.85
49,041,49041,Utah,Sevier,2021,21898.0,9.0,41.0,41.1,187.23
49,043,49043,Utah,Summit,2021,43184.0,50.0,314.0,115.78,727.12
49,047,49047,Utah,Uintah,2021,36235.0,46.0,174.0,126.95,480.2
49,051,49051,Utah,Wasatch,2021,36242.0,19.0,113.0,52.43,311.79
50,011,50011,Vermont,Franklin,2021,50424.0,28.0,53.0,55.53,105.11
50,013,50013,Vermont,Grand Isle,2021,7425.0,0.0,39.0,0.0,525.25
50,003,50003,Vermont,Bennington,2021,37463.0,0.0,7.0,0.0,18.69
50,009,50009,Vermont,Essex,2021,5974.0,4.0,17.0,66.96,284.57
50,015,50015,Vermont,Lamoille,2021,26155.0,6.0,46.0,22.94,175.87
50,017,50017,Vermont,Orange,2021,29638.0,3.0,7.0,10.12,23.62
50,019,50019,Vermont,Orleans,2021,27602.0,7.0,60.0,25.36,217.38
50,021,50021,Vermont,Rutland,2021,60739.0,5.0,21.0,8.23,34.57
50,025,50025,Vermont,Windham,2021,46168.0,1.0,36.0,2.17,77.98
50,027,50027,Vermont,Windsor,2021,58357.0,0.0,1.0,0.0,1.71
,,,Virginia,Albemarle County Police Department,2021,113988.0,106.0,1701.0,92.99,1492.26
51,007,51007,Virginia,Amelia,2021,13313.0,24.0,153.0,180.27,1149.25
51,009,51009,Virginia,Amherst,2021,31403.0,66.0,358.0,210.17,1140.02
51,011,51011,Virginia,Appomattox,2021,16406.0,26.0,90.0,158.48,548.58
,,,Virginia,Arlington County Police Department,2021,233485.0,469.0,3267.0,200.87,1399.23
51,015,51015,Virginia,Augusta,2021,77804.0,90.0,692.0,115.68,889.41
51,019,51019,Virginia,Bedford,2021,80311.0,81.0,475.0,100.86,591.45
51,023,51023,Virginia,Botetourt,2021,34003.0,25.0,245.0,73.52,720.52
51,031,51031,Virginia,Campbell,2021,55326.0,102.0,529.0,184.36,956.15
51,036,51036,Virginia,Charles City,2021,6614.0,12.0,24.0,181.43,362.87
,,,Virginia,Chesterfield County Police Department,2021,371042.0,536.0,4840.0,144.46,1304.43
51,043,51043,Virginia,Clarke,2021,14947.0,4.0,41.0,26.76,274.3
51,045,51045,Virginia,Craig,2021,4890.0,6.0,29.0,122.7,593.05
51,047,51047,Virginia,Culpeper,2021,53778.0,20.0,115.0,37.19,213.84
51,053,51053,Virginia,Dinwiddie,2021,27999.0,83.0,266.0,296.44,950.03
,,,Virginia,Fairfax County Police Department,2021,1142546.0,948.0,13059.0,82.97,1142.97
,,,Virginia,Fairfax County Police Department,2021,24363.0,948.0,13059.0,3891.15,53601.77
51,061,51061,Virginia,Fauquier,2021,74079.0,51.0,196.0,68.85,264.58
51,065,51065,Virginia,Fluvanna,2021,27803.0,41.0,127.0,147.47,456.79
51,067,51067,Virginia,Franklin,2021,55037.0,61.0,445.0,110.83,808.55
51,067,51067,Virginia,Franklin,2021,8152.0,61.0,445.0,748.28,5458.78
51,069,51069,Virginia,Frederick,2021,94000.0,61.0,846.0,64.89,900.0
51,071,51071,Virginia,Giles,2021,16578.0,15.0,74.0,90.48,446.37
51,073,51073,Virginia,Gloucester,2021,39191.0,25.0,335.0,63.79,854.79
51,075,51075,Virginia,Goochland,2021,25551.0,23.0,235.0,90.02,919.73
51,079,51079,Virginia,Greene,2021,20998.0,26.0,172.0,123.82,819.13
51,085,51085,Virginia,Hanover,2021,111827.0,180.0,873.0,160.96,780.67
,,,Virginia,Henrico County Police Department,2021,334546.0,651.0,6917.0,194.59,2067.58
51,093,51093,Virginia,Isle of Wight,2021,39405.0,29.0,235.0,73.59,596.37
,,,Virginia,James City County Police Department,2021,,101.0,727.0,,
51,097,51097,Virginia,King and Queen,2021,6666.0,5.0,25.0,75.01,375.04
51,101,51101,Virginia,King William,2021,18248.0,24.0,85.0,131.52,465.8
51,107,51107,Virginia,Loudoun,2021,428857.0,271.0,1937.0,63.19,451.67
51,113,51113,Virginia,Madison,2021,13964.0,23.0,74.0,164.71,529.93
51,115,51115,Virginia,Mathews,2021,8549.0,3.0,51.0,35.09,596.56
51,121,51121,Virginia,Montgomery,2021,98769.0,85.0,245.0,86.06,248.05
51,125,51125,Virginia,Nelson,2021,14840.0,36.0,212.0,242.59,1428.57
51,127,51127,Virginia,New Kent,2021,23952.0,46.0,145.0,192.05,605.38
51,145,51145,Virginia,Powhatan,2021,31250.0,51.0,157.0,163.2,502.4
,,,Virginia,Prince George County Police Department,2021,42972.0,129.0,376.0,300.2,874.99
,,,Virginia,Prince William County Police Department,2021,485482.0,1024.0,5174.0,210.92,1065.74
51,155,51155,Virginia,Pulaski,2021,33825.0,34.0,469.0,100.52,1386.55
51,157,51157,Virginia,Rappahannock,2021,7435.0,11.0,26.0,147.95,349.7
,,,Virginia,Roanoke County Police Department,2021,96737.0,210.0,1052.0,217.08,1087.48
,,,Virginia,Roanoke County Police Department,2021,98767.0,210.0,1052.0,212.62,1065.13
51,165,51165,Virginia,Rockingham,2021,84536.0,78.0,305.0,92.27,360.79
51,169,51169,Virginia,Scott,2021,21489.0,36.0,245.0,167.53,1140.12
51,175,51175,Virginia,Southampton,2021,18029.0,9.0,136.0,49.92,754.34
51,177,51177,Virginia,Spotsylvania,2021,144048.0,134.0,696.0,93.02,483.17
51,179,51179,Virginia,Stafford,2021,161625.0,318.0,1249.0,196.75,772.78
51,183,51183,Virginia,Sussex,2021,10830.0,15.0,87.0,138.5,803.32
51,187,51187,Virginia,Warren,2021,40986.0,21.0,191.0,51.24,466.01
51,191,51191,Virginia,Washington,2021,53773.0,46.0,577.0,85.54,1073.03
51,199,51199,Virginia,York,2021,71143.0,112.0,779.0,157.43,1094.98
51,001,51001,Virginia,Accomack,2021,33435.0,95.0,257.0,284.13,768.66
51,005,51005,Virginia,Alleghany,2021,15003.0,35.0,82.0,233.29,546.56
51,017,51017,Virginia,Bath,2021,4093.0,0.0,22.0,0.0,537.5
51,025,51025,Virginia,Brunswick,2021,15965.0,6.0,104.0,37.58,651.42
51,027,51027,Virginia,Buchanan,2021,19883.0,39.0,218.0,196.15,1096.41
51,029,51029,Virginia,Buckingham,2021,16953.0,20.0,188.0,117.97,1108.95
51,033,51033,Virginia,Caroline,2021,31412.0,56.0,159.0,178.28,506.18
51,035,51035,Virginia,Carroll,2021,29105.0,23.0,209.0,79.02,718.09
51,037,51037,Virginia,Charlotte,2021,11499.0,13.0,121.0,113.05,1052.27
51,049,51049,Virginia,Cumberland,2021,9721.0,14.0,42.0,144.02,432.05
51,051,51051,Virginia,Dickenson,2021,13865.0,18.0,64.0,129.82,461.59
51,057,51057,Virginia,Essex,2021,10570.0,7.0,34.0,66.23,321.67
51,063,51063,Virginia,Floyd,2021,15513.0,11.0,64.0,70.91,412.56
51,077,51077,Virginia,Grayson,2021,15349.0,21.0,132.0,136.82,859.99
51,081,51081,Virginia,Greensville,2021,11423.0,23.0,98.0,201.35,857.92
51,083,51083,Virginia,Halifax,2021,33798.0,29.0,171.0,85.8,505.95
51,089,51089,Virginia,Henry,2021,50275.0,128.0,688.0,254.6,1368.47
51,091,51091,Virginia,Highland,2021,2242.0,1.0,31.0,44.6,1382.69
51,099,51099,Virginia,King George,2021,27556.0,46.0,228.0,166.93,827.41
51,103,51103,Virginia,Lancaster,2021,10938.0,27.0,58.0,246.85,530.26
51,105,51105,Virginia,Lee,2021,22016.0,29.0,252.0,131.72,1144.62
51,109,51109,Virginia,Louisa,2021,39028.0,32.0,259.0,81.99,663.63
51,111,51111,Virginia,Lunenburg,2021,12006.0,25.0,37.0,208.23,308.18
51,117,51117,Virginia,Mecklenburg,2021,30346.0,47.0,185.0,154.88,609.64
51,119,51119,Virginia,Middlesex,2021,10780.0,14.0,96.0,129.87,890.54
51,131,51131,Virginia,Northampton,2021,12072.0,27.0,52.0,223.66,430.75
51,133,51133,Virginia,Northumberland,2021,12053.0,11.0,44.0,91.26,365.05
51,135,51135,Virginia,Nottoway,2021,15574.0,20.0,82.0,128.42,526.52
51,137,51137,Virginia,Orange,2021,37219.0,44.0,146.0,118.22,392.27
51,139,51139,Virginia,Page,2021,23835.0,7.0,161.0,29.37,675.48
51,141,51141,Virginia,Patrick,2021,17647.0,44.0,218.0,249.33,1235.34
51,143,51143,Virginia,Pittsylvania,2021,60066.0,45.0,309.0,74.92,514.43
51,147,51147,Virginia,Prince Edward,2021,21884.0,18.0,72.0,82.25,329.01
51,163,51163,Virginia,Rockbridge,2021,22666.0,37.0,215.0,163.24,948.56
51,167,51167,Virginia,Russell,2021,25585.0,43.0,168.0,168.07,656.63
51,171,51171,Virginia,Shenandoah,2021,44839.0,32.0,206.0,71.37,459.42
51,173,51173,Virginia,Smyth,2021,29610.0,19.0,141.0,64.17,476.19
51,181,51181,Virginia,Surry,2021,6532.0,5.0,21.0,76.55,321.49
51,185,51185,Virginia,Tazewell,2021,39963.0,46.0,237.0,115.11,593.05
51,193,51193,Virginia,Westmoreland,2021,18779.0,19.0,74.0,101.18,394.06
51,195,51195,Virginia,Wise,2021,35700.0,38.0,371.0,106.44,1039.22
51,197,51197,Virginia,Wythe,2021,28212.0,21.0,132.0,74.44,467.89
53,003,53003,Washington,Asotin,2021,22473.0,15.0,138.0,66.75,614.07
53,005,53005,Washington,Benton,2021,210612.0,76.0,488.0,36.09,231.71
53,007,53007,Washington,Chelan,2021,79856.0,30.0,305.0,37.57,381.94
53,011,53011,Washington,Clark,2021,512654.0,338.0,3218.0,65.93,627.71
53,015,53015,Washington,Cowlitz,2021,111703.0,64.0,419.0,57.29,375.1
53,017,53017,Washington,Douglas,2021,43850.0,13.0,259.0,29.65,590.65
53,021,53021,Washington,Franklin,2021,98096.0,14.0,136.0,14.27,138.64
53,033,53033,Washington,King,2021,2253549.0,603.0,3914.0,26.76,173.68
53,035,53035,Washington,Kitsap,2021,276682.0,459.0,2879.0,165.89,1040.54
53,053,53053,Washington,Pierce,2021,927786.0,1301.0,8341.0,140.23,899.02
53,057,53057,Washington,Skagit,2021,131013.0,82.0,968.0,62.59,738.86
53,059,53059,Washington,Skamania,2021,12214.0,10.0,100.0,81.87,818.73
53,061,53061,Washington,Snohomish,2021,836262.0,482.0,4125.0,57.64,493.27
53,063,53063,Washington,Spokane,2021,545511.0,193.0,3072.0,35.38,563.14
53,065,53065,Washington,Stevens,2021,47626.0,38.0,326.0,79.79,684.5
53,067,53067,Washington,Thurston,2021,298313.0,253.0,1462.0,84.81,490.09
53,071,53071,Washington,Walla Walla,2021,62228.0,44.0,234.0,70.71,376.04
53,073,53073,Washington,Whatcom,2021,226760.0,130.0,936.0,57.33,412.77
53,077,53077,Washington,Yakima,2021,256767.0,114.0,1182.0,44.4,460.34
53,001,53001,Washington,Adams,2021,20644.0,26.0,258.0,125.94,1249.76
53,009,53009,Washington,Clallam,2021,78448.0,61.0,470.0,77.76,599.12
53,013,53013,Washington,Columbia,2021,4021.0,3.0,49.0,74.61,1218.6
53,023,53023,Washington,Garfield,2021,2347.0,21.0,21.0,894.76,894.76
53,025,53025,Washington,Grant,2021,100439.0,91.0,850.0,90.6,846.28
53,027,53027,Washington,Grays Harbor,2021,76889.0,39.0,264.0,50.72,343.35
53,029,53029,Washington,Island,2021,87606.0,49.0,491.0,55.93,560.46
53,031,53031,Washington,Jefferson,2021,33558.0,36.0,162.0,107.28,482.75
53,037,53037,Washington,Kittitas,2021,45653.0,11.0,222.0,24.09,486.28
53,041,53041,Washington,Lewis,2021,84576.0,83.0,655.0,98.14,774.45
53,043,53043,Washington,Lincoln,2021,11283.0,5.0,169.0,44.31,1497.83
53,045,53045,Washington,Mason,2021,67271.0,86.0,786.0,127.84,1168.41
53,047,53047,Washington,Okanogan,2021,42761.0,34.0,356.0,79.51,832.53
53,051,53051,Washington,Pend Oreille,2021,13894.0,9.0,181.0,64.78,1302.72
53,055,53055,Washington,San Juan,2021,18629.0,9.0,97.0,48.31,520.69
53,075,53075,Washington,Whitman,2021,43257.0,11.0,53.0,25.43,122.52
54,003,54003,West Virginia,Berkeley,2021,126208.0,95.0,174.0,75.27,137.87
54,009,54009,West Virginia,Brooke,2021,22079.0,5.0,2.0,22.65,9.06
54,011,54011,West Virginia,Cabell,2021,93439.0,50.0,439.0,53.51,469.83
54,019,54019,West Virginia,Fayette,2021,40064.0,57.0,186.0,142.27,464.26
54,035,54035,West Virginia,Jackson,2021,27791.0,34.0,26.0,122.34,93.56
54,037,54037,West Virginia,Jefferson,2021,58556.0,22.0,199.0,37.57,339.85
54,039,54039,West Virginia,Kanawha,2021,178124.0,383.0,1231.0,215.02,691.09
54,051,54051,West Virginia,Marshall,2021,30177.0,18.0,83.0,59.65,275.04
54,057,54057,West Virginia,Mineral,2021,26911.0,15.0,33.0,55.74,122.63
54,061,54061,West Virginia,Monongalia,2021,106528.0,47.0,428.0,44.12,401.77
54,077,54077,West Virginia,Preston,2021,34328.0,5.0,55.0,14.57,160.22
54,081,54081,West Virginia,Raleigh,2021,73817.0,114.0,756.0,154.44,1024.15
54,107,54107,West Virginia,Wood,2021,83841.0,39.0,287.0,46.52,342.31
54,001,54001,West Virginia,Barbour,2021,15446.0,26.0,8.0,168.33,51.79
54,017,54017,West Virginia,Doddridge,2021,7741.0,15.0,42.0,193.77,542.57
54,031,54031,West Virginia,Hardy,2021,14147.0,8.0,27.0,56.55,190.85
54,033,54033,West Virginia,Harrison,2021,65439.0,45.0,227.0,68.77,346.89
54,041,54041,West Virginia,Lewis,2021,16880.0,14.0,33.0,82.94,195.5
54,045,54045,West Virginia,Logan,2021,31856.0,118.0,0.0,370.42,0.0
54,053,54053,West Virginia,Mason,2021,25274.0,10.0,66.0,39.57,261.14
54,059,54059,West Virginia,Mingo,2021,23062.0,4.0,13.0,17.34,56.37
54,063,54063,West Virginia,Monroe,2021,12398.0,2.0,22.0,16.13,177.45
54,067,54067,West Virginia,Nicholas,2021,24439.0,155.0,4.0,634.23,16.37
54,083,54083,West Virginia,Randolph,2021,27904.0,61.0,88.0,218.61,315.37
54,085,54085,West Virginia,Ritchie,2021,8413.0,6.0,27.0,71.32,320.93
54,087,54087,West Virginia,Roane,2021,13939.0,10.0,0.0,71.74,0.0
54,089,54089,West Virginia,Summers,2021,11865.0,13.0,25.0,109.57,210.7
54,097,54097,West Virginia,Upshur,2021,23813.0,4.0,7.0,16.8,29.4
54,103,54103,West Virginia,Wetzel,2021,14206.0,12.0,32.0,84.47,225.26
54,109,54109,West Virginia,Wyoming,2021,21035.0,101.0,60.0,480.15,285.24
55,009,55009,Wisconsin,Brown,2021,268971.0,85.0,893.0,31.6,332.01
55,015,55015,Wisconsin,Calumet,2021,52576.0,12.0,94.0,22.82,178.79
55,017,55017,Wisconsin,Chippewa,2021,66580.0,40.0,258.0,60.08,387.5
55,021,55021,Wisconsin,Columbia,2021,58455.0,30.0,146.0,51.32,249.76
55,025,55025,Wisconsin,Dane,2021,561805.0,118.0,586.0,21.0,104.31
55,031,55031,Wisconsin,Douglas,2021,44012.0,23.0,184.0,52.26,418.07
55,035,55035,Wisconsin,Eau Claire,2021,106035.0,17.0,251.0,16.03,236.71
55,039,55039,Wisconsin,Fond du Lac,2021,104128.0,23.0,138.0,22.09,132.53
55,045,55045,Wisconsin,Green,2021,37087.0,4.0,77.0,10.79,207.62
55,049,55049,Wisconsin,Iowa,2021,23809.0,17.0,39.0,71.4,163.8
55,059,55059,Wisconsin,Kenosha,2021,168464.0,101.0,410.0,59.95,243.38
55,061,55061,Wisconsin,Kewaunee,2021,20580.0,14.0,49.0,68.03,238.1
55,063,55063,Wisconsin,La Crosse,2021,119368.0,23.0,145.0,19.27,121.47
55,069,55069,Wisconsin,Lincoln,2021,28476.0,40.0,125.0,140.47,438.97
55,073,55073,Wisconsin,Marathon,2021,137832.0,67.0,334.0,48.61,242.32
55,079,55079,Wisconsin,Milwaukee,2021,924701.0,132.0,166.0,14.27,17.95
55,083,55083,Wisconsin,Oconto,2021,39417.0,32.0,178.0,81.18,451.58
55,087,55087,Wisconsin,Outagamie,2021,191386.0,38.0,224.0,19.86,117.04
55,093,55093,Wisconsin,Pierce,2021,41602.0,13.0,122.0,31.25,293.26
55,101,55101,Wisconsin,Racine,2021,196863.0,42.0,121.0,21.33,61.46
55,105,55105,Wisconsin,Rock,2021,164150.0,53.0,197.0,32.29,120.01
55,117,55117,Wisconsin,Sheboygan,2021,117681.0,29.0,353.0,24.64,299.96
55,109,55109,Wisconsin,St. Croix,2021,95016.0,45.0,271.0,47.36,285.22
55,133,55133,Wisconsin,Waukesha,2021,409199.0,73.0,244.0,17.84,59.63
55,139,55139,Wisconsin,Winnebago,2021,170651.0,21.0,320.0,12.31,187.52
55,001,55001,Wisconsin,Adams,2021,20847.0,26.0,138.0,124.72,661.97
55,005,55005,Wisconsin,Barron,2021,46686.0,16.0,109.0,34.27,233.47
55,011,55011,Wisconsin,Buffalo,2021,13350.0,9.0,8.0,67.42,59.93
55,013,55013,Wisconsin,Burnett,2021,16756.0,21.0,190.0,125.33,1133.92
55,019,55019,Wisconsin,Clark,2021,34746.0,28.0,117.0,80.58,336.73
55,027,55027,Wisconsin,Dodge,2021,88707.0,37.0,136.0,41.71,153.31
55,029,55029,Wisconsin,Door,2021,30447.0,10.0,76.0,32.84,249.61
55,033,55033,Wisconsin,Dunn,2021,44534.0,25.0,115.0,56.14,258.23
55,043,55043,Wisconsin,Grant,2021,51277.0,22.0,101.0,42.9,196.97
55,051,55051,Wisconsin,Iron,2021,6179.0,2.0,28.0,32.37,453.15
55,055,55055,Wisconsin,Jefferson,2021,85830.0,41.0,113.0,47.77,131.66
55,057,55057,Wisconsin,Juneau,2021,26766.0,47.0,177.0,175.6,661.29
55,065,55065,Wisconsin,Lafayette,2021,16834.0,8.0,45.0,47.52,267.32
55,067,55067,Wisconsin,Langlade,2021,19470.0,9.0,59.0,46.22,303.03
55,071,55071,Wisconsin,Manitowoc,2021,81544.0,30.0,111.0,36.79,136.12
55,075,55075,Wisconsin,Marinette,2021,41860.0,42.0,167.0,100.33,398.95
55,077,55077,Wisconsin,Marquette,2021,15783.0,3.0,40.0,19.01,253.44
55,078,55078,Wisconsin,Menominee,2021,4294.0,1.0,9.0,23.29,209.59
55,081,55081,Wisconsin,Monroe,2021,46174.0,24.0,78.0,51.98,168.93
55,085,55085,Wisconsin,Oneida,2021,38298.0,33.0,93.0,86.17,242.83
55,091,55091,Wisconsin,Pepin,2021,7383.0,8.0,11.0,108.36,148.99
55,095,55095,Wisconsin,Polk,2021,45459.0,48.0,102.0,105.59,224.38
55,097,55097,Wisconsin,Portage,2021,69465.0,22.0,131.0,31.67,188.58
55,103,55103,Wisconsin,Richland,2021,17203.0,14.0,25.0,81.38,145.32
55,107,55107,Wisconsin,Rusk,2021,14099.0,37.0,64.0,262.43,453.93
55,111,55111,Wisconsin,Sauk,2021,65713.0,34.0,230.0,51.74,350.01
55,113,55113,Wisconsin,Sawyer,2021,18223.0,39.0,197.0,214.02,1081.05
55,115,55115,Wisconsin,Shawano,2021,40809.0,19.0,256.0,46.56,627.31
55,119,55119,Wisconsin,Taylor,2021,19953.0,10.0,68.0,50.12,340.8
55,125,55125,Wisconsin,Vilas,2021,23489.0,4.0,90.0,17.03,383.16
55,127,55127,Wisconsin,Walworth,2021,105273.0,12.0,66.0,11.4,62.69
55,129,55129,Wisconsin,Washburn,2021,16755.0,9.0,77.0,53.72,459.56
55,135,55135,Wisconsin,Waupaca,2021,51886.0,36.0,48.0,69.38,92.51
55,137,55137,Wisconsin,Waushara,2021,24755.0,20.0,90.0,80.79,363.56
55,141,55141,Wisconsin,Wood,2021,74022.0,51.0,110.0,68.9,148.6
56,021,56021,Wyoming,Laramie,2021,100826.0,69.0,571.0,68.43,566.32
56,025,56025,Wyoming,Natrona,2021,79665.0,21.0,134.0,26.36,168.2
56,001,56001,Wyoming,Albany,2021,37851.0,8.0,75.0,21.14,198.15
56,005,56005,Wyoming,Campbell,2021,46556.0,19.0,149.0,40.81,320.04
56,009,56009,Wyoming,Converse,2021,13671.0,9.0,57.0,65.83,416.94
56,011,56011,Wyoming,Crook,2021,7311.0,6.0,28.0,82.07,382.98
56,015,56015,Wyoming,Goshen,2021,12571.0,5.0,42.0,39.77,334.1
56,017,56017,Wyoming,Hot Springs,2021,4600.0,2.0,10.0,43.48,217.39
56,019,56019,Wyoming,Johnson,2021,8631.0,4.0,36.0,46.34,417.1
56,023,56023,Wyoming,Lincoln,2021,20171.0,15.0,60.0,74.36,297.46
56,027,56027,Wyoming,Niobrara,2021,2415.0,4.0,10.0,165.63,414.08
56,029,56029,Wyoming,Park,2021,30149.0,16.0,80.0,53.07,265.35
56,033,56033,Wyoming,Sheridan,2021,31670.0,14.0,45.0,44.21,142.09
56,035,56035,Wyoming,Sublette,2021,8722.0,5.0,43.0,57.33,493.01
56,037,56037,Wyoming,Sweetwater,2021,41636.0,17.0,98.0,40.83,235.37
56,039,56039,Wyoming,Teton,2021,23607.0,9.0,21.0,38.12,88.96
56,041,56041,Wyoming,Uinta,2021,20691.0,14.0,42.0,67.66,202.99
56,043,56043,Wyoming,Washakie,2021,7723.0,4.0,7.0,51.79,90.64
56,045,56045,Wyoming,Weston,2021,6750.0,9.0,26.0,133.33,385.19
01,001,01001,Alabama,Autauga,2022,59755.0,62.0,228.0,103.76,381.56
01,007,01007,Alabama,Bibb,2022,21976.0,26.0,94.0,118.31,427.74
01,009,01009,Alabama,Blount,2022,59450.0,103.0,571.0,173.25,960.47
01,015,01015,Alabama,Calhoun,2022,115738.0,253.0,308.0,218.6,266.12
01,021,01021,Alabama,Chilton,2022,45868.0,108.0,374.0,235.46,815.38
01,033,01033,Alabama,Colbert,2022,58048.0,58.0,195.0,99.92,335.93
01,051,01051,Alabama,Elmore,2022,89617.0,31.0,237.0,34.59,264.46
01,055,01055,Alabama,Etowah,2022,102842.0,6.0,47.0,5.83,45.7
01,061,01061,Alabama,Geneva,2022,26782.0,5.0,76.0,18.67,283.77
01,063,01063,Alabama,Greene,2022,7425.0,5.0,24.0,67.34,323.23
01,067,01067,Alabama,Henry,2022,17644.0,34.0,100.0,192.7,566.76
01,069,01069,Alabama,Houston,2022,108170.0,128.0,528.0,118.33,488.12
01,073,01073,Alabama,Jefferson,2022,665691.0,791.0,2701.0,118.82,405.74
01,077,01077,Alabama,Lauderdale,2022,95916.0,104.0,431.0,108.43,449.35
01,079,01079,Alabama,Lawrence,2022,33187.0,21.0,75.0,63.28,225.99
01,081,01081,Alabama,Lee,2022,180966.0,162.0,667.0,89.52,368.58
01,085,01085,Alabama,Lowndes,2022,9799.0,7.0,50.0,71.44,510.26
01,097,01097,Alabama,Mobile,2022,411378.0,328.0,1284.0,79.73,312.12
01,101,01101,Alabama,Montgomery,2022,226551.0,101.0,367.0,44.58,161.99
01,107,01107,Alabama,Pickens,2022,18716.0,22.0,57.0,117.55,304.55
01,113,01113,Alabama,Russell,2022,58533.0,51.0,135.0,87.13,230.64
01,117,01117,Alabama,Shelby,2022,230157.0,1.0,11.0,0.43,4.78
01,115,01115,Alabama,St. Clair,2022,93914.0,87.0,276.0,92.64,293.89
01,129,01129,Alabama,Washington,2022,15105.0,18.0,57.0,119.17,377.36
01,005,01005,Alabama,Barbour,2022,24744.0,13.0,24.0,52.54,96.99
01,017,01017,Alabama,Chambers,2022,34199.0,26.0,111.0,76.03,324.57
01,019,01019,Alabama,Cherokee,2022,25318.0,52.0,280.0,205.39,1105.93
01,023,01023,Alabama,Choctaw,2022,12419.0,11.0,74.0,88.57,595.86
01,025,01025,Alabama,Clarke,2022,22541.0,35.0,95.0,155.27,421.45
01,027,01027,Alabama,Clay,2022,14206.0,15.0,48.0,105.59,337.89
01,029,01029,Alabama,Cleburne,2022,15356.0,13.0,164.0,84.66,1067.99
01,031,01031,Alabama,Coffee,2022,54818.0,35.0,148.0,63.85,269.98
01,037,01037,Alabama,Coosa,2022,10298.0,31.0,90.0,301.03,873.96
01,039,01039,Alabama,Covington,2022,37526.0,0.0,0.0,0.0,0.0
01,041,01041,Alabama,Crenshaw,2022,13086.0,27.0,84.0,206.33,641.91
01,043,01043,Alabama,Cullman,2022,90600.0,92.0,730.0,101.55,805.74
01,045,01045,Alabama,Dale,2022,49473.0,15.0,108.0,30.32,218.3
01,047,01047,Alabama,Dallas,2022,36757.0,61.0,264.0,165.95,718.23
01,049,01049,Alabama,DeKalb,2022,72064.0,16.0,109.0,22.2,151.25
01,057,01057,Alabama,Fayette,2022,16044.0,10.0,31.0,62.33,193.22
01,059,01059,Alabama,Franklin,2022,31983.0,41.0,178.0,128.19,556.55
01,087,01087,Alabama,Macon,2022,18538.0,14.0,20.0,75.52,107.89
01,091,01091,Alabama,Marengo,2022,18789.0,13.0,52.0,69.19,276.76
01,093,01093,Alabama,Marion,2022,29183.0,3.0,15.0,10.28,51.4
01,095,01095,Alabama,Marshall,2022,99681.0,40.0,320.0,40.13,321.02
01,099,01099,Alabama,Monroe,2022,19407.0,16.0,38.0,82.44,195.81
01,105,01105,Alabama,Perry,2022,7894.0,0.0,0.0,0.0,0.0
01,109,01109,Alabama,Pike,2022,32973.0,11.0,48.0,33.36,145.57
01,111,01111,Alabama,Randolph,2022,22450.0,28.0,177.0,124.72,788.42
01,119,01119,Alabama,Sumter,2022,11884.0,9.0,2.0,75.73,16.83
01,121,01121,Alabama,Talladega,2022,80664.0,95.0,421.0,117.77,521.92
01,123,01123,Alabama,Tallapoosa,2022,40939.0,35.0,88.0,85.49,214.95
01,127,01127,Alabama,Walker,2022,64437.0,27.0,224.0,41.9,347.63
01,133,01133,Alabama,Winston,2022,23749.0,9.0,66.0,37.9,277.91
04,003,04003,Arizona,Cochise,2022,125418.0,99.0,385.0,78.94,306.97
04,005,04005,Arizona,Coconino,2022,144078.0,99.0,298.0,68.71,206.83
04,015,04015,Arizona,Mohave,2022,220791.0,263.0,1599.0,119.12,724.21
04,019,04019,Arizona,Pima,2022,1058224.0,796.0,7459.0,75.22,704.86
04,021,04021,Arizona,Pinal,2022,465550.0,274.0,1429.0,58.86,306.95
04,025,04025,Arizona,Yavapai,2022,246237.0,304.0,600.0,123.46,243.67
04,027,04027,Arizona,Yuma,2022,209117.0,177.0,834.0,84.64,398.82
04,001,04001,Arizona,Apache,2022,65361.0,61.0,151.0,93.33,231.02
04,009,04009,Arizona,Graham,2022,38784.0,19.0,59.0,48.99,152.12
04,012,04012,Arizona,La Paz,2022,16460.0,40.0,178.0,243.01,1081.41
04,017,04017,Arizona,Navajo,2022,108671.0,83.0,203.0,76.38,186.8
05,007,05007,Arkansas,Benton,2022,303380.0,143.0,337.0,47.14,111.08
05,025,05025,Arkansas,Cleveland,2022,7468.0,23.0,138.0,307.98,1847.88
05,031,05031,Arkansas,Craighead,2022,112808.0,75.0,267.0,66.48,236.69
05,033,05033,Arkansas,Crawford,2022,61068.0,58.0,255.0,94.98,417.57
05,035,05035,Arkansas,Crittenden,2022,47004.0,159.0,268.0,338.27,570.16
05,045,05045,Arkansas,Faulkner,2022,127693.0,133.0,617.0,104.16,483.19
05,047,05047,Arkansas,Franklin,2022,17254.0,53.0,94.0,307.18,544.8
05,051,05051,Arkansas,Garland,2022,99975.0,353.0,1164.0,353.09,1164.29
05,053,05053,Arkansas,Grant,2022,18114.0,19.0,149.0,104.89,822.57
05,069,05069,Arkansas,Jefferson,2022,64278.0,100.0,429.0,155.57,667.41
05,079,05079,Arkansas,Lincoln,2022,12924.0,29.0,90.0,224.39,696.38
05,081,05081,Arkansas,Little River,2022,11817.0,17.0,62.0,143.86,524.67
05,085,05085,Arkansas,Lonoke,2022,75226.0,97.0,371.0,128.94,493.18
05,087,05087,Arkansas,Madison,2022,17485.0,53.0,110.0,303.12,629.11
05,091,05091,Arkansas,Miller,2022,42501.0,42.0,160.0,98.82,376.46
05,105,05105,Arkansas,Perry,2022,10065.0,43.0,109.0,427.22,1082.96
05,111,05111,Arkansas,Poinsett,2022,22424.0,56.0,180.0,249.73,802.71
05,119,05119,Arkansas,Pulaski,2022,400246.0,512.0,1674.0,127.92,418.24
05,125,05125,Arkansas,Saline,2022,127485.0,145.0,635.0,113.74,498.1
05,131,05131,Arkansas,Sebastian,2022,129163.0,16.0,149.0,12.39,115.36
05,143,05143,Arkansas,Washington,2022,257206.0,140.0,453.0,54.43,176.12
05,001,05001,Arkansas,Arkansas,2022,16464.0,16.0,62.0,97.18,376.58
05,003,05003,Arkansas,Ashley,2022,18308.0,12.0,112.0,65.55,611.75
05,005,05005,Arkansas,Baxter,2022,42384.0,43.0,350.0,101.45,825.78
05,009,05009,Arkansas,Boone,2022,38234.0,93.0,143.0,243.24,374.01
05,013,05013,Arkansas,Calhoun,2022,4704.0,16.0,53.0,340.14,1126.7
05,015,05015,Arkansas,Carroll,2022,28695.0,34.0,112.0,118.49,390.31
05,017,05017,Arkansas,Chicot,2022,9826.0,1.0,63.0,10.18,641.16
05,019,05019,Arkansas,Clark,2022,21113.0,21.0,68.0,99.46,322.08
05,021,05021,Arkansas,Clay,2022,14230.0,13.0,73.0,91.36,513.0
05,023,05023,Arkansas,Cleburne,2022,25256.0,186.0,281.0,736.46,1112.61
05,027,05027,Arkansas,Columbia,2022,22313.0,43.0,86.0,192.71,385.43
05,029,05029,Arkansas,Conway,2022,21088.0,73.0,239.0,346.17,1133.35
05,037,05037,Arkansas,Cross,2022,16573.0,37.0,146.0,223.25,880.95
05,041,05041,Arkansas,Desha,2022,10754.0,4.0,2.0,37.2,18.6
05,043,05043,Arkansas,Drew,2022,16934.0,32.0,74.0,188.97,436.99
05,049,05049,Arkansas,Fulton,2022,12357.0,47.0,84.0,380.35,679.78
05,055,05055,Arkansas,Greene,2022,46360.0,65.0,251.0,140.21,541.42
05,057,05057,Arkansas,Hempstead,2022,19453.0,43.0,138.0,221.05,709.4
05,059,05059,Arkansas,Hot Spring,2022,33154.0,10.0,87.0,30.16,262.41
05,061,05061,Arkansas,Howard,2022,12600.0,23.0,41.0,182.54,325.4
05,063,05063,Arkansas,Independence,2022,38257.0,131.0,407.0,342.42,1063.86
05,065,05065,Arkansas,Izard,2022,14024.0,105.0,94.0,748.72,670.28
05,067,05067,Arkansas,Jackson,2022,16582.0,33.0,101.0,199.01,609.09
05,071,05071,Arkansas,Johnson,2022,25984.0,51.0,81.0,196.27,311.73
05,073,05073,Arkansas,Lafayette,2022,6120.0,9.0,33.0,147.06,539.22
05,075,05075,Arkansas,Lawrence,2022,16123.0,26.0,112.0,161.26,694.66
05,077,05077,Arkansas,Lee,2022,8424.0,7.0,57.0,83.1,676.64
05,083,05083,Arkansas,Logan,2022,21253.0,60.0,222.0,282.31,1044.56
05,089,05089,Arkansas,Marion,2022,17237.0,57.0,132.0,330.68,765.79
05,093,05093,Arkansas,Mississippi,2022,38807.0,29.0,245.0,74.73,631.33
05,099,05099,Arkansas,Nevada,2022,8185.0,9.0,29.0,109.96,354.31
05,101,05101,Arkansas,Newton,2022,7086.0,22.0,39.0,310.47,550.38
05,109,05109,Arkansas,Pike,2022,10128.0,8.0,34.0,78.99,335.7
05,113,05113,Arkansas,Polk,2022,19356.0,75.0,65.0,387.48,335.81
05,115,05115,Arkansas,Pope,2022,64025.0,79.0,253.0,123.39,395.16
05,117,05117,Arkansas,Prairie,2022,8036.0,12.0,67.0,149.33,833.75
05,121,05121,Arkansas,Randolph,2022,18811.0,40.0,132.0,212.64,701.72
05,127,05127,Arkansas,Scott,2022,9786.0,18.0,59.0,183.94,602.9
05,129,05129,Arkansas,Searcy,2022,7914.0,15.0,31.0,189.54,391.71
05,133,05133,Arkansas,Sevier,2022,15682.0,33.0,22.0,210.43,140.29
05,123,05123,Arkansas,St. Francis,2022,22360.0,67.0,72.0,299.64,322.0
05,139,05139,Arkansas,Union,2022,37856.0,84.0,215.0,221.89,567.94
05,141,05141,Arkansas,Van Buren,2022,16116.0,32.0,155.0,198.56,961.78
05,145,05145,Arkansas,White,2022,77637.0,263.0,530.0,338.76,682.66
05,147,05147,Arkansas,Woodruff,2022,6040.0,2.0,27.0,33.11,447.02
05,149,05149,Arkansas,Yell,2022,20108.0,98.0,118.0,487.37,586.83
06,001,06001,California,Alameda,2022,1633138.0,766.0,2577.0,46.9,157.79
06,007,06007,California,Butte,2022,207312.0,431.0,972.0,207.9,468.86
06,013,06013,California,Contra Costa,2022,1160163.0,397.0,1780.0,34.22,153.43
06,017,06017,California,El Dorado,2022,192914.0,324.0,1283.0,167.95,665.06
06,019,06019,California,Fresno,2022,1017870.0,1166.0,3754.0,114.55,368.81
06,025,06025,California,Imperial,2022,179421.0,186.0,496.0,103.67,276.44
06,029,06029,California,Kern,2022,917074.0,3537.0,9396.0,385.68,1024.56
06,031,06031,California,Kings,2022,152763.0,110.0,414.0,72.01,271.01
06,037,06037,California,Los Angeles,2022,9748524.0,6382.0,17070.0,65.47,175.1
06,039,06039,California,Madera,2022,160377.0,376.0,941.0,234.45,586.74
06,041,06041,California,Marin,2022,257038.0,68.0,420.0,26.46,163.4
06,047,06047,California,Merced,2022,291781.0,479.0,1564.0,164.16,536.02
06,053,06053,California,Monterey,2022,435884.0,376.0,938.0,86.26,215.19
06,055,06055,California,Napa,2022,134499.0,56.0,234.0,41.64,173.98
06,059,06059,California,Orange,2022,3156252.0,310.0,1194.0,9.82,37.83
06,065,06065,California,Riverside,2022,2479339.0,1034.0,7415.0,41.7,299.07
06,067,06067,California,Sacramento,2022,1588707.0,2721.0,9043.0,171.27,569.21
06,069,06069,California,San Benito,2022,67674.0,72.0,149.0,106.39,220.17
06,071,06071,California,San Bernardino,2022,2196267.0,2004.0,3752.0,91.25,170.84
06,073,06073,California,San Diego,2022,3279089.0,1902.0,5802.0,58.0,176.94
06,077,06077,California,San Joaquin,2022,795443.0,873.0,2321.0,109.75,291.79
06,079,06079,California,San Luis Obispo,2022,282747.0,435.0,974.0,153.85,344.48
06,081,06081,California,San Mateo,2022,732245.0,376.0,1912.0,51.35,261.11
06,083,06083,California,Santa Barbara,2022,445401.0,243.0,1401.0,54.56,314.55
06,085,06085,California,Santa Clara,2022,1880151.0,276.0,1479.0,14.68,78.66
06,087,06087,California,Santa Cruz,2022,265786.0,371.0,1013.0,139.59,381.13
06,095,06095,California,Solano,2022,449852.0,115.0,337.0,25.56,74.91
06,097,06097,California,Sonoma,2022,483236.0,336.0,820.0,69.53,169.69
06,099,06099,California,Stanislaus,2022,552453.0,438.0,1332.0,79.28,241.11
06,107,06107,California,Tulare,2022,478037.0,337.0,1905.0,70.5,398.5
06,111,06111,California,Ventura,2022,834675.0,71.0,735.0,8.51,88.06
06,113,06113,California,Yolo,2022,222854.0,81.0,380.0,36.35,170.52
06,115,06115,California,Yuba,2022,84355.0,187.0,914.0,221.68,1083.52
06,003,06003,California,Alpine,2022,1149.0,11.0,25.0,957.35,2175.81
06,005,06005,California,Amador,2022,41465.0,95.0,278.0,229.11,670.44
06,009,06009,California,Calaveras,2022,46545.0,243.0,510.0,522.08,1095.71
06,011,06011,California,Colusa,2022,21927.0,21.0,190.0,95.77,866.51
06,015,06015,California,Del Norte,2022,26694.0,85.0,154.0,318.42,576.91
06,021,06021,California,Glenn,2022,28363.0,97.0,180.0,341.99,634.63
06,023,06023,California,Humboldt,2022,134979.0,237.0,760.0,175.58,563.05
06,027,06027,California,Inyo,2022,18642.0,93.0,105.0,498.87,563.24
06,033,06033,California,Lake,2022,68271.0,292.0,471.0,427.71,689.9
06,035,06035,California,Lassen,2022,30269.0,59.0,215.0,194.92,710.3
06,043,06043,California,Mariposa,2022,17066.0,71.0,207.0,416.03,1212.94
06,049,06049,California,Modoc,2022,8602.0,29.0,50.0,337.13,581.26
06,051,06051,California,Mono,2022,12982.0,21.0,27.0,161.76,207.98
06,057,06057,California,Nevada,2022,102377.0,213.0,366.0,208.05,357.5
06,063,06063,California,Plumas,2022,19396.0,152.0,272.0,783.67,1402.35
06,091,06091,California,Sierra,2022,3203.0,10.0,19.0,312.21,593.19
06,093,06093,California,Siskiyou,2022,43602.0,84.0,104.0,192.65,238.52
06,103,06103,California,Tehama,2022,65312.0,142.0,350.0,217.42,535.89
06,105,06105,California,Trinity,2022,15813.0,85.0,167.0,537.53,1056.09
06,109,06109,California,Tuolumne,2022,53987.0,330.0,478.0,611.26,885.4
08,001,08001,Colorado,Adams,2022,528035.0,493.0,2559.0,93.37,484.63
08,005,08005,Colorado,Arapahoe,2022,659472.0,220.0,2360.0,33.36,357.86
08,013,08013,Colorado,Boulder,2022,327914.0,96.0,740.0,29.28,225.67
08,019,08019,Colorado,Clear Creek,2022,9282.0,1.0,48.0,10.77,517.13
08,035,08035,Colorado,Douglas,2022,376188.0,260.0,1420.0,69.11,377.47
08,039,08039,Colorado,Elbert,2022,27844.0,1.0,31.0,3.59,111.33
08,041,08041,Colorado,El Paso,2022,741819.0,560.0,2415.0,75.49,325.55
08,047,08047,Colorado,Gilpin,2022,5898.0,9.0,75.0,152.59,1271.62
08,059,08059,Colorado,Jefferson,2022,576703.0,421.0,3371.0,73.0,584.53
08,069,08069,Colorado,Larimer,2022,367972.0,205.0,1083.0,55.71,294.32
08,077,08077,Colorado,Mesa,2022,158634.0,144.0,1038.0,90.77,654.34
08,093,08093,Colorado,Park,2022,17940.0,32.0,40.0,178.37,222.97
08,101,08101,Colorado,Pueblo,2022,169540.0,61.0,1190.0,35.98,701.9
08,119,08119,Colorado,Teller,2022,24854.0,37.0,49.0,148.87,197.15
08,003,08003,Colorado,Alamosa,2022,16630.0,15.0,109.0,90.2,655.44
08,007,08007,Colorado,Archuleta,2022,13975.0,20.0,46.0,143.11,329.16
08,009,08009,Colorado,Baca,2022,3430.0,1.0,0.0,29.15,0.0
08,011,08011,Colorado,Bent,2022,5428.0,9.0,96.0,165.81,1768.61
08,015,08015,Colorado,Chaffee,2022,20252.0,4.0,61.0,19.75,301.2
08,025,08025,Colorado,Crowley,2022,5611.0,11.0,42.0,196.04,748.53
08,027,08027,Colorado,Custer,2022,5349.0,17.0,40.0,317.82,747.8
08,029,08029,Colorado,Delta,2022,31575.0,3.0,168.0,9.5,532.07
08,033,08033,Colorado,Dolores,2022,2458.0,1.0,24.0,40.68,976.4
08,037,08037,Colorado,Eagle,2022,55347.0,33.0,135.0,59.62,243.92
08,043,08043,Colorado,Fremont,2022,49544.0,25.0,173.0,50.46,349.18
08,045,08045,Colorado,Garfield,2022,62458.0,70.0,158.0,112.08,252.97
08,061,08061,Colorado,Kiowa,2022,1429.0,2.0,24.0,139.96,1679.5
08,063,08063,Colorado,Kit Carson,2022,7000.0,3.0,25.0,42.86,357.14
08,071,08071,Colorado,Las Animas,2022,14299.0,15.0,99.0,104.9,692.36
08,073,08073,Colorado,Lincoln,2022,5515.0,2.0,29.0,36.26,525.84
08,075,08075,Colorado,Logan,2022,20798.0,28.0,84.0,134.63,403.88
08,081,08081,Colorado,Moffat,2022,13201.0,9.0,33.0,68.18,249.98
08,083,08083,Colorado,Montezuma,2022,26474.0,45.0,133.0,169.98,502.38
08,085,08085,Colorado,Montrose,2022,43838.0,18.0,177.0,41.06,403.76
08,087,08087,Colorado,Morgan,2022,29492.0,12.0,50.0,40.69,169.54
08,089,08089,Colorado,Otero,2022,18244.0,6.0,53.0,32.89,290.51
08,091,08091,Colorado,Ouray,2022,5095.0,2.0,21.0,39.25,412.17
08,095,08095,Colorado,Phillips,2022,4444.0,0.0,1.0,0.0,22.5
08,097,08097,Colorado,Pitkin,2022,16896.0,4.0,29.0,23.67,171.64
08,099,08099,Colorado,Prowers,2022,11828.0,11.0,39.0,93.0,329.73
08,103,08103,Colorado,Rio Blanco,2022,6572.0,1.0,4.0,15.22,60.86
08,107,08107,Colorado,Routt,2022,25173.0,11.0,51.0,43.7,202.6
08,109,08109,Colorado,Saguache,2022,6642.0,6.0,60.0,90.33,903.34
08,111,08111,Colorado,San Juan,2022,801.0,1.0,5.0,124.84,624.22
08,113,08113,Colorado,San Miguel,2022,8009.0,4.0,5.0,49.94,62.43
08,117,08117,Colorado,Summit,2022,31276.0,30.0,203.0,95.92,649.06
08,121,08121,Colorado,Washington,2022,4839.0,1.0,64.0,20.67,1322.59
08,125,08125,Colorado,Yuma,2022,9943.0,4.0,37.0,40.23,372.12
,,,Delaware,New Castle County Police Department,2022,575913.0,763.0,3444.0,132.49,598.01
,,,Delaware,Bay,2022,,304.0,1284.0,,
,,,Delaware,Brevard,2022,,484.0,2479.0,,
,,,Delaware,Charlotte,2022,,152.0,1068.0,,
,,,Delaware,Citrus,2022,,319.0,1469.0,,
,,,Delaware,Collier,2022,,774.0,2686.0,,
,,,Delaware,Flagler,2022,,196.0,681.0,,
,,,Delaware,Hernando,2022,,449.0,1938.0,,
,,,Delaware,Indian River,2022,,168.0,1308.0,,
,,,Delaware,Jacksonville Sheriff's Office,2022,,5927.0,23703.0,,
,,,Delaware,Lee,2022,,1379.0,4533.0,,
,,,Delaware,Leon,2022,,348.0,1220.0,,
,,,Delaware,Marion,2022,,637.0,1600.0,,
,,,Delaware,Miami-Dade,2022,,5606.0,26220.0,,
,,,Delaware,Nassau,2022,,157.0,643.0,,
,,,Delaware,Orange,2022,,4730.0,16400.0,,
,,,Delaware,Palm Beach,2022,,1452.0,7499.0,,
,,,Delaware,Pinellas,2022,,108.0,550.0,,
,,,Delaware,Polk,2022,,1329.0,3677.0,,
,,,Delaware,Sarasota,2022,,403.0,3197.0,,
,,,Delaware,Seminole,2022,,335.0,1793.0,,
,,,Delaware,St. Johns,2022,,118.0,552.0,,
,,,Delaware,St. Lucie,2022,,376.0,1101.0,,
,,,Delaware,Volusia,2022,,769.0,1270.0,,
,,,Delaware,Walton,2022,,110.0,199.0,,
,,,Delaware,Dixie,2022,,33.0,78.0,,
,,,Delaware,Hamilton,2022,,33.0,157.0,,
,,,Delaware,Hardee,2022,,58.0,218.0,,
,,,Delaware,Holmes,2022,,78.0,135.0,,
,,,Delaware,Monroe,2022,,162.0,416.0,,
,,,Delaware,Okeechobee,2022,,111.0,540.0,,
,,,Delaware,Putnam,2022,,74.0,459.0,,
,,,Delaware,Union,2022,,24.0,56.0,,
13,245,13245,Georgia,Augusta-Richmond,2022,206837.0,105.0,608.0,50.76,293.95
13,013,13013,Georgia,Barrow,2022,89551.0,76.0,663.0,84.87,740.36
13,015,13015,Georgia,Bartow,2022,112751.0,10.0,439.0,8.87,389.35
13,021,13021,Georgia,Bibb,2022,156302.0,2294.0,5833.0,1467.67,3731.88
13,025,13025,Georgia,Brantley,2022,18173.0,21.0,206.0,115.56,1133.55
13,027,13027,Georgia,Brooks,2022,16272.0,41.0,120.0,251.97,737.46
13,029,13029,Georgia,Bryan,2022,48336.0,44.0,238.0,91.03,492.39
13,033,13033,Georgia,Burke,2022,24375.0,26.0,242.0,106.67,992.82
13,035,13035,Georgia,Butts,2022,26756.0,41.0,139.0,153.24,519.51
13,045,13045,Georgia,Carroll,2022,124002.0,145.0,963.0,116.93,776.6
13,047,13047,Georgia,Catoosa,2022,68897.0,66.0,457.0,95.8,663.31
13,057,13057,Georgia,Cherokee,2022,281158.0,180.0,1028.0,64.02,365.63
13,059,13059,Georgia,Clarke,2022,130067.0,0.0,0.0,0.0,0.0
13,067,13067,Georgia,Cobb,2022,774481.0,30.0,219.0,3.87,28.28
,,,Georgia,Cobb County Police Department,2022,774481.0,1186.0,7744.0,153.13,999.9
13,073,13073,Georgia,Columbia,2022,162441.0,33.0,434.0,20.32,267.17
13,077,13077,Georgia,Coweta,2022,152950.0,672.0,742.0,439.36,485.13
13,079,13079,Georgia,Crawford,2022,12133.0,23.0,152.0,189.57,1252.78
13,085,13085,Georgia,Dawson,2022,30237.0,59.0,239.0,195.13,790.42
13,089,13089,Georgia,DeKalb,2022,764752.0,23.0,1.0,3.01,0.13
,,,Georgia,DeKalb County Police Department,2022,764752.0,4618.0,17815.0,603.86,2329.51
13,095,13095,Georgia,Dougherty,2022,83021.0,2.0,16.0,2.41,19.27
,,,Georgia,Dougherty County Police Department,2022,83021.0,17.0,74.0,20.48,89.13
13,097,13097,Georgia,Douglas,2022,147617.0,209.0,862.0,141.58,583.94
13,103,13103,Georgia,Effingham,2022,69010.0,23.0,189.0,33.33,273.87
13,113,13113,Georgia,Fayette,2022,122106.0,44.0,309.0,36.03,253.06
,,,Georgia,Floyd County Police Department,2022,99425.0,176.0,623.0,177.02,626.6
13,117,13117,Georgia,Forsyth,2022,267623.0,129.0,1009.0,48.2,377.02
13,121,13121,Georgia,Fulton,2022,1076385.0,14.0,21.0,1.3,1.95
,,,Georgia,Fulton County Police Department,2022,1076385.0,31.0,46.0,2.88,4.27
,,,Georgia,Glynn County Police Department,2022,85268.0,211.0,1156.0,247.46,1355.73
13,135,13135,Georgia,Gwinnett,2022,979814.0,10.0,11.0,1.02,1.12
,,,Georgia,Gwinnett County Police Department,2022,979814.0,2618.0,8016.0,267.19,818.11
13,139,13139,Georgia,Hall,2022,213142.0,296.0,1434.0,138.87,672.79
13,143,13143,Georgia,Haralson,2022,31340.0,46.0,323.0,146.78,1030.63
13,145,13145,Georgia,Harris,2022,36320.0,5.0,125.0,13.77,344.16
13,149,13149,Georgia,Heard,2022,11699.0,8.0,92.0,68.38,786.39
13,151,13151,Georgia,Henry,2022,248841.0,2.0,0.0,0.8,0.0
,,,Georgia,Henry County Police Department,2022,248841.0,530.0,2582.0,212.99,1037.61
13,159,13159,Georgia,Jasper,2022,15984.0,31.0,118.0,193.94,738.24
13,169,13169,Georgia,Jones,2022,28449.0,35.0,187.0,123.03,657.32
13,173,13173,Georgia,Lanier,2022,10141.0,18.0,65.0,177.5,640.96
13,177,13177,Georgia,Lee,2022,33649.0,63.0,329.0,187.23,977.74
13,183,13183,Georgia,Long,2022,18363.0,7.0,69.0,38.12,375.76
13,185,13185,Georgia,Lowndes,2022,119517.0,155.0,943.0,129.69,789.01
13,195,13195,Georgia,Madison,2022,31450.0,54.0,269.0,171.7,855.33
13,197,13197,Georgia,Marion,2022,7454.0,8.0,54.0,107.32,724.44
13,189,13189,Georgia,McDuffie,2022,21726.0,36.0,129.0,165.7,593.76
13,191,13191,Georgia,McIntosh,2022,11194.0,24.0,175.0,214.4,1563.34
13,199,13199,Georgia,Meriwether,2022,20829.0,37.0,127.0,177.64,609.73
13,207,13207,Georgia,Monroe,2022,29432.0,20.0,168.0,67.95,570.81
13,213,13213,Georgia,Murray,2022,40378.0,53.0,98.0,131.26,242.71
13,217,13217,Georgia,Newton,2022,117854.0,345.0,1158.0,292.74,982.57
13,219,13219,Georgia,Oconee,2022,43622.0,28.0,597.0,64.19,1368.58
13,221,13221,Georgia,Oglethorpe,2022,15502.0,52.0,127.0,335.44,819.25
13,223,13223,Georgia,Paulding,2022,178436.0,575.0,1108.0,322.24,620.95
13,225,13225,Georgia,Peach,2022,28590.0,41.0,90.0,143.41,314.8
13,227,13227,Georgia,Pickens,2022,34803.0,40.0,136.0,114.93,390.77
13,231,13231,Georgia,Pike,2022,19959.0,19.0,141.0,95.2,706.45
13,255,13255,Georgia,Spalding,2022,68993.0,156.0,539.0,226.11,781.24
13,289,13289,Georgia,Twiggs,2022,7662.0,16.0,54.0,208.82,704.78
13,297,13297,Georgia,Walton,2022,103235.0,52.0,352.0,50.37,340.97
13,313,13313,Georgia,Whitfield,2022,103279.0,334.0,848.0,323.4,821.08
13,009,13009,Georgia,Baldwin,2022,43654.0,103.0,479.0,235.95,1097.26
13,011,13011,Georgia,Banks,2022,19419.0,40.0,373.0,205.98,1920.8
13,017,13017,Georgia,Ben Hill,2022,17063.0,36.0,152.0,210.98,890.82
13,019,13019,Georgia,Berrien,2022,18261.0,27.0,108.0,147.86,591.42
13,023,13023,Georgia,Bleckley,2022,12277.0,11.0,80.0,89.6,651.62
13,031,13031,Georgia,Bulloch,2022,83011.0,5.0,271.0,6.02,326.46
13,039,13039,Georgia,Camden,2022,57026.0,50.0,119.0,87.68,208.68
13,043,13043,Georgia,Candler,2022,11000.0,16.0,66.0,145.45,600.0
13,055,13055,Georgia,Chattooga,2022,24921.0,29.0,225.0,116.37,902.85
13,061,13061,Georgia,Clay,2022,2860.0,16.0,16.0,559.44,559.44
13,065,13065,Georgia,Clinch,2022,6692.0,3.0,36.0,44.83,537.96
13,069,13069,Georgia,Coffee,2022,43265.0,110.0,373.0,254.25,862.13
13,075,13075,Georgia,Cook,2022,17398.0,10.0,84.0,57.48,482.81
13,081,13081,Georgia,Crisp,2022,19745.0,11.0,134.0,55.71,678.65
13,087,13087,Georgia,Decatur,2022,29146.0,40.0,201.0,137.24,689.63
13,091,13091,Georgia,Dodge,2022,19874.0,22.0,125.0,110.7,628.96
13,099,13099,Georgia,Early,2022,10556.0,5.0,42.0,47.37,397.88
13,105,13105,Georgia,Elbert,2022,19868.0,4.0,43.0,20.13,216.43
13,111,13111,Georgia,Fannin,2022,25740.0,42.0,216.0,163.17,839.16
13,119,13119,Georgia,Franklin,2022,24155.0,33.0,127.0,136.62,525.77
13,123,13123,Georgia,Gilmer,2022,32382.0,76.0,304.0,234.7,938.79
13,125,13125,Georgia,Glascock,2022,2925.0,3.0,19.0,102.56,649.57
13,129,13129,Georgia,Gordon,2022,58885.0,64.0,355.0,108.69,602.87
13,133,13133,Georgia,Greene,2022,20118.0,42.0,72.0,208.77,357.89
13,137,13137,Georgia,Habersham,2022,47446.0,43.0,330.0,90.63,695.53
13,141,13141,Georgia,Hancock,2022,8449.0,15.0,47.0,177.54,556.28
13,147,13147,Georgia,Hart,2022,26813.0,51.0,191.0,190.21,712.34
13,155,13155,Georgia,Irwin,2022,9126.0,11.0,53.0,120.53,580.76
13,157,13157,Georgia,Jackson,2022,84157.0,58.0,548.0,68.92,651.16
13,161,13161,Georgia,Jeff Davis,2022,14914.0,12.0,47.0,80.46,315.14
13,163,13163,Georgia,Jefferson,2022,15329.0,19.0,101.0,123.95,658.88
13,165,13165,Georgia,Jenkins,2022,8677.0,4.0,40.0,46.1,460.99
13,175,13175,Georgia,Laurens,2022,49687.0,103.0,367.0,207.3,738.62
13,187,13187,Georgia,Lumpkin,2022,34709.0,53.0,184.0,152.7,530.12
13,205,13205,Georgia,Mitchell,2022,21198.0,14.0,174.0,66.04,820.83
13,229,13229,Georgia,Pierce,2022,20190.0,51.0,183.0,252.6,906.39
13,233,13233,Georgia,Polk,2022,43742.0,4.0,2.0,9.14,4.57
13,235,13235,Georgia,Pulaski,2022,9947.0,38.0,172.0,382.02,1729.16
13,237,13237,Georgia,Putnam,2022,22924.0,33.0,139.0,143.95,606.35
13,241,13241,Georgia,Rabun,2022,17305.0,14.0,154.0,80.9,889.92
13,243,13243,Georgia,Randolph,2022,6162.0,10.0,26.0,162.28,421.94
13,249,13249,Georgia,Schley,2022,4507.0,4.0,11.0,88.75,244.06
13,261,13261,Georgia,Sumter,2022,28893.0,10.0,84.0,34.61,290.73
13,267,13267,Georgia,Tattnall,2022,24063.0,19.0,185.0,78.96,768.82
13,275,13275,Georgia,Thomas,2022,45592.0,86.0,372.0,188.63,815.93
13,277,13277,Georgia,Tift,2022,41381.0,171.0,509.0,413.23,1230.03
13,281,13281,Georgia,Towns,2022,12929.0,11.0,44.0,85.08,340.32
13,283,13283,Georgia,Treutlen,2022,6364.0,15.0,44.0,235.7,691.39
13,285,13285,Georgia,Troup,2022,70608.0,103.0,528.0,145.88,747.79
13,287,13287,Georgia,Turner,2022,8836.0,9.0,37.0,101.86,418.74
13,291,13291,Georgia,Union,2022,26413.0,15.0,152.0,56.79,575.47
13,299,13299,Georgia,Ware,2022,35660.0,28.0,101.0,78.52,283.23
13,305,13305,Georgia,Wayne,2022,30758.0,57.0,383.0,185.32,1245.2
13,307,13307,Georgia,Webster,2022,2343.0,0.0,0.0,0.0,0.0
13,309,13309,Georgia,Wheeler,2022,7302.0,9.0,54.0,123.25,739.52
13,311,13311,Georgia,White,2022,28778.0,21.0,140.0,72.97,486.48
13,315,13315,Georgia,Wilcox,2022,8747.0,10.0,49.0,114.32,560.19
13,317,13317,Georgia,Wilkes,2022,9587.0,52.0,103.0,542.4,1074.37
13,319,13319,Georgia,Wilkinson,2022,8704.0,12.0,14.0,137.87,160.85
15,007,15007,Hawaii,Kauai Police Department,2022,73707.0,188.0,1264.0,255.06,1714.9
16,001,16001,Idaho,Ada,2022,520365.0,284.0,556.0,54.58,106.85
16,005,16005,Idaho,Bannock,2022,89855.0,16.0,98.0,17.81,109.06
16,015,16015,Idaho,Boise,2022,8419.0,28.0,29.0,332.58,344.46
16,019,16019,Idaho,Bonneville,2022,129654.0,111.0,686.0,85.61,529.1
16,023,16023,Idaho,Butte,2022,2690.0,4.0,13.0,148.7,483.27
16,027,16027,Idaho,Canyon,2022,251397.0,134.0,354.0,53.3,140.81
16,041,16041,Idaho,Franklin,2022,15179.0,2.0,11.0,13.18,72.47
16,045,16045,Idaho,Gem,2022,20627.0,9.0,20.0,43.63,96.96
16,051,16051,Idaho,Jefferson,2022,33358.0,9.0,128.0,26.98,383.72
16,053,16053,Idaho,Jerome,2022,25268.0,31.0,123.0,122.68,486.78
16,055,16055,Idaho,Kootenai,2022,183512.0,119.0,499.0,64.85,271.92
16,069,16069,Idaho,Nez Perce,2022,42998.0,5.0,35.0,11.63,81.4
16,077,16077,Idaho,Power,2022,8130.0,4.0,29.0,49.2,356.7
16,083,16083,Idaho,Twin Falls,2022,93890.0,50.0,119.0,53.25,126.74
16,003,16003,Idaho,Adams,2022,4778.0,14.0,40.0,293.01,837.17
16,007,16007,Idaho,Bear Lake,2022,6742.0,0.0,3.0,0.0,44.5
16,009,16009,Idaho,Benewah,2022,10293.0,24.0,63.0,233.17,612.07
16,011,16011,Idaho,Bingham,2022,49979.0,21.0,139.0,42.02,278.12
16,013,16013,Idaho,Blaine,2022,25200.0,15.0,29.0,59.52,115.08
16,017,16017,Idaho,Bonner,2022,51437.0,33.0,255.0,64.16,495.75
16,021,16021,Idaho,Boundary,2022,13324.0,22.0,39.0,165.12,292.7
16,025,16025,Idaho,Camas,2022,1163.0,1.0,4.0,85.98,343.94
16,029,16029,Idaho,Caribou,2022,7201.0,4.0,10.0,55.55,138.87
16,031,16031,Idaho,Cassia,2022,25657.0,29.0,264.0,113.03,1028.96
16,035,16035,Idaho,Clearwater,2022,9032.0,10.0,8.0,110.72,88.57
16,037,16037,Idaho,Custer,2022,4503.0,8.0,19.0,177.66,421.94
16,039,16039,Idaho,Elmore,2022,29425.0,30.0,23.0,101.95,78.16
16,043,16043,Idaho,Fremont,2022,14036.0,6.0,43.0,42.75,306.36
16,047,16047,Idaho,Gooding,2022,15900.0,15.0,36.0,94.34,226.42
16,049,16049,Idaho,Idaho,2022,17654.0,41.0,26.0,232.24,147.28
16,057,16057,Idaho,Latah,2022,41211.0,28.0,80.0,67.94,194.12
16,059,16059,Idaho,Lemhi,2022,8285.0,6.0,27.0,72.42,325.89
16,061,16061,Idaho,Lewis,2022,3741.0,0.0,30.0,0.0,801.92
16,063,16063,Idaho,Lincoln,2022,5380.0,17.0,30.0,315.99,557.62
16,065,16065,Idaho,Madison,2022,55251.0,13.0,25.0,23.53,45.25
16,067,16067,Idaho,Minidoka,2022,22214.0,16.0,100.0,72.03,450.17
16,071,16071,Idaho,Oneida,2022,4740.0,11.0,28.0,232.07,590.72
16,075,16075,Idaho,Payette,2022,26925.0,28.0,65.0,103.99,241.41
16,079,16079,Idaho,Shoshone,2022,13924.0,37.0,79.0,265.73,567.37
16,081,16081,Idaho,Teton,2022,12551.0,17.0,37.0,135.45,294.8
16,085,16085,Idaho,Valley,2022,12432.0,27.0,63.0,217.18,506.76
16,087,16087,Idaho,Washington,2022,11178.0,10.0,9.0,89.46,80.52
,,,Idaho,Bond,2022,,5.0,34.0,,
,,,Idaho,Calhoun,2022,,3.0,10.0,,
,,,Idaho,Clinton,2022,,5.0,57.0,,
,,,Idaho,DeKalb,2022,,26.0,105.0,,
,,,Idaho,Grundy,2022,,26.0,83.0,,
,,,Idaho,Henry,2022,,14.0,133.0,,
,,,Idaho,Jackson,2022,,24.0,180.0,,
,,,Idaho,Jersey,2022,,12.0,12.0,,
,,,Idaho,Kendall,2022,,55.0,126.0,,
,,,Idaho,Macon,2022,,20.0,221.0,,
16,065,16065,Idaho,Madison,2022,55251.0,99.0,829.0,179.18,1500.43
,,,Idaho,Marshall,2022,,1.0,44.0,,
,,,Idaho,McLean,2022,,18.0,90.0,,
,,,Idaho,Monroe,2022,,5.0,21.0,,
,,,Idaho,Peoria,2022,,157.0,563.0,,
,,,Idaho,Piatt,2022,,17.0,79.0,,
,,,Idaho,Rock Island,2022,,22.0,230.0,,
,,,Idaho,Sangamon,2022,,200.0,622.0,,
,,,Idaho,St. Clair,2022,,106.0,330.0,,
,,,Idaho,Tazewell,2022,,33.0,255.0,,
,,,Idaho,Vermilion,2022,,63.0,453.0,,
,,,Idaho,Will,2022,,208.0,568.0,,
,,,Idaho,Winnebago,2022,,147.0,359.0,,
16,003,16003,Idaho,Adams,2022,4778.0,29.0,180.0,606.95,3767.27
,,,Idaho,Cass,2022,,0.0,1.0,,
,,,Idaho,Crawford,2022,,14.0,54.0,,
,,,Idaho,DeWitt,2022,,6.0,37.0,,
,,,Idaho,Effingham,2022,,18.0,105.0,,
,,,Idaho,Fayette,2022,,7.0,68.0,,
,,,Idaho,Ford,2022,,2.0,27.0,,
,,,Idaho,Hancock,2022,,15.0,32.0,,
,,,Idaho,Iroquois,2022,,11.0,129.0,,
16,051,16051,Idaho,Jefferson,2022,33358.0,16.0,180.0,47.96,539.6
,,,Idaho,La Salle,2022,,50.0,114.0,,
,,,Idaho,Livingston,2022,,17.0,59.0,,
,,,Idaho,Logan,2022,,5.0,55.0,,
,,,Idaho,Marion,2022,,34.0,131.0,,
,,,Idaho,Mason,2022,,0.0,0.0,,
,,,Idaho,Massac,2022,,7.0,38.0,,
,,,Idaho,Montgomery,2022,,10.0,38.0,,
,,,Idaho,Morgan,2022,,10.0,28.0,,
,,,Idaho,Pike,2022,,4.0,26.0,,
,,,Idaho,Pulaski,2022,,12.0,31.0,,
,,,Idaho,Putnam,2022,,0.0,25.0,,
,,,Idaho,Scott,2022,,3.0,8.0,,
,,,Idaho,Shelby,2022,,6.0,22.0,,
,,,Idaho,Stephenson,2022,,11.0,92.0,,
,,,Idaho,Warren,2022,,10.0,56.0,,
,,,Idaho,Whiteside,2022,,26.0,83.0,,
18,005,18005,Indiana,Bartholomew,2022,83542.0,0.0,30.0,0.0,35.91
18,019,18019,Indiana,Clark,2022,124254.0,49.0,231.0,39.44,185.91
18,035,18035,Indiana,Delaware,2022,112091.0,55.0,266.0,49.07,237.31
18,039,18039,Indiana,Elkhart,2022,207185.0,58.0,297.0,27.99,143.35
18,043,18043,Indiana,Floyd,2022,80552.0,36.0,175.0,44.69,217.25
18,047,18047,Indiana,Franklin,2022,23104.0,11.0,104.0,47.61,450.14
18,057,18057,Indiana,Hamilton,2022,366036.0,29.0,121.0,7.92,33.06
18,059,18059,Indiana,Hancock,2022,83016.0,46.0,204.0,55.41,245.74
18,061,18061,Indiana,Harrison,2022,39805.0,62.0,191.0,155.76,479.84
18,063,18063,Indiana,Hendricks,2022,183605.0,49.0,440.0,26.69,239.64
18,067,18067,Indiana,Howard,2022,83479.0,34.0,81.0,40.73,97.03
18,081,18081,Indiana,Johnson,2022,165804.0,12.0,221.0,7.24,133.29
18,091,18091,Indiana,La Porte,2022,,24.0,443.0,,
18,095,18095,Indiana,Madison,2022,130977.0,27.0,253.0,20.61,193.16
18,105,18105,Indiana,Monroe,2022,144456.0,24.0,399.0,16.61,276.21
18,127,18127,Indiana,Porter,2022,174767.0,75.0,208.0,42.91,119.02
18,129,18129,Indiana,Posey,2022,25081.0,17.0,98.0,67.78,390.73
18,145,18145,Indiana,Shelby,2022,45165.0,39.0,157.0,86.35,347.61
18,141,18141,Indiana,St. Joseph,2022,272478.0,117.0,894.0,42.94,328.1
18,153,18153,Indiana,Sullivan,2022,20664.0,22.0,104.0,106.47,503.29
18,157,18157,Indiana,Tippecanoe,2022,188836.0,86.0,327.0,45.54,173.17
18,163,18163,Indiana,Vanderburgh,2022,179604.0,168.0,411.0,93.54,228.84
18,167,18167,Indiana,Vigo,2022,106014.0,95.0,688.0,89.61,648.97
18,173,18173,Indiana,Warrick,2022,65252.0,169.0,417.0,259.0,639.06
18,175,18175,Indiana,Washington,2022,28152.0,47.0,84.0,166.95,298.38
18,071,18071,Indiana,Jackson,2022,46298.0,14.0,20.0,30.24,43.2
18,079,18079,Indiana,Jennings,2022,27467.0,13.0,92.0,47.33,334.95
18,085,18085,Indiana,Kosciusko,2022,80624.0,84.0,360.0,104.19,446.52
18,107,18107,Indiana,Montgomery,2022,38327.0,21.0,124.0,54.79,323.53
18,113,18113,Indiana,Noble,2022,47266.0,22.0,141.0,46.55,298.31
18,149,18149,Indiana,Starke,2022,23237.0,29.0,107.0,124.8,460.47
18,151,18151,Indiana,Steuben,2022,34716.0,7.0,233.0,20.16,671.16
18,179,18179,Indiana,Wells,2022,28325.0,7.0,26.0,24.71,91.79
19,011,19011,Iowa,Benton,2022,25748.0,35.0,64.0,135.93,248.56
19,013,19013,Iowa,Black Hawk,2022,129963.0,17.0,62.0,13.08,47.71
19,017,19017,Iowa,Bremer,2022,25261.0,7.0,30.0,27.71,118.76
19,049,19049,Iowa,Dallas,2022,108070.0,52.0,58.0,48.12,53.67
19,061,19061,Iowa,Dubuque,2022,98723.0,32.0,150.0,32.41,151.94
19,099,19099,Iowa,Jasper,2022,37948.0,18.0,45.0,47.43,118.58
19,103,19103,Iowa,Johnson,2022,156681.0,68.0,170.0,43.4,108.5
19,105,19105,Iowa,Jones,2022,20969.0,16.0,16.0,76.3,76.3
19,113,19113,Iowa,Linn,2022,228878.0,36.0,177.0,15.73,77.33
19,121,19121,Iowa,Madison,2022,17064.0,16.0,24.0,93.76,140.65
19,129,19129,Iowa,Mills,2022,14557.0,7.0,85.0,48.09,583.91
19,153,19153,Iowa,Polk,2022,501174.0,84.0,655.0,16.76,130.69
19,155,19155,Iowa,Pottawattamie,2022,93162.0,86.0,171.0,92.31,183.55
19,163,19163,Iowa,Scott,2022,173859.0,46.0,130.0,26.46,74.77
19,169,19169,Iowa,Story,2022,99857.0,15.0,111.0,15.02,111.16
19,183,19183,Iowa,Washington,2022,22539.0,41.0,91.0,181.91,403.74
19,193,19193,Iowa,Woodbury,2022,105712.0,24.0,87.0,22.7,82.3
19,001,19001,Iowa,Adair,2022,7466.0,2.0,16.0,26.79,214.3
19,003,19003,Iowa,Adams,2022,3600.0,3.0,6.0,83.33,166.67
19,005,19005,Iowa,Allamakee,2022,14095.0,10.0,28.0,70.95,198.65
19,007,19007,Iowa,Appanoose,2022,12134.0,15.0,54.0,123.62,445.03
19,019,19019,Iowa,Buchanan,2022,20705.0,14.0,37.0,67.62,178.7
19,021,19021,Iowa,Buena Vista,2022,20644.0,9.0,23.0,43.6,111.41
19,023,19023,Iowa,Butler,2022,14258.0,3.0,15.0,21.04,105.2
19,027,19027,Iowa,Carroll,2022,20558.0,0.0,11.0,0.0,53.51
19,029,19029,Iowa,Cass,2022,13127.0,18.0,57.0,137.12,434.22
19,031,19031,Iowa,Cedar,2022,18333.0,12.0,36.0,65.46,196.37
19,033,19033,Iowa,Cerro Gordo,2022,42401.0,6.0,38.0,14.15,89.62
19,035,19035,Iowa,Cherokee,2022,11486.0,1.0,21.0,8.71,182.83
19,037,19037,Iowa,Chickasaw,2022,11765.0,15.0,22.0,127.5,187.0
19,039,19039,Iowa,Clarke,2022,9689.0,4.0,37.0,41.28,381.88
19,041,19041,Iowa,Clay,2022,16514.0,7.0,8.0,42.39,48.44
19,043,19043,Iowa,Clayton,2022,17049.0,11.0,28.0,64.52,164.23
19,045,19045,Iowa,Clinton,2022,46263.0,30.0,101.0,64.85,218.32
19,047,19047,Iowa,Crawford,2022,16143.0,2.0,2.0,12.39,12.39
19,051,19051,Iowa,Davis,2022,9145.0,4.0,7.0,43.74,76.54
19,055,19055,Iowa,Delaware,2022,17590.0,26.0,19.0,147.81,108.02
19,057,19057,Iowa,Des Moines,2022,38229.0,14.0,138.0,36.62,360.98
19,063,19063,Iowa,Emmet,2022,9206.0,8.0,4.0,86.9,43.45
19,065,19065,Iowa,Fayette,2022,19303.0,20.0,18.0,103.61,93.25
19,067,19067,Iowa,Floyd,2022,15317.0,10.0,22.0,65.29,143.63
19,069,19069,Iowa,Franklin,2022,9923.0,3.0,9.0,30.23,90.7
19,071,19071,Iowa,Fremont,2022,6474.0,15.0,55.0,231.7,849.55
19,079,19079,Iowa,Hamilton,2022,14880.0,11.0,25.0,73.92,168.01
19,081,19081,Iowa,Hancock,2022,10662.0,14.0,43.0,131.31,403.3
19,083,19083,Iowa,Hardin,2022,16670.0,29.0,87.0,173.97,521.9
19,087,19087,Iowa,Henry,2022,20284.0,25.0,43.0,123.25,211.99
19,089,19089,Iowa,Howard,2022,9502.0,6.0,27.0,63.14,284.15
19,091,19091,Iowa,Humboldt,2022,9540.0,6.0,51.0,62.89,534.59
19,093,19093,Iowa,Ida,2022,6880.0,4.0,20.0,58.14,290.7
19,095,19095,Iowa,Iowa,2022,16514.0,17.0,67.0,102.94,405.72
19,097,19097,Iowa,Jackson,2022,19333.0,11.0,62.0,56.9,320.7
19,101,19101,Iowa,Jefferson,2022,15580.0,5.0,13.0,32.09,83.44
19,107,19107,Iowa,Keokuk,2022,9880.0,15.0,62.0,151.82,627.53
19,111,19111,Iowa,Lee,2022,32783.0,33.0,87.0,100.66,265.38
19,115,19115,Iowa,Louisa,2022,10641.0,28.0,26.0,263.13,244.34
19,117,19117,Iowa,Lucas,2022,8732.0,23.0,62.0,263.4,710.03
19,119,19119,Iowa,Lyon,2022,12180.0,15.0,66.0,123.15,541.87
19,123,19123,Iowa,Mahaska,2022,21940.0,11.0,33.0,50.14,150.41
19,125,19125,Iowa,Marion,2022,33581.0,26.0,40.0,77.42,119.11
19,133,19133,Iowa,Monona,2022,8527.0,11.0,72.0,129.0,844.38
19,139,19139,Iowa,Muscatine,2022,42501.0,14.0,45.0,32.94,105.88
19,141,19141,Iowa,O'Brien,2022,14095.0,18.0,52.0,127.7,368.93
19,143,19143,Iowa,Osceola,2022,6070.0,5.0,15.0,82.37,247.12
19,145,19145,Iowa,Page,2022,15164.0,6.0,25.0,39.57,164.86
19,147,19147,Iowa,Palo Alto,2022,8779.0,14.0,16.0,159.47,182.25
19,149,19149,Iowa,Plymouth,2022,25713.0,11.0,19.0,42.78,73.89
19,151,19151,Iowa,Pocahontas,2022,7076.0,4.0,17.0,56.53,240.25
19,157,19157,Iowa,Poweshiek,2022,18543.0,9.0,66.0,48.54,355.93
19,159,19159,Iowa,Ringgold,2022,4679.0,3.0,16.0,64.12,341.95
19,161,19161,Iowa,Sac,2022,9675.0,18.0,55.0,186.05,568.48
19,167,19167,Iowa,Sioux,2022,36250.0,9.0,48.0,24.83,132.41
19,171,19171,Iowa,Tama,2022,16929.0,24.0,40.0,141.77,236.28
19,175,19175,Iowa,Union,2022,11898.0,6.0,31.0,50.43,260.55
19,177,19177,Iowa,Van Buren,2022,7253.0,4.0,26.0,55.15,358.47
19,179,19179,Iowa,Wapello,2022,35082.0,16.0,76.0,45.61,216.64
19,185,19185,Iowa,Wayne,2022,6473.0,4.0,24.0,61.8,370.77
19,187,19187,Iowa,Webster,2022,36693.0,41.0,89.0,111.74,242.55
19,191,19191,Iowa,Winneshiek,2022,19907.0,17.0,16.0,85.4,80.37
19,195,19195,Iowa,Worth,2022,7330.0,5.0,20.0,68.21,272.85
19,197,19197,Iowa,Wright,2022,12750.0,5.0,22.0,39.22,172.55
20,015,20015,Kansas,Butler,2022,68236.0,35.0,218.0,51.29,319.48
20,043,20043,Kansas,Doniphan,2022,7487.0,3.0,17.0,40.07,227.06
20,061,20061,Kansas,Geary,2022,35547.0,12.0,41.0,33.76,115.34
20,079,20079,Kansas,Harvey,2022,33713.0,12.0,63.0,35.59,186.87
20,085,20085,Kansas,Jackson,2022,13292.0,18.0,68.0,135.42,511.59
20,087,20087,Kansas,Jefferson,2022,18350.0,41.0,154.0,223.43,839.24
20,091,20091,Kansas,Johnson,2022,619693.0,42.0,233.0,6.78,37.6
20,103,20103,Kansas,Leavenworth,2022,82822.0,46.0,138.0,55.54,166.62
20,121,20121,Kansas,Miami,2022,34758.0,26.0,102.0,74.8,293.46
20,139,20139,Kansas,Osage,2022,15697.0,9.0,36.0,57.34,229.34
20,149,20149,Kansas,Pottawatomie,2022,26334.0,20.0,129.0,75.95,489.86
,,,Kansas,Riley County Police Department,2022,71587.0,179.0,883.0,250.05,1233.46
20,173,20173,Kansas,Sedgwick,2022,525420.0,63.0,225.0,11.99,42.82
20,177,20177,Kansas,Shawnee,2022,177522.0,88.0,593.0,49.57,334.04
20,191,20191,Kansas,Sumner,2022,22396.0,44.0,139.0,196.46,620.65
20,197,20197,Kansas,Wabaunsee,2022,7005.0,21.0,103.0,299.79,1470.38
20,209,20209,Kansas,Wyandotte,2022,166084.0,65.0,43.0,39.14,25.89
20,001,20001,Kansas,Allen,2022,12469.0,11.0,51.0,88.22,409.01
20,003,20003,Kansas,Anderson,2022,7788.0,10.0,14.0,128.4,179.76
20,007,20007,Kansas,Barber,2022,4125.0,0.0,25.0,0.0,606.06
20,009,20009,Kansas,Barton,2022,25052.0,14.0,53.0,55.88,211.56
20,011,20011,Kansas,Bourbon,2022,14457.0,24.0,39.0,166.01,269.77
20,013,20013,Kansas,Brown,2022,9375.0,2.0,16.0,21.33,170.67
20,019,20019,Kansas,Chautauqua,2022,3395.0,1.0,11.0,29.46,324.01
20,021,20021,Kansas,Cherokee,2022,19048.0,46.0,148.0,241.5,776.98
20,023,20023,Kansas,Cheyenne,2022,2614.0,7.0,19.0,267.79,726.86
20,025,20025,Kansas,Clark,2022,1949.0,2.0,26.0,102.62,1334.02
20,027,20027,Kansas,Clay,2022,8045.0,13.0,7.0,161.59,87.01
20,035,20035,Kansas,Cowley,2022,34447.0,13.0,99.0,37.74,287.4
20,037,20037,Kansas,Crawford,2022,39194.0,19.0,123.0,48.48,313.82
20,039,20039,Kansas,Decatur,2022,2697.0,1.0,7.0,37.08,259.55
20,041,20041,Kansas,Dickinson,2022,18361.0,12.0,64.0,65.36,348.56
20,047,20047,Kansas,Edwards,2022,2749.0,20.0,10.0,727.54,363.77
20,053,20053,Kansas,Ellsworth,2022,6392.0,2.0,29.0,31.29,453.69
20,055,20055,Kansas,Finney,2022,37649.0,39.0,140.0,103.59,371.86
20,057,20057,Kansas,Ford,2022,33893.0,11.0,139.0,32.46,410.11
20,059,20059,Kansas,Franklin,2022,25984.0,41.0,73.0,157.79,280.94
20,063,20063,Kansas,Gove,2022,2739.0,1.0,6.0,36.51,219.06
20,067,20067,Kansas,Grant,2022,7230.0,2.0,9.0,27.66,124.48
20,073,20073,Kansas,Greenwood,2022,5899.0,14.0,65.0,237.33,1101.88
20,077,20077,Kansas,Harper,2022,5378.0,1.0,23.0,18.59,427.67
20,081,20081,Kansas,Haskell,2022,3566.0,12.0,14.0,336.51,392.6
20,095,20095,Kansas,Kingman,2022,7191.0,7.0,29.0,97.34,403.28
20,097,20097,Kansas,Kiowa,2022,2405.0,0.0,8.0,0.0,332.64
20,099,20099,Kansas,Labette,2022,19759.0,11.0,87.0,55.67,440.31
20,101,20101,Kansas,Lane,2022,1548.0,5.0,10.0,323.0,645.99
20,115,20115,Kansas,Marion,2022,11799.0,11.0,37.0,93.23,313.59
20,117,20117,Kansas,Marshall,2022,10003.0,7.0,20.0,69.98,199.94
20,123,20123,Kansas,Mitchell,2022,5769.0,10.0,8.0,173.34,138.67
20,125,20125,Kansas,Montgomery,2022,30909.0,28.0,117.0,90.59,378.53
20,127,20127,Kansas,Morris,2022,5369.0,8.0,26.0,149.0,484.26
20,131,20131,Kansas,Nemaha,2022,10160.0,1.0,17.0,9.84,167.32
20,133,20133,Kansas,Neosho,2022,15595.0,12.0,326.0,76.95,2090.41
20,137,20137,Kansas,Norton,2022,5320.0,2.0,7.0,37.59,131.58
20,147,20147,Kansas,Phillips,2022,4803.0,12.0,4.0,249.84,83.28
20,151,20151,Kansas,Pratt,2022,9078.0,6.0,19.0,66.09,209.3
20,155,20155,Kansas,Reno,2022,61495.0,39.0,151.0,63.42,245.55
20,157,20157,Kansas,Republic,2022,4640.0,6.0,16.0,129.31,344.83
20,159,20159,Kansas,Rice,2022,9377.0,9.0,27.0,95.98,287.94
20,163,20163,Kansas,Rooks,2022,4793.0,6.0,39.0,125.18,813.69
20,165,20165,Kansas,Rush,2022,2941.0,8.0,40.0,272.02,1360.08
20,167,20167,Kansas,Russell,2022,6733.0,5.0,48.0,74.26,712.91
20,169,20169,Kansas,Saline,2022,53463.0,30.0,105.0,56.11,196.4
20,175,20175,Kansas,Seward,2022,21351.0,4.0,6.0,18.73,28.1
20,183,20183,Kansas,Smith,2022,3557.0,4.0,14.0,112.45,393.59
20,193,20193,Kansas,Thomas,2022,7870.0,9.0,10.0,114.36,127.06
20,201,20201,Kansas,Washington,2022,5510.0,11.0,17.0,199.64,308.53
20,207,20207,Kansas,Woodson,2022,3118.0,4.0,14.0,128.29,449.01
21,003,21003,Kentucky,Allen,2022,21249.0,2.0,55.0,9.41,258.84
21,015,21015,Kentucky,Boone,2022,139429.0,74.0,692.0,53.07,496.31
21,017,21017,Kentucky,Bourbon,2022,20153.0,4.0,64.0,19.85,317.57
21,019,21019,Kentucky,Boyd,2022,48062.0,29.0,151.0,60.34,314.18
21,023,21023,Kentucky,Bracken,2022,8425.0,4.0,14.0,47.48,166.17
21,029,21029,Kentucky,Bullitt,2022,83946.0,23.0,240.0,27.4,285.9
21,031,21031,Kentucky,Butler,2022,12383.0,5.0,21.0,40.38,169.59
21,037,21037,Kentucky,Campbell,2022,93323.0,0.0,0.0,0.0,0.0
,,,Kentucky,Campbell County Police Department,2022,93323.0,10.0,75.0,10.72,80.37
21,043,21043,Kentucky,Carter,2022,26307.0,4.0,45.0,15.21,171.06
21,047,21047,Kentucky,Christian,2022,72242.0,22.0,176.0,30.45,243.63
21,049,21049,Kentucky,Clark,2022,37012.0,8.0,177.0,21.61,478.22
21,059,21059,Kentucky,Daviess,2022,103358.0,12.0,273.0,11.61,264.13
21,061,21061,Kentucky,Edmonson,2022,12297.0,0.0,31.0,0.0,252.09
21,067,21067,Kentucky,Fayette,2022,321332.0,0.0,0.0,0.0,0.0
21,077,21077,Kentucky,Gallatin,2022,8777.0,1.0,18.0,11.39,205.08
21,081,21081,Kentucky,Grant,2022,25473.0,12.0,94.0,47.11,369.02
21,089,21089,Kentucky,Greenup,2022,35372.0,2.0,16.0,5.65,45.23
21,091,21091,Kentucky,Hancock,2022,9042.0,3.0,15.0,33.18,165.89
21,093,21093,Kentucky,Hardin,2022,111764.0,13.0,153.0,11.63,136.9
21,101,21101,Kentucky,Henderson,2022,44050.0,18.0,128.0,40.86,290.58
21,103,21103,Kentucky,Henry,2022,15726.0,3.0,32.0,19.08,203.48
21,111,21111,Kentucky,Jefferson,2022,778999.0,0.0,9.0,0.0,1.16
21,113,21113,Kentucky,Jessamine,2022,54336.0,11.0,159.0,20.24,292.62
21,117,21117,Kentucky,Kenton,2022,170432.0,5.0,4.0,2.93,2.35
,,,Kentucky,Kenton County Police Department,2022,170432.0,12.0,67.0,7.04,39.31
21,123,21123,Kentucky,Larue,2022,15163.0,1.0,19.0,6.6,125.31
21,149,21149,Kentucky,McLean,2022,9108.0,5.0,23.0,54.9,252.53
21,163,21163,Kentucky,Meade,2022,30048.0,19.0,88.0,63.23,292.86
21,185,21185,Kentucky,Oldham,2022,69549.0,0.0,3.0,0.0,4.31
,,,Kentucky,Oldham County Police Department,2022,69549.0,27.0,364.0,38.82,523.37
21,191,21191,Kentucky,Pendleton,2022,14673.0,6.0,43.0,40.89,293.06
21,209,21209,Kentucky,Scott,2022,59478.0,15.0,123.0,25.22,206.8
21,211,21211,Kentucky,Shelby,2022,48929.0,18.0,148.0,36.79,302.48
21,215,21215,Kentucky,Spencer,2022,20191.0,3.0,47.0,14.86,232.78
21,221,21221,Kentucky,Trigg,2022,14331.0,6.0,45.0,41.87,314.0
21,227,21227,Kentucky,Warren,2022,140434.0,52.0,462.0,37.03,328.98
21,239,21239,Kentucky,Woodford,2022,27162.0,0.0,13.0,0.0,47.86
21,001,21001,Kentucky,Adair,2022,19082.0,6.0,16.0,31.44,83.85
21,005,21005,Kentucky,Anderson,2022,24298.0,3.0,16.0,12.35,65.85
21,007,21007,Kentucky,Ballard,2022,7629.0,6.0,44.0,78.65,576.75
21,009,21009,Kentucky,Barren,2022,44854.0,10.0,124.0,22.29,276.45
21,011,21011,Kentucky,Bath,2022,12818.0,2.0,55.0,15.6,429.08
21,013,21013,Kentucky,Bell,2022,23527.0,16.0,88.0,68.01,374.04
21,021,21021,Kentucky,Boyle,2022,30845.0,3.0,12.0,9.73,38.9
21,025,21025,Kentucky,Breathitt,2022,13338.0,1.0,9.0,7.5,67.48
21,027,21027,Kentucky,Breckinridge,2022,20932.0,6.0,48.0,28.66,229.31
21,033,21033,Kentucky,Caldwell,2022,12618.0,0.0,19.0,0.0,150.58
21,035,21035,Kentucky,Calloway,2022,38119.0,13.0,138.0,34.1,362.02
21,039,21039,Kentucky,Carlisle,2022,4723.0,0.0,13.0,0.0,275.25
21,041,21041,Kentucky,Carroll,2022,10937.0,6.0,47.0,54.86,429.73
21,045,21045,Kentucky,Casey,2022,15900.0,1.0,16.0,6.29,100.63
21,051,21051,Kentucky,Clay,2022,19882.0,5.0,86.0,25.15,432.55
21,053,21053,Kentucky,Clinton,2022,9140.0,0.0,10.0,0.0,109.41
21,055,21055,Kentucky,Crittenden,2022,8973.0,1.0,14.0,11.14,156.02
21,057,21057,Kentucky,Cumberland,2022,5945.0,2.0,5.0,33.64,84.1
21,063,21063,Kentucky,Elliott,2022,7299.0,4.0,16.0,54.8,219.21
21,065,21065,Kentucky,Estill,2022,13985.0,1.0,19.0,7.15,135.86
21,069,21069,Kentucky,Fleming,2022,15240.0,2.0,18.0,13.12,118.11
21,071,21071,Kentucky,Floyd,2022,35518.0,3.0,33.0,8.45,92.91
21,073,21073,Kentucky,Franklin,2022,51807.0,17.0,119.0,32.81,229.7
21,075,21075,Kentucky,Fulton,2022,6389.0,0.0,13.0,0.0,203.47
21,079,21079,Kentucky,Garrard,2022,17577.0,11.0,63.0,62.58,358.42
21,083,21083,Kentucky,Graves,2022,36546.0,14.0,147.0,38.31,402.23
21,085,21085,Kentucky,Grayson,2022,26632.0,8.0,46.0,30.04,172.72
21,087,21087,Kentucky,Green,2022,11363.0,1.0,10.0,8.8,88.0
21,095,21095,Kentucky,Harlan,2022,25603.0,4.0,28.0,15.62,109.36
21,097,21097,Kentucky,Harrison,2022,19072.0,0.0,36.0,0.0,188.76
21,099,21099,Kentucky,Hart,2022,19585.0,5.0,30.0,25.53,153.18
21,105,21105,Kentucky,Hickman,2022,4413.0,0.0,13.0,0.0,294.58
21,107,21107,Kentucky,Hopkins,2022,44882.0,21.0,132.0,46.79,294.1
21,109,21109,Kentucky,Jackson,2022,12990.0,2.0,43.0,15.4,331.02
21,115,21115,Kentucky,Johnson,2022,22222.0,7.0,27.0,31.5,121.5
21,119,21119,Kentucky,Knott,2022,13844.0,0.0,26.0,0.0,187.81
21,121,21121,Kentucky,Knox,2022,29721.0,23.0,66.0,77.39,222.07
21,125,21125,Kentucky,Laurel,2022,62905.0,24.0,326.0,38.15,518.24
21,127,21127,Kentucky,Lawrence,2022,16052.0,9.0,43.0,56.07,267.88
21,129,21129,Kentucky,Lee,2022,7258.0,1.0,18.0,13.78,248.0
21,131,21131,Kentucky,Leslie,2022,10045.0,1.0,11.0,9.96,109.51
21,133,21133,Kentucky,Letcher,2022,20796.0,2.0,15.0,9.62,72.13
21,135,21135,Kentucky,Lewis,2022,12917.0,0.0,18.0,0.0,139.35
21,137,21137,Kentucky,Lincoln,2022,24392.0,4.0,47.0,16.4,192.69
21,139,21139,Kentucky,Livingston,2022,8958.0,5.0,64.0,55.82,714.45
21,141,21141,Kentucky,Logan,2022,27866.0,11.0,53.0,39.47,190.2
21,143,21143,Kentucky,Lyon,2022,9100.0,3.0,22.0,32.97,241.76
21,151,21151,Kentucky,Madison,2022,95227.0,19.0,191.0,19.95,200.57
21,153,21153,Kentucky,Magoffin,2022,11321.0,1.0,5.0,8.83,44.17
21,155,21155,Kentucky,Marion,2022,19720.0,3.0,43.0,15.21,218.05
21,157,21157,Kentucky,Marshall,2022,31765.0,24.0,149.0,75.55,469.07
21,159,21159,Kentucky,Martin,2022,11101.0,3.0,10.0,27.02,90.08
21,161,21161,Kentucky,Mason,2022,16871.0,15.0,68.0,88.91,403.06
21,145,21145,Kentucky,McCracken,2022,67370.0,31.0,201.0,46.01,298.35
21,147,21147,Kentucky,McCreary,2022,16803.0,0.0,18.0,0.0,107.12
21,165,21165,Kentucky,Menifee,2022,6216.0,5.0,11.0,80.44,176.96
21,167,21167,Kentucky,Mercer,2022,22935.0,2.0,22.0,8.72,95.92
21,169,21169,Kentucky,Metcalfe,2022,10397.0,0.0,28.0,0.0,269.31
21,171,21171,Kentucky,Monroe,2022,11315.0,2.0,10.0,17.68,88.38
21,173,21173,Kentucky,Montgomery,2022,28351.0,12.0,229.0,42.33,807.73
21,175,21175,Kentucky,Morgan,2022,14166.0,3.0,34.0,21.18,240.01
21,177,21177,Kentucky,Muhlenberg,2022,30693.0,6.0,60.0,19.55,195.48
21,181,21181,Kentucky,Nicholas,2022,7767.0,5.0,8.0,64.37,103.0
21,183,21183,Kentucky,Ohio,2022,23556.0,22.0,107.0,93.39,454.24
21,187,21187,Kentucky,Owen,2022,11294.0,3.0,44.0,26.56,389.59
21,189,21189,Kentucky,Owsley,2022,3941.0,0.0,0.0,0.0,0.0
21,193,21193,Kentucky,Perry,2022,27366.0,3.0,24.0,10.96,87.7
21,195,21195,Kentucky,Pike,2022,56378.0,0.0,29.0,0.0,51.44
21,197,21197,Kentucky,Powell,2022,13061.0,1.0,6.0,7.66,45.94
21,199,21199,Kentucky,Pulaski,2022,65787.0,23.0,178.0,34.96,270.57
21,201,21201,Kentucky,Robertson,2022,2250.0,0.0,0.0,0.0,0.0
21,203,21203,Kentucky,Rockcastle,2022,16204.0,2.0,25.0,12.34,154.28
21,205,21205,Kentucky,Rowan,2022,24414.0,5.0,46.0,20.48,188.42
21,207,21207,Kentucky,Russell,2022,18167.0,6.0,36.0,33.03,198.16
21,213,21213,Kentucky,Simpson,2022,19930.0,7.0,40.0,35.12,200.7
21,217,21217,Kentucky,Taylor,2022,26445.0,8.0,107.0,30.25,404.61
21,219,21219,Kentucky,Todd,2022,12426.0,5.0,37.0,40.24,297.76
21,223,21223,Kentucky,Trimble,2022,8521.0,3.0,10.0,35.21,117.36
21,225,21225,Kentucky,Union,2022,13126.0,6.0,67.0,45.71,510.44
21,229,21229,Kentucky,Washington,2022,12067.0,2.0,5.0,16.57,41.44
21,231,21231,Kentucky,Wayne,2022,19669.0,9.0,44.0,45.76,223.7
21,233,21233,Kentucky,Webster,2022,12728.0,1.0,35.0,7.86,274.98
21,235,21235,Kentucky,Whitley,2022,36953.0,9.0,66.0,24.36,178.61
21,237,21237,Kentucky,Wolfe,2022,6415.0,0.0,18.0,0.0,280.59
22,001,22001,Louisiana,Acadia,2022,56961.0,123.0,484.0,215.94,849.7
22,005,22005,Louisiana,Ascension,2022,130638.0,385.0,1901.0,294.71,1455.17
22,015,22015,Louisiana,Bossier,2022,129355.0,158.0,425.0,122.14,328.55
22,017,22017,Louisiana,Caddo,2022,229272.0,35.0,546.0,15.27,238.15
22,019,22019,Louisiana,Calcasieu,2022,202821.0,804.0,4005.0,396.41,1974.65
22,031,22031,Louisiana,De Soto,2022,26869.0,34.0,210.0,126.54,781.57
22,033,22033,Louisiana,East Baton Rouge,2022,451837.0,657.0,5637.0,145.41,1247.57
22,037,22037,Louisiana,East Feliciana,2022,19169.0,29.0,125.0,151.29,652.09
22,043,22043,Louisiana,Grant,2022,22047.0,57.0,231.0,258.54,1047.76
22,047,22047,Louisiana,Iberville,2022,29708.0,64.0,232.0,215.43,780.93
22,051,22051,Louisiana,Jefferson,2022,430086.0,1357.0,8737.0,315.52,2031.45
22,055,22055,Louisiana,Lafayette,2022,248406.0,267.0,991.0,107.49,398.94
22,057,22057,Louisiana,Lafourche,2022,95738.0,250.0,1455.0,261.13,1519.77
22,063,22063,Louisiana,Livingston,2022,148332.0,511.0,2339.0,344.5,1576.87
22,067,22067,Louisiana,Morehouse,2022,24466.0,98.0,307.0,400.56,1254.8
22,073,22073,Louisiana,Ouachita,2022,157979.0,745.0,2519.0,471.58,1594.52
22,075,22075,Louisiana,Plaquemines,2022,22659.0,75.0,109.0,330.99,481.05
22,079,22079,Louisiana,Rapides,2022,127018.0,405.0,1475.0,318.85,1161.25
22,087,22087,Louisiana,St. Bernard,2022,44688.0,204.0,862.0,456.5,1928.93
22,089,22089,Louisiana,St. Charles,2022,51089.0,163.0,669.0,319.05,1309.48
22,091,22091,Louisiana,St. Helena,2022,10789.0,96.0,151.0,889.8,1399.57
22,093,22093,Louisiana,St. James,2022,19395.0,72.0,240.0,371.23,1237.43
22,095,22095,Louisiana,St. John the Baptist,2022,40028.0,123.0,747.0,307.28,1866.19
22,099,22099,Louisiana,St. Martin,2022,51307.0,175.0,597.0,341.08,1163.58
22,103,22103,Louisiana,St. Tammany,2022,273650.0,250.0,1302.0,91.36,475.79
22,105,22105,Louisiana,Tangipahoa,2022,136814.0,586.0,1609.0,428.32,1176.05
22,109,22109,Louisiana,Terrebonne,2022,104798.0,307.0,2038.0,292.94,1944.69
22,113,22113,Louisiana,Vermilion,2022,56975.0,86.0,349.0,150.94,612.55
22,121,22121,Louisiana,West Baton Rouge,2022,28103.0,74.0,447.0,263.32,1590.58
22,003,22003,Louisiana,Allen,2022,22425.0,24.0,95.0,107.02,423.63
22,011,22011,Louisiana,Beauregard,2022,36600.0,85.0,234.0,232.24,639.34
22,013,22013,Louisiana,Bienville,2022,12623.0,42.0,136.0,332.73,1077.4
22,021,22021,Louisiana,Caldwell,2022,9506.0,80.0,92.0,841.57,967.81
22,025,22025,Louisiana,Catahoula,2022,8645.0,35.0,70.0,404.86,809.72
22,027,22027,Louisiana,Claiborne,2022,13820.0,22.0,34.0,159.19,246.02
22,029,22029,Louisiana,Concordia,2022,18189.0,83.0,123.0,456.32,676.23
22,035,22035,Louisiana,East Carroll,2022,6972.0,45.0,28.0,645.44,401.61
22,039,22039,Louisiana,Evangeline,2022,32291.0,78.0,340.0,241.55,1052.92
22,041,22041,Louisiana,Franklin,2022,19340.0,94.0,291.0,486.04,1504.65
22,053,22053,Louisiana,Jefferson Davis,2022,32012.0,45.0,202.0,140.57,631.01
22,059,22059,Louisiana,La Salle,2022,,15.0,21.0,,
22,061,22061,Louisiana,Lincoln,2022,48050.0,55.0,169.0,114.46,351.72
22,097,22097,Louisiana,St. Landry,2022,81661.0,143.0,611.0,175.11,748.22
22,101,22101,Louisiana,St. Mary,2022,47900.0,90.0,393.0,187.89,820.46
22,107,22107,Louisiana,Tensas,2022,3848.0,19.0,23.0,493.76,597.71
22,117,22117,Louisiana,Washington,2022,45020.0,172.0,332.0,382.05,737.45
22,119,22119,Louisiana,Webster,2022,35636.0,54.0,192.0,151.53,538.78
22,123,22123,Louisiana,West Carroll,2022,9485.0,5.0,43.0,52.71,453.35
22,127,22127,Louisiana,Winn,2022,13626.0,23.0,37.0,168.79,271.54
23,001,23001,Maine,Androscoggin,2022,113437.0,23.0,144.0,20.28,126.94
23,005,23005,Maine,Cumberland,2022,309532.0,31.0,303.0,10.02,97.89
23,019,23019,Maine,Penobscot,2022,154948.0,13.0,332.0,8.39,214.27
23,023,23023,Maine,Sagadahoc,2022,37423.0,8.0,42.0,21.38,112.23
23,031,23031,Maine,York,2022,217376.0,29.0,194.0,13.34,89.25
23,003,23003,Maine,Aroostook,2022,67295.0,16.0,104.0,23.78,154.54
23,007,23007,Maine,Franklin,2022,30574.0,4.0,81.0,13.08,264.93
23,009,23009,Maine,Hancock,2022,56636.0,14.0,110.0,24.72,194.22
23,011,23011,Maine,Kennebec,2022,127182.0,33.0,254.0,25.95,199.71
23,013,23013,Maine,Knox,2022,41291.0,10.0,137.0,24.22,331.79
23,015,23015,Maine,Lincoln,2022,36248.0,25.0,81.0,68.97,223.46
23,017,23017,Maine,Oxford,2022,59534.0,12.0,197.0,20.16,330.9
23,021,23021,Maine,Piscataquis,2022,17379.0,3.0,75.0,17.26,431.56
23,025,23025,Maine,Somerset,2022,51052.0,21.0,313.0,41.13,613.1
23,027,23027,Maine,Waldo,2022,40196.0,3.0,52.0,7.46,129.37
23,029,23029,Maine,Washington,2022,31482.0,20.0,79.0,63.53,250.94
,,,Maine,Allegany,2022,,22.0,76.0,,
,,,Maine,Baltimore County,2022,,0.0,0.0,,
,,,Maine,Baltimore County Police Department,2022,,3008.0,16471.0,,
,,,Maine,Calvert,2022,,102.0,477.0,,
,,,Maine,Cecil,2022,,80.0,416.0,,
,,,Maine,Charles,2022,,486.0,1705.0,,
,,,Maine,Frederick,2022,,241.0,1162.0,,
,,,Maine,Howard County Police Department,2022,,460.0,4114.0,,
,,,Maine,Montgomery County Police Department,2022,,1494.0,13056.0,,
,,,Maine,Prince George's County Police Department,2022,,2611.0,13684.0,,
23,025,23025,Maine,Somerset,2022,51052.0,7.0,35.0,13.71,68.56
,,,Maine,St. Mary's,2022,,277.0,1127.0,,
23,029,23029,Maine,Washington,2022,31482.0,205.0,846.0,651.17,2687.25
,,,Maine,Dorchester,2022,,16.0,99.0,,
,,,Maine,Garrett,2022,,8.0,137.0,,
,,,Maine,Kent,2022,,15.0,55.0,,
,,,Maine,Talbot,2022,,25.0,79.0,,
26,017,26017,Michigan,Bay,2022,102736.0,62.0,401.0,60.35,390.32
26,021,26021,Michigan,Berrien,2022,152991.0,125.0,686.0,81.7,448.39
26,025,26025,Michigan,Calhoun,2022,133439.0,132.0,670.0,98.92,502.1
26,027,26027,Michigan,Cass,2022,51422.0,63.0,431.0,122.52,838.16
26,037,26037,Michigan,Clinton,2022,79692.0,20.0,134.0,25.1,168.15
26,045,26045,Michigan,Eaton,2022,108864.0,132.0,756.0,121.25,694.44
26,049,26049,Michigan,Genesee,2022,401952.0,113.0,426.0,28.11,105.98
26,065,26065,Michigan,Ingham,2022,284388.0,140.0,531.0,49.23,186.72
26,075,26075,Michigan,Jackson,2022,159780.0,166.0,494.0,103.89,309.18
26,077,26077,Michigan,Kalamazoo,2022,261121.0,313.0,2205.0,119.87,844.44
26,081,26081,Michigan,Kent,2022,659818.0,521.0,3021.0,78.96,457.85
26,087,26087,Michigan,Lapeer,2022,88705.0,65.0,174.0,73.28,196.16
26,093,26093,Michigan,Livingston,2022,196097.0,64.0,371.0,32.64,189.19
26,099,26099,Michigan,Macomb,2022,875065.0,197.0,902.0,22.51,103.08
26,111,26111,Michigan,Midland,2022,83721.0,40.0,218.0,47.78,260.39
26,117,26117,Michigan,Montcalm,2022,67287.0,85.0,265.0,126.32,393.84
26,125,26125,Michigan,Oakland,2022,1272787.0,16.0,23.0,1.26,1.81
26,139,26139,Michigan,Ottawa,2022,300837.0,598.0,1953.0,198.78,649.19
26,145,26145,Michigan,Saginaw,2022,188392.0,116.0,354.0,61.57,187.91
26,147,26147,Michigan,St. Clair,2022,159886.0,164.0,538.0,102.57,336.49
26,161,26161,Michigan,Washtenaw,2022,367307.0,693.0,1248.0,188.67,339.77
26,163,26163,Michigan,Wayne,2022,1761595.0,10.0,0.0,0.57,0.0
26,001,26001,Michigan,Alcona,2022,10382.0,13.0,67.0,125.22,645.35
26,003,26003,Michigan,Alger,2022,8782.0,1.0,19.0,11.39,216.35
26,005,26005,Michigan,Allegan,2022,121299.0,103.0,571.0,84.91,470.74
26,007,26007,Michigan,Alpena,2022,28827.0,5.0,24.0,17.34,83.26
26,009,26009,Michigan,Antrim,2022,24285.0,41.0,105.0,168.83,432.37
26,011,26011,Michigan,Arenac,2022,15100.0,31.0,92.0,205.3,609.27
26,013,26013,Michigan,Baraga,2022,8184.0,3.0,16.0,36.66,195.5
26,019,26019,Michigan,Benzie,2022,18340.0,13.0,91.0,70.88,496.18
26,023,26023,Michigan,Branch,2022,44613.0,23.0,174.0,51.55,390.02
26,029,26029,Michigan,Charlevoix,2022,26121.0,23.0,58.0,88.05,222.04
26,031,26031,Michigan,Cheboygan,2022,25927.0,26.0,31.0,100.28,119.57
26,033,26033,Michigan,Chippewa,2022,36204.0,12.0,16.0,33.15,44.19
26,035,26035,Michigan,Clare,2022,31307.0,41.0,95.0,130.96,303.45
26,039,26039,Michigan,Crawford,2022,13439.0,29.0,57.0,215.79,424.14
26,041,26041,Michigan,Delta,2022,36814.0,4.0,39.0,10.87,105.94
26,047,26047,Michigan,Emmet,2022,34195.0,60.0,79.0,175.46,231.03
26,051,26051,Michigan,Gladwin,2022,25653.0,37.0,130.0,144.23,506.76
26,053,26053,Michigan,Gogebic,2022,14404.0,9.0,8.0,62.48,55.54
26,055,26055,Michigan,Grand Traverse,2022,96330.0,180.0,419.0,186.86,434.96
26,057,26057,Michigan,Gratiot,2022,41130.0,34.0,293.0,82.66,712.38
26,059,26059,Michigan,Hillsdale,2022,45732.0,67.0,204.0,146.51,446.08
26,061,26061,Michigan,Houghton,2022,37728.0,18.0,55.0,47.71,145.78
26,063,26063,Michigan,Huron,2022,31153.0,17.0,85.0,54.57,272.85
26,069,26069,Michigan,Iosco,2022,25451.0,0.0,0.0,0.0,0.0
26,073,26073,Michigan,Isabella,2022,64486.0,74.0,411.0,114.75,637.35
26,079,26079,Michigan,Kalkaska,2022,18214.0,69.0,128.0,378.83,702.76
26,083,26083,Michigan,Keweenaw,2022,2150.0,1.0,10.0,46.51,465.12
26,089,26089,Michigan,Leelanau,2022,22893.0,22.0,62.0,96.1,270.83
26,091,26091,Michigan,Lenawee,2022,98296.0,52.0,216.0,52.9,219.74
26,095,26095,Michigan,Luce,2022,6257.0,16.0,48.0,255.71,767.14
26,097,26097,Michigan,Mackinac,2022,10981.0,6.0,58.0,54.64,528.19
26,101,26101,Michigan,Manistee,2022,25331.0,23.0,123.0,90.8,485.57
26,103,26103,Michigan,Marquette,2022,67062.0,8.0,102.0,11.93,152.1
26,105,26105,Michigan,Mason,2022,29341.0,32.0,101.0,109.06,344.23
26,113,26113,Michigan,Missaukee,2022,15223.0,26.0,93.0,170.79,610.92
26,119,26119,Michigan,Montmorency,2022,9562.0,17.0,27.0,177.79,282.37
26,127,26127,Michigan,Oceana,2022,26933.0,48.0,209.0,178.22,776.0
26,129,26129,Michigan,Ogemaw,2022,20884.0,29.0,142.0,138.86,679.95
26,131,26131,Michigan,Ontonagon,2022,5889.0,1.0,10.0,16.98,169.81
26,135,26135,Michigan,Oscoda,2022,8389.0,16.0,48.0,190.73,572.18
26,137,26137,Michigan,Otsego,2022,25582.0,5.0,8.0,19.54,31.27
26,141,26141,Michigan,Presque Isle,2022,13351.0,10.0,13.0,74.9,97.37
26,143,26143,Michigan,Roscommon,2022,23730.0,37.0,99.0,155.92,417.19
26,151,26151,Michigan,Sanilac,2022,40506.0,34.0,113.0,83.94,278.97
26,153,26153,Michigan,Schoolcraft,2022,8166.0,1.0,2.0,12.25,24.49
26,149,26149,Michigan,St. Joseph,2022,60777.0,88.0,245.0,144.79,403.11
26,157,26157,Michigan,Tuscola,2022,52933.0,49.0,185.0,92.57,349.5
27,003,27003,Minnesota,Anoka,2022,369468.0,48.0,599.0,12.99,162.13
27,009,27009,Minnesota,Benton,2022,41533.0,11.0,107.0,26.48,257.63
27,013,27013,Minnesota,Blue Earth,2022,70108.0,19.0,102.0,27.1,145.49
27,017,27017,Minnesota,Carlton,2022,36738.0,26.0,135.0,70.77,367.47
27,019,27019,Minnesota,Carver,2022,110174.0,44.0,445.0,39.94,403.91
27,025,27025,Minnesota,Chisago,2022,57998.0,29.0,195.0,50.0,336.22
27,027,27027,Minnesota,Clay,2022,66133.0,4.0,30.0,6.05,45.36
27,037,27037,Minnesota,Dakota,2022,444023.0,27.0,28.0,6.08,6.31
27,039,27039,Minnesota,Dodge,2022,21044.0,5.0,42.0,23.76,199.58
27,045,27045,Minnesota,Fillmore,2022,21467.0,8.0,53.0,37.27,246.89
27,053,27053,Minnesota,Hennepin,2022,1262045.0,30.0,18.0,2.38,1.43
27,055,27055,Minnesota,Houston,2022,18740.0,5.0,28.0,26.68,149.41
27,059,27059,Minnesota,Isanti,2022,42709.0,18.0,187.0,42.15,437.85
27,075,27075,Minnesota,Lake,2022,10933.0,7.0,23.0,64.03,210.37
27,079,27079,Minnesota,Le Sueur,2022,29175.0,10.0,77.0,34.28,263.92
27,095,27095,Minnesota,Mille Lacs,2022,27287.0,33.0,197.0,120.94,721.96
27,103,27103,Minnesota,Nicollet,2022,34500.0,1.0,43.0,2.9,124.64
27,109,27109,Minnesota,Olmsted,2022,163908.0,30.0,240.0,18.3,146.42
27,119,27119,Minnesota,Polk,2022,30815.0,23.0,83.0,74.64,269.35
27,123,27123,Minnesota,Ramsey,2022,538375.0,193.0,1440.0,35.85,267.47
27,139,27139,Minnesota,Scott,2022,154819.0,10.0,90.0,6.46,58.13
27,141,27141,Minnesota,Sherburne,2022,100972.0,31.0,218.0,30.7,215.9
27,145,27145,Minnesota,Stearns,2022,160119.0,33.0,169.0,20.61,105.55
27,137,27137,Minnesota,St. Louis,2022,200567.0,92.0,502.0,45.87,250.29
27,157,27157,Minnesota,Wabasha,2022,21650.0,4.0,26.0,18.48,120.09
27,163,27163,Minnesota,Washington,2022,276249.0,84.0,562.0,30.41,203.44
27,171,27171,Minnesota,Wright,2022,148220.0,77.0,527.0,51.95,355.55
27,001,27001,Minnesota,Aitkin,2022,16148.0,22.0,201.0,136.24,1244.74
27,005,27005,Minnesota,Becker,2022,35355.0,47.0,108.0,132.94,305.47
27,007,27007,Minnesota,Beltrami,2022,46687.0,52.0,203.0,111.38,434.81
27,011,27011,Minnesota,Big Stone,2022,5144.0,8.0,32.0,155.52,622.08
27,015,27015,Minnesota,Brown,2022,25703.0,1.0,17.0,3.89,66.14
27,021,27021,Minnesota,Cass,2022,31246.0,48.0,111.0,153.62,355.25
27,023,27023,Minnesota,Chippewa,2022,12358.0,0.0,1.0,0.0,8.09
27,029,27029,Minnesota,Clearwater,2022,8638.0,9.0,7.0,104.19,81.04
27,031,27031,Minnesota,Cook,2022,5718.0,15.0,61.0,262.33,1066.81
27,033,27033,Minnesota,Cottonwood,2022,11409.0,2.0,15.0,17.53,131.48
27,035,27035,Minnesota,Crow Wing,2022,67877.0,27.0,152.0,39.78,223.93
27,041,27041,Minnesota,Douglas,2022,39662.0,6.0,32.0,15.13,80.68
27,043,27043,Minnesota,Faribault,2022,13959.0,3.0,20.0,21.49,143.28
27,047,27047,Minnesota,Freeborn,2022,30696.0,10.0,82.0,32.58,267.14
27,049,27049,Minnesota,Goodhue,2022,48103.0,13.0,178.0,27.03,370.04
27,051,27051,Minnesota,Grant,2022,6147.0,3.0,1.0,48.8,16.27
27,057,27057,Minnesota,Hubbard,2022,21919.0,28.0,111.0,127.74,506.41
27,061,27061,Minnesota,Itasca,2022,45296.0,50.0,111.0,110.39,245.05
27,063,27063,Minnesota,Jackson,2022,9900.0,5.0,20.0,50.51,202.02
27,065,27065,Minnesota,Kanabec,2022,16465.0,17.0,84.0,103.25,510.17
27,067,27067,Minnesota,Kandiyohi,2022,44016.0,36.0,149.0,81.79,338.51
27,069,27069,Minnesota,Kittson,2022,4054.0,2.0,9.0,49.33,222.0
27,071,27071,Minnesota,Koochiching,2022,11847.0,18.0,28.0,151.94,236.35
27,073,27073,Minnesota,Lac qui Parle,2022,6676.0,1.0,4.0,14.98,59.92
27,081,27081,Minnesota,Lincoln,2022,5606.0,1.0,4.0,17.84,71.35
27,083,27083,Minnesota,Lyon,2022,25521.0,8.0,31.0,31.35,121.47
27,087,27087,Minnesota,Mahnomen,2022,5320.0,26.0,56.0,488.72,1052.63
27,089,27089,Minnesota,Marshall,2022,8873.0,18.0,13.0,202.86,146.51
27,091,27091,Minnesota,Martin,2022,19696.0,2.0,5.0,10.15,25.39
27,085,27085,Minnesota,McLeod,2022,36776.0,19.0,41.0,51.66,111.49
27,093,27093,Minnesota,Meeker,2022,23545.0,18.0,114.0,76.45,484.18
27,097,27097,Minnesota,Morrison,2022,34278.0,22.0,219.0,64.18,638.89
27,099,27099,Minnesota,Mower,2022,40094.0,17.0,99.0,42.4,246.92
27,101,27101,Minnesota,Murray,2022,8061.0,3.0,9.0,37.22,111.65
27,105,27105,Minnesota,Nobles,2022,22106.0,15.0,18.0,67.85,81.43
27,107,27107,Minnesota,Norman,2022,6356.0,2.0,13.0,31.47,204.53
27,111,27111,Minnesota,Otter Tail,2022,60594.0,16.0,77.0,26.41,127.08
27,113,27113,Minnesota,Pennington,2022,13826.0,5.0,47.0,36.16,339.94
27,115,27115,Minnesota,Pine,2022,29793.0,78.0,352.0,261.81,1181.49
27,117,27117,Minnesota,Pipestone,2022,9334.0,4.0,20.0,42.85,214.27
27,121,27121,Minnesota,Pope,2022,11421.0,4.0,25.0,35.02,218.9
27,125,27125,Minnesota,Red Lake,2022,3883.0,4.0,4.0,103.01,103.01
27,127,27127,Minnesota,Redwood,2022,15365.0,9.0,39.0,58.57,253.82
27,129,27129,Minnesota,Renville,2022,14537.0,12.0,92.0,82.55,632.87
27,131,27131,Minnesota,Rice,2022,67991.0,17.0,111.0,25.0,163.26
27,133,27133,Minnesota,Rock,2022,9603.0,4.0,42.0,41.65,437.36
27,135,27135,Minnesota,Roseau,2022,15347.0,15.0,35.0,97.74,228.06
27,143,27143,Minnesota,Sibley,2022,14986.0,5.0,13.0,33.36,86.75
27,147,27147,Minnesota,Steele,2022,37471.0,16.0,64.0,42.7,170.8
27,149,27149,Minnesota,Stevens,2022,9777.0,6.0,42.0,61.37,429.58
27,151,27151,Minnesota,Swift,2022,9760.0,1.0,2.0,10.25,20.49
27,153,27153,Minnesota,Todd,2022,25571.0,29.0,111.0,113.41,434.09
27,155,27155,Minnesota,Traverse,2022,3260.0,4.0,8.0,122.7,245.4
27,159,27159,Minnesota,Wadena,2022,14270.0,0.0,2.0,0.0,14.02
27,161,27161,Minnesota,Waseca,2022,18967.0,10.0,47.0,52.72,247.8
27,165,27165,Minnesota,Watonwan,2022,11243.0,7.0,27.0,62.26,240.15
27,167,27167,Minnesota,Wilkin,2022,6361.0,2.0,10.0,31.44,157.21
27,169,27169,Minnesota,Winona,2022,49798.0,9.0,72.0,18.07,144.58
27,173,27173,Minnesota,Yellow Medicine,2022,9485.0,4.0,26.0,42.17,274.12
28,031,28031,Mississippi,Covington,2022,18130.0,10.0,135.0,55.16,744.62
28,033,28033,Mississippi,DeSoto,2022,191551.0,43.0,215.0,22.45,112.24
28,035,28035,Mississippi,Forrest,2022,78240.0,58.0,308.0,74.13,393.66
28,045,28045,Mississippi,Hancock,2022,46040.0,32.0,492.0,69.5,1068.64
28,047,28047,Mississippi,Harrison,2022,210909.0,66.0,849.0,31.29,402.54
28,073,28073,Mississippi,Lamar,2022,65812.0,60.0,500.0,91.17,759.74
28,089,28089,Mississippi,Madison,2022,111692.0,84.0,175.0,75.21,156.68
28,131,28131,Mississippi,Stone,2022,18836.0,28.0,184.0,148.65,976.85
28,137,28137,Mississippi,Tate,2022,28366.0,28.0,125.0,98.71,440.67
28,143,28143,Mississippi,Tunica,2022,9464.0,65.0,454.0,686.81,4797.13
28,003,28003,Mississippi,Alcorn,2022,34095.0,11.0,245.0,32.26,718.58
28,005,28005,Mississippi,Amite,2022,12564.0,17.0,31.0,135.31,246.74
28,007,28007,Mississippi,Attala,2022,17535.0,18.0,72.0,102.65,410.61
28,011,28011,Mississippi,Bolivar,2022,29429.0,60.0,245.0,203.88,832.51
28,013,28013,Mississippi,Calhoun,2022,12915.0,21.0,26.0,162.6,201.32
28,017,28017,Mississippi,Chickasaw,2022,16867.0,7.0,10.0,41.5,59.29
28,019,28019,Mississippi,Choctaw,2022,8083.0,10.0,45.0,123.72,556.72
28,021,28021,Mississippi,Claiborne,2022,8576.0,18.0,17.0,209.89,198.23
28,025,28025,Mississippi,Clay,2022,18340.0,18.0,44.0,98.15,239.91
28,027,28027,Mississippi,Coahoma,2022,20347.0,9.0,16.0,44.23,78.64
28,039,28039,Mississippi,George,2022,25208.0,60.0,368.0,238.02,1459.85
28,041,28041,Mississippi,Greene,2022,13587.0,13.0,35.0,95.68,257.6
28,043,28043,Mississippi,Grenada,2022,21142.0,56.0,211.0,264.88,998.01
28,061,28061,Mississippi,Jasper,2022,16036.0,27.0,66.0,168.37,411.57
28,069,28069,Mississippi,Kemper,2022,8690.0,15.0,23.0,172.61,264.67
28,071,28071,Mississippi,Lafayette,2022,58684.0,19.0,157.0,32.38,267.53
28,079,28079,Mississippi,Leake,2022,21260.0,33.0,132.0,155.22,620.88
28,081,28081,Mississippi,Lee,2022,82959.0,74.0,503.0,89.2,606.32
28,085,28085,Mississippi,Lincoln,2022,34810.0,33.0,219.0,94.8,629.13
28,087,28087,Mississippi,Lowndes,2022,57685.0,76.0,373.0,131.75,646.62
28,091,28091,Mississippi,Marion,2022,24150.0,67.0,116.0,277.43,480.33
28,095,28095,Mississippi,Monroe,2022,33569.0,35.0,118.0,104.26,351.51
28,099,28099,Mississippi,Neshoba,2022,28805.0,39.0,112.0,135.39,388.82
28,103,28103,Mississippi,Noxubee,2022,10020.0,19.0,34.0,189.62,339.32
28,105,28105,Mississippi,Oktibbeha,2022,51567.0,63.0,321.0,122.17,622.49
28,113,28113,Mississippi,Pike,2022,39599.0,95.0,298.0,239.91,752.54
28,115,28115,Mississippi,Pontotoc,2022,31455.0,61.0,203.0,193.93,645.37
28,117,28117,Mississippi,Prentiss,2022,25051.0,23.0,138.0,91.81,550.88
28,129,28129,Mississippi,Smith,2022,14095.0,5.0,46.0,35.47,326.36
28,133,28133,Mississippi,Sunflower,2022,24310.0,16.0,93.0,65.82,382.56
28,135,28135,Mississippi,Tallahatchie,2022,11730.0,36.0,119.0,306.91,1014.49
28,141,28141,Mississippi,Tishomingo,2022,18624.0,22.0,94.0,118.13,504.73
28,145,28145,Mississippi,Union,2022,28123.0,50.0,146.0,177.79,519.15
28,147,28147,Mississippi,Walthall,2022,13806.0,24.0,93.0,173.84,673.62
28,153,28153,Mississippi,Wayne,2022,19607.0,25.0,96.0,127.51,489.62
28,159,28159,Mississippi,Winston,2022,17528.0,28.0,67.0,159.74,382.25
29,003,29003,Missouri,Andrew,2022,18026.0,24.0,93.0,133.14,515.92
29,013,29013,Missouri,Bates,2022,16147.0,60.0,117.0,371.59,724.59
29,017,29017,Missouri,Bollinger,2022,10508.0,55.0,42.0,523.41,399.7
29,019,29019,Missouri,Boone,2022,187514.0,120.0,611.0,64.0,325.84
29,021,29021,Missouri,Buchanan,2022,83011.0,19.0,148.0,22.89,178.29
29,025,29025,Missouri,Caldwell,2022,8945.0,4.0,19.0,44.72,212.41
29,027,29027,Missouri,Callaway,2022,44742.0,69.0,285.0,154.22,636.99
29,031,29031,Missouri,Cape Girardeau,2022,82877.0,56.0,156.0,67.57,188.23
29,047,29047,Missouri,Clay,2022,257034.0,35.0,126.0,13.62,49.02
29,049,29049,Missouri,Clinton,2022,21328.0,12.0,75.0,56.26,351.65
29,051,29051,Missouri,Cole,2022,76952.0,49.0,200.0,63.68,259.9
29,059,29059,Missouri,Dallas,2022,17602.0,35.0,81.0,198.84,460.17
29,063,29063,Missouri,DeKalb,2022,11299.0,15.0,46.0,132.76,407.12
29,071,29071,Missouri,Franklin,2022,105854.0,32.0,292.0,30.23,275.85
29,077,29077,Missouri,Greene,2022,303279.0,117.0,758.0,38.58,249.93
29,089,29089,Missouri,Howard,2022,10160.0,22.0,32.0,216.54,314.96
29,095,29095,Missouri,Jackson,2022,717037.0,118.0,387.0,16.46,53.97
29,097,29097,Missouri,Jasper,2022,123971.0,62.0,499.0,50.01,402.51
29,099,29099,Missouri,Jefferson,2022,229270.0,469.0,1930.0,204.56,841.8
29,107,29107,Missouri,Lafayette,2022,32944.0,2.0,68.0,6.07,206.41
29,113,29113,Missouri,Lincoln,2022,63156.0,125.0,265.0,197.92,419.6
29,145,29145,Missouri,Newton,2022,60079.0,98.0,572.0,163.12,952.08
29,151,29151,Missouri,Osage,2022,13389.0,7.0,81.0,52.28,604.97
29,165,29165,Missouri,Platte,2022,110567.0,58.0,283.0,52.46,255.95
29,167,29167,Missouri,Polk,2022,32665.0,44.0,205.0,134.7,627.58
29,177,29177,Missouri,Ray,2022,23108.0,92.0,123.0,398.13,532.28
29,183,29183,Missouri,St. Charles,2022,413991.0,0.0,0.0,0.0,0.0
,,,Missouri,St. Charles County Police Department,2022,413991.0,101.0,297.0,24.4,71.74
,,,Missouri,St. Louis County Police Department,2022,991719.0,1808.0,8679.0,182.31,875.15
,,,Missouri,St. Louis County Police Department,2022,286509.0,1808.0,8679.0,631.04,3029.22
29,219,29219,Missouri,Warren,2022,37314.0,23.0,141.0,61.64,377.87
29,225,29225,Missouri,Webster,2022,40367.0,152.0,115.0,376.55,284.89
29,007,29007,Missouri,Audrain,2022,24468.0,32.0,82.0,130.78,335.13
29,009,29009,Missouri,Barry,2022,34968.0,29.0,185.0,82.93,529.06
29,011,29011,Missouri,Barton,2022,11693.0,21.0,80.0,179.59,684.17
29,015,29015,Missouri,Benton,2022,20239.0,26.0,132.0,128.46,652.21
29,023,29023,Missouri,Butler,2022,42133.0,71.0,496.0,168.51,1177.22
29,029,29029,Missouri,Camden,2022,43799.0,71.0,195.0,162.1,445.22
29,035,29035,Missouri,Carter,2022,5264.0,27.0,26.0,512.92,493.92
29,039,29039,Missouri,Cedar,2022,14607.0,50.0,73.0,342.3,499.76
29,041,29041,Missouri,Chariton,2022,7387.0,25.0,44.0,338.43,595.64
29,045,29045,Missouri,Clark,2022,6728.0,2.0,67.0,29.73,995.84
29,055,29055,Missouri,Crawford,2022,22609.0,31.0,97.0,137.11,429.03
29,057,29057,Missouri,Dade,2022,7682.0,41.0,97.0,533.72,1262.69
29,061,29061,Missouri,Daviess,2022,8457.0,27.0,61.0,319.26,721.3
29,065,29065,Missouri,Dent,2022,14470.0,20.0,55.0,138.22,380.1
29,067,29067,Missouri,Douglas,2022,11966.0,20.0,43.0,167.14,359.35
29,069,29069,Missouri,Dunklin,2022,27460.0,3.0,45.0,10.92,163.87
29,083,29083,Missouri,Henry,2022,22389.0,105.0,256.0,468.98,1143.42
29,085,29085,Missouri,Hickory,2022,8611.0,16.0,46.0,185.81,534.2
29,087,29087,Missouri,Holt,2022,4256.0,10.0,23.0,234.96,540.41
29,091,29091,Missouri,Howell,2022,40604.0,45.0,185.0,110.83,455.62
29,093,29093,Missouri,Iron,2022,9411.0,16.0,16.0,170.01,170.01
29,101,29101,Missouri,Johnson,2022,54406.0,31.0,216.0,56.98,397.02
29,105,29105,Missouri,Laclede,2022,36320.0,19.0,212.0,52.31,583.7
29,109,29109,Missouri,Lawrence,2022,38671.0,31.0,219.0,80.16,566.32
29,111,29111,Missouri,Lewis,2022,9891.0,1.0,11.0,10.11,111.21
29,115,29115,Missouri,Linn,2022,11840.0,14.0,12.0,118.24,101.35
29,117,29117,Missouri,Livingston,2022,14494.0,10.0,32.0,68.99,220.78
29,121,29121,Missouri,Macon,2022,15082.0,9.0,65.0,59.67,430.98
29,123,29123,Missouri,Madison,2022,12752.0,6.0,19.0,47.05,149.0
29,125,29125,Missouri,Maries,2022,8441.0,26.0,139.0,308.02,1646.72
29,127,29127,Missouri,Marion,2022,28472.0,0.0,44.0,0.0,154.54
29,119,29119,Missouri,McDonald,2022,23600.0,153.0,225.0,648.31,953.39
29,129,29129,Missouri,Mercer,2022,3471.0,1.0,7.0,28.81,201.67
29,131,29131,Missouri,Miller,2022,25373.0,69.0,153.0,271.94,603.0
29,133,29133,Missouri,Mississippi,2022,11696.0,13.0,99.0,111.15,846.44
29,137,29137,Missouri,Monroe,2022,8644.0,47.0,46.0,543.73,532.16
29,139,29139,Missouri,Montgomery,2022,11471.0,13.0,55.0,113.33,479.47
29,143,29143,Missouri,New Madrid,2022,15691.0,38.0,132.0,242.18,841.25
29,147,29147,Missouri,Nodaway,2022,20730.0,15.0,53.0,72.36,255.67
29,149,29149,Missouri,Oregon,2022,8694.0,12.0,24.0,138.03,276.05
29,153,29153,Missouri,Ozark,2022,8974.0,28.0,43.0,312.01,479.16
29,155,29155,Missouri,Pemiscot,2022,14864.0,10.0,78.0,67.28,524.76
29,157,29157,Missouri,Perry,2022,18885.0,22.0,28.0,116.49,148.27
29,159,29159,Missouri,Pettis,2022,43376.0,8.0,27.0,18.44,62.25
29,161,29161,Missouri,Phelps,2022,45196.0,35.0,202.0,77.44,446.94
29,163,29163,Missouri,Pike,2022,17644.0,20.0,84.0,113.35,476.08
29,173,29173,Missouri,Ralls,2022,10416.0,5.0,36.0,48.0,345.62
29,175,29175,Missouri,Randolph,2022,24624.0,44.0,28.0,178.69,113.71
29,179,29179,Missouri,Reynolds,2022,5991.0,5.0,3.0,83.46,50.08
29,181,29181,Missouri,Ripley,2022,10695.0,4.0,72.0,37.4,673.21
29,195,29195,Missouri,Saline,2022,23004.0,108.0,105.0,469.48,456.44
29,197,29197,Missouri,Schuyler,2022,4011.0,6.0,60.0,149.59,1495.89
29,203,29203,Missouri,Shannon,2022,7219.0,17.0,37.0,235.49,512.54
29,205,29205,Missouri,Shelby,2022,5998.0,0.0,6.0,0.0,100.03
29,185,29185,Missouri,St. Clair,2022,9584.0,8.0,35.0,83.47,365.19
29,186,29186,Missouri,Ste. Genevieve,2022,18613.0,63.0,97.0,338.47,521.14
29,187,29187,Missouri,St. Francois,2022,66916.0,55.0,351.0,82.19,524.54
29,207,29207,Missouri,Stoddard,2022,28370.0,41.0,165.0,144.52,581.6
29,209,29209,Missouri,Stone,2022,32144.0,42.0,376.0,130.66,1169.74
29,213,29213,Missouri,Taney,2022,56748.0,60.0,194.0,105.73,341.86
29,215,29215,Missouri,Texas,2022,25284.0,53.0,95.0,209.62,375.73
29,217,29217,Missouri,Vernon,2022,19582.0,29.0,114.0,148.1,582.17
29,221,29221,Missouri,Washington,2022,23386.0,45.0,85.0,192.42,363.47
29,223,29223,Missouri,Wayne,2022,10805.0,60.0,111.0,555.3,1027.3
29,229,29229,Missouri,Wright,2022,19103.0,37.0,51.0,193.69,266.97
30,009,30009,Montana,Carbon,2022,11237.0,4.0,6.0,35.6,53.4
30,013,30013,Montana,Cascade,2022,84908.0,56.0,200.0,65.95,235.55
30,063,30063,Montana,Missoula,2022,120859.0,128.0,369.0,105.91,305.31
30,095,30095,Montana,Stillwater,2022,9186.0,27.0,38.0,293.93,413.67
30,111,30111,Montana,Yellowstone,2022,169743.0,128.0,622.0,75.41,366.44
30,003,30003,Montana,Big Horn,2022,12873.0,35.0,131.0,271.89,1017.63
30,007,30007,Montana,Broadwater,2022,7794.0,20.0,31.0,256.61,397.74
30,093,30093,Montana,Butte-Silver Bow,2022,35822.0,117.0,1569.0,326.61,4379.99
30,011,30011,Montana,Carter,2022,1400.0,0.0,0.0,0.0,0.0
30,015,30015,Montana,Chouteau,2022,5913.0,3.0,0.0,50.74,0.0
30,017,30017,Montana,Custer,2022,11997.0,12.0,21.0,100.03,175.04
30,021,30021,Montana,Dawson,2022,8796.0,10.0,26.0,113.69,295.59
30,023,30023,Montana,Deer Lodge,2022,9529.0,24.0,160.0,251.86,1679.08
30,025,30025,Montana,Fallon,2022,3047.0,3.0,1.0,98.46,32.82
30,027,30027,Montana,Fergus,2022,11662.0,5.0,1.0,42.87,8.57
30,029,30029,Montana,Flathead,2022,111687.0,222.0,786.0,198.77,703.75
30,031,30031,Montana,Gallatin,2022,124713.0,130.0,386.0,104.24,309.51
30,033,30033,Montana,Garfield,2022,1220.0,0.0,1.0,0.0,81.97
30,035,30035,Montana,Glacier,2022,13609.0,9.0,24.0,66.13,176.35
30,037,30037,Montana,Golden Valley,2022,842.0,0.0,4.0,0.0,475.06
30,039,30039,Montana,Granite,2022,3488.0,5.0,37.0,143.35,1060.78
30,041,30041,Montana,Hill,2022,16066.0,15.0,138.0,93.36,858.96
30,043,30043,Montana,Jefferson,2022,12846.0,19.0,79.0,147.91,614.98
30,045,30045,Montana,Judith Basin,2022,2086.0,3.0,0.0,143.82,0.0
30,047,30047,Montana,Lake,2022,32801.0,116.0,257.0,353.65,783.51
30,049,30049,Montana,Lewis and Clark,2022,73664.0,91.0,267.0,123.53,362.46
30,051,30051,Montana,Liberty,2022,1969.0,1.0,6.0,50.79,304.72
30,053,30053,Montana,Lincoln,2022,21457.0,16.0,22.0,74.57,102.53
30,057,30057,Montana,Madison,2022,9240.0,5.0,19.0,54.11,205.63
30,055,30055,Montana,McCone,2022,1714.0,1.0,1.0,58.34,58.34
30,061,30061,Montana,Mineral,2022,5044.0,18.0,40.0,356.86,793.02
30,065,30065,Montana,Musselshell,2022,5198.0,21.0,34.0,404.0,654.1
30,067,30067,Montana,Park,2022,17790.0,15.0,45.0,84.32,252.95
30,069,30069,Montana,Petroleum,2022,521.0,0.0,0.0,0.0,0.0
30,071,30071,Montana,Phillips,2022,4216.0,31.0,23.0,735.29,545.54
30,073,30073,Montana,Pondera,2022,6094.0,0.0,23.0,0.0,377.42
30,075,30075,Montana,Powder River,2022,1728.0,1.0,0.0,57.87,0.0
30,077,30077,Montana,Powell,2022,7054.0,21.0,13.0,297.7,184.29
30,079,30079,Montana,Prairie,2022,1113.0,3.0,1.0,269.54,89.85
30,081,30081,Montana,Ravalli,2022,47123.0,21.0,42.0,44.56,89.13
30,083,30083,Montana,Richland,2022,11174.0,9.0,15.0,80.54,134.24
30,085,30085,Montana,Roosevelt,2022,10504.0,35.0,28.0,333.21,266.57
30,087,30087,Montana,Rosebud,2022,8107.0,6.0,4.0,74.01,49.34
30,089,30089,Montana,Sanders,2022,13373.0,18.0,27.0,134.6,201.9
30,091,30091,Montana,Sheridan,2022,3555.0,21.0,48.0,590.72,1350.21
30,097,30097,Montana,Sweet Grass,2022,3728.0,23.0,19.0,616.95,509.66
30,099,30099,Montana,Teton,2022,6343.0,11.0,26.0,173.42,409.9
30,101,30101,Montana,Toole,2022,5061.0,10.0,66.0,197.59,1304.09
30,103,30103,Montana,Treasure,2022,754.0,0.0,0.0,0.0,0.0
30,105,30105,Montana,Valley,2022,7558.0,8.0,5.0,105.85,66.16
30,107,30107,Montana,Wheatland,2022,2049.0,6.0,3.0,292.83,146.41
30,109,30109,Montana,Wibaux,2022,922.0,0.0,0.0,0.0,0.0
31,025,31025,Nebraska,Cass,2022,27177.0,13.0,113.0,47.83,415.79
31,043,31043,Nebraska,Dakota,2022,21227.0,14.0,73.0,65.95,343.9
31,051,31051,Nebraska,Dixon,2022,5557.0,10.0,11.0,179.95,197.95
31,055,31055,Nebraska,Douglas,2022,587963.0,79.0,646.0,13.44,109.87
31,079,31079,Nebraska,Hall,2022,62555.0,7.0,125.0,11.19,199.82
31,109,31109,Nebraska,Lancaster,2022,325122.0,22.0,208.0,6.77,63.98
31,153,31153,Nebraska,Sarpy,2022,196569.0,52.0,691.0,26.45,351.53
31,155,31155,Nebraska,Saunders,2022,23152.0,4.0,58.0,17.28,250.52
31,159,31159,Nebraska,Seward,2022,17628.0,8.0,10.0,45.38,56.73
31,001,31001,Nebraska,Adams,2022,31016.0,3.0,24.0,9.67,77.38
31,013,31013,Nebraska,Box Butte,2022,10665.0,3.0,27.0,28.13,253.16
31,019,31019,Nebraska,Buffalo,2022,50553.0,25.0,116.0,49.45,229.46
31,021,31021,Nebraska,Burt,2022,6776.0,1.0,4.0,14.76,59.03
31,023,31023,Nebraska,Butler,2022,8433.0,1.0,8.0,11.86,94.87
31,027,31027,Nebraska,Cedar,2022,8351.0,5.0,26.0,59.87,311.34
31,029,31029,Nebraska,Chase,2022,3770.0,0.0,2.0,0.0,53.05
31,031,31031,Nebraska,Cherry,2022,5492.0,2.0,6.0,36.42,109.25
31,033,31033,Nebraska,Cheyenne,2022,9504.0,15.0,7.0,157.83,73.65
31,037,31037,Nebraska,Colfax,2022,10624.0,2.0,20.0,18.83,188.25
31,041,31041,Nebraska,Custer,2022,10507.0,4.0,37.0,38.07,352.15
31,065,31065,Nebraska,Furnas,2022,4571.0,4.0,42.0,87.51,918.84
31,067,31067,Nebraska,Gage,2022,21559.0,22.0,47.0,102.05,218.01
31,073,31073,Nebraska,Gosper,2022,1833.0,0.0,1.0,0.0,54.56
31,081,31081,Nebraska,Hamilton,2022,9446.0,2.0,18.0,21.17,190.56
31,095,31095,Nebraska,Jefferson,2022,7162.0,3.0,56.0,41.89,781.9
31,097,31097,Nebraska,Johnson,2022,5261.0,4.0,13.0,76.03,247.1
31,099,31099,Nebraska,Kearney,2022,6687.0,3.0,19.0,44.86,284.13
31,101,31101,Nebraska,Keith,2022,8202.0,1.0,12.0,12.19,146.31
31,111,31111,Nebraska,Lincoln,2022,33629.0,5.0,43.0,14.87,127.87
31,113,31113,Nebraska,Logan,2022,686.0,0.0,0.0,0.0,0.0
31,119,31119,Nebraska,Madison,2022,35486.0,6.0,19.0,16.91,53.54
31,117,31117,Nebraska,McPherson,2022,373.0,0.0,1.0,0.0,268.1
31,123,31123,Nebraska,Morrill,2022,4520.0,2.0,22.0,44.25,486.73
31,127,31127,Nebraska,Nemaha,2022,7024.0,13.0,43.0,185.08,612.19
31,131,31131,Nebraska,Otoe,2022,16235.0,7.0,41.0,43.12,252.54
31,135,31135,Nebraska,Perkins,2022,2838.0,1.0,19.0,35.24,669.49
31,139,31139,Nebraska,Pierce,2022,7314.0,1.0,13.0,13.67,177.74
31,141,31141,Nebraska,Platte,2022,34591.0,15.0,75.0,43.36,216.82
31,147,31147,Nebraska,Richardson,2022,7738.0,5.0,19.0,64.62,245.54
31,157,31157,Nebraska,Scotts Bluff,2022,35785.0,10.0,78.0,27.94,217.97
31,161,31161,Nebraska,Sheridan,2022,5003.0,7.0,10.0,139.92,199.88
31,167,31167,Nebraska,Stanton,2022,5753.0,1.0,0.0,17.38,0.0
31,169,31169,Nebraska,Thayer,2022,4864.0,9.0,16.0,185.03,328.95
31,175,31175,Nebraska,Valley,2022,4063.0,3.0,4.0,73.84,98.45
31,179,31179,Nebraska,Wayne,2022,9940.0,1.0,10.0,10.06,100.6
32,510,32510,Nevada,Carson City,2022,58223.0,187.0,570.0,321.18,978.99
32,029,32029,Nevada,Storey,2022,4176.0,18.0,58.0,431.03,1388.89
32,031,32031,Nevada,Washoe,2022,496521.0,323.0,773.0,65.05,155.68
32,001,32001,Nevada,Churchill,2022,25799.0,22.0,94.0,85.27,364.36
32,005,32005,Nevada,Douglas,2022,49588.0,79.0,444.0,159.31,895.38
32,007,32007,Nevada,Elko,2022,54075.0,48.0,198.0,88.77,366.16
32,011,32011,Nevada,Eureka,2022,1858.0,6.0,41.0,322.93,2206.67
32,013,32013,Nevada,Humboldt,2022,17258.0,21.0,134.0,121.68,776.45
32,015,32015,Nevada,Lander,2022,5765.0,40.0,99.0,693.84,1717.26
32,019,32019,Nevada,Lyon,2022,61541.0,159.0,491.0,258.36,797.84
32,021,32021,Nevada,Mineral,2022,4542.0,8.0,39.0,176.13,858.65
32,023,32023,Nevada,Nye,2022,54815.0,174.0,860.0,317.43,1568.91
32,033,32033,Nevada,White Pine,2022,8736.0,37.0,49.0,423.53,560.9
,,,New Hampshire,Hillsborough,2022,426329.0,2.0,0.0,0.47,0.0
33,015,33015,New Hampshire,Rockingham,2022,319262.0,4.0,1.0,1.25,0.31
33,017,33017,New Hampshire,Strafford,2022,132469.0,3.0,1.0,2.26,0.75
33,001,33001,New Hampshire,Belknap,2022,64643.0,1.0,14.0,1.55,21.66
33,003,33003,New Hampshire,Carroll,2022,52093.0,3.0,42.0,5.76,80.63
33,005,33005,New Hampshire,Cheshire,2022,77380.0,6.0,12.0,7.75,15.51
33,009,33009,New Hampshire,Grafton,2022,92918.0,0.0,0.0,0.0,0.0
33,013,33013,New Hampshire,Merrimack,2022,156220.0,0.0,1.0,0.0,0.64
33,019,33019,New Hampshire,Sullivan,2022,43889.0,1.0,6.0,2.28,13.67
34,001,34001,New Jersey,Atlantic,2022,275872.0,0.0,0.0,0.0,0.0
34,003,34003,New Jersey,Bergen,2022,956251.0,0.0,0.0,0.0,0.0
34,005,34005,New Jersey,Burlington,2022,467822.0,0.0,0.0,0.0,0.0
34,007,34007,New Jersey,Camden,2022,525833.0,3.0,38.0,0.57,7.23
34,009,34009,New Jersey,Cape May,2022,95165.0,0.0,0.0,0.0,0.0
34,011,34011,New Jersey,Cumberland,2022,152025.0,0.0,0.0,0.0,0.0
34,013,34013,New Jersey,Essex,2022,855294.0,81.0,140.0,9.47,16.37
34,015,34015,New Jersey,Gloucester,2022,306718.0,0.0,2.0,0.0,0.65
34,017,34017,New Jersey,Hudson,2022,707743.0,0.0,0.0,0.0,0.0
34,019,34019,New Jersey,Hunterdon,2022,129859.0,0.0,0.0,0.0,0.0
34,023,34023,New Jersey,Middlesex,2022,864552.0,0.0,0.0,0.0,0.0
34,025,34025,New Jersey,Monmouth,2022,645026.0,3.0,0.0,0.47,0.0
34,027,34027,New Jersey,Morris,2022,511860.0,0.0,0.0,0.0,0.0
34,029,34029,New Jersey,Ocean,2022,656066.0,0.0,5.0,0.0,0.76
34,033,34033,New Jersey,Salem,2022,65110.0,0.0,0.0,0.0,0.0
34,035,34035,New Jersey,Somerset,2022,347621.0,3.0,0.0,0.86,0.0
34,037,34037,New Jersey,Sussex,2022,145668.0,0.0,0.0,0.0,0.0
34,039,34039,New Jersey,Union,2022,574934.0,0.0,0.0,0.0,0.0
34,041,34041,New Jersey,Warren,2022,111018.0,0.0,0.0,0.0,0.0
35,001,35001,New Mexico,Bernalillo,2022,672636.0,777.0,2243.0,115.52,333.46
35,013,35013,New Mexico,Dona Ana,2022,223385.0,339.0,1209.0,151.76,541.22
35,045,35045,New Mexico,San Juan,2022,120504.0,240.0,413.0,199.16,342.73
35,049,35049,New Mexico,Santa Fe,2022,155789.0,134.0,465.0,86.01,298.48
35,057,35057,New Mexico,Torrance,2022,15398.0,58.0,198.0,376.67,1285.88
35,061,35061,New Mexico,Valencia,2022,78236.0,224.0,768.0,286.31,981.65
35,005,35005,New Mexico,Chaves,2022,63873.0,57.0,215.0,89.24,336.61
35,009,35009,New Mexico,Curry,2022,47422.0,20.0,191.0,42.17,402.77
,,,New Mexico,De Baca,2022,1701.0,9.0,20.0,529.1,1175.78
35,015,35015,New Mexico,Eddy,2022,60244.0,69.0,393.0,114.53,652.35
35,019,35019,New Mexico,Guadalupe,2022,4330.0,0.0,6.0,0.0,138.57
35,023,35023,New Mexico,Hidalgo,2022,4012.0,6.0,20.0,149.55,498.5
35,025,35025,New Mexico,Lea,2022,72260.0,75.0,557.0,103.79,770.83
35,031,35031,New Mexico,McKinley,2022,69916.0,58.0,147.0,82.96,210.25
35,033,35033,New Mexico,Mora,2022,4141.0,13.0,22.0,313.93,531.27
35,037,35037,New Mexico,Quay,2022,8549.0,4.0,22.0,46.79,257.34
35,047,35047,New Mexico,San Miguel,2022,26879.0,0.0,1.0,0.0,3.72
35,051,35051,New Mexico,Sierra,2022,11490.0,12.0,27.0,104.44,234.99
35,053,35053,New Mexico,Socorro,2022,16127.0,18.0,68.0,111.61,421.65
35,059,35059,New Mexico,Union,2022,4002.0,5.0,7.0,124.94,174.91
36,001,36001,New York,Albany,2022,315764.0,10.0,116.0,3.17,36.74
36,007,36007,New York,Broome,2022,197171.0,41.0,609.0,20.79,308.87
36,027,36027,New York,Dutchess,2022,297214.0,44.0,344.0,14.8,115.74
36,029,36029,New York,Erie,2022,949276.0,111.0,617.0,11.69,65.0
36,043,36043,New York,Herkimer,2022,59581.0,0.0,19.0,0.0,31.89
36,045,36045,New York,Jefferson,2022,115493.0,12.0,182.0,10.39,157.59
36,051,36051,New York,Livingston,2022,61356.0,18.0,255.0,29.34,415.61
36,053,36053,New York,Madison,2022,67059.0,10.0,109.0,14.91,162.54
36,055,36055,New York,Monroe,2022,750469.0,189.0,2360.0,25.18,314.47
36,059,36059,New York,Nassau,2022,1388346.0,1748.0,13870.0,125.91,999.03
36,063,36063,New York,Niagara,2022,210403.0,32.0,540.0,15.21,256.65
36,065,36065,New York,Oneida,2022,228351.0,47.0,263.0,20.58,115.17
36,067,36067,New York,Onondaga,2022,469910.0,198.0,1330.0,42.14,283.03
36,069,36069,New York,Ontario,2022,112499.0,47.0,563.0,41.78,500.45
36,071,36071,New York,Orange,2022,407314.0,2.0,5.0,0.49,1.23
36,073,36073,New York,Orleans,2022,39510.0,9.0,141.0,22.78,356.87
36,075,36075,New York,Oswego,2022,118150.0,44.0,365.0,37.24,308.93
36,083,36083,New York,Rensselaer,2022,159213.0,23.0,172.0,14.45,108.03
36,091,36091,New York,Saratoga,2022,238523.0,84.0,1200.0,35.22,503.1
36,093,36093,New York,Schenectady,2022,159790.0,0.0,29.0,0.0,18.15
36,095,36095,New York,Schoharie,2022,30059.0,3.0,12.0,9.98,39.92
,,,New York,Suffolk County Police Department,2022,1531736.0,1201.0,17089.0,78.41,1115.66
36,109,36109,New York,Tompkins,2022,104177.0,29.0,288.0,27.84,276.45
36,111,36111,New York,Ulster,2022,182546.0,14.0,121.0,7.67,66.28
36,113,36113,New York,Warren,2022,65461.0,24.0,488.0,36.66,745.48
36,115,36115,New York,Washington,2022,60808.0,34.0,109.0,55.91,179.25
36,119,36119,New York,Westchester Public Safety,2022,994313.0,6.0,140.0,0.6,14.08
36,123,36123,New York,Yates,2022,24455.0,12.0,88.0,49.07,359.84
36,003,36003,New York,Allegany,2022,46646.0,10.0,0.0,21.44,0.0
36,009,36009,New York,Cattaraugus,2022,76032.0,41.0,212.0,53.92,278.83
36,011,36011,New York,Cayuga,2022,74730.0,10.0,96.0,13.38,128.46
36,013,36013,New York,Chautauqua,2022,125558.0,42.0,381.0,33.45,303.45
36,021,36021,New York,Columbia,2022,61176.0,9.0,318.0,14.71,519.81
36,023,36023,New York,Cortland,2022,46128.0,26.0,289.0,56.36,626.52
36,025,36025,New York,Delaware,2022,44771.0,12.0,106.0,26.8,236.76
36,031,36031,New York,Essex,2022,36756.0,4.0,6.0,10.88,16.32
36,037,36037,New York,Genesee,2022,57584.0,23.0,286.0,39.94,496.67
36,039,36039,New York,Greene,2022,47654.0,17.0,30.0,35.67,62.95
36,041,36041,New York,Hamilton,2022,5102.0,0.0,6.0,0.0,117.6
36,049,36049,New York,Lewis,2022,26616.0,4.0,73.0,15.03,274.27
36,057,36057,New York,Montgomery,2022,49454.0,3.0,173.0,6.07,349.82
36,077,36077,New York,Otsego,2022,60447.0,4.0,8.0,6.62,13.23
36,097,36097,New York,Schuyler,2022,17591.0,6.0,34.0,34.11,193.28
36,099,36099,New York,Seneca,2022,32676.0,12.0,86.0,36.72,263.19
36,101,36101,New York,Steuben,2022,92427.0,10.0,112.0,10.82,121.18
36,089,36089,New York,St. Lawrence,2022,106900.0,10.0,33.0,9.35,30.87
36,121,36121,New York,Wyoming,2022,39824.0,11.0,100.0,27.62,251.1
37,001,37001,North Carolina,Alamance,2022,176470.0,164.0,608.0,92.93,344.53
37,003,37003,North Carolina,Alexander,2022,36213.0,70.0,352.0,193.3,972.03
37,019,37019,North Carolina,Brunswick,2022,152519.0,185.0,790.0,121.3,517.97
37,021,37021,North Carolina,Buncombe,2022,274019.0,142.0,1482.0,51.82,540.84
37,023,37023,North Carolina,Burke,2022,87801.0,142.0,747.0,161.73,850.79
37,025,37025,North Carolina,Cabarrus,2022,236041.0,52.0,561.0,22.03,237.67
37,027,37027,North Carolina,Caldwell,2022,80298.0,56.0,825.0,69.74,1027.42
37,035,37035,North Carolina,Catawba,2022,163274.0,125.0,863.0,76.56,528.56
37,037,37037,North Carolina,Chatham,2022,80039.0,84.0,530.0,104.95,662.18
37,049,37049,North Carolina,Craven,2022,102413.0,94.0,499.0,91.79,487.24
37,053,37053,North Carolina,Currituck,2022,30994.0,64.0,267.0,206.49,861.46
37,057,37057,North Carolina,Davidson,2022,172376.0,73.0,1276.0,42.35,740.24
37,063,37063,North Carolina,Durham,2022,331135.0,88.0,421.0,26.58,127.14
37,065,37065,North Carolina,Edgecombe,2022,48470.0,102.0,300.0,210.44,618.94
37,067,37067,North Carolina,Forsyth,2022,389389.0,264.0,1509.0,67.8,387.53
37,071,37071,North Carolina,Gaston,2022,234245.0,21.0,2.0,8.96,0.85
,,,North Carolina,Gaston County Police Department,2022,234245.0,137.0,783.0,58.49,334.27
37,073,37073,North Carolina,Gates,2022,10368.0,11.0,81.0,106.1,781.25
37,077,37077,North Carolina,Granville,2022,60878.0,62.0,397.0,101.84,652.12
37,081,37081,North Carolina,Guilford,2022,546589.0,265.0,1047.0,48.48,191.55
37,085,37085,North Carolina,Harnett,2022,138514.0,266.0,1539.0,192.04,1111.08
37,087,37087,North Carolina,Haywood,2022,62588.0,66.0,536.0,105.45,856.39
37,089,37089,North Carolina,Henderson,2022,118337.0,105.0,839.0,88.73,708.99
37,097,37097,North Carolina,Iredell,2022,196005.0,148.0,632.0,75.51,322.44
37,101,37101,North Carolina,Johnston,2022,234667.0,124.0,1597.0,52.84,680.54
37,109,37109,North Carolina,Lincoln,2022,93088.0,112.0,910.0,120.32,977.57
37,115,37115,North Carolina,Madison,2022,21908.0,10.0,120.0,45.65,547.75
37,127,37127,North Carolina,Nash,2022,96364.0,49.0,290.0,50.85,300.94
37,129,37129,North Carolina,New Hanover,2022,236065.0,112.0,1210.0,47.44,512.57
37,135,37135,North Carolina,Orange,2022,150554.0,119.0,467.0,79.04,310.19
37,137,37137,North Carolina,Pamlico,2022,12255.0,35.0,144.0,285.6,1175.03
37,141,37141,North Carolina,Pender,2022,65638.0,89.0,549.0,135.59,836.41
37,145,37145,North Carolina,Person,2022,39402.0,56.0,248.0,142.12,629.41
37,147,37147,North Carolina,Pitt,2022,177028.0,170.0,632.0,96.03,357.01
37,151,37151,North Carolina,Randolph,2022,146192.0,102.0,851.0,69.77,582.11
37,157,37157,North Carolina,Rockingham,2022,92013.0,45.0,590.0,48.91,641.21
37,159,37159,North Carolina,Rowan,2022,149498.0,150.0,825.0,100.34,551.85
37,179,37179,North Carolina,Union,2022,249615.0,155.0,1512.0,62.1,605.73
37,183,37183,North Carolina,Wake,2022,1173034.0,222.0,1272.0,18.93,108.44
37,191,37191,North Carolina,Wayne,2022,118206.0,201.0,1074.0,170.04,908.58
37,197,37197,North Carolina,Yadkin,2022,37531.0,41.0,286.0,109.24,762.04
37,005,37005,North Carolina,Alleghany,2022,11200.0,6.0,102.0,53.57,910.71
37,009,37009,North Carolina,Ashe,2022,27047.0,26.0,169.0,96.13,624.84
37,011,37011,North Carolina,Avery,2022,17636.0,18.0,104.0,102.06,589.7
37,015,37015,North Carolina,Bertie,2022,16951.0,69.0,165.0,407.06,973.39
37,039,37039,North Carolina,Cherokee,2022,29539.0,63.0,524.0,213.28,1773.93
37,041,37041,North Carolina,Chowan,2022,13909.0,3.0,90.0,21.57,647.06
37,043,37043,North Carolina,Clay,2022,11594.0,19.0,154.0,163.88,1328.27
37,045,37045,North Carolina,Cleveland,2022,100773.0,182.0,627.0,180.6,622.19
37,055,37055,North Carolina,Dare,2022,38000.0,18.0,191.0,47.37,502.63
37,061,37061,North Carolina,Duplin,2022,49065.0,79.0,691.0,161.01,1408.34
37,079,37079,North Carolina,Greene,2022,20387.0,47.0,240.0,230.54,1177.22
37,083,37083,North Carolina,Halifax,2022,47587.0,104.0,401.0,218.55,842.67
37,091,37091,North Carolina,Hertford,2022,19492.0,20.0,112.0,102.61,574.59
37,099,37099,North Carolina,Jackson,2022,43920.0,73.0,313.0,166.21,712.66
37,105,37105,North Carolina,Lee,2022,65613.0,41.0,208.0,62.49,317.01
37,113,37113,North Carolina,Macon,2022,37964.0,33.0,374.0,86.92,985.14
37,117,37117,North Carolina,Martin,2022,21493.0,44.0,199.0,204.72,925.88
37,111,37111,North Carolina,McDowell,2022,44745.0,69.0,676.0,154.21,1510.78
37,123,37123,North Carolina,Montgomery,2022,25865.0,43.0,212.0,166.25,819.64
37,125,37125,North Carolina,Moore,2022,105484.0,59.0,461.0,55.93,437.03
37,139,37139,North Carolina,Pasquotank,2022,40954.0,51.0,256.0,124.53,625.09
37,143,37143,North Carolina,Perquimans,2022,13243.0,33.0,113.0,249.19,853.28
37,149,37149,North Carolina,Polk,2022,19998.0,13.0,138.0,65.01,690.07
37,153,37153,North Carolina,Richmond,2022,42371.0,241.0,1043.0,568.79,2461.59
37,155,37155,North Carolina,Robeson,2022,116281.0,974.0,2382.0,837.63,2048.49
37,161,37161,North Carolina,Rutherford,2022,64856.0,130.0,543.0,200.44,837.24
37,165,37165,North Carolina,Scotland,2022,33448.0,123.0,405.0,367.73,1210.83
37,171,37171,North Carolina,Surry,2022,71536.0,87.0,524.0,121.62,732.5
37,173,37173,North Carolina,Swain,2022,13982.0,38.0,158.0,271.78,1130.02
37,175,37175,North Carolina,Transylvania,2022,33637.0,24.0,190.0,71.35,564.85
37,177,37177,North Carolina,Tyrrell,2022,3457.0,16.0,38.0,462.83,1099.22
37,181,37181,North Carolina,Vance,2022,42203.0,105.0,465.0,248.8,1101.82
37,185,37185,North Carolina,Warren,2022,18691.0,50.0,325.0,267.51,1738.8
37,189,37189,North Carolina,Watauga,2022,55363.0,15.0,198.0,27.09,357.64
37,193,37193,North Carolina,Wilkes,2022,65807.0,130.0,576.0,197.55,875.29
37,195,37195,North Carolina,Wilson,2022,79357.0,46.0,180.0,57.97,226.82
37,199,37199,North Carolina,Yancey,2022,18772.0,15.0,56.0,79.91,298.32
38,015,38015,North Dakota,Burleigh,2022,100302.0,20.0,112.0,19.94,111.66
38,017,38017,North Dakota,Cass,2022,193289.0,27.0,114.0,13.97,58.98
38,035,38035,North Dakota,Grand Forks,2022,72014.0,21.0,70.0,29.16,97.2
38,059,38059,North Dakota,Morton,2022,33744.0,8.0,78.0,23.71,231.15
38,065,38065,North Dakota,Oliver,2022,1856.0,1.0,2.0,53.88,107.76
38,001,38001,North Dakota,Adams,2022,2121.0,3.0,10.0,141.44,471.48
38,003,38003,North Dakota,Barnes,2022,10741.0,2.0,9.0,18.62,83.79
38,005,38005,North Dakota,Benson,2022,5786.0,2.0,13.0,34.57,224.68
38,007,38007,North Dakota,Billings,2022,1023.0,0.0,1.0,0.0,97.75
38,009,38009,North Dakota,Bottineau,2022,6372.0,8.0,54.0,125.55,847.46
38,011,38011,North Dakota,Bowman,2022,2883.0,0.0,3.0,0.0,104.06
38,013,38013,North Dakota,Burke,2022,2133.0,1.0,6.0,46.88,281.29
38,019,38019,North Dakota,Cavalier,2022,3615.0,4.0,12.0,110.65,331.95
38,021,38021,North Dakota,Dickey,2022,4943.0,0.0,1.0,0.0,20.23
38,023,38023,North Dakota,Divide,2022,2171.0,1.0,7.0,46.06,322.43
38,025,38025,North Dakota,Dunn,2022,3990.0,1.0,21.0,25.06,526.32
38,027,38027,North Dakota,Eddy,2022,2314.0,2.0,16.0,86.43,691.44
38,029,38029,North Dakota,Emmons,2022,3275.0,2.0,41.0,61.07,1251.91
38,031,38031,North Dakota,Foster,2022,3373.0,1.0,3.0,29.65,88.94
38,033,38033,North Dakota,Golden Valley,2022,1755.0,4.0,8.0,227.92,455.84
38,039,38039,North Dakota,Griggs,2022,2266.0,1.0,9.0,44.13,397.18
38,041,38041,North Dakota,Hettinger,2022,2453.0,4.0,7.0,163.07,285.36
38,043,38043,North Dakota,Kidder,2022,2389.0,0.0,4.0,0.0,167.43
38,045,38045,North Dakota,Lamoure,2022,4065.0,1.0,4.0,24.6,98.4
38,047,38047,North Dakota,Logan,2022,1852.0,0.0,3.0,0.0,161.99
38,049,38049,North Dakota,McHenry,2022,5225.0,9.0,36.0,172.25,689.0
38,051,38051,North Dakota,McIntosh,2022,2499.0,1.0,18.0,40.02,720.29
38,053,38053,North Dakota,McKenzie,2022,13893.0,16.0,87.0,115.17,626.21
38,055,38055,North Dakota,McLean,2022,9860.0,9.0,72.0,91.28,730.22
38,057,38057,North Dakota,Mercer,2022,8330.0,1.0,13.0,12.0,156.06
38,061,38061,North Dakota,Mountrail,2022,9249.0,7.0,67.0,75.68,724.4
38,063,38063,North Dakota,Nelson,2022,2995.0,1.0,16.0,33.39,534.22
38,067,38067,North Dakota,Pembina,2022,6759.0,4.0,26.0,59.18,384.67
38,069,38069,North Dakota,Pierce,2022,3948.0,0.0,12.0,0.0,303.95
38,071,38071,North Dakota,Ramsey,2022,11534.0,9.0,17.0,78.03,147.39
38,073,38073,North Dakota,Ransom,2022,5653.0,2.0,12.0,35.38,212.28
38,075,38075,North Dakota,Renville,2022,2240.0,3.0,12.0,133.93,535.71
38,077,38077,North Dakota,Richland,2022,16579.0,2.0,52.0,12.06,313.65
38,079,38079,North Dakota,Rolette,2022,11846.0,6.0,17.0,50.65,143.51
38,081,38081,North Dakota,Sargent,2022,3820.0,2.0,15.0,52.36,392.67
38,083,38083,North Dakota,Sheridan,2022,1285.0,1.0,16.0,77.82,1245.14
38,085,38085,North Dakota,Sioux,2022,3682.0,0.0,1.0,0.0,27.16
38,087,38087,North Dakota,Slope,2022,678.0,0.0,1.0,0.0,147.49
38,089,38089,North Dakota,Stark,2022,32737.0,5.0,76.0,15.27,232.15
38,091,38091,North Dakota,Steele,2022,1791.0,0.0,0.0,0.0,0.0
38,093,38093,North Dakota,Stutsman,2022,21509.0,5.0,28.0,23.25,130.18
38,095,38095,North Dakota,Towner,2022,2062.0,4.0,18.0,193.99,872.94
38,097,38097,North Dakota,Traill,2022,7967.0,2.0,40.0,25.1,502.07
38,099,38099,North Dakota,Walsh,2022,10478.0,9.0,31.0,85.89,295.86
38,101,38101,North Dakota,Ward,2022,68752.0,26.0,103.0,37.82,149.81
38,103,38103,North Dakota,Wells,2022,3907.0,4.0,4.0,102.38,102.38
38,105,38105,North Dakota,Williams,2022,37954.0,23.0,138.0,60.6,363.6
39,003,39003,Ohio,Allen,2022,100974.0,78.0,614.0,77.25,608.08
39,013,39013,Ohio,Belmont,2022,65382.0,77.0,115.0,117.77,175.89
39,017,39017,Ohio,Butler,2022,390108.0,38.0,615.0,9.74,157.65
39,019,39019,Ohio,Carroll,2022,26711.0,9.0,65.0,33.69,243.35
39,023,39023,Ohio,Clark,2022,134691.0,35.0,570.0,25.99,423.19
39,025,39025,Ohio,Clermont,2022,210781.0,90.0,611.0,42.7,289.87
39,041,39041,Ohio,Delaware,2022,226809.0,67.0,889.0,29.54,391.96
39,045,39045,Ohio,Fairfield,2022,163003.0,84.0,971.0,51.53,595.69
39,049,39049,Ohio,Franklin,2022,1326392.0,118.0,539.0,8.9,40.64
39,051,39051,Ohio,Fulton,2022,42041.0,17.0,159.0,40.44,378.2
39,055,39055,Ohio,Geauga,2022,95501.0,10.0,64.0,10.47,67.02
39,057,39057,Ohio,Greene,2022,169266.0,32.0,287.0,18.91,169.56
39,061,39061,Ohio,Hamilton,2022,826532.0,188.0,1883.0,22.75,227.82
39,073,39073,Ohio,Hocking,2022,27819.0,64.0,210.0,230.06,754.88
39,081,39081,Ohio,Jefferson,2022,64149.0,38.0,71.0,59.24,110.68
39,087,39087,Ohio,Lawrence,2022,56526.0,47.0,382.0,83.15,675.8
39,089,39089,Ohio,Licking,2022,181702.0,71.0,826.0,39.07,454.59
39,093,39093,Ohio,Lorain,2022,316304.0,69.0,438.0,21.81,138.47
39,095,39095,Ohio,Lucas,2022,426630.0,63.0,785.0,14.77,184.0
39,097,39097,Ohio,Madison,2022,43569.0,43.0,180.0,98.69,413.14
39,109,39109,Ohio,Miami,2022,110217.0,43.0,283.0,39.01,256.77
39,113,39113,Ohio,Montgomery,2022,533913.0,253.0,1200.0,47.39,224.76
39,117,39117,Ohio,Morrow,2022,35311.0,53.0,91.0,150.09,257.71
39,127,39127,Ohio,Perry,2022,35493.0,25.0,65.0,70.44,183.13
39,129,39129,Ohio,Pickaway,2022,59953.0,23.0,492.0,38.36,820.64
39,133,39133,Ohio,Portage,2022,161741.0,74.0,641.0,45.75,396.31
39,139,39139,Ohio,Richland,2022,125076.0,64.0,565.0,51.17,451.73
39,151,39151,Ohio,Stark,2022,372531.0,106.0,1231.0,28.45,330.44
39,153,39153,Ohio,Summit,2022,535956.0,99.0,1069.0,18.47,199.46
39,155,39155,Ohio,Trumbull,2022,200537.0,9.0,156.0,4.49,77.79
39,159,39159,Ohio,Union,2022,66942.0,33.0,213.0,49.3,318.19
39,165,39165,Ohio,Warren,2022,249822.0,43.0,834.0,17.21,333.84
39,173,39173,Ohio,Wood,2022,131600.0,29.0,310.0,22.04,235.56
39,001,39001,Ohio,Adams,2022,27412.0,7.0,64.0,25.54,233.47
39,005,39005,Ohio,Ashland,2022,51927.0,37.0,71.0,71.25,136.73
39,007,39007,Ohio,Ashtabula,2022,96915.0,48.0,495.0,49.53,510.76
39,009,39009,Ohio,Athens,2022,60907.0,16.0,279.0,26.27,458.08
39,011,39011,Ohio,Auglaize,2022,45896.0,7.0,36.0,15.25,78.44
39,021,39021,Ohio,Champaign,2022,38675.0,37.0,145.0,95.67,374.92
39,027,39027,Ohio,Clinton,2022,41893.0,8.0,63.0,19.1,150.38
39,029,39029,Ohio,Columbiana,2022,100447.0,17.0,120.0,16.92,119.47
39,031,39031,Ohio,Coshocton,2022,36545.0,53.0,366.0,145.03,1001.5
39,033,39033,Ohio,Crawford,2022,41479.0,6.0,53.0,14.47,127.78
39,037,39037,Ohio,Darke,2022,51449.0,9.0,167.0,17.49,324.59
39,039,39039,Ohio,Defiance,2022,38139.0,18.0,96.0,47.2,251.71
39,043,39043,Ohio,Erie,2022,74316.0,3.0,61.0,4.04,82.08
39,047,39047,Ohio,Fayette,2022,28812.0,22.0,277.0,76.36,961.4
39,053,39053,Ohio,Gallia,2022,28959.0,24.0,116.0,82.88,400.57
39,063,39063,Ohio,Hancock,2022,74716.0,28.0,216.0,37.48,289.09
39,067,39067,Ohio,Harrison,2022,14364.0,6.0,55.0,41.77,382.9
39,069,39069,Ohio,Henry,2022,27491.0,16.0,133.0,58.2,483.79
39,071,39071,Ohio,Highland,2022,43352.0,23.0,205.0,53.05,472.87
39,079,39079,Ohio,Jackson,2022,32606.0,29.0,123.0,88.94,377.23
39,083,39083,Ohio,Knox,2022,63103.0,22.0,234.0,34.86,370.82
39,091,39091,Ohio,Logan,2022,46067.0,21.0,116.0,45.59,251.81
39,105,39105,Ohio,Meigs,2022,21942.0,32.0,118.0,145.84,537.78
39,107,39107,Ohio,Mercer,2022,42343.0,2.0,19.0,4.72,44.87
39,111,39111,Ohio,Monroe,2022,13213.0,1.0,20.0,7.57,151.37
39,115,39115,Ohio,Morgan,2022,13624.0,32.0,94.0,234.88,689.96
39,131,39131,Ohio,Pike,2022,26925.0,31.0,195.0,115.13,724.23
39,135,39135,Ohio,Preble,2022,40526.0,21.0,98.0,51.82,241.82
39,141,39141,Ohio,Ross,2022,76365.0,79.0,787.0,103.45,1030.58
39,145,39145,Ohio,Scioto,2022,72209.0,101.0,517.0,139.87,715.98
39,147,39147,Ohio,Seneca,2022,54650.0,18.0,200.0,32.94,365.97
39,149,39149,Ohio,Shelby,2022,47690.0,13.0,86.0,27.26,180.33
39,157,39157,Ohio,Tuscarawas,2022,91951.0,47.0,294.0,51.11,319.74
39,161,39161,Ohio,Van Wert,2022,28731.0,24.0,75.0,83.53,261.04
39,163,39163,Ohio,Vinton,2022,12556.0,24.0,116.0,191.14,923.86
39,167,39167,Ohio,Washington,2022,58890.0,21.0,248.0,35.66,421.12
39,169,39169,Ohio,Wayne,2022,116533.0,49.0,549.0,42.05,471.11
40,017,40017,Oklahoma,Canadian,2022,169473.0,13.0,127.0,7.67,74.94
40,027,40027,Oklahoma,Cleveland,2022,299819.0,39.0,159.0,13.01,53.03
40,031,40031,Oklahoma,Comanche,2022,122353.0,20.0,147.0,16.35,120.14
40,033,40033,Oklahoma,Cotton,2022,5472.0,11.0,49.0,201.02,895.47
40,037,40037,Oklahoma,Creek,2022,72691.0,29.0,292.0,39.89,401.7
40,047,40047,Oklahoma,Garfield,2022,61970.0,14.0,78.0,22.59,125.87
40,051,40051,Oklahoma,Grady,2022,56737.0,28.0,223.0,49.35,393.04
40,081,40081,Oklahoma,Lincoln,2022,34198.0,84.0,234.0,245.63,684.25
40,083,40083,Oklahoma,Logan,2022,52035.0,35.0,333.0,67.26,639.95
40,087,40087,Oklahoma,McClain,2022,45423.0,21.0,185.0,46.23,407.28
40,109,40109,Oklahoma,Oklahoma,2022,805035.0,29.0,148.0,3.6,18.38
40,111,40111,Oklahoma,Okmulgee,2022,36939.0,24.0,174.0,64.97,471.05
40,113,40113,Oklahoma,Osage,2022,45877.0,45.0,408.0,98.09,889.33
40,117,40117,Oklahoma,Pawnee,2022,15679.0,12.0,78.0,76.54,497.48
40,131,40131,Oklahoma,Rogers,2022,99095.0,61.0,410.0,61.56,413.74
40,135,40135,Oklahoma,Sequoyah,2022,39769.0,63.0,218.0,158.41,548.17
40,143,40143,Oklahoma,Tulsa,2022,679125.0,178.0,726.0,26.21,106.9
40,145,40145,Oklahoma,Wagoner,2022,86766.0,98.0,386.0,112.95,444.87
40,001,40001,Oklahoma,Adair,2022,19484.0,36.0,141.0,184.77,723.67
40,003,40003,Oklahoma,Alfalfa,2022,5691.0,5.0,39.0,87.86,685.29
40,005,40005,Oklahoma,Atoka,2022,14293.0,8.0,77.0,55.97,538.73
40,007,40007,Oklahoma,Beaver,2022,5031.0,0.0,28.0,0.0,556.55
40,009,40009,Oklahoma,Beckham,2022,21956.0,5.0,46.0,22.77,209.51
40,011,40011,Oklahoma,Blaine,2022,8452.0,17.0,74.0,201.14,875.53
40,013,40013,Oklahoma,Bryan,2022,48218.0,55.0,353.0,114.07,732.09
40,015,40015,Oklahoma,Caddo,2022,26277.0,16.0,140.0,60.89,532.79
40,019,40019,Oklahoma,Carter,2022,48485.0,13.0,134.0,26.81,276.37
40,021,40021,Oklahoma,Cherokee,2022,48009.0,49.0,371.0,102.06,772.77
40,023,40023,Oklahoma,Choctaw,2022,14409.0,29.0,107.0,201.26,742.59
40,025,40025,Oklahoma,Cimarron,2022,2226.0,0.0,10.0,0.0,449.24
40,029,40029,Oklahoma,Coal,2022,5311.0,4.0,8.0,75.32,150.63
40,035,40035,Oklahoma,Craig,2022,14164.0,21.0,126.0,148.26,889.58
40,039,40039,Oklahoma,Custer,2022,28060.0,10.0,70.0,35.64,249.47
40,041,40041,Oklahoma,Delaware,2022,41474.0,56.0,264.0,135.02,636.54
40,043,40043,Oklahoma,Dewey,2022,4394.0,8.0,48.0,182.07,1092.4
40,045,40045,Oklahoma,Ellis,2022,3687.0,3.0,32.0,81.37,867.91
40,049,40049,Oklahoma,Garvin,2022,25796.0,40.0,165.0,155.06,639.63
40,053,40053,Oklahoma,Grant,2022,4132.0,1.0,38.0,24.2,919.65
40,055,40055,Oklahoma,Greer,2022,5548.0,5.0,8.0,90.12,144.2
40,057,40057,Oklahoma,Harmon,2022,2425.0,1.0,4.0,41.24,164.95
40,059,40059,Oklahoma,Harper,2022,3166.0,1.0,12.0,31.59,379.03
40,061,40061,Oklahoma,Haskell,2022,11639.0,7.0,71.0,60.14,610.02
40,063,40063,Oklahoma,Hughes,2022,13420.0,13.0,121.0,96.87,901.64
40,065,40065,Oklahoma,Jackson,2022,24615.0,7.0,24.0,28.44,97.5
40,067,40067,Oklahoma,Jefferson,2022,5412.0,7.0,17.0,129.34,314.12
40,069,40069,Oklahoma,Johnston,2022,10311.0,23.0,53.0,223.06,514.01
40,071,40071,Oklahoma,Kay,2022,43764.0,28.0,102.0,63.98,233.07
40,073,40073,Oklahoma,Kingfisher,2022,15281.0,2.0,63.0,13.09,412.28
40,075,40075,Oklahoma,Kiowa,2022,8442.0,2.0,7.0,23.69,82.92
40,077,40077,Oklahoma,Latimer,2022,9573.0,15.0,62.0,156.69,647.65
40,079,40079,Oklahoma,Le Flore,2022,49004.0,41.0,216.0,83.67,440.78
40,085,40085,Oklahoma,Love,2022,10196.0,11.0,73.0,107.89,715.97
40,093,40093,Oklahoma,Major,2022,7551.0,9.0,34.0,119.19,450.27
40,095,40095,Oklahoma,Marshall,2022,15932.0,32.0,161.0,200.85,1010.54
40,097,40097,Oklahoma,Mayes,2022,39574.0,48.0,431.0,121.29,1089.1
40,089,40089,Oklahoma,McCurtain,2022,30877.0,45.0,263.0,145.74,851.77
40,091,40091,Oklahoma,McIntosh,2022,19399.0,23.0,156.0,118.56,804.17
40,099,40099,Oklahoma,Murray,2022,13693.0,4.0,34.0,29.21,248.3
40,101,40101,Oklahoma,Muskogee,2022,66247.0,69.0,204.0,104.16,307.94
40,103,40103,Oklahoma,Noble,2022,10870.0,13.0,101.0,119.6,929.16
40,105,40105,Oklahoma,Nowata,2022,9443.0,7.0,73.0,74.13,773.06
40,107,40107,Oklahoma,Okfuskee,2022,11206.0,5.0,73.0,44.62,651.44
40,115,40115,Oklahoma,Ottawa,2022,30369.0,49.0,235.0,161.35,773.82
40,119,40119,Oklahoma,Payne,2022,82904.0,34.0,265.0,41.01,319.65
40,121,40121,Oklahoma,Pittsburg,2022,43555.0,41.0,317.0,94.13,727.82
40,123,40123,Oklahoma,Pontotoc,2022,38061.0,13.0,74.0,34.16,194.42
40,125,40125,Oklahoma,Pottawatomie,2022,73373.0,79.0,406.0,107.67,553.34
40,127,40127,Oklahoma,Pushmataha,2022,10724.0,14.0,60.0,130.55,559.49
40,129,40129,Oklahoma,Roger Mills,2022,3364.0,3.0,31.0,89.18,921.52
40,133,40133,Oklahoma,Seminole,2022,23477.0,22.0,239.0,93.71,1018.02
40,137,40137,Oklahoma,Stephens,2022,43699.0,40.0,95.0,91.54,217.4
40,139,40139,Oklahoma,Texas,2022,20616.0,8.0,79.0,38.8,383.2
40,141,40141,Oklahoma,Tillman,2022,6975.0,15.0,15.0,215.05,215.05
40,147,40147,Oklahoma,Washington,2022,53275.0,27.0,87.0,50.68,163.3
40,149,40149,Oklahoma,Washita,2022,10718.0,6.0,45.0,55.98,419.85
40,151,40151,Oklahoma,Woods,2022,8596.0,5.0,30.0,58.17,349.0
40,153,40153,Oklahoma,Woodward,2022,20028.0,7.0,59.0,34.95,294.59
41,003,41003,Oregon,Benton,2022,97281.0,24.0,177.0,24.67,181.95
41,005,41005,Oregon,Clackamas,2022,423098.0,549.0,5966.0,129.76,1410.08
41,009,41009,Oregon,Columbia,2022,53543.0,46.0,99.0,85.91,184.9
41,017,41017,Oregon,Deschutes,2022,206421.0,77.0,549.0,37.3,265.96
41,029,41029,Oregon,Jackson,2022,222097.0,161.0,1101.0,72.49,495.73
41,033,41033,Oregon,Josephine,2022,87793.0,170.0,380.0,193.64,432.84
41,043,41043,Oregon,Linn,2022,130555.0,79.0,950.0,60.51,727.66
41,047,41047,Oregon,Marion,2022,348364.0,152.0,2134.0,43.63,612.58
41,051,41051,Oregon,Multnomah,2022,796165.0,240.0,1670.0,30.14,209.76
41,053,41053,Oregon,Polk,2022,89923.0,54.0,280.0,60.05,311.38
41,067,41067,Oregon,Washington,2022,600063.0,504.0,2811.0,83.99,468.45
41,071,41071,Oregon,Yamhill,2022,107681.0,49.0,326.0,45.5,302.75
41,001,41001,Oregon,Baker,2022,16925.0,3.0,56.0,17.73,330.87
41,007,41007,Oregon,Clatsop,2022,41597.0,21.0,171.0,50.48,411.09
41,013,41013,Oregon,Crook,2022,26393.0,35.0,59.0,132.61,223.54
41,019,41019,Oregon,Douglas,2022,112247.0,129.0,846.0,114.93,753.69
41,021,41021,Oregon,Gilliam,2022,2012.0,0.0,47.0,0.0,2335.98
41,027,41027,Oregon,Hood River,2022,24017.0,27.0,182.0,112.42,757.8
41,031,41031,Oregon,Jefferson,2022,25317.0,13.0,117.0,51.35,462.14
41,035,41035,Oregon,Klamath,2022,70450.0,113.0,538.0,160.4,763.66
41,041,41041,Oregon,Lincoln,2022,50747.0,57.0,233.0,112.32,459.14
41,045,41045,Oregon,Malheur,2022,31840.0,20.0,149.0,62.81,467.96
41,049,41049,Oregon,Morrow,2022,12272.0,23.0,140.0,187.42,1140.81
41,055,41055,Oregon,Sherman,2022,1961.0,2.0,32.0,101.99,1631.82
41,057,41057,Oregon,Tillamook,2022,27513.0,36.0,240.0,130.85,872.31
41,059,41059,Oregon,Umatilla,2022,79792.0,41.0,482.0,51.38,604.07
41,061,41061,Oregon,Union,2022,26157.0,18.0,163.0,68.82,623.16
41,063,41063,Oregon,Wallowa,2022,7639.0,0.0,32.0,0.0,418.9
41,065,41065,Oregon,Wasco,2022,26522.0,36.0,92.0,135.74,346.88
,,,Oregon,Allegheny County Police Department,2022,,370.0,147.0,,
,,,Oregon,Franklin,2022,,0.0,0.0,,
,,,Oregon,Northumberland,2022,,0.0,0.0,,
45,007,45007,South Carolina,Anderson,2022,210142.0,691.0,3963.0,328.83,1885.87
45,013,45013,South Carolina,Beaufort,2022,196266.0,590.0,1952.0,300.61,994.57
45,015,45015,South Carolina,Berkeley,2022,245656.0,475.0,2228.0,193.36,906.96
45,017,45017,South Carolina,Calhoun,2022,14197.0,48.0,289.0,338.1,2035.64
45,019,45019,South Carolina,Charleston,2022,420325.0,258.0,1178.0,61.38,280.26
45,023,45023,South Carolina,Chester,2022,31986.0,111.0,359.0,347.03,1122.37
45,027,45027,South Carolina,Clarendon,2022,30965.0,117.0,741.0,377.85,2393.02
45,031,45031,South Carolina,Darlington,2022,62504.0,406.0,1528.0,649.56,2444.64
45,035,45035,South Carolina,Dorchester,2022,166125.0,201.0,1288.0,120.99,775.32
45,037,45037,South Carolina,Edgefield,2022,27273.0,13.0,111.0,47.67,407.0
45,039,45039,South Carolina,Fairfield,2022,20455.0,193.0,347.0,943.53,1696.41
45,041,45041,South Carolina,Florence,2022,136895.0,511.0,2236.0,373.28,1633.37
45,045,45045,South Carolina,Greenville,2022,548763.0,1693.0,6628.0,308.51,1207.81
45,051,45051,South Carolina,Horry,2022,383626.0,1.0,1.0,0.26,0.26
,,,South Carolina,Horry County Police Department,2022,383626.0,809.0,4533.0,210.88,1181.62
45,053,45053,South Carolina,Jasper,2022,32068.0,146.0,456.0,455.28,1421.98
45,055,45055,South Carolina,Kershaw,2022,67989.0,217.0,947.0,319.17,1392.87
45,057,45057,South Carolina,Lancaster,2022,104629.0,322.0,1406.0,307.75,1343.8
45,059,45059,South Carolina,Laurens,2022,68150.0,185.0,932.0,271.46,1367.57
45,063,45063,South Carolina,Lexington,2022,305297.0,721.0,4746.0,236.16,1554.55
45,077,45077,South Carolina,Pickens,2022,134421.0,171.0,876.0,127.21,651.68
45,079,45079,South Carolina,Richland,2022,421786.0,2041.0,7451.0,483.89,1766.54
45,081,45081,South Carolina,Saluda,2022,19102.0,26.0,102.0,136.11,533.98
45,083,45083,South Carolina,Spartanburg,2022,346466.0,1213.0,4307.0,350.11,1243.12
45,085,45085,South Carolina,Sumter,2022,103890.0,513.0,1423.0,493.79,1369.72
45,091,45091,South Carolina,York,2022,293579.0,345.0,2149.0,117.52,732.0
45,001,45001,South Carolina,Abbeville,2022,24413.0,84.0,322.0,344.08,1318.97
45,009,45009,South Carolina,Bamberg,2022,12947.0,32.0,109.0,247.16,841.89
45,011,45011,South Carolina,Barnwell,2022,20445.0,72.0,230.0,352.16,1124.97
45,021,45021,South Carolina,Cherokee,2022,56235.0,153.0,784.0,272.07,1394.15
45,025,45025,South Carolina,Chesterfield,2022,43645.0,202.0,707.0,462.83,1619.89
45,029,45029,South Carolina,Colleton,2022,38650.0,196.0,614.0,507.12,1588.62
45,033,45033,South Carolina,Dillon,2022,27763.0,280.0,473.0,1008.54,1703.71
45,043,45043,South Carolina,Georgetown,2022,64762.0,168.0,724.0,259.41,1117.94
45,047,45047,South Carolina,Greenwood,2022,69301.0,113.0,775.0,163.06,1118.31
45,049,45049,South Carolina,Hampton,2022,18138.0,81.0,194.0,446.58,1069.58
45,061,45061,South Carolina,Lee,2022,16121.0,84.0,291.0,521.06,1805.1
45,067,45067,South Carolina,Marion,2022,28513.0,92.0,308.0,322.66,1080.21
45,069,45069,South Carolina,Marlboro,2022,25952.0,129.0,424.0,497.07,1633.79
45,065,45065,South Carolina,McCormick,2022,9715.0,9.0,20.0,92.64,205.87
45,071,45071,South Carolina,Newberry,2022,38342.0,75.0,276.0,195.61,719.84
45,073,45073,South Carolina,Oconee,2022,80280.0,195.0,1434.0,242.9,1786.25
45,075,45075,South Carolina,Orangeburg,2022,83183.0,895.0,2031.0,1075.94,2441.6
45,087,45087,South Carolina,Union,2022,26788.0,56.0,424.0,209.05,1582.8
45,089,45089,South Carolina,Williamsburg,2022,30154.0,100.0,206.0,331.63,683.16
46,083,46083,South Dakota,Lincoln,2022,70957.0,20.0,224.0,28.19,315.68
46,087,46087,South Dakota,McCook,2022,5797.0,5.0,22.0,86.25,379.51
46,093,46093,South Dakota,Meade,2022,30663.0,17.0,152.0,55.44,495.71
46,099,46099,South Dakota,Minnehaha,2022,203516.0,56.0,260.0,27.52,127.75
46,103,46103,South Dakota,Pennington,2022,114307.0,114.0,316.0,99.73,276.45
46,125,46125,South Dakota,Turner,2022,8924.0,9.0,23.0,100.85,257.73
46,127,46127,South Dakota,Union,2022,17079.0,3.0,45.0,17.57,263.48
46,007,46007,South Dakota,Bennett,2022,3337.0,2.0,4.0,59.93,119.87
46,009,46009,South Dakota,Bon Homme,2022,7089.0,1.0,2.0,14.11,28.21
46,011,46011,South Dakota,Brookings,2022,35385.0,8.0,18.0,22.61,50.87
46,013,46013,South Dakota,Brown,2022,37945.0,17.0,32.0,44.8,84.33
46,023,46023,South Dakota,Charles Mix,2022,9221.0,8.0,30.0,86.76,325.34
46,027,46027,South Dakota,Clay,2022,15268.0,3.0,35.0,19.65,229.24
46,029,46029,South Dakota,Codington,2022,28756.0,5.0,29.0,17.39,100.85
46,031,46031,South Dakota,Corson,2022,3809.0,12.0,19.0,315.04,498.82
46,035,46035,South Dakota,Davison,2022,20022.0,2.0,10.0,9.99,49.95
46,037,46037,South Dakota,Day,2022,5480.0,7.0,13.0,127.74,237.23
46,057,46057,South Dakota,Hamlin,2022,6413.0,3.0,24.0,46.78,374.24
46,065,46065,South Dakota,Hughes,2022,17664.0,4.0,13.0,22.64,73.6
46,067,46067,South Dakota,Hutchinson,2022,7378.0,0.0,5.0,0.0,67.77
46,079,46079,South Dakota,Lake,2022,10947.0,5.0,31.0,45.67,283.18
46,081,46081,South Dakota,Lawrence,2022,27221.0,7.0,30.0,25.72,110.21
46,085,46085,South Dakota,Lyman,2022,3691.0,3.0,20.0,81.28,541.86
46,089,46089,South Dakota,McPherson,2022,2400.0,0.0,17.0,0.0,708.33
46,101,46101,South Dakota,Moody,2022,6383.0,6.0,5.0,94.0,78.33
46,115,46115,South Dakota,Spink,2022,6237.0,4.0,21.0,64.13,336.7
46,135,46135,South Dakota,Yankton,2022,23418.0,17.0,60.0,72.59,256.21
47,001,47001,Tennessee,Anderson,2022,79042.0,141.0,345.0,178.39,436.48
47,009,47009,Tennessee,Blount,2022,139838.0,283.0,676.0,202.38,483.42
47,011,47011,Tennessee,Bradley,2022,110790.0,167.0,568.0,150.74,512.68
47,013,47013,Tennessee,Campbell,2022,39576.0,53.0,224.0,133.92,566.0
47,015,47015,Tennessee,Cannon,2022,14781.0,1.0,22.0,6.77,148.84
47,019,47019,Tennessee,Carter,2022,56528.0,53.0,374.0,93.76,661.62
47,021,47021,Tennessee,Cheatham,2022,41723.0,74.0,229.0,177.36,548.86
47,023,47023,Tennessee,Chester,2022,17577.0,19.0,40.0,108.1,227.57
47,033,47033,Tennessee,Crockett,2022,13873.0,15.0,89.0,108.12,641.53
47,043,47043,Tennessee,Dickson,2022,55777.0,110.0,216.0,197.21,387.26
47,047,47047,Tennessee,Fayette,2022,43294.0,70.0,148.0,161.69,341.85
47,053,47053,Tennessee,Gibson,2022,50891.0,40.0,141.0,78.6,277.06
47,057,47057,Tennessee,Grainger,2022,24208.0,25.0,136.0,103.27,561.8
47,063,47063,Tennessee,Hamblen,2022,65303.0,123.0,345.0,188.35,528.31
47,065,47065,Tennessee,Hamilton,2022,375738.0,243.0,849.0,64.67,225.96
47,167,47167,Tennessee,Hartsville/Trousdale,2022,12089.0,29.0,123.0,239.89,1017.45
47,073,47073,Tennessee,Hawkins,2022,57919.0,48.0,385.0,82.87,664.72
47,089,47089,Tennessee,Jefferson,2022,56695.0,92.0,353.0,162.27,622.63
47,093,47093,Tennessee,Knox,2022,495827.0,633.0,2695.0,127.67,543.54
47,105,47105,Tennessee,Loudon,2022,58286.0,62.0,268.0,106.37,459.8
47,111,47111,Tennessee,Macon,2022,26222.0,72.0,37.0,274.58,141.1
47,113,47113,Tennessee,Madison,2022,99283.0,81.0,173.0,81.58,174.25
47,115,47115,Tennessee,Marion,2022,29061.0,55.0,175.0,189.26,602.18
47,119,47119,Tennessee,Maury,2022,108048.0,119.0,357.0,110.14,330.41
47,125,47125,Tennessee,Montgomery,2022,235141.0,67.0,418.0,28.49,177.77
47,129,47129,Tennessee,Morgan,2022,21184.0,11.0,140.0,51.93,660.88
47,139,47139,Tennessee,Polk,2022,17776.0,33.0,268.0,185.64,1507.65
47,145,47145,Tennessee,Roane,2022,55279.0,50.0,240.0,90.45,434.16
47,147,47147,Tennessee,Robertson,2022,75402.0,55.0,200.0,72.94,265.24
47,149,47149,Tennessee,Rutherford,2022,362373.0,286.0,595.0,78.92,164.2
47,153,47153,Tennessee,Sequatchie,2022,16917.0,35.0,116.0,206.89,685.7
47,157,47157,Tennessee,Shelby,2022,919092.0,684.0,2476.0,74.42,269.4
47,159,47159,Tennessee,Smith,2022,20471.0,25.0,108.0,122.12,527.58
47,161,47161,Tennessee,Stewart,2022,14011.0,22.0,72.0,157.02,513.88
47,163,47163,Tennessee,Sullivan,2022,160899.0,313.0,751.0,194.53,466.75
47,165,47165,Tennessee,Sumner,2022,204002.0,127.0,294.0,62.25,144.12
47,167,47167,Tennessee,Tipton,2022,61606.0,84.0,292.0,136.35,473.98
47,171,47171,Tennessee,Unicoi,2022,17607.0,38.0,47.0,215.82,266.94
47,173,47173,Tennessee,Union,2022,20483.0,39.0,196.0,190.4,956.89
47,179,47179,Tennessee,Washington,2022,136273.0,150.0,639.0,110.07,468.91
47,187,47187,Tennessee,Williamson,2022,261335.0,135.0,283.0,51.66,108.29
47,189,47189,Tennessee,Wilson,2022,158979.0,68.0,402.0,42.77,252.86
47,003,47003,Tennessee,Bedford,2022,52045.0,73.0,213.0,140.26,409.26
47,005,47005,Tennessee,Benton,2022,15982.0,41.0,138.0,256.54,863.47
47,007,47007,Tennessee,Bledsoe,2022,14755.0,14.0,102.0,94.88,691.29
47,017,47017,Tennessee,Carroll,2022,28428.0,30.0,82.0,105.53,288.45
47,027,47027,Tennessee,Clay,2022,7621.0,3.0,22.0,39.36,288.68
47,029,47029,Tennessee,Cocke,2022,36804.0,117.0,410.0,317.9,1114.01
47,031,47031,Tennessee,Coffee,2022,59660.0,94.0,330.0,157.56,553.13
47,035,47035,Tennessee,Cumberland,2022,63524.0,62.0,450.0,97.6,708.39
47,039,47039,Tennessee,Decatur,2022,11527.0,17.0,101.0,147.48,876.2
47,041,47041,Tennessee,DeKalb,2022,20987.0,28.0,57.0,133.42,271.6
47,045,47045,Tennessee,Dyer,2022,36415.0,24.0,163.0,65.91,447.62
47,049,47049,Tennessee,Fentress,2022,19318.0,54.0,188.0,279.53,973.19
47,051,47051,Tennessee,Franklin,2022,44166.0,81.0,199.0,183.4,450.57
47,055,47055,Tennessee,Giles,2022,30572.0,20.0,81.0,65.42,264.95
47,059,47059,Tennessee,Greene,2022,71286.0,183.0,589.0,256.71,826.25
47,061,47061,Tennessee,Grundy,2022,13787.0,65.0,228.0,471.46,1653.73
47,067,47067,Tennessee,Hancock,2022,6839.0,22.0,83.0,321.68,1213.63
47,069,47069,Tennessee,Hardeman,2022,25483.0,108.0,164.0,423.81,643.57
47,071,47071,Tennessee,Hardin,2022,27215.0,52.0,291.0,191.07,1069.26
47,075,47075,Tennessee,Haywood,2022,17468.0,20.0,118.0,114.5,675.52
47,077,47077,Tennessee,Henderson,2022,27912.0,51.0,171.0,182.72,612.64
47,079,47079,Tennessee,Henry,2022,32328.0,31.0,184.0,95.89,569.17
47,081,47081,Tennessee,Hickman,2022,25466.0,93.0,356.0,365.19,1397.94
47,083,47083,Tennessee,Houston,2022,8232.0,16.0,54.0,194.36,655.98
47,085,47085,Tennessee,Humphreys,2022,19039.0,63.0,108.0,330.9,567.26
47,087,47087,Tennessee,Jackson,2022,12019.0,19.0,52.0,158.08,432.65
47,091,47091,Tennessee,Johnson,2022,18005.0,40.0,125.0,222.16,694.25
47,095,47095,Tennessee,Lake,2022,6479.0,3.0,30.0,46.3,463.03
47,097,47097,Tennessee,Lauderdale,2022,24690.0,63.0,144.0,255.16,583.23
47,099,47099,Tennessee,Lawrence,2022,45480.0,23.0,174.0,50.57,382.59
47,101,47101,Tennessee,Lewis,2022,12935.0,15.0,77.0,115.96,595.28
47,103,47103,Tennessee,Lincoln,2022,35984.0,51.0,199.0,141.73,553.02
47,117,47117,Tennessee,Marshall,2022,35857.0,46.0,65.0,128.29,181.28
47,107,47107,Tennessee,McMinn,2022,54732.0,83.0,390.0,151.65,712.56
47,109,47109,Tennessee,McNairy,2022,25968.0,54.0,299.0,207.95,1151.42
47,121,47121,Tennessee,Meigs,2022,13268.0,57.0,140.0,429.61,1055.17
47,123,47123,Tennessee,Monroe,2022,47719.0,121.0,502.0,253.57,1051.99
47,127,47127,Tennessee,Moore,2022,6726.0,6.0,44.0,89.21,654.18
47,131,47131,Tennessee,Obion,2022,30360.0,38.0,159.0,125.16,523.72
47,133,47133,Tennessee,Overton,2022,22974.0,86.0,160.0,374.34,696.44
47,141,47141,Tennessee,Putnam,2022,82590.0,63.0,293.0,76.28,354.76
47,143,47143,Tennessee,Rhea,2022,33999.0,27.0,96.0,79.41,282.36
47,151,47151,Tennessee,Scott,2022,22038.0,8.0,145.0,36.3,657.95
47,155,47155,Tennessee,Sevier,2022,99362.0,163.0,546.0,164.05,549.51
47,175,47175,Tennessee,Van Buren,2022,6457.0,5.0,12.0,77.44,185.84
47,177,47177,Tennessee,Warren,2022,41978.0,96.0,310.0,228.69,738.48
47,181,47181,Tennessee,Wayne,2022,16254.0,21.0,58.0,129.2,356.84
47,183,47183,Tennessee,Weakley,2022,33052.0,38.0,133.0,114.97,402.4
47,185,47185,Tennessee,White,2022,28016.0,21.0,83.0,74.96,296.26
48,011,48011,Texas,Armstrong,2022,1855.0,1.0,25.0,53.91,1347.71
48,013,48013,Texas,Atascosa,2022,50916.0,111.0,454.0,218.01,891.66
48,015,48015,Texas,Austin,2022,31110.0,23.0,108.0,73.93,347.16
48,019,48019,Texas,Bandera,2022,22128.0,31.0,145.0,140.09,655.28
48,021,48021,Texas,Bastrop,2022,106581.0,349.0,867.0,327.45,813.47
48,027,48027,Texas,Bell,2022,387775.0,97.0,517.0,25.01,133.32
48,029,48029,Texas,Bexar,2022,2065661.0,912.0,6082.0,44.15,294.43
48,037,48037,Texas,Bowie,2022,91623.0,43.0,233.0,46.93,254.3
48,039,48039,Texas,Brazoria,2022,388637.0,231.0,1468.0,59.44,377.73
48,041,48041,Texas,Brazos,2022,242285.0,74.0,362.0,30.54,149.41
48,051,48051,Texas,Burleson,2022,18702.0,28.0,97.0,149.72,518.66
48,055,48055,Texas,Caldwell,2022,47995.0,44.0,82.0,91.68,170.85
48,059,48059,Texas,Callahan,2022,14266.0,12.0,44.0,84.12,308.43
48,061,48061,Texas,Cameron,2022,425841.0,283.0,714.0,66.46,167.67
48,065,48065,Texas,Carson,2022,5821.0,18.0,17.0,309.23,292.05
48,071,48071,Texas,Chambers,2022,51348.0,136.0,827.0,264.86,1610.58
48,077,48077,Texas,Clay,2022,10486.0,15.0,61.0,143.05,581.73
48,085,48085,Texas,Collin,2022,1163646.0,64.0,424.0,5.5,36.44
48,091,48091,Texas,Comal,2022,184600.0,115.0,766.0,62.3,414.95
48,099,48099,Texas,Coryell,2022,84160.0,17.0,85.0,20.2,101.0
48,107,48107,Texas,Crosby,2022,5004.0,4.0,21.0,79.94,419.66
48,113,48113,Texas,Dallas,2022,2613911.0,39.0,184.0,1.49,7.04
48,121,48121,Texas,Denton,2022,980835.0,56.0,386.0,5.71,39.35
48,135,48135,Texas,Ector,2022,161879.0,98.0,254.0,60.54,156.91
48,139,48139,Texas,Ellis,2022,212488.0,86.0,384.0,40.47,180.72
48,141,48141,Texas,El Paso,2022,868332.0,360.0,973.0,41.46,112.05
48,157,48157,Texas,Fort Bend,2022,893314.0,938.0,5577.0,105.0,624.3
48,167,48167,Texas,Galveston,2022,357747.0,146.0,620.0,40.81,173.31
48,175,48175,Texas,Goliad,2022,7147.0,15.0,87.0,209.88,1217.29
48,181,48181,Texas,Grayson,2022,143277.0,73.0,436.0,50.95,304.31
48,183,48183,Texas,Gregg,2022,125614.0,78.0,243.0,62.09,193.45
48,199,48199,Texas,Hardin,2022,57802.0,53.0,238.0,91.69,411.75
48,201,48201,Texas,Harris,2022,4809691.0,9199.0,50747.0,191.26,1055.1
48,203,48203,Texas,Harrison,2022,69995.0,67.0,426.0,95.72,608.61
48,209,48209,Texas,Hays,2022,269554.0,191.0,894.0,70.86,331.66
48,215,48215,Texas,Hidalgo,2022,888619.0,564.0,2842.0,63.47,319.82
48,229,48229,Texas,Hudspeth,2022,3398.0,0.0,2.0,0.0,58.86
48,231,48231,Texas,Hunt,2022,108546.0,341.0,527.0,314.15,485.51
48,235,48235,Texas,Irion,2022,1538.0,5.0,10.0,325.1,650.2
48,245,48245,Texas,Jefferson,2022,252341.0,73.0,374.0,28.93,148.21
48,251,48251,Texas,Johnson,2022,195956.0,149.0,616.0,76.04,314.36
48,253,48253,Texas,Jones,2022,20337.0,10.0,42.0,49.17,206.52
48,257,48257,Texas,Kaufman,2022,172773.0,125.0,562.0,72.35,325.28
48,259,48259,Texas,Kendall,2022,49058.0,11.0,107.0,22.42,218.11
48,281,48281,Texas,Lampasas,2022,22769.0,9.0,21.0,39.53,92.23
48,291,48291,Texas,Liberty,2022,102615.0,194.0,817.0,189.06,796.18
48,303,48303,Texas,Lubbock,2022,317940.0,131.0,628.0,41.2,197.52
48,305,48305,Texas,Lynn,2022,5757.0,2.0,11.0,34.74,191.07
48,317,48317,Texas,Martin,2022,5267.0,9.0,107.0,170.88,2031.52
48,309,48309,Texas,McLennan,2022,266125.0,99.0,520.0,37.2,195.4
48,325,48325,Texas,Medina,2022,53739.0,57.0,285.0,106.07,530.34
48,329,48329,Texas,Midland,2022,172955.0,129.0,637.0,74.59,368.3
48,339,48339,Texas,Montgomery,2022,681285.0,1092.0,5336.0,160.29,783.23
48,355,48355,Texas,Nueces,2022,351831.0,42.0,158.0,11.94,44.91
48,359,48359,Texas,Oldham,2022,1763.0,0.0,2.0,0.0,113.44
48,361,48361,Texas,Orange,2022,85103.0,80.0,370.0,94.0,434.77
48,367,48367,Texas,Parker,2022,165814.0,131.0,902.0,79.0,543.98
48,375,48375,Texas,Potter,2022,115110.0,63.0,203.0,54.73,176.35
48,381,48381,Texas,Randall,2022,146088.0,59.0,151.0,40.39,103.36
48,395,48395,Texas,Robertson,2022,17129.0,25.0,117.0,145.95,683.05
48,397,48397,Texas,Rockwall,2022,123439.0,16.0,65.0,12.96,52.66
48,401,48401,Texas,Rusk,2022,52569.0,61.0,353.0,116.04,671.5
48,423,48423,Texas,Smith,2022,242225.0,310.0,865.0,127.98,357.11
48,431,48431,Texas,Sterling,2022,1411.0,1.0,9.0,70.87,637.85
48,439,48439,Texas,Tarrant,2022,2160356.0,139.0,750.0,6.43,34.72
48,441,48441,Texas,Taylor,2022,145346.0,20.0,84.0,13.76,57.79
48,451,48451,Texas,Tom Green,2022,118979.0,49.0,166.0,41.18,139.52
48,453,48453,Texas,Travis,2022,1335984.0,860.0,3538.0,64.37,264.82
48,459,48459,Texas,Upshur,2022,42497.0,63.0,162.0,148.25,381.2
48,469,48469,Texas,Victoria,2022,91138.0,78.0,213.0,85.58,233.71
48,473,48473,Texas,Waller,2022,62110.0,84.0,325.0,135.24,523.27
48,479,48479,Texas,Webb,2022,268450.0,44.0,134.0,16.39,49.92
48,485,48485,Texas,Wichita,2022,130106.0,20.0,79.0,15.37,60.72
48,491,48491,Texas,Williamson,2022,674478.0,175.0,1709.0,25.95,253.38
48,493,48493,Texas,Wilson,2022,52752.0,56.0,349.0,106.16,661.59
48,497,48497,Texas,Wise,2022,74888.0,94.0,357.0,125.52,476.71
48,003,48003,Texas,Andrews,2022,18343.0,1.0,56.0,5.45,305.29
48,005,48005,Texas,Angelina,2022,87209.0,148.0,552.0,169.71,632.96
48,007,48007,Texas,Aransas,2022,24963.0,73.0,160.0,292.43,640.95
48,017,48017,Texas,Bailey,2022,6835.0,2.0,12.0,29.26,175.57
48,023,48023,Texas,Baylor,2022,3466.0,1.0,10.0,28.85,288.52
48,025,48025,Texas,Bee,2022,31069.0,32.0,135.0,103.0,434.52
48,031,48031,Texas,Blanco,2022,12417.0,13.0,68.0,104.7,547.64
48,033,48033,Texas,Borden,2022,582.0,1.0,8.0,171.82,1374.57
48,035,48035,Texas,Bosque,2022,18690.0,8.0,44.0,42.8,235.42
48,043,48043,Texas,Brewster,2022,9363.0,3.0,10.0,32.04,106.8
48,045,48045,Texas,Briscoe,2022,1438.0,0.0,12.0,0.0,834.49
48,047,48047,Texas,Brooks,2022,6940.0,0.0,0.0,0.0,0.0
48,049,48049,Texas,Brown,2022,38399.0,34.0,175.0,88.54,455.74
48,053,48053,Texas,Burnet,2022,52660.0,66.0,227.0,125.33,431.07
48,057,48057,Texas,Calhoun,2022,19709.0,19.0,59.0,96.4,299.36
48,063,48063,Texas,Camp,2022,12735.0,8.0,54.0,62.82,424.03
48,067,48067,Texas,Cass,2022,28495.0,18.0,103.0,63.17,361.47
48,069,48069,Texas,Castro,2022,7285.0,5.0,16.0,68.63,219.63
48,073,48073,Texas,Cherokee,2022,51665.0,111.0,338.0,214.85,654.21
48,075,48075,Texas,Childress,2022,6837.0,1.0,23.0,14.63,336.4
48,079,48079,Texas,Cochran,2022,2533.0,1.0,36.0,39.48,1421.24
48,081,48081,Texas,Coke,2022,3349.0,1.0,154.0,29.86,4598.39
48,083,48083,Texas,Coleman,2022,7863.0,2.0,17.0,25.44,216.2
48,087,48087,Texas,Collingsworth,2022,2585.0,0.0,3.0,0.0,116.05
48,089,48089,Texas,Colorado,2022,20895.0,20.0,121.0,95.72,579.09
48,093,48093,Texas,Comanche,2022,13905.0,11.0,62.0,79.11,445.88
48,095,48095,Texas,Concho,2022,3392.0,3.0,10.0,88.44,294.81
48,097,48097,Texas,Cooke,2022,43036.0,28.0,124.0,65.06,288.13
48,103,48103,Texas,Crane,2022,4552.0,2.0,3.0,43.94,65.91
48,105,48105,Texas,Crockett,2022,2956.0,3.0,21.0,101.49,710.42
48,111,48111,Texas,Dallam,2022,7247.0,3.0,6.0,41.4,82.79
48,115,48115,Texas,Dawson,2022,12167.0,1.0,42.0,8.22,345.2
48,117,48117,Texas,Deaf Smith,2022,18423.0,8.0,26.0,43.42,141.13
48,119,48119,Texas,Delta,2022,5402.0,13.0,48.0,240.65,888.56
48,123,48123,Texas,DeWitt,2022,19790.0,16.0,68.0,80.85,343.61
48,129,48129,Texas,Donley,2022,3276.0,12.0,19.0,366.3,579.98
48,131,48131,Texas,Duval,2022,9698.0,32.0,90.0,329.96,928.03
48,133,48133,Texas,Eastland,2022,17895.0,10.0,41.0,55.88,229.11
48,137,48137,Texas,Edwards,2022,1427.0,5.0,20.0,350.39,1401.54
48,143,48143,Texas,Erath,2022,43876.0,9.0,67.0,20.51,152.7
48,147,48147,Texas,Fannin,2022,37219.0,39.0,165.0,104.79,443.32
48,149,48149,Texas,Fayette,2022,24972.0,17.0,101.0,68.08,404.45
48,151,48151,Texas,Fisher,2022,3639.0,17.0,36.0,467.16,989.28
48,153,48153,Texas,Floyd,2022,5246.0,4.0,25.0,76.25,476.55
48,155,48155,Texas,Foard,2022,1053.0,0.0,0.0,0.0,0.0
48,159,48159,Texas,Franklin,2022,10645.0,12.0,36.0,112.73,338.19
48,161,48161,Texas,Freestone,2022,19997.0,19.0,81.0,95.01,405.06
48,165,48165,Texas,Gaines,2022,22107.0,7.0,72.0,31.66,325.69
48,169,48169,Texas,Garza,2022,4502.0,9.0,36.0,199.91,799.64
48,171,48171,Texas,Gillespie,2022,27540.0,15.0,34.0,54.47,123.46
48,173,48173,Texas,Glasscock,2022,1143.0,0.0,42.0,0.0,3674.54
48,177,48177,Texas,Gonzales,2022,19847.0,40.0,118.0,201.54,594.55
48,179,48179,Texas,Gray,2022,20951.0,7.0,29.0,33.41,138.42
48,185,48185,Texas,Grimes,2022,31163.0,62.0,187.0,198.95,600.07
48,191,48191,Texas,Hall,2022,2814.0,3.0,8.0,106.61,284.29
48,193,48193,Texas,Hamilton,2022,8310.0,4.0,10.0,48.13,120.34
48,195,48195,Texas,Hansford,2022,5112.0,0.0,12.0,0.0,234.74
48,197,48197,Texas,Hardeman,2022,3505.0,4.0,17.0,114.12,485.02
48,205,48205,Texas,Hartley,2022,5216.0,2.0,4.0,38.34,76.69
48,207,48207,Texas,Haskell,2022,5422.0,2.0,18.0,36.89,331.98
48,211,48211,Texas,Hemphill,2022,3205.0,6.0,29.0,187.21,904.84
48,213,48213,Texas,Henderson,2022,84610.0,162.0,550.0,191.47,650.04
48,217,48217,Texas,Hill,2022,37314.0,54.0,253.0,144.72,678.03
48,219,48219,Texas,Hockley,2022,21205.0,20.0,125.0,94.32,589.48
48,221,48221,Texas,Hood,2022,66299.0,46.0,313.0,69.38,472.1
48,223,48223,Texas,Hopkins,2022,37815.0,26.0,40.0,68.76,105.78
48,225,48225,Texas,Houston,2022,21939.0,13.0,98.0,59.26,446.69
48,227,48227,Texas,Howard,2022,30764.0,36.0,269.0,117.02,874.4
48,233,48233,Texas,Hutchinson,2022,20175.0,16.0,53.0,79.31,262.7
48,237,48237,Texas,Jack,2022,8738.0,4.0,17.0,45.78,194.55
48,239,48239,Texas,Jackson,2022,15156.0,10.0,59.0,65.98,389.28
48,241,48241,Texas,Jasper,2022,32528.0,31.0,198.0,95.3,608.71
48,243,48243,Texas,Jeff Davis,2022,1909.0,1.0,5.0,52.38,261.92
48,247,48247,Texas,Jim Hogg,2022,4749.0,7.0,39.0,147.4,821.23
48,249,48249,Texas,Jim Wells,2022,38747.0,81.0,221.0,209.05,570.37
48,255,48255,Texas,Karnes,2022,14989.0,5.0,81.0,33.36,540.4
48,261,48261,Texas,Kenedy,2022,356.0,1.0,2.0,280.9,561.8
48,265,48265,Texas,Kerr,2022,53782.0,40.0,166.0,74.37,308.65
48,267,48267,Texas,Kimble,2022,4445.0,1.0,3.0,22.5,67.49
48,269,48269,Texas,King,2022,231.0,0.0,0.0,0.0,0.0
48,273,48273,Texas,Kleberg,2022,30437.0,10.0,29.0,32.85,95.28
48,277,48277,Texas,Lamar,2022,50488.0,46.0,187.0,91.11,370.39
48,279,48279,Texas,Lamb,2022,12747.0,9.0,29.0,70.6,227.5
48,283,48283,Texas,La Salle,2022,6513.0,1.0,8.0,15.35,122.83
48,285,48285,Texas,Lavaca,2022,20658.0,11.0,48.0,53.25,232.36
48,287,48287,Texas,Lee,2022,17972.0,23.0,69.0,127.98,383.93
48,289,48289,Texas,Leon,2022,16219.0,21.0,147.0,129.48,906.34
48,293,48293,Texas,Limestone,2022,22337.0,40.0,164.0,179.08,734.21
48,295,48295,Texas,Lipscomb,2022,2856.0,3.0,5.0,105.04,175.07
48,299,48299,Texas,Llano,2022,22739.0,23.0,161.0,101.15,708.03
48,301,48301,Texas,Loving,2022,46.0,0.0,23.0,0.0,50000.0
48,313,48313,Texas,Madison,2022,13634.0,11.0,37.0,80.68,271.38
48,315,48315,Texas,Marion,2022,9673.0,32.0,111.0,330.82,1147.52
48,319,48319,Texas,Mason,2022,3983.0,0.0,3.0,0.0,75.32
48,321,48321,Texas,Matagorda,2022,36107.0,98.0,301.0,271.42,833.63
48,323,48323,Texas,Maverick,2022,57718.0,90.0,481.0,155.93,833.36
48,307,48307,Texas,McCulloch,2022,7505.0,9.0,25.0,119.92,333.11
48,331,48331,Texas,Milam,2022,25668.0,5.0,61.0,19.48,237.65
48,333,48333,Texas,Mills,2022,4497.0,4.0,15.0,88.95,333.56
48,337,48337,Texas,Montague,2022,21106.0,24.0,101.0,113.71,478.54
48,341,48341,Texas,Moore,2022,21092.0,12.0,30.0,56.89,142.23
48,343,48343,Texas,Morris,2022,12074.0,23.0,29.0,190.49,240.19
48,345,48345,Texas,Motley,2022,1030.0,6.0,3.0,582.52,291.26
48,347,48347,Texas,Nacogdoches,2022,65015.0,33.0,222.0,50.76,341.46
48,349,48349,Texas,Navarro,2022,54755.0,54.0,202.0,98.62,368.92
48,351,48351,Texas,Newton,2022,12086.0,19.0,68.0,157.21,562.63
48,353,48353,Texas,Nolan,2022,14434.0,8.0,23.0,55.42,159.35
48,357,48357,Texas,Ochiltree,2022,9662.0,5.0,22.0,51.75,227.7
48,363,48363,Texas,Palo Pinto,2022,29312.0,25.0,114.0,85.29,388.92
48,365,48365,Texas,Panola,2022,22722.0,41.0,164.0,180.44,721.77
48,369,48369,Texas,Parmer,2022,9642.0,1.0,50.0,10.37,518.56
48,373,48373,Texas,Polk,2022,52834.0,79.0,464.0,149.52,878.22
48,377,48377,Texas,Presidio,2022,5934.0,0.0,1.0,0.0,16.85
48,383,48383,Texas,Reagan,2022,3154.0,4.0,23.0,126.82,729.23
48,385,48385,Texas,Real,2022,2814.0,4.0,55.0,142.15,1954.51
48,387,48387,Texas,Red River,2022,11606.0,12.0,29.0,103.39,249.87
48,391,48391,Texas,Refugio,2022,6650.0,7.0,35.0,105.26,526.32
48,393,48393,Texas,Roberts,2022,805.0,0.0,1.0,0.0,124.22
48,399,48399,Texas,Runnels,2022,9888.0,5.0,13.0,50.57,131.47
48,403,48403,Texas,Sabine,2022,10039.0,12.0,39.0,119.53,388.48
48,405,48405,Texas,San Augustine,2022,7880.0,16.0,69.0,203.05,875.63
48,413,48413,Texas,Schleicher,2022,2350.0,4.0,15.0,170.21,638.3
48,415,48415,Texas,Scurry,2022,16220.0,7.0,47.0,43.16,289.77
48,417,48417,Texas,Shackelford,2022,3211.0,6.0,12.0,186.86,373.72
48,419,48419,Texas,Shelby,2022,24165.0,33.0,204.0,136.56,844.2
48,425,48425,Texas,Somervell,2022,9793.0,1.0,76.0,10.21,776.06
48,427,48427,Texas,Starr,2022,65696.0,45.0,133.0,68.5,202.45
48,429,48429,Texas,Stephens,2022,9368.0,8.0,32.0,85.4,341.59
48,435,48435,Texas,Sutton,2022,3242.0,1.0,3.0,30.85,92.54
48,437,48437,Texas,Swisher,2022,6944.0,3.0,16.0,43.2,230.41
48,443,48443,Texas,Terrell,2022,697.0,0.0,0.0,0.0,0.0
48,445,48445,Texas,Terry,2022,11437.0,1.0,57.0,8.74,498.38
48,447,48447,Texas,Throckmorton,2022,1546.0,1.0,5.0,64.68,323.42
48,449,48449,Texas,Titus,2022,31222.0,33.0,131.0,105.69,419.58
48,455,48455,Texas,Trinity,2022,13992.0,20.0,78.0,142.94,557.46
48,457,48457,Texas,Tyler,2022,20444.0,24.0,140.0,117.39,684.8
48,461,48461,Texas,Upton,2022,3153.0,3.0,21.0,95.15,666.03
48,463,48463,Texas,Uvalde,2022,24863.0,18.0,74.0,72.4,297.63
48,465,48465,Texas,Val Verde,2022,47552.0,57.0,134.0,119.87,281.8
48,467,48467,Texas,Van Zandt,2022,62858.0,44.0,270.0,70.0,429.54
48,471,48471,Texas,Walker,2022,79826.0,67.0,309.0,83.93,387.09
48,475,48475,Texas,Ward,2022,10953.0,13.0,136.0,118.69,1241.67
48,477,48477,Texas,Washington,2022,36371.0,30.0,99.0,82.48,272.19
48,481,48481,Texas,Wharton,2022,41815.0,82.0,289.0,196.1,691.14
48,483,48483,Texas,Wheeler,2022,4797.0,5.0,8.0,104.23,166.77
48,487,48487,Texas,Wilbarger,2022,12540.0,2.0,18.0,15.95,143.54
48,489,48489,Texas,Willacy,2022,20197.0,19.0,71.0,94.07,351.54
48,495,48495,Texas,Winkler,2022,7391.0,3.0,53.0,40.59,717.09
48,499,48499,Texas,Wood,2022,47141.0,61.0,268.0,129.4,568.51
48,501,48501,Texas,Yoakum,2022,7490.0,10.0,33.0,133.51,440.59
48,503,48503,Texas,Young,2022,17997.0,9.0,20.0,50.01,111.13
48,505,48505,Texas,Zapata,2022,13827.0,5.0,33.0,36.16,238.66
48,507,48507,Texas,Zavala,2022,9390.0,14.0,44.0,149.09,468.58
49,003,49003,Utah,Box Elder,2022,61548.0,10.0,91.0,16.25,147.85
49,005,49005,Utah,Cache,2022,140419.0,72.0,254.0,51.28,180.89
49,011,49011,Utah,Davis,2022,370527.0,17.0,190.0,4.59,51.28
49,029,49029,Utah,Morgan,2022,12857.0,12.0,80.0,93.33,622.23
,,,Utah,Salt Lake County Unified Police Department,2022,1194746.0,513.0,5215.0,42.94,436.49
49,045,49045,Utah,Tooele,2022,80029.0,51.0,252.0,63.73,314.89
49,049,49049,Utah,Utah,2022,705241.0,75.0,290.0,10.63,41.12
49,053,49053,Utah,Washington,2022,197936.0,29.0,81.0,14.65,40.92
49,057,49057,Utah,Weber,2022,269800.0,88.0,685.0,32.62,253.89
49,001,49001,Utah,Beaver,2022,7334.0,13.0,55.0,177.26,749.93
49,007,49007,Utah,Carbon,2022,20517.0,19.0,59.0,92.61,287.57
49,013,49013,Utah,Duchesne,2022,20156.0,51.0,216.0,253.03,1071.64
49,017,49017,Utah,Garfield,2022,5268.0,6.0,39.0,113.9,740.32
49,019,49019,Utah,Grand,2022,9807.0,10.0,52.0,101.97,530.23
49,021,49021,Utah,Iron,2022,62544.0,21.0,91.0,33.58,145.5
49,025,49025,Utah,Kane,2022,8205.0,16.0,23.0,195.0,280.32
49,027,49027,Utah,Millard,2022,13393.0,28.0,137.0,209.06,1022.92
49,037,49037,Utah,San Juan,2022,14383.0,4.0,7.0,27.81,48.67
49,039,49039,Utah,Sanpete,2022,29771.0,29.0,56.0,97.41,188.1
49,041,49041,Utah,Sevier,2022,22078.0,9.0,67.0,40.76,303.47
49,043,49043,Utah,Summit,2022,43106.0,63.0,359.0,146.15,832.83
49,051,49051,Utah,Wasatch,2022,36671.0,30.0,83.0,81.81,226.34
50,011,50011,Vermont,Franklin,2022,50708.0,26.0,163.0,51.27,321.45
50,015,50015,Vermont,Lamoille,2022,26141.0,11.0,69.0,42.08,263.95
50,017,50017,Vermont,Orange,2022,29883.0,8.0,25.0,26.77,83.66
50,019,50019,Vermont,Orleans,2022,27623.0,11.0,85.0,39.82,307.71
50,021,50021,Vermont,Rutland,2022,60393.0,3.0,11.0,4.97,18.21
50,025,50025,Vermont,Windham,2022,45925.0,1.0,9.0,2.18,19.6
,,,Virginia,Albemarle County Police Department,2022,114871.0,120.0,1800.0,104.47,1566.98
51,007,51007,Virginia,Amelia,2022,13418.0,16.0,127.0,119.24,946.49
51,009,51009,Virginia,Amherst,2022,31525.0,65.0,350.0,206.19,1110.23
51,011,51011,Virginia,Appomattox,2022,16695.0,32.0,100.0,191.67,598.98
,,,Virginia,Arlington County Police Department,2022,233476.0,600.0,4096.0,256.99,1754.36
51,015,51015,Virginia,Augusta,2022,77931.0,79.0,739.0,101.37,948.27
51,019,51019,Virginia,Bedford,2022,80832.0,78.0,530.0,96.5,655.68
51,023,51023,Virginia,Botetourt,2022,34088.0,40.0,205.0,117.34,601.38
51,031,51031,Virginia,Campbell,2022,55034.0,90.0,580.0,163.54,1053.89
51,036,51036,Virginia,Charles City,2022,6582.0,10.0,56.0,151.93,850.81
,,,Virginia,Chesterfield County Police Department,2022,378739.0,741.0,5205.0,195.65,1374.3
51,043,51043,Virginia,Clarke,2022,15311.0,4.0,43.0,26.13,280.84
51,045,51045,Virginia,Craig,2022,4855.0,8.0,30.0,164.78,617.92
51,047,51047,Virginia,Culpeper,2022,54315.0,51.0,121.0,93.9,222.77
51,053,51053,Virginia,Dinwiddie,2022,28137.0,121.0,318.0,430.04,1130.18
,,,Virginia,Fairfax County Police Department,2022,1138853.0,1212.0,16752.0,106.42,1470.95
,,,Virginia,Fairfax County Police Department,2022,24657.0,1212.0,16752.0,4915.44,67940.14
51,061,51061,Virginia,Fauquier,2022,74689.0,49.0,260.0,65.61,348.11
51,065,51065,Virginia,Fluvanna,2022,28126.0,34.0,152.0,120.88,540.43
51,067,51067,Virginia,Franklin,2022,55054.0,62.0,403.0,112.62,732.01
51,067,51067,Virginia,Franklin,2022,8251.0,62.0,403.0,751.42,4884.26
51,069,51069,Virginia,Frederick,2022,94855.0,55.0,891.0,57.98,939.33
51,071,51071,Virginia,Giles,2022,16434.0,18.0,89.0,109.53,541.56
51,073,51073,Virginia,Gloucester,2022,39554.0,44.0,348.0,111.24,879.81
51,075,51075,Virginia,Goochland,2022,26212.0,23.0,199.0,87.75,759.19
51,079,51079,Virginia,Greene,2022,21021.0,13.0,235.0,61.84,1117.93
51,085,51085,Virginia,Hanover,2022,112955.0,190.0,977.0,168.21,864.95
,,,Virginia,Henrico County Police Department,2022,335033.0,667.0,8087.0,199.08,2413.79
51,093,51093,Virginia,Isle of Wight,2022,40133.0,53.0,232.0,132.06,578.08
,,,Virginia,James City County Police Department,2022,,91.0,825.0,,
51,097,51097,Virginia,King and Queen,2022,6712.0,6.0,17.0,89.39,253.28
51,101,51101,Virginia,King William,2022,18518.0,16.0,79.0,86.4,426.61
51,107,51107,Virginia,Loudoun,2022,432672.0,295.0,2362.0,68.18,545.91
51,113,51113,Virginia,Madison,2022,14003.0,5.0,88.0,35.71,628.44
51,115,51115,Virginia,Mathews,2022,8469.0,12.0,53.0,141.69,625.81
51,121,51121,Virginia,Montgomery,2022,98746.0,116.0,288.0,117.47,291.66
51,125,51125,Virginia,Nelson,2022,14687.0,23.0,167.0,156.6,1137.06
51,127,51127,Virginia,New Kent,2022,24972.0,48.0,146.0,192.22,584.65
51,145,51145,Virginia,Powhatan,2022,31592.0,55.0,348.0,174.09,1101.54
,,,Virginia,Prince George County Police Department,2022,43086.0,131.0,457.0,304.04,1060.67
,,,Virginia,Prince William County Police Department,2022,487524.0,1300.0,6387.0,266.65,1310.09
51,155,51155,Virginia,Pulaski,2022,33650.0,32.0,543.0,95.1,1613.67
51,157,51157,Virginia,Rappahannock,2022,7444.0,10.0,50.0,134.34,671.68
,,,Virginia,Roanoke County Police Department,2022,96878.0,226.0,1090.0,233.28,1125.13
,,,Virginia,Roanoke County Police Department,2022,97922.0,226.0,1090.0,230.8,1113.13
51,165,51165,Virginia,Rockingham,2022,85494.0,86.0,315.0,100.59,368.45
51,169,51169,Virginia,Scott,2022,21506.0,48.0,258.0,223.19,1199.67
51,175,51175,Virginia,Southampton,2022,17896.0,24.0,199.0,134.11,1111.98
51,177,51177,Virginia,Spotsylvania,2022,146798.0,237.0,655.0,161.45,446.19
51,179,51179,Virginia,Stafford,2022,163226.0,307.0,1374.0,188.08,841.78
51,183,51183,Virginia,Sussex,2022,10657.0,40.0,126.0,375.34,1182.32
51,187,51187,Virginia,Warren,2022,41424.0,23.0,203.0,55.52,490.05
51,191,51191,Virginia,Washington,2022,53863.0,43.0,587.0,79.83,1089.8
51,199,51199,Virginia,York,2022,71206.0,117.0,1070.0,164.31,1502.68
51,001,51001,Virginia,Accomack,2022,33221.0,96.0,221.0,288.97,665.24
51,005,51005,Virginia,Alleghany,2022,14757.0,17.0,232.0,115.2,1572.14
51,017,51017,Virginia,Bath,2022,4074.0,5.0,10.0,122.73,245.46
51,021,51021,Virginia,Bland,2022,6151.0,2.0,50.0,32.52,812.88
51,025,51025,Virginia,Brunswick,2022,15846.0,18.0,117.0,113.59,738.36
51,027,51027,Virginia,Buchanan,2022,19318.0,62.0,262.0,320.94,1356.25
51,029,51029,Virginia,Buckingham,2022,16979.0,14.0,164.0,82.45,965.9
51,033,51033,Virginia,Caroline,2022,31973.0,68.0,232.0,212.68,725.61
51,035,51035,Virginia,Carroll,2022,29097.0,28.0,210.0,96.23,721.72
51,037,51037,Virginia,Charlotte,2022,11422.0,13.0,101.0,113.82,884.26
51,049,51049,Virginia,Cumberland,2022,9758.0,10.0,33.0,102.48,338.18
51,051,51051,Virginia,Dickenson,2022,13711.0,11.0,50.0,80.23,364.67
51,057,51057,Virginia,Essex,2022,10635.0,19.0,47.0,178.66,441.94
51,063,51063,Virginia,Floyd,2022,15616.0,14.0,72.0,89.65,461.07
51,077,51077,Virginia,Grayson,2022,15320.0,7.0,128.0,45.69,835.51
51,083,51083,Virginia,Halifax,2022,33612.0,33.0,148.0,98.18,440.32
51,089,51089,Virginia,Henry,2022,49772.0,118.0,759.0,237.08,1524.95
51,099,51099,Virginia,King George,2022,27868.0,37.0,272.0,132.77,976.03
51,103,51103,Virginia,Lancaster,2022,10835.0,17.0,35.0,156.9,323.03
51,105,51105,Virginia,Lee,2022,21853.0,44.0,218.0,201.35,997.57
51,109,51109,Virginia,Louisa,2022,39989.0,35.0,321.0,87.52,802.72
51,111,51111,Virginia,Lunenburg,2022,12016.0,12.0,58.0,99.87,482.69
51,117,51117,Virginia,Mecklenburg,2022,30494.0,31.0,134.0,101.66,439.43
51,119,51119,Virginia,Middlesex,2022,10953.0,9.0,90.0,82.17,821.69
51,131,51131,Virginia,Northampton,2022,11969.0,21.0,61.0,175.45,509.65
51,135,51135,Virginia,Nottoway,2022,15558.0,11.0,75.0,70.7,482.07
51,137,51137,Virginia,Orange,2022,38015.0,56.0,164.0,147.31,431.41
51,139,51139,Virginia,Page,2022,23744.0,17.0,140.0,71.6,589.62
51,141,51141,Virginia,Patrick,2022,17559.0,47.0,215.0,267.67,1224.44
51,143,51143,Virginia,Pittsylvania,2022,59862.0,59.0,372.0,98.56,621.43
51,147,51147,Virginia,Prince Edward,2022,21848.0,30.0,100.0,137.31,457.71
51,159,51159,Virginia,Richmond,2022,9096.0,17.0,20.0,186.9,219.88
51,159,51159,Virginia,Richmond,2022,228936.0,17.0,20.0,7.43,8.74
51,163,51163,Virginia,Rockbridge,2022,22600.0,28.0,279.0,123.89,1234.51
51,167,51167,Virginia,Russell,2022,25449.0,43.0,145.0,168.97,569.77
51,171,51171,Virginia,Shenandoah,2022,44892.0,31.0,183.0,69.05,407.65
51,173,51173,Virginia,Smyth,2022,29398.0,19.0,157.0,64.63,534.05
51,181,51181,Virginia,Surry,2022,6503.0,5.0,43.0,76.89,661.23
51,185,51185,Virginia,Tazewell,2022,39638.0,50.0,226.0,126.14,570.16
51,193,51193,Virginia,Westmoreland,2022,18712.0,34.0,84.0,181.7,448.91
51,195,51195,Virginia,Wise,2022,35341.0,60.0,359.0,169.77,1015.82
51,197,51197,Virginia,Wythe,2022,28149.0,16.0,148.0,56.84,525.77
53,003,53003,Washington,Asotin,2022,22489.0,15.0,168.0,66.7,747.03
53,005,53005,Washington,Benton,2022,212818.0,73.0,610.0,34.3,286.63
53,007,53007,Washington,Chelan,2022,80011.0,25.0,317.0,31.25,396.2
53,011,53011,Washington,Clark,2022,516807.0,348.0,3904.0,67.34,755.41
53,015,53015,Washington,Cowlitz,2022,112021.0,67.0,472.0,59.81,421.35
53,017,53017,Washington,Douglas,2022,44116.0,24.0,302.0,54.4,684.56
53,021,53021,Washington,Franklin,2022,98445.0,33.0,243.0,33.52,246.84
53,033,53033,Washington,King,2022,2265822.0,656.0,3973.0,28.95,175.34
53,035,53035,Washington,Kitsap,2022,277805.0,595.0,3974.0,214.18,1430.5
53,053,53053,Washington,Pierce,2022,927456.0,1541.0,9473.0,166.15,1021.4
53,057,53057,Washington,Skagit,2022,131116.0,78.0,878.0,59.49,669.64
53,059,53059,Washington,Skamania,2022,12456.0,8.0,76.0,64.23,610.15
53,061,53061,Washington,Snohomish,2022,840860.0,481.0,3922.0,57.2,466.43
53,063,53063,Washington,Spokane,2022,549602.0,220.0,2637.0,40.03,479.8
53,065,53065,Washington,Stevens,2022,48282.0,27.0,224.0,55.92,463.94
53,067,53067,Washington,Thurston,2022,298556.0,248.0,1607.0,83.07,538.26
53,071,53071,Washington,Walla Walla,2022,62022.0,44.0,246.0,70.94,396.63
53,073,53073,Washington,Whatcom,2022,230641.0,141.0,910.0,61.13,394.55
53,077,53077,Washington,Yakima,2022,256550.0,175.0,1339.0,68.21,521.93
53,001,53001,Washington,Adams,2022,20849.0,48.0,376.0,230.23,1803.44
53,009,53009,Washington,Clallam,2022,77638.0,69.0,512.0,88.87,659.47
53,013,53013,Washington,Columbia,2022,4021.0,4.0,93.0,99.48,2312.86
53,019,53019,Washington,Ferry,2022,7440.0,7.0,34.0,94.09,456.99
53,023,53023,Washington,Garfield,2022,2354.0,30.0,39.0,1274.43,1656.75
53,025,53025,Washington,Grant,2022,101277.0,116.0,1085.0,114.54,1071.32
53,027,53027,Washington,Grays Harbor,2022,77108.0,37.0,297.0,47.98,385.17
53,029,53029,Washington,Island,2022,86738.0,41.0,609.0,47.27,702.11
53,031,53031,Washington,Jefferson,2022,33597.0,32.0,361.0,95.25,1074.5
53,037,53037,Washington,Kittitas,2022,47322.0,30.0,228.0,63.4,481.81
53,041,53041,Washington,Lewis,2022,85293.0,85.0,592.0,99.66,694.08
53,043,53043,Washington,Lincoln,2022,11602.0,19.0,108.0,163.76,930.87
53,045,53045,Washington,Mason,2022,68244.0,90.0,782.0,131.88,1145.89
53,051,53051,Washington,Pend Oreille,2022,14145.0,18.0,145.0,127.25,1025.1
53,055,53055,Washington,San Juan,2022,18668.0,6.0,125.0,32.14,669.6
53,069,53069,Washington,Wahkiakum,2022,4693.0,2.0,17.0,42.62,362.24
54,003,54003,West Virginia,Berkeley,2022,129515.0,98.0,326.0,75.67,251.71
54,011,54011,West Virginia,Cabell,2022,92492.0,54.0,506.0,58.38,547.07
54,019,54019,West Virginia,Fayette,2022,39408.0,29.0,162.0,73.59,411.08
54,035,54035,West Virginia,Jackson,2022,27614.0,56.0,27.0,202.8,97.78
54,037,54037,West Virginia,Jefferson,2022,58935.0,32.0,167.0,54.3,283.36
54,051,54051,West Virginia,Marshall,2022,29687.0,11.0,55.0,37.05,185.27
54,057,54057,West Virginia,Mineral,2022,26871.0,7.0,43.0,26.05,160.02
54,077,54077,West Virginia,Preston,2022,34227.0,4.0,78.0,11.69,227.89
54,081,54081,West Virginia,Raleigh,2022,72858.0,103.0,562.0,141.37,771.36
54,105,54105,West Virginia,Wirt,2022,5097.0,6.0,16.0,117.72,313.91
54,017,54017,West Virginia,Doddridge,2022,7720.0,14.0,37.0,181.35,479.27
54,023,54023,West Virginia,Grant,2022,10963.0,9.0,1.0,82.09,9.12
54,031,54031,West Virginia,Hardy,2022,14232.0,2.0,10.0,14.05,70.26
54,045,54045,West Virginia,Logan,2022,31250.0,81.0,3.0,259.2,9.6
54,049,54049,West Virginia,Marion,2022,55806.0,41.0,166.0,73.47,297.46
54,047,54047,West Virginia,McDowell,2022,17795.0,6.0,1.0,33.72,5.62
54,059,54059,West Virginia,Mingo,2022,22433.0,35.0,18.0,156.02,80.24
54,063,54063,West Virginia,Monroe,2022,12312.0,0.0,16.0,0.0,129.95
54,067,54067,West Virginia,Nicholas,2022,24257.0,79.0,6.0,325.68,24.74
54,073,54073,West Virginia,Pleasants,2022,7568.0,0.0,0.0,0.0,0.0
54,083,54083,West Virginia,Randolph,2022,27556.0,52.0,89.0,188.71,322.98
54,089,54089,West Virginia,Summers,2022,11693.0,11.0,20.0,94.07,171.04
54,097,54097,West Virginia,Upshur,2022,23717.0,3.0,4.0,12.65,16.87
54,103,54103,West Virginia,Wetzel,2022,14012.0,45.0,37.0,321.15,264.06
54,109,54109,West Virginia,Wyoming,2022,20573.0,59.0,46.0,286.78,223.59
55,009,55009,Wisconsin,Brown,2022,270667.0,98.0,819.0,36.21,302.59
55,015,55015,Wisconsin,Calumet,2022,52795.0,9.0,88.0,17.05,166.68
55,017,55017,Wisconsin,Chippewa,2022,66774.0,35.0,191.0,52.42,286.04
55,021,55021,Wisconsin,Columbia,2022,58383.0,35.0,134.0,59.95,229.52
55,025,55025,Wisconsin,Dane,2022,570754.0,99.0,544.0,17.35,95.31
55,031,55031,Wisconsin,Douglas,2022,44217.0,14.0,164.0,31.66,370.9
55,035,55035,Wisconsin,Eau Claire,2022,106836.0,15.0,188.0,14.04,175.97
55,039,55039,Wisconsin,Fond du Lac,2022,104103.0,36.0,137.0,34.58,131.6
55,045,55045,Wisconsin,Green,2022,36888.0,6.0,69.0,16.27,187.05
55,049,55049,Wisconsin,Iowa,2022,23950.0,14.0,36.0,58.46,150.31
55,059,55059,Wisconsin,Kenosha,2022,167870.0,75.0,477.0,44.68,284.15
55,061,55061,Wisconsin,Kewaunee,2022,20708.0,15.0,45.0,72.44,217.31
55,063,55063,Wisconsin,La Crosse,2022,120346.0,11.0,112.0,9.14,93.06
55,069,55069,Wisconsin,Lincoln,2022,28341.0,128.0,77.0,451.64,271.69
55,073,55073,Wisconsin,Marathon,2022,138207.0,56.0,307.0,40.52,222.13
55,079,55079,Wisconsin,Milwaukee,2022,921471.0,54.0,46.0,5.86,4.99
55,083,55083,Wisconsin,Oconto,2022,39639.0,31.0,191.0,78.21,481.85
55,087,55087,Wisconsin,Outagamie,2022,192510.0,35.0,421.0,18.18,218.69
55,089,55089,Wisconsin,Ozaukee,2022,93080.0,14.0,95.0,15.04,102.06
55,093,55093,Wisconsin,Pierce,2022,42557.0,10.0,62.0,23.5,145.69
55,101,55101,Wisconsin,Racine,2022,196642.0,34.0,99.0,17.29,50.35
55,105,55105,Wisconsin,Rock,2022,163954.0,45.0,193.0,27.45,117.72
55,117,55117,Wisconsin,Sheboygan,2022,117787.0,36.0,328.0,30.56,278.47
55,109,55109,Wisconsin,St. Croix,2022,96116.0,56.0,297.0,58.26,309.0
55,131,55131,Wisconsin,Washington,2022,138062.0,22.0,136.0,15.93,98.51
55,133,55133,Wisconsin,Waukesha,2022,410846.0,42.0,296.0,10.22,72.05
55,139,55139,Wisconsin,Winnebago,2022,170984.0,15.0,250.0,8.77,146.21
55,001,55001,Wisconsin,Adams,2022,21276.0,33.0,116.0,155.1,545.22
55,003,55003,Wisconsin,Ashland,2022,16076.0,17.0,47.0,105.75,292.36
55,005,55005,Wisconsin,Barron,2022,46776.0,18.0,102.0,38.48,218.06
55,007,55007,Wisconsin,Bayfield,2022,16672.0,17.0,124.0,101.97,743.76
55,011,55011,Wisconsin,Buffalo,2022,13402.0,12.0,27.0,89.54,201.46
55,013,55013,Wisconsin,Burnett,2022,16972.0,31.0,199.0,182.65,1172.52
55,019,55019,Wisconsin,Clark,2022,34772.0,17.0,88.0,48.89,253.08
55,023,55023,Wisconsin,Crawford,2022,16036.0,24.0,250.0,149.66,1558.99
55,027,55027,Wisconsin,Dodge,2022,88642.0,45.0,152.0,50.77,171.48
55,029,55029,Wisconsin,Door,2022,30629.0,2.0,21.0,6.53,68.56
55,037,55037,Wisconsin,Florence,2022,4706.0,12.0,7.0,254.99,148.75
55,041,55041,Wisconsin,Forest,2022,9344.0,10.0,45.0,107.02,481.59
55,043,55043,Wisconsin,Grant,2022,51326.0,26.0,142.0,50.66,276.66
55,047,55047,Wisconsin,Green Lake,2022,19224.0,2.0,35.0,10.4,182.06
55,051,55051,Wisconsin,Iron,2022,6222.0,6.0,12.0,96.43,192.86
55,055,55055,Wisconsin,Jefferson,2022,85883.0,23.0,128.0,26.78,149.04
55,057,55057,Wisconsin,Juneau,2022,26743.0,37.0,150.0,138.35,560.89
55,065,55065,Wisconsin,Lafayette,2022,16957.0,15.0,51.0,88.46,300.76
55,071,55071,Wisconsin,Manitowoc,2022,81400.0,21.0,114.0,25.8,140.05
55,075,55075,Wisconsin,Marinette,2022,41971.0,31.0,139.0,73.86,331.18
55,077,55077,Wisconsin,Marquette,2022,15797.0,3.0,77.0,18.99,487.43
55,081,55081,Wisconsin,Monroe,2022,46043.0,22.0,38.0,47.78,82.53
55,085,55085,Wisconsin,Oneida,2022,38225.0,25.0,105.0,65.4,274.69
55,095,55095,Wisconsin,Polk,2022,45590.0,50.0,135.0,109.67,296.12
55,097,55097,Wisconsin,Portage,2022,70764.0,47.0,123.0,66.42,173.82
55,099,55099,Wisconsin,Price,2022,14167.0,3.0,56.0,21.18,395.28
55,103,55103,Wisconsin,Richland,2022,17167.0,8.0,41.0,46.6,238.83
55,107,55107,Wisconsin,Rusk,2022,14160.0,33.0,41.0,233.05,289.55
55,111,55111,Wisconsin,Sauk,2022,65944.0,36.0,212.0,54.59,321.48
55,113,55113,Wisconsin,Sawyer,2022,18556.0,44.0,97.0,237.12,522.74
55,115,55115,Wisconsin,Shawano,2022,40976.0,24.0,148.0,58.57,361.19
55,119,55119,Wisconsin,Taylor,2022,19976.0,10.0,96.0,50.06,480.58
55,121,55121,Wisconsin,Trempealeau,2022,30923.0,8.0,36.0,25.87,116.42
55,123,55123,Wisconsin,Vernon,2022,31080.0,14.0,107.0,45.05,344.27
55,125,55125,Wisconsin,Vilas,2022,23722.0,0.0,68.0,0.0,286.65
55,127,55127,Wisconsin,Walworth,2022,105843.0,19.0,75.0,17.95,70.86
55,129,55129,Wisconsin,Washburn,2022,16905.0,13.0,45.0,76.9,266.19
55,135,55135,Wisconsin,Waupaca,2022,51660.0,16.0,35.0,30.97,67.75
55,137,55137,Wisconsin,Waushara,2022,24923.0,18.0,132.0,72.22,529.63
55,141,55141,Wisconsin,Wood,2022,73879.0,45.0,98.0,60.91,132.65
56,021,56021,Wyoming,Laramie,2022,100806.0,52.0,324.0,51.58,321.41
56,025,56025,Wyoming,Natrona,2022,79585.0,16.0,112.0,20.1,140.73
56,001,56001,Wyoming,Albany,2022,38253.0,10.0,49.0,26.14,128.09
56,005,56005,Wyoming,Campbell,2022,47058.0,23.0,106.0,48.88,225.25
56,009,56009,Wyoming,Converse,2022,13773.0,3.0,43.0,21.78,312.21
56,011,56011,Wyoming,Crook,2022,7418.0,3.0,27.0,40.44,363.98
56,015,56015,Wyoming,Goshen,2022,12633.0,2.0,49.0,15.83,387.87
56,017,56017,Wyoming,Hot Springs,2022,4612.0,0.0,10.0,0.0,216.83
56,019,56019,Wyoming,Johnson,2022,8736.0,3.0,39.0,34.34,446.43
56,023,56023,Wyoming,Lincoln,2022,20674.0,18.0,76.0,87.07,367.61
56,027,56027,Wyoming,Niobrara,2022,2341.0,0.0,6.0,0.0,256.3
56,029,56029,Wyoming,Park,2022,30526.0,20.0,69.0,65.52,226.04
56,033,56033,Wyoming,Sheridan,2022,32050.0,7.0,38.0,21.84,118.56
56,035,56035,Wyoming,Sublette,2022,8760.0,6.0,34.0,68.49,388.13
56,037,56037,Wyoming,Sweetwater,2022,41319.0,15.0,82.0,36.3,198.46
56,039,56039,Wyoming,Teton,2022,23324.0,5.0,39.0,21.44,167.21
56,041,56041,Wyoming,Uinta,2022,20715.0,8.0,48.0,38.62,231.72
56,043,56043,Wyoming,Washakie,2022,7738.0,5.0,7.0,64.62,90.46
56,045,56045,Wyoming,Weston,2022,6870.0,2.0,20.0,29.11,291.12
01,001,01001,Alabama,Autauga,2023,60502.0,47.0,220.0,77.68,363.62
01,003,01003,Alabama,Baldwin,2023,254193.0,108.0,196.0,42.49,77.11
01,007,01007,Alabama,Bibb,2023,21881.0,25.0,82.0,114.25,374.75
01,009,01009,Alabama,Blount,2023,59771.0,111.0,376.0,185.71,629.07
01,015,01015,Alabama,Calhoun,2023,116341.0,215.0,246.0,184.8,211.45
01,021,01021,Alabama,Chilton,2023,46554.0,93.0,312.0,199.77,670.19
01,033,01033,Alabama,Colbert,2023,58459.0,21.0,73.0,35.92,124.87
01,051,01051,Alabama,Elmore,2023,90478.0,35.0,226.0,38.68,249.78
01,055,01055,Alabama,Etowah,2023,103227.0,17.0,63.0,16.47,61.03
01,063,01063,Alabama,Greene,2023,7317.0,7.0,31.0,95.67,423.67
01,067,01067,Alabama,Henry,2023,17901.0,31.0,82.0,173.17,458.07
01,069,01069,Alabama,Houston,2023,108726.0,125.0,488.0,114.97,448.83
01,073,01073,Alabama,Jefferson,2023,664419.0,712.0,2916.0,107.16,438.88
01,077,01077,Alabama,Lauderdale,2023,96794.0,110.0,393.0,113.64,406.02
01,079,01079,Alabama,Lawrence,2023,33516.0,27.0,82.0,80.56,244.66
01,081,01081,Alabama,Lee,2023,184003.0,170.0,740.0,92.39,402.17
01,087,01087,Alabama,Macon,2023,18365.0,14.0,55.0,76.23,299.48
01,089,01089,Alabama,Madison,2023,413411.0,300.0,1484.0,72.57,358.96
01,097,01097,Alabama,Mobile,2023,411693.0,165.0,755.0,40.08,183.39
01,101,01101,Alabama,Montgomery,2023,225721.0,121.0,354.0,53.61,156.83
01,107,01107,Alabama,Pickens,2023,18678.0,23.0,55.0,123.14,294.46
01,115,01115,Alabama,St. Clair,2023,95578.0,85.0,248.0,88.93,259.47
01,125,01125,Alabama,Tuscaloosa,2023,238819.0,159.0,476.0,66.58,199.31
01,127,01127,Alabama,Walker,2023,64767.0,0.0,0.0,0.0,0.0
01,005,01005,Alabama,Barbour,2023,24681.0,8.0,26.0,32.41,105.34
01,011,01011,Alabama,Bullock,2023,9898.0,14.0,32.0,141.44,323.3
01,017,01017,Alabama,Chambers,2023,34363.0,26.0,89.0,75.66,259.0
01,019,01019,Alabama,Cherokee,2023,25650.0,64.0,308.0,249.51,1200.78
01,023,01023,Alabama,Choctaw,2023,12264.0,23.0,86.0,187.54,701.24
01,025,01025,Alabama,Clarke,2023,22336.0,62.0,92.0,277.58,411.89
01,027,01027,Alabama,Clay,2023,14145.0,16.0,60.0,113.11,424.18
01,029,01029,Alabama,Cleburne,2023,15645.0,10.0,114.0,63.92,728.67
01,031,01031,Alabama,Coffee,2023,55741.0,31.0,137.0,55.61,245.78
01,035,01035,Alabama,Conecuh,2023,11153.0,5.0,19.0,44.83,170.36
01,037,01037,Alabama,Coosa,2023,10289.0,21.0,97.0,204.1,942.75
01,039,01039,Alabama,Covington,2023,37940.0,5.0,20.0,13.18,52.71
01,041,01041,Alabama,Crenshaw,2023,13156.0,23.0,92.0,174.83,699.3
01,043,01043,Alabama,Cullman,2023,91916.0,103.0,687.0,112.06,747.42
01,045,01045,Alabama,Dale,2023,49826.0,22.0,110.0,44.15,220.77
01,047,01047,Alabama,Dallas,2023,36271.0,94.0,219.0,259.16,603.79
01,049,01049,Alabama,DeKalb,2023,72633.0,22.0,131.0,30.29,180.36
01,057,01057,Alabama,Fayette,2023,15966.0,5.0,39.0,31.32,244.27
01,059,01059,Alabama,Franklin,2023,32001.0,56.0,184.0,174.99,574.98
01,075,01075,Alabama,Lamar,2023,13622.0,2.0,4.0,14.68,29.36
01,091,01091,Alabama,Marengo,2023,18672.0,18.0,42.0,96.4,224.94
01,093,01093,Alabama,Marion,2023,29277.0,4.0,19.0,13.66,64.9
01,095,01095,Alabama,Marshall,2023,101307.0,49.0,193.0,48.37,190.51
01,099,01099,Alabama,Monroe,2023,19267.0,25.0,27.0,129.76,140.14
01,109,01109,Alabama,Pike,2023,33192.0,17.0,67.0,51.22,201.86
01,111,01111,Alabama,Randolph,2023,22800.0,46.0,165.0,201.75,723.68
01,121,01121,Alabama,Talladega,2023,81060.0,76.0,386.0,93.76,476.19
01,123,01123,Alabama,Tallapoosa,2023,40804.0,22.0,73.0,53.92,178.9
01,129,01129,Alabama,Washington,2023,15030.0,23.0,74.0,153.03,492.35
01,131,01131,Alabama,Wilcox,2023,9950.0,8.0,31.0,80.4,311.56
01,133,01133,Alabama,Winston,2023,23684.0,12.0,102.0,50.67,430.67
04,003,04003,Arizona,Cochise,2023,124716.0,105.0,374.0,84.19,299.88
04,005,04005,Arizona,Coconino,2023,144554.0,127.0,265.0,87.86,183.32
04,015,04015,Arizona,Mohave,2023,223586.0,182.0,1428.0,81.4,638.68
04,019,04019,Arizona,Pima,2023,1065239.0,806.0,7152.0,75.66,671.4
04,021,04021,Arizona,Pinal,2023,486554.0,271.0,1425.0,55.7,292.88
04,025,04025,Arizona,Yavapai,2023,249100.0,226.0,500.0,90.73,200.72
04,027,04027,Arizona,Yuma,2023,214228.0,211.0,712.0,98.49,332.36
04,001,04001,Arizona,Apache,2023,65055.0,53.0,124.0,81.47,190.61
04,007,04007,Arizona,Gila,2023,54040.0,59.0,87.0,109.18,160.99
04,009,04009,Arizona,Graham,2023,39552.0,6.0,51.0,15.17,128.94
04,012,04012,Arizona,La Paz,2023,16615.0,19.0,162.0,114.35,975.02
04,017,04017,Arizona,Navajo,2023,109197.0,70.0,182.0,64.1,166.67
04,023,04023,Arizona,Santa Cruz,2023,49204.0,26.0,95.0,52.84,193.07
05,007,05007,Arkansas,Benton,2023,311656.0,125.0,288.0,40.11,92.41
05,031,05031,Arkansas,Craighead,2023,114216.0,58.0,225.0,50.78,197.0
05,033,05033,Arkansas,Crawford,2023,61765.0,65.0,227.0,105.24,367.52
05,035,05035,Arkansas,Crittenden,2023,47182.0,134.0,250.0,284.01,529.86
05,051,05051,Arkansas,Garland,2023,99772.0,304.0,1175.0,304.69,1177.69
05,053,05053,Arkansas,Grant,2023,18409.0,30.0,123.0,162.96,668.15
05,081,05081,Arkansas,Little River,2023,11812.0,29.0,48.0,245.51,406.37
05,085,05085,Arkansas,Lonoke,2023,75957.0,135.0,336.0,177.73,442.36
05,087,05087,Arkansas,Madison,2023,17817.0,28.0,94.0,157.15,527.59
05,091,05091,Arkansas,Miller,2023,42472.0,49.0,123.0,115.37,289.6
05,105,05105,Arkansas,Perry,2023,10187.0,33.0,104.0,323.94,1020.91
05,111,05111,Arkansas,Poinsett,2023,22402.0,58.0,116.0,258.91,517.81
05,119,05119,Arkansas,Pulaski,2023,401297.0,465.0,1306.0,115.87,325.44
05,125,05125,Arkansas,Saline,2023,129667.0,139.0,411.0,107.2,316.97
05,131,05131,Arkansas,Sebastian,2023,129074.0,36.0,108.0,27.89,83.67
05,143,05143,Arkansas,Washington,2023,261613.0,159.0,357.0,60.78,136.46
05,001,05001,Arkansas,Arkansas,2023,16334.0,14.0,51.0,85.71,312.23
05,003,05003,Arkansas,Ashley,2023,18254.0,9.0,77.0,49.3,421.83
05,005,05005,Arkansas,Baxter,2023,42746.0,39.0,231.0,91.24,540.4
05,009,05009,Arkansas,Boone,2023,38480.0,49.0,162.0,127.34,421.0
05,013,05013,Arkansas,Calhoun,2023,4648.0,17.0,32.0,365.75,688.47
05,015,05015,Arkansas,Carroll,2023,28806.0,39.0,81.0,135.39,281.19
05,017,05017,Arkansas,Chicot,2023,9508.0,5.0,49.0,52.59,515.36
05,019,05019,Arkansas,Clark,2023,20891.0,8.0,64.0,38.29,306.35
05,021,05021,Arkansas,Clay,2023,14172.0,20.0,50.0,141.12,352.81
05,023,05023,Arkansas,Cleburne,2023,25478.0,167.0,203.0,655.47,796.77
05,025,05025,Arkansas,Cleveland,2023,7388.0,25.0,39.0,338.39,527.88
05,027,05027,Arkansas,Columbia,2023,22192.0,33.0,71.0,148.7,319.94
05,029,05029,Arkansas,Conway,2023,21087.0,38.0,175.0,180.21,829.9
05,041,05041,Arkansas,Desha,2023,10479.0,17.0,40.0,162.23,381.72
05,043,05043,Arkansas,Drew,2023,17011.0,22.0,70.0,129.33,411.5
05,047,05047,Arkansas,Franklin,2023,17445.0,67.0,97.0,384.06,556.03
05,049,05049,Arkansas,Fulton,2023,12431.0,31.0,76.0,249.38,611.37
05,055,05055,Arkansas,Greene,2023,46777.0,76.0,164.0,162.47,350.6
05,057,05057,Arkansas,Hempstead,2023,19384.0,41.0,119.0,211.51,613.91
05,061,05061,Arkansas,Howard,2023,12565.0,3.0,47.0,23.88,374.05
05,063,05063,Arkansas,Independence,2023,38452.0,131.0,312.0,340.68,811.4
05,065,05065,Arkansas,Izard,2023,14189.0,72.0,79.0,507.44,556.77
05,067,05067,Arkansas,Jackson,2023,16741.0,21.0,83.0,125.44,495.79
05,069,05069,Arkansas,Jefferson,2023,63497.0,70.0,387.0,110.24,609.48
05,071,05071,Arkansas,Johnson,2023,26135.0,65.0,86.0,248.71,329.06
05,073,05073,Arkansas,Lafayette,2023,6080.0,14.0,22.0,230.26,361.84
05,075,05075,Arkansas,Lawrence,2023,16181.0,23.0,69.0,142.14,426.43
05,079,05079,Arkansas,Lincoln,2023,12906.0,19.0,83.0,147.22,643.11
05,083,05083,Arkansas,Logan,2023,21364.0,75.0,147.0,351.06,688.07
05,089,05089,Arkansas,Marion,2023,17492.0,42.0,130.0,240.11,743.2
05,093,05093,Arkansas,Mississippi,2023,38638.0,45.0,237.0,116.47,613.39
05,097,05097,Arkansas,Montgomery,2023,8607.0,30.0,41.0,348.55,476.36
05,099,05099,Arkansas,Nevada,2023,8125.0,14.0,33.0,172.31,406.15
05,101,05101,Arkansas,Newton,2023,7078.0,19.0,38.0,268.44,536.87
05,109,05109,Arkansas,Pike,2023,10187.0,8.0,40.0,78.53,392.66
05,113,05113,Arkansas,Polk,2023,19463.0,69.0,52.0,354.52,267.17
05,115,05115,Arkansas,Pope,2023,64709.0,100.0,176.0,154.54,271.99
05,117,05117,Arkansas,Prairie,2023,8016.0,27.0,66.0,336.83,823.35
05,121,05121,Arkansas,Randolph,2023,18869.0,44.0,117.0,233.19,620.06
05,127,05127,Arkansas,Scott,2023,9833.0,21.0,48.0,213.57,488.15
05,129,05129,Arkansas,Searcy,2023,7844.0,16.0,24.0,203.98,305.97
05,133,05133,Arkansas,Sevier,2023,15700.0,32.0,32.0,203.82,203.82
05,123,05123,Arkansas,St. Francis,2023,22080.0,47.0,71.0,212.86,321.56
05,137,05137,Arkansas,Stone,2023,12668.0,26.0,98.0,205.24,773.6
05,139,05139,Arkansas,Union,2023,37413.0,73.0,185.0,195.12,494.48
05,141,05141,Arkansas,Van Buren,2023,16175.0,64.0,163.0,395.67,1007.73
05,145,05145,Arkansas,White,2023,78473.0,232.0,477.0,295.64,607.85
05,147,05147,Arkansas,Woodruff,2023,5941.0,8.0,22.0,134.66,370.31
05,149,05149,Arkansas,Yell,2023,20003.0,46.0,79.0,229.97,394.94
06,001,06001,California,Alameda,2023,1633055.0,864.0,2944.0,52.91,180.28
06,007,06007,California,Butte,2023,207286.0,439.0,870.0,211.78,419.71
06,013,06013,California,Contra Costa,2023,1161953.0,514.0,1837.0,44.24,158.1
06,017,06017,California,El Dorado,2023,192090.0,347.0,1241.0,180.64,646.05
06,019,06019,California,Fresno,2023,1025304.0,1185.0,2952.0,115.58,287.91
06,025,06025,California,Imperial,2023,180683.0,175.0,413.0,96.85,228.58
06,029,06029,California,Kern,2023,917599.0,3194.0,7863.0,348.08,856.91
06,031,06031,California,Kings,2023,153197.0,116.0,334.0,75.72,218.02
06,037,06037,California,Los Angeles,2023,9732568.0,6268.0,18148.0,64.4,186.47
06,039,06039,California,Madera,2023,163632.0,357.0,908.0,218.17,554.9
06,041,06041,California,Marin,2023,255443.0,61.0,339.0,23.88,132.71
06,047,06047,California,Merced,2023,294319.0,389.0,1483.0,132.17,503.88
06,053,06053,California,Monterey,2023,434107.0,372.0,742.0,85.69,170.93
06,055,06055,California,Napa,2023,133628.0,70.0,218.0,52.38,163.14
06,059,06059,California,Orange,2023,3149341.0,327.0,1070.0,10.38,33.98
06,061,06061,California,Placer,2023,425195.0,543.0,1027.0,127.71,241.54
06,065,06065,California,Riverside,2023,2503742.0,1172.0,6780.0,46.81,270.79
06,067,06067,California,Sacramento,2023,1596637.0,2749.0,7642.0,172.17,478.63
06,069,06069,California,San Benito,2023,68267.0,62.0,131.0,90.82,191.89
06,073,06073,California,San Diego,2023,3279736.0,1689.0,3831.0,51.5,116.81
06,077,06077,California,San Joaquin,2023,806055.0,824.0,2601.0,102.23,322.68
06,079,06079,California,San Luis Obispo,2023,282225.0,705.0,635.0,249.8,225.0
06,081,06081,California,San Mateo,2023,733949.0,279.0,1839.0,38.01,250.56
06,083,06083,California,Santa Barbara,2023,442878.0,291.0,1043.0,65.71,235.51
06,085,06085,California,Santa Clara,2023,1890377.0,308.0,1288.0,16.29,68.13
06,087,06087,California,Santa Cruz,2023,263322.0,339.0,899.0,128.74,341.41
06,097,06097,California,Sonoma,2023,483405.0,303.0,782.0,62.68,161.77
06,099,06099,California,Stanislaus,2023,554459.0,410.0,1022.0,73.95,184.32
06,101,06101,California,Sutter,2023,98693.0,126.0,395.0,127.67,400.23
06,107,06107,California,Tulare,2023,480816.0,686.0,1474.0,142.67,306.56
06,111,06111,California,Ventura,2023,832071.0,127.0,569.0,15.26,68.38
06,113,06113,California,Yolo,2023,221962.0,41.0,233.0,18.47,104.97
06,115,06115,California,Yuba,2023,85709.0,247.0,547.0,288.18,638.21
06,003,06003,California,Alpine,2023,1105.0,9.0,10.0,814.48,904.98
06,005,06005,California,Amador,2023,41783.0,64.0,237.0,153.17,567.22
06,009,06009,California,Calaveras,2023,46563.0,167.0,500.0,358.65,1073.81
06,011,06011,California,Colusa,2023,22052.0,22.0,164.0,99.76,743.7
06,015,06015,California,Del Norte,2023,26520.0,65.0,189.0,245.1,712.67
06,021,06021,California,Glenn,2023,28168.0,117.0,199.0,415.36,706.48
06,023,06023,California,Humboldt,2023,133956.0,201.0,551.0,150.05,411.33
06,027,06027,California,Inyo,2023,18420.0,139.0,103.0,754.61,559.17
06,033,06033,California,Lake,2023,68026.0,272.0,397.0,399.85,583.6
06,035,06035,California,Lassen,2023,28694.0,73.0,186.0,254.41,648.22
06,043,06043,California,Mariposa,2023,16934.0,99.0,230.0,584.62,1358.21
06,049,06049,California,Modoc,2023,8542.0,38.0,25.0,444.86,292.67
06,051,06051,California,Mono,2023,13082.0,24.0,34.0,183.46,259.9
06,057,06057,California,Nevada,2023,102060.0,185.0,322.0,181.27,315.5
06,063,06063,California,Plumas,2023,19088.0,114.0,201.0,597.23,1053.02
06,091,06091,California,Sierra,2023,3160.0,5.0,12.0,158.23,379.75
06,093,06093,California,Siskiyou,2023,42856.0,114.0,59.0,266.01,137.67
06,103,06103,California,Tehama,2023,65048.0,109.0,342.0,167.57,525.77
06,105,06105,California,Trinity,2023,15690.0,96.0,139.0,611.85,885.91
06,109,06109,California,Tuolumne,2023,54172.0,327.0,378.0,603.63,697.78
08,001,08001,Colorado,Adams,2023,537158.0,374.0,1720.0,69.63,320.2
08,005,08005,Colorado,Arapahoe,2023,665778.0,291.0,2234.0,43.71,335.55
08,013,08013,Colorado,Boulder,2023,327945.0,105.0,730.0,32.02,222.6
08,035,08035,Colorado,Douglas,2023,384579.0,408.0,2393.0,106.09,622.24
08,041,08041,Colorado,El Paso,2023,745819.0,558.0,2827.0,74.82,379.05
08,047,08047,Colorado,Gilpin,2023,5899.0,4.0,38.0,67.81,644.18
08,059,08059,Colorado,Jefferson,2023,578084.0,347.0,2533.0,60.03,438.17
08,069,08069,Colorado,Larimer,2023,371192.0,210.0,926.0,56.57,249.47
08,077,08077,Colorado,Mesa,2023,159794.0,151.0,945.0,94.5,591.39
08,003,08003,Colorado,Alamosa,2023,16695.0,17.0,136.0,101.83,814.62
08,007,08007,Colorado,Archuleta,2023,14156.0,16.0,11.0,113.03,77.71
08,011,08011,Colorado,Bent,2023,5711.0,10.0,81.0,175.1,1418.32
08,015,08015,Colorado,Chaffee,2023,20596.0,10.0,67.0,48.55,325.31
08,021,08021,Colorado,Conejos,2023,7500.0,0.0,29.0,0.0,386.67
08,025,08025,Colorado,Crowley,2023,5639.0,3.0,33.0,53.2,585.21
08,027,08027,Colorado,Custer,2023,5559.0,14.0,34.0,251.84,611.62
08,029,08029,Colorado,Delta,2023,31786.0,4.0,113.0,12.58,355.5
08,033,08033,Colorado,Dolores,2023,2521.0,6.0,34.0,238.0,1348.67
08,037,08037,Colorado,Eagle,2023,54807.0,17.0,123.0,31.02,224.42
08,043,08043,Colorado,Fremont,2023,50315.0,24.0,192.0,47.7,381.6
08,045,08045,Colorado,Garfield,2023,63215.0,69.0,203.0,109.15,321.13
08,061,08061,Colorado,Kiowa,2023,1375.0,0.0,13.0,0.0,945.45
08,063,08063,Colorado,Kit Carson,2023,7000.0,0.0,28.0,0.0,400.0
08,067,08067,Colorado,La Plata,2023,56408.0,6.0,39.0,10.64,69.14
08,071,08071,Colorado,Las Animas,2023,14389.0,8.0,54.0,55.6,375.29
08,075,08075,Colorado,Logan,2023,20596.0,15.0,55.0,72.83,267.04
08,081,08081,Colorado,Moffat,2023,13388.0,1.0,25.0,7.47,186.73
08,083,08083,Colorado,Montezuma,2023,26566.0,23.0,124.0,86.58,466.76
08,085,08085,Colorado,Montrose,2023,44238.0,15.0,107.0,33.91,241.87
08,087,08087,Colorado,Morgan,2023,29945.0,21.0,152.0,70.13,507.6
08,089,08089,Colorado,Otero,2023,18117.0,5.0,47.0,27.6,259.42
08,091,08091,Colorado,Ouray,2023,5167.0,1.0,24.0,19.35,464.49
08,095,08095,Colorado,Phillips,2023,4460.0,0.0,0.0,0.0,0.0
08,097,08097,Colorado,Pitkin,2023,16761.0,6.0,31.0,35.8,184.95
08,099,08099,Colorado,Prowers,2023,11766.0,10.0,45.0,84.99,382.46
08,103,08103,Colorado,Rio Blanco,2023,6646.0,1.0,17.0,15.05,255.79
08,105,08105,Colorado,Rio Grande,2023,11196.0,0.0,0.0,0.0,0.0
08,107,08107,Colorado,Routt,2023,25290.0,10.0,64.0,39.54,253.06
08,109,08109,Colorado,Saguache,2023,6704.0,3.0,48.0,44.75,715.99
08,111,08111,Colorado,San Juan,2023,802.0,0.0,7.0,0.0,872.82
08,113,08113,Colorado,San Miguel,2023,7874.0,3.0,7.0,38.1,88.9
08,117,08117,Colorado,Summit,2023,31343.0,29.0,161.0,92.52,513.67
08,121,08121,Colorado,Washington,2023,4849.0,2.0,42.0,41.25,866.16
08,125,08125,Colorado,Yuma,2023,9898.0,4.0,14.0,40.41,141.44
,,,Delaware,New Castle County Police Department,2023,581067.0,784.0,3429.0,134.92,590.12
,,,Delaware,Alachua,2023,,246.0,997.0,,
,,,Delaware,Baker,2023,,102.0,174.0,,
,,,Delaware,Bay,2023,,291.0,1240.0,,
,,,Delaware,Charlotte,2023,,222.0,1286.0,,
,,,Delaware,Clay,2023,,465.0,1822.0,,
,,,Delaware,Collier,2023,,617.0,2675.0,,
,,,Delaware,Flagler,2023,,222.0,697.0,,
,,,Delaware,Hernando,2023,,444.0,1841.0,,
,,,Delaware,Jacksonville Sheriff's Office,2023,,6607.0,25156.0,,
,,,Delaware,Jefferson,2023,,32.0,127.0,,
,,,Delaware,Lee,2023,,1379.0,4976.0,,
,,,Delaware,Leon,2023,,342.0,1226.0,,
,,,Delaware,Levy,2023,,87.0,331.0,,
,,,Delaware,Marion,2023,,797.0,2488.0,,
,,,Delaware,Martin,2023,,283.0,1297.0,,
,,,Delaware,Miami-Dade,2023,,5720.0,27468.0,,
,,,Delaware,Nassau,2023,,125.0,105.0,,
,,,Delaware,Palm Beach,2023,,1382.0,7299.0,,
,,,Delaware,Pinellas,2023,,401.0,2517.0,,
,,,Delaware,Polk,2023,,1430.0,3950.0,,
,,,Delaware,Santa Rosa,2023,,233.0,1117.0,,
,,,Delaware,Sarasota,2023,,365.0,3007.0,,
,,,Delaware,Seminole,2023,,420.0,1852.0,,
,,,Delaware,St. Johns,2023,,69.0,278.0,,
,,,Delaware,St. Lucie,2023,,353.0,1039.0,,
,,,Delaware,Sumter,2023,,101.0,405.0,,
,,,Delaware,Wakulla,2023,,25.0,113.0,,
,,,Delaware,Walton,2023,,115.0,364.0,,
,,,Delaware,Columbia,2023,,186.0,582.0,,
,,,Delaware,Hamilton,2023,,45.0,156.0,,
,,,Delaware,Hardee,2023,,34.0,187.0,,
,,,Delaware,Hendry,2023,,56.0,142.0,,
,,,Delaware,Madison,2023,,67.0,168.0,,
,,,Delaware,Monroe,2023,,161.0,381.0,,
,,,Delaware,Okeechobee,2023,,115.0,506.0,,
,,,Delaware,Putnam,2023,,44.0,401.0,,
,,,Delaware,Taylor,2023,,55.0,117.0,,
13,245,13245,Georgia,Augusta-Richmond,2023,205946.0,1142.0,6554.0,554.51,3182.39
13,013,13013,Georgia,Barrow,2023,93390.0,95.0,756.0,101.72,809.51
13,015,13015,Georgia,Bartow,2023,115098.0,152.0,1020.0,132.06,886.2
13,027,13027,Georgia,Brooks,2023,16223.0,23.0,80.0,141.77,493.13
13,029,13029,Georgia,Bryan,2023,49843.0,22.0,173.0,44.14,347.09
13,033,13033,Georgia,Burke,2023,24354.0,38.0,261.0,156.03,1071.69
13,035,13035,Georgia,Butts,2023,26898.0,23.0,150.0,85.51,557.66
13,045,13045,Georgia,Carroll,2023,126783.0,116.0,731.0,91.49,576.58
13,047,13047,Georgia,Catoosa,2023,69093.0,71.0,280.0,102.76,405.25
13,057,13057,Georgia,Cherokee,2023,287040.0,173.0,851.0,60.27,296.47
13,059,13059,Georgia,Clarke,2023,130531.0,0.0,0.0,0.0,0.0
,,,Georgia,Cobb County Police Department,2023,781435.0,1138.0,8385.0,145.63,1073.03
13,073,13073,Georgia,Columbia,2023,165093.0,113.0,1058.0,68.45,640.85
13,077,13077,Georgia,Coweta,2023,156166.0,682.0,825.0,436.71,528.28
13,079,13079,Georgia,Crawford,2023,12244.0,22.0,124.0,179.68,1012.74
13,085,13085,Georgia,Dawson,2023,31833.0,35.0,209.0,109.95,656.55
13,089,13089,Georgia,DeKalb,2023,768424.0,23.0,0.0,2.99,0.0
,,,Georgia,DeKalb County Police Department,2023,768424.0,4515.0,22108.0,587.57,2877.06
13,095,13095,Georgia,Dougherty,2023,82757.0,5.0,9.0,6.04,10.88
13,097,13097,Georgia,Douglas,2023,149368.0,219.0,925.0,146.62,619.28
13,103,13103,Georgia,Effingham,2023,71573.0,41.0,226.0,57.28,315.76
13,113,13113,Georgia,Fayette,2023,123535.0,40.0,271.0,32.38,219.37
13,115,13115,Georgia,Floyd,2023,100193.0,4.0,0.0,3.99,0.0
,,,Georgia,Floyd County Police Department,2023,100193.0,147.0,542.0,146.72,540.96
13,117,13117,Georgia,Forsyth,2023,273572.0,156.0,1116.0,57.02,407.94
13,121,13121,Georgia,Fulton,2023,1083022.0,78.0,14.0,7.2,1.29
,,,Georgia,Fulton County Police Department,2023,1083022.0,35.0,68.0,3.23,6.28
13,135,13135,Georgia,Gwinnett,2023,992058.0,12.0,14.0,1.21,1.41
,,,Georgia,Gwinnett County Police Department,2023,992058.0,2493.0,10607.0,251.3,1069.19
13,139,13139,Georgia,Hall,2023,218510.0,302.0,1338.0,138.21,612.33
13,143,13143,Georgia,Haralson,2023,32045.0,43.0,291.0,134.19,908.1
13,145,13145,Georgia,Harris,2023,36712.0,9.0,102.0,24.52,277.84
13,149,13149,Georgia,Heard,2023,12015.0,7.0,95.0,58.26,790.68
13,151,13151,Georgia,Henry,2023,255389.0,4.0,2.0,1.57,0.78
,,,Georgia,Henry County Police Department,2023,255389.0,452.0,2642.0,176.98,1034.5
13,173,13173,Georgia,Lanier,2023,10377.0,23.0,102.0,221.64,982.94
13,177,13177,Georgia,Lee,2023,33850.0,63.0,255.0,186.12,753.32
13,181,13181,Georgia,Lincoln,2023,7884.0,23.0,65.0,291.73,824.45
13,183,13183,Georgia,Long,2023,19608.0,20.0,69.0,102.0,351.9
13,185,13185,Georgia,Lowndes,2023,120863.0,110.0,870.0,91.01,719.82
13,187,13187,Georgia,Lumpkin,2023,35204.0,34.0,175.0,96.58,497.1
13,195,13195,Georgia,Madison,2023,32265.0,57.0,267.0,176.66,827.52
13,197,13197,Georgia,Marion,2023,7487.0,4.0,30.0,53.43,400.69
13,189,13189,Georgia,McDuffie,2023,21854.0,44.0,148.0,201.34,677.22
13,191,13191,Georgia,McIntosh,2023,11569.0,30.0,193.0,259.31,1668.25
13,199,13199,Georgia,Meriwether,2023,20899.0,31.0,104.0,148.33,497.63
13,207,13207,Georgia,Monroe,2023,30598.0,10.0,31.0,32.68,101.31
13,213,13213,Georgia,Murray,2023,41012.0,24.0,56.0,58.52,136.55
13,217,13217,Georgia,Newton,2023,120268.0,277.0,1306.0,230.32,1085.91
13,219,13219,Georgia,Oconee,2023,44114.0,24.0,593.0,54.4,1344.24
13,223,13223,Georgia,Paulding,2023,182888.0,580.0,1248.0,317.13,682.38
13,225,13225,Georgia,Peach,2023,28974.0,16.0,52.0,55.22,179.47
13,227,13227,Georgia,Pickens,2023,35977.0,11.0,147.0,30.58,408.59
13,231,13231,Georgia,Pike,2023,20478.0,21.0,102.0,102.55,498.1
13,247,13247,Georgia,Rockdale,2023,96131.0,76.0,337.0,79.06,350.56
13,263,13263,Georgia,Talbot,2023,5711.0,17.0,26.0,297.67,455.26
13,289,13289,Georgia,Twiggs,2023,7660.0,7.0,62.0,91.38,809.4
13,297,13297,Georgia,Walton,2023,107080.0,44.0,232.0,41.09,216.66
13,313,13313,Georgia,Whitfield,2023,104303.0,322.0,745.0,308.72,714.27
13,321,13321,Georgia,Worth,2023,20201.0,35.0,117.0,173.26,579.18
13,003,13003,Georgia,Atkinson,2023,8333.0,9.0,48.0,108.0,576.02
13,009,13009,Georgia,Baldwin,2023,43427.0,99.0,444.0,227.97,1022.41
13,017,13017,Georgia,Ben Hill,2023,17160.0,67.0,100.0,390.44,582.75
13,019,13019,Georgia,Berrien,2023,18630.0,29.0,114.0,155.66,611.92
13,023,13023,Georgia,Bleckley,2023,12469.0,15.0,86.0,120.3,689.71
13,031,13031,Georgia,Bulloch,2023,84336.0,31.0,253.0,36.76,299.99
13,043,13043,Georgia,Candler,2023,11093.0,12.0,63.0,108.18,567.93
13,055,13055,Georgia,Chattooga,2023,25167.0,19.0,208.0,75.5,826.48
13,061,13061,Georgia,Clay,2023,2854.0,16.0,17.0,560.62,595.66
13,065,13065,Georgia,Clinch,2023,6794.0,5.0,40.0,73.59,588.75
13,069,13069,Georgia,Coffee,2023,43457.0,73.0,304.0,167.98,699.54
13,075,13075,Georgia,Cook,2023,17760.0,13.0,120.0,73.2,675.68
13,081,13081,Georgia,Crisp,2023,19626.0,30.0,215.0,152.86,1095.49
13,087,13087,Georgia,Decatur,2023,29194.0,41.0,169.0,140.44,578.89
13,099,13099,Georgia,Early,2023,10583.0,12.0,27.0,113.39,255.13
13,105,13105,Georgia,Elbert,2023,20046.0,5.0,62.0,24.94,309.29
13,111,13111,Georgia,Fannin,2023,25957.0,42.0,186.0,161.81,716.57
13,119,13119,Georgia,Franklin,2023,24875.0,28.0,117.0,112.56,470.35
13,123,13123,Georgia,Gilmer,2023,32849.0,76.0,202.0,231.36,614.94
13,125,13125,Georgia,Glascock,2023,2962.0,2.0,19.0,67.52,641.46
13,129,13129,Georgia,Gordon,2023,59826.0,67.0,291.0,111.99,486.41
13,133,13133,Georgia,Greene,2023,20724.0,8.0,58.0,38.6,279.87
13,137,13137,Georgia,Habersham,2023,48712.0,26.0,164.0,53.37,336.67
13,147,13147,Georgia,Hart,2023,27533.0,68.0,187.0,246.98,679.18
13,155,13155,Georgia,Irwin,2023,9118.0,7.0,67.0,76.77,734.81
13,157,13157,Georgia,Jackson,2023,88891.0,58.0,407.0,65.25,457.86
13,175,13175,Georgia,Laurens,2023,50010.0,91.0,359.0,181.96,717.86
13,205,13205,Georgia,Mitchell,2023,20759.0,16.0,149.0,77.08,717.76
13,229,13229,Georgia,Pierce,2023,20426.0,32.0,142.0,156.66,695.19
13,233,13233,Georgia,Polk,2023,44398.0,2.0,1.0,4.5,2.25
,,,Georgia,Polk County Police Department,2023,44398.0,37.0,232.0,83.34,522.55
13,235,13235,Georgia,Pulaski,2023,10134.0,39.0,180.0,384.84,1776.2
13,237,13237,Georgia,Putnam,2023,23193.0,27.0,135.0,116.41,582.07
13,241,13241,Georgia,Rabun,2023,17492.0,9.0,92.0,51.45,525.95
13,243,13243,Georgia,Randolph,2023,6183.0,16.0,22.0,258.77,355.81
13,261,13261,Georgia,Sumter,2023,29015.0,10.0,90.0,34.46,310.18
13,267,13267,Georgia,Tattnall,2023,24389.0,26.0,138.0,106.61,565.83
13,275,13275,Georgia,Thomas,2023,45790.0,60.0,331.0,131.03,722.87
13,277,13277,Georgia,Tift,2023,41739.0,153.0,463.0,366.56,1109.27
13,281,13281,Georgia,Towns,2023,13006.0,18.0,18.0,138.4,138.4
13,285,13285,Georgia,Troup,2023,71376.0,56.0,456.0,78.46,638.87
13,287,13287,Georgia,Turner,2023,8924.0,10.0,38.0,112.06,425.82
13,291,13291,Georgia,Union,2023,27132.0,15.0,108.0,55.29,398.05
13,293,13293,Georgia,Upson,2023,28251.0,11.0,49.0,38.94,173.45
13,299,13299,Georgia,Ware,2023,36398.0,30.0,113.0,82.42,310.46
13,309,13309,Georgia,Wheeler,2023,7074.0,7.0,43.0,98.95,607.86
13,311,13311,Georgia,White,2023,28982.0,7.0,170.0,24.15,586.57
13,317,13317,Georgia,Wilkes,2023,9554.0,55.0,141.0,575.68,1475.82
13,319,13319,Georgia,Wilkinson,2023,8762.0,4.0,23.0,45.65,262.5
15,007,15007,Hawaii,Kauai Police Department,2023,73672.0,207.0,1519.0,280.98,2061.84
16,001,16001,Idaho,Ada,2023,526352.0,257.0,482.0,48.83,91.57
16,005,16005,Idaho,Bannock,2023,90538.0,7.0,75.0,7.73,82.84
16,015,16015,Idaho,Boise,2023,8536.0,20.0,19.0,234.3,222.59
16,019,16019,Idaho,Bonneville,2023,131513.0,133.0,567.0,101.13,431.14
16,027,16027,Idaho,Canyon,2023,258839.0,125.0,250.0,48.29,96.59
16,041,16041,Idaho,Franklin,2023,15533.0,0.0,15.0,0.0,96.57
16,045,16045,Idaho,Gem,2023,21180.0,12.0,16.0,56.66,75.54
16,051,16051,Idaho,Jefferson,2023,34296.0,10.0,117.0,29.16,341.15
16,053,16053,Idaho,Jerome,2023,25798.0,64.0,67.0,248.08,259.71
16,055,16055,Idaho,Kootenai,2023,185218.0,119.0,506.0,64.25,273.19
16,069,16069,Idaho,Nez Perce,2023,42954.0,5.0,36.0,11.64,83.81
16,073,16073,Idaho,Owyhee,2023,12765.0,17.0,22.0,133.18,172.35
16,083,16083,Idaho,Twin Falls,2023,95392.0,62.0,97.0,64.99,101.69
16,003,16003,Idaho,Adams,2023,4895.0,4.0,36.0,81.72,735.44
16,007,16007,Idaho,Bear Lake,2023,6755.0,1.0,10.0,14.8,148.04
16,009,16009,Idaho,Benewah,2023,10391.0,28.0,56.0,269.46,538.93
16,011,16011,Idaho,Bingham,2023,50386.0,51.0,104.0,101.22,206.41
16,013,16013,Idaho,Blaine,2023,25392.0,21.0,17.0,82.7,66.95
16,017,16017,Idaho,Bonner,2023,52542.0,39.0,255.0,74.23,485.33
16,021,16021,Idaho,Boundary,2023,13596.0,16.0,33.0,117.68,242.72
16,025,16025,Idaho,Camas,2023,1266.0,0.0,0.0,0.0,0.0
16,029,16029,Idaho,Caribou,2023,7212.0,0.0,6.0,0.0,83.19
16,031,16031,Idaho,Cassia,2023,25948.0,24.0,232.0,92.49,894.1
16,037,16037,Idaho,Custer,2023,4531.0,1.0,32.0,22.07,706.25
16,039,16039,Idaho,Elmore,2023,29615.0,24.0,22.0,81.04,74.29
16,043,16043,Idaho,Fremont,2023,14233.0,16.0,44.0,112.41,309.14
16,047,16047,Idaho,Gooding,2023,16175.0,20.0,49.0,123.65,302.94
16,049,16049,Idaho,Idaho,2023,17881.0,47.0,32.0,262.85,178.96
16,057,16057,Idaho,Latah,2023,41476.0,11.0,62.0,26.52,149.48
16,061,16061,Idaho,Lewis,2023,3743.0,2.0,32.0,53.43,854.93
16,063,16063,Idaho,Lincoln,2023,5502.0,25.0,29.0,454.38,527.08
16,065,16065,Idaho,Madison,2023,54819.0,6.0,27.0,10.95,49.25
16,071,16071,Idaho,Oneida,2023,4968.0,10.0,24.0,201.29,483.09
16,075,16075,Idaho,Payette,2023,27271.0,27.0,54.0,99.01,198.01
16,077,16077,Idaho,Power,2023,8292.0,4.0,18.0,48.24,217.08
16,079,16079,Idaho,Shoshone,2023,14029.0,33.0,60.0,235.23,427.69
16,081,16081,Idaho,Teton,2023,12699.0,22.0,32.0,173.24,251.99
16,085,16085,Idaho,Valley,2023,12658.0,36.0,72.0,284.41,568.81
16,087,16087,Idaho,Washington,2023,11497.0,6.0,6.0,52.19,52.19
17,003,17003,Illinois,Alexander,2023,4727.0,0.0,0.0,0.0,0.0
17,005,17005,Illinois,Bond,2023,16641.0,5.0,34.0,30.05,204.31
17,007,17007,Illinois,Boone,2023,53352.0,21.0,110.0,39.36,206.18
17,013,17013,Illinois,Calhoun,2023,4329.0,9.0,13.0,207.9,300.3
17,019,17019,Illinois,Champaign,2023,208570.0,111.0,339.0,53.22,162.54
17,027,17027,Illinois,Clinton,2023,36938.0,10.0,52.0,27.07,140.78
17,031,17031,Illinois,Cook,2023,5142853.0,319.0,810.0,6.2,15.75
17,037,17037,Illinois,DeKalb,2023,100131.0,28.0,84.0,27.96,83.89
17,043,17043,Illinois,DuPage,2023,927400.0,52.0,367.0,5.61,39.57
17,053,17053,Illinois,Ford,2023,13280.0,9.0,21.0,67.77,158.13
17,063,17063,Illinois,Grundy,2023,53550.0,27.0,81.0,50.42,151.26
17,073,17073,Illinois,Henry,2023,48353.0,15.0,74.0,31.02,153.04
17,083,17083,Illinois,Jersey,2023,21168.0,15.0,45.0,70.86,212.59
17,091,17091,Illinois,Kankakee,2023,105843.0,100.0,174.0,94.48,164.39
17,093,17093,Illinois,Kendall,2023,140224.0,44.0,124.0,31.38,88.43
17,115,17115,Illinois,Macon,2023,100364.0,26.0,263.0,25.91,262.05
17,117,17117,Illinois,Macoupin,2023,44057.0,18.0,47.0,40.86,106.68
17,119,17119,Illinois,Madison,2023,263404.0,82.0,709.0,31.13,269.17
17,123,17123,Illinois,Marshall,2023,11663.0,4.0,29.0,34.3,248.65
17,127,17127,Illinois,Massac,2023,13741.0,4.0,29.0,29.11,211.05
17,111,17111,Illinois,McHenry,2023,313421.0,41.0,172.0,13.08,54.88
17,113,17113,Illinois,McLean,2023,170931.0,26.0,82.0,15.21,47.97
17,133,17133,Illinois,Monroe,2023,35190.0,4.0,26.0,11.37,73.88
17,143,17143,Illinois,Peoria,2023,178098.0,167.0,553.0,93.77,310.5
17,147,17147,Illinois,Piatt,2023,16736.0,7.0,43.0,41.83,256.93
17,161,17161,Illinois,Rock Island,2023,140905.0,47.0,228.0,33.36,161.81
17,167,17167,Illinois,Sangamon,2023,193962.0,172.0,706.0,88.68,363.99
17,175,17175,Illinois,Stark,2023,5262.0,2.0,12.0,38.01,228.05
17,163,17163,Illinois,St. Clair,2023,252232.0,125.0,340.0,49.56,134.8
17,179,17179,Illinois,Tazewell,2023,130019.0,30.0,208.0,23.07,159.98
17,197,17197,Illinois,Will,2023,703872.0,197.0,557.0,27.99,79.13
17,201,17201,Illinois,Winnebago,2023,281732.0,121.0,281.0,42.95,99.74
17,001,17001,Illinois,Adams,2023,64508.0,24.0,195.0,37.2,302.29
17,011,17011,Illinois,Bureau,2023,32748.0,4.0,76.0,12.21,232.08
17,015,17015,Illinois,Carroll,2023,15540.0,1.0,35.0,6.44,225.23
17,017,17017,Illinois,Cass,2023,12716.0,2.0,2.0,15.73,15.73
17,023,17023,Illinois,Clark,2023,15235.0,2.0,41.0,13.13,269.12
17,029,17029,Illinois,Coles,2023,46690.0,23.0,45.0,49.26,96.38
17,033,17033,Illinois,Crawford,2023,18422.0,14.0,45.0,76.0,244.27
17,035,17035,Illinois,Cumberland,2023,10277.0,4.0,6.0,38.92,58.38
,,,Illinois,DeWitt,2023,,8.0,56.0,,
17,045,17045,Illinois,Edgar,2023,16430.0,3.0,29.0,18.26,176.51
17,047,17047,Illinois,Edwards,2023,6022.0,6.0,7.0,99.63,116.24
17,049,17049,Illinois,Effingham,2023,34450.0,13.0,138.0,37.74,400.58
17,051,17051,Illinois,Fayette,2023,21033.0,33.0,61.0,156.9,290.02
17,061,17061,Illinois,Greene,2023,11567.0,3.0,12.0,25.94,103.74
17,065,17065,Illinois,Hamilton,2023,7895.0,7.0,6.0,88.66,76.0
17,067,17067,Illinois,Hancock,2023,17192.0,5.0,16.0,29.08,93.07
17,071,17071,Illinois,Henderson,2023,6106.0,2.0,8.0,32.75,131.02
17,075,17075,Illinois,Iroquois,2023,26135.0,26.0,129.0,99.48,493.59
17,077,17077,Illinois,Jackson,2023,52507.0,16.0,216.0,30.47,411.37
17,079,17079,Illinois,Jasper,2023,9148.0,7.0,37.0,76.52,404.46
17,081,17081,Illinois,Jefferson,2023,36306.0,25.0,124.0,68.86,341.54
17,085,17085,Illinois,Jo Daviess,2023,21801.0,7.0,65.0,32.11,298.15
17,099,17099,Illinois,La Salle,2023,,37.0,151.0,,
17,101,17101,Illinois,Lawrence,2023,13659.0,8.0,16.0,58.57,117.14
17,105,17105,Illinois,Livingston,2023,35215.0,33.0,67.0,93.71,190.26
17,107,17107,Illinois,Logan,2023,27037.0,6.0,45.0,22.19,166.44
17,121,17121,Illinois,Marion,2023,36660.0,30.0,144.0,81.83,392.8
17,125,17125,Illinois,Mason,2023,12580.0,1.0,0.0,7.95,0.0
17,135,17135,Illinois,Montgomery,2023,27791.0,25.0,71.0,89.96,255.48
17,137,17137,Illinois,Morgan,2023,32787.0,6.0,25.0,18.3,76.25
17,139,17139,Illinois,Moultrie,2023,14339.0,3.0,13.0,20.92,90.66
17,145,17145,Illinois,Perry,2023,20674.0,9.0,17.0,43.53,82.23
17,149,17149,Illinois,Pike,2023,14351.0,8.0,29.0,55.75,202.08
17,153,17153,Illinois,Pulaski,2023,4967.0,10.0,27.0,201.33,543.59
17,155,17155,Illinois,Putnam,2023,5580.0,0.0,14.0,0.0,250.9
17,157,17157,Illinois,Randolph,2023,29805.0,2.0,7.0,6.71,23.49
17,165,17165,Illinois,Saline,2023,22980.0,5.0,26.0,21.76,113.14
17,171,17171,Illinois,Scott,2023,4866.0,3.0,6.0,61.65,123.3
17,173,17173,Illinois,Shelby,2023,20604.0,21.0,44.0,101.92,213.55
17,177,17177,Illinois,Stephenson,2023,43517.0,10.0,70.0,22.98,160.86
17,183,17183,Illinois,Vermilion,2023,71666.0,95.0,366.0,132.56,510.7
17,185,17185,Illinois,Wabash,2023,11065.0,2.0,4.0,18.08,36.15
17,187,17187,Illinois,Warren,2023,16159.0,14.0,53.0,86.64,327.99
17,191,17191,Illinois,Wayne,2023,15832.0,12.0,68.0,75.8,429.51
17,193,17193,Illinois,White,2023,13497.0,2.0,69.0,14.82,511.22
17,195,17195,Illinois,Whiteside,2023,54480.0,8.0,81.0,14.68,148.68
18,003,18003,Indiana,Allen,2023,394845.0,59.0,588.0,14.94,148.92
18,005,18005,Indiana,Bartholomew,2023,84071.0,2.0,25.0,2.38,29.74
18,019,18019,Indiana,Clark,2023,125691.0,52.0,212.0,41.37,168.67
18,035,18035,Indiana,Delaware,2023,112341.0,45.0,223.0,40.06,198.5
18,039,18039,Indiana,Elkhart,2023,207133.0,137.0,700.0,66.14,337.95
18,047,18047,Indiana,Franklin,2023,23184.0,6.0,81.0,25.88,349.38
18,057,18057,Indiana,Hamilton,2023,372450.0,35.0,103.0,9.4,27.65
18,059,18059,Indiana,Hancock,2023,86159.0,55.0,184.0,63.84,213.56
18,061,18061,Indiana,Harrison,2023,40046.0,72.0,170.0,179.79,424.51
18,063,18063,Indiana,Hendricks,2023,187036.0,60.0,470.0,32.08,251.29
18,067,18067,Indiana,Howard,2023,83833.0,38.0,65.0,45.33,77.54
18,081,18081,Indiana,Johnson,2023,168405.0,28.0,227.0,16.63,134.79
18,089,18089,Indiana,Lake,2023,500134.0,33.0,158.0,6.6,31.59
18,091,18091,Indiana,La Porte,2023,,44.0,267.0,,
18,095,18095,Indiana,Madison,2023,132031.0,20.0,181.0,15.15,137.09
18,105,18105,Indiana,Monroe,2023,143548.0,30.0,462.0,20.9,321.84
18,127,18127,Indiana,Porter,2023,174845.0,64.0,190.0,36.6,108.67
18,129,18129,Indiana,Posey,2023,25024.0,20.0,75.0,79.92,299.71
18,145,18145,Indiana,Shelby,2023,45266.0,26.0,136.0,57.44,300.45
18,141,18141,Indiana,St. Joseph,2023,273119.0,119.0,795.0,43.57,291.08
18,153,18153,Indiana,Sullivan,2023,20714.0,16.0,88.0,77.24,424.83
18,157,18157,Indiana,Tippecanoe,2023,189448.0,76.0,324.0,40.12,171.02
18,163,18163,Indiana,Vanderburgh,2023,180246.0,193.0,455.0,107.08,252.43
18,167,18167,Indiana,Vigo,2023,106086.0,98.0,704.0,92.38,663.61
18,173,18173,Indiana,Warrick,2023,65986.0,165.0,427.0,250.05,647.11
18,175,18175,Indiana,Washington,2023,28185.0,22.0,70.0,78.06,248.36
18,179,18179,Indiana,Wells,2023,28648.0,12.0,9.0,41.89,31.42
18,023,18023,Indiana,Clinton,2023,33091.0,7.0,52.0,21.15,157.14
,,,Indiana,DeKalb,2023,44148.0,16.0,35.0,36.24,79.28
18,053,18053,Indiana,Grant,2023,66188.0,11.0,142.0,16.62,214.54
18,055,18055,Indiana,Greene,2023,31086.0,11.0,129.0,35.39,414.98
18,071,18071,Indiana,Jackson,2023,46751.0,6.0,18.0,12.83,38.5
18,079,18079,Indiana,Jennings,2023,27630.0,7.0,65.0,25.33,235.25
18,083,18083,Indiana,Knox,2023,35961.0,25.0,37.0,69.52,102.89
18,085,18085,Indiana,Kosciusko,2023,80338.0,64.0,319.0,79.66,397.07
18,093,18093,Indiana,Lawrence,2023,45044.0,18.0,19.0,39.96,42.18
18,107,18107,Indiana,Montgomery,2023,38692.0,8.0,101.0,20.68,261.04
18,113,18113,Indiana,Noble,2023,47501.0,11.0,135.0,23.16,284.2
18,123,18123,Indiana,Perry,2023,19210.0,15.0,30.0,78.08,156.17
18,131,18131,Indiana,Pulaski,2023,12427.0,12.0,48.0,96.56,386.26
18,143,18143,Indiana,Scott,2023,24687.0,0.0,26.0,0.0,105.32
18,151,18151,Indiana,Steuben,2023,34876.0,9.0,171.0,25.81,490.31
19,011,19011,Iowa,Benton,2023,25773.0,34.0,68.0,131.92,263.84
19,013,19013,Iowa,Black Hawk,2023,130812.0,15.0,57.0,11.47,43.57
19,015,19015,Iowa,Boone,2023,26581.0,6.0,16.0,22.57,60.19
19,017,19017,Iowa,Bremer,2023,25337.0,5.0,20.0,19.73,78.94
19,049,19049,Iowa,Dallas,2023,111321.0,46.0,59.0,41.32,53.0
19,061,19061,Iowa,Dubuque,2023,98907.0,30.0,140.0,30.33,141.55
19,075,19075,Iowa,Grundy,2023,12383.0,5.0,15.0,40.38,121.13
19,077,19077,Iowa,Guthrie,2023,10738.0,6.0,17.0,55.88,158.32
19,099,19099,Iowa,Jasper,2023,37990.0,12.0,44.0,31.59,115.82
19,103,19103,Iowa,Johnson,2023,157729.0,24.0,127.0,15.22,80.52
19,105,19105,Iowa,Jones,2023,20933.0,14.0,35.0,66.88,167.2
19,113,19113,Iowa,Linn,2023,228775.0,28.0,165.0,12.24,72.12
19,121,19121,Iowa,Madison,2023,17017.0,12.0,34.0,70.52,199.8
19,129,19129,Iowa,Mills,2023,14619.0,5.0,68.0,34.2,465.15
19,153,19153,Iowa,Polk,2023,506787.0,66.0,525.0,13.02,103.59
19,155,19155,Iowa,Pottawattamie,2023,93351.0,53.0,152.0,56.77,162.83
19,163,19163,Iowa,Scott,2023,174185.0,37.0,137.0,21.24,78.65
19,169,19169,Iowa,Story,2023,101021.0,10.0,90.0,9.9,89.09
19,181,19181,Iowa,Warren,2023,55355.0,24.0,88.0,43.36,158.97
19,183,19183,Iowa,Washington,2023,22566.0,40.0,82.0,177.26,363.38
19,193,19193,Iowa,Woodbury,2023,106522.0,29.0,76.0,27.22,71.35
19,001,19001,Iowa,Adair,2023,7418.0,4.0,6.0,53.92,80.88
19,003,19003,Iowa,Adams,2023,3559.0,15.0,4.0,421.47,112.39
19,005,19005,Iowa,Allamakee,2023,14163.0,8.0,15.0,56.49,105.91
19,007,19007,Iowa,Appanoose,2023,12122.0,7.0,63.0,57.75,519.72
19,019,19019,Iowa,Buchanan,2023,20725.0,11.0,40.0,53.08,193.0
19,021,19021,Iowa,Buena Vista,2023,20678.0,7.0,27.0,33.85,130.57
19,023,19023,Iowa,Butler,2023,14190.0,2.0,5.0,14.09,35.24
19,027,19027,Iowa,Carroll,2023,20513.0,0.0,7.0,0.0,34.12
19,029,19029,Iowa,Cass,2023,13120.0,6.0,39.0,45.73,297.26
19,031,19031,Iowa,Cedar,2023,18298.0,6.0,39.0,32.79,213.14
19,033,19033,Iowa,Cerro Gordo,2023,42427.0,9.0,27.0,21.21,63.64
19,035,19035,Iowa,Cherokee,2023,11589.0,1.0,9.0,8.63,77.66
19,037,19037,Iowa,Chickasaw,2023,11713.0,16.0,27.0,136.6,230.51
19,039,19039,Iowa,Clarke,2023,9648.0,6.0,28.0,62.19,290.22
19,041,19041,Iowa,Clay,2023,16537.0,2.0,12.0,12.09,72.56
19,043,19043,Iowa,Clayton,2023,17008.0,16.0,22.0,94.07,129.35
19,045,19045,Iowa,Clinton,2023,46109.0,36.0,91.0,78.08,197.36
19,047,19047,Iowa,Crawford,2023,16130.0,3.0,7.0,18.6,43.4
19,051,19051,Iowa,Davis,2023,9161.0,7.0,3.0,76.41,32.75
19,055,19055,Iowa,Delaware,2023,17572.0,16.0,12.0,91.05,68.29
19,057,19057,Iowa,Des Moines,2023,38299.0,17.0,83.0,44.39,216.72
19,063,19063,Iowa,Emmet,2023,9294.0,0.0,2.0,0.0,21.52
19,065,19065,Iowa,Fayette,2023,19233.0,24.0,22.0,124.79,114.39
19,067,19067,Iowa,Floyd,2023,15306.0,2.0,23.0,13.07,150.27
19,069,19069,Iowa,Franklin,2023,9881.0,7.0,5.0,70.84,50.6
19,071,19071,Iowa,Fremont,2023,6462.0,31.0,52.0,479.73,804.7
19,073,19073,Iowa,Greene,2023,8603.0,4.0,33.0,46.5,383.59
19,079,19079,Iowa,Hamilton,2023,14914.0,11.0,26.0,73.76,174.33
19,081,19081,Iowa,Hancock,2023,10638.0,10.0,31.0,94.0,291.41
19,083,19083,Iowa,Hardin,2023,16522.0,47.0,61.0,284.47,369.2
19,087,19087,Iowa,Henry,2023,19603.0,12.0,19.0,61.22,96.92
19,089,19089,Iowa,Howard,2023,9400.0,4.0,18.0,42.55,191.49
19,091,19091,Iowa,Humboldt,2023,9522.0,5.0,35.0,52.51,367.57
19,093,19093,Iowa,Ida,2023,6812.0,7.0,32.0,102.76,469.76
19,095,19095,Iowa,Iowa,2023,16431.0,14.0,46.0,85.2,279.96
19,097,19097,Iowa,Jackson,2023,19343.0,3.0,51.0,15.51,263.66
19,101,19101,Iowa,Jefferson,2023,15464.0,5.0,18.0,32.33,116.4
19,107,19107,Iowa,Keokuk,2023,9931.0,16.0,34.0,161.11,342.36
19,111,19111,Iowa,Lee,2023,32502.0,15.0,68.0,46.15,209.22
19,115,19115,Iowa,Louisa,2023,10525.0,25.0,29.0,237.53,275.53
19,117,19117,Iowa,Lucas,2023,8776.0,18.0,69.0,205.1,786.24
19,119,19119,Iowa,Lyon,2023,12309.0,4.0,33.0,32.5,268.1
19,123,19123,Iowa,Mahaska,2023,21947.0,11.0,16.0,50.12,72.9
19,125,19125,Iowa,Marion,2023,33662.0,20.0,30.0,59.41,89.12
19,131,19131,Iowa,Mitchell,2023,10543.0,0.0,9.0,0.0,85.36
19,133,19133,Iowa,Monona,2023,8539.0,10.0,43.0,117.11,503.57
19,139,19139,Iowa,Muscatine,2023,42293.0,14.0,55.0,33.1,130.05
19,141,19141,Iowa,O'Brien,2023,14052.0,9.0,30.0,64.05,213.49
19,143,19143,Iowa,Osceola,2023,6015.0,5.0,7.0,83.13,116.38
19,145,19145,Iowa,Page,2023,14993.0,7.0,34.0,46.69,226.77
19,147,19147,Iowa,Palo Alto,2023,8841.0,9.0,30.0,101.8,339.33
19,149,19149,Iowa,Plymouth,2023,25723.0,1.0,33.0,3.89,128.29
19,151,19151,Iowa,Pocahontas,2023,6993.0,2.0,17.0,28.6,243.1
19,157,19157,Iowa,Poweshiek,2023,18487.0,26.0,54.0,140.64,292.1
19,159,19159,Iowa,Ringgold,2023,4664.0,6.0,14.0,128.64,300.17
19,161,19161,Iowa,Sac,2023,9696.0,12.0,15.0,123.76,154.7
19,165,19165,Iowa,Shelby,2023,11788.0,4.0,28.0,33.93,237.53
19,167,19167,Iowa,Sioux,2023,36494.0,19.0,56.0,52.06,153.45
19,171,19171,Iowa,Tama,2023,16824.0,15.0,43.0,89.16,255.59
19,173,19173,Iowa,Taylor,2023,5925.0,7.0,20.0,118.14,337.55
19,175,19175,Iowa,Union,2023,11883.0,10.0,23.0,84.15,193.55
19,177,19177,Iowa,Van Buren,2023,7250.0,11.0,26.0,151.72,358.62
19,185,19185,Iowa,Wayne,2023,6547.0,6.0,21.0,91.65,320.76
19,187,19187,Iowa,Webster,2023,36666.0,36.0,55.0,98.18,150.0
19,191,19191,Iowa,Winneshiek,2023,19703.0,26.0,7.0,131.96,35.53
19,195,19195,Iowa,Worth,2023,7330.0,0.0,17.0,0.0,231.92
19,197,19197,Iowa,Wright,2023,12825.0,5.0,11.0,38.99,85.77
20,015,20015,Kansas,Butler,2023,68571.0,46.0,162.0,67.08,236.25
20,021,20021,Kansas,Cherokee,2023,19088.0,28.0,140.0,146.69,733.45
20,045,20045,Kansas,Douglas,2023,120727.0,21.0,53.0,17.39,43.9
20,061,20061,Kansas,Geary,2023,35228.0,6.0,34.0,17.03,96.51
20,079,20079,Kansas,Harvey,2023,33630.0,10.0,48.0,29.74,142.73
20,085,20085,Kansas,Jackson,2023,13365.0,31.0,41.0,231.95,306.77
20,087,20087,Kansas,Jefferson,2023,18297.0,34.0,156.0,185.82,852.6
20,091,20091,Kansas,Johnson,2023,625261.0,59.0,258.0,9.44,41.26
20,103,20103,Kansas,Leavenworth,2023,83564.0,20.0,86.0,23.93,102.92
20,107,20107,Kansas,Linn,2023,9900.0,15.0,57.0,151.52,575.76
20,121,20121,Kansas,Miami,2023,35391.0,23.0,112.0,64.99,316.46
20,149,20149,Kansas,Pottawatomie,2023,26493.0,48.0,96.0,181.18,362.36
,,,Kansas,Riley County Police Department,2023,71530.0,206.0,1088.0,287.99,1521.04
20,177,20177,Kansas,Shawnee,2023,177798.0,128.0,550.0,71.99,309.34
20,191,20191,Kansas,Sumner,2023,22404.0,28.0,110.0,124.98,490.98
20,197,20197,Kansas,Wabaunsee,2023,7081.0,19.0,56.0,268.32,790.85
20,209,20209,Kansas,Wyandotte,2023,167290.0,29.0,53.0,17.34,31.68
20,001,20001,Kansas,Allen,2023,12454.0,8.0,35.0,64.24,281.03
20,003,20003,Kansas,Anderson,2023,7840.0,2.0,18.0,25.51,229.59
20,005,20005,Kansas,Atchison,2023,16099.0,6.0,12.0,37.27,74.54
20,007,20007,Kansas,Barber,2023,4092.0,4.0,26.0,97.75,635.39
20,009,20009,Kansas,Barton,2023,24935.0,19.0,119.0,76.2,477.24
20,011,20011,Kansas,Bourbon,2023,14434.0,32.0,39.0,221.7,270.2
20,013,20013,Kansas,Brown,2023,9282.0,9.0,16.0,96.96,172.38
20,017,20017,Kansas,Chase,2023,2596.0,7.0,26.0,269.65,1001.54
20,019,20019,Kansas,Chautauqua,2023,3374.0,1.0,11.0,29.64,326.02
20,023,20023,Kansas,Cheyenne,2023,2621.0,3.0,22.0,114.46,839.37
20,025,20025,Kansas,Clark,2023,1870.0,11.0,12.0,588.24,641.71
20,027,20027,Kansas,Clay,2023,8003.0,7.0,7.0,87.47,87.47
20,029,20029,Kansas,Cloud,2023,8834.0,18.0,30.0,203.76,339.6
20,031,20031,Kansas,Coffey,2023,8282.0,10.0,43.0,120.74,519.2
20,035,20035,Kansas,Cowley,2023,34204.0,16.0,71.0,46.78,207.58
20,037,20037,Kansas,Crawford,2023,38938.0,34.0,66.0,87.32,169.5
20,041,20041,Kansas,Dickinson,2023,18453.0,21.0,52.0,113.8,281.8
20,047,20047,Kansas,Edwards,2023,2727.0,17.0,33.0,623.4,1210.12
20,049,20049,Kansas,Elk,2023,2486.0,3.0,13.0,120.68,522.93
20,051,20051,Kansas,Ellis,2023,28944.0,12.0,51.0,41.46,176.2
20,053,20053,Kansas,Ellsworth,2023,6386.0,7.0,38.0,109.61,595.05
20,055,20055,Kansas,Finney,2023,37863.0,31.0,103.0,81.87,272.03
20,057,20057,Kansas,Ford,2023,34156.0,21.0,34.0,61.48,99.54
20,059,20059,Kansas,Franklin,2023,26201.0,33.0,81.0,125.95,309.15
20,063,20063,Kansas,Gove,2023,2737.0,6.0,11.0,219.22,401.9
20,069,20069,Kansas,Gray,2023,5755.0,5.0,56.0,86.88,973.07
20,073,20073,Kansas,Greenwood,2023,5895.0,23.0,58.0,390.16,983.88
20,077,20077,Kansas,Harper,2023,5393.0,4.0,24.0,74.17,445.02
20,083,20083,Kansas,Hodgeman,2023,1680.0,1.0,7.0,59.52,416.67
20,115,20115,Kansas,Marion,2023,11776.0,19.0,48.0,161.35,407.61
20,117,20117,Kansas,Marshall,2023,9930.0,15.0,14.0,151.06,140.99
20,123,20123,Kansas,Mitchell,2023,5754.0,4.0,9.0,69.52,156.41
20,125,20125,Kansas,Montgomery,2023,30721.0,18.0,78.0,58.59,253.9
20,131,20131,Kansas,Nemaha,2023,10100.0,2.0,16.0,19.8,158.42
20,133,20133,Kansas,Neosho,2023,15487.0,14.0,70.0,90.4,451.99
20,141,20141,Kansas,Osborne,2023,3420.0,10.0,7.0,292.4,204.68
20,151,20151,Kansas,Pratt,2023,9096.0,2.0,63.0,21.99,692.61
20,155,20155,Kansas,Reno,2023,61370.0,42.0,140.0,68.44,228.12
20,157,20157,Kansas,Republic,2023,4615.0,7.0,13.0,151.68,281.69
20,163,20163,Kansas,Rooks,2023,4776.0,6.0,48.0,125.63,1005.03
20,165,20165,Kansas,Rush,2023,2837.0,7.0,26.0,246.74,916.46
20,167,20167,Kansas,Russell,2023,6694.0,4.0,31.0,59.76,463.1
20,169,20169,Kansas,Saline,2023,53216.0,25.0,46.0,46.98,86.44
20,171,20171,Kansas,Scott,2023,4971.0,1.0,2.0,20.12,40.23
20,175,20175,Kansas,Seward,2023,21155.0,4.0,8.0,18.91,37.82
20,185,20185,Kansas,Stafford,2023,3953.0,2.0,12.0,50.59,303.57
20,193,20193,Kansas,Thomas,2023,7809.0,3.0,14.0,38.42,179.28
20,201,20201,Kansas,Washington,2023,5564.0,4.0,21.0,71.89,377.43
20,207,20207,Kansas,Woodson,2023,3134.0,5.0,15.0,159.54,478.62
21,003,21003,Kentucky,Allen,2023,21821.0,6.0,64.0,27.5,293.3
21,007,21007,Kentucky,Ballard,2023,7605.0,9.0,61.0,118.34,802.1
21,015,21015,Kentucky,Boone,2023,141388.0,80.0,617.0,56.58,436.39
21,017,21017,Kentucky,Bourbon,2023,20223.0,9.0,32.0,44.5,158.24
21,019,21019,Kentucky,Boyd,2023,47880.0,24.0,145.0,50.13,302.84
21,023,21023,Kentucky,Bracken,2023,8416.0,3.0,27.0,35.65,320.82
21,029,21029,Kentucky,Bullitt,2023,84996.0,17.0,228.0,20.0,268.25
21,031,21031,Kentucky,Butler,2023,12427.0,3.0,21.0,24.14,168.99
21,037,21037,Kentucky,Campbell,2023,93864.0,0.0,1.0,0.0,1.07
,,,Kentucky,Campbell County Police Department,2023,93864.0,18.0,90.0,19.18,95.88
21,039,21039,Kentucky,Carlisle,2023,4744.0,3.0,16.0,63.24,337.27
21,043,21043,Kentucky,Carter,2023,26300.0,11.0,48.0,41.83,182.51
21,047,21047,Kentucky,Christian,2023,71269.0,28.0,184.0,39.29,258.18
21,049,21049,Kentucky,Clark,2023,37349.0,7.0,141.0,18.74,377.52
21,059,21059,Kentucky,Daviess,2023,103787.0,33.0,341.0,31.8,328.56
21,061,21061,Kentucky,Edmonson,2023,12461.0,5.0,37.0,40.13,296.93
21,067,21067,Kentucky,Fayette,2023,323414.0,1.0,2.0,0.31,0.62
21,077,21077,Kentucky,Gallatin,2023,8779.0,5.0,29.0,56.95,330.33
21,081,21081,Kentucky,Grant,2023,25626.0,6.0,100.0,23.41,390.23
21,089,21089,Kentucky,Greenup,2023,35311.0,2.0,25.0,5.66,70.8
21,093,21093,Kentucky,Hardin,2023,112322.0,18.0,189.0,16.03,168.27
21,103,21103,Kentucky,Henry,2023,15981.0,2.0,18.0,12.51,112.63
21,111,21111,Kentucky,Jefferson,2023,784607.0,1.0,6.0,0.13,0.76
21,113,21113,Kentucky,Jessamine,2023,55383.0,10.0,157.0,18.06,283.48
21,117,21117,Kentucky,Kenton,2023,172179.0,2.0,1.0,1.16,0.58
,,,Kentucky,Kenton County Police Department,2023,172179.0,24.0,61.0,13.94,35.43
21,123,21123,Kentucky,Larue,2023,15315.0,5.0,19.0,32.65,124.06
21,127,21127,Kentucky,Lawrence,2023,15980.0,5.0,42.0,31.29,262.83
21,139,21139,Kentucky,Livingston,2023,8919.0,4.0,55.0,44.85,616.66
21,145,21145,Kentucky,McCracken,2023,67549.0,36.0,320.0,53.29,473.73
21,149,21149,Kentucky,McLean,2023,9047.0,4.0,18.0,44.21,198.96
21,163,21163,Kentucky,Meade,2023,30189.0,16.0,54.0,53.0,178.87
21,179,21179,Kentucky,Nelson,2023,47909.0,9.0,146.0,18.79,304.74
21,185,21185,Kentucky,Oldham,2023,70348.0,0.0,7.0,0.0,9.95
,,,Kentucky,Oldham County Police Department,2023,70348.0,31.0,383.0,44.07,544.44
21,191,21191,Kentucky,Pendleton,2023,14783.0,1.0,53.0,6.76,358.52
21,209,21209,Kentucky,Scott,2023,60694.0,16.0,106.0,26.36,174.65
21,211,21211,Kentucky,Shelby,2023,49700.0,16.0,158.0,32.19,317.91
21,215,21215,Kentucky,Spencer,2023,20500.0,6.0,30.0,29.27,146.34
21,221,21221,Kentucky,Trigg,2023,14353.0,4.0,58.0,27.87,404.1
21,227,21227,Kentucky,Warren,2023,143259.0,56.0,442.0,39.09,308.53
21,239,21239,Kentucky,Woodford,2023,27521.0,0.0,13.0,0.0,47.24
21,001,21001,Kentucky,Adair,2023,19281.0,6.0,21.0,31.12,108.92
21,005,21005,Kentucky,Anderson,2023,24636.0,3.0,29.0,12.18,117.71
21,009,21009,Kentucky,Barren,2023,45067.0,9.0,164.0,19.97,363.9
21,011,21011,Kentucky,Bath,2023,12984.0,1.0,45.0,7.7,346.58
21,013,21013,Kentucky,Bell,2023,23260.0,11.0,50.0,47.29,214.96
21,021,21021,Kentucky,Boyle,2023,31062.0,9.0,21.0,28.97,67.61
21,025,21025,Kentucky,Breathitt,2023,12931.0,3.0,15.0,23.2,116.0
21,027,21027,Kentucky,Breckinridge,2023,21120.0,5.0,50.0,23.67,236.74
21,033,21033,Kentucky,Caldwell,2023,12590.0,1.0,31.0,7.94,246.23
21,035,21035,Kentucky,Calloway,2023,38523.0,10.0,98.0,25.96,254.39
21,041,21041,Kentucky,Carroll,2023,10984.0,6.0,47.0,54.62,427.9
21,045,21045,Kentucky,Casey,2023,15928.0,2.0,20.0,12.56,125.57
21,051,21051,Kentucky,Clay,2023,19660.0,3.0,65.0,15.26,330.62
21,053,21053,Kentucky,Clinton,2023,9192.0,1.0,19.0,10.88,206.7
21,055,21055,Kentucky,Crittenden,2023,8991.0,1.0,7.0,11.12,77.86
21,057,21057,Kentucky,Cumberland,2023,5980.0,0.0,17.0,0.0,284.28
21,063,21063,Kentucky,Elliott,2023,7269.0,2.0,6.0,27.51,82.54
21,065,21065,Kentucky,Estill,2023,13923.0,3.0,17.0,21.55,122.1
21,069,21069,Kentucky,Fleming,2023,15411.0,8.0,21.0,51.91,136.27
21,071,21071,Kentucky,Floyd,2023,35001.0,15.0,40.0,42.86,114.28
21,073,21073,Kentucky,Franklin,2023,51851.0,21.0,111.0,40.5,214.07
21,075,21075,Kentucky,Fulton,2023,6355.0,2.0,12.0,31.47,188.83
21,079,21079,Kentucky,Garrard,2023,17858.0,4.0,47.0,22.4,263.19
21,083,21083,Kentucky,Graves,2023,36590.0,17.0,126.0,46.46,344.36
21,085,21085,Kentucky,Grayson,2023,26875.0,3.0,55.0,11.16,204.65
21,087,21087,Kentucky,Green,2023,11452.0,0.0,4.0,0.0,34.93
21,091,21091,Kentucky,Hancock,2023,8930.0,2.0,16.0,22.4,179.17
21,095,21095,Kentucky,Harlan,2023,25306.0,5.0,35.0,19.76,138.31
21,097,21097,Kentucky,Harrison,2023,19397.0,3.0,26.0,15.47,134.04
21,099,21099,Kentucky,Hart,2023,19739.0,6.0,42.0,30.4,212.78
21,101,21101,Kentucky,Henderson,2023,44224.0,15.0,113.0,33.92,255.52
21,105,21105,Kentucky,Hickman,2023,4425.0,3.0,17.0,67.8,384.18
21,107,21107,Kentucky,Hopkins,2023,44914.0,11.0,100.0,24.49,222.65
21,109,21109,Kentucky,Jackson,2023,13141.0,3.0,39.0,22.83,296.78
21,115,21115,Kentucky,Johnson,2023,22134.0,6.0,56.0,27.11,253.0
21,119,21119,Kentucky,Knott,2023,13656.0,0.0,9.0,0.0,65.91
21,121,21121,Kentucky,Knox,2023,29696.0,11.0,55.0,37.04,185.21
21,125,21125,Kentucky,Laurel,2023,63334.0,28.0,303.0,44.21,478.42
21,129,21129,Kentucky,Lee,2023,7301.0,3.0,26.0,41.09,356.12
21,131,21131,Kentucky,Leslie,2023,9871.0,6.0,10.0,60.78,101.31
21,133,21133,Kentucky,Letcher,2023,20449.0,0.0,5.0,0.0,24.45
21,135,21135,Kentucky,Lewis,2023,12989.0,7.0,50.0,53.89,384.94
21,137,21137,Kentucky,Lincoln,2023,24791.0,11.0,94.0,44.37,379.17
21,141,21141,Kentucky,Logan,2023,28272.0,12.0,49.0,42.44,173.32
21,143,21143,Kentucky,Lyon,2023,9177.0,7.0,16.0,76.28,174.35
21,151,21151,Kentucky,Madison,2023,97551.0,18.0,146.0,18.45,149.67
21,153,21153,Kentucky,Magoffin,2023,11224.0,1.0,21.0,8.91,187.1
21,155,21155,Kentucky,Marion,2023,19853.0,1.0,32.0,5.04,161.18
21,157,21157,Kentucky,Marshall,2023,31705.0,14.0,146.0,44.16,460.5
21,159,21159,Kentucky,Martin,2023,10932.0,0.0,3.0,0.0,27.44
21,161,21161,Kentucky,Mason,2023,16875.0,7.0,44.0,41.48,260.74
21,147,21147,Kentucky,McCreary,2023,17098.0,1.0,8.0,5.85,46.79
21,165,21165,Kentucky,Menifee,2023,6280.0,3.0,18.0,47.77,286.62
21,167,21167,Kentucky,Mercer,2023,23172.0,2.0,29.0,8.63,125.15
21,169,21169,Kentucky,Metcalfe,2023,10512.0,0.0,23.0,0.0,218.8
21,171,21171,Kentucky,Monroe,2023,11246.0,4.0,11.0,35.57,97.81
21,173,21173,Kentucky,Montgomery,2023,28534.0,15.0,130.0,52.57,455.6
21,175,21175,Kentucky,Morgan,2023,14372.0,4.0,30.0,27.83,208.74
21,177,21177,Kentucky,Muhlenberg,2023,30553.0,7.0,70.0,22.91,229.11
21,181,21181,Kentucky,Nicholas,2023,7692.0,3.0,6.0,39.0,78.0
21,183,21183,Kentucky,Ohio,2023,23763.0,22.0,98.0,92.58,412.41
21,187,21187,Kentucky,Owen,2023,11319.0,0.0,27.0,0.0,238.54
21,189,21189,Kentucky,Owsley,2023,3987.0,0.0,0.0,0.0,0.0
21,193,21193,Kentucky,Perry,2023,27069.0,7.0,30.0,25.86,110.83
21,195,21195,Kentucky,Pike,2023,56021.0,5.0,25.0,8.93,44.63
21,197,21197,Kentucky,Powell,2023,12981.0,1.0,7.0,7.7,53.92
21,199,21199,Kentucky,Pulaski,2023,66237.0,38.0,243.0,57.37,366.86
21,201,21201,Kentucky,Robertson,2023,2321.0,0.0,2.0,0.0,86.17
21,203,21203,Kentucky,Rockcastle,2023,16150.0,2.0,20.0,12.38,123.84
21,205,21205,Kentucky,Rowan,2023,24467.0,5.0,52.0,20.44,212.53
21,207,21207,Kentucky,Russell,2023,18345.0,3.0,24.0,16.35,130.83
21,213,21213,Kentucky,Simpson,2023,20243.0,8.0,14.0,39.52,69.16
21,217,21217,Kentucky,Taylor,2023,26574.0,1.0,87.0,3.76,327.39
21,219,21219,Kentucky,Todd,2023,12575.0,1.0,34.0,7.95,270.38
21,223,21223,Kentucky,Trimble,2023,8631.0,1.0,11.0,11.59,127.45
21,225,21225,Kentucky,Union,2023,13091.0,5.0,32.0,38.19,244.44
21,229,21229,Kentucky,Washington,2023,12266.0,3.0,14.0,24.46,114.14
21,231,21231,Kentucky,Wayne,2023,19629.0,9.0,32.0,45.85,163.02
21,233,21233,Kentucky,Webster,2023,12746.0,9.0,23.0,70.61,180.45
21,235,21235,Kentucky,Whitley,2023,36903.0,15.0,125.0,40.65,338.73
21,237,21237,Kentucky,Wolfe,2023,6318.0,3.0,18.0,47.48,284.9
22,001,22001,Louisiana,Acadia,2023,56928.0,96.0,423.0,168.63,743.04
22,005,22005,Louisiana,Ascension,2023,132202.0,333.0,1908.0,251.89,1443.25
22,015,22015,Louisiana,Bossier,2023,130413.0,158.0,465.0,121.15,356.56
22,017,22017,Louisiana,Caddo,2023,226605.0,33.0,526.0,14.56,232.12
22,019,22019,Louisiana,Calcasieu,2023,204628.0,807.0,3237.0,394.37,1581.89
22,023,22023,Louisiana,Cameron,2023,4821.0,14.0,77.0,290.4,1597.18
22,031,22031,Louisiana,De Soto,2023,27145.0,41.0,207.0,151.04,762.57
22,033,22033,Louisiana,East Baton Rouge,2023,451709.0,507.0,5195.0,112.24,1150.08
22,043,22043,Louisiana,Grant,2023,21977.0,41.0,214.0,186.56,973.75
22,047,22047,Louisiana,Iberville,2023,29769.0,57.0,212.0,191.47,712.15
22,051,22051,Louisiana,Jefferson,2023,429256.0,1146.0,7807.0,266.97,1818.73
22,053,22053,Louisiana,Jefferson Davis,2023,31670.0,56.0,210.0,176.82,663.09
22,055,22055,Louisiana,Lafayette,2023,250714.0,264.0,967.0,105.3,385.7
22,057,22057,Louisiana,Lafourche,2023,95199.0,194.0,1354.0,203.78,1422.28
22,063,22063,Louisiana,Livingston,2023,150872.0,539.0,2105.0,357.26,1395.22
22,067,22067,Louisiana,Morehouse,2023,24138.0,65.0,259.0,269.28,1073.0
22,073,22073,Louisiana,Ouachita,2023,158155.0,521.0,2400.0,329.42,1517.5
22,075,22075,Louisiana,Plaquemines,2023,22422.0,96.0,100.0,428.15,445.99
22,077,22077,Louisiana,Pointe Coupee,2023,19989.0,61.0,129.0,305.17,645.35
22,079,22079,Louisiana,Rapides,2023,126442.0,342.0,1317.0,270.48,1041.58
22,087,22087,Louisiana,St. Bernard,2023,44963.0,236.0,903.0,524.88,2008.32
22,089,22089,Louisiana,St. Charles,2023,50651.0,106.0,545.0,209.28,1075.99
22,091,22091,Louisiana,St. Helena,2023,10807.0,102.0,186.0,943.83,1721.11
22,093,22093,Louisiana,St. James,2023,19201.0,58.0,219.0,302.07,1140.57
22,095,22095,Louisiana,St. John the Baptist,2023,39818.0,104.0,522.0,261.19,1310.96
22,099,22099,Louisiana,St. Martin,2023,51151.0,143.0,541.0,279.56,1057.65
22,103,22103,Louisiana,St. Tammany,2023,275871.0,259.0,1356.0,93.88,491.53
22,105,22105,Louisiana,Tangipahoa,2023,138101.0,506.0,1480.0,366.4,1071.68
22,109,22109,Louisiana,Terrebonne,2023,104298.0,239.0,1819.0,229.15,1744.04
22,111,22111,Louisiana,Union,2023,20763.0,101.0,250.0,486.44,1204.06
22,113,22113,Louisiana,Vermilion,2023,57141.0,37.0,191.0,64.75,334.26
22,121,22121,Louisiana,West Baton Rouge,2023,28420.0,68.0,470.0,239.27,1653.76
22,125,22125,Louisiana,West Feliciana,2023,15311.0,36.0,13.0,235.13,84.91
22,003,22003,Louisiana,Allen,2023,22522.0,16.0,55.0,71.04,244.21
22,011,22011,Louisiana,Beauregard,2023,36814.0,58.0,192.0,157.55,521.54
22,013,22013,Louisiana,Bienville,2023,12439.0,34.0,105.0,273.33,844.12
22,021,22021,Louisiana,Caldwell,2023,9415.0,63.0,88.0,669.14,934.68
22,025,22025,Louisiana,Catahoula,2023,8475.0,24.0,84.0,283.19,991.15
22,027,22027,Louisiana,Claiborne,2023,13655.0,21.0,33.0,153.79,241.67
22,029,22029,Louisiana,Concordia,2023,18096.0,65.0,107.0,359.2,591.29
22,035,22035,Louisiana,East Carroll,2023,6875.0,31.0,25.0,450.91,363.64
22,039,22039,Louisiana,Evangeline,2023,32264.0,29.0,224.0,89.88,694.27
22,041,22041,Louisiana,Franklin,2023,19275.0,117.0,225.0,607.0,1167.32
22,059,22059,Louisiana,La Salle,2023,,16.0,48.0,,
22,061,22061,Louisiana,Lincoln,2023,48112.0,26.0,149.0,54.04,309.69
22,065,22065,Louisiana,Madison,2023,9251.0,39.0,19.0,421.58,205.38
22,081,22081,Louisiana,Red River,2023,7370.0,28.0,103.0,379.92,1397.56
22,085,22085,Louisiana,Sabine,2023,21959.0,32.0,103.0,145.73,469.06
22,097,22097,Louisiana,St. Landry,2023,81423.0,137.0,683.0,168.26,838.83
22,101,22101,Louisiana,St. Mary,2023,47236.0,63.0,415.0,133.37,878.57
22,107,22107,Louisiana,Tensas,2023,3843.0,23.0,34.0,598.49,884.73
22,115,22115,Louisiana,Vernon,2023,46232.0,70.0,365.0,151.41,789.5
22,117,22117,Louisiana,Washington,2023,45035.0,137.0,353.0,304.21,783.83
22,119,22119,Louisiana,Webster,2023,35479.0,62.0,214.0,174.75,603.17
22,123,22123,Louisiana,West Carroll,2023,9305.0,8.0,30.0,85.98,322.41
22,127,22127,Louisiana,Winn,2023,14071.0,22.0,30.0,156.35,213.2
23,001,23001,Maine,Androscoggin,2023,114587.0,20.0,151.0,17.45,131.78
23,005,23005,Maine,Cumberland,2023,311645.0,37.0,348.0,11.87,111.67
23,019,23019,Maine,Penobscot,2023,156839.0,29.0,303.0,18.49,193.19
23,023,23023,Maine,Sagadahoc,2023,37576.0,3.0,60.0,7.98,159.68
23,031,23031,Maine,York,2023,219839.0,30.0,182.0,13.65,82.79
23,003,23003,Maine,Aroostook,2023,67330.0,16.0,96.0,23.76,142.58
23,007,23007,Maine,Franklin,2023,30773.0,9.0,60.0,29.25,194.98
23,009,23009,Maine,Hancock,2023,56865.0,13.0,93.0,22.86,163.55
23,011,23011,Maine,Kennebec,2023,128254.0,27.0,223.0,21.05,173.87
23,013,23013,Maine,Knox,2023,41077.0,11.0,121.0,26.78,294.57
23,015,23015,Maine,Lincoln,2023,36418.0,12.0,104.0,32.95,285.57
23,017,23017,Maine,Oxford,2023,60076.0,11.0,199.0,18.31,331.25
23,021,23021,Maine,Piscataquis,2023,17474.0,2.0,48.0,11.45,274.69
23,025,23025,Maine,Somerset,2023,51293.0,23.0,383.0,44.84,746.69
23,027,23027,Maine,Waldo,2023,40475.0,2.0,48.0,4.94,118.59
23,029,23029,Maine,Washington,2023,31471.0,12.0,115.0,38.13,365.42
,,,Maryland,Anne Arundel County Police Department,2023,599327.0,1447.0,8654.0,241.44,1443.95
,,,Maryland,Baltimore County Police Department,2023,846378.0,3301.0,21609.0,390.01,2553.11
,,,Maryland,Baltimore County Police Department,2023,567952.0,3301.0,21609.0,581.21,3804.72
24,013,24013,Maryland,Carroll,2023,176625.0,324.0,653.0,183.44,369.71
24,015,24015,Maryland,Cecil,2023,105789.0,141.0,419.0,133.28,396.07
24,017,24017,Maryland,Charles,2023,172174.0,537.0,1755.0,311.89,1019.32
24,021,24021,Maryland,Frederick,2023,293742.0,219.0,1335.0,74.56,454.48
24,025,24025,Maryland,Harford,2023,264739.0,400.0,1543.0,151.09,582.84
24,027,24027,Maryland,Howard,2023,336321.0,0.0,0.0,0.0,0.0
,,,Maryland,Howard County Police Department,2023,336321.0,464.0,5534.0,137.96,1645.45
24,031,24031,Maryland,Montgomery,2023,1064369.0,0.0,0.0,0.0,0.0
,,,Maryland,Montgomery County Police Department,2023,1064369.0,1759.0,16309.0,165.26,1532.27
,,,Maryland,Prince George's County Police Department,2023,954813.0,3166.0,18522.0,331.58,1939.86
24,035,24035,Maryland,Queen Anne's,2023,52624.0,29.0,286.0,55.11,543.48
24,037,24037,Maryland,St. Mary's,2023,115242.0,173.0,1013.0,150.12,879.02
24,043,24043,Maryland,Washington,2023,155437.0,215.0,766.0,138.32,492.8
24,045,24045,Maryland,Wicomico,2023,106024.0,101.0,368.0,95.26,347.09
24,001,24001,Maryland,Allegany,2023,67084.0,21.0,54.0,31.3,80.5
24,011,24011,Maryland,Caroline,2023,33768.0,29.0,158.0,85.88,467.9
24,019,24019,Maryland,Dorchester,2023,32981.0,23.0,107.0,69.74,324.43
24,023,24023,Maryland,Garrett,2023,28485.0,8.0,113.0,28.08,396.7
24,041,24041,Maryland,Talbot,2023,38019.0,32.0,113.0,84.17,297.22
24,047,24047,Maryland,Worcester,2023,54237.0,26.0,153.0,47.94,282.1
26,017,26017,Michigan,Bay,2023,102693.0,55.0,385.0,53.56,374.9
26,019,26019,Michigan,Benzie,2023,18452.0,31.0,64.0,168.0,346.85
26,021,26021,Michigan,Berrien,2023,152384.0,110.0,598.0,72.19,392.43
26,025,26025,Michigan,Calhoun,2023,133331.0,161.0,572.0,120.75,429.01
26,027,26027,Michigan,Cass,2023,51570.0,48.0,386.0,93.08,748.5
26,037,26037,Michigan,Clinton,2023,79877.0,23.0,120.0,28.79,150.23
26,045,26045,Michigan,Eaton,2023,108915.0,131.0,787.0,120.28,722.58
26,049,26049,Michigan,Genesee,2023,401351.0,84.0,324.0,20.93,80.73
26,055,26055,Michigan,Grand Traverse,2023,96375.0,129.0,374.0,133.85,388.07
26,065,26065,Michigan,Ingham,2023,286405.0,151.0,519.0,52.72,181.21
26,075,26075,Michigan,Jackson,2023,159607.0,171.0,497.0,107.14,311.39
26,077,26077,Michigan,Kalamazoo,2023,262460.0,332.0,2010.0,126.5,765.83
26,081,26081,Michigan,Kent,2023,663819.0,484.0,2650.0,72.91,399.21
26,087,26087,Michigan,Lapeer,2023,89038.0,69.0,141.0,77.5,158.36
26,089,26089,Michigan,Leelanau,2023,22951.0,11.0,60.0,47.93,261.43
26,093,26093,Michigan,Livingston,2023,196731.0,82.0,420.0,41.68,213.49
26,099,26099,Michigan,Macomb,2023,877396.0,262.0,990.0,29.86,112.83
26,111,26111,Michigan,Midland,2023,83915.0,62.0,172.0,73.88,204.97
26,117,26117,Michigan,Montcalm,2023,68302.0,79.0,193.0,115.66,282.57
26,121,26121,Michigan,Muskegon,2023,176299.0,77.0,338.0,43.68,191.72
26,125,26125,Michigan,Oakland,2023,1274993.0,27.0,41.0,2.12,3.22
26,139,26139,Michigan,Ottawa,2023,303565.0,570.0,1922.0,187.77,633.14
26,145,26145,Michigan,Saginaw,2023,187758.0,96.0,385.0,51.13,205.05
26,147,26147,Michigan,St. Clair,2023,160279.0,183.0,476.0,114.18,296.98
26,161,26161,Michigan,Washtenaw,2023,367845.0,632.0,1223.0,171.81,332.48
26,163,26163,Michigan,Wayne,2023,1758381.0,21.0,0.0,1.19,0.0
26,001,26001,Michigan,Alcona,2023,10502.0,9.0,60.0,85.7,571.32
26,003,26003,Michigan,Alger,2023,8753.0,5.0,4.0,57.12,45.7
26,005,26005,Michigan,Allegan,2023,121935.0,83.0,590.0,68.07,483.86
26,007,26007,Michigan,Alpena,2023,28868.0,11.0,48.0,38.1,166.27
26,011,26011,Michigan,Arenac,2023,15131.0,33.0,61.0,218.1,403.15
26,013,26013,Michigan,Baraga,2023,8219.0,4.0,7.0,48.67,85.17
26,023,26023,Michigan,Branch,2023,45603.0,23.0,186.0,50.44,407.87
26,029,26029,Michigan,Charlevoix,2023,26096.0,38.0,54.0,145.62,206.93
26,031,26031,Michigan,Cheboygan,2023,26043.0,16.0,20.0,61.44,76.8
26,033,26033,Michigan,Chippewa,2023,36276.0,12.0,8.0,33.08,22.05
26,035,26035,Michigan,Clare,2023,31380.0,69.0,322.0,219.89,1026.13
26,039,26039,Michigan,Crawford,2023,13545.0,28.0,46.0,206.72,339.61
26,041,26041,Michigan,Delta,2023,36820.0,11.0,29.0,29.88,78.76
26,047,26047,Michigan,Emmet,2023,34028.0,36.0,47.0,105.8,138.12
26,051,26051,Michigan,Gladwin,2023,25924.0,44.0,83.0,169.73,320.17
26,053,26053,Michigan,Gogebic,2023,14271.0,5.0,18.0,35.04,126.13
26,057,26057,Michigan,Gratiot,2023,41422.0,44.0,260.0,106.22,627.69
26,059,26059,Michigan,Hillsdale,2023,45643.0,45.0,165.0,98.59,361.5
26,061,26061,Michigan,Houghton,2023,37671.0,17.0,15.0,45.13,39.82
26,063,26063,Michigan,Huron,2023,30944.0,25.0,66.0,80.79,213.29
26,069,26069,Michigan,Iosco,2023,25404.0,3.0,5.0,11.81,19.68
26,073,26073,Michigan,Isabella,2023,64390.0,51.0,318.0,79.2,493.87
26,083,26083,Michigan,Keweenaw,2023,2181.0,1.0,6.0,45.85,275.1
26,091,26091,Michigan,Lenawee,2023,97710.0,58.0,148.0,59.36,151.47
26,095,26095,Michigan,Luce,2023,6401.0,8.0,45.0,124.98,703.02
26,097,26097,Michigan,Mackinac,2023,10922.0,7.0,48.0,64.09,439.48
26,101,26101,Michigan,Manistee,2023,25516.0,19.0,87.0,74.46,340.96
26,103,26103,Michigan,Marquette,2023,67556.0,27.0,87.0,39.97,128.78
26,105,26105,Michigan,Mason,2023,29144.0,36.0,128.0,123.52,439.2
26,113,26113,Michigan,Missaukee,2023,15310.0,36.0,85.0,235.14,555.19
26,119,26119,Michigan,Montmorency,2023,9698.0,5.0,20.0,51.56,206.23
26,127,26127,Michigan,Oceana,2023,26976.0,50.0,164.0,185.35,607.95
26,129,26129,Michigan,Ogemaw,2023,21033.0,19.0,93.0,90.33,442.16
26,131,26131,Michigan,Ontonagon,2023,5880.0,3.0,3.0,51.02,51.02
26,135,26135,Michigan,Oscoda,2023,8564.0,19.0,37.0,221.86,432.04
26,137,26137,Michigan,Otsego,2023,25811.0,12.0,18.0,46.49,69.74
26,141,26141,Michigan,Presque Isle,2023,13258.0,7.0,21.0,52.8,158.39
26,143,26143,Michigan,Roscommon,2023,23940.0,29.0,64.0,121.14,267.34
26,151,26151,Michigan,Sanilac,2023,40389.0,52.0,55.0,128.75,136.18
26,153,26153,Michigan,Schoolcraft,2023,8149.0,0.0,1.0,0.0,12.27
26,155,26155,Michigan,Shiawassee,2023,67916.0,30.0,194.0,44.17,285.65
26,149,26149,Michigan,St. Joseph,2023,60953.0,66.0,137.0,108.28,224.76
26,157,26157,Michigan,Tuscola,2023,52880.0,54.0,139.0,102.12,262.86
27,003,27003,Minnesota,Anoka,2023,373182.0,45.0,528.0,12.06,141.49
27,009,27009,Minnesota,Benton,2023,41580.0,17.0,79.0,40.89,190.0
27,013,27013,Minnesota,Blue Earth,2023,70328.0,19.0,84.0,27.02,119.44
27,017,27017,Minnesota,Carlton,2023,36694.0,25.0,106.0,68.13,288.88
27,019,27019,Minnesota,Carver,2023,111076.0,55.0,342.0,49.52,307.9
27,025,27025,Minnesota,Chisago,2023,58647.0,47.0,122.0,80.14,208.02
27,027,27027,Minnesota,Clay,2023,66581.0,11.0,37.0,16.52,55.57
27,037,27037,Minnesota,Dakota,2023,448612.0,8.0,1.0,1.78,0.22
27,039,27039,Minnesota,Dodge,2023,21141.0,15.0,64.0,70.95,302.73
27,045,27045,Minnesota,Fillmore,2023,21497.0,7.0,47.0,32.56,218.64
27,053,27053,Minnesota,Hennepin,2023,1263745.0,31.0,19.0,2.45,1.5
27,055,27055,Minnesota,Houston,2023,18682.0,2.0,44.0,10.71,235.52
27,059,27059,Minnesota,Isanti,2023,43198.0,30.0,124.0,69.45,287.05
27,079,27079,Minnesota,Le Sueur,2023,29289.0,3.0,47.0,10.24,160.47
27,095,27095,Minnesota,Mille Lacs,2023,27466.0,71.0,195.0,258.5,709.97
27,103,27103,Minnesota,Nicollet,2023,34021.0,3.0,29.0,8.82,85.24
27,109,27109,Minnesota,Olmsted,2023,164841.0,29.0,178.0,17.59,107.98
27,119,27119,Minnesota,Polk,2023,30563.0,10.0,52.0,32.72,170.14
27,123,27123,Minnesota,Ramsey,2023,537716.0,183.0,949.0,34.03,176.49
27,133,27133,Minnesota,Rock,2023,9621.0,3.0,11.0,31.18,114.33
27,139,27139,Minnesota,Scott,2023,156145.0,11.0,50.0,7.04,32.02
27,141,27141,Minnesota,Sherburne,2023,102388.0,32.0,234.0,31.25,228.54
27,145,27145,Minnesota,Stearns,2023,161805.0,36.0,157.0,22.25,97.03
27,137,27137,Minnesota,St. Louis,2023,200669.0,82.0,446.0,40.86,222.26
27,157,27157,Minnesota,Wabasha,2023,21664.0,2.0,33.0,9.23,152.33
27,163,27163,Minnesota,Washington,2023,278890.0,56.0,411.0,20.08,147.37
27,171,27171,Minnesota,Wright,2023,151374.0,88.0,514.0,58.13,339.56
27,001,27001,Minnesota,Aitkin,2023,16131.0,10.0,111.0,61.99,688.12
27,005,27005,Minnesota,Becker,2023,35282.0,32.0,87.0,90.7,246.58
27,007,27007,Minnesota,Beltrami,2023,46570.0,51.0,208.0,109.51,446.64
27,011,27011,Minnesota,Big Stone,2023,5098.0,7.0,28.0,137.31,549.23
27,015,27015,Minnesota,Brown,2023,25628.0,2.0,16.0,7.8,62.43
27,021,27021,Minnesota,Cass,2023,31344.0,31.0,49.0,98.9,156.33
27,023,27023,Minnesota,Chippewa,2023,12313.0,2.0,1.0,16.24,8.12
27,029,27029,Minnesota,Clearwater,2023,8698.0,8.0,20.0,91.98,229.94
27,031,27031,Minnesota,Cook,2023,5620.0,11.0,51.0,195.73,907.47
27,033,27033,Minnesota,Cottonwood,2023,11427.0,2.0,2.0,17.5,17.5
27,035,27035,Minnesota,Crow Wing,2023,68339.0,38.0,92.0,55.61,134.62
27,041,27041,Minnesota,Douglas,2023,39873.0,11.0,57.0,27.59,142.95
27,043,27043,Minnesota,Faribault,2023,13936.0,14.0,15.0,100.46,107.63
27,047,27047,Minnesota,Freeborn,2023,30469.0,8.0,95.0,26.26,311.79
27,049,27049,Minnesota,Goodhue,2023,48168.0,18.0,106.0,37.37,220.06
27,057,27057,Minnesota,Hubbard,2023,22062.0,28.0,65.0,126.92,294.62
27,061,27061,Minnesota,Itasca,2023,45487.0,26.0,68.0,57.16,149.49
27,063,27063,Minnesota,Jackson,2023,9898.0,13.0,22.0,131.34,222.27
27,065,27065,Minnesota,Kanabec,2023,16650.0,15.0,158.0,90.09,948.95
27,067,27067,Minnesota,Kandiyohi,2023,44387.0,21.0,141.0,47.31,317.66
27,069,27069,Minnesota,Kittson,2023,4036.0,3.0,7.0,74.33,173.44
27,071,27071,Minnesota,Koochiching,2023,11744.0,10.0,17.0,85.15,144.75
27,073,27073,Minnesota,Lac qui Parle,2023,6674.0,3.0,20.0,44.95,299.67
27,075,27075,Minnesota,Lake,2023,10884.0,3.0,17.0,27.56,156.19
27,081,27081,Minnesota,Lincoln,2023,5584.0,1.0,5.0,17.91,89.54
27,083,27083,Minnesota,Lyon,2023,25587.0,13.0,29.0,50.81,113.34
27,087,27087,Minnesota,Mahnomen,2023,5307.0,49.0,33.0,923.31,621.82
27,089,27089,Minnesota,Marshall,2023,8828.0,6.0,7.0,67.97,79.29
27,091,27091,Minnesota,Martin,2023,19727.0,9.0,6.0,45.62,30.42
27,085,27085,Minnesota,McLeod,2023,36861.0,18.0,58.0,48.83,157.35
27,093,27093,Minnesota,Meeker,2023,23522.0,12.0,96.0,51.02,408.13
27,097,27097,Minnesota,Morrison,2023,34328.0,21.0,176.0,61.17,512.7
27,099,27099,Minnesota,Mower,2023,40207.0,18.0,76.0,44.77,189.02
27,101,27101,Minnesota,Murray,2023,8090.0,3.0,11.0,37.08,135.97
27,105,27105,Minnesota,Nobles,2023,22065.0,6.0,15.0,27.19,67.98
27,107,27107,Minnesota,Norman,2023,6335.0,3.0,1.0,47.36,15.79
27,111,27111,Minnesota,Otter Tail,2023,60754.0,28.0,145.0,46.09,238.67
27,113,27113,Minnesota,Pennington,2023,13734.0,1.0,45.0,7.28,327.65
27,115,27115,Minnesota,Pine,2023,30190.0,63.0,340.0,208.68,1126.2
27,117,27117,Minnesota,Pipestone,2023,9289.0,7.0,18.0,75.36,193.78
27,121,27121,Minnesota,Pope,2023,11407.0,3.0,28.0,26.3,245.46
27,125,27125,Minnesota,Red Lake,2023,3915.0,3.0,4.0,76.63,102.17
27,127,27127,Minnesota,Redwood,2023,15326.0,15.0,54.0,97.87,352.34
27,129,27129,Minnesota,Renville,2023,14462.0,17.0,54.0,117.55,373.39
27,131,27131,Minnesota,Rice,2023,68585.0,20.0,55.0,29.16,80.19
27,135,27135,Minnesota,Roseau,2023,15280.0,8.0,26.0,52.36,170.16
27,143,27143,Minnesota,Sibley,2023,15179.0,2.0,11.0,13.18,72.47
27,147,27147,Minnesota,Steele,2023,37462.0,4.0,38.0,10.68,101.44
27,149,27149,Minnesota,Stevens,2023,9921.0,9.0,49.0,90.72,493.9
27,151,27151,Minnesota,Swift,2023,9687.0,1.0,0.0,10.32,0.0
27,153,27153,Minnesota,Todd,2023,25794.0,36.0,71.0,139.57,275.26
27,155,27155,Minnesota,Traverse,2023,3176.0,3.0,6.0,94.46,188.92
27,159,27159,Minnesota,Wadena,2023,14240.0,5.0,1.0,35.11,7.02
27,161,27161,Minnesota,Waseca,2023,19043.0,4.0,34.0,21.01,178.54
27,165,27165,Minnesota,Watonwan,2023,11237.0,5.0,26.0,44.5,231.38
27,167,27167,Minnesota,Wilkin,2023,6350.0,0.0,4.0,0.0,62.99
27,169,27169,Minnesota,Winona,2023,49904.0,17.0,41.0,34.07,82.16
27,173,27173,Minnesota,Yellow Medicine,2023,9536.0,2.0,17.0,20.97,178.27
28,033,28033,Mississippi,DeSoto,2023,194179.0,31.0,248.0,15.96,127.72
28,035,28035,Mississippi,Forrest,2023,78439.0,30.0,246.0,38.25,313.62
28,045,28045,Mississippi,Hancock,2023,46166.0,12.0,379.0,25.99,820.95
28,047,28047,Mississippi,Harrison,2023,211293.0,42.0,586.0,19.88,277.34
28,089,28089,Mississippi,Madison,2023,113053.0,53.0,113.0,46.88,99.95
28,131,28131,Mississippi,Stone,2023,18978.0,39.0,152.0,205.5,800.93
28,137,28137,Mississippi,Tate,2023,28403.0,34.0,135.0,119.71,475.3
28,143,28143,Mississippi,Tunica,2023,9372.0,79.0,495.0,842.94,5281.69
28,003,28003,Mississippi,Alcorn,2023,34109.0,13.0,219.0,38.11,642.06
28,005,28005,Mississippi,Amite,2023,12483.0,11.0,14.0,88.12,112.15
28,007,28007,Mississippi,Attala,2023,17350.0,6.0,64.0,34.58,368.88
28,013,28013,Mississippi,Calhoun,2023,12739.0,10.0,29.0,78.5,227.65
28,017,28017,Mississippi,Chickasaw,2023,16813.0,2.0,3.0,11.9,17.84
28,019,28019,Mississippi,Choctaw,2023,8073.0,9.0,33.0,111.48,408.77
28,027,28027,Mississippi,Coahoma,2023,20147.0,5.0,36.0,24.82,178.69
28,031,28031,Mississippi,Covington,2023,18041.0,10.0,89.0,55.43,493.32
28,039,28039,Mississippi,George,2023,25542.0,52.0,293.0,203.59,1147.13
28,041,28041,Mississippi,Greene,2023,13645.0,9.0,33.0,65.96,241.85
28,043,28043,Mississippi,Grenada,2023,21070.0,47.0,221.0,223.07,1048.88
28,061,28061,Mississippi,Jasper,2023,15989.0,24.0,67.0,150.1,419.04
28,069,28069,Mississippi,Kemper,2023,8609.0,16.0,56.0,185.85,650.48
28,071,28071,Mississippi,Lafayette,2023,59350.0,17.0,136.0,28.64,229.15
28,079,28079,Mississippi,Leake,2023,21322.0,49.0,97.0,229.81,454.93
28,081,28081,Mississippi,Lee,2023,82938.0,76.0,449.0,91.63,541.37
28,085,28085,Mississippi,Lincoln,2023,34836.0,29.0,236.0,83.25,677.46
28,087,28087,Mississippi,Lowndes,2023,57342.0,60.0,305.0,104.64,531.9
28,091,28091,Mississippi,Marion,2023,24140.0,34.0,96.0,140.85,397.68
28,095,28095,Mississippi,Monroe,2023,33642.0,60.0,113.0,178.35,335.89
28,099,28099,Mississippi,Neshoba,2023,28808.0,19.0,93.0,65.95,322.83
28,103,28103,Mississippi,Noxubee,2023,9938.0,21.0,34.0,211.31,342.12
28,105,28105,Mississippi,Oktibbeha,2023,51463.0,57.0,253.0,110.76,491.62
28,113,28113,Mississippi,Pike,2023,39288.0,93.0,321.0,236.71,817.04
28,115,28115,Mississippi,Pontotoc,2023,31705.0,50.0,115.0,157.7,362.72
28,117,28117,Mississippi,Prentiss,2023,25254.0,22.0,91.0,87.11,360.34
28,129,28129,Mississippi,Smith,2023,14095.0,3.0,34.0,21.28,241.22
28,133,28133,Mississippi,Sunflower,2023,23858.0,9.0,67.0,37.72,280.83
28,135,28135,Mississippi,Tallahatchie,2023,11476.0,25.0,119.0,217.85,1036.95
28,141,28141,Mississippi,Tishomingo,2023,18513.0,22.0,102.0,118.84,550.96
28,145,28145,Mississippi,Union,2023,28265.0,36.0,138.0,127.37,488.24
28,147,28147,Mississippi,Walthall,2023,13827.0,17.0,77.0,122.95,556.88
28,153,28153,Mississippi,Wayne,2023,19745.0,23.0,65.0,116.49,329.2
28,155,28155,Mississippi,Webster,2023,9990.0,15.0,58.0,150.15,580.58
28,159,28159,Mississippi,Winston,2023,17486.0,24.0,62.0,137.25,354.57
29,013,29013,Missouri,Bates,2023,16259.0,66.0,118.0,405.93,725.75
29,017,29017,Missouri,Bollinger,2023,10524.0,47.0,66.0,446.6,627.14
29,019,29019,Missouri,Boone,2023,189530.0,87.0,593.0,45.9,312.88
29,021,29021,Missouri,Buchanan,2023,83251.0,32.0,147.0,38.44,176.57
29,025,29025,Missouri,Caldwell,2023,8962.0,2.0,15.0,22.32,167.37
29,027,29027,Missouri,Callaway,2023,44789.0,54.0,303.0,120.57,676.51
29,031,29031,Missouri,Cape Girardeau,2023,82969.0,34.0,118.0,40.98,142.22
29,043,29043,Missouri,Christian,2023,94498.0,38.0,174.0,40.21,184.13
29,047,29047,Missouri,Clay,2023,259937.0,45.0,133.0,17.31,51.17
29,049,29049,Missouri,Clinton,2023,21530.0,9.0,53.0,41.8,246.17
29,053,29053,Missouri,Cooper,2023,16943.0,16.0,21.0,94.43,123.94
29,059,29059,Missouri,Dallas,2023,17765.0,10.0,56.0,56.29,315.23
29,063,29063,Missouri,DeKalb,2023,9893.0,8.0,27.0,80.87,272.92
29,071,29071,Missouri,Franklin,2023,106440.0,24.0,193.0,22.55,181.32
29,077,29077,Missouri,Greene,2023,304786.0,93.0,595.0,30.51,195.22
29,089,29089,Missouri,Howard,2023,10111.0,26.0,32.0,257.15,316.49
29,095,29095,Missouri,Jackson,2023,721035.0,102.0,350.0,14.15,48.54
29,097,29097,Missouri,Jasper,2023,125127.0,71.0,393.0,56.74,314.08
29,099,29099,Missouri,Jefferson,2023,231207.0,534.0,1413.0,230.96,611.14
29,107,29107,Missouri,Lafayette,2023,33216.0,41.0,78.0,123.43,234.83
29,113,29113,Missouri,Lincoln,2023,64641.0,131.0,222.0,202.66,343.44
29,135,29135,Missouri,Moniteau,2023,15248.0,9.0,6.0,59.02,39.35
29,145,29145,Missouri,Newton,2023,60733.0,76.0,524.0,125.14,862.79
29,151,29151,Missouri,Osage,2023,13462.0,9.0,67.0,66.85,497.7
29,165,29165,Missouri,Platte,2023,111908.0,59.0,220.0,52.72,196.59
29,167,29167,Missouri,Polk,2023,32921.0,62.0,200.0,188.33,607.51
29,177,29177,Missouri,Ray,2023,23183.0,91.0,110.0,392.53,474.49
29,183,29183,Missouri,St. Charles,2023,417442.0,0.0,1.0,0.0,0.24
,,,Missouri,St. Charles County Police Department,2023,417442.0,113.0,215.0,27.07,51.5
,,,Missouri,St. Louis County Police Department,2023,989977.0,1937.0,7378.0,195.66,745.27
,,,Missouri,St. Louis County Police Department,2023,283190.0,1937.0,7378.0,683.99,2605.32
29,219,29219,Missouri,Warren,2023,37842.0,14.0,113.0,37.0,298.61
29,225,29225,Missouri,Webster,2023,41476.0,56.0,99.0,135.02,238.69
29,007,29007,Missouri,Audrain,2023,24412.0,23.0,89.0,94.22,364.57
29,009,29009,Missouri,Barry,2023,35373.0,39.0,186.0,110.25,525.82
29,011,29011,Missouri,Barton,2023,11756.0,17.0,95.0,144.61,808.1
29,015,29015,Missouri,Benton,2023,20568.0,20.0,93.0,97.24,452.16
29,023,29023,Missouri,Butler,2023,41925.0,82.0,416.0,195.59,992.25
29,029,29029,Missouri,Camden,2023,44119.0,79.0,243.0,179.06,550.78
29,033,29033,Missouri,Carroll,2023,8363.0,4.0,8.0,47.83,95.66
29,039,29039,Missouri,Cedar,2023,14674.0,47.0,149.0,320.29,1015.4
29,041,29041,Missouri,Chariton,2023,7401.0,31.0,47.0,418.86,635.05
29,045,29045,Missouri,Clark,2023,6642.0,0.0,67.0,0.0,1008.73
29,057,29057,Missouri,Dade,2023,7723.0,41.0,83.0,530.88,1074.71
29,061,29061,Missouri,Daviess,2023,8545.0,7.0,70.0,81.92,819.19
29,065,29065,Missouri,Dent,2023,14647.0,19.0,51.0,129.72,348.19
29,067,29067,Missouri,Douglas,2023,12240.0,25.0,13.0,204.25,106.21
29,069,29069,Missouri,Dunklin,2023,27082.0,29.0,84.0,107.08,310.17
29,073,29073,Missouri,Gasconade,2023,14731.0,3.0,92.0,20.37,624.53
29,079,29079,Missouri,Grundy,2023,9808.0,1.0,5.0,10.2,50.98
29,083,29083,Missouri,Henry,2023,22448.0,106.0,292.0,472.2,1300.78
29,085,29085,Missouri,Hickory,2023,8796.0,2.0,41.0,22.74,466.12
29,091,29091,Missouri,Howell,2023,40725.0,46.0,194.0,112.95,476.37
29,093,29093,Missouri,Iron,2023,9458.0,15.0,30.0,158.6,317.19
29,101,29101,Missouri,Johnson,2023,55051.0,38.0,199.0,69.03,361.48
29,105,29105,Missouri,Laclede,2023,36647.0,19.0,126.0,51.85,343.82
29,109,29109,Missouri,Lawrence,2023,38902.0,36.0,184.0,92.54,472.98
29,111,29111,Missouri,Lewis,2023,9834.0,0.0,18.0,0.0,183.04
29,115,29115,Missouri,Linn,2023,11791.0,5.0,6.0,42.41,50.89
29,117,29117,Missouri,Livingston,2023,14608.0,8.0,19.0,54.76,130.07
29,121,29121,Missouri,Macon,2023,15189.0,10.0,47.0,65.84,309.43
29,127,29127,Missouri,Marion,2023,28270.0,3.0,47.0,10.61,166.25
29,119,29119,Missouri,McDonald,2023,23985.0,110.0,147.0,458.62,612.88
29,131,29131,Missouri,Miller,2023,25560.0,53.0,79.0,207.36,309.08
29,133,29133,Missouri,Mississippi,2023,11842.0,1.0,51.0,8.44,430.67
29,137,29137,Missouri,Monroe,2023,8719.0,21.0,42.0,240.85,481.71
29,139,29139,Missouri,Montgomery,2023,11464.0,8.0,49.0,69.78,427.42
29,141,29141,Missouri,Morgan,2023,21954.0,69.0,45.0,314.29,204.97
29,143,29143,Missouri,New Madrid,2023,15415.0,40.0,117.0,259.49,759.0
29,147,29147,Missouri,Nodaway,2023,20709.0,13.0,52.0,62.77,251.1
29,153,29153,Missouri,Ozark,2023,8995.0,25.0,25.0,277.93,277.93
29,155,29155,Missouri,Pemiscot,2023,14661.0,20.0,51.0,136.42,347.86
29,157,29157,Missouri,Perry,2023,18938.0,25.0,21.0,132.01,110.89
29,159,29159,Missouri,Pettis,2023,43611.0,39.0,171.0,89.43,392.1
29,161,29161,Missouri,Phelps,2023,45285.0,41.0,213.0,90.54,470.35
29,163,29163,Missouri,Pike,2023,17904.0,23.0,62.0,128.46,346.29
29,173,29173,Missouri,Ralls,2023,10480.0,8.0,26.0,76.34,248.09
29,175,29175,Missouri,Randolph,2023,24120.0,43.0,25.0,178.28,103.65
29,181,29181,Missouri,Ripley,2023,10811.0,4.0,38.0,37.0,351.49
29,195,29195,Missouri,Saline,2023,23156.0,66.0,68.0,285.02,293.66
29,197,29197,Missouri,Schuyler,2023,4060.0,17.0,35.0,418.72,862.07
29,205,29205,Missouri,Shelby,2023,5942.0,0.0,6.0,0.0,100.98
29,185,29185,Missouri,St. Clair,2023,9750.0,12.0,69.0,123.08,707.69
29,186,29186,Missouri,Ste. Genevieve,2023,18662.0,53.0,90.0,284.0,482.26
29,187,29187,Missouri,St. Francois,2023,67027.0,69.0,246.0,102.94,367.02
29,207,29207,Missouri,Stoddard,2023,28344.0,46.0,136.0,162.29,479.82
29,209,29209,Missouri,Stone,2023,32664.0,40.0,305.0,122.46,933.75
29,213,29213,Missouri,Taney,2023,56830.0,104.0,228.0,183.0,401.2
29,215,29215,Missouri,Texas,2023,25613.0,38.0,137.0,148.36,534.88
29,217,29217,Missouri,Vernon,2023,19747.0,30.0,145.0,151.92,734.29
29,221,29221,Missouri,Washington,2023,23568.0,55.0,190.0,233.37,806.18
29,223,29223,Missouri,Wayne,2023,10832.0,35.0,89.0,323.12,821.64
29,227,29227,Missouri,Worth,2023,1919.0,0.0,3.0,0.0,156.33
29,229,29229,Missouri,Wright,2023,19401.0,15.0,13.0,77.32,67.01
30,007,30007,Montana,Broadwater,2023,8061.0,30.0,15.0,372.16,186.08
30,009,30009,Montana,Carbon,2023,11420.0,8.0,30.0,70.05,262.7
30,013,30013,Montana,Cascade,2023,84623.0,90.0,203.0,106.35,239.89
30,031,30031,Montana,Gallatin,2023,125952.0,195.0,425.0,154.82,337.43
30,043,30043,Montana,Jefferson,2023,13049.0,32.0,95.0,245.23,728.03
30,049,30049,Montana,Lewis and Clark,2023,74783.0,74.0,228.0,98.95,304.88
30,063,30063,Montana,Missoula,2023,121504.0,105.0,307.0,86.42,252.67
30,095,30095,Montana,Stillwater,2023,9238.0,20.0,45.0,216.5,487.12
30,111,30111,Montana,Yellowstone,2023,170568.0,149.0,600.0,87.36,351.77
30,001,30001,Montana,Beaverhead,2023,9882.0,10.0,15.0,101.19,151.79
30,003,30003,Montana,Big Horn,2023,12860.0,59.0,79.0,458.79,614.31
30,093,30093,Montana,Butte-Silver Bow,2023,36122.0,126.0,808.0,348.82,2236.86
30,011,30011,Montana,Carter,2023,1409.0,0.0,0.0,0.0,0.0
30,015,30015,Montana,Chouteau,2023,5875.0,8.0,10.0,136.17,170.21
30,021,30021,Montana,Dawson,2023,8825.0,13.0,35.0,147.31,396.6
30,023,30023,Montana,Deer Lodge,2023,9658.0,31.0,83.0,320.98,859.39
30,027,30027,Montana,Fergus,2023,11813.0,7.0,8.0,59.26,67.72
30,029,30029,Montana,Flathead,2023,113381.0,215.0,652.0,189.63,575.05
30,035,30035,Montana,Glacier,2023,13550.0,10.0,23.0,73.8,169.74
30,037,30037,Montana,Golden Valley,2023,864.0,2.0,0.0,231.48,0.0
30,039,30039,Montana,Granite,2023,3592.0,16.0,34.0,445.43,946.55
30,041,30041,Montana,Hill,2023,16194.0,32.0,117.0,197.6,722.49
30,045,30045,Montana,Judith Basin,2023,2102.0,2.0,1.0,95.15,47.57
30,047,30047,Montana,Lake,2023,33206.0,137.0,244.0,412.58,734.81
30,051,30051,Montana,Liberty,2023,1957.0,3.0,6.0,153.3,306.59
30,053,30053,Montana,Lincoln,2023,21864.0,29.0,52.0,132.64,237.83
30,057,30057,Montana,Madison,2023,9520.0,16.0,18.0,168.07,189.08
30,055,30055,Montana,McCone,2023,1683.0,1.0,2.0,59.42,118.84
30,061,30061,Montana,Mineral,2023,5137.0,17.0,24.0,330.93,467.2
30,065,30065,Montana,Musselshell,2023,5386.0,9.0,25.0,167.1,464.17
30,067,30067,Montana,Park,2023,17970.0,21.0,41.0,116.86,228.16
30,069,30069,Montana,Petroleum,2023,548.0,0.0,1.0,0.0,182.48
30,071,30071,Montana,Phillips,2023,4237.0,18.0,32.0,424.83,755.25
30,073,30073,Montana,Pondera,2023,6098.0,2.0,19.0,32.8,311.58
30,075,30075,Montana,Powder River,2023,1744.0,0.0,1.0,0.0,57.34
30,077,30077,Montana,Powell,2023,7112.0,25.0,11.0,351.52,154.67
30,079,30079,Montana,Prairie,2023,1112.0,2.0,1.0,179.86,89.93
30,081,30081,Montana,Ravalli,2023,47634.0,90.0,201.0,188.94,421.97
30,083,30083,Montana,Richland,2023,11103.0,2.0,15.0,18.01,135.1
30,085,30085,Montana,Roosevelt,2023,10349.0,33.0,27.0,318.87,260.89
30,087,30087,Montana,Rosebud,2023,8112.0,8.0,6.0,98.62,73.96
30,089,30089,Montana,Sanders,2023,13713.0,35.0,29.0,255.23,211.48
30,091,30091,Montana,Sheridan,2023,3492.0,13.0,45.0,372.28,1288.66
30,097,30097,Montana,Sweet Grass,2023,3788.0,7.0,26.0,184.79,686.38
30,099,30099,Montana,Teton,2023,6433.0,9.0,25.0,139.9,388.62
30,101,30101,Montana,Toole,2023,5119.0,18.0,58.0,351.63,1133.03
30,103,30103,Montana,Treasure,2023,771.0,2.0,0.0,259.4,0.0
30,105,30105,Montana,Valley,2023,7434.0,3.0,9.0,40.36,121.07
30,107,30107,Montana,Wheatland,2023,2069.0,7.0,2.0,338.33,96.67
31,025,31025,Nebraska,Cass,2023,27463.0,16.0,99.0,58.26,360.49
31,043,31043,Nebraska,Dakota,2023,21307.0,17.0,20.0,79.79,93.87
31,055,31055,Nebraska,Douglas,2023,593496.0,74.0,670.0,12.47,112.89
31,079,31079,Nebraska,Hall,2023,63294.0,7.0,96.0,11.06,151.67
31,109,31109,Nebraska,Lancaster,2023,328128.0,7.0,170.0,2.13,51.81
31,153,31153,Nebraska,Sarpy,2023,200215.0,23.0,753.0,11.49,376.1
31,155,31155,Nebraska,Saunders,2023,23500.0,6.0,44.0,25.53,187.23
31,159,31159,Nebraska,Seward,2023,17705.0,5.0,21.0,28.24,118.61
31,001,31001,Nebraska,Adams,2023,30908.0,6.0,45.0,19.41,145.59
31,013,31013,Nebraska,Box Butte,2023,10705.0,2.0,10.0,18.68,93.41
31,019,31019,Nebraska,Buffalo,2023,50745.0,27.0,75.0,53.21,147.8
31,021,31021,Nebraska,Burt,2023,6710.0,1.0,1.0,14.9,14.9
31,027,31027,Nebraska,Cedar,2023,8258.0,0.0,27.0,0.0,326.96
31,029,31029,Nebraska,Chase,2023,3746.0,2.0,6.0,53.39,160.17
31,033,31033,Nebraska,Cheyenne,2023,9521.0,8.0,10.0,84.02,105.03
31,037,31037,Nebraska,Colfax,2023,10721.0,1.0,8.0,9.33,74.62
31,041,31041,Nebraska,Custer,2023,10609.0,3.0,11.0,28.28,103.69
31,045,31045,Nebraska,Dawes,2023,8148.0,2.0,2.0,24.55,24.55
31,051,31051,Nebraska,Dixon,2023,5557.0,3.0,8.0,53.99,143.96
31,065,31065,Nebraska,Furnas,2023,4548.0,6.0,27.0,131.93,593.67
31,067,31067,Nebraska,Gage,2023,21644.0,7.0,24.0,32.34,110.89
31,071,31071,Nebraska,Garfield,2023,1758.0,0.0,3.0,0.0,170.65
31,073,31073,Nebraska,Gosper,2023,1845.0,0.0,0.0,0.0,0.0
31,075,31075,Nebraska,Grant,2023,567.0,0.0,0.0,0.0,0.0
31,087,31087,Nebraska,Hitchcock,2023,2563.0,2.0,23.0,78.03,897.39
31,095,31095,Nebraska,Jefferson,2023,7094.0,8.0,68.0,112.77,958.56
31,099,31099,Nebraska,Kearney,2023,6732.0,1.0,19.0,14.85,282.23
31,101,31101,Nebraska,Keith,2023,8164.0,3.0,13.0,36.75,159.24
31,103,31103,Nebraska,Keya Paha,2023,801.0,0.0,0.0,0.0,0.0
31,119,31119,Nebraska,Madison,2023,35841.0,13.0,12.0,36.27,33.48
31,117,31117,Nebraska,McPherson,2023,380.0,0.0,0.0,0.0,0.0
31,123,31123,Nebraska,Morrill,2023,4511.0,2.0,19.0,44.34,421.19
31,131,31131,Nebraska,Otoe,2023,16429.0,4.0,29.0,24.35,176.52
31,135,31135,Nebraska,Perkins,2023,2800.0,1.0,21.0,35.71,750.0
31,139,31139,Nebraska,Pierce,2023,7302.0,3.0,18.0,41.08,246.51
31,143,31143,Nebraska,Polk,2023,5208.0,2.0,16.0,38.4,307.22
31,145,31145,Nebraska,Red Willow,2023,10495.0,0.0,18.0,0.0,171.51
31,147,31147,Nebraska,Richardson,2023,7679.0,3.0,8.0,39.07,104.18
31,151,31151,Nebraska,Saline,2023,14788.0,4.0,28.0,27.05,189.34
31,161,31161,Nebraska,Sheridan,2023,4929.0,2.0,5.0,40.58,101.44
31,167,31167,Nebraska,Stanton,2023,5846.0,0.0,0.0,0.0,0.0
31,169,31169,Nebraska,Thayer,2023,4854.0,3.0,12.0,61.8,247.22
31,171,31171,Nebraska,Thomas,2023,677.0,1.0,0.0,147.71,0.0
31,185,31185,Nebraska,York,2023,14402.0,8.0,19.0,55.55,131.93
32,510,32510,Nevada,Carson City,2023,58367.0,158.0,502.0,270.7,860.08
32,019,32019,Nevada,Lyon,2023,62658.0,190.0,401.0,303.23,639.98
32,031,32031,Nevada,Washoe,2023,499599.0,351.0,680.0,70.26,136.11
32,001,32001,Nevada,Churchill,2023,25852.0,16.0,113.0,61.89,437.1
32,005,32005,Nevada,Douglas,2023,49407.0,58.0,367.0,117.39,742.81
32,007,32007,Nevada,Elko,2023,54566.0,55.0,147.0,100.8,269.4
32,011,32011,Nevada,Eureka,2023,1904.0,16.0,39.0,840.34,2048.32
32,013,32013,Nevada,Humboldt,2023,17176.0,20.0,100.0,116.44,582.21
32,015,32015,Nevada,Lander,2023,5804.0,22.0,81.0,379.05,1395.59
32,021,32021,Nevada,Mineral,2023,4520.0,5.0,33.0,110.62,730.09
32,023,32023,Nevada,Nye,2023,55914.0,140.0,800.0,250.38,1430.77
32,033,32033,Nevada,White Pine,2023,8553.0,23.0,77.0,268.91,900.27
33,015,33015,New Hampshire,Rockingham,2023,320441.0,3.0,6.0,0.94,1.87
33,017,33017,New Hampshire,Strafford,2023,133595.0,6.0,2.0,4.49,1.5
33,001,33001,New Hampshire,Belknap,2023,65039.0,3.0,10.0,4.61,15.38
33,003,33003,New Hampshire,Carroll,2023,52398.0,0.0,21.0,0.0,40.08
33,005,33005,New Hampshire,Cheshire,2023,77680.0,0.0,3.0,0.0,3.86
33,013,33013,New Hampshire,Merrimack,2023,156883.0,1.0,0.0,0.64,0.0
34,001,34001,New Jersey,Atlantic,2023,276643.0,0.0,0.0,0.0,0.0
34,003,34003,New Jersey,Bergen,2023,964156.0,0.0,0.0,0.0,0.0
34,005,34005,New Jersey,Burlington,2023,472273.0,0.0,0.0,0.0,0.0
34,007,34007,New Jersey,Camden,2023,529977.0,0.0,25.0,0.0,4.72
34,009,34009,New Jersey,Cape May,2023,94577.0,0.0,0.0,0.0,0.0
34,011,34011,New Jersey,Cumberland,2023,154497.0,0.0,0.0,0.0,0.0
34,013,34013,New Jersey,Essex,2023,871153.0,50.0,101.0,5.74,11.59
34,015,34015,New Jersey,Gloucester,2023,308693.0,0.0,2.0,0.0,0.65
34,017,34017,New Jersey,Hudson,2023,719682.0,0.0,0.0,0.0,0.0
34,019,34019,New Jersey,Hunterdon,2023,130313.0,0.0,0.0,0.0,0.0
34,021,34021,New Jersey,Mercer,2023,391369.0,3.0,5.0,0.77,1.28
34,023,34023,New Jersey,Middlesex,2023,873281.0,0.0,0.0,0.0,0.0
34,025,34025,New Jersey,Monmouth,2023,645796.0,14.0,1.0,2.17,0.15
34,027,34027,New Jersey,Morris,2023,516902.0,0.0,0.0,0.0,0.0
34,031,34031,New Jersey,Passaic,2023,524011.0,0.0,4.0,0.0,0.76
34,033,34033,New Jersey,Salem,2023,65488.0,0.0,0.0,0.0,0.0
34,035,34035,New Jersey,Somerset,2023,351042.0,0.0,0.0,0.0,0.0
34,037,34037,New Jersey,Sussex,2023,146328.0,0.0,0.0,0.0,0.0
34,041,34041,New Jersey,Warren,2023,111651.0,0.0,0.0,0.0,0.0
35,001,35001,New Mexico,Bernalillo,2023,671767.0,779.0,2018.0,115.96,300.4
35,013,35013,New Mexico,Dona Ana,2023,225966.0,274.0,1017.0,121.26,450.07
35,045,35045,New Mexico,San Juan,2023,120754.0,270.0,481.0,223.6,398.33
35,049,35049,New Mexico,Santa Fe,2023,156379.0,104.0,323.0,66.51,206.55
35,057,35057,New Mexico,Torrance,2023,15690.0,53.0,146.0,337.79,930.53
35,061,35061,New Mexico,Valencia,2023,79254.0,200.0,554.0,252.35,699.02
35,005,35005,New Mexico,Chaves,2023,63662.0,81.0,156.0,127.23,245.04
35,009,35009,New Mexico,Curry,2023,47403.0,26.0,103.0,54.85,217.29
,,,New Mexico,De Baca,2023,1671.0,12.0,12.0,718.13,718.13
35,015,35015,New Mexico,Eddy,2023,60753.0,56.0,302.0,92.18,497.09
35,019,35019,New Mexico,Guadalupe,2023,4325.0,0.0,9.0,0.0,208.09
35,023,35023,New Mexico,Hidalgo,2023,3977.0,3.0,9.0,75.43,226.3
35,025,35025,New Mexico,Lea,2023,73214.0,78.0,582.0,106.54,794.93
35,031,35031,New Mexico,McKinley,2023,68802.0,65.0,159.0,94.47,231.1
35,033,35033,New Mexico,Mora,2023,4122.0,13.0,7.0,315.38,169.82
35,037,35037,New Mexico,Quay,2023,8615.0,1.0,27.0,11.61,313.41
35,051,35051,New Mexico,Sierra,2023,11548.0,18.0,50.0,155.87,432.98
35,053,35053,New Mexico,Socorro,2023,15988.0,24.0,66.0,150.11,412.81
36,007,36007,New York,Broome,2023,195934.0,44.0,552.0,22.46,281.73
36,015,36015,New York,Chemung,2023,81090.0,14.0,167.0,17.26,205.94
36,027,36027,New York,Dutchess,2023,297451.0,40.0,337.0,13.45,113.3
36,029,36029,New York,Erie,2023,947418.0,53.0,525.0,5.59,55.41
36,043,36043,New York,Herkimer,2023,59551.0,0.0,22.0,0.0,36.94
36,045,36045,New York,Jefferson,2023,113280.0,11.0,164.0,9.71,144.77
36,051,36051,New York,Livingston,2023,61184.0,21.0,218.0,34.32,356.3
36,053,36053,New York,Madison,2023,67242.0,15.0,101.0,22.31,150.2
36,055,36055,New York,Monroe,2023,748957.0,199.0,2258.0,26.57,301.49
36,059,36059,New York,Nassau,2023,1388940.0,1868.0,14609.0,134.49,1051.81
36,063,36063,New York,Niagara,2023,209451.0,38.0,570.0,18.14,272.14
36,065,36065,New York,Oneida,2023,227555.0,54.0,202.0,23.73,88.77
36,067,36067,New York,Onondaga,2023,468524.0,211.0,1481.0,45.04,316.1
36,069,36069,New York,Ontario,2023,112374.0,48.0,627.0,42.71,557.96
36,073,36073,New York,Orleans,2023,39567.0,15.0,101.0,37.91,255.26
36,075,36075,New York,Oswego,2023,117939.0,52.0,200.0,44.09,169.58
36,079,36079,New York,Putnam,2023,98110.0,13.0,192.0,13.25,195.7
36,083,36083,New York,Rensselaer,2023,159605.0,29.0,223.0,18.17,139.72
36,091,36091,New York,Saratoga,2023,238699.0,102.0,1325.0,42.73,555.09
36,093,36093,New York,Schenectady,2023,160129.0,0.0,5.0,0.0,3.12
36,095,36095,New York,Schoharie,2023,30140.0,0.0,14.0,0.0,46.45
36,103,36103,New York,Suffolk,2023,1533173.0,39.0,0.0,2.54,0.0
,,,New York,Suffolk County Police Department,2023,1533173.0,643.0,7638.0,41.94,498.18
36,107,36107,New York,Tioga,2023,47606.0,16.0,115.0,33.61,241.57
36,109,36109,New York,Tompkins,2023,104453.0,35.0,270.0,33.51,258.49
36,111,36111,New York,Ulster,2023,182956.0,14.0,99.0,7.65,54.11
36,113,36113,New York,Warren,2023,65467.0,34.0,565.0,51.93,863.03
36,115,36115,New York,Washington,2023,60052.0,28.0,130.0,46.63,216.48
36,117,36117,New York,Wayne,2023,90721.0,63.0,318.0,69.44,350.53
36,119,36119,New York,Westchester Public Safety,2023,998335.0,10.0,153.0,1.0,15.33
36,009,36009,New York,Cattaraugus,2023,75671.0,32.0,189.0,42.29,249.77
36,013,36013,New York,Chautauqua,2023,125061.0,39.0,339.0,31.18,271.07
36,021,36021,New York,Columbia,2023,60607.0,19.0,243.0,31.35,400.94
36,023,36023,New York,Cortland,2023,46004.0,10.0,258.0,21.74,560.82
36,025,36025,New York,Delaware,2023,44533.0,14.0,72.0,31.44,161.68
36,033,36033,New York,Franklin,2023,46224.0,0.0,0.0,0.0,0.0
36,035,36035,New York,Fulton,2023,52468.0,14.0,151.0,26.68,287.79
36,037,36037,New York,Genesee,2023,58016.0,25.0,295.0,43.09,508.48
36,039,36039,New York,Greene,2023,47411.0,4.0,27.0,8.44,56.95
36,049,36049,New York,Lewis,2023,26568.0,6.0,43.0,22.58,161.85
36,057,36057,New York,Montgomery,2023,49531.0,14.0,205.0,28.27,413.88
36,077,36077,New York,Otsego,2023,60581.0,1.0,19.0,1.65,31.36
36,097,36097,New York,Schuyler,2023,17441.0,3.0,29.0,17.2,166.27
36,099,36099,New York,Seneca,2023,32449.0,6.0,94.0,18.49,289.69
36,101,36101,New York,Steuben,2023,92078.0,23.0,118.0,24.98,128.15
36,089,36089,New York,St. Lawrence,2023,106607.0,12.0,37.0,11.26,34.71
36,105,36105,New York,Sullivan,2023,80413.0,21.0,254.0,26.12,315.87
36,121,36121,New York,Wyoming,2023,39750.0,12.0,92.0,30.19,231.45
36,123,36123,New York,Yates,2023,24367.0,12.0,67.0,49.25,274.96
37,001,37001,North Carolina,Alamance,2023,179369.0,179.0,556.0,99.79,309.98
37,003,37003,North Carolina,Alexander,2023,36387.0,99.0,303.0,272.08,832.71
37,007,37007,North Carolina,Anson,2023,21778.0,36.0,137.0,165.3,629.08
37,019,37019,North Carolina,Brunswick,2023,159425.0,189.0,785.0,118.55,492.39
37,021,37021,North Carolina,Buncombe,2023,276463.0,178.0,1140.0,64.38,412.35
37,023,37023,North Carolina,Burke,2023,88217.0,169.0,809.0,191.57,917.06
37,025,37025,North Carolina,Cabarrus,2023,240679.0,58.0,498.0,24.1,206.91
37,027,37027,North Carolina,Caldwell,2023,80659.0,65.0,718.0,80.59,890.17
37,029,37029,North Carolina,Camden,2023,11165.0,12.0,70.0,107.48,626.96
37,037,37037,North Carolina,Chatham,2023,81877.0,121.0,498.0,147.78,608.23
37,053,37053,North Carolina,Currituck,2023,31614.0,80.0,238.0,253.05,752.83
37,059,37059,North Carolina,Davie,2023,44676.0,135.0,645.0,302.18,1443.73
37,065,37065,North Carolina,Edgecombe,2023,48959.0,75.0,234.0,153.19,477.95
37,067,37067,North Carolina,Forsyth,2023,393631.0,270.0,1347.0,68.59,342.2
37,071,37071,North Carolina,Gaston,2023,238578.0,7.0,2.0,2.93,0.84
,,,North Carolina,Gaston County Police Department,2023,238578.0,146.0,794.0,61.2,332.81
37,073,37073,North Carolina,Gates,2023,10360.0,14.0,84.0,135.14,810.81
37,081,37081,North Carolina,Guilford,2023,551451.0,271.0,965.0,49.14,174.99
37,089,37089,North Carolina,Henderson,2023,119643.0,114.0,641.0,95.28,535.76
37,093,37093,North Carolina,Hoke,2023,54710.0,288.0,715.0,526.41,1306.89
37,097,37097,North Carolina,Iredell,2023,200005.0,166.0,690.0,83.0,344.99
37,101,37101,North Carolina,Johnston,2023,242010.0,147.0,1418.0,60.74,585.93
37,109,37109,North Carolina,Lincoln,2023,95723.0,119.0,823.0,124.32,859.77
37,115,37115,North Carolina,Madison,2023,22044.0,19.0,87.0,86.19,394.67
37,125,37125,North Carolina,Moore,2023,106915.0,80.0,371.0,74.83,347.0
37,127,37127,North Carolina,Nash,2023,97319.0,70.0,258.0,71.93,265.11
37,129,37129,North Carolina,New Hanover,2023,239877.0,133.0,1208.0,55.45,503.59
37,135,37135,North Carolina,Orange,2023,151717.0,92.0,414.0,60.64,272.88
37,141,37141,North Carolina,Pender,2023,68315.0,77.0,437.0,112.71,639.68
37,145,37145,North Carolina,Person,2023,39819.0,74.0,322.0,185.84,808.66
37,147,37147,North Carolina,Pitt,2023,178776.0,183.0,621.0,102.36,347.36
37,157,37157,North Carolina,Rockingham,2023,92535.0,77.0,476.0,83.21,514.4
37,159,37159,North Carolina,Rowan,2023,151833.0,126.0,709.0,82.99,466.96
37,179,37179,North Carolina,Union,2023,257474.0,186.0,1309.0,72.24,508.4
37,183,37183,North Carolina,Wake,2023,1200630.0,242.0,1138.0,20.16,94.78
37,191,37191,North Carolina,Wayne,2023,119731.0,186.0,1189.0,155.35,993.06
37,197,37197,North Carolina,Yadkin,2023,37867.0,43.0,268.0,113.56,707.74
37,009,37009,North Carolina,Ashe,2023,27096.0,35.0,162.0,129.17,597.87
37,011,37011,North Carolina,Avery,2023,17765.0,29.0,135.0,163.24,759.92
37,017,37017,North Carolina,Bladen,2023,29586.0,40.0,264.0,135.2,892.31
37,031,37031,North Carolina,Carteret,2023,69646.0,44.0,447.0,63.18,641.82
37,033,37033,North Carolina,Caswell,2023,22477.0,16.0,75.0,71.18,333.67
37,039,37039,North Carolina,Cherokee,2023,30035.0,70.0,517.0,233.06,1721.33
37,041,37041,North Carolina,Chowan,2023,13888.0,13.0,68.0,93.61,489.63
37,043,37043,North Carolina,Clay,2023,11830.0,9.0,205.0,76.08,1732.88
37,045,37045,North Carolina,Cleveland,2023,101606.0,180.0,587.0,177.15,577.72
37,049,37049,North Carolina,Craven,2023,103370.0,118.0,492.0,114.15,475.96
37,055,37055,North Carolina,Dare,2023,38150.0,40.0,149.0,104.85,390.56
37,077,37077,North Carolina,Granville,2023,61411.0,70.0,257.0,113.99,418.49
37,079,37079,North Carolina,Greene,2023,20595.0,66.0,223.0,320.47,1082.79
37,083,37083,North Carolina,Halifax,2023,47075.0,110.0,353.0,233.67,749.87
37,085,37085,North Carolina,Harnett,2023,141772.0,277.0,1325.0,195.38,934.6
37,087,37087,North Carolina,Haywood,2023,62948.0,87.0,537.0,138.21,853.09
37,091,37091,North Carolina,Hertford,2023,19194.0,24.0,92.0,125.04,479.32
37,105,37105,North Carolina,Lee,2023,67346.0,32.0,182.0,47.52,270.25
37,113,37113,North Carolina,Macon,2023,38433.0,35.0,345.0,91.07,897.67
37,117,37117,North Carolina,Martin,2023,21484.0,60.0,163.0,279.28,758.7
37,111,37111,North Carolina,McDowell,2023,44946.0,57.0,520.0,126.82,1156.94
37,123,37123,North Carolina,Montgomery,2023,26227.0,105.0,194.0,400.35,739.7
37,137,37137,North Carolina,Pamlico,2023,12431.0,23.0,152.0,185.02,1222.75
37,139,37139,North Carolina,Pasquotank,2023,41370.0,71.0,206.0,171.62,497.95
37,143,37143,North Carolina,Perquimans,2023,13369.0,35.0,132.0,261.8,987.36
37,149,37149,North Carolina,Polk,2023,20032.0,27.0,151.0,134.78,753.79
37,153,37153,North Carolina,Richmond,2023,42115.0,179.0,835.0,425.03,1982.67
37,155,37155,North Carolina,Robeson,2023,118005.0,1159.0,2180.0,982.16,1847.38
37,161,37161,North Carolina,Rutherford,2023,65380.0,71.0,291.0,108.6,445.09
37,163,37163,North Carolina,Sampson,2023,59984.0,108.0,734.0,180.05,1223.66
37,165,37165,North Carolina,Scotland,2023,33544.0,110.0,238.0,327.93,709.52
37,167,37167,North Carolina,Stanly,2023,65846.0,45.0,221.0,68.34,335.63
37,173,37173,North Carolina,Swain,2023,13959.0,23.0,74.0,164.77,530.12
37,175,37175,North Carolina,Transylvania,2023,33930.0,35.0,190.0,103.15,559.98
37,177,37177,North Carolina,Tyrrell,2023,3505.0,6.0,46.0,171.18,1312.41
37,181,37181,North Carolina,Vance,2023,42359.0,99.0,497.0,233.72,1173.3
37,185,37185,North Carolina,Warren,2023,18739.0,92.0,289.0,490.95,1542.24
37,189,37189,North Carolina,Watauga,2023,55362.0,26.0,191.0,46.96,345.0
37,193,37193,North Carolina,Wilkes,2023,66024.0,116.0,484.0,175.69,733.07
37,195,37195,North Carolina,Wilson,2023,80246.0,43.0,228.0,53.59,284.13
37,199,37199,North Carolina,Yancey,2023,18918.0,10.0,85.0,52.86,449.31
38,015,38015,North Dakota,Burleigh,2023,101082.0,14.0,109.0,13.85,107.83
38,017,38017,North Dakota,Cass,2023,197325.0,23.0,146.0,11.66,73.99
38,035,38035,North Dakota,Grand Forks,2023,72966.0,20.0,74.0,27.41,101.42
38,049,38049,North Dakota,McHenry,2023,5166.0,0.0,21.0,0.0,406.5
38,059,38059,North Dakota,Morton,2023,34105.0,10.0,65.0,29.32,190.59
38,065,38065,North Dakota,Oliver,2023,1875.0,0.0,0.0,0.0,0.0
38,101,38101,North Dakota,Ward,2023,68228.0,40.0,72.0,58.63,105.53
38,001,38001,North Dakota,Adams,2023,2188.0,2.0,2.0,91.41,91.41
38,003,38003,North Dakota,Barnes,2023,10730.0,0.0,3.0,0.0,27.96
38,007,38007,North Dakota,Billings,2023,1036.0,0.0,4.0,0.0,386.1
38,011,38011,North Dakota,Bowman,2023,2854.0,0.0,1.0,0.0,35.04
38,013,38013,North Dakota,Burke,2023,2141.0,0.0,4.0,0.0,186.83
38,019,38019,North Dakota,Cavalier,2023,3589.0,2.0,14.0,55.73,390.08
38,021,38021,North Dakota,Dickey,2023,4935.0,1.0,0.0,20.26,0.0
38,023,38023,North Dakota,Divide,2023,2146.0,1.0,4.0,46.6,186.39
38,025,38025,North Dakota,Dunn,2023,4027.0,2.0,22.0,49.66,546.31
38,029,38029,North Dakota,Emmons,2023,3238.0,1.0,47.0,30.88,1451.51
38,031,38031,North Dakota,Foster,2023,3308.0,0.0,4.0,0.0,120.92
38,033,38033,North Dakota,Golden Valley,2023,1756.0,4.0,4.0,227.79,227.79
38,037,38037,North Dakota,Grant,2023,2231.0,0.0,2.0,0.0,89.65
38,039,38039,North Dakota,Griggs,2023,2247.0,1.0,1.0,44.5,44.5
38,041,38041,North Dakota,Hettinger,2023,2463.0,1.0,8.0,40.6,324.81
38,043,38043,North Dakota,Kidder,2023,2365.0,2.0,7.0,84.57,295.98
38,045,38045,North Dakota,Lamoure,2023,4083.0,0.0,6.0,0.0,146.95
38,047,38047,North Dakota,Logan,2023,1878.0,1.0,1.0,53.25,53.25
38,051,38051,North Dakota,McIntosh,2023,2483.0,1.0,10.0,40.27,402.74
38,053,38053,North Dakota,McKenzie,2023,14273.0,23.0,81.0,161.14,567.51
38,055,38055,North Dakota,McLean,2023,9825.0,12.0,51.0,122.14,519.08
38,057,38057,North Dakota,Mercer,2023,8329.0,1.0,19.0,12.01,228.12
38,061,38061,North Dakota,Mountrail,2023,9416.0,5.0,48.0,53.1,509.77
38,067,38067,North Dakota,Pembina,2023,6679.0,4.0,19.0,59.89,284.47
38,069,38069,North Dakota,Pierce,2023,3912.0,2.0,11.0,51.12,281.19
38,073,38073,North Dakota,Ransom,2023,5629.0,1.0,33.0,17.77,586.25
38,077,38077,North Dakota,Richland,2023,16593.0,2.0,53.0,12.05,319.41
38,079,38079,North Dakota,Rolette,2023,11705.0,4.0,13.0,34.17,111.06
38,081,38081,North Dakota,Sargent,2023,3795.0,3.0,12.0,79.05,316.21
38,083,38083,North Dakota,Sheridan,2023,1295.0,0.0,7.0,0.0,540.54
38,085,38085,North Dakota,Sioux,2023,3641.0,1.0,1.0,27.46,27.46
38,087,38087,North Dakota,Slope,2023,668.0,0.0,0.0,0.0,0.0
38,089,38089,North Dakota,Stark,2023,33075.0,4.0,62.0,12.09,187.45
38,091,38091,North Dakota,Steele,2023,1788.0,0.0,4.0,0.0,223.71
38,093,38093,North Dakota,Stutsman,2023,21512.0,4.0,30.0,18.59,139.46
38,095,38095,North Dakota,Towner,2023,2030.0,0.0,5.0,0.0,246.31
38,097,38097,North Dakota,Traill,2023,7958.0,4.0,24.0,50.26,301.58
38,099,38099,North Dakota,Walsh,2023,10277.0,7.0,30.0,68.11,291.91
38,103,38103,North Dakota,Wells,2023,3859.0,0.0,6.0,0.0,155.48
38,105,38105,North Dakota,Williams,2023,39233.0,15.0,113.0,38.23,288.02
39,003,39003,Ohio,Allen,2023,100810.0,79.0,677.0,78.37,671.56
39,007,39007,Ohio,Ashtabula,2023,96845.0,57.0,457.0,58.86,471.89
39,013,39013,Ohio,Belmont,2023,65003.0,73.0,111.0,112.3,170.76
39,017,39017,Ohio,Butler,2023,394636.0,57.0,693.0,14.44,175.6
39,023,39023,Ohio,Clark,2023,135342.0,31.0,300.0,22.9,221.66
39,025,39025,Ohio,Clermont,2023,212253.0,64.0,514.0,30.15,242.16
39,041,39041,Ohio,Delaware,2023,232079.0,66.0,958.0,28.44,412.79
39,043,39043,Ohio,Erie,2023,73786.0,9.0,78.0,12.2,105.71
39,045,39045,Ohio,Fairfield,2023,165490.0,95.0,870.0,57.41,525.71
39,049,39049,Ohio,Franklin,2023,1337095.0,148.0,908.0,11.07,67.91
39,057,39057,Ohio,Greene,2023,170072.0,32.0,258.0,18.82,151.7
39,061,39061,Ohio,Hamilton,2023,831699.0,184.0,1750.0,22.12,210.41
39,093,39093,Ohio,Lorain,2023,318804.0,83.0,352.0,26.03,110.41
39,095,39095,Ohio,Lucas,2023,425272.0,47.0,739.0,11.05,173.77
39,097,39097,Ohio,Madison,2023,44591.0,34.0,230.0,76.25,515.8
39,099,39099,Ohio,Mahoning,2023,225487.0,12.0,70.0,5.32,31.04
39,103,39103,Ohio,Medina,2023,183893.0,23.0,236.0,12.51,128.34
39,109,39109,Ohio,Miami,2023,110925.0,31.0,280.0,27.95,252.42
39,113,39113,Ohio,Montgomery,2023,534910.0,228.0,1191.0,42.62,222.65
39,117,39117,Ohio,Morrow,2023,35614.0,43.0,79.0,120.74,221.82
39,127,39127,Ohio,Perry,2023,35583.0,11.0,73.0,30.91,205.15
39,129,39129,Ohio,Pickaway,2023,61125.0,32.0,388.0,52.35,634.76
39,133,39133,Ohio,Portage,2023,162700.0,79.0,549.0,48.56,337.43
39,139,39139,Ohio,Richland,2023,124863.0,57.0,456.0,45.65,365.2
39,151,39151,Ohio,Stark,2023,372455.0,141.0,1217.0,37.86,326.75
39,153,39153,Ohio,Summit,2023,535908.0,137.0,824.0,25.56,153.76
39,155,39155,Ohio,Trumbull,2023,200054.0,26.0,250.0,13.0,124.97
39,159,39159,Ohio,Union,2023,69830.0,38.0,173.0,54.42,247.74
39,165,39165,Ohio,Warren,2023,252993.0,47.0,984.0,18.58,388.94
39,173,39173,Ohio,Wood,2023,132509.0,31.0,218.0,23.39,164.52
39,001,39001,Ohio,Adams,2023,27512.0,8.0,73.0,29.08,265.34
39,005,39005,Ohio,Ashland,2023,52125.0,62.0,54.0,118.94,103.6
39,009,39009,Ohio,Athens,2023,62745.0,22.0,321.0,35.06,511.59
39,021,39021,Ohio,Champaign,2023,38750.0,30.0,134.0,77.42,345.81
39,027,39027,Ohio,Clinton,2023,42007.0,12.0,49.0,28.57,116.65
39,029,39029,Ohio,Columbiana,2023,100060.0,34.0,122.0,33.98,121.93
39,031,39031,Ohio,Coshocton,2023,36845.0,34.0,355.0,92.28,963.5
39,033,39033,Ohio,Crawford,2023,41485.0,13.0,38.0,31.34,91.6
39,037,39037,Ohio,Darke,2023,51380.0,0.0,167.0,0.0,325.03
39,039,39039,Ohio,Defiance,2023,38301.0,9.0,86.0,23.5,224.54
39,047,39047,Ohio,Fayette,2023,28769.0,25.0,188.0,86.9,653.48
39,053,39053,Ohio,Gallia,2023,28941.0,29.0,97.0,100.2,335.16
39,063,39063,Ohio,Hancock,2023,74707.0,39.0,146.0,52.2,195.43
39,067,39067,Ohio,Harrison,2023,14237.0,9.0,64.0,63.22,449.53
39,069,39069,Ohio,Henry,2023,27535.0,6.0,102.0,21.79,370.44
39,071,39071,Ohio,Highland,2023,43532.0,32.0,173.0,73.51,397.41
39,075,39075,Ohio,Holmes,2023,44407.0,2.0,188.0,4.5,423.36
39,079,39079,Ohio,Jackson,2023,32646.0,24.0,147.0,73.52,450.28
39,083,39083,Ohio,Knox,2023,63186.0,30.0,168.0,47.48,265.88
39,105,39105,Ohio,Meigs,2023,21774.0,28.0,159.0,128.59,730.23
39,107,39107,Ohio,Mercer,2023,42360.0,7.0,16.0,16.53,37.77
39,111,39111,Ohio,Monroe,2023,13176.0,10.0,15.0,75.9,113.84
39,115,39115,Ohio,Morgan,2023,13620.0,29.0,70.0,212.92,513.95
39,121,39121,Ohio,Noble,2023,14342.0,7.0,50.0,48.81,348.63
39,125,39125,Ohio,Paulding,2023,18703.0,18.0,102.0,96.24,545.37
39,131,39131,Ohio,Pike,2023,26934.0,40.0,237.0,148.51,879.93
39,135,39135,Ohio,Preble,2023,40561.0,13.0,117.0,32.05,288.45
39,137,39137,Ohio,Putnam,2023,34240.0,14.0,41.0,40.89,119.74
39,141,39141,Ohio,Ross,2023,76276.0,65.0,640.0,85.22,839.06
39,145,39145,Ohio,Scioto,2023,72047.0,84.0,509.0,116.59,706.48
39,147,39147,Ohio,Seneca,2023,54719.0,14.0,150.0,25.59,274.13
39,149,39149,Ohio,Shelby,2023,47786.0,10.0,86.0,20.93,179.97
39,157,39157,Ohio,Tuscarawas,2023,91996.0,43.0,291.0,46.74,316.32
39,161,39161,Ohio,Van Wert,2023,28659.0,15.0,102.0,52.34,355.91
39,163,39163,Ohio,Vinton,2023,12466.0,27.0,72.0,216.59,577.57
39,167,39167,Ohio,Washington,2023,58637.0,34.0,142.0,57.98,242.17
40,017,40017,Oklahoma,Canadian,2023,176105.0,16.0,134.0,9.09,76.09
40,027,40027,Oklahoma,Cleveland,2023,301462.0,41.0,214.0,13.6,70.99
40,031,40031,Oklahoma,Comanche,2023,121882.0,4.0,78.0,3.28,64.0
40,033,40033,Oklahoma,Cotton,2023,5456.0,13.0,42.0,238.27,769.79
40,037,40037,Oklahoma,Creek,2023,73381.0,33.0,281.0,44.97,382.93
40,047,40047,Oklahoma,Garfield,2023,62060.0,5.0,84.0,8.06,135.35
40,051,40051,Oklahoma,Grady,2023,57504.0,26.0,165.0,45.21,286.94
40,081,40081,Oklahoma,Lincoln,2023,34641.0,67.0,271.0,193.41,782.31
40,083,40083,Oklahoma,Logan,2023,53174.0,32.0,278.0,60.18,522.81
40,087,40087,Oklahoma,McClain,2023,47084.0,15.0,176.0,31.86,373.8
40,109,40109,Oklahoma,Oklahoma,2023,811153.0,25.0,113.0,3.08,13.93
40,111,40111,Oklahoma,Okmulgee,2023,36994.0,44.0,181.0,118.94,489.27
40,113,40113,Oklahoma,Osage,2023,46187.0,52.0,273.0,112.59,591.08
40,117,40117,Oklahoma,Pawnee,2023,15871.0,21.0,75.0,132.32,472.56
40,131,40131,Oklahoma,Rogers,2023,100149.0,62.0,298.0,61.91,297.56
40,135,40135,Oklahoma,Sequoyah,2023,40126.0,71.0,194.0,176.94,483.48
40,143,40143,Oklahoma,Tulsa,2023,686287.0,192.0,621.0,27.98,90.49
40,145,40145,Oklahoma,Wagoner,2023,89385.0,87.0,263.0,97.33,294.23
40,001,40001,Oklahoma,Adair,2023,19548.0,22.0,99.0,112.54,506.45
40,003,40003,Oklahoma,Alfalfa,2023,5668.0,10.0,21.0,176.43,370.5
40,005,40005,Oklahoma,Atoka,2023,14508.0,18.0,75.0,124.07,516.96
40,007,40007,Oklahoma,Beaver,2023,5005.0,2.0,13.0,39.96,259.74
40,009,40009,Oklahoma,Beckham,2023,22094.0,5.0,59.0,22.63,267.04
40,011,40011,Oklahoma,Blaine,2023,8517.0,24.0,87.0,281.79,1021.49
40,013,40013,Oklahoma,Bryan,2023,49268.0,46.0,277.0,93.37,562.23
40,015,40015,Oklahoma,Caddo,2023,26242.0,15.0,165.0,57.16,628.76
40,019,40019,Oklahoma,Carter,2023,48897.0,23.0,150.0,47.04,306.77
40,021,40021,Oklahoma,Cherokee,2023,48121.0,46.0,296.0,95.59,615.12
40,023,40023,Oklahoma,Choctaw,2023,14318.0,19.0,89.0,132.7,621.6
40,025,40025,Oklahoma,Cimarron,2023,2184.0,0.0,3.0,0.0,137.36
40,029,40029,Oklahoma,Coal,2023,5292.0,4.0,38.0,75.59,718.07
40,035,40035,Oklahoma,Craig,2023,14468.0,19.0,130.0,131.32,898.53
40,039,40039,Oklahoma,Custer,2023,28308.0,16.0,34.0,56.52,120.11
40,041,40041,Oklahoma,Delaware,2023,41702.0,74.0,284.0,177.45,681.02
40,043,40043,Oklahoma,Dewey,2023,4258.0,2.0,49.0,46.97,1150.78
40,045,40045,Oklahoma,Ellis,2023,3637.0,6.0,30.0,164.97,824.86
40,049,40049,Oklahoma,Garvin,2023,25984.0,36.0,191.0,138.55,735.07
40,053,40053,Oklahoma,Grant,2023,4098.0,1.0,16.0,24.4,390.43
40,055,40055,Oklahoma,Greer,2023,5499.0,4.0,10.0,72.74,181.85
40,057,40057,Oklahoma,Harmon,2023,2406.0,4.0,7.0,166.25,290.94
40,059,40059,Oklahoma,Harper,2023,3201.0,3.0,10.0,93.72,312.4
40,061,40061,Oklahoma,Haskell,2023,11795.0,27.0,63.0,228.91,534.12
40,063,40063,Oklahoma,Hughes,2023,13443.0,9.0,102.0,66.95,758.76
40,065,40065,Oklahoma,Jackson,2023,24664.0,10.0,18.0,40.54,72.98
40,067,40067,Oklahoma,Jefferson,2023,5354.0,7.0,29.0,130.74,541.65
40,069,40069,Oklahoma,Johnston,2023,10233.0,12.0,40.0,117.27,390.89
40,071,40071,Oklahoma,Kay,2023,43775.0,23.0,102.0,52.54,233.01
40,073,40073,Oklahoma,Kingfisher,2023,15527.0,19.0,70.0,122.37,450.83
40,075,40075,Oklahoma,Kiowa,2023,8333.0,5.0,18.0,60.0,216.01
40,077,40077,Oklahoma,Latimer,2023,9584.0,4.0,49.0,41.74,511.27
40,079,40079,Oklahoma,Le Flore,2023,49437.0,43.0,166.0,86.98,335.78
40,085,40085,Oklahoma,Love,2023,10384.0,4.0,76.0,38.52,731.9
40,093,40093,Oklahoma,Major,2023,7601.0,7.0,43.0,92.09,565.72
40,095,40095,Oklahoma,Marshall,2023,15969.0,28.0,124.0,175.34,776.5
40,097,40097,Oklahoma,Mayes,2023,39946.0,63.0,292.0,157.71,730.99
40,089,40089,Oklahoma,McCurtain,2023,30946.0,56.0,344.0,180.96,1111.61
40,091,40091,Oklahoma,McIntosh,2023,19672.0,27.0,169.0,137.25,859.09
40,099,40099,Oklahoma,Murray,2023,13771.0,6.0,45.0,43.57,326.77
40,101,40101,Oklahoma,Muskogee,2023,66686.0,81.0,186.0,121.46,278.92
40,103,40103,Oklahoma,Noble,2023,10868.0,9.0,47.0,82.81,432.46
40,105,40105,Oklahoma,Nowata,2023,9462.0,17.0,58.0,179.67,612.98
40,107,40107,Oklahoma,Okfuskee,2023,11277.0,14.0,121.0,124.15,1072.98
40,115,40115,Oklahoma,Ottawa,2023,30291.0,35.0,227.0,115.55,749.4
40,119,40119,Oklahoma,Payne,2023,83485.0,31.0,202.0,37.13,241.96
40,121,40121,Oklahoma,Pittsburg,2023,43465.0,40.0,307.0,92.03,706.32
40,123,40123,Oklahoma,Pontotoc,2023,38504.0,0.0,64.0,0.0,166.22
40,125,40125,Oklahoma,Pottawatomie,2023,73851.0,64.0,323.0,86.66,437.37
40,127,40127,Oklahoma,Pushmataha,2023,10876.0,11.0,97.0,101.14,891.87
40,129,40129,Oklahoma,Roger Mills,2023,3319.0,3.0,21.0,90.39,632.72
40,133,40133,Oklahoma,Seminole,2023,23562.0,22.0,184.0,93.37,780.92
40,137,40137,Oklahoma,Stephens,2023,44134.0,31.0,115.0,70.24,260.57
40,139,40139,Oklahoma,Texas,2023,20426.0,5.0,44.0,24.48,215.41
40,141,40141,Oklahoma,Tillman,2023,6883.0,3.0,20.0,43.59,290.57
40,147,40147,Oklahoma,Washington,2023,53725.0,22.0,91.0,40.95,169.38
40,149,40149,Oklahoma,Washita,2023,10727.0,2.0,33.0,18.64,307.63
40,151,40151,Oklahoma,Woods,2023,8557.0,2.0,40.0,23.37,467.45
40,153,40153,Oklahoma,Woodward,2023,20060.0,13.0,41.0,64.81,204.39
41,003,41003,Oregon,Benton,2023,97964.0,22.0,182.0,22.46,185.78
41,005,41005,Oregon,Clackamas,2023,424076.0,541.0,4555.0,127.57,1074.1
41,009,41009,Oregon,Columbia,2023,53845.0,40.0,97.0,74.29,180.15
41,013,41013,Oregon,Crook,2023,26940.0,9.0,4.0,33.41,14.85
41,017,41017,Oregon,Deschutes,2023,208648.0,64.0,489.0,30.67,234.37
41,029,41029,Oregon,Jackson,2023,221276.0,182.0,841.0,82.25,380.07
41,031,41031,Oregon,Jefferson,2023,25532.0,7.0,89.0,27.42,348.58
41,033,41033,Oregon,Josephine,2023,87949.0,94.0,178.0,106.88,202.39
41,039,41039,Oregon,Lane,2023,382091.0,271.0,1236.0,70.93,323.48
41,043,41043,Oregon,Linn,2023,131591.0,79.0,760.0,60.03,577.55
41,047,41047,Oregon,Marion,2023,349966.0,151.0,1780.0,43.15,508.62
41,051,41051,Oregon,Multnomah,2023,793778.0,273.0,1471.0,34.39,185.32
41,053,41053,Oregon,Polk,2023,90138.0,59.0,241.0,65.46,267.37
41,067,41067,Oregon,Washington,2023,603856.0,490.0,2416.0,81.15,400.1
41,071,41071,Oregon,Yamhill,2023,108900.0,59.0,307.0,54.18,281.91
41,001,41001,Oregon,Baker,2023,16886.0,4.0,79.0,23.69,467.84
41,007,41007,Oregon,Clatsop,2023,41135.0,26.0,150.0,63.21,364.65
41,011,41011,Oregon,Coos,2023,64578.0,49.0,443.0,75.88,685.99
41,019,41019,Oregon,Douglas,2023,112442.0,118.0,610.0,104.94,542.5
41,021,41021,Oregon,Gilliam,2023,2033.0,1.0,35.0,49.19,1721.59
41,027,41027,Oregon,Hood River,2023,23809.0,15.0,138.0,63.0,579.61
41,035,41035,Oregon,Klamath,2023,70332.0,156.0,459.0,221.81,652.62
41,041,41041,Oregon,Lincoln,2023,50811.0,42.0,162.0,82.66,318.83
41,045,41045,Oregon,Malheur,2023,32269.0,33.0,136.0,102.27,421.46
41,049,41049,Oregon,Morrow,2023,12343.0,27.0,139.0,218.75,1126.14
41,055,41055,Oregon,Sherman,2023,1964.0,1.0,23.0,50.92,1171.08
41,057,41057,Oregon,Tillamook,2023,27459.0,20.0,145.0,72.84,528.06
41,059,41059,Oregon,Umatilla,2023,80157.0,33.0,460.0,41.17,573.87
41,061,41061,Oregon,Union,2023,25934.0,16.0,147.0,61.7,566.82
41,065,41065,Oregon,Wasco,2023,26327.0,32.0,83.0,121.55,315.27
42,001,42001,Pennsylvania,Adams,2023,106945.0,0.0,0.0,0.0,0.0
42,003,42003,Pennsylvania,Allegheny,2023,1228911.0,9.0,5.0,0.73,0.41
,,,Pennsylvania,Allegheny County Police Department,2023,1228911.0,349.0,166.0,28.4,13.51
42,021,42021,Pennsylvania,Cambria,2023,130590.0,0.0,2.0,0.0,1.53
42,055,42055,Pennsylvania,Franklin,2023,158181.0,0.0,0.0,0.0,0.0
42,077,42077,Pennsylvania,Lehigh,2023,380068.0,0.0,0.0,0.0,0.0
42,081,42081,Pennsylvania,Lycoming,2023,113192.0,0.0,0.0,0.0,0.0
42,091,42091,Pennsylvania,Montgomery,2023,870108.0,0.0,0.0,0.0,0.0
42,095,42095,Pennsylvania,Northampton,2023,320993.0,0.0,0.0,0.0,0.0
42,125,42125,Pennsylvania,Washington,2023,210442.0,2.0,1.0,0.95,0.48
42,129,42129,Pennsylvania,Westmoreland,2023,351233.0,0.0,0.0,0.0,0.0
42,131,42131,Pennsylvania,Wyoming,2023,25912.0,0.0,0.0,0.0,0.0
42,133,42133,Pennsylvania,York,2023,466068.0,2.0,0.0,0.43,0.0
42,015,42015,Pennsylvania,Bradford,2023,59722.0,0.0,0.0,0.0,0.0
42,059,42059,Pennsylvania,Greene,2023,34579.0,0.0,0.0,0.0,0.0
42,085,42085,Pennsylvania,Mercer,2023,108556.0,0.0,0.0,0.0,0.0
42,097,42097,Pennsylvania,Northumberland,2023,90139.0,0.0,0.0,0.0,0.0
42,103,42103,Pennsylvania,Pike,2023,61524.0,0.0,1.0,0.0,1.63
42,107,42107,Pennsylvania,Schuylkill,2023,143892.0,0.0,0.0,0.0,0.0
42,109,42109,Pennsylvania,Snyder,2023,39673.0,0.0,0.0,0.0,0.0
42,117,42117,Pennsylvania,Tioga,2023,40697.0,0.0,0.0,0.0,0.0
42,119,42119,Pennsylvania,Union,2023,42185.0,0.0,0.0,0.0,0.0
42,123,42123,Pennsylvania,Warren,2023,37629.0,0.0,0.0,0.0,0.0
42,127,42127,Pennsylvania,Wayne,2023,51385.0,0.0,0.0,0.0,0.0
45,003,45003,South Carolina,Aiken,2023,176336.0,328.0,2248.0,186.01,1274.84
45,007,45007,South Carolina,Anderson,2023,214149.0,629.0,3624.0,293.72,1692.28
45,013,45013,South Carolina,Beaufort,2023,199700.0,538.0,1744.0,269.4,873.31
45,015,45015,South Carolina,Berkeley,2023,256711.0,542.0,2579.0,211.13,1004.63
45,017,45017,South Carolina,Calhoun,2023,14189.0,26.0,168.0,183.24,1184.02
45,019,45019,South Carolina,Charleston,2023,426447.0,252.0,1074.0,59.09,251.85
45,023,45023,South Carolina,Chester,2023,32227.0,116.0,332.0,359.95,1030.19
45,027,45027,South Carolina,Clarendon,2023,31106.0,151.0,563.0,485.44,1809.94
45,031,45031,South Carolina,Darlington,2023,62498.0,400.0,1405.0,640.02,2248.07
45,035,45035,South Carolina,Dorchester,2023,169882.0,236.0,1314.0,138.92,773.48
45,037,45037,South Carolina,Edgefield,2023,28521.0,6.0,125.0,21.04,438.27
45,039,45039,South Carolina,Fairfield,2023,20489.0,154.0,325.0,751.62,1586.22
45,041,45041,South Carolina,Florence,2023,137524.0,583.0,2114.0,423.93,1537.19
45,045,45045,South Carolina,Greenville,2023,560986.0,1654.0,7212.0,294.84,1285.59
45,051,45051,South Carolina,Horry,2023,398699.0,0.0,0.0,0.0,0.0
,,,South Carolina,Horry County Police Department,2023,398699.0,811.0,4588.0,203.41,1150.74
45,053,45053,South Carolina,Jasper,2023,33983.0,207.0,481.0,609.13,1415.41
45,055,45055,South Carolina,Kershaw,2023,70331.0,124.0,662.0,176.31,941.26
45,057,45057,South Carolina,Lancaster,2023,108455.0,284.0,1089.0,261.86,1004.1
45,059,45059,South Carolina,Laurens,2023,69208.0,194.0,638.0,280.31,921.86
45,063,45063,South Carolina,Lexington,2023,309883.0,668.0,4106.0,215.57,1325.02
45,077,45077,South Carolina,Pickens,2023,136591.0,147.0,756.0,107.62,553.48
45,079,45079,South Carolina,Richland,2023,424872.0,2046.0,6911.0,481.56,1626.61
45,081,45081,South Carolina,Saluda,2023,19327.0,38.0,80.0,196.62,413.93
45,083,45083,South Carolina,Spartanburg,2023,358924.0,1244.0,4456.0,346.59,1241.49
45,085,45085,South Carolina,Sumter,2023,104396.0,395.0,1303.0,378.37,1248.13
45,091,45091,South Carolina,York,2023,297770.0,256.0,1496.0,85.97,502.4
45,001,45001,South Carolina,Abbeville,2023,24582.0,27.0,168.0,109.84,683.43
45,005,45005,South Carolina,Allendale,2023,7588.0,11.0,33.0,144.97,434.9
45,009,45009,South Carolina,Bamberg,2023,12964.0,19.0,89.0,146.56,686.52
45,011,45011,South Carolina,Barnwell,2023,20430.0,68.0,180.0,332.84,881.06
45,021,45021,South Carolina,Cherokee,2023,56966.0,115.0,627.0,201.87,1100.66
45,025,45025,South Carolina,Chesterfield,2023,44126.0,202.0,617.0,457.78,1398.27
45,029,45029,South Carolina,Colleton,2023,39129.0,185.0,529.0,472.8,1351.94
45,033,45033,South Carolina,Dillon,2023,27708.0,183.0,408.0,660.46,1472.5
45,047,45047,South Carolina,Greenwood,2023,69634.0,115.0,615.0,165.15,883.19
45,049,45049,South Carolina,Hampton,2023,18195.0,58.0,214.0,318.77,1176.15
45,061,45061,South Carolina,Lee,2023,15925.0,82.0,308.0,514.91,1934.07
45,067,45067,South Carolina,Marion,2023,28544.0,118.0,395.0,413.4,1383.83
45,069,45069,South Carolina,Marlboro,2023,25745.0,121.0,426.0,469.99,1654.69
45,065,45065,South Carolina,McCormick,2023,9788.0,9.0,50.0,91.95,510.83
45,071,45071,South Carolina,Newberry,2023,38931.0,61.0,191.0,156.69,490.61
45,073,45073,South Carolina,Oconee,2023,81552.0,179.0,1181.0,219.49,1448.16
45,075,45075,South Carolina,Orangeburg,2023,83212.0,913.0,1656.0,1097.2,1990.1
45,089,45089,South Carolina,Williamsburg,2023,29986.0,175.0,445.0,583.61,1484.03
46,033,46033,South Dakota,Custer,2023,9108.0,15.0,60.0,164.69,658.76
46,083,46083,South Dakota,Lincoln,2023,72813.0,24.0,172.0,32.96,236.22
46,087,46087,South Dakota,McCook,2023,5840.0,4.0,18.0,68.49,308.22
46,093,46093,South Dakota,Meade,2023,30923.0,20.0,110.0,64.68,355.72
46,099,46099,South Dakota,Minnehaha,2023,206220.0,55.0,193.0,26.67,93.59
46,103,46103,South Dakota,Pennington,2023,115867.0,116.0,327.0,100.11,282.22
46,127,46127,South Dakota,Union,2023,17149.0,10.0,35.0,58.31,204.09
46,009,46009,South Dakota,Bon Homme,2023,7105.0,4.0,3.0,56.3,42.22
46,011,46011,South Dakota,Brookings,2023,35827.0,12.0,40.0,33.49,111.65
46,027,46027,South Dakota,Clay,2023,15342.0,1.0,26.0,6.52,169.47
46,029,46029,South Dakota,Codington,2023,28958.0,5.0,39.0,17.27,134.68
46,031,46031,South Dakota,Corson,2023,3776.0,7.0,17.0,185.38,450.21
46,035,46035,South Dakota,Davison,2023,19969.0,12.0,6.0,60.09,30.05
46,037,46037,South Dakota,Day,2023,5429.0,3.0,22.0,55.26,405.23
46,039,46039,South Dakota,Deuel,2023,4365.0,6.0,12.0,137.46,274.91
46,041,46041,South Dakota,Dewey,2023,5387.0,1.0,5.0,18.56,92.82
46,043,46043,South Dakota,Douglas,2023,2844.0,3.0,12.0,105.49,421.94
46,047,46047,South Dakota,Fall River,2023,7374.0,16.0,49.0,216.98,664.5
46,057,46057,South Dakota,Hamlin,2023,6479.0,9.0,35.0,138.91,540.21
46,065,46065,South Dakota,Hughes,2023,17633.0,12.0,20.0,68.05,113.42
46,077,46077,South Dakota,Kingsbury,2023,5259.0,0.0,5.0,0.0,95.08
46,079,46079,South Dakota,Lake,2023,11059.0,4.0,23.0,36.17,207.98
46,081,46081,South Dakota,Lawrence,2023,28037.0,15.0,21.0,53.5,74.9
46,091,46091,South Dakota,Marshall,2023,4388.0,3.0,15.0,68.37,341.84
46,089,46089,South Dakota,McPherson,2023,2340.0,1.0,18.0,42.74,769.23
46,097,46097,South Dakota,Miner,2023,2289.0,2.0,9.0,87.37,393.18
46,101,46101,South Dakota,Moody,2023,6463.0,3.0,2.0,46.42,30.95
46,105,46105,South Dakota,Perkins,2023,2813.0,3.0,3.0,106.65,106.65
46,109,46109,South Dakota,Roberts,2023,10189.0,14.0,5.0,137.4,49.07
46,115,46115,South Dakota,Spink,2023,6164.0,8.0,15.0,129.79,243.35
46,135,46135,South Dakota,Yankton,2023,23505.0,9.0,52.0,38.29,221.23
47,001,47001,Tennessee,Anderson,2023,80369.0,118.0,274.0,146.82,340.93
47,009,47009,Tennessee,Blount,2023,141407.0,279.0,477.0,197.3,337.32
47,011,47011,Tennessee,Bradley,2023,112196.0,147.0,439.0,131.02,391.28
47,013,47013,Tennessee,Campbell,2023,40228.0,39.0,157.0,96.95,390.28
47,015,47015,Tennessee,Cannon,2023,15038.0,4.0,10.0,26.6,66.5
47,019,47019,Tennessee,Carter,2023,57047.0,127.0,493.0,222.62,864.2
47,021,47021,Tennessee,Cheatham,2023,42223.0,133.0,198.0,314.99,468.94
47,023,47023,Tennessee,Chester,2023,17712.0,19.0,66.0,107.27,372.63
47,033,47033,Tennessee,Crockett,2023,13967.0,21.0,71.0,150.35,508.34
47,043,47043,Tennessee,Dickson,2023,56882.0,135.0,216.0,237.33,379.73
47,047,47047,Tennessee,Fayette,2023,44130.0,104.0,162.0,235.67,367.1
47,053,47053,Tennessee,Gibson,2023,51245.0,32.0,112.0,62.45,218.56
47,057,47057,Tennessee,Grainger,2023,24713.0,62.0,158.0,250.88,639.34
47,063,47063,Tennessee,Hamblen,2023,66582.0,152.0,313.0,228.29,470.1
47,065,47065,Tennessee,Hamilton,2023,381087.0,201.0,495.0,52.74,129.89
47,167,47167,Tennessee,Hartsville/Trousdale,2023,12327.0,18.0,99.0,146.02,803.12
47,073,47073,Tennessee,Hawkins,2023,58587.0,37.0,247.0,63.15,421.6
47,081,47081,Tennessee,Hickman,2023,25794.0,99.0,215.0,383.81,833.53
47,089,47089,Tennessee,Jefferson,2023,57849.0,98.0,335.0,169.41,579.09
47,093,47093,Tennessee,Knox,2023,501589.0,566.0,2417.0,112.84,481.87
47,105,47105,Tennessee,Loudon,2023,60699.0,102.0,197.0,168.04,324.55
47,111,47111,Tennessee,Macon,2023,26868.0,46.0,28.0,171.21,104.21
47,113,47113,Tennessee,Madison,2023,99518.0,81.0,221.0,81.39,222.07
47,115,47115,Tennessee,Marion,2023,29393.0,41.0,99.0,139.49,336.81
47,119,47119,Tennessee,Maury,2023,111022.0,113.0,287.0,101.78,258.51
47,125,47125,Tennessee,Montgomery,2023,240192.0,101.0,400.0,42.05,166.53
47,129,47129,Tennessee,Morgan,2023,21542.0,59.0,108.0,273.88,501.35
47,139,47139,Tennessee,Polk,2023,18064.0,38.0,211.0,210.36,1168.07
47,145,47145,Tennessee,Roane,2023,56218.0,71.0,165.0,126.29,293.5
47,147,47147,Tennessee,Robertson,2023,76948.0,102.0,159.0,132.56,206.63
47,149,47149,Tennessee,Rutherford,2023,370483.0,269.0,432.0,72.61,116.6
47,153,47153,Tennessee,Sequatchie,2023,17168.0,60.0,99.0,349.49,576.65
47,157,47157,Tennessee,Shelby,2023,915501.0,610.0,2768.0,66.63,302.35
47,159,47159,Tennessee,Smith,2023,20538.0,7.0,93.0,34.08,452.82
47,161,47161,Tennessee,Stewart,2023,14269.0,22.0,45.0,154.18,315.37
47,163,47163,Tennessee,Sullivan,2023,161953.0,324.0,664.0,200.06,410.0
47,165,47165,Tennessee,Sumner,2023,208501.0,118.0,227.0,56.59,108.87
47,167,47167,Tennessee,Tipton,2023,61957.0,134.0,264.0,216.28,426.1
47,171,47171,Tennessee,Unicoi,2023,17823.0,18.0,41.0,100.99,230.04
47,173,47173,Tennessee,Union,2023,20760.0,28.0,124.0,134.87,597.3
47,179,47179,Tennessee,Washington,2023,138454.0,139.0,616.0,100.39,444.91
47,187,47187,Tennessee,Williamson,2023,264898.0,165.0,265.0,62.29,100.04
47,189,47189,Tennessee,Wilson,2023,164275.0,40.0,380.0,24.35,231.32
47,003,47003,Tennessee,Bedford,2023,53249.0,85.0,168.0,159.63,315.5
47,005,47005,Tennessee,Benton,2023,16160.0,38.0,80.0,235.15,495.05
47,007,47007,Tennessee,Bledsoe,2023,14996.0,3.0,27.0,20.01,180.05
47,017,47017,Tennessee,Carroll,2023,29007.0,25.0,73.0,86.19,251.66
47,025,47025,Tennessee,Claiborne,2023,32667.0,31.0,118.0,94.9,361.22
47,027,47027,Tennessee,Clay,2023,7666.0,16.0,21.0,208.71,273.94
47,029,47029,Tennessee,Cocke,2023,37359.0,154.0,331.0,412.22,886.0
47,031,47031,Tennessee,Coffee,2023,60562.0,108.0,308.0,178.33,508.57
47,035,47035,Tennessee,Cumberland,2023,64817.0,68.0,352.0,104.91,543.07
47,039,47039,Tennessee,Decatur,2023,11685.0,13.0,59.0,111.25,504.92
47,041,47041,Tennessee,DeKalb,2023,21301.0,34.0,82.0,159.62,384.96
47,045,47045,Tennessee,Dyer,2023,36495.0,40.0,153.0,109.6,419.24
47,049,47049,Tennessee,Fentress,2023,19651.0,49.0,152.0,249.35,773.5
47,051,47051,Tennessee,Franklin,2023,44724.0,56.0,155.0,125.21,346.57
47,055,47055,Tennessee,Giles,2023,30879.0,46.0,177.0,148.97,573.21
47,059,47059,Tennessee,Greene,2023,72518.0,167.0,564.0,230.29,777.74
47,061,47061,Tennessee,Grundy,2023,13954.0,60.0,119.0,429.98,852.8
47,067,47067,Tennessee,Hancock,2023,6974.0,20.0,100.0,286.78,1433.9
47,069,47069,Tennessee,Hardeman,2023,25555.0,69.0,148.0,270.01,579.14
47,071,47071,Tennessee,Hardin,2023,27433.0,68.0,234.0,247.88,852.99
47,075,47075,Tennessee,Haywood,2023,17377.0,30.0,132.0,172.64,759.62
47,077,47077,Tennessee,Henderson,2023,28083.0,62.0,197.0,220.77,701.49
47,079,47079,Tennessee,Henry,2023,32504.0,39.0,177.0,119.99,544.55
47,083,47083,Tennessee,Houston,2023,8391.0,18.0,29.0,214.52,345.61
47,085,47085,Tennessee,Humphreys,2023,19286.0,75.0,94.0,388.88,487.4
47,087,47087,Tennessee,Jackson,2023,12355.0,12.0,39.0,97.13,315.66
47,091,47091,Tennessee,Johnson,2023,18325.0,45.0,95.0,245.57,518.42
47,095,47095,Tennessee,Lake,2023,6385.0,9.0,20.0,140.96,313.23
47,097,47097,Tennessee,Lauderdale,2023,24504.0,65.0,134.0,265.26,546.85
47,099,47099,Tennessee,Lawrence,2023,46091.0,37.0,92.0,80.28,199.61
47,101,47101,Tennessee,Lewis,2023,13126.0,14.0,65.0,106.66,495.2
47,103,47103,Tennessee,Lincoln,2023,36157.0,69.0,193.0,190.83,533.78
47,117,47117,Tennessee,Marshall,2023,37048.0,43.0,79.0,116.07,213.24
47,107,47107,Tennessee,McMinn,2023,55814.0,79.0,220.0,141.54,394.17
47,109,47109,Tennessee,McNairy,2023,26066.0,46.0,254.0,176.48,974.45
47,121,47121,Tennessee,Meigs,2023,13695.0,29.0,137.0,211.76,1000.37
47,123,47123,Tennessee,Monroe,2023,48601.0,139.0,395.0,286.0,812.74
47,127,47127,Tennessee,Moore,2023,6802.0,14.0,44.0,205.82,646.87
47,131,47131,Tennessee,Obion,2023,30402.0,40.0,149.0,131.57,490.1
47,133,47133,Tennessee,Overton,2023,23352.0,59.0,105.0,252.66,449.64
47,135,47135,Tennessee,Perry,2023,8927.0,12.0,37.0,134.42,414.47
47,141,47141,Tennessee,Putnam,2023,83902.0,65.0,277.0,77.47,330.15
47,143,47143,Tennessee,Rhea,2023,34264.0,33.0,140.0,96.31,408.59
47,151,47151,Tennessee,Scott,2023,22253.0,45.0,108.0,202.22,485.33
47,155,47155,Tennessee,Sevier,2023,100410.0,148.0,553.0,147.4,550.74
47,175,47175,Tennessee,Van Buren,2023,6576.0,11.0,18.0,167.27,273.72
47,177,47177,Tennessee,Warren,2023,42615.0,89.0,225.0,208.85,527.98
47,181,47181,Tennessee,Wayne,2023,16050.0,9.0,63.0,56.07,392.52
47,183,47183,Tennessee,Weakley,2023,33167.0,26.0,93.0,78.39,280.4
47,185,47185,Tennessee,White,2023,28715.0,28.0,96.0,97.51,334.32
48,007,48007,Texas,Aransas,2023,25360.0,79.0,137.0,311.51,540.22
48,011,48011,Texas,Armstrong,2023,1829.0,2.0,11.0,109.35,601.42
48,013,48013,Texas,Atascosa,2023,52116.0,74.0,470.0,141.99,901.83
48,015,48015,Texas,Austin,2023,31772.0,40.0,108.0,125.9,339.92
48,019,48019,Texas,Bandera,2023,22608.0,27.0,154.0,119.43,681.17
48,021,48021,Texas,Bastrop,2023,111561.0,237.0,611.0,212.44,547.68
48,027,48027,Texas,Bell,2023,393673.0,64.0,593.0,16.26,150.63
48,029,48029,Texas,Bexar,2023,2102398.0,973.0,6871.0,46.28,326.82
48,037,48037,Texas,Bowie,2023,91688.0,53.0,321.0,57.8,350.1
48,039,48039,Texas,Brazoria,2023,400433.0,201.0,1381.0,50.2,344.88
48,041,48041,Texas,Brazos,2023,246477.0,54.0,237.0,21.91,96.16
48,051,48051,Texas,Burleson,2023,19495.0,23.0,90.0,117.98,461.66
48,055,48055,Texas,Caldwell,2023,50289.0,56.0,138.0,111.36,274.41
48,059,48059,Texas,Callahan,2023,14427.0,10.0,51.0,69.31,353.5
48,061,48061,Texas,Cameron,2023,428906.0,285.0,778.0,66.45,181.39
48,065,48065,Texas,Carson,2023,5883.0,9.0,31.0,152.98,526.94
48,071,48071,Texas,Chambers,2023,54113.0,104.0,722.0,192.19,1334.25
48,077,48077,Texas,Clay,2023,10700.0,26.0,82.0,242.99,766.36
48,079,48079,Texas,Cochran,2023,2533.0,5.0,21.0,197.39,829.06
48,085,48085,Texas,Collin,2023,1207386.0,70.0,369.0,5.8,30.56
48,091,48091,Texas,Comal,2023,193849.0,119.0,775.0,61.39,399.8
48,099,48099,Texas,Coryell,2023,85496.0,24.0,75.0,28.07,87.72
48,107,48107,Texas,Crosby,2023,4965.0,1.0,32.0,20.14,644.51
48,113,48113,Texas,Dallas,2023,2637393.0,20.0,165.0,0.76,6.26
48,121,48121,Texas,Denton,2023,1013965.0,69.0,470.0,6.8,46.35
48,135,48135,Texas,Ector,2023,165946.0,72.0,224.0,43.39,134.98
48,139,48139,Texas,Ellis,2023,223347.0,75.0,329.0,33.58,147.3
48,141,48141,Texas,El Paso,2023,873242.0,351.0,1024.0,40.2,117.26
48,145,48145,Texas,Falls,2023,17660.0,5.0,11.0,28.31,62.29
48,157,48157,Texas,Fort Bend,2023,923883.0,852.0,4956.0,92.22,536.43
48,167,48167,Texas,Galveston,2023,362263.0,130.0,463.0,35.89,127.81
48,169,48169,Texas,Garza,2023,4544.0,7.0,23.0,154.05,506.16
48,175,48175,Texas,Goliad,2023,7170.0,13.0,64.0,181.31,892.61
48,181,48181,Texas,Grayson,2023,147072.0,71.0,262.0,48.28,178.14
48,183,48183,Texas,Gregg,2023,126439.0,43.0,227.0,34.01,179.53
48,199,48199,Texas,Hardin,2023,58213.0,48.0,207.0,82.46,355.59
48,201,48201,Texas,Harris,2023,4896507.0,10173.0,50545.0,207.76,1032.27
48,203,48203,Texas,Harrison,2023,70999.0,49.0,398.0,69.02,560.57
48,209,48209,Texas,Hays,2023,281883.0,170.0,822.0,60.31,291.61
48,215,48215,Texas,Hidalgo,2023,901096.0,600.0,2962.0,66.59,328.71
48,219,48219,Texas,Hockley,2023,21343.0,1.0,53.0,4.69,248.32
48,229,48229,Texas,Hudspeth,2023,3399.0,3.0,7.0,88.26,205.94
48,231,48231,Texas,Hunt,2023,113819.0,176.0,480.0,154.63,421.72
48,235,48235,Texas,Irion,2023,1552.0,0.0,9.0,0.0,579.9
48,245,48245,Texas,Jefferson,2023,253557.0,74.0,303.0,29.18,119.5
48,251,48251,Texas,Johnson,2023,203731.0,171.0,411.0,83.93,201.74
48,253,48253,Texas,Jones,2023,20812.0,6.0,39.0,28.83,187.39
48,257,48257,Texas,Kaufman,2023,186658.0,141.0,503.0,75.54,269.48
48,259,48259,Texas,Kendall,2023,50559.0,18.0,102.0,35.6,201.74
48,281,48281,Texas,Lampasas,2023,23328.0,12.0,28.0,51.44,120.03
48,291,48291,Texas,Liberty,2023,109248.0,204.0,800.0,186.73,732.28
48,303,48303,Texas,Lubbock,2023,321411.0,148.0,450.0,46.05,140.01
48,305,48305,Texas,Lynn,2023,5823.0,2.0,8.0,34.35,137.39
48,317,48317,Texas,Martin,2023,5277.0,2.0,195.0,37.9,3695.28
48,323,48323,Texas,Maverick,2023,58077.0,90.0,413.0,154.97,711.12
48,309,48309,Texas,McLennan,2023,268480.0,103.0,364.0,38.36,135.58
48,325,48325,Texas,Medina,2023,54822.0,63.0,234.0,114.92,426.84
48,329,48329,Texas,Midland,2023,178641.0,192.0,787.0,107.48,440.55
48,339,48339,Texas,Montgomery,2023,715961.0,1193.0,5239.0,166.63,731.74
48,355,48355,Texas,Nueces,2023,352505.0,46.0,127.0,13.05,36.03
48,359,48359,Texas,Oldham,2023,1773.0,1.0,8.0,56.4,451.21
48,361,48361,Texas,Orange,2023,85705.0,69.0,300.0,80.51,350.04
48,367,48367,Texas,Parker,2023,173437.0,148.0,994.0,85.33,573.12
48,375,48375,Texas,Potter,2023,115291.0,48.0,129.0,41.63,111.89
48,381,48381,Texas,Randall,2023,147993.0,50.0,80.0,33.79,54.06
48,395,48395,Texas,Robertson,2023,17306.0,15.0,81.0,86.68,468.05
48,397,48397,Texas,Rockwall,2023,131418.0,25.0,57.0,19.02,43.37
48,401,48401,Texas,Rusk,2023,53312.0,36.0,221.0,67.53,414.54
48,407,48407,Texas,San Jacinto,2023,29168.0,18.0,147.0,61.71,503.98
48,423,48423,Texas,Smith,2023,245945.0,271.0,770.0,110.19,313.08
48,439,48439,Texas,Tarrant,2023,2194974.0,132.0,801.0,6.01,36.49
48,441,48441,Texas,Taylor,2023,147254.0,30.0,111.0,20.37,75.38
48,451,48451,Texas,Tom Green,2023,119327.0,38.0,148.0,31.85,124.03
48,453,48453,Texas,Travis,2023,1353278.0,932.0,4239.0,68.87,313.24
48,469,48469,Texas,Victoria,2023,91757.0,65.0,188.0,70.84,204.89
48,473,48473,Texas,Waller,2023,64298.0,73.0,416.0,113.53,646.99
48,479,48479,Texas,Webb,2023,271942.0,54.0,132.0,19.86,48.54
48,485,48485,Texas,Wichita,2023,129889.0,8.0,58.0,6.16,44.65
48,491,48491,Texas,Williamson,2023,701798.0,217.0,1603.0,30.92,228.41
48,493,48493,Texas,Wilson,2023,54296.0,62.0,347.0,114.19,639.09
48,497,48497,Texas,Wise,2023,78012.0,110.0,471.0,141.0,603.75
48,003,48003,Texas,Andrews,2023,18632.0,4.0,116.0,21.47,622.58
48,005,48005,Texas,Angelina,2023,87626.0,175.0,571.0,199.71,651.63
48,017,48017,Texas,Bailey,2023,6804.0,2.0,11.0,29.39,161.67
48,023,48023,Texas,Baylor,2023,3482.0,0.0,6.0,0.0,172.31
48,025,48025,Texas,Bee,2023,31394.0,30.0,132.0,95.56,420.46
48,031,48031,Texas,Blanco,2023,13067.0,8.0,32.0,61.22,244.89
48,033,48033,Texas,Borden,2023,573.0,2.0,7.0,349.04,1221.64
48,043,48043,Texas,Brewster,2023,9550.0,4.0,15.0,41.88,157.07
48,045,48045,Texas,Briscoe,2023,1444.0,1.0,11.0,69.25,761.77
48,047,48047,Texas,Brooks,2023,6874.0,3.0,7.0,43.64,101.83
48,049,48049,Texas,Brown,2023,38447.0,30.0,189.0,78.03,491.59
48,053,48053,Texas,Burnet,2023,54390.0,62.0,148.0,113.99,272.11
48,057,48057,Texas,Calhoun,2023,19731.0,22.0,45.0,111.5,228.07
48,063,48063,Texas,Camp,2023,13050.0,14.0,43.0,107.28,329.5
48,067,48067,Texas,Cass,2023,28637.0,7.0,109.0,24.44,380.63
48,069,48069,Texas,Castro,2023,7291.0,1.0,11.0,13.72,150.87
48,073,48073,Texas,Cherokee,2023,52631.0,78.0,258.0,148.2,490.21
48,075,48075,Texas,Childress,2023,6765.0,1.0,4.0,14.78,59.13
48,083,48083,Texas,Coleman,2023,7873.0,1.0,11.0,12.7,139.72
48,087,48087,Texas,Collingsworth,2023,2545.0,2.0,2.0,78.59,78.59
48,089,48089,Texas,Colorado,2023,21226.0,16.0,161.0,75.38,758.5
48,093,48093,Texas,Comanche,2023,14038.0,14.0,61.0,99.73,434.53
48,095,48095,Texas,Concho,2023,3431.0,0.0,12.0,0.0,349.75
48,097,48097,Texas,Cooke,2023,43773.0,15.0,68.0,34.27,155.35
48,103,48103,Texas,Crane,2023,4574.0,0.0,27.0,0.0,590.29
48,105,48105,Texas,Crockett,2023,2846.0,6.0,34.0,210.82,1194.66
48,111,48111,Texas,Dallam,2023,7302.0,0.0,2.0,0.0,27.39
48,115,48115,Texas,Dawson,2023,11912.0,2.0,27.0,16.79,226.66
48,117,48117,Texas,Deaf Smith,2023,18422.0,11.0,61.0,59.71,331.13
48,119,48119,Texas,Delta,2023,5517.0,17.0,42.0,308.14,761.28
48,123,48123,Texas,DeWitt,2023,20271.0,16.0,59.0,78.93,291.06
48,127,48127,Texas,Dimmit,2023,8293.0,24.0,122.0,289.4,1471.12
48,129,48129,Texas,Donley,2023,3188.0,8.0,16.0,250.94,501.88
48,133,48133,Texas,Eastland,2023,18221.0,30.0,46.0,164.65,252.46
48,137,48137,Texas,Edwards,2023,1401.0,6.0,25.0,428.27,1784.44
48,143,48143,Texas,Erath,2023,44304.0,20.0,47.0,45.14,106.09
48,147,48147,Texas,Fannin,2023,37858.0,62.0,117.0,163.77,309.05
48,149,48149,Texas,Fayette,2023,25436.0,26.0,85.0,102.22,334.17
48,151,48151,Texas,Fisher,2023,3614.0,7.0,23.0,193.69,636.41
48,153,48153,Texas,Floyd,2023,5124.0,7.0,23.0,136.61,448.87
48,155,48155,Texas,Foard,2023,1085.0,0.0,0.0,0.0,0.0
48,159,48159,Texas,Franklin,2023,10711.0,14.0,38.0,130.71,354.78
48,161,48161,Texas,Freestone,2023,20361.0,30.0,65.0,147.34,319.24
48,163,48163,Texas,Frio,2023,18530.0,8.0,84.0,43.17,453.32
48,165,48165,Texas,Gaines,2023,22552.0,12.0,70.0,53.21,310.39
48,171,48171,Texas,Gillespie,2023,27766.0,10.0,30.0,36.02,108.05
48,173,48173,Texas,Glasscock,2023,1155.0,0.0,57.0,0.0,4935.06
48,177,48177,Texas,Gonzales,2023,20028.0,38.0,105.0,189.73,524.27
48,179,48179,Texas,Gray,2023,20958.0,4.0,37.0,19.09,176.54
48,185,48185,Texas,Grimes,2023,32582.0,60.0,169.0,184.15,518.69
48,191,48191,Texas,Hall,2023,2808.0,0.0,7.0,0.0,249.29
48,193,48193,Texas,Hamilton,2023,8603.0,4.0,3.0,46.5,34.87
48,195,48195,Texas,Hansford,2023,5078.0,0.0,7.0,0.0,137.85
48,197,48197,Texas,Hardeman,2023,3448.0,0.0,14.0,0.0,406.03
48,205,48205,Texas,Hartley,2023,5116.0,3.0,14.0,58.64,273.65
48,207,48207,Texas,Haskell,2023,5443.0,1.0,16.0,18.37,293.96
48,211,48211,Texas,Hemphill,2023,3150.0,0.0,14.0,0.0,444.44
48,213,48213,Texas,Henderson,2023,86371.0,161.0,522.0,186.41,604.37
48,217,48217,Texas,Hill,2023,38236.0,44.0,229.0,115.07,598.91
48,221,48221,Texas,Hood,2023,67717.0,94.0,329.0,138.81,485.85
48,223,48223,Texas,Hopkins,2023,38236.0,19.0,33.0,49.69,86.31
48,225,48225,Texas,Houston,2023,22050.0,19.0,104.0,86.17,471.66
48,227,48227,Texas,Howard,2023,30702.0,49.0,284.0,159.6,925.02
48,233,48233,Texas,Hutchinson,2023,20020.0,13.0,39.0,64.94,194.81
48,237,48237,Texas,Jack,2023,9199.0,10.0,8.0,108.71,86.97
48,239,48239,Texas,Jackson,2023,15199.0,7.0,39.0,46.06,256.6
48,241,48241,Texas,Jasper,2023,32740.0,21.0,171.0,64.14,522.3
48,243,48243,Texas,Jeff Davis,2023,1852.0,7.0,14.0,377.97,755.94
48,247,48247,Texas,Jim Hogg,2023,4661.0,6.0,34.0,128.73,729.46
48,249,48249,Texas,Jim Wells,2023,38766.0,80.0,228.0,206.37,588.14
48,255,48255,Texas,Karnes,2023,14965.0,5.0,38.0,33.41,253.93
48,261,48261,Texas,Kenedy,2023,347.0,1.0,1.0,288.18,288.18
48,265,48265,Texas,Kerr,2023,53922.0,37.0,175.0,68.62,324.54
48,267,48267,Texas,Kimble,2023,4480.0,0.0,8.0,0.0,178.57
48,269,48269,Texas,King,2023,212.0,0.0,0.0,0.0,0.0
48,271,48271,Texas,Kinney,2023,3163.0,1.0,5.0,31.62,158.08
48,273,48273,Texas,Kleberg,2023,30327.0,13.0,40.0,42.87,131.9
48,277,48277,Texas,Lamar,2023,51155.0,47.0,92.0,91.88,179.85
48,279,48279,Texas,Lamb,2023,12713.0,6.0,40.0,47.2,314.64
48,285,48285,Texas,Lavaca,2023,20565.0,15.0,50.0,72.94,243.13
48,287,48287,Texas,Lee,2023,18259.0,19.0,86.0,104.06,471.0
48,289,48289,Texas,Leon,2023,16574.0,16.0,135.0,96.54,814.53
48,293,48293,Texas,Limestone,2023,22489.0,64.0,134.0,284.58,595.85
48,295,48295,Texas,Lipscomb,2023,2916.0,1.0,10.0,34.29,342.94
48,297,48297,Texas,Live Oak,2023,11823.0,12.0,57.0,101.5,482.11
48,299,48299,Texas,Llano,2023,22978.0,35.0,113.0,152.32,491.77
48,301,48301,Texas,Loving,2023,46.0,0.0,30.0,0.0,65217.39
48,313,48313,Texas,Madison,2023,13752.0,7.0,46.0,50.9,334.5
48,319,48319,Texas,Mason,2023,3937.0,2.0,6.0,50.8,152.4
48,321,48321,Texas,Matagorda,2023,36252.0,78.0,207.0,215.16,571.0
48,307,48307,Texas,McCulloch,2023,7510.0,1.0,19.0,13.32,253.0
48,331,48331,Texas,Milam,2023,26064.0,15.0,54.0,57.55,207.18
48,333,48333,Texas,Mills,2023,4546.0,12.0,22.0,263.97,483.94
48,337,48337,Texas,Montague,2023,21649.0,18.0,73.0,83.14,337.2
48,341,48341,Texas,Moore,2023,21279.0,5.0,49.0,23.5,230.27
48,343,48343,Texas,Morris,2023,12135.0,14.0,54.0,115.37,444.99
48,345,48345,Texas,Motley,2023,1021.0,1.0,27.0,97.94,2644.47
48,347,48347,Texas,Nacogdoches,2023,65597.0,36.0,160.0,54.88,243.91
48,349,48349,Texas,Navarro,2023,55734.0,46.0,167.0,82.53,299.64
48,351,48351,Texas,Newton,2023,12119.0,5.0,27.0,41.26,222.79
48,353,48353,Texas,Nolan,2023,14243.0,6.0,37.0,42.13,259.78
48,357,48357,Texas,Ochiltree,2023,9645.0,3.0,11.0,31.1,114.05
48,363,48363,Texas,Palo Pinto,2023,29808.0,39.0,138.0,130.84,462.96
48,365,48365,Texas,Panola,2023,22809.0,17.0,45.0,74.53,197.29
48,369,48369,Texas,Parmer,2023,9626.0,3.0,17.0,31.17,176.61
48,371,48371,Texas,Pecos,2023,14719.0,17.0,37.0,115.5,251.38
48,373,48373,Texas,Polk,2023,53617.0,92.0,422.0,171.59,787.06
48,377,48377,Texas,Presidio,2023,5730.0,0.0,0.0,0.0,0.0
48,379,48379,Texas,Rains,2023,13064.0,17.0,18.0,130.13,137.78
48,383,48383,Texas,Reagan,2023,3178.0,4.0,33.0,125.87,1038.39
48,385,48385,Texas,Real,2023,2845.0,2.0,32.0,70.3,1124.78
48,387,48387,Texas,Red River,2023,11713.0,18.0,55.0,153.68,469.56
48,389,48389,Texas,Reeves,2023,11937.0,10.0,134.0,83.77,1122.56
48,391,48391,Texas,Refugio,2023,6693.0,4.0,26.0,59.76,388.47
48,393,48393,Texas,Roberts,2023,829.0,0.0,0.0,0.0,0.0
48,399,48399,Texas,Runnels,2023,9901.0,0.0,15.0,0.0,151.5
48,403,48403,Texas,Sabine,2023,10133.0,19.0,50.0,187.51,493.44
48,405,48405,Texas,San Augustine,2023,7865.0,10.0,37.0,127.15,470.44
48,413,48413,Texas,Schleicher,2023,2355.0,3.0,6.0,127.39,254.78
48,415,48415,Texas,Scurry,2023,16179.0,5.0,41.0,30.9,253.41
48,417,48417,Texas,Shackelford,2023,3220.0,4.0,3.0,124.22,93.17
48,419,48419,Texas,Shelby,2023,24280.0,18.0,88.0,74.14,362.44
48,425,48425,Texas,Somervell,2023,9887.0,5.0,63.0,50.57,637.2
48,427,48427,Texas,Starr,2023,66062.0,74.0,171.0,112.02,258.85
48,429,48429,Texas,Stephens,2023,9386.0,5.0,29.0,53.27,308.97
48,431,48431,Texas,Sterling,2023,1374.0,2.0,6.0,145.56,436.68
48,435,48435,Texas,Sutton,2023,3223.0,0.0,1.0,0.0,31.03
48,437,48437,Texas,Swisher,2023,6900.0,0.0,13.0,0.0,188.41
48,443,48443,Texas,Terrell,2023,702.0,0.0,0.0,0.0,0.0
48,445,48445,Texas,Terry,2023,11556.0,2.0,28.0,17.31,242.3
48,447,48447,Texas,Throckmorton,2023,1526.0,1.0,5.0,65.53,327.65
48,449,48449,Texas,Titus,2023,31377.0,40.0,107.0,127.48,341.01
48,455,48455,Texas,Trinity,2023,14265.0,21.0,107.0,147.21,750.09
48,457,48457,Texas,Tyler,2023,20426.0,19.0,116.0,93.02,567.9
48,461,48461,Texas,Upton,2023,3126.0,4.0,19.0,127.96,607.81
48,463,48463,Texas,Uvalde,2023,24946.0,16.0,65.0,64.14,260.56
48,465,48465,Texas,Val Verde,2023,47678.0,50.0,139.0,104.87,291.54
48,467,48467,Texas,Van Zandt,2023,64033.0,40.0,203.0,62.47,317.02
48,471,48471,Texas,Walker,2023,82513.0,50.0,243.0,60.6,294.5
48,475,48475,Texas,Ward,2023,10974.0,11.0,142.0,100.24,1293.97
48,477,48477,Texas,Washington,2023,37244.0,25.0,86.0,67.12,230.91
48,481,48481,Texas,Wharton,2023,41875.0,39.0,255.0,93.13,608.96
48,483,48483,Texas,Wheeler,2023,4822.0,11.0,19.0,228.12,394.03
48,487,48487,Texas,Wilbarger,2023,12510.0,2.0,9.0,15.99,71.94
48,489,48489,Texas,Willacy,2023,20011.0,15.0,40.0,74.96,199.89
48,495,48495,Texas,Winkler,2023,7625.0,9.0,54.0,118.03,708.2
48,499,48499,Texas,Wood,2023,48106.0,58.0,177.0,120.57,367.94
48,501,48501,Texas,Yoakum,2023,7440.0,16.0,31.0,215.05,416.67
48,503,48503,Texas,Young,2023,18161.0,4.0,8.0,22.03,44.05
48,505,48505,Texas,Zapata,2023,13765.0,7.0,71.0,50.85,515.8
48,507,48507,Texas,Zavala,2023,9365.0,22.0,29.0,234.92,309.66
49,005,49005,Utah,Cache,2023,143021.0,72.0,222.0,50.34,155.22
49,011,49011,Utah,Davis,2023,374645.0,35.0,137.0,9.34,36.57
,,,Utah,Salt Lake County Unified Police Department,2023,1205509.0,454.0,4262.0,37.66,353.54
49,045,49045,Utah,Tooele,2023,82266.0,54.0,260.0,65.64,316.05
49,049,49049,Utah,Utah,2023,726088.0,79.0,347.0,10.88,47.79
49,053,49053,Utah,Washington,2023,202953.0,38.0,102.0,18.72,50.26
49,057,49057,Utah,Weber,2023,272735.0,114.0,460.0,41.8,168.66
49,001,49001,Utah,Beaver,2023,7271.0,6.0,48.0,82.52,660.16
49,003,49003,Utah,Box Elder,2023,62817.0,13.0,82.0,20.7,130.54
49,007,49007,Utah,Carbon,2023,20622.0,15.0,33.0,72.74,160.02
49,013,49013,Utah,Duchesne,2023,20484.0,56.0,199.0,273.38,971.49
49,015,49015,Utah,Emery,2023,10134.0,14.0,59.0,138.15,582.2
49,017,49017,Utah,Garfield,2023,5329.0,9.0,31.0,168.89,581.72
49,019,49019,Utah,Grand,2023,9779.0,17.0,43.0,173.84,439.72
49,021,49021,Utah,Iron,2023,64306.0,39.0,152.0,60.65,236.37
49,025,49025,Utah,Kane,2023,8433.0,13.0,15.0,154.16,177.87
49,027,49027,Utah,Millard,2023,13661.0,25.0,118.0,183.0,863.77
49,037,49037,Utah,San Juan,2023,14324.0,14.0,5.0,97.74,34.91
49,039,49039,Utah,Sanpete,2023,30565.0,20.0,46.0,65.43,150.5
49,041,49041,Utah,Sevier,2023,22378.0,7.0,37.0,31.28,165.34
49,043,49043,Utah,Summit,2023,42981.0,62.0,279.0,144.25,649.12
49,047,49047,Utah,Uintah,2023,37851.0,38.0,97.0,100.39,256.27
49,051,49051,Utah,Wasatch,2023,37269.0,33.0,75.0,88.55,201.24
50,007,50007,Vermont,Chittenden,2023,169533.0,1.0,4.0,0.59,2.36
50,011,50011,Vermont,Franklin,2023,50871.0,14.0,188.0,27.52,369.56
50,013,50013,Vermont,Grand Isle,2023,7492.0,1.0,17.0,13.35,226.91
50,001,50001,Vermont,Addison,2023,37856.0,0.0,3.0,0.0,7.92
50,003,50003,Vermont,Bennington,2023,37175.0,0.0,9.0,0.0,24.21
50,005,50005,Vermont,Caledonia,2023,30617.0,1.0,1.0,3.27,3.27
50,009,50009,Vermont,Essex,2023,5978.0,4.0,2.0,66.91,33.46
50,015,50015,Vermont,Lamoille,2023,26152.0,5.0,56.0,19.12,214.13
50,017,50017,Vermont,Orange,2023,29907.0,0.0,1.0,0.0,3.34
50,019,50019,Vermont,Orleans,2023,27684.0,4.0,57.0,14.45,205.9
50,021,50021,Vermont,Rutland,2023,60356.0,3.0,17.0,4.97,28.17
50,023,50023,Vermont,Washington,2023,60241.0,0.0,4.0,0.0,6.64
50,025,50025,Vermont,Windham,2023,45923.0,1.0,8.0,2.18,17.42
50,027,50027,Vermont,Windsor,2023,57937.0,1.0,2.0,1.73,3.45
,,,Virginia,Albemarle County Police Department,2023,115664.0,145.0,1826.0,125.36,1578.71
51,007,51007,Virginia,Amelia,2023,13583.0,15.0,123.0,110.43,905.54
51,009,51009,Virginia,Amherst,2023,31557.0,75.0,277.0,237.67,877.78
51,011,51011,Virginia,Appomattox,2023,16846.0,17.0,83.0,100.91,492.7
,,,Virginia,Arlington County Police Department,2023,234369.0,652.0,4245.0,278.19,1811.25
51,015,51015,Virginia,Augusta,2023,78325.0,75.0,636.0,95.75,812.0
51,019,51019,Virginia,Bedford,2023,81765.0,85.0,405.0,103.96,495.32
51,023,51023,Virginia,Botetourt,2023,34138.0,48.0,239.0,140.61,700.1
51,031,51031,Virginia,Campbell,2023,55308.0,75.0,492.0,135.6,889.56
51,036,51036,Virginia,Charles City,2023,6652.0,8.0,35.0,120.26,526.16
,,,Virginia,Chesterfield County Police Department,2023,385138.0,765.0,5886.0,198.63,1528.28
51,043,51043,Virginia,Clarke,2023,15399.0,2.0,41.0,12.99,266.25
51,045,51045,Virginia,Craig,2023,4822.0,5.0,28.0,103.69,580.67
51,047,51047,Virginia,Culpeper,2023,55263.0,26.0,103.0,47.05,186.38
51,053,51053,Virginia,Dinwiddie,2023,28476.0,101.0,293.0,354.68,1028.94
,,,Virginia,Fairfax County Police Department,2023,1143456.0,1323.0,17969.0,115.7,1571.46
,,,Virginia,Fairfax County Police Department,2023,25070.0,1323.0,17969.0,5277.22,71675.31
51,061,51061,Virginia,Fauquier,2023,75256.0,50.0,184.0,66.44,244.5
51,063,51063,Virginia,Floyd,2023,15713.0,9.0,71.0,57.28,451.86
51,065,51065,Virginia,Fluvanna,2023,28493.0,40.0,166.0,140.39,582.6
51,067,51067,Virginia,Franklin,2023,55475.0,47.0,336.0,84.72,605.68
51,067,51067,Virginia,Franklin,2023,8323.0,47.0,336.0,564.7,4037.01
51,069,51069,Virginia,Frederick,2023,96248.0,43.0,811.0,44.68,842.61
51,071,51071,Virginia,Giles,2023,16523.0,16.0,63.0,96.83,381.29
51,073,51073,Virginia,Gloucester,2023,40016.0,46.0,426.0,114.95,1064.57
51,075,51075,Virginia,Goochland,2023,27272.0,21.0,164.0,77.0,601.35
51,079,51079,Virginia,Greene,2023,21355.0,19.0,148.0,88.97,693.05
51,085,51085,Virginia,Hanover,2023,114263.0,199.0,996.0,174.16,871.67
,,,Virginia,Henrico County Police Department,2023,336037.0,641.0,7413.0,190.75,2206.01
51,093,51093,Virginia,Isle of Wight,2023,40627.0,40.0,165.0,98.46,406.13
,,,Virginia,James City County Police Department,2023,,96.0,656.0,,
51,097,51097,Virginia,King and Queen,2023,6739.0,8.0,33.0,118.71,489.69
51,101,51101,Virginia,King William,2023,19048.0,20.0,60.0,105.0,314.99
51,107,51107,Virginia,Loudoun,2023,436786.0,293.0,2535.0,67.08,580.38
51,115,51115,Virginia,Mathews,2023,8558.0,2.0,70.0,23.37,817.95
51,121,51121,Virginia,Montgomery,2023,98606.0,66.0,247.0,66.93,250.49
51,125,51125,Virginia,Nelson,2023,14652.0,38.0,119.0,259.35,812.18
51,127,51127,Virginia,New Kent,2023,26178.0,40.0,178.0,152.8,679.96
51,145,51145,Virginia,Powhatan,2023,32102.0,36.0,184.0,112.14,573.17
,,,Virginia,Prince George County Police Department,2023,43088.0,141.0,440.0,327.24,1021.17
,,,Virginia,Prince William County Police Department,2023,491396.0,1297.0,6468.0,263.94,1316.25
51,155,51155,Virginia,Pulaski,2023,33611.0,33.0,396.0,98.18,1178.19
51,157,51157,Virginia,Rappahannock,2023,7448.0,14.0,19.0,187.97,255.1
,,,Virginia,Roanoke County Police Department,2023,97219.0,204.0,1018.0,209.84,1047.12
,,,Virginia,Roanoke County Police Department,2023,97741.0,204.0,1018.0,208.71,1041.53
51,165,51165,Virginia,Rockingham,2023,86900.0,88.0,271.0,101.27,311.85
51,169,51169,Virginia,Scott,2023,21409.0,31.0,227.0,144.8,1060.3
51,177,51177,Virginia,Spotsylvania,2023,149837.0,340.0,709.0,226.91,473.18
51,179,51179,Virginia,Stafford,2023,165794.0,320.0,1434.0,193.01,864.93
51,181,51181,Virginia,Surry,2023,6591.0,7.0,39.0,106.21,591.72
51,183,51183,Virginia,Sussex,2023,10801.0,36.0,120.0,333.3,1111.01
51,187,51187,Virginia,Warren,2023,41983.0,26.0,148.0,61.93,352.52
51,191,51191,Virginia,Washington,2023,53998.0,52.0,552.0,96.3,1022.26
51,199,51199,Virginia,York,2023,71020.0,125.0,1017.0,176.01,1431.99
51,001,51001,Virginia,Accomack,2023,33510.0,88.0,245.0,262.61,731.13
51,005,51005,Virginia,Alleghany,2023,14733.0,30.0,70.0,203.62,475.12
51,025,51025,Virginia,Brunswick,2023,15786.0,9.0,76.0,57.01,481.44
51,027,51027,Virginia,Buchanan,2023,18981.0,30.0,168.0,158.05,885.1
51,029,51029,Virginia,Buckingham,2023,16985.0,12.0,147.0,70.65,865.47
51,033,51033,Virginia,Caroline,2023,32745.0,98.0,213.0,299.28,650.48
51,035,51035,Virginia,Carroll,2023,29197.0,28.0,179.0,95.9,613.08
51,037,51037,Virginia,Charlotte,2023,11408.0,14.0,70.0,122.72,613.6
51,049,51049,Virginia,Cumberland,2023,9914.0,14.0,35.0,141.21,353.04
51,051,51051,Virginia,Dickenson,2023,13576.0,23.0,85.0,169.42,626.1
51,057,51057,Virginia,Essex,2023,10590.0,12.0,56.0,113.31,528.8
51,077,51077,Virginia,Grayson,2023,15259.0,23.0,95.0,150.73,622.58
51,081,51081,Virginia,Greensville,2023,11175.0,15.0,76.0,134.23,680.09
51,083,51083,Virginia,Halifax,2023,33470.0,23.0,137.0,68.72,409.32
51,089,51089,Virginia,Henry,2023,49709.0,147.0,579.0,295.72,1164.78
51,091,51091,Virginia,Highland,2023,2344.0,1.0,20.0,42.66,853.24
51,099,51099,Virginia,King George,2023,28447.0,35.0,222.0,123.04,780.4
51,103,51103,Virginia,Lancaster,2023,10879.0,27.0,65.0,248.18,597.48
51,105,51105,Virginia,Lee,2023,21773.0,29.0,227.0,133.19,1042.58
51,109,51109,Virginia,Louisa,2023,41036.0,30.0,284.0,73.11,692.08
51,111,51111,Virginia,Lunenburg,2023,12058.0,15.0,29.0,124.4,240.5
51,113,51113,Virginia,Madison,2023,14108.0,15.0,79.0,106.32,559.97
51,117,51117,Virginia,Mecklenburg,2023,30610.0,47.0,107.0,153.54,349.56
51,119,51119,Virginia,Middlesex,2023,10925.0,15.0,77.0,137.3,704.81
51,131,51131,Virginia,Northampton,2023,12043.0,16.0,46.0,132.86,381.96
51,133,51133,Virginia,Northumberland,2023,12410.0,28.0,86.0,225.62,692.99
51,135,51135,Virginia,Nottoway,2023,15581.0,18.0,58.0,115.53,372.25
51,137,51137,Virginia,Orange,2023,38572.0,70.0,149.0,181.48,386.29
51,139,51139,Virginia,Page,2023,23671.0,18.0,131.0,76.04,553.42
51,141,51141,Virginia,Patrick,2023,17468.0,43.0,216.0,246.16,1236.55
51,143,51143,Virginia,Pittsylvania,2023,59652.0,55.0,362.0,92.2,606.85
51,147,51147,Virginia,Prince Edward,2023,22022.0,37.0,56.0,168.01,254.29
51,159,51159,Virginia,Richmond,2023,9164.0,5.0,14.0,54.56,152.77
51,159,51159,Virginia,Richmond,2023,230804.0,5.0,14.0,2.17,6.07
51,163,51163,Virginia,Rockbridge,2023,22433.0,42.0,216.0,187.22,962.87
51,167,51167,Virginia,Russell,2023,25501.0,39.0,150.0,152.94,588.21
51,171,51171,Virginia,Shenandoah,2023,45202.0,35.0,164.0,77.43,362.82
51,173,51173,Virginia,Smyth,2023,29166.0,21.0,136.0,72.0,466.3
51,175,51175,Virginia,Southampton,2023,18050.0,26.0,157.0,144.04,869.81
51,185,51185,Virginia,Tazewell,2023,39272.0,48.0,347.0,122.22,883.58
51,193,51193,Virginia,Westmoreland,2023,18978.0,26.0,100.0,137.0,526.93
51,195,51195,Virginia,Wise,2023,35194.0,57.0,234.0,161.96,664.89
51,197,51197,Virginia,Wythe,2023,28166.0,18.0,140.0,63.91,497.05
53,003,53003,Washington,Asotin,2023,22492.0,20.0,119.0,88.92,529.08
53,005,53005,Washington,Benton,2023,215705.0,81.0,410.0,37.55,190.07
53,007,53007,Washington,Chelan,2023,80341.0,42.0,283.0,52.28,352.25
53,011,53011,Washington,Clark,2023,521954.0,340.0,3130.0,65.14,599.67
53,015,53015,Washington,Cowlitz,2023,112866.0,97.0,291.0,85.94,257.83
53,017,53017,Washington,Douglas,2023,44843.0,25.0,217.0,55.75,483.91
53,021,53021,Washington,Franklin,2023,99683.0,54.0,113.0,54.17,113.36
53,033,53033,Washington,King,2023,2283086.0,605.0,3947.0,26.5,172.88
53,035,53035,Washington,Kitsap,2023,277358.0,534.0,2803.0,192.53,1010.61
53,053,53053,Washington,Pierce,2023,931408.0,1470.0,7993.0,157.83,858.16
53,057,53057,Washington,Skagit,2023,131453.0,85.0,670.0,64.66,509.69
53,059,53059,Washington,Skamania,2023,12636.0,12.0,88.0,94.97,696.42
53,061,53061,Washington,Snohomish,2023,848363.0,475.0,3647.0,55.99,429.89
53,063,53063,Washington,Spokane,2023,552475.0,213.0,2617.0,38.55,473.69
53,065,53065,Washington,Stevens,2023,48895.0,45.0,286.0,92.03,584.93
53,067,53067,Washington,Thurston,2023,299197.0,230.0,1150.0,76.87,384.36
53,071,53071,Washington,Walla Walla,2023,61745.0,38.0,139.0,61.54,225.12
53,073,53073,Washington,Whatcom,2023,232620.0,133.0,613.0,57.17,263.52
53,077,53077,Washington,Yakima,2023,257314.0,196.0,1098.0,76.17,426.72
53,001,53001,Washington,Adams,2023,20903.0,30.0,198.0,143.52,947.23
53,009,53009,Washington,Clallam,2023,77543.0,72.0,280.0,92.85,361.09
53,013,53013,Washington,Columbia,2023,4064.0,6.0,33.0,147.64,812.01
53,019,53019,Washington,Ferry,2023,7495.0,13.0,17.0,173.45,226.82
53,023,53023,Washington,Garfield,2023,2357.0,21.0,25.0,890.96,1060.67
53,025,53025,Washington,Grant,2023,103035.0,82.0,747.0,79.58,725.0
53,027,53027,Washington,Grays Harbor,2023,77582.0,60.0,225.0,77.34,290.02
53,029,53029,Washington,Island,2023,86194.0,49.0,463.0,56.85,537.16
53,031,53031,Washington,Jefferson,2023,33715.0,30.0,232.0,88.98,688.12
53,037,53037,Washington,Kittitas,2023,47765.0,15.0,186.0,31.4,389.41
53,041,53041,Washington,Lewis,2023,86277.0,75.0,369.0,86.93,427.69
53,043,53043,Washington,Lincoln,2023,11732.0,16.0,100.0,136.38,852.37
53,045,53045,Washington,Mason,2023,68768.0,88.0,618.0,127.97,898.67
53,051,53051,Washington,Pend Oreille,2023,14364.0,10.0,166.0,69.62,1155.67
53,055,53055,Washington,San Juan,2023,18563.0,9.0,116.0,48.48,624.9
53,069,53069,Washington,Wahkiakum,2023,4764.0,11.0,32.0,230.9,671.7
53,075,53075,Washington,Whitman,2023,47568.0,10.0,59.0,21.02,124.03
54,003,54003,West Virginia,Berkeley,2023,132742.0,121.0,258.0,91.15,194.36
54,009,54009,West Virginia,Brooke,2023,21423.0,3.0,1.0,14.0,4.67
54,011,54011,West Virginia,Cabell,2023,92017.0,34.0,475.0,36.95,516.21
54,019,54019,West Virginia,Fayette,2023,39060.0,46.0,176.0,117.77,450.59
54,027,54027,West Virginia,Hampshire,2023,23600.0,14.0,52.0,59.32,220.34
54,037,54037,West Virginia,Jefferson,2023,59730.0,24.0,199.0,40.18,333.17
54,039,54039,West Virginia,Kanawha,2023,174434.0,390.0,1037.0,223.58,594.49
54,051,54051,West Virginia,Marshall,2023,29483.0,5.0,60.0,16.96,203.51
54,061,54061,West Virginia,Monongalia,2023,107450.0,51.0,242.0,47.46,225.22
54,065,54065,West Virginia,Morgan,2023,17610.0,13.0,41.0,73.82,232.82
54,079,54079,West Virginia,Putnam,2023,56900.0,20.0,134.0,35.15,235.5
54,081,54081,West Virginia,Raleigh,2023,72504.0,81.0,537.0,111.72,740.65
54,001,54001,West Virginia,Barbour,2023,15448.0,28.0,8.0,181.25,51.79
54,017,54017,West Virginia,Doddridge,2023,7694.0,21.0,40.0,272.94,519.89
54,023,54023,West Virginia,Grant,2023,10986.0,2.0,5.0,18.2,45.51
54,031,54031,West Virginia,Hardy,2023,14344.0,3.0,17.0,20.91,118.52
54,035,54035,West Virginia,Jackson,2023,27605.0,36.0,22.0,130.41,79.7
54,041,54041,West Virginia,Lewis,2023,16607.0,24.0,36.0,144.52,216.78
54,045,54045,West Virginia,Logan,2023,30942.0,21.0,5.0,67.87,16.16
54,053,54053,West Virginia,Mason,2023,24788.0,8.0,54.0,32.27,217.85
54,047,54047,West Virginia,McDowell,2023,17446.0,6.0,0.0,34.39,0.0
54,059,54059,West Virginia,Mingo,2023,21996.0,8.0,30.0,36.37,136.39
54,067,54067,West Virginia,Nicholas,2023,24104.0,95.0,12.0,394.13,49.78
54,083,54083,West Virginia,Randolph,2023,27373.0,63.0,122.0,230.15,445.69
54,085,54085,West Virginia,Ritchie,2023,8161.0,2.0,16.0,24.51,196.05
54,087,54087,West Virginia,Roane,2023,13675.0,0.0,33.0,0.0,241.32
54,089,54089,West Virginia,Summers,2023,11595.0,0.0,16.0,0.0,137.99
54,097,54097,West Virginia,Upshur,2023,23570.0,6.0,2.0,25.46,8.49
54,103,54103,West Virginia,Wetzel,2023,13993.0,32.0,26.0,228.69,185.81
54,109,54109,West Virginia,Wyoming,2023,20279.0,31.0,40.0,152.87,197.25
55,009,55009,Wisconsin,Brown,2023,272238.0,102.0,815.0,37.47,299.37
55,015,55015,Wisconsin,Calumet,2023,53414.0,13.0,69.0,24.34,129.18
55,017,55017,Wisconsin,Chippewa,2023,66949.0,32.0,138.0,47.8,206.13
55,021,55021,Wisconsin,Columbia,2023,57941.0,39.0,108.0,67.31,186.4
55,025,55025,Wisconsin,Dane,2023,579299.0,58.0,409.0,10.01,70.6
55,031,55031,Wisconsin,Douglas,2023,44102.0,12.0,125.0,27.21,283.43
55,035,55035,Wisconsin,Eau Claire,2023,107975.0,20.0,147.0,18.52,136.14
55,039,55039,Wisconsin,Fond du Lac,2023,104349.0,48.0,118.0,46.0,113.08
55,045,55045,Wisconsin,Green,2023,37002.0,4.0,61.0,10.81,164.86
55,059,55059,Wisconsin,Kenosha,2023,167852.0,81.0,595.0,48.26,354.48
55,061,55061,Wisconsin,Kewaunee,2023,20772.0,18.0,23.0,86.66,110.73
55,063,55063,Wisconsin,La Crosse,2023,120719.0,15.0,141.0,12.43,116.8
55,073,55073,Wisconsin,Marathon,2023,138768.0,89.0,295.0,64.14,212.59
55,079,55079,Wisconsin,Milwaukee,2023,921609.0,176.0,140.0,19.1,15.19
55,083,55083,Wisconsin,Oconto,2023,39745.0,35.0,125.0,88.06,314.5
55,087,55087,Wisconsin,Outagamie,2023,193628.0,31.0,200.0,16.01,103.29
55,089,55089,Wisconsin,Ozaukee,2023,93478.0,19.0,66.0,20.33,70.6
55,093,55093,Wisconsin,Pierce,2023,43070.0,8.0,56.0,18.57,130.02
55,101,55101,Wisconsin,Racine,2023,197390.0,49.0,149.0,24.82,75.49
55,105,55105,Wisconsin,Rock,2023,164619.0,30.0,179.0,18.22,108.74
55,117,55117,Wisconsin,Sheboygan,2023,117891.0,34.0,203.0,28.84,172.19
55,109,55109,Wisconsin,St. Croix,2023,96976.0,37.0,236.0,38.15,243.36
55,123,55123,Wisconsin,Vernon,2023,31115.0,15.0,32.0,48.21,102.84
55,131,55131,Wisconsin,Washington,2023,138527.0,29.0,144.0,20.93,103.95
55,133,55133,Wisconsin,Waukesha,2023,413581.0,56.0,322.0,13.54,77.86
55,139,55139,Wisconsin,Winnebago,2023,172118.0,21.0,208.0,12.2,120.85
55,001,55001,Wisconsin,Adams,2023,21722.0,18.0,88.0,82.87,405.12
55,005,55005,Wisconsin,Barron,2023,46886.0,17.0,76.0,36.26,162.1
55,011,55011,Wisconsin,Buffalo,2023,13450.0,12.0,19.0,89.22,141.26
55,013,55013,Wisconsin,Burnett,2023,17106.0,32.0,153.0,187.07,894.42
55,019,55019,Wisconsin,Clark,2023,34880.0,49.0,69.0,140.48,197.82
55,023,55023,Wisconsin,Crawford,2023,15948.0,26.0,168.0,163.03,1053.42
55,027,55027,Wisconsin,Dodge,2023,88666.0,44.0,115.0,49.62,129.7
55,029,55029,Wisconsin,Door,2023,30581.0,8.0,42.0,26.16,137.34
55,033,55033,Wisconsin,Dunn,2023,45768.0,29.0,85.0,63.36,185.72
55,043,55043,Wisconsin,Grant,2023,51907.0,17.0,109.0,32.75,209.99
55,047,55047,Wisconsin,Green Lake,2023,19406.0,0.0,27.0,0.0,139.13
55,053,55053,Wisconsin,Jackson,2023,20931.0,25.0,95.0,119.44,453.87
55,055,55055,Wisconsin,Jefferson,2023,86086.0,22.0,82.0,25.56,95.25
55,057,55057,Wisconsin,Juneau,2023,26606.0,35.0,118.0,131.55,443.51
55,065,55065,Wisconsin,Lafayette,2023,17067.0,6.0,48.0,35.16,281.24
55,069,55069,Wisconsin,Lincoln,2023,28403.0,59.0,105.0,207.72,369.68
55,071,55071,Wisconsin,Manitowoc,2023,81600.0,25.0,91.0,30.64,111.52
55,075,55075,Wisconsin,Marinette,2023,42109.0,47.0,90.0,111.62,213.73
55,077,55077,Wisconsin,Marquette,2023,15908.0,6.0,43.0,37.72,270.3
55,078,55078,Wisconsin,Menominee,2023,4200.0,0.0,27.0,0.0,642.86
55,081,55081,Wisconsin,Monroe,2023,46246.0,26.0,46.0,56.22,99.47
55,085,55085,Wisconsin,Oneida,2023,38156.0,36.0,86.0,94.35,225.39
55,095,55095,Wisconsin,Polk,2023,45775.0,30.0,137.0,65.54,299.29
55,097,55097,Wisconsin,Portage,2023,71361.0,39.0,132.0,54.65,184.97
55,099,55099,Wisconsin,Price,2023,14094.0,11.0,56.0,78.05,397.33
55,103,55103,Wisconsin,Richland,2023,17270.0,14.0,26.0,81.07,150.55
55,107,55107,Wisconsin,Rusk,2023,14233.0,25.0,35.0,175.65,245.91
55,111,55111,Wisconsin,Sauk,2023,66216.0,34.0,170.0,51.35,256.74
55,113,55113,Wisconsin,Sawyer,2023,18587.0,49.0,100.0,263.63,538.01
55,115,55115,Wisconsin,Shawano,2023,41140.0,21.0,197.0,51.05,478.85
55,119,55119,Wisconsin,Taylor,2023,20117.0,13.0,61.0,64.62,303.23
55,121,55121,Wisconsin,Trempealeau,2023,31006.0,25.0,38.0,80.63,122.56
55,125,55125,Wisconsin,Vilas,2023,23822.0,3.0,61.0,12.59,256.07
55,127,55127,Wisconsin,Walworth,2023,106192.0,7.0,145.0,6.59,136.55
55,129,55129,Wisconsin,Washburn,2023,16996.0,5.0,58.0,29.42,341.26
55,135,55135,Wisconsin,Waupaca,2023,51432.0,18.0,27.0,35.0,52.5
55,137,55137,Wisconsin,Waushara,2023,25045.0,9.0,95.0,35.94,379.32
55,141,55141,Wisconsin,Wood,2023,74232.0,35.0,83.0,47.15,111.81
56,021,56021,Wyoming,Laramie,2023,100995.0,28.0,302.0,27.72,299.02
56,025,56025,Wyoming,Natrona,2023,79976.0,10.0,54.0,12.5,67.52
56,001,56001,Wyoming,Albany,2023,38337.0,10.0,66.0,26.08,172.16
56,005,56005,Wyoming,Campbell,2023,47580.0,40.0,112.0,84.07,235.39
56,009,56009,Wyoming,Converse,2023,13873.0,3.0,32.0,21.62,230.66
56,011,56011,Wyoming,Crook,2023,7591.0,5.0,14.0,65.87,184.43
56,015,56015,Wyoming,Goshen,2023,12664.0,3.0,21.0,23.69,165.82
56,017,56017,Wyoming,Hot Springs,2023,4651.0,0.0,4.0,0.0,86.0
56,019,56019,Wyoming,Johnson,2023,8799.0,6.0,19.0,68.19,215.93
56,023,56023,Wyoming,Lincoln,2023,20893.0,14.0,56.0,67.01,268.03
56,027,56027,Wyoming,Niobrara,2023,2320.0,4.0,6.0,172.41,258.62
56,029,56029,Wyoming,Park,2023,30817.0,19.0,77.0,61.65,249.86
56,033,56033,Wyoming,Sheridan,2023,32617.0,3.0,50.0,9.2,153.29
56,035,56035,Wyoming,Sublette,2023,8968.0,6.0,22.0,66.9,245.32
56,037,56037,Wyoming,Sweetwater,2023,41294.0,9.0,85.0,21.79,205.84
56,039,56039,Wyoming,Teton,2023,23354.0,2.0,38.0,8.56,162.71
56,041,56041,Wyoming,Uinta,2023,20693.0,9.0,42.0,43.49,202.97
56,043,56043,Wyoming,Washakie,2023,7731.0,0.0,18.0,0.0,232.83
56,045,56045,Wyoming,Weston,2023,6828.0,4.0,17.0,58.58,248.97
01,001,01001,Alabama,Autauga,2024,61476.0,54.0,221.0,87.84,359.49
01,003,01003,Alabama,Baldwin,2024,261652.0,137.0,170.0,52.36,64.97
01,007,01007,Alabama,Bibb,2024,22225.0,34.0,78.0,152.98,350.96
01,009,01009,Alabama,Blount,2024,60173.0,82.0,298.0,136.27,495.24
01,015,01015,Alabama,Calhoun,2024,116303.0,238.0,192.0,204.64,165.09
01,021,01021,Alabama,Chilton,2024,47364.0,64.0,419.0,135.12,884.64
01,033,01033,Alabama,Colbert,2024,59073.0,15.0,90.0,25.39,152.35
01,051,01051,Alabama,Elmore,2024,91051.0,41.0,314.0,45.03,344.86
01,055,01055,Alabama,Etowah,2024,103475.0,13.0,55.0,12.56,53.15
01,061,01061,Alabama,Geneva,2024,27331.0,0.0,0.0,0.0,0.0
01,063,01063,Alabama,Greene,2024,7136.0,2.0,4.0,28.03,56.05
01,067,01067,Alabama,Henry,2024,18234.0,15.0,71.0,82.26,389.38
01,069,01069,Alabama,Houston,2024,109707.0,147.0,495.0,133.99,451.2
01,073,01073,Alabama,Jefferson,2024,666585.0,650.0,2725.0,97.51,408.8
01,077,01077,Alabama,Lauderdale,2024,97298.0,95.0,274.0,97.64,281.61
01,079,01079,Alabama,Lawrence,2024,33651.0,19.0,50.0,56.46,148.58
01,081,01081,Alabama,Lee,2024,187782.0,216.0,539.0,115.03,287.03
01,085,01085,Alabama,Lowndes,2024,9517.0,16.0,15.0,168.12,157.61
01,087,01087,Alabama,Macon,2024,18275.0,10.0,12.0,54.72,65.66
01,089,01089,Alabama,Madison,2024,423071.0,286.0,1288.0,67.6,304.44
01,097,01097,Alabama,Mobile,2024,412193.0,265.0,800.0,64.29,194.08
01,101,01101,Alabama,Montgomery,2024,225889.0,80.0,390.0,35.42,172.65
01,107,01107,Alabama,Pickens,2024,18469.0,28.0,55.0,151.61,297.8
01,113,01113,Alabama,Russell,2024,58959.0,58.0,175.0,98.37,296.82
01,117,01117,Alabama,Shelby,2024,235806.0,68.0,33.0,28.84,13.99
01,115,01115,Alabama,St. Clair,2024,97046.0,79.0,334.0,81.4,344.17
01,125,01125,Alabama,Tuscaloosa,2024,240880.0,106.0,470.0,44.01,195.12
01,127,01127,Alabama,Walker,2024,65117.0,0.0,0.0,0.0,0.0
01,005,01005,Alabama,Barbour,2024,24520.0,11.0,15.0,44.86,61.17
01,011,01011,Alabama,Bullock,2024,9863.0,11.0,38.0,111.53,385.28
01,017,01017,Alabama,Chambers,2024,34309.0,26.0,147.0,75.78,428.46
01,019,01019,Alabama,Cherokee,2024,26088.0,49.0,264.0,187.83,1011.96
01,023,01023,Alabama,Choctaw,2024,12090.0,9.0,51.0,74.44,421.84
01,025,01025,Alabama,Clarke,2024,22127.0,36.0,73.0,162.7,329.91
01,027,01027,Alabama,Clay,2024,14212.0,16.0,51.0,112.58,358.85
01,029,01029,Alabama,Cleburne,2024,15838.0,19.0,111.0,119.96,700.85
01,031,01031,Alabama,Coffee,2024,56482.0,26.0,122.0,46.03,216.0
01,035,01035,Alabama,Conecuh,2024,11045.0,1.0,0.0,9.05,0.0
01,039,01039,Alabama,Covington,2024,37966.0,1.0,8.0,2.63,21.07
01,041,01041,Alabama,Crenshaw,2024,13139.0,5.0,18.0,38.05,137.0
01,043,01043,Alabama,Cullman,2024,92771.0,78.0,644.0,84.08,694.18
01,045,01045,Alabama,Dale,2024,50024.0,37.0,75.0,73.96,149.93
01,047,01047,Alabama,Dallas,2024,35584.0,93.0,303.0,261.35,851.51
01,049,01049,Alabama,DeKalb,2024,73581.0,27.0,157.0,36.69,213.37
01,057,01057,Alabama,Fayette,2024,15921.0,10.0,17.0,62.81,106.78
01,059,01059,Alabama,Franklin,2024,32189.0,35.0,129.0,108.73,400.76
01,071,01071,Alabama,Jackson,2024,53935.0,47.0,162.0,87.14,300.36
01,075,01075,Alabama,Lamar,2024,13553.0,3.0,14.0,22.14,103.3
01,093,01093,Alabama,Marion,2024,29358.0,11.0,49.0,37.47,166.91
01,095,01095,Alabama,Marshall,2024,102860.0,40.0,545.0,38.89,529.85
01,099,01099,Alabama,Monroe,2024,19089.0,16.0,31.0,83.82,162.4
01,105,01105,Alabama,Perry,2024,7626.0,0.0,0.0,0.0,0.0
01,109,01109,Alabama,Pike,2024,33199.0,14.0,53.0,42.17,159.64
01,111,01111,Alabama,Randolph,2024,23066.0,49.0,149.0,212.43,645.97
01,119,01119,Alabama,Sumter,2024,11629.0,0.0,2.0,0.0,17.2
01,121,01121,Alabama,Talladega,2024,81481.0,79.0,311.0,96.96,381.68
01,123,01123,Alabama,Tallapoosa,2024,40892.0,8.0,61.0,19.56,149.17
01,129,01129,Alabama,Washington,2024,14972.0,24.0,78.0,160.3,520.97
01,133,01133,Alabama,Winston,2024,23870.0,20.0,95.0,83.79,397.99
04,015,04015,Arizona,Mohave,2024,226262.0,206.0,1335.0,91.04,590.02
04,019,04019,Arizona,Pima,2024,1073456.0,759.0,7085.0,70.71,660.02
04,021,04021,Arizona,Pinal,2024,515726.0,251.0,1238.0,48.67,240.05
04,025,04025,Arizona,Yavapai,2024,251196.0,237.0,428.0,94.35,170.38
04,027,04027,Arizona,Yuma,2024,221388.0,135.0,708.0,60.98,319.8
04,001,04001,Arizona,Apache,2024,64695.0,47.0,79.0,72.65,122.11
04,007,04007,Arizona,Gila,2024,54126.0,54.0,106.0,99.77,195.84
04,009,04009,Arizona,Graham,2024,40239.0,16.0,33.0,39.76,82.01
04,017,04017,Arizona,Navajo,2024,109563.0,67.0,162.0,61.15,147.86
05,007,05007,Arkansas,Benton,2024,322001.0,111.0,247.0,34.47,76.71
05,031,05031,Arkansas,Craighead,2024,116378.0,54.0,147.0,46.4,126.31
05,033,05033,Arkansas,Crawford,2024,62256.0,70.0,219.0,112.44,351.77
05,035,05035,Arkansas,Crittenden,2024,46789.0,135.0,216.0,288.53,461.65
05,045,05045,Arkansas,Faulkner,2024,132167.0,88.0,419.0,66.58,317.02
05,051,05051,Arkansas,Garland,2024,99910.0,322.0,919.0,322.29,919.83
05,053,05053,Arkansas,Grant,2024,18597.0,44.0,111.0,236.6,596.87
05,081,05081,Arkansas,Little River,2024,11699.0,29.0,62.0,247.88,529.96
05,085,05085,Arkansas,Lonoke,2024,76390.0,129.0,335.0,168.87,438.54
05,087,05087,Arkansas,Madison,2024,18062.0,73.0,97.0,404.16,537.04
05,091,05091,Arkansas,Miller,2024,42360.0,44.0,115.0,103.87,271.48
05,105,05105,Arkansas,Perry,2024,10271.0,23.0,80.0,223.93,778.89
05,111,05111,Arkansas,Poinsett,2024,22318.0,51.0,81.0,228.52,362.94
05,119,05119,Arkansas,Pulaski,2024,403394.0,448.0,1166.0,111.06,289.05
05,125,05125,Arkansas,Saline,2024,131769.0,162.0,546.0,122.94,414.36
05,131,05131,Arkansas,Sebastian,2024,130323.0,22.0,62.0,16.88,47.57
05,143,05143,Arkansas,Washington,2024,267370.0,146.0,266.0,54.61,99.49
05,001,05001,Arkansas,Arkansas,2024,16092.0,31.0,57.0,192.64,354.21
05,003,05003,Arkansas,Ashley,2024,18024.0,5.0,92.0,27.74,510.43
05,005,05005,Arkansas,Baxter,2024,42859.0,40.0,143.0,93.33,333.65
05,009,05009,Arkansas,Boone,2024,38531.0,49.0,136.0,127.17,352.96
05,011,05011,Arkansas,Bradley,2024,9997.0,17.0,46.0,170.05,460.14
05,013,05013,Arkansas,Calhoun,2024,4677.0,14.0,23.0,299.34,491.77
05,015,05015,Arkansas,Carroll,2024,29089.0,24.0,61.0,82.51,209.7
05,017,05017,Arkansas,Chicot,2024,9322.0,2.0,54.0,21.45,579.27
05,019,05019,Arkansas,Clark,2024,20952.0,12.0,31.0,57.27,147.96
05,021,05021,Arkansas,Clay,2024,14078.0,35.0,28.0,248.61,198.89
05,023,05023,Arkansas,Cleburne,2024,25641.0,140.0,257.0,546.0,1002.3
05,025,05025,Arkansas,Cleveland,2024,7375.0,15.0,38.0,203.39,515.25
05,027,05027,Arkansas,Columbia,2024,22014.0,29.0,48.0,131.73,218.04
05,029,05029,Arkansas,Conway,2024,21388.0,47.0,113.0,219.75,528.33
05,039,05039,Arkansas,Dallas,2024,6109.0,15.0,23.0,245.54,376.49
05,041,05041,Arkansas,Desha,2024,10305.0,9.0,30.0,87.34,291.12
05,043,05043,Arkansas,Drew,2024,16988.0,20.0,56.0,117.73,329.64
05,047,05047,Arkansas,Franklin,2024,17602.0,40.0,61.0,227.25,346.55
05,049,05049,Arkansas,Fulton,2024,12554.0,32.0,68.0,254.9,541.66
05,055,05055,Arkansas,Greene,2024,47020.0,75.0,145.0,159.51,308.38
05,057,05057,Arkansas,Hempstead,2024,19254.0,47.0,94.0,244.11,488.21
05,061,05061,Arkansas,Howard,2024,12496.0,8.0,26.0,64.02,208.07
05,063,05063,Arkansas,Independence,2024,38569.0,87.0,233.0,225.57,604.11
05,065,05065,Arkansas,Izard,2024,14299.0,55.0,47.0,384.64,328.69
05,067,05067,Arkansas,Jackson,2024,16638.0,23.0,58.0,138.24,348.6
05,069,05069,Arkansas,Jefferson,2024,63605.0,76.0,321.0,119.49,504.68
05,071,05071,Arkansas,Johnson,2024,26247.0,46.0,49.0,175.26,186.69
05,073,05073,Arkansas,Lafayette,2024,6056.0,13.0,18.0,214.66,297.23
05,075,05075,Arkansas,Lawrence,2024,16200.0,27.0,72.0,166.67,444.44
05,077,05077,Arkansas,Lee,2024,8138.0,9.0,31.0,110.59,380.93
05,079,05079,Arkansas,Lincoln,2024,12862.0,13.0,66.0,101.07,513.14
05,083,05083,Arkansas,Logan,2024,21531.0,58.0,142.0,269.38,659.51
05,089,05089,Arkansas,Marion,2024,17575.0,24.0,84.0,136.56,477.95
05,093,05093,Arkansas,Mississippi,2024,38174.0,42.0,192.0,110.02,502.96
05,095,05095,Arkansas,Monroe,2024,6369.0,7.0,26.0,109.91,408.23
05,097,05097,Arkansas,Montgomery,2024,8555.0,15.0,11.0,175.34,128.58
05,101,05101,Arkansas,Newton,2024,7042.0,18.0,38.0,255.61,539.62
05,103,05103,Arkansas,Ouachita,2024,21856.0,39.0,124.0,178.44,567.35
05,107,05107,Arkansas,Phillips,2024,14555.0,10.0,31.0,68.7,212.99
05,109,05109,Arkansas,Pike,2024,10055.0,6.0,27.0,59.67,268.52
05,113,05113,Arkansas,Polk,2024,19435.0,57.0,29.0,293.29,149.22
05,115,05115,Arkansas,Pope,2024,64666.0,110.0,153.0,170.1,236.6
05,117,05117,Arkansas,Prairie,2024,7963.0,38.0,40.0,477.21,502.32
05,121,05121,Arkansas,Randolph,2024,18944.0,28.0,95.0,147.8,501.48
05,127,05127,Arkansas,Scott,2024,9866.0,8.0,35.0,81.09,354.75
05,129,05129,Arkansas,Searcy,2024,7844.0,23.0,21.0,293.22,267.72
05,133,05133,Arkansas,Sevier,2024,15847.0,22.0,20.0,138.83,126.21
05,135,05135,Arkansas,Sharp,2024,18102.0,35.0,79.0,193.35,436.42
05,137,05137,Arkansas,Stone,2024,12731.0,29.0,56.0,227.79,439.87
05,139,05139,Arkansas,Union,2024,37121.0,81.0,189.0,218.21,509.15
05,141,05141,Arkansas,Van Buren,2024,16227.0,81.0,131.0,499.17,807.3
05,145,05145,Arkansas,White,2024,79128.0,211.0,412.0,266.66,520.68
05,147,05147,Arkansas,Woodruff,2024,5793.0,10.0,27.0,172.62,466.08
05,149,05149,Arkansas,Yell,2024,20103.0,47.0,45.0,233.8,223.85
06,001,06001,California,Alameda,2024,1636624.0,776.0,2182.0,47.41,133.32
06,007,06007,California,Butte,2024,208586.0,362.0,652.0,173.55,312.58
06,013,06013,California,Contra Costa,2024,1169534.0,479.0,2333.0,40.96,199.48
06,017,06017,California,El Dorado,2024,192371.0,281.0,786.0,146.07,408.59
06,019,06019,California,Fresno,2024,1033698.0,1174.0,2857.0,113.57,276.39
06,025,06025,California,Imperial,2024,182771.0,108.0,267.0,59.09,146.08
06,029,06029,California,Kern,2024,924648.0,3160.0,7085.0,341.75,766.24
06,031,06031,California,Kings,2024,154119.0,154.0,401.0,99.92,260.19
06,037,06037,California,Los Angeles,2024,9748868.0,5909.0,17982.0,60.61,184.45
06,039,06039,California,Madera,2024,166132.0,338.0,980.0,203.45,589.89
06,041,06041,California,Marin,2024,255704.0,79.0,403.0,30.9,157.6
06,047,06047,California,Merced,2024,296807.0,365.0,1383.0,122.98,465.96
06,053,06053,California,Monterey,2024,433447.0,394.0,712.0,90.9,164.26
06,055,06055,California,Napa,2024,133115.0,74.0,158.0,55.59,118.69
06,059,06059,California,Orange,2024,3158027.0,423.0,894.0,13.39,28.31
06,061,06061,California,Placer,2024,434279.0,357.0,851.0,82.21,195.96
06,065,06065,California,Riverside,2024,2529112.0,998.0,5963.0,39.46,235.77
06,067,06067,California,Sacramento,2024,1609897.0,2825.0,8631.0,175.48,536.12
06,069,06069,California,San Benito,2024,69085.0,62.0,133.0,89.74,192.52
06,071,06071,California,San Bernardino,2024,2218764.0,1505.0,3474.0,67.83,156.57
06,073,06073,California,San Diego,2024,3287542.0,1265.0,2453.0,38.48,74.62
06,077,06077,California,San Joaquin,2024,817149.0,776.0,1849.0,94.96,226.27
06,079,06079,California,San Luis Obispo,2024,282153.0,569.0,566.0,201.66,200.6
06,081,06081,California,San Mateo,2024,740627.0,239.0,1630.0,32.27,220.08
06,083,06083,California,Santa Barbara,2024,443081.0,298.0,941.0,67.26,212.38
06,085,06085,California,Santa Clara,2024,1907910.0,274.0,1435.0,14.36,75.21
06,087,06087,California,Santa Cruz,2024,261417.0,282.0,995.0,107.87,380.62
06,089,06089,California,Shasta,2024,181392.0,272.0,517.0,149.95,285.02
06,095,06095,California,Solano,2024,455076.0,125.0,396.0,27.47,87.02
06,097,06097,California,Sonoma,2024,485363.0,274.0,745.0,56.45,153.49
06,099,06099,California,Stanislaus,2024,557372.0,383.0,878.0,68.72,157.52
06,101,06101,California,Sutter,2024,98933.0,116.0,383.0,117.25,387.13
06,107,06107,California,Tulare,2024,483851.0,703.0,1687.0,145.29,348.66
06,111,06111,California,Ventura,2024,833431.0,174.0,603.0,20.88,72.35
06,113,06113,California,Yolo,2024,223260.0,42.0,211.0,18.81,94.51
06,115,06115,California,Yuba,2024,87441.0,359.0,483.0,410.56,552.37
06,003,06003,California,Alpine,2024,1086.0,12.0,21.0,1104.97,1933.7
06,005,06005,California,Amador,2024,41974.0,82.0,182.0,195.36,433.6
06,009,06009,California,Calaveras,2024,46496.0,161.0,418.0,346.27,899.0
06,011,06011,California,Colusa,2024,22016.0,20.0,96.0,90.84,436.05
06,015,06015,California,Del Norte,2024,26959.0,49.0,93.0,181.76,344.97
06,021,06021,California,Glenn,2024,28320.0,101.0,277.0,356.64,978.11
06,023,06023,California,Humboldt,2024,132324.0,202.0,568.0,152.66,429.25
06,027,06027,California,Inyo,2024,18302.0,96.0,57.0,524.53,311.44
06,033,06033,California,Lake,2024,67880.0,291.0,365.0,428.7,537.71
06,035,06035,California,Lassen,2024,28593.0,47.0,119.0,164.38,416.19
06,043,06043,California,Mariposa,2024,16948.0,94.0,177.0,554.64,1044.37
06,045,06045,California,Mendocino,2024,88939.0,185.0,72.0,208.01,80.95
06,049,06049,California,Modoc,2024,8535.0,21.0,27.0,246.05,316.34
06,051,06051,California,Mono,2024,12692.0,15.0,27.0,118.18,212.73
06,057,06057,California,Nevada,2024,102146.0,168.0,302.0,164.47,295.66
06,091,06091,California,Sierra,2024,3121.0,15.0,18.0,480.62,576.74
06,093,06093,California,Siskiyou,2024,42490.0,72.0,32.0,169.45,75.31
06,103,06103,California,Tehama,2024,64767.0,121.0,282.0,186.82,435.41
06,105,06105,California,Trinity,2024,15697.0,82.0,140.0,522.39,891.89
06,109,06109,California,Tuolumne,2024,54185.0,230.0,358.0,424.47,660.7
08,001,08001,Colorado,Adams,2024,549257.0,440.0,2180.0,80.11,396.9
08,005,08005,Colorado,Arapahoe,2024,675760.0,332.0,1930.0,49.13,285.6
08,013,08013,Colorado,Boulder,2024,329485.0,85.0,760.0,25.8,230.66
08,019,08019,Colorado,Clear Creek,2024,9023.0,2.0,27.0,22.17,299.24
08,035,08035,Colorado,Douglas,2024,393051.0,426.0,2239.0,108.38,569.65
08,039,08039,Colorado,Elbert,2024,29344.0,17.0,63.0,57.93,214.69
08,041,08041,Colorado,El Paso,2024,752356.0,600.0,2810.0,79.75,373.49
08,047,08047,Colorado,Gilpin,2024,5955.0,9.0,51.0,151.13,856.42
08,059,08059,Colorado,Jefferson,2024,580359.0,430.0,2356.0,74.09,405.96
08,069,08069,Colorado,Larimer,2024,374200.0,175.0,712.0,46.77,190.27
08,077,08077,Colorado,Mesa,2024,161400.0,165.0,886.0,102.23,548.95
08,119,08119,Colorado,Teller,2024,24743.0,3.0,4.0,12.12,16.17
08,123,08123,Colorado,Weld,2024,371280.0,156.0,737.0,42.02,198.5
08,003,08003,Colorado,Alamosa,2024,16691.0,11.0,115.0,65.9,688.99
08,007,08007,Colorado,Archuleta,2024,14134.0,18.0,20.0,127.35,141.5
08,011,08011,Colorado,Bent,2024,5745.0,11.0,90.0,191.47,1566.58
08,015,08015,Colorado,Chaffee,2024,20796.0,4.0,65.0,19.23,312.56
08,025,08025,Colorado,Crowley,2024,5648.0,11.0,29.0,194.76,513.46
08,029,08029,Colorado,Delta,2024,32294.0,9.0,108.0,27.87,334.43
08,033,08033,Colorado,Dolores,2024,2452.0,8.0,17.0,326.26,693.31
08,037,08037,Colorado,Eagle,2024,54635.0,19.0,126.0,34.78,230.62
08,045,08045,Colorado,Garfield,2024,63820.0,92.0,170.0,144.16,266.37
08,049,08049,Colorado,Grand,2024,16283.0,29.0,50.0,178.1,307.07
08,061,08061,Colorado,Kiowa,2024,1403.0,0.0,9.0,0.0,641.48
08,063,08063,Colorado,Kit Carson,2024,7027.0,8.0,22.0,113.85,313.08
08,065,08065,Colorado,Lake,2024,7471.0,14.0,18.0,187.39,240.93
08,067,08067,Colorado,La Plata,2024,56930.0,28.0,130.0,49.18,228.35
08,071,08071,Colorado,Las Animas,2024,14511.0,15.0,50.0,103.37,344.57
08,075,08075,Colorado,Logan,2024,20690.0,17.0,45.0,82.17,217.5
08,083,08083,Colorado,Montezuma,2024,26694.0,29.0,99.0,108.64,370.87
08,085,08085,Colorado,Montrose,2024,44687.0,37.0,76.0,82.8,170.07
08,087,08087,Colorado,Morgan,2024,30316.0,1.0,62.0,3.3,204.51
08,089,08089,Colorado,Otero,2024,17888.0,5.0,41.0,27.95,229.2
08,091,08091,Colorado,Ouray,2024,5173.0,4.0,13.0,77.32,251.3
08,095,08095,Colorado,Phillips,2024,4454.0,0.0,0.0,0.0,0.0
08,097,08097,Colorado,Pitkin,2024,16766.0,5.0,15.0,29.82,89.47
08,099,08099,Colorado,Prowers,2024,11904.0,12.0,40.0,100.81,336.02
08,103,08103,Colorado,Rio Blanco,2024,6792.0,1.0,11.0,14.72,161.96
08,105,08105,Colorado,Rio Grande,2024,11143.0,9.0,6.0,80.77,53.85
08,107,08107,Colorado,Routt,2024,25471.0,18.0,42.0,70.67,164.89
08,109,08109,Colorado,Saguache,2024,6686.0,8.0,44.0,119.65,658.09
08,113,08113,Colorado,San Miguel,2024,7818.0,3.0,2.0,38.37,25.58
08,117,08117,Colorado,Summit,2024,31643.0,30.0,150.0,94.81,474.04
08,121,08121,Colorado,Washington,2024,4748.0,9.0,43.0,189.55,905.64
08,125,08125,Colorado,Yuma,2024,9873.0,3.0,22.0,30.39,222.83
,,,Delaware,New Castle County Police Department,2024,586014.0,692.0,2903.0,118.09,495.38
12,001,12001,Florida,Alachua,2024,289446.0,219.0,1205.0,75.66,416.31
12,003,12003,Florida,Baker,2024,29511.0,79.0,174.0,267.7,589.61
12,005,12005,Florida,Bay,2024,200142.0,246.0,1146.0,122.91,572.59
12,009,12009,Florida,Brevard,2024,656254.0,439.0,1790.0,66.89,272.76
12,015,12015,Florida,Charlotte,2024,211456.0,207.0,1392.0,97.89,658.29
12,019,12019,Florida,Clay,2024,237278.0,437.0,1750.0,184.17,737.53
12,021,12021,Florida,Collier,2024,416722.0,571.0,2636.0,137.02,632.56
12,035,12035,Florida,Flagler,2024,136284.0,147.0,726.0,107.86,532.71
12,053,12053,Florida,Hernando,2024,217572.0,424.0,2109.0,194.88,969.33
12,057,12057,Florida,Hillsborough,2024,1571198.0,1569.0,6026.0,99.86,383.53
,,,Florida,Jacksonville Sheriff's Office,2024,,5708.0,26601.0,,
12,065,12065,Florida,Jefferson,2024,15945.0,34.0,67.0,213.23,420.19
12,071,12071,Florida,Lee,2024,861667.0,1201.0,4575.0,139.38,530.95
12,073,12073,Florida,Leon,2024,298712.0,481.0,1751.0,161.02,586.18
12,083,12083,Florida,Marion,2024,427995.0,667.0,2370.0,155.84,553.74
12,085,12085,Florida,Martin,2024,165202.0,247.0,1163.0,149.51,703.99
12,086,12086,Florida,Miami-Dade,2024,2812144.0,4838.0,26623.0,172.04,946.72
12,089,12089,Florida,Nassau,2024,104492.0,128.0,107.0,122.5,102.4
12,099,12099,Florida,Palm Beach,2024,1574148.0,1288.0,5926.0,81.82,376.46
12,103,12103,Florida,Pinellas,2024,960397.0,386.0,2268.0,40.19,236.15
12,105,12105,Florida,Polk,2024,851434.0,1276.0,3095.0,149.86,363.5
12,113,12113,Florida,Santa Rosa,2024,207471.0,232.0,878.0,111.82,423.19
12,115,12115,Florida,Sarasota,2024,475989.0,349.0,2962.0,73.32,622.28
12,117,12117,Florida,Seminole,2024,489664.0,357.0,1453.0,72.91,296.73
12,129,12129,Florida,Wakulla,2024,37122.0,56.0,244.0,150.85,657.29
12,131,12131,Florida,Walton,2024,90096.0,120.0,399.0,133.19,442.86
12,133,12133,Florida,Washington,2024,26458.0,21.0,43.0,79.37,162.52
12,023,12023,Florida,Columbia,2024,73721.0,186.0,424.0,252.3,575.14
12,027,12027,Florida,DeSoto,2024,36889.0,80.0,286.0,216.87,775.3
12,045,12045,Florida,Gulf,2024,15896.0,17.0,51.0,106.95,320.84
12,049,12049,Florida,Hardee,2024,26107.0,51.0,177.0,195.35,677.98
12,051,12051,Florida,Hendry,2024,46641.0,52.0,102.0,111.49,218.69
12,079,12079,Florida,Madison,2024,18644.0,37.0,132.0,198.46,708.0
12,087,12087,Florida,Monroe,2024,82015.0,125.0,392.0,152.41,477.96
12,093,12093,Florida,Okeechobee,2024,42341.0,116.0,421.0,273.97,994.31
12,107,12107,Florida,Putnam,2024,77173.0,41.0,355.0,53.13,460.01
12,123,12123,Florida,Taylor,2024,21689.0,53.0,161.0,244.36,742.31
13,013,13013,Georgia,Barrow,2024,96969.0,95.0,699.0,97.97,720.85
13,015,13015,Georgia,Bartow,2024,117924.0,64.0,922.0,54.27,781.86
13,021,13021,Georgia,Bibb,2024,157360.0,1740.0,6280.0,1105.74,3990.85
13,027,13027,Georgia,Brooks,2024,16290.0,10.0,96.0,61.39,589.32
13,029,13029,Georgia,Bryan,2024,51080.0,20.0,209.0,39.15,409.16
13,033,13033,Georgia,Burke,2024,24365.0,37.0,181.0,151.86,742.87
13,035,13035,Georgia,Butts,2024,27140.0,32.0,119.0,117.91,438.47
13,045,13045,Georgia,Carroll,2024,129493.0,97.0,485.0,74.91,374.54
13,047,13047,Georgia,Catoosa,2024,69359.0,75.0,204.0,108.13,294.12
13,057,13057,Georgia,Cherokee,2024,294030.0,180.0,776.0,61.22,263.92
13,059,13059,Georgia,Clarke,2024,130750.0,0.0,0.0,0.0,0.0
13,067,13067,Georgia,Cobb,2024,788879.0,36.0,132.0,4.56,16.73
,,,Georgia,Cobb County Police Department,2024,788879.0,1249.0,6816.0,158.33,864.01
13,073,13073,Georgia,Columbia,2024,167263.0,107.0,944.0,63.97,564.38
13,077,13077,Georgia,Coweta,2024,158178.0,404.0,697.0,255.41,440.64
13,079,13079,Georgia,Crawford,2024,12270.0,15.0,108.0,122.25,880.2
13,083,13083,Georgia,Dade,2024,16143.0,12.0,59.0,74.34,365.48
13,085,13085,Georgia,Dawson,2024,33945.0,50.0,268.0,147.3,789.51
13,089,13089,Georgia,DeKalb,2024,772584.0,20.0,0.0,2.59,0.0
,,,Georgia,DeKalb County Police Department,2024,772584.0,4107.0,19854.0,531.59,2569.82
13,095,13095,Georgia,Dougherty,2024,82728.0,0.0,15.0,0.0,18.13
,,,Georgia,Dougherty County Police Department,2024,82728.0,68.0,277.0,82.2,334.83
13,097,13097,Georgia,Douglas,2024,152060.0,229.0,936.0,150.6,615.55
13,103,13103,Georgia,Effingham,2024,73351.0,28.0,165.0,38.17,224.95
13,113,13113,Georgia,Fayette,2024,124751.0,30.0,208.0,24.05,166.73
13,115,13115,Georgia,Floyd,2024,101198.0,2.0,1.0,1.98,0.99
,,,Georgia,Floyd County Police Department,2024,101198.0,152.0,510.0,150.2,503.96
13,117,13117,Georgia,Forsyth,2024,278797.0,112.0,953.0,40.17,341.83
13,121,13121,Georgia,Fulton,2024,1090468.0,14.0,11.0,1.28,1.01
,,,Georgia,Fulton County Police Department,2024,1090468.0,23.0,40.0,2.11,3.67
,,,Georgia,Glynn County Police Department,2024,87052.0,281.0,1512.0,322.8,1736.89
13,135,13135,Georgia,Gwinnett,2024,1009864.0,20.0,8.0,1.98,0.79
,,,Georgia,Gwinnett County Police Department,2024,1009864.0,1945.0,10415.0,192.6,1031.33
13,139,13139,Georgia,Hall,2024,223545.0,290.0,1139.0,129.73,509.52
13,143,13143,Georgia,Haralson,2024,32409.0,59.0,276.0,182.05,851.62
13,145,13145,Georgia,Harris,2024,36965.0,5.0,32.0,13.53,86.57
13,149,13149,Georgia,Heard,2024,12114.0,7.0,83.0,57.78,685.16
13,151,13151,Georgia,Henry,2024,259972.0,9.0,1.0,3.46,0.38
,,,Georgia,Henry County Police Department,2024,259972.0,473.0,2486.0,181.94,956.26
13,159,13159,Georgia,Jasper,2024,17192.0,29.0,119.0,168.68,692.18
13,169,13169,Georgia,Jones,2024,29081.0,31.0,156.0,106.6,536.43
13,173,13173,Georgia,Lanier,2024,10387.0,11.0,115.0,105.9,1107.15
13,177,13177,Georgia,Lee,2024,34022.0,35.0,224.0,102.87,658.4
13,185,13185,Georgia,Lowndes,2024,122385.0,124.0,830.0,101.32,678.19
13,187,13187,Georgia,Lumpkin,2024,35946.0,60.0,132.0,166.92,367.22
13,195,13195,Georgia,Madison,2024,32767.0,75.0,194.0,228.89,592.06
13,197,13197,Georgia,Marion,2024,7616.0,5.0,26.0,65.65,341.39
13,189,13189,Georgia,McDuffie,2024,21743.0,29.0,126.0,133.38,579.5
13,191,13191,Georgia,McIntosh,2024,11817.0,12.0,106.0,101.55,897.01
13,199,13199,Georgia,Meriwether,2024,21352.0,41.0,123.0,192.02,576.06
13,207,13207,Georgia,Monroe,2024,31486.0,9.0,37.0,28.58,117.51
13,213,13213,Georgia,Murray,2024,41399.0,18.0,51.0,43.48,123.19
13,217,13217,Georgia,Newton,2024,123678.0,303.0,1016.0,244.99,821.49
13,219,13219,Georgia,Oconee,2024,44524.0,28.0,511.0,62.89,1147.7
13,223,13223,Georgia,Paulding,2024,187933.0,412.0,1132.0,219.23,602.34
13,225,13225,Georgia,Peach,2024,29511.0,0.0,0.0,0.0,0.0
13,227,13227,Georgia,Pickens,2024,36591.0,15.0,172.0,40.99,470.06
13,231,13231,Georgia,Pike,2024,20782.0,18.0,68.0,86.61,327.21
13,247,13247,Georgia,Rockdale,2024,97402.0,129.0,726.0,132.44,745.36
13,255,13255,Georgia,Spalding,2024,70311.0,115.0,434.0,163.56,617.26
13,263,13263,Georgia,Talbot,2024,5754.0,9.0,35.0,156.41,608.27
13,289,13289,Georgia,Twiggs,2024,7679.0,11.0,69.0,143.25,898.55
13,297,13297,Georgia,Walton,2024,110278.0,27.0,181.0,24.48,164.13
13,313,13313,Georgia,Whitfield,2024,105558.0,277.0,772.0,262.41,731.35
13,321,13321,Georgia,Worth,2024,20181.0,52.0,104.0,257.67,515.34
13,003,13003,Georgia,Atkinson,2024,8489.0,13.0,36.0,153.14,424.08
13,009,13009,Georgia,Baldwin,2024,43853.0,108.0,437.0,246.28,996.51
13,017,13017,Georgia,Ben Hill,2024,17033.0,36.0,64.0,211.35,375.74
13,019,13019,Georgia,Berrien,2024,18783.0,25.0,124.0,133.1,660.17
13,023,13023,Georgia,Bleckley,2024,12653.0,12.0,85.0,94.84,671.78
13,031,13031,Georgia,Bulloch,2024,85598.0,28.0,223.0,32.71,260.52
13,039,13039,Georgia,Camden,2024,59065.0,35.0,80.0,59.26,135.44
13,043,13043,Georgia,Candler,2024,11164.0,25.0,57.0,223.93,510.57
13,055,13055,Georgia,Chattooga,2024,25261.0,30.0,221.0,118.76,874.87
13,061,13061,Georgia,Clay,2024,2795.0,10.0,25.0,357.78,894.45
13,065,13065,Georgia,Clinch,2024,6834.0,2.0,30.0,29.27,438.98
13,069,13069,Georgia,Coffee,2024,44118.0,54.0,300.0,122.4,679.99
13,075,13075,Georgia,Cook,2024,17995.0,7.0,90.0,38.9,500.14
13,081,13081,Georgia,Crisp,2024,19444.0,32.0,167.0,164.58,858.88
13,087,13087,Georgia,Decatur,2024,29463.0,42.0,149.0,142.55,505.72
13,099,13099,Georgia,Early,2024,10466.0,8.0,35.0,76.44,334.42
13,107,13107,Georgia,Emanuel,2024,23236.0,0.0,1.0,0.0,4.3
13,111,13111,Georgia,Fannin,2024,25964.0,28.0,151.0,107.84,581.57
13,123,13123,Georgia,Gilmer,2024,33491.0,62.0,174.0,185.12,519.54
13,125,13125,Georgia,Glascock,2024,3052.0,3.0,23.0,98.3,753.6
13,129,13129,Georgia,Gordon,2024,60988.0,58.0,230.0,95.1,377.12
13,131,13131,Georgia,Grady,2024,26488.0,13.0,50.0,49.08,188.76
13,133,13133,Georgia,Greene,2024,21065.0,16.0,76.0,75.96,360.79
13,137,13137,Georgia,Habersham,2024,49752.0,19.0,178.0,38.19,357.77
13,147,13147,Georgia,Hart,2024,28149.0,56.0,134.0,198.94,476.04
13,155,13155,Georgia,Irwin,2024,9155.0,8.0,49.0,87.38,535.23
13,163,13163,Georgia,Jefferson,2024,15159.0,22.0,102.0,145.13,672.87
13,175,13175,Georgia,Laurens,2024,50585.0,58.0,337.0,114.66,666.21
13,205,13205,Georgia,Mitchell,2024,20345.0,32.0,122.0,157.29,599.66
13,209,13209,Georgia,Montgomery,2024,8597.0,16.0,46.0,186.11,535.07
13,229,13229,Georgia,Pierce,2024,20593.0,25.0,102.0,121.4,495.31
13,233,13233,Georgia,Polk,2024,44803.0,6.0,0.0,13.39,0.0
,,,Georgia,Polk County Police Department,2024,44803.0,24.0,306.0,53.57,682.99
13,237,13237,Georgia,Putnam,2024,23534.0,31.0,121.0,131.72,514.15
13,241,13241,Georgia,Rabun,2024,17684.0,14.0,77.0,79.17,435.42
13,249,13249,Georgia,Schley,2024,4523.0,5.0,14.0,110.55,309.53
13,261,13261,Georgia,Sumter,2024,29105.0,35.0,145.0,120.25,498.2
13,267,13267,Georgia,Tattnall,2024,24390.0,16.0,122.0,65.6,500.21
13,275,13275,Georgia,Thomas,2024,46243.0,32.0,310.0,69.2,670.37
13,277,13277,Georgia,Tift,2024,42021.0,171.0,484.0,406.94,1151.81
13,285,13285,Georgia,Troup,2024,72220.0,57.0,397.0,78.93,549.71
13,287,13287,Georgia,Turner,2024,9023.0,1.0,39.0,11.08,432.23
13,291,13291,Georgia,Union,2024,27608.0,8.0,66.0,28.98,239.06
13,293,13293,Georgia,Upson,2024,28404.0,6.0,32.0,21.12,112.66
13,299,13299,Georgia,Ware,2024,36537.0,41.0,146.0,112.22,399.59
13,311,13311,Georgia,White,2024,29610.0,11.0,102.0,37.15,344.48
13,317,13317,Georgia,Wilkes,2024,9554.0,36.0,93.0,376.81,973.41
15,007,15007,Hawaii,Kauai Police Department,2024,73440.0,215.0,1507.0,292.76,2052.02
16,001,16001,Idaho,Ada,2024,535225.0,216.0,538.0,40.36,100.52
16,015,16015,Idaho,Boise,2024,8506.0,22.0,13.0,258.64,152.83
16,019,16019,Idaho,Bonneville,2024,133793.0,139.0,523.0,103.89,390.9
16,027,16027,Idaho,Canyon,2024,267444.0,167.0,193.0,62.44,72.16
16,041,16041,Idaho,Franklin,2024,15662.0,6.0,9.0,38.31,57.46
16,051,16051,Idaho,Jefferson,2024,34856.0,11.0,94.0,31.56,269.68
16,053,16053,Idaho,Jerome,2024,26288.0,52.0,84.0,197.81,319.54
16,055,16055,Idaho,Kootenai,2024,188398.0,118.0,459.0,62.63,243.63
16,069,16069,Idaho,Nez Perce,2024,42894.0,9.0,33.0,20.98,76.93
16,083,16083,Idaho,Twin Falls,2024,96467.0,40.0,68.0,41.46,70.49
16,003,16003,Idaho,Adams,2024,5010.0,7.0,42.0,139.72,838.32
16,007,16007,Idaho,Bear Lake,2024,6703.0,0.0,6.0,0.0,89.51
16,009,16009,Idaho,Benewah,2024,10486.0,34.0,60.0,324.24,572.19
16,011,16011,Idaho,Bingham,2024,50966.0,39.0,137.0,76.52,268.81
16,013,16013,Idaho,Blaine,2024,25701.0,12.0,21.0,46.69,81.71
16,017,16017,Idaho,Bonner,2024,53650.0,35.0,203.0,65.24,378.38
16,021,16021,Idaho,Boundary,2024,13856.0,26.0,23.0,187.64,165.99
16,031,16031,Idaho,Cassia,2024,26210.0,42.0,163.0,160.24,621.9
16,035,16035,Idaho,Clearwater,2024,9149.0,14.0,31.0,153.02,338.83
16,037,16037,Idaho,Custer,2024,4582.0,2.0,7.0,43.65,152.77
16,039,16039,Idaho,Elmore,2024,29575.0,16.0,46.0,54.1,155.54
16,043,16043,Idaho,Fremont,2024,14346.0,9.0,42.0,62.74,292.76
16,047,16047,Idaho,Gooding,2024,16399.0,19.0,23.0,115.86,140.25
16,049,16049,Idaho,Idaho,2024,17873.0,10.0,51.0,55.95,285.35
16,057,16057,Idaho,Latah,2024,41738.0,19.0,50.0,45.52,119.79
16,059,16059,Idaho,Lemhi,2024,8408.0,7.0,4.0,83.25,47.57
16,063,16063,Idaho,Lincoln,2024,5631.0,16.0,18.0,284.14,319.66
16,065,16065,Idaho,Madison,2024,54948.0,3.0,56.0,5.46,101.91
16,071,16071,Idaho,Oneida,2024,5016.0,30.0,19.0,598.09,378.79
16,075,16075,Idaho,Payette,2024,27679.0,27.0,53.0,97.55,191.48
16,079,16079,Idaho,Shoshone,2024,14026.0,32.0,57.0,228.15,406.39
16,081,16081,Idaho,Teton,2024,13105.0,9.0,33.0,68.68,251.81
16,085,16085,Idaho,Valley,2024,12817.0,18.0,55.0,140.44,429.12
16,087,16087,Idaho,Washington,2024,11492.0,4.0,8.0,34.81,69.61
17,005,17005,Illinois,Bond,2024,16600.0,8.0,27.0,48.19,162.65
17,007,17007,Illinois,Boone,2024,53526.0,32.0,106.0,59.78,198.03
17,013,17013,Illinois,Calhoun,2024,4310.0,7.0,10.0,162.41,232.02
17,019,17019,Illinois,Champaign,2024,209178.0,80.0,314.0,38.24,150.11
17,027,17027,Illinois,Clinton,2024,37088.0,6.0,59.0,16.18,159.08
17,031,17031,Illinois,Cook,2024,5188791.0,601.0,1585.0,11.58,30.55
17,037,17037,Illinois,DeKalb,2024,100621.0,34.0,94.0,33.79,93.42
17,043,17043,Illinois,DuPage,2024,932651.0,53.0,340.0,5.68,36.46
17,053,17053,Illinois,Ford,2024,13326.0,5.0,26.0,37.52,195.11
17,063,17063,Illinois,Grundy,2024,53721.0,22.0,75.0,40.95,139.61
17,073,17073,Illinois,Henry,2024,48193.0,14.0,64.0,29.05,132.8
17,083,17083,Illinois,Jersey,2024,21155.0,15.0,67.0,70.91,316.71
17,089,17089,Illinois,Kane,2024,523430.0,72.0,212.0,13.76,40.5
17,091,17091,Illinois,Kankakee,2024,105814.0,83.0,132.0,78.44,124.75
17,093,17093,Illinois,Kendall,2024,143125.0,36.0,135.0,25.15,94.32
17,117,17117,Illinois,Macoupin,2024,43917.0,17.0,60.0,38.71,136.62
17,119,17119,Illinois,Madison,2024,263317.0,100.0,665.0,37.98,252.55
17,123,17123,Illinois,Marshall,2024,11571.0,0.0,52.0,0.0,449.4
17,111,17111,Illinois,McHenry,2024,315730.0,33.0,181.0,10.45,57.33
17,113,17113,Illinois,McLean,2024,171512.0,25.0,90.0,14.58,52.47
17,129,17129,Illinois,Menard,2024,11924.0,1.0,20.0,8.39,167.73
17,133,17133,Illinois,Monroe,2024,35105.0,3.0,6.0,8.55,17.09
17,143,17143,Illinois,Peoria,2024,178541.0,153.0,526.0,85.69,294.61
17,147,17147,Illinois,Piatt,2024,16642.0,8.0,59.0,48.07,354.52
17,161,17161,Illinois,Rock Island,2024,141591.0,40.0,320.0,28.25,226.0
17,167,17167,Illinois,Sangamon,2024,194036.0,156.0,720.0,80.4,371.07
17,163,17163,Illinois,St. Clair,2024,251375.0,97.0,270.0,38.59,107.41
17,179,17179,Illinois,Tazewell,2024,129982.0,29.0,214.0,22.31,164.64
17,197,17197,Illinois,Will,2024,708980.0,164.0,563.0,23.13,79.41
17,201,17201,Illinois,Winnebago,2024,282965.0,131.0,269.0,46.3,95.06
17,001,17001,Illinois,Adams,2024,64216.0,25.0,175.0,38.93,272.52
17,009,17009,Illinois,Brown,2024,6438.0,0.0,0.0,0.0,0.0
17,011,17011,Illinois,Bureau,2024,32519.0,2.0,94.0,6.15,289.06
17,015,17015,Illinois,Carroll,2024,15468.0,0.0,25.0,0.0,161.62
17,017,17017,Illinois,Cass,2024,12530.0,1.0,1.0,7.98,7.98
17,023,17023,Illinois,Clark,2024,15141.0,2.0,51.0,13.21,336.83
17,029,17029,Illinois,Coles,2024,46573.0,14.0,75.0,30.06,161.04
17,033,17033,Illinois,Crawford,2024,18621.0,5.0,19.0,26.85,102.04
17,035,17035,Illinois,Cumberland,2024,10278.0,3.0,0.0,29.19,0.0
,,,Illinois,DeWitt,2024,,10.0,47.0,,
17,045,17045,Illinois,Edgar,2024,16382.0,8.0,28.0,48.83,170.92
17,047,17047,Illinois,Edwards,2024,5987.0,2.0,1.0,33.41,16.7
17,049,17049,Illinois,Effingham,2024,34541.0,11.0,92.0,31.85,266.35
17,051,17051,Illinois,Fayette,2024,20954.0,7.0,43.0,33.41,205.21
17,055,17055,Illinois,Franklin,2024,36954.0,23.0,88.0,62.24,238.13
17,061,17061,Illinois,Greene,2024,11393.0,4.0,13.0,35.11,114.11
17,065,17065,Illinois,Hamilton,2024,7861.0,4.0,6.0,50.88,76.33
17,067,17067,Illinois,Hancock,2024,16936.0,8.0,6.0,47.24,35.43
17,071,17071,Illinois,Henderson,2024,6031.0,0.0,6.0,0.0,99.49
17,075,17075,Illinois,Iroquois,2024,26222.0,31.0,114.0,118.22,434.75
17,077,17077,Illinois,Jackson,2024,52682.0,39.0,198.0,74.03,375.84
17,079,17079,Illinois,Jasper,2024,9049.0,3.0,39.0,33.15,430.99
17,081,17081,Illinois,Jefferson,2024,36112.0,15.0,117.0,41.54,323.99
17,085,17085,Illinois,Jo Daviess,2024,21656.0,6.0,55.0,27.71,253.97
17,095,17095,Illinois,Knox,2024,47964.0,37.0,146.0,77.14,304.39
17,099,17099,Illinois,La Salle,2024,,34.0,120.0,,
17,101,17101,Illinois,Lawrence,2024,13767.0,9.0,8.0,65.37,58.11
17,105,17105,Illinois,Livingston,2024,35184.0,22.0,43.0,62.53,122.21
17,107,17107,Illinois,Logan,2024,27219.0,16.0,116.0,58.78,426.17
17,121,17121,Illinois,Marion,2024,36501.0,34.0,112.0,93.15,306.84
17,125,17125,Illinois,Mason,2024,12489.0,4.0,2.0,32.03,16.01
17,135,17135,Illinois,Montgomery,2024,27837.0,14.0,74.0,50.29,265.83
17,137,17137,Illinois,Morgan,2024,32639.0,2.0,19.0,6.13,58.21
17,139,17139,Illinois,Moultrie,2024,14442.0,8.0,10.0,55.39,69.24
17,141,17141,Illinois,Ogle,2024,51274.0,11.0,91.0,21.45,177.48
17,145,17145,Illinois,Perry,2024,20376.0,5.0,13.0,24.54,63.8
17,149,17149,Illinois,Pike,2024,14286.0,6.0,15.0,42.0,105.0
17,153,17153,Illinois,Pulaski,2024,4883.0,4.0,16.0,81.92,327.67
17,155,17155,Illinois,Putnam,2024,5617.0,0.0,8.0,0.0,142.42
17,157,17157,Illinois,Randolph,2024,29870.0,0.0,3.0,0.0,10.04
17,159,17159,Illinois,Richland,2024,15368.0,8.0,66.0,52.06,429.46
17,165,17165,Illinois,Saline,2024,22830.0,19.0,62.0,83.22,271.57
17,171,17171,Illinois,Scott,2024,4889.0,1.0,7.0,20.45,143.18
17,173,17173,Illinois,Shelby,2024,20554.0,11.0,40.0,53.52,194.61
17,177,17177,Illinois,Stephenson,2024,43422.0,22.0,81.0,50.67,186.54
17,183,17183,Illinois,Vermilion,2024,71456.0,80.0,400.0,111.96,559.79
17,187,17187,Illinois,Warren,2024,16116.0,11.0,57.0,68.26,353.69
17,191,17191,Illinois,Wayne,2024,15883.0,10.0,70.0,62.96,440.72
17,193,17193,Illinois,White,2024,13449.0,3.0,60.0,22.31,446.13
17,195,17195,Illinois,Whiteside,2024,54423.0,11.0,115.0,20.21,211.31
18,003,18003,Indiana,Allen,2024,399094.0,104.0,634.0,26.06,158.86
18,005,18005,Indiana,Bartholomew,2024,84942.0,0.0,23.0,0.0,27.08
18,013,18013,Indiana,Brown,2024,15621.0,18.0,81.0,115.23,518.53
18,019,18019,Indiana,Clark,2024,127763.0,31.0,179.0,24.26,140.1
18,021,18021,Indiana,Clay,2024,26352.0,14.0,40.0,53.13,151.79
18,035,18035,Indiana,Delaware,2024,112752.0,22.0,184.0,19.51,163.19
18,039,18039,Indiana,Elkhart,2024,208196.0,127.0,805.0,61.0,386.65
18,043,18043,Indiana,Floyd,2024,81799.0,27.0,100.0,33.01,122.25
18,047,18047,Indiana,Franklin,2024,23136.0,3.0,66.0,12.97,285.27
18,057,18057,Indiana,Hamilton,2024,379685.0,27.0,99.0,7.11,26.07
18,059,18059,Indiana,Hancock,2024,88877.0,46.0,118.0,51.76,132.77
18,061,18061,Indiana,Harrison,2024,40186.0,85.0,149.0,211.52,370.78
18,063,18063,Indiana,Hendricks,2024,190764.0,33.0,410.0,17.3,214.93
18,067,18067,Indiana,Howard,2024,84018.0,41.0,100.0,48.8,119.02
18,081,18081,Indiana,Johnson,2024,171023.0,17.0,208.0,9.94,121.62
18,089,18089,Indiana,Lake,2024,502497.0,47.0,175.0,9.35,34.83
18,095,18095,Indiana,Madison,2024,133572.0,30.0,151.0,22.46,113.05
18,105,18105,Indiana,Monroe,2024,142832.0,21.0,377.0,14.7,263.95
18,127,18127,Indiana,Porter,2024,175420.0,29.0,82.0,16.53,46.74
18,129,18129,Indiana,Posey,2024,25058.0,27.0,52.0,107.75,207.52
18,145,18145,Indiana,Shelby,2024,45613.0,78.0,95.0,171.0,208.27
18,141,18141,Indiana,St. Joseph,2024,272936.0,109.0,645.0,39.94,236.32
18,157,18157,Indiana,Tippecanoe,2024,189910.0,100.0,261.0,52.66,137.43
18,163,18163,Indiana,Vanderburgh,2024,181140.0,204.0,451.0,112.62,248.98
18,167,18167,Indiana,Vigo,2024,106198.0,90.0,524.0,84.75,493.42
18,173,18173,Indiana,Warrick,2024,66321.0,200.0,341.0,301.56,514.17
18,175,18175,Indiana,Washington,2024,28358.0,17.0,59.0,59.95,208.05
18,179,18179,Indiana,Wells,2024,28840.0,8.0,8.0,27.74,27.74
18,001,18001,Indiana,Adams,2024,36542.0,5.0,25.0,13.68,68.41
18,023,18023,Indiana,Clinton,2024,33307.0,8.0,36.0,24.02,108.09
18,031,18031,Indiana,Decatur,2024,26514.0,16.0,24.0,60.35,90.52
,,,Indiana,DeKalb,2024,44338.0,20.0,45.0,45.11,101.49
18,051,18051,Indiana,Gibson,2024,32998.0,32.0,113.0,96.98,342.44
18,053,18053,Indiana,Grant,2024,66236.0,8.0,92.0,12.08,138.9
18,065,18065,Indiana,Henry,2024,49021.0,2.0,84.0,4.08,171.36
18,071,18071,Indiana,Jackson,2024,47436.0,4.0,17.0,8.43,35.84
18,075,18075,Indiana,Jay,2024,20259.0,0.0,13.0,0.0,64.17
18,079,18079,Indiana,Jennings,2024,27724.0,16.0,59.0,57.71,212.81
18,083,18083,Indiana,Knox,2024,35757.0,37.0,69.0,103.48,192.97
18,085,18085,Indiana,Kosciusko,2024,80769.0,79.0,237.0,97.81,293.43
18,093,18093,Indiana,Lawrence,2024,45230.0,45.0,40.0,99.49,88.44
18,107,18107,Indiana,Montgomery,2024,38910.0,14.0,121.0,35.98,310.97
18,113,18113,Indiana,Noble,2024,47946.0,15.0,102.0,31.29,212.74
18,123,18123,Indiana,Perry,2024,19388.0,15.0,29.0,77.37,149.58
18,151,18151,Indiana,Steuben,2024,34788.0,8.0,155.0,23.0,445.56
19,011,19011,Iowa,Benton,2024,25845.0,24.0,69.0,92.86,266.98
19,013,19013,Iowa,Black Hawk,2024,131473.0,7.0,97.0,5.32,73.78
19,015,19015,Iowa,Boone,2024,26727.0,11.0,16.0,41.16,59.86
19,017,19017,Iowa,Bremer,2024,25363.0,8.0,18.0,31.54,70.97
19,049,19049,Iowa,Dallas,2024,114812.0,42.0,47.0,36.58,40.94
19,061,19061,Iowa,Dubuque,2024,99033.0,42.0,98.0,42.41,98.96
19,075,19075,Iowa,Grundy,2024,12372.0,13.0,38.0,105.08,307.15
19,077,19077,Iowa,Guthrie,2024,10687.0,5.0,20.0,46.79,187.14
19,099,19099,Iowa,Jasper,2024,38122.0,6.0,67.0,15.74,175.75
19,103,19103,Iowa,Johnson,2024,158863.0,52.0,121.0,32.73,76.17
19,105,19105,Iowa,Jones,2024,21171.0,5.0,25.0,23.62,118.09
19,113,19113,Iowa,Linn,2024,230389.0,31.0,118.0,13.46,51.22
19,121,19121,Iowa,Madison,2024,17149.0,21.0,22.0,122.46,128.29
19,129,19129,Iowa,Mills,2024,14748.0,7.0,50.0,47.46,339.03
19,153,19153,Iowa,Polk,2024,513511.0,63.0,593.0,12.27,115.48
19,155,19155,Iowa,Pottawattamie,2024,93270.0,38.0,128.0,40.74,137.24
19,163,19163,Iowa,Scott,2024,174840.0,30.0,154.0,17.16,88.08
19,169,19169,Iowa,Story,2024,101418.0,11.0,65.0,10.85,64.09
19,181,19181,Iowa,Warren,2024,56496.0,31.0,68.0,54.87,120.36
19,183,19183,Iowa,Washington,2024,22602.0,32.0,60.0,141.58,265.46
19,193,19193,Iowa,Woodbury,2024,106742.0,30.0,63.0,28.11,59.02
19,001,19001,Iowa,Adair,2024,7465.0,0.0,12.0,0.0,160.75
19,003,19003,Iowa,Adams,2024,3600.0,1.0,2.0,27.78,55.56
19,005,19005,Iowa,Allamakee,2024,14206.0,7.0,15.0,49.27,105.59
19,007,19007,Iowa,Appanoose,2024,12102.0,2.0,52.0,16.53,429.68
19,019,19019,Iowa,Buchanan,2024,20711.0,22.0,45.0,106.22,217.28
19,021,19021,Iowa,Buena Vista,2024,20655.0,9.0,26.0,43.57,125.88
19,023,19023,Iowa,Butler,2024,14093.0,2.0,12.0,14.19,85.15
19,003,19003,Iowa,Adams,2024,3600.0,3.0,4.0,83.33,111.11
19,029,19029,Iowa,Cass,2024,13005.0,5.0,47.0,38.45,361.4
19,031,19031,Iowa,Cedar,2024,18288.0,11.0,35.0,60.15,191.38
19,033,19033,Iowa,Cerro Gordo,2024,42347.0,5.0,30.0,11.81,70.84
19,035,19035,Iowa,Cherokee,2024,11522.0,1.0,4.0,8.68,34.72
19,037,19037,Iowa,Chickasaw,2024,11724.0,6.0,19.0,51.18,162.06
19,039,19039,Iowa,Clarke,2024,9591.0,4.0,19.0,41.71,198.1
19,041,19041,Iowa,Clay,2024,16521.0,2.0,11.0,12.11,66.58
19,043,19043,Iowa,Clayton,2024,16983.0,7.0,14.0,41.22,82.44
19,045,19045,Iowa,Clinton,2024,45999.0,17.0,78.0,36.96,169.57
19,047,19047,Iowa,Crawford,2024,16289.0,2.0,12.0,12.28,73.67
19,051,19051,Iowa,Davis,2024,9176.0,1.0,3.0,10.9,32.69
19,055,19055,Iowa,Delaware,2024,17602.0,17.0,8.0,96.58,45.45
19,057,19057,Iowa,Des Moines,2024,38150.0,24.0,76.0,62.91,199.21
19,063,19063,Iowa,Emmet,2024,9131.0,0.0,2.0,0.0,21.9
19,065,19065,Iowa,Fayette,2024,19110.0,10.0,8.0,52.33,41.86
19,067,19067,Iowa,Floyd,2024,15081.0,11.0,12.0,72.94,79.57
19,069,19069,Iowa,Franklin,2024,9977.0,8.0,7.0,80.18,70.16
19,071,19071,Iowa,Fremont,2024,6493.0,19.0,35.0,292.62,539.04
19,073,19073,Iowa,Greene,2024,8654.0,8.0,31.0,92.44,358.22
19,079,19079,Iowa,Hamilton,2024,14998.0,4.0,29.0,26.67,193.36
19,081,19081,Iowa,Hancock,2024,10620.0,5.0,29.0,47.08,273.07
19,083,19083,Iowa,Hardin,2024,16460.0,10.0,62.0,60.75,376.67
19,087,19087,Iowa,Henry,2024,19368.0,13.0,19.0,67.12,98.1
19,091,19091,Iowa,Humboldt,2024,9505.0,8.0,44.0,84.17,462.91
19,093,19093,Iowa,Ida,2024,6767.0,6.0,22.0,88.67,325.11
19,095,19095,Iowa,Iowa,2024,16474.0,6.0,39.0,36.42,236.74
19,097,19097,Iowa,Jackson,2024,19351.0,15.0,34.0,77.52,175.7
19,101,19101,Iowa,Jefferson,2024,15405.0,4.0,12.0,25.97,77.9
19,107,19107,Iowa,Keokuk,2024,9804.0,12.0,36.0,122.4,367.2
19,109,19109,Iowa,Kossuth,2024,14468.0,12.0,10.0,82.94,69.12
19,111,19111,Iowa,Lee,2024,32480.0,19.0,62.0,58.5,190.89
19,115,19115,Iowa,Louisa,2024,10564.0,18.0,36.0,170.39,340.78
19,117,19117,Iowa,Lucas,2024,8826.0,8.0,70.0,90.64,793.11
19,119,19119,Iowa,Lyon,2024,12404.0,1.0,18.0,8.06,145.11
19,123,19123,Iowa,Mahaska,2024,21912.0,3.0,18.0,13.69,82.15
19,125,19125,Iowa,Marion,2024,33955.0,20.0,42.0,58.9,123.69
19,131,19131,Iowa,Mitchell,2024,10591.0,3.0,10.0,28.33,94.42
19,133,19133,Iowa,Monona,2024,8492.0,12.0,34.0,141.31,400.38
19,139,19139,Iowa,Muscatine,2024,42161.0,20.0,39.0,47.44,92.5
19,141,19141,Iowa,O'Brien,2024,14188.0,12.0,37.0,84.58,260.78
19,143,19143,Iowa,Osceola,2024,6008.0,5.0,7.0,83.22,116.51
19,145,19145,Iowa,Page,2024,15013.0,5.0,16.0,33.3,106.57
19,147,19147,Iowa,Palo Alto,2024,8892.0,6.0,31.0,67.48,348.63
19,149,19149,Iowa,Plymouth,2024,25684.0,6.0,28.0,23.36,109.02
19,151,19151,Iowa,Pocahontas,2024,6922.0,3.0,8.0,43.34,115.57
19,157,19157,Iowa,Poweshiek,2024,18423.0,19.0,45.0,103.13,244.26
19,161,19161,Iowa,Sac,2024,9614.0,7.0,9.0,72.81,93.61
19,165,19165,Iowa,Shelby,2024,11778.0,2.0,16.0,16.98,135.85
19,167,19167,Iowa,Sioux,2024,36777.0,15.0,35.0,40.79,95.17
19,171,19171,Iowa,Tama,2024,16804.0,7.0,30.0,41.66,178.53
19,173,19173,Iowa,Taylor,2024,5843.0,3.0,16.0,51.34,273.83
19,175,19175,Iowa,Union,2024,11924.0,9.0,7.0,75.48,58.71
19,177,19177,Iowa,Van Buren,2024,7187.0,9.0,17.0,125.23,236.54
19,179,19179,Iowa,Wapello,2024,35429.0,17.0,101.0,47.98,285.08
19,185,19185,Iowa,Wayne,2024,6634.0,7.0,20.0,105.52,301.48
19,187,19187,Iowa,Webster,2024,36799.0,29.0,66.0,78.81,179.35
19,191,19191,Iowa,Winneshiek,2024,19673.0,23.0,6.0,116.91,30.5
19,195,19195,Iowa,Worth,2024,7300.0,3.0,6.0,41.1,82.19
19,197,19197,Iowa,Wright,2024,12848.0,3.0,12.0,23.35,93.4
20,015,20015,Kansas,Butler,2024,69126.0,38.0,133.0,54.97,192.4
20,021,20021,Kansas,Cherokee,2024,19167.0,25.0,100.0,130.43,521.73
20,045,20045,Kansas,Douglas,2024,120939.0,27.0,67.0,22.33,55.4
20,061,20061,Kansas,Geary,2024,35465.0,13.0,26.0,36.66,73.31
20,079,20079,Kansas,Harvey,2024,33620.0,13.0,27.0,38.67,80.31
20,085,20085,Kansas,Jackson,2024,13424.0,20.0,54.0,148.99,402.26
20,087,20087,Kansas,Jefferson,2024,18307.0,21.0,154.0,114.71,841.21
20,091,20091,Kansas,Johnson,2024,630832.0,65.0,191.0,10.3,30.28
20,103,20103,Kansas,Leavenworth,2024,84344.0,34.0,37.0,40.31,43.87
20,107,20107,Kansas,Linn,2024,9864.0,10.0,52.0,101.38,527.17
20,121,20121,Kansas,Miami,2024,35801.0,22.0,95.0,61.45,265.36
20,139,20139,Kansas,Osage,2024,15746.0,18.0,49.0,114.31,311.19
20,149,20149,Kansas,Pottawatomie,2024,26858.0,42.0,84.0,156.38,312.76
,,,Kansas,Riley County Police Department,2024,72072.0,198.0,1007.0,274.73,1397.21
20,173,20173,Kansas,Sedgwick,2024,534386.0,260.0,548.0,48.65,102.55
20,177,20177,Kansas,Shawnee,2024,178222.0,104.0,476.0,58.35,267.08
20,191,20191,Kansas,Sumner,2024,22372.0,18.0,66.0,80.46,295.01
20,197,20197,Kansas,Wabaunsee,2024,7079.0,24.0,44.0,339.03,621.56
20,209,20209,Kansas,Wyandotte,2024,169870.0,25.0,44.0,14.72,25.9
20,001,20001,Kansas,Allen,2024,12361.0,6.0,35.0,48.54,283.15
20,003,20003,Kansas,Anderson,2024,7933.0,7.0,15.0,88.24,189.08
20,005,20005,Kansas,Atchison,2024,16169.0,4.0,34.0,24.74,210.28
20,007,20007,Kansas,Barber,2024,4085.0,2.0,15.0,48.96,367.2
20,009,20009,Kansas,Barton,2024,24913.0,24.0,41.0,96.34,164.57
20,011,20011,Kansas,Bourbon,2024,14440.0,31.0,55.0,214.68,380.89
20,013,20013,Kansas,Brown,2024,9133.0,7.0,6.0,76.65,65.7
20,017,20017,Kansas,Chase,2024,2593.0,4.0,26.0,154.26,1002.7
20,023,20023,Kansas,Cheyenne,2024,2618.0,5.0,15.0,190.99,572.96
20,025,20025,Kansas,Clark,2024,1890.0,8.0,9.0,423.28,476.19
20,027,20027,Kansas,Clay,2024,8014.0,10.0,7.0,124.78,87.35
20,031,20031,Kansas,Coffey,2024,8329.0,15.0,28.0,180.09,336.17
20,035,20035,Kansas,Cowley,2024,34251.0,9.0,39.0,26.28,113.87
20,037,20037,Kansas,Crawford,2024,38960.0,28.0,85.0,71.87,218.17
20,041,20041,Kansas,Dickinson,2024,18638.0,6.0,32.0,32.19,171.69
20,047,20047,Kansas,Edwards,2024,2721.0,4.0,15.0,147.0,551.27
20,051,20051,Kansas,Ellis,2024,29026.0,16.0,46.0,55.12,158.48
20,053,20053,Kansas,Ellsworth,2024,6302.0,3.0,33.0,47.6,523.64
20,055,20055,Kansas,Finney,2024,37794.0,57.0,94.0,150.82,248.72
20,057,20057,Kansas,Ford,2024,34287.0,12.0,25.0,35.0,72.91
20,059,20059,Kansas,Franklin,2024,26245.0,24.0,87.0,91.45,331.49
20,063,20063,Kansas,Gove,2024,2669.0,0.0,10.0,0.0,374.67
20,069,20069,Kansas,Gray,2024,5690.0,2.0,28.0,35.15,492.09
20,071,20071,Kansas,Greeley,2024,1191.0,0.0,4.0,0.0,335.85
20,073,20073,Kansas,Greenwood,2024,5846.0,21.0,56.0,359.22,957.92
20,075,20075,Kansas,Hamilton,2024,2509.0,8.0,15.0,318.85,597.85
20,077,20077,Kansas,Harper,2024,5407.0,1.0,6.0,18.49,110.97
20,081,20081,Kansas,Haskell,2024,3558.0,3.0,13.0,84.32,365.37
20,093,20093,Kansas,Kearny,2024,3869.0,6.0,33.0,155.08,852.93
20,097,20097,Kansas,Kiowa,2024,2416.0,3.0,8.0,124.17,331.13
20,099,20099,Kansas,Labette,2024,19694.0,6.0,28.0,30.47,142.18
20,115,20115,Kansas,Marion,2024,11679.0,7.0,66.0,59.94,565.12
20,117,20117,Kansas,Marshall,2024,9910.0,10.0,19.0,100.91,191.73
20,125,20125,Kansas,Montgomery,2024,30406.0,15.0,256.0,49.33,841.94
20,127,20127,Kansas,Morris,2024,5307.0,6.0,7.0,113.06,131.9
20,131,20131,Kansas,Nemaha,2024,10086.0,5.0,12.0,49.57,118.98
20,133,20133,Kansas,Neosho,2024,15631.0,4.0,54.0,25.59,345.47
20,137,20137,Kansas,Norton,2024,5305.0,3.0,11.0,56.55,207.35
20,145,20145,Kansas,Pawnee,2024,6051.0,3.0,44.0,49.58,727.15
20,155,20155,Kansas,Reno,2024,61370.0,30.0,114.0,48.88,185.76
20,159,20159,Kansas,Rice,2024,9277.0,8.0,11.0,86.23,118.57
20,163,20163,Kansas,Rooks,2024,4717.0,5.0,28.0,106.0,593.6
20,165,20165,Kansas,Rush,2024,2831.0,6.0,19.0,211.94,671.14
20,167,20167,Kansas,Russell,2024,6654.0,10.0,25.0,150.29,375.71
20,169,20169,Kansas,Saline,2024,53314.0,22.0,62.0,41.26,116.29
20,171,20171,Kansas,Scott,2024,4908.0,0.0,1.0,0.0,20.37
20,179,20179,Kansas,Sheridan,2024,2433.0,1.0,3.0,41.1,123.3
20,193,20193,Kansas,Thomas,2024,7752.0,10.0,12.0,129.0,154.8
20,201,20201,Kansas,Washington,2024,5561.0,8.0,12.0,143.86,215.79
20,205,20205,Kansas,Wilson,2024,8301.0,16.0,23.0,192.75,277.08
20,207,20207,Kansas,Woodson,2024,3116.0,8.0,16.0,256.74,513.48
21,003,21003,Kentucky,Allen,2024,22095.0,7.0,47.0,31.68,212.72
21,007,21007,Kentucky,Ballard,2024,7608.0,4.0,56.0,52.58,736.07
21,015,21015,Kentucky,Boone,2024,143490.0,67.0,531.0,46.69,370.06
21,017,21017,Kentucky,Bourbon,2024,20337.0,5.0,28.0,24.59,137.68
21,019,21019,Kentucky,Boyd,2024,47948.0,15.0,135.0,31.28,281.56
21,023,21023,Kentucky,Bracken,2024,8462.0,0.0,25.0,0.0,295.44
21,029,21029,Kentucky,Bullitt,2024,85765.0,20.0,211.0,23.32,246.02
21,031,21031,Kentucky,Butler,2024,12480.0,5.0,20.0,40.06,160.26
21,037,21037,Kentucky,Campbell,2024,94054.0,0.0,0.0,0.0,0.0
,,,Kentucky,Campbell County Police Department,2024,94054.0,8.0,76.0,8.51,80.8
21,039,21039,Kentucky,Carlisle,2024,4764.0,3.0,6.0,62.97,125.94
21,043,21043,Kentucky,Carter,2024,26195.0,3.0,33.0,11.45,125.98
21,047,21047,Kentucky,Christian,2024,71436.0,13.0,129.0,18.2,180.58
21,049,21049,Kentucky,Clark,2024,37684.0,11.0,74.0,29.19,196.37
21,059,21059,Kentucky,Daviess,2024,104275.0,22.0,276.0,21.1,264.68
21,061,21061,Kentucky,Edmonson,2024,12662.0,8.0,41.0,63.18,323.8
21,067,21067,Kentucky,Fayette,2024,327071.0,0.0,1.0,0.0,0.31
21,077,21077,Kentucky,Gallatin,2024,8764.0,6.0,29.0,68.46,330.9
21,081,21081,Kentucky,Grant,2024,25732.0,16.0,76.0,62.18,295.35
21,089,21089,Kentucky,Greenup,2024,35250.0,5.0,18.0,14.18,51.06
21,093,21093,Kentucky,Hardin,2024,112644.0,28.0,139.0,24.86,123.4
21,103,21103,Kentucky,Henry,2024,16202.0,2.0,10.0,12.34,61.72
21,111,21111,Kentucky,Jefferson,2024,794166.0,2.0,0.0,0.25,0.0
21,113,21113,Kentucky,Jessamine,2024,56316.0,10.0,107.0,17.76,190.0
21,117,21117,Kentucky,Kenton,2024,174441.0,1.0,0.0,0.57,0.0
,,,Kentucky,Kenton County Police Department,2024,174441.0,22.0,48.0,12.61,27.52
21,123,21123,Kentucky,Larue,2024,15156.0,2.0,21.0,13.2,138.56
21,127,21127,Kentucky,Lawrence,2024,15825.0,4.0,35.0,25.28,221.17
21,139,21139,Kentucky,Livingston,2024,8847.0,9.0,48.0,101.73,542.56
21,145,21145,Kentucky,McCracken,2024,67732.0,41.0,328.0,60.53,484.26
21,149,21149,Kentucky,McLean,2024,9081.0,0.0,25.0,0.0,275.3
21,163,21163,Kentucky,Meade,2024,30497.0,10.0,63.0,32.79,206.58
21,179,21179,Kentucky,Nelson,2024,48609.0,26.0,131.0,53.49,269.5
21,185,21185,Kentucky,Oldham,2024,70600.0,0.0,2.0,0.0,2.83
,,,Kentucky,Oldham County Police Department,2024,70600.0,22.0,385.0,31.16,545.33
21,191,21191,Kentucky,Pendleton,2024,14801.0,2.0,38.0,13.51,256.74
21,209,21209,Kentucky,Scott,2024,61724.0,17.0,67.0,27.54,108.55
21,211,21211,Kentucky,Shelby,2024,50482.0,18.0,159.0,35.66,314.96
21,215,21215,Kentucky,Spencer,2024,20707.0,5.0,66.0,24.15,318.73
21,221,21221,Kentucky,Trigg,2024,14513.0,4.0,60.0,27.56,413.42
21,227,21227,Kentucky,Warren,2024,146566.0,45.0,432.0,30.7,294.75
21,239,21239,Kentucky,Woodford,2024,27684.0,1.0,5.0,3.61,18.06
21,001,21001,Kentucky,Adair,2024,19235.0,2.0,5.0,10.4,25.99
21,005,21005,Kentucky,Anderson,2024,24958.0,3.0,28.0,12.02,112.19
21,009,21009,Kentucky,Barren,2024,45412.0,12.0,103.0,26.42,226.81
21,011,21011,Kentucky,Bath,2024,12970.0,1.0,13.0,7.71,100.23
21,013,21013,Kentucky,Bell,2024,23005.0,8.0,27.0,34.78,117.37
21,021,21021,Kentucky,Boyle,2024,31297.0,0.0,21.0,0.0,67.1
21,025,21025,Kentucky,Breathitt,2024,12751.0,1.0,10.0,7.84,78.43
21,027,21027,Kentucky,Breckinridge,2024,21264.0,4.0,35.0,18.81,164.6
21,033,21033,Kentucky,Caldwell,2024,12588.0,3.0,31.0,23.83,246.27
21,035,21035,Kentucky,Calloway,2024,38902.0,9.0,98.0,23.14,251.92
21,041,21041,Kentucky,Carroll,2024,11111.0,9.0,36.0,81.0,324.0
21,045,21045,Kentucky,Casey,2024,16053.0,9.0,12.0,56.06,74.75
21,051,21051,Kentucky,Clay,2024,19555.0,9.0,71.0,46.02,363.08
21,053,21053,Kentucky,Clinton,2024,9172.0,4.0,13.0,43.61,141.74
21,055,21055,Kentucky,Crittenden,2024,8975.0,4.0,12.0,44.57,133.7
21,057,21057,Kentucky,Cumberland,2024,6037.0,2.0,7.0,33.13,115.95
21,063,21063,Kentucky,Elliott,2024,7270.0,0.0,4.0,0.0,55.02
21,065,21065,Kentucky,Estill,2024,13945.0,2.0,11.0,14.34,78.88
21,069,21069,Kentucky,Fleming,2024,15648.0,2.0,16.0,12.78,102.25
21,071,21071,Kentucky,Floyd,2024,34630.0,12.0,60.0,34.65,173.26
21,073,21073,Kentucky,Franklin,2024,52397.0,17.0,98.0,32.44,187.03
21,075,21075,Kentucky,Fulton,2024,6260.0,3.0,7.0,47.92,111.82
21,079,21079,Kentucky,Garrard,2024,17948.0,6.0,31.0,33.43,172.72
21,083,21083,Kentucky,Graves,2024,36798.0,24.0,104.0,65.22,282.62
21,085,21085,Kentucky,Grayson,2024,27179.0,9.0,61.0,33.11,224.44
21,087,21087,Kentucky,Green,2024,11548.0,2.0,4.0,17.32,34.64
21,091,21091,Kentucky,Hancock,2024,9018.0,5.0,14.0,55.44,155.25
21,095,21095,Kentucky,Harlan,2024,25046.0,4.0,23.0,15.97,91.83
21,097,21097,Kentucky,Harrison,2024,19467.0,3.0,28.0,15.41,143.83
21,099,21099,Kentucky,Hart,2024,19910.0,2.0,43.0,10.05,215.97
21,101,21101,Kentucky,Henderson,2024,44348.0,20.0,82.0,45.1,184.9
21,105,21105,Kentucky,Hickman,2024,4390.0,3.0,13.0,68.34,296.13
21,107,21107,Kentucky,Hopkins,2024,45021.0,20.0,130.0,44.42,288.75
21,109,21109,Kentucky,Jackson,2024,13294.0,1.0,25.0,7.52,188.05
21,115,21115,Kentucky,Johnson,2024,22133.0,3.0,23.0,13.55,103.92
21,119,21119,Kentucky,Knott,2024,13463.0,0.0,3.0,0.0,22.28
,,,Kentucky,Knott County Police Department,2024,13463.0,0.0,0.0,0.0,0.0
21,121,21121,Kentucky,Knox,2024,29652.0,8.0,30.0,26.98,101.17
21,125,21125,Kentucky,Laurel,2024,63244.0,45.0,281.0,71.15,444.31
21,129,21129,Kentucky,Lee,2024,7293.0,1.0,6.0,13.71,82.27
21,131,21131,Kentucky,Leslie,2024,9749.0,4.0,5.0,41.03,51.29
21,133,21133,Kentucky,Letcher,2024,20207.0,1.0,9.0,4.95,44.54
21,135,21135,Kentucky,Lewis,2024,12912.0,4.0,27.0,30.98,209.11
21,137,21137,Kentucky,Lincoln,2024,25053.0,23.0,59.0,91.81,235.5
21,141,21141,Kentucky,Logan,2024,28449.0,8.0,43.0,28.12,151.15
21,143,21143,Kentucky,Lyon,2024,9077.0,8.0,38.0,88.13,418.64
21,151,21151,Kentucky,Madison,2024,99600.0,28.0,132.0,28.11,132.53
21,153,21153,Kentucky,Magoffin,2024,11171.0,1.0,9.0,8.95,80.57
21,155,21155,Kentucky,Marion,2024,19998.0,5.0,13.0,25.0,65.01
21,157,21157,Kentucky,Marshall,2024,31655.0,22.0,116.0,69.5,366.45
21,159,21159,Kentucky,Martin,2024,10683.0,1.0,0.0,9.36,0.0
21,161,21161,Kentucky,Mason,2024,16914.0,8.0,27.0,47.3,159.63
21,147,21147,Kentucky,McCreary,2024,16923.0,3.0,13.0,17.73,76.82
21,165,21165,Kentucky,Menifee,2024,6329.0,0.0,12.0,0.0,189.6
21,167,21167,Kentucky,Mercer,2024,23499.0,1.0,20.0,4.26,85.11
21,169,21169,Kentucky,Metcalfe,2024,10537.0,1.0,22.0,9.49,208.79
21,171,21171,Kentucky,Monroe,2024,11156.0,1.0,13.0,8.96,116.53
21,173,21173,Kentucky,Montgomery,2024,28813.0,13.0,94.0,45.12,326.24
21,175,21175,Kentucky,Morgan,2024,14233.0,3.0,13.0,21.08,91.34
21,177,21177,Kentucky,Muhlenberg,2024,30572.0,16.0,63.0,52.34,206.07
21,181,21181,Kentucky,Nicholas,2024,7752.0,0.0,6.0,0.0,77.4
21,183,21183,Kentucky,Ohio,2024,23900.0,17.0,72.0,71.13,301.26
21,187,21187,Kentucky,Owen,2024,11465.0,2.0,11.0,17.44,95.94
21,189,21189,Kentucky,Owsley,2024,3930.0,0.0,0.0,0.0,0.0
21,193,21193,Kentucky,Perry,2024,26805.0,23.0,28.0,85.8,104.46
21,195,21195,Kentucky,Pike,2024,55358.0,1.0,23.0,1.81,41.55
21,197,21197,Kentucky,Powell,2024,12861.0,1.0,6.0,7.78,46.65
21,199,21199,Kentucky,Pulaski,2024,66959.0,50.0,147.0,74.67,219.54
,,,Kentucky,Pulaski County Police Department,2024,66959.0,0.0,0.0,0.0,0.0
21,201,21201,Kentucky,Robertson,2024,2352.0,0.0,0.0,0.0,0.0
21,203,21203,Kentucky,Rockcastle,2024,16212.0,8.0,34.0,49.35,209.72
21,205,21205,Kentucky,Rowan,2024,24526.0,7.0,39.0,28.54,159.01
21,207,21207,Kentucky,Russell,2024,18549.0,2.0,19.0,10.78,102.43
21,213,21213,Kentucky,Simpson,2024,20418.0,7.0,20.0,34.28,97.95
21,217,21217,Kentucky,Taylor,2024,26811.0,5.0,73.0,18.65,272.28
21,219,21219,Kentucky,Todd,2024,12787.0,3.0,28.0,23.46,218.97
21,223,21223,Kentucky,Trimble,2024,8639.0,0.0,8.0,0.0,92.6
21,225,21225,Kentucky,Union,2024,13127.0,1.0,22.0,7.62,167.59
21,229,21229,Kentucky,Washington,2024,12310.0,2.0,32.0,16.25,259.95
21,231,21231,Kentucky,Wayne,2024,19563.0,5.0,11.0,25.56,56.23
21,233,21233,Kentucky,Webster,2024,12872.0,6.0,22.0,46.61,170.91
21,235,21235,Kentucky,Whitley,2024,37205.0,18.0,103.0,48.38,276.84
,,,Kentucky,Whitley County Police Department,2024,37205.0,0.0,0.0,0.0,0.0
21,237,21237,Kentucky,Wolfe,2024,6263.0,0.0,16.0,0.0,255.47
22,001,22001,Louisiana,Acadia,2024,57103.0,142.0,453.0,248.67,793.3
22,005,22005,Louisiana,Ascension,2024,134027.0,299.0,1520.0,223.09,1134.1
22,015,22015,Louisiana,Bossier,2024,131168.0,159.0,381.0,121.22,290.47
22,017,22017,Louisiana,Caddo,2024,225317.0,44.0,529.0,19.53,234.78
22,019,22019,Louisiana,Calcasieu,2024,207027.0,627.0,2627.0,302.86,1268.92
22,023,22023,Louisiana,Cameron,2024,4773.0,18.0,78.0,377.12,1634.19
22,031,22031,Louisiana,De Soto,2024,27279.0,71.0,152.0,260.27,557.21
22,033,22033,Louisiana,East Baton Rouge,2024,454172.0,433.0,5063.0,95.34,1114.78
22,043,22043,Louisiana,Grant,2024,22119.0,32.0,159.0,144.67,718.84
22,047,22047,Louisiana,Iberville,2024,29691.0,62.0,209.0,208.82,703.92
22,051,22051,Louisiana,Jefferson,2024,432404.0,1007.0,7139.0,232.88,1651.0
22,053,22053,Louisiana,Jefferson Davis,2024,31527.0,23.0,104.0,72.95,329.88
22,055,22055,Louisiana,Lafayette,2024,254674.0,219.0,810.0,85.99,318.05
22,057,22057,Louisiana,Lafourche,2024,95492.0,210.0,1400.0,219.91,1466.09
22,063,22063,Louisiana,Livingston,2024,153145.0,484.0,1858.0,316.04,1213.23
22,067,22067,Louisiana,Morehouse,2024,23922.0,68.0,194.0,284.26,810.97
22,073,22073,Louisiana,Ouachita,2024,158746.0,478.0,2157.0,301.11,1358.77
22,075,22075,Louisiana,Plaquemines,2024,22385.0,80.0,113.0,357.38,504.8
22,079,22079,Louisiana,Rapides,2024,125924.0,384.0,1243.0,304.95,987.1
22,087,22087,Louisiana,St. Bernard,2024,45383.0,218.0,849.0,480.36,1870.74
22,089,22089,Louisiana,St. Charles,2024,50658.0,123.0,528.0,242.8,1042.28
22,091,22091,Louisiana,St. Helena,2024,10800.0,63.0,149.0,583.33,1379.63
22,093,22093,Louisiana,St. James,2024,19112.0,55.0,191.0,287.78,999.37
22,095,22095,Louisiana,St. John the Baptist,2024,39965.0,113.0,533.0,282.75,1333.67
22,099,22099,Louisiana,St. Martin,2024,51301.0,152.0,510.0,296.29,994.13
22,103,22103,Louisiana,St. Tammany,2024,277665.0,252.0,1188.0,90.76,427.85
22,105,22105,Louisiana,Tangipahoa,2024,139983.0,655.0,1402.0,467.91,1001.55
22,109,22109,Louisiana,Terrebonne,2024,104115.0,227.0,1726.0,218.03,1657.78
22,113,22113,Louisiana,Vermilion,2024,57605.0,34.0,165.0,59.02,286.43
22,121,22121,Louisiana,West Baton Rouge,2024,28543.0,71.0,535.0,248.75,1874.36
22,125,22125,Louisiana,West Feliciana,2024,15197.0,39.0,19.0,256.63,125.02
22,011,22011,Louisiana,Beauregard,2024,36638.0,24.0,89.0,65.51,242.92
22,013,22013,Louisiana,Bienville,2024,12369.0,27.0,79.0,218.29,638.69
22,021,22021,Louisiana,Caldwell,2024,9432.0,39.0,80.0,413.49,848.18
22,025,22025,Louisiana,Catahoula,2024,8366.0,24.0,81.0,286.88,968.2
22,027,22027,Louisiana,Claiborne,2024,13539.0,31.0,27.0,228.97,199.42
22,029,22029,Louisiana,Concordia,2024,18098.0,61.0,129.0,337.05,712.79
22,035,22035,Louisiana,East Carroll,2024,6905.0,47.0,40.0,680.67,579.29
22,039,22039,Louisiana,Evangeline,2024,32014.0,38.0,88.0,118.7,274.88
22,041,22041,Louisiana,Franklin,2024,19143.0,60.0,114.0,313.43,595.52
22,045,22045,Louisiana,Iberia,2024,67573.0,191.0,334.0,282.66,494.28
22,049,22049,Louisiana,Jackson,2024,15753.0,24.0,22.0,152.35,139.66
22,059,22059,Louisiana,La Salle,2024,,4.0,30.0,,
22,061,22061,Louisiana,Lincoln,2024,48232.0,38.0,158.0,78.79,327.58
22,065,22065,Louisiana,Madison,2024,9076.0,33.0,30.0,363.6,330.54
22,069,22069,Louisiana,Natchitoches,2024,36185.0,72.0,371.0,198.98,1025.29
22,101,22101,Louisiana,St. Mary,2024,46973.0,89.0,433.0,189.47,921.81
22,107,22107,Louisiana,Tensas,2024,3818.0,27.0,46.0,707.18,1204.82
22,117,22117,Louisiana,Washington,2024,45138.0,113.0,336.0,250.34,744.38
22,119,22119,Louisiana,Webster,2024,35199.0,59.0,163.0,167.62,463.08
22,123,22123,Louisiana,West Carroll,2024,9256.0,8.0,30.0,86.43,324.11
22,127,22127,Louisiana,Winn,2024,14766.0,20.0,35.0,135.45,237.03
23,001,23001,Maine,Androscoggin,2024,115600.0,25.0,131.0,21.63,113.32
23,005,23005,Maine,Cumberland,2024,314665.0,40.0,292.0,12.71,92.8
23,019,23019,Maine,Penobscot,2024,157283.0,20.0,294.0,12.72,186.92
23,023,23023,Maine,Sagadahoc,2024,37694.0,6.0,55.0,15.92,145.91
23,031,23031,Maine,York,2024,221106.0,37.0,183.0,16.73,82.77
23,003,23003,Maine,Aroostook,2024,66925.0,10.0,79.0,14.94,118.04
23,007,23007,Maine,Franklin,2024,30875.0,7.0,64.0,22.67,207.29
23,009,23009,Maine,Hancock,2024,57130.0,12.0,74.0,21.0,129.53
23,011,23011,Maine,Kennebec,2024,128672.0,29.0,210.0,22.54,163.21
23,013,23013,Maine,Knox,2024,40964.0,8.0,152.0,19.53,371.06
23,015,23015,Maine,Lincoln,2024,36524.0,27.0,92.0,73.92,251.89
23,017,23017,Maine,Oxford,2024,59970.0,26.0,241.0,43.36,401.87
23,021,23021,Maine,Piscataquis,2024,17463.0,3.0,33.0,17.18,188.97
23,025,23025,Maine,Somerset,2024,51490.0,37.0,370.0,71.86,718.59
23,027,23027,Maine,Waldo,2024,40611.0,2.0,21.0,4.92,51.71
23,029,23029,Maine,Washington,2024,31466.0,13.0,97.0,41.31,308.27
,,,Maryland,Anne Arundel County Police Department,2024,601141.0,1748.0,11115.0,290.78,1848.98
24,005,24005,Maryland,Baltimore County,2024,848438.0,0.0,0.0,0.0,0.0
24,005,24005,Maryland,Baltimore County,2024,570053.0,0.0,0.0,0.0,0.0
,,,Maryland,Baltimore County Police Department,2024,848438.0,3532.0,22044.0,416.29,2598.19
,,,Maryland,Baltimore County Police Department,2024,570053.0,3532.0,22044.0,619.59,3867.01
24,009,24009,Maryland,Calvert,2024,94621.0,124.0,489.0,131.05,516.8
24,013,24013,Maryland,Carroll,2024,176790.0,173.0,588.0,97.86,332.6
24,015,24015,Maryland,Cecil,2024,106567.0,110.0,340.0,103.22,319.05
24,017,24017,Maryland,Charles,2024,174499.0,517.0,1673.0,296.28,958.74
24,021,24021,Maryland,Frederick,2024,298855.0,184.0,1029.0,61.57,344.31
24,025,24025,Maryland,Harford,2024,265624.0,365.0,1550.0,137.41,583.53
24,027,24027,Maryland,Howard,2024,337795.0,0.0,0.0,0.0,0.0
,,,Maryland,Howard County Police Department,2024,337795.0,476.0,5694.0,140.91,1685.64
24,031,24031,Maryland,Montgomery,2024,1073045.0,0.0,0.0,0.0,0.0
,,,Maryland,Montgomery County Police Department,2024,1073045.0,1682.0,16148.0,156.75,1504.88
,,,Maryland,Prince George's County Police Department,2024,964596.0,2872.0,16672.0,297.74,1728.39
24,035,24035,Maryland,Queen Anne's,2024,53681.0,42.0,274.0,78.24,510.42
24,037,24037,Maryland,St. Mary's,2024,116216.0,257.0,1187.0,221.14,1021.37
24,043,24043,Maryland,Washington,2024,157140.0,153.0,782.0,97.37,497.65
24,045,24045,Maryland,Wicomico,2024,106639.0,71.0,450.0,66.58,421.98
24,001,24001,Maryland,Allegany,2024,66984.0,17.0,79.0,25.38,117.94
24,011,24011,Maryland,Caroline,2024,34059.0,27.0,134.0,79.27,393.43
24,019,24019,Maryland,Dorchester,2024,33208.0,22.0,114.0,66.25,343.29
24,023,24023,Maryland,Garrett,2024,28417.0,7.0,127.0,24.63,446.92
24,029,24029,Maryland,Kent,2024,19517.0,0.0,32.0,0.0,163.96
24,041,24041,Maryland,Talbot,2024,38295.0,20.0,99.0,52.23,258.52
24,047,24047,Maryland,Worcester,2024,54381.0,32.0,166.0,58.84,305.25
26,015,26015,Michigan,Barry,2024,64009.0,55.0,280.0,85.93,437.44
26,017,26017,Michigan,Bay,2024,102432.0,30.0,421.0,29.29,411.0
26,019,26019,Michigan,Benzie,2024,18492.0,45.0,51.0,243.35,275.79
26,021,26021,Michigan,Berrien,2024,152394.0,92.0,486.0,60.37,318.91
26,025,26025,Michigan,Calhoun,2024,133611.0,127.0,435.0,95.05,325.57
26,027,26027,Michigan,Cass,2024,51533.0,45.0,323.0,87.32,626.78
26,037,26037,Michigan,Clinton,2024,80189.0,35.0,136.0,43.65,169.6
26,045,26045,Michigan,Eaton,2024,109180.0,99.0,716.0,90.68,655.8
26,049,26049,Michigan,Genesee,2024,401288.0,93.0,264.0,23.18,65.79
26,065,26065,Michigan,Ingham,2024,287390.0,165.0,395.0,57.41,137.44
26,067,26067,Michigan,Ionia,2024,66309.0,41.0,207.0,61.83,312.17
26,075,26075,Michigan,Jackson,2024,159588.0,157.0,376.0,98.38,235.61
26,077,26077,Michigan,Kalamazoo,2024,263122.0,339.0,1950.0,128.84,741.1
26,079,26079,Michigan,Kalkaska,2024,18640.0,59.0,181.0,316.52,971.03
26,081,26081,Michigan,Kent,2024,670412.0,409.0,2171.0,61.01,323.83
26,087,26087,Michigan,Lapeer,2024,89275.0,51.0,181.0,57.13,202.74
26,089,26089,Michigan,Leelanau,2024,22849.0,19.0,43.0,83.15,188.19
26,093,26093,Michigan,Livingston,2024,196886.0,94.0,420.0,47.74,213.32
26,099,26099,Michigan,Macomb,2024,882497.0,229.0,837.0,25.95,94.84
26,111,26111,Michigan,Midland,2024,83768.0,63.0,170.0,75.21,202.94
26,115,26115,Michigan,Monroe,2024,155870.0,224.0,941.0,143.71,603.71
26,117,26117,Michigan,Montcalm,2024,69072.0,69.0,153.0,99.9,221.51
26,121,26121,Michigan,Muskegon,2024,177225.0,42.0,234.0,23.7,132.04
26,125,26125,Michigan,Oakland,2024,1282549.0,27.0,60.0,2.11,4.68
26,139,26139,Michigan,Ottawa,2024,306190.0,524.0,1714.0,171.14,559.78
26,147,26147,Michigan,St. Clair,2024,160304.0,161.0,418.0,100.43,260.75
26,161,26161,Michigan,Washtenaw,2024,368956.0,639.0,1057.0,173.19,286.48
26,163,26163,Michigan,Wayne,2024,1765534.0,63.0,0.0,3.57,0.0
26,001,26001,Michigan,Alcona,2024,10551.0,11.0,58.0,104.26,549.71
26,003,26003,Michigan,Alger,2024,8707.0,2.0,5.0,22.97,57.43
26,005,26005,Michigan,Allegan,2024,122567.0,84.0,594.0,68.53,484.63
26,007,26007,Michigan,Alpena,2024,28883.0,22.0,60.0,76.17,207.73
26,011,26011,Michigan,Arenac,2024,15059.0,36.0,70.0,239.06,464.84
26,029,26029,Michigan,Charlevoix,2024,26123.0,33.0,37.0,126.33,141.64
26,031,26031,Michigan,Cheboygan,2024,25892.0,20.0,21.0,77.24,81.11
26,033,26033,Michigan,Chippewa,2024,36109.0,14.0,10.0,38.77,27.69
26,039,26039,Michigan,Crawford,2024,13606.0,26.0,20.0,191.09,146.99
26,041,26041,Michigan,Delta,2024,36713.0,10.0,17.0,27.24,46.31
26,047,26047,Michigan,Emmet,2024,33947.0,26.0,67.0,76.59,197.37
26,051,26051,Michigan,Gladwin,2024,25945.0,35.0,69.0,134.9,265.95
26,053,26053,Michigan,Gogebic,2024,14253.0,4.0,5.0,28.06,35.08
26,057,26057,Michigan,Gratiot,2024,41362.0,29.0,157.0,70.11,379.58
26,059,26059,Michigan,Hillsdale,2024,45694.0,29.0,139.0,63.47,304.2
26,061,26061,Michigan,Houghton,2024,37703.0,13.0,29.0,34.48,76.92
26,063,26063,Michigan,Huron,2024,30741.0,13.0,48.0,42.29,156.14
26,069,26069,Michigan,Iosco,2024,25425.0,1.0,4.0,3.93,15.73
26,073,26073,Michigan,Isabella,2024,64873.0,39.0,177.0,60.12,272.84
26,091,26091,Michigan,Lenawee,2024,97825.0,50.0,179.0,51.11,182.98
26,095,26095,Michigan,Luce,2024,6368.0,9.0,37.0,141.33,581.03
26,097,26097,Michigan,Mackinac,2024,11103.0,4.0,65.0,36.03,585.43
26,101,26101,Michigan,Manistee,2024,25575.0,25.0,64.0,97.75,250.24
26,103,26103,Michigan,Marquette,2024,67816.0,27.0,120.0,39.81,176.95
26,105,26105,Michigan,Mason,2024,29063.0,33.0,113.0,113.55,388.81
26,107,26107,Michigan,Mecosta,2024,41932.0,100.0,248.0,238.48,591.43
26,113,26113,Michigan,Missaukee,2024,15196.0,29.0,81.0,190.84,533.04
26,119,26119,Michigan,Montmorency,2024,9787.0,2.0,10.0,20.44,102.18
26,127,26127,Michigan,Oceana,2024,26957.0,56.0,136.0,207.74,504.51
26,129,26129,Michigan,Ogemaw,2024,21042.0,16.0,76.0,76.04,361.18
26,131,26131,Michigan,Ontonagon,2024,5866.0,1.0,3.0,17.05,51.14
26,133,26133,Michigan,Osceola,2024,23571.0,35.0,108.0,148.49,458.19
26,135,26135,Michigan,Oscoda,2024,8629.0,18.0,35.0,208.6,405.61
26,137,26137,Michigan,Otsego,2024,26117.0,17.0,35.0,65.09,134.01
26,141,26141,Michigan,Presque Isle,2024,13220.0,5.0,22.0,37.82,166.41
26,143,26143,Michigan,Roscommon,2024,23951.0,29.0,79.0,121.08,329.84
26,151,26151,Michigan,Sanilac,2024,40238.0,53.0,58.0,131.72,144.14
26,155,26155,Michigan,Shiawassee,2024,67828.0,36.0,161.0,53.08,237.37
26,149,26149,Michigan,St. Joseph,2024,61023.0,78.0,212.0,127.82,347.41
26,157,26157,Michigan,Tuscola,2024,52823.0,64.0,110.0,121.16,208.24
26,165,26165,Michigan,Wexford,2024,34347.0,35.0,128.0,101.9,372.67
27,003,27003,Minnesota,Anoka,2024,377855.0,58.0,462.0,15.35,122.27
27,009,27009,Minnesota,Benton,2024,41769.0,14.0,49.0,33.52,117.31
27,013,27013,Minnesota,Blue Earth,2024,70200.0,22.0,79.0,31.34,112.54
27,017,27017,Minnesota,Carlton,2024,36725.0,25.0,91.0,68.07,247.79
27,019,27019,Minnesota,Carver,2024,112595.0,60.0,330.0,53.29,293.09
27,025,27025,Minnesota,Chisago,2024,58947.0,27.0,94.0,45.8,159.47
27,027,27027,Minnesota,Clay,2024,67339.0,4.0,51.0,5.94,75.74
27,037,27037,Minnesota,Dakota,2024,453755.0,15.0,12.0,3.31,2.64
27,039,27039,Minnesota,Dodge,2024,21281.0,13.0,44.0,61.09,206.76
27,045,27045,Minnesota,Fillmore,2024,21488.0,8.0,8.0,37.23,37.23
27,053,27053,Minnesota,Hennepin,2024,1277084.0,46.0,16.0,3.6,1.25
27,055,27055,Minnesota,Houston,2024,18535.0,6.0,51.0,32.37,275.16
27,059,27059,Minnesota,Isanti,2024,43657.0,21.0,106.0,48.1,242.8
27,079,27079,Minnesota,Le Sueur,2024,29433.0,5.0,34.0,16.99,115.52
27,095,27095,Minnesota,Mille Lacs,2024,27680.0,47.0,148.0,169.8,534.68
27,103,27103,Minnesota,Nicollet,2024,34239.0,4.0,6.0,11.68,17.52
27,109,27109,Minnesota,Olmsted,2024,165777.0,25.0,150.0,15.08,90.48
27,119,27119,Minnesota,Polk,2024,30683.0,18.0,35.0,58.66,114.07
27,123,27123,Minnesota,Ramsey,2024,540713.0,169.0,892.0,31.26,164.97
27,139,27139,Minnesota,Scott,2024,157454.0,8.0,35.0,5.08,22.23
27,141,27141,Minnesota,Sherburne,2024,103156.0,26.0,147.0,25.2,142.5
27,145,27145,Minnesota,Stearns,2024,163113.0,35.0,96.0,21.46,58.85
27,137,27137,Minnesota,St. Louis,2024,200630.0,68.0,434.0,33.89,216.32
27,157,27157,Minnesota,Wabasha,2024,21554.0,4.0,11.0,18.56,51.03
27,163,27163,Minnesota,Washington,2024,282994.0,63.0,397.0,22.26,140.29
27,171,27171,Minnesota,Wright,2024,154612.0,66.0,546.0,42.69,353.14
27,001,27001,Minnesota,Aitkin,2024,16283.0,12.0,183.0,73.7,1123.87
27,005,27005,Minnesota,Becker,2024,35385.0,36.0,88.0,101.74,248.69
27,007,27007,Minnesota,Beltrami,2024,46779.0,48.0,155.0,102.61,331.35
27,011,27011,Minnesota,Big Stone,2024,5079.0,7.0,53.0,137.82,1043.51
27,015,27015,Minnesota,Brown,2024,25571.0,5.0,29.0,19.55,113.41
27,021,27021,Minnesota,Cass,2024,31424.0,61.0,91.0,194.12,289.59
27,023,27023,Minnesota,Chippewa,2024,12394.0,1.0,0.0,8.07,0.0
27,029,27029,Minnesota,Clearwater,2024,8655.0,10.0,9.0,115.54,103.99
27,031,27031,Minnesota,Cook,2024,5537.0,4.0,35.0,72.24,632.11
27,033,27033,Minnesota,Cottonwood,2024,11407.0,2.0,6.0,17.53,52.6
27,035,27035,Minnesota,Crow Wing,2024,68667.0,33.0,100.0,48.06,145.63
27,041,27041,Minnesota,Douglas,2024,39953.0,19.0,95.0,47.56,237.78
27,043,27043,Minnesota,Faribault,2024,13906.0,26.0,13.0,186.97,93.48
27,047,27047,Minnesota,Freeborn,2024,30430.0,5.0,91.0,16.43,299.05
27,049,27049,Minnesota,Goodhue,2024,48149.0,21.0,114.0,43.61,236.77
27,051,27051,Minnesota,Grant,2024,6139.0,9.0,3.0,146.6,48.87
27,057,27057,Minnesota,Hubbard,2024,22115.0,39.0,77.0,176.35,348.18
27,061,27061,Minnesota,Itasca,2024,45452.0,47.0,85.0,103.41,187.01
27,063,27063,Minnesota,Jackson,2024,9873.0,6.0,38.0,60.77,384.89
27,065,27065,Minnesota,Kanabec,2024,16624.0,18.0,113.0,108.28,679.74
27,067,27067,Minnesota,Kandiyohi,2024,44774.0,33.0,134.0,73.7,299.28
27,069,27069,Minnesota,Kittson,2024,4029.0,2.0,9.0,49.64,223.38
27,071,27071,Minnesota,Koochiching,2024,11594.0,6.0,12.0,51.75,103.5
27,073,27073,Minnesota,Lac qui Parle,2024,6655.0,0.0,17.0,0.0,255.45
27,075,27075,Minnesota,Lake,2024,10754.0,2.0,8.0,18.6,74.39
27,081,27081,Minnesota,Lincoln,2024,5591.0,1.0,2.0,17.89,35.77
27,083,27083,Minnesota,Lyon,2024,25785.0,7.0,33.0,27.15,127.98
27,087,27087,Minnesota,Mahnomen,2024,5241.0,38.0,34.0,725.05,648.73
27,089,27089,Minnesota,Marshall,2024,8788.0,8.0,2.0,91.03,22.76
27,091,27091,Minnesota,Martin,2024,19564.0,4.0,17.0,20.45,86.89
27,085,27085,Minnesota,McLeod,2024,36823.0,9.0,63.0,24.44,171.09
27,093,27093,Minnesota,Meeker,2024,23522.0,12.0,48.0,51.02,204.06
27,097,27097,Minnesota,Morrison,2024,34494.0,20.0,153.0,57.98,443.56
27,099,27099,Minnesota,Mower,2024,40684.0,5.0,84.0,12.29,206.47
27,101,27101,Minnesota,Murray,2024,8027.0,4.0,20.0,49.83,249.16
27,105,27105,Minnesota,Nobles,2024,22242.0,12.0,12.0,53.95,53.95
27,107,27107,Minnesota,Norman,2024,6301.0,1.0,2.0,15.87,31.74
27,111,27111,Minnesota,Otter Tail,2024,60958.0,25.0,150.0,41.01,246.07
27,113,27113,Minnesota,Pennington,2024,13750.0,1.0,30.0,7.27,218.18
27,115,27115,Minnesota,Pine,2024,30398.0,74.0,316.0,243.44,1039.54
27,117,27117,Minnesota,Pipestone,2024,9251.0,7.0,29.0,75.67,313.48
27,121,27121,Minnesota,Pope,2024,11464.0,2.0,31.0,17.45,270.41
27,125,27125,Minnesota,Red Lake,2024,3894.0,4.0,8.0,102.72,205.44
27,127,27127,Minnesota,Redwood,2024,15238.0,7.0,25.0,45.94,164.06
27,129,27129,Minnesota,Renville,2024,14417.0,8.0,34.0,55.49,235.83
27,131,27131,Minnesota,Rice,2024,69545.0,16.0,24.0,23.01,34.51
27,143,27143,Minnesota,Sibley,2024,15290.0,2.0,27.0,13.08,176.59
27,147,27147,Minnesota,Steele,2024,37453.0,6.0,58.0,16.02,154.86
27,149,27149,Minnesota,Stevens,2024,9828.0,6.0,80.0,61.05,814.0
27,151,27151,Minnesota,Swift,2024,9721.0,1.0,1.0,10.29,10.29
27,153,27153,Minnesota,Todd,2024,25965.0,15.0,81.0,57.77,311.96
27,155,27155,Minnesota,Traverse,2024,3152.0,4.0,7.0,126.9,222.08
27,159,27159,Minnesota,Wadena,2024,14355.0,4.0,3.0,27.86,20.9
27,161,27161,Minnesota,Waseca,2024,18672.0,5.0,44.0,26.78,235.65
27,165,27165,Minnesota,Watonwan,2024,11365.0,7.0,22.0,61.59,193.58
27,167,27167,Minnesota,Wilkin,2024,6319.0,0.0,4.0,0.0,63.3
27,169,27169,Minnesota,Winona,2024,50343.0,10.0,35.0,19.86,69.52
27,173,27173,Minnesota,Yellow Medicine,2024,9477.0,19.0,12.0,200.49,126.62
28,029,28029,Mississippi,Copiah,2024,27629.0,97.0,142.0,351.08,513.95
28,033,28033,Mississippi,DeSoto,2024,196848.0,32.0,180.0,16.26,91.44
28,035,28035,Mississippi,Forrest,2024,78813.0,29.0,252.0,36.8,319.74
28,045,28045,Mississippi,Hancock,2024,46510.0,15.0,299.0,32.25,642.87
28,047,28047,Mississippi,Harrison,2024,214594.0,49.0,490.0,22.83,228.34
28,089,28089,Mississippi,Madison,2024,114915.0,63.0,127.0,54.82,110.52
28,127,28127,Mississippi,Simpson,2024,25618.0,35.0,137.0,136.62,534.78
28,131,28131,Mississippi,Stone,2024,19461.0,39.0,161.0,200.4,827.3
28,137,28137,Mississippi,Tate,2024,28626.0,35.0,141.0,122.27,492.56
28,143,28143,Mississippi,Tunica,2024,9111.0,51.0,383.0,559.76,4203.71
28,003,28003,Mississippi,Alcorn,2024,34616.0,9.0,174.0,26.0,502.66
28,007,28007,Mississippi,Attala,2024,17243.0,9.0,36.0,52.2,208.78
28,013,28013,Mississippi,Calhoun,2024,12715.0,9.0,19.0,70.78,149.43
28,021,28021,Mississippi,Claiborne,2024,8092.0,44.0,30.0,543.75,370.74
28,027,28027,Mississippi,Coahoma,2024,20041.0,12.0,19.0,59.88,94.81
28,039,28039,Mississippi,George,2024,25846.0,74.0,293.0,286.31,1133.64
28,043,28043,Mississippi,Grenada,2024,20918.0,20.0,159.0,95.61,760.11
28,061,28061,Mississippi,Jasper,2024,15868.0,20.0,52.0,126.04,327.7
28,063,28063,Mississippi,Jefferson,2024,6887.0,8.0,38.0,116.16,551.76
28,069,28069,Mississippi,Kemper,2024,8566.0,14.0,33.0,163.44,385.24
28,071,28071,Mississippi,Lafayette,2024,60075.0,25.0,97.0,41.61,161.46
28,079,28079,Mississippi,Leake,2024,21592.0,54.0,86.0,250.09,398.3
28,081,28081,Mississippi,Lee,2024,83329.0,51.0,366.0,61.2,439.22
28,085,28085,Mississippi,Lincoln,2024,35005.0,25.0,199.0,71.42,568.49
28,087,28087,Mississippi,Lowndes,2024,57210.0,57.0,311.0,99.63,543.61
28,091,28091,Mississippi,Marion,2024,24086.0,29.0,97.0,120.4,402.72
28,095,28095,Mississippi,Monroe,2024,33453.0,33.0,178.0,98.65,532.09
28,099,28099,Mississippi,Neshoba,2024,28817.0,14.0,61.0,48.58,211.68
28,103,28103,Mississippi,Noxubee,2024,9869.0,22.0,25.0,222.92,253.32
28,105,28105,Mississippi,Oktibbeha,2024,51756.0,46.0,211.0,88.88,407.68
28,107,28107,Mississippi,Panola,2024,32719.0,56.0,267.0,171.15,816.04
28,113,28113,Mississippi,Pike,2024,38999.0,68.0,276.0,174.36,707.71
28,115,28115,Mississippi,Pontotoc,2024,31991.0,46.0,132.0,143.79,412.62
28,117,28117,Mississippi,Prentiss,2024,25304.0,51.0,64.0,201.55,252.92
28,129,28129,Mississippi,Smith,2024,14036.0,5.0,23.0,35.62,163.86
28,133,28133,Mississippi,Sunflower,2024,23109.0,6.0,54.0,25.96,233.68
28,135,28135,Mississippi,Tallahatchie,2024,10961.0,16.0,97.0,145.97,884.96
28,141,28141,Mississippi,Tishomingo,2024,18603.0,30.0,101.0,161.26,542.92
28,145,28145,Mississippi,Union,2024,28379.0,31.0,130.0,109.24,458.09
28,147,28147,Mississippi,Walthall,2024,13845.0,24.0,61.0,173.35,440.59
28,153,28153,Mississippi,Wayne,2024,19799.0,48.0,149.0,242.44,752.56
28,155,28155,Mississippi,Webster,2024,10045.0,12.0,14.0,119.46,139.37
28,159,28159,Mississippi,Winston,2024,17458.0,33.0,68.0,189.03,389.51
29,003,29003,Missouri,Andrew,2024,18115.0,20.0,69.0,110.41,380.9
29,013,29013,Missouri,Bates,2024,16448.0,25.0,70.0,151.99,425.58
29,017,29017,Missouri,Bollinger,2024,10570.0,26.0,39.0,245.98,368.97
29,019,29019,Missouri,Boone,2024,190897.0,82.0,405.0,42.96,212.16
29,021,29021,Missouri,Buchanan,2024,83598.0,30.0,108.0,35.89,129.19
29,025,29025,Missouri,Caldwell,2024,8971.0,2.0,28.0,22.29,312.12
29,027,29027,Missouri,Callaway,2024,45239.0,50.0,137.0,110.52,302.84
29,031,29031,Missouri,Cape Girardeau,2024,83457.0,50.0,119.0,59.91,142.59
29,043,29043,Missouri,Christian,2024,96036.0,45.0,151.0,46.86,157.23
29,047,29047,Missouri,Clay,2024,262674.0,76.0,151.0,28.93,57.49
29,051,29051,Missouri,Cole,2024,77763.0,31.0,75.0,39.86,96.45
29,071,29071,Missouri,Franklin,2024,107387.0,28.0,186.0,26.07,173.21
29,077,29077,Missouri,Greene,2024,307174.0,174.0,633.0,56.65,206.07
29,089,29089,Missouri,Howard,2024,10131.0,20.0,40.0,197.41,394.83
29,095,29095,Missouri,Jackson,2024,729123.0,68.0,359.0,9.33,49.24
29,097,29097,Missouri,Jasper,2024,126469.0,95.0,353.0,75.12,279.12
29,099,29099,Missouri,Jefferson,2024,232134.0,454.0,1346.0,195.58,579.84
29,107,29107,Missouri,Lafayette,2024,33432.0,39.0,58.0,116.65,173.49
29,113,29113,Missouri,Lincoln,2024,65778.0,133.0,157.0,202.2,238.68
29,145,29145,Missouri,Newton,2024,61608.0,95.0,491.0,154.2,796.97
29,151,29151,Missouri,Osage,2024,13469.0,8.0,42.0,59.4,311.83
29,165,29165,Missouri,Platte,2024,113027.0,78.0,191.0,69.01,168.99
29,167,29167,Missouri,Polk,2024,33211.0,44.0,168.0,132.49,505.86
29,177,29177,Missouri,Ray,2024,23265.0,70.0,77.0,300.88,330.97
29,183,29183,Missouri,St. Charles,2024,422590.0,1.0,0.0,0.24,0.0
,,,Missouri,St. Charles County Police Department,2024,422590.0,168.0,337.0,39.75,79.75
,,,Missouri,St. Louis County Police Department,2024,991666.0,1904.0,6037.0,192.0,608.77
,,,Missouri,St. Louis County Police Department,2024,280445.0,1904.0,6037.0,678.92,2152.65
29,225,29225,Missouri,Webster,2024,42084.0,61.0,68.0,144.95,161.58
29,007,29007,Missouri,Audrain,2024,24344.0,15.0,19.0,61.62,78.05
29,009,29009,Missouri,Barry,2024,35730.0,73.0,247.0,204.31,691.3
29,011,29011,Missouri,Barton,2024,11750.0,18.0,79.0,153.19,672.34
29,023,29023,Missouri,Butler,2024,41899.0,94.0,416.0,224.35,992.86
29,029,29029,Missouri,Camden,2024,44195.0,76.0,165.0,171.97,373.35
29,035,29035,Missouri,Carter,2024,5363.0,23.0,17.0,428.86,316.99
29,039,29039,Missouri,Cedar,2024,14928.0,32.0,66.0,214.36,442.12
29,041,29041,Missouri,Chariton,2024,7390.0,15.0,25.0,202.98,338.29
29,045,29045,Missouri,Clark,2024,6584.0,2.0,52.0,30.38,789.79
29,057,29057,Missouri,Dade,2024,7639.0,29.0,88.0,379.63,1151.98
29,061,29061,Missouri,Daviess,2024,8508.0,11.0,46.0,129.29,540.67
29,065,29065,Missouri,Dent,2024,14661.0,15.0,47.0,102.31,320.58
29,069,29069,Missouri,Dunklin,2024,27057.0,37.0,93.0,136.75,343.72
29,079,29079,Missouri,Grundy,2024,9749.0,5.0,3.0,51.29,30.77
29,083,29083,Missouri,Henry,2024,22565.0,105.0,161.0,465.32,713.49
29,085,29085,Missouri,Hickory,2024,8889.0,2.0,13.0,22.5,146.25
29,091,29091,Missouri,Howell,2024,40884.0,54.0,194.0,132.08,474.51
29,101,29101,Missouri,Johnson,2024,55824.0,37.0,156.0,66.28,279.45
29,105,29105,Missouri,Laclede,2024,36689.0,12.0,129.0,32.71,351.6
29,109,29109,Missouri,Lawrence,2024,39209.0,27.0,153.0,68.86,390.22
29,111,29111,Missouri,Lewis,2024,9853.0,1.0,12.0,10.15,121.79
29,117,29117,Missouri,Livingston,2024,14686.0,12.0,26.0,81.71,177.04
29,125,29125,Missouri,Maries,2024,8494.0,13.0,17.0,153.05,200.14
29,119,29119,Missouri,McDonald,2024,23825.0,84.0,163.0,352.57,684.16
29,133,29133,Missouri,Mississippi,2024,11948.0,4.0,33.0,33.48,276.2
29,137,29137,Missouri,Monroe,2024,8857.0,8.0,10.0,90.32,112.91
29,139,29139,Missouri,Montgomery,2024,11556.0,19.0,33.0,164.42,285.57
29,143,29143,Missouri,New Madrid,2024,15281.0,37.0,151.0,242.13,988.16
29,147,29147,Missouri,Nodaway,2024,20296.0,27.0,35.0,133.03,172.45
29,149,29149,Missouri,Oregon,2024,8664.0,10.0,22.0,115.42,253.92
29,153,29153,Missouri,Ozark,2024,9099.0,8.0,12.0,87.92,131.88
29,157,29157,Missouri,Perry,2024,19113.0,28.0,23.0,146.5,120.34
29,159,29159,Missouri,Pettis,2024,43894.0,58.0,167.0,132.14,380.46
29,161,29161,Missouri,Phelps,2024,45206.0,30.0,120.0,66.36,265.45
29,163,29163,Missouri,Pike,2024,18031.0,21.0,68.0,116.47,377.13
29,169,29169,Missouri,Pulaski,2024,53892.0,110.0,161.0,204.11,298.75
29,173,29173,Missouri,Ralls,2024,10451.0,0.0,22.0,0.0,210.51
29,175,29175,Missouri,Randolph,2024,24379.0,38.0,23.0,155.87,94.34
29,181,29181,Missouri,Ripley,2024,10716.0,11.0,34.0,102.65,317.28
29,195,29195,Missouri,Saline,2024,23213.0,50.0,68.0,215.4,292.94
29,197,29197,Missouri,Schuyler,2024,4073.0,14.0,35.0,343.73,859.32
29,203,29203,Missouri,Shannon,2024,7284.0,8.0,15.0,109.83,205.93
29,185,29185,Missouri,St. Clair,2024,9843.0,9.0,81.0,91.44,822.92
29,186,29186,Missouri,Ste. Genevieve,2024,18602.0,32.0,66.0,172.02,354.8
29,187,29187,Missouri,St. Francois,2024,67449.0,48.0,155.0,71.16,229.8
29,207,29207,Missouri,Stoddard,2024,28384.0,40.0,93.0,140.92,327.65
29,209,29209,Missouri,Stone,2024,32570.0,71.0,268.0,217.99,822.84
29,213,29213,Missouri,Taney,2024,56882.0,106.0,242.0,186.35,425.44
29,215,29215,Missouri,Texas,2024,25704.0,27.0,115.0,105.04,447.4
29,217,29217,Missouri,Vernon,2024,19778.0,39.0,127.0,197.19,642.13
29,223,29223,Missouri,Wayne,2024,10851.0,36.0,72.0,331.77,663.53
29,229,29229,Missouri,Wright,2024,19532.0,10.0,25.0,51.2,128.0
30,007,30007,Montana,Broadwater,2024,8289.0,23.0,32.0,277.48,386.05
30,009,30009,Montana,Carbon,2024,11504.0,9.0,30.0,78.23,260.78
30,013,30013,Montana,Cascade,2024,84668.0,107.0,171.0,126.38,201.97
30,031,30031,Montana,Gallatin,2024,127498.0,158.0,383.0,123.92,300.4
30,043,30043,Montana,Jefferson,2024,13231.0,46.0,115.0,347.67,869.17
30,049,30049,Montana,Lewis and Clark,2024,75092.0,88.0,240.0,117.19,319.61
30,061,30061,Montana,Mineral,2024,5187.0,10.0,18.0,192.79,347.02
30,063,30063,Montana,Missoula,2024,122471.0,132.0,142.0,107.78,115.95
30,095,30095,Montana,Stillwater,2024,9429.0,19.0,38.0,201.51,403.01
30,111,30111,Montana,Yellowstone,2024,171548.0,223.0,579.0,129.99,337.51
30,021,30021,Montana,Anaconda-Deer Lodge,2024,9766.0,38.0,58.0,389.11,593.9
30,001,30001,Montana,Beaverhead,2024,9990.0,24.0,6.0,240.24,60.06
30,003,30003,Montana,Big Horn,2024,12847.0,44.0,73.0,342.49,568.23
30,005,30005,Montana,Blaine,2024,6876.0,4.0,8.0,58.17,116.35
30,093,30093,Montana,Butte-Silver Bow,2024,36091.0,176.0,854.0,487.66,2366.24
30,011,30011,Montana,Carter,2024,1422.0,0.0,0.0,0.0,0.0
30,015,30015,Montana,Chouteau,2024,5853.0,8.0,20.0,136.68,341.71
30,017,30017,Montana,Custer,2024,11977.0,5.0,11.0,41.75,91.84
30,019,30019,Montana,Daniels,2024,1643.0,4.0,2.0,243.46,121.73
30,021,30021,Montana,Dawson,2024,8739.0,6.0,10.0,68.66,114.43
30,025,30025,Montana,Fallon,2024,2960.0,1.0,0.0,33.78,0.0
30,027,30027,Montana,Fergus,2024,11826.0,14.0,31.0,118.38,262.13
30,029,30029,Montana,Flathead,2024,114367.0,227.0,608.0,198.48,531.62
30,033,30033,Montana,Garfield,2024,1175.0,1.0,1.0,85.11,85.11
30,035,30035,Montana,Glacier,2024,13515.0,4.0,17.0,29.6,125.79
30,037,30037,Montana,Golden Valley,2024,844.0,0.0,3.0,0.0,355.45
30,039,30039,Montana,Granite,2024,3639.0,6.0,30.0,164.88,824.4
30,041,30041,Montana,Hill,2024,16115.0,34.0,125.0,210.98,775.67
30,045,30045,Montana,Judith Basin,2024,2115.0,2.0,0.0,94.56,0.0
30,047,30047,Montana,Lake,2024,33383.0,78.0,189.0,233.65,566.16
30,051,30051,Montana,Liberty,2024,1951.0,4.0,1.0,205.02,51.26
30,053,30053,Montana,Lincoln,2024,22147.0,15.0,83.0,67.73,374.77
30,057,30057,Montana,Madison,2024,9772.0,15.0,25.0,153.5,255.83
30,055,30055,Montana,McCone,2024,1715.0,2.0,6.0,116.62,349.85
30,059,30059,Montana,Meagher,2024,2095.0,5.0,5.0,238.66,238.66
30,065,30065,Montana,Musselshell,2024,5452.0,16.0,21.0,293.47,385.18
30,067,30067,Montana,Park,2024,18173.0,12.0,37.0,66.03,203.6
30,069,30069,Montana,Petroleum,2024,538.0,4.0,2.0,743.49,371.75
30,071,30071,Montana,Phillips,2024,4196.0,18.0,30.0,428.98,714.97
30,073,30073,Montana,Pondera,2024,6065.0,4.0,16.0,65.95,263.81
30,075,30075,Montana,Powder River,2024,1758.0,0.0,0.0,0.0,0.0
30,077,30077,Montana,Powell,2024,7121.0,15.0,13.0,210.64,182.56
30,079,30079,Montana,Prairie,2024,1108.0,1.0,1.0,90.25,90.25
30,081,30081,Montana,Ravalli,2024,48037.0,83.0,219.0,172.78,455.9
30,083,30083,Montana,Richland,2024,11071.0,8.0,5.0,72.26,45.16
30,085,30085,Montana,Roosevelt,2024,10210.0,25.0,42.0,244.86,411.36
30,087,30087,Montana,Rosebud,2024,8218.0,2.0,8.0,24.34,97.35
30,089,30089,Montana,Sanders,2024,13892.0,21.0,29.0,151.17,208.75
30,091,30091,Montana,Sheridan,2024,3478.0,9.0,51.0,258.77,1466.36
30,097,30097,Montana,Sweet Grass,2024,3818.0,5.0,6.0,130.96,157.15
30,099,30099,Montana,Teton,2024,6439.0,11.0,36.0,170.83,559.09
30,101,30101,Montana,Toole,2024,5153.0,17.0,39.0,329.9,756.84
30,103,30103,Montana,Treasure,2024,735.0,4.0,5.0,544.22,680.27
30,105,30105,Montana,Valley,2024,7385.0,7.0,7.0,94.79,94.79
30,107,30107,Montana,Wheatland,2024,2058.0,1.0,4.0,48.59,194.36
30,109,30109,Montana,Wibaux,2024,912.0,0.0,2.0,0.0,219.3
31,025,31025,Nebraska,Cass,2024,27501.0,14.0,75.0,50.91,272.72
31,043,31043,Nebraska,Dakota,2024,21494.0,36.0,40.0,167.49,186.1
31,055,31055,Nebraska,Douglas,2024,600903.0,86.0,560.0,14.31,93.19
31,079,31079,Nebraska,Hall,2024,63891.0,8.0,73.0,12.52,114.26
31,109,31109,Nebraska,Lancaster,2024,331341.0,9.0,165.0,2.72,49.8
31,121,31121,Nebraska,Merrick,2024,7846.0,4.0,6.0,50.98,76.47
31,153,31153,Nebraska,Sarpy,2024,204519.0,27.0,679.0,13.2,332.0
31,155,31155,Nebraska,Saunders,2024,23444.0,10.0,43.0,42.65,183.42
31,159,31159,Nebraska,Seward,2024,17890.0,9.0,11.0,50.31,61.49
31,001,31001,Nebraska,Adams,2024,31203.0,6.0,27.0,19.23,86.53
31,011,31011,Nebraska,Boone,2024,5390.0,4.0,3.0,74.21,55.66
31,017,31017,Nebraska,Brown,2024,2838.0,1.0,3.0,35.24,105.71
31,019,31019,Nebraska,Buffalo,2024,51126.0,23.0,61.0,44.99,119.31
31,027,31027,Nebraska,Cedar,2024,8344.0,2.0,16.0,23.97,191.75
31,031,31031,Nebraska,Cherry,2024,5574.0,2.0,0.0,35.88,0.0
31,033,31033,Nebraska,Cheyenne,2024,9538.0,4.0,13.0,41.94,136.3
31,037,31037,Nebraska,Colfax,2024,10914.0,2.0,3.0,18.33,27.49
31,041,31041,Nebraska,Custer,2024,10517.0,6.0,15.0,57.05,142.63
31,045,31045,Nebraska,Dawes,2024,8015.0,0.0,1.0,0.0,12.48
31,047,31047,Nebraska,Dawson,2024,24527.0,12.0,10.0,48.93,40.77
31,051,31051,Nebraska,Dixon,2024,5581.0,7.0,7.0,125.43,125.43
31,053,31053,Nebraska,Dodge,2024,37931.0,48.0,75.0,126.55,197.73
31,065,31065,Nebraska,Furnas,2024,4471.0,2.0,33.0,44.73,738.09
31,073,31073,Nebraska,Gosper,2024,1827.0,0.0,0.0,0.0,0.0
31,095,31095,Nebraska,Jefferson,2024,7150.0,4.0,27.0,55.94,377.62
31,101,31101,Nebraska,Keith,2024,8161.0,2.0,6.0,24.51,73.52
31,107,31107,Nebraska,Knox,2024,8374.0,3.0,30.0,35.83,358.25
31,111,31111,Nebraska,Lincoln,2024,33285.0,3.0,15.0,9.01,45.07
31,119,31119,Nebraska,Madison,2024,35793.0,4.0,27.0,11.18,75.43
31,123,31123,Nebraska,Morrill,2024,4447.0,1.0,11.0,22.49,247.36
31,127,31127,Nebraska,Nemaha,2024,7104.0,14.0,15.0,197.07,211.15
31,131,31131,Nebraska,Otoe,2024,16472.0,4.0,19.0,24.28,115.35
31,137,31137,Nebraska,Phelps,2024,9030.0,4.0,8.0,44.3,88.59
31,139,31139,Nebraska,Pierce,2024,7349.0,2.0,20.0,27.21,272.15
31,141,31141,Nebraska,Platte,2024,35657.0,18.0,54.0,50.48,151.44
31,143,31143,Nebraska,Polk,2024,5287.0,3.0,17.0,56.74,321.54
31,145,31145,Nebraska,Red Willow,2024,10405.0,1.0,12.0,9.61,115.33
31,147,31147,Nebraska,Richardson,2024,7593.0,7.0,3.0,92.19,39.51
31,151,31151,Nebraska,Saline,2024,14980.0,7.0,31.0,46.73,206.94
31,157,31157,Nebraska,Scotts Bluff,2024,35658.0,48.0,35.0,134.61,98.15
31,163,31163,Nebraska,Sherman,2024,2953.0,0.0,0.0,0.0,0.0
31,167,31167,Nebraska,Stanton,2024,5783.0,0.0,2.0,0.0,34.58
31,169,31169,Nebraska,Thayer,2024,4874.0,4.0,9.0,82.07,184.65
31,171,31171,Nebraska,Thomas,2024,649.0,0.0,0.0,0.0,0.0
31,173,31173,Nebraska,Thurston,2024,6609.0,1.0,18.0,15.13,272.36
31,179,31179,Nebraska,Wayne,2024,9900.0,1.0,8.0,10.1,80.81
31,181,31181,Nebraska,Webster,2024,3325.0,5.0,1.0,150.38,30.08
31,185,31185,Nebraska,York,2024,14436.0,6.0,10.0,41.56,69.27
32,510,32510,Nevada,Carson City,2024,58300.0,186.0,474.0,319.04,813.04
32,019,32019,Nevada,Lyon,2024,63776.0,206.0,326.0,323.01,511.16
32,031,32031,Nevada,Washoe,2024,505384.0,405.0,690.0,80.14,136.53
32,001,32001,Nevada,Churchill,2024,25955.0,33.0,93.0,127.14,358.31
32,005,32005,Nevada,Douglas,2024,49591.0,70.0,367.0,141.15,740.05
32,007,32007,Nevada,Elko,2024,54686.0,57.0,118.0,104.23,215.78
32,011,32011,Nevada,Eureka,2024,1917.0,18.0,27.0,938.97,1408.45
32,013,32013,Nevada,Humboldt,2024,17178.0,23.0,74.0,133.89,430.78
32,015,32015,Nevada,Lander,2024,5775.0,15.0,40.0,259.74,692.64
32,021,32021,Nevada,Mineral,2024,4481.0,7.0,49.0,156.22,1093.51
32,023,32023,Nevada,Nye,2024,56361.0,148.0,606.0,262.59,1075.21
32,033,32033,Nevada,White Pine,2024,8632.0,27.0,38.0,312.79,440.22
,,,New Hampshire,Hillsborough,2024,430442.0,0.0,1.0,0.0,0.23
33,015,33015,New Hampshire,Rockingham,2024,322001.0,16.0,8.0,4.97,2.48
33,017,33017,New Hampshire,Strafford,2024,134331.0,4.0,0.0,2.98,0.0
33,001,33001,New Hampshire,Belknap,2024,65169.0,2.0,8.0,3.07,12.28
33,003,33003,New Hampshire,Carroll,2024,52566.0,1.0,33.0,1.9,62.78
33,005,33005,New Hampshire,Cheshire,2024,78168.0,1.0,6.0,1.28,7.68
33,009,33009,New Hampshire,Grafton,2024,92993.0,0.0,0.0,0.0,0.0
33,013,33013,New Hampshire,Merrimack,2024,157547.0,2.0,1.0,1.27,0.63
33,019,33019,New Hampshire,Sullivan,2024,43924.0,0.0,4.0,0.0,9.11
34,001,34001,New Jersey,Atlantic,2024,278467.0,0.0,0.0,0.0,0.0
34,003,34003,New Jersey,Bergen,2024,973477.0,0.0,0.0,0.0,0.0
34,005,34005,New Jersey,Burlington,2024,477522.0,0.0,0.0,0.0,0.0
34,007,34007,New Jersey,Camden,2024,533595.0,9.0,24.0,1.69,4.5
34,009,34009,New Jersey,Cape May,2024,94094.0,0.0,0.0,0.0,0.0
34,011,34011,New Jersey,Cumberland,2024,156407.0,0.0,0.0,0.0,0.0
34,013,34013,New Jersey,Essex,2024,891241.0,54.0,96.0,6.06,10.77
34,015,34015,New Jersey,Gloucester,2024,311263.0,0.0,4.0,0.0,1.29
34,017,34017,New Jersey,Hudson,2024,731028.0,0.0,0.0,0.0,0.0
34,019,34019,New Jersey,Hunterdon,2024,131097.0,0.0,0.0,0.0,0.0
34,021,34021,New Jersey,Mercer,2024,397329.0,3.0,3.0,0.76,0.76
34,023,34023,New Jersey,Middlesex,2024,881620.0,0.0,0.0,0.0,0.0
34,025,34025,New Jersey,Monmouth,2024,648673.0,1.0,2.0,0.15,0.31
34,029,34029,New Jersey,Ocean,2024,668395.0,3.0,5.0,0.45,0.75
34,031,34031,New Jersey,Passaic,2024,531117.0,1.0,15.0,0.19,2.82
34,033,34033,New Jersey,Salem,2024,65940.0,0.0,0.0,0.0,0.0
34,035,34035,New Jersey,Somerset,2024,355122.0,0.0,0.0,0.0,0.0
34,037,34037,New Jersey,Sussex,2024,147445.0,0.0,0.0,0.0,0.0
34,039,34039,New Jersey,Union,2024,598743.0,0.0,0.0,0.0,0.0
34,041,34041,New Jersey,Warren,2024,112424.0,0.0,0.0,0.0,0.0
35,001,35001,New Mexico,Bernalillo,2024,670181.0,675.0,1954.0,100.72,291.56
35,013,35013,New Mexico,Dona Ana,2024,228104.0,338.0,1106.0,148.18,484.87
35,043,35043,New Mexico,Sandoval,2024,157611.0,81.0,142.0,51.39,90.1
35,045,35045,New Mexico,San Juan,2024,120525.0,271.0,457.0,224.85,379.17
35,049,35049,New Mexico,Santa Fe,2024,157320.0,110.0,414.0,69.92,263.16
35,057,35057,New Mexico,Torrance,2024,15942.0,24.0,151.0,150.55,947.18
35,061,35061,New Mexico,Valencia,2024,80894.0,232.0,516.0,286.8,637.87
35,003,35003,New Mexico,Catron,2024,3823.0,5.0,15.0,130.79,392.36
35,005,35005,New Mexico,Chaves,2024,63746.0,75.0,134.0,117.65,210.21
35,006,35006,New Mexico,Cibola,2024,26755.0,5.0,19.0,18.69,71.01
35,009,35009,New Mexico,Curry,2024,47377.0,20.0,91.0,42.21,192.08
,,,New Mexico,De Baca,2024,1650.0,12.0,19.0,727.27,1151.52
35,019,35019,New Mexico,Guadalupe,2024,4362.0,0.0,8.0,0.0,183.4
35,023,35023,New Mexico,Hidalgo,2024,3951.0,5.0,7.0,126.55,177.17
35,025,35025,New Mexico,Lea,2024,74446.0,103.0,653.0,138.36,877.15
35,031,35031,New Mexico,McKinley,2024,68631.0,84.0,155.0,122.39,225.85
35,033,35033,New Mexico,Mora,2024,4092.0,10.0,11.0,244.38,268.82
35,047,35047,New Mexico,San Miguel,2024,26434.0,0.0,0.0,0.0,0.0
35,053,35053,New Mexico,Socorro,2024,15930.0,24.0,46.0,150.66,288.76
36,001,36001,New York,Albany,2024,319702.0,8.0,50.0,2.5,15.64
36,007,36007,New York,Broome,2024,195893.0,43.0,525.0,21.95,268.0
36,015,36015,New York,Chemung,2024,80837.0,16.0,126.0,19.79,155.87
36,027,36027,New York,Dutchess,2024,299256.0,24.0,326.0,8.02,108.94
36,029,36029,New York,Erie,2024,947783.0,45.0,560.0,4.75,59.09
36,043,36043,New York,Herkimer,2024,59368.0,0.0,11.0,0.0,18.53
36,045,36045,New York,Jefferson,2024,112795.0,17.0,131.0,15.07,116.14
36,051,36051,New York,Livingston,2024,61364.0,17.0,192.0,27.7,312.89
36,053,36053,New York,Madison,2024,67193.0,18.0,79.0,26.79,117.57
36,055,36055,New York,Monroe,2024,750294.0,157.0,2491.0,20.93,332.0
36,059,36059,New York,Nassau,2024,1397783.0,1744.0,11887.0,124.77,850.42
36,063,36063,New York,Niagara,2024,209380.0,34.0,505.0,16.24,241.19
36,065,36065,New York,Oneida,2024,227292.0,39.0,191.0,17.16,84.03
36,067,36067,New York,Onondaga,2024,468173.0,209.0,1188.0,44.64,253.75
36,069,36069,New York,Ontario,2024,112733.0,67.0,504.0,59.43,447.07
36,071,36071,New York,Orange,2024,415088.0,3.0,14.0,0.72,3.37
36,075,36075,New York,Oswego,2024,118182.0,27.0,246.0,22.85,208.15
36,079,36079,New York,Putnam,2024,98842.0,23.0,225.0,23.27,227.64
36,083,36083,New York,Rensselaer,2024,160014.0,18.0,146.0,11.25,91.24
36,091,36091,New York,Saratoga,2024,239834.0,76.0,995.0,31.69,414.87
36,093,36093,New York,Schenectady,2024,161747.0,5.0,18.0,3.09,11.13
36,095,36095,New York,Schoharie,2024,30235.0,3.0,31.0,9.92,102.53
36,103,36103,New York,Suffolk,2024,1543330.0,45.0,0.0,2.92,0.0
36,107,36107,New York,Tioga,2024,47545.0,18.0,257.0,37.86,540.54
36,109,36109,New York,Tompkins,2024,104394.0,21.0,269.0,20.12,257.68
36,111,36111,New York,Ulster,2024,183095.0,20.0,111.0,10.92,60.62
36,113,36113,New York,Warren,2024,65261.0,22.0,503.0,33.71,770.75
36,117,36117,New York,Wayne,2024,90988.0,38.0,256.0,41.76,281.36
36,119,36119,New York,Westchester Public Safety,2024,1009165.0,11.0,122.0,1.09,12.09
36,009,36009,New York,Cattaraugus,2024,75448.0,31.0,146.0,41.09,193.51
36,011,36011,New York,Cayuga,2024,74642.0,13.0,87.0,17.42,116.56
36,013,36013,New York,Chautauqua,2024,124697.0,26.0,232.0,20.85,186.05
36,023,36023,New York,Cortland,2024,46062.0,27.0,187.0,58.62,405.97
36,025,36025,New York,Delaware,2024,44481.0,12.0,52.0,26.98,116.9
36,031,36031,New York,Essex,2024,36539.0,0.0,2.0,0.0,5.47
36,035,36035,New York,Fulton,2024,52184.0,23.0,193.0,44.07,369.85
36,037,36037,New York,Genesee,2024,58428.0,29.0,173.0,49.63,296.09
36,039,36039,New York,Greene,2024,47311.0,17.0,23.0,35.93,48.61
36,041,36041,New York,Hamilton,2024,5083.0,1.0,5.0,19.67,98.37
36,049,36049,New York,Lewis,2024,26512.0,9.0,49.0,33.95,184.82
36,057,36057,New York,Montgomery,2024,49580.0,14.0,231.0,28.24,465.91
36,077,36077,New York,Otsego,2024,60634.0,8.0,26.0,13.19,42.88
36,097,36097,New York,Schuyler,2024,17141.0,7.0,36.0,40.84,210.02
36,099,36099,New York,Seneca,2024,32671.0,5.0,63.0,15.3,192.83
36,101,36101,New York,Steuben,2024,91939.0,21.0,101.0,22.84,109.86
36,089,36089,New York,St. Lawrence,2024,106168.0,7.0,27.0,6.59,25.43
36,105,36105,New York,Sullivan,2024,80901.0,21.0,280.0,25.96,346.1
36,121,36121,New York,Wyoming,2024,39817.0,6.0,83.0,15.07,208.45
36,123,36123,New York,Yates,2024,24434.0,8.0,70.0,32.74,286.49
37,001,37001,North Carolina,Alamance,2024,183361.0,152.0,476.0,82.9,259.6
37,003,37003,North Carolina,Alexander,2024,36749.0,80.0,283.0,217.69,770.09
37,007,37007,North Carolina,Anson,2024,21524.0,28.0,134.0,130.09,622.56
37,019,37019,North Carolina,Brunswick,2024,166889.0,195.0,877.0,116.84,525.5
37,021,37021,North Carolina,Buncombe,2024,279227.0,176.0,1216.0,63.03,435.49
37,023,37023,North Carolina,Burke,2024,88569.0,94.0,715.0,106.13,807.28
37,025,37025,North Carolina,Cabarrus,2024,245673.0,55.0,481.0,22.39,195.79
37,027,37027,North Carolina,Caldwell,2024,80854.0,64.0,635.0,79.16,785.37
37,029,37029,North Carolina,Camden,2024,11249.0,25.0,70.0,222.24,622.28
37,037,37037,North Carolina,Chatham,2024,83832.0,70.0,501.0,83.5,597.62
37,053,37053,North Carolina,Currituck,2024,32436.0,69.0,235.0,212.73,724.5
37,059,37059,North Carolina,Davie,2024,45485.0,139.0,517.0,305.6,1136.64
37,063,37063,North Carolina,Durham,2024,342314.0,91.0,494.0,26.58,144.31
37,065,37065,North Carolina,Edgecombe,2024,49066.0,76.0,240.0,154.89,489.14
37,067,37067,North Carolina,Forsyth,2024,397836.0,298.0,1205.0,74.91,302.89
37,071,37071,North Carolina,Gaston,2024,243020.0,7.0,2.0,2.88,0.82
,,,North Carolina,Gaston County Police Department,2024,243020.0,170.0,673.0,69.95,276.93
37,073,37073,North Carolina,Gates,2024,10288.0,19.0,99.0,184.68,962.29
37,081,37081,North Carolina,Guilford,2024,557059.0,295.0,803.0,52.96,144.15
37,089,37089,North Carolina,Henderson,2024,121286.0,89.0,715.0,73.38,589.52
37,093,37093,North Carolina,Hoke,2024,55659.0,292.0,853.0,524.62,1532.55
37,097,37097,North Carolina,Iredell,2024,206119.0,185.0,587.0,89.75,284.79
37,101,37101,North Carolina,Johnston,2024,249522.0,168.0,1292.0,67.33,517.79
37,109,37109,North Carolina,Lincoln,2024,97519.0,78.0,634.0,79.98,650.13
37,115,37115,North Carolina,Madison,2024,22466.0,9.0,61.0,40.06,271.52
37,125,37125,North Carolina,Moore,2024,108383.0,70.0,382.0,64.59,352.45
37,129,37129,North Carolina,New Hanover,2024,243335.0,146.0,1239.0,60.0,509.17
37,133,37133,North Carolina,Onslow,2024,214672.0,300.0,1287.0,139.75,599.52
37,135,37135,North Carolina,Orange,2024,151745.0,95.0,392.0,62.61,258.33
37,141,37141,North Carolina,Pender,2024,70150.0,83.0,380.0,118.32,541.7
37,145,37145,North Carolina,Person,2024,40266.0,58.0,236.0,144.04,586.1
37,147,37147,North Carolina,Pitt,2024,180882.0,193.0,580.0,106.7,320.65
37,157,37157,North Carolina,Rockingham,2024,93670.0,65.0,364.0,69.39,388.6
37,159,37159,North Carolina,Rowan,2024,153713.0,171.0,601.0,111.25,390.99
37,179,37179,North Carolina,Union,2024,263704.0,202.0,1240.0,76.6,470.22
37,183,37183,North Carolina,Wake,2024,1229475.0,277.0,1034.0,22.53,84.1
37,191,37191,North Carolina,Wayne,2024,121168.0,280.0,1108.0,231.08,914.43
37,197,37197,North Carolina,Yadkin,2024,38223.0,34.0,259.0,88.95,677.6
37,009,37009,North Carolina,Ashe,2024,27378.0,27.0,106.0,98.62,387.17
37,011,37011,North Carolina,Avery,2024,18103.0,23.0,171.0,127.05,944.59
37,015,37015,North Carolina,Bertie,2024,17184.0,43.0,109.0,250.23,634.31
37,017,37017,North Carolina,Bladen,2024,29967.0,41.0,301.0,136.82,1004.44
37,031,37031,North Carolina,Carteret,2024,70215.0,58.0,343.0,82.6,488.5
37,033,37033,North Carolina,Caswell,2024,22461.0,20.0,51.0,89.04,227.06
37,039,37039,North Carolina,Cherokee,2024,30415.0,65.0,295.0,213.71,969.92
37,041,37041,North Carolina,Chowan,2024,14025.0,31.0,53.0,221.03,377.9
37,043,37043,North Carolina,Clay,2024,11966.0,14.0,149.0,117.0,1245.19
37,045,37045,North Carolina,Cleveland,2024,102506.0,146.0,488.0,142.43,476.07
37,049,37049,North Carolina,Craven,2024,104173.0,90.0,378.0,86.39,362.86
37,055,37055,North Carolina,Dare,2024,38228.0,41.0,166.0,107.25,434.24
37,077,37077,North Carolina,Granville,2024,61628.0,68.0,273.0,110.34,442.98
37,083,37083,North Carolina,Halifax,2024,46993.0,136.0,379.0,289.4,806.5
37,085,37085,North Carolina,Harnett,2024,146456.0,288.0,1383.0,196.65,944.31
37,087,37087,North Carolina,Haywood,2024,63233.0,70.0,390.0,110.7,616.77
37,091,37091,North Carolina,Hertford,2024,19099.0,13.0,67.0,68.07,350.8
37,099,37099,North Carolina,Jackson,2024,44986.0,104.0,475.0,231.18,1055.88
37,105,37105,North Carolina,Lee,2024,68819.0,29.0,200.0,42.14,290.62
37,117,37117,North Carolina,Martin,2024,21562.0,31.0,161.0,143.77,746.68
37,111,37111,North Carolina,McDowell,2024,45298.0,53.0,587.0,117.0,1295.86
37,123,37123,North Carolina,Montgomery,2024,26348.0,55.0,153.0,208.74,580.69
37,131,37131,North Carolina,Northampton,2024,16526.0,73.0,350.0,441.73,2117.87
37,137,37137,North Carolina,Pamlico,2024,12688.0,22.0,124.0,173.39,977.3
37,139,37139,North Carolina,Pasquotank,2024,41620.0,77.0,151.0,185.01,362.81
37,143,37143,North Carolina,Perquimans,2024,13474.0,27.0,109.0,200.39,808.97
37,149,37149,North Carolina,Polk,2024,20388.0,39.0,121.0,191.29,593.49
37,153,37153,North Carolina,Richmond,2024,42137.0,136.0,860.0,322.76,2040.96
37,155,37155,North Carolina,Robeson,2024,119400.0,900.0,1885.0,753.77,1578.73
37,161,37161,North Carolina,Rutherford,2024,65579.0,80.0,428.0,121.99,652.65
37,163,37163,North Carolina,Sampson,2024,61077.0,105.0,690.0,171.91,1129.72
37,165,37165,North Carolina,Scotland,2024,33610.0,84.0,263.0,249.93,782.51
37,171,37171,North Carolina,Surry,2024,72066.0,78.0,431.0,108.23,598.06
37,173,37173,North Carolina,Swain,2024,14047.0,24.0,103.0,170.85,733.25
37,175,37175,North Carolina,Transylvania,2024,34209.0,26.0,140.0,76.0,409.25
37,177,37177,North Carolina,Tyrrell,2024,3498.0,9.0,34.0,257.29,971.98
37,185,37185,North Carolina,Warren,2024,19055.0,61.0,199.0,320.13,1044.35
37,189,37189,North Carolina,Watauga,2024,54921.0,19.0,134.0,34.6,243.99
37,193,37193,North Carolina,Wilkes,2024,66252.0,121.0,429.0,182.64,647.53
37,195,37195,North Carolina,Wilson,2024,80885.0,49.0,274.0,60.58,338.75
37,199,37199,North Carolina,Yancey,2024,19062.0,6.0,55.0,31.48,288.53
38,015,38015,North Dakota,Burleigh,2024,102447.0,14.0,70.0,13.67,68.33
38,017,38017,North Dakota,Cass,2024,199271.0,12.0,153.0,6.02,76.78
38,035,38035,North Dakota,Grand Forks,2024,73633.0,12.0,56.0,16.3,76.05
38,049,38049,North Dakota,McHenry,2024,5153.0,3.0,27.0,58.22,523.97
38,059,38059,North Dakota,Morton,2024,34261.0,5.0,74.0,14.59,215.99
38,101,38101,North Dakota,Ward,2024,68186.0,34.0,49.0,49.86,71.86
38,003,38003,North Dakota,Barnes,2024,10673.0,0.0,5.0,0.0,46.85
38,005,38005,North Dakota,Benson,2024,5731.0,4.0,6.0,69.8,104.69
38,007,38007,North Dakota,Billings,2024,1052.0,0.0,2.0,0.0,190.11
38,009,38009,North Dakota,Bottineau,2024,6342.0,2.0,45.0,31.54,709.56
38,019,38019,North Dakota,Cavalier,2024,3546.0,2.0,15.0,56.4,423.01
38,025,38025,North Dakota,Dunn,2024,3973.0,1.0,16.0,25.17,402.72
38,029,38029,North Dakota,Emmons,2024,3217.0,0.0,20.0,0.0,621.7
38,051,38051,North Dakota,McIntosh,2024,2467.0,0.0,5.0,0.0,202.68
38,053,38053,North Dakota,McKenzie,2024,14798.0,12.0,80.0,81.09,540.61
38,055,38055,North Dakota,McLean,2024,9803.0,9.0,49.0,91.81,499.85
38,057,38057,North Dakota,Mercer,2024,8346.0,2.0,14.0,23.96,167.75
38,061,38061,North Dakota,Mountrail,2024,9475.0,2.0,54.0,21.11,569.92
38,063,38063,North Dakota,Nelson,2024,2947.0,4.0,5.0,135.73,169.66
38,067,38067,North Dakota,Pembina,2024,6583.0,5.0,20.0,75.95,303.81
38,073,38073,North Dakota,Ransom,2024,5636.0,2.0,19.0,35.49,337.12
38,077,38077,North Dakota,Richland,2024,16688.0,2.0,28.0,11.98,167.79
38,079,38079,North Dakota,Rolette,2024,11664.0,7.0,12.0,60.01,102.88
38,081,38081,North Dakota,Sargent,2024,3724.0,5.0,9.0,134.26,241.68
38,083,38083,North Dakota,Sheridan,2024,1274.0,0.0,9.0,0.0,706.44
38,089,38089,North Dakota,Stark,2024,33694.0,13.0,67.0,38.58,198.85
38,093,38093,North Dakota,Stutsman,2024,21445.0,5.0,30.0,23.32,139.89
38,095,38095,North Dakota,Towner,2024,2037.0,0.0,5.0,0.0,245.46
38,097,38097,North Dakota,Traill,2024,7967.0,3.0,45.0,37.66,564.83
38,099,38099,North Dakota,Walsh,2024,10202.0,10.0,37.0,98.02,362.67
38,105,38105,North Dakota,Williams,2024,40755.0,16.0,122.0,39.26,299.35
39,003,39003,Ohio,Allen,2024,100952.0,79.0,439.0,78.26,434.86
39,007,39007,Ohio,Ashtabula,2024,96748.0,79.0,238.0,81.66,246.0
39,013,39013,Ohio,Belmont,2024,64764.0,99.0,90.0,152.86,138.97
39,017,39017,Ohio,Butler,2024,397781.0,54.0,684.0,13.58,171.95
39,025,39025,Ohio,Clermont,2024,214314.0,35.0,318.0,16.33,148.38
39,035,39035,Ohio,Cuyahoga,2024,1233614.0,33.0,42.0,2.68,3.4
39,041,39041,Ohio,Delaware,2024,236863.0,85.0,839.0,35.89,354.21
39,043,39043,Ohio,Erie,2024,73645.0,8.0,67.0,10.86,90.98
39,045,39045,Ohio,Fairfield,2024,167706.0,59.0,605.0,35.18,360.75
39,049,39049,Ohio,Franklin,2024,1352656.0,101.0,708.0,7.47,52.34
39,055,39055,Ohio,Geauga,2024,95300.0,7.0,96.0,7.35,100.73
39,057,39057,Ohio,Greene,2024,172148.0,24.0,282.0,13.94,163.81
39,061,39061,Ohio,Hamilton,2024,837859.0,197.0,1687.0,23.51,201.35
39,073,39073,Ohio,Hocking,2024,27460.0,36.0,141.0,131.1,513.47
39,081,39081,Ohio,Jefferson,2024,63868.0,58.0,80.0,90.81,125.26
39,089,39089,Ohio,Licking,2024,184340.0,96.0,464.0,52.08,251.71
39,095,39095,Ohio,Lucas,2024,424255.0,40.0,501.0,9.43,118.09
39,097,39097,Ohio,Madison,2024,45788.0,29.0,162.0,63.34,353.8
39,099,39099,Ohio,Mahoning,2024,224777.0,12.0,70.0,5.34,31.14
39,103,39103,Ohio,Medina,2024,184275.0,22.0,185.0,11.94,100.39
39,109,39109,Ohio,Miami,2024,111872.0,51.0,212.0,45.59,189.5
39,113,39113,Ohio,Montgomery,2024,536930.0,260.0,1087.0,48.42,202.45
39,117,39117,Ohio,Morrow,2024,36008.0,49.0,57.0,136.08,158.3
39,127,39127,Ohio,Perry,2024,35705.0,15.0,72.0,42.01,201.65
39,129,39129,Ohio,Pickaway,2024,62207.0,30.0,367.0,48.23,589.97
39,133,39133,Ohio,Portage,2024,163207.0,49.0,526.0,30.02,322.29
39,139,39139,Ohio,Richland,2024,124957.0,209.0,371.0,167.26,296.9
39,151,39151,Ohio,Stark,2024,373240.0,214.0,1216.0,57.34,325.8
39,153,39153,Ohio,Summit,2024,536945.0,112.0,697.0,20.86,129.81
39,155,39155,Ohio,Trumbull,2024,199814.0,30.0,204.0,15.01,102.09
39,159,39159,Ohio,Union,2024,71983.0,56.0,152.0,77.8,211.16
39,165,39165,Ohio,Warren,2024,255039.0,62.0,840.0,24.31,329.36
39,173,39173,Ohio,Wood,2024,133072.0,23.0,197.0,17.28,148.04
39,001,39001,Ohio,Adams,2024,27642.0,12.0,33.0,43.41,119.38
39,005,39005,Ohio,Ashland,2024,52435.0,32.0,42.0,61.03,80.1
39,009,39009,Ohio,Athens,2024,63080.0,26.0,161.0,41.22,255.23
39,021,39021,Ohio,Champaign,2024,38717.0,21.0,129.0,54.24,333.19
39,027,39027,Ohio,Clinton,2024,42046.0,5.0,35.0,11.89,83.24
39,029,39029,Ohio,Columbiana,2024,99676.0,39.0,91.0,39.13,91.3
39,031,39031,Ohio,Coshocton,2024,36999.0,33.0,312.0,89.19,843.27
39,033,39033,Ohio,Crawford,2024,41540.0,12.0,34.0,28.89,81.85
39,037,39037,Ohio,Darke,2024,51445.0,8.0,126.0,15.55,244.92
39,039,39039,Ohio,Defiance,2024,38333.0,9.0,93.0,23.48,242.61
39,047,39047,Ohio,Fayette,2024,28709.0,25.0,148.0,87.08,515.52
39,053,39053,Ohio,Gallia,2024,28956.0,37.0,72.0,127.78,248.65
39,063,39063,Ohio,Hancock,2024,74761.0,32.0,156.0,42.8,208.66
39,065,39065,Ohio,Hardin,2024,30254.0,13.0,17.0,42.97,56.19
39,067,39067,Ohio,Harrison,2024,14099.0,6.0,52.0,42.56,368.82
39,069,39069,Ohio,Henry,2024,27505.0,17.0,78.0,61.81,283.58
39,071,39071,Ohio,Highland,2024,43704.0,26.0,155.0,59.49,354.66
39,075,39075,Ohio,Holmes,2024,44743.0,0.0,118.0,0.0,263.73
39,079,39079,Ohio,Jackson,2024,32741.0,21.0,106.0,64.14,323.75
39,091,39091,Ohio,Logan,2024,46072.0,14.0,81.0,30.39,175.81
39,105,39105,Ohio,Meigs,2024,21562.0,18.0,89.0,83.48,412.76
39,107,39107,Ohio,Mercer,2024,42520.0,8.0,18.0,18.81,42.33
39,111,39111,Ohio,Monroe,2024,13067.0,6.0,9.0,45.92,68.88
39,115,39115,Ohio,Morgan,2024,13605.0,14.0,61.0,102.9,448.36
39,119,39119,Ohio,Muskingum,2024,86321.0,152.0,503.0,176.09,582.71
39,125,39125,Ohio,Paulding,2024,18757.0,18.0,54.0,95.96,287.89
39,131,39131,Ohio,Pike,2024,27076.0,30.0,257.0,110.8,949.18
39,135,39135,Ohio,Preble,2024,40718.0,14.0,92.0,34.38,225.94
39,141,39141,Ohio,Ross,2024,75998.0,62.0,656.0,81.58,863.18
39,145,39145,Ohio,Scioto,2024,71824.0,89.0,394.0,123.91,548.56
39,147,39147,Ohio,Seneca,2024,54694.0,14.0,124.0,25.6,226.72
39,149,39149,Ohio,Shelby,2024,47952.0,12.0,84.0,25.03,175.18
39,157,39157,Ohio,Tuscarawas,2024,92232.0,33.0,250.0,35.78,271.06
39,161,39161,Ohio,Van Wert,2024,28866.0,21.0,95.0,72.75,329.11
39,163,39163,Ohio,Vinton,2024,12557.0,7.0,44.0,55.75,350.4
39,167,39167,Ohio,Washington,2024,58599.0,28.0,124.0,47.78,211.61
39,169,39169,Ohio,Wayne,2024,116575.0,46.0,373.0,39.46,319.97
39,171,39171,Ohio,Williams,2024,36621.0,8.0,91.0,21.85,248.49
39,175,39175,Ohio,Wyandot,2024,21559.0,1.0,3.0,4.64,13.92
40,017,40017,Oklahoma,Canadian,2024,181644.0,14.0,128.0,7.71,70.47
40,027,40027,Oklahoma,Cleveland,2024,303401.0,46.0,174.0,15.16,57.35
40,031,40031,Oklahoma,Comanche,2024,121642.0,1.0,35.0,0.82,28.77
40,033,40033,Oklahoma,Cotton,2024,5498.0,9.0,33.0,163.7,600.22
40,037,40037,Oklahoma,Creek,2024,73929.0,19.0,246.0,25.7,332.75
40,047,40047,Oklahoma,Garfield,2024,62044.0,11.0,94.0,17.73,151.51
40,051,40051,Oklahoma,Grady,2024,58298.0,40.0,170.0,68.61,291.61
40,081,40081,Oklahoma,Lincoln,2024,35000.0,69.0,198.0,197.14,565.71
40,083,40083,Oklahoma,Logan,2024,53997.0,37.0,217.0,68.52,401.87
40,087,40087,Oklahoma,McClain,2024,48530.0,29.0,161.0,59.76,331.75
40,109,40109,Oklahoma,Oklahoma,2024,818198.0,30.0,114.0,3.67,13.93
40,111,40111,Oklahoma,Okmulgee,2024,37163.0,26.0,179.0,69.96,481.66
40,113,40113,Oklahoma,Osage,2024,46791.0,30.0,244.0,64.11,521.47
40,117,40117,Oklahoma,Pawnee,2024,16036.0,7.0,82.0,43.65,511.35
40,131,40131,Oklahoma,Rogers,2024,101170.0,39.0,249.0,38.55,246.12
40,135,40135,Oklahoma,Sequoyah,2024,40397.0,56.0,161.0,138.62,398.54
40,143,40143,Oklahoma,Tulsa,2024,694682.0,185.0,545.0,26.63,78.45
40,145,40145,Oklahoma,Wagoner,2024,91309.0,80.0,238.0,87.61,260.65
40,001,40001,Oklahoma,Adair,2024,19704.0,24.0,102.0,121.8,517.66
40,003,40003,Oklahoma,Alfalfa,2024,5721.0,2.0,52.0,34.96,908.93
40,005,40005,Oklahoma,Atoka,2024,14527.0,14.0,59.0,96.37,406.14
40,007,40007,Oklahoma,Beaver,2024,4915.0,6.0,15.0,122.08,305.19
40,009,40009,Oklahoma,Beckham,2024,22186.0,8.0,38.0,36.06,171.28
40,011,40011,Oklahoma,Blaine,2024,8522.0,11.0,46.0,129.08,539.78
40,013,40013,Oklahoma,Bryan,2024,50440.0,45.0,214.0,89.21,424.27
40,015,40015,Oklahoma,Caddo,2024,26279.0,28.0,155.0,106.55,589.82
40,019,40019,Oklahoma,Carter,2024,49168.0,13.0,173.0,26.44,351.85
40,021,40021,Oklahoma,Cherokee,2024,48765.0,57.0,264.0,116.89,541.37
40,023,40023,Oklahoma,Choctaw,2024,14226.0,18.0,59.0,126.53,414.73
40,025,40025,Oklahoma,Cimarron,2024,2121.0,0.0,3.0,0.0,141.44
40,029,40029,Oklahoma,Coal,2024,5457.0,8.0,44.0,146.6,806.3
40,035,40035,Oklahoma,Craig,2024,14474.0,22.0,115.0,152.0,794.53
40,039,40039,Oklahoma,Custer,2024,28201.0,6.0,59.0,21.28,209.21
40,041,40041,Oklahoma,Delaware,2024,41649.0,99.0,312.0,237.7,749.12
40,043,40043,Oklahoma,Dewey,2024,4271.0,1.0,30.0,23.41,702.41
40,045,40045,Oklahoma,Ellis,2024,3621.0,10.0,34.0,276.17,938.97
40,049,40049,Oklahoma,Garvin,2024,26299.0,39.0,165.0,148.29,627.4
40,053,40053,Oklahoma,Grant,2024,4132.0,2.0,38.0,48.4,919.65
40,055,40055,Oklahoma,Greer,2024,5440.0,8.0,13.0,147.06,238.97
40,057,40057,Oklahoma,Harmon,2024,2335.0,2.0,2.0,85.65,85.65
40,059,40059,Oklahoma,Harper,2024,3196.0,2.0,7.0,62.58,219.02
40,061,40061,Oklahoma,Haskell,2024,11822.0,9.0,43.0,76.13,363.73
40,063,40063,Oklahoma,Hughes,2024,13446.0,12.0,96.0,89.25,713.97
40,065,40065,Oklahoma,Jackson,2024,24627.0,6.0,16.0,24.36,64.97
40,067,40067,Oklahoma,Jefferson,2024,5422.0,3.0,13.0,55.33,239.76
40,069,40069,Oklahoma,Johnston,2024,10325.0,23.0,30.0,222.76,290.56
40,071,40071,Oklahoma,Kay,2024,43637.0,24.0,70.0,55.0,160.41
40,073,40073,Oklahoma,Kingfisher,2024,15677.0,6.0,49.0,38.27,312.56
40,075,40075,Oklahoma,Kiowa,2024,8259.0,2.0,12.0,24.22,145.3
40,077,40077,Oklahoma,Latimer,2024,9589.0,7.0,41.0,73.0,427.57
40,079,40079,Oklahoma,Le Flore,2024,49647.0,44.0,128.0,88.63,257.82
40,085,40085,Oklahoma,Love,2024,10599.0,9.0,90.0,84.91,849.14
40,093,40093,Oklahoma,Major,2024,7558.0,15.0,41.0,198.47,542.47
40,095,40095,Oklahoma,Marshall,2024,16150.0,11.0,159.0,68.11,984.52
40,097,40097,Oklahoma,Mayes,2024,40134.0,51.0,198.0,127.07,493.35
40,089,40089,Oklahoma,McCurtain,2024,30778.0,46.0,298.0,149.46,968.22
40,091,40091,Oklahoma,McIntosh,2024,19726.0,38.0,197.0,192.64,998.68
40,099,40099,Oklahoma,Murray,2024,13857.0,9.0,35.0,64.95,252.58
40,101,40101,Oklahoma,Muskogee,2024,66780.0,81.0,180.0,121.29,269.54
40,103,40103,Oklahoma,Noble,2024,10908.0,13.0,41.0,119.18,375.87
40,105,40105,Oklahoma,Nowata,2024,9526.0,10.0,70.0,104.98,734.83
40,107,40107,Oklahoma,Okfuskee,2024,11352.0,11.0,62.0,96.9,546.16
40,115,40115,Oklahoma,Ottawa,2024,30429.0,29.0,203.0,95.3,667.13
40,119,40119,Oklahoma,Payne,2024,83696.0,27.0,165.0,32.26,197.14
40,121,40121,Oklahoma,Pittsburg,2024,43471.0,49.0,261.0,112.72,600.4
40,123,40123,Oklahoma,Pontotoc,2024,38343.0,0.0,51.0,0.0,133.01
40,125,40125,Oklahoma,Pottawatomie,2024,74475.0,95.0,354.0,127.56,475.33
40,127,40127,Oklahoma,Pushmataha,2024,10860.0,10.0,50.0,92.08,460.41
40,129,40129,Oklahoma,Roger Mills,2024,3287.0,3.0,17.0,91.27,517.19
40,133,40133,Oklahoma,Seminole,2024,23354.0,23.0,198.0,98.48,847.82
40,137,40137,Oklahoma,Stephens,2024,44225.0,20.0,118.0,45.22,266.82
40,139,40139,Oklahoma,Texas,2024,20443.0,4.0,45.0,19.57,220.12
40,141,40141,Oklahoma,Tillman,2024,6798.0,5.0,17.0,73.55,250.07
40,147,40147,Oklahoma,Washington,2024,53893.0,15.0,88.0,27.83,163.29
40,149,40149,Oklahoma,Washita,2024,10820.0,3.0,44.0,27.73,406.65
40,151,40151,Oklahoma,Woods,2024,8565.0,8.0,40.0,93.4,467.02
40,153,40153,Oklahoma,Woodward,2024,19902.0,5.0,21.0,25.12,105.52
41,003,41003,Oregon,Benton,2024,97590.0,25.0,137.0,25.62,140.38
41,005,41005,Oregon,Clackamas,2024,425245.0,536.0,4127.0,126.04,970.5
41,009,41009,Oregon,Columbia,2024,53965.0,50.0,78.0,92.65,144.54
41,013,41013,Oregon,Crook,2024,27320.0,18.0,3.0,65.89,10.98
41,017,41017,Oregon,Deschutes,2024,211202.0,61.0,468.0,28.88,221.59
41,029,41029,Oregon,Jackson,2024,221347.0,215.0,835.0,97.13,377.24
41,031,41031,Oregon,Jefferson,2024,25685.0,7.0,66.0,27.25,256.96
41,033,41033,Oregon,Josephine,2024,88143.0,94.0,205.0,106.64,232.58
41,039,41039,Oregon,Lane,2024,382081.0,247.0,1032.0,64.65,270.1
41,043,41043,Oregon,Linn,2024,132584.0,99.0,652.0,74.67,491.76
41,047,41047,Oregon,Marion,2024,353218.0,140.0,1654.0,39.64,468.27
41,051,41051,Oregon,Multnomah,2024,794472.0,285.0,1338.0,35.87,168.41
41,053,41053,Oregon,Polk,2024,90205.0,43.0,204.0,47.67,226.15
41,067,41067,Oregon,Washington,2024,608613.0,465.0,2404.0,76.4,395.0
41,071,41071,Oregon,Yamhill,2024,110065.0,62.0,295.0,56.33,268.02
41,001,41001,Oregon,Baker,2024,16757.0,20.0,144.0,119.35,859.34
41,007,41007,Oregon,Clatsop,2024,41206.0,36.0,166.0,87.37,402.85
41,019,41019,Oregon,Douglas,2024,112351.0,100.0,557.0,89.01,495.77
41,021,41021,Oregon,Gilliam,2024,1984.0,4.0,41.0,201.61,2066.53
41,027,41027,Oregon,Hood River,2024,23733.0,14.0,144.0,58.99,606.75
41,035,41035,Oregon,Klamath,2024,70371.0,195.0,471.0,277.1,669.31
41,041,41041,Oregon,Lincoln,2024,50753.0,31.0,169.0,61.08,332.99
41,049,41049,Oregon,Morrow,2024,12454.0,12.0,104.0,96.35,835.07
41,055,41055,Oregon,Sherman,2024,2015.0,3.0,31.0,148.88,1538.46
41,057,41057,Oregon,Tillamook,2024,27422.0,24.0,169.0,87.52,616.29
41,059,41059,Oregon,Umatilla,2024,80958.0,41.0,307.0,50.64,379.21
41,061,41061,Oregon,Union,2024,25945.0,12.0,181.0,46.25,697.63
41,065,41065,Oregon,Wasco,2024,26461.0,17.0,93.0,64.25,351.46
42,003,42003,Pennsylvania,Allegheny,2024,1227174.0,5.0,1.0,0.41,0.08
,,,Pennsylvania,Allegheny County Police Department,2024,1227174.0,449.0,150.0,36.59,12.22
42,007,42007,Pennsylvania,Beaver,2024,165769.0,0.0,0.0,0.0,0.0
42,011,42011,Pennsylvania,Berks,2024,438379.0,4.0,0.0,0.91,0.0
42,017,42017,Pennsylvania,Bucks,2024,648416.0,0.0,0.0,0.0,0.0
42,019,42019,Pennsylvania,Butler,2024,199300.0,0.0,0.0,0.0,0.0
42,025,42025,Pennsylvania,Carbon,2024,65709.0,0.0,0.0,0.0,0.0
42,027,42027,Pennsylvania,Centre,2024,158505.0,0.0,0.0,0.0,0.0
42,029,42029,Pennsylvania,Chester,2024,554530.0,0.0,0.0,0.0,0.0
42,041,42041,Pennsylvania,Cumberland,2024,274656.0,0.0,0.0,0.0,0.0
42,049,42049,Pennsylvania,Erie,2024,266435.0,0.0,0.0,0.0,0.0
42,055,42055,Pennsylvania,Franklin,2024,159476.0,0.0,0.0,0.0,0.0
42,071,42071,Pennsylvania,Lancaster,2024,562062.0,1.0,0.0,0.18,0.0
42,073,42073,Pennsylvania,Lawrence,2024,84087.0,0.0,0.0,0.0,0.0
42,077,42077,Pennsylvania,Lehigh,2024,382939.0,0.0,0.0,0.0,0.0
42,081,42081,Pennsylvania,Lycoming,2024,112918.0,0.0,0.0,0.0,0.0
42,091,42091,Pennsylvania,Montgomery,2024,875160.0,0.0,0.0,0.0,0.0
42,095,42095,Pennsylvania,Northampton,2024,323085.0,1.0,0.0,0.31,0.0
42,125,42125,Pennsylvania,Washington,2024,210635.0,0.0,1.0,0.0,0.47
42,129,42129,Pennsylvania,Westmoreland,2024,350473.0,0.0,0.0,0.0,0.0
42,131,42131,Pennsylvania,Wyoming,2024,25857.0,0.0,0.0,0.0,0.0
42,133,42133,Pennsylvania,York,2024,469986.0,3.0,0.0,0.64,0.0
42,009,42009,Pennsylvania,Bedford,2024,47566.0,0.0,0.0,0.0,0.0
42,015,42015,Pennsylvania,Bradford,2024,59593.0,0.0,0.0,0.0,0.0
42,031,42031,Pennsylvania,Clarion,2024,36741.0,0.0,0.0,0.0,0.0
42,059,42059,Pennsylvania,Greene,2024,34142.0,0.0,0.0,0.0,0.0
42,063,42063,Pennsylvania,Indiana,2024,83257.0,0.0,0.0,0.0,0.0
42,065,42065,Pennsylvania,Jefferson,2024,43340.0,0.0,0.0,0.0,0.0
42,067,42067,Pennsylvania,Juniata,2024,23454.0,0.0,0.0,0.0,0.0
42,085,42085,Pennsylvania,Mercer,2024,108238.0,0.0,0.0,0.0,0.0
42,089,42089,Pennsylvania,Monroe,2024,166818.0,0.0,0.0,0.0,0.0
42,097,42097,Pennsylvania,Northumberland,2024,89969.0,0.0,0.0,0.0,0.0
42,103,42103,Pennsylvania,Pike,2024,62264.0,0.0,0.0,0.0,0.0
42,107,42107,Pennsylvania,Schuylkill,2024,144409.0,1.0,0.0,0.69,0.0
42,109,42109,Pennsylvania,Snyder,2024,39689.0,0.0,0.0,0.0,0.0
42,117,42117,Pennsylvania,Tioga,2024,40563.0,0.0,0.0,0.0,0.0
42,119,42119,Pennsylvania,Union,2024,42641.0,0.0,0.0,0.0,0.0
42,123,42123,Pennsylvania,Warren,2024,37311.0,0.0,0.0,0.0,0.0
42,127,42127,Pennsylvania,Wayne,2024,51362.0,0.0,0.0,0.0,0.0
45,003,45003,South Carolina,Aiken,2024,178363.0,301.0,2058.0,168.76,1153.83
45,007,45007,South Carolina,Anderson,2024,217390.0,640.0,3399.0,294.4,1563.55
45,013,45013,South Carolina,Beaufort,2024,203006.0,433.0,1659.0,213.29,817.22
45,015,45015,South Carolina,Berkeley,2024,265992.0,493.0,2236.0,185.34,840.63
45,019,45019,South Carolina,Charleston,2024,433257.0,164.0,745.0,37.85,171.95
45,023,45023,South Carolina,Chester,2024,32547.0,91.0,274.0,279.6,841.86
45,027,45027,South Carolina,Clarendon,2024,31053.0,147.0,450.0,473.38,1449.14
45,031,45031,South Carolina,Darlington,2024,62683.0,332.0,1141.0,529.65,1820.27
45,035,45035,South Carolina,Dorchester,2024,174839.0,259.0,1212.0,148.14,693.21
45,037,45037,South Carolina,Edgefield,2024,29247.0,9.0,103.0,30.77,352.17
45,039,45039,South Carolina,Fairfield,2024,20478.0,127.0,291.0,620.18,1421.04
45,041,45041,South Carolina,Florence,2024,138317.0,634.0,1943.0,458.37,1404.74
45,045,45045,South Carolina,Greenville,2024,573870.0,1480.0,6979.0,257.9,1216.13
45,051,45051,South Carolina,Horry,2024,414307.0,5.0,5.0,1.21,1.21
,,,South Carolina,Horry County Police Department,2024,414307.0,874.0,4286.0,210.95,1034.5
45,053,45053,South Carolina,Jasper,2024,36338.0,210.0,340.0,577.91,935.66
45,057,45057,South Carolina,Lancaster,2024,111299.0,277.0,1065.0,248.88,956.88
45,059,45059,South Carolina,Laurens,2024,70508.0,136.0,713.0,192.89,1011.23
45,063,45063,South Carolina,Lexington,2024,314084.0,629.0,3567.0,200.26,1135.68
45,077,45077,South Carolina,Pickens,2024,137859.0,131.0,595.0,95.02,431.6
45,079,45079,South Carolina,Richland,2024,430800.0,1468.0,5086.0,340.76,1180.59
45,081,45081,South Carolina,Saluda,2024,19569.0,28.0,102.0,143.08,521.23
45,083,45083,South Carolina,Spartanburg,2024,369934.0,1153.0,2976.0,311.68,804.47
45,085,45085,South Carolina,Sumter,2024,104788.0,389.0,1204.0,371.23,1148.99
45,087,45087,South Carolina,Union,2024,26794.0,50.0,324.0,186.61,1209.23
45,091,45091,South Carolina,York,2024,302761.0,334.0,1624.0,110.32,536.4
45,001,45001,South Carolina,Abbeville,2024,24679.0,39.0,119.0,158.03,482.19
45,005,45005,South Carolina,Allendale,2024,7531.0,10.0,32.0,132.78,424.91
45,009,45009,South Carolina,Bamberg,2024,12836.0,9.0,107.0,70.12,833.59
45,011,45011,South Carolina,Barnwell,2024,20512.0,57.0,163.0,277.89,794.66
45,021,45021,South Carolina,Cherokee,2024,57874.0,119.0,604.0,205.62,1043.65
45,025,45025,South Carolina,Chesterfield,2024,44440.0,214.0,614.0,481.55,1381.64
45,029,45029,South Carolina,Colleton,2024,39429.0,162.0,445.0,410.87,1128.61
45,033,45033,South Carolina,Dillon,2024,27581.0,166.0,351.0,601.86,1272.62
45,043,45043,South Carolina,Georgetown,2024,66132.0,131.0,516.0,198.09,780.26
45,047,45047,South Carolina,Greenwood,2024,70180.0,96.0,574.0,136.79,817.9
45,049,45049,South Carolina,Hampton,2024,18184.0,49.0,172.0,269.47,945.89
45,061,45061,South Carolina,Lee,2024,15873.0,124.0,295.0,781.2,1858.5
45,067,45067,South Carolina,Marion,2024,28504.0,126.0,347.0,442.04,1217.37
45,069,45069,South Carolina,Marlboro,2024,25544.0,132.0,365.0,516.76,1428.91
45,065,45065,South Carolina,McCormick,2024,9977.0,13.0,58.0,130.3,581.34
45,071,45071,South Carolina,Newberry,2024,39321.0,65.0,226.0,165.31,574.76
45,073,45073,South Carolina,Oconee,2024,82566.0,173.0,1034.0,209.53,1252.33
45,075,45075,South Carolina,Orangeburg,2024,83171.0,714.0,1969.0,858.47,2367.41
45,089,45089,South Carolina,Williamsburg,2024,29801.0,125.0,494.0,419.45,1657.66
46,033,46033,South Dakota,Custer,2024,9324.0,7.0,33.0,75.08,353.93
46,083,46083,South Dakota,Lincoln,2024,75123.0,21.0,155.0,27.95,206.33
46,087,46087,South Dakota,McCook,2024,5881.0,5.0,16.0,85.02,272.06
46,093,46093,South Dakota,Meade,2024,30875.0,18.0,152.0,58.3,492.31
46,099,46099,South Dakota,Minnehaha,2024,209416.0,37.0,157.0,17.67,74.97
46,103,46103,South Dakota,Pennington,2024,116312.0,142.0,241.0,122.09,207.2
46,127,46127,South Dakota,Union,2024,17373.0,10.0,13.0,57.56,74.83
46,003,46003,South Dakota,Aurora,2024,2791.0,5.0,6.0,179.15,214.98
46,005,46005,South Dakota,Beadle,2024,19522.0,5.0,7.0,25.61,35.86
46,009,46009,South Dakota,Bon Homme,2024,7151.0,3.0,1.0,41.95,13.98
46,011,46011,South Dakota,Brookings,2024,36814.0,6.0,35.0,16.3,95.07
46,013,46013,South Dakota,Brown,2024,37621.0,13.0,19.0,34.56,50.5
46,023,46023,South Dakota,Charles Mix,2024,9276.0,7.0,46.0,75.46,495.9
46,027,46027,South Dakota,Clay,2024,15190.0,2.0,20.0,13.17,131.67
46,029,46029,South Dakota,Codington,2024,29270.0,7.0,30.0,23.92,102.49
46,031,46031,South Dakota,Corson,2024,3777.0,5.0,18.0,132.38,476.57
46,035,46035,South Dakota,Davison,2024,19990.0,6.0,6.0,30.02,30.02
46,037,46037,South Dakota,Day,2024,5447.0,4.0,3.0,73.43,55.08
46,039,46039,South Dakota,Deuel,2024,4376.0,3.0,7.0,68.56,159.96
46,045,46045,South Dakota,Edmunds,2024,4031.0,4.0,0.0,99.23,0.0
46,047,46047,South Dakota,Fall River,2024,7413.0,2.0,6.0,26.98,80.94
46,049,46049,South Dakota,Faulk,2024,2180.0,0.0,0.0,0.0,0.0
46,057,46057,South Dakota,Hamlin,2024,6730.0,4.0,31.0,59.44,460.62
46,063,46063,South Dakota,Harding,2024,1312.0,0.0,0.0,0.0,0.0
46,065,46065,South Dakota,Hughes,2024,17557.0,10.0,11.0,56.96,62.65
46,067,46067,South Dakota,Hutchinson,2024,7401.0,0.0,0.0,0.0,0.0
46,071,46071,South Dakota,Jackson,2024,2716.0,1.0,15.0,36.82,552.28
46,073,46073,South Dakota,Jerauld,2024,1675.0,0.0,1.0,0.0,59.7
46,077,46077,South Dakota,Kingsbury,2024,5280.0,1.0,8.0,18.94,151.52
46,079,46079,South Dakota,Lake,2024,11044.0,5.0,11.0,45.27,99.6
46,081,46081,South Dakota,Lawrence,2024,28709.0,10.0,34.0,34.83,118.43
46,091,46091,South Dakota,Marshall,2024,4435.0,3.0,9.0,67.64,202.93
46,089,46089,South Dakota,McPherson,2024,2332.0,0.0,14.0,0.0,600.34
46,097,46097,South Dakota,Miner,2024,2279.0,1.0,2.0,43.88,87.76
46,101,46101,South Dakota,Moody,2024,6599.0,2.0,1.0,30.31,15.15
46,105,46105,South Dakota,Perkins,2024,2833.0,1.0,11.0,35.3,388.28
46,109,46109,South Dakota,Roberts,2024,10278.0,14.0,7.0,136.21,68.11
46,115,46115,South Dakota,Spink,2024,6154.0,8.0,11.0,130.0,178.75
46,117,46117,South Dakota,Stanley,2024,3001.0,4.0,8.0,133.29,266.58
46,123,46123,South Dakota,Tripp,2024,5738.0,7.0,2.0,121.99,34.86
46,129,46129,South Dakota,Walworth,2024,5244.0,0.0,3.0,0.0,57.21
46,135,46135,South Dakota,Yankton,2024,23577.0,10.0,21.0,42.41,89.07
47,001,47001,Tennessee,Anderson,2024,81574.0,66.0,236.0,80.91,289.31
47,009,47009,Tennessee,Blount,2024,142272.0,332.0,351.0,233.36,246.71
47,011,47011,Tennessee,Bradley,2024,114114.0,138.0,366.0,120.93,320.73
47,013,47013,Tennessee,Campbell,2024,40325.0,26.0,97.0,64.48,240.55
47,015,47015,Tennessee,Cannon,2024,15157.0,1.0,17.0,6.6,112.16
47,019,47019,Tennessee,Carter,2024,57368.0,117.0,409.0,203.95,712.94
47,021,47021,Tennessee,Cheatham,2024,42616.0,96.0,193.0,225.27,452.88
47,023,47023,Tennessee,Chester,2024,17841.0,27.0,41.0,151.34,229.81
47,033,47033,Tennessee,Crockett,2024,13963.0,26.0,49.0,186.21,350.93
47,043,47043,Tennessee,Dickson,2024,57804.0,115.0,230.0,198.95,397.9
47,047,47047,Tennessee,Fayette,2024,44542.0,95.0,142.0,213.28,318.8
47,053,47053,Tennessee,Gibson,2024,51645.0,38.0,78.0,73.58,151.03
47,057,47057,Tennessee,Grainger,2024,25098.0,20.0,102.0,79.69,406.41
47,063,47063,Tennessee,Hamblen,2024,68177.0,102.0,273.0,149.61,400.43
47,065,47065,Tennessee,Hamilton,2024,387268.0,323.0,644.0,83.4,166.29
47,167,47167,Tennessee,Hartsville/Trousdale,2024,12189.0,30.0,78.0,246.12,639.92
47,073,47073,Tennessee,Hawkins,2024,59422.0,51.0,254.0,85.83,427.45
47,081,47081,Tennessee,Hickman,2024,25913.0,80.0,148.0,308.73,571.14
47,089,47089,Tennessee,Jefferson,2024,59217.0,82.0,277.0,138.47,467.77
47,093,47093,Tennessee,Knox,2024,507597.0,555.0,2126.0,109.34,418.84
47,105,47105,Tennessee,Loudon,2024,62642.0,62.0,143.0,98.98,228.28
47,111,47111,Tennessee,Macon,2024,27292.0,44.0,13.0,161.22,47.63
47,113,47113,Tennessee,Madison,2024,100267.0,88.0,219.0,87.77,218.42
47,115,47115,Tennessee,Marion,2024,29761.0,44.0,66.0,147.84,221.77
47,119,47119,Tennessee,Maury,2024,114456.0,100.0,227.0,87.37,198.33
47,125,47125,Tennessee,Montgomery,2024,246281.0,183.0,388.0,74.31,157.54
47,129,47129,Tennessee,Morgan,2024,22075.0,56.0,103.0,253.68,466.59
47,139,47139,Tennessee,Polk,2024,18408.0,47.0,164.0,255.32,890.92
47,145,47145,Tennessee,Roane,2024,56769.0,39.0,156.0,68.7,274.8
47,147,47147,Tennessee,Robertson,2024,78830.0,93.0,95.0,117.98,120.51
47,149,47149,Tennessee,Rutherford,2024,380086.0,244.0,428.0,64.2,112.61
47,153,47153,Tennessee,Sequatchie,2024,17609.0,38.0,97.0,215.8,550.85
47,157,47157,Tennessee,Shelby,2024,915438.0,630.0,2660.0,68.82,290.57
47,159,47159,Tennessee,Smith,2024,20785.0,26.0,49.0,125.09,235.75
47,161,47161,Tennessee,Stewart,2024,14373.0,35.0,68.0,243.51,473.11
47,163,47163,Tennessee,Sullivan,2024,162709.0,305.0,626.0,187.45,384.74
47,165,47165,Tennessee,Sumner,2024,212181.0,113.0,202.0,53.26,95.2
47,167,47167,Tennessee,Tipton,2024,62306.0,111.0,192.0,178.15,308.16
47,171,47171,Tennessee,Unicoi,2024,17925.0,13.0,29.0,72.52,161.79
47,173,47173,Tennessee,Union,2024,21136.0,18.0,145.0,85.16,686.03
47,179,47179,Tennessee,Washington,2024,139574.0,153.0,489.0,109.62,350.35
47,187,47187,Tennessee,Williamson,2024,268486.0,125.0,231.0,46.56,86.04
47,189,47189,Tennessee,Wilson,2024,170340.0,53.0,335.0,31.11,196.67
47,003,47003,Tennessee,Bedford,2024,54458.0,71.0,146.0,130.38,268.1
47,005,47005,Tennessee,Benton,2024,16105.0,33.0,77.0,204.91,478.11
47,007,47007,Tennessee,Bledsoe,2024,15573.0,3.0,33.0,19.26,211.91
47,017,47017,Tennessee,Carroll,2024,29203.0,19.0,47.0,65.06,160.94
47,027,47027,Tennessee,Clay,2024,7810.0,1.0,8.0,12.8,102.43
47,029,47029,Tennessee,Cocke,2024,37736.0,108.0,288.0,286.2,763.2
47,031,47031,Tennessee,Coffee,2024,61473.0,114.0,279.0,185.45,453.86
47,035,47035,Tennessee,Cumberland,2024,65630.0,68.0,316.0,103.61,481.49
47,039,47039,Tennessee,Decatur,2024,11738.0,15.0,60.0,127.79,511.16
47,041,47041,Tennessee,DeKalb,2024,21684.0,31.0,53.0,142.96,244.42
47,045,47045,Tennessee,Dyer,2024,36484.0,26.0,101.0,71.26,276.83
47,049,47049,Tennessee,Fentress,2024,20021.0,76.0,155.0,379.6,774.19
47,051,47051,Tennessee,Franklin,2024,45191.0,51.0,26.0,112.85,57.53
47,055,47055,Tennessee,Giles,2024,31016.0,45.0,181.0,145.09,583.57
47,059,47059,Tennessee,Greene,2024,73345.0,175.0,473.0,238.6,644.9
47,061,47061,Tennessee,Grundy,2024,14118.0,49.0,97.0,347.07,687.07
47,067,47067,Tennessee,Hancock,2024,7046.0,12.0,86.0,170.31,1220.55
47,069,47069,Tennessee,Hardeman,2024,25527.0,40.0,134.0,156.7,524.93
47,071,47071,Tennessee,Hardin,2024,27672.0,60.0,186.0,216.83,672.16
47,075,47075,Tennessee,Haywood,2024,17211.0,31.0,103.0,180.12,598.45
47,077,47077,Tennessee,Henderson,2024,28229.0,75.0,132.0,265.68,467.6
47,079,47079,Tennessee,Henry,2024,32920.0,34.0,159.0,103.28,482.99
47,083,47083,Tennessee,Houston,2024,8525.0,25.0,35.0,293.26,410.56
47,085,47085,Tennessee,Humphreys,2024,19542.0,54.0,59.0,276.33,301.91
47,087,47087,Tennessee,Jackson,2024,12447.0,27.0,58.0,216.92,465.98
47,091,47091,Tennessee,Johnson,2024,18522.0,51.0,112.0,275.35,604.69
47,095,47095,Tennessee,Lake,2024,6339.0,2.0,22.0,31.55,347.06
47,097,47097,Tennessee,Lauderdale,2024,24540.0,81.0,145.0,330.07,590.87
47,099,47099,Tennessee,Lawrence,2024,46644.0,22.0,75.0,47.17,160.79
47,101,47101,Tennessee,Lewis,2024,13354.0,9.0,57.0,67.4,426.84
47,103,47103,Tennessee,Lincoln,2024,36715.0,52.0,148.0,141.63,403.1
47,117,47117,Tennessee,Marshall,2024,37882.0,25.0,48.0,65.99,126.71
47,107,47107,Tennessee,McMinn,2024,56732.0,81.0,221.0,142.78,389.55
47,109,47109,Tennessee,McNairy,2024,26137.0,56.0,124.0,214.26,474.42
47,121,47121,Tennessee,Meigs,2024,13990.0,34.0,101.0,243.03,721.94
47,123,47123,Tennessee,Monroe,2024,49338.0,103.0,401.0,208.76,812.76
47,127,47127,Tennessee,Moore,2024,6822.0,5.0,45.0,73.29,659.63
47,131,47131,Tennessee,Obion,2024,30256.0,52.0,93.0,171.87,307.38
47,133,47133,Tennessee,Overton,2024,23582.0,48.0,72.0,203.55,305.32
47,135,47135,Tennessee,Perry,2024,8986.0,10.0,31.0,111.28,344.98
47,141,47141,Tennessee,Putnam,2024,85011.0,59.0,191.0,69.4,224.68
47,143,47143,Tennessee,Rhea,2024,34716.0,46.0,93.0,132.5,267.89
47,151,47151,Tennessee,Scott,2024,22553.0,28.0,44.0,124.15,195.1
47,155,47155,Tennessee,Sevier,2024,101224.0,130.0,368.0,128.43,363.55
47,175,47175,Tennessee,Van Buren,2024,6683.0,7.0,33.0,104.74,493.79
47,177,47177,Tennessee,Warren,2024,43544.0,108.0,176.0,248.02,404.19
47,181,47181,Tennessee,Wayne,2024,16034.0,13.0,37.0,81.08,230.76
47,183,47183,Tennessee,Weakley,2024,33216.0,37.0,69.0,111.39,207.73
47,185,47185,Tennessee,White,2024,29227.0,33.0,79.0,112.91,270.3
48,007,48007,Texas,Aransas,2024,25686.0,44.0,108.0,171.3,420.46
48,009,48009,Texas,Archer,2024,9140.0,3.0,7.0,32.82,76.59
48,011,48011,Texas,Armstrong,2024,1814.0,2.0,7.0,110.25,385.89
48,013,48013,Texas,Atascosa,2024,52937.0,82.0,425.0,154.9,802.84
48,015,48015,Texas,Austin,2024,32878.0,27.0,122.0,82.12,371.07
48,019,48019,Texas,Bandera,2024,22790.0,14.0,127.0,61.43,557.26
48,021,48021,Texas,Bastrop,2024,115937.0,270.0,803.0,232.89,692.62
48,027,48027,Texas,Bell,2024,397439.0,65.0,519.0,16.35,130.59
48,029,48029,Texas,Bexar,2024,2138942.0,1061.0,6223.0,49.6,290.94
48,035,48035,Texas,Bosque,2024,18961.0,14.0,43.0,73.84,226.78
48,037,48037,Texas,Bowie,2024,92676.0,32.0,200.0,34.53,215.81
48,039,48039,Texas,Brazoria,2024,411416.0,221.0,1171.0,53.72,284.63
48,041,48041,Texas,Brazos,2024,248373.0,28.0,134.0,11.27,53.95
48,051,48051,Texas,Burleson,2024,20097.0,28.0,62.0,139.32,308.5
48,055,48055,Texas,Caldwell,2024,52939.0,39.0,151.0,73.67,285.23
48,059,48059,Texas,Callahan,2024,14527.0,22.0,46.0,151.44,316.65
48,061,48061,Texas,Cameron,2024,432952.0,247.0,687.0,57.05,158.68
48,065,48065,Texas,Carson,2024,5828.0,2.0,21.0,34.32,360.33
48,071,48071,Texas,Chambers,2024,55988.0,104.0,628.0,185.75,1121.67
48,077,48077,Texas,Clay,2024,10736.0,17.0,50.0,158.35,465.72
48,079,48079,Texas,Cochran,2024,2536.0,3.0,5.0,118.3,197.16
48,085,48085,Texas,Collin,2024,1254213.0,53.0,397.0,4.23,31.65
48,091,48091,Texas,Comal,2024,201486.0,129.0,679.0,64.02,337.0
48,099,48099,Texas,Coryell,2024,85173.0,7.0,50.0,8.22,58.7
48,107,48107,Texas,Crosby,2024,4953.0,5.0,32.0,100.95,646.07
48,113,48113,Texas,Dallas,2024,2664013.0,38.0,171.0,1.43,6.42
48,121,48121,Texas,Denton,2024,1046226.0,74.0,479.0,7.07,45.78
48,135,48135,Texas,Ector,2024,170654.0,85.0,375.0,49.81,219.74
48,139,48139,Texas,Ellis,2024,232454.0,120.0,391.0,51.62,168.21
48,141,48141,Texas,El Paso,2024,879894.0,329.0,961.0,37.39,109.22
48,157,48157,Texas,Fort Bend,2024,951028.0,823.0,5192.0,86.54,545.94
48,167,48167,Texas,Galveston,2024,367367.0,149.0,384.0,40.56,104.53
48,169,48169,Texas,Garza,2024,4567.0,10.0,29.0,218.96,634.99
48,175,48175,Texas,Goliad,2024,7203.0,15.0,28.0,208.25,388.73
48,181,48181,Texas,Grayson,2024,150865.0,86.0,234.0,57.0,155.11
48,183,48183,Texas,Gregg,2024,126387.0,47.0,239.0,37.19,189.1
48,199,48199,Texas,Hardin,2024,58636.0,47.0,173.0,80.16,295.04
48,201,48201,Texas,Harris,2024,4996331.0,7666.0,33050.0,153.43,661.49
48,203,48203,Texas,Harrison,2024,71410.0,72.0,365.0,100.83,511.13
48,209,48209,Texas,Hays,2024,294339.0,186.0,1014.0,63.19,344.5
48,215,48215,Texas,Hidalgo,2024,913612.0,874.0,2548.0,95.66,278.89
48,219,48219,Texas,Hockley,2024,21512.0,7.0,53.0,32.54,246.37
48,229,48229,Texas,Hudspeth,2024,3450.0,4.0,3.0,115.94,86.96
48,231,48231,Texas,Hunt,2024,119210.0,153.0,451.0,128.34,378.32
48,235,48235,Texas,Irion,2024,1509.0,2.0,14.0,132.54,927.77
48,245,48245,Texas,Jefferson,2024,254497.0,62.0,298.0,24.36,117.09
48,251,48251,Texas,Johnson,2024,211590.0,161.0,434.0,76.09,205.11
48,253,48253,Texas,Jones,2024,20802.0,12.0,46.0,57.69,221.13
48,257,48257,Texas,Kaufman,2024,198010.0,136.0,427.0,68.68,215.65
48,259,48259,Texas,Kendall,2024,51977.0,24.0,103.0,46.17,198.16
48,281,48281,Texas,Lampasas,2024,23576.0,15.0,68.0,63.62,288.43
48,291,48291,Texas,Liberty,2024,116291.0,210.0,945.0,180.58,812.62
48,303,48303,Texas,Lubbock,2024,325137.0,143.0,442.0,43.98,135.94
48,305,48305,Texas,Lynn,2024,5959.0,5.0,12.0,83.91,201.38
48,317,48317,Texas,Martin,2024,5287.0,4.0,115.0,75.66,2175.15
48,323,48323,Texas,Maverick,2024,58580.0,101.0,383.0,172.41,653.81
48,309,48309,Texas,McLennan,2024,270348.0,70.0,308.0,25.89,113.93
48,325,48325,Texas,Medina,2024,55611.0,68.0,189.0,122.28,339.86
48,329,48329,Texas,Midland,2024,184075.0,236.0,839.0,128.21,455.79
48,339,48339,Texas,Montgomery,2024,751183.0,1091.0,5336.0,145.24,710.35
48,355,48355,Texas,Nueces,2024,352925.0,63.0,139.0,17.85,39.39
48,359,48359,Texas,Oldham,2024,1794.0,1.0,14.0,55.74,780.38
48,361,48361,Texas,Orange,2024,85969.0,61.0,273.0,70.96,317.56
48,367,48367,Texas,Parker,2024,179674.0,157.0,760.0,87.38,422.99
48,375,48375,Texas,Potter,2024,114551.0,41.0,124.0,35.79,108.25
48,381,48381,Texas,Randall,2024,150283.0,49.0,94.0,32.61,62.55
48,395,48395,Texas,Robertson,2024,17625.0,13.0,83.0,73.76,470.92
48,397,48397,Texas,Rockwall,2024,136880.0,27.0,79.0,19.73,57.71
48,401,48401,Texas,Rusk,2024,54630.0,60.0,286.0,109.83,523.52
48,407,48407,Texas,San Jacinto,2024,29328.0,23.0,211.0,78.42,719.45
48,423,48423,Texas,Smith,2024,249529.0,290.0,796.0,116.22,319.0
48,439,48439,Texas,Tarrant,2024,2230038.0,149.0,687.0,6.68,30.81
48,441,48441,Texas,Taylor,2024,148390.0,27.0,93.0,18.2,62.67
48,451,48451,Texas,Tom Green,2024,120207.0,33.0,109.0,27.45,90.68
48,453,48453,Texas,Travis,2024,1374921.0,834.0,3952.0,60.66,287.43
48,459,48459,Texas,Upshur,2024,44024.0,38.0,164.0,86.32,372.52
48,469,48469,Texas,Victoria,2024,92188.0,84.0,183.0,91.12,198.51
48,473,48473,Texas,Waller,2024,66097.0,63.0,437.0,95.31,661.15
48,479,48479,Texas,Webb,2024,280570.0,53.0,167.0,18.89,59.52
48,485,48485,Texas,Wichita,2024,129524.0,22.0,49.0,16.99,37.83
48,491,48491,Texas,Williamson,2024,729013.0,210.0,1816.0,28.81,249.1
48,493,48493,Texas,Wilson,2024,55321.0,45.0,384.0,81.34,694.13
48,497,48497,Texas,Wise,2024,81292.0,77.0,527.0,94.72,648.28
48,003,48003,Texas,Andrews,2024,18798.0,3.0,66.0,15.96,351.1
48,005,48005,Texas,Angelina,2024,87958.0,150.0,500.0,170.54,568.45
48,017,48017,Texas,Bailey,2024,6891.0,6.0,16.0,87.07,232.19
48,023,48023,Texas,Baylor,2024,3482.0,0.0,3.0,0.0,86.16
48,025,48025,Texas,Bee,2024,32651.0,27.0,100.0,82.69,306.27
48,031,48031,Texas,Blanco,2024,13395.0,21.0,47.0,156.77,350.88
48,033,48033,Texas,Borden,2024,560.0,0.0,15.0,0.0,2678.57
48,043,48043,Texas,Brewster,2024,9521.0,6.0,11.0,63.02,115.53
48,045,48045,Texas,Briscoe,2024,1472.0,2.0,3.0,135.87,203.8
48,047,48047,Texas,Brooks,2024,6700.0,10.0,11.0,149.25,164.18
48,049,48049,Texas,Brown,2024,38729.0,48.0,190.0,123.94,490.59
48,053,48053,Texas,Burnet,2024,56004.0,58.0,141.0,103.56,251.77
48,057,48057,Texas,Calhoun,2024,19778.0,17.0,46.0,85.95,232.58
48,063,48063,Texas,Camp,2024,13222.0,10.0,46.0,75.63,347.91
48,069,48069,Texas,Castro,2024,7343.0,0.0,7.0,0.0,95.33
48,073,48073,Texas,Cherokee,2024,53178.0,50.0,237.0,94.02,445.67
48,075,48075,Texas,Childress,2024,6690.0,3.0,3.0,44.84,44.84
48,081,48081,Texas,Coke,2024,3388.0,3.0,17.0,88.55,501.77
48,087,48087,Texas,Collingsworth,2024,2567.0,2.0,1.0,77.91,38.96
48,089,48089,Texas,Colorado,2024,21447.0,13.0,146.0,60.61,680.75
48,093,48093,Texas,Comanche,2024,14288.0,15.0,68.0,104.98,475.92
48,095,48095,Texas,Concho,2024,3577.0,1.0,11.0,27.96,307.52
48,097,48097,Texas,Cooke,2024,44353.0,19.0,75.0,42.84,169.1
48,103,48103,Texas,Crane,2024,4591.0,4.0,45.0,87.13,980.18
48,105,48105,Texas,Crockett,2024,2803.0,6.0,24.0,214.06,856.23
48,109,48109,Texas,Culberson,2024,2273.0,0.0,0.0,0.0,0.0
48,111,48111,Texas,Dallam,2024,7447.0,0.0,0.0,0.0,0.0
48,115,48115,Texas,Dawson,2024,11852.0,1.0,33.0,8.44,278.43
48,117,48117,Texas,Deaf Smith,2024,18513.0,13.0,42.0,70.22,226.87
48,119,48119,Texas,Delta,2024,5558.0,13.0,17.0,233.9,305.87
48,123,48123,Texas,DeWitt,2024,20360.0,15.0,54.0,73.67,265.23
48,127,48127,Texas,Dimmit,2024,8216.0,40.0,173.0,486.85,2105.65
48,129,48129,Texas,Donley,2024,3219.0,6.0,24.0,186.39,745.57
48,131,48131,Texas,Duval,2024,9652.0,24.0,91.0,248.65,942.81
48,133,48133,Texas,Eastland,2024,18314.0,20.0,57.0,109.21,311.24
48,137,48137,Texas,Edwards,2024,1381.0,1.0,19.0,72.41,1375.81
48,143,48143,Texas,Erath,2024,43995.0,25.0,64.0,56.82,145.47
48,147,48147,Texas,Fannin,2024,38778.0,54.0,117.0,139.25,301.72
48,149,48149,Texas,Fayette,2024,25501.0,9.0,78.0,35.29,305.87
48,151,48151,Texas,Fisher,2024,3681.0,2.0,15.0,54.33,407.5
48,153,48153,Texas,Floyd,2024,5020.0,18.0,51.0,358.57,1015.94
48,155,48155,Texas,Foard,2024,1048.0,0.0,0.0,0.0,0.0
48,159,48159,Texas,Franklin,2024,10843.0,11.0,31.0,101.45,285.9
48,161,48161,Texas,Freestone,2024,20686.0,31.0,51.0,149.86,246.54
48,163,48163,Texas,Frio,2024,18807.0,4.0,62.0,21.27,329.66
48,165,48165,Texas,Gaines,2024,23272.0,9.0,78.0,38.67,335.17
48,171,48171,Texas,Gillespie,2024,28126.0,4.0,23.0,14.22,81.77
48,173,48173,Texas,Glasscock,2024,1145.0,0.0,41.0,0.0,3580.79
48,177,48177,Texas,Gonzales,2024,20129.0,27.0,87.0,134.13,432.21
48,179,48179,Texas,Gray,2024,20931.0,5.0,17.0,23.89,81.22
48,185,48185,Texas,Grimes,2024,33343.0,55.0,151.0,164.95,452.87
48,191,48191,Texas,Hall,2024,2797.0,0.0,2.0,0.0,71.51
48,193,48193,Texas,Hamilton,2024,8716.0,4.0,18.0,45.89,206.52
48,195,48195,Texas,Hansford,2024,5012.0,2.0,11.0,39.9,219.47
48,197,48197,Texas,Hardeman,2024,3362.0,4.0,0.0,118.98,0.0
48,205,48205,Texas,Hartley,2024,4970.0,0.0,2.0,0.0,40.24
48,207,48207,Texas,Haskell,2024,5470.0,1.0,8.0,18.28,146.25
48,211,48211,Texas,Hemphill,2024,3138.0,8.0,12.0,254.94,382.41
48,213,48213,Texas,Henderson,2024,87591.0,125.0,499.0,142.71,569.69
48,217,48217,Texas,Hill,2024,38889.0,40.0,155.0,102.86,398.57
48,221,48221,Texas,Hood,2024,69310.0,84.0,346.0,121.19,499.21
48,223,48223,Texas,Hopkins,2024,38826.0,12.0,21.0,30.91,54.09
48,225,48225,Texas,Houston,2024,22331.0,19.0,100.0,85.08,447.81
48,227,48227,Texas,Howard,2024,30568.0,44.0,288.0,143.94,942.16
48,233,48233,Texas,Hutchinson,2024,19800.0,15.0,27.0,75.76,136.36
48,237,48237,Texas,Jack,2024,9421.0,8.0,21.0,84.92,222.91
48,239,48239,Texas,Jackson,2024,15357.0,14.0,43.0,91.16,280.0
48,241,48241,Texas,Jasper,2024,32956.0,19.0,133.0,57.65,403.57
48,247,48247,Texas,Jim Hogg,2024,4611.0,3.0,27.0,65.06,585.56
48,249,48249,Texas,Jim Wells,2024,38829.0,37.0,199.0,95.29,512.5
48,255,48255,Texas,Karnes,2024,15020.0,9.0,68.0,59.92,452.73
48,261,48261,Texas,Kenedy,2024,323.0,0.0,3.0,0.0,928.79
48,265,48265,Texas,Kerr,2024,54014.0,44.0,141.0,81.46,261.04
48,267,48267,Texas,Kimble,2024,4424.0,1.0,6.0,22.6,135.62
48,269,48269,Texas,King,2024,212.0,0.0,0.0,0.0,0.0
48,271,48271,Texas,Kinney,2024,3124.0,1.0,6.0,32.01,192.06
48,273,48273,Texas,Kleberg,2024,30329.0,9.0,14.0,29.67,46.16
48,275,48275,Texas,Knox,2024,3251.0,1.0,2.0,30.76,61.52
48,277,48277,Texas,Lamar,2024,51342.0,29.0,90.0,56.48,175.3
48,279,48279,Texas,Lamb,2024,12618.0,7.0,38.0,55.48,301.16
48,283,48283,Texas,La Salle,2024,6550.0,1.0,0.0,15.27,0.0
48,285,48285,Texas,Lavaca,2024,20526.0,15.0,55.0,73.08,267.95
48,287,48287,Texas,Lee,2024,18501.0,16.0,90.0,86.48,486.46
48,289,48289,Texas,Leon,2024,16739.0,14.0,117.0,83.64,698.97
48,293,48293,Texas,Limestone,2024,22747.0,38.0,109.0,167.05,479.18
48,295,48295,Texas,Lipscomb,2024,2901.0,1.0,7.0,34.47,241.3
48,297,48297,Texas,Live Oak,2024,11858.0,15.0,39.0,126.5,328.89
48,299,48299,Texas,Llano,2024,23310.0,38.0,103.0,163.02,441.87
48,301,48301,Texas,Loving,2024,47.0,0.0,34.0,0.0,72340.43
48,313,48313,Texas,Madison,2024,14179.0,13.0,34.0,91.68,239.79
48,315,48315,Texas,Marion,2024,9831.0,13.0,76.0,132.23,773.06
48,321,48321,Texas,Matagorda,2024,36190.0,92.0,205.0,254.21,566.45
48,307,48307,Texas,McCulloch,2024,7475.0,1.0,12.0,13.38,160.54
48,311,48311,Texas,McMullen,2024,558.0,1.0,7.0,179.21,1254.48
48,327,48327,Texas,Menard,2024,1920.0,0.0,8.0,0.0,416.67
48,331,48331,Texas,Milam,2024,26254.0,27.0,93.0,102.84,354.23
48,333,48333,Texas,Mills,2024,4586.0,10.0,16.0,218.05,348.89
48,335,48335,Texas,Mitchell,2024,8955.0,0.0,9.0,0.0,100.5
48,337,48337,Texas,Montague,2024,21863.0,19.0,54.0,86.9,246.99
48,341,48341,Texas,Moore,2024,21676.0,7.0,35.0,32.29,161.47
48,343,48343,Texas,Morris,2024,12167.0,33.0,45.0,271.23,369.85
48,345,48345,Texas,Motley,2024,1003.0,2.0,2.0,199.4,199.4
48,347,48347,Texas,Nacogdoches,2024,65963.0,91.0,208.0,137.96,315.33
48,349,48349,Texas,Navarro,2024,56497.0,39.0,171.0,69.03,302.67
48,351,48351,Texas,Newton,2024,11989.0,13.0,47.0,108.43,392.03
48,353,48353,Texas,Nolan,2024,14146.0,10.0,28.0,70.69,197.94
48,357,48357,Texas,Ochiltree,2024,9462.0,11.0,18.0,116.25,190.23
48,363,48363,Texas,Palo Pinto,2024,30342.0,24.0,113.0,79.1,372.42
48,365,48365,Texas,Panola,2024,23034.0,16.0,88.0,69.46,382.04
48,369,48369,Texas,Parmer,2024,9633.0,7.0,15.0,72.67,155.71
48,371,48371,Texas,Pecos,2024,14677.0,18.0,52.0,122.64,354.3
48,373,48373,Texas,Polk,2024,53505.0,48.0,390.0,89.71,728.9
48,377,48377,Texas,Presidio,2024,5626.0,0.0,0.0,0.0,0.0
48,379,48379,Texas,Rains,2024,13323.0,2.0,18.0,15.01,135.1
48,383,48383,Texas,Reagan,2024,3146.0,3.0,37.0,95.36,1176.1
48,385,48385,Texas,Real,2024,2762.0,7.0,24.0,253.44,868.94
48,387,48387,Texas,Red River,2024,11841.0,20.0,60.0,168.9,506.71
48,389,48389,Texas,Reeves,2024,12125.0,12.0,196.0,98.97,1616.49
48,391,48391,Texas,Refugio,2024,6720.0,5.0,22.0,74.4,327.38
48,393,48393,Texas,Roberts,2024,853.0,0.0,2.0,0.0,234.47
48,399,48399,Texas,Runnels,2024,9758.0,2.0,16.0,20.5,163.97
48,403,48403,Texas,Sabine,2024,10084.0,16.0,44.0,158.67,436.33
48,405,48405,Texas,San Augustine,2024,7777.0,10.0,29.0,128.58,372.89
48,413,48413,Texas,Schleicher,2024,2292.0,1.0,12.0,43.63,523.56
48,415,48415,Texas,Scurry,2024,16157.0,7.0,23.0,43.32,142.35
48,417,48417,Texas,Shackelford,2024,3194.0,6.0,7.0,187.85,219.16
48,419,48419,Texas,Shelby,2024,24324.0,19.0,96.0,78.11,394.67
48,425,48425,Texas,Somervell,2024,10086.0,3.0,52.0,29.74,515.57
48,427,48427,Texas,Starr,2024,66398.0,136.0,227.0,204.83,341.88
48,429,48429,Texas,Stephens,2024,9414.0,5.0,21.0,53.11,223.07
48,431,48431,Texas,Sterling,2024,1373.0,1.0,2.0,72.83,145.67
48,433,48433,Texas,Stonewall,2024,1224.0,1.0,4.0,81.7,326.8
48,435,48435,Texas,Sutton,2024,3246.0,0.0,2.0,0.0,61.61
48,437,48437,Texas,Swisher,2024,6842.0,0.0,6.0,0.0,87.69
48,443,48443,Texas,Terrell,2024,711.0,0.0,0.0,0.0,0.0
48,445,48445,Texas,Terry,2024,11637.0,0.0,16.0,0.0,137.49
48,449,48449,Texas,Titus,2024,31615.0,17.0,71.0,53.77,224.58
48,455,48455,Texas,Trinity,2024,14434.0,13.0,60.0,90.07,415.69
48,457,48457,Texas,Tyler,2024,20512.0,8.0,55.0,39.0,268.14
48,463,48463,Texas,Uvalde,2024,24965.0,17.0,34.0,68.1,136.19
48,465,48465,Texas,Val Verde,2024,47779.0,61.0,78.0,127.67,163.25
48,467,48467,Texas,Van Zandt,2024,65266.0,66.0,156.0,101.12,239.02
48,471,48471,Texas,Walker,2024,83460.0,29.0,227.0,34.75,271.99
48,475,48475,Texas,Ward,2024,11081.0,17.0,130.0,153.42,1173.18
48,477,48477,Texas,Washington,2024,37683.0,32.0,84.0,84.92,222.91
48,481,48481,Texas,Wharton,2024,42065.0,46.0,175.0,109.35,416.02
48,483,48483,Texas,Wheeler,2024,4827.0,10.0,12.0,207.17,248.6
48,487,48487,Texas,Wilbarger,2024,12474.0,1.0,57.0,8.02,456.95
48,489,48489,Texas,Willacy,2024,20070.0,22.0,50.0,109.62,249.13
48,495,48495,Texas,Winkler,2024,7563.0,3.0,57.0,39.67,753.67
48,499,48499,Texas,Wood,2024,49153.0,31.0,171.0,63.07,347.89
48,501,48501,Texas,Yoakum,2024,7501.0,12.0,39.0,159.98,519.93
48,503,48503,Texas,Young,2024,18321.0,4.0,0.0,21.83,0.0
48,505,48505,Texas,Zapata,2024,13798.0,13.0,60.0,94.22,434.85
48,507,48507,Texas,Zavala,2024,9182.0,9.0,24.0,98.02,261.38
49,005,49005,Utah,Cache,2024,144667.0,49.0,174.0,33.87,120.28
49,011,49011,Utah,Davis,2024,378462.0,18.0,108.0,4.76,28.54
49,045,49045,Utah,Tooele,2024,84828.0,76.0,217.0,89.59,255.81
49,049,49049,Utah,Utah,2024,745668.0,87.0,208.0,11.67,27.89
49,053,49053,Utah,Washington,2024,208431.0,26.0,83.0,12.47,39.82
49,057,49057,Utah,Weber,2024,276217.0,78.0,541.0,28.24,195.86
49,001,49001,Utah,Beaver,2024,7362.0,12.0,52.0,163.0,706.33
49,003,49003,Utah,Box Elder,2024,63985.0,12.0,97.0,18.75,151.6
49,007,49007,Utah,Carbon,2024,20600.0,26.0,32.0,126.21,155.34
49,013,49013,Utah,Duchesne,2024,20676.0,38.0,140.0,183.79,677.11
49,015,49015,Utah,Emery,2024,10142.0,10.0,80.0,98.6,788.8
49,017,49017,Utah,Garfield,2024,5321.0,5.0,45.0,93.97,845.71
49,019,49019,Utah,Grand,2024,9700.0,15.0,26.0,154.64,268.04
49,021,49021,Utah,Iron,2024,65559.0,24.0,78.0,36.61,118.98
49,025,49025,Utah,Kane,2024,8491.0,5.0,23.0,58.89,270.88
49,027,49027,Utah,Millard,2024,13913.0,30.0,155.0,215.63,1114.07
49,031,49031,Utah,Piute,2024,1547.0,0.0,2.0,0.0,129.28
49,033,49033,Utah,Rich,2024,2740.0,1.0,6.0,36.5,218.98
49,039,49039,Utah,Sanpete,2024,30881.0,25.0,51.0,80.96,165.15
49,041,49041,Utah,Sevier,2024,22592.0,6.0,41.0,26.56,181.48
49,043,49043,Utah,Summit,2024,43250.0,74.0,274.0,171.1,633.53
49,047,49047,Utah,Uintah,2024,38154.0,36.0,95.0,94.35,248.99
49,051,49051,Utah,Wasatch,2024,37849.0,26.0,92.0,68.69,243.07
50,007,50007,Vermont,Chittenden,2024,169667.0,0.0,338.0,0.0,199.21
50,011,50011,Vermont,Franklin,2024,51141.0,7.0,91.0,13.69,177.94
50,013,50013,Vermont,Grand Isle,2024,7506.0,3.0,5.0,39.97,66.61
50,001,50001,Vermont,Addison,2024,37956.0,0.0,3.0,0.0,7.9
50,003,50003,Vermont,Bennington,2024,36985.0,6.0,14.0,16.22,37.85
50,005,50005,Vermont,Caledonia,2024,30508.0,1.0,0.0,3.28,0.0
50,009,50009,Vermont,Essex,2024,6003.0,0.0,0.0,0.0,0.0
50,015,50015,Vermont,Lamoille,2024,26149.0,7.0,35.0,26.77,133.85
50,017,50017,Vermont,Orange,2024,30011.0,0.0,0.0,0.0,0.0
50,019,50019,Vermont,Orleans,2024,27714.0,4.0,39.0,14.43,140.72
50,021,50021,Vermont,Rutland,2024,60073.0,3.0,26.0,4.99,43.28
50,023,50023,Vermont,Washington,2024,59821.0,0.0,0.0,0.0,0.0
50,025,50025,Vermont,Windham,2024,45479.0,3.0,19.0,6.6,41.78
50,027,50027,Vermont,Windsor,2024,57508.0,1.0,4.0,1.74,6.96
,,,Virginia,Albemarle County Police Department,2024,117312.0,122.0,1528.0,104.0,1302.51
51,007,51007,Virginia,Amelia,2024,13707.0,26.0,75.0,189.68,547.17
51,009,51009,Virginia,Amherst,2024,31653.0,69.0,294.0,217.99,928.82
51,011,51011,Virginia,Appomattox,2024,17003.0,22.0,87.0,129.39,511.67
,,,Virginia,Arlington County Police Department,2024,239687.0,736.0,4979.0,307.07,2077.29
51,015,51015,Virginia,Augusta,2024,78764.0,88.0,544.0,111.73,690.67
51,019,51019,Virginia,Bedford,2024,82467.0,91.0,374.0,110.35,453.51
51,023,51023,Virginia,Botetourt,2024,34057.0,43.0,221.0,126.26,648.91
51,031,51031,Virginia,Campbell,2024,55563.0,61.0,488.0,109.79,878.28
51,036,51036,Virginia,Charles City,2024,6582.0,14.0,23.0,212.7,349.44
,,,Virginia,Chesterfield County Police Department,2024,391243.0,638.0,5478.0,163.07,1400.15
51,043,51043,Virginia,Clarke,2024,15631.0,9.0,57.0,57.58,364.66
51,045,51045,Virginia,Craig,2024,4822.0,1.0,28.0,20.74,580.67
51,047,51047,Virginia,Culpeper,2024,56756.0,16.0,108.0,28.19,190.29
51,053,51053,Virginia,Dinwiddie,2024,28787.0,81.0,237.0,281.38,823.29
,,,Virginia,Fairfax County Police Department,2024,1159806.0,1079.0,16386.0,93.03,1412.82
,,,Virginia,Fairfax County Police Department,2024,26038.0,1079.0,16386.0,4143.94,62931.1
51,061,51061,Virginia,Fauquier,2024,75865.0,43.0,221.0,56.68,291.31
51,063,51063,Virginia,Floyd,2024,15713.0,8.0,47.0,50.91,299.12
51,065,51065,Virginia,Fluvanna,2024,28789.0,26.0,131.0,90.31,455.03
51,067,51067,Virginia,Franklin,2024,55612.0,70.0,345.0,125.87,620.37
51,067,51067,Virginia,Franklin,2024,8404.0,70.0,345.0,832.94,4105.19
51,069,51069,Virginia,Frederick,2024,98180.0,70.0,883.0,71.3,899.37
51,071,51071,Virginia,Giles,2024,16636.0,12.0,82.0,72.13,492.91
51,073,51073,Virginia,Gloucester,2024,40067.0,26.0,408.0,64.89,1018.29
51,075,51075,Virginia,Goochland,2024,28263.0,28.0,135.0,99.07,477.66
51,079,51079,Virginia,Greene,2024,21702.0,13.0,215.0,59.9,990.69
51,085,51085,Virginia,Hanover,2024,115553.0,185.0,824.0,160.1,713.09
,,,Virginia,Henrico County Police Department,2024,340024.0,574.0,6839.0,168.81,2011.33
51,093,51093,Virginia,Isle of Wight,2024,40890.0,45.0,166.0,110.05,405.97
,,,Virginia,James City County Police Department,2024,,108.0,750.0,,
51,097,51097,Virginia,King and Queen,2024,6726.0,10.0,30.0,148.68,446.03
51,101,51101,Virginia,King William,2024,19279.0,23.0,63.0,119.3,326.78
51,107,51107,Virginia,Loudoun,2024,443749.0,297.0,2327.0,66.93,524.4
51,115,51115,Virginia,Mathews,2024,8585.0,9.0,65.0,104.83,757.13
51,121,51121,Virginia,Montgomery,2024,98357.0,56.0,192.0,56.94,195.21
51,125,51125,Virginia,Nelson,2024,14817.0,22.0,146.0,148.48,985.35
51,127,51127,Virginia,New Kent,2024,27196.0,44.0,155.0,161.79,569.94
51,145,51145,Virginia,Powhatan,2024,32362.0,41.0,174.0,126.69,537.67
,,,Virginia,Prince George County Police Department,2024,43742.0,138.0,353.0,315.49,807.0
,,,Virginia,Prince William County Police Department,2024,498352.0,1234.0,7134.0,247.62,1431.52
51,155,51155,Virginia,Pulaski,2024,33552.0,43.0,339.0,128.16,1010.37
51,157,51157,Virginia,Rappahannock,2024,7443.0,10.0,22.0,134.35,295.58
,,,Virginia,Roanoke County Police Department,2024,97373.0,185.0,989.0,189.99,1015.68
,,,Virginia,Roanoke County Police Department,2024,98690.0,185.0,989.0,187.46,1002.13
51,165,51165,Virginia,Rockingham,2024,88319.0,57.0,260.0,64.54,294.39
51,169,51169,Virginia,Scott,2024,21388.0,36.0,256.0,168.32,1196.93
51,177,51177,Virginia,Spotsylvania,2024,152461.0,344.0,889.0,225.63,583.1
51,179,51179,Virginia,Stafford,2024,168788.0,375.0,1275.0,222.17,755.39
51,181,51181,Virginia,Surry,2024,6593.0,4.0,39.0,60.67,591.54
51,183,51183,Virginia,Sussex,2024,10742.0,25.0,102.0,232.73,949.54
51,187,51187,Virginia,Warren,2024,42484.0,36.0,200.0,84.74,470.77
51,191,51191,Virginia,Washington,2024,54114.0,53.0,467.0,97.94,862.99
51,199,51199,Virginia,York,2024,71338.0,134.0,937.0,187.84,1313.47
51,001,51001,Virginia,Accomack,2024,33747.0,44.0,232.0,130.38,687.47
51,005,51005,Virginia,Alleghany,2024,14674.0,32.0,71.0,218.07,483.85
51,017,51017,Virginia,Bath,2024,4058.0,5.0,11.0,123.21,271.07
51,021,51021,Virginia,Bland,2024,6186.0,9.0,26.0,145.49,420.3
51,025,51025,Virginia,Brunswick,2024,15763.0,21.0,92.0,133.22,583.65
51,027,51027,Virginia,Buchanan,2024,18723.0,24.0,196.0,128.18,1046.84
51,029,51029,Virginia,Buckingham,2024,17111.0,32.0,145.0,187.01,847.41
51,033,51033,Virginia,Caroline,2024,33586.0,62.0,220.0,184.6,655.03
51,035,51035,Virginia,Carroll,2024,29211.0,28.0,160.0,95.85,547.74
51,037,51037,Virginia,Charlotte,2024,11323.0,8.0,67.0,70.65,591.72
51,049,51049,Virginia,Cumberland,2024,10203.0,10.0,26.0,98.01,254.83
51,051,51051,Virginia,Dickenson,2024,13388.0,9.0,29.0,67.22,216.61
51,057,51057,Virginia,Essex,2024,10677.0,16.0,48.0,149.85,449.56
51,077,51077,Virginia,Grayson,2024,15333.0,16.0,95.0,104.35,619.58
51,081,51081,Virginia,Greensville,2024,11175.0,19.0,68.0,170.02,608.5
51,083,51083,Virginia,Halifax,2024,33554.0,27.0,169.0,80.47,503.67
51,089,51089,Virginia,Henry,2024,49523.0,97.0,573.0,195.87,1157.04
51,091,51091,Virginia,Highland,2024,2336.0,1.0,17.0,42.81,727.74
51,099,51099,Virginia,King George,2024,28900.0,37.0,244.0,128.03,844.29
51,103,51103,Virginia,Lancaster,2024,10971.0,35.0,51.0,319.02,464.86
51,105,51105,Virginia,Lee,2024,21777.0,30.0,212.0,137.76,973.5
51,109,51109,Virginia,Louisa,2024,42176.0,27.0,272.0,64.02,644.92
51,111,51111,Virginia,Lunenburg,2024,12078.0,13.0,32.0,107.63,264.94
51,113,51113,Virginia,Madison,2024,14224.0,21.0,92.0,147.64,646.79
51,117,51117,Virginia,Mecklenburg,2024,30809.0,43.0,113.0,139.57,366.78
51,119,51119,Virginia,Middlesex,2024,10941.0,12.0,92.0,109.68,840.87
51,131,51131,Virginia,Northampton,2024,12021.0,20.0,33.0,166.38,274.52
51,133,51133,Virginia,Northumberland,2024,12412.0,15.0,77.0,120.85,620.37
51,135,51135,Virginia,Nottoway,2024,15690.0,14.0,50.0,89.23,318.67
51,137,51137,Virginia,Orange,2024,39193.0,62.0,123.0,158.19,313.83
51,139,51139,Virginia,Page,2024,23687.0,18.0,75.0,75.99,316.63
51,141,51141,Virginia,Patrick,2024,17395.0,41.0,174.0,235.7,1000.29
51,143,51143,Virginia,Pittsylvania,2024,59505.0,64.0,334.0,107.55,561.3
51,147,51147,Virginia,Prince Edward,2024,22319.0,36.0,88.0,161.3,394.28
51,159,51159,Virginia,Richmond,2024,9220.0,12.0,15.0,130.15,162.69
51,159,51159,Virginia,Richmond,2024,234807.0,12.0,15.0,5.11,6.39
51,163,51163,Virginia,Rockbridge,2024,22457.0,39.0,196.0,173.67,872.78
51,167,51167,Virginia,Russell,2024,25430.0,61.0,152.0,239.87,597.72
51,171,51171,Virginia,Shenandoah,2024,45468.0,44.0,169.0,96.77,371.69
51,173,51173,Virginia,Smyth,2024,29133.0,24.0,113.0,82.38,387.88
51,175,51175,Virginia,Southampton,2024,18018.0,20.0,167.0,111.0,926.85
51,185,51185,Virginia,Tazewell,2024,38986.0,38.0,253.0,97.47,648.95
51,193,51193,Virginia,Westmoreland,2024,19338.0,20.0,63.0,103.42,325.78
51,195,51195,Virginia,Wise,2024,35035.0,43.0,171.0,122.73,488.08
53,003,53003,Washington,Asotin,2024,22538.0,10.0,74.0,44.37,328.33
53,005,53005,Washington,Benton,2024,218931.0,68.0,506.0,31.06,231.12
53,007,53007,Washington,Chelan,2024,81382.0,36.0,240.0,44.24,294.91
53,011,53011,Washington,Clark,2024,526241.0,345.0,2245.0,65.56,426.61
53,015,53015,Washington,Cowlitz,2024,113764.0,56.0,250.0,49.22,219.75
53,017,53017,Washington,Douglas,2024,45517.0,19.0,177.0,41.74,388.87
53,021,53021,Washington,Franklin,2024,101386.0,46.0,141.0,45.37,139.07
53,033,53033,Washington,King,2024,2317959.0,490.0,3374.0,21.14,145.56
53,035,53035,Washington,Kitsap,2024,280728.0,489.0,2428.0,174.19,864.89
53,053,53053,Washington,Pierce,2024,939786.0,1193.0,5826.0,126.94,619.93
53,057,53057,Washington,Skagit,2024,132250.0,121.0,501.0,91.49,378.83
53,059,53059,Washington,Skamania,2024,12644.0,7.0,87.0,55.36,688.07
53,061,53061,Washington,Snohomish,2024,861070.0,442.0,3243.0,51.33,376.62
53,063,53063,Washington,Spokane,2024,555485.0,230.0,2272.0,41.41,409.01
53,065,53065,Washington,Stevens,2024,49178.0,54.0,250.0,109.81,508.36
53,067,53067,Washington,Thurston,2024,302132.0,191.0,847.0,63.22,280.34
53,071,53071,Washington,Walla Walla,2024,62109.0,32.0,109.0,51.52,175.5
53,073,53073,Washington,Whatcom,2024,234601.0,113.0,494.0,48.17,210.57
53,077,53077,Washington,Yakima,2024,258971.0,162.0,1028.0,62.56,396.96
53,009,53009,Washington,Clallam,2024,77930.0,74.0,358.0,94.96,459.39
53,013,53013,Washington,Columbia,2024,4046.0,8.0,29.0,197.73,716.76
53,023,53023,Washington,Garfield,2024,2401.0,44.0,30.0,1832.57,1249.48
53,025,53025,Washington,Grant,2024,104834.0,109.0,687.0,103.97,655.32
53,027,53027,Washington,Grays Harbor,2024,78020.0,56.0,209.0,71.78,267.88
53,029,53029,Washington,Island,2024,85982.0,56.0,398.0,65.13,462.89
53,031,53031,Washington,Jefferson,2024,33891.0,23.0,184.0,67.86,542.92
53,037,53037,Washington,Kittitas,2024,48107.0,19.0,174.0,39.5,361.69
53,041,53041,Washington,Lewis,2024,87131.0,93.0,371.0,106.74,425.8
53,043,53043,Washington,Lincoln,2024,11827.0,14.0,84.0,118.37,710.24
53,045,53045,Washington,Mason,2024,69759.0,133.0,593.0,190.66,850.07
53,047,53047,Washington,Okanogan,2024,44648.0,39.0,268.0,87.35,600.25
53,049,53049,Washington,Pacific,2024,24237.0,7.0,50.0,28.88,206.3
53,051,53051,Washington,Pend Oreille,2024,14367.0,12.0,144.0,83.52,1002.3
53,055,53055,Washington,San Juan,2024,18556.0,6.0,102.0,32.33,549.69
53,075,53075,Washington,Whitman,2024,47863.0,3.0,36.0,6.27,75.21
54,003,54003,West Virginia,Berkeley,2024,135990.0,112.0,234.0,82.36,172.07
54,011,54011,West Virginia,Cabell,2024,91455.0,52.0,483.0,56.86,528.13
54,019,54019,West Virginia,Fayette,2024,38554.0,41.0,184.0,106.34,477.25
54,037,54037,West Virginia,Jefferson,2024,61289.0,16.0,178.0,26.11,290.43
54,039,54039,West Virginia,Kanawha,2024,173423.0,273.0,982.0,157.42,566.25
54,051,54051,West Virginia,Marshall,2024,29284.0,7.0,28.0,23.9,95.62
54,061,54061,West Virginia,Monongalia,2024,107931.0,47.0,238.0,43.55,220.51
54,065,54065,West Virginia,Morgan,2024,17806.0,16.0,43.0,89.86,241.49
54,069,54069,West Virginia,Ohio,2024,40969.0,44.0,146.0,107.4,356.37
54,077,54077,West Virginia,Preston,2024,33987.0,7.0,40.0,20.6,117.69
54,079,54079,West Virginia,Putnam,2024,56922.0,37.0,213.0,65.0,374.2
54,081,54081,West Virginia,Raleigh,2024,72185.0,127.0,580.0,175.94,803.49
54,107,54107,West Virginia,Wood,2024,82650.0,53.0,218.0,64.13,263.76
54,017,54017,West Virginia,Doddridge,2024,7642.0,16.0,39.0,209.37,510.34
54,021,54021,West Virginia,Gilmer,2024,7117.0,0.0,3.0,0.0,42.15
54,031,54031,West Virginia,Hardy,2024,14435.0,3.0,21.0,20.78,145.48
54,033,54033,West Virginia,Harrison,2024,64426.0,35.0,212.0,54.33,329.06
54,035,54035,West Virginia,Jackson,2024,27496.0,51.0,25.0,185.48,90.92
54,045,54045,West Virginia,Logan,2024,30615.0,20.0,4.0,65.33,13.07
54,049,54049,West Virginia,Marion,2024,55685.0,74.0,169.0,132.89,303.49
54,053,54053,West Virginia,Mason,2024,24765.0,10.0,50.0,40.38,201.9
54,055,54055,West Virginia,Mercer,2024,57552.0,79.0,343.0,137.27,595.98
54,057,54057,West Virginia,Mineral,2024,26751.0,19.0,62.0,71.03,231.77
54,063,54063,West Virginia,Monroe,2024,12516.0,1.0,8.0,7.99,63.92
54,067,54067,West Virginia,Nicholas,2024,23955.0,118.0,8.0,492.59,33.4
54,083,54083,West Virginia,Randolph,2024,27130.0,68.0,145.0,250.65,534.46
54,085,54085,West Virginia,Ritchie,2024,8122.0,4.0,30.0,49.25,369.37
54,087,54087,West Virginia,Roane,2024,13508.0,1.0,39.0,7.4,288.72
54,089,54089,West Virginia,Summers,2024,11584.0,2.0,23.0,17.27,198.55
54,097,54097,West Virginia,Upshur,2024,23658.0,5.0,0.0,21.13,0.0
54,103,54103,West Virginia,Wetzel,2024,13812.0,14.0,33.0,101.36,238.92
54,109,54109,West Virginia,Wyoming,2024,20007.0,34.0,17.0,169.94,84.97
55,009,55009,Wisconsin,Brown,2024,274251.0,64.0,693.0,23.34,252.69
55,015,55015,Wisconsin,Calumet,2024,53764.0,19.0,61.0,35.34,113.46
55,017,55017,Wisconsin,Chippewa,2024,67294.0,52.0,124.0,77.27,184.27
55,021,55021,Wisconsin,Columbia,2024,58005.0,43.0,140.0,74.13,241.36
55,025,55025,Wisconsin,Dane,2024,586325.0,52.0,434.0,8.87,74.02
55,031,55031,Wisconsin,Douglas,2024,43918.0,12.0,147.0,27.32,334.71
55,035,55035,Wisconsin,Eau Claire,2024,108611.0,5.0,99.0,4.6,91.15
55,039,55039,Wisconsin,Fond du Lac,2024,104721.0,18.0,76.0,17.19,72.57
55,045,55045,Wisconsin,Green,2024,37237.0,2.0,47.0,5.37,126.22
55,049,55049,Wisconsin,Iowa,2024,23975.0,18.0,19.0,75.08,79.25
55,059,55059,Wisconsin,Kenosha,2024,168448.0,86.0,353.0,51.05,209.56
55,061,55061,Wisconsin,Kewaunee,2024,20769.0,17.0,28.0,81.85,134.82
55,063,55063,Wisconsin,La Crosse,2024,120963.0,6.0,103.0,4.96,85.15
55,073,55073,Wisconsin,Marathon,2024,139094.0,84.0,193.0,60.39,138.76
55,079,55079,Wisconsin,Milwaukee,2024,924323.0,157.0,149.0,16.99,16.12
55,083,55083,Wisconsin,Oconto,2024,40006.0,20.0,135.0,49.99,337.45
55,087,55087,Wisconsin,Outagamie,2024,194785.0,38.0,167.0,19.51,85.74
55,089,55089,Wisconsin,Ozaukee,2024,93665.0,18.0,166.0,19.22,177.23
55,093,55093,Wisconsin,Pierce,2024,43306.0,12.0,42.0,27.71,96.98
55,101,55101,Wisconsin,Racine,2024,198441.0,38.0,109.0,19.15,54.93
55,105,55105,Wisconsin,Rock,2024,165665.0,40.0,163.0,24.15,98.39
55,117,55117,Wisconsin,Sheboygan,2024,118091.0,41.0,207.0,34.72,175.29
55,123,55123,Wisconsin,Vernon,2024,31365.0,19.0,50.0,60.58,159.41
55,131,55131,Wisconsin,Washington,2024,138744.0,24.0,116.0,17.3,83.61
55,133,55133,Wisconsin,Waukesha,2024,415766.0,49.0,222.0,11.79,53.4
55,139,55139,Wisconsin,Winnebago,2024,173294.0,26.0,101.0,15.0,58.28
55,001,55001,Wisconsin,Adams,2024,21565.0,49.0,64.0,227.22,296.78
55,003,55003,Wisconsin,Ashland,2024,16201.0,8.0,56.0,49.38,345.66
55,005,55005,Wisconsin,Barron,2024,46711.0,16.0,79.0,34.25,169.13
55,007,55007,Wisconsin,Bayfield,2024,16785.0,10.0,81.0,59.58,482.57
55,011,55011,Wisconsin,Buffalo,2024,13398.0,7.0,10.0,52.25,74.64
55,013,55013,Wisconsin,Burnett,2024,17188.0,33.0,183.0,191.99,1064.7
55,019,55019,Wisconsin,Clark,2024,34975.0,32.0,88.0,91.49,251.61
55,023,55023,Wisconsin,Crawford,2024,15919.0,15.0,143.0,94.23,898.3
55,027,55027,Wisconsin,Dodge,2024,88877.0,45.0,78.0,50.63,87.76
55,029,55029,Wisconsin,Door,2024,30581.0,18.0,64.0,58.86,209.28
55,041,55041,Wisconsin,Forest,2024,9514.0,20.0,16.0,210.22,168.17
55,043,55043,Wisconsin,Grant,2024,52404.0,18.0,70.0,34.35,133.58
55,047,55047,Wisconsin,Green Lake,2024,19332.0,0.0,26.0,0.0,134.49
55,053,55053,Wisconsin,Jackson,2024,21033.0,13.0,112.0,61.81,532.5
55,055,55055,Wisconsin,Jefferson,2024,86540.0,14.0,130.0,16.18,150.22
55,057,55057,Wisconsin,Juneau,2024,26646.0,41.0,74.0,153.87,277.72
55,065,55065,Wisconsin,Lafayette,2024,17347.0,4.0,29.0,23.06,167.18
55,067,55067,Wisconsin,Langlade,2024,19502.0,4.0,40.0,20.51,205.11
55,069,55069,Wisconsin,Lincoln,2024,28395.0,30.0,53.0,105.65,186.65
55,071,55071,Wisconsin,Manitowoc,2024,81883.0,32.0,80.0,39.08,97.7
55,075,55075,Wisconsin,Marinette,2024,42390.0,38.0,104.0,89.64,245.34
55,077,55077,Wisconsin,Marquette,2024,15838.0,7.0,34.0,44.2,214.67
55,078,55078,Wisconsin,Menominee,2024,4230.0,3.0,7.0,70.92,165.48
55,085,55085,Wisconsin,Oneida,2024,38175.0,42.0,65.0,110.02,170.27
55,091,55091,Wisconsin,Pepin,2024,7541.0,2.0,10.0,26.52,132.61
55,095,55095,Wisconsin,Polk,2024,45772.0,49.0,103.0,107.05,225.03
55,097,55097,Wisconsin,Portage,2024,71758.0,46.0,76.0,64.1,105.91
55,099,55099,Wisconsin,Price,2024,14112.0,8.0,39.0,56.69,276.36
55,103,55103,Wisconsin,Richland,2024,17129.0,10.0,25.0,58.38,145.95
55,107,55107,Wisconsin,Rusk,2024,14126.0,20.0,38.0,141.58,269.01
55,111,55111,Wisconsin,Sauk,2024,66553.0,23.0,171.0,34.56,256.94
55,113,55113,Wisconsin,Sawyer,2024,18791.0,27.0,71.0,143.69,377.84
55,115,55115,Wisconsin,Shawano,2024,41406.0,29.0,170.0,70.04,410.57
55,119,55119,Wisconsin,Taylor,2024,20097.0,8.0,49.0,39.81,243.82
55,121,55121,Wisconsin,Trempealeau,2024,30928.0,6.0,81.0,19.4,261.9
55,125,55125,Wisconsin,Vilas,2024,23753.0,5.0,68.0,21.05,286.28
55,127,55127,Wisconsin,Walworth,2024,106123.0,20.0,106.0,18.85,99.88
55,129,55129,Wisconsin,Washburn,2024,17024.0,14.0,67.0,82.24,393.56
55,135,55135,Wisconsin,Waupaca,2024,51429.0,18.0,23.0,35.0,44.72
55,137,55137,Wisconsin,Waushara,2024,25073.0,5.0,82.0,19.94,327.05
55,141,55141,Wisconsin,Wood,2024,74255.0,36.0,59.0,48.48,79.46
56,021,56021,Wyoming,Laramie,2024,101687.0,53.0,268.0,52.12,263.55
56,025,56025,Wyoming,Natrona,2024,80271.0,5.0,51.0,6.23,63.53
56,001,56001,Wyoming,Albany,2024,38545.0,6.0,39.0,15.57,101.18
56,005,56005,Wyoming,Campbell,2024,48092.0,32.0,91.0,66.54,189.22
56,009,56009,Wyoming,Converse,2024,13790.0,4.0,29.0,29.01,210.3
56,011,56011,Wyoming,Crook,2024,7791.0,3.0,18.0,38.51,231.04
56,015,56015,Wyoming,Goshen,2024,12639.0,2.0,21.0,15.82,166.15
56,017,56017,Wyoming,Hot Springs,2024,4606.0,0.0,3.0,0.0,65.13
56,019,56019,Wyoming,Johnson,2024,8829.0,4.0,36.0,45.31,407.75
56,023,56023,Wyoming,Lincoln,2024,20988.0,7.0,39.0,33.35,185.82
56,027,56027,Wyoming,Niobrara,2024,2315.0,4.0,13.0,172.79,561.56
56,029,56029,Wyoming,Park,2024,31107.0,17.0,50.0,54.65,160.74
56,031,56031,Wyoming,Platte,2024,8563.0,4.0,3.0,46.71,35.03
56,033,56033,Wyoming,Sheridan,2024,32933.0,10.0,19.0,30.36,57.69
56,035,56035,Wyoming,Sublette,2024,8949.0,9.0,30.0,100.57,335.23
56,037,56037,Wyoming,Sweetwater,2024,41350.0,11.0,87.0,26.6,210.4
56,039,56039,Wyoming,Teton,2024,23345.0,5.0,21.0,21.42,89.96
56,041,56041,Wyoming,Uinta,2024,20653.0,4.0,22.0,19.37,106.52
56,043,56043,Wyoming,Washakie,2024,7637.0,2.0,7.0,26.19,91.66
56,045,56045,Wyoming,Weston,2024,6870.0,2.0,25.0,29.11,363.9
