fips,state,county,Financial Well-Being,Air Pollution and Climate Risk,Security,Housing,Health and Quality of Life,Mobility and Infrastructure,Social Capital and Community,"Food, Water, Amenities"
01001,Alabama,Autauga,52.44134432466709,33.91416585995483,98.0767034451537,82.51118242235229,32.123043295438414,25.938566552901023,67.10909679507931,54.64168911149633
01003,Alabama,Baldwin,63.47495244134432,14.42400774443369,99.243943370915,78.29308199864309,38.1804083486349,35.06050263729445,52.411783748786014,53.90914679063519
01005,Alabama,Barbour,17.786937222574508,54.469183607615356,99.10322777580572,84.01713748361993,23.125886833913817,37.883959044368595,1.424409193913888,35.549466905566696
01007,Alabama,Bibb,8.909321496512366,63.98838334946757,97.65531385728788,76.66020930426706,24.029633846023376,5.088426931430362,11.20103593395921,46.265774349447334
01009,Alabama,Blount,37.79327837666455,33.88189738625363,96.9395439352402,81.74399264630082,22.10770121183935,2.3270245113248365,34.41243120751052,47.636644707056135
01011,Alabama,Bullock,3.614457831325301,78.702807357212,97.72169841937824,73.77701706545392,15.89663313490416,15.203226807322366,0.5827128520556815,23.369989531124496
01013,Alabama,Butler,17.121116043119848,57.9541787673443,,86.37988963825826,22.044262787052524,34.93639466335712,1.7481385561670444,45.78886520674136
01015,Alabama,Calhoun,43.119847812301835,13.843175217812199,96.91049899470914,84.0291720504172,27.870147891524365,56.282966180577105,23.858853998057626,38.64029300295031
01017,Alabama,Chambers,15.599239061509197,49.435301710229105,98.43580771914648,80.10836607023467,23.79044961645476,47.84362395283897,4.2408546455163485,44.47850280554796
01019,Alabama,Cherokee,13.4432466708941,40.980961600516295,94.87802874057805,92.00758422564051,23.08492529784293,15.761712690040326,13.013920362576886,44.95848596257107
01021,Alabama,Chilton,15.18706404565631,46.59567602452404,96.16639828682274,85.58808176908227,24.166302653697816,6.050263729444623,17.157656199417286,46.55128202682694
01023,Alabama,Choctaw,2.8852251109701967,47.56373023555986,97.50503823065748,84.2303846065484,22.37173461196169,2.140862550418859,3.3020394949821954,36.33251926580759
01025,Alabama,Clarke,2.536461636017755,55.8567279767667,96.55557659955112,87.42577648621533,21.572720641718828,22.68073223704623,3.3667853674328265,30.40496488423804
01027,Alabama,Clay,12.175015852885226,78.1865117779929,97.65087292121092,93.12514592446544,22.833299115833892,24.759540800496424,14.697313046293296,44.70981739163077
01029,Alabama,Cleburne,16.80405833861763,73.15262988060664,97.2028222229254,93.75654249879032,24.062950938667335,4.840210983555679,24.99190676594367,44.3242391669773
01031,Alabama,Coffee,56.37285986049461,25.492094223943205,98.86441111479166,85.93765821223629,31.809914450481884,56.22091219360844,54.54839753965685,46.39805140457659
01033,Alabama,Colbert,49.80976537729867,23.71732817037754,98.68501758328009,85.12749926474349,33.384067262824296,60.59571827489916,23.30851408222726,43.67829120835267
01035,Alabama,Conecuh,3.5193405199746355,74.4111003549532,99.499295230573,90.49821230762151,18.809152606483508,19.174681973316794,3.4315312398834577,35.77345575010584
01037,Alabama,Coosa,7.450856055802156,86.80219425621168,95.13156357819764,97.19694090469878,22.26929168483169,20.819112627986343,15.959857559080609,47.648006064272245
01039,Alabama,Covington,35.003170577045026,30.429170700225878,99.7379600184524,87.82024202703215,24.11209722897662,57.710207880856345,11.977986403366788,41.47344703069926
01041,Alabama,Crenshaw,11.826252377932784,73.95934172313649,97.37714232193797,87.41119127471457,18.01290468859281,6.205398696866283,12.334088701845255,36.72242205805376
01043,Alabama,Cullman,43.75396322130628,23.007421748951273,97.27880142265434,87.79907900830864,28.35674470745371,27.769159168476577,26.99902881191324,47.36388918307524
01045,Alabama,Dale,54.88268864933418,36.366569861245566,99.01703404293146,87.99051554060671,25.641019713651215,59.013341607198264,39.98057623826481,42.97059347057703
01047,Alabama,Dallas,12.714013950539,34.36592449177154,95.75648372064104,73.20936216913665,21.716733331784663,49.736270555383186,1.5862738750404664,40.55030724375579
01051,Alabama,Elmore,46.1001902346227,30.590513068731852,99.01037275937766,85.87924818074447,28.53102536342205,16.103009618367977,43.83295564907737,55.64094505006246
01053,Alabama,Escambia,16.67723525681674,27.202323330106488,,86.72873096512853,16.923790934456274,46.26124728513808,2.751699579151829,39.603357173157335
01055,Alabama,Etowah,35.51046290424858,15.52113585027428,99.68271909986368,83.71015587207121,30.441533314439603,53.02513186472231,23.502751699579154,41.21478198472964
01057,Alabama,Fayette,10.177552314521243,68.40916424653113,99.1238445954925,89.20358088118539,22.872753972439956,17.499224325162885,10.488831337002264,41.03315934547238
01059,Alabama,Franklin,32.11794546607483,43.27202323330106,97.32644640843604,89.98692511300096,23.488555725479916,30.46850760161341,7.640012949174491,36.155200402201366
01061,Alabama,Geneva,22.352568167406467,49.72571797353985,99.07472798458016,85.08600944212411,15.244282705139662,21.780949426000618,15.05341534477177,38.495312798005195
01063,Alabama,Greene,0.8560558021559923,75.37915456598903,98.71115489833234,73.90874689929232,13.068351852826508,9.183990071362075,2.071867918420201,18.84427448451101
01065,Alabama,Hale,2.9169308814204187,68.53823814133591,,69.72128822498934,19.39628163220391,8.067018305926155,3.722887665911298,39.47300449350964
01067,Alabama,Henry,15.0285351934052,58.08325266214908,97.39379737738324,92.36918053378687,23.08804582258076,26.093701520322682,18.646811265781807,45.67662191123096
01069,Alabama,Houston,54.28027901077997,14.84349790254921,98.12690754440868,83.47020244179507,36.646160565782,74.30964939497363,25.21851731952088,48.84449390166856
01071,Alabama,Jackson,31.99112238427394,31.719909648273635,98.3409801799189,87.75707612106608,21.89147136490067,26.714241390009306,11.42764648753642,44.477556870326495
01073,Alabama,Jefferson,60.30437539632213,2.452404001290739,97.8738091742172,71.7420758067575,45.42366957319376,44.55476264349984,32.34056328909032,52.578370961008225
01075,Alabama,Lamar,15.884590995561194,75.08873830267828,99.64493744640964,92.92032328716824,20.48109263875697,31.98883028234563,6.0537390741340245,41.72687678967744
01077,Alabama,Lauderdale,52.219403931515544,22.329783801226203,98.1280662152504,85.38281004983395,33.7089957186449,46.72665218740304,28.7795403043056,46.34726645874113
01079,Alabama,Lawrence,18.008877615726064,35.91481122942885,98.75799940747162,91.42868415585016,21.28746742656097,8.966801116971766,23.14664940110068,41.64546182395608
01081,Alabama,Lee,65.94800253646163,19.58696353662472,98.09742966190618,72.24783874012998,36.9795271450138,71.0207880856345,42.37617351893817,48.40575170392291
01083,Alabama,Limestone,53.55104629042485,7.292675056469829,,86.41044422728723,33.93990690309328,27.707105181507913,41.59922304953059,53.682122862034575
01085,Alabama,Lowndes,4.850982878883957,74.92739593417231,94.46110188483024,66.27369928988254,12.655275330062324,0.4964318957493248,1.1330527678860474,27.94121772485953
01087,Alabama,Macon,16.613823715916297,72.12003872216845,98.98874945174386,77.28734690346904,24.751330358238143,33.074775054297234,3.107801877630301,36.65196393339414
01089,Alabama,Madison,86.77869372225744,2.1297192642787994,98.5226261423066,83.53817411413226,44.29918623442074,71.76543592925844,72.35351246358044,63.00414246234258
01091,Alabama,Marengo,13.570069752694993,54.34010971281058,98.39565057667396,88.87868725420603,24.42972323051031,23.76667700899783,5.4062803496277105,39.10757512217007
01093,Alabama,Marion,22.06721623335447,42.23943207486286,99.60931864615048,91.66653606784662,20.42196451319361,47.285138070121,11.233408870184526,41.33193736482016
01095,Alabama,Marshall,37.44451490171211,18.489835430784122,98.90768746951014,90.7745126959763,29.07305556863452,43.56189885200125,24.92716089349304,45.342047921922834
01097,Alabama,Mobile,50.44388078630311,5.195224265892223,98.76066650973478,76.02430636963825,34.17137727530086,39.52838969903816,25.83360310780188,46.354457608266
01099,Alabama,Monroe,4.0266328471781865,58.922232978380116,98.40655987130356,87.70181570384918,20.91003550821935,33.44709897610922,1.2949174490126254,34.36253180951039
01101,Alabama,Montgomery,60.367786937222576,7.486285898676992,99.13567134644964,73.17536055839817,40.263956082272585,76.32640397145516,19.100032372936223,50.578793604887146
01103,Alabama,Morgan,58.49714648065948,9.293320425943854,,88.58602824530747,32.656329713495666,42.97238597579894,33.214632567173844,44.68821099969625
01105,Alabama,Perry,1.173113506658212,85.6727976766699,100.0,86.57338757496511,16.523190274166527,6.670803599131247,5.7623826481061835,21.93069111050757
01107,Alabama,Pickens,7.387444514901712,63.95611487576638,97.75140365894204,87.59332172032295,20.67619798115078,4.560968042196706,3.1401748138556167,41.7138373551289
01109,Alabama,Pike,22.986683576410908,50.75830913197805,99.15847688049833,74.68646951858679,25.780610269633794,63.97766056469128,11.330527678860472,44.29278083285565
01111,Alabama,Randolph,12.048192771084338,71.21652145853501,96.41941816498112,89.48108918671802,21.504491277653347,14.458578963698415,8.352217546131433,39.936082810152904
01113,Alabama,Russell,40.298034242232085,32.72023233301064,98.3230517444368,71.36983781468774,23.963409276839023,38.78374185541421,20.362576885723534,41.04279292954098
01115,Alabama,St Clair,42.168674698795186,24.136818328493064,98.54693731679475,86.06784203928342,25.68991246218628,5.429723859757985,45.06312722563936,56.58768644366239
01117,Alabama,Shelby,87.76157260621433,10.132300742174895,99.84219023470132,83.90234187832392,46.2055685834809,14.086255041886446,83.26319197151182,63.54254806257648
01119,Alabama,Sumter,2.7901077996195305,54.630525976121326,99.4594087770525,75.74145794924537,21.53335432145413,19.64008687558176,7.283910650696019,38.89617838192779
01121,Alabama,Talladega,28.50348763474953,21.65214585350113,97.82697915640657,82.89803245421899,23.855367866711383,38.9699038163202,7.478148268047911,42.77999334375694
01123,Alabama,Tallapoosa,27.203551046290425,40.46466602129719,98.88465865306016,88.57459179486219,27.029367495328227,31.58547936704933,5.503399158303658,46.185698952377955
01125,Alabama,Tuscaloosa,49.17564996829423,10.164569215876089,98.9366736399354,75.41786699618245,32.32576816317305,65.24976729754886,25.02427970216899,52.55880439740964
01127,Alabama,Walker,24.38173747622067,24.26589222329784,99.62647757226718,86.35950843769535,21.54587781310064,8.253180266832118,15.28002589834898,42.10382024767405
01129,Alabama,Washington,11.28725428027901,64.3433365601807,97.25565740522866,88.74207894246346,16.405849480659004,3.568104250698127,11.168662997733897,48.64813118404469
01131,Alabama,Wilcox,0.1268230818008877,72.28138109067442,98.41462074805963,71.00488218361609,8.172309823725259,4.00248215947876,0.0323729362253156,27.786556678029832
01133,Alabama,Winston,9.670259987317692,52.24265892223298,98.69948823218344,91.47042330413665,25.328143180796484,19.98138380390941,7.316283586921333,41.37756755091105
01049,Alabama,De Kalb,31.67406467977172,28.105840593739916,99.12369886631014,89.68299713304147,21.440562824272007,52.55972696245734,13.337649724830042,45.85354094472599
02013,Alaska,Aleutians East,66.55041217501585,,,76.52918508619985,36.81506015850101,99.72075705864101,13.758497895759144,38.66363066366308
02016,Alaska,Aleutians West,69.97463538363982,,,69.7233337288862,59.053613614857426,99.84486503257834,38.49142117190029,52.596017354506905
02020,Alaska,Anchorage,93.97590361445783,,,72.09218144452437,59.75271003821592,90.38163201985728,96.73033344124312,67.85814486125147
02050,Alaska,Bethel,13.06277742549144,,,32.89262986072456,49.38704618302778,99.87589202606267,8.190352865004856,22.6785666990898
02060,Alaska,Bristol Bay,68.89663918833227,,,88.5682730354194,33.562384952577936,99.5035681042507,77.33894464227905,48.26518833936285
02068,Alaska,Denali,70.48192771084338,,,67.67931172517956,50.29303455613623,82.78001861619609,93.26642926513436,42.9960923125246
02070,Alaska,Dillingham,28.72542802790108,,,56.53498748565404,43.457799346998854,99.68973006515668,15.474263515700873,37.350966831734105
02090,Alaska,Fairbanks North Star,84.62270133164236,,,68.44318757055682,55.05314855525984,90.31957803288861,98.12236969893168,63.04376051143265
02100,Alaska,Haines,33.83005707038681,,,63.05142066356617,71.6438075718214,98.47967731926776,86.5328585302687,53.942188892922765
02110,Alaska,Juneau,83.32276474318327,,,71.35570006127388,63.05700739315406,98.75892026062675,94.8527031401748,73.0021978666556
02122,Alaska,Kenai Peninsula,62.11160431198478,,,73.95269733813275,45.61983626896354,77.41234874340677,95.14405956620266,61.795048385757774
02130,Alaska,Ketchikan Gateway,71.9720989220038,,,68.13618009013703,61.95834534409116,98.94508222153273,83.61929426999029,64.66204963966143
02150,Alaska,Kodiak Island,76.18896639188333,,,59.34174241250753,56.79123569418174,99.78281104560968,89.89964389770152,60.060086905065894
02164,Alaska,Lake And Peninsula,38.68103994927077,,,77.68819743391654,21.03523963577229,99.75178405212534,26.966655875687923,26.08005852363116
02170,Alaska,Matanuska Susitna,74.12809131261889,,,75.07692055866546,38.37889609618168,8.315234253800796,97.83101327290386,63.46602481703387
02180,Alaska,Nome,25.681674064679772,,,45.15631818181192,37.54450744619995,99.96897300651567,2.233732599546779,43.29690349189037
02185,Alaska,North Slope,62.46036778693722,,,56.13489257744781,33.17883907934588,99.65870307167235,67.88604726448689,46.936866785621625
02188,Alaska,Northwest Arctic,14.87000634115409,,,46.1674476379405,21.09135622349219,99.93794601303134,8.287471673680804,38.380025554904414
02201,Alaska,Prince Of Wales Outer,41.78820545339252,,,,35.731145338826366,,,54.12852576279844
02220,Alaska,Sitka,82.68864933417882,,,75.1364267931679,83.4192968315887,99.53459509773504,94.3994820330204,62.26211221272906
02232,Alaska,Skagway-Hoonah-Angoon,44.38807863031072,,,,35.731145338826366,,,54.12852576279844
02240,Alaska,Southeast Fairbanks,45.0856055802156,,,72.25150436170158,40.848032124376694,96.58703071672355,86.27387504046618,47.47975689586679
02261,Alaska,Valdez Cordova,39.12492073557387,,,80.88807146690249,35.731145338826366,84.39342227738132,91.48591777274198,54.12852576279844
02270,Alaska,Wade Hampton,14.457831325301203,,,,35.731145338826366,96.27676078188024,,54.12852576279844
02280,Alaska,Wrangell Petersburg,58.40202916930881,,,,35.731145338826366,,,54.12852576279844
02282,Alaska,Yakutat,39.632213062777424,,,80.97574957902603,29.559143616013603,99.81383803909401,,58.2506310622543
02290,Alaska,Yukon Koyukuk,3.5827520608750794,,,55.01824083128883,14.14918591301848,98.44865032578343,15.085788280997086,5.693208144379695
02198,Alaska,Prince Of Wales-Hyder Ca,16.994292961318962,,,74.23376155942255,42.83204476711997,91.43654979832455,31.854969245710585,43.90200566173314
02158,Alaska,Kusilvak,0.570703868103995,,,45.58151192262206,10.534037891283992,92.70865653118213,0.2913564260278407,39.77833948504108
02105,Alaska,Hoonah-Angoon,30.56436271401395,,,77.11363840507123,32.43919496203564,83.40055848588271,67.4975720297831,25.870548600334292
02066,Alaska,Copper River,20.830691185795818,,,79.19668731027,39.69914384040868,,,
02063,Alaska,Chugach,87.571337983513,,,83.86350842875784,49.008190378701414,,,
02195,Alaska,Petersburg,52.56816740646798,,,73.0959844481409,49.8404595494069,99.62767607818802,61.44383295564908,62.58761775170799
02275,Alaska,Wrangell,36.810399492707674,,,87.1804101042371,67.88473647400296,99.59664908470369,50.53415344771771,55.80001742210401
02230,Alaska,Skagway Municipality,61.06531388712746,,,80.46456141032228,38.126265061490734,99.906919019547,79.31369375202331,64.37066130723208
04001,Arizona,Apache,1.014584654407102,47.75734107776702,98.5933438432387,71.02318691785165,5.436388255516398,13.27955321129383,26.18970540628035,7.326953321422333
04003,Arizona,Cochise,47.463538363982245,18.554372378186514,98.50890831283752,79.17499593878837,36.028469711091596,71.6103009618368,65.13434768533506,44.73708873524967
04005,Arizona,Coconino,58.14838300570704,21.329461116489192,98.70912750456804,55.77425331550618,40.60249625542176,84.23828730995966,76.52962123664616,50.74180379332632
04007,Arizona,Gila,11.477488902980342,11.261697321716682,96.9223573165368,69.18410758685368,25.45014070704553,70.21408625504188,28.61767562317902,46.25499378077973
04009,Arizona,Graham,33.76664552948637,44.30461439173927,99.32376367015104,78.67642421498715,29.773109866893883,65.8703071672355,22.369698931693105,47.58297182498392
04011,Arizona,Greenlee,24.15979708306912,83.47854146498871,98.98080937867564,93.2446925749792,36.358276485869666,73.78219050573999,46.32567173842668,52.98560737282321
04012,Arizona,La Paz,15.630944831959418,30.235559858018718,95.94338704649196,71.50917626116674,21.0777623849429,89.32671424139001,12.431207510521205,29.86046519575927
04013,Arizona,Maricopa,80.53265694356372,0.1936108422071636,,66.29406044512129,46.105969125014894,31.120074464784366,83.58692133376498,67.21411734200682
04015,Arizona,Mohave,25.142675967026,16.4891900613101,97.60383582879264,73.18838362467044,25.531530462618004,81.69407384424449,42.89414049854322,42.22257126616303
04017,Arizona,Navajo,5.3265694356372855,32.78476928041304,98.87400004754832,70.40446782419905,19.10343991798437,36.27055538318336,19.65037228876659,24.365147091754626
04019,Arizona,Pima,62.777425491439445,3.03323652791223,97.8515176177484,72.04820378166683,42.399311443354016,44.43065466956252,60.92586597604402,60.900709858590695
04021,Arizona,Pinal,26.69625871908687,7.55082284607938,98.7185007790391,69.28610356627117,30.53534222357417,10.797393732547306,73.58368404014244,53.572338934358974
04023,Arizona,Santa Cruz,21.116043119847813,20.07099064214263,99.27265043480432,77.40646871288091,35.858634284903765,72.44802978591375,10.84493363548074,40.87960839509412
04025,Arizona,Yavapai,51.8706404565631,19.10293643110681,98.26507326277569,68.3101399760304,40.71275731830709,64.72230840831523,72.12690191000324,53.77075486110412
04027,Arizona,Yuma,12.840837032339886,6.06647305582446,98.29797294146242,71.37065252525451,34.05432445474836,76.54359292584549,27.031401748138556,41.48755524210842
05001,Arkansas,Arkansas,27.235256816740648,35.721200387221685,97.5823919814597,87.03628501916795,22.099003755619588,81.35277691591685,7.542894140498543,35.401845445172185
05003,Arkansas,Ashley,5.7704502219403935,52.53307518554372,98.07618218843102,84.32822831384209,17.48140486964575,65.56003723239218,10.780187763030106,35.17019702782396
05005,Arkansas,Baxter,34.6861128725428,17.19909648273637,97.2999232609879,85.27705239803961,32.3808750984965,92.1811976419485,32.85853026869537,42.198013647694765
05007,Arkansas,Benton,82.6569435637286,14.811229428848016,99.18040994904338,88.58825366467813,40.79725347180466,78.99472541110767,71.80317254775008,59.12781843595731
05009,Arkansas,Boone,36.71528218135701,49.01581155211359,95.80997001324371,91.36046700352225,27.638150041120586,80.76326403971456,30.56005179669796,46.90958971726923
05011,Arkansas,Bradley,14.933417882054536,74.73378509196516,97.69846804478958,86.41483564686769,22.32961632424406,51.877133105802045,8.22272580123017,40.02649693999774
05013,Arkansas,Calhoun,13.348129359543435,94.25621168118748,94.5613167400168,94.60877541533064,17.23197413929878,41.576171269004035,17.12528326319197,36.27889692909703
05015,Arkansas,Carroll,38.300570703868104,49.08034849951598,97.79312435927972,82.86695791285788,28.83576561324062,72.13775985107043,29.653609582389123,48.58181829149404
05017,Arkansas,Chicot,1.3316423589093214,52.88802839625686,98.26494069335516,80.03830288356257,22.283738064902,69.59354638535527,4.208481709291033,31.272795910532064
05019,Arkansas,Clark,35.85922637920101,56.66343981929655,98.57951112737553,83.772460965779,26.56635887608,70.55538318336953,24.085464551634832,39.74005948366404
05021,Arkansas,Clay,16.83576410906785,28.84801548886738,97.26115481919511,89.24221698102977,22.097765901219724,43.313682904126594,12.593072191647783,37.44390358251509
05023,Arkansas,Cleburne,22.003804692454025,36.172959019038395,89.33343809087081,89.2164452981661,27.70216832764339,21.905057399937945,45.3544836516672,43.733083210335096
05025,Arkansas,Cleveland,14.331008243500316,90.80348499515974,93.70492868327736,93.81600525342785,16.018802137269773,5.802047781569954,24.83004208481709,43.7211680060183
05027,Arkansas,Columbia,12.39695624603678,60.34204582123266,97.1905489566253,81.6932381732404,27.345112595453,71.73440893577413,23.5998705082551,40.08737904365586
05029,Arkansas,Conway,21.97209892200381,1.96837689577283,94.79004210647756,89.8456197337139,24.563055284919983,26.900403350915298,25.6717384266753,35.46284140087553
05031,Arkansas,Craighead,50.09511731135067,12.87512100677638,98.94221213930136,81.85982642220684,36.33215149857341,88.4269314303444,37.97345419229524,43.20331834973216
05033,Arkansas,Crawford,44.19784400760938,28.55759922555663,98.05691803114082,88.63106268510357,24.137952627456738,57.865342848278,42.47329232761412,38.856967157408086
05035,Arkansas,Crittenden,27.679137603043753,10.1000322684737,94.73365332960988,70.38140229666341,25.7521832116405,52.52869996897301,9.06442214308838,44.18867844733222
05037,Arkansas,Cross,16.16994292961319,29.2675056469829,95.5726756587104,83.95578174558197,23.682218525723854,44.83400558485883,13.305276788604726,41.56665403314936
05039,Arkansas,Dallas,9.892200380469246,88.25427557276541,96.07142064509765,88.93313630693004,26.080462624944023,31.089047471300034,10.22984784719974,31.68383367308109
05041,Arkansas,Desha,3.836398224476855,60.471119716037435,98.337330177244,79.64909337894082,16.919433255140877,74.89916227117592,2.7193266429265135,30.192520336294155
05043,Arkansas,Drew,17.46987951807229,66.05356566634399,97.22145729743733,83.46224574556284,30.98495463089228,67.91808873720137,15.700874069278084,40.81412586648818
05045,Arkansas,Faulkner,69.7844007609385,10.90674411100355,97.76659404439272,79.23784253350014,30.12801290186716,34.59509773502948,64.1955325348009,47.93371150287046
05047,Arkansas,Franklin,26.94990488268865,56.11487576637625,94.60740619915715,88.35279900226385,19.45397952648882,25.069810735339743,22.75817416639689,37.85559376389877
05049,Arkansas,Fulton,15.218769816106532,60.37431429493385,95.26058509876168,84.80736141833576,16.26507497325657,18.98852001241079,17.837487860148915,36.20737884425792
05051,Arkansas,Garland,36.556753329105895,21.135850274282024,93.7229330960376,78.27577767175003,33.68152097299473,68.25938566552901,42.8617675623179,37.361025241127486
05053,Arkansas,Grant,27.457197209892197,82.57502420135528,96.48554702762112,92.6961445762484,24.22476988823466,5.67793980763264,44.998381353188734,44.42133888562456
05055,Arkansas,Greene,21.33798351299937,20.393675379154566,97.27478578850663,84.92974582754698,26.112404843566456,67.98014272417004,32.016833926837165,45.14477201023774
05057,Arkansas,Hempstead,19.879518072289155,46.2729912875121,96.12745848301896,85.75063221851482,23.41788278234355,57.83431585479367,4.855940433797345,34.423591756293995
05059,Arkansas,Hot Spring,18.76981610653139,43.91739270732494,98.80211051287095,85.68346362254773,19.810142857754528,17.375116351225557,28.13208157979929,34.95629192486149
05061,Arkansas,Howard,36.74698795180723,50.855114553081634,98.14032649898762,85.78926426322595,24.69126829772233,67.73192677629538,11.006798316607316,47.438215058295114
05063,Arkansas,Independence,29.86683576410907,34.430461439173925,93.25775603392135,85.55164292006765,26.707424723237192,77.9398076326404,23.43800582712852,37.033306434812346
05065,Arkansas,Izard,8.402029169308815,60.696999031945786,91.29780491594896,86.837599716322,21.633218946603105,21.191436549798325,16.801553900938814,33.94050628477459
05067,Arkansas,Jackson,4.375396322130628,29.428848015488867,96.51630254841194,85.18534066805243,20.051077370618493,55.134967421656846,6.5717060537390735,31.4317961951788
05069,Arkansas,Jefferson,20.89410272669626,19.94191674733785,97.17489064468889,80.3120183510649,26.27446167871333,66.02544213465715,8.67594690838459,42.95775432520998
05071,Arkansas,Johnson,20.16487000634115,46.66021297192643,95.92891682701575,83.10511705161943,21.69933839571745,76.63667390629848,19.974101651019748,28.46675743412927
05073,Arkansas,Lafayette,2.314521242866202,72.15230719586964,96.68894919914214,89.70176084390965,15.422743191879263,15.048091839900707,23.340887018452573,31.82484134456777
05075,Arkansas,Lawrence,11.065313887127456,29.009357857373345,96.9317498899004,90.8467592464446,16.763966772134477,30.31337263419175,20.135966332146328,33.74617233800506
05077,Arkansas,Lee,1.3950538998097652,52.016779606324626,97.05802357932016,71.90601011520822,16.626468767086312,48.091839900713616,7.510521204273228,31.02024621566689
05079,Arkansas,Lincoln,5.865567533291059,71.08744756373024,97.82806162163172,90.56218041311992,20.203033202346084,24.29413589823146,11.26578180640984,30.32715577373746
05081,Arkansas,Little River,12.492073557387444,52.6621490803485,96.41305826142926,90.7494147042722,23.029711005105113,18.461061123177174,22.62868242149563,51.205149664774424
05083,Arkansas,Logan,25.8719086873811,61.245563084866085,94.69918973226754,90.24082824304482,21.577608336727216,28.172510083772877,22.04596956943995,40.09713251665852
05085,Arkansas,Lonoke,59.63855421686747,23.491448854469184,97.07765537020036,87.32869989901074,27.05441044054385,18.08873720136519,76.04402719326643,50.72265315034671
05087,Arkansas,Madison,30.754597336715285,67.66698935140369,94.73609669604572,85.71542844908267,22.836943793635033,5.150480918398998,29.103269666558756,45.45320980208425
05089,Arkansas,Marion,12.206721623335447,64.8596321393998,95.9872537519627,86.62980709469626,19.419172167100665,30.71672354948805,33.02039494982195,43.99655509270543
05091,Arkansas,Miller,37.12745719720989,20.26460148434979,97.83513627528806,76.82603149257437,26.400420877029035,74.43375736891096,17.319520880543866,38.849735952316166
05093,Arkansas,Mississippi,20.196575776791377,15.359793481768314,97.7613574472006,85.1470891302354,19.427142800328426,73.99937946013031,3.5286500485594043,39.697028129436056
05095,Arkansas,Monroe,5.358275206087508,56.85705066150371,97.97097187867897,83.85053966375654,19.97812153648271,34.65715172199813,12.366461638070572,32.67065847338656
05097,Arkansas,Montgomery,10.209258084971465,78.60600193610843,95.96650510361349,90.4599246050458,24.04190369828538,12.255662426310892,15.539009388151506,33.048475652298606
05099,Arkansas,Nevada,6.8484464172479385,71.70054856405292,97.39896789661546,73.30698724870162,20.645870175012277,20.353707725721378,8.481709291032697,19.232207290727352
05101,Arkansas,Newton,14.267596702599874,90.57760567925138,94.93822033835288,84.7952490450504,25.011408397306916,1.27210673285758,37.455487212690194,42.375209593781285
05103,Arkansas,Ouachita,26.03043753963221,46.14391739270732,96.6785238424157,88.37132433653775,21.2666116809633,72.47905677939808,13.402395597280671,37.05060998002794
05105,Arkansas,Perry,15.091946734305644,51.919974185221044,94.0481093945707,89.8695118147586,23.136376091278457,1.799565622091194,32.761411460019424,41.69728554518779
05107,Arkansas,Phillips,8.211794546607482,34.10777670216199,98.7298620958374,74.6959594821888,14.713638343026757,75.55072913434688,0.4532211071544189,28.427641889928772
05109,Arkansas,Pike,13.696892834495875,76.83123588254276,97.8564666141115,88.5222757774611,20.425738020524268,20.974247595408002,12.722563936549044,36.71207686481157
05111,Arkansas,Poinsett,7.67279644895371,25.685705066150373,96.19985650112628,88.31138921751113,12.253677917865302,35.43282655910642,11.557138232437682,34.7002090553198
05113,Arkansas,Polk,17.913760304375394,57.405614714424004,94.82073030544672,83.27924462387739,26.633495024343627,76.41948495190816,16.121722240207188,34.48263300557915
05115,Arkansas,Pope,45.05389980976538,16.36011616650532,97.5478590457138,87.37704619939745,31.587486247047227,75.14737821905058,45.19261897054063,40.8410721429337
05117,Arkansas,Prairie,13.760304375396323,53.33978702807357,95.75184497057737,94.92167079940452,19.01057659218339,18.80235805150481,13.240530916154094,45.00463177110743
05119,Arkansas,Pulaski,66.64552948636651,4.872539528880284,97.5277614039234,76.47337851689694,41.67275957573879,75.7679180887372,49.012625445127874,52.29704675422582
05121,Arkansas,Randolph,18.48446417247939,36.46337528234915,96.53867635710137,91.94158963395198,18.830561216311363,54.39031957803289,13.49951440595662,35.883365909120535
05123,Arkansas,St Francis,21.36968928344959,23.45918038076799,96.3047531157223,76.81056652723436,24.158962070097104,62.64349984486503,1.1977986403366785,34.84803037243107
05125,Arkansas,Saline,53.58275206087508,20.490480800258148,97.56752830558102,87.6121077479359,33.038049469922484,23.27024511324852,75.62317902233733,52.06901157193598
05127,Arkansas,Scott,20.038046924540268,80.76798967408841,96.66816061987024,84.64809515225484,16.30719089072842,32.67142413900092,6.215603755260602,31.213757664160696
05129,Arkansas,Searcy,14.0139505389981,81.54243304291707,96.58845513996238,86.38315511682003,16.8099237161986,12.0695004654049,12.204596956943996,23.224571458021625
05131,Arkansas,Sebastian,48.636651870640456,16.23104227170055,99.51734113427013,83.98085118416955,35.28545238202292,85.20012410797393,41.2107478148268,44.00010794174273
05133,Arkansas,Sevier,20.76727964489537,40.174249757986445,97.0384423562972,86.13317968297545,20.15869697936399,47.223084083152344,10.035610229847848,35.45903427624559
05135,Arkansas,Sharp,11.44578313253012,42.884801548886735,96.6841953407384,83.51984427438363,20.53304856494924,26.52807942910333,20.751052120427325,30.957548157076936
05137,Arkansas,Stone,19.340519974635384,64.47241045498548,96.1805158939546,83.45951391970003,21.256306911568,20.60192367359602,14.276464875364194,25.964661464778743
05139,Arkansas,Union,20.069752694990488,21.58760890609874,96.55319120964366,79.32588206976374,26.197572368763993,80.79429103319889,25.639365490449983,42.77022381243318
05141,Arkansas,Van Buren,8.719086873811035,59.825750242013555,94.09796070596224,86.09780086349203,19.455999125950353,16.413279553211297,25.865976044027196,37.42907668895284
05143,Arkansas,Washington,73.36715282181358,14.553081639238464,98.9215756359328,78.62899303921124,40.28299870647539,75.27148619298791,69.92554224668177,53.74423518265004
05145,Arkansas,White,43.310082435003174,20.942239432074864,94.7626495383068,87.81846501269344,26.742106060890105,52.901023890784984,46.48753641955325,41.75589997150421
05147,Arkansas,Woodruff,7.894736842105263,52.1135850274282,97.78157489151124,84.0346376994682,21.735039389855597,54.85572448029786,17.190029135642604,37.084244562265745
05149,Arkansas,Yell,19.72098922003805,44.175540496934495,95.17984250053031,89.20129651097467,24.115159328474668,46.85076016134037,21.68986727096148,42.40096496023341
06001,California,Alameda,97.17818642993024,1.0648596321393997,99.11831071527747,45.53745407654106,60.63648902096231,13.062364256903507,95.04694075752673,76.96361803276162
06003,California,Alpine,33.481293595434366,69.92578251048725,82.3556579534456,80.52830433684267,31.79529323953167,26.186782500775678,99.74101651019748,52.498874147481665
06005,California,Amador,37.222574508560555,11.423039690222653,96.31982191994332,68.81847889452887,39.75671442383701,18.21284517530252,90.6765943671091,64.86360337777327
06007,California,Butte,44.039315155358274,2.7428202646014843,96.74975418768106,61.031132196190725,41.65168967752745,73.81321749922432,72.83910650696018,58.31738124953449
06009,California,Calaveras,35.60558021559924,9.002904162633108,93.04131329655134,66.03189921797397,36.48250175802382,8.004964318957477,90.74134023955972,56.342510689542245
06011,California,Colusa,7.0703868103994925,9.035172636334302,97.54446920204764,76.39995633415491,33.609635445932845,47.90567793980763,18.582065393331177,46.67019558587903
06013,California,Contra Costa,96.70259987317692,2.000645369474024,99.2654416788538,48.01395120584519,56.30817183213622,5.553831833695327,93.07219164778246,74.20205612760572
06015,California,Del Norte,45.33925174381738,34.14004517586318,94.88799650752745,73.80522553113761,37.08326655318631,96.40086875581756,22.207834250566528,52.238736214187014
06017,California,El Dorado,91.0272669625872,6.195546950629235,96.89128781482876,62.06538159748334,52.789644194498315,21.936084393422277,96.24473939786338,74.84660480016315
06019,California,Fresno,43.214965123652505,0.2581477896095515,97.9627135040886,60.09942463785754,38.81452079078933,64.69128141483091,38.426675299449656,54.097511536464175
06021,California,Glenn,39.8858592263792,7.163601161665054,93.40308545674148,68.38414117102242,31.959336530503677,59.72696245733788,27.937843962447396,56.48180261926964
06023,California,Humboldt,49.49270767279645,22.975153275250083,96.82249996896353,58.28414587635645,40.07201427975956,87.46509463233014,67.65943671090969,57.75224729905038
06025,California,Imperial,1.109701965757768,5.227492739593417,98.32614842773788,60.80175450208784,29.569421874007357,74.5888923363326,32.66429265134348,40.19103339253452
06027,California,Inyo,70.57704502219404,12.520167796063248,91.25252366287812,73.8505907029563,44.284955789884606,91.15730685696556,44.480414373583685,54.84652864415212
06029,California,Kern,36.08116677235257,0.7099064214262665,93.6589545256026,64.57174114131897,35.22336322446291,63.94663357120695,47.75008093234056,50.78290440559784
06031,California,Kings,39.75903614457831,1.0971281058405937,98.53624670773443,64.55055101807082,33.1141701924801,62.17809494260006,44.64227905471026,50.91466642495765
06033,California,Lake,23.30374128091313,14.069054533720553,93.7905392343,63.507746958457034,32.21998240133201,20.477815699658706,39.333117513758495,52.584102391185695
06035,California,Lassen,43.817374762206725,14.359470797031301,96.3503606967176,77.8469913156537,32.48055964263524,82.68693763574309,82.4214956296536,54.005094078812945
06037,California,Los Angeles,90.55168040583384,0.0968054211035818,98.88532399920928,33.190020879424516,49.197130822838474,13.620850139621467,81.90352865004856,67.82139798641386
06039,California,Madera,25.110970196575774,0.8712487899322363,96.41601866301096,60.09456027736819,30.40369239805987,27.396835246664594,46.26092586597604,56.35726198439335
06041,California,Marin,99.429296131896,10.58405937399161,99.3042314727957,32.25035989158212,68.69498721012647,14.955010859447711,96.17999352541275,85.53174170297768
06043,California,Mariposa,30.27901077996195,5.259761213294611,91.65853329180057,66.30083124543991,33.86171645646464,15.730685696556009,80.15539009388152,56.16514379775762
06045,California,Mendocino,54.185161699429294,21.232655695385606,96.55932888456312,59.72671805713721,40.669820271231416,71.36208501396214,35.83684040142441,54.95483850643261
06047,California,Merced,20.640456563094485,1.1293965795417877,97.22991236035804,60.25925167338489,32.80195113568637,43.37573689109525,46.61702816445452,49.729380478110485
06049,California,Modoc,19.91122384273938,54.66279444982253,95.00069760162914,78.56547939151946,33.01330223130735,84.42444927086565,29.68598251861444,45.35640792024704
06051,California,Mono,69.56246036778694,8.841561794127138,97.44549603142958,68.30502222469127,53.38890889025052,87.09277071051815,64.13078666235027,58.99643189775474
06053,California,Monterey,75.11097019657578,10.00322684737012,98.62220890985922,37.58638826306056,44.930034424597146,55.972696245733786,58.530268695370665,68.99452606421788
06055,California,Napa,94.54660748256184,7.938044530493708,99.07402337323724,45.656490291858866,56.780690762955935,42.81725100837729,81.25606992554225,74.66555640172997
06057,California,Nevada,78.12301838934687,6.292352371732816,97.2200731727324,58.92804794756587,52.883716275897704,44.616816630468506,94.8203302039495,76.35238925364885
06059,California,Orange,97.90741915028536,0.32268473701193934,99.80799043667004,39.49566663179681,59.17526819073623,27.924294135898236,87.60116542570411,73.92956439161024
06061,California,Placer,95.87824984147116,1.9361084220716358,98.4500348159797,63.65468284364535,55.95188959949255,32.57834315854794,99.09355778569116,76.55237108178359
06063,California,Plumas,19.30881420418516,8.325266214908035,88.05930140062237,74.70633330672925,44.043825164756086,65.65311821284517,74.32826157332471,61.347382173638934
06065,California,Riverside,74.44514901712111,0.5485640529202969,98.99837578799244,53.7336427360385,42.51057067097379,13.186472230840835,87.34218193590159,67.14632231905924
06067,California,Sacramento,83.76664552948637,0.6453694740238787,96.86627488222403,55.722035438427795,48.320022364034266,36.02233943530872,87.76303010683068,65.52728142067717
06069,California,San Benito,69.84781230183893,13.359148112294289,98.51626767417112,53.69811962919411,40.30811311986276,7.787775364567153,88.08675946908384,68.0458507305719
06071,California,San Bernardino,70.60875079264426,0.45175863181671505,98.64355736281614,51.303131363057155,41.61223498493206,15.823766677009004,88.1838782777598,59.68523638769228
06073,California,San Diego,95.33925174381736,0.41949015811552115,99.15771518680326,40.23423077870656,54.34875773180192,37.41855414210363,91.87439300744578,74.56922208164788
06075,California,San Francisco,99.5878249841471,1.484349790254921,,31.763221369814087,74.02130299276448,12.162581445857896,99.22304953059242,77.0290419678185
06077,California,San Joaquin,56.56309448319594,0.032268473701193935,98.13335015674888,61.17131992031317,41.77058871250771,23.797704002482163,76.14114600194237,60.26766510647553
06079,California,San Luis Obispo,90.7736207989854,11.713455953533398,97.17931414514604,50.58368378445305,52.74273995907395,76.94694384114179,92.5542246681774,70.88600417395051
06081,California,San Mateo,99.65123652504757,4.388512423362375,99.0044734808498,33.68192895399375,65.23760419939632,31.244182438721694,98.38135318873422,78.91068666998068
06083,California,Santa Barbara,92.70767279644896,8.93836721523072,98.7480495135325,33.14301142783092,50.718600912429906,81.53893887682284,67.40045322110716,68.10195866865678
06085,California,Santa Clara,99.55611921369687,0.9035172636334301,99.6748423473064,41.25246698136981,66.46863018216133,33.01272106732857,96.63321463256716,78.02792328757027
06087,California,Santa Cruz,87.79327837666455,10.971281058405937,97.66438484479586,25.208312475630382,57.5126392680388,28.668941979522188,88.99320168339268,68.83461775398573
06089,California,Shasta,49.58782498414712,5.776056792513714,97.0033919399427,64.6978671336828,40.71760537539946,86.56531182128452,81.54742635157008,59.51853391243128
06091,California,Sierra,24.69879518072289,37.27008712487899,95.52988029760388,56.6241632080892,34.37508031205658,18.026683214396527,92.13337649724828,38.98947477579402
06093,California,Siskiyou,23.240329740012683,15.811552113585028,96.79610378183132,71.30598769191612,35.49293227544089,80.39094011790257,60.69925542246681,50.26820356206747
06095,California,Solano,90.23462270133165,3.93675379154566,99.51071875343985,54.49928801090048,51.87742713468243,14.334470989761101,91.61540951764326,68.41970927433725
06097,California,Sonoma,94.41978440076096,7.066795740561471,98.68067430399688,49.11409637952743,52.46546036823314,41.39000930809805,89.38167691809647,72.68805810364357
06099,California,Stanislaus,58.33861762840837,0.06453694740238787,98.66493399531878,62.46584158684735,39.43052370766861,36.704933291964,74.68436387180317,60.279947069848696
06101,California,Sutter,50.792644261255546,3.6786060019361084,97.88010323128924,66.30902755555091,42.57514439142592,39.83865963388148,63.09485270314017,55.65174150007942
06103,California,Tehama,33.13253012048193,6.9377218457566965,96.404434400712,67.61118358987258,30.784116479153894,54.01799565622091,54.87212690191,48.29705032878626
06105,California,Trinity,10.050729232720355,28.52533075185544,91.11579536749082,73.4477092891916,31.488391304017934,39.18709277071052,31.207510521204274,47.2115476648095
06107,California,Tulare,25.586556753329106,0.48402710551790895,97.962085178213,65.11578615231375,35.49975055615147,63.822525597269625,33.66785367432826,49.47034151010136
06109,California,Tuolumne,55.960684844641726,7.583091319780574,91.86184750307736,66.97219074658796,43.07175770299058,41.855414210363016,84.52573648429913,54.433031178676195
06111,California,Ventura,95.40266328471782,3.4849951597289452,99.68410960482252,46.73933363187071,51.60944554359349,44.461681663046846,87.11557138232438,74.44626833750097
06113,California,Yolo,83.19594166138236,2.5814778960955147,99.45517837879548,52.40427090142968,50.37166947382928,64.81538938876824,89.77015215280026,69.65468559093448
06115,California,Yuba,36.52504755865568,4.227170054856405,94.49095426342316,64.71087614982653,29.19713492791742,20.291653738752714,69.9902881191324,59.24390981656969
08001,Colorado,Adams,88.83956880152188,2.355598580187157,97.89316603864204,59.59005033287499,46.123480371481904,17.59230530561588,91.38879896406604,62.9254161277584
08003,Colorado,Alamosa,45.84654407102093,62.56857050661504,97.73285483146005,75.10157349140412,52.42818451904152,97.9211914365498,35.77209452897378,63.38481709196918
08005,Colorado,Arapahoe,96.63918833227648,2.516940948693127,98.92754860375136,60.54916296343302,57.11979481797421,30.623642569035056,96.79507931369376,72.52471455032112
08007,Colorado,Archuleta,56.15091946734305,81.18747983220393,97.22190255770457,75.728007370754,48.36258152669532,78.71548246974868,58.077047588216246,58.324258034344375
08009,Colorado,Baca,52.3145212428662,90.64214262665375,99.34549182433643,80.53731785644665,24.891183437851776,96.09059882097425,34.60666882486241,45.09407418634
08011,Colorado,Bent,6.150919467343057,94.06260083898032,94.9146220428422,71.79597076863939,29.85317633399395,68.91095252869997,34.5742958886371,43.89515875052188
08013,Colorado,Boulder,96.57577679137604,6.485963213939981,99.2356081009804,55.63420117046572,64.2110474061909,60.5336642879305,99.384914211719,76.34584971373995
08015,Colorado,Chaffee,73.24032974001268,61.47144240077444,98.92393812971252,69.37645214556717,52.38966553309744,92.24325162891716,85.36743282615733,62.5005690564807
08017,Colorado,Cheyenne,60.71655041217502,97.41852210390448,98.76837700639103,91.1692047005943,28.21368268610533,95.19081600992864,87.69828423438005,60.54562802105456
08019,Colorado,Clear Creek,83.9568801521877,58.11552113585028,98.5243533583254,69.03367367836553,47.30561411127768,10.145826869376364,88.57235351246358,68.89822109369298
08021,Colorado,Conejos,48.50982878883957,89.48047757341078,98.0687705953763,81.87136644008787,22.883275387982437,37.10828420726031,19.58562641631596,53.16961419588873
08023,Colorado,Costilla,11.223842739378568,97.38625363020329,,74.28470889332037,21.69852412140978,39.06298479677319,88.83133700226611,16.219619444092558
08025,Colorado,Crowley,15.123652504755864,91.15843820587286,96.88978621394556,72.33796164972713,19.880715410063296,32.88861309339126,62.67400453221107,46.48423848426405
08027,Colorado,Custer,46.6708941027267,96.86995805098418,94.65136754063944,81.89662791957736,41.47490690504229,10.176853862860696,95.98575590806088,58.68981079896326
08029,Colorado,Delta,40.67850348763475,59.0835753468861,98.89647361428578,72.408092561089,36.024911223864294,45.42351846106112,67.98316607316283,55.41352915407574
08031,Colorado,Denver,92.64426125554851,1.000322684737012,,59.354510748189696,56.72444333246203,40.76946943841142,94.88507607640014,80.65767031652972
08033,Colorado,Dolores,63.348129359543435,94.83704420780897,96.51724608628165,90.3045837389803,36.5054184496345,42.289792119143655,75.49368727743607,32.59313495011794
08035,Colorado,Douglas,99.61953075459732,7.099064214262666,97.74853480855636,71.79312575878312,58.96429332180181,20.726031647533347,99.80576238264813,81.3783898968193
08037,Colorado,Eagle,94.32466708941028,37.65730880929332,99.05669450931192,52.66920617287462,62.08647430933804,67.4526838349364,73.19520880543865,73.47368513872127
08039,Colorado,Elbert,90.01268230818009,57.69603097773476,99.31999834358255,70.98532454525363,38.5470808767902,0.0310269934843177,99.64389770152154,73.41218153349237
08041,Colorado,El Paso,89.91756499682943,7.518554372378186,98.42912800687758,69.44198715865579,47.96121146079525,63.48122866894198,95.92101003561024,65.01624423708681
08043,Colorado,Fremont,72.73303741280913,43.691513391416585,98.63548340143646,77.0603331550942,39.222303064784235,52.466645982004344,69.21333764972482,46.639320055916926
08045,Colorado,Garfield,88.87127457197211,44.014198128428525,97.95807427502916,72.83235796861688,49.32323898979996,17.157927396835248,70.47588216251214,68.49701337840135
08047,Colorado,Gilpin,84.21052631578947,86.06001936108422,96.0236748906752,57.93098251159241,41.78674872444577,3.9404281725100816,99.1583036581418,62.04055106432156
08049,Colorado,Grand,88.5859226379201,53.79154565989028,97.0964716278706,76.20950920094678,47.81997490602126,55.91064225876512,83.48980252508903,75.43657857318493
08051,Colorado,Gunnison,92.96131896005072,71.44240077444337,99.50240275682808,67.38409862570892,53.72474072211398,74.49581135587962,94.30236322434445,69.17532395974419
08053,Colorado,Hinsdale,76.98161065313887,99.22555663117134,99.1865727587275,70.71694894716634,33.57029559109763,98.97610921501706,,66.67970574912636
08055,Colorado,Huerfano,11.794546607482562,82.09099709583737,91.58157271982104,76.1226170577281,32.94279467933284,54.88675147378219,59.08060861120104,38.26833896704997
08057,Colorado,Jackson,89.72733037412809,87.83478541464989,91.33414865800252,85.58911509005719,34.04636173959605,99.03816320198572,72.74198769828423,49.02663456290508
08059,Colorado,Jefferson,97.27330374128093,2.8073572120038723,98.28050629815694,65.63404520402271,55.477215684188465,25.814458578963695,99.48203302039497,72.11914761894961
08061,Colorado,Kiowa,66.80405833861764,96.35366247176509,97.16750149601576,74.67126145570786,25.792592277749034,83.83493639466336,41.27549368727744,40.22317551890881
08063,Colorado,Kit Carson,52.91693088142042,79.60632462084544,98.6786320932174,79.43467843627712,32.77567375430292,95.06670803599131,62.771123340887016,58.38864449648947
08065,Colorado,Lake,83.2276474318326,92.28783478541465,97.75210351060971,84.0213686132563,47.78159078041574,5.584858827179644,69.08384590482358,55.805266715491456
08067,Colorado,La Plata,84.9714648065948,43.75605033881897,98.915725676797,72.34550938016646,53.340740392528346,69.40738442444928,90.4823567497572,66.9160233398257
08069,Colorado,Larimer,93.5003170577045,6.64730558244595,98.8979115130105,66.92171092185072,53.04005445133066,64.66025442134656,97.539656846876,73.6419451061251
08071,Colorado,Las Animas,21.084337349397593,84.47886414972572,97.9870346354268,70.80005842995287,34.06698784901675,81.19764194849519,33.441243120751054,43.75644015862932
08073,Colorado,Lincoln,34.33734939759036,89.99677315262988,98.67308453599928,77.63397947445843,45.30714001925198,71.5172199813838,62.90061508578828,52.10601397972371
08075,Colorado,Logan,66.99429296131896,40.01290738948048,98.143940688467,81.17105643281415,38.66522997166689,93.14303443996276,68.33926837164131,56.12096364264176
08077,Colorado,Mesa,79.6131896005073,17.81219748305905,97.41406343700253,74.51591058151386,42.88704134173839,95.31492398386597,80.51149239235998,58.52853858234937
08079,Colorado,Mineral,42.13696892834496,98.41884478864151,100.0,53.45692915834239,46.56531277283408,93.39125038783742,,63.76869933599588
08081,Colorado,Moffat,70.19657577679138,84.80154888673765,98.75844627082014,77.47021314368698,35.91324907888216,58.79615265280794,61.54095176432502,50.209380146645024
08083,Colorado,Montezuma,55.358275206087505,67.21523071958696,97.57903319927703,77.24095785342556,39.56905003495293,73.34781259695936,46.87601165425704,54.20852223880136
08085,Colorado,Montrose,65.06024096385542,56.437560503388184,98.65079753475716,78.4356868599869,46.244480307461586,78.59137449581135,48.88313370022661,55.868029244048685
08087,Colorado,Morgan,53.3291058972733,34.39819296547274,98.74822746820928,77.53861958991288,37.4533696369539,78.34315854793671,46.1638070573001,61.601926942335275
08089,Colorado,Otero,23.87444514901712,53.1784446595676,98.90441962853758,78.01099309100921,29.833591263872087,81.50791188333851,21.398510844933636,46.11637423580577
08091,Colorado,Ouray,90.80532656943564,92.80413036463375,98.51563113348024,70.34814264807397,56.95431965732191,34.470989761092156,97.47491097442536,69.55108818589619
08093,Colorado,Park,76.41090678503487,86.09228783478542,96.64919892674207,71.02598092094985,40.845476899208485,0.06205398696866382,99.35254127549368,63.16938680972484
08095,Colorado,Phillips,62.65060240963856,87.93159083575347,99.87677603122252,84.79575495747238,39.16020186304754,91.83990071362085,35.73972159274847,57.323660461559086
08097,Colorado,Pitkin,98.95370957514268,59.69667634720878,99.42623361306386,58.83020426680142,68.97626764008852,78.80856345020167,97.18355454839754,91.32305645648728
08099,Colorado,Prowers,64.55294863665188,61.21329461116489,98.42359068105668,79.61338424388478,32.75919231166207,95.8423828730996,18.48494658465523,47.713251742323536
08101,Colorado,Pueblo,62.71401395053899,13.585027428202645,98.53653307120324,72.30152166362888,38.95723644923134,71.54824697486814,42.40854645516348,43.04334084490756
08103,Colorado,Rio Blanco,66.6138237159163,68.15101645692158,99.32833104930268,85.98527326649136,48.15822957242529,92.6776295376978,79.79928779540305,63.64646183277562
08105,Colorado,Rio Grande,35.54216867469879,68.6350435624395,99.02484822380823,83.41492544335172,39.81446462560995,77.19515978901644,37.42311427646487,54.81805127067825
08107,Colorado,Routt,98.002536461636,71.92642787996128,99.14309668996582,66.25973594557671,59.75261859195492,72.63419174681974,94.0110067983166,76.3813087201109
08109,Colorado,Saguache,26.28408370323399,94.1594062600839,97.6426674106466,71.06597013402882,27.661440145374808,61.619609059882094,73.25995467788928,48.33337902603734
08111,Colorado,San Juan,77.01331642358909,95.83736689254599,97.5185080549995,77.46611918223186,37.70570585776541,91.46757679180888,95.30592424732924,36.57665083432242
08113,Colorado,San Miguel,92.89790741915029,88.38334946757018,99.22882187997598,56.26441252289131,56.75350220382112,76.97797083462612,93.29880220135966,79.1849327481863
08115,Colorado,Sedgwick,49.74635383639823,89.8031623104227,99.36630877156703,81.56926487711428,32.119536602094854,84.61061123177164,67.9184202007122,52.554148577135415
08117,Colorado,Summit,98.8268864933418,46.49887060342046,97.59471148233634,65.10273321867913,67.98249078695447,90.53676698727894,91.22693428293948,77.42475593726502
08119,Colorado,Teller,71.94039315155358,69.24814456276218,98.37707755806312,75.33819161279742,44.25160464040027,12.37977040024822,96.40660407898996,67.18500213813789
08121,Colorado,Washington,67.91376030437539,85.86640851887705,97.04097652834946,78.0327207716609,33.06997160108885,69.62457337883959,74.5224991906766,55.78733417920795
08123,Colorado,Weld,93.56372859860494,4.743465634075508,98.95915033769715,72.62775192930509,45.023121261898574,33.29196400868756,86.75946908384591,62.51825713844745
08125,Colorado,Yuma,81.73747622067216,71.05517909002904,98.95847896894284,76.35968553066961,41.88320874790741,93.6704933291964,29.556490773713172,60.653642520063826
08145,Colorado,Battlement Mesa,44.38807863031072,,,,,,,
08014,Colorado,Broomfield,99.49270767279646,12.294288480154888,,69.67264264960522,60.404907594487845,26.93143034439963,99.93525412754936,73.25939092086963
09001,Connecticut,Fairfield,81.45212428662016,,,77.0013117181932,46.19310569450516,32.11293825628296,70.73486565231465,61.13947749492151
09003,Connecticut,Hartford,79.51807228915662,,,78.6931953735137,45.10706947368817,54.54545454545455,74.42538038200065,57.34448270792029
09005,Connecticut,Litchfield,75.84020291693088,,,79.63266885288087,40.42876199447047,37.85293205088427,94.14049854321786,54.39684933920125
09007,Connecticut,Middlesex,80.43753963221306,,,78.6931953735137,43.79512414903177,44.182438721687866,97.05406280349628,57.879556354187976
09009,Connecticut,New Haven,74.95244134432467,,,77.28257178728161,42.37088734277236,49.08470369221223,74.39300744577532,54.188731167690946
09011,Connecticut,New London,68.10399492707673,,,79.31258275592833,40.85155487128294,54.45237356500155,89.34930398187116,53.322881474143045
09013,Connecticut,Tolland,82.21306277742549,,,78.6931953735137,39.83105661753045,39.99379460130314,98.25186144383296,51.71774710027862
09015,Connecticut,Windham,54.56563094483195,,,80.24232894351799,37.276611051757165,38.19422897921192,79.24894787957267,58.46452473436212
10001,Delaware,Kent,65.88459099556118,20.68409164246531,,73.36651461028832,38.98101953958567,49.14675767918089,69.31045645840078,59.23251031445832
10003,Delaware,New Castle,87.92010145846544,4.775734107776702,,70.6707520115855,52.028694293956406,48.80546075085325,85.62641631595986,67.08356564377524
10005,Delaware,Sussex,58.68738110336081,20.36140690545337,,78.13056850320558,42.560502931959185,39.4663357120695,53.2211071544189,59.43569052990732
11001,District Of Columbia,"Washington, Dc",95.30754597336716,1.3552758954501452,,57.8571362499209,63.93872913233438,10.64225876512566,96.66558756879247,80.14282556399516
12001,Florida,Alachua,75.52314521242866,10.390448531784447,96.42615442150372,60.802542586285576,60.95493949229237,71.45516599441514,78.76335383619293,58.21705801212688
12003,Florida,Baker,30.659480025364616,81.8973862536302,93.78202194299185,85.47076563538262,30.48127161000736,5.739993794601304,32.14632567173843,53.56629327310962
12005,Florida,Bay,78.82054533925175,14.714424007744434,96.62022069658494,70.7014766033301,37.07688172422956,61.68166304685076,61.02298478471997,54.9543607616689
12007,Florida,Bradford,20.957514267596704,61.955469506292346,97.93907520880038,74.88840943710711,25.553524928615627,13.217499224325152,30.30106830689543,57.74395350904732
12009,Florida,Brevard,79.83512999365885,8.19619232010326,98.37112338782237,71.14180574995522,43.45777748671767,45.85789636984177,73.93978633862092,59.23469551753625
12011,Florida,Broward,92.9296131896005,1.2907389480477574,99.72620320938334,44.879841137607286,52.10339672268165,20.94322060192367,80.83522175461314,67.76157506779732
12013,Florida,Calhoun,12.016487000634116,65.85995482413682,95.82938295414051,84.4376564664341,23.7718203578004,11.417933602233944,8.837811589511169,40.99719491623435
12015,Florida,Charlotte,60.431198478123015,14.327202323330107,97.2295099737338,73.20243986435584,40.930992520394334,46.10611231771641,63.386209129168016,51.67975869869471
12017,Florida,Citrus,28.979074191502853,17.037754114230395,94.4842739748103,77.14927530889238,33.364760925658565,32.7334781259696,34.962771123340886,44.30811715986142
12019,Florida,Clay,82.97400126823081,18.167150693772186,95.7667128249658,76.45661398630122,38.73431017490796,4.685076016134033,91.45354483651668,64.30723835382128
12021,Florida,Collier,82.02282815472415,11.584382058728622,96.34509682211927,59.874836932521006,54.5983680523837,53.14923983865963,67.3033344124312,63.57006294694078
12023,Florida,Columbia,31.38871274571972,33.26879638593094,95.26637367736842,80.37639559207418,31.553518541326213,46.41638225255973,23.017157656199416,54.33610715019944
12027,Florida,De Soto,27.964489537095748,27.17005485640529,94.13296149002298,82.25389555756657,29.100781934005926,18.492088116661492,6.798316607316283,44.28372974044907
12029,Florida,Dixie,19.24540266328472,73.86253630203291,92.17869106717896,84.71115349109941,19.34768460346423,38.10114799875892,5.697636775655552,45.96915372057103
12031,Florida,Duval,76.82308180088776,4.323975475959988,,65.21823939015397,43.06506216267808,40.49022649705244,64.94011006798317,59.09470287802328
12033,Florida,Escambia,80.59606848446417,8.77702484672475,89.91528624386106,74.01760020266592,37.26215536078838,58.889233633260936,47.91194561346715,53.691748952723955
12035,Florida,Flagler,66.7723525681674,23.588254275572766,97.06414759955548,70.54906633843716,39.97808227485778,29.320508842693144,63.774684363871806,50.25864121540471
12037,Florida,Franklin,18.45275840202917,69.1190706679574,93.83354210762268,80.85058938636051,29.80558940627886,82.03537077257214,10.326966655875689,53.84982997960227
12039,Florida,Gadsden,17.564996829422956,33.39787028073572,96.82726005117031,69.38783488121783,22.287156130768185,6.2364256903506,2.395597280673357,48.75858933666176
12041,Florida,Gilchrist,28.820545339251748,74.08841561794127,97.43463460002754,77.18696388338068,27.684257149017007,6.515668631709602,29.006150857882812,56.10504873812156
12043,Florida,Glades,17.15282181357007,60.60019361084221,95.07141918252498,77.89243334852387,25.529199718013395,19.143654979832462,22.40207186791842,36.071707720245186
12045,Florida,Gulf,49.39759036144578,58.30913197805744,95.2834821919697,74.44397793589539,31.33227592045053,35.3087185851691,18.193590158627387,59.59543927104556
12047,Florida,Hamilton,4.819277108433735,60.01936108422071,93.20141445298148,78.55333026316288,15.593191414243018,29.537697797083467,12.819682745224991,42.48212448153944
12049,Florida,Hardee,23.5573874445149,34.753146176185865,95.2687224158651,76.34565342376601,24.35750367413631,26.46602544213465,15.603755260602137,38.00151300508943
12051,Florida,Hendry,36.90551680405834,31.139077121652146,95.9734054925729,74.66004877034932,25.42042179736349,24.32516289171579,9.226286824214956,45.69454031527966
12053,Florida,Hernando,40.393151553582754,14.585350112939658,95.54756545892278,65.3972016236971,34.18700427562674,18.27489916227117,62.38264810618324,56.490634086719254
12055,Florida,Highlands,30.24730500951173,20.458212326556954,94.98527338319492,76.80427192970588,31.897692132773503,65.99441514117282,18.420200712204597,43.21791436018582
12057,Florida,Hillsborough,84.84464172479392,1.6779606324620846,97.6768334200276,60.890288563824754,45.605816129641866,23.301272106732867,78.92521851731952,62.15549701794653
12059,Florida,Holmes,22.130627774254915,57.82510487253953,94.78879933449818,86.28235574543291,16.66447652373314,4.623022029165355,20.45969569439948,40.83634758489963
12061,Florida,Indian River,71.30627774254914,15.069377218457566,97.29166252495172,72.0726519841262,47.69182706413744,72.41700279242941,50.3075428941405,53.8539807799766
12063,Florida,Jackson,17.66011414077362,32.365279122297515,,83.61996160619525,20.92239608580048,23.518461061123176,15.733247005503395,50.85608109530982
12065,Florida,Jefferson,47.97083069118579,66.53759277186188,93.09107320523444,76.55149365825508,31.11658620255867,5.460750853242317,18.064098413726125,48.67391311223789
12067,Florida,Lafayette,23.462270133164235,88.8351080993869,95.31281409295256,78.53920582951618,22.689878369799047,18.24387216878685,18.355454839753964,53.234506154153195
12069,Florida,Lake,56.9435637285986,9.648273636656986,97.54744820315103,65.41760339567121,42.511779505751406,18.61619609059882,68.17740369051472,57.851106635916786
12071,Florida,Lee,65.72606214331009,6.32462084543401,96.98693658575576,63.0181472558991,47.013026277791,27.582997207570585,61.7028164454516,57.14510010666277
12073,Florida,Leon,85.85922637920102,8.647950951919976,97.4705328884702,65.41504134431806,43.39705958288774,74.71300031026993,76.88572353512464,59.83012385103329
12075,Florida,Levy,23.398858592263792,39.20619554695063,84.11777251685841,84.5761993574391,24.370307806721236,9.64939497362704,21.07478148268048,50.269218309991835
12077,Florida,Liberty,10.46290424857324,91.80380767989675,97.8620258142534,84.32109245886252,25.65096794214792,3.164753335401798,9.841372612495954,42.53729218603844
12079,Florida,Madison,17.94546607482562,58.43820587286221,92.54955616265651,79.67677240628679,21.456539029040982,29.9720757058641,2.330851408222726,43.96202547650408
12081,Florida,Manatee,68.42105263157895,7.712165214585349,93.30472374811968,64.85824809337073,45.256506510714445,36.23952838969904,55.519585626416315,61.88514765836809
12083,Florida,Marion,40.71020925808497,11.32623426911907,95.741971700577,74.29115315280677,33.43524600523962,34.78125969593546,36.06345095500162,55.395821478851616
12085,Florida,Martin,79.67660114140773,11.455308163923847,96.41790412288422,66.7090633566937,50.097345417142165,32.206019236735955,85.39980576238266,62.46037330864042
12087,Florida,Monroe,90.96385542168674,29.202968699580513,96.53303547479936,43.067349599636266,47.99086442781284,83.52466645982004,70.86435739721593,62.88256320303025
12089,Florida,Nassau,74.19150285351934,42.110358180058086,97.17050733702578,76.93306244733894,40.66791090969575,13.651877133105799,80.9323405632891,60.64753681127092
12091,Florida,Okaloosa,92.73937856689918,15.133914165859954,95.5633442184692,72.90685431874769,44.27865552593923,52.80794291033199,85.17319520880544,61.478434860526214
12093,Florida,Okeechobee,36.87381103360812,27.879961277831562,92.36921072368897,74.37638521164695,28.838643167163756,28.76202295997517,11.362900615085788,37.55319703930537
12095,Florida,Orange,89.28344958782498,2.2587931590835755,93.9143597298532,57.956380863575085,46.67305904835075,23.704623022029168,84.81709291032696,63.21124411515286
12097,Florida,Osceola,66.86746987951807,9.19651500484027,95.84785156369932,55.36372153644,40.48639155062104,7.7567483710828355,92.7808352217546,53.438542725309496
12099,Florida,Palm Beach,89.69562460367787,2.7750887383026783,98.03964264111843,51.77831606129562,53.477423830191675,35.184610611231776,67.62706377468436,67.14980623833392
12101,Florida,Pasco,56.97526949904883,7.228138109067441,94.96205601337904,65.16754816206549,37.315361076787944,10.549177784672665,83.71641307866624,54.14419733251841
12103,Florida,Pinellas,82.78376664552948,3.1945788964181996,98.92323434065835,60.283130116667486,48.82238217058225,45.51659944151412,75.72029783101327,62.72010835318995
12105,Florida,Polk,47.84400760938491,5.066150371087447,96.9729766252773,71.06592603052549,33.1971390340569,25.84548557244804,50.08093234056329,50.82833929028763
12107,Florida,Putnam,26.12555485098288,29.36431106808648,97.64577873376388,79.14640638037986,21.29083685772138,14.179336022339442,10.61832308190353,44.50254963220744
12109,Florida,St Johns,96.6708941027267,16.424653113907713,97.6179561726254,77.02692884155633,53.332636445957206,28.048402109835564,93.55778569116218,69.50348418556798
12111,Florida,St Lucie,54.629042485732406,10.616327847692803,98.27085489746038,63.9126320318994,39.90969780808605,25.442134657151726,50.437034639041755,54.3022732169797
12113,Florida,Santa Rosa,81.13506658211794,17.5540496934495,97.5765695951344,80.77409944866487,38.44659730537285,14.86192987899473,87.53641955325348,61.5928577092954
12115,Florida,Sarasota,72.35256816740647,8.518877057115198,97.54881277830604,65.35242342245786,52.41224949040944,57.77226186782501,83.13370022661056,63.36454610071198
12117,Florida,Seminole,88.80786303107165,5.421103581800581,98.32796988847748,64.43140977442164,50.13541657389827,27.64505119453925,94.52897377792164,67.59766939201687
12119,Florida,Sumter,55.32656943563728,11.939335269441756,96.8592937851316,79.84567284083951,44.955110271224086,28.3896990381632,29.52411783748786,55.77085905156384
12121,Florida,Suwannee,22.89156626506024,37.625040335592125,93.48600040194856,81.71205319182108,24.69953160610854,24.573378839590447,25.89834898025251,54.15594847808201
12123,Florida,Taylor,28.4717818642993,45.918038076798965,94.96781304343426,87.92762734574849,25.882386351625875,75.1784052125349,2.201359663321463,48.70289942376114
12125,Florida,Union,7.5142675967026,84.44659567602453,95.75219710538774,88.11474586036155,16.527560427154242,10.518150791188333,23.76173518938168,49.759451281611206
12127,Florida,Volusia,60.81166772352569,8.35753468860923,97.91207495555824,67.19840404778591,38.17398551870903,36.301582376667696,54.28941404985432,56.29345414623937
12129,Florida,Wakulla,65.78947368421053,65.24685382381413,95.82959999041977,85.19912740597307,33.5337562182644,2.7924294135898435,47.944318549692454,67.38673155135506
12131,Florida,Walton,65.7577679137603,25.75024201355276,97.25615177415598,76.96434296561057,40.05182370703955,18.36798014272418,56.29653609582389,62.58570316506759
12133,Florida,Washington,24.28662016487001,49.919328815747015,98.26453958558744,85.4190847818724,26.063622482964337,5.522804840210981,29.265134347685333,40.41050266193517
12086,Florida,Miami-Dade,96.44895370957516,0.935785737334624,95.75494341183972,37.67988014227884,51.6735783327016,9.897610921501723,52.832631919715126,61.09964143155136
13001,Georgia,Appling,17.184527584020294,55.95353339787028,,88.01128790350329,20.84761559075716,41.07973937325473,9.161540951764326,30.389004443797543
13003,Georgia,Atkinson,4.438807863031072,89.73862536302033,96.41876849806135,83.8233122798579,19.71902583810775,31.74061433447099,4.435092262868242,37.6652076196738
13005,Georgia,Bacon,9.004438807863032,80.50984188447886,,83.56423552044156,22.034712360367276,42.47595408004964,5.891874393007446,46.74170027420214
13007,Georgia,Baker,1.6487000634115407,82.9945143594708,,86.13159758780681,24.5757064604623,14.241390009308091,39.39786338620913,23.568830262298984
13009,Georgia,Baldwin,24.98414711477489,48.725395288802844,94.5011464879987,76.4697252920097,30.485349974475128,60.96804219671114,9.19391388798964,48.49107813024975
13011,Georgia,Banks,34.11540900443881,76.66989351403679,94.22594909840862,88.58860125842374,24.742821682241175,8.098045299410487,73.7131757850437,55.2909260923964
13013,Georgia,Barrow,52.377932783766646,29.912875121006778,97.19523728638156,70.1702925932023,32.76598946408007,4.033509152963077,81.3531887342182,59.70400048658932
13015,Georgia,Bartow,55.77045022194039,22.362052274927397,97.6133735581364,71.46205204660102,33.200322598747896,13.83803909401179,57.915182907089665,51.716205464339275
13017,Georgia,Ben Hill,3.4559289790741916,65.05324298160697,95.49017853352112,79.27086715736401,21.99482522920467,78.74650946323301,1.2625445127873098,36.29140884554312
13019,Georgia,Berrien,5.23145212428662,60.858341400451756,97.05301343704978,87.06337400719963,19.51825432081888,61.247285138070126,16.25121398510845,40.65495564771744
13021,Georgia,Bibb,32.974001268230815,12.13294611164892,78.69131550791529,65.29924213566014,37.63133921821609,67.85603475023271,19.779864033667856,44.808575587048466
13023,Georgia,Bleckley,7.989854153455929,67.79606324620845,97.200913970665,83.93952388384548,27.885151306528694,17.809494260006204,21.560375526060213,36.414716737309675
13025,Georgia,Brantley,5.738744451490171,86.44724104549854,94.78978147340368,81.35475054711105,15.827326107421229,3.3198883028234576,12.625445127873098,46.7784532886781
13027,Georgia,Brooks,12.365250475586556,57.082929977412064,96.4527207428208,69.89716482219964,20.547354216208156,31.957803288861314,8.967303334412431,40.163841506618745
13029,Georgia,Bryan,93.40519974635384,37.04420780897063,98.3116413765102,80.3733573125246,39.10914183333624,3.8783741855414178,91.90676594367108,59.43677953227001
13031,Georgia,Bulloch,31.420418516169946,29.29977412068409,99.13941513402683,74.09219393981614,34.701307485258724,57.151721998138385,39.85108449336355,48.44733845385661
13033,Georgia,Burke,3.551046290424857,63.891577928363986,96.78192043049845,76.3386777261683,24.79309888493767,12.752094322060188,5.85950145678213,52.986720569553896
13035,Georgia,Butts,24.79391249207356,63.568893191352046,97.34961261308445,80.58445144113685,27.491128608529305,10.487123797704001,39.1388798964066,55.26530425244179
13037,Georgia,Calhoun,7.799619530754597,79.05776056792514,,81.66169887511838,26.797593192769405,21.81197641948495,16.704435092262866,46.526066151232705
13039,Georgia,Camden,85.73240329740013,48.11229428848016,98.73015666290748,77.56087284004239,35.26142033057557,44.05833074775054,75.36419553253481,48.06569528713906
13043,Georgia,Candler,21.2428662016487,82.9622458857696,96.92022955966912,79.04964469125281,18.30731317305864,57.120695004654046,17.740369051472967,50.88799847821461
13045,Georgia,Carroll,51.33164235890932,28.589867699257827,97.41190925529966,66.07196025947026,32.32372789919925,20.508842693143038,45.16024603431531,44.96578546271704
13047,Georgia,Catoosa,60.1141407736208,24.491771539206194,97.6040817774124,81.05694410761956,37.81877939122949,45.57865342848279,79.83166073162836,51.653583922461216
13049,Georgia,Charlton,11.09701965757768,80.41303646337529,97.46189295891276,81.73070786593894,27.261687375630032,10.021718895439037,20.880543865328587,51.46744677551435
13051,Georgia,Chatham,70.73557387444515,9.261051952242658,,67.2720870197491,49.46999254302821,63.41917468197332,47.426351570087405,57.466146048274815
13053,Georgia,Chattahoochee,46.86112872542803,90.12584704743466,,79.01563530372233,88.87854515383638,98.07632640397145,99.83813531887344,29.014330964728284
13055,Georgia,Chattooga,10.77996195307546,47.3378509196515,97.13667035873718,85.26775941249029,20.31608217780232,30.251318647223087,6.345095500161865,37.730684320402176
13057,Georgia,Cherokee,93.81737476220673,13.391416585995483,98.67996824770344,75.03641651993772,46.186158843087256,4.157617126900405,96.50372288766592,66.589106243748
13059,Georgia,Clarke,58.78249841471148,16.90868021942562,100.0,59.19907690424992,39.18487655946502,86.6583928017375,36.48429912593072,50.91366354144198
13061,Georgia,Clay,1.9340519974635384,87.96385930945466,93.83049869052526,79.6800009079363,21.68611817796446,42.07260316475333,13.693752023308514,46.49511336242372
13063,Georgia,Clayton,56.0558021559924,7.034527266860277,,53.17404996226655,29.05530944176836,9.494260006205394,78.73098089996763,52.66520810636851
13065,Georgia,Clinch,6.087507926442613,83.05905130687319,98.63189290648376,85.07611692371886,9.712073680638808,45.11324852621781,4.661702816445452,36.794945066362885
13067,Georgia,Cobb,96.2587190868738,3.904485317844466,99.89735724687492,73.12171347043993,52.728936375415024,10.394042817251005,95.59728067335708,69.44866331144942
13069,Georgia,Coffee,22.162333544705135,40.10971281058406,96.40804484603945,84.88439216944857,25.281919137558827,84.9519081600993,6.895435415992231,51.269437610468245
13071,Georgia,Colquitt,33.32276474318326,28.654404646660215,,81.66650418508621,24.21146064158744,59.29258454855725,4.273227581741664,41.14157336091725
13073,Georgia,Columbia,88.142041851617,18.812520167796063,98.53000546197822,87.84314944454871,49.25642955815113,35.743096493949736,90.15862738750404,63.493376175818376
13075,Georgia,Cook,16.328471781864298,55.211358502742826,98.02924080486136,77.49672735180648,27.045663721076423,45.020167545764814,9.550016186468111,47.34010717353825
13077,Georgia,Coweta,71.59162967660114,27.847692804130364,93.6729210371416,75.61162842381671,38.76345746162795,13.807012100527459,74.84622855292974,59.793516334880174
13079,Georgia,Crawford,10.906785034876346,88.54469183607615,95.6274757876952,85.4085566592613,21.76850342451529,2.6372944461681556,28.747167368080284,39.84336431518211
13081,Georgia,Crisp,12.111604311984784,34.65634075508228,96.69593746535332,72.17892894499487,25.053200330915633,83.7728824076947,1.8128844286176755,41.477382512075415
13083,Georgia,Dade,26.854787571337983,64.98870603420458,98.41119607790088,81.39288096701287,30.64677639065053,19.112627986348116,34.9951440595662,56.73519776079792
13085,Georgia,Dawson,48.731769181991126,72.86221361729591,96.52290727335632,78.38123977691258,44.66644966988288,4.778156996587043,89.12269342829394,70.91481717487555
13087,Georgia,Decatur,17.85034876347495,27.46047111971604,97.00944146945568,77.12293912366096,23.379764405863185,57.80328886130934,3.2696665587568794,41.53337676973425
13091,Georgia,Dodge,9.353202282815472,55.727654081961916,97.01536932510336,79.20464942943121,27.105653495276744,24.542351846106115,7.737131757850436,43.07261314504261
13093,Georgia,Dooly,7.83132530120482,74.31429493384964,,84.23780986450424,24.92849912218859,30.096183679801428,5.147296859825186,32.10651025807438
13095,Georgia,Dougherty,27.42549143944198,14.617618586640852,99.91344064686692,61.95110772452684,34.02890306041675,85.72758299720758,7.413402395597281,36.98366078052729
13097,Georgia,Douglas,70.41851616994292,19.19974185221039,96.99349370452244,68.57949821558441,39.71186789874952,5.336642879305003,94.10812560699256,58.66040199730968
13099,Georgia,Early,2.1242866201648702,56.01807034527266,97.70476642403736,80.22609229582058,25.687257539839187,49.4570276140242,0.4855940433797345,42.070874881269205
13101,Georgia,Echols,5.294863665187064,93.70764762826718,98.3493540939564,84.65489652440064,26.34295496534253,14.489605957182746,79.18420200712205,39.29576493422004
13103,Georgia,Effingham,59.3849080532657,41.88447886414973,98.7689514863593,81.53524663251153,32.922546195891165,6.608749612162583,75.20233085140823,59.68854449817471
13105,Georgia,Elbert,12.809131261889664,69.44175540496934,98.406350658767,76.32714031860738,25.882412751178613,46.57151721998139,3.463904176108773,44.431378569797886
13107,Georgia,Emanuel,7.736207989854154,62.31042271700549,99.99317141631045,85.28796737243268,17.89084194016508,40.61433447098977,6.086112010359339,41.42184742618541
13109,Georgia,Evans,13.982244768547874,76.89577282994514,,81.87613050698292,24.415400726550903,39.24914675767918,12.107478148268047,50.46767162391812
13111,Georgia,Fannin,22.923272035510465,59.503065505001615,97.28064515843076,84.09841760186426,34.28381503167135,29.59975178405213,35.027516995791515,57.01577528900311
13113,Georgia,Fayette,96.89283449587826,28.234914488544693,99.20224283807644,73.79909933591114,57.73121204868686,9.152963077877757,99.1906765943671,75.34608999728356
13115,Georgia,Floyd,42.96131896005073,19.328815747015167,99.9119923857548,78.09818953118581,38.68255734690921,61.0300961836798,27.678860472644867,44.589092933796834
13117,Georgia,Forsyth,98.89029803424224,11.552113585027428,98.68325182700802,80.01886137686215,52.307252426222526,9.277071051815085,98.769828423438,70.34734254365202
13119,Georgia,Franklin,19.499048826886497,56.76024524040013,97.21615727274292,83.99638376282061,23.987557326859314,29.289481849208812,27.09614762058919,49.55286634526099
13121,Georgia,Fulton,93.31008243500315,1.419812842852533,99.95352378232536,65.10364222140005,55.37237325613193,22.370462302202924,92.23049530592424,75.16823581618982
13123,Georgia,Gilmer,33.63982244768548,46.7892868667312,95.87270064491584,84.0669130822042,37.13525812975288,16.87868445547626,19.909355778569115,51.8671376813148
13125,Georgia,Glascock,7.926442612555486,92.90093578573733,96.69807503372512,92.4501760816778,26.639278225988537,1.582376667700899,16.607316283586922,26.762757690370016
13127,Georgia,Glynn,62.428662016487,24.459503065505,100.0,77.59149494980386,36.72217369586114,83.64877443375737,31.595985755908064,52.05472929516016
13129,Georgia,Gordon,40.48826886493342,25.33075185543724,97.61222167308598,85.4602540165036,28.398097885790264,47.34719205708967,30.78666235027517,45.97285641633357
13131,Georgia,Grady,4.502219403931516,43.43336560180703,97.65199113738724,75.78610830345092,26.1653469346437,30.344399627676083,14.179346066688248,52.572686407759576
13133,Georgia,Greene,15.852885225110972,63.85930945466279,97.49894683663238,88.73527194609792,42.02994568357692,34.533043748060805,1.877630301068307,57.323082182603365
13135,Georgia,Gwinnett,94.73684210526316,4.162633107454018,99.97924657447813,64.5202665232262,48.70295431988724,6.5466956251939195,94.69083845904824,64.33460162333698
13137,Georgia,Habersham,39.69562460367787,60.79380445304937,98.39284520807163,86.62709715951581,34.02021292782988,39.80763264039715,34.05632890903205,51.88495388531712
13139,Georgia,Hall,73.93785668991757,12.713778638270409,97.17020293131102,74.14729754469258,39.75362021614215,30.964939497362707,53.28585302686953,57.35953588056501
13141,Georgia,Hancock,0.6658211794546607,88.8028396256857,96.91356046840824,66.944390616447,16.04223883642549,3.475023270245117,9.582389122693428,22.313683316702416
13143,Georgia,Haralson,26.379201014584652,68.47370119393352,95.82573329161694,82.70984994582705,26.047499864773577,11.604095563139921,44.189057947555845,52.25206797741807
13145,Georgia,Harris,64.07736207989853,76.18586640851888,99.33937239611151,88.37206026614625,35.083049607324426,22.1532733478126,84.23438005827128,65.35247893846899
13147,Georgia,Hart,27.996195307545975,59.43852855759923,95.83591468434346,82.5227176164812,30.373379294244668,56.06577722618678,12.301715765619942,55.82198433051528
13149,Georgia,Heard,12.333544705136337,85.25330751855438,97.22642952693776,69.41871953949835,20.92256381922569,0.43437790878064675,28.682421495629654,44.00554897717366
13151,Georgia,Henry,72.89156626506023,12.842852533075186,99.97306498168092,70.79535408440252,39.98225848840917,6.081290722928941,92.91032696665587,63.499449368260954
13153,Georgia,Houston,72.32086239695624,19.812842852533073,,81.05549483843609,38.73746923351157,69.9348433136829,56.199417287147945,59.142096695206185
13155,Georgia,Irwin,7.419150285351934,78.31558567279767,97.461447981265,84.13315500892337,22.38143507049236,45.36146447409246,8.934930398187117,50.29335379436684
13157,Georgia,Jackson,47.78059606848446,36.10842207163601,97.82451246273584,87.25096047948954,34.17009148307749,11.728203537077249,89.18743930074457,60.7296209656286
13159,Georgia,Jasper,18.389346861128725,80.21942562116811,95.23266216016414,67.44944623883576,28.8602514928644,1.303133726341926,29.394626092586595,56.2886818387984
13161,Georgia,Jeff Davis,4.692454026632848,72.21684414327201,97.72777174233693,84.03097842238257,19.70176820925092,51.84610611231772,3.5933959210100355,33.134047337535485
13163,Georgia,Jefferson,17.43817374762207,71.89415940626009,96.68946807210006,79.67797528583573,19.93298157744077,15.451442755197021,0.809323405632891,54.78585456739928
13165,Georgia,Jenkins,6.182625237793278,86.35043562439496,98.10107535519016,79.90015300065706,22.87643690959481,33.47812596959355,7.607640012949174,40.79770951632216
13167,Georgia,Johnson,6.7850348763474955,86.93126815101647,,87.27609512557997,25.30081186931195,12.22463543282656,8.44933635480738,44.530994862217206
13169,Georgia,Jones,34.52758402029169,75.63730235559858,96.84384099586092,82.40222020185713,33.670056692452285,17.00279242941359,37.55260602136614,56.755137896805024
13171,Georgia,Lamar,15.250475586556751,82.38141335914811,98.6762424018823,87.30044117853336,26.530857833415592,15.327334781259694,31.498866947232113,55.31095024112667
13173,Georgia,Lanier,6.024096385542169,85.76960309777347,96.3736081684546,76.14578409692652,23.938047171006577,24.045919950356804,20.52444156685011,45.17549455767583
13175,Georgia,Laurens,25.269499048826887,42.72345918038077,96.70210434005438,81.27045440520486,33.65925591812084,60.40955631399317,6.409841372612496,42.657512415531016
13177,Georgia,Lee,63.03107165504122,61.11648919006131,96.19691273844528,85.90328856672903,37.788442447190725,64.13279553211294,55.972806733570735,62.38075650294596
13179,Georgia,Liberty,71.78186429930248,26.040658276863503,99.2459682419611,72.47057242465739,42.69967979213281,53.58361774744027,68.14503075428942,51.64798104843427
13181,Georgia,Lincoln,11.318960050729231,91.57792836398838,94.73348363931692,83.81497231806439,28.611192452619026,7.260316475333539,16.056976367756555,41.079283972045616
13183,Georgia,Long,31.92771084337349,88.57696030977735,98.3738262362151,87.07798593703667,27.44339580201755,20.53986968662737,79.66979605050179,56.585977980074425
13185,Georgia,Lowndes,52.790107799619534,21.74895127460471,97.34899175801532,74.71867571987472,37.26905516330967,85.94477195159789,30.333441243120753,50.73911564319591
13187,Georgia,Lumpkin,42.897907419150286,62.34269119070668,97.14468992971864,79.98902068711904,34.06080244661512,19.8883028234564,73.68080284881839,63.83799286083964
13189,Georgia,Mcduffie,16.0431198478123,68.82865440464666,96.56587534082549,74.54689993766407,28.716187966065416,42.569035060502635,3.3991583036581416,54.09540695654813
13191,Georgia,Mcintosh,12.872542802790107,45.950306550500166,95.3347525136614,68.34747423204878,29.83776824584977,7.043127520943216,19.326642926513436,49.22218351195677
13193,Georgia,Macon,15.472415979708307,64.69828977089384,,80.18363945593018,19.022353026035336,22.587651256593233,4.014244091939139,45.47696382718668
13195,Georgia,Madison,31.959416613823716,64.63375282349145,95.67919510416296,77.03171374242534,22.132723547241905,22.804840210983556,41.63159598575591,51.976561763967304
13197,Georgia,Marion,7.767913760304375,89.31913520490481,97.99590682538688,85.43310003635558,27.336762244661855,2.54421346571516,13.37002266105536,51.18514555361522
13199,Georgia,Meriwether,10.082435003170575,78.92868667312037,96.53030244945629,79.65496362921166,23.0545447228939,4.40583307477506,8.514082227258012,48.79418872913055
13201,Georgia,Miller,9.765377298668358,73.73346240722813,,81.79607516472751,19.551650484629917,38.225255972696246,7.251537714470703,39.276999480517155
13205,Georgia,Mitchell,8.18008877615726,35.04356243949661,97.22383573074691,78.79676544886553,28.009573862868304,34.439962767607824,2.1689867270961476,39.46660000837106
13207,Georgia,Monroe,46.41724793912492,70.1839303000968,98.99777601366698,89.51138683383546,34.89845054992264,25.75240459199503,41.95532534800906,61.04213100038767
13209,Georgia,Montgomery,4.058338617628408,87.57663762504033,96.62574396532602,89.11398346276532,29.296005530911817,38.039094011790255,18.90579475558433,51.986460239484366
13211,Georgia,Morgan,43.627140139505386,62.53630203291385,,80.58386427187574,34.84663936270563,27.334781259695944,46.09906118484947,57.50330472608477
13213,Georgia,Murray,22.733037412809132,50.95191997418522,97.54896250869014,91.04252473484163,24.490227185426825,33.35401799565622,20.427322758174167,51.42609436445321
13215,Georgia,Muscogee,48.82688649334179,10.939012584704743,99.97151730424292,69.89813589588941,40.02979994659046,83.80390940117903,37.35836840401424,52.05510593691299
13217,Georgia,Newton,51.268230818008874,20.103259115843823,94.7693826079532,64.91796368426913,30.37898007622083,10.083772882407686,49.49821948850761,57.80084914725007
13219,Georgia,Oconee,93.24667089410272,62.762181348822196,97.04299587014178,92.57066010334763,56.061168006905525,65.15668631709588,97.5072839106507,75.75063001820713
13221,Georgia,Oglethorpe,12.777425491439445,85.1242336237496,94.91253125342875,80.55075795447125,25.852048994105303,5.988209742475959,43.99482033020395,57.13785789764245
13223,Georgia,Paulding,81.26188966391882,22.555663117134557,95.3559969629946,78.02166655319586,34.70530719504479,0.4033509152963006,95.79151829070896,61.56521323924991
13225,Georgia,Peach,32.94229549778059,58.244595030655056,98.39057482108372,81.49830296671283,31.633955771775124,47.65746199193298,25.348009064422143,50.07994003663246
13227,Georgia,Pickens,43.880786303107165,68.054211035818,97.80994262741582,72.8522165919317,34.36876939045843,8.035991312441823,62.15603755260602,55.24275855122962
13229,Georgia,Pierce,14.04565630944832,78.73507583091319,95.86661847326612,90.66213690146247,24.51661339495407,33.88147688488985,21.65749433473616,52.43740313448957
13231,Georgia,Pike,38.142041851616995,84.6402065182317,97.64329227813144,75.30910022448461,28.618847516210437,5.367669872789321,82.93946260925867,62.21645175221835
13233,Georgia,Polk,21.528218135700698,35.237173281703775,99.87265254880926,79.55733629575693,26.11393375982506,17.282035370772576,17.028164454516023,44.798189014131495
13235,Georgia,Pulaski,10.367786937222574,73.70119393352694,91.92153202748705,74.46673256931803,29.03366966772678,33.912503878374196,13.56426027840725,45.61382325738306
13237,Georgia,Putnam,30.02536461636018,49.62891255243627,97.16053126576716,75.52034188259466,33.77490345990435,21.222463543282657,10.650696018128844,52.79951401353983
13239,Georgia,Quitman,0.6975269499048826,89.51274604711197,,86.35675467377322,27.44691489147279,36.67390629847967,40.692780835221754,44.24001579128839
13241,Georgia,Rabun,30.81800887761573,73.83026782833171,97.85536917699112,80.27497594252124,39.866714872897255,57.3689109525287,25.250890255746196,59.57338970269321
13243,Georgia,Randolph,2.5047558655675335,82.60729267505647,96.52678354411086,72.79125261348304,20.75153166317209,37.69779708346262,2.3632243444480414,38.41868059998403
13245,Georgia,Richmond,43.15155358275206,9.906421426266537,93.13446544919456,66.93341970844398,45.943738000032056,68.32143965249767,21.59274846228553,41.864386988228745
13247,Georgia,Rockdale,63.95053899809765,19.619232010325913,98.1697966871668,64.73345796428191,42.51851321918951,6.950046540490234,90.61184849465846,64.95998869149975
13249,Georgia,Schley,14.648065948002536,90.86802194256211,98.33853353554196,80.47458677260104,26.81280863151453,24.85262178094942,18.323081903528653,52.15029092751644
13251,Georgia,Screven,3.741280913126189,62.89125524362697,,88.88058124920082,23.92084578618655,10.673285758609993,12.269342829394626,50.42201851460207
13253,Georgia,Seminole,14.077362079898542,68.18328493062278,96.43134988865845,77.66362300185557,27.69557964407799,33.94353087185851,3.6581417934606666,37.9142240209933
13255,Georgia,Spalding,36.30310716550412,43.852855759922555,95.94854766797675,62.52751391598755,29.863369115599653,21.12938256282966,22.24020718679184,47.40165395379702
13257,Georgia,Stephens,34.78123018389347,64.60148434979025,,82.88883748691288,30.4160758337079,67.82500775674836,19.13240530916154,51.729910184221104
13259,Georgia,Stewart,4.660748256182625,91.25524362697645,,87.94179476242984,23.731135159723372,10.052745888923369,19.8769828423438,36.824796462468306
13261,Georgia,Sumter,19.435637285986047,41.17457244272346,98.5669146100032,77.11402217909692,30.49571667897402,69.77970834626124,2.848818387827776,51.56982314425366
13263,Georgia,Talbot,2.7266962587190866,91.9651500484027,96.0757937628598,74.97828703803941,22.863190961253952,1.4892956872479033,18.841048883133706,42.113208860606505
13265,Georgia,Taliaferro,2.6949904882688647,93.6108422071636,,80.65932840660074,24.946867254745012,8.408315234253806,28.844286176756235,20.129290700483537
13267,Georgia,Tattnall,7.228915662650602,40.62600838980316,97.90328149875454,87.39058820639787,24.497137611095784,31.802668321439654,18.873421819359017,47.30107081552058
13269,Georgia,Taylor,3.2974001268230815,83.5108099386899,,79.1953868838114,23.41041174681903,10.828420726031652,5.600517966979605,39.672484292484825
13271,Georgia,Telfair,0.8243500317057704,74.50790577605679,,79.00226292733747,21.771072515148315,41.1417933602234,2.2661055357720947,25.765702843340907
13273,Georgia,Terrell,3.2339885859226376,75.57276540819619,,74.02124332995017,21.45782436417533,27.08656531182129,0.2266105535772094,44.160054230362746
13275,Georgia,Thomas,22.764743183259352,29.654727331397225,96.92620763202684,77.89487138191802,36.20601061537106,74.93018926466026,14.211719002913563,52.28892903856578
13277,Georgia,Tift,33.16423589093215,30.880929332042594,92.73074424636428,83.28352881078476,29.998280984947943,80.1116971765436,13.0462932988022,45.76549395820138
13279,Georgia,Toombs,25.903614457831324,54.8241368183285,,79.09699026399355,28.75252355766943,59.78901644430655,9.77662674004532,45.99106180029324
13281,Georgia,Towns,38.712745719720985,75.21781219748306,98.08813921442882,80.67089559839337,40.860833207495446,43.99627676078188,28.90903204920686,54.64930096980293
13283,Georgia,Treutlen,3.6778693722257447,89.86769925782511,96.854648499934,79.31892058511886,21.061647516649472,14.055228048402114,4.629329880220136,26.592097334939872
13285,Georgia,Troup,40.77362079898542,33.68828654404646,97.63873870854398,72.97346792111885,32.786427331046504,66.11852311511015,16.83392683716413,51.58723431287941
13287,Georgia,Turner,3.963221306277743,71.41013230074218,97.99544526794104,82.83607226021442,20.57259400713941,39.931740614334466,4.920686306247977,38.178183932518856
13289,Georgia,Twiggs,1.8389346861128724,83.67215230719587,96.2449732227244,78.21080465048271,19.598636573118416,12.534905367669865,19.035286500485594,55.392948705096394
13291,Georgia,Union,39.25174381737476,64.18199419167473,98.52258665202513,84.37684053953046,41.330367372304885,58.33074775054297,39.59210100356103,58.13981270719147
13293,Georgia,Upson,31.83259353202283,78.89641819941917,99.3654641343528,78.18471672579334,26.800252827582725,32.17499224325164,6.021366137908708,46.605580810267085
13295,Georgia,Walker,30.53265694356373,27.815424330429174,,80.30231841083344,24.356301556747045,27.14861929878994,35.933959210100355,45.18461307788758
13297,Georgia,Walton,46.70259987317692,27.234591803807678,99.08462994026256,71.46907492810143,36.146387931084874,4.064536146447395,77.2094528973778,56.99802206554839
13299,Georgia,Ware,29.105897273303743,46.402065182316875,98.25370587705432,77.87622691452384,27.554713843456693,75.45764815389389,8.999676270637746,38.15150446906569
13301,Georgia,Warren,2.251109701965758,88.67376573088093,,87.27665904075344,18.99438758107899,19.82624883648775,8.740692780835221,42.75686828138931
13303,Georgia,Washington,5.168040583386176,74.24975798644724,96.67246313629886,77.33995816940751,24.76296979953152,55.07291343468818,0.712204596956944,49.23534048303952
13305,Georgia,Wayne,27.742549143944196,58.95450145208132,95.5087433692788,83.0399787135949,23.51952863274477,35.556934533043744,15.992230495305924,48.23446891475528
13307,Georgia,Webster,9.511731135066585,92.22329783801226,100.0,80.0509673457393,27.97544443865412,17.03381942289792,28.067335707348654,43.979219853641574
13309,Georgia,Wheeler,0.7926442612555484,89.57728299451436,97.78892387296004,78.23358310667847,24.584976992908867,11.324852621780948,11.751375849789577,46.311947042907555
13311,Georgia,White,55.16804058338618,61.66505324298161,98.40104324468778,87.3333580026736,32.75117568306544,16.28917157927397,46.03431531239883,55.72779488060351
13313,Georgia,Whitfield,48.31959416613824,16.101968376895773,94.69622703787684,83.7770187421825,36.111201435868544,74.24759540800495,25.186144383295566,48.84245785201323
13315,Georgia,Wilcox,2.3779327837666457,80.60664730558244,97.57010777810812,88.93431044878626,25.29061344503851,26.341917468197323,12.236969893169311,44.75076935292378
13317,Georgia,Wilkes,10.399492707672795,87.06034204582124,88.58297331852924,83.32155965701044,27.848189275962365,23.17716413279554,4.726448688896083,40.47819841866502
13319,Georgia,Wilkinson,8.623969562460369,88.2865440464666,98.22200744587713,79.44213785089586,23.587184256693913,15.513496742165685,9.485270314017482,46.21182557789622
13321,Georgia,Worth,19.27710843373494,57.56695708292998,95.8522577004242,81.01843829194208,23.676460406874373,17.74744027303754,7.381029459371965,47.97691452277709
13089,Georgia,De Kalb,90.4565630944832,2.291061632784769,99.95966494916856,61.99387407186186,51.74584625144881,10.45609680421967,86.40336678536742,67.25179865283434
15001,Hawaii,Hawaii,77.86937222574508,,92.66981404907824,53.0091499882338,48.47969096620599,35.27769159168477,78.051149239236,62.870711672933034
15003,Hawaii,Honolulu,97.05136334812936,,,43.67196042292807,62.12751350138123,23.95283896990381,96.21236646163808,66.31492414586232
15007,Hawaii,Kauai,86.5567533291059,,93.50117105268708,47.19467251332551,56.68646320297233,63.63636363636363,86.85658789252186,63.14297924251569
15009,Hawaii,Maui,79.45466074825617,,,44.51615127310971,55.14981561172645,58.54793670493329,88.6047264486889,67.58259084073602
15005,Hawaii,Kalawao,26.79137603043754,,,82.72339173595944,41.57874529465896,99.56562209121937,,60.07765707442935
16001,Idaho,Ada,92.86620164870008,6.034204582123266,99.17898698868088,78.63520962589367,53.79451566142219,81.0114799875892,95.56490773713176,74.08324620025925
16003,Idaho,Adams,23.71591629676601,71.18425298483382,96.10692624189475,84.9502537252749,39.18872651113908,70.71051815079119,80.25250890255747,47.94652480054974
16005,Idaho,Bannock,70.45022194039315,23.62052274927396,99.67303714381994,83.24206014175535,43.80123984948402,94.13589823146137,82.38912269342829,54.799233467305186
16007,Idaho,Bear Lake,49.429296131896,92.41690868021942,99.83783740578536,94.70081197656192,38.78766347873438,48.89854173130623,40.04532211071544,62.513091276385666
16009,Idaho,Benewah,23.272035510462903,74.21748951274606,95.16946272218568,79.74511152866455,35.1965221920597,67.66987278932672,16.672062156037555,49.82748866727293
16011,Idaho,Bingham,58.56055802155993,39.303000968054214,98.5781038382791,90.2592007302976,35.02360399064941,69.90381632019857,63.48332793784396,59.73970128467132
16013,Idaho,Blaine,92.58084971464808,53.04937076476283,99.12829934270444,80.97883651203266,58.89799696201178,88.58206639776606,59.2101003561023,88.6075795710694
16015,Idaho,Boise,42.232086239695626,71.66828009035171,95.40774855284543,79.95386784301994,43.63314355314871,0.5895128762022779,84.13726124959534,59.4936791942288
16017,Idaho,Bonner,51.2999365884591,18.522103904485316,98.18435748695362,77.85393296299445,40.74063249563648,34.998448650325784,68.43638718031725,63.12875775334528
16019,Idaho,Bonneville,87.06404565630945,14.198128428525331,97.89854775031807,83.11257125890974,44.13496775652311,88.45795842382873,87.9896406604079,59.75961995956133
16021,Idaho,Boundary,42.10526315789473,76.99257825104873,97.92897054375324,82.29249314899175,40.433068955005886,69.87278932671424,47.134995144059566,56.72585784944436
16023,Idaho,Butte,40.076093849080536,97.51532752500806,97.32050241688222,84.74099473523142,25.63698167078788,67.79398076326405,51.052120427322755,50.74899207371759
16025,Idaho,Camas,46.956246036778694,97.3539851565021,98.49468933661306,78.03915018082736,27.85921264984069,3.0096183679801385,75.65555195856264,41.52854045854085
16027,Idaho,Canyon,65.97970830691186,9.970958373668925,99.05629893561954,75.85412519236587,39.7184010619398,43.15854793670494,82.03302039494982,61.019790435588085
16029,Idaho,Caribou,63.82371591629676,87.80251694094869,99.0652852072914,92.22374247476829,40.649928356739785,86.00682593856655,78.40725153771447,71.97184356203483
16031,Idaho,Cassia,72.51109701965758,51.46821555340433,96.79110145534035,87.92315488105645,43.63967669560209,93.04995345950978,47.68533505988993,64.15010734013674
16033,Idaho,Clark,47.305009511731136,99.19328815747015,,89.10208832258763,21.49377148448493,44.368600682593865,,35.74707094826896
16035,Idaho,Clearwater,27.552314521242867,60.66473055824459,97.97705882435966,82.34987596351463,40.7592992448232,44.98914055228048,29.16801553900939,55.04792258258524
16037,Idaho,Custer,54.914394419784394,76.37947725072604,97.68282162957604,84.4641931340379,42.373230251494654,59.69593546385355,66.97960505017805,53.79892917949822
16039,Idaho,Elmore,48.57324032974002,38.72216844143272,98.80753355578226,85.33149869622397,43.713404940807,78.49829351535837,83.06895435415991,56.92215512813647
16041,Idaho,Franklin,82.62523779327837,85.44691836076154,99.58347457613564,80.86016583834855,40.65164547028219,48.215947874650944,70.89673033344124,70.18643446471731
16043,Idaho,Fremont,94.38807863031072,72.44272345918039,98.32171103147331,91.89505563074552,41.55129696632202,69.15916847657462,77.50080932340563,58.2092728777287
16045,Idaho,Gem,30.500951173113503,51.79090029041626,99.0370483851248,84.44162279158991,38.116580365091394,14.365497983245419,60.958238912269344,57.97453964425879
16047,Idaho,Gooding,52.94863665187064,68.5705066150371,98.09261247177751,86.00537567508165,34.46037250961135,68.35246664598199,58.72450631272257,60.83268853062189
16049,Idaho,Idaho,27.93278376664553,41.78767344304614,97.18468202011736,84.3236355603615,39.54040218539015,70.98976109215018,47.879572677241825,56.757786208902345
16051,Idaho,Jefferson,69.75269499048828,58.696353662471765,98.8552246070138,84.57239092031074,36.38224544558645,62.30220291653738,92.58659760440273,67.66754536004393
16053,Idaho,Jerome,66.3284717818643,66.34398192965473,97.00999053686137,82.67633260439668,30.558093757742817,75.8609990691902,44.027193266429265,57.09005500865208
16055,Idaho,Kootenai,75.5865567533291,8.680219425621168,98.5664414208476,75.68808324750425,47.59725971370397,65.83928017375116,84.2667529944966,66.23398811557882
16057,Idaho,Latah,71.65504121750158,49.53210713133269,99.0864964540704,79.69411367102386,45.63376441199067,76.51256593236116,94.36710909679508,64.42677431313494
16059,Idaho,Lemhi,33.70323398858592,83.22039367537916,98.68061107926331,78.13442174917314,39.45658107210308,94.66335712069501,39.7539656846876,54.99288860360673
16061,Idaho,Lewis,24.032974001268233,87.51210067763795,97.53498271290054,86.2436874528277,28.551603214064052,16.040955631399328,93.49303981871157,41.08064851905566
16063,Idaho,Lincoln,55.294863665187066,90.77121652145853,95.55835339101792,87.61738460677306,35.10408371006026,7.477505429723863,58.303658141793456,38.621504749339536
16065,Idaho,Madison,97.46353836398224,35.108099386899,99.68845075414004,73.03723061601919,39.509572716990725,90.94011790257524,99.77338944642278,51.52182282552023
16067,Idaho,Minidoka,64.83830057070386,66.56986124556309,98.53346835309604,83.66654576507166,35.77831039371443,93.91870927707106,30.592424732923273,52.70046532430143
16069,Idaho,Nez Perce,68.54787571337984,42.78799612778316,99.58430630592528,75.47882465733787,42.48016672847441,93.57741234874341,57.30009711880868,54.9368709204769
16071,Idaho,Oneida,51.204819277108435,88.41561794127138,95.25252243376204,89.32845761060206,38.60494500493736,42.53800806701831,51.505341534477175,60.846099543223474
16073,Idaho,Owyhee,32.308180088776155,58.14778960955147,97.674121853825,75.61115365076738,31.677794950073583,24.63543282655911,71.09096795079314,54.08041752347355
16075,Idaho,Payette,41.724793912492075,49.24169086802194,98.2965120714717,83.07572984421128,38.24942407185593,69.34533043748061,58.27128520556815,59.18583669809491
16077,Idaho,Power,50.507292327203544,76.76669893514037,98.1095035063167,86.46879987914157,34.87865510144506,84.08315234253801,30.365814179346067,63.5793250745137
16079,Idaho,Shoshone,32.78376664552949,44.04646660212972,95.92810520405172,85.12000893377731,33.7759699807275,66.49084703692213,30.042084817092913,51.144334504540154
16081,Idaho,Teton,95.02219403931517,85.02742820264602,98.10815989537988,81.1208222826889,49.90207327645691,13.775985107043127,81.7740369051473,73.14752590697728
16083,Idaho,Twin Falls,78.05960684844642,37.237818651177804,99.108726476701,81.09588976935056,41.70692407218521,91.65373875271486,72.54775008093233,63.87150099687854
16085,Idaho,Valley,64.99682942295499,65.98902871894158,96.50653336177706,83.17418334051662,51.12350963431916,94.63233012721068,93.65490449983812,68.3064197610556
16087,Idaho,Washington,29.7717184527584,62.47176508551146,98.9435771423127,79.177579903631,33.19140422696427,74.61991932981694,40.59566202654581,52.745954385486606
17001,Illinois,Adams,78.09131261889664,26.234269119070667,99.02732082995112,86.6884176808589,46.282022668612285,93.23611542041576,48.170929103269664,59.433310063014304
17003,Illinois,Alexander,1.8706404565630943,40.206518231687646,99.21324250710629,78.16888860386928,29.029133711730484,15.97890164443065,21.01003561022985,23.458319370200076
17005,Illinois,Bond,38.49080532656944,41.33591481122943,99.1779715578363,89.45197026167989,35.920456971795005,36.39466335712069,79.63742311427646,52.93503105603849
17007,Illinois,Boone,50.47558655675333,18.070345272668604,99.00665020585328,83.23840876357428,40.60215988584049,28.14148309028856,87.43930074457754,59.62244465096293
17009,Illinois,Brown,71.33798351299937,80.38076798967408,100.0,94.80226949020444,37.3344684739296,79.27396835246665,46.77889284558109,55.60033201126079
17011,Illinois,Bureau,55.64362714013951,23.426911907066795,99.25820722300868,87.62226542055504,37.05495590180357,74.21656841452064,61.47620589187439,53.30260776919905
17013,Illinois,Calhoun,51.10970196575777,80.28396256857052,97.06567107790136,88.04712869983491,28.73407843184599,0.3102699348433049,15.182907089673034,60.33070084014156
17015,Illinois,Carroll,46.51236525047558,39.59341723136496,99.49072549041928,92.16898527857464,34.08365659166029,47.56438101147998,52.31466494011007,59.48907448543322
17017,Illinois,Cass,63.25301204819277,47.27331397224911,99.82028747084614,93.77902666492432,34.99190523535099,63.04685076016134,11.783748786014892,58.72564675277743
17019,Illinois,Champaign,77.39378566899175,6.615037108744756,99.29001190262088,72.98086841353155,51.88297795556709,94.91157306856965,87.14794431854969,60.479863676406865
17021,Illinois,Christian,51.712111604311986,30.558244595030654,99.05835931649352,90.12626421450216,34.07034063283894,39.373254731616505,31.53123988345743,58.78902618336587
17023,Illinois,Clark,55.453392517438175,51.33914165859955,99.07799932543976,91.0819582693486,33.555052042972854,40.4591995035681,44.28617675623179,62.581920091578375
17025,Illinois,Clay,35.668991756499686,47.40238786705389,98.94672114120876,90.4706825481055,30.526861102921835,61.74371703381942,22.53156361281968,53.16128053794877
17027,Illinois,Clinton,82.87888395688016,23.87867053888351,99.4929150813511,86.84278235153671,39.6463193833361,31.523425380080667,62.835869213337645,67.88398528492954
17029,Illinois,Coles,51.42675967025999,19.296547273313973,99.25450377357144,82.60872839803581,42.51913125295002,87.86844554762644,52.08805438653285,48.53117369584579
17031,Illinois,Cook,88.68103994927077,0.12907389480477574,99.86380694170607,61.25893407622932,52.56266995469174,5.864101768538646,65.03722887665911,86.34579550769246
17033,Illinois,Crawford,46.544071020925806,47.370119393352695,99.04148503895138,89.8667219774051,38.39605557740618,88.05460750853243,39.36549044998382,63.97367568997503
17035,Illinois,Cumberland,46.82942295497781,55.017747660535655,99.60231711811672,94.41361991952309,31.477519232453997,45.08222153273348,42.4409193913888,64.46617162911639
17039,Illinois,De Witt,58.71908687381103,43.94966118102614,,90.30692282218226,36.30961915016204,49.17778467266521,64.74587245063127,62.28495908611357
17041,Illinois,Douglas,73.46227013316422,27.783155856727976,,89.85772012776225,36.89602453254434,48.74340676388458,57.94755584331499,59.83051916715801
17043,Illinois,Du Page,99.20735573874444,1.1616650532429817,99.86311723205073,73.15049926318225,66.96661132810767,21.96711138690661,98.08999676270638,76.50990005281136
17045,Illinois,Edgar,42.86620164870006,38.3026782833172,99.26917823192622,93.52063904659995,31.568653938599493,72.94446168166304,19.35901586273875,52.20227682453334
17047,Illinois,Edwards,36.58845909955612,58.5027428202646,98.99211334485804,93.7285543815861,31.74718147670267,43.49984486503258,49.36872774360634,52.27514625050033
17049,Illinois,Effingham,80.27901077996195,28.170377541142305,98.89516877036978,93.6571400544236,50.25944672007165,91.34346881787155,53.51246358044675,64.29885710519939
17051,Illinois,Fayette,42.35890932149651,36.205227492739596,98.7041681107137,91.44335617458611,31.84118531614136,49.02264970524356,27.45224991906766,46.6552002976817
17053,Illinois,Ford,53.963221306277745,51.210067763794775,98.87551901216376,86.55803009272759,38.21074085037948,41.017685386286075,64.29265134347686,56.05107519905225
17055,Illinois,Franklin,33.734939759036145,16.39238464020652,98.89381741082858,82.39041930936361,34.32147132374872,35.46385355259075,31.272256393654907,45.67900305537946
17057,Illinois,Fulton,44.95878249841471,30.75185543723782,98.93247811763052,91.34395473628727,31.92762461614744,28.979211914365493,33.11751375849789,61.891970048814656
17059,Illinois,Gallatin,21.052631578947366,54.211035818005804,98.6329676789565,95.1824327232185,26.40622490664015,29.630778777536463,35.54548397539657,30.971039255838942
17061,Illinois,Greene,35.732403297400126,72.70087124878994,99.41303316842604,91.78188908750678,29.01008432455184,17.995656220912196,28.1644545160246,59.010956871220515
17063,Illinois,Grundy,72.03551046290426,14.004517586318165,99.25262372642646,79.27787546045731,41.24596927573208,24.1390009308098,92.716089349304,72.70533947874007
17065,Illinois,Hamilton,47.17818642993025,53.46886092287835,98.93263966174496,98.57695220537846,29.467510071900783,23.58051504809184,27.549368727743605,54.255182339058805
17067,Illinois,Hancock,60.336081166772345,59.019038399483705,99.39851289519216,93.48185013631247,36.304047810814765,47.13000310269935,67.04435092262868,49.05393550624266
17069,Illinois,Hardin,6.626506024096386,75.73410777670216,,94.98763941158067,32.876834520780044,14.986037852932057,10.909679507931369,46.1727465375812
17071,Illinois,Henderson,33.44958782498414,67.5056469828977,99.59477102844448,94.22668821888104,38.04367858295912,32.60937015203227,37.58497895759145,62.05275795587431
17073,Illinois,Henry,60.24096385542169,28.944820909970957,99.400276660452,91.09234118494288,37.84852096694156,55.8796152652808,71.25283263191972,56.80617653696439
17075,Illinois,Iroquois,51.521876981610646,20.619554695062924,98.07731605826696,87.84454890878139,31.848687124073283,42.351846106112326,49.91906765943671,54.09903195737857
17077,Illinois,Jackson,43.43690551680406,15.004840271055178,98.61396198338726,70.81204503890113,48.123302328621854,78.12596959354639,60.82874716736808,44.22373521777215
17079,Illinois,Jasper,66.16994292961319,64.14972571797354,98.0588401088919,92.04782961374798,35.37339743509809,45.26838349363946,36.71090967950793,62.648856935771626
17081,Illinois,Jefferson,43.08814204185162,16.521458535011295,98.49571231811494,83.66220729175168,34.82130002616875,77.5364567173441,32.72903852379411,54.13776066195159
17083,Illinois,Jersey,37.00063411540901,62.02000645369474,98.43377151179492,87.02761966841592,37.49980810176627,15.110145826869385,46.64940110067983,61.244643915463655
17085,Illinois,Jo Daviess,63.09448319594166,32.4298160696999,99.16836182852632,91.06325187512856,43.210814405983086,67.39062984796773,68.306895435416,63.21993733741561
17087,Illinois,Johnson,9.258084971464807,39.851565020974505,98.13364796665618,89.40269068373645,37.42333915746307,12.441824387216883,41.307866623502754,57.77033265529514
17089,Illinois,Kane,87.285986049461,4.453049370764763,99.72149632485244,71.76006747445423,50.60497628044419,23.828730995966495,89.60828747167368,68.35497496235875
17091,Illinois,Kankakee,43.46861128725429,8.422071636011616,98.8202035197512,75.94990124146416,37.29442066899034,47.998758920260634,51.40822272580123,56.38823576620265
17093,Illinois,Kendall,95.14901712111605,9.164246531139076,99.5377399980407,76.37535352297985,47.62539693573488,10.983555693453312,98.18711557138232,73.78371018604798
17095,Illinois,Knox,45.43436905516804,19.845111326234267,98.14928541340248,82.54454086631887,35.31019464890438,79.70834626124729,33.86209129168016,48.97225489340887
17097,Illinois,Lake,94.3563728598605,3.452726686027751,99.28285649765542,72.5563394629067,61.33163918232007,16.661495501085938,84.59048235674975,72.46742466892485
17099,Illinois,La Salle,56.84844641724794,10.454985479186835,98.43736348848188,85.07814653974735,38.392977392740555,54.60750853242321,63.90417610877307,55.79058065637684
17101,Illinois,Lawrence,28.408370323398856,37.7541142303969,99.02024601020074,92.67439017203618,31.761620133537157,68.81787154824697,31.01327290385238,54.824202393048395
17103,Illinois,Lee,51.99746353836399,23.814133591481124,98.46232269170471,88.37453976181169,45.55447152919793,57.989450822215325,65.61994172871479,56.06031354088397
17105,Illinois,Livingston,58.180088776157255,18.29622458857696,98.54029354703164,87.72957486704749,38.23443809305345,66.39776605646912,55.131110391712525,58.05414403450617
17107,Illinois,Logan,53.26569435637286,25.040335592126496,98.87157090103555,89.36915847871887,38.1840583349028,60.93701520322681,53.026869537067014,57.02646338364005
17109,Illinois,Mcdonough,60.93849080532657,48.75766376250403,99.2078432401433,73.98419726051178,37.65308366510547,89.88520012410797,70.76723858853998,49.810905354784474
17111,Illinois,Mchenry,93.9441978440076,7.87350758309132,99.70825292514996,76.444605630565,52.42121757470352,11.10766366739064,95.6620265458077,70.15420237902333
17113,Illinois,Mclean,84.71781864299302,5.969667634720878,99.69046104761428,83.47911774449625,48.91627914886526,90.75395594166925,90.0615085788281,63.64935862141204
17115,Illinois,Macon,42.2003804692454,9.51919974185221,99.21204266630174,85.20163115280569,41.53285318765644,91.0021718895439,40.43379734541923,53.175668267600265
17117,Illinois,Macoupin,49.873176918199114,19.36108422071636,99.34642582210748,90.72708939103846,33.69143512441199,19.081600992863784,57.36484299125931,58.31266719989825
17119,Illinois,Madison,61.73113506658212,5.90513068731849,98.997574126591,81.52727320510066,43.434823525312446,37.046230220291655,64.71349951440595,58.71142957765032
17121,Illinois,Marion,35.7006975269499,18.618909325588902,98.44908701985852,86.34520701050947,32.215612991253565,74.74402730375427,23.049530592424738,51.78571004079708
17123,Illinois,Marshall,39.18833227647432,48.660858341400456,99.13619295128686,89.30869077400595,29.86772699041162,27.831213155445226,72.2563936549045,57.6086487641837
17125,Illinois,Mason,31.008243500317057,45.434010971281054,99.71611973846366,90.59709505823308,32.10547712414088,12.286689419795223,38.16769180964714,51.19714129370948
17127,Illinois,Massac,15.060240963855422,25.556631171345597,99.26997271153309,89.38938345351285,31.931444128428517,63.57430964939497,40.33667853674328,52.18329161500671
17129,Illinois,Menard,69.21369689283449,60.08389803162311,99.6198290540428,91.88761801878606,37.29496448745575,20.04343779087806,78.98996438977015,65.21322830235515
17131,Illinois,Mercer,53.36081166772353,76.0890609874153,98.59037425606536,89.24047753039112,30.264853427361647,20.167545764815387,59.85755908060861,62.34972183757737
17133,Illinois,Monroe,91.97844007609385,39.43207486285898,99.64372923265906,91.8767966471166,49.54922118120719,14.210363015823773,91.0974425380382,77.05334799705165
17135,Illinois,Montgomery,47.81230183893469,25.524362697644403,98.40756820020438,89.64019770607915,32.42694332612418,38.53552590753956,31.239883457429592,53.12298943919254
17137,Illinois,Morgan,57.45085605580216,22.103904485317845,99.64771329111464,89.74655290494611,36.94343671463967,75.33354017995656,43.735836840401426,50.68918184739232
17139,Illinois,Moultrie,65.69435637285986,40.755082284607944,99.35540381346893,93.2575673347665,32.480878580835835,54.080049643189575,70.7996115247653,62.834605506811904
17141,Illinois,Ogle,51.96575776791376,16.682800903517265,99.27133018149358,88.02175705396405,40.71989461643423,42.19671113869066,79.05471026222078,58.73261216662008
17143,Illinois,Peoria,51.648700063411546,6.356889319135204,98.49633011079656,79.25237882163313,49.159176077554726,89.07849829351535,46.29329880220136,53.70140679729126
17145,Illinois,Perry,40.99556119213697,25.653436592449175,99.35976220517163,92.43124173936124,36.071341787423336,39.77660564691281,30.883781158951116,50.12770366552004
17147,Illinois,Piatt,69.81610653138871,44.562762181348816,98.5660379772038,89.01596696792402,40.25461143556935,37.387527148619306,85.91777274198769,67.37992793199008
17149,Illinois,Pike,40.456563094483194,63.18167150693772,99.09312526147242,87.86467726500497,33.994285911655474,36.11542041576171,48.07381029459372,50.68685573245978
17151,Illinois,Pope,20.006341154090045,72.82994514359471,,95.41224398792924,34.34795609417022,7.291343468817885,62.51213985108449,42.58006932407643
17153,Illinois,Pulaski,2.4413443246670896,38.65763149403033,97.38715618944104,89.74126788185164,27.80738285523813,6.887992553521556,21.754613143412108,25.12930649916832
17155,Illinois,Putnam,46.63918833227648,64.40787350758309,99.20533178712884,92.76510196715664,37.46704300674091,40.30406453614644,82.45386856587893,62.92884254376968
17157,Illinois,Randolph,50.1585288522511,22.07163601161665,99.85292911891896,94.67092747685338,35.76006797010098,47.06794911573069,34.76853350598899,57.79728442814202
17159,Illinois,Richland,59.25808497146481,39.33526944175541,98.61181650031703,92.28399422864432,36.64219389974164,86.72044678870617,32.82615733247006,57.60303095923257
17161,Illinois,Rock Island,57.57767913760304,9.325588899645048,99.2882548864777,82.33124426133692,44.375353701461634,87.34098665839281,60.14891550663645,56.4338661102589
17163,Illinois,St Clair,56.46797717184528,6.550500161342368,99.20975233218984,78.12623887147298,41.90136150240473,41.11076636673906,52.120427322758175,56.58953752375293
17165,Illinois,Saline,29.3278376664553,21.781219748305904,98.9825085715996,85.73409482111077,33.46368466426766,53.800806701830595,21.495629653609583,44.04824755415084
17167,Illinois,Sangamon,80.5009511731135,8.099386898999677,98.2324122807065,83.08488612535874,51.39196001960022,89.69903816320198,71.96503722887667,61.07297858917573
17169,Illinois,Schuyler,41.629676601141405,74.83059051306873,99.45784221590247,95.0240053868522,34.85996009449985,68.22835867204468,19.261897054062803,52.30931948973505
17171,Illinois,Scott,41.37603043753963,83.12358825427557,99.328020407,96.35094566350124,29.97824317285323,47.25411107663667,27.61411460019424,47.7148529889209
17173,Illinois,Shelby,37.09575142675967,37.947725072604065,98.62165720152994,91.1719719916372,32.191662777878115,38.56655290102389,47.6205891874393,59.16693441576959
17175,Illinois,Stark,42.80279010779962,72.31364956437561,98.49786238041072,88.55791533675931,32.68254731063101,25.535215637604708,60.47264486888962,47.38397095400714
17177,Illinois,Stephenson,61.88966391883323,16.32784769280413,99.25929181977044,86.50552489429816,38.56502566226318,69.99689730065157,36.613790870831984,63.73272806568871
17179,Illinois,Tazewell,64.26759670259987,11.003549532107131,99.45440006223528,87.29098683668688,41.39764985843816,74.3717033819423,74.71673680802849,60.7543654982446
17181,Illinois,Union,21.655041217501587,35.68893191352049,98.28163976402637,90.6563092081394,36.95636735188458,23.425380080670195,24.40919391388799,43.741695020214095
17183,Illinois,Vermilion,24.128091312618896,15.295256534365926,97.71445488650367,84.1630452997779,33.324802547013704,73.44089357741234,21.333764972483003,53.91440361380075
17185,Illinois,Wabash,59.89220038046924,54.98547918683446,99.76014590608088,87.00986409194935,37.31847588937769,63.85355259075396,34.70378763353836,55.09466401454723
17187,Illinois,Warren,73.11350665821179,59.212649241690876,98.38236588084006,92.98770492701506,34.79055253155708,75.64381011479988,32.988022013596634,58.035516206722136
17189,Illinois,Washington,79.64489537095751,33.171990964827366,98.766173861374,92.06717941137792,34.68325624968205,37.26341917468198,61.05535772094529,64.64035607944159
17191,Illinois,Wayne,33.95688015218769,44.982252339464345,98.48549279381425,85.80632302189152,29.135770963440297,56.59323611542042,22.79054710262221,51.36156010465048
17193,Illinois,White,31.261889663918836,32.23620522749274,98.98807331378016,85.8868449883731,29.30192236492123,34.50201675457649,28.196827452249916,50.100352541127585
17195,Illinois,Whiteside,61.03360811667724,17.844465956760246,99.41803306808518,90.41088566486388,37.711222228302006,81.78715482469748,46.45516348332794,57.107369578562995
17197,Illinois,Will,92.99302473050096,2.968699580509842,99.54042215844233,75.10490622980113,50.06611564080946,10.238907849829346,89.51116866299773,68.37610998907657
17199,Illinois,Williamson,43.722257450856056,14.294933849628913,,83.42980512940719,44.24509583133829,64.47409246044059,49.88669472321139,54.06934953175162
17201,Illinois,Winnebago,44.57831325301205,4.582123265569538,99.27994442708298,78.92029237947162,42.49064487741825,74.40273037542663,49.33635480738103,55.70771961144829
17203,Illinois,Woodford,84.02029169308814,38.20587286221362,,90.5484681312241,42.39824273741116,48.15389388768229,89.025574619618,63.58201391504112
17037,Illinois,De Kalb,79.10589727330374,9.68054211035818,99.47192953909264,71.93245998186879,43.38857845882108,35.89823146137138,92.9750728391065,56.59913124819465
18001,Indiana,Adams,61.572606214331,33.20425943852855,99.70579574757906,87.11853497978073,31.221292511420003,64.75333540179957,31.75785043703464,53.45909317629035
18003,Indiana,Allen,64.67977171845276,5.743788318812521,99.50353217517797,83.93410990214852,43.10307291434703,79.73937325473162,57.170605373907414,56.374004730477175
18005,Indiana,Bartholomew,74.88902980342422,17.521781219748306,99.9320155878532,82.31408750669135,44.5912995064138,82.1905057399938,70.60537390741341,58.80043596791984
18007,Indiana,Benton,50.0,70.47434656340755,,84.55325176262971,27.124205066042126,30.87185851690971,61.24959533829718,58.250494304175014
18009,Indiana,Blackford,26.66455294863665,66.79574056147143,,84.41746295380925,24.752789210322614,41.91746819733167,38.52379410812561,46.91503422479091
18011,Indiana,Boone,90.42485732403296,21.716682800903516,,86.00027099552652,58.96317104836182,38.4734719205709,94.2052444156685,73.42719568122007
18013,Indiana,Brown,29.549778059606847,71.2487899322362,97.61348210734364,79.24391770560037,32.44608195620629,2.7303754266211655,70.92910326966656,62.5376365105581
18015,Indiana,Carroll,37.85668991756499,47.14424007744434,,93.83005871418858,36.13647116875873,30.654669562519388,77.88928455810942,58.38587957273791
18017,Indiana,Cass,36.68357641090679,25.233946434333653,,88.81328019525026,35.31775229213552,70.15203226807321,27.873098089996763,53.559545412402414
18019,Indiana,Clark,64.90171211160431,7.808970635688932,99.12367474549794,84.52005724271363,36.413732435972705,62.364256903506046,70.08740692780835,58.9496782933364
18021,Indiana,Clay,35.19340519974635,50.62923523717329,99.0382540026988,90.84128423256992,30.427112888341014,19.67111386906609,42.31142764648754,55.53265504462511
18023,Indiana,Clinton,54.375396322130634,28.686673120361405,99.46241043966184,91.12504585071008,31.534743169210294,68.19733167856035,33.08514082227258,63.91694259575049
18025,Indiana,Crawford,16.106531388712746,63.05259761213294,,86.85744701857082,27.82581756908708,0.24821594787465528,16.02460343153124,37.95556680871173
18027,Indiana,Daviess,57.16550412175015,28.49306227815424,,88.45924507599373,30.193748867858105,60.84393422277382,24.441566850113304,55.807733366356935
18029,Indiana,Dearborn,69.02346227013317,31.17134559535334,,87.12824440812925,36.11143897226273,9.028855103940444,69.11621884104888,60.83447113463783
18031,Indiana,Decatur,75.39632213062778,49.37076476282672,99.03761563698066,89.7107300433246,33.24037489206522,67.20446788706174,53.868565878925224,59.527626824978185
18033,Indiana,Dekalb,64.04565630944832,32.91384317521781,,91.8732477263594,33.43028965568201,72.23084083152342,56.102298478472,56.18878020952739
18035,Indiana,Delaware,40.58338617628409,12.165214585350114,99.25997661329966,78.4426668003022,35.18840323772971,75.08532423208192,56.49077371317579,47.90711200015816
18037,Indiana,Dubois,81.6423589093215,26.5892223297838,99.49324769375212,91.29280833515185,45.45882556400092,89.94725411107663,41.4049854321787,63.777689125932554
18039,Indiana,Elkhart,52.85351934051997,9.454662794449822,99.0779455146362,83.17561237218376,36.5105125394666,82.93515358361775,53.96568468760117,55.26720387670013
18041,Indiana,Fayette,16.64552948636652,42.658922232978384,,84.2709189652993,27.839843535339917,43.872168786844554,25.96309485270314,45.47710632357536
18043,Indiana,Floyd,68.38934686112873,10.196837689577283,99.18587850652123,86.73395754312769,41.029841375054126,66.18057710207881,86.30624797669148,57.68237669223494
18045,Indiana,Fountain,41.97844007609385,56.98612455630848,,91.06359589637108,28.21374859035462,29.847967731926772,45.9695694399482,55.89816029089955
18047,Indiana,Franklin,55.73874445149018,48.338173604388516,98.95502646253138,89.99522276491722,36.07803247781976,8.625504188644115,71.18808675946909,60.37431935797722
18049,Indiana,Fulton,28.947368421052634,55.59858018715714,98.56763354500988,86.2397148112007,29.476233812031445,43.7170338194229,56.13467141469731,54.39231327569045
18051,Indiana,Gibson,64.71147748890299,23.846402065182318,98.26794920400016,90.19448436516814,35.38623579951512,59.66490847036922,70.44350922628682,61.01999204941477
18053,Indiana,Grant,31.610653138871275,19.554695062923525,99.52470643521644,83.4648803618918,31.150562391044524,76.29537697797083,23.923599870508255,45.63356412091242
18055,Indiana,Greene,36.17628408370324,47.01516618263956,98.41811986912435,87.31948762823782,27.58320707029419,16.754576481538948,42.958886370993845,47.94585495183317
18057,Indiana,Hamilton,98.57324032974,5.324298160696999,99.84687834565332,87.90647852960076,60.86703853338744,31.678560347502327,98.9640660407899,76.12433033655594
18059,Indiana,Hancock,75.99873176918199,27.395934172313652,98.83780538461475,88.59659510955564,42.87469434072729,27.614024201054917,93.00744577533182,67.54906487252067
18061,Indiana,Harrison,52.25110970196576,32.94611164891901,96.81562473551683,88.87728453864689,31.23878341004543,7.074154514427562,60.37552606021366,60.30344488585926
18063,Indiana,Hendricks,88.71274571972098,9.551468215553404,99.2487768119044,87.1190166393419,46.499491143129966,33.75736891095252,95.95338297183554,66.01079263991738
18065,Indiana,Henry,33.60811667723526,33.075185543723784,99.44843235226496,89.87544652633727,31.66311738500843,40.242010549177785,45.03075428941405,51.91292442402121
18067,Indiana,Howard,27.045022194039316,18.973862536302033,99.08809913021268,86.62297352555339,37.60176200242716,84.54855724480298,49.66008416963418,51.71540060981323
18069,Indiana,Huntington,56.62650602409639,35.94707970313004,,92.41610032730668,35.629792520097084,62.05398696866274,47.07024927160893,56.23727682625363
18071,Indiana,Jackson,55.99239061509195,29.590190383994834,99.49377508646378,90.0650605669372,38.37533303190488,60.31647533354018,33.73259954677889,48.70900913866934
18073,Indiana,Jasper,48.224476854787575,41.4972571797354,,90.23061380868808,32.75095730036495,18.585169097114488,69.40757526707672,67.18354325847956
18075,Indiana,Jay,50.602409638554214,57.30880929332043,99.89809529875356,88.92738682422305,23.588993205333356,58.92026062674527,25.31563612819683,47.56120301891984
18077,Indiana,Jefferson,51.363348129359544,35.01129396579542,,87.86217441669478,36.51307210396972,63.45020167545765,62.70637746843639,52.42976226474549
18079,Indiana,Jennings,34.400760938490805,52.50080671184253,98.8496279874534,88.10759462723283,26.883178511596977,36.95314923983866,25.768857235351245,49.93811387652034
18081,Indiana,Johnson,87.12745719720989,11.39077121652146,99.6281721316845,83.86511040154846,45.26310091506207,34.03661185231151,92.06863062479766,63.35224715160539
18083,Indiana,Knox,48.4147114774889,26.621490803484992,98.59172699349112,87.17238530229152,33.386826999190745,79.30499534595097,44.60990611848495,55.05052313742038
18085,Indiana,Kosciusko,64.52124286620165,20.90997095837367,97.9875457708853,88.05253486705023,36.23983687014853,74.03040645361465,67.01197798640337,57.8693513004361
18087,Indiana,Lagrange,55.58021559923906,29.945143594707968,,91.81443915355057,27.865249507889796,45.7027614024201,60.051796697960505,54.18140195222454
18089,Indiana,Lake,52.09258084971464,3.259115843820587,99.81866459210092,77.72960268654387,38.33133281335281,25.50418864412039,56.23179022337326,52.83460716727325
18091,Indiana,La Porte,51.61699429296131,11.681187479832204,98.43736348848188,84.63671736610189,31.566788693845552,57.67918088737201,45.38685658789253,54.04233578675386
18093,Indiana,Lawrence,31.135066582117943,39.722491126169736,98.95054816445877,89.93541291883923,31.69151806970792,35.52590753955943,29.491744901262543,55.74135782832686
18095,Indiana,Madison,33.988585922637924,13.423685059696677,99.50009967656402,81.29150983400176,33.701181904852774,35.029475643810116,39.52735513111039,47.183443594630944
18097,Indiana,Marion,59.8287888395688,1.7747660535656664,,72.78726101138231,43.80067797732933,55.507291343468815,52.70314017481385,54.468140561306576
18099,Indiana,Marshall,56.024096385542165,33.52694417554049,,88.75565019560445,36.52802615361048,55.04188644120384,59.95467788928456,54.3741229897789
18101,Indiana,Martin,45.307545973367155,71.79735398515649,,87.45138714239226,29.8571925788611,14.148309028855095,20.945289737779216,53.68841156856134
18103,Indiana,Miami,39.473684210526315,30.332365279122296,99.0550133283517,89.41613774418325,30.22922381485632,63.17095873409866,40.66040789899644,50.55065339005509
18105,Indiana,Monroe,78.7571337983513,15.940626008389803,99.24208125913373,68.32614881081953,42.921780088703166,87.27893267142414,92.61897054062804,56.831151289273755
18107,Indiana,Montgomery,59.73367152821814,36.94740238786706,98.9330974878237,88.76940531123944,33.433842899245526,62.116040955631405,50.14567821301392,56.86497006868299
18109,Indiana,Morgan,44.86366518706404,21.2649241690868,,83.05852408411823,35.97202901532144,11.542041576171272,80.38200064745872,57.69293732724261
18111,Indiana,Newton,42.45402663284718,62.14908034849952,,82.17571000696122,22.66079871342668,18.92646602544214,62.18841048883134,54.75222944988878
18113,Indiana,Noble,44.61001902346227,34.81768312358825,99.05036577748564,91.8842172972316,32.52790628615106,46.757679180887365,38.55616704435093,60.04871019404544
18115,Indiana,Ohio,61.192136968928345,70.216198773798,,87.47021781189254,35.336985564174476,14.520632950667078,66.55875687924895,56.322232604125176
18117,Indiana,Orange,25.428027901078,50.17747660535656,,90.83764211035306,30.093195756889717,38.659633881476886,24.053091615409517,53.71546310966269
18119,Indiana,Owen,19.75269499048827,53.662471765085506,,88.92426967187225,24.5766345559809,3.3509152963078037,43.800582712852055,53.2271083588761
18121,Indiana,Parke,25.713379835129995,59.27718618909326,,85.98154942843632,26.46703535360678,17.65435929258456,50.7283910650696,47.97680664678554
18123,Indiana,Perry,45.78313253012048,45.1758631816715,98.7029649887174,89.21763891105208,37.54162300189534,41.669252249457024,37.2612495953383,52.08507365327587
18125,Indiana,Pike,32.656943563728596,55.3404323975476,,92.46874317277452,28.61400517796501,24.511324852621783,40.789899643897705,55.79020323336662
18127,Indiana,Porter,83.86176284083703,10.26137463697967,99.41015971481596,81.99967798240237,44.30536540721603,26.497052435618983,88.37811589511169,59.83364902337038
18129,Indiana,Posey,48.35129993658846,22.8783478541465,98.2129148858449,88.00558496107935,33.72934709281615,47.03692212224635,79.76691485917773,59.42820252012998
18131,Indiana,Pulaski,60.58972733037413,68.79638593094548,98.07678704172592,91.04624201709044,25.259061060701782,43.09649394973627,35.22175461314341,56.92514983163289
18133,Indiana,Putnam,42.61255548509829,37.2055501774766,,92.38366122196057,35.68986713885151,21.59478746509464,76.33538361929428,59.42860089119491
18135,Indiana,Randolph,36.144578313253014,48.04775734107777,,91.00553716895143,26.27258217181192,42.227738132175,29.97733894464228,50.58865371634469
18137,Indiana,Ripley,49.93658845909955,38.04453049370765,,85.10014843149072,26.58410772559614,23.859757989450827,62.93298802201359,60.209137015437406
18139,Indiana,Rush,32.403297400126824,63.665698612455635,,86.44886532204,29.3126754068824,32.82655910642259,56.06992554224668,53.77623617549657
18141,Indiana,St Joseph,62.23842739378567,6.711842529848338,98.90383996900098,79.90148225700408,43.37276152173913,76.14024201054917,56.91162188410489,53.65973149820693
18143,Indiana,Scott,24.762206721623336,53.597934817683125,99.83274734088708,84.78288370323152,23.383743386816473,35.96028544834006,30.074457753318224,46.84801888309122
18145,Indiana,Shelby,63.63348129359544,30.493707647628266,98.12335626351036,80.32724208136905,32.04651143167485,44.927086565311825,67.95079313693752,54.19028480840272
18147,Indiana,Spencer,41.471147748890296,16.65053242981607,,95.33727212930668,33.67102107463634,23.363326093701517,55.001618646811266,59.77890191147653
18149,Indiana,Starke,18.199112238427396,51.53275250080671,96.22810759749709,89.45687335438335,23.40812509158757,14.55165994415141,35.6102298478472,53.31009748221659
18151,Indiana,Steuben,54.40710209258085,54.53372055501775,98.55903973675424,88.72764634729295,36.99347054558099,65.34284827800187,54.77500809323406,55.43525234241368
18153,Indiana,Sullivan,25.808497146480654,59.63213939980639,98.01712745256296,86.61331150282516,27.182113809367213,27.893267142413904,29.58886370993849,51.982554475475425
18155,Indiana,Switzerland,35.63728598604946,68.28009035172636,,90.4555048470196,26.8705619825473,2.8234564070741612,30.527678860472644,47.14289777664094
18157,Indiana,Tippecanoe,82.72035510462904,8.970635688931914,99.13974537376808,73.8940873745154,40.0412685384564,95.03568104250698,79.86403366785368,50.12856901306182
18159,Indiana,Tipton,47.622067216233354,64.08518877057115,,94.83527143743096,35.027154036608124,38.07012100527459,75.13758497895759,58.05621279637621
18161,Indiana,Union,34.17882054533925,70.28073572120039,,90.34517959738577,31.61798033236461,31.337263419174676,62.997733894464226,59.32041246446949
18163,Indiana,Vanderburgh,57.95814838300571,2.2265246853823815,98.30087405726792,79.28125629046681,39.940396244850895,85.97579894508222,59.98705082550987,52.594812833997125
18165,Indiana,Vermillion,34.971464806594796,55.27589545014521,,88.82822128393418,31.63951494834952,37.57368910952529,38.62091291680155,54.5973052132476
18167,Indiana,Vigo,41.91502853519341,9.422394320748628,97.66163069082045,75.4185494936989,36.59047079274465,85.88271796462922,45.613467141469734,43.285848980280186
18169,Indiana,Wabash,46.797717184527585,36.979670861568245,,90.43897145216378,33.944395709730784,69.31430344399628,36.19294269990288,57.145612388641375
18171,Indiana,Warren,44.13443246670894,73.21716682800904,,91.3342612963051,32.36670217331448,27.272727272727266,36.67853674328261,59.31443678322394
18173,Indiana,Warrick,72.47939124920735,1.452081316553727,95.38179495006216,90.3116767546859,50.40084418098275,56.00372323921812,86.17675623179022,65.99752146133204
18175,Indiana,Washington,26.506024096385545,46.886092287834785,97.93928579450898,86.43442200944541,21.1988480406313,14.675767918088738,23.955972806733573,53.922564516883064
18177,Indiana,Wayne,40.01268230818009,10.713133268796387,,82.90770967524513,37.27744929683674,81.29072292894818,39.46260925865976,44.797943395552736
18179,Indiana,Wells,73.68421052631578,53.501129396579536,99.5610060309448,91.8016682915255,33.88742469455909,60.81290722928948,52.76788604726449,55.37650815547825
18181,Indiana,White,46.19530754597337,40.85188770571152,,88.20252081106017,31.729212103270868,54.42134657151722,56.361281968274525,63.051390359915665
18183,Indiana,Whitley,50.285351934052,49.69344949983866,,91.15223066926734,38.33161403331298,46.664598200434384,73.42181935901586,66.83595233943777
19001,Iowa,Adair,91.66138237159164,56.9215876089061,98.9785594226291,89.70589385874723,39.68261783415848,65.12565932361154,68.92198122369699,61.33692923407006
19003,Iowa,Adams,79.13760304375397,80.3162310422717,96.91480027691918,89.46036246946746,45.526192762761134,73.62705553831833,52.055681450307546,63.71208854225357
19005,Iowa,Allamakee,78.3132530120482,59.40626008389803,98.9895838383836,90.55352598615342,43.98983049065171,64.38101147998759,39.55972806733571,62.13240073555123
19007,Iowa,Appanoose,41.50285351934052,60.632462084543405,98.11129964555856,81.45145633114367,36.95691134280368,67.51473782190506,24.6358044674652,52.64833315973424
19009,Iowa,Audubon,93.11984781230184,65.73088092933205,,90.97788506083624,41.91545489236425,80.48402109835557,69.05147296859825,61.87859139097133
19011,Iowa,Benton,80.2155992390615,62.24588576960309,98.05122684431473,95.33057933999034,39.65565000080681,30.685696556003734,86.01489155066363,66.85331828264577
19013,Iowa,Black Hawk,68.04058338617628,13.165537270087125,99.68208660029994,79.69390818132631,50.96922717910574,97.51784052125349,60.56976367756556,58.63403670636594
19015,Iowa,Boone,86.87381103360812,59.18038076798967,99.37945722560698,92.52511678522669,45.35261898552482,62.73658082531803,81.41793460666882,71.48819198060808
19017,Iowa,Bremer,93.15155358275206,65.76314940303324,99.5397069388762,92.9202332950306,50.63561717333641,72.91343468817871,93.52541275493688,73.41834682538412
19019,Iowa,Buchanan,83.35447051363349,66.4085188770571,98.52494252756937,91.13725346464771,45.27108069374845,57.05864101768539,81.70929103269667,65.50686433418575
19021,Iowa,Buena Vista,81.95941661382372,52.40400129073895,99.1357278013184,90.4907754155804,49.69796909296612,96.49394973627055,26.934282939462612,72.13160529408098
19023,Iowa,Butler,68.26252377932784,69.47402387867055,99.42270834024932,92.14992316032796,40.88194045489075,37.23239218119764,77.2418258336031,63.97879570168931
19025,Iowa,Calhoun,71.55992390615093,56.08260729267506,99.51721865572247,95.07315357853156,42.60253852861959,69.22122246354328,64.64875364195532,61.94597773732369
19027,Iowa,Carroll,91.50285351934052,41.72313649564375,99.8248820523747,91.15522091268684,48.43919365589818,97.20757058641017,70.50825509873746,67.29276939634705
19029,Iowa,Cass,73.43056436271401,44.498225233946435,98.38612661539815,85.28515322646743,46.364548409517184,88.11666149550109,73.45419229524119,53.7839648524005
19031,Iowa,Cedar,83.54470513633481,58.37366892545982,99.05406692929236,91.29466377171984,43.687901139702575,28.575860999069192,87.63353836192942,66.33024924554607
19033,Iowa,Cerro Gordo,84.08370323398859,24.749919328815746,99.49932539956008,88.4106415124668,55.947338424392655,95.71827489916227,74.00453221107153,68.37401510129281
19035,Iowa,Cherokee,80.65948002536462,61.53597934817683,99.52363157010808,92.49050165320828,41.815550588119066,86.9376357430965,72.19164778245387,59.98794313450918
19037,Iowa,Chickasaw,87.44451490171211,65.15004840271055,98.35019132743012,93.56373770025208,43.35845370538313,71.26900403350916,69.27808352217546,66.01745002702606
19039,Iowa,Clarke,59.765377298668355,75.05646982897709,98.78997293759062,85.93706934716187,35.790616945447596,37.54266211604096,35.05988993201684,57.40364666922474
19041,Iowa,Clay,92.45402663284716,60.05162955792191,99.50735424719802,91.350158187216,53.193452454145785,89.35774123487434,60.278407251537715,70.00388198190728
19043,Iowa,Clayton,69.46734305643628,52.75895450145208,98.8911258444602,86.98777934949638,41.96384584963453,61.83679801427242,63.64519261897053,58.418307546209114
19045,Iowa,Clinton,60.77996195307546,20.232333010648595,98.8567807483536,86.12144822706621,42.817053947734955,71.57927396835247,50.63127225639366,56.47950866766359
19047,Iowa,Crawford,69.43563728598605,36.14069054533721,99.70970540783894,90.61818853476434,39.28279610865655,87.30995966490848,17.481385561670443,52.673956184732376
19049,Iowa,Dallas,96.86112872542805,22.717005485640527,99.25393943561546,89.78920718657179,52.77652840557332,72.07570586410176,97.9281320815798,74.91050924440286
19051,Iowa,Davis,52.282815472415976,56.59890287189416,99.46004925355903,91.16726138449287,34.78415312193749,33.260937015203226,68.76011654257042,57.87444968149444
19053,Iowa,Decatur,55.48509828788839,78.2187802516941,,84.67177792401039,41.41803247255702,54.948805460750854,65.19909355778569,57.04767522963999
19055,Iowa,Delaware,82.24476854787571,39.690222652468535,98.34356570376262,89.55729472196982,45.62834149294022,74.15451442755197,57.88280997086436,68.16334481463248
19057,Iowa,Des Moines,50.66582117945466,27.55727654081962,98.99761702737456,79.34652852561852,46.08358018780582,93.60843934222774,42.92651343476853,56.05971386441631
19059,Iowa,Dickinson,93.72225745085606,60.76153597934818,99.09879743998872,86.76451289817706,56.49950073063136,93.1740614334471,85.56167044350923,83.39431558091309
19061,Iowa,Dubuque,87.4128091312619,16.55372700871249,99.36169693968996,85.01253977359207,53.47923640873573,96.52497672975488,69.37520233085141,68.00085346180789
19063,Iowa,Emmet,77.48890298034242,52.85575992255567,98.43772193648024,88.34445104003714,45.26900965915548,85.75860999069191,57.39721592748462,55.930701122240976
19065,Iowa,Fayette,59.92390615091947,44.46595676024524,98.32927836316168,86.65330916130053,38.493718368769464,75.20943220601924,51.213985108449336,61.21175520765697
19067,Iowa,Floyd,75.93532022828154,51.17779929009358,99.31926859915484,93.11437167209507,44.745293244947504,74.55786534284827,61.0877306571706,58.55833023018868
19069,Iowa,Franklin,87.60304375396322,73.57212003872216,99.0684745977271,97.84752113001124,38.78558248253184,82.34564070741546,43.509226286824216,59.35750319325662
19071,Iowa,Fremont,78.50348763474952,83.34946757018393,93.77915952074872,93.63725577834116,34.22466773109974,49.51908160099286,60.343153123988344,51.52691191159234
19073,Iowa,Greene,72.13062777425492,67.0216198773798,98.46864938620094,88.2122761682535,41.47324144092929,62.7055538318337,67.78892845581093,61.53072931411763
19075,Iowa,Grundy,82.08623969562461,80.25169409486931,98.6451921287501,92.93660849796632,46.97842721518833,63.01582376667701,87.86014891550664,64.62042606133733
19077,Iowa,Guthrie,76.34749524413444,74.66924814456276,99.10588015683108,83.74112683780062,41.33372877097882,23.05305615885821,76.95046940757526,66.32954128829736
19079,Iowa,Hamilton,78.28154724159798,52.145853501129395,99.0119962049327,91.15705431652782,42.7400512104723,74.6819733167856,52.865004855940434,63.158724421320464
19081,Iowa,Hancock,79.23272035510462,70.08712487899322,98.05890488556732,92.30134265501157,43.1354020458643,79.80142724170028,69.82842343800583,64.29414643112122
19083,Iowa,Hardin,85.00317057704501,41.626331074540175,97.41362605622082,90.93044713122742,45.13244397616102,77.25721377598511,62.609258659760435,62.55570028800326
19085,Iowa,Harrison,68.73811033608118,62.72991287512101,98.58628148230846,82.02337337552883,40.156324494901355,13.310580204778148,73.84266752994496,63.33917234518834
19087,Iowa,Henry,61.82625237793279,54.7595998709261,98.3300838070696,89.50509051871774,47.43327542308854,83.46261247285138,58.400776950469414,60.465396153228255
19089,Iowa,Howard,89.53709575142676,79.28363988383349,99.024573118474,93.78113724107598,42.83684731139742,64.56717344089358,51.602460343153126,59.2679783874344
19091,Iowa,Humboldt,86.08116677235257,70.37754114230397,98.53728292559823,92.64770484333124,38.60431981707697,83.43158547936704,55.32534800906442,57.92879310139829
19093,Iowa,Ida,89.7590361445783,77.6379477250726,97.98981214702832,95.76960495798892,43.50108600576297,91.0952528699969,76.78860472644868,65.85371611690299
19095,Iowa,Iowa,84.33734939759037,61.439173927073256,98.60792005881264,92.18411213290516,44.72271200288643,48.30902885510394,71.05859501456781,68.44921340033456
19097,Iowa,Jackson,77.42549143944197,46.20845434010971,98.79638848168578,92.96808309189842,41.721152947652854,42.78622401489296,53.93331175137585,61.11630526800661
19099,Iowa,Jasper,67.81864299302474,44.72410454985479,99.42028892538993,92.28006168760064,45.64075582235549,58.17561278312131,67.076723858854,66.10498558280999
19101,Iowa,Jefferson,66.51870640456563,59.85801871571474,99.44687128358504,79.42174984295367,48.50854909292018,97.05243561898853,68.46876011654257,59.35373848178675
19103,Iowa,Johnson,94.61001902346229,9.93868989996773,99.37176415974896,73.72456783904245,73.38330709684233,88.86130933912504,95.07931369375204,73.45006513934489
19105,Iowa,Jones,67.37476220672163,52.726686027750894,98.91205166187213,92.82805466892084,45.92847988469862,30.43748060812908,70.54062803496277,62.367818262615145
19107,Iowa,Keokuk,54.05833861762841,73.08809293320427,97.4306960992056,87.7585328217261,34.61812982062874,26.838349363946634,52.92975072839107,56.01847082853386
19109,Iowa,Kossuth,90.86873811033608,68.31235882542755,98.74779231956305,90.05971388964588,43.139780650068715,89.97828110456096,62.02654580770476,62.22266189548808
19111,Iowa,Lee,51.458465440710214,30.009680542110356,98.7660738526686,87.29345570999189,41.967279569974544,87.80639156065777,34.86565231466494,55.3425073647888
19113,Iowa,Linn,84.4007609384908,4.904808002581478,99.68769263379032,87.32995563640686,50.90558116797365,91.21936084393423,91.00032372936224,67.35101338699496
19115,Iowa,Louisa,47.24159797083069,70.63568893191352,96.65852259123837,92.14647630811707,36.68183253456964,38.00806701830592,37.68209776626741,66.07275721461068
19117,Iowa,Lucas,57.32403297400127,71.15198451113262,96.5032676428069,81.36219082536145,42.24261673811239,58.20663977660565,31.952088054386536,49.361216523183586
19119,Iowa,Lyon,89.3151553582752,71.57147466924815,98.29753969926506,93.22344838150762,47.05484755432433,80.82531802668322,79.15182907089672,72.16896475913813
19121,Iowa,Madison,82.59353202282816,68.6027750887383,98.5554067975857,88.02151834510808,46.141304496068734,16.071982624883645,94.26999028811912,67.21504862743254
19123,Iowa,Mahaska,76.25237793278376,60.98741529525653,99.24894251535136,90.11422229817155,43.88718443355241,85.54142103630159,56.62026545807704,60.38854972841326
19125,Iowa,Marion,89.34686112872544,60.40658276863504,98.77409674633807,88.64470685028085,51.06062219414298,64.1017685386286,75.33182259630948,68.41051859960622
19127,Iowa,Marshall,43.373493975903614,28.202646014843495,98.1590701307791,86.34645662412953,45.22633463424333,84.33136829041266,27.581741663968923,57.72646278775844
19129,Iowa,Mills,75.04755865567533,77.08938367215231,98.46229989135432,86.1617717801304,42.85171539180848,29.81694073844244,88.28099708643575,73.49237236126385
19131,Iowa,Mitchell,93.53202282815472,63.310745401742494,99.35029947279556,94.2747355207863,44.324628924996325,75.02327024511325,74.06927808352218,66.20488721056974
19133,Iowa,Monona,74.03297400126823,69.6999031945789,97.24778987022512,91.56244852935548,41.36412695550386,58.98231461371393,63.51570087406928,58.856495067969306
19135,Iowa,Monroe,54.75586556753329,81.63923846402065,99.17206461212572,90.49252211574412,40.678324995120626,17.93360223394353,40.88701845257365,61.567119732449726
19137,Iowa,Montgomery,63.443246670894105,65.21458535011294,,88.97603954314577,39.50934750404566,77.7536456717344,44.707024927160894,55.51225707389942
19139,Iowa,Muscatine,70.25998731769182,28.751210067763793,99.24870074199062,83.60261445753511,45.19602158825604,84.7657461991933,42.2466817740369,61.92183180098878
19141,Iowa,O Brien,87.69816106531388,70.15166182639561,97.72563631985732,90.39512873091554,45.27148544370183,85.04498914055227,67.23858853998058,62.98787164430923
19143,Iowa,Osceola,80.46924540266328,77.47660535656664,97.18391753229858,91.63973340708304,37.46576094121448,82.84207260316475,49.72483004208482,60.69738610010478
19145,Iowa,Page,81.54724159797084,61.56824782187803,99.27354924047076,87.52649302168476,46.878059751318126,92.73968352466646,43.6710909679508,60.120002902865245
19147,Iowa,Palo Alto,80.02536461636018,78.08970635688932,98.04191561306892,95.1757850089071,43.05414787764861,87.62022959975178,67.46519909355779,61.08611088670823
19149,Iowa,Plymouth,89.22003804692454,46.04711197160374,99.55564379378949,94.75581167025943,49.07052903844823,76.69872789326715,74.94334736160569,70.04813420373503
19151,Iowa,Pocahontas,80.75459733671528,65.92449177153921,98.61707673293316,93.18476601500846,41.35241936009603,76.88488985417314,55.84331498866947,61.92477438947329
19153,Iowa,Polk,88.45909955611921,4.485317844465957,99.55719573272972,82.37017357843771,53.80089204668655,88.14768848898542,82.0006474587245,73.25557628597828
19155,Iowa,Pottawattamie,79.42295497780596,10.809938689899967,98.86658585035374,81.7965997585103,42.56495627972338,73.502947564381,65.4257041113629,58.105133496694926
19157,Iowa,Poweshiek,85.95434369055168,60.21297192642788,98.33428265206253,82.753776460718,47.4013311907476,79.33602233943532,71.99741016510197,65.59805569680272
19159,Iowa,Ringgold,65.5992390615092,86.38270409809617,98.2110878878882,94.82788776927836,43.821355608694326,68.63170958734099,45.67821301392036,63.440268722454434
19161,Iowa,Sac,86.68357641090678,68.44143272023233,97.94460154317969,92.83341899244556,42.70279699569903,84.30034129692832,19.06765943671091,64.47607984309892
19163,Iowa,Scott,77.52060875079265,7.389480477573411,99.59466022310288,86.20303557367549,50.435740458138376,90.47471300031027,76.49724830042085,67.44532352496087
19165,Iowa,Shelby,80.97653772986683,75.02420135527589,99.36610645181312,91.59753188751924,45.08919926004612,78.77753645671734,74.61961799935254,68.067367666852
19167,Iowa,Sioux,97.71718452758402,39.17392707324944,99.26256659345104,93.16515302361,56.93186766991256,99.22432516289172,62.7387504046617,73.01873931931665
19169,Iowa,Story,97.14648065948003,20.296869958050983,99.649668127637,75.61105335920824,52.85429997198324,84.98293515358361,97.86338620912916,59.988096109638946
19171,Iowa,Tama,51.77552314521243,52.33946434333656,97.97150400549616,88.08202874509968,34.953246148191326,63.32609370152033,45.5487212690191,58.03045945379025
19173,Iowa,Taylor,46.98795180722892,69.02226524685382,98.27075196846266,94.51591061780896,40.058834003348984,66.70803599131244,42.99125930721917,66.32488917246572
19175,Iowa,Union,65.63094483195941,50.30655050016134,98.68749184835616,90.2527177897509,46.30944610458441,89.14055228048402,44.57753318225963,59.17933126173611
19177,Iowa,Van Buren,55.13633481293595,68.37689577282995,97.98364282777996,88.34035804110928,37.35832683183921,54.63853552590754,49.401100679831664,52.84741031379873
19179,Iowa,Wapello,56.75332910589728,30.20329138431752,98.86141167635454,79.33661995579958,42.77620928415952,83.24542351846107,31.07801877630301,44.68642202700675
19181,Iowa,Warren,94.48319594166138,54.049693449499834,99.02952614003767,89.56541001982481,45.96125838921805,33.571206950046545,95.50016186468112,69.31367917280058
19183,Iowa,Washington,74.98414711477488,46.434333656018076,97.10689336179216,91.34842976006878,47.454373977039666,58.08253180266832,72.15927484622856,66.64288725238126
19185,Iowa,Wayne,52.66328471781865,82.51048725395289,97.775589016268,87.70569432514627,39.60481789446543,61.1231771641328,42.50566526383943,50.441009998778355
19187,Iowa,Webster,71.02092580849715,32.10713133268796,98.40329621041158,87.6891055460898,47.06900797234881,89.04747130003102,41.56685011330528,60.15158758969094
19189,Iowa,Winnebago,81.48383005707038,68.08647950951921,,93.5419815385166,47.41173943391929,93.45330437480608,65.29621236646163,67.63169026244653
19191,Iowa,Winneshiek,91.43944197844009,60.1161665053243,98.4111152419194,92.77489616244226,56.86100446639292,91.90195470058951,82.74522499190677,74.04883558436104
19193,Iowa,Woodbury,74.00126823081801,11.197160374314295,99.48679090141418,81.8522511244941,44.52363450719544,94.2600062053987,52.508902557461965,59.565168363335694
19195,Iowa,Worth,75.71337983512998,84.15617941271378,98.85151847997828,96.07332292070438,39.306791051276576,64.53614644740925,81.06183230819035,65.26312294209808
19197,Iowa,Wright,79.7717184527584,55.469506292352364,99.23000661318255,95.35611247893702,42.98314612522983,89.66801116971766,41.081256069925544,59.221381996199
20001,Kansas,Allen,45.275840202916925,74.79832203936753,98.10559543153164,90.10927978849196,40.1721348110477,86.96866273658082,25.28326319197151,53.18423060972728
20003,Kansas,Anderson,53.83639822447685,73.53985156502098,98.03061868972762,87.91985263291384,33.779681193466,28.23456407074154,52.47652962123664,48.29930059742144
20005,Kansas,Atchison,67.97717184527585,64.79509519199742,99.35598937908526,89.53543528135145,43.75394578410543,64.2879304995346,77.95403043056005,51.91011966136802
20007,Kansas,Barber,63.41154090044389,65.60180703452727,98.10902269629617,88.98210392721818,35.601122417440806,94.0738442444927,63.41858206539334,52.18201576680575
20009,Kansas,Barton,67.43817374762206,43.1106808647951,98.48628785458664,90.39608409315764,42.55409400195724,95.87340986658393,45.74295888637099,50.50285545821563
20011,Kansas,Bourbon,44.29296131896005,63.43981929654727,97.15497434564936,85.64220999376494,33.270397446068486,74.80608129072293,27.808352217546133,53.20142565999661
20013,Kansas,Brown,52.06087507926442,76.0245240400129,98.7276911699224,91.26751155296414,40.67767590950753,88.61309339125039,58.14179346066688,50.05555474581182
20015,Kansas,Butler,70.70386810399492,23.55598580187157,98.63448869368682,87.30146094614527,42.04897530007728,43.344709897610926,91.12981547426352,59.71905797657959
20017,Kansas,Chase,73.62079898541535,79.96127783155856,95.53339893793624,93.16565639193064,39.35715152210966,46.78870617437171,60.731628358692134,40.633100831207805
20019,Kansas,Chautauqua,23.49397590361446,80.96160051629559,99.0830149777866,89.99401771605761,33.1173603878779,41.20384734719206,52.8002589834898,43.335574550847966
20021,Kansas,Cherokee,26.093849080532657,44.336882865440465,96.55908617081734,85.83579462790689,29.90325536797467,68.87992553521563,35.38361929426999,45.326805024763736
20023,Kansas,Cheyenne,83.70323398858592,95.09519199741852,96.58100597428906,90.04585303264261,35.494261352003114,94.10487123797704,92.19812236969894,53.109984949382515
20025,Kansas,Clark,42.73937856689918,94.35301710229106,95.01578206276056,92.29455936843902,51.3645831062925,87.15482469748682,77.82453868565878,39.259759451344976
20027,Kansas,Clay,63.28471781864299,81.21974830590513,98.37615627134042,86.95658077120802,45.04011468531936,58.11355879615265,73.13046293298802,52.9300686651038
20029,Kansas,Cloud,68.61128725428028,78.79961277831559,96.87151507990208,91.67697981815358,38.86720051257537,91.31244182438722,44.86888960828747,51.566983750385525
20031,Kansas,Coffey,62.17501585288523,56.469828977089385,97.2803951462559,92.34984684540068,39.05528717510138,76.1712690040335,82.68047911945612,49.81986273822087
20033,Kansas,Comanche,73.33544705136335,85.99548241368183,97.81665994112376,93.3497138277371,40.23885683244617,94.78746509463232,71.34995144059566,58.66884078774728
20035,Kansas,Cowley,47.27330374128091,23.330106485963213,98.962535167889,86.86338365920075,37.90115692903829,75.39559416692522,48.62415021042408,50.6880214814211
20037,Kansas,Crawford,50.570703868104,30.525976121329464,98.57641389801272,80.45893682781622,40.84193465914776,93.29816940738442,48.59177727419877,48.48477895735827
20039,Kansas,Decatur,73.8427393785669,93.51403678606002,99.08484130833452,96.21109053719778,36.942957787268696,82.06639776605647,69.7636775655552,55.00923803565425
20041,Kansas,Dickinson,58.02155992390615,44.91771539206196,98.57597767484954,93.82283158166018,36.60864273747739,57.92739683524666,82.13013920362577,61.8966499857797
20043,Kansas,Doniphan,45.370957514267594,70.44207808970636,99.09587811102163,83.18193111818111,36.090757152122826,62.767607818802354,59.04823567497572,58.66700444966179
20045,Kansas,Douglas,80.12048192771084,15.58567279767667,99.54110833467772,72.67584601417288,51.306530196953815,67.48371082842073,95.72677241825834,59.971375873127585
20047,Kansas,Edwards,54.24857324032975,86.41497257179735,93.04623493083588,91.9969810340392,28.156295039916003,78.4362395283897,62.80349627711234,56.74480915850698
20049,Kansas,Elk,33.227647431832594,80.99386898999677,97.53256664461894,86.26346267329532,27.63592377638889,10.611231771641329,77.436063450955,45.15302668426786
20051,Kansas,Ellis,92.7710843373494,67.86060019361085,99.1499766511256,82.15857414992429,53.01907342269274,99.16227117592305,85.75590806086112,60.82429912411326
20053,Kansas,Ellsworth,61.66772352568167,86.54404646660213,98.15093701618429,93.52308152381352,39.159530608501306,80.73223704623022,72.6772418258336,57.12415560942342
20055,Kansas,Finney,86.14457831325302,38.14133591481123,97.9678402922852,80.51997900196041,44.16399447836571,98.72789326714242,31.434121074781483,57.107541682008
20057,Kansas,Ford,75.45973367152821,50.59696676347208,99.20163116220654,89.6196403746916,43.7128951386254,98.20043437790878,17.254775008093233,58.395663131254494
20059,Kansas,Franklin,64.5846544071021,40.271055179090034,97.83536750266998,86.96585922855517,39.31870701348615,36.08439342227739,67.20621560375525,51.43195871893653
20061,Kansas,Geary,54.946100190234624,50.048402710551784,99.49912534704548,76.52143747617976,43.32759776694662,93.51535836177474,96.37423114276464,51.052582640758295
20063,Kansas,Gove,81.10336081166773,96.19232010325912,98.37525008750312,89.77625176325017,51.478218927346134,87.65125659323611,76.5943671090968,41.3885848881027
20065,Kansas,Graham,59.5434369055168,96.28912552436269,,91.2386456245237,39.24432839685404,94.60130313372635,77.17707996115247,61.475108635095054
20067,Kansas,Grant,69.4990488268865,87.99612778315586,99.33818312517562,93.62136619578746,45.273817049256,96.55600372323921,42.76464875364196,69.69069490236609
20069,Kansas,Gray,75.142675967026,73.34624072281382,97.71119794119537,97.5835373240255,39.73554857232269,89.79211914365499,86.82421495629654,63.03662072693374
20071,Kansas,Greeley,83.57641090678504,96.09551468215554,97.06731754418188,100.0,42.29032295087855,98.16940738442445,88.63709938491421,67.1992021227223
20073,Kansas,Greenwood,46.35383639822448,70.70022587931591,94.53704721773796,90.66673850470276,33.911994038168665,35.37077257213777,53.80382000647459,44.51435630368346
20075,Kansas,Hamilton,77.99619530754597,97.54759599870926,94.97056474018656,98.49731652597484,42.042522182065305,90.19547005895129,26.772418258336035,64.5154876414544
20077,Kansas,Harper,58.75079264426125,59.728944820909966,98.6747972015868,88.28037409176136,38.14244576315863,82.90412659013342,65.32858530268696,49.37297535894605
20079,Kansas,Harvey,66.13823715916297,44.07873507583091,99.17821652132398,86.28151696417689,45.24436411217768,66.7700899782811,80.64098413726126,61.50093150002375
20081,Kansas,Haskell,66.83576410906785,85.18877057115198,96.91467156021278,90.43499208627507,37.47525476591956,85.69655600372324,65.06960181288443,63.17396194275872
20083,Kansas,Hodgeman,58.05326569435637,96.67634720877703,98.25827092986398,93.73942977512924,40.35818435250749,71.7033819422898,86.37099384914212,54.5766885153365
20085,Kansas,Jackson,64.39441978440075,71.02291061632785,97.19745225466306,84.69709832564065,38.10824217742062,33.19888302823456,71.6413078666235,61.094674292975256
20087,Kansas,Jefferson,56.689917564996826,69.21587608906098,95.7012840215837,93.9505659443832,37.90497448182948,12.410797393732537,89.6730333441243,68.31353506995498
20089,Kansas,Jewell,56.27774254914394,86.18909325588899,98.1322679342178,92.8128033115043,32.270555690048354,80.94942600062055,73.5189381676918,46.57295319963088
20091,Kansas,Johnson,99.17564996829424,4.678928686673121,99.79670223113862,83.9156759761611,64.32207111845887,78.68445547626435,96.05050178051148,80.00526718541832
20093,Kansas,Kearny,62.84083703233989,93.03000968054211,94.58190189787727,93.57905348291943,40.83946077227231,91.80887372013652,78.6986079637423,62.040477308372985
20095,Kansas,Kingman,54.78757133798351,66.86027750887384,98.14068114541124,90.7100802270826,24.403911746156165,35.92925845485573,83.52217546131435,53.25113058377288
20097,Kansas,Kiowa,48.19277108433735,88.18973862536302,97.5736759053884,93.61147340789316,36.83020494625298,95.15978901644431,78.43962447393979,54.376287488992986
20099,Kansas,Labette,53.233988585922646,32.88157470151662,98.92922256938404,89.2718836857847,34.83649349338081,86.78250077567483,40.82227258012301,48.48780319319984
20101,Kansas,Lane,65.66265060240963,97.22491126169732,95.45106556667793,98.1301663205681,34.1633697869913,92.36735960285448,73.81029459371965,55.840412648512256
20103,Kansas,Leavenworth,80.08877615726063,23.168764117457243,99.14666657677824,82.60080023877956,45.42326801184351,41.76233322991002,90.83845904823568,55.23384033714585
20105,Kansas,Lincoln,59.32149651236524,90.48080025814778,,87.60480359836565,37.1603169629334,69.65560037232393,79.89640660407899,50.424632957472376
20107,Kansas,Linn,30.913126188966395,81.44562762181349,97.50322144177906,76.83534953228998,31.491133503323756,4.871237977040025,65.78180640984137,55.21051382136006
20109,Kansas,Logan,93.0564362714014,85.96321393998065,97.02316503408892,88.91994114492768,47.50799717723407,88.70617437170338,54.93687277436064,59.27856256595287
20111,Kansas,Lyon,71.87698161065313,32.17166828009035,98.90528905397274,82.00692777292693,43.59477809786219,94.47719515978902,48.332793784396245,56.17301189269306
20113,Kansas,Mcpherson,87.34939759036145,53.533397870280744,99.13203047351443,90.07932409668616,46.5785275418802,94.94260006205398,84.29912593072191,63.94812860640267
20115,Kansas,Marion,46.06848446417248,59.11584382058729,98.17774581494548,95.61938600162678,39.11039668123238,53.45950977350295,78.8928455810942,57.21074927961214
20117,Kansas,Marshall,74.31832593532023,76.73443046143917,98.70792780742951,90.6440790239845,41.42887561038951,87.18585169097115,54.06280349627711,55.17557191324184
20119,Kansas,Meade,72.4159797083069,85.51145530816392,,94.81609141426664,40.01643068500073,89.54390319578033,72.58012301715766,57.171006340801966
20121,Kansas,Miami,57.03868103994927,47.692804130364635,98.34346350766874,79.79114031662154,47.09534170341965,8.904747130003102,86.88896082874716,60.72453772477603
20123,Kansas,Mitchell,75.96702599873177,78.47692804130365,98.24681487174266,90.66554433340818,49.222316741062905,97.76605646912815,56.78213013920362,53.86437202548835
20125,Kansas,Montgomery,45.212428662016485,25.717973539851563,98.41912531922908,83.04684260062892,35.449282223145545,89.29568724790568,39.91583036581418,48.4550200820264
20127,Kansas,Morris,60.8433734939759,66.60212971926428,97.20525117777444,90.49039173037498,38.738233906650855,57.52404591995035,80.54386532858531,54.22104251172304
20129,Kansas,Morton,39.41027266962587,95.03065505001614,98.5573561703494,98.22852625494498,42.31713273485815,88.20974247595407,54.15992230495306,52.48201305150011
20131,Kansas,Nemaha,90.93214965123651,77.54114230396902,99.18883621771988,94.53529845258524,52.36625742339824,94.97362705553832,61.73518938167691,58.71109600401174
20133,Kansas,Neosho,53.455928979074194,61.50371087447564,97.7188326218459,85.13047203669365,38.64661958130548,92.0881166614955,43.897701521528006,51.265566093665704
20135,Kansas,Ness,75.68167406467977,93.5785737334624,92.15819096687682,97.93523660881746,31.14140711684636,95.00465404902265,75.39656846876012,58.724013901215066
20137,Kansas,Norton,53.99492707672796,86.60858341400451,98.75812369983248,86.44333870893284,45.726640070776625,99.25535215637605,63.224344448041435,62.796317163669464
20139,Kansas,Osage,48.541534559289786,51.5650209745079,97.9526255417574,89.22741446954439,32.268130018237116,12.348743406763887,80.41437358368404,56.57670018194026
20141,Kansas,Osborne,80.40583386176284,89.25459825750241,95.70861646944326,93.1794870924493,37.71871871504608,96.77319267762954,50.922628682421504,54.852041011960345
20143,Kansas,Ottawa,58.5288522511097,85.0596966763472,98.62371910406355,83.89196967044658,34.891892513076726,53.18026683214397,75.59080608611201,58.411084421165505
20145,Kansas,Pawnee,59.98731769181991,75.34688609228783,98.28384941389508,93.3224451856946,44.01473118023875,92.46044058330747,66.59112981547426,52.30253729952586
20147,Kansas,Phillips,71.2428662016487,76.47628267182962,96.4787220778414,91.6745241016551,38.20052447717431,93.94973627055538,69.24571058595015,49.231241900842434
20149,Kansas,Pottawatomie,83.16423589093215,60.82607292675056,97.39085068476676,87.7902849674603,43.04854510473881,53.1182128451753,83.29556490773713,68.99178670743744
20151,Kansas,Pratt,70.5136334812936,47.72507260406583,98.79107325832868,90.49719688350513,47.887536983322335,97.73502947564381,71.0262220783425,55.65380943280958
20153,Kansas,Rawlins,77.23525681674064,96.77315262988061,,87.60170466627987,39.90046750600162,98.54173130623643,78.11589511168663,50.14677064685068
20155,Kansas,Reno,74.47685478757134,24.52404001290739,98.83365407234122,85.6749118617264,42.776466390276134,85.3552590753956,52.73551311103917,51.411066682964794
20157,Kansas,Republic,63.12618896639188,83.5430784123911,97.35607607625909,91.04728585809862,40.00326257472883,81.72510083772883,71.51181612172223,51.68170184398159
20159,Kansas,Rice,43.5003170577045,76.86350435624395,98.6839045914191,95.02284633087618,40.63062036090436,70.1210052745889,69.86079637423114,57.61739110813328
20161,Kansas,Riley,89.88585922637921,32.39754759599871,,71.64914380848032,49.16809337887622,96.9283276450512,97.73389446422792,43.14654736166678
20163,Kansas,Rooks,67.12111604311984,90.83575346886093,97.15297413676464,97.69684462908228,40.55808471761825,94.57027614024202,70.9938491421172,61.0211689000463
20165,Kansas,Rush,58.62396956246037,94.80477573410778,94.64125524833496,91.65628188853913,31.60937618456397,63.60533664287931,83.78115895111686,57.49594727419789
20167,Kansas,Russell,67.66011414077362,89.351403678606,97.61360274493752,85.1699268369025,35.452391743261,94.32206019236736,47.49109744253804,52.52622708255331
20169,Kansas,Saline,71.84527584020292,28.00903517263633,99.04825351300516,84.2712635487289,48.8504605776838,97.70400248215948,48.947879572677245,57.93947283195938
20171,Kansas,Scott,75.428027901078,62.37495966440787,99.51487645875216,94.24576644415264,44.94046648204188,91.74681973316785,69.79605050178051,59.113936010084906
20173,Kansas,Sedgwick,73.30374128091313,5.614714424007745,99.5897022662358,82.44092703203314,45.39876419372947,89.38876822835867,63.93654904499838,56.17341923990697
20175,Kansas,Seward,63.72859860494609,52.629880606647305,99.61296666734724,83.6218254714564,37.61995840836885,97.95221843003414,16.99579151829071,63.26312518071169
20177,Kansas,Shawnee,74.09638554216868,10.067763794772508,98.76413424834196,83.22002203473703,47.01613770737987,93.11200744647843,72.4830042084817,55.26888790842858
20179,Kansas,Sheridan,94.6417247939125,95.35333978702806,99.15245786808704,95.2861721951315,41.522326484310625,96.68011169717654,66.2674004532211,60.07693213189293
20181,Kansas,Sherman,67.88205453392517,91.4488544691836,100.0,83.01843894708547,41.31713847911401,97.17654359292584,83.68404014244092,47.84032718401489
20183,Kansas,Smith,77.29866835764109,88.60922878347854,98.55656786822776,94.94718176802714,50.80471536593661,96.80421967111387,69.3428293946261,56.38363712187176
20185,Kansas,Stafford,55.51680405833862,82.89770893836722,98.8666648134193,93.8857645375166,36.138447822490434,73.53397455786535,58.17416639689221,56.77460884333771
20187,Kansas,Stanton,80.37412809131263,92.513714101323,,93.59781892505578,38.62796614919202,95.68724790567794,51.278730980899965,60.56525804810437
20189,Kansas,Stevens,76.72796448953709,69.86124556308486,,84.87122108191878,36.48373321781159,92.98789947254112,38.23243768209777,55.95984347792554
20191,Kansas,Sumner,38.74445149017121,40.78735075830913,97.51384141597286,89.55493499602358,31.88595756556469,28.637914986037856,65.65231466494012,56.744190359324655
20193,Kansas,Thomas,85.8275206087508,91.41658599548241,98.5929993085451,92.38777428220044,46.54381910257701,99.37946013031338,83.74878601489155,55.60744624100684
20195,Kansas,Trego,75.01585288522512,95.45014520813166,98.68845116123256,96.89025423808916,44.91509540613526,93.48433136829041,68.88960828747167,65.67333337703313
20197,Kansas,Wabaunsee,78.15472415979708,76.31494030332365,94.45099442723024,92.28695901095033,40.832494768874895,11.852311511014577,88.66947232113954,55.58785787103853
20199,Kansas,Wallace,72.38427393785669,97.45079057760569,,98.52226925872372,32.6341045724034,88.64412038473472,80.7381029459372,52.40410298867262
20201,Kansas,Washington,79.2010145846544,85.54372378186513,97.93104400128756,94.43063449111504,39.67870438951205,72.88240769469438,74.65199093557786,48.12138643172144
20203,Kansas,Wichita,77.14013950538998,92.09422394320748,,89.66666517525628,41.49686911474814,96.7421656841452,46.066688248624146,62.23088792744753
20205,Kansas,Wilson,51.90234622701332,73.18489835430783,97.9579004669,83.98071062044447,30.36887140513185,81.25969593546385,45.41922952411784,47.15736177208347
20207,Kansas,Woodson,48.16106531388712,81.83284930622781,96.8706132709508,89.3303086170021,34.19868777002531,62.92274278622402,47.55584331498867,50.54162306285462
20209,Kansas,Wyandotte,60.5580215599239,3.743142949338496,99.65318702176845,70.45898515844671,38.84339584630005,68.97300651566863,30.139203625768857,50.25361623343324
21001,Kentucky,Adair,3.138871274571972,59.53533397870281,99.59636190364124,86.31165851422516,25.908389132516955,43.127520943220595,8.060861120103594,48.664173111015955
21003,Kentucky,Allen,13.379835129993658,61.27783155856727,99.01975465902298,82.76430471159038,25.96963087016735,20.850139621470674,14.341210747814827,46.45393575256981
21005,Kentucky,Anderson,33.417882054533926,57.14746692481446,99.62845447309438,91.547612716786,31.930505384978066,12.56593236115421,55.61670443509227,58.10863275300919
21007,Kentucky,Ballard,10.684844641724794,47.047434656340755,97.34798594386946,91.31089697205532,27.538704331493747,40.738442444927095,32.40530916154095,57.47311483497504
21009,Kentucky,Barren,22.479391249207357,28.912552436269763,99.14027288625594,79.12653080016821,31.117380504375955,62.82966180577102,22.499190676594367,43.83857039681453
21011,Kentucky,Bath,0.9194673430564362,79.83220393675379,99.1246831957458,89.72129262578898,19.971165991366764,26.155755507291346,15.021042408546457,46.5034931363109
21013,Kentucky,Bell,3.202282815472416,43.01387544369151,98.93747953569854,78.83008898057021,25.032705843590037,34.09866583928017,2.0394949821948853,35.080829627061576
21015,Kentucky,Boone,85.89093214965123,8.389803162310423,98.55678752939494,86.800580061509,48.475138025756024,44.49270865653118,91.2916801553901,63.11332090276871
21017,Kentucky,Bourbon,23.684210526315788,43.207486285898675,99.21449703853492,73.93075918812043,35.4141309208901,33.54017995656221,24.86241502104241,48.20233850675105
21019,Kentucky,Boyd,24.413443246670894,22.684737011939333,98.90749171203072,83.62072164614908,41.36027434163463,73.31678560347503,34.63904176108773,41.96424673255703
21021,Kentucky,Boyle,39.37856689917565,44.78864149725718,99.79176643917532,83.22739791806686,41.14509577229355,73.56500155134967,54.41890579475559,54.2374156710216
21023,Kentucky,Bracken,11.1287254280279,73.37850919651501,99.15587326484008,81.53263770585147,19.686102924189836,1.8616196090598862,22.11071544189058,55.83268507283631
21025,Kentucky,Breathitt,0.507292327203551,51.661826395611484,99.61725143525432,82.53837586672006,17.13136527616017,9.246044058330753,0.6798316607316284,27.87258865152722
21027,Kentucky,Breckinridge,6.404565630944832,51.24233623749597,99.15971218167122,92.45090400540413,21.476940891662924,4.716103009618365,18.93816769180965,44.39159366346736
21029,Kentucky,Bullitt,42.51743817374762,13.907712165214587,99.0911952994142,83.47009908566307,34.81401887469675,18.181818181818173,72.51537714470703,58.073401253548965
21031,Kentucky,Butler,4.629042485732404,72.60406582768636,99.19953675963136,91.57058919764006,18.817310102749108,10.704312752094324,20.265458077047587,44.939251809832754
21033,Kentucky,Caldwell,8.8142041851617,50.08067118425299,99.3895208835346,88.39092054306195,28.7876505779828,36.984176233323,18.290708967303335,51.39665161994791
21035,Kentucky,Calloway,36.493341788205456,24.330429170700228,99.09984696924364,76.08200650108078,34.52644369937117,85.41731306236426,50.04855940433798,48.579816297503825
21037,Kentucky,Campbell,72.22574508560558,8.260729267505647,99.99966651102912,77.8284235286461,45.740718622425,53.76977970834626,75.04046617028165,60.34742105737027
21039,Kentucky,Carlisle,17.533291058972733,65.50500161342369,99.10043570580967,91.46890673146532,22.11117759071218,20.22959975178405,43.573972159274845,53.360128692469885
21041,Kentucky,Carroll,18.103994927076727,50.66150371087448,98.55970242762407,86.18944851143266,23.530767322488217,60.44058330747751,12.91680155390094,49.64156781238729
21043,Kentucky,Carter,1.9974635383639825,54.14649887060342,99.48119912934312,87.32928025804425,19.239173948515763,13.031337263419175,7.672385885399806,39.68045673806633
21045,Kentucky,Casey,15.567533291058972,61.34236850596967,99.4332721757268,85.29545678301533,15.355664241779728,18.895439031957807,6.604078989964391,41.73681854790232
21047,Kentucky,Christian,59.00443880786304,16.84414327202323,99.144870718585,71.31074706906269,38.809136889912104,82.0974247595408,25.0566526383943,40.65787980743696
21049,Kentucky,Clark,36.42993024730501,38.431752178121975,99.10063395729593,81.89603408786583,35.839615825048284,31.05802047781569,39.624473939786334,54.83128746083466
21051,Kentucky,Clay,0.2853519340519975,46.91836076153598,98.84093177069204,78.51019698214864,23.341107649230818,19.422897921191435,1.0359339592101005,30.486709316596592
21053,Kentucky,Clinton,4.56563094483196,79.41271377863826,99.42584451226104,83.45300803009434,25.36727123079972,71.92057089668012,4.499838135318873,44.6616276099894
21055,Kentucky,Crittenden,11.636017755231451,54.88867376573088,99.36331439617275,89.85911818068368,26.08079960873521,24.263108904747128,17.902233732599544,42.93482877315234
21057,Kentucky,Cumberland,5.263157894736842,75.41142303969022,99.2994653887318,79.49027777572523,26.309772632107308,62.58144585789637,18.161217222402072,42.66048721003854
21059,Kentucky,Daviess,47.59036144578313,6.260083898031624,99.15667746174458,81.50429782417972,42.0179132126404,81.81818181818181,34.89802525089026,55.65736561457387
21061,Kentucky,Edmonson,32.0862396956246,79.47725072604067,99.09877200353633,88.65918133131082,24.90242995342729,1.0859447719516027,16.7691809647135,50.616911083230654
21063,Kentucky,Elliott,0.4755865567533291,90.351726363343,99.62023791994903,84.89626444017972,23.609047672843538,2.264970524356201,14.146973130462934,40.56060444765703
21065,Kentucky,Estill,2.187698161065314,63.11713455953534,99.3723639739998,82.9856934386106,22.862679192382956,2.7614024201054974,5.017805114923924,38.78215550679591
21067,Kentucky,Fayette,73.39885859226379,5.937399161019684,99.99797521519716,74.9444937908357,58.51799676419162,82.74899162271176,78.08352217546131,61.855645091547395
21069,Kentucky,Fleming,9.79708306911858,68.0219425621168,99.51416813039788,87.39236711634635,25.0258772227661,20.663977660564697,12.042732275817416,45.35549875279868
21071,Kentucky,Floyd,1.5852885225110969,27.912229751532752,99.4801062458786,78.08924852269469,44.04041343785832,38.938876822835866,6.765943671090968,38.13465365126538
21073,Kentucky,Franklin,47.65377298668358,23.3946434333656,99.1421697175385,82.62971101582048,38.30954917628651,79.5221843003413,55.71382324376821,54.38747054523488
21075,Kentucky,Fulton,2.6632847178186427,37.91545659890287,99.55831288549405,81.01109743009542,17.545123627253115,73.25473161650636,26.545807704758825,48.00257382591972
21077,Kentucky,Gallatin,20.513633481293596,54.404646660212975,99.15479398974186,82.28874887848934,24.677594243131654,10.363015823766673,36.160569763677564,53.02948883099616
21079,Kentucky,Garrard,7.165504121750159,62.504033559212644,99.28312885989632,87.79039852665801,24.36923374895992,6.7949115730685605,31.62835869213338,55.20720040951719
21081,Kentucky,Grant,17.406467977171843,57.79283639883833,98.84965402267774,87.46070484994493,30.371981273780236,7.5085324232081945,43.21786986079638,58.39422574828706
21083,Kentucky,Graves,23.145212428662017,19.006131010003227,98.6644203578902,85.78461732388811,26.094923380677255,58.05150480918399,26.254451278730983,45.61355654084125
21085,Kentucky,Grayson,15.282181357006976,50.14520813165537,99.18495672005469,86.54251883262805,24.07113046730547,32.6403971455166,15.312398834574296,42.9266265955758
21087,Kentucky,Green,8.782498414711478,77.702484672475,99.7882779375478,87.50251431154351,23.69240369856069,20.446788706174374,13.790870831984462,43.821390240918234
21089,Kentucky,Greenup,19.784400760938492,38.78670538883511,99.7826579587905,87.19256884484685,33.8701113779334,41.54514427551971,34.18582065393331,47.389125440108394
21091,Kentucky,Hancock,28.313253012048197,45.40174249757987,99.27208885429738,86.36773959779295,30.473834678610785,40.58330747750543,39.948203302039495,51.9912528523183
21093,Kentucky,Hardin,55.54850982878884,17.424975798644724,99.50309684933276,85.5204624143235,40.18944079115078,59.16847657461992,65.36095823891227,54.18972238795567
21095,Kentucky,Harlan,0.3487634749524413,51.11326234269119,99.62403262035645,80.45748995214883,14.279742952495186,36.64287930499535,0.6474587245063127,34.99316285668519
21097,Kentucky,Harrison,17.374762206721623,52.952565343659245,99.49996412931937,85.6214090056073,30.379752936682102,16.940738442444925,20.03884752347038,48.74988621451392
21099,Kentucky,Hart,11.76284083703234,50.564698289770895,99.38422877028788,85.2339688897513,21.112759318116993,26.000620539869686,15.150534153447715,46.30977331265514
21101,Kentucky,Henderson,40.10779961953075,2.4846724749919327,99.08253393942766,79.4455303633204,32.69232433994607,72.35494880546075,19.553253480090643,52.63128120407319
21103,Kentucky,Henry,18.13570069752695,60.95514682155534,99.62717697847204,73.94644319042108,27.372720810976283,11.262798634812285,37.293622531563614,53.23966485833976
21105,Kentucky,Hickman,10.336081166772352,54.953210713133274,98.9138307200012,98.96478529167624,28.556216851553973,47.62643499844865,32.27581741663969,57.015603753360764
21107,Kentucky,Hopkins,27.80596068484464,21.426266537592774,98.95974064381151,86.81051707822579,37.48520407663074,65.74619919329817,24.31207510521204,47.398016197670664
21109,Kentucky,Jackson,2.155992390615092,79.79993546305259,99.08211568673195,86.65519137102136,22.045259565148672,2.2339435308718834,16.08934930398187,43.07363905230769
21111,Kentucky,Jefferson,61.4140773620799,2.1942562116811875,99.99775421764164,76.53530857936819,47.65937392328267,69.96587030716724,55.42246681774037,64.1980578983762
21113,Kentucky,Jessamine,48.034242232086235,43.23975475959987,99.22305179400858,79.18806199485213,42.17681386514225,37.759851070431274,68.40401424409194,61.54316274986864
21115,Kentucky,Johnson,6.4996829422954985,43.98192965472733,99.40072678099344,82.62764052766919,23.50676065581041,47.68848898541731,14.956296536095822,45.63917942147344
21117,Kentucky,Kenton,69.40393151553583,5.033881897386254,99.9860825555158,82.29201681763081,47.08960292516014,62.89171579273968,76.56199417287148,63.28808327670904
21119,Kentucky,Knott,0.7609384908053266,61.63278476928041,99.7330052708896,80.65616237297733,12.061709327186486,18.3059261557555,3.4962771123340888,38.08926929609587
21121,Kentucky,Knox,1.2682308180088775,37.36689254598258,99.20841373640724,77.3681426155231,16.565838888657705,39.00093080980454,4.596956943994821,28.66920645209342
21123,Kentucky,Larue,15.53582752060875,73.47531461761858,99.43859969820248,81.57740167777568,25.57571880764724,20.632950667080365,49.59533829718355,49.44127886432342
21125,Kentucky,Laurel,22.320862396956244,31.49403033236528,98.2726665387326,85.60014677339285,31.337717327420403,65.93236115420416,15.118161217222404,46.40728063549574
21127,Kentucky,Lawrence,1.5535827520608751,54.69506292352372,99.0517878277453,85.68221635628959,28.803732983704677,3.226807322370462,7.801877630301068,37.83530746298528
21129,Kentucky,Lee,1.3633481293595433,92.15876089060987,99.44186039091343,82.64350075024663,17.734052980683675,7.570586410176844,9.64713499514406,32.457063154820275
21131,Kentucky,Leslie,0.0634115409004438,80.05808325266214,99.31659048470196,80.93275372137394,21.673436536016,2.9475643810114747,0.3884752347037876,32.157954325275476
21133,Kentucky,Letcher,1.14140773620799,52.08131655372701,99.85204193217744,85.98789375950784,20.099995361718456,22.184300341296932,5.373907413402396,42.81121807178141
21135,Kentucky,Lewis,2.029169308814204,65.66634398192966,99.43934980011312,89.44251666241539,11.713714539632017,4.188644120384737,6.733570734865653,41.92245042915489
21137,Kentucky,Lincoln,4.2485732403297405,60.92287834785415,99.00618557962754,87.99246427871323,22.47239773236932,23.39435308718585,15.927484622855292,48.45507453481967
21139,Kentucky,Livingston,12.23842739378567,48.3704420780897,98.27239050893984,89.1618909026795,23.496461306321812,18.678250077567483,30.268695370670116,45.2160957788434
21141,Kentucky,Logan,14.23589093214965,37.141013230074215,99.04816077233754,89.8691470875427,28.494731110942737,31.864722308408318,22.92003884752347,55.03576232370247
21143,Kentucky,Lyon,8.97273303741281,55.14682155534043,98.56368747121172,89.81636751699334,34.53901118457701,41.17282035370773,50.46940757526708,55.38294002673623
21145,Kentucky,Mccracken,42.390615091946735,10.680864795095193,98.51609722226291,82.55952520728921,45.95369923400197,92.64660254421347,47.84719974101651,50.07374229354533
21147,Kentucky,Mccreary,0.4438807863031071,79.44498225233947,99.55177495705776,82.22583276072176,18.4039817471622,5.11945392491468,0.6150857882809971,35.48447362970506
21149,Kentucky,Mclean,16.582117945466074,38.8512423362375,98.9459252182222,88.7460929615072,26.374230171357578,13.155445237356503,21.171900291356422,61.011348887395606
21151,Kentucky,Madison,55.928979074191496,18.45756695708293,99.38366897006124,85.82400932868651,37.83142411826348,39.40428172510085,47.264486888960825,51.33844536237006
21153,Kentucky,Magoffin,0.1585288522511097,75.31461761858664,99.6565063472026,75.9582922930501,10.86903004745196,6.422587651256606,2.4279702168986725,31.857672777656465
21155,Kentucky,Marion,18.29422954977806,61.37463697967086,99.47273492232702,86.30368080903267,27.479125095469072,60.781880235805154,10.132729038523792,46.68167781623076
21157,Kentucky,Marshall,26.981610653138873,27.040980961600514,98.1136353967798,88.91393573865771,32.7805766252416,55.693453304374806,43.54159922304953,56.49998693564039
21159,Kentucky,Martin,0.1902346227013316,63.53662471765086,99.5344973093302,76.2034724865489,18.215898818371883,10.890474713000316,2.81644545160246,39.537458268721565
21161,Kentucky,Mason,17.247939124920737,50.91965150048403,98.83564270547714,84.78979874842203,38.79179810903616,62.0229599751784,19.617999352541275,47.45493099641772
21163,Kentucky,Meade,32.53012048192771,33.81736043885124,98.85163368252483,87.45383918724437,33.20946796931922,11.573068569655604,41.79346066688249,55.70972136867365
21165,Kentucky,Menifee,0.8877615726062142,92.38464020651823,99.25364620975532,88.96606158561988,26.081198073393136,0.9928637914986069,28.229200388475235,38.05948407091573
21167,Kentucky,Mercer,22.5428027901078,49.209422394320754,99.71823975794096,91.99461285177712,30.166000142446737,30.592615575550724,40.3690514729686,61.04930334320056
21169,Kentucky,Metcalfe,5.611921369689283,75.15327525008068,99.40165485832902,90.16009459504232,23.471192513097783,38.2873099596649,6.118484946584656,47.38794871429799
21171,Kentucky,Monroe,6.372859860494611,74.57244272345918,99.6079452622298,85.95339473023749,27.118925777354377,43.40676388457958,12.98154742635157,45.881051746028454
21173,Kentucky,Montgomery,9.416613823715917,53.08163923846402,98.36315160021762,86.2583653106643,30.678912239732124,31.1511014582687,21.13952735513111,51.38568269829164
21175,Kentucky,Morgan,7.641090678503487,84.31752178121975,99.24494102452668,84.42858646885477,25.382612417121667,11.169717654359289,5.988993201683393,44.095008351250435
21177,Kentucky,Muhlenberg,4.977805960684845,40.432397547596,99.22618085925497,88.79813163850099,27.17026854183377,36.92212224635433,22.9847847199741,48.65654950033989
21179,Kentucky,Nelson,35.82752060875079,33.13972249112617,98.88195028023524,88.62949939101865,39.56591670884462,27.055538318336957,36.646163807057306,63.05888119096116
21181,Kentucky,Nicholas,11.699429296131896,73.63665698612456,99.55153547011356,86.7742506407078,18.500472970763592,1.1479987589202807,28.358692133376493,47.27482010869342
21183,Kentucky,Ohio,5.897273303741281,39.8838334946757,98.28105075123328,89.11331335002018,24.355436943868774,10.269934843313692,14.503075428941406,51.85199189674435
21185,Kentucky,Oldham,89.79074191502853,23.201032591158437,99.97797891850048,90.99103525109904,49.511379842888815,24.387216878684455,97.99287795403043,68.93318440719418
21187,Kentucky,Owen,23.081800887761577,70.57115198451113,99.39753449740594,88.85505095075747,25.9145036462118,1.8926466025442181,21.107154418905793,50.38158731047916
21189,Kentucky,Owsley,0.3804692454026633,92.99774120684091,99.97625876135837,83.79540840610203,21.922586686150623,32.98169407384425,4.467465199093558,28.20547288196415
21191,Kentucky,Pendleton,19.055168040583386,55.69538560826073,99.21873377397878,74.0269723170111,24.53106265975152,0.8377288240769616,32.17869860796374,49.031185682953144
21193,Kentucky,Perry,4.946100190234623,40.69054533720555,99.18253632802649,86.66897386663243,28.457239790717303,53.366428793049955,9.355778569116218,44.149907094823895
21195,Kentucky,Pike,6.658211794546608,31.752178121974833,99.87096428026098,78.70550716077238,25.121074996824262,32.857586099906925,8.125606992554225,38.445397100279614
21197,Kentucky,Powell,3.26569435637286,69.6676347208777,99.83730716141817,80.12507246110184,24.349647751753025,9.6804219671114,7.866623502751699,43.98665525572533
21199,Kentucky,Pulaski,22.828154724159795,25.879315908357537,98.7207409235815,81.35475640228654,33.21503444829797,66.14955010859448,22.952411783748783,41.78321079778871
21201,Kentucky,Robertson,6.309448319594166,84.83381736043886,99.89542738698648,76.19494560807193,18.340162849706783,0.9308098045299431,37.03463904176109,25.017496647626647
21203,Kentucky,Rockcastle,5.136334812935954,61.92320103259116,99.1968094391702,86.2621063240224,22.81208267667667,20.415761712690042,8.028488183878277,43.9279830821162
21205,Kentucky,Rowan,9.98731769181991,57.92191029364311,99.30039686535544,84.70505372854166,37.808640819927376,62.86068879925536,29.29750728391065,53.04193100660704
21207,Kentucky,Russell,6.911857958148383,69.50629235237173,99.58228463622017,86.48497362098493,27.57738704343656,61.805771020788086,4.791194561346714,44.560154112809386
21209,Kentucky,Scott,52.63157894736842,26.782833171990966,99.38489758918344,87.27440344187524,39.98953631072559,61.89885200124108,70.63774684363871,60.13953663815884
21211,Kentucky,Shelby,46.89283449587825,22.910616327847695,98.9227649132611,85.14248504402211,39.47793730726967,29.072292894818503,55.55195856264164,68.12473523225295
21213,Kentucky,Simpson,21.845275840202916,50.72604065827686,99.30133135647792,81.57435274172596,31.13322976419806,68.47657461991933,44.0919391388799,57.66640476915887
21215,Kentucky,Spencer,43.69055168040583,65.79541787673443,99.31994365463832,88.90230281025424,33.797660767210715,2.916537387527157,80.22013596633215,61.21312056457817
21217,Kentucky,Taylor,22.57450856055802,51.984511132623425,98.89801111617854,91.06231740343952,35.92156069067472,71.64132795532113,15.765619941728716,53.6632523341288
21219,Kentucky,Todd,11.731135066582118,61.406905453372055,99.10893859842494,86.84348515019684,22.571844411084708,33.38504498914055,19.520880543865328,46.15908367448542
21221,Kentucky,Trigg,8.65567533291059,46.46660212971926,98.81172591835146,74.40353315779255,29.823145260680803,22.308408315234246,28.03496277112334,45.943034315710875
21223,Kentucky,Trimble,21.781864299302473,67.47337850919651,99.47373708170588,84.73881442898953,26.081690985761448,5.8951287620229635,29.8154742635157,50.81899781258931
21225,Kentucky,Union,10.970196575776791,37.59277186189093,99.027653300257,92.47957470574649,32.386646729831924,58.85820663977661,10.715441890579475,41.08808352526256
21227,Kentucky,Warren,54.724159797083075,12.39109390125847,98.93004364463266,76.92374623960177,41.92003326250852,86.50325783431586,46.39041761087731,57.52584578785357
21229,Kentucky,Washington,21.59162967660114,71.8618909325589,99.51337257784486,88.71557485349692,30.18840325483144,25.286999689730067,18.61443832955649,51.89256447265825
21231,Kentucky,Wayne,2.092580849714648,53.69474023878671,99.23662890619876,83.19314777826831,21.967077493614447,55.47626434998449,1.974749109744254,38.28297473842285
21233,Kentucky,Webster,6.975269499048826,47.95095191997418,99.20229536834358,92.02072984413668,19.875326040317027,23.146137139311193,18.09647134995144,44.33166952286406
21235,Kentucky,Whitley,9.448319594166138,41.07776702161988,99.02442494799506,81.15863849780462,42.467100643852454,48.246974868135275,12.949174490126255,43.02570505782148
21237,Kentucky,Wolfe,0.3170577045022194,86.1568247821878,99.05905557406768,81.80596792477873,7.7379988620873235,3.506050263729435,13.855616704435093,26.992647375595354
21239,Kentucky,Woodford,44.92707672796449,42.82026460148435,99.90761325817228,86.94660384527613,45.4287153448221,53.211293825628296,78.82809970864358,58.75754125973977
22001,Louisiana,Acadia,23.05009511731135,18.909325588899645,96.90527562591564,81.52087062959666,20.852760997860923,28.265591064225887,24.150210424085465,42.963494474743015
22003,Louisiana,Allen,10.43119847812302,54.92094223943208,97.37934149928628,84.84840134922604,23.006382133190407,28.54483400558486,26.513434768533507,40.39656284743483
22005,Louisiana,Ascension,77.64743183259353,5.453372055501775,93.95770603767376,85.07741941336063,38.26713647573288,21.749922432516286,76.36775655551958,60.899288019685095
22007,Louisiana,Assumption,11.953075459733672,26.10519522426589,94.19867463064875,86.07926205006865,20.066907119626357,12.503878374185547,24.603431531239885,53.65971427304337
22009,Louisiana,Avoyelles,22.22574508560558,35.52758954501452,,77.30161276747805,14.893605353224292,13.527769159168486,13.111039171252834,32.78696501234443
22011,Louisiana,Beauregard,29.708306911857957,45.82123265569539,97.3706078534633,90.19861807431572,24.84428799408514,19.32981694073844,62.3179022337326,45.94677889230477
22013,Louisiana,Bienville,4.280279010779962,74.54017424975798,94.6224125322966,80.20370951729521,14.617001367580936,6.019236735960277,4.694075752670767,24.06633321610896
22015,Louisiana,Bossier,68.67469879518072,16.779606324620847,97.88294953041104,77.74801532101738,37.51797499657325,65.09463233012721,57.04111362900615,49.30297208051643
22017,Louisiana,Caddo,41.75649968294229,9.228783478541464,99.35547369950504,67.75238880694134,41.00954365005459,74.18554142103629,23.179022337325996,44.90983089232211
22019,Louisiana,Calcasieu,59.41661382371591,4.969344949983865,91.71304729372731,79.12090542428413,34.675614166048085,78.932671424139,57.52670767238589,47.48869069321966
22021,Louisiana,Caldwell,9.701965757767914,89.54501452081317,92.38261114727398,75.04360224369196,21.764504043983877,9.215017064846421,13.920362576885722,40.05564203946338
22023,Louisiana,Cameron,42.07355738744452,63.37528234914489,92.90684871249364,87.43005526087346,31.939248748622862,26.807322370462302,66.20265458077048,52.03989076835679
22025,Louisiana,Catahoula,6.214331008243501,85.47918683446272,94.35537288739154,80.52785719815815,15.887998503290618,8.687558175612807,8.805438653285853,37.12132420761814
22027,Louisiana,Claiborne,6.246036778693722,66.69893514036787,97.38999762032542,83.5872049001168,23.29283946949495,20.788085634502025,2.881191324053092,23.58271720718662
22029,Louisiana,Concordia,5.928979074191503,70.34527266860277,93.7148713586382,75.71728092848473,22.76779625604892,59.57182748991623,2.7840725153771446,28.337346692206623
22031,Louisiana,De Soto,10.526315789473683,58.212326556953855,95.42625007605554,81.23918463226347,22.664862092349967,13.589823146137135,16.736808028488184,43.835234273246115
22033,Louisiana,East Baton Rouge,74.857324032974,2.936431106808648,96.48355172207764,69.93053923949034,41.314937780968975,57.275829972075705,54.51602460343153,57.62016668187231
22035,Louisiana,East Carroll,0.2219403931515535,71.34559535333979,92.7125275553202,59.77421580886184,21.032436944881084,76.01613403661185,0.1294917449012625,19.44392695254593
22037,Louisiana,East Feliciana,12.74571972098922,47.46692481445628,96.91223699783002,84.87556104311662,28.114277906642645,2.6993484331368336,30.948527031401746,57.60224114506644
22039,Louisiana,Evangeline,7.704502219403932,31.397224911261695,96.77214263461585,75.44817828986065,20.211209033668016,24.883648774433752,6.312722563936549,35.47821257102784
22041,Louisiana,Franklin,7.3557387444514895,65.89222329783802,92.73312147091596,78.47199743046404,19.397530903640867,29.227427862240148,3.85237941081256,32.92437140525262
22043,Louisiana,Grant,6.943563728598605,75.83091319780574,95.49983842368918,90.06101010876188,22.09857104224992,15.792739683524673,30.8514082227258,45.41120561240782
22045,Louisiana,Iberia,34.14711477488903,18.328493062278152,95.38084029783298,77.34783025906532,26.607668300607816,57.74123487434068,20.297831013272905,47.559007908880446
22047,Louisiana,Iberville,44.00760938490805,8.712487899322362,94.9796116419862,84.19017753105611,28.07822063808805,36.332609370152035,19.19715118161217,56.79099967229475
22049,Louisiana,Jackson,13.09448319594166,77.44433688286544,97.75587002990052,88.56365140758312,17.572027532246715,40.95563139931741,6.442214308837811,34.58240125123684
22051,Louisiana,Jefferson,84.93975903614458,3.0655050016134235,93.38764112351836,67.55745059199842,41.829671720445994,42.910331988830286,47.00550339915831,54.5600437858369
22053,Louisiana,Jefferson Davis,16.487000634115407,29.461116489190058,97.37543074208143,88.0791517438034,22.844205023928897,14.117282035370778,36.095823891226935,45.10626091880766
22055,Louisiana,Lafayette,77.10843373493977,10.551790900290415,98.20509027237304,79.43527780112034,44.116213246627225,66.08749612162582,55.26060213661379,60.9628258855327
22057,Louisiana,Lafourche,62.682308180088775,14.778960955146822,94.33440601182971,80.36912321332785,29.586866872881508,34.96742165684145,28.26157332470055,49.89354516859293
22059,Louisiana,La Salle,19.657577679137603,90.19038399483705,98.43736348848188,90.52455668141832,28.48647901958629,22.83586720446789,19.00291356426028,51.95005971035677
22061,Louisiana,Lincoln,54.470513633481296,35.75346886092288,98.02545225636952,70.82821824180436,35.659644667512175,80.14272417002792,21.88410488831337,36.01569265210729
22063,Louisiana,Livingston,53.80469245402664,11.842529848338174,93.1045355125612,84.31248346108859,28.65676758265531,3.5370772572137668,82.19488507607639,55.45118684561167
22065,Louisiana,Madison,1.7438173747622066,59.567602452404,94.65061558970268,76.01461328467914,23.307514382535903,74.83710828420726,0.5503399158303658,32.33818638309938
22067,Louisiana,Morehouse,1.7755231452124285,45.595353339787025,95.3206223358965,71.21737046762532,18.615554309401514,26.403971455166,2.6222078342505664,33.21477973984026
22069,Louisiana,Natchitoches,27.86937222574509,45.2081316553727,95.88117290715468,73.47349261187436,27.535633855063587,55.662426310890474,9.452897377792166,41.70932505920128
22071,Louisiana,Orleans,68.13570069752694,2.097450790577606,,53.297625557478646,44.93855119915146,47.098976109215016,76.46487536419554,52.42637279952202
22073,Louisiana,Ouachita,38.26886493341789,14.68215553404324,92.02310695038156,70.33758223373889,36.56530007570663,76.07818802358051,26.383943023632245,40.71153179278033
22075,Louisiana,Plaquemines,72.19403931515535,22.168441432720233,94.63691767068296,73.64319462456191,30.363353410065567,28.420726031647533,48.42991259307219,47.96355672234763
22077,Louisiana,Pointe Coupee,33.576410906785036,35.85027428202646,92.12723118635024,76.9642585951775,21.313911261129892,9.37015203226808,15.636128196827451,41.94057172957176
22079,Louisiana,Rapides,38.902980342422325,20.00645369474024,94.19393295640891,77.45624798757635,36.05423691917837,71.67235494880546,31.337002266105536,42.28650210360083
22081,Louisiana,Red River,3.4242232086239692,81.73604388512423,92.42218331661869,86.35475896894461,19.655375633168116,20.012410797393727,3.6905147296859826,44.02390485071307
22083,Louisiana,Richland,8.275206087507927,61.82639561148757,95.79308721112628,78.91819163318068,25.75342107847702,26.434998448650333,10.521204273227582,38.47157762131139
22085,Louisiana,Sabine,10.62143310082435,49.30622781542433,95.7414282262403,84.6882786011667,16.06658502820286,13.713931120074463,7.996115247652962,36.272153552786534
22087,Louisiana,St Bernard,70.16487000634115,13.2946111648919,91.47950508682334,66.59182629179446,24.980194642356047,11.697176543592917,26.7076723858854,39.71271972917673
22089,Louisiana,St Charles,72.8281547241598,5.840593739916102,94.14689521093764,77.66392001851179,34.14394239062675,26.993484331368293,61.18484946584655,60.38477353984333
22091,Louisiana,St Helena,1.7121116043119846,65.9567602452404,87.94010924653665,77.62324425863562,12.24684243270616,1.1169717654359204,13.175785043703463,34.48176869823365
22093,Louisiana,St James,34.05199746353836,15.037108744756372,93.17603593365092,90.3732577406028,27.905084177448085,22.12224635432827,20.33020394949822,63.86460461418223
22095,Louisiana,St John The Baptist,45.24413443246671,1.9038399483704422,93.25150993596324,75.7885320115108,30.75007581930797,13.000310269934843,21.463256717384265,56.063037804838885
22097,Louisiana,St Landry,21.464806594800255,18.134882220070992,96.2187300392048,77.77772836761785,19.643281711300016,21.28451753025132,15.377144707024929,35.38379487000431
22099,Louisiana,St Martin,37.15916296766011,20.974507905776058,93.78411986945284,80.74749249405554,27.180893494128867,25.3180266832144,22.887665911298154,50.76353308796481
22101,Louisiana,St Mary,41.15409004438808,16.940948693126813,95.30364580158697,78.03066890102504,26.475297519007604,79.14986037852933,14.114600194237616,46.332142645548466
22103,Louisiana,St Tammany,81.00824350031705,11.777992900935786,97.88436160632328,76.52026022951223,39.1460278997224,11.045609680421961,80.7704758821625,60.237154016351695
22105,Louisiana,Tangipahoa,35.28852251109702,14.52081316553727,90.60914599024066,75.98021829346663,27.87404595144868,19.050573999379466,32.372936225315634,42.937861792462016
22107,Louisiana,Tensas,0.9511731135066582,85.73733462407228,92.82102138370333,77.65518424011832,17.890446594645027,28.824076946943848,10.294593719650372,13.435647608719528
22109,Louisiana,Terrebonne,58.08497146480659,12.100677637947726,93.9569127284702,80.81951368616356,31.034205923353397,55.75550729134347,33.894464227905466,47.660285402367215
22111,Louisiana,Union,3.1071655041217503,57.17973539851565,91.48944758016364,77.89665359584042,18.882933926111473,7.384424449270881,15.797992877954032,28.34086448707001
22113,Louisiana,Vermilion,53.39251743817375,23.13649564375605,97.6378871274077,89.44883447866405,24.20896437232147,26.24883648774434,28.811913240530917,52.53634374229349
22115,Louisiana,Vernon,41.883322764743184,38.915779283639885,96.49830739313086,81.78614374413925,28.972578714486673,61.86782500775675,74.26351570087407,37.16463224018975
22117,Louisiana,Washington,7.863031071655041,25.29848338173604,93.02057789095646,83.10728235045836,15.509026634995893,16.16506360533664,10.262220783425056,37.4098231494789
22119,Louisiana,Webster,13.506658211794548,36.33430138754437,97.27652009211351,74.85200381228792,21.919363181258348,30.902885510394043,9.258659760440272,25.54091028249446
22121,Louisiana,West Baton Rouge,65.34559289790742,19.748305905130685,94.29465006650987,81.88114364506713,31.087773451941448,53.08718585169097,47.361605697636776,60.247017578921486
22123,Louisiana,West Carroll,3.709575142675967,79.67086156824782,98.50478864646372,86.79259994823256,19.3571517060967,29.692832764505113,14.47070249271609,37.46452689569447
22125,Louisiana,West Feliciana,20.25998731769182,69.79670861568248,96.06331805545874,82.19921298044207,33.161102470655194,18.399007136208496,56.587892521851735,55.38771865642323
22127,Louisiana,Winn,7.2923272035510465,77.31526298806067,97.11771281529832,90.8034897737866,25.499439980416614,31.43034439962767,9.9384914211719,44.20651788573176
23001,Maine,Androscoggin,68.32593532022828,49.112616973217165,99.54760138567391,77.9461229711168,44.14618052200844,43.81011479987589,57.49433473616057,58.53002584678385
23003,Maine,Aroostook,42.99302473050095,54.791868344627304,99.53130526204434,84.36946556390309,43.44716898992456,82.37666770089979,20.62156037552606,45.53653956582836
23005,Maine,Cumberland,94.92707672796448,24.814456276218134,99.68289602309062,66.14521578904028,63.868593588750485,59.9441514117282,94.04337973454192,72.42373965706692
23007,Maine,Franklin,29.993658845909955,82.34914488544692,99.24660967645912,85.05451804157097,39.85686218642031,39.218119764194846,36.25768857235352,57.18812029219309
23009,Maine,Hancock,65.37729866835764,77.76702161987737,99.39703310156403,81.10265233347806,50.52549524588358,44.33757368910952,64.03366785367433,64.76491783913919
23011,Maine,Kennebec,62.99936588459099,44.20780897063569,99.3868713206318,81.40944001316566,48.19055367779632,52.311511014582685,66.00841696341858,60.5935020879093
23013,Maine,Knox,79.07419150285352,88.51242336237496,99.23268364033363,77.87048012618331,50.82422181276965,84.45547626434998,59.37196503722888,73.32111616276124
23015,Maine,Lincoln,67.21623335447052,86.86673120361407,98.6643627645802,81.68471058890452,43.48898645581057,43.06546695625194,54.83975396568469,62.61347553504304
23017,Maine,Oxford,32.910589727330375,64.66602129719264,98.8855531477649,79.45329672745133,35.89621725298454,25.100837728824075,38.91226934282939,54.57117731422266
23019,Maine,Penobscot,67.6284083703234,45.111326234269114,99.5237094139097,77.22343714682418,47.41062106559508,64.84641638225256,54.71026222078342,55.69529056552534
23021,Maine,Piscataquis,27.837666455294865,83.57534688609228,99.17613231986375,78.13357664906064,36.81005422332499,52.59075395594167,24.279702168986727,52.85455016104129
23023,Maine,Sagadahoc,91.21750158528852,84.67247499193287,99.56231548122696,78.63660597781755,44.55932722749071,49.70524356189885,85.46455163483327,65.79557801826707
23025,Maine,Somerset,28.249841471147747,61.148757663762495,98.14272403638432,81.20234588052206,29.519654534467815,32.26807322370462,36.35480738102946,49.756291901395315
23027,Maine,Waldo,48.7000634115409,86.02775088738302,99.61132641051408,79.81733051358637,41.20321323362833,31.275209432206026,54.12754936872774,59.1805765058134
23029,Maine,Washington,27.39378566899175,87.67344304614392,98.74287992515124,78.72917613707271,32.70195265083956,72.04467887061743,11.460019423761736,48.472555259641354
23031,Maine,York,82.43500317057705,33.462407228138105,99.64625990471528,66.09007418348006,48.39916705797972,29.941048712379768,87.21269019100032,64.88617097085898
24001,Maryland,Allegany,66.45529486366519,50.5324298160697,99.45800841270086,84.52438349109728,34.4292142536126,73.75116351225566,34.54192295241179,43.48422690547334
24003,Maryland,Anne Arundel,99.23906150919468,9.745079057760568,,73.8080902981236,52.22818604654813,18.833385044989143,96.43897701521529,69.17577200689676
24005,Maryland,Baltimore,95.71972098922004,4.001290738948048,100.0,65.67216206411247,52.02106366834478,21.874030406453613,92.03625768857236,68.04550293959355
24510,Maryland,Baltimore City,63.22130627774255,2.032913843175218,,49.699785096974885,43.37616408644727,15.57555072913435,56.71738426675299,53.01836794097848
24009,Maryland,Calvert,98.22447685478755,76.5730880929332,97.40163453266771,72.48537074930007,46.56329925498414,0.8067018305926155,98.3166073162836,63.62562579810518
24011,Maryland,Caroline,56.119213696892835,61.019683768957734,98.196049278224,73.71631638471449,25.522816998897692,9.556313993174058,67.56231790223374,55.265856589694195
24013,Maryland,Carroll,97.36842105263158,30.36463375282349,97.53445599870255,77.35239224857641,45.58468233403567,3.2578343158547938,98.154742635157,66.39808039923297
24015,Maryland,Cecil,82.75206087507927,32.33301064859632,97.82814369497346,72.28540865320113,38.14794842148984,16.351225566242633,89.05794755584331,56.17584443911013
24017,Maryland,Charles,97.33671528218136,53.30751855437238,94.30459848185646,64.48587415139369,46.27623096866559,0.21718895439032337,97.11880867594692,67.63394941723931
24019,Maryland,Dorchester,70.29169308814204,57.986447241045504,98.5474107215039,76.81765720730142,34.55815194979889,34.06763884579584,23.72936225315636,52.61607842175933
24021,Maryland,Frederick,98.31959416613824,14.456276218134882,98.4425165146715,68.34052157521265,51.068412490331696,9.618367980142722,97.63677565555196,82.42735132589644
24023,Maryland,Garrett,63.37983512999366,91.83607615359793,98.97271563301526,90.68654113593252,38.383259539897466,45.05119453924915,43.347361605697635,55.51581226671248
24025,Maryland,Harford,96.41724793912492,18.78025169409487,97.11716510345823,73.00210597123525,48.18653793299866,8.842693143034438,97.41016510197474,65.19709548718508
24027,Maryland,Howard,99.84147114774888,10.519522426589223,100.0,73.71662395396835,69.8817255481141,16.00992863791498,99.70864357397215,77.28299795660166
24029,Maryland,Kent,90.07609384908054,69.76444014198128,99.73962451587396,74.88304120989672,41.43990746918504,35.712069500465404,78.37487860148914,59.17691826653072
24031,Maryland,Montgomery,99.714648065948,3.291384317521781,100.0,62.32785018048797,68.82298410858004,7.229289481849193,98.41372612495954,70.29571707530212
24033,Maryland,Prince George'S,97.30500951173111,3.2268473701193936,,56.12332665963499,49.59223746735586,1.7685386286068763,93.13693752023308,74.50201936759682
24035,Maryland,Queen Anne'S,92.13696892834496,57.05066150371088,98.25868106834332,72.71368791826745,44.24256808005691,5.4917778467266345,96.76270637746843,61.27616333750903
24037,Maryland,St. Mary'S,98.47812301838935,69.73217166828009,95.97301088808604,73.695024542615,41.96964108476627,24.728513807012092,95.11168662997734,62.07510097146323
24039,Maryland,Somerset,46.22701331642359,58.59954824136818,,67.91355040650572,41.66118363130212,29.75488675147379,26.157332470055035,50.14444466573047
24041,Maryland,Talbot,95.56119213696893,63.60116166505324,98.63361227644096,70.75549745637872,54.071507465193775,56.096804219671114,82.61573324700551,66.82476048620879
24043,Maryland,Washington,83.63982244768548,19.683768957728297,97.6150952959318,78.12846401699449,38.22045087840751,35.4017995656221,85.95014567821302,52.14383598091788
24045,Maryland,Wicomico,76.22067216233354,44.659567602452405,98.29167170259583,72.03962045853999,40.34030724370519,68.13527769159168,50.85788280997087,53.71608223016575
24047,Maryland,Worcester,85.44705136334812,43.82058728622136,98.80939977743648,76.17742344114042,51.21966192827771,64.90847036922122,84.42861767562317,59.279343215347744
25001,Massachusetts,Barnstable,85.51046290424857,25.0080671184253,,57.52716371821449,56.55233883022673,60.471610300961835,88.96082874716737,72.37880802992161
25003,Massachusetts,Berkshire,73.58909321496513,26.879638593094548,,70.4107843068879,53.979215453043686,73.16165063605337,57.72094528973778,65.14482797851255
25005,Massachusetts,Bristol,78.97907419150285,8.615682478218782,,68.06167668877121,45.15170685657831,32.23704623022029,62.05891874393007,64.84806250316872
25007,Massachusetts,Dukes,91.75649968294228,89.60955146821556,,52.90981413820462,52.975921414809726,98.04529941048712,77.85691162188411,80.08313609640228
25009,Massachusetts,Essex,95.43436905516803,4.130364633752824,,43.66651100440195,53.839302543638965,25.00775674837108,81.45030754289414,68.92508317886795
25011,Massachusetts,Franklin,78.88395688015218,44.94998386576315,,66.56458186692011,48.05951584298585,45.88892336332609,86.66235027516996,69.7483951359652
25013,Massachusetts,Hampden,69.72098922003805,4.937076476282671,,66.70145548862985,48.93607502866657,63.13993174061434,38.45904823567498,57.2713386556067
25015,Massachusetts,Hampshire,94.76854787571338,23.910939012584706,,72.09201306403864,58.248831080500544,48.122866894197955,98.73745548721269,65.48740724148406
25017,Massachusetts,Middlesex,99.3975903614458,1.2584704743465636,,52.71897612522864,65.41917208965691,19.91932981694073,95.75914535448364,82.5794669723556
25019,Massachusetts,Nantucket,99.04882688649334,77.96063246208455,,51.89853147185916,55.742201569020125,99.47254111076637,43.44448041437358,100.0
25021,Massachusetts,Norfolk,99.30247305009512,3.8399483704420785,,51.89154881835499,66.36913982572752,11.076636673906307,98.86694723211396,84.76499775554501
25023,Massachusetts,Plymouth,94.8002536461636,11.81026137463698,,51.539563067457344,52.23570525757785,9.401179025752398,91.35642602784073,77.61103994334206
25025,Massachusetts,Suffolk,97.59036144578312,0.6131010003226848,,37.39214386660596,73.4890109089231,14.024201054917768,74.36063450955001,72.59297714870851
25027,Massachusetts,Worcester,90.26632847178186,6.001936108422071,,66.55429836546875,52.60115857684961,26.77629537697797,87.30980899967628,77.89149930200225
26001,Michigan,Alcona,20.92580849714648,91.86834462729912,97.39571299345876,87.22751831046642,32.76860265796302,27.17964629227427,37.48786014891551,44.62236626305657
26003,Michigan,Alger,5.072923272035511,96.61181026137464,99.44587609683964,85.5082119491531,42.4160701513858,57.430964939497365,55.77856911621885,52.08814379190697
26005,Michigan,Allegan,55.041217501585294,24.68538238141336,98.20273555119655,88.61193131175557,36.37186896413685,54.979832454235186,79.44318549692457,57.96829459254846
26007,Michigan,Alpena,49.30247305009512,78.67053888351082,99.24743924914252,88.8346800591441,41.665907300163575,93.7635743096494,28.42343800582713,46.49648776387979
26009,Michigan,Antrim,35.95434369055168,79.34817683123589,97.25863072701982,87.44056358776068,41.939459998764825,39.62147067949115,67.82130139203626,60.43770656105454
26011,Michigan,Arenac,6.594800253646163,81.86511777992901,95.94848130257576,88.62874969349366,32.09207800006827,29.506670803599135,31.725477500809323,52.006969960249315
26013,Michigan,Baraga,12.428662016487,97.93481768312358,99.3046827876303,88.59384592505049,32.15750862654339,89.419795221843,11.913240530916154,48.80774452334758
26015,Michigan,Barry,44.16613823715917,45.01452081316554,97.99234767453714,85.78666830875262,36.533307337187,15.854793670493322,79.7021689867271,62.913787603936825
26017,Michigan,Bay,47.6854787571338,21.8134882220071,98.7583436100862,84.56542091948539,39.44742574942253,65.90133416071983,45.64584007769505,50.309518204877314
26019,Michigan,Benzie,43.24667089410273,79.21910293643111,97.48355016690076,83.29872107786656,42.12670293906197,42.32081911262798,58.65976044027194,59.56577612213377
26021,Michigan,Berrien,49.08053265694357,13.13326879638593,98.2595953233299,78.72659817727526,41.9123993636865,77.81569965870307,38.32955649077371,51.23009699456308
26023,Michigan,Branch,37.41280913126189,38.56082607292675,98.81651527379825,85.79297369329399,33.09132907312022,66.64598200434378,44.77177079961152,49.95454716392443
26025,Michigan,Calhoun,35.225110970196575,17.48951274604711,97.95447776543448,80.04305447663445,38.493133553395815,78.46726652187402,39.81871155713823,48.73378824368919
26027,Michigan,Cass,27.58402029169309,34.78541464988706,97.49068146708962,86.62864539083417,33.692815114806244,38.75271486192988,63.807057300097114,57.24145038456753
26029,Michigan,Charlevoix,67.02599873176919,81.76831235882543,98.14534711534928,89.1034772589813,50.70908319577837,77.4433757368911,69.1485917772742,62.555652785160426
26031,Michigan,Cheboygan,25.206087507926444,57.01839303000968,98.7467536923648,85.57574727428064,35.34381092866817,44.865032578343154,33.149886694723214,50.801838432291255
26033,Michigan,Chippewa,30.437539632213063,79.92900935785737,99.51145969207784,82.6996882010354,40.61951077041543,82.43872168786845,36.58141793460667,47.33129838253253
26035,Michigan,Clare,8.116677235256816,56.3730235559858,95.84804096324376,82.09569395800189,25.92391555241722,19.733167856034754,31.66073162835869,42.14283591863638
26037,Michigan,Clinton,81.92771084337349,43.368828654404645,99.32550943141044,88.25040029989776,42.531226348039255,55.72448029785914,88.41048883133699,58.72080472181945
26039,Michigan,Crawford,12.07989854153456,83.83349467570184,96.40053491756824,81.96141537556365,37.64207899076783,68.38349363946634,31.045645840077697,52.55725897024211
26041,Michigan,Delta,55.70703868103995,52.694417554049686,99.5282003591064,87.24291602771193,41.14463487278312,84.73471920570897,39.721592748462285,49.835311073035605
26043,Michigan,Dickinson,52.473050095117316,54.37237818651178,100.0,90.27507090201266,46.34467476943862,92.39838659633881,44.67465199093558,57.062200728867936
26045,Michigan,Eaton,67.46987951807229,24.556308486608582,97.16921226154682,84.34924602486275,44.13453604625039,63.76047161030096,86.3386209129168,54.599886459455945
26047,Michigan,Emmet,66.58211794546608,70.60342045821233,98.18538970350664,85.01537060986482,54.14121751586882,80.35991312441824,69.89316931045646,61.693698867343805
26049,Michigan,Genesee,25.52314521242866,9.486931268151016,99.53814669887744,80.13846757052701,38.146989666447546,36.611852311511015,40.49854321786986,45.85382141770817
26051,Michigan,Gladwin,9.384908053265695,68.73184898354307,97.2411112245099,84.13108190552694,27.740752439004513,14.644740924604406,52.1851731952088,49.43231081855231
26053,Michigan,Gogebic,37.25428027901078,89.44820909970959,99.03219923776554,85.2593878778143,39.27489622417426,86.90660874961216,28.585302686953707,50.96153518026874
26055,Michigan,Grand Traverse,85.35193405199747,36.23749596644078,97.0914284011424,80.47897642813226,55.99548647817586,80.63915606577723,86.72709614762059,62.38904002481069
26057,Michigan,Gratiot,31.642358909321494,45.98257502420135,97.85309510809569,88.19299344433998,37.353776392943125,56.127831213155446,52.444156685011336,46.15020918952569
26059,Michigan,Hillsdale,33.86176284083703,44.36915133914166,97.6938286001766,85.307154586755,31.998448034780445,41.32795532112938,55.87568792489479,51.11598301711855
26061,Michigan,Houghton,77.36207989854154,93.38496289125524,99.40952748508684,82.839864686545,42.62797505443822,95.2528699968973,46.35804467465199,53.57131160730633
26063,Michigan,Huron,56.08750792644261,48.78993223620523,98.63953672797898,89.82356037975464,36.89889486023688,70.89668011169718,48.13855616704435,50.090236629301195
26065,Michigan,Ingham,70.92580849714648,10.035495321071314,98.9130062741759,74.67025904668108,49.760303201528586,83.09028855103941,79.5079313693752,52.317421988106005
26067,Michigan,Ionia,50.887761572606216,37.463697967086155,98.86146634455064,86.21772824167117,38.48821091951366,22.742786224014893,82.32437682097766,56.82099728960344
26069,Michigan,Iosco,18.80152187698161,72.47499193288157,99.93719806930336,86.32693443754441,34.17587057416477,65.7772261867825,25.54224668177404,47.21377129865624
26071,Michigan,Iron,17.691819911223845,70.05485640529203,100.0,82.40891703125881,36.650986736263754,74.9922432516289,33.92683716413079,46.6707311373903
26073,Michigan,Isabella,34.495878249841475,35.26944175540497,98.09123247769372,73.21296722750847,38.261062952416616,82.0043437790878,78.53674328261573,44.080851067542895
26075,Michigan,Jackson,46.92454026632847,20.038722168441435,97.87154655501098,80.96429600074582,39.594304474060635,59.913124418243875,49.2716089349304,50.873799495027974
26077,Michigan,Kalamazoo,64.10906785034877,12.197483059051308,96.83020072600316,79.73020153608091,50.300796162956765,80.88737201365188,74.16639689219812,63.99310035066945
26079,Michigan,Kalkaska,13.253012048192772,81.51016456921589,94.95316072441356,85.2313502621554,29.254646016179215,17.468197331678553,44.933635480738104,52.55282972909581
26081,Michigan,Kent,73.08180088776157,4.808002581477896,98.4201220307758,78.57172376934027,53.313910289465966,77.59851070431276,80.18776303010682,66.59494089934739
26083,Michigan,Keweenaw,24.889029803424226,99.9677315262988,98.45269646726906,86.91823978074139,40.73569649575121,58.67204467887062,68.79248947879573,54.82623514549204
26085,Michigan,Lake,0.538998097653773,80.70345272668604,90.2721981615097,80.70081187752274,32.5634992791146,12.659013341607192,73.38944642279056,42.694191442583104
26087,Michigan,Lapeer,44.10272669625872,32.26847370119393,98.80540052031814,79.76133705388773,37.11258033671024,3.6611852311510944,81.28844286176756,56.936489799954906
26089,Michigan,Leelanau,77.80596068484465,57.502420135527586,98.79706196762092,84.26416036684192,46.17718947477878,61.15420415761712,94.49660084169636,66.28647947215023
26091,Michigan,Lenawee,47.01965757767913,24.298160696999034,98.98306027992884,83.65093330912993,36.267466565442355,30.561588582066406,69.53706701197798,51.83660370313978
26093,Michigan,Livingston,88.39568801521877,18.651177799290096,99.16031080319978,85.19602072396107,50.59290089929686,9.308098045299403,96.8598251861444,67.41320186168079
26095,Michigan,Luce,11.92136968928345,97.57986447241046,96.5373075508354,85.92012009079427,40.063304076421446,91.56065777226186,17.513758497895758,42.45959064273161
26097,Michigan,Mackinac,19.62587190868738,93.15908357534688,98.05411511022749,80.85156278346399,40.1554101913932,61.340366118523114,58.75687924894788,39.80177641025282
26099,Michigan,Macomb,83.10082435003171,2.839625685705066,99.43528176825934,75.57132249775307,45.3748438045408,29.41358982314614,81.12657818064099,60.28103943973506
26101,Michigan,Manistee,34.02029169308814,62.79444982252339,98.1947435769154,86.32814745341905,40.71568878934452,65.4669562519392,48.91550663645193,54.7573773943355
26103,Michigan,Marquette,58.84590995561192,49.144885446918366,99.27532516432484,82.56001926165862,48.921869998760286,85.82066397766056,78.95759145354484,54.98280491179621
26105,Michigan,Mason,52.124286620164874,66.92481445627621,97.76291109453358,87.3444128524234,45.35505337783618,82.50077567483712,41.17837487860149,49.00362908734604
26107,Michigan,Mecosta,26.727964489537097,34.5595353339787,97.28171675513224,81.84014355671864,34.00156962897608,40.70741545144275,74.49012625445128,41.3481891349249
26109,Michigan,Menominee,64.0139505389981,52.565343659244924,99.73171613816504,89.10155989622353,37.05928154379593,70.3381942289792,46.973130462932986,53.30495866438601
26111,Michigan,Midland,65.28218135700698,30.68731848983543,98.69875946649536,84.36504433814854,51.35530743820715,59.97517840521254,88.31337002266105,56.1514524733865
26113,Michigan,Missaukee,30.310716550412177,87.28622136172959,96.51807518793254,87.93615605432986,27.11978784954238,46.91281414830903,36.225315636128194,54.90839979502281
26115,Michigan,Monroe,50.856055802156,12.423362374959664,97.09188757000187,83.11283782363739,37.67296082748034,33.32299100217189,78.2453868565879,54.21925914044691
26117,Michigan,Montcalm,25.07926442612555,41.43272023233301,98.33136647968944,84.64308154951127,33.490759784647366,13.900093080980454,77.46843638718032,53.44093187456715
26119,Michigan,Montmorency,2.219403931515536,93.6431106808648,98.76233684134856,79.75000017793647,28.126808505456655,32.14396524976729,58.36840401424409,42.90663345714432
26121,Michigan,Muskegon,32.752060875079266,19.070667957405615,99.46931802791325,80.87068172422809,38.424724705036226,71.79646292274279,35.351246358044676,46.31018154044188
26123,Michigan,Newaygo,20.79898541534559,51.048725395288805,98.63862088269596,85.46825346644907,38.22646377169758,12.007446478436236,59.69569439948203,49.67180625436553
26125,Michigan,Oakland,92.39061509194674,2.3233301064859635,99.97196663602855,79.64057263593052,62.06008484110999,28.451753025131865,89.70540628034964,68.0001557061976
26127,Michigan,Oceana,19.562460367786937,63.14940303323653,96.1895385584166,85.61415897370611,37.00863850266806,44.67887061743717,39.17125283263192,49.33526502401104
26129,Michigan,Ogemaw,6.436271401395054,76.12132946111649,98.19552743551424,82.81812785554877,26.093118330323257,38.81476884889854,38.58853998057624,48.980907013790755
26131,Michigan,Ontonagon,6.467977171845275,99.58050984188448,99.06671221360256,88.56269280749142,30.623105143910877,53.05615885820664,69.66655875687925,43.36738292254383
26133,Michigan,Osceola,14.109067850348763,75.76637625040335,98.29326374494522,86.43091164312372,29.257505520376988,43.74806081290723,45.28973777921658,50.2763942869383
26135,Michigan,Oscoda,3.329105897273304,93.28815747015167,96.35078110651956,83.7705666344145,27.483703644316577,46.97486813527769,48.041437358368405,46.0593406683055
26137,Michigan,Otsego,40.51997463538364,81.57470151661826,99.40241003281668,84.98211555693543,43.82307144765773,79.46013031337263,55.64907737131758,53.532506668820346
26139,Michigan,Ottawa,78.44007609384907,12.616973217166827,96.4287335842708,84.02911122790891,49.08158473719473,77.00899782811045,90.57947555843316,63.213272375498626
26141,Michigan,Presque Isle,28.09131261889664,90.06131010003227,98.99440369971806,89.23997674110882,30.9686727515579,41.97952218430034,35.869213337649725,47.91568250257296
26143,Michigan,Roscommon,4.311984781230184,52.984833817360446,97.66286846357217,84.93086086844255,33.08067037475514,45.919950356810425,36.031078018776306,45.4129770866227
26145,Michigan,Saginaw,29.359543436905515,15.166182639561148,98.94387411557553,81.2163148332823,38.76624023920151,69.37635743096494,28.71479443185497,47.324081071208305
26147,Michigan,St Clair,49.04882688649334,13.714101323007421,98.14290691672136,78.46391200795505,36.90478566133529,19.950356810425077,72.28876659112981,51.10916695462899
26149,Michigan,St Joseph,34.908053265694356,31.332687963859307,97.65935898337077,87.39426210947626,31.967686673660857,66.58392801737511,50.1133052767886,53.87308087216583
26151,Michigan,Sanilac,30.183893468611288,35.36624717650855,98.3560006035621,87.73539092698552,32.63357071677199,22.52559726962457,55.357720945289735,47.62235211899079
26153,Michigan,Schoolcraft,12.555485098287887,94.44982252339464,99.92909708913815,89.27053409753948,36.607479245734694,75.70586410176854,9.873745548721269,38.12278439350143
26155,Michigan,Shiawassee,38.42739378566899,33.43013875443692,99.1258039026782,85.88818716543032,36.01387137597903,21.43965249767298,69.50469407575267,50.14887347721104
26157,Michigan,Tuscola,26.569435637285988,35.78573733462407,98.16359131842128,89.61639999250629,31.40649954728468,18.740304064536147,53.253480090644224,49.902231442974326
26159,Michigan,Van Buren,34.87634749524414,30.300096805421106,97.8635239647091,82.87338617212595,33.57659431767307,47.533354017995656,61.92942699902881,54.60783496689433
26161,Michigan,Washtenaw,90.90044388078633,7.744433688286543,97.02288827621388,68.80953221782482,71.81375184728542,58.82717964629228,96.8921981223697,68.73667250812295
26163,Michigan,Wayne,38.871274571972094,0.8067118425298484,99.9820786042173,66.14037792281553,39.97285254302636,36.425690350605024,43.08837811589511,56.46230470563091
26165,Michigan,Wexford,29.803424223208623,64.50467892868667,98.8334296691052,86.0605381800722,41.42176581688309,62.488364877443374,35.189381676918096,51.30564988738226
27001,Minnesota,Aitkin,30.69118579581484,74.4433688286544,96.84319922771304,81.69062328324759,41.70182931325682,38.84579584238287,64.90773713175784,52.94888202780115
27003,Minnesota,Anoka,94.9587824984147,8.002581477896095,99.5317002832826,77.2008280818766,50.24307377818115,27.67607818802358,96.98931693104564,72.29047103364387
27005,Minnesota,Becker,80.56436271401395,71.99096482736367,98.21039864444374,85.48035105450116,47.89483499006452,62.085013962147066,60.21366137908708,61.51371598862914
27007,Minnesota,Beltrami,57.22891566265061,63.40755082284608,97.62939354016028,79.8545396236946,44.743522694945625,82.56282966180578,30.23632243444481,56.08752674766093
27009,Minnesota,Benton,84.87634749524413,39.75475959987092,99.18080175301412,83.88398674553979,39.26460671145084,68.01116971765435,92.39235998705082,63.86350998324121
27011,Minnesota,Big Stone,79.96195307545973,88.89964504678929,97.39163566105871,87.18453533507598,44.63960925347727,89.45082221532734,58.43314988669472,60.79668947210298
27013,Minnesota,Blue Earth,92.10526315789474,25.201677960632463,99.30026769836468,75.69026288316833,53.3084398145572,93.88768228358671,91.3240530916154,59.46606982202201
27015,Minnesota,Brown,93.6271401395054,49.757986447241045,99.66580868343952,91.31558931481604,52.13119804854913,95.7493018926466,68.20977662674005,71.98539871261683
27017,Minnesota,Carlton,62.20672162333545,62.697644401419815,98.61432197379337,84.92192392618594,44.327873848603154,62.240148929568726,71.70605373907414,59.940708547328086
27019,Minnesota,Carver,98.9854153455929,32.9783801226202,98.72756707236694,82.49181922104239,62.01934592143769,34.843313682904125,98.60796374231144,78.15119521612071
27021,Minnesota,Cass,31.57894736842105,75.47595998709261,96.94145373305004,84.31190906337388,36.48351215079942,53.95594166925225,43.4768533505989,61.392487113608645
27023,Minnesota,Chippewa,59.16296766011414,63.34301387544369,99.89850135932208,87.74525915388229,42.89570420790271,91.25038783741856,42.34380058271285,61.94465098651493
27025,Minnesota,Chisago,78.24984147114775,56.95385608260729,98.74067498706911,78.21461021440093,46.99890693864885,6.825938566552907,94.91744901262544,70.22554092611774
27027,Minnesota,Clay,93.69055168040585,15.908357534688609,99.67819417603286,80.5150507192099,45.66960917821515,88.36487744337573,94.65846552282292,63.962017598614786
27029,Minnesota,Clearwater,25.17438173747622,98.03162310422718,98.12466051504688,84.34596940354635,36.39815194033985,40.676388457958424,31.693104564584008,52.05231832367249
27031,Minnesota,Cook,39.6005072923272,99.67731526298806,95.47233152157844,85.62179993023871,60.60664441465825,90.81600992863791,81.57979928779541,65.2014736150964
27033,Minnesota,Cottonwood,67.40646797717184,73.41077767021619,99.67818324526478,90.59750135267316,44.164616420630885,93.79460130313373,47.78245386856588,61.94338626369587
27035,Minnesota,Crow Wing,67.94546607482562,47.43465634075508,98.91189305240567,84.61686329875987,53.494771652347744,70.49332919640086,72.22402071867918,69.41984055695521
27037,Minnesota,Dakota,96.92454026632848,7.970313004194901,99.94252516706436,77.47217053450154,54.624846324488345,52.652807942910336,98.3489802525089,75.72347176845284
27039,Minnesota,Dodge,77.96448953709574,75.5082284607938,98.65559122516456,84.7485563087408,47.084439757285594,54.57648153893888,92.9426999028812,73.88848130138001
27041,Minnesota,Douglas,83.41788205453392,61.987737979993554,99.10870418887934,88.48347354891824,55.23685702378357,89.63698417623333,85.10844933635481,66.78167954365631
27043,Minnesota,Faribault,83.25935320228281,55.56631171345595,98.61659845998656,90.57926386662211,41.07736150793285,70.0279242941359,29.912593072191644,62.37256139221507
27045,Minnesota,Fillmore,77.55231452124288,50.403355921264925,99.23914487776528,87.88092924494248,45.239314484964765,27.955321129382554,80.89996762706377,68.97021505516462
27047,Minnesota,Freeborn,80.6277742549144,34.17231364956437,99.00024625197165,88.34993487452935,40.64504277603975,82.71796462922742,40.53091615409517,62.10132904209086
27049,Minnesota,Goodhue,85.92263792010147,48.53178444659568,99.10944296884024,86.58957399223212,50.866426298394714,54.793670493329195,91.5182907089673,70.0005561069098
27051,Minnesota,Grant,89.66391883322765,92.35237173281703,99.00212658487776,90.44053124116256,36.534289020314965,66.05646912814149,88.24862415021042,57.94365112979903
27053,Minnesota,Hennepin,95.6563094483196,1.7102291061632784,99.95770969432397,71.69523043418069,62.11745814830831,66.52187403040645,93.81676918096473,74.62904131743072
27055,Minnesota,Houston,88.61762840837032,59.98709261051952,99.40407163708646,86.86876282229663,51.63068373635065,56.25193918709277,80.34962771123341,69.25379407943281
27057,Minnesota,Hubbard,41.53455928979074,84.89835430784125,97.32868515748744,85.85679390431056,43.208077570823995,67.60781880235805,68.5335059889932,61.612660927720015
27059,Minnesota,Isanti,68.29422954977807,72.24911261697322,98.48957856140473,74.54773966182911,43.12131822679024,5.615885820663976,95.4677889284558,65.2685738981287
27061,Minnesota,Itasca,43.563728598604946,58.857696030977735,98.3656086324426,80.10536170651021,49.56845111164956,58.578963698417624,50.98737455487212,58.17950738954484
27063,Minnesota,Jackson,88.33227647431833,75.89545014520813,98.62106284150366,93.37764322928028,40.76921374880603,91.4986037852932,70.24927160893493,66.52474666217711
27065,Minnesota,Kanabec,40.93214965123653,88.77057115198451,97.87443488159724,85.12097274466026,41.8551839313146,15.234253800806698,64.84299125930721,61.644099783165174
27067,Minnesota,Kandiyohi,74.66708941027267,48.20909970958374,98.56891907724852,85.44229944295624,52.93072032385611,91.52963077877753,57.42958886370994,60.510150347052864
27069,Minnesota,Kittson,87.000634115409,96.70861568247821,99.09212871916142,95.70982918677348,42.536007463523134,66.3667390629848,71.93266429265134,62.84894274928709
27071,Minnesota,Koochiching,46.131896005072925,88.70603420458212,98.5807730114053,89.9858793840965,41.207195365474824,94.50822215327335,29.750728391065067,54.99987781197677
27073,Minnesota,Lac Qui Parle,81.89600507292327,82.73636656986125,99.35637582943038,89.16282625015066,43.17103474174916,89.26466025442134,65.39333117513758,64.99895976242709
27075,Minnesota,Lake,93.27837666455297,87.41529525653436,99.18531934017037,83.99223553083006,48.4063782838822,52.218430034129696,76.91809647134995,63.06702475596208
27077,Minnesota,Lake Of The Woods,69.3722257450856,99.83865763149403,99.55588060470625,86.6728372234515,40.55782176256725,85.10704312752094,51.1492392359987,61.21844776756464
27079,Minnesota,Le Sueur,71.08433734939759,74.70151661826395,99.26458749997006,86.39064494737742,44.1153460444118,44.027303754266214,87.180317254775,72.08569646308467
27081,Minnesota,Lincoln,87.03233988585922,86.73765730880929,99.281888811833,87.45340605105316,40.0714531885852,59.85107043127521,78.56911621884105,67.32422626483822
27083,Minnesota,Lyon,84.74952441344324,56.21168118747983,99.22829735327556,86.33406299088772,50.21440818506255,97.61092150170649,71.90029135642602,61.863929363751595
27085,Minnesota,Mcleod,85.38363982244769,55.08228460793805,99.1901636192922,88.80058392258557,48.73921268785797,60.09928637914986,82.8099708643574,61.55806930155631
27087,Minnesota,Mahnomen,27.77425491439442,94.32074862858987,90.29453212844328,80.18876950747564,20.916887576325383,68.445547626435,7.963742311427646,45.17875231649344
27089,Minnesota,Marshall,72.06721623335447,89.93223620522748,98.487739347322,92.03060949987284,39.56807976481377,39.652497672975485,56.5231466494011,58.230917102435896
27091,Minnesota,Martin,71.71845275840202,51.758631816715074,99.62583232172966,90.1174055628592,47.23630973351641,92.80173751163512,49.04499838135319,63.35471996927621
27093,Minnesota,Meeker,92.07355738744452,76.79896740884156,98.34850703619372,89.12170006286941,42.87996470101787,56.34502016754577,83.0042084817093,65.47089241438772
27095,Minnesota,Mille Lacs,40.83703233988586,76.41174572442723,96.43092496030444,82.41824698710681,39.15061791452838,21.84300341296928,85.01133052767887,62.44323268218885
27097,Minnesota,Morrison,56.72162333544705,45.627621813488226,98.16625287550414,88.58971988791525,38.97363534349935,29.041265901334157,61.60569763677566,62.39684333222403
27099,Minnesota,Mower,75.17438173747622,28.622136172959017,99.15353563273965,84.77275265276488,44.63495424226104,77.66056469128142,48.721269019100035,62.98886298336819
27101,Minnesota,Murray,77.90107799619531,83.25266214908035,99.32614824259134,95.97409010217594,44.2252777334308,66.80111697176542,72.32113952735513,64.84961554129514
27103,Minnesota,Nicollet,95.68801521876982,45.33720555017748,99.68498753251404,84.08330004527906,54.31733071036228,96.18367980142725,95.69439948203302,62.13567910206812
27105,Minnesota,Nobles,76.09384908053266,42.46531139077121,99.2664507102672,83.55168709910099,46.13121677251115,89.73006515668632,20.718679184202006,60.88737995468722
27107,Minnesota,Norman,64.96512365250476,90.31945788964182,98.95931314642148,87.86648647461084,40.496793120784595,57.02761402420106,70.70249271608935,62.07506689564426
27109,Minnesota,Olmsted,94.70513633481292,11.971603743142948,99.43729194677898,81.35772322952808,72.64240275200792,96.46292274278622,93.94626092586596,72.16384949748817
27111,Minnesota,Otter Tail,70.2282815472416,37.68957728299451,99.10660470890558,88.41668568246153,46.310054133102845,68.72479056779397,66.62350275169958,67.50452279122948
27113,Minnesota,Pennington,84.78123018389347,64.891900613101,99.33180546356812,86.72169946029186,45.57245589591159,98.23146137139311,60.893493039818715,65.36118930471928
27115,Minnesota,Pine,45.62460367786937,62.27815424330429,93.82733794595518,82.22691519246379,36.30439894297332,14.768848898541734,55.16348332793785,61.175716805191165
27117,Minnesota,Pipestone,83.89346861128726,79.864472410455,98.29634120920456,89.27178435449139,41.64217709482209,89.9162271175923,62.25315636128197,60.15439353096986
27119,Minnesota,Polk,78.72542802790107,39.65795417876735,98.8812268282474,84.05650969332487,45.24772640766297,86.2550418864412,77.53318225963095,60.66772464945742
27121,Minnesota,Pope,86.71528218135701,79.89674088415619,99.13434353933992,84.43482695802855,46.270994878378325,75.89202606267453,86.9537067011978,65.81737687944091
27123,Minnesota,Ramsey,88.23715916296766,3.3881897386253628,99.18118762376452,67.47528722777926,54.58033877518843,69.46943841141794,92.45710585950144,75.0670207200167
27125,Minnesota,Red Lake,86.23969562460367,95.67602452404002,98.50465155041886,91.53888406376234,41.2826291561844,58.60999069190195,58.98348980252509,47.0824126821403
27127,Minnesota,Redwood,68.07228915662651,67.31203614069055,98.5971727649743,88.76524921070843,40.27046090802021,90.9090909090909,53.60958238912269,59.64401591632896
27129,Minnesota,Renville,62.27013316423589,67.18296224588578,98.30699472935456,90.20991116310996,40.154577902650665,76.10921501706486,66.88248624150211,59.4826737478067
27131,Minnesota,Rice,88.64933417882055,25.26621490803485,99.39747210292444,81.40477114022934,52.60096057288207,62.98479677319268,87.47167368080285,70.6548848854183
27133,Minnesota,Rock,88.11033608116678,80.02581477896096,98.70229266836398,92.10606454786752,45.72389446120659,65.31182128451752,58.33603107801878,68.40915245437182
27135,Minnesota,Roseau,76.94990488268864,78.50919651500485,98.77301924994929,87.15521670952103,42.67433677565044,85.85169097114489,50.17805114923923,61.572785522796856
27137,Minnesota,St Louis,76.63284717818642,27.331397224911264,99.02284329831532,79.99260481460962,50.95190382604136,82.87309959664908,76.82097766267401,59.872349316520314
27139,Minnesota,Scott,97.43183259353202,18.263956114875764,99.8035705797659,80.54110939218289,53.45189454259329,39.09401179025752,95.8238912269343,76.28868956285733
27141,Minnesota,Sherburne,87.22257450856056,40.07744433688287,99.20439246130186,79.09535652238155,49.30722533816275,11.231771641327953,98.64033667853674,77.18340561168846
27143,Minnesota,Sibley,83.03741280913127,76.96030977734753,99.5681535244626,87.50699299643364,41.37059255503355,28.91715792739683,75.46131434121075,67.9660051207864
27145,Minnesota,Stearns,94.2295497780596,18.425298483381734,99.53679897974756,81.07364627420638,53.11361868763411,77.07105181507912,83.8459048235675,65.21612700889636
27147,Minnesota,Steele,87.09575142675968,46.724749919328815,99.43523036364856,86.50890261559105,50.39130515778382,86.4412038473472,81.22369698931693,65.10650087045249
27149,Minnesota,Stevens,89.1566265060241,86.76992578251048,98.44515613833066,89.98279990400249,51.83794364617864,98.4176233322991,88.44286176756232,67.94116724138249
27151,Minnesota,Swift,90.48826886493342,73.92707324943531,99.86899630797562,84.66124051490635,41.3719558503885,77.10207880856345,58.10942052444157,58.52994738932586
27153,Minnesota,Todd,62.016487000634115,74.18522103904486,98.06628727401888,86.36482027262574,43.00217380998112,48.61929878994725,49.98381353188734,55.39297932555087
27155,Minnesota,Traverse,57.197209892200384,90.09357857373345,98.2091051879726,92.34304886016056,40.66028428837569,93.42227738132175,48.68889608287471,62.74053133861524
27157,Minnesota,Wabasha,81.29359543436905,48.91900613101,99.61367682869208,86.38016538687417,53.23991886573885,35.33974557865342,80.57623826481061,67.31854114565388
27159,Minnesota,Wadena,47.33671528218136,93.19135204904808,99.46203985695908,85.19672945323272,42.26842650648525,70.80359913124418,63.968921981223694,60.87132908756456
27161,Minnesota,Waseca,86.2714013950539,66.73120361406906,98.90966156499964,88.8087342363584,44.01300372536398,76.45051194539249,76.17351893816769,68.64782992478625
27163,Minnesota,Washington,98.19277108433737,13.036463375282349,99.32616476328673,78.83472607863101,62.755785041403826,40.33509152963077,99.12593072191648,76.50507862157062
27165,Minnesota,Watonwan,84.05199746353837,67.76379477250725,98.7773113752791,90.88711433619436,43.91035157348409,77.22618678250078,31.919715118161218,63.2998236270899
27167,Minnesota,Wilkin,81.70577045022193,87.89932236205227,99.54305805230524,93.11301680194693,39.50955417552124,77.72261867825009,69.60181288442861,59.553365391149626
27169,Minnesota,Winona,89.4419784400761,25.911584382058727,99.37256908473572,83.222768762565,49.579151669806784,88.17871548246976,79.54030430560051,69.95645719680047
27171,Minnesota,Wright,92.1686746987952,28.36398838334947,98.45759592711572,80.80959670633489,48.7184252637142,11.51101458268694,96.6979605050178,75.80228526116869
27173,Minnesota,Yellow Medicine,62.143310082435,73.89480477573412,98.6924412343301,92.23774794603236,41.22055631534857,78.15699658703072,58.918743930074456,61.84773747207499
28001,Mississippi,Adams,19.18199112238427,47.98322039367538,,80.79098817648647,33.37397949961076,82.31461371393112,0.5179669796050502,37.34930069563277
28003,Mississippi,Alcorn,20.291693088142043,41.01323007421749,98.41376081483446,86.62010484277258,35.26598568619345,64.00868755817561,8.38459048235675,32.816962114581244
28005,Mississippi,Amite,2.7584020291693085,64.11745724427234,98.37679964739117,85.64885109304909,25.23351485157753,6.763884579584243,13.823243768209776,27.131478017688615
28007,Mississippi,Attala,13.41154090044388,66.5053242981607,98.46568075062666,82.58032082342262,29.129248066901347,33.1368290412659,2.5574619617999352,36.46808280039384
28009,Mississippi,Benton,1.4267596702599872,85.6082607292675,,85.051330791924,30.19258320373274,2.202916537387523,24.66817740369051,27.28523632509583
28011,Mississippi,Bolivar,18.738110336081167,22.29751532752501,96.34410260615026,73.91816891158332,29.457316470672723,74.12348743406764,1.165425704111363,25.10568164950868
28013,Mississippi,Calhoun,13.221306277742553,74.9596644078735,98.23673390918547,88.19437463757262,22.04661870463866,29.475643810114804,1.2301715765619945,41.71722638376804
28015,Mississippi,Carroll,1.2999365884590994,77.60567925137141,,95.02442642765249,24.56797496105122,9.463233012721076,5.827128520556815,24.984949096955688
28017,Mississippi,Chickasaw,6.816740646797717,59.79348176831236,99.35382407180892,79.79619248686322,30.407266012561973,39.31120074464785,4.143735836840402,35.76498892110432
28019,Mississippi,Choctaw,12.58719086873811,87.7702484672475,96.52032231946411,89.9601887882667,28.197131534680413,14.70679491157307,18.711557138232436,40.45164260059713
28021,Mississippi,Claiborne,0.6024096385542169,82.86544046466602,94.84107512850456,77.96432424872631,24.444913273467353,12.317716413279555,0.8740692780835222,39.791017571868565
28023,Mississippi,Clarke,9.733671528218135,70.24846724749919,,81.83805172611376,23.389256751487384,11.6661495501086,8.093234056328908,38.56193386034837
28025,Mississippi,Clay,19.403931515535827,54.565989028718946,98.15513466363328,83.64537085237183,33.54349431669661,72.19981383803909,1.6510197474910977,46.40054848175435
28027,Mississippi,Coahoma,9.099556119213698,33.10745401742498,99.31533115692336,73.40905687163156,28.67019446661333,52.96307787775365,0.356102298478472,28.399763013278452
28029,Mississippi,Copiah,6.721623335447051,42.07808970635689,94.4215009516326,74.62951487305352,31.068428291401457,12.907229289481847,3.0430560051796696,39.07710062190771
28031,Mississippi,Covington,13.189600507292326,49.4675701839303,98.26691662340602,82.64734569376157,25.163889327938513,18.336953149239847,8.773065717060538,36.563745974099255
28033,Mississippi,De Soto,69.27710843373494,11.035818005808325,99.48220246226704,80.24375906092341,38.02645381395365,31.49239838659635,53.771447070249266,59.11525889299439
28035,Mississippi,Forrest,45.02219403931515,18.87705711519845,98.6977040679444,75.08459887158612,41.03667599525844,76.82283586720447,29.232761411460015,43.78830144437947
28037,Mississippi,Franklin,4.724159797083069,88.12520167796063,,87.67757497377639,29.18801610723782,6.639776605646901,7.186791842020071,32.21617105283956
28039,Mississippi,George,16.01141407736208,46.563407550822845,95.19649876316264,82.7381283108277,28.308301937891365,4.6540490226497155,16.963418582065394,37.78702802419398
28041,Mississippi,Greene,3.360811667723526,67.27976766698936,98.50711221991348,87.83080130808253,27.5094689501593,1.2410797393732338,12.657818064098414,35.69541120339088
28043,Mississippi,Grenada,29.74001268230818,46.240722813810905,95.82318142543332,80.94035557730876,31.06988641591528,77.04002482159478,4.8235674975720295,43.6799478512187
28045,Mississippi,Hancock,46.480659480025366,24.072281381090672,97.9749058306666,80.50975394084517,36.59827572655208,7.8498293515358455,27.419876982842347,38.615449839573216
28047,Mississippi,Harrison,69.87951807228916,11.06808647950952,99.14545359381827,74.89218769130305,36.892180760778466,64.93949736270557,33.31175137584979,41.27244494996364
28049,Mississippi,Hinds,44.76854787571338,6.905453372055502,99.30241508945468,67.28384764736582,45.967324353414305,65.1877133105802,17.869860796374233,50.24518463148793
28051,Mississippi,Holmes,0.4121750158528852,54.01742497579865,,61.22327793120262,23.291814891667432,5.181507911883344,0.0647458724506312,17.037568550118287
28053,Mississippi,Humphreys,1.046290424857324,65.11777992900936,,69.4669845296096,16.111949998080593,58.23766677008998,0.1618646811265781,22.178958123484957
28055,Mississippi,Issaquena,0.2536461636017755,89.06098741529526,,85.40471097125948,23.419256405182704,34.6261247285138,,11.100858539906278
28057,Mississippi,Itawamba,15.440710209258086,58.01871571474669,,91.85915109478276,29.746951283714445,24.076946943841136,16.89867270961476,47.49308602184878
28059,Mississippi,Jackson,54.66074825618262,12.552436269764442,,81.33547096751693,39.263368592241065,46.2922742786224,23.40563289090321,45.93079208830267
28061,Mississippi,Jasper,2.346227013316424,65.34365924491772,97.56507429099652,87.6245266308252,27.21201774478531,9.525286999689726,5.665263839430236,36.70798827611017
28063,Mississippi,Jefferson,0.0317057704502219,91.4811229428848,97.73013890315625,86.96898899898692,30.058733799865685,24.418243872168787,4.953059242473292,39.53619345679537
28065,Mississippi,Jefferson Davis,1.9657577679137603,76.44401419812843,,74.37766353796191,26.691650024106284,4.374806081290714,14.826804791194562,39.67907557772837
28067,Mississippi,Jones,37.064045656309446,22.94288480154889,,80.9652881151129,34.84394014171999,55.414210363015826,11.88086759469084,33.72039272972708
28069,Mississippi,Kemper,4.5339251743817375,86.51177799290095,97.29974667780324,77.04624636591623,26.672543341526207,4.467887061743724,5.1149239235998705,29.407193419942836
28071,Mississippi,Lafayette,72.63792010145846,38.270409809616005,99.0754148825054,72.14906938093645,48.54017982830063,81.1045609680422,39.23599870508255,55.206804677462415
28073,Mississippi,Lamar,60.01902346227014,33.30106485963214,97.47893111655446,83.05633938681012,52.86801376848108,48.34005584858827,51.86144383295564,47.75327648066268
28075,Mississippi,Lauderdale,36.84210526315789,19.490158115521137,,74.14421568223867,39.14116206935741,78.37418554142104,7.445775331822596,32.917050785164264
28077,Mississippi,Lawrence,4.121750158528852,77.02484672474992,,78.49347197682823,26.142891059226997,5.026372944461684,10.585950145678211,29.85173071517888
28079,Mississippi,Leake,3.9315155358275207,49.33849628912552,95.97436550156942,85.30452969393896,27.11381752264672,12.100527458889232,2.589834898025251,36.165135832508135
28081,Mississippi,Lee,46.00507292327203,21.845756695708292,97.88868336736331,82.09807148003084,49.06256782542318,80.45299410487124,18.12884428617676,48.844858523760536
28083,Mississippi,Leflore,8.243500317057704,22.78154243304292,92.31926339997214,69.17408529977313,30.74375152238959,80.0186161960906,0.4208481709291033,20.370662594092565
28085,Mississippi,Lincoln,16.074825618262523,54.11423039690223,97.71876248672328,80.12771465929491,31.732503774864774,41.79336022339435,7.834250566526384,43.07353713590325
28087,Mississippi,Lowndes,39.568801521876985,24.169086802194258,97.4893877487471,78.85238442161453,37.84239948970137,80.08067018305925,11.298154742635155,47.12260838798756
28089,Mississippi,Madison,75.20608750792644,15.553404323975476,98.89706485439278,81.16804730070798,57.946447447878,57.61712690040335,38.07057300097119,64.44512211336236
28091,Mississippi,Marion,23.52568167406468,45.30493707647628,96.76149490716185,78.18192541580169,24.321571795334854,25.380080670183062,6.474587245063128,39.51012432912806
28093,Mississippi,Marshall,9.32149651236525,33.978702807357216,,75.7851412724589,25.245881643790135,9.059882097424762,13.272903852379413,42.20784268366775
28095,Mississippi,Monroe,19.150285351934052,37.01193933526944,97.31106094569952,88.39462641601686,30.090495830225628,46.199193298169405,9.291032696665589,50.4576494674435
28097,Mississippi,Montgomery,5.199746353836398,84.38205872862213,,69.08015155098708,25.690762777507093,32.45423518461061,5.341534477177079,34.71935687674255
28099,Mississippi,Neshoba,18.706404565630944,42.5621168118748,98.3669178735636,81.45602318327863,25.022822095284745,44.2134657151722,0.9711880867594692,37.07220261527871
28101,Mississippi,Newton,10.558021559923906,50.69377218457567,,89.21010338638695,28.723877460252464,22.401489295687256,4.985432178698608,32.50944725768046
28103,Mississippi,Noxubee,4.882688649334179,71.37786382704098,96.63845938790055,70.73562362268262,29.38905703904425,30.034129692832764,1.3272903852379412,36.34025932564201
28105,Mississippi,Oktibbeha,53.043753963221306,35.559858018715715,97.5985033374806,66.80365838855626,40.575285908152296,82.40769469438412,24.214956296536094,37.16098693233449
28107,Mississippi,Panola,7.545973367152822,34.527266860277514,96.38248077673688,82.38033788650824,26.72557086233588,16.3201985727583,1.9100032372936224,38.98999847858326
28109,Mississippi,Pearl River,22.289156626506024,22.58793159083575,,82.70963933576554,31.035955880020264,7.539559416692526,22.563936549045,41.31402203551022
28111,Mississippi,Perry,7.0069752694990495,80.15488867376574,,83.2249673217273,22.609144555083112,8.284207260316478,12.560699255422469,29.837258117108732
28113,Mississippi,Pike,23.96956246036779,32.4620845434011,96.10686113628202,74.50297201738114,31.7663669890083,46.04405833074775,2.6545807704758824,34.50356620762887
28115,Mississippi,Pontotoc,14.774889029803424,51.50048402710552,96.6113498653322,89.56716817915064,28.754296072263458,34.19174681973317,12.852055681450308,38.67619839402735
28117,Mississippi,Prentiss,13.53836398224477,51.88770571151985,97.75262106310582,91.82455645543791,32.16811078044133,44.585789636984174,6.960181288442861,44.19933179478036
28119,Mississippi,Quitman,1.2365250475586558,71.8296224588577,,70.64922733071302,21.49913515460629,11.976419484951904,3.917125283263192,2.7215346766025004
28121,Mississippi,Rankin,64.7431832593532,14.746692481445628,99.0111049179614,82.93595773389744,47.671445359621394,38.318336953149235,59.88993201683392,58.8823889939893
28123,Mississippi,Scott,16.29676601141408,47.07970313004195,,82.68514709671521,29.832082806534803,25.597269624573386,5.179669796050502,33.559984457493165
28125,Mississippi,Sharkey,2.8535193405199744,77.86382704098096,,76.43249959160369,15.342202186717728,36.86006825938567,2.136613790870832,26.96858164465613
28127,Mississippi,Simpson,10.240963855421686,51.14553081639238,97.29752567570247,87.94261743529437,28.214201586419755,11.914365497983255,11.65425704111363,43.62938391475289
28129,Mississippi,Smith,12.523779327837667,57.341077767021616,99.0657261087082,90.14171394760548,27.641578780806487,10.766366739062988,15.215280025898348,31.549915024502805
28131,Mississippi,Stone,17.882054533925174,52.468538238141335,96.40135019697917,83.8410514167042,31.28879330517829,4.9953459509773666,21.20427322758174,34.41175215197731
28133,Mississippi,Sunflower,1.6169942929613188,31.55856727976767,99.00651538669084,78.09898143706124,26.740425302240105,71.82748991622711,0.1942376173518938,26.318025248768464
28135,Mississippi,Tallahatchie,9.48002536461636,59.92255566311714,95.4455732444657,85.35101971639386,25.571999630303782,12.814148309028852,0.3237293622531563,22.22894450307767
28137,Mississippi,Tate,19.08687381103361,53.14617618586641,97.82002781794228,84.44618577696922,30.53995737299306,3.909401179025764,23.243768209776626,43.8370366464298
28139,Mississippi,Tippah,16.201648700063412,63.27847692804131,,85.01590767021388,26.432636099987484,41.60719826248837,7.024927160893493,42.813213357109035
28141,Mississippi,Tishomingo,9.575142675967026,71.3133268796386,97.22698775122367,78.31189471835357,25.44774214898526,37.48060812907229,8.255098737455487,40.59679667690994
28143,Mississippi,Tunica,5.104629042485732,51.823168764117455,83.4584344309199,47.41199107214832,23.31255794182988,35.77412348743407,2.1042408546455165,42.74355935014534
28145,Mississippi,Union,23.937856689917563,55.179090029041625,97.53997999877666,87.16518500906861,33.02064578424699,46.88178715482469,11.395273551311105,44.6129103252736
28147,Mississippi,Walthall,13.728598604946098,75.60503388189738,96.98967520741864,75.15494208942482,31.5120445162158,16.44430654669563,14.76205891874393,37.504195506463866
28149,Mississippi,Warren,31.03994927076728,24.394966118102616,98.7353221894135,81.43708830527629,40.66075359870637,69.68662736580825,6.9925542246681776,47.26370983995723
28151,Mississippi,Washington,6.055802155992391,18.231687641174574,98.77801021310331,67.33389502337755,29.676695878600498,79.08780639156066,0.7769504694075753,14.448673757092005
28153,Mississippi,Wayne,7.133798351299937,53.88835108099387,97.26018381236456,86.80952315798656,25.656654346169123,19.453924914675767,5.535772094528974,41.0573558794647
28155,Mississippi,Webster,10.811667723525682,87.2216844143272,97.87804636947956,90.31130304526684,26.776887811123213,15.172199813838034,22.59630948527031,44.52457493060088
28157,Mississippi,Wilkinson,1.680405833861763,77.18618909325589,,81.97515462851374,22.270792396373704,1.6444306546695628,0.9388151505341537,38.413945922664865
28159,Mississippi,Winston,8.592263792010147,59.14811229428848,97.30862399147968,81.5523566790301,31.506257122022095,33.974557865342845,1.8452573648429913,33.86818515634995
28161,Mississippi,Yalobusha,8.370323398858591,80.54211035818007,,85.85705928181002,23.53833568693741,21.005274588892334,16.41307866623503,39.174365415476
28163,Mississippi,Yazoo,6.880152187698162,32.49435301710229,,71.51656353862488,29.400369053117704,19.764194849519072,0.2589834898025251,29.590110256533755
29001,Missouri,Adair,77.71084337349397,64.82736366569861,99.16622673016246,85.57132612446476,45.16838941314294,96.61805771020788,48.30042084817093,47.13739001834985
29003,Missouri,Andrew,61.921369689283445,65.31139077121652,97.66317025079135,89.76901315307664,32.42297227149743,47.75054297238598,84.78471997410165,57.92000391362787
29005,Missouri,Atchison,56.785034876347495,75.18554372378186,99.33911789252517,91.48260278656284,28.208671072573154,80.17375116351226,48.00906442214309,55.3081529346835
29007,Missouri,Audrain,37.03233988585923,45.046789286866726,97.86399098434276,90.70606159312844,30.86212570299522,68.50760161340366,25.995467788928455,46.11336919211158
29009,Missouri,Barry,26.759670259987317,36.52791222975153,97.05159122551773,85.88525229499027,29.324966799545624,54.23518461061123,35.25412754936873,45.49939898217186
29011,Missouri,Barton,54.81927710843374,56.40529202968699,96.6955995216456,85.84765248841332,24.499546333377815,56.655290102389074,35.96633214632567,30.67690122947852
29013,Missouri,Bates,36.62016487000634,69.1836076153598,95.81711164542874,83.36298060694605,24.582452866131092,8.2221532733478,53.09161540951765,44.297312743798656
29015,Missouri,Benton,11.540900443880789,49.56437560503388,97.0106497438798,81.60149552184009,22.88460441809007,18.119764194849523,55.195856264163154,45.3337076668308
29017,Missouri,Bollinger,21.813570069752693,67.95740561471443,92.69908810755555,85.01526097307685,20.33580299119667,2.3580515048091826,24.732923276141147,44.1694099920738
29019,Missouri,Boone,89.41027266962587,16.134236850596967,98.80097934777382,77.49034389059739,49.247104300397474,92.55352156376047,82.84234380058271,58.25151147893003
29021,Missouri,Buchanan,70.76727964489538,14.26266537592772,99.23045196608548,78.98028990677318,38.39080364982415,87.71331058020478,42.732275817416635,44.567368226660854
29023,Missouri,Butler,24.920735573874445,19.42562116811875,95.6643203538502,85.01438842427405,28.874879565940653,84.92088116661496,28.293946260925868,41.0185413226335
29025,Missouri,Caldwell,35.161699429296135,79.57405614714425,98.32810711383269,79.98061357815997,24.11026863075157,3.10269934843312,56.26416315959858,48.68082523880256
29027,Missouri,Callaway,62.55548509828789,36.59244917715392,97.23321436198528,89.13429058554709,34.06211349536414,53.7077257213776,59.40433797345419,59.356180729185496
29029,Missouri,Camden,37.824984147114776,30.17102291061633,96.57530721605758,85.56624411806712,40.253538535284704,57.55507291343469,54.64551634833279,52.65901150519437
29031,Missouri,Cape Girardeau,75.87190868738111,12.358825427557276,98.79931849872683,82.6950239213935,43.76080810776055,86.09990691901955,64.51926189705407,50.98302691013137
29033,Missouri,Carroll,32.466708941027264,65.27912229751533,99.19928419759772,94.8245399675584,30.09809443840538,29.382562829661808,33.05276788604726,50.5872133365415
29035,Missouri,Carter,19.689283449587823,63.21393998063891,91.40794031837636,89.06641671295502,25.45379509682239,42.041576171269,40.91939138879896,27.773157013312648
29037,Missouri,Cass,74.15979708306912,22.749273959341725,98.5328489238002,84.32446196172108,39.4651688861005,13.558796152652803,89.57591453544836,58.87738695917934
29039,Missouri,Cedar,20.672162333544705,78.7673443046144,94.92793028617702,87.22661671130591,27.50768819186901,45.60968042196711,21.62512139851084,41.33193781083724
29041,Missouri,Chariton,43.02473050095117,69.57082929977412,95.80203268483972,93.77660397487718,28.51785000575855,39.12503878374185,29.847847199741015,54.796829765565526
29043,Missouri,Christian,72.95497780596068,36.689254598257506,99.05872581489302,88.46649957648302,36.59455389873975,37.07725721377598,90.7089673033344,59.42991898229967
29045,Missouri,Clark,35.38363982244769,70.53888351080994,97.4305931782802,91.56636222101773,27.394113399133214,21.067328575860998,17.966979605050177,48.50046067678575
29047,Missouri,Clay,88.36398224476855,8.03484995159729,99.6714884956056,82.08998901002994,44.37522105067849,61.774744027303754,89.86727096147621,60.70008789699662
29049,Missouri,Clinton,49.90488268864933,41.04549854791868,98.55229392252654,81.42796603930675,32.27207970800018,10.207880856345014,85.69116218841049,56.45755396719306
29051,Missouri,Cole,82.91058972733038,24.975798644724104,98.89021612081052,93.24398542629687,43.60688470323854,88.67514737821905,71.57656199417288,61.14472660778776
29053,Missouri,Cooper,47.90741915028535,74.76605356566634,98.69498842226012,88.6068220888212,32.47738437872885,38.69066087496121,40.9841372612496,55.91061074594264
29055,Missouri,Crawford,21.71845275840203,53.275250080671185,97.53088555786525,87.90008962137723,22.13791957281105,24.914675767918098,22.33732599546779,46.79260159033335
29057,Missouri,Dade,43.97590361445783,77.79929009357858,91.20850718709788,89.96370726087903,20.962806127913407,22.432516289171573,56.426027840725155,50.30039129009599
29059,Missouri,Dallas,25.84020291693088,67.37657308809293,98.28595652269703,89.41766054951195,17.561846243834413,4.498914055228056,37.77921657494335,38.630524867476595
29061,Missouri,Daviess,40.551680405833864,73.28170377541142,96.84830802301416,89.80804218831109,21.721204405193102,18.64722308408315,44.83651667206215,50.592397418825094
29065,Missouri,Dent,29.58148383005707,61.890932558889965,97.63253607167778,88.0501313030764,24.927551589198917,53.33540179956562,20.006474587245062,41.79166813675256
29067,Missouri,Douglas,14.140773620798983,84.0916424653114,97.5125684957545,85.64828749180683,22.958583303818287,22.5566242631089,100.0,35.254150940216086
29069,Missouri,Dunklin,10.93849080532657,19.26427879961278,98.42537233693318,85.14341772189943,22.109407710201214,52.28048402109835,9.129168015539008,43.855090620526546
29071,Missouri,Franklin,55.26315789473685,19.03839948370442,99.14353836096116,84.1938705643391,36.89992733578275,16.53738752714861,59.27484622855293,63.31115618714351
29073,Missouri,Gasconade,50.69752694990488,71.63601161665053,97.04512793797122,93.13684660453188,29.67654322864701,20.074464784362405,35.15700874069278,55.15951778645173
29075,Missouri,Gentry,57.48256182625238,72.95901903839949,98.88371748470855,89.67910746502669,28.236703859830467,43.25162891715792,27.7436063450955,47.47049698566087
29077,Missouri,Greene,73.71591629676601,11.293965795417876,99.03080192783813,78.2084610535757,42.0318805835277,83.99007136208502,81.32081579799288,51.19416711451106
29079,Missouri,Grundy,39.220038046924536,72.50726040658277,99.3284692198645,88.45260026454365,29.897788309568323,71.17592305305617,30.49530592424733,40.370870176639954
29081,Missouri,Harrison,42.54914394419784,72.05550177476606,,87.57349999484836,27.311220278531017,62.42631089047471,19.22952411783749,41.15664081065339
29083,Missouri,Henry,31.452124286620165,53.56566634398193,92.52007163488705,88.77944110087016,34.91801382784501,42.38287309959665,42.69990288119133,43.5089739789311
29085,Missouri,Hickory,9.543436905516804,81.3488222007099,98.31856679313393,73.62536661264713,17.101649316357207,12.596959354638543,57.10585950145678,38.132406910583015
29087,Missouri,Holt,63.31642358909322,75.25008067118425,96.61494393048858,97.48698663888396,34.22783084734703,49.23983865963388,57.5590806086112,48.23394320433802
29089,Missouri,Howard,26.1572606214331,83.73668925459826,96.59257968735848,88.61737290786449,27.695416895620273,26.372944461681655,42.08481709291033,56.08084065000523
29091,Missouri,Howell,23.8427393785669,33.62374959664408,97.0146908447621,82.47091992276457,28.495059870563903,77.3502947564381,23.114276464875363,38.26807357137386
29093,Missouri,Iron,4.787571337983513,47.531461761858665,97.33522401038226,85.61224351978481,25.419531510123843,24.821594787465102,24.344448041437357,39.37386199416614
29095,Missouri,Jackson,70.13316423589093,3.420458212326557,99.71665841162884,73.52294965005565,43.41199316684555,51.19453924914676,69.18096471349952,59.41301933390184
29097,Missouri,Jasper,51.14140773620799,16.295579219102937,98.59235502721312,82.33946112193865,36.8092607103762,90.44368600682594,44.22143088378116,50.422675841371
29099,Missouri,Jefferson,72.92327203551046,12.068409164246532,95.74559271420225,86.10749772938628,35.19612350659972,7.632640397145522,81.38556167044351,57.58174212586667
29101,Missouri,Johnson,62.93595434369055,48.951274604711195,98.62397740126134,88.4699962116339,35.299935513390224,53.92491467576792,88.73421819359017,54.69199907863718
29103,Missouri,Knox,50.06341154090045,75.95998709261052,,87.45718427459491,24.471232493587458,35.21563760471609,51.08449336354808,41.39421000328066
29105,Missouri,Laclede,47.05136334812936,41.40045175863182,98.19902898509068,89.84286403247971,29.8661516846413,69.12814148309029,22.725801230171577,38.05864691442971
29107,Missouri,Lafayette,58.97273303741281,45.85350112939658,98.8563171008675,83.68342398839958,30.023946634707265,19.795221843003404,57.68857235351247,55.26138312347522
29109,Missouri,Lawrence,35.12999365884591,35.49532107131333,97.8692825435645,87.64293846748951,26.094651372703684,38.628606887992554,44.318549692457104,49.0677092529815
29111,Missouri,Lewis,29.26442612555485,65.56953856082608,99.3116452580605,88.57726182991766,22.931180557629844,31.461371393112003,30.20394949821949,39.69413248621543
29113,Missouri,Lincoln,50.63411540900445,29.557921910293643,95.4227078481878,84.6204923538809,28.854248819268065,6.1743717033819365,83.91065069601812,61.29048717450769
29115,Missouri,Linn,40.1712111604312,67.5701839303001,98.41432165122356,89.50250385058851,29.87572301124738,66.98727893267142,38.815150534153446,45.93586913053284
29117,Missouri,Livingston,49.52441344324667,73.24943530171024,99.00178885997435,91.04104180618457,35.749988423805746,84.88985417313063,43.31498866947232,51.45648885306991
29119,Missouri,Mcdonald,21.623335447051364,43.59470797031301,92.7260100284662,86.85573735422463,18.125137988199135,19.85727582997208,30.657170605373903,48.61079030950666
29121,Missouri,Macon,29.961953075459736,61.31010003226848,98.65466765841774,90.5727643002035,33.544665277632404,56.18988520012411,27.322758174166395,55.87863261669529
29123,Missouri,Madison,19.816106531388712,52.43626976444015,98.83049053510923,88.18303989813812,25.318586404299893,27.11759230530562,31.822596309485267,48.5367771858831
29125,Missouri,Maries,42.77108433734939,84.027105517909,96.06173687849136,89.62097573923221,24.96113567990937,4.747130003102697,30.689543541599225,45.73703508978338
29127,Missouri,Marion,61.255548509828785,39.399806389157796,99.67340047126976,88.06716706949624,41.20542365982302,90.28855103940428,32.923276141146005,54.272765517685485
29129,Missouri,Mercer,41.94673430564363,86.96353662471765,99.28893798754072,92.55052755818288,22.468101422957165,39.59044368600683,45.48397539656847,29.917730561934995
29131,Missouri,Miller,29.835129993658843,53.92061955469506,96.0249884267224,89.64795966937348,29.429373237065644,21.687868445547636,26.222078342505668,51.73615681901878
29133,Missouri,Mississippi,9.067850348763477,28.81574701516618,98.63643620631944,85.0715001925937,17.615489706020053,72.51008377288241,3.3344124312075105,46.39739528290258
29135,Missouri,Moniteau,45.68801521876982,69.89351403678606,99.13691694608568,91.83509397440652,29.24373960683886,31.616506360533663,41.11362900615086,58.593162156863016
29137,Missouri,Monroe,20.38681039949271,73.66892545982576,95.69796474078753,86.69612638006596,27.0819904461581,33.10580204778158,30.62479766914859,48.89296554436189
29139,Missouri,Montgomery,32.244768547875715,55.92126492416909,98.07861130141082,88.9960932330571,23.104617397533357,16.63046850760162,33.70022661055358,48.12261682703875
29141,Missouri,Morgan,18.579581483830054,41.303646337528235,95.41122280740932,84.00092547374454,24.462425499423237,26.06267452683835,27.193266429265133,43.94663363953194
29143,Missouri,New Madrid,11.889663918833229,20.651823168764118,95.29750628728456,85.82278393454573,16.24776457461563,70.18305926155756,9.906118484946584,51.21523063048635
29145,Missouri,Newton,64.36271401395054,26.395611487576637,96.45125959346132,88.58414319050702,25.916351669118228,65.21874030406454,57.62382648106183,53.003202773171154
29147,Missouri,Nodaway,73.01838934686113,53.7270087124879,98.60978124456456,85.12668238015853,38.589949433062934,90.35060502637295,61.79993525412755,39.674356579085746
29149,Missouri,Oregon,7.038681039949271,62.116811874798316,97.11847543188108,82.63226584550071,22.420682962052577,38.87682283586721,11.848494658465524,34.97562837043413
29151,Missouri,Osage,69.94292961318959,72.57179735398516,98.3367659638858,93.22164167843847,31.43949022306984,24.356189885200124,27.1285205568145,60.7115557922205
29153,Missouri,Ozark,5.802155992390615,75.66957082929977,96.4644681554572,82.96653546831413,20.56290260302626,11.790257524045927,57.9799287795403,30.816492098630864
29155,Missouri,Pemiscot,3.868103994927077,20.42594385285576,97.38889670406616,76.22759077639228,13.526629022991132,77.90878063915606,4.1761087730657165,38.05723364981731
29157,Missouri,Perry,66.07482561826252,44.1432720232333,97.76052048188164,92.6374950528226,32.70659164129395,61.43344709897611,26.901910003237298,55.78664731051443
29159,Missouri,Pettis,46.036778693722255,41.85221039044853,98.68140517408096,86.28817747100156,32.660956831802174,85.2621780949426,35.12463580446747,52.797623426458365
29161,Missouri,Phelps,51.934051997463534,48.176831235882545,98.26175168288712,81.07522972993567,40.6750102910712,84.64163822525597,56.68501133052768,51.78033301546737
29163,Missouri,Pike,25.396322130627773,55.50177476605357,97.69883432606473,89.63926764613448,26.436340878021326,52.15637604716103,25.47750080932341,48.98252968183163
29165,Missouri,Platte,96.19530754597336,13.552758954501451,98.91664416614525,81.40209770312829,49.37031942733346,54.29723859757989,98.9316931045646,63.687917286823264
29167,Missouri,Polk,32.33988585922638,52.178121974830596,96.39046821485957,85.441862859939,33.09404761261151,23.02202916537388,49.0773713175785,50.22413385604437
29169,Missouri,Pulaski,58.370323398858595,50.20974507905777,97.47759460913224,83.79716388016688,38.55235908279784,68.9419795221843,78.01877630301068,38.58588988314767
29171,Missouri,Putnam,48.47812301838935,89.83543078412391,,91.35164890599218,34.23288961093085,48.836487744337575,33.63548073810295,47.56854624891897
29173,Missouri,Ralls,34.717818642993024,77.21845756695708,98.48569629989804,85.90970566713396,25.14805234851561,69.09711448960596,32.79378439624474,59.76633507319016
29175,Missouri,Randolph,34.62270133164236,59.890287189415936,97.38617745150351,92.39374639066423,26.96052611143882,66.83214396524977,33.9592101003561,47.84876133330974
29177,Missouri,Ray,26.062143310082437,51.016456921587604,94.29610533042866,81.95328321839135,25.65856933126873,4.5919950356810375,63.19197151181613,55.445567486651726
29179,Missouri,Reynolds,16.930881420418515,58.18005808325266,98.78835391795194,90.07135717678713,27.592585899090487,27.458889233633272,20.97766267400453,32.15545751604559
29181,Missouri,Ripley,11.192136968928343,51.371410132300745,98.45779728091486,85.26438852385462,16.336084236694372,22.277381321749928,10.81256069925542,42.735553447931615
29183,Missouri,St Charles,95.9733671528218,5.550177476605357,99.99780647807412,88.69052570546894,46.23960865130983,34.315854793670496,97.37779216574944,67.82457348235671
29185,Missouri,St Clair,20.481927710843372,81.12294288480155,96.80159463520316,90.5817771551126,25.826772749955815,19.298789947254107,53.641955325348015,45.84864892476666
29186,Missouri,Ste Genevieve,61.22384273937856,40.88415617941271,95.58883596840234,93.72561154039325,29.52824450258457,32.01985727582998,39.106506960181285,52.017579004163736
29187,Missouri,St Francois,34.59099556119214,25.81477896095515,98.24756598435508,86.46608373350762,31.838029501849103,40.17995656220912,45.095500161864685,45.32612443559905
29510,Missouri,St Louis,53.107165504121745,1.6456921587608906,,67.58704249404649,41.45528385535751,54.32826559106422,81.67691809647135,55.84810233356716
29189,Missouri,St Louis,91.12238427393788,2.161987737979994,,80.89406950251107,52.56451709976596,55.228048402109835,80.86759469083846,67.34485059513376
29195,Missouri,Saline,47.49524413443247,47.91868344627299,94.81299756885748,90.87104238173995,33.19746671514373,89.0164443065467,15.57138232437682,49.50695745857147
29197,Missouri,Schuyler,20.10145846544071,91.35204904808003,94.21001758265623,93.78085866954844,26.89015993921196,28.296618057710205,40.95176432502428,24.425857762736413
29199,Missouri,Scotland,64.64806594800253,67.08615682478218,,90.05968596798735,32.955905394239075,66.24263108904748,39.00938815150534,56.78081082694147
29201,Missouri,Scott,36.77869372225745,14.875766376250404,,85.23523444132617,31.866547220376265,77.62953769779708,25.736484299125937,49.75898806411368
29203,Missouri,Shannon,13.855421686746988,62.08454340109712,96.76979555023082,83.987114482397,24.40010799819975,28.327645051194537,16.283586921333765,46.05052708826114
29205,Missouri,Shelby,39.85415345592898,78.05743788318813,99.74583376290332,92.92212001362893,24.466669778946972,65.59106422587651,31.175137584978955,44.639042938760625
29207,Missouri,Stoddard,15.34559289790742,22.007099064214263,97.36826963380489,91.88086615107088,25.572625467495676,53.86286068879926,24.020718679184203,49.73475994880489
29209,Missouri,Stone,24.064679771718453,39.49661181026137,94.91757515238729,87.66736673497044,29.526049681705192,15.079118833385039,61.83230819035287,52.52775976042204
29211,Missouri,Sullivan,27.33037412809131,87.15714746692481,,87.64159468418674,27.154507106801223,63.35712069500465,24.76529621236646,45.44982202723147
29213,Missouri,Taney,33.79835129993659,29.84833817360439,97.38924440174615,80.51512384457367,33.973916851720375,67.14241390009308,43.282615733247006,42.39502898107039
29215,Missouri,Texas,16.51870640456563,53.40432397547596,96.8221401477931,85.57054750728875,25.29811592483134,36.053366428793055,21.43088378115895,42.224125352391205
29217,Missouri,Vernon,33.03741280913126,57.11519845111326,96.43513134631148,87.53227163844724,30.967123926964582,71.85851690971145,32.95564907737132,41.49693549823816
29219,Missouri,Warren,57.26062143310082,36.39883833494676,97.94257321699358,85.1808228615377,33.4346090679555,9.090909090909093,84.84946584655229,60.93405890083144
29221,Missouri,Washington,7.958148383005708,42.59438528557599,95.09514945529472,88.24737912766669,21.355865969094907,3.723239218119758,18.38782777597928,42.72940301877925
29223,Missouri,Wayne,16.455294863665188,46.079380445304935,93.20989708546196,80.02093463979584,20.2436554180421,7.10518150791188,9.323405632890903,28.179193471890237
29225,Missouri,Webster,36.23969562460368,60.18070345272669,96.75363050318258,89.33425762900275,29.79598209995708,12.690040335091538,73.03334412431207,49.640443743901656
29227,Missouri,Worth,58.941027266962585,89.67408841561793,98.01034598484134,92.92751484602276,30.89138676933634,43.5308718585169,41.146001942376174,48.1575403303137
29229,Missouri,Wright,13.031071655041218,53.85608260729268,98.22471608057344,84.97179172068748,19.806455097503555,21.532733478125962,21.948850760764003,39.749469145175375
29063,Missouri,De Kalb,46.290424857324034,78.34785414649888,97.48605463449694,92.49329299152384,31.647916980777865,15.885820663977654,80.67335707348656,52.26863608177922
30001,Montana,Beaverhead,73.87444514901712,77.73475314617619,98.33840676352996,79.3814506547272,49.39470722399473,91.40552280484022,67.52994496600842,61.21808405595978
30003,Montana,Big Horn,9.63855421686747,60.72926750564698,91.87765797884023,79.13829864608253,20.27121499822689,59.35463853552591,5.568145030754289,38.75505498314607
30005,Montana,Blaine,10.145846544071022,82.02646014843498,98.74967956128742,80.7417884175724,27.32163536050089,90.72292894818492,3.1725477500809327,43.309093535381535
30007,Montana,Broadwater,79.29613189600508,93.25588899645047,95.27503188547352,78.96372505632377,38.52659711267434,26.124728513807014,60.44027193266429,61.73927291160162
30009,Montana,Carbon,68.80152187698161,60.535656663439816,98.38064158354274,77.87942581429319,45.92288763183989,23.332299100217185,88.53998057623826,62.19444577159675
30011,Montana,Carter,62.618896639188335,99.51597289448209,100.0,83.46729416775585,26.39455945348333,59.50977350294757,51.440595662026546,38.291514149753674
30013,Montana,Cascade,77.93278376664553,26.137463697967085,98.13195472927153,82.96536270978653,44.53054980128783,95.4390319578033,68.63062479766914,60.98425374184666
30015,Montana,Chouteau,29.137603043753963,85.83414004517587,98.55556130682236,89.90922741081262,29.910588179425098,61.061123177164134,82.64810618323082,42.61845133831176
30017,Montana,Custer,70.83069118579581,64.31106808647951,98.8070121920682,76.26106793522706,44.8263660729538,99.0071362085014,60.86112010359339,59.19235877659805
30019,Montana,Daniels,90.13950538998098,99.64504678928687,96.5042051595332,80.88014720818545,43.10731829495634,98.35556934533044,43.96244739397864,60.29374771330313
30021,Montana,Dawson,74.79391249207356,49.04808002581478,98.21307519416996,83.39222064612031,45.01627165579433,93.20508842693143,75.84978957591454,59.14766665897911
30023,Montana,Deer Lodge,38.93468611287254,90.51306873184899,94.00311926307306,78.79481795534527,43.232976586970295,62.14706794911573,25.38038200064746,46.828366734076475
30025,Montana,Fallon,95.75142675967024,97.70893836721523,99.2345289551925,89.11035791795378,45.582058073442575,97.39373254731616,71.12334088701844,62.55242533324405
30027,Montana,Fergus,68.51616994292962,74.86285898676994,98.9102682193229,81.29947682071189,47.81764473021652,91.87092770710518,53.38297183554547,54.06339879939811
30029,Montana,Flathead,72.70133164235891,22.45885769603098,96.3672504235798,75.60730740692527,48.730547016815805,76.48153893887682,65.58756879248948,70.20654853351537
30031,Montana,Gallatin,96.00507292327204,25.78251048725395,97.86869125388894,71.49850052604499,55.94630529020064,94.35308718585169,97.3130462932988,77.93089299836923
30033,Montana,Garfield,70.89410272669626,99.87092610519522,98.06283934201136,82.41316626061067,26.25473184756723,92.02606267452684,45.51634833279378,59.7323508801429
30035,Montana,Glacier,15.377298668357644,67.98967408841563,98.96777041590794,80.09332924486111,14.647370013332395,87.99255352156376,3.755260602136614,39.24285081291487
30037,Montana,Golden Valley,53.519340519974634,99.70958373668925,97.59276219099428,86.85993512733755,31.356951871393733,14.923983865963379,,30.4211945317682
30039,Montana,Granite,57.29232720355104,98.09616005162955,96.0320929221084,87.77549130484563,33.490697009681575,20.88116661495502,84.07251537714471,39.55503170388189
30041,Montana,Hill,39.79074191502854,66.82800903517263,96.5208056155282,81.26016653746811,38.53320451910399,98.63481228668942,21.98122369698932,50.74618471456252
30043,Montana,Jefferson,53.17057704502219,92.12649241690868,95.55018868480444,87.48736786030086,43.9705280913345,58.36177474402731,91.5506636451926,65.2679827853396
30045,Montana,Judith Basin,68.19911223842739,99.54824136818328,98.85008645212044,78.56606947942113,36.72290038514543,58.765125659323616,61.89705406280349,47.834560990020805
30047,Montana,Lake,34.21052631578947,49.27395934172314,93.6700366975104,77.43062378923064,39.14382435920637,67.63884579584239,31.11039171252832,60.97462306504417
30049,Montana,Lewis And Clark,86.93722257450857,40.04517586318167,97.68967822514648,81.99716996540101,52.931636652262206,94.1669252249457,82.51861443832955,72.07242716336468
30051,Montana,Liberty,55.1997463538364,99.41916747337851,98.63042083746116,76.02062125339317,40.404972314494046,86.13093391250388,36.96989316931046,31.536378083945348
30053,Montana,Lincoln,28.218135700697527,41.20684091642465,98.327535938946,77.46488697870689,40.21782238327316,90.13341607198262,24.18258336031078,57.166701017003504
30055,Montana,Mccone,75.30120481927712,98.58018715714746,98.84292373122852,88.27588023090675,36.822133296771845,78.96369841762333,51.53771447070249,63.9875793835839
30057,Montana,Madison,80.05707038681041,85.22103904485317,97.87461343975852,82.19807838593886,42.618630587016206,43.65497983245423,86.11201035933959,63.34640709607209
30059,Montana,Meagher,61.1287254280279,99.74185221039045,97.1778959380664,74.17389239694756,45.423273880136435,81.47688488985418,86.04726448688896,38.36151153240298
30061,Montana,Mineral,18.230818008877616,95.15972894482091,94.54868097976964,81.97404992330993,42.154870636316765,36.58082531802669,67.2709614762059,51.25400595340291
30063,Montana,Missoula,90.71020925808496,24.427234591803806,98.28757259804452,73.30625279393146,54.60609320254728,93.73254731616507,88.15150534153447,77.34049796192114
30065,Montana,Musselshell,60.49461001902346,93.22362052274927,94.3708036075358,83.97533192581305,32.78963669143011,37.35650015513497,76.72385885399807,54.45474083260856
30067,Montana,Park,77.74254914394419,53.242981606969984,98.35776672230443,74.21838822575877,50.815543854910025,55.1970214086255,86.92133376497249,59.40933959851717
30069,Montana,Petroleum,41.31261889663919,99.77412068409164,95.95428466780643,85.92957297420432,27.358832987053457,94.81849208811666,,51.1979275805541
30071,Montana,Phillips,23.018389346861127,84.25298483381735,91.6516605091846,91.1197081997268,36.463509822083225,96.36984176233322,38.13531887342182,60.595108403916576
30073,Montana,Pondera,30.152187698161065,92.57825104872539,98.75240407484004,81.8333888999108,34.33499502675984,81.32174992243252,54.32178698607964,46.48228967792231
30075,Montana,Powder River,74.63538363982245,96.57954178767343,99.50742464094128,93.44445919708824,32.794238438740344,65.06360533664288,37.74684363871803,47.629735167780254
30077,Montana,Powell,39.1566265060241,95.1919974185221,96.04830620270867,85.9048722249241,42.34604519748296,60.00620539869686,50.40466170281645,57.92651417136866
30079,Montana,Prairie,57.38744451490171,99.61277831558567,93.90746105085736,64.70586342218101,26.43155272615424,78.87061743717034,74.7491097442538,28.82593857203835
30081,Montana,Ravalli,42.83449587824984,46.85382381413359,97.15414571020936,81.73531153510604,46.20748950699687,52.43561898852001,78.63386209129169,66.05499351491109
30083,Montana,Richland,83.79835129993658,71.60374314294934,98.8542207567396,80.56750951135992,37.194094617113294,82.5938566552901,75.75267076723858,58.056498018192215
30085,Montana,Roosevelt,13.474952441344325,69.40948693126815,95.1205080944582,82.25722559524735,15.060604754525114,85.44834005584859,5.924247329232761,34.50354288254197
30087,Montana,Rosebud,22.03551046290425,68.95772829945143,98.9385937362084,79.46023905465627,23.694544351902422,92.86379149860379,29.038523794108123,43.57652129647866
30089,Montana,Sanders,20.41851616994293,64.73055824459503,97.6736892455034,78.76204455494694,34.804781664009845,50.23270245113248,53.99805762382648,49.59469324958598
30091,Montana,Sheridan,88.17374762206721,96.83768957728299,92.2906886086372,82.90577273398314,37.985489570503645,98.01427241700279,80.02589834898025,58.96259355358713
30093,Montana,Silver Bow,67.15282181357007,59.664407873507585,89.50456298633068,77.38767207757749,44.56555387992156,98.69686627365809,35.28650048559404,61.608851906592854
30095,Montana,Stillwater,71.6867469879518,91.64246531139078,95.86411495883983,88.26627100396472,36.72492449597215,27.303754266211598,93.46066688248624,64.95961718547248
30097,Montana,Sweet Grass,91.56626506024097,95.32107131332688,94.01766133863138,85.76117285143013,45.283399793692936,72.16878684455476,78.14826804791196,67.97231251609604
30099,Montana,Teton,56.59480025364616,95.61148757663761,96.145720495286,87.04692229866487,37.014847643420794,63.79149860378529,77.04758821625121,51.49839627380068
30101,Montana,Toole,42.4857324032974,92.93320425943853,93.0386529098718,84.0091722140082,38.74768593710224,98.3245423518461,63.12722563936549,58.35359367400737
30103,Montana,Treasure,51.39505389980976,98.70926105195224,96.00629664657528,83.40533689991517,32.697015709651545,88.95439031957804,,34.76527144425913
30105,Montana,Valley,57.514267596702595,84.76928041303647,98.54228029289598,90.71027919686644,39.81768734267304,95.53211293825629,57.59145354483651,54.02254682965242
30107,Montana,Wheatland,39.34686112872543,99.4514359470797,97.44339958031036,79.7686527402418,31.853219376053147,80.98045299410487,76.65911298154742,44.3056030915747
30109,Montana,Wibaux,67.85034876347495,99.38689899967731,99.55062810790966,81.33837359723549,29.889815120395717,79.18088737201366,,37.89707263919373
30111,Montana,Yellowstone,84.90805326569436,17.586318167150694,98.08931021152964,79.93333620769708,48.8770434367154,94.04281725100837,79.7345419229524,75.2606817183638
30113,Montana,Yellowstone Nat Park Pt,44.38807863031072,,,,,,,
31001,Nebraska,Adams,80.3424223208624,33.494675701839306,99.49832233647084,83.43405090379642,51.06365090444078,95.09773502947564,55.746196179993525,55.1694968014676
31003,Nebraska,Antelope,84.27393785668991,85.80187157147466,,91.76532598668534,40.34835908979331,83.89699038163202,64.7782453868566,54.88783372087476
31005,Nebraska,Arthur,86.8421052631579,98.80606647305582,,86.84299847884591,36.626189006799464,48.557244802978595,,39.95717436472687
31007,Nebraska,Banner,76.03043753963222,96.96676347208776,,97.51810583042592,32.246765114082066,26.745268383493638,,39.68305879113209
31009,Nebraska,Blaine,80.94483195941662,99.12875121006776,,75.58571763677239,29.179657584853043,66.92522494570275,,33.697297503484464
31011,Nebraska,Boone,97.2415979708307,67.73152629880606,98.7915915548336,90.96428495735832,51.34358191655341,89.23363326093701,68.50113305276788,58.18246324860416
31013,Nebraska,Box Butte,61.76284083703234,70.11939335269442,99.51912270872496,85.79214986602217,44.50763441820596,99.13124418243872,73.0657170605374,56.76744492545009
31015,Nebraska,Boyd,69.11857958148383,97.06356889319136,99.46560774479596,82.79775995288058,34.588284462078796,85.91374495811355,49.30398187115571,52.59184933685139
31017,Nebraska,Brown,82.33988585922638,99.35463052597612,99.51395257428204,81.67999528692968,50.9533245544075,99.41048712379771,49.465846552282294,56.97641838004586
31019,Nebraska,Buffalo,93.88078630310716,35.81800580832527,99.1353356860168,83.48292037310215,55.41628936190384,95.40800496431896,85.0760764001295,56.07737289798482
31021,Nebraska,Burt,68.96005072923272,76.0567925137141,99.74012430863456,91.38773916494168,38.28779753871781,37.666770089978286,77.63030106830689,54.99630949728465
31023,Nebraska,Butler,81.83259353202283,77.1539206195547,99.07974753595896,91.3072449718327,45.16135463690707,43.77908780639156,70.02266105535772,61.31305629703646
31025,Nebraska,Cass,73.05009511731136,64.27879961277831,98.49852830458364,84.73890905648668,42.37307093750672,16.506360533664292,95.8562641631596,64.19046334207216
31027,Nebraska,Cedar,90.51997463538363,79.2513714101323,98.91274596196703,94.5075793989384,44.244592786331765,75.98510704312753,83.55454839753965,59.19816002053407
31029,Nebraska,Chase,80.24730500951172,94.7079703130042,99.46851902336188,86.31442435903871,41.4856580426837,97.36270555383183,57.00874069278083,57.05305304493865
31031,Nebraska,Cherry,61.79454660748256,93.73991610196838,99.49337629550392,91.13664013626236,53.6451802918996,97.14551659944152,48.36516672062156,51.7647116932403
31033,Nebraska,Cheyenne,86.33481293595435,67.89286866731203,98.09493694254527,83.74212233666076,40.98777988388223,95.28389699038163,76.98284234380058,56.221020433870954
31035,Nebraska,Clay,78.66201648700063,56.179412713778646,,93.62395489827138,41.43585262177609,61.526528079429106,74.97572029783102,57.624691176180974
31037,Nebraska,Colfax,90.58338617628408,66.66666666666666,99.63603918769228,93.36768710340236,46.6143539807834,85.0760161340366,10.45645840077695,58.59823378862639
31039,Nebraska,Cuming,92.83449587824984,47.24104549854792,,94.79388959386615,49.328755161845685,87.21687868445548,46.5846552282292,56.808509776103165
31041,Nebraska,Custer,81.32530120481928,84.5756695708293,99.24470945385175,87.95884456191669,46.196765059444886,84.82780018616197,73.4865652314665,47.49224589116899
31043,Nebraska,Dakota,76.85478757133798,30.074217489512744,98.25345150120744,77.00234496073959,44.82001505923548,95.37697797083463,24.959533829718357,57.59471435191153
31045,Nebraska,Dawes,61.63601775523146,93.12681510164569,99.83698402362069,80.74807413548469,54.22539410162367,92.61557555072913,86.14438329556491,52.665112301982546
31047,Nebraska,Dawson,77.61572606214331,40.9486931268151,99.34962098449104,82.10098300877937,47.80486966193764,92.5845485572448,26.86953706701198,50.194987930147455
31049,Nebraska,Deuel,70.06975269499048,94.48209099709584,,92.4319885801907,46.890960625007914,68.60068259385666,90.54710262220785,55.07085552038894
31051,Nebraska,Dixon,76.69625871908687,87.54436915133914,98.22786868546643,90.66970789258694,40.139342433445314,39.5594166925225,66.36451926189706,53.140698216903246
31053,Nebraska,Dodge,86.49334178820546,27.621813488222006,98.66114549157392,86.1749882266489,51.525911588453646,76.72975488675148,49.95144059566203,54.190981248305015
31055,Nebraska,Douglas,89.50538998097653,4.259438528557599,99.64767003268238,78.12225924314004,58.81637130760442,86.8445547626435,76.07640012949174,74.95569162437116
31057,Nebraska,Dundy,64.14077362079898,96.51500484027106,97.901257009356,92.98852893904504,50.14977844262451,95.99751784052125,59.760440271932666,48.22505823400876
31059,Nebraska,Fillmore,85.76410906785034,79.73539851565022,98.45216762153456,95.77543231836326,48.055138964794,88.30282345640707,61.63807057300097,55.69760605802958
31061,Nebraska,Franklin,76.12555485098288,83.18812520167796,99.00918838707052,87.00980498631657,37.11298563970654,62.45733788395905,85.78828099708645,44.379929229765
31063,Nebraska,Frontier,79.16930881420419,94.93384962891255,95.51920233420584,89.03414421614882,42.64481886303324,56.8724790567794,93.5901586273875,43.50373464482696
31065,Nebraska,Furnas,70.86239695624603,66.31171345595354,97.5711988126556,86.4283837097398,46.84836717346258,88.83028234564071,74.58724506312723,51.13146551853464
31067,Nebraska,Gage,85.79581483830057,60.277508873830264,98.673706026515,89.38972909216425,45.00609143190589,73.87527148619299,51.99093557785691,50.38925197468925
31069,Nebraska,Garden,74.28662016487002,96.90222652468539,,89.82662684909192,37.940224756408554,96.24573378839591,79.34606668824863,50.65181487964798
31071,Nebraska,Garfield,73.65250475586556,95.41787673443046,99.72900051008716,85.13312220909724,51.60145146180611,96.12162581445858,82.71285205568145,56.79646252457019
31073,Nebraska,Gosper,67.18452758402029,94.86931268151017,99.39004332658716,91.1186903913965,38.2200242321167,79.55321129382563,79.60505017805116,53.78145827628646
31075,Nebraska,Grant,73.5573874445149,98.77379799935463,100.0,84.61394864231441,30.681778971574595,64.25690350605026,64.55163483327938,46.397338083228234
31077,Nebraska,Greeley,92.29549778059608,94.03033236527912,,84.39826761443626,43.13248011018795,78.09494260006205,71.47944318549693,45.781808350153305
31079,Nebraska,Hall,84.55928979074191,22.265246853823815,99.4151282448024,84.86290043024405,51.86259955941201,96.71113869066087,36.74328261573325,54.18644974461799
31081,Nebraska,Hamilton,89.60050729232721,61.084220716360115,99.41699305178838,96.75101852850874,51.60351951756094,81.63201985727584,88.70184525736484,66.4903872993683
31083,Nebraska,Harlan,87.856689917565,80.83252662149081,100.0,88.26530601216429,43.71357322185332,75.36456717344089,82.35674975720298,56.83638071310958
31085,Nebraska,Hayes,88.55421686746988,98.61245563084866,99.05586096256737,89.27560655902737,34.30494506636422,79.83245423518461,,28.166482289948448
31087,Nebraska,Hitchcock,57.86303107165504,95.57921910293643,98.01015121574471,88.84089282471227,34.51189927151741,73.93732547316165,76.69148591777274,28.404416169632785
31089,Nebraska,Holt,94.0710209258085,89.28686673120362,,90.54450969520364,53.8468340165575,94.41514117282036,62.220783425056645,53.42771209424219
31091,Nebraska,Hooker,90.61509194673432,98.9028718941594,,85.909970273996,67.11791140328587,78.839590443686,,29.90990762467787
31093,Nebraska,Howard,81.86429930247306,83.41400451758632,,86.71734530205966,46.653914675732885,40.92460440583308,77.07996115247653,57.65905312864235
31095,Nebraska,Jefferson,90.39315155358275,75.92771861890932,97.57099021481754,89.33333738269438,42.071836164138944,77.78467266521874,36.80802848818388,46.63136004186777
31097,Nebraska,Johnson,76.37920101458465,89.96450467892869,97.71546917890704,93.0721753823032,41.97614576572149,40.39714551659944,48.98025250890255,55.83743188789988
31099,Nebraska,Kearney,90.99556119213696,76.6053565666344,98.55698652489,92.3529288059767,44.53969334028955,78.40521253490536,88.05438653285853,64.11207683112072
31101,Nebraska,Keith,91.31261889663918,83.28493062278154,99.35993206795104,89.11154088974426,47.865995474510335,97.2385975798945,83.03658141793461,53.687697974118635
31103,Nebraska,Keya Paha,72.60621433100825,98.9674088415618,100.0,80.99250795419677,34.11125085594126,58.454855724480296,,42.988647588616175
31105,Nebraska,Kimball,82.94229549778059,85.0919651500484,,85.20927182046985,39.21035988363833,89.17157927396835,81.61217222402072,55.36638088007996
31107,Nebraska,Knox,61.31896005072923,77.50887383026783,99.19757865795282,93.42576750249006,42.59514832050044,80.26683214396525,42.05244415668501,49.69260775242219
31109,Nebraska,Lancaster,93.18325935320227,8.583414004517586,99.84842687252063,79.73276136901437,57.0852712848078,92.15017064846417,87.82777597928131,63.31868106641957
31111,Nebraska,Lincoln,71.14774889029803,54.856405292029685,99.49394136154211,84.5486844859543,46.027702112367976,95.78032888613093,65.52282292003885,58.497486813101986
31113,Nebraska,Logan,84.52758402029168,99.09648273636657,100.0,81.6714882890228,38.85144466853464,29.568724790567785,83.19844609906119,59.613850478552465
31115,Nebraska,Loup,45.49778059606848,98.51565020974508,,78.57051527930577,32.605109399077215,54.7005895128762,,51.61547042925402
31117,Nebraska,Mcpherson,79.0424857324033,98.9351403678606,99.85807662224724,93.83733414853948,35.36137936355613,17.561278312131563,,47.71498005179252
31119,Nebraska,Madison,82.49841471147748,35.59212649241691,99.61564511870074,86.9041666925108,57.82130858241805,98.78994725411107,57.785691162188414,53.87039382949106
31121,Nebraska,Merrick,87.25428027901077,61.60051629557922,99.44274109837296,85.73702171383519,42.97321643668603,68.53862860688798,83.16607316283587,52.5530323351895
31123,Nebraska,Morrill,71.17945466074825,72.66860277508874,98.93379493172776,86.4558072413824,40.481251164947146,64.34998448650326,75.42894140498542,46.33347156722299
31125,Nebraska,Nance,66.89917564996829,81.47789609551468,,93.40395576496196,42.31931802088379,53.98696866273658,68.1126578180641,55.04338197952216
31127,Nebraska,Nemaha,79.39124920735574,82.12326556953856,97.31920509648292,90.9139925049528,41.30927734479424,86.47223084083153,73.09808999676271,52.406394899953845
31129,Nebraska,Nuckolls,85.28852251109701,84.12391093901257,,96.80438036831512,51.71804928173635,86.31709587340987,56.84687601165426,54.6394888008091
31131,Nebraska,Otoe,85.32022828154724,76.54081961923201,99.27030115663835,90.02194452632038,48.754923834349015,48.68135277691592,61.76756231790223,49.93675250033162
31133,Nebraska,Pawnee,84.59099556119214,91.28751210067763,97.08025959584458,86.65590381948903,42.59477135980625,70.30716723549489,71.31757850437035,49.09118518718499
31135,Nebraska,Perkins,75.55485098287889,96.38593094546628,98.26037056953936,91.77606397275376,48.86198575650903,93.32919640086875,74.91097442538039,58.35553298400332
31137,Nebraska,Phelps,92.4857324032974,69.1513391416586,99.07110097706108,86.79372418000678,52.110513353246006,93.26714241390009,72.06215603755261,51.831797217936405
31139,Nebraska,Pierce,91.3443246670894,85.6405292029687,99.26077773503182,94.2554680342681,44.41442839514858,70.05895128762023,77.37131757850437,56.23443962129764
31141,Nebraska,Platte,89.06150919467343,11.907066795740562,99.20291823203137,89.71110036978288,52.27215238701306,96.86627365808253,51.11686629977339,59.675064293038105
31143,Nebraska,Polk,81.42041851616995,77.6702161987738,98.98651869881252,98.8936050218075,40.171288016149845,73.06856965560038,95.2411783748786,62.3497488554184
31145,Nebraska,Red Willow,87.31769181991123,83.86576314940304,99.70713194838292,87.78742563803837,50.96909717788134,99.19329816940738,43.41210747814827,45.1326721892374
31147,Nebraska,Richardson,55.07292327203551,80.09035172636334,99.01533018453873,91.83680050924198,39.78337234162423,73.84424449270865,35.44836516672062,50.531337186570305
31149,Nebraska,Rock,89.94927076727964,97.80574378831881,100.0,97.17094737162093,45.80837946225559,96.99038163201986,63.74231142764649,52.91325129022828
31151,Nebraska,Saline,83.60811667723526,57.72829945143595,99.00524952534916,89.65152012258673,46.29671888460855,64.62922742786225,32.599546778892844,52.13748851298768
31153,Nebraska,Sarpy,98.35129993658846,12.487899322362052,99.19309252828332,85.84935052893687,54.928052911528624,83.15234253800807,98.02525089025576,66.64691222358802
31155,Nebraska,Saunders,85.9860494610019,69.82897708938367,99.2338033764897,90.6604584320891,45.79212441001576,27.48991622711759,92.84558109420524,62.765939304587995
31157,Nebraska,Scotts Bluff,64.29930247305009,28.718941594062603,98.899626316527,81.21721609448988,45.87661724060683,98.10735339745578,60.40789899643898,58.59309677290343
31159,Nebraska,Seward,96.13189600507292,71.50693772184576,99.283765480438,93.49110026686498,48.42458087101429,62.953769779708345,94.07575267076724,60.75701242148821
31161,Nebraska,Sheridan,59.95561192136969,92.48144562762181,98.53652369551872,86.89636278558005,41.93955533434972,75.67483710828421,73.29232761411461,49.80818785796803
31163,Nebraska,Sherman,84.17882054533925,84.28525330751856,100.0,89.00484858524834,39.5336930364049,44.740924604405826,75.68792489478795,50.43680482672281
31165,Nebraska,Sioux,74.76220672162334,98.06389157792836,,90.55670414400896,35.29081398002595,30.220291653738755,,35.337978451400545
31167,Nebraska,Stanton,88.427393785669,71.47466924814456,99.91378274026393,85.44728939380985,44.52337538186189,68.0421967111387,80.70573000971189,60.97546855237925
31169,Nebraska,Thayer,88.04692454026633,68.66731203614069,97.82460675691615,93.69418827254832,40.35919143312373,97.67297548867515,84.33149886694723,58.91403833717394
31171,Nebraska,Thomas,81.51553582752061,98.83833494675702,98.99810502715292,93.8027344710136,38.99780798875767,90.25752404591995,66.72062156037552,43.807421029716714
31173,Nebraska,Thurston,26.63284717818643,72.99128751210068,99.36224549781768,83.15970697392262,31.372406756876764,72.29289481849209,5.309161540951765,48.907455116459474
31175,Nebraska,Valley,86.01775523145211,84.5111326234269,99.077183113607,90.71552810042682,55.03605589508784,96.21470679491158,58.46552282292003,55.24719369242562
31177,Nebraska,Washington,94.89537095751427,64.05292029686996,99.32673580404148,87.99230524339431,45.42047470127273,42.848278001861615,94.46422790547102,64.19713415868087
31179,Nebraska,Wayne,93.43690551680406,81.09067441110035,99.5563473066166,85.03932648467381,46.79094869783974,93.36022339435308,90.41761087730656,57.25967556417563
31181,Nebraska,Webster,71.11604311984782,61.79412713778638,98.8859723328824,94.4874890295556,38.29075058063305,59.323611542041576,74.23114276464875,55.10150962916245
31183,Nebraska,Wheeler,86.74698795180723,97.2894482090997,,91.85920444774531,31.63425859853983,74.34067638845796,,34.43605377157117
31185,Nebraska,York,96.76601141407735,48.85446918360761,99.18153697398532,88.76230334086128,51.2396747638168,98.13838039094011,76.30301068306895,61.03240156853115
32001,Nevada,Churchill,52.50475586556753,31.784446595676023,97.78702226125412,78.80412712368769,36.776131739149825,72.32392181197642,72.41825833603109,65.18041450646896
32003,Nevada,Clark,65.50412175015853,0.516295579219103,,61.81332868612321,40.712125056835674,42.72417002792429,79.0870831984461,56.81593639968495
32005,Nevada,Douglas,92.8027901077996,14.165859954824137,96.7508489488831,72.74693367446278,45.00442286205288,42.87930499534595,90.9032049206863,66.90495256221075
32007,Nevada,Elko,67.78693722257451,26.427879961277835,97.966712505728,79.57655294752108,36.98126159263948,68.29041265901334,75.26707672385885,58.15247873889084
32009,Nevada,Esmeralda,13.792010145846543,92.83639883833494,,51.274428479186824,18.143624715378003,78.06391560657772,,28.78650137463932
32011,Nevada,Eureka,62.96766011414078,95.51468215553405,87.49655443514368,83.30828464546403,26.155046618468223,77.56748371082843,78.66623502751699,52.18336012321916
32013,Nevada,Humboldt,65.12365250475587,57.21200387221684,97.27043753724534,83.31745220833162,32.8168242226215,54.76264349984486,76.62674004532211,63.93866005661841
32015,Nevada,Lander,48.065948002536466,84.96289125524362,91.03905443099973,82.45909539177167,33.13482969021483,85.32423208191126,80.47911945613467,64.77902291411563
32017,Nevada,Lincoln,28.12301838934686,89.22232978380123,98.40506807721198,88.26372118006041,33.53342914510362,79.2429413589823,65.74943347361607,48.34490675247138
32019,Nevada,Lyon,36.46163601775523,17.102291061632783,95.01277752617668,79.69069063902162,29.231612567211975,17.71641327955321,87.3745548721269,55.823658920568626
32021,Nevada,Mineral,6.119213696892835,77.83155856727977,96.5771867076067,74.31742183421854,31.702711132224028,86.16196090598821,33.34412431207511,34.232254173547425
32023,Nevada,Nye,16.772352568167406,30.396902226524684,93.8253596847408,76.83059986593751,23.80520741416606,33.85044989140552,51.63483327937845,29.098861020037056
32027,Nevada,Pershing,18.896639188332276,85.1565020974508,89.33604887868047,91.95753466016234,31.0426456862552,37.91498603785293,48.4622855292975,59.90382406690735
32029,Nevada,Storey,60.17755231452124,48.82220070990642,88.36790353879437,69.8411103603366,37.90808518580747,9.866583928017377,99.96762706377469,67.35365906179285
32031,Nevada,Washoe,84.2422320862397,3.6140690545337204,98.86395298377448,67.09539559958243,45.37328248540537,77.8467266521874,81.19132405309162,61.854299294866706
32033,Nevada,White Pine,35.47875713379835,91.02936431106808,94.50920837377664,84.50523027668092,38.34898233698037,87.12379770400248,74.19876982842344,54.24835608094293
32119,Nevada,Courtlandt,44.38807863031072,,,,,,,
32510,Nevada,Carson City,73.77932783766646,10.745401742497581,94.04500720915638,71.95332803976557,42.46326933415959,77.97083462612473,74.45775331822595,60.04697642870994
33001,New Hampshire,Belknap,91.1857958148383,63.730235559858016,99.9161555660398,75.52873520141625,45.43139201668846,37.20136518771331,92.7484622855293,69.78217601842816
33003,New Hampshire,Carroll,83.83005707038681,59.37399161019684,99.8315599572228,73.84297457145982,49.92503204458835,38.72168786844554,85.82065393331175,76.36837428311007
33005,New Hampshire,Cheshire,85.4153455928979,58.405937399161026,99.93824744524912,75.19680204790751,46.98511781907399,60.13031337263419,86.24150210424085,63.79374401622658
33007,New Hampshire,Coos,68.3576410906785,59.05130687318489,,83.02064040133439,40.24609270166752,70.92770710518151,34.28293946260926,65.42277362394768
33009,New Hampshire,Grafton,85.12999365884592,48.144562762181344,99.95391813615488,72.02299810670124,61.61420645284996,55.25907539559417,90.22337325995468,72.10249038269676
33011,New Hampshire,Hillsborough,98.2561826252378,15.843820587286222,,71.43329931468317,53.006442700939694,35.86720446788706,94.23761735189382,72.80186757591487
33013,New Hampshire,Merrimack,94.86366518706404,40.14198128428526,99.99424192571009,75.8039385803117,52.640910759468866,37.01520322680732,96.30948527031404,70.30821932430511
33015,New Hampshire,Rockingham,98.38300570703868,21.490803484995162,99.96511869916534,56.35231850280065,53.23613567345515,20.38473471920571,98.70508255098738,81.34257572197265
33017,New Hampshire,Strafford,91.53455928979074,48.01548886737657,99.96672989831212,65.57695281635543,47.55341886685109,40.64536146447409,93.42829394626092,65.58140228218629
33019,New Hampshire,Sullivan,81.99112238427394,82.31687641174572,99.95640254963568,73.76669582033696,42.30289582962209,34.688178715482465,60.116542570411134,58.40643227171639
34001,New Jersey,Atlantic,60.65313887127457,15.650209745079058,100.0,59.01259473311697,44.18403231437195,57.33788395904437,49.56296536095824,60.97642955072662
34003,New Jersey,Bergen,99.33417882054532,1.3875443691513392,100.0,58.36522691254297,64.01560367148014,19.236735960285444,94.94982194885075,80.0207716387674
34005,New Jersey,Burlington,95.24413443246672,6.389157792836399,100.0,72.20193285402176,58.10669927473487,22.060192367359605,93.1693104564584,75.33982644219955
34007,New Jersey,Camden,78.69372225745086,4.291707002258793,99.9836787241084,63.358791480029936,49.178822866930815,26.59013341607198,68.01553900938815,66.02934043805924
34009,New Jersey,Cape May,56.91185795814838,19.167473378509197,100.0,64.21683341954876,45.78541725252619,58.268693763574305,77.72741987698284,64.84928605194399
34011,New Jersey,Cumberland,42.58084971464807,20.716360116166506,100.0,56.84611748736405,37.849221141358726,44.27551970214086,32.04920686306248,56.63099693948432
34013,New Jersey,Essex,84.36905516804059,1.1939335269441755,99.8719369045285,47.648899793728354,51.12618687718463,12.845175302513184,46.81126578180641,66.27930169560211
34015,New Jersey,Gloucester,89.47368421052632,9.874152952565343,99.998967772233,70.91468821673524,44.90842436421593,19.702140862550422,92.68371641307868,69.79489270801787
34017,New Jersey,Hudson,98.03424223208624,0.8389803162310423,100.0,42.94049000692202,51.31244728046005,6.453614644740924,60.76400129491745,66.89001913097779
34019,New Jersey,Hunterdon,98.858592263792,16.198773797999355,100.0,67.05918252890363,61.64745825192821,5.243561898851993,99.41728714794432,83.01598473206742
34021,New Jersey,Mercer,93.02473050095116,5.582445950306551,99.98669860145016,60.67556686603111,52.974252618859616,41.42103630158238,41.69634185820654,71.50762426678662
34023,New Jersey,Middlesex,97.81230183893469,3.162310422717005,100.0,58.22476884825209,58.03210006043416,13.34160719826248,84.36387180317256,71.09934926484684
34025,New Jersey,Monmouth,97.6854787571338,7.002258793159083,99.9886863116984,63.4737073733317,59.76711829885505,10.95252869996898,92.65134347685336,78.66838702019778
34027,New Jersey,Morris,99.36588459099556,8.551145530816392,100.0,67.76677209605089,64.62738157993691,18.15079118833384,96.82745224991906,81.44492248812954
34029,New Jersey,Ocean,89.98097653772986,10.648596321393997,99.99564009785166,59.29194442888054,45.190610521569155,13.496742165684154,88.50760764001295,60.0689618222898
34031,New Jersey,Passaic,83.51299936588458,2.5492094223943207,99.99729634210338,45.137174030017256,46.009432760809695,33.60223394353086,41.469731304629335,63.25043637739991
34033,New Jersey,Salem,66.48700063411542,16.973217166828007,100.0,65.74312255139056,31.707042835752375,36.54979832454235,67.59469083845904,59.53817881087295
34035,New Jersey,Somerset,99.46100190234624,7.776702161987738,99.99511667763034,63.4891721430706,65.27841775538148,16.382252559726965,97.66914859177729,81.36607116603697
34037,New Jersey,Sussex,94.00760938490804,26.363343013875447,100.0,68.69985849200644,49.01808984681682,2.0788085634501954,97.21592748462284,72.25911279573087
34039,New Jersey,Union,96.32213062777424,2.6782833171990967,100.0,57.52600321694748,55.22002157304562,22.029165373875273,69.69893169310456,74.90975569294018
34041,New Jersey,Warren,91.15409004438808,17.07002258793159,100.0,71.4716841363543,51.3533759158069,5.957182748991599,93.88151505341534,68.91149868794344
35001,New Mexico,Bernalillo,79.54977805960685,2.387867053888351,98.00810789041384,70.77197274160916,49.48075339622469,67.42165684145206,66.49401100679832,61.117660379171895
35003,New Mexico,Catron,21.27457197209892,85.41464988706035,97.60277741249212,88.84769478644975,29.8452809964027,48.43313682904127,81.93590158627387,8.269937870487007
35005,New Mexico,Chaves,44.67343056436272,20.58728622136173,98.07012609025112,75.2863980982726,34.59669055119985,87.37201365187714,23.373259954677888,40.423001117263475
35006,New Mexico,Cibola,14.489537095751428,52.27492739593417,99.63370726686615,78.46632898486244,25.59160208221016,42.134657151722,15.409517643250242,29.10032640742823
35007,New Mexico,Colfax,22.637920101458462,59.24491771539206,,85.5603166364759,42.068726660642255,89.82314613713932,20.653933311751377,42.59939077874064
35009,New Mexico,Curry,59.19467343056436,36.656986124556305,99.00785148050336,73.56213959198149,38.93470217614136,95.56313993174061,35.318873421819355,48.55906582651329
35011,New Mexico,De Baca,23.906150919467343,94.96611810261375,,91.08638956395382,43.01805928150446,98.57275829972076,37.64972483004209,48.541053597051736
35013,New Mexico,Dona Ana,53.42422320862397,7.615359793481769,97.33910971749482,75.75426706346883,41.27809065848055,69.06608749612163,26.61055357720945,51.630248266091506
35015,New Mexico,Eddy,61.857958148383005,16.618263956114877,97.46559615130028,83.10179132806061,32.41730628563857,81.04250698107353,50.825509873745546,56.672396110884485
35017,New Mexico,Grant,31.51553582752061,40.335592126492415,,81.72463498056968,39.03987755428959,81.13558796152653,17.416639689219814,46.69317914097096
35019,New Mexico,Guadalupe,15.726062143310084,87.02807357212004,99.7194087320674,85.93061543390397,43.00638261914153,83.12131554452374,7.575267076723859,41.00833154766639
35021,New Mexico,Harding,38.01521876981611,98.54791868344628,,88.88836824818951,21.262907693808277,36.48774433757369,,19.953369334253924
35023,New Mexico,Hidalgo,29.010779961953077,88.8673765730881,97.93301764492182,84.46845984102762,35.761094960791006,67.76295376977971,10.747814826804792,41.708551375294654
35025,New Mexico,Lea,50.982878883956886,21.200387221684412,97.13022192813123,76.59466257266912,33.611252286663266,77.50542972385976,47.39397863386209,54.266010451491226
35027,New Mexico,Lincoln,34.36905516804059,45.692158760890614,,83.94014862022297,39.633672410904246,69.50046540490227,35.998705082550984,54.62628522403764
35028,New Mexico,Los Alamos,98.92200380469244,94.19167473378509,,89.46742332845632,67.68964555148075,99.10021718895439,98.80220135966331,84.91023777676591
35029,New Mexico,Luna,5.707038681039949,41.75540496934495,,79.23047106727279,22.66046052726392,81.56996587030717,5.082550987374555,31.7979229527646
35031,New Mexico,Mckinley,8.084971464806594,31.945788964181993,98.2911547504425,70.87566483512651,14.11321339804005,25.783431585479363,21.786986079637423,11.736510834838096
35033,New Mexico,Mora,27.488902980342424,84.18844788641498,95.53611363987568,87.31748420731071,32.39200453694898,0.12410797393731343,41.01651019747491,1.036583952281449
35035,New Mexico,Otero,44.48319594166138,28.396256857050663,,84.56241435886189,34.46806322533463,73.1926776295377,41.53447717707996,48.171390798309005
35037,New Mexico,Quay,11.572606214331008,77.41206840916425,99.15071266567422,77.51145915981417,34.93102810076585,95.12876202295998,10.10035610229848,29.01834101736273
35039,New Mexico,Rio Arriba,24.82561826252378,38.98031623104227,,84.33980176686613,30.739040924986703,13.372634191746826,9.096795079313694,44.10755741045148
35041,New Mexico,Roosevelt,36.96892834495878,29.751532752500808,,78.05561135602531,33.67829632806618,86.06887992553521,34.25056652638394,45.85382855730867
35043,New Mexico,Sandoval,66.74064679771719,13.197805743788319,99.15982308279018,82.4564552201111,40.29658392869615,12.876202295997516,91.19456134671414,54.03395637137713
35045,New Mexico,San Juan,35.03487634749524,26.008389803162313,96.72236088985724,74.67249904330578,28.099885569550143,35.12255662426311,52.9944966008417,34.03899555564221
35047,New Mexico,San Miguel,31.23018389346861,37.43142949338497,99.9970462405436,73.67845028489566,36.938335579378915,53.49053676698728,9.970864357397216,32.03554870314183
35049,New Mexico,Santa Fe,85.63728598604946,15.972894482090997,98.58753702118813,67.63608958495557,53.851569979500844,58.64101768538629,49.109744253803825,63.44159611299906
35051,New Mexico,Sierra,14.743183259353202,45.756695708293,97.70403316054538,79.0876219392374,31.907319626208004,91.99503568104251,20.589187439300744,33.9547484838129
35053,New Mexico,Socorro,18.357641090678506,51.08099386899,97.54080566760652,84.09513972774553,24.90148743364146,69.71765435929258,6.927808352217546,16.11885273613162
35055,New Mexico,Taos,27.710843373493976,44.43368828654405,,71.2600536058238,45.500908244418646,40.02482159478746,33.47361605697637,50.6438455394524
35057,New Mexico,Torrance,3.487634749524413,64.56921587608906,94.41409138962452,74.13092464516942,19.69213863234835,0.961836798014275,57.65619941728715,37.49304094624859
35059,New Mexico,Union,29.39124920735574,93.83672152307196,98.02745129013836,83.9939652617836,33.570635645107814,83.5867204467887,26.675299449660084,47.04845711656377
35061,New Mexico,Valencia,35.066582117945465,17.618586640851888,95.17917139364738,73.53886760876576,31.457617578297256,9.835556934533045,34.73616056976368,37.3313667855586
36001,New York,Albany,91.9150285351934,9.390125847047434,99.91071679275976,72.1688523123162,54.81105649757513,77.47440273037543,87.24506312722565,65.56889854583079
36003,New York,Allegany,38.96639188332277,52.82349144885446,99.85287042552228,85.32774497705532,32.64568529568332,53.30437480608129,38.78277759792813,57.4155876227229
36005,New York,Bronx,59.353202282815474,0.3872216844143272,,0.0,39.72232855116278,0.3723239218119829,79.02233732599548,50.20319859419096
36007,New York,Broome,63.79201014584655,17.97353985156502,99.28765772111367,77.6469883394163,42.42197567991761,89.76109215017064,63.450955001618645,56.33533973885303
36009,New York,Cattaraugus,46.57577679137603,38.36721523071959,98.99689793748789,84.01883158720297,32.42591688596949,56.407074154514426,37.22887665911298,52.99664102005374
36011,New York,Cayuga,70.03804692454027,45.7244272345918,99.59655120740835,82.94200503289873,36.27963391943064,56.71734408935774,47.8148268047912,58.5513660284516
36013,New York,Chautauqua,49.33417882054534,26.556953856082604,99.21093870358156,81.05273396234895,39.32341835954603,84.02109835556935,35.09226286824215,51.926784733911056
36015,New York,Chemung,52.18769816106531,47.854146498870605,99.48341493751984,74.90665908180682,43.19654715941445,88.79925535215638,47.652962123664615,56.35242439476451
36017,New York,Chenango,53.93151553582752,47.59599870926105,,85.19405589934682,32.25412733965284,51.5358361774744,47.52347037876336,59.75760734871433
36019,New York,Clinton,73.27203551046291,45.65989028718941,,80.73747598244664,44.15446091444893,80.5150480918399,46.19617999352541,56.3660136805148
36021,New York,Columbia,67.24793912492073,37.56050338818974,98.8952355684487,74.10745205037756,41.06359987109799,34.28482780018615,72.87147944318549,63.57806832928448
36023,New York,Cortland,67.72352568167406,54.08196192320103,98.53844328890614,80.09388017420915,38.89084003254122,61.58858206639777,68.37164130786662,61.100009566973995
36025,New York,Delaware,60.3994927076728,40.72281381090674,99.13350723828805,80.44384737727853,33.15432961142045,46.69562519391871,62.447393978633855,58.81765794987164
36027,New York,Dutchess,93.59543436905516,13.45595353339787,99.65360979783776,64.59152260688573,47.22258916507697,20.757058641017693,90.870831984461,66.57920562615476
36029,New York,Erie,79.80342422320862,4.614391739270732,99.81178145516984,76.61300320688049,48.2453775219657,72.75829972075707,54.67788928455811,62.96517278080795
36031,New York,Essex,72.85986049461002,63.79477250726041,99.92572874610876,83.30306472786128,43.03335650521383,59.60285448340056,55.09873745548721,67.40946194923809
36033,New York,Franklin,54.97780596068485,73.79799935463053,100.0,84.03813995577745,36.15310755946643,80.32888613093391,22.17546131434121,50.24100494222695
36035,New York,Fulton,49.77805960684845,60.30977734753146,98.97888381382242,81.79544308996246,38.45097263007296,52.71486192987899,37.87633538361929,55.442188043954864
36037,New York,Genesee,78.0279010779962,43.56243949661181,98.72489106870243,85.01510697765077,38.13286204605773,56.46912814148309,68.59825186144384,61.0083817300663
36039,New York,Greene,60.62143310082435,42.33623749596644,99.56441123297527,75.42541510714514,38.83804582026319,19.4849519081601,63.03010683068955,64.87097945391926
36041,New York,Hamilton,53.138871274571976,96.99903194578896,99.69234153225874,84.17219714995886,40.45755507772784,42.94135898231461,85.27031401748138,54.690401297872675
36043,New York,Herkimer,50.82435003170577,47.82187802516941,99.96531714702786,84.86981136855363,39.20054611129808,55.16599441514117,41.24312075105212,59.18346557062665
36045,New York,Jefferson,77.77425491439442,42.917070022587936,99.62032599357704,73.11162410216676,44.87744756112759,83.92801737511635,74.13402395597281,55.02028239689202
36047,New York,Kings,93.75396322130628,0.16134236850596967,,26.084711572521,49.505138535055686,0.09308098045299573,78.4719974101651,60.51150831415718
36049,New York,Lewis,47.717184527584024,86.99580509841884,99.34778681113224,85.96876143013363,39.12599902737211,55.32112938256283,37.94108125606993,62.66588772259224
36051,New York,Livingston,66.42358909321496,54.43691513391416,99.01271606921946,78.7680317479933,42.81751853305186,34.2227738132175,75.78504370346391,62.22850394866664
36053,New York,Madison,50.91946734305643,48.27363665698613,99.45502018125886,79.40724954549304,42.30380906666367,42.25876512565932,76.10877306571706,61.06290238439258
36055,New York,Monroe,79.4863665187064,6.163278476928041,99.2117911213623,73.8501479443593,53.70227592288384,84.70369221222464,66.33214632567174,68.78928071176145
36057,New York,Montgomery,58.90932149651237,38.23814133591481,99.06768252913456,79.0852174748298,34.692859306861294,42.66211604095563,45.71058595014568,46.44493026540444
36059,New York,Nassau,99.74635383639824,1.516618263956115,96.97939536275015,53.62161366828303,64.0617583979924,7.973937325473159,91.42117190029136,85.47790740273297
36061,New York,New York,99.80976537729866,0.35495321071313324,,39.99277010145752,71.8271908454196,3.1337263419174803,92.29524117837488,73.67297554770853
36063,New York,Niagara,65.31388712745719,15.74701516618264,99.38101800370416,79.63627131199003,39.810705827269565,65.80825318026683,58.62738750404661,60.25755550958413
36065,New York,Oneida,70.7989854153456,17.779929009357858,99.56620971291484,80.79590286845593,43.64154750456412,78.62240148929568,40.239559728067334,57.59591221721493
36067,New York,Onondaga,76.91819911223843,8.809293320425944,98.91737570363809,76.45674051697158,48.17571800078881,86.03785293205088,62.35027516995791,66.81317344515315
36069,New York,Ontario,81.76918199112238,44.53049370764763,98.49053517593472,79.89096204698399,48.429204108426504,53.42848278001861,82.90708967303334,66.23139321748413
36071,New York,Orange,86.46163601775523,13.875443691513393,99.98785331415722,58.201838714269385,48.17484200247677,12.969283276450511,85.23794108125607,61.59958023085676
36073,New York,Orleans,55.89727330374128,78.12197483059052,99.10240808808486,71.09100559745781,29.28933455614642,25.19391870927707,41.04888313370022,60.53841435093873
36075,New York,Oswego,51.07799619530755,42.0458212326557,99.18642798271505,77.17880017485763,36.72749925684816,39.900713620850134,51.47296859825187,59.43777957915096
36077,New York,Otsego,65.91629676601141,41.98128428525331,99.85670446615272,80.75311646767052,43.71309063315916,59.4477195159789,75.52606021366138,56.67366362798213
36079,New York,Putnam,99.08053265694356,44.24007744433688,99.49176994384648,52.14931075355728,55.308978178793126,1.3651877133105756,96.95694399482034,72.49382894192152
36081,New York,Queens,98.66835764109068,0.29041626331074544,,30.683592406053233,52.1962053305551,0.15513496742165955,86.62997733894464,63.239928730286145
36083,New York,Rensselaer,86.17628408370324,18.715714746692484,99.63815032012394,75.59025122490597,42.241265898271365,53.27334781259696,82.87471673680803,58.781508742211095
36085,New York,Richmond,98.73176918199113,3.0009680542110355,,40.80572135088234,50.91178613844781,0.6205398696866382,86.50048559404337,66.47597316127866
36087,New York,Rockland,99.01712111604311,6.840916424653114,,40.0966209707825,54.94675857935726,14.272417002792423,72.96859825186144,65.16740974080962
36089,New York,St Lawrence,44.5149017121116,43.30429170700226,99.83956513590374,78.07924188158667,38.66609962067924,72.0136518771331,32.11395273551311,52.83636118040391
36091,New York,Saratoga,93.2149651236525,27.94449822523395,98.72444639599314,79.74840997634162,52.47317842459548,39.497362705553826,94.4318549692457,70.86084329651871
36093,New York,Schenectady,81.67406467977172,19.909648273636655,99.96563704838054,70.5791625142308,49.29700661893447,59.38566552901024,73.16283586921334,63.92756358074515
36095,New York,Schoharie,56.49968294229549,74.37883188125201,99.76251007314951,73.78867732990227,34.97574492722909,19.36084393422277,65.84655228229201,66.10887942682044
36097,New York,Schuyler,47.08306911857958,91.90061310100033,99.32739243877312,83.48395450665011,34.327972956237666,30.933912503878375,58.238912269342826,58.750162916725834
36099,New York,Seneca,50.25364616360177,66.89254598257503,99.29769423890868,81.68334340302435,35.96734933188431,59.137449581135584,52.21754613143412,59.361297310433976
36101,New York,Steuben,50.126823081800886,41.65859954824137,99.5911500483522,85.04078827197458,37.147912767577736,62.51939187092771,37.52023308514082,55.896202521249606
36103,New York,Suffolk,98.50982878883956,3.581800580832527,99.9700218265639,52.34651623488424,52.65879385384035,15.637604716103013,89.83489802525088,74.74817069694012
36105,New York,Sullivan,45.90995561192137,37.88318812520168,99.13180158525934,74.47039709778483,36.34195213537431,31.306236425690344,56.65263839430237,62.20720587840977
36107,New York,Tioga,58.275206087507925,51.69409486931268,99.00279665559832,85.6660395046223,37.93778436891609,43.282655910642255,72.77436063450955,65.71427598832797
36109,New York,Tompkins,80.72289156626506,39.238464020651826,99.23126145594208,57.51128032334371,52.08883311918579,87.55817561278312,98.51084493363548,64.50413157070157
36111,New York,Ulster,78.94736842105263,22.13617295901904,99.80461002286046,63.10607901437189,45.974390974917874,34.71920570896681,85.4969245710586,61.67242384770615
36113,New York,Warren,85.66899175649968,44.820909970958375,98.29124397372571,79.64067911868918,55.70376487095032,64.1948495190816,80.09064422143088,63.29596588980704
36115,New York,Washington,59.860494610019025,52.92029686995805,98.99032337356732,78.90083168519467,38.10829697483871,29.351535836177476,68.56587892521851,59.90024049365465
36117,New York,Wayne,66.36017755231452,50.0161342368506,98.74407177308645,78.37712592748656,36.07609710207031,35.49488054607508,61.508578828099715,62.80943427055407
36119,New York,Westchester,99.11223842739378,1.6134236850596968,99.96333381323647,49.7195098801753,66.51945158057657,11.883338504498923,87.73065717060537,77.68589168661482
36121,New York,Wyoming,58.43373493975904,67.92513714101322,99.1838229923139,92.2730464176022,38.463276229035024,28.730995966490852,52.670767238588546,60.03837859136547
36123,New York,Yates,54.21686746987952,70.82929977412068,98.85529422478614,81.6698835101385,33.701876403090615,44.647843623952845,52.638394302363224,58.57274859809128
37001,North Carolina,Alamance,55.86556753329106,24.84672474991933,98.2033645253036,80.10830368187031,41.54130603286845,47.71951597890165,34.12107478148268,54.08032742322268
37003,North Carolina,Alexander,38.61762840837032,59.76121329461116,95.57720678559618,89.6398591189194,32.06119798266461,37.51163512255662,28.52055681450307,52.07885091153206
37005,North Carolina,Alleghany,18.040583386176284,80.89706356889319,97.82708811765264,82.5126256896177,38.37113494415176,57.49301892646603,4.30560051796698,47.16085701649849
37007,North Carolina,Anson,6.53138871274572,59.470797031300414,96.79237096023505,70.4656112019575,26.93863880587637,16.599441514117288,2.0071220459695693,51.80095839839991
37009,North Carolina,Ashe,35.89093214965124,56.534365924491766,97.4134451126149,89.9563577532222,37.8454430388324,30.28234564070742,8.546455163483328,45.565258468999346
37011,North Carolina,Avery,26.410906785034875,73.44304614391739,97.19797093281558,85.7564227361391,43.292400546588375,59.882097424759536,17.35189381676918,54.68430341441284
37013,North Carolina,Beaufort,28.344958782498413,37.72184575669571,,83.49648548481758,39.75547197250439,37.604716103009615,14.859177727419878,49.749019688728765
37015,North Carolina,Bertie,12.301838934686112,60.14843497902549,95.733540940489,71.20212605402149,27.8807830614902,25.411107663667394,1.7157656199417288,32.82159889179458
37017,North Carolina,Bladen,9.8287888395688,41.91674733785092,94.27757006028264,73.73077701481938,27.86723653766512,21.50170648464163,4.5322110715441895,46.97720316485223
37019,North Carolina,Brunswick,41.85161699429296,31.816715069377217,97.57414866982936,78.05018026942898,44.17708021020491,48.774433757368904,37.71447070249271,56.99453553193772
37021,North Carolina,Buncombe,67.56499682942295,22.23297838012262,98.28946672940988,70.80964670245034,58.417232308824445,76.60564691281415,78.86047264486888,56.574508933878825
37023,North Carolina,Burke,26.442612555485105,36.04388512423362,96.62393255564294,85.20683254971547,37.314601694555144,63.233012721067325,24.376820977662675,41.87091011769414
37025,North Carolina,Cabarrus,60.68484464172479,13.77863827040981,99.32182799042606,75.7532787985368,49.75777556893544,23.983865963388155,76.205891874393,64.65201310515772
37027,North Carolina,Caldwell,24.540266328471784,39.787028073572124,97.3518681159912,87.86747342154328,35.25304480275411,53.893887682283584,20.55681450307543,44.22195268478141
37029,North Carolina,Camden,38.36398224476854,98.3543078412391,96.85461352338297,84.72235607761826,40.1256283935674,15.389388768228358,91.68015539009389,66.53896332481798
37031,North Carolina,Carteret,81.16677235256817,33.720555017747664,97.53918932085354,82.7839635233467,46.83561664489487,60.192367359602855,64.5840077695047,63.56800041042583
37033,North Carolina,Caswell,10.875079264426123,81.99419167473378,98.46201963516312,88.9705300099394,32.863905761552815,6.484641638225256,14.373583684040142,52.044882052388374
37035,North Carolina,Catawba,49.84147114774889,17.683123588254276,97.73412208347116,87.83428209688594,42.56583052678948,69.43841141793361,44.415668501133055,52.263851118855534
37037,North Carolina,Chatham,64.23589093214966,44.11100354953211,97.40459323381998,75.85346220961631,51.49127135386308,22.215327334781264,42.60278407251538,61.34321548495073
37039,North Carolina,Cherokee,9.13126188966392,62.82671829622459,93.39425273328214,87.01884731394985,39.59575070784559,48.02978591374496,19.42376173518938,48.69943404240046
37041,North Carolina,Chowan,22.606214331008243,82.15553404323975,97.74092508379158,77.6011519582871,36.58059426015281,43.623952838969906,4.564584007769504,43.043021751543755
37043,North Carolina,Clay,34.812935954343686,86.2213617295902,96.10637038869775,73.48854249718266,45.24897708941663,45.23735650015514,25.15377144707025,50.09814272903244
37045,North Carolina,Cleveland,29.518072289156628,29.493384962891255,96.82946049784098,84.51649037131887,34.45319357020778,45.17530251318648,16.47782453868566,46.22156656559402
37047,North Carolina,Columbus,13.918833227647433,38.49628912552436,,81.26630433600056,25.10395775941401,21.625814458578958,6.701197798640337,47.99223860407309
37049,North Carolina,Craven,59.48002536461636,32.526621490803485,97.7593451115747,76.45745502382182,45.081689469933686,68.7558175612783,44.35092262868242,50.0688527555728
37051,North Carolina,Cumberland,68.48446417247939,15.10164569215876,,70.42674303244311,46.520067480538344,67.94911573068569,62.86824214956297,47.47542839992264
37053,North Carolina,Currituck,57.545973367152826,93.32042594385285,95.58967858589295,77.02384871353584,42.59381577359728,2.575240459199506,80.3172547750081,66.11708781764968
37055,North Carolina,Dare,76.53772986683578,36.753791545659894,98.21642952329566,76.16228652010051,49.56733465016503,79.77040024821594,60.2460343153124,61.82368445639743
37057,North Carolina,Davidson,34.559289790741914,14.908034849951598,98.142773625611,87.32279287493581,35.17642978997182,54.91777846726652,28.65004855940434,51.02833119633964
37059,North Carolina,Davie,57.73620798985415,52.30719586963537,93.82893672620722,83.89466808281549,41.47067518261283,37.82190505739994,47.97669148591777,54.60577592238793
37061,North Carolina,Duplin,18.928344958782496,37.10874475637303,95.24922295821278,82.98632556233024,28.51658180971513,26.652187403040656,12.139851084493364,46.85006625113776
37063,North Carolina,Durham,86.90551680405834,11.64891900613101,99.36469432801222,70.5838843664713,60.77268895475517,69.81073533974558,77.98640336678537,70.48979601733815
37065,North Carolina,Edgecombe,18.547875713379835,35.20490480800258,96.35705717237596,72.55344306972268,29.726767453069684,54.14210363015824,6.506960181288443,44.765323426462615
37067,North Carolina,Forsyth,57.609384908053265,6.582768635043562,98.4979139654712,78.72910872071856,50.1259789665177,71.48619298789947,51.24635804467466,53.796766559217986
37069,North Carolina,Franklin,24.19150285351934,56.14714424007744,96.61431314413912,71.78269569636785,36.03384517973818,3.0716723549488023,51.01974749109745,60.175647211400594
37071,North Carolina,Gaston,38.52251109701966,12.2297515327525,99.92159624094712,68.07875860691891,40.37231687973104,31.554452373565,45.45160246034315,50.84967839391224
37073,North Carolina,Gates,14.901712111604311,96.41819941916748,96.68414344120534,80.10358140444022,30.817209874767137,0.8687558175612793,29.459371965037228,46.90456536804649
37075,North Carolina,Graham,14.299302473050096,92.25556631171345,,90.3986495557125,37.10023343841771,46.07508532423208,1.068306895435416,50.061368038031546
37077,North Carolina,Granville,57.102092580849714,48.080025814778956,97.84616308287964,79.21103838556044,38.26835728897157,15.296307787775362,27.840725153771444,56.9058422075631
37079,North Carolina,Greene,23.33544705136335,53.759277186189095,94.58962052792718,80.3063172102874,33.34360370015877,27.024511324852625,11.816121722240206,50.25468787488899
37081,North Carolina,Guilford,59.06785034876347,7.421748951274605,99.09411045469312,76.25385935241242,47.818459470017395,71.33105802047781,55.9080608611201,57.775211314031665
37083,North Carolina,Halifax,14.996829422954978,38.17360438851242,95.62317504672528,73.80620726914796,29.041380017338128,36.766987278932675,2.4603431531239885,39.88517268544013
37085,North Carolina,Harnett,34.464172479391245,33.59148112294289,95.8170707980108,81.49189910132459,35.788741644477234,9.587340986658404,53.05924247329232,49.39524309075708
37087,North Carolina,Haywood,51.49017121116043,42.400774443368825,96.6534114552396,78.91993699092981,42.99029865975143,45.485572448029785,27.711233408870186,52.997947111378174
37089,North Carolina,Henderson,55.83386176284084,31.23588254275573,97.6591286166322,70.40774739203113,47.48574757309461,62.79863481228669,52.60602136613791,53.200170013193855
37091,North Carolina,Hertford,11.255548509828788,53.82381413359148,97.5893566425291,75.91414475667295,35.54147829005401,38.25628296618058,1.618646811265782,46.28176349399408
37093,North Carolina,Hoke,35.92263792010146,58.56727976766699,90.61685851469284,77.77669874585894,31.464138351808817,18.430034129692828,63.25671738426676,50.733310667322854
37095,North Carolina,Hyde,9.289790741915027,67.69925782510488,,68.83192149040347,34.04358625929317,67.70089978281105,20.9129168015539,17.44003564893485
37097,North Carolina,Iredell,53.67786937222575,18.19941916747338,98.37828352532252,82.8084369358354,45.84299151959791,43.903195780328886,49.23923599870509,66.27085202784696
37099,North Carolina,Jackson,28.28154724159797,44.88544691836076,95.13473183843018,80.50334585252935,45.67553132478684,61.21625814458579,34.509550016186466,48.51406177039608
37101,North Carolina,Johnston,50.538998097653774,25.459825750242015,98.19118488274246,73.35992163816044,42.33142888480475,7.601613403661204,58.012301715765624,60.31451846346533
37103,North Carolina,Jones,13.633481293595434,64.95643756050339,,85.078850415435,34.51765743536409,13.12441824387217,51.37584978957591,50.01628868117257
37105,North Carolina,Lee,41.34432466708941,39.10939012584705,98.84728519653277,79.74143009968456,37.58488041897711,30.99596649084704,27.64648753641955,47.61352626968851
37107,North Carolina,Lenoir,27.362079898541538,34.84995159728945,,77.211350013161,34.99884842522029,55.84858827179646,9.517643250242797,40.37358686210986
37109,North Carolina,Lincoln,46.16360177552315,28.29945143594708,96.93435560524212,85.18082888803983,40.800454869790656,15.26528079429103,54.969245710585945,58.29287965384754
37111,North Carolina,Mcdowell,36.36651870640456,55.63084866085835,95.9574822205653,91.29666196951084,35.79101852578457,40.27303754266212,11.524765296212369,53.5797714670435
37113,North Carolina,Macon,41.1857958148383,50.50016134236851,97.20259755624716,83.20335132816918,44.32700836258959,65.00155134967422,14.049854321786986,49.33532679816554
37115,North Carolina,Madison,27.013316423589096,85.31784446595677,98.09257544836233,69.33506921669712,41.22968184861208,7.322370462302203,25.801230171576563,49.91299215054637
37117,North Carolina,Martin,7.260621433100824,57.53468860922878,95.90682652856874,82.90614333943515,31.24340777974115,29.25845485572448,6.863062479766915,48.2035739407584
37119,North Carolina,Mecklenburg,88.0152187698161,2.7105517909002903,,71.10546389306187,55.57736961374309,38.41141793360223,71.28520556814503,74.00427510947132
37121,North Carolina,Mitchell,28.852251109701964,89.19006131010003,99.01103849031604,90.37253166601306,42.95221574795798,32.42320819112628,9.420524441566853,49.38310611150515
37123,North Carolina,Montgomery,15.313887127457196,60.24524040012908,95.57036975393136,88.01815564424749,35.63947018832804,27.24170027924295,5.63289090320492,47.25925217295835
37125,North Carolina,Moore,53.89980976537729,35.30171022910616,98.43964285829271,82.2217525793442,51.441762822228085,40.83152342538008,58.88637099384915,57.489643682788405
37127,North Carolina,Nash,38.45909955611921,28.428525330751857,98.71781003793387,80.65284396815132,41.80155408611756,57.958423828731,19.391388798964066,50.202950698207545
37129,North Carolina,New Hanover,82.46670894102726,21.684414327202322,98.39834584412718,68.54612640938689,53.91117194145825,80.4219671113869,79.41081256069926,58.85062800594734
37131,North Carolina,Northampton,4.153455928979074,71.73281703775412,90.64475977231297,73.67407979683927,25.428904903136107,22.71175923053056,8.416963418582066,48.489320774386535
37133,North Carolina,Onslow,80.84971464806596,31.59083575346886,97.48735064407758,76.8790434422923,41.11756484961756,58.51690971144896,88.86370993849143,48.57173656591965
37135,North Carolina,Orange,91.6296766011414,25.104872539528884,98.71270324317908,68.04430787358467,76.79208418192155,60.68879925535215,99.06118484946585,69.80540544676346
37137,North Carolina,Pamlico,34.84464172479391,58.34140045175863,94.66543336162202,81.46494165751487,37.57505779999015,27.862240148929573,18.970540628034964,54.86733070880235
37139,North Carolina,Pasquotank,65.47241597970832,59.95482413681833,96.55938744225708,77.57389890457625,40.06966931500353,44.8029785913745,28.55292975072839,55.8024959800188
37141,North Carolina,Pender,54.09004438807863,42.69119070667957,97.27413017086916,81.26333573493403,39.209401116101446,11.386906608749612,62.41502104240855,62.33925985303408
37143,North Carolina,Perquimans,17.279644895370957,84.86608583414005,95.38082335567368,78.7585121998651,34.484943240377795,8.346261247285142,22.143088378115895,54.13395027982791
37145,North Carolina,Person,36.20798985415345,66.47305582445951,96.86806240268405,80.75850597661253,34.713265754501215,12.193608439342228,14.0822272580123,58.543642963052704
37147,North Carolina,Pitt,47.875713379835126,21.91029364311068,98.06763139905526,72.27796990481026,54.02690461645881,72.82035370772572,33.50598899320168,57.06377336875008
37149,North Carolina,Polk,22.447685478757133,70.92610519522427,97.26019565805706,84.43628815156464,43.186210379371666,23.7356500155135,41.92295241178375,53.52212239766534
37151,North Carolina,Randolph,44.26125554850983,25.36302032913843,98.12916944831748,78.89522771604032,34.28908427106907,47.87465094632331,24.797669148591776,47.930253406852465
37153,North Carolina,Richmond,11.382371591629676,47.66053565666344,90.1310045952506,75.40450331704486,24.57547438881303,54.11107663667391,5.4710262220783425,42.85057593099471
37155,North Carolina,Robeson,5.960684844641725,25.395288802839627,85.12182992468722,77.87938085151364,24.42316664492559,35.153583617747444,3.8200064745872457,34.806372853292466
37157,North Carolina,Rockingham,30.215599239061508,34.33365601807034,98.1505057091472,83.77344339096632,32.98322107317293,28.69996897300652,12.46358044674652,44.09042208486232
37159,North Carolina,Rowan,37.317691819911225,17.29590190383995,97.6723498657866,79.01185231699048,37.261991250145776,46.01303133726342,39.883457429588866,52.203709661088354
37161,North Carolina,Rutherford,14.426125554850982,35.6566634398193,97.08075835715532,84.1646343384246,28.37484732790205,46.478436239528385,14.632567173842666,43.44895519673699
37163,North Carolina,Sampson,18.864933417882053,32.65569538560826,95.14473870615926,83.38810019633809,33.348769323729385,25.87651256593236,10.424085464551634,50.94440987358866
37165,North Carolina,Scotland,3.0437539632213064,45.07905776056793,95.240019647011,73.76223177765786,29.05308944655308,63.91560657772261,4.078989964389771,42.12876040400418
37167,North Carolina,Stanly,38.33227647431833,42.17489512746047,98.26842575734004,86.76600771398319,37.37537865232297,28.35867204467887,28.455810942052445,63.55441422333639
37169,North Carolina,Stokes,40.646797717184526,64.3756050338819,,83.43943340542025,32.78953174569591,8.873720136518756,30.171576561994172,50.2777849701973
37171,North Carolina,Surry,37.66645529486367,34.94675701839303,97.16345015409304,87.62197969067164,32.97947704857099,44.77195159789017,15.895111686629978,48.368517761025885
37173,North Carolina,Swain,40.26632847178186,73.12036140690546,95.1108820665078,83.17551101988926,34.953510121211956,70.95873409866584,5.730009711880868,44.057714491932614
37175,North Carolina,Transylvania,38.83956880152188,59.59987092610519,97.87939880039602,81.25531537451961,49.13823576674787,52.83896990381632,32.69666558756879,60.48412516444411
37177,North Carolina,Tyrrell,16.423589093214964,82.67182962245886,94.74945826176324,80.8821601032553,36.93764180527037,14.39652497672975,20.16833926837164,46.77921901206463
37179,North Carolina,Union,77.67913760304376,17.457244272345918,98.04148089238808,80.03906242118033,48.97448303178692,14.582686937635742,64.32502427970218,66.4213131284395
37181,North Carolina,Vance,13.126188966391885,55.79219102936431,93.96109776861152,76.33827395596639,34.501622983393084,47.378219050574,3.884752347037877,49.814750294291485
37183,North Carolina,Wake,95.49778059606848,5.162955792191029,99.55560880288274,74.95315624098852,59.41590087236836,40.14892956872479,92.35998705082552,77.62795158542592
37185,North Carolina,Warren,2.8218135700697524,66.27944498225234,93.34902217266634,83.1717258396807,24.8194564989495,14.427551970214083,4.046617028164454,50.36969268743452
37187,North Carolina,Washington,14.838300570703868,65.82768635043563,,74.14016676453964,33.300234125029085,21.036301582376666,0.7445775331822596,44.30957006715507
37189,North Carolina,Watauga,68.45275840202916,46.95062923523717,98.90020039095788,63.42418766033096,50.939652751279326,73.65808253180268,84.6876011654257,60.562462537232825
37191,North Carolina,Wayne,42.32720355104629,25.976121329461115,96.12699075290948,77.29288927321639,39.96272321946007,67.3596028544834,24.506312722563937,49.891449872536604
37193,North Carolina,Wilkes,32.815472415979706,36.72152307195869,96.18395682618812,88.58156921566612,34.02177199312542,46.32330127210673,14.98866947232114,47.22273865992481
37195,North Carolina,Wilson,25.459733671528216,24.94353017102291,98.73551919546716,76.30091567066293,37.506055317155216,60.06825938566553,16.510197474910974,48.43976168131179
37197,North Carolina,Yadkin,31.705770450221944,63.76250403355921,97.13145420841292,85.00784012431855,31.082159169893107,22.091219360843937,21.851731952088056,50.2629622058067
37199,North Carolina,Yancey,18.516169942929615,77.92836398838335,98.4360449803476,84.87664812608256,42.101885498920545,25.659323611542035,7.219164778245387,54.22995680133874
38001,North Dakota,Adams,90.29803424223208,99.4837044207809,97.974458524997,87.12164566552491,71.6514234219413,97.45578653428483,70.15215280025899,60.69339693149387
38003,North Dakota,Barnes,96.60748256182626,63.020329138431755,99.52170568910238,88.90507949719417,49.30191492217163,82.65591064225876,81.02945937196505,62.25520454665016
38005,North Dakota,Benson,24.44514901712111,92.19102936431108,99.2258213079192,83.42390228251631,15.72500120268164,79.92553521563761,5.276788604726448,46.05501044837147
38007,North Dakota,Billings,93.9124920735574,100.0,99.29236074171646,90.10428135589304,37.330052606435814,26.310890474713005,,53.20277485436712
38009,North Dakota,Bottineau,83.29105897273304,93.90125847047435,97.96744561119829,92.92168783774952,46.833971072794505,77.13310580204778,72.64486888960829,67.48330289938654
38011,North Dakota,Bowman,98.76347495244134,98.3865763149403,99.77416226075466,93.55185568450194,56.224493543071574,95.22184300341297,59.79281320815798,72.39417009722548
38013,North Dakota,Burke,97.20989220038048,99.06421426266537,99.25049394176284,96.16088211019486,42.75065109991563,56.50015513496742,78.60148915506636,66.48817471865934
38015,North Dakota,Burleigh,98.16106531388714,20.135527589545017,99.5516843750672,87.09100275212948,59.186516724323575,97.26962457337883,89.73777921657494,72.75499786128174
38017,North Dakota,Cass,96.29042485732404,9.09970958373669,99.74501403682788,84.7166753374768,57.7207243126251,96.89730065156687,90.80608611201036,74.51582868067855
38019,North Dakota,Cavalier,97.52694990488268,92.67505646982897,98.32787668956226,95.39866224215449,44.742422747630656,96.30778777536457,82.58336031078018,64.59261790208883
38021,North Dakota,Dickey,96.73430564362714,92.77186189093256,99.83384733908024,91.6882455209316,45.36542107499831,88.24076946943842,93.84914211719004,68.44043816880702
38023,North Dakota,Divide,98.63665187064046,98.19296547273314,98.61447472831944,85.40166743896509,44.116902527904784,94.22897921191436,59.59857559080609,72.32571476189953
38025,North Dakota,Dunn,91.88332276474318,99.29009357857373,98.7769521864136,87.31970980334951,44.301034827404685,59.26155755507291,75.10521204273228,64.93393138645848
38027,North Dakota,Eddy,87.50792644261256,97.96708615682478,97.73448438586354,91.5327879418232,45.58364442074283,75.05429723859758,31.36937520233085,58.53323050044629
38029,North Dakota,Emmons,86.52504755865567,78.41239109390126,97.52640995667716,92.71439205346265,42.116211491222934,79.98758920260627,64.06604078989965,57.89130748441106
38031,North Dakota,Foster,96.2270133164236,95.99870926105196,99.66104301769784,93.96673271148404,50.53395981626896,97.48681352776916,77.56555519585626,71.98175430517306
38033,North Dakota,Golden Valley,92.2003804692454,99.03194578896418,97.29925800579454,92.78565363705296,46.38402988717585,78.28110456096805,86.56523146649401,46.41509098102368
38035,North Dakota,Grand Forks,91.09067850348764,26.68602775088738,99.51676101648587,79.48085640151038,57.82969148471543,97.79708346261248,90.51472968598252,66.64144542385918
38037,North Dakota,Grant,85.03487634749524,98.32203936753791,99.1200595166054,87.34989940011953,40.723454348712075,71.98262488364878,66.78536743282616,55.29442713798843
38039,North Dakota,Griggs,94.26125554850982,97.74120684091643,98.94294540918574,91.58227996160352,48.12890686892454,93.82562829661806,64.45451602460344,68.5851574424005
38041,North Dakota,Hettinger,92.35890932149653,98.74152952565343,97.75144626914285,87.74942793452962,40.375073914551926,77.69159168476574,84.71997410165102,48.46068190156224
38043,North Dakota,Kidder,88.52251109701966,98.67699257825105,99.31121156400792,91.99370389622706,37.839975345831085,60.37852932050885,74.03690514729686,38.30809042766843
38045,North Dakota,La Moure,94.5149017121116,96.48273636656987,99.48702975448258,93.17277001275664,45.24283401557225,83.49363946633571,86.43573972159275,59.165356573002185
38047,North Dakota,Logan,94.13443246670894,97.77347531461761,99.33605933440585,88.86629036955178,39.54851898107589,71.88954390319577,49.14211719002913,51.962541613408135
38049,North Dakota,Mchenry,82.18135700697526,97.19264278799614,96.81824945591762,92.2506890171989,40.72789274376138,20.260626745268382,93.20168339268372,56.218986297332165
38051,North Dakota,Mcintosh,93.65884590995562,83.02678283317199,99.07647496570242,91.95868043231371,42.25591971918787,96.02854483400559,66.42926513434769,62.24919049637209
38053,North Dakota,Mckenzie,92.26379201014583,93.35269441755405,97.27140878519916,79.79389197780804,35.04060154407208,73.96835246664598,92.26286824214957,59.06118072848621
38055,North Dakota,Mclean,69.6575776791376,76.28267182962246,97.71840777648444,95.17529768815056,40.51311550671975,48.37108284207259,93.68727743606344,63.37480435977969
38057,North Dakota,Mercer,82.3715916296766,94.22394320748629,99.22321943900822,88.51924596016985,53.06751301991967,90.16444306546695,91.74490126254452,83.3743167196606
38059,North Dakota,Morton,93.46861128725428,48.4027105517909,99.36865713805928,87.33745100400284,45.412860876428766,83.6798014272417,85.88539980576239,71.43393207542071
38061,North Dakota,Mountrail,86.58845909955612,88.64149725717974,98.4733949547602,89.9572915161687,37.24989513193563,76.66770089978282,66.65587568792489,67.07036213039113
38063,North Dakota,Nelson,88.93468611287254,96.22458857696031,98.3776361752106,95.9883346763025,44.06325555592882,56.810425069810734,66.23502751699579,45.764453670419286
38065,North Dakota,Oliver,94.8319594166138,98.64472410454985,99.58349070564935,88.70266867523003,50.34236385331328,46.13713931120075,73.61605697636776,56.975368552546875
38067,North Dakota,Pembina,66.23335447051363,86.28589867699257,98.32069741444198,93.24808229696131,42.9830995174394,87.74433757368911,71.86791842020071,62.46908097462529
38069,North Dakota,Pierce,70.35510462904249,96.8054211035818,98.97880510623578,85.24232991791317,50.135272867642925,97.08346261247286,65.8141793460667,69.32912105760354
38071,North Dakota,Ramsey,76.31578947368422,84.99515972894483,99.02234623104164,90.7889289803697,54.83559395689654,97.85913744958114,48.85076076400129,57.551022320447366
38073,North Dakota,Ransom,97.1147748890298,90.4485317844466,98.92927930687232,94.3129015856875,47.19371565576678,89.48184920881167,80.05827128520558,69.81006735302019
38075,North Dakota,Renville,98.5415345592898,98.87060342045821,97.25508877066665,94.49291385093352,43.14766331130998,45.7958423828731,84.4609906118485,70.25528541971721
38077,North Dakota,Richland,88.74445149017122,65.53727008712488,99.15240083205272,86.8966533168429,49.73685792119152,68.69376357430966,82.29200388475235,68.5134115907698
38079,North Dakota,Rolette,14.71147748890298,72.9267505646983,99.22376025806562,83.30898790392764,27.239721485657338,90.84703692212224,1.7805114923923602,52.4336121234485
38081,North Dakota,Sargent,95.9416613823716,94.1271377863827,98.4135332661094,96.91012032559983,45.89192730105635,87.9304995345951,77.30657170605375,73.80414181856351
38083,North Dakota,Sheridan,69.15028535193404,98.45111326234269,98.64547767632254,93.11188506260436,34.59838430090279,72.78932671424138,66.461638070573,55.34660396533683
38085,North Dakota,Sioux,11.033608116677234,70.40980961600516,99.885252915754,76.41642146322107,7.903508984873547,69.84176233322991,17.8051149239236,25.95128205357702
38087,North Dakota,Slope,86.96892834495878,99.93546305259761,99.94144886496872,92.49621656933272,31.83191904286724,63.07787775364567,,55.15497531830248
38089,North Dakota,Stark,97.93912492073558,71.11971603743143,99.46192138286388,82.29625486181808,49.74991230292228,95.50108594477196,90.38523794108126,68.75933931367342
38091,North Dakota,Steele,97.87571337983512,96.64407873507584,99.61376070149134,92.61539391613206,41.00985990081371,80.04964318957494,41.50210424085465,54.24680235081956
38093,North Dakota,Stutsman,94.29296131896004,58.47047434656341,99.44967913823092,82.97994714804574,53.181460322209425,94.88054607508532,65.87892521851731,61.42699001280622
38095,North Dakota,Towner,94.16613823715916,98.48338173604388,97.77969544953064,91.09753419710256,41.45416680844334,90.07136208501396,51.18161217222402,60.87869788221102
38097,North Dakota,Traill,96.03677869372224,87.09261051952242,98.73620425086776,94.4020541293334,45.370420249014614,79.21191436549799,86.98607963742312,70.06444047994134
38099,North Dakota,Walsh,78.5986049461002,77.37979993546305,98.38954351620438,93.55602147005082,46.20671561591594,87.68228358672044,66.17028164454516,65.40732704634358
38101,North Dakota,Ward,96.06848446417249,39.27073249435302,99.09312918607408,82.01688695865326,52.846319540181035,96.64908470369221,93.71965037228875,69.46988480184665
38103,North Dakota,Wells,95.78313253012048,95.70829299774121,99.10087234090268,94.7077796825766,55.81143830153146,91.71579273968352,89.15506636451926,59.66764285680886
38105,North Dakota,Williams,97.74889029803424,56.82478218780251,98.97871887356158,85.76980348086467,50.939347341968066,94.19795221843003,89.99676270637747,72.27583839692636
39001,Ohio,Adams,8.560558021559924,55.11455308163924,99.19129123661368,85.40555091274389,21.2182555137419,5.708966801116958,22.822920038847524,39.593098010318634
39003,Ohio,Allen,54.59733671528218,13.488222007099065,97.96240305502047,85.55312966071173,38.013705134034296,85.63450201675458,37.164130786662355,56.70409149519849
39005,Ohio,Ashland,63.91883322764743,39.91610196837689,98.76054120027976,87.55660201874016,32.20719435828697,62.27117592305306,61.41146001942376,55.96289483725949
39007,Ohio,Ashtabula,36.651870640456565,31.461761858664083,98.55052538166493,83.1724449281802,27.30283714605338,43.2206019236736,28.488183878277763,46.51815566874387
39009,Ohio,Athens,51.0145846544071,33.559212649241694,98.83185246137742,70.31553442903123,32.02096452852979,68.78684455476264,60.505017805114925,47.96490653609506
39011,Ohio,Auglaize,81.3570069752695,37.173281703775416,99.727781116482,93.28464884515608,36.845952774655416,88.48898541731306,71.54418905794756,65.81006431773685
39013,Ohio,Belmont,42.67596702599874,23.749596644078736,98.30654218344309,90.33168618913754,28.130854239405274,56.996587030716725,40.854645516348334,48.928007664035405
39015,Ohio,Brown,22.09892200380469,31.07454017424976,,87.87157021504092,27.92390681926844,2.8855103940427966,52.57364842991259,50.70377281132666
39017,Ohio,Butler,76.1572606214331,4.549854791868345,99.56179297110842,81.48948316195738,37.9694409694856,46.94384114179336,76.23826481061833,57.82103035803024
39019,Ohio,Carroll,34.654407102092584,66.21490803484996,99.2392264848961,89.98063482087876,24.2363168083927,16.69252249457027,55.45483975396569,51.33390980104799
39021,Ohio,Champaign,47.558655675332915,49.85479186834463,98.49032001257142,91.97209842112652,28.989799099749938,31.647533354017995,62.57688572353513,61.372944677669395
39023,Ohio,Clark,39.061509194673434,11.22942884801549,98.98367623647827,83.07693119600982,29.5655132133089,66.5529010238908,35.707348656523145,50.13575833094805
39025,Ohio,Clermont,72.28915662650603,11.358502742820264,99.08259042782944,83.20607012553268,37.590015565263734,16.909711448960593,88.02201359663322,55.607192684927185
39027,Ohio,Clinton,43.91249207355739,39.52888028396257,99.40993999140436,86.15077799511599,27.81896736052019,37.17033819422898,54.90449983813532,49.358854825169765
39029,Ohio,Columbiana,31.896005072923273,19.87737979993546,99.31355515164763,87.64468234882182,29.530894530049963,45.206329506670805,30.72191647782454,49.63394542047437
39031,Ohio,Coshocton,47.43183259353202,46.01484349790255,96.39969872518756,86.3966776012062,24.31579892926089,54.17313062364257,23.27614114600194,45.30437021113217
39033,Ohio,Crawford,38.07863031071655,47.49919328815747,99.5002275630184,89.29207252427223,30.46356480142433,69.28327645051195,34.153447717708,48.92943574689239
39035,Ohio,Cuyahoga,68.57958148383005,1.3230074217489511,99.95824703267166,74.62556370390284,48.81897490316901,46.44740924604406,54.19229524117838,59.97664488674014
39037,Ohio,Darke,60.526315789473685,27.750887383026786,99.37712914639006,92.15324908590875,31.596591303155165,57.08966801116972,46.55228229200388,56.358178444747274
39039,Ohio,Defiance,57.70450221940393,37.786382704098095,99.18597923052404,91.38642059165184,35.866781363394416,77.16413279553211,72.70961476205892,58.24085176334636
39041,Ohio,Delaware,97.49524413443248,12.003872216844142,98.98932133396468,86.94245569964532,58.487755620550985,31.182128451753016,99.02881191324052,73.80106452034309
39043,Ohio,Erie,59.606848446417246,11.874798322039368,99.69172690256354,82.15671844888158,40.7816708801011,80.57710207880857,43.60634509550016,52.270603047975264
39045,Ohio,Fairfield,80.18389346861129,18.39303000968054,98.54884261522984,82.2769866014015,39.29312266505958,18.864412038473475,85.04370346390418,61.633734322433824
39047,Ohio,Fayette,41.09067850348763,46.3052597612133,97.56186166114009,85.34397420144097,27.59917956771039,33.50915296307788,37.09938491421172,53.73169473569877
39049,Ohio,Franklin,75.33291058972733,1.7424975798644726,99.818595878039,73.76381172128816,47.875485914732536,71.42413900093081,77.27419876982843,65.24280419728349
39051,Ohio,Fulton,60.14584654407103,41.142303969022265,98.87684717378048,89.96980326370985,32.2949946078145,56.31399317406143,81.48268047911945,59.39533868475463
39053,Ohio,Gallia,19.847812301838935,51.72636334301387,98.09390446255006,85.97568138494428,32.72628876772745,35.61898852001241,32.470055033991585,43.45191031017302
39055,Ohio,Geauga,91.40773620798986,29.719264278799614,99.74593274812212,87.43940603163188,45.4815176659393,18.709277071051815,96.53609582389122,66.9879878950976
39057,Ohio,Greene,81.80088776157261,10.325911584382059,99.47461119975036,87.5322643311135,47.43027997092141,73.90629847967732,92.3276141146002,58.98066136055539
39059,Ohio,Guernsey,40.900443880786305,49.95159728944821,,84.27105974347509,26.418543044624258,64.97052435618988,27.97021689867271,44.818286275615385
39061,Ohio,Hamilton,73.74762206721624,1.5488867376573088,99.37566529543348,74.67906429839877,45.3154008681555,57.21377598510704,65.49044998381353,64.44858701268146
39063,Ohio,Hancock,67.69181991122383,29.33204259438529,99.05321830041052,88.58107341046491,36.63799855104491,90.04033509152963,66.68824862415022,60.74973269091556
39065,Ohio,Hardin,34.08370323398859,60.438851242336234,99.22191710345471,88.85219175000378,21.36393119222674,40.117902575240464,52.54127549368728,51.50733159258204
39067,Ohio,Harrison,20.703868103994928,77.89609551468214,98.63543673093127,83.26130220488125,20.48672592201776,13.99317406143345,37.13175785043703,49.27500181327761
39069,Ohio,Henry,65.18706404565631,43.88512423362375,98.67860749980188,94.61468773111888,31.18234085634452,60.22339435308719,77.14470702492716,60.760497784457414
39071,Ohio,Highland,25.047558655675335,44.6918360761536,98.19039133398653,88.75430717827895,23.63593561116414,17.313062364256908,40.012949174490124,48.96085744528408
39073,Ohio,Hocking,26.47431832593532,53.436592449177155,96.6987428610962,91.46561318312447,27.342149112825194,8.160099286379165,33.24700550339916,50.74686934811309
39075,Ohio,Holmes,64.42612555485098,35.075830913197805,99.42392303967434,90.4906597534332,24.91052848638991,57.46199193298169,67.72418258336032,50.24732859726897
39077,Ohio,Huron,49.36588459099556,38.01226202000645,,87.75031181211173,31.72718313566212,65.43592925845485,47.71770799611525,55.46408186463811
39079,Ohio,Jackson,14.36271401395054,64.9241690868022,97.92871790511954,82.27936686319812,22.89887862505737,31.70958734098666,16.186468112657817,47.885795903493005
39081,Ohio,Jefferson,31.864299302473047,23.97547595998709,99.02631236691845,86.13952074480896,27.05179807683163,55.2901023890785,29.200388475234707,43.065314523245576
39083,Ohio,Knox,61.35066582117945,33.236527912229754,98.84672751987938,87.67091887847523,33.77062136654153,34.00558485882718,59.46908384590483,55.324526496532506
39085,Ohio,Lake,87.38110336081166,11.132623426911907,98.20309513281455,85.29573956331126,41.09916738263914,55.817561278312134,80.28488183878278,59.565124230019485
39087,Ohio,Lawrence,28.0279010779962,25.427557276540817,97.6147634307903,80.71406474708162,28.167371270455416,54.514427551970215,27.51699579151829,46.74065467137305
39089,Ohio,Licking,75.80849714648066,16.456921587608907,98.8397155257176,80.51607485195433,35.95454107016285,30.406453614644747,75.00809323405633,56.47712594140365
39091,Ohio,Logan,49.23906150919468,36.01161665053243,98.98586536277004,88.84762509542294,33.07314168243028,60.34750232702451,57.20297831013272,59.27500827579388
39093,Ohio,Lorain,63.18960050729233,7.454017424975799,99.50648913115376,81.12798863948231,38.152139171831806,43.84114179336023,59.0158627387504,55.732922755313815
39095,Ohio,Lucas,47.4001268230818,4.84027105517909,99.54770712000936,80.32514669149583,38.74263724744801,80.23580515048093,39.494982194885075,52.90246236845279
39097,Ohio,Madison,64.61636017755231,47.17650855114553,98.32190022667824,84.18078387355027,32.12285185554856,28.51380701210053,74.29588863709938,57.42068286065984
39099,Ohio,Mahoning,47.14648065948003,10.358180058083253,99.89603240794622,84.50668316484436,41.56792477356229,71.05181507911884,36.322434444804145,49.60940183297715
39101,Ohio,Marion,42.42232086239696,24.040012907389478,,83.41376634620016,30.70150713166043,64.8774433757369,31.563612819682746,46.51971225024657
39103,Ohio,Medina,90.83703233988588,17.360438851242336,99.64578606093578,87.51261668071814,46.01381690233959,24.945702761402416,94.98219488507608,64.96159722102348
39105,Ohio,Meigs,7.482561826252378,48.56405292029687,97.41194086766646,84.93419078404132,15.325179799304465,9.742475954080035,21.042408546455164,33.501888674933234
39107,Ohio,Mercer,88.96639188332276,46.75701839303001,99.72098673494338,93.53000616735912,38.919880994190066,80.9183990071362,40.14244091939139,66.05523388226771
39109,Ohio,Miami,63.98224476854788,16.16650532429816,99.12634278500452,86.86965124166626,39.67835751543567,72.1067328575861,71.4470702492716,63.78071059681639
39111,Ohio,Monroe,28.186429930247304,73.02355598580186,99.1401413801384,86.94169768167629,24.275620199079967,9.339125038783763,27.22563936549045,46.98086091205383
39113,Ohio,Montgomery,59.131261889663925,3.5172636334301384,99.02365515601018,79.78045988460373,39.16964391720288,73.0065156686317,59.24247329232762,54.30252618373836
39115,Ohio,Morgan,11.60431198478123,78.44465956760244,96.43674731309676,86.3615344730872,16.920822132279373,2.6683214396525017,16.93104564584008,43.1551735922265
39117,Ohio,Morrow,40.42485732403298,62.63310745401742,98.04855442195893,81.09447284294538,26.650113522577936,6.39156065777226,75.91453544836516,60.982115639177984
39119,Ohio,Muskingum,40.23462270133164,24.717650855114552,96.9225585202775,83.1845785590019,32.95090009678724,46.35432826559106,31.466494011006795,47.76885416576239
39121,Ohio,Noble,28.662016487000635,78.57373346240722,98.78426354242454,92.22261471640388,28.776745612757217,28.886130933912497,41.37261249595338,36.37210275220904
39123,Ohio,Ottawa,56.436271401395054,23.265569538560825,,91.14268593026452,37.1064737705063,53.24232081911263,79.99352541275493,52.4172989186594
39125,Ohio,Paulding,30.627774254914392,62.60083898031623,97.97796907657366,93.6812837631524,28.4336531796594,35.65001551349674,60.01942376173519,53.80125371829165
39127,Ohio,Perry,28.757133798351298,68.92545982575025,99.32411524454405,87.42277991982377,27.39347782585,5.771020788085636,34.67141469731305,52.48216904800389
39129,Ohio,Pickaway,59.44831959416614,32.042594385285575,98.15349726327725,78.99897088547182,32.00277529843429,21.408625504188635,77.69504694075752,54.07064513496413
39131,Ohio,Pike,11.667723525681676,55.824459503065505,96.29558712355814,80.28407782505845,26.234640613345153,23.20819112627987,27.77597928132082,41.41024883738724
39133,Ohio,Portage,71.62333544705136,18.102613746369798,98.87886841877094,80.61344585772075,39.12182157436548,32.299100217188965,83.2308190352865,53.02779815686942
39135,Ohio,Preble,57.98985415345593,31.203614069054534,99.00047424290874,92.97704934895792,25.379477498210328,26.559106422587647,60.53739074134023,58.49247511507193
39137,Ohio,Putnam,78.4717818642993,50.27428202646015,99.03100446953798,95.25790398029952,38.56760355261074,56.62426310890475,69.63418582065394,63.72693557399269
39139,Ohio,Richland,48.09765377298668,26.26653759277186,98.30878494973182,85.72394035632541,33.76299927731356,79.05677939807633,35.80446746519909,47.82016596937451
39141,Ohio,Ross,41.566265060240966,30.041949015811554,96.76083217961734,82.396241405383,33.25667759202618,43.93422277381321,43.15312398834574,49.093158585241106
39143,Ohio,Sandusky,52.694990488268864,26.847370119393354,,88.13756288277956,33.56012089684475,76.38845795842383,46.42279054710262,53.84337055829786
39145,Ohio,Scioto,24.096385542168676,29.977412068409166,97.75568794628252,83.90364304773662,29.374779960062373,41.63822525597269,26.286824214956297,42.754077300553305
39147,Ohio,Seneca,51.23652504755866,34.68860922878348,99.21867211397196,89.9699564460718,30.811191921386975,71.08284207260317,44.253803820006475,51.968904908788424
39149,Ohio,Shelby,62.36525047558656,25.137141013230075,99.37415526575232,92.3148736753606,33.21310157683973,89.512876202296,58.49789575914536,60.19845305962049
39151,Ohio,Stark,60.87507926442613,7.841239109390126,98.92783677778267,86.52057079582364,41.85669132330136,67.54576481538939,53.4153447717708,51.804942537633494
39153,Ohio,Summit,71.90868738110336,4.711197160374314,99.46314199790277,80.79345835104641,42.17510204409968,61.092150170648466,60.31078018776304,58.72596503469168
39155,Ohio,Trumbull,37.92010145846544,12.810584059373992,99.70533663782224,85.103562853614,28.988410595520705,65.6841452063295,33.57073486565231,42.08503754386585
39157,Ohio,Tuscarawas,48.66835764109068,23.104227170054855,98.94358339168544,84.48906340212918,33.37977624606418,61.49550108594477,49.75720297831013,50.23396231054743
39159,Ohio,Union,89.0298034242232,41.52952565343659,98.83426055585792,87.49726883035999,42.70541197017434,42.60006205398697,92.48947879572678,65.1946249142901
39161,Ohio,Van Wert,50.34876347495244,56.792513714101325,98.60231627024255,90.94976132778795,33.60807554680287,78.31213155445238,47.588216251213986,59.00654922535256
39163,Ohio,Vinton,2.9803424223208625,86.1245563084866,97.19113158759365,84.87417416020045,14.891702976279902,2.3890784982935145,15.344771770799612,44.03926109698989
39165,Ohio,Warren,92.67596702599872,7.905776056792514,99.2135667753817,88.31119183478047,48.677382370053,41.296928327645055,97.02168986727096,66.49446653031946
39167,Ohio,Washington,42.04185161699429,32.30074217489513,99.00347546162617,88.79473928606568,35.93063207859556,63.201985727583,54.74263515700875,53.15515311571542
39169,Ohio,Wayne,67.59670259987318,23.039690222652467,98.75884463549453,87.3866004291675,35.729776391639135,74.96121625814459,66.07316283586921,59.25628836953305
39171,Ohio,Williams,52.15599239061509,35.398515650209745,99.3089967266076,90.24555811418418,32.999041665482544,81.97331678560347,52.3794108125607,54.01001994090756
39173,Ohio,Wood,80.78630310716551,15.32752500806712,99.4304763503648,84.2133658788964,40.867581967058214,77.38132174992244,91.64778245386856,59.202160692871864
39175,Ohio,Wyandot,71.21116043119848,67.44111003549533,99.91495384592692,94.41511297456452,29.546349910990813,71.23797704002482,45.93719650372289,61.47821897717587
40001,Oklahoma,Adair,10.748256182625235,55.05001613423685,97.0992774372232,81.57651145657499,11.198856600936915,23.673596028544836,7.089673033344123,30.700654991489863
40003,Oklahoma,Alfalfa,48.76347495244134,61.76185866408519,97.749825579466,91.17713018695636,35.03151285330793,74.7750542972386,87.79540304305601,49.92219943837856
40005,Oklahoma,Atoka,12.93595434369055,63.827040980961605,98.02358154812538,86.5810355541987,29.00864837705824,24.107973937325482,32.21107154418906,36.96817002522157
40007,Oklahoma,Beaver,54.85098287888396,74.05614714424009,98.60734838900368,91.2122329466174,31.8547707751284,81.16661495501086,72.38588539980576,55.640672103547175
40009,Oklahoma,Beckham,33.10082435003171,41.27137786382704,99.08240432697416,78.40075924508582,34.04460416366869,88.08563450201676,38.94464227905471,47.9746041842538
40011,Oklahoma,Blaine,23.811033608116677,63.472087770248464,96.16757070016268,88.22382925447842,29.609239249851463,76.91591684765746,46.746519909355776,41.948890943199075
40013,Oklahoma,Bryan,37.476220672162334,22.426589222329785,97.94050445846104,82.5610575479268,28.23516529549003,64.07074154514427,59.145354483651666,42.079862020801336
40015,Oklahoma,Caddo,18.26252377932784,36.49564375605034,98.05477220320674,88.97589241852799,17.637078531928992,43.43779087806392,26.804791194561343,44.767112312574696
40017,Oklahoma,Canadian,87.82498414711478,11.164891900613101,99.732064212671,85.5891616565629,40.15360761826812,45.67173440893577,93.62253156361282,60.99663745195856
40019,Oklahoma,Carter,42.26379201014584,16.71506937721846,98.9950005393955,83.7227660248535,31.928426926661352,62.395283896990385,50.275169957915175,44.84453864362003
40021,Oklahoma,Cherokee,33.069118579581485,32.81703775411423,97.06392556897924,81.7330070086726,29.63683530129077,41.35898231461371,38.7180317254775,36.52624601189632
40023,Oklahoma,Choctaw,8.306911857958148,49.66118102613746,96.24836392221226,81.68681991900608,21.609194168392143,38.349363946633574,19.29426999028812,27.607412428853895
40025,Oklahoma,Cimarron,67.08941027266962,70.99064214262665,99.38361554886852,97.24977191064524,32.212650349295814,98.66583928017376,45.87245063127226,41.9966621120821
40027,Oklahoma,Cleveland,86.11287254280279,5.517909002904163,99.70873223750972,80.19477434159357,40.1657402355465,56.376047161030094,93.3959210100356,59.71508803992079
40029,Oklahoma,Coal,17.723525681674065,61.05195224265893,98.08211266896669,86.54637878907211,16.35174431117191,41.88644120384735,48.494658465522825,36.72496085243409
40031,Oklahoma,Comanche,69.30881420418517,14.133591481122942,99.7409733143424,80.3140846123306,40.6934831564015,92.92584548557245,64.61638070573001,45.06668908088292
40033,Oklahoma,Cotton,15.66265060240964,85.35011293965795,96.60361273153796,88.88794713377405,19.482727978076376,20.5708966801117,52.15280025898349,41.880718768346426
40035,Oklahoma,Craig,23.113506658211794,43.17521781219748,96.7007373747422,80.57961434599166,27.016201428238514,40.08687558175613,45.22499190676594,34.81603244922784
40037,Oklahoma,Creek,38.11033608116677,16.263310745401743,98.65036877600802,81.62376498241767,27.278623532244357,25.473161650636058,75.94690838459049,51.44511734096103
40039,Oklahoma,Custer,45.814838300570706,31.913520490480803,99.12308889569128,82.90476711088371,36.94154465331432,91.12627986348123,58.562641631595994,53.1283716091464
40041,Oklahoma,Delaware,19.213696892834495,30.65505001613424,96.38890177662743,81.23920147738725,24.767664222965784,22.49457027614025,31.40174813855617,42.3373974500404
40043,Oklahoma,Dewey,22.859860494610015,83.80122620200065,96.51340089775874,90.55085940425498,26.506323141959168,56.96556003723239,63.70993849142117,40.463854391224835
40045,Oklahoma,Ellis,51.17311350665821,80.44530493707647,95.9468932280042,89.66673754440211,33.54990136860846,67.04933291964008,71.8355454839754,43.8850599439721
40047,Oklahoma,Garfield,61.60431198478123,14.94030332365279,99.50121604696498,83.48802576576843,34.863800901523746,93.08098045299411,40.46617028164455,51.9580610030105
40049,Oklahoma,Garvin,31.19847812301839,29.073894804775733,96.74742310035774,87.79559861886983,25.23742950303105,45.33043748060813,50.33991583036581,52.89927445859851
40051,Oklahoma,Grady,45.561192136968934,20.780897063568894,98.55933551247318,90.59914178262324,31.14395754467884,26.62116040955631,70.57300097118808,52.47691188925236
40053,Oklahoma,Grant,56.53138871274572,67.34430461439173,98.04881411475672,91.57864190023214,31.19908239499686,46.633571206950045,89.96438977015215,38.874737218252626
40055,Oklahoma,Greer,10.272669625871908,84.6079380445305,98.69573945502174,84.6440521307981,33.98332263269269,78.90164443065467,46.90838459048235,45.19286294744845
40057,Oklahoma,Harmon,9.036144578313252,87.7379799935463,98.46499469730917,86.84823460331458,26.571779454479433,79.61526528079429,17.999352541275492,51.214881774469966
40059,Oklahoma,Harper,41.59797083069118,67.05388835108099,98.498738992462,92.64274678478824,36.63197031202213,68.66273658082531,49.20686306247977,41.00703930694226
40061,Oklahoma,Haskell,8.465440710209258,71.95869635366248,97.82005022554011,86.00281721827827,16.33780967853451,24.201054917778464,23.89122693428294,34.05706627662226
40063,Oklahoma,Hughes,8.750792644261256,56.30848660858342,97.71070735320367,90.34848955009132,19.123782688731943,30.15823766677009,29.880220135966333,38.74580544026967
40065,Oklahoma,Jackson,50.7292327203551,26.91190706679574,99.45947535957788,90.68406355225169,35.04661425608472,98.5107043127521,42.14956296536096,51.504196381780105
40067,Oklahoma,Jefferson,14.616360177552314,70.02258793159083,98.27909457989342,87.01102754356033,21.17690167113241,23.084083152342544,34.38005827128521,30.912123549070497
40069,Oklahoma,Johnston,8.941027266962587,60.50338818973863,96.74431852310636,86.94302978788517,29.35847023154608,28.482780018616197,42.79702168986727,33.53171437215597
40071,Oklahoma,Kay,45.466074825618264,17.747660535656664,98.85214055491024,87.14835256034561,29.632545410334345,91.5916847657462,38.1029459371965,41.136382683037795
40073,Oklahoma,Kingfisher,66.26506024096386,35.882542755727656,98.58869993917638,88.28908150098249,39.19359105655368,48.40210983555694,61.57332470055034,58.38215786488864
40075,Oklahoma,Kiowa,13.157894736842104,66.9570829299774,99.12063107145975,86.85443492421332,22.977804742698645,61.55755507291343,32.081579799287795,36.07192341975222
40077,Oklahoma,Latimer,8.33861762840837,71.2810584059374,97.43241843263128,82.49603076018202,23.40769801414032,40.5522804840211,38.26481061832308,39.38358553296097
40079,Oklahoma,Le Flore,24.952441344324665,30.622781542433042,98.23679531214252,85.88286401654028,22.54073274498328,46.60254421346571,28.876659112981542,39.369008888353854
40081,Oklahoma,Lincoln,28.53519340519975,27.428202646014842,96.1483512638617,89.12611033595324,28.018192390935894,7.66366739062984,58.853998057623826,45.60701384862752
40083,Oklahoma,Logan,57.67279644895371,19.974185221039047,98.06787948246227,87.24531549056957,34.487523709321664,17.219981383803912,84.10488831337003,52.55694224566396
40085,Oklahoma,Love,33.6715282181357,62.98806066473056,97.23175526913316,87.25298427071115,23.31766102340901,33.416071982624885,46.00194237617352,49.17782306153396
40087,Oklahoma,Mcclain,54.438807863031066,23.78186511777993,98.62907997443928,86.01261445724316,35.788151748774894,18.77133105802048,91.58303658141791,64.418531558269
40089,Oklahoma,Mccurtain,13.823715916296766,30.816392384640206,96.31381974280902,86.29383660593757,21.941043002618727,43.96524976729756,12.495953382971836,36.76124202381711
40091,Oklahoma,Mcintosh,5.009511731135067,36.81832849306228,96.25726168600734,83.3965746713984,19.354175747903167,22.339435308718578,39.30074457753318,36.02553370513791
40093,Oklahoma,Major,67.50158528852252,65.08551145530816,97.3904420408065,92.88225956940964,28.90879080716067,59.478746509463235,82.77759792813208,58.61334440024323
40095,Oklahoma,Marshall,29.20101458465441,34.30138754436915,96.729204512617,86.3631728537572,25.19854143466482,39.43530871858517,25.704111362900615,39.14826828892291
40097,Oklahoma,Mayes,32.68864933417882,27.71861890932559,96.67307071036812,86.16543888776539,21.815852942560763,29.723859757989445,44.12431207510521,47.619145212956546
40099,Oklahoma,Murray,30.342422320862394,51.435947079703126,99.08543667267014,87.56729676148495,26.742208256400804,58.48588271796463,54.4512787309809,43.84340497571236
40101,Oklahoma,Muskogee,37.60304375396322,20.2000645369474,98.15429686492062,81.50985697566372,27.52531826455673,65.49798324542351,40.72515377144707,40.19957039865276
40103,Oklahoma,Noble,31.166772352568167,43.33656018070345,97.58389289261518,90.92417662588876,30.474081103231946,68.10425069810735,63.06247976691486,50.13896480127096
40105,Oklahoma,Nowata,18.32593532022828,54.17876734430461,97.54030888138146,86.90004419076345,21.939341173164244,13.403661185231158,42.18193590158628,38.34680477592717
40107,Oklahoma,Okfuskee,5.5485098287888395,53.98515650209745,97.4766844177008,80.86260244250575,15.038476102345358,25.90753955941669,24.473939786338622,36.155838840748814
40109,Oklahoma,Oklahoma,75.36461636017755,1.8393030009680542,99.91890825431658,75.12055731572322,48.79858181778467,71.14489605957183,56.87924894787957,62.42243167563174
40111,Oklahoma,Okmulgee,23.74762206721623,26.492416908680223,98.07975732827012,83.9470067059215,26.60125636288532,21.99813838039094,38.20006474587245,39.8139751996552
40113,Oklahoma,Osage,30.72289156626506,20.555017747660536,97.38957020760778,82.26062228950562,26.510742391900735,30.53056158858206,51.829070896730336,48.13296202417676
40115,Oklahoma,Ottawa,45.18072289156627,27.686350435624398,97.37986711171769,82.20381212830503,20.379777244888157,66.2736580825318,24.571058595014566,41.687916894087785
40117,Oklahoma,Pawnee,21.87698161065314,45.36947402387867,97.73348659015667,87.656857166155,27.11825810497358,8.501396214706801,64.16315959857559,48.95029044429782
40119,Oklahoma,Payne,72.16233354470513,15.198451113262342,99.03606158568115,65.86422063486837,37.3224516408106,87.77536456717344,85.3026869537067,47.73176653637314
40121,Oklahoma,Pittsburg,25.237793278376664,29.39657954178767,97.25811422358,83.57589082908551,29.9475195590881,75.11635122556623,44.90126254451279,40.55382400623844
40123,Oklahoma,Pontotoc,71.36968928344959,29.138431752178125,99.31718743294158,87.94823370054667,35.32268342872292,88.76822835867205,68.08028488183878,48.37037770165626
40125,Oklahoma,Pottawatomie,33.005707038681045,17.263633430138757,97.94988610262742,84.64210955322207,28.16169629685477,38.44244492708656,60.63450955001619,48.42452623874674
40127,Oklahoma,Pushmataha,6.5630944831959415,70.79703130041949,97.20735786993406,82.13436099731962,23.30490954916215,22.61867825007758,33.40887018452573,29.024221210301175
40129,Oklahoma,Roger Mills,20.323398858592263,84.0593739916102,97.1446530228289,89.32063360312578,32.91604056204672,52.776915916847656,53.67432826157332,44.82810580414864
40131,Oklahoma,Rogers,69.18199112238428,16.06969990319458,98.37707223639964,86.3183270271734,38.17190089306539,30.00310269934843,87.5687924894788,54.85317330841011
40133,Oklahoma,Seminole,18.833227647431833,35.17263633430139,97.03797472364496,82.68236115130688,21.832617720387947,38.16320198572758,26.64292651343477,32.43941558190367
40135,Oklahoma,Sequoyah,22.66962587190869,27.97676669893514,96.9187584327115,84.3549632218024,20.691944955097657,27.365808253180262,32.5024279702169,38.26044882424223
40137,Oklahoma,Stephens,39.980976537729866,28.138109067441107,98.63386530468549,86.57046216121617,31.61073936484316,71.39311200744648,47.16736808028488,43.65163268065978
40139,Oklahoma,Texas,72.66962587190868,51.30687318489835,99.22510951321084,78.90729417045073,34.201041523764296,90.87806391560657,23.567497572029783,48.15548578658681
40141,Oklahoma,Tillman,5.485098287888396,83.60761535979348,98.16435808951492,78.79457433928975,24.065787779176397,47.19205708966802,36.549044998381355,35.71067842757429
40143,Oklahoma,Tulsa,76.56943563728599,3.323652791222975,99.4509741386807,78.29986722621014,44.23069426009122,84.36239528389699,73.87504046617028,56.13093494543551
40145,Oklahoma,Wagoner,57.76791376030438,21.878025169409486,98.15923022197975,85.45307414259648,29.601687519428175,30.065156686317096,87.66591129815474,55.723678889391586
40147,Oklahoma,Washington,66.29676601141408,21.07131332687964,99.21321185755258,88.3293051337076,36.153415564527606,70.46230220291653,64.8106183230819,49.25815022883265
40149,Oklahoma,Washita,21.908687381103363,70.50661503710874,98.7221387923555,89.00692198800476,22.876764751700556,63.66739062984797,63.32146325671738,44.92160609688872
40151,Oklahoma,Woods,47.74889029803424,65.4727331397225,98.610987178291,85.1528495999432,38.41708245046417,92.2742786224015,80.9647134995144,48.37044525506974
40153,Oklahoma,Woodward,51.5852885225111,56.24394966118103,98.84470707160796,87.96292548838716,33.36222897395949,84.14520632950668,47.1997410165102,51.21259510523373
41001,Oregon,Baker,41.21750158528853,50.43562439496612,98.3602523604697,80.11679732359624,42.17132697661141,92.21222463543283,51.57008740692781,50.02888178980241
41003,Oregon,Benton,83.13253012048193,16.037431429493385,99.36941139448084,61.137557011355746,59.41474666408767,86.19298789947254,98.89932016833929,66.01158240451839
41005,Oregon,Clackamas,92.51743817374762,1.8070345272668602,96.56843040677926,63.90093646153272,52.06815206592297,27.210673285758617,97.60440271932664,70.88164317709855
41007,Oregon,Clatsop,67.05770450221941,34.23685059696676,98.30771899880958,69.94726527412158,43.30529584806358,78.65342848278001,78.21301392036257,60.176876175352675
41009,Oregon,Columbia,50.19023462270133,34.20458212326557,98.52722305174798,67.31382010769913,38.65114251838359,6.701830592615579,79.281320815798,66.5482532485922
41011,Oregon,Coos,51.7438173747622,29.783801226202,97.88132273827816,76.70625571273196,41.61904496261609,82.28358672044679,45.25736484299126,52.69464511047832
41013,Oregon,Crook,29.296131896005072,34.5918038076799,98.41312724703712,78.8372149055648,38.7434715963949,53.67669872789327,60.60213661379087,60.78995849598519
41015,Oregon,Curry,58.46544071020926,40.59373991610197,,69.44534274771875,41.14769645917755,86.87558175612783,59.922304953059246,62.55581524816661
41017,Oregon,Deschutes,80.69118579581483,6.9699903194578905,99.08352404877448,67.99813871072452,56.819949568885704,83.02823456407074,89.09032049206863,69.37701935275254
41019,Oregon,Douglas,44.64172479391249,11.616650532429816,97.17915080639564,74.91117955235502,33.78429583210539,74.52683834936394,49.6924571058595,50.499917942095216
41021,Oregon,Gilliam,51.83893468611287,67.60245240400128,94.72236502526846,79.2486513605423,27.697099273242067,88.52001241079739,81.74166396892198,49.33081714430966
41023,Oregon,Grant,32.561826252377934,74.02387867053888,,78.84016212496608,43.969426638725515,83.61774744027304,62.64163159598576,43.91370152973149
41025,Oregon,Harney,27.10843373493976,67.82833171990966,,83.48576485301582,38.62559432681488,88.27179646292274,36.775655551958565,49.16905620266926
41027,Oregon,Hood River,91.69308814204186,33.36560180703453,97.98017498543214,69.00498913039897,64.3253478483376,83.33850449891406,55.22822920038848,74.40702217656865
41029,Oregon,Jackson,70.32339885859227,5.485640529202969,98.37843381937476,68.84083121185243,46.08838392901771,87.06174371703382,73.74554872126902,60.54072056767387
41031,Oregon,Jefferson,30.08877615726062,29.525653436592446,98.79796576769348,75.4186488767974,34.905257691266506,54.82469748681353,20.200712204596957,58.011009914340185
41033,Oregon,Josephine,43.056436271401395,11.487576637625041,97.78294207237694,63.77655553538264,42.11553557128937,70.36922122246355,54.48365166720621,51.37259789620237
41035,Oregon,Klamath,37.88839568801522,8.292997741206841,95.94517213676036,70.74715871532266,39.80784640015603,88.0235805150481,38.36192942699903,46.71042535650981
41037,Oregon,Lake,35.35193405199746,68.98999677315263,92.40311358838282,75.47277324900979,32.16539171584419,92.42941358982314,45.80770475882163,33.84911589746381
41039,Oregon,Lane,74.69879518072288,3.969022265246854,98.60912806979454,63.23795906053178,46.08817971183297,84.20726031647533,82.97183554548397,65.3808702006281
41041,Oregon,Lincoln,53.01204819277109,34.914488544691835,98.02509821993182,71.37916875471275,43.48774280998548,75.92305305615886,54.58077047588217,54.57961857663442
41043,Oregon,Linn,53.07545973367153,7.324943530171023,98.20604528068009,69.20473862308828,38.19501220248392,49.30189264660254,71.38232437682099,54.74318586221218
41045,Oregon,Malheur,43.34178820545339,43.6269764440142,98.00424842611586,74.31795575736427,31.85162791855524,83.2764505119454,29.32988022013597,53.25691993148875
41047,Oregon,Marion,68.83322764743183,4.065827686350436,98.58700319394144,68.36630419999008,42.541686265745895,55.94166925224946,74.78148268047912,59.9594897064047
41049,Oregon,Morrow,69.24540266328472,39.04485317844466,96.00090329690607,83.9067030599762,34.06781757348335,66.61495501085945,43.18549692457106,58.0616809136441
41051,Oregon,Multnomah,88.99809765377299,0.9680542110358179,99.25402785253648,57.02025705197149,57.42811936360892,52.37356500155135,96.0828747167368,66.20552255707047
41053,Oregon,Polk,71.5282181357007,17.909002904162634,98.71420971229972,69.1308526077066,43.35100859479867,39.03195780328886,92.81320815797991,60.477855484157466
41055,Oregon,Sherman,61.47748890298034,58.76089060987415,94.73325340042685,82.61503670641217,27.131514369723327,61.7126900403351,68.27452249919068,44.38534134860067
41057,Oregon,Tillamook,58.30691185795814,50.467892868667306,97.31205413346942,74.00892522775752,37.749190645189294,72.85138070121005,51.69957915182907,60.42265477308563
41059,Oregon,Umatilla,49.14394419784401,10.293643110680865,98.49293930431732,80.0015211873446,36.600723029994555,81.6009928637915,43.86532858530269,51.644806092349135
41061,Oregon,Union,45.59289790741915,50.11293965795418,98.19174390060574,79.80324630649552,43.09674516934296,92.95687247905678,61.67044350922629,54.955794015538864
41063,Oregon,Wallowa,42.70767279644895,76.50855114553082,99.1525568836971,87.0832330952674,49.38592832375774,92.83276450511946,70.05503399158303,54.02749711463244
41065,Oregon,Wasco,48.25618262523779,12.455630848660858,97.91660418720916,69.58830182381956,43.0530094259816,85.66552901023891,40.628034962771125,53.28185081365772
41067,Oregon,Washington,96.5440710209258,3.0977734753146176,98.1961441089319,65.72046404707795,57.30969007635303,53.73875271486193,97.0864357397216,76.61024447905291
41069,Oregon,Wheeler,63.69689283449588,77.57341077767022,,81.93414748808006,34.973962769935504,33.229910021718894,78.79572677241826,32.22226178091622
41071,Oregon,Yamhill,75.26949904882689,15.876089060987416,98.69177764771312,61.50174815053868,43.11937367290728,31.39931740614334,84.91421171900292,59.04033647312381
42001,Pennsylvania,Adams,80.15218769816107,27.363665698612454,100.0,82.87671350679231,39.27986089358805,29.444616816630457,83.81353188734218,63.13994719227239
42003,Pennsylvania,Allegheny,91.78820545339252,1.032591158438206,99.99188694266223,79.53958503852135,52.90490027259536,36.14644740924604,75.07283910650696,69.88115685765399
42005,Pennsylvania,Armstrong,57.41915028535194,25.169409486931265,,88.14566224575557,35.1085215774894,19.547005895128763,42.53803820006475,58.47044734873791
42007,Pennsylvania,Beaver,62.587190868738105,12.262020006453694,100.0,82.74714662280387,41.319898544011565,37.9770400248216,57.75331822596309,55.28823340246372
42009,Pennsylvania,Bedford,60.90678503487634,39.62568570506615,100.0,88.02034799294678,32.27261645358216,33.69531492398387,23.988345742958884,53.817290543937375
42011,Pennsylvania,Berks,79.70830691185796,6.453694740238787,99.9876560462322,77.53689121950356,45.43658644467197,55.383183369531494,72.93622531563612,62.12640818312247
42013,Pennsylvania,Blair,60.74825618262524,20.7486285898677,,83.10053190671418,39.74551676276964,79.36704933291963,34.47717707996115,55.67279087227844
42015,Pennsylvania,Bradford,53.6144578313253,43.53017102291062,100.0,87.59097535166339,40.57695202363792,45.640707415451445,38.39430236322434,60.9543863715928
42017,Pennsylvania,Bucks,97.5586556753329,4.646660212971927,100.0,74.03645916297978,52.410946614962526,20.136518771331055,94.78795726772418,73.81319022647521
42019,Pennsylvania,Butler,89.18833227647431,13.326879638593095,100.0,83.04635848896102,47.75678540213353,29.196400868755816,83.32793784396245,68.86121029738806
42021,Pennsylvania,Cambria,57.13379835129994,24.911261697321716,99.99757029464068,86.69496431845997,40.47781415104292,61.30933912503879,32.43768209776627,50.99410541831436
42023,Pennsylvania,Cameron,37.53963221306278,92.73959341723138,,84.5700773890404,29.51332362913981,92.33633260937015,13.531887342181935,50.27493520361491
42025,Pennsylvania,Carbon,57.89473684210527,42.30396902226525,100.0,72.47911917322449,32.98375667363582,8.997828110456098,68.98672709614762,61.32865523050284
42027,Pennsylvania,Centre,96.51236525047558,29.235237173281703,100.0,68.6481294655621,47.603070236477286,75.82997207570587,89.54354159922305,73.53398853032688
42029,Pennsylvania,Chester,98.1293595434369,6.518231687641174,100.0,76.2304733168336,57.24458581550809,23.642569035060504,94.5937196503723,73.36351944755977
42031,Pennsylvania,Clarion,42.64426125554851,65.63407550822846,100.0,85.62737504516078,32.982300426442585,48.991622711759234,36.93752023308514,59.35463791655458
42033,Pennsylvania,Clearfield,50.31705770450222,38.07679896740884,,86.45759739272626,37.152905662212206,41.94849519081602,21.30139203625769,50.46086436843371
42035,Pennsylvania,Clinton,44.83195941661383,50.242013552758955,,82.20576507399066,33.04147707642998,46.50946323301272,43.120751052120426,56.14169108065785
42037,Pennsylvania,Columbia,66.67723525681673,34.97902549209422,,82.77202144616949,36.52434133869942,71.30003102699348,59.501456782130134,59.418037705380016
42039,Pennsylvania,Crawford,66.70894102726696,29.816069699903196,,86.6131371350184,36.85359959694834,59.19950356810425,37.61735189381677,54.66264866529493
42041,Pennsylvania,Cumberland,95.59289790741914,9.809616005162956,100.0,81.36450788402456,51.66246950399756,74.8681352776916,90.09388151505344,68.00042007077029
42043,Pennsylvania,Dauphin,81.38871274571972,6.744111003549532,,76.61841887594095,47.94767308646418,69.0350605026373,68.66299773389446,67.94980796380952
42045,Pennsylvania,Delaware,90.36144578313254,3.130041949015812,,66.43366990970149,52.05676133765114,21.160409556313994,85.20556814503075,72.49980386336755
42047,Pennsylvania,Elk,74.73050095117311,66.18263956114876,,95.4340706356834,35.80596868994713,86.22401489295687,32.243444480414375,61.55810286406992
42049,Pennsylvania,Erie,63.06277742549143,13.230074217489513,100.0,78.93144408530857,42.658479378363,84.26931430344399,43.37973454192296,51.4565377498397
42051,Pennsylvania,Fayette,40.04438807863031,24.362697644401422,,76.83607401828542,35.519688284027474,32.08191126279864,27.38750404661703,48.45104759210075
42053,Pennsylvania,Forest,15.821179454660747,87.38302678283317,,87.72784546180868,33.5109466023019,33.78839590443687,53.90093881515053,36.72486552739287
42055,Pennsylvania,Franklin,79.99365884590995,21.39399806389158,100.0,84.15660632072495,39.8637132132041,52.99410487123798,64.22790547102622,61.35841980172723
42057,Pennsylvania,Fulton,41.058972733037415,88.93191352049048,,90.4865893250399,30.32668015895277,9.773502947564381,27.06377468436387,59.08630240235718
42059,Pennsylvania,Greene,63.76030437539632,42.36850596966764,100.0,89.17031287977191,35.467591618996714,16.723549488054616,39.07413402395598,55.4110263365293
42061,Pennsylvania,Huntingdon,39.66391883322765,53.01710229106163,,91.29427475157183,34.538408194319125,14.892956872479061,26.319197151181612,58.35975451321444
42063,Pennsylvania,Indiana,68.70640456563095,32.849306227815426,100.0,85.27453755092618,38.288105380044136,41.45206329506671,50.79313693752023,53.40398670600632
42065,Pennsylvania,Jefferson,54.02663284717819,41.11003549532107,100.0,85.00702565424984,34.54343894603993,60.905988209742475,27.25801230171577,54.94774321427184
42067,Pennsylvania,Juniata,59.036144578313255,57.244272345918034,100.0,90.43315859083415,28.831915091677253,9.12193608439344,27.16089349303982,64.2007478190265
42069,Pennsylvania,Lackawanna,75.64996829422955,14.391739270732495,,77.050610940623,46.780823682195376,80.6081290722929,54.257041113629,58.34115959263916
42071,Pennsylvania,Lancaster,84.49587824984147,5.3888351080993875,99.99755833881515,76.22114898600789,44.41678069387422,60.50263729444617,78.34250566526384,64.79342282565419
42073,Pennsylvania,Lawrence,62.33354470513633,21.297192642787994,100.0,86.05194444355936,36.071239963976794,59.82004343779088,38.03820006474587,54.21949545379841
42075,Pennsylvania,Lebanon,83.44958782498415,13.617295901903839,,81.39616086380735,43.53965773202869,58.9512876202296,66.29977338944643,60.16676617673098
42077,Pennsylvania,Lehigh,87.15916296766011,3.8722168441432716,100.0,70.59925672045098,49.34380714598888,59.633881476884895,77.92165749433474,60.820471130709365
42079,Pennsylvania,Luzerne,74.4134432466709,13.004194901581156,,78.25193927568249,40.65134211496781,68.8488985417313,50.890255746196175,55.79630258858952
42081,Pennsylvania,Lycoming,65.53582752060875,24.878993223620522,100.0,80.27040216567363,38.62922330387124,82.22153273347813,50.56652638394302,52.74069349886308
42083,Pennsylvania,Mckean,44.73684210526316,62.95579219102937,,91.14936817937412,37.13580637774244,72.66521874030406,18.74393007445775,55.58239738692255
42085,Pennsylvania,Mercer,47.526949904882684,18.03807679896741,100.0,87.31207030186218,39.73342189000161,71.95159789016444,40.174813855616705,52.46163865562402
42087,Pennsylvania,Mifflin,69.34051997463538,32.62342691190707,,87.6736186623056,32.565984844272826,58.70307167235495,25.445127873098087,52.06340184973025
42089,Pennsylvania,Monroe,64.20418516169943,23.362374959664407,100.0,69.92683481205925,38.56512557920121,6.981073533974566,88.34574295888638,61.55571280576295
42091,Pennsylvania,Montgomery,98.41471147748892,2.8718941594062604,100.0,74.02143894554531,61.42453200873028,24.666459820043443,96.4713499514406,77.98143049478855
42093,Pennsylvania,Montour,84.81293595434369,71.76508551145531,,80.17973275138992,84.14845480041595,76.76078188023581,86.69472321139527,70.67388621835423
42095,Pennsylvania,Northampton,86.62016487000635,6.679574056147144,99.99782963450238,75.51835206534388,47.64278671457937,40.86255041886441,90.64422143088376,64.61015658805475
42097,Pennsylvania,Northumberland,66.93088142041852,22.620200064536945,100.0,87.05112222479931,32.74602933098761,45.76481538938877,35.51311103917125,54.684193834687754
42099,Pennsylvania,Perry,58.6556753329106,38.8189738625363,,82.31293509104694,31.91180217976852,2.2959975178405188,72.80673357073486,64.1307391276329
42101,Pennsylvania,Philadelphia,59.22637920101459,0.7421748951274605,,53.746209205614896,40.72104970757962,7.446478436239516,53.12398834574296,64.49240518241463
42103,Pennsylvania,Pike,59.28979074191503,46.8215553404324,99.99869780497085,65.31587638503478,37.867057519140566,0.5584858827179602,89.31693104564584,64.21598749813774
42105,Pennsylvania,Potter,27.29866835764109,86.31816715069377,,87.39452013750964,29.336634727068507,49.612162581445865,28.973777921657497,57.06493118507813
42107,Pennsylvania,Schuylkill,61.50919467343057,19.651500484027107,99.99538797331752,88.33001776227778,34.06265448835809,34.90536766987279,41.761087730657174,56.547667569384025
42109,Pennsylvania,Snyder,78.85225110970197,41.464988706034205,100.0,89.45773008855325,36.91309703544181,56.53118212845175,54.35415992230496,62.456443242893066
42111,Pennsylvania,Somerset,53.772986683576406,42.62665375927719,,90.1768445384308,32.670163997778474,50.76016134036612,38.75040466170282,55.1361214463386
42113,Pennsylvania,Sullivan,35.41534559289791,93.0622781542433,,89.46479297433123,31.1034742842451,17.34408935774124,49.53059242473292,51.54565940309216
42115,Pennsylvania,Susquehanna,55.42168674698795,57.63149403033236,,85.36017700605146,34.74448888745037,26.683214396524974,50.76076400129492,59.342266464227855
42117,Pennsylvania,Tioga,49.714648065948005,60.89060987415296,100.0,85.61170384678118,34.929833776395974,43.003412969283275,34.83327937843963,54.751673098216514
42119,Pennsylvania,Union,89.56880152187698,37.97999354630526,100.0,87.81193135580511,46.34390484976908,78.18802358051505,76.01165425704112,52.6724168396981
42121,Pennsylvania,Venango,50.38046924540266,45.53081639238464,,88.85789436969226,33.747167402027536,67.1734408935774,31.790223373259956,56.10775775292894
42123,Pennsylvania,Warren,49.461001902346226,43.78831881252017,100.0,91.54574449076064,35.8219336381661,75.73689109525287,26.027840725153773,57.60703865804165
42125,Pennsylvania,Washington,77.1718452758402,12.64924169086802,99.99006398426182,83.29986133582614,44.60519450748918,29.010238907849825,74.1016510197475,61.28277928801427
42127,Pennsylvania,Wayne,67.53329105897274,56.34075508228461,100.0,79.84981691541705,36.8197831861275,29.10331988830282,66.52638394302363,62.107253932307785
42129,Pennsylvania,Westmoreland,79.74001268230818,9.712810584059374,100.0,83.39108001890528,46.89772051152352,33.0437480608129,74.5548721269019,59.14805179755292
42131,Pennsylvania,Wyoming,56.40456563094484,64.76282671829622,100.0,84.76481465771558,36.080407086089096,33.63326093701521,55.94043379734542,63.02177204797184
42133,Pennsylvania,York,87.19086873811034,8.45434010971281,99.99267501644547,80.94290705302743,42.24580996183896,42.69314303443996,77.40369051472969,68.48763872919803
44001,Rhode Island,Bristol,96.79771718452758,55.3081639238464,,73.86836087537972,61.19014931092637,38.13217499224325,92.16574943347362,72.21722223777213
44003,Rhode Island,Kent,94.99048826886494,21.039044853178446,,72.34282719757968,50.279359539782014,47.59540800496433,91.25930721916478,71.52521497830233
44005,Rhode Island,Newport,98.70006341154092,52.21039044853178,,70.6644186688042,59.606696087303206,62.55041886441204,89.4464227905471,72.1733371872588
44007,Rhode Island,Providence,82.56182625237794,3.8076798967408845,,65.8240670589757,49.896260398188254,54.359292584548555,64.68112657818064,68.37643259401514
44009,Rhode Island,Washington,95.90995561192138,42.5298483381736,,74.67385338884365,54.50927155119204,36.51877133105802,95.4354159922305,81.61863118867423
45001,South Carolina,Abbeville,7.324032974001268,61.729590190384,95.49804480559467,87.0772223840937,29.088225989608375,28.017375116351232,10.003237293622531,53.58771390053824
45003,South Carolina,Aiken,48.60494610019023,16.81187479832204,95.66545475539216,81.69394572283629,35.486398673523865,39.28017375116352,36.87277436063451,57.52504816158135
45005,South Carolina,Allendale,0.6341154090044389,69.95805098418845,97.71097114612223,76.682300454383,27.516157690804633,13.093391250387839,0.906442214308838,44.39261945611259
45007,South Carolina,Anderson,41.69308814204185,14.488544691836076,92.46068433461564,83.36972803044252,35.71439029442784,43.189574930189266,30.398187115571385,52.01737241878666
45009,South Carolina,Bamberg,2.4096385542168677,63.24620845434011,96.79964527365348,79.38549103343406,27.20534531736204,16.847657461991943,3.5610229847847203,44.89429083491078
45011,South Carolina,Barnwell,11.414077362079896,58.050984188447885,93.1087657447242,75.44509198194446,27.076464577943128,17.871548246974868,6.183230819035287,46.94796181943918
45013,South Carolina,Beaufort,81.03994927076728,17.65085511455308,95.00048194020184,70.89223640056757,56.16321842371362,52.68383493639466,49.627711233408874,63.01184583160138
45015,South Carolina,Berkeley,85.09828788839569,13.939980638915781,95.88362164314276,72.30637985370647,39.3318442015912,17.064846416382252,53.73907413402396,58.61194298586967
45017,South Carolina,Calhoun,22.38427393785669,80.18715714746692,93.22715806725728,74.77510987204667,26.14563420460691,12.62798634812286,8.578828099708643,56.908856764785845
45019,South Carolina,Charleston,87.98351299936589,9.131978057437882,98.84258956688564,66.3246814153234,60.00824516606378,48.86751473782191,63.54807381029459,72.61996422856994
45021,South Carolina,Cherokee,15.916296766011415,28.07357212003872,94.90155289191014,86.03948734956052,28.937624011923653,42.631089047471306,6.377468436387181,51.54580344611679
45023,South Carolina,Chester,8.528852251109702,60.56792513714101,93.75011829094566,82.63896459133356,22.166706533439775,11.448960595718276,4.402719326642926,55.00008894481244
45025,South Carolina,Chesterfield,12.682308180088777,40.496934494998385,91.3309319869099,83.71514500504652,26.380737499640244,32.516289171579274,5.212042732275817,50.093494436931664
45027,South Carolina,Clarendon,15.757767913760304,38.94804775734107,90.8047363441196,83.94521809506328,27.143294079309097,17.778467266521872,6.6364519261897055,54.03969817805191
45029,South Carolina,Colleton,21.75015852885225,31.429493384962893,90.92850087008313,82.14848940557535,25.747842889388657,7.353397455786521,4.111362900615085,48.422888947201635
45031,South Carolina,Darlington,21.21116043119848,35.46305259761213,87.70786463479723,78.73904633110071,29.16597776296399,55.44523735650016,7.769504694075753,47.187613206087136
45033,South Carolina,Dillon,5.580215599239061,33.33333333333333,86.73410525229774,79.17743274714813,18.695006485611625,21.65684145206329,1.4567821301392037,37.45974423650094
45035,South Carolina,Dorchester,73.52568167406469,16.876411745724425,96.5661329259766,68.7960917995382,41.17714544978779,11.635122556624268,69.43994820330204,59.228244024249584
45037,South Carolina,Edgefield,16.13823715916297,75.86318167150694,98.86973277593454,82.58064117729649,30.41500599191878,19.578032888613095,27.905471026222077,49.71227308366195
45039,South Carolina,Fairfield,7.102092580849714,70.7647628267183,87.9577767551114,70.27115124020912,21.876971608349987,5.274588892336325,3.010683068954354,53.144206159632155
45041,South Carolina,Florence,37.76157260621433,20.329138431752177,91.8476159037277,77.14285745302813,37.003124238977186,57.24480297859137,14.438329556490771,54.00775285861863
45043,South Carolina,Georgetown,32.27647431832594,31.01000322684737,95.0207413049856,82.2262451422694,40.92730495881305,28.85510394042818,9.388151505341536,53.70357020778711
45045,South Carolina,Greenville,73.90615091946734,6.7763794772507255,93.76602143391776,79.403221193627,50.972175576760094,61.46447409246044,57.46196179993526,66.30431454541696
45047,South Carolina,Greenwood,26.31578947368421,33.04291707002259,95.94266619707314,81.32487742324885,42.23884087673513,74.09246044058331,9.614762058918744,53.34881318092736
45049,South Carolina,Hampton,8.497146480659481,46.33752823491449,93.6314922758443,82.31151379216693,23.077641017932677,7.136208501396197,0.8416963418582066,53.61015435935031
45051,South Carolina,Horry,56.81674064679771,17.16682800903517,99.99004544698454,74.39640709629879,40.31260257116104,56.93453304374806,36.12819682745225,57.06470675797728
45053,South Carolina,Jasper,68.86493341788206,31.268151016456926,91.54583095865873,70.85644614639307,35.11717881254153,3.9714551659943993,8.643573972159276,57.49399947735037
45055,South Carolina,Kershaw,40.20291693088142,43.04614391739271,94.15005703338444,83.29992410100523,31.06541402948565,11.293825628296617,29.62123664616381,55.52041337040211
45057,South Carolina,Lancaster,32.05453392517438,30.977734753146173,93.86290248512648,84.98484410204517,38.8328606818445,16.785603475023265,14.891550663645193,59.70706072863559
45059,South Carolina,Laurens,25.015852885225108,30.138754436915132,93.99923765776116,80.08746251795581,27.87650699173061,31.926776295376982,8.870184525736484,52.38983730600952
45061,South Carolina,Lee,10.716550412175016,70.66795740561471,89.50044217176347,80.89412007736004,18.50340304021959,15.947874650946332,1.6833926837164133,50.89388927322216
45063,South Carolina,Lexington,91.72479391249207,12.326556953856082,94.61399640731229,81.50155241273656,42.65766878028535,33.72634191746819,54.80738102945936,61.53643258597621
45065,South Carolina,Mccormick,3.6461636017755232,89.41594062600839,97.94271177077384,86.34668128773517,37.06661264440221,1.9236735960285358,17.707996115247653,57.88108735605554
45067,South Carolina,Marion,7.5776791376030435,37.52823491448854,93.04667970582398,79.05053494755681,20.958896836074157,15.699658703071677,1.4891550663645192,43.18977091873831
45069,South Carolina,Marlboro,1.2048192771084338,51.40367860600193,91.652489428924,76.41121120542257,21.41563942087902,31.213155445237362,1.003561022984785,33.20277432649958
45071,South Carolina,Newberry,33.92517438173748,45.78896418199419,96.06868674161385,81.06561457235368,32.133734455164294,35.8051504809184,18.517319520880545,52.058613468904056
45073,South Carolina,Oconee,39.82244768547876,25.84704743465634,94.06647789807592,85.72771048594629,35.56988339973253,55.35215637604716,26.060213661379088,47.18178418995642
45075,South Carolina,Orangeburg,18.6429930247305,25.621168118747985,82.01124333018697,75.58137466196973,26.70775075466824,22.773813217499224,3.237293622531564,42.62670170980164
45077,South Carolina,Pickens,40.805326569435636,24.10454985479187,97.10278584447846,72.65752932752115,37.78422554752964,33.819422897921186,53.44771770799611,49.37888319370076
45079,South Carolina,Richland,84.30564362714014,8.906098741529526,90.99890733958377,67.59499236782943,47.73739763561428,63.388147688488985,47.29685982518615,54.83523094713451
45081,South Carolina,Saluda,15.69435637285986,68.69958050984188,96.8394948505665,74.58141721213168,26.021685132661375,6.856965560037224,5.244415668501133,52.63571799150994
45083,South Carolina,Spartanburg,44.22954977805961,9.841884478864149,93.62138011767172,81.15648442391478,37.5614944260737,57.18274899162271,37.0670119779864,53.44951114121548
45085,South Carolina,Sumter,38.77615726062144,26.815101645692156,92.31858215746932,76.32872272514244,36.67170838717534,65.40490226497053,13.467141469731306,54.47132954995003
45087,South Carolina,Union,8.14838300570704,48.88673765730881,96.0850268135124,82.67863722873297,23.50603463630553,25.255972696245735,1.3920362576885723,49.02791228492052
45089,South Carolina,Williamsburg,2.631578947368421,38.52855759922556,92.00744450143164,73.89170234640328,21.310085480620995,7.911883338504495,1.1006798316607316,47.6320864332094
45091,South Carolina,York,74.571972098922,13.068731848983543,97.34602029792607,76.04057779945313,46.09145116463005,28.110456096804214,54.0304305600518,67.03605233284239
46003,South Dakota,Aurora,95.0856055802156,91.09390125847048,98.33671964138615,94.03467051405885,36.65192524981674,75.95408004964318,55.810942052444155,55.40931836086395
46005,South Dakota,Beadle,85.60558021559925,62.43949661181026,99.66669637631732,84.94484369086838,49.387501300688776,97.89016444306547,34.08870184525736,62.51350619142704
46007,South Dakota,Bennett,16.265060240963855,97.61213294611166,98.97741653161566,76.69967420600314,30.031066753365423,86.3481228668942,17.092910326966656,25.885408833248626
46009,South Dakota,Bon Homme,77.33037412809132,91.70700225879315,99.38538895314606,92.658881544324,44.7368862840719,66.21160409556313,62.1236646163807,46.97647690794713
46011,South Dakota,Brookings,91.28091312618896,42.433042917070026,99.50785022234832,88.47141556543804,52.310516043915406,98.60378529320509,89.2198122369699,62.707604994792845
46013,South Dakota,Brown,92.23208623969562,38.883510809938684,99.41700849471604,86.9726236693361,54.396042559852255,99.34843313682904,63.159598575590806,64.09344918086352
46015,South Dakota,Brule,77.04502219403932,66.08583414004518,99.5907281281046,92.92763307568224,48.13456449453282,90.69190195470058,59.112981547426344,52.08066515510557
46017,South Dakota,Buffalo,2.9486366518706406,96.7408841561794,,57.996676274042,24.486376431316653,84.176233322991,15.830365814179345,21.32491353333971
46019,South Dakota,Butte,52.40963855421686,84.5434010971281,99.05098387353486,79.22397029523664,47.839222051790465,70.83462612472852,66.91485917772741,58.95060689842042
46021,South Dakota,Campbell,85.47875713379835,98.12842852533075,97.04681079693287,92.64799041423268,37.56317503739231,91.1883338504499,44.80414373583684,58.418474964423346
46023,South Dakota,Charles Mix,39.72733037412809,68.76411745724427,97.80694788955124,84.37395328187361,33.810508483279925,95.81135587961526,15.247652962123665,51.68775464396984
46025,South Dakota,Clark,90.1712111604312,96.03097773475314,,84.37179350554459,49.24495374414109,70.24511324852622,70.67011977986404,56.73861508896241
46027,South Dakota,Clay,87.53963221306277,73.60438851242336,99.46988684292496,72.50391808021108,47.13060464653146,81.41483090288551,97.24830042084815,56.63802199362416
46029,South Dakota,Codington,90.67850348763476,34.269119070667955,99.48830764028658,83.03716150219985,57.697763068824095,97.64194849519082,58.20653933311751,63.67264516600654
46031,South Dakota,Corson,3.1705770450221937,88.09293320425944,96.63959703227974,81.21756301226338,11.62303327652454,56.74837108284208,17.384266752994495,27.14090236148866
46033,South Dakota,Custer,64.87000634115408,94.675701839303,96.3752004583196,80.11545633416104,50.675217606499565,49.270865653118214,91.80964713499516,61.08913577488866
46035,South Dakota,Davison,93.3734939759036,56.50209745079058,99.48707647287644,88.69571183112014,53.67433372234614,98.9140552280484,58.82162512139851,56.667634733381824
46037,South Dakota,Day,55.389980976537736,86.2536302032914,98.22766370886242,92.0712603245851,42.7243182023267,70.61743717033819,52.249919067659434,48.97887977612932
46039,South Dakota,Deuel,90.64679771718453,91.31978057437883,97.95927619791073,96.55802035076373,45.13936322156693,47.50232702451133,70.34639041761088,59.96558869790733
46041,South Dakota,Dewey,6.3411540900443875,55.40496934494998,99.6008354771424,83.4549409393254,14.560796074041797,87.43406763884579,5.050178051149239,30.022353529034465
46043,South Dakota,Douglas,91.4711477488903,94.51435947079703,97.89899215319274,89.69437758873603,40.53651281778277,81.75612783121315,59.728067335707344,61.94497107976021
46045,South Dakota,Edmunds,95.18072289156626,97.16037431429493,99.13673153977967,89.51433312600236,47.5169255173126,72.6031647533354,61.21722240207187,64.81235270952936
46047,South Dakota,Fall River,49.65123652504756,85.93094546627944,97.75347232169725,74.71674241828053,47.66005014687728,76.3574309649395,79.21657494334737,47.77656464650173
46049,South Dakota,Faulk,82.81547241597971,97.32171668280091,99.10138951657284,91.08282239339133,39.34292466990116,86.28606887992554,65.91129815474264,44.51220641817912
46051,South Dakota,Grant,93.3417882054534,83.89803162310423,,89.88015087288078,51.089571719604855,92.4914675767918,56.74975720297832,61.790416366586534
46053,South Dakota,Gregory,63.1578947368421,94.64343336560181,99.66033779961968,88.53225833384073,43.714947485251265,91.93298169407385,55.68145030754289,54.7935307106443
46055,South Dakota,Haakon,76.28408370323399,98.25750242013552,,94.62744949814068,51.04661086792811,81.84920881166614,47.10262220783425,45.26744155022248
46057,South Dakota,Hamlin,95.21242866201648,92.0296869958051,98.07066868005468,95.41283915870646,42.065437618939384,63.88457958423829,66.85011330527679,55.111808675878265
46059,South Dakota,Hand,96.8294229549778,97.03130041949017,,92.3983786396274,47.8497178826155,87.96152652807943,64.97248300420848,60.47086796955149
46061,South Dakota,Hanson,93.0881420418516,89.77089383672153,99.15047388606418,93.1012130342947,42.609895067057,65.62209121936084,70.21689867270962,64.2697724572697
46063,South Dakota,Harding,86.20798985415345,99.80638915779284,98.8371720499774,94.07623953198514,39.1136306418567,79.95656220912194,31.14276464875364,55.52236915874777
46065,South Dakota,Hughes,90.0443880786303,87.60890609874153,99.26770924928998,89.99339151692615,53.95923983221936,99.44151411728204,75.81741663968921,66.86031351788932
46067,South Dakota,Hutchinson,91.81991122384274,64.24653113907712,99.860438362375,92.32731681624472,49.88892539340682,83.86596338814769,67.69180964713499,63.549025901746525
46069,South Dakota,Hyde,38.807863031071655,97.64440141981284,,94.33208399484757,38.76929311106203,90.78498293515358,62.96536095823891,68.65356418565932
46071,South Dakota,Jackson,12.270133164235892,97.87028073572121,98.62350040728028,75.40100837061195,23.23946118559602,86.53428482780019,17.610877306571705,5.896068772296023
46073,South Dakota,Jerauld,87.66645529486367,95.77282994514358,98.9995069530896,89.92536765872505,61.10296970485283,90.10238907849829,80.44674651990935,47.907391514671815
46075,South Dakota,Jones,65.09194673430564,99.90319457889642,99.82869783195488,92.4344047057462,53.44339667068423,85.23115110145827,38.87989640660408,42.144185035397
46077,South Dakota,Kingsbury,93.7856689917565,95.06292352371733,99.38517125910128,88.31636153560174,45.89892317406345,78.56034750232702,84.00776950469407,66.39417862658998
46079,South Dakota,Lake,90.32974001268232,72.02323330106486,99.25721869913671,87.60809692546022,52.40845193570751,83.95904436860069,77.79216574943348,65.5773593836425
46081,South Dakota,Lawrence,78.1864299302473,65.18231687641175,99.36307210389089,83.83577346739158,57.37803458724068,87.89947254111077,84.75234703787633,61.21340301152088
46083,South Dakota,Lincoln,97.9708306911858,22.523394643433363,98.85530572875646,90.8106200696648,71.15213193268697,89.10952528699968,97.7015215280026,83.80495753357786
46085,South Dakota,Lyman,38.23715916296766,93.0945466279445,97.8005321426874,83.6866383001105,24.48418722329432,94.84951908160099,10.39171252832632,38.99434588138777
46087,South Dakota,Mccook,94.67343056436272,66.15037108744757,98.29432185944898,91.6718551675292,40.94952389757171,23.456407074154512,81.80640984137261,61.78707843488397
46089,South Dakota,Mcpherson,78.53519340519975,95.96644078735076,98.79849211942116,91.09807775215847,45.980752519439335,72.38597579894508,70.83198446099061,44.21363725671036
46091,South Dakota,Marshall,51.55358275206088,93.93352694417554,97.8930159872839,97.74816322690567,44.9285154128016,89.57493018926466,67.43282615733247,58.78607185613951
46093,South Dakota,Meade,90.10779961953077,67.40884156179413,98.28412787859202,90.49887685382208,51.540207975820415,79.49115730685696,90.25574619618,66.74956581427307
46095,South Dakota,Mellette,14.584654407102091,98.99967731526299,94.38409700357316,77.9939503470804,14.21330710081896,56.03475023270245,40.563289090320495,14.173015134224991
46097,South Dakota,Miner,91.24920735573876,95.54695062923524,98.84032237484628,90.89977007749803,59.4343265691728,79.39807632640397,65.26383943023633,56.35846338088317
46099,South Dakota,Minnehaha,91.5979708306912,8.131655372700871,99.42656692001418,86.29659146279974,55.65385878537088,95.47005895128763,83.4574295888637,76.53910546366515
46101,South Dakota,Moody,76.88649334178821,78.1542433042917,99.43933274771176,88.93210711451779,46.045260208046855,57.896369841762336,64.48688896082875,64.07667161348526
46103,South Dakota,Pennington,87.47622067216233,27.07324943530171,97.87483661516842,81.52409376908483,53.79250109693322,94.75643810114799,76.43250242797022,65.68786069615317
46105,South Dakota,Perkins,66.10653138871274,99.32236205227493,98.495862126779,90.55907995760526,43.141542400087495,98.26248836487744,71.2204596956944,60.91531913972891
46107,South Dakota,Potter,61.44578313253012,96.16005162955791,99.80727513568225,93.32079456825592,49.377883724395026,97.11448960595719,73.90741340239559,65.31150214435657
46109,South Dakota,Roberts,36.93722257450856,73.50758309131979,97.64144201350445,91.4387818388342,32.806630972233165,85.78963698417624,13.72612495953383,49.851961883129
46111,South Dakota,Sanborn,86.65187064045656,96.93449499838658,97.912620278812,91.84957648521689,37.543666837808374,46.3853552590754,52.023308514082224,45.676478890144445
46113,South Dakota,Shannon,2.4730500951173116,,,,35.731145338826366,49.41048712379771,,54.12852576279844
46115,South Dakota,Spink,90.7419150285352,90.9648273636657,97.08853625537498,91.9310335352081,46.52250103727419,86.68941979522184,73.32470055033991,59.79906710921968
46117,South Dakota,Stanley,83.98858592263791,95.86963536624718,97.41961607319006,90.83068242770992,51.51976388987791,98.85200124107973,76.4001294917449,69.27421565080631
46119,South Dakota,Sully,93.84908053265694,98.22523394643433,98.8462192535738,93.00779892592917,35.21874637663276,76.2643499844865,35.480738102945935,51.54810682218873
46121,South Dakota,Todd,2.568167406467977,87.86705388835108,99.93180944566744,78.33741199635486,4.846776152123795,72.97548867514737,7.057300097118809,17.767087881532
46123,South Dakota,Tripp,82.53012048192771,81.96192320103259,99.08283428001646,87.85851213902139,49.414872045534935,97.30065156686317,37.90870831984461,52.36725764753935
46125,South Dakota,Turner,79.58148383005708,79.38044530493707,96.73992728481832,88.52661339577679,42.615075965020594,27.427862240148926,91.84202007122046,66.87761301599403
46127,South Dakota,Union,94.03931515535828,52.37173281703775,98.97742964663054,89.41003243875144,55.00032616382072,81.07353397455786,93.7843962447394,69.02480810818248
46129,South Dakota,Walworth,56.880152187698165,79.18683446272992,99.76750138273825,91.22220908524284,49.9009147220564,96.43189574930189,39.268371641307866,55.91745601604532
46135,South Dakota,Yankton,83.3861762840837,40.36786060019361,98.9856135016781,93.0881353659983,60.82011757428138,97.57989450822215,66.13790870831984,63.55940728691048
46137,South Dakota,Ziebach,2.060875079264426,96.12778315585673,100.0,74.0828853679066,18.57705164304954,57.64815389388768,29.362253156361284,24.06495024248831
47001,Tennessee,Anderson,55.23145212428662,26.97644401419813,97.43845220777663,75.9852695222087,28.422044173710574,39.74557865342848,59.6309485270314,53.90490216024458
47003,Tennessee,Bedford,28.598604946100192,32.55888996450468,97.52466302815613,82.582649153216,22.706120600845484,36.36363636363637,22.272580123017157,52.921866961304055
47005,Tennessee,Benton,8.433734939759036,69.6353662471765,95.87481612666384,89.26649866617771,17.293028477927926,29.134346881787152,11.686629977338944,40.5431099650832
47007,Tennessee,Bledsoe,11.509194673430564,83.38173604388513,98.3851046573829,85.90380613845696,15.172606677821946,6.360533664287914,11.49239235998705,41.0217313952355
47009,Tennessee,Blount,61.953075459733675,25.943852855759925,96.47114728656058,81.97669284136099,34.48276596892339,36.73596028544834,56.39365490449983,54.23563611050213
47011,Tennessee,Bradley,45.94166138237159,21.00677637947725,97.0728578829308,79.24988779529686,31.816394600382292,67.57679180887372,44.38329556490774,49.01443878294329
47013,Tennessee,Campbell,6.2777425491439445,48.49951597289448,97.95143361240056,83.16443773362802,14.192441840887753,8.811666149550106,9.032049206863062,37.72340677884172
47015,Tennessee,Cannon,13.950538998097652,80.92933204259438,99.39131267503096,70.14744951350792,21.671735045455133,1.8305926155755543,35.415992230495306,51.06182237300498
47017,Tennessee,Carroll,19.59416613823716,36.78606001936108,98.15715459298352,87.18752266999819,18.006726436832263,31.36829041265902,18.77630301068307,47.85098701503093
47019,Tennessee,Carter,32.87888395688015,46.17618586640852,96.4622469218764,82.36417620061432,22.3960558070174,41.234874340676384,15.441890579475558,35.25279674422917
47021,Tennessee,Cheatham,52.82181357006975,46.36979670861569,96.08224239623436,79.45259736755177,26.59908198586207,2.4821594787465244,61.86468112657818,63.22079793103859
47023,Tennessee,Chester,29.613189600507297,63.92384640206519,97.99113792477124,86.2180221944038,19.727922952407532,17.623332299100213,25.509873745548724,56.994619708376504
47025,Tennessee,Claiborne,14.39441978440076,49.40303323652791,97.9470901367411,86.27594846566176,17.04578009579558,23.611542041576172,7.704758821625121,40.15920109474924
47027,Tennessee,Clay,10.843373493975903,88.35108099386899,98.47456652820492,87.33684354353868,12.944817938377849,17.251008377288244,13.661379087083198,41.56182889354139
47029,Tennessee,Cocke,10.494610019023462,51.6295579219103,93.45747027407104,83.92746681112614,14.848855002467044,8.56345020167548,6.830689543541599,35.94290633061414
47031,Tennessee,Coffee,45.878249841471145,39.141658599548244,96.35787724970768,85.67288900643618,27.20974237924191,39.15606577722619,53.70670119779864,49.18360167375537
47033,Tennessee,Crockett,20.13316423589093,49.79025492094224,97.45687421064544,83.05872445837521,20.98305024915489,47.781569965870304,16.44545160246034,53.56466123814731
47035,Tennessee,Cumberland,25.745085605580215,42.981606969990324,97.47363276671985,90.03597167178866,26.41168496854679,62.33322991002172,19.456134671414695,45.26731879120121
47037,Tennessee,Davidson,84.43246670894102,2.904162633107454,,66.3659908573356,44.378274584854985,49.115730685696555,61.99417287147945,66.61780677508533
47039,Tennessee,Decatur,10.114140773620798,73.99161019683768,95.76838463349222,84.6421187366214,19.59031968228857,30.12721067328576,17.06053739074134,47.35896984188996
47043,Tennessee,Dickson,48.129359543436905,48.30590513068732,96.40966529941464,76.79595896362191,26.745908600090516,7.1672354948805435,32.56717384266753,55.34905678614094
47045,Tennessee,Dyer,27.647431832593533,21.619877379799934,97.85780388146904,86.31304473111368,23.220900141609334,76.57461991932982,20.394949821948853,46.07094174540009
47047,Tennessee,Fayette,26.347495244134432,29.88060664730558,97.13246142276232,82.57714876006595,26.961992432275473,1.6134036611852451,48.2356749757203,62.22856929019989
47049,Tennessee,Fentress,17.596702599873176,82.83317199096483,94.73807709361826,90.0145977404845,16.765740244169603,30.809804529941047,2.9135642602784073,47.6270302293444
47051,Tennessee,Franklin,26.537729866835765,48.24136818328493,97.1481637931008,88.51076039378609,23.669696567483992,38.50449891405523,28.326319197151182,51.46593281244571
47053,Tennessee,Gibson,22.415979708306914,25.58889964504679,98.38182439594476,87.85400338659538,21.474309581687702,39.962767607818805,22.304953059242475,51.51433900301983
47055,Tennessee,Giles,17.81864299302473,47.30558244595031,97.5141642040849,88.35816483350335,22.032399277590716,22.246354328265596,18.67918420200712,53.979442833600814
47057,Tennessee,Grainger,10.304375396322133,74.12068409164246,96.83565287291869,84.9768217694863,12.274806146781724,8.129072292894818,10.359339592101003,46.367617095974175
47059,Tennessee,Greene,24.66708941027267,48.628589867699255,95.11174383429434,89.74411985661227,21.926663694482468,41.0487123797704,16.315959857559083,38.19504129082736
47061,Tennessee,Grundy,3.804692454026633,75.99225556631171,91.57919281588217,86.51739990626224,18.174055073332223,6.298479677319264,3.204920686306248,46.097197610471014
47063,Tennessee,Hamblen,39.53709575142676,30.913197805743785,96.73418631081844,83.58480473630101,23.77694608749562,73.37883959044368,20.81579799287795,42.248471450616705
47065,Tennessee,Hamilton,73.14521242866202,8.067118425298483,98.70794580503754,79.10829068424893,43.92175613401983,65.2807942910332,56.16704435092262,59.88464829551473
47067,Tennessee,Hancock,0.9828788839568802,89.02871894159406,95.20741571858257,80.61569687491397,6.1337081380098075,10.859447719515984,1.5215280025898348,28.00363370736063
47069,Tennessee,Hardeman,20.862396956246037,49.49983865763149,94.5060378862302,82.02005497692444,15.64737026877026,7.6946943841141575,3.0754289414049856,50.17947470222516
47071,Tennessee,Hardin,12.999365884590995,43.65924491771539,95.2326274375212,85.74023179444498,17.608615975839214,55.538318336953154,18.258336031078017,46.56276400048964
47073,Tennessee,Hawkins,20.450221940393153,48.69312681510164,97.7019240351615,87.50663717194126,17.287958629345525,36.17747440273038,21.72224020718679,44.115029831779246
47075,Tennessee,Haywood,7.19720989220038,35.43078412391094,96.91818053909948,78.87968217117005,15.274205050718786,24.48029785913745,1.9423761735189384,41.3464711461229
47077,Tennessee,Henderson,12.904248573240327,49.82252339464343,95.69026881373982,86.08592366308827,15.579091231359724,26.96245733788396,21.819359015862737,49.13214889148202
47079,Tennessee,Henry,31.48383005707039,27.008712487899324,97.1968301861235,87.72761814268456,26.35226216375018,72.6962457337884,17.22240207186792,44.11431318043248
47081,Tennessee,Hickman,12.967660114140775,63.633430138754434,93.17928933118355,90.95164511446052,16.68444296971399,2.1098355569345415,30.009711880867595,49.13295283035796
47083,Tennessee,Houston,8.877615726062144,85.28557599225557,95.26983259117436,87.4132082500508,19.537944480790102,3.6301582376667625,12.52832631919715,52.40915431697153
47085,Tennessee,Humphreys,20.989220038046923,62.213617295901905,95.42663510691077,91.36416676096373,21.70228042324417,15.668631709587345,14.24409193913888,51.114185528789264
47087,Tennessee,Jackson,3.994927076727965,82.70409809616005,97.00935309403091,85.88483194929657,11.204121342629175,9.959664908470373,16.866299773389446,45.09948143649945
47089,Tennessee,Jefferson,31.800887761572604,37.81865117779929,96.90599408192658,86.97934824647307,23.704334755169203,19.26776295376979,51.92618970540628,53.55511184974654
47091,Tennessee,Johnson,14.806594800253649,87.18941594062602,95.87341700449404,88.578827170077,24.27099113467422,15.141172820353717,3.7876335383619297,44.345453735802735
47093,Tennessee,Knox,74.06467977171846,5.711519845111327,97.56346002946228,77.81823115170117,40.295213799765946,63.6984176233323,72.45063127225639,56.46466351438649
47095,Tennessee,Lake,0.7292327203551047,43.14294933849629,98.3105911239946,78.69733137553723,11.46106164954561,43.68600682593856,9.744253803820008,35.21512581834492
47097,Tennessee,Lauderdale,2.599873176918199,32.203936753791545,95.24497579163568,83.57504744107783,17.534686669495088,52.86999689730065,6.668824862415021,50.4696748200027
47099,Tennessee,Lawrence,24.00126823081801,44.627299128751204,98.22884676395851,85.73394483480472,19.46368710079729,34.56407074154515,14.794431854969243,51.62140233489632
47101,Tennessee,Lewis,27.140139505389985,91.06163278476927,97.21013782283217,87.57683098253408,16.040055321265996,9.432206019236716,13.596633214632568,37.52152945382259
47103,Tennessee,Lincoln,22.511097019657576,44.27234591803808,96.97486224799384,89.23742109709906,21.30966131453876,11.01458268693763,24.700550339915832,52.26193033433417
47105,Tennessee,Loudon,40.36144578313253,27.49273959341723,97.30943607751291,82.47361509882484,30.72356199414705,41.514117282035365,39.656846876011656,59.24072665500443
47107,Tennessee,Mcminn,24.50856055802156,37.30235559858019,96.9439742103837,87.3827809833234,23.96563042284966,49.48805460750854,27.290385237941084,52.32362138526094
47109,Tennessee,Mcnairy,4.7558655675332915,58.72862213617296,96.1946849552658,93.53601714939674,17.868282712754628,26.279863481228674,23.66461638070573,46.7064265221639
47111,Tennessee,Macon,21.306277742549145,66.44078735075831,96.6957482828242,80.00011609169688,15.3221852175098,8.749612162581442,11.94561346714147,48.75212111205931
47113,Tennessee,Madison,44.546607482561825,16.585995482413683,98.57765564650552,72.33702149320791,40.098586898345026,85.1690971144896,22.661055357720944,53.06379090688963
47115,Tennessee,Marion,10.019023462270134,45.27266860277509,96.750458455731,79.8207327009297,20.639117539234128,7.415451442755199,10.942052444156683,48.65597049608416
47117,Tennessee,Marshall,37.19086873811034,54.50145208131656,98.3295319167198,87.48207541376472,21.69238502440146,20.322680732237046,31.984460990611847,54.612545778638626
47119,Tennessee,Maury,49.01712111604312,24.653113907712164,97.9074582490513,79.48041170753406,34.612287364703526,19.20570896680111,38.65328585302687,59.07541879727253
47121,Tennessee,Meigs,5.9923906150919475,82.54275572765408,93.77848038264187,87.22791688774416,12.484946899208936,3.6922122246354405,24.53868565878925,49.551864107426425
47123,Tennessee,Monroe,19.46734305643627,38.754436915133915,94.15239063546272,88.49889333996737,21.03429995357318,21.315544523735653,13.985108449336357,48.41356031034087
47125,Tennessee,Montgomery,74.22320862396955,13.649564375605033,99.07620853343109,79.5946465450117,32.435786649041354,44.08935774123487,86.46811265781807,52.65814147514365
47127,Tennessee,Moore,34.43246670894103,90.25492094223944,97.05199125708856,90.05925960628909,23.903101273596633,48.06081290722929,64.3897701521528,55.51451631461215
47129,Tennessee,Morgan,19.11857958148383,86.57631494030332,95.883942058595,88.60595201723348,11.531465537743513,2.9785913744958066,16.380705730009712,44.955774180144694
47131,Tennessee,Obion,21.49651236525047,23.652791222975154,97.21605892297076,90.8064575972301,21.816265909696813,76.79180887372013,16.574943347361607,48.74888721234744
47133,Tennessee,Overton,17.6284083703234,82.92997741206841,95.86163743657085,86.88368927134768,16.865023593334136,22.463543282655905,10.68306895435416,48.21522560361827
47135,Tennessee,Perry,3.8998097653772983,81.31655372700871,97.78053960931996,89.59709538913678,14.21285598844844,13.465715172199808,14.729685982518614,41.23303213293675
47137,Tennessee,Pickett,28.78883956880152,94.90158115521136,96.64596930997936,88.19845172341138,19.01384674137905,20.19857275829972,8.61120103593396,41.61566391093256
47139,Tennessee,Polk,15.979708306911858,76.63762504033559,94.87431259130642,83.09776033184984,21.436483047368014,7.942910331988841,24.247329232761412,53.26692995539932
47141,Tennessee,Putnam,37.69816106531389,36.88286544046467,98.38575873586332,80.17791503992831,30.171984766429453,75.61278312131554,41.66396892198122,48.67034556145106
47143,Tennessee,Rhea,16.36017755231452,55.372700871248796,97.5212693364884,88.40901189359046,18.93915122539479,35.99131244182439,17.57850437034639,48.888277721724336
47145,Tennessee,Roane,31.54724159797083,33.010648596321396,97.91032337446234,86.77934719771112,27.258529768333716,22.897921191436552,33.538361929427,53.76483514192894
47147,Tennessee,Robertson,57.831325301204814,28.97708938367215,97.96712466236012,74.82601434806509,26.423666064630055,10.735339745578656,57.26772418258336,61.55278717766287
47149,Tennessee,Rutherford,70.54533925174383,9.777347531461762,98.82382039322124,73.54768889089911,34.10107053259376,24.604405833074765,85.7235351246358,63.40665451772485
47151,Tennessee,Scott,8.687381103360812,82.22007099064214,97.3618713049544,86.57774459075647,16.672556849858633,27.986348122866886,2.2984784719974103,31.660832439841013
47153,Tennessee,Sequatchie,12.143310082435004,69.31268151016457,95.6623184459978,78.43564046500498,18.53770595800053,11.35587961526528,11.103917125283264,34.55436546381565
47155,Tennessee,Sevier,65.21876981610653,26.65375927718619,97.02900761987549,81.57428302836014,26.052229790714584,34.25380080670183,36.840401424409194,50.543194488526304
47157,Tennessee,Shelby,57.00697526949905,2.420135527589545,98.57012516103336,68.42269306656858,34.90385848291145,56.43810114799876,30.46293298802201,61.825640799221894
47159,Tennessee,Smith,25.491439441978443,79.7676669893514,97.69239726372638,84.99634667601164,20.17446555964041,14.830902885510383,17.64325024279702,55.58629859730837
47161,Tennessee,Stewart,14.204185161699428,72.08777024846724,96.21536288564695,90.1477784658452,21.129390731246524,1.6754576481538948,25.606992554224668,51.97286293833996
47163,Tennessee,Sullivan,37.63474952441344,23.29783801226202,96.62959215399204,86.28671746424416,30.89999095345674,70.4312752094322,39.43023632243444,48.42445027126867
47165,Tennessee,Sumner,66.20164870006342,12.681510164569215,98.96751100898032,74.79736020864497,34.796481925020665,17.9025752404592,70.11977986403367,61.3205337511549
47167,Tennessee,Tipton,39.09321496512365,21.458535011293968,96.69115843225951,82.01420418167538,25.43439452841596,4.126590133416073,49.85432178698608,56.78880720194777
47169,Tennessee,Trousdale,18.991756499682943,86.89899967731526,,61.81397729883632,22.087945146491133,4.436860068259406,23.696989316931045,57.46829504341634
47171,Tennessee,Unicoi,25.301204819277107,88.96418199419168,97.69071372446209,84.62145015036606,25.23069845390329,47.93670493329196,14.664940110067985,48.55536238311995
47173,Tennessee,Union,18.61128725428028,79.50951919974185,96.57297089645566,83.11597191007986,12.798368147592347,2.0477815699658635,10.974425380382002,48.824593053092904
47175,Tennessee,Van Buren,5.643627140139505,95.38560826072927,98.18221783807562,94.67098547122518,12.361786220971766,6.577722618678237,17.44901262544513,49.1318343584552
47177,Tennessee,Warren,19.02346227013317,42.497579864472414,95.77071930055334,85.44273639627616,21.25601164336164,40.521253490536765,26.48106183230819,48.04089741264514
47179,Tennessee,Washington,50.951173113506655,33.946434333656015,97.86507808150374,81.42101392138277,40.988281547750944,75.51970214086255,53.54483651667207,50.23097385158734
47181,Tennessee,Wayne,6.753329105897274,74.60471119716038,97.91387663840958,90.36099539479308,18.848035025009317,9.99069190195469,10.067983166073164,43.18278396588916
47183,Tennessee,Weakley,33.512999365884596,31.52629880606647,98.301524196791,91.56646746226927,20.82145777176354,66.73906298479677,34.31531239883457,46.298033083629605
47185,Tennessee,White,25.99873176918199,69.99031945788964,97.30590205178468,87.42852612954825,16.141266131216945,48.278001861619614,13.95273551311104,44.71871699241802
47187,Tennessee,Williamson,99.143944197844,12.746047111971603,99.1303026364047,78.862896073977,57.66788934146661,26.03164753335402,99.32016833926836,76.74095230009377
47189,Tennessee,Wilson,75.61826252377932,17.0054856405292,99.00324830094108,78.87174131744607,36.5786595283844,11.479987589202608,81.87115571382324,63.28461608892582
47041,Tennessee,De Kalb,13.665187064045655,79.99354630525977,97.86737569318754,84.43402296404383,19.34094757923044,26.869376357430966,22.434444804143737,41.83218885626103
48001,Texas,Anderson,24.47685478757134,29.106163278476927,98.26686569139858,80.11646138094937,28.335021616716514,56.68631709587341,26.57818064098414,40.306511363223066
48003,Texas,Andrews,72.25745085605581,80.34849951597289,98.82657754262726,75.85871121066305,32.65649194257523,60.0372323921812,59.17772741987698,53.51497472611972
48005,Texas,Angelina,41.24920735573874,23.07195869635366,96.7684855108199,77.97877174284172,31.57369525009651,80.85634502016755,44.512787309809,43.727518520245525
48007,Texas,Aransas,62.07989854153456,29.68699580509842,95.51328239796912,70.60434444625841,31.275281161111263,68.56965560037233,63.87180317254775,41.17527596977891
48009,Texas,Archer,46.76601141407736,86.47950951919974,99.43317558548677,84.52219306121046,31.542196585141628,67.32857586099907,72.90385237941082,51.00779435069313
48011,Texas,Armstrong,44.705136334812934,83.31719909648274,97.52726144035624,88.88345541645927,20.97101036464496,31.833695314923986,84.0401424409194,50.04843611612601
48013,Texas,Atascosa,29.676601141407737,31.655372700871247,96.36387632620897,77.27857468682254,29.456268594193904,5.305615885820686,41.85820653933312,49.10937822412483
48015,Texas,Austin,50.22194039315155,33.75282349144885,98.36215006350052,78.12167983654491,34.033339854327906,16.227117592305305,68.85723535124636,52.84628609099854
48017,Texas,Bailey,23.652504755865568,64.21426266537593,99.13263058474048,93.28277109086405,34.01167494234092,87.52714861929879,14.01748138556167,50.274652169392915
48019,Texas,Bandera,26.886493341788203,37.07647628267183,97.40806021720434,73.90663005366596,36.14725084132037,0.7136208501396197,89.47879572677242,47.84989753743069
48021,Texas,Bastrop,53.48763474952442,20.877702484672476,95.6216675669029,65.9218659426122,34.35969912067904,1.054917778467285,72.0297831013273,54.57119231550307
48023,Texas,Baylor,29.898541534559293,80.57437883188126,99.62759355787884,83.26348488444744,44.91804613841554,87.58920260626745,28.94140498543218,48.92385316674871
48025,Texas,Bee,38.395688015218774,32.75250080671184,98.0918666569388,73.66908431367666,26.47064965735988,53.52156376047161,21.269019100032377,35.42381998945262
48027,Texas,Bell,65.85288522511097,8.486608583414004,99.49335194478248,76.08005930726314,40.54738915018268,69.56251939187092,78.18064098413726,48.186016190793815
48029,Texas,Bexar,78.56689917564998,1.5811552113585026,98.95008292353452,67.77350840931838,44.08222825374946,40.36611852311511,70.37876335383619,55.71984506088287
48031,Texas,Blanco,72.00380469245403,58.5350112939658,97.37258602204204,84.10944743761364,35.609066115812745,12.78312131554452,91.7125283263192,59.562023450140096
48033,Texas,Borden,60.27266962587191,95.93417231364957,95.31062818571723,92.50953628719412,30.260674143659532,71.1138690660875,,51.732895134604725
48035,Texas,Bosque,24.254914394419785,54.59825750242013,98.8162491640718,89.33645609560159,29.433532954659384,17.095873409866584,60.08416963418583,45.87187011846156
48037,Texas,Bowie,40.6150919467343,15.488867376573086,98.75619677941364,79.2342610245964,33.177108725755005,77.87775364567173,41.72871479443185,44.54493331908088
48039,Texas,Brazoria,78.91566265060241,5.679251371410132,98.70642733859512,79.1683508198246,44.40910560976844,13.869066087496122,84.88183878277759,61.14304888440998
48041,Texas,Brazos,79.35954343690553,9.583736689254598,99.55801097535696,60.745063376104085,45.8902015255943,92.89481849208812,73.97215927484623,46.82111633898697
48043,Texas,Brewster,62.80913126188966,84.70474346563408,99.08453063249888,80.13380807948586,48.519623455177936,92.77071051815079,88.2162512139851,38.76356109018638
48045,Texas,Briscoe,52.88522511097021,91.513391416586,98.36471297383602,76.2231348512849,22.426066922784837,75.58175612783121,59.43671090967951,7.792608396172313
48047,Texas,Brooks,8.845909955611923,37.49596644078735,99.28841334106409,77.19880833784605,26.94399238555646,83.21439652497673,2.9783101327290384,23.23097986472365
48049,Texas,Brown,30.944831959416614,36.56018070345273,97.81579251791484,80.57484772564798,31.838883211278628,88.39590443686006,43.02363224344448,43.31387130440155
48051,Texas,Burleson,23.589093214965125,58.27686350435625,97.50765800297,83.38522096295424,28.90427692025755,13.744958113558795,65.94367109096795,50.63603794729875
48053,Texas,Burnet,50.76093849080533,26.718296224588578,97.91604519009395,81.32092422350601,34.72396717108938,18.523115110145824,65.0048559404338,56.6699902293021
48055,Texas,Caldwell,40.963855421686745,19.78057437883188,98.63303640737412,59.85558250859776,29.21514838899214,5.9261557555072955,43.638718031725475,49.18738697221036
48057,Texas,Calhoun,77.5840202916931,22.200709906421427,98.10090581013404,89.67023455263906,37.05669695884995,78.52932050884269,37.39074134023956,38.57988936719583
48059,Texas,Callahan,30.849714648065945,82.4459503065505,98.16609554332337,88.30005970494514,29.346782812825147,49.860378529320506,80.80284881838783,51.64575742723459
48061,Texas,Cameron,55.80215599239061,8.744756373023556,98.9015381580593,73.92506630189588,30.51901601542397,72.54111076636674,16.639689219812237,27.081382539443148
48063,Texas,Camp,14.172479391249206,56.695708292997736,97.89020258263612,79.80558505100097,28.424981132031743,61.371393112007446,19.941728714794433,46.01407135742826
48065,Texas,Carson,56.18262523779328,77.25072604065828,97.04298955202316,92.90793958768757,32.250569872700915,37.946013031337266,93.23405632890903,55.49546121836112
48067,Texas,Cass,20.355104629042486,48.59632139399807,98.38196261125354,83.27501230615638,21.758477842360595,25.224945702761403,30.754289414049857,41.80176400396766
48069,Texas,Castro,21.940393151553582,73.31397224911261,99.22072723060518,80.74469199270442,31.815502082663127,91.68476574619919,20.78342505665264,52.27682978349575
48071,Texas,Chambers,86.30310716550412,23.943207486285896,94.81338137524637,76.04296480683699,34.44635951963009,18.554142103630156,89.25218517319522,55.53106167691643
48073,Texas,Cherokee,28.915662650602407,35.97934817683124,97.07853862437696,82.29325273092405,29.487112129057365,40.89357741234875,26.124959533829717,45.26464847768303
48075,Texas,Childress,30.0570703868104,73.76573088092934,99.46173364382352,83.94327473430054,35.786074547654856,72.57213775985107,33.76497248300421,40.61516774330456
48077,Texas,Clay,37.34939759036144,76.92804130364634,96.81401630021156,85.74560468081026,29.21192349225587,31.89574930189265,76.75623179022337,41.30419844175817
48079,Texas,Cochran,12.460367786937224,89.12552436269763,96.25578194823116,86.03597307352973,14.09312904074672,48.52621780949426,22.693428293946265,31.558261672915116
48081,Texas,Coke,27.07672796448954,93.99806389157793,96.06949860266845,93.80906273602248,29.441179366804935,30.3754266211604,75.29944966008418,26.94742663129328
48083,Texas,Coleman,5.389980976537729,79.70313004194901,99.45871148006518,82.46192082241298,28.748478091925627,34.87434067638846,26.83716413078666,41.05834312325353
48085,Texas,Collin,98.60494610019023,3.549532107131333,99.8716443268998,71.60084401638842,57.87033983238642,17.18895439031958,99.44966008416964,73.09009536346974
48087,Texas,Collingsworth,23.779327837666457,77.1216521458535,98.99482767008055,86.67484709157729,27.175303541102405,90.66087496121625,20.071220459695695,47.32354305666258
48089,Texas,Colorado,43.40519974635384,31.364956437560505,98.0054596527944,87.47652367447769,32.682873541809954,37.2944461681663,34.02395597280673,53.58604804029013
48091,Texas,Comal,85.54216867469879,10.874475637302355,98.52700914660208,77.01992783988202,46.881724170760606,16.258144585789637,95.88863709938492,65.56964199652832
48093,Texas,Comanche,24.318325935320228,50.79057760567925,98.05236814346092,88.45084961475536,28.329421872859218,65.37387527148618,39.20362576885723,47.4070496005995
48095,Texas,Concho,23.430564362714016,96.54727331397225,98.96970512967816,89.31184892631923,35.67192069499585,30.84083152342538,42.11719002913564,44.37089909016151
48097,Texas,Cooke,67.31135066582118,19.135204904808003,98.70568130977372,83.21194907601884,33.98862278447911,30.778777536456715,50.95500161864681,49.696308256836986
48099,Texas,Coryell,82.30818008877617,27.525008067118424,99.589462886283,83.37877768087489,30.50021830117784,63.10890474713,84.65522822920039,40.51124984674405
48101,Texas,Cottle,21.686746987951807,88.3188125201678,,81.91541258476198,24.946208409038135,59.23053056158859,49.43347361605698,0.0
48103,Texas,Crane,26.918199112238423,84.34979025492095,98.78267885749788,87.63529532147479,35.951962404948844,53.645671734408936,42.214308837811586,57.589722367217746
48105,Texas,Crockett,42.92961318960051,87.70571151984511,96.72355144615108,95.75391559186868,36.12298305949177,66.86317095873409,14.600194237617352,49.86965960758927
48107,Texas,Crosby,9.95561192136969,79.63859309454662,98.20115660468475,76.86284307865223,25.16013092219744,32.950667080359906,41.98769828423438,42.63863865842461
48109,Texas,Culberson,45.14901712111604,89.70635688931914,100.0,93.79583199596964,30.50057506605739,88.9233633260937,26.351570087406927,29.854536380380367
48111,Texas,Dallam,54.50221940393152,57.85737334624073,99.6586453366351,93.0175463820237,28.85545830390096,93.63946633571207,34.93039818711557,45.34407231476866
48113,Texas,Dallas,81.61065313887127,0.6776379477250726,99.97115881789,58.58744191997535,47.40684389707929,25.16289171579274,63.677565555195855,57.94253084510517
48115,Texas,Dawson,32.43500317057704,59.34172313649564,99.17309327136894,79.62931766268201,25.26195017449167,85.60347502327025,15.86273875040466,33.59452354418205
48117,Texas,Deaf Smith,40.74191502853519,40.23878670538883,98.94579142568809,80.86785258650976,28.272288095442583,86.99968973006516,13.629006150857885,46.33164093237432
48119,Texas,Delta,15.155358275206089,81.41335914811229,96.8064480535988,88.53038538377001,30.31003845234104,22.86689419795222,37.81158951116866,50.06650177120088
48121,Texas,Denton,96.9562460367787,3.77541142303969,99.83137581866832,70.89627459427047,53.50012377466619,16.816630468507597,98.44609906118484,64.69301103657668
48123,Texas,De Witt,22.796448953709575,23.23330106485963,98.20150415544803,80.62280165392069,32.46002524351684,34.40893577412348,52.89737779216574,43.50098263740674
48125,Texas,Dickens,4.343690551680406,90.4162633107454,,82.03821233508081,26.806608605238903,41.48309028855104,50.21042408546455,47.74498679526283
48127,Texas,Dimmit,24.571972098922004,51.85543723781865,93.41966827120632,60.25654893822816,21.8718057900192,53.55259075395594,6.280349627711233,8.257634363416493
48129,Texas,Donley,21.43310082435003,78.96095514682156,96.06823461088293,83.72923716739697,32.62936518996812,58.144585789636984,48.52703140174814,43.75325065368313
48131,Texas,Duval,8.02155992390615,44.40141981284285,95.45257736228363,84.37634562486667,27.856513881401064,27.551970214086253,2.492716089349304,26.907265207020988
48133,Texas,Eastland,11.001902346227013,57.599225556631175,98.52222582811622,84.86265927850985,26.727453706165015,66.42879304995347,67.85367432826158,40.85772665905942
48135,Texas,Ector,75.07926442612556,14.230396902226525,98.68489903572652,68.73028491175243,33.23645982410783,70.64846416382252,71.41469731304629,47.06962927626815
48137,Texas,Edwards,64.1724793912492,90.60987415295256,94.88687676665884,79.35986458063759,20.11515544764205,56.841452063295065,35.642602784072515,27.59070418078633
48139,Texas,Ellis,68.6429930247305,13.520490480800257,99.14829816054848,70.78104414108886,36.2933023433131,11.20074464784362,82.16251213985109,57.61449646135332
48141,Texas,El Paso,65.0285351934052,3.6463375282349144,99.33584721907437,72.47592148795218,37.07586091766112,55.10394042817251,38.84752347037876,44.30477079330008
48143,Texas,Erath,59.701965757767915,28.78347854146499,99.21547925236062,72.05847830512525,36.86828446121077,74.06143344709898,73.77792165749433,45.479785392202885
48145,Texas,Falls,9.194673430564364,58.88996450467893,99.51706177382604,82.39047633466667,21.70696880092204,22.649705243561897,13.078666235027518,46.553362093790945
48147,Texas,Fannin,34.242232086239696,31.300419490158117,97.59026217970576,83.63741369533611,26.201233261836517,10.425069810735337,64.42214308837812,44.6684740782037
48149,Texas,Fayette,59.670259987317685,34.62407228138109,98.41269629607793,87.33114950315718,35.23671486219248,60.750853242320815,50.37228876659113,51.185793387690595
48151,Texas,Fisher,25.36461636017755,94.09486931268151,95.65603494286788,94.05288036846292,30.16631054422213,58.39280173751163,42.0200712204597,49.97729081395207
48153,Texas,Floyd,25.64996829422955,75.540496934495,96.9714615709078,85.62733013802128,30.021705684745825,80.29785913744958,23.826481061832308,39.32646025701421
48155,Texas,Foard,30.469245402663287,95.90190383994836,100.0,78.12543057573485,16.793615237226096,69.00403350915296,84.97895759145354,11.409357619185617
48157,Texas,Fort Bend,95.5294863665187,4.194901581155212,97.69788879561196,75.0208375329124,54.84435117746501,4.809183990071361,93.10456458400776,66.45381365864048
48159,Texas,Franklin,29.454660748256185,66.98935140367861,97.63298762920648,88.3775739525479,30.51964597060386,60.626745268383495,70.4111362900615,46.179679893343355
48161,Texas,Freestone,16.740646797717183,39.01258470474346,97.70799007729757,87.22936667854775,27.449227239730213,34.16071982624884,51.73195208805439,43.23429156195653
48163,Texas,Frio,31.357006975269496,38.33494675701839,98.86731124389428,78.62812571857324,24.34631315059248,60.71982624883649,10.553577209452897,38.13404051339015
48165,Texas,Gaines,63.66518706404566,49.9838657631494,98.86678697424364,84.20380879146718,22.268646889930704,81.66304685076017,42.63515700874069,52.99243748184052
48167,Texas,Galveston,74.60367786937222,5.00161342368506,99.23380505617104,69.94780257966832,44.360076807260654,32.702451132485265,79.47555843314989,54.27447793978438
48169,Texas,Garza,9.606848446417247,80.73572120038722,96.36419879973936,92.10404626212984,29.83668091938711,58.73409866583928,21.528002589834895,45.2265650506967
48171,Texas,Gillespie,77.83766645529487,44.59503065505002,99.3191329784518,77.54010026673899,46.78121896858794,66.89419795221843,64.09841372612496,55.50423645773884
48173,Texas,Glasscock,89.85415345592898,95.48241368183284,93.8422657010364,85.08371773361483,35.80421472647515,62.674526838349365,45.84007769504694,36.81290564317979
48175,Texas,Goliad,22.954977805960684,68.89319135204904,95.0132919939664,81.96649275207402,34.82466859365465,8.935774123487434,82.22725801230172,42.84062289412233
48177,Texas,Gonzales,35.09828788839569,20.84543401097128,96.62320037306031,82.22979771826333,29.030004895807785,35.68104250698107,20.10359339592101,42.322952223857484
48179,Texas,Gray,48.00253646163602,41.81994191674734,99.33494011234936,80.86831362406156,32.132501482770465,83.1833695314924,39.786338620912915,45.70929798022122
48181,Texas,Grayson,47.368421052631575,13.746369796708615,98.8947470193579,77.13100939373093,37.30210955890591,45.45454545454546,67.36808028488184,50.512336390059616
48183,Texas,Gregg,63.85542168674698,9.616005162955792,98.86918897905298,76.96553688131972,40.35997340648664,81.38380390940118,45.58109420524442,51.90336273156789
48185,Texas,Grimes,13.316423589093215,31.97805743788319,97.28684855366149,82.88057292535034,26.948148672723075,3.816320198572754,52.96212366461638,45.80276082738297
48187,Texas,Guadalupe,86.3982244768548,10.777670216198775,98.92449746529913,80.75885367848927,37.878350957748694,27.738132174992245,93.36354807381028,53.11290400282687
48189,Texas,Hale,36.049461001902344,27.299128751210066,99.2538719414164,81.3227126536497,27.78172239898644,85.01396214706794,16.154095176432502,43.75395839573224
48191,Texas,Hall,4.597336715282181,70.89383672152307,99.18816819397252,89.73025750809764,29.44641923777797,84.11417933602235,36.41955325348009,36.58532930935195
48193,Texas,Hamilton,43.27837666455295,79.3159083575347,99.17564881463856,85.27508920232596,33.734647085405236,48.4641638225256,65.71706053739074,41.78088100067536
48195,Texas,Hansford,60.08243500317057,67.15069377218458,99.52461697888228,86.34865710242173,34.85387831245766,80.70121005274589,36.45192618970541,58.533473072763954
48197,Texas,Hardeman,11.857958148383004,85.38238141335914,98.23270912622984,89.71305770220489,34.95323895680035,91.62271175923053,24.894787957267724,41.31602966727513
48199,Texas,Hardin,32.498414711477494,18.94159406260084,98.34825013762864,83.72817264065449,29.068647565267295,10.300961836798024,90.02913564260278,43.91683042947429
48201,Texas,Harris,85.06658211794547,0.22587931590835753,95.98851824338308,64.16181744090738,43.28020960497578,17.53025131864723,73.64842991259307,53.59972898367473
48203,Texas,Harrison,39.02980342422321,18.360761535979346,97.60447604342784,77.8456315634331,29.79632730382889,58.020477815699664,40.271932664292656,44.691882901651304
48205,Texas,Hartley,72.5428027901078,75.70183930300097,99.36475443764805,89.09707965963726,41.8013370806678,99.06919019547006,,60.94597270143758
48207,Texas,Haskell,29.042485732403296,89.09325588899645,98.99249166180952,89.23531239433697,34.21032925718354,86.7514737821905,40.401424409193915,42.38923099950837
48209,Texas,Hays,89.12492073557388,11.100354953210713,98.62290926609234,60.17223345891495,44.13637185880646,13.434688178715476,93.75202330851408,60.07497518277532
48211,Texas,Hemphill,71.4013950538998,82.05872862213617,97.44850190126007,85.84682547579574,46.364831520217926,79.118833385045,64.35739721592748,52.81787292810134
48213,Texas,Henderson,29.930247305009512,21.55534043239755,96.76528680862394,79.57761953694677,27.415167007159493,8.37728824076946,46.84363871803173,47.49253999058068
48215,Texas,Hidalgo,46.44895370957514,7.260406582768635,98.57057419584386,70.38973767814545,28.59079457972378,66.30468507601614,20.68630624797669,26.40242902465976
48217,Texas,Hill,29.169308814204182,22.846079380445307,97.2369171855101,85.35109883075044,26.06271736278283,20.105491777846723,48.26804791194561,53.15817868505469
48219,Texas,Hockley,32.02282815472416,55.53404323975476,98.67179783817888,84.92806335462973,28.727401490843025,52.1253490536767,47.03787633538362,41.618801956112826
48221,Texas,Hood,63.506658211794544,26.750564698289768,97.771426401222,75.74195382690796,41.7918321346525,9.711448960595717,88.11913240530916,60.16311239484557
48223,Texas,Hopkins,57.0703868103995,28.04130364633753,98.95416296067336,81.18301907595091,29.00155780936228,65.96338814768849,45.12787309809,49.690978418733735
48225,Texas,Houston,33.19594166138237,36.30203291384318,98.5144640067,81.41690647406287,22.93993894153303,34.81228668941979,19.164778245386856,38.303039009055304
48227,Texas,Howard,37.38110336081167,39.98063891577928,96.82441137624704,79.81814866663892,31.371168777390192,80.20477815699658,35.577856911621886,44.10052488695421
48229,Texas,Hudspeth,11.984781230183897,94.61116489190061,97.9818468976992,74.19696220018746,18.86808569952528,40.42817251008377,34.44480414373584,6.979580054034319
48231,Texas,Hunt,37.983512999365885,19.52242658922233,95.6461688354848,63.93928053393595,30.909880629231335,15.606577722618681,68.9543541599223,50.7540242675239
48233,Texas,Hutchinson,47.93912492073558,34.07550822846079,98.76134172806157,89.83269486598668,29.99375710664628,79.86348122866895,59.56620265458077,49.94026368788348
48235,Texas,Irion,52.02916930881421,95.80509841884479,97.04743949335108,79.09615133632518,32.914150548560684,23.549488054607508,86.59760440271933,34.84824032303865
48237,Texas,Jack,31.73747622067216,79.12229751532752,98.62212401839491,86.22850691212105,28.96396027295951,32.05088426931431,78.50437034639042,43.10709455516722
48239,Texas,Jackson,29.42295497780596,27.105517909002902,98.48417968876512,83.54577290456983,29.158641399082462,22.928948184920884,51.893816769180965,50.956503114806026
48241,Texas,Jasper,17.089410272669625,39.81929654727331,97.07624570530244,85.3011782207964,21.04825262055033,32.79553211293825,51.667206215603755,46.08186425809357
48243,Texas,Jeff Davis,69.53075459733672,97.12810584059373,96.7704046235317,84.25526079861953,33.90850808674515,74.65094632330127,85.65878925218517,38.23183098770751
48245,Texas,Jefferson,45.529486366518704,1.871571474669248,99.37830520967545,75.24257578823871,34.12970055700806,77.28824076946944,45.77533182259631,45.98524017822826
48247,Texas,Jim Hogg,9.16296766011414,53.11390771216521,96.73164969600778,75.6254790913613,23.13198226106285,67.23549488054607,1.5539009388151506,23.489223120121174
48249,Texas,Jim Wells,32.18135700697527,19.457889641819943,96.67107782369322,74.73841979112326,25.792106485465144,30.499534595097728,17.772741987698286,31.324463337361166
48251,Texas,Johnson,64.93341788205453,12.036140690545336,98.34942669269458,73.94819774118163,37.76910059523423,6.112317716413287,85.33505988993201,55.98148688583269
48253,Texas,Jones,38.649334178820546,69.60309777347533,99.08099071986815,76.27458933527252,23.176831907878636,56.15885820663978,41.8258336031078,46.52994338456356
48255,Texas,Karnes,28.693722257450855,37.33462407228138,98.70451551624012,77.54598983971799,31.26738778243819,37.44958113558796,33.829718355454844,42.02156718794476
48257,Texas,Kaufman,55.67533291058973,17.87673443046144,98.42359917052816,69.43024623828327,33.58408348143608,2.6062674526838236,82.48624150210424,60.71263251003399
48259,Texas,Kendall,91.0589727330374,29.04162633107454,99.05756612538627,72.54074873578952,52.245315593060965,12.72106732857587,97.15118161217222,65.99518517007887
48261,Texas,Kenedy,13.601775523145212,74.34656340755083,94.28294623631244,81.68087903291193,4.662630383961635,16.971765435929257,,5.823526179331542
48263,Texas,Kent,51.04629042485732,97.25717973539851,,91.5447344459683,33.44817884814855,90.0093080980453,,42.05200755785731
48265,Texas,Kerr,49.96829422954978,26.460148434979025,98.43259579337342,79.82224269607238,40.597776043405254,82.81104560968042,53.18873421819359,52.58564275861277
48267,Texas,Kimble,53.74128091312619,72.76540819619231,99.5940746159903,87.16125594122248,40.8701019828324,65.03257834315855,49.82194885076077,45.924942505315315
48269,Texas,King,71.27457197209893,97.83801226202,100.0,90.76139166257116,22.88228101000208,94.53924914675768,,33.16954837358955
48271,Texas,Kinney,19.372225745085604,91.67473378509197,99.52695045804268,97.8882193815316,35.81852715267837,75.42662116040955,49.78957591453545,25.706142836149727
48273,Texas,Kleberg,62.49207355738744,17.941271377863828,99.2663735737997,62.97946346608966,32.82171674446458,78.03288861309339,36.90514729685982,30.096239701678257
48275,Texas,Knox,33.893468611287254,84.22071636011617,99.48505084503672,93.74887892706292,25.837521723001256,95.59416692522494,24.11783748786015,51.534002728933416
48277,Texas,Lamar,40.139505389980975,24.233623749596646,98.61757926239468,75.64407334934096,30.09283989494415,84.79677319267763,26.44868889608287,36.816137180283
48279,Texas,Lamb,25.33291058972733,50.33881897386253,98.72510227550195,89.4687597425596,22.514282883535294,80.67018305926156,18.54969245710586,41.349005798506774
48281,Texas,Lampasas,58.8142041851617,62.858986769925785,98.76916616590528,82.51648961769351,32.06361605568221,32.76450511945393,80.60861120103593,52.96130902395483
48283,Texas,La Salle,18.96005072923272,56.88931913520491,98.36138706852095,84.3858818362906,28.607839692086973,54.669562519391874,11.136290061508578,31.378052818838896
48285,Texas,Lavaca,45.75142675967026,26.072926750564697,98.8513767568192,85.54444650567915,32.78128780354529,60.16134036611852,44.44804143735837,52.460728363698784
48287,Texas,Lee,52.758402029169304,50.88738302678283,97.8468052390675,77.38569917729696,29.30401417721758,10.331988830282341,48.75364195532535,50.8699937916594
48289,Texas,Leon,17.216233354470514,40.91642465311391,97.65459240438456,89.90074966385706,23.783812593844573,15.358361774744026,65.231466494011,43.40196310487265
48291,Texas,Liberty,28.88395688015219,17.39270732494353,95.96863924723657,71.74902408584936,23.493951574702155,0.6825938566552736,61.31434121074781,45.58945163134312
48293,Texas,Limestone,17.057704502219405,36.431106808647954,96.40254210076633,78.27240131783317,26.4939365995165,42.10363015823767,17.934606668824863,38.55960519435719
48295,Texas,Lipscomb,60.46290424857324,81.05840593739916,98.65034241666794,87.28172497832202,33.71842603185231,82.62488364877443,34.21819359015863,34.66699268018519
48297,Texas,Live Oak,33.35447051363348,58.66408518877058,97.80966326057934,85.72878261984617,26.40998181382385,21.09835556934533,55.39009388151506,40.16009963166256
48299,Texas,Llano,44.99048826886493,32.13939980638916,97.1658046996414,79.76769400292177,40.74537560250096,24.976729754886748,67.75655551958563,46.0498719136425
48301,Texas,Loving,53.29740012682308,91.61019683768957,0.0,74.68096475801728,37.56120901796824,99.31740614334471,,38.96797597571478
48303,Texas,Lubbock,74.92073557387444,10.42271700548564,99.22591740637864,68.69496443486786,39.56408706310121,95.90443686006826,61.96179993525413,48.8122356484001
48305,Texas,Lynn,27.1718452758402,83.70442078089707,98.84209261456654,83.02928687807064,28.163203459916076,46.81973316785603,59.533829718355456,41.28304800129185
48307,Texas,Mcculloch,16.96258719086874,87.12487899322362,98.87270520837102,81.54148535948453,28.8666135541528,85.47936704933292,25.93072191647782,39.35314096171824
48309,Texas,Mclennan,56.65821179454661,8.873830267828332,99.27162052698682,70.7207223437259,38.76139055881633,81.91126279863481,40.07769504694076,48.31094280337392
48311,Texas,Mcmullen,77.07672796448954,90.67441110035496,95.57688716529212,71.60682154359003,20.142750186154824,64.5982004343779,48.397539656846874,32.34916206152523
48313,Texas,Madison,16.899175649968296,53.37205550177476,98.5193851732028,77.79522784640749,24.493746773188,34.129692832764505,42.57041113629006,47.418743694947665
48315,Texas,Marion,5.0412175015852885,67.24749919328816,95.092382888817,82.62791536121757,23.891398271418534,5.398696866273639,48.786014891550664,44.607044036628494
48317,Texas,Martin,45.65630944831959,72.41045498547919,94.79564525813925,87.15076177723368,23.68221293895749,72.72727272727273,65.55519585626416,42.18550139018914
48319,Texas,Mason,65.44071020925809,85.57599225556632,98.93544909390243,92.7629036541504,37.99604707294652,55.56934533043748,40.11006798316608,56.0393349284719
48321,Texas,Matagorda,35.79581483830057,15.779283639883834,95.62337230186549,72.43162925027717,30.81132120891,41.82438721687869,29.426999028811913,33.765138207683904
48323,Texas,Maverick,25.61826252377933,30.784123910939016,96.99639998396972,71.33891552698289,23.789170493586944,83.71082842072603,13.43476853350599,29.21745963549986
48325,Texas,Medina,36.01775523145213,27.1377863827041,97.73665206254891,80.91798394704605,36.16729322912511,10.580204778156997,53.8361929426999,51.03490122967394
48327,Texas,Menard,19.530754597336717,94.28848015488867,99.32297388315348,80.29231212267833,35.03564051902632,65.52901023890784,34.34768533505989,32.312760993563295
48329,Texas,Midland,96.1001902346227,14.649887060342046,98.06651319409296,67.98860889875218,42.71296971010343,84.48650325783431,85.14082227258012,59.09890677575609
48331,Texas,Milam,21.020925808497147,36.62471765085512,98.80545118888338,83.13205780964036,28.235295856364537,24.23208191126281,28.39106506960181,45.71139560948638
48333,Texas,Mills,23.36715282181357,88.99645046789287,96.48354220586882,92.554921710525,34.343465546641276,61.65063605336643,51.9585626416316,52.3605627717343
48335,Texas,Mitchell,17.31135066582118,76.70216198773798,99.66872296057772,84.98816393838926,30.05248555568836,59.54080049643189,50.663645192618965,43.78583792294739
48337,Texas,Montague,48.89029803424223,35.14036786060019,98.04842402557117,80.37465825698963,24.340952817408535,8.718585169097125,57.85043703463904,45.52238390688279
48339,Texas,Montgomery,85.16169942929614,5.3565666343981935,96.74044401345483,75.64294772976989,46.66510453645284,8.191126279863482,91.16218841048884,58.58254929051961
48341,Texas,Moore,61.16043119847813,40.56147144240077,99.27207037130118,82.460420244493,30.668333093826043,90.62984796773193,58.692133376497246,51.19216493437592
48343,Texas,Morris,5.453392517438173,62.18134882220071,97.14549778296104,87.8849306920803,21.101436412118677,32.392181197641946,21.36613790870832,49.22885168938045
48345,Texas,Motley,16.233354470513632,95.28880283962569,94.36201623243996,93.91761147908508,26.494898367298525,79.4291033198883,,43.38352192813206
48347,Texas,Nacogdoches,45.71972098922003,21.523071958696356,98.39373892355468,69.47519107139166,33.23632446098637,81.44585789636984,36.387180317254774,43.49778812330802
48349,Texas,Navarro,36.33481293595434,24.62084543401097,98.03834420941848,78.17222392658695,26.47981419803432,37.325473161650635,29.07089673033344,43.548952693585974
48351,Texas,Newton,1.9023462270133165,72.89448209099709,97.8258662858926,85.10217462354755,13.46201970174045,3.412969283276439,43.93007445775332,39.80073164460772
48353,Texas,Nolan,35.76410906785035,57.889641819941914,98.99422796921348,81.53579522135634,29.962427321233793,87.03071672354949,30.980899967627064,42.42638015804389
48355,Texas,Nueces,68.16740646797717,6.873184898354308,99.75553185642404,68.29346521286286,38.75185152102678,83.05926155755508,58.04467465199094,43.0295616731271
48357,Texas,Ochiltree,74.54026632847179,62.40722813810907,98.81809764673864,84.2423602558423,32.91545225757626,87.24790567793981,17.546131434121076,53.38292911081539
48359,Texas,Oldham,47.1147748890298,91.9974185221039,98.47985760203848,87.09040713684671,28.271573916982057,42.16568414520633,84.55810942052445,35.48964921402343
48361,Texas,Orange,33.54470513633481,7.647628267182963,98.17529078169598,81.67307623666962,26.65643244686404,53.39745578653429,79.96115247652962,50.722278375934096
48363,Texas,Palo Pinto,43.18325935320228,40.658276863504355,98.23254376764676,78.46644132277386,28.952605279316252,40.21098355569346,43.70346390417611,37.03958740336579
48365,Texas,Panola,29.23272035510463,42.14262665375928,97.13349031673636,88.7782793578893,24.685866673013734,24.79056779398077,47.45872450631272,47.49384539601514
48367,Texas,Parker,78.78883956880152,15.392061955469508,97.95007428713056,75.50800247103689,35.63300621254575,6.329506670803596,95.20880543865329,60.604835107968455
48369,Texas,Parmer,53.64616360177552,32.01032591158438,99.15236429077495,91.14309891239022,24.427990066344915,88.55103940428172,30.91615409517643,57.14452293742873
48371,Texas,Pecos,40.32974001268231,72.34591803807679,98.25408973761526,83.17063068185627,30.24838585454752,86.41017685386286,25.089025574619615,36.716003068026296
48373,Texas,Polk,11.350665821179454,29.170700225879315,96.70805121197508,81.2253340386625,22.22376175838176,24.170027924294132,44.545160246034314,44.96857157909294
48375,Texas,Potter,58.211794546607486,10.487253952888029,99.21635545405296,69.14437134211029,35.07608768631718,90.56779398076327,50.24279702168987,43.40269462500147
48377,Texas,Presidio,23.20862396956246,91.38431752178123,99.99464829603863,71.85305615508433,35.4320914632651,97.54886751473782,46.51990935577857,17.459389530659184
48379,Texas,Rains,20.57704502219404,77.34753146176186,98.58869516671626,87.04093568248597,27.942789824529907,1.9857275829971996,56.00517966979604,54.98905964518128
48381,Texas,Randall,92.01014584654406,13.810906744111003,99.31547477531733,83.69562851397085,44.12100063568857,89.85417313062365,90.3204920686306,61.05286559632614
48383,Texas,Reagan,40.86873811033608,84.93062278154243,96.74119044624275,80.33957025327572,33.302324453107815,69.19019547005895,28.099708643573972,61.68811542218076
48385,Texas,Real,23.620798985415345,70.7324943530171,94.49600017750176,80.59398717081498,23.526089630900408,90.41265901334161,57.81806409841372,4.614405250890173
48387,Texas,Red River,10.589727330374128,39.464343336560184,97.01335266887256,78.12304091529985,17.83432783671037,13.962147067949118,17.28714794431855,25.889007547271746
48389,Texas,Reeves,27.520608750792647,42.85253307518555,96.788976618765,80.69312588351498,30.04872491362723,80.54607508532423,22.013596633214632,40.4176271917532
48391,Texas,Refugio,14.965123652504756,52.59761213294611,98.4041752222632,79.8405590375275,23.0085711387646,44.39962767607819,37.00226610553577,41.22760224651484
48393,Texas,Roberts,60.97019657577679,96.45046789286866,99.80941899335224,99.12619178151732,22.63660980311879,61.99193298169408,,33.9893500490898
48395,Texas,Robertson,16.391883322764745,58.82542755727654,97.91862723804957,76.4278130520456,28.151485829621553,22.959975178405216,33.79734541922952,46.64107999730016
48397,Texas,Rockwall,95.05389980976535,15.424330429170698,99.67242809765962,77.58744825482965,51.52025831267453,4.281725100837718,98.21948850760764,73.14064064533733
48399,Texas,Runnels,27.901077996195305,78.2510487253953,99.3354449010869,86.46686398006773,32.20307434287501,59.757989450822215,30.10683068954354,45.66009458874156
48401,Texas,Rusk,35.573874445149016,39.367537915456595,97.3395806058782,83.55560730793061,27.92414961591876,30.747750542972383,48.6565231466494,43.721545649970814
48403,Texas,Sabine,1.5218769816106532,81.3810906744111,96.96040986653313,85.70279571475027,24.38820927125479,32.919640086875575,34.800906442214306,41.270704010260815
48405,Texas,San Augustine,3.772986683576411,81.60696999031946,96.85460936247964,79.5582383558865,19.36649739846306,15.017064846416389,22.466817740369052,29.633865828493256
48407,Texas,San Jacinto,7.609384908053266,36.85059696676347,96.72841402949928,80.80900201665541,24.062332861481217,0.46540490226496445,61.281968274522505,45.94842590994098
48409,Texas,San Patricio,34.30564362714014,15.456598902871892,99.00015118653292,70.81700894671859,30.550951083972805,48.18492088116662,57.07348656523147,37.04348560074829
48411,Texas,San Saba,22.70133164235891,87.64117457244272,96.99160674059598,82.9227053515067,28.25842861722475,60.25442134657152,17.675623179022338,45.7864490665991
48413,Texas,Schleicher,46.25871908687381,92.6105195224266,97.80140738638823,92.6061385718362,36.39121459177965,36.20850139621471,27.35513111039171,45.02418299832339
48415,Texas,Scurry,32.72035510462904,72.73313972249113,98.99634071268969,89.7469249168639,34.07288839731279,90.22649705243562,44.05956620265458,56.40518565443908
48417,Texas,Shackelford,52.34622701331643,93.41723136495644,97.38088710418138,91.9129242705526,34.31320173062124,44.12038473471921,54.09517643250242,54.47853679409861
48419,Texas,Shelby,20.228281547241597,47.62826718296225,97.66177655570554,84.12460039896213,22.041145465512766,44.24449270865654,15.668501133052768,41.36603842829799
48421,Texas,Sherman,49.207355738744454,72.79767666989352,,80.96288965053955,35.53977555801336,75.24045919950356,38.2971835545484,55.70559157282936
48423,Texas,Smith,71.75015852885225,13.972249112616975,97.59638750604718,76.5494517232595,41.18790735034114,63.264039714551664,51.31110391712528,53.56845405702656
48425,Texas,Somervell,64.48953709575143,77.05711519845111,98.12261881522528,83.20078805522027,42.90796776189433,41.731306236425695,85.43217869860797,61.74409729959932
48427,Texas,Starr,5.516804058338617,24.007744433688284,98.0712420694704,72.26369690031291,21.463247974756396,62.6124728513807,4.370346390417611,12.839637280981968
48429,Texas,Stephens,30.97653772986684,85.89867699257825,98.71182979254336,83.29798130607934,30.24664829558443,73.47192057089669,25.57461961799935,43.8644620650548
48431,Texas,Sterling,56.2143310082435,97.09583736689254,97.49090957298137,91.55218917041029,33.28755642071602,39.86968662736581,64.87536419553254,46.95378028896847
48433,Texas,Stonewall,30.596068484464173,94.74023878670539,98.37278475736132,90.38392593222684,33.47423413358028,82.46974868135278,25.412754936872773,56.550001786465835
48435,Texas,Sutton,41.02726696258719,90.15811552113585,99.29193864741158,86.8065987346157,40.47596835203162,91.28141483090289,35.67497572029783,40.4858830959941
48437,Texas,Swisher,17.75523145212429,68.21555340432398,99.28574937307594,79.31940999079062,21.288349236479316,64.31895749301893,20.233085140822276,26.935789745075176
48439,Texas,Tarrant,82.84717818642993,1.2262020006453695,99.85676089388096,67.4222848818438,44.33327672386709,29.661805771020795,83.6516672062156,56.8223436670992
48441,Texas,Taylor,70.6721623335447,17.134559535333977,99.59606612310073,78.96055223386335,41.958523002619366,98.29351535836177,67.17384266752995,50.8307083697679
48443,Texas,Terrell,17.501585288522513,97.99935463052599,100.0,75.81827011542518,35.48126469607225,94.29103319888303,,29.500253531783233
48445,Texas,Terry,21.147748890298036,52.04904808002582,99.163789539641,72.32336653309885,23.48255239059954,66.9562519391871,22.85529297507284,35.49219543423333
48447,Texas,Throckmorton,28.440076093849083,92.70732494353017,96.60253809151722,87.22383522973045,29.79014678161745,63.543282655910645,82.06539333117514,31.19596658823164
48449,Texas,Titus,35.9860494610019,43.40109712810584,97.90253635446624,76.99993836161681,29.18615090859455,86.37914986037853,10.16510197474911,42.10622451082504
48451,Texas,Tom Green,75.49143944197844,20.813165537270088,99.33111633507826,76.40340448911628,41.80264458093802,94.38411417933602,57.332470055033994,51.29026031454308
48453,Texas,Travis,95.62460367786936,2.6460148434979023,98.71012430235798,64.1004424142892,53.97167666563299,42.010549177784675,91.9391388798964,68.85417841297868
48455,Texas,Trinity,8.053265694356373,38.109067441110035,97.5226007489056,82.17607174872632,26.907674764995345,6.732857586099925,41.43735836840401,44.700042386957755
48457,Texas,Tyler,4.914394419784401,46.53113907712165,97.47919037017292,81.4254555987924,22.008979632264055,12.131554452373564,65.97604402719327,33.7038470848451
48459,Texas,Upshur,31.0716550412175,32.59115843820587,97.39012735255513,78.71385466352676,22.320606090611065,16.13403661185231,67.33570734865653,50.58572874947384
48461,Texas,Upton,26.25237793278377,89.8999677315263,97.8700166373085,92.25559354057962,29.294090238485857,51.47378219050574,47.23211395273551,41.075565570953465
48463,Texas,Uvalde,49.68294229549778,28.331719909648275,98.53611694679331,81.2577463889017,27.69200514517879,88.73720136518772,9.808999676270638,28.42569025656685
48465,Texas,Val Verde,59.51173113506658,30.10648596321394,98.12438797235626,75.61750779255824,31.96241761835697,92.05708966801117,23.794108125606993,32.25764038672679
48467,Texas,Van Zandt,30.37412809131262,37.39916101968377,98.4221262154016,85.45726597966615,25.414924050410868,3.3819422897921214,66.0407898996439,47.243400854651874
48469,Texas,Victoria,67.75523145212429,9.357857373346242,98.2660425420362,75.21394097614514,37.64722541899102,67.01830592615576,55.0663645192619,43.133379388856454
48471,Texas,Walker,47.20989220038047,18.005808325266216,98.66375961171477,67.37400998682791,33.03819759804792,45.73378839590444,66.39689219812237,48.88108888824117
48473,Texas,Waller,71.43310082435002,18.586640851887708,97.68389040501324,74.90828301292179,29.322632709949488,5.6469128141483225,75.5584331498867,54.509776657226325
48475,Texas,Ward,32.59353202282816,61.85866408518878,96.2897896468008,79.96463892341173,30.745980447451995,68.41452063295067,52.34703787633538,52.173277404234675
48477,Texas,Washington,53.868103994927075,21.97483059051307,98.26359801484014,79.05597231352938,38.755607516479095,72.26186782500776,53.35059889932017,51.62952487285326
48479,Texas,Webb,59.099556119213695,5.292029686995805,99.63112838671856,68.0687614907692,35.448295440775404,68.16630468507601,23.21139527355131,39.09751843230363
48481,Texas,Wharton,44.8002536461636,15.262988060664732,97.07035986747609,76.5486689450732,31.669329605860614,42.44492708656531,23.632243444480412,48.04554828450556
48483,Texas,Wheeler,34.93975903614458,65.4081961923201,97.56598986801572,88.22143428963679,22.183715907183423,66.67700899782811,44.73939786338621,46.79478744044687
48485,Texas,Wichita,68.7698161065314,14.03678606001936,99.65933972611494,81.10995728631941,38.27055893264945,97.4247595408005,44.15668501133053,42.60813207034619
48487,Texas,Wilbarger,16.708941027266963,55.24362697644401,99.4752798094848,80.64996880447173,26.692355240204165,95.96649084703692,18.808675946908384,30.267412942090285
48489,Texas,Willacy,5.675332910589727,26.298806066473055,98.52162502873333,75.45713878600432,21.80155718545977,54.04902264970524,6.150857882809971,19.547870263260823
48491,Texas,Williamson,95.46607482561826,7.195869635366248,99.21393092669112,71.95434552686316,50.90854970416123,18.05771020788086,97.89575914535448,62.06214359387412
48493,Texas,Wilson,65.25047558655676,24.78218780251694,97.98341902331586,77.05036814091301,37.14613207994771,2.0167545764815173,80.99708643573972,55.773388464865704
48495,Texas,Winkler,42.01014584654407,67.53791545659891,97.91775157445564,89.60221848232264,33.830024305696234,45.39249146757679,38.977015215280026,59.14529430194222
48497,Texas,Wise,57.35573874445149,26.16973217166828,97.63352573556185,82.93483368031923,30.5458617507487,5.212534905367676,87.27743606345095,55.89583290272555
48499,Texas,Wood,24.603677869372227,37.85091965150048,98.00743679149414,81.30269249953456,28.200780812405103,17.685386286068876,55.487212690191,45.23390770939479
48501,Texas,Yoakum,41.407736207989856,63.69796708615682,97.32995963121849,84.36287866871162,28.631502335416773,66.33571206950046,32.631919715118165,55.44800472775033
48503,Texas,Young,68.23081800887762,62.052274927395935,99.2712250411085,86.37027145465427,35.10793953511384,91.37449581135589,47.32923276141146,47.30748547685585
48505,Texas,Zapata,11.160431198478122,64.53694740238787,98.24003037359572,72.21670193547628,21.449693758744925,69.74868135277691,0.0971188086759469,20.80178808680509
48507,Texas,Zavala,4.40710209258085,41.56179412713779,96.78847081764582,81.83557181198671,23.46357305949829,82.96618057710208,3.625768857235351,18.743127868566763
49001,Utah,Beaver,39.28344958782499,88.44788641497257,96.67961190238977,86.27615892644307,44.46651911534598,84.05212534905368,29.783101327290385,56.687865088289904
49003,Utah,Box Elder,76.47431832593531,31.623104227170057,99.47852291651752,86.02420206687297,43.38209140889105,60.99906919019547,89.93201683392684,62.81343692151049
49005,Utah,Cache,95.11731135066584,25.072604065827687,99.215119167748,81.68986788260389,44.56100256498623,93.8566552901024,94.6260925865976,58.02764627817439
49007,Utah,Carbon,49.112238427393784,83.09131978057438,98.23349038383051,79.13845953431175,34.51055116488473,91.06422587651257,39.041761087730656,44.984671002881896
49009,Utah,Daggett,41.122384273937854,98.28977089383673,,82.32706588450357,33.99732741939206,86.81352776915917,71.77079961152477,47.796444387317905
49011,Utah,Davis,97.62206721623336,6.8086479509519195,99.8396781733808,84.74313562368472,44.26045843021015,61.929878994725414,98.83457429588864,64.50502023402537
49013,Utah,Duchesne,44.0710209258085,83.93030009680542,95.198858569701,84.74062079056885,33.38802269123858,64.03971455165994,73.22758174166397,55.107300619944446
49015,Utah,Emery,38.99809765377299,93.48176831235882,97.30559754390016,92.80673689232484,28.923514876088383,75.48867514737822,54.22466817740369,51.51734267141395
49017,Utah,Garfield,22.2574508560558,81.70377541142304,97.34564775135163,90.04330368907004,35.41232771963298,97.0214086255042,83.94302363224344,35.76246370447052
49019,Utah,Grand,71.46480659480025,89.64181994191675,97.23262121700029,69.78654639142827,49.41237164859737,97.98324542351845,66.75299449660083,54.569066830733775
49021,Utah,Iron,55.61192136968928,42.75572765408196,99.1847269568006,84.44144963889038,37.661357565662136,95.62519391870927,91.0650696018129,53.55967202953654
49023,Utah,Juab,76.66455294863665,74.89512746047112,99.04505005438465,81.93943533725917,42.267839223427934,42.755197021408634,83.87827775979282,54.48174551694548
49025,Utah,Kane,62.39695624603678,78.54146498870604,96.91053380998774,80.12579503070803,41.093864340107935,94.69438411417934,83.10132729038524,49.56538514583611
49027,Utah,Millard,54.533925174381736,83.4462729912875,95.05230764887968,88.29737294969829,39.67906285147414,87.49612162581445,61.15247652962124,56.47113921924985
49029,Utah,Morgan,92.42232086239696,81.02613746369796,97.74587085492392,87.40506050759892,50.05661843872946,25.038783741855426,97.44253803820008,76.44294386135444
49031,Utah,Piute,36.2714013950539,97.48305905130688,99.7946978373517,81.07930692944726,20.087111218099093,14.799875892026066,57.1382324376821,14.05748909402327
49033,Utah,Rich,75.77679137603045,95.64375605033882,99.1571357763532,89.12869509226891,42.32134249928417,33.66428793049954,83.97539656846877,44.44530933553246
49035,Utah,Salt Lake,96.16360177552316,2.065182316876412,,73.4421856768081,51.01949325422948,66.45982004343779,95.53253480090645,66.25754817659544
49037,Utah,San Juan,17.02599873176918,90.54533720555018,99.04643501887568,76.19617734574697,27.94444408827614,39.71455165994415,40.75752670767238,22.965288304036235
49039,Utah,Sanpete,48.287888395688014,67.63472087770248,98.41118944373886,84.17108402376094,40.859286210668245,73.13062364256905,68.82486241502104,55.212354485261166
49041,Utah,Sevier,58.592263792010144,77.99290093578574,99.12071558452722,90.59484711963724,37.169985714372494,94.72541110766366,79.11945613467142,60.33766460787664
49043,Utah,Summit,99.77805960684844,34.88222007099064,97.01910753071655,73.3422350058162,63.0058537141401,43.46881787154825,97.76626740045322,79.20311071825782
49045,Utah,Tooele,83.06911857958148,42.94933849628912,98.6416901943844,89.36300499059301,37.22523105729131,8.470369221222455,94.1728714794432,64.28240621689979
49047,Utah,Uintah,62.048192771084345,84.41432720232332,97.80939274725552,85.63943838666542,35.23286557221514,85.13807012100527,78.2777597928132,55.115925354236545
49049,Utah,Utah,97.4001268230818,6.131010003226847,99.7874179467908,79.87361262489321,46.38071554321384,69.25224945702762,98.67270961476206,59.96897251813561
49051,Utah,Wasatch,97.8440076093849,56.56663439819296,98.67281301993694,76.59883801121984,51.70216780190704,45.144275519702134,93.91388798964068,67.04837301046233
49053,Utah,Washington,76.75967025998732,15.230719586963538,99.71914892117324,73.53428823056998,48.11208859175163,93.70152032268074,92.52185173195208,59.89776505277921
49055,Utah,Wayne,70.3868103994927,98.16069699903196,,91.47960947112452,38.03665201535715,83.74185541421036,69.73130462932988,53.65069340415235
49057,Utah,Weber,87.95180722891565,7.679896740884157,99.06753463006108,79.53472694849107,43.051262672283144,70.77257213775985,89.64066040789899,61.21213077845509
50001,Vermont,Addison,88.90298034242232,81.67150693772184,99.99020177642684,78.0675012367819,51.686146179215235,37.13931120074465,87.50404661702817,71.16453595879719
50003,Vermont,Bennington,72.98668357641091,64.02065182316876,99.89859169222608,72.20673602665981,50.85823297610389,79.89450822215328,50.01618646811266,63.68858093915048
50005,Vermont,Caledonia,61.38237159162968,86.7053888351081,99.95290311724008,79.67159433033386,43.002920766073395,48.71237977040025,51.79669796050502,63.49066022079047
50007,Vermont,Chittenden,98.09765377298667,34.043239754759604,99.83587173909385,63.7745242687587,65.04926902928423,74.2786224014893,95.37067011977986,74.47662059511907
50009,Vermont,Essex,39.44197844007609,99.25782510487254,99.21806694609543,78.91629800798613,28.522689882329235,37.72882407694694,72.09452897377793,51.16062312734603
50011,Vermont,Franklin,79.3278376664553,80.47757341077767,99.20968586304822,66.73717308371464,42.789333500611434,23.487434067638844,61.120103593395925,61.98154814965531
50013,Vermont,Grand Isle,79.89854153455929,94.99838657631494,98.72752992435396,64.06330256271335,42.35681607123019,3.4439962767607994,88.79896406604078,71.8414283896044
50015,Vermont,Lamoille,72.44768547875712,94.41755404969345,99.36535152798284,73.60860778472112,48.48555636869536,25.721377598510713,74.81385561670444,76.47395762796911
50017,Vermont,Orange,74.38173747622068,90.73894804775733,99.75870407793292,78.9823003080223,44.98192567534055,25.690350605026367,62.28552929750728,63.73220560480531
50019,Vermont,Orleans,48.44641724793913,82.25233946434334,99.38844738038424,76.1417718911344,40.85495528792882,60.87496121625814,25.121398510844937,64.58955287632952
50021,Vermont,Rutland,71.8135700697527,62.665375927718614,99.88880738677926,72.97311364742788,46.182411826954045,61.40242010549178,64.26027840725153,57.37956707964616
50023,Vermont,Washington,87.72986683576411,65.02097450790578,99.99649042559211,77.26742068979944,51.75723951090027,55.7865342848278,86.79184202007121,74.11410234427757
50025,Vermont,Windham,72.57450856055803,61.697321716682794,99.90413779810126,70.47781971286018,46.77085544256269,61.27831213155445,77.59792813208158,61.08486208541195
50027,Vermont,Windsor,78.21813570069752,62.923523717328166,99.97410795819548,78.23567827162783,51.395831401006056,54.2041576171269,82.25963094852703,67.20666889102421
51001,Virginia,Accomack,43.59543436905517,42.0135527589545,95.33208153143453,83.3309437913241,29.74016117431892,63.29506670803599,8.319844609906118,59.4593448284372
51003,Virginia,Albemarle,96.35383639822447,30.719586963536628,,73.08941820406615,57.664643471884226,67.08035991312443,90.96795079313694,75.29739881596682
51005,Virginia,Alleghany,26.82308180088776,74.15295256534365,96.48066017979474,89.13992605960777,32.04580306476907,56.7793980763264,15.50663645192619,54.14830148589304
51007,Virginia,Amelia,31.293595434369053,93.86898999677315,96.58610371915492,72.96526828367747,25.14409778509623,0.0,53.318225963094854,58.359759422683574
51009,Virginia,Amherst,54.3436905516804,81.15521135850274,95.48506335471532,83.90087098730238,33.54033262416874,48.49519081600992,43.76820977662674,58.899438286148715
51011,Virginia,Appomattox,26.601141407736208,94.77250726040658,97.4441113575213,87.6548010951834,29.092933418982295,14.613713931120074,32.89090320492068,58.48588474069256
51013,Virginia,Arlington,99.96829422954978,4.517586318167151,,64.4415708161628,61.63630776873707,29.165373875271484,99.87050825509873,79.81650219952783
51015,Virginia,Augusta,73.49397590361446,40.52920296869958,97.04396735753892,85.6156515366223,37.36000060030041,46.23022029165374,63.612819682745226,58.09302255046011
51017,Virginia,Bath,65.15535827520608,97.90254920942239,98.49569227678442,86.23769275813457,30.389413716172363,42.41390009308098,27.484622855292972,42.909999116310395
51019,Virginia,Bedford,63.57006975269499,56.72797676669894,97.7154459059533,88.55047999258507,38.154104457203886,23.11511014582686,70.96147620589187,66.42519092944028
51515,Virginia,Bedford,45.40266328471782,,,,35.731145338826366,49.41048712379771,,54.12852576279844
51021,Virginia,Bland,27.266962587190868,92.96547273313972,97.75318297894248,92.32027207646512,38.02945100163989,11.821284517530245,43.05600517966979,49.299393834899995
51023,Virginia,Botetourt,80.31071655041218,79.09002904162634,97.4615454624306,88.89658317398799,39.52814059392991,36.45671734408936,84.20200712204597,59.66827418898776
51025,Virginia,Brunswick,31.32530120481928,80.63891577928364,97.93701841091492,86.03850950982074,25.20394701585131,12.93825628296618,5.438653285853027,52.84939770392398
51027,Virginia,Buchanan,4.185161699429296,69.08680219425621,95.52444544421296,84.24938345543781,13.006204151232824,7.818802358051499,3.981871155713823,36.107712707460614
51029,Virginia,Buckingham,13.88712745719721,90.28718941594063,96.94293632248171,82.90724161997954,26.733800061310053,0.2792429413590014,14.53544836516672,52.616256334257784
51031,Virginia,Campbell,62.74571972098922,69.37721845756695,96.34351958725098,87.49407106584131,30.226874317189285,49.05367669872789,55.03399158303658,63.06487369266862
51033,Virginia,Caroline,66.0431198478123,79.02549209422395,96.15353394168812,84.39574597639546,28.820848855016276,1.3341607198262437,84.62285529297507,66.36416717000925
51035,Virginia,Carroll,21.559923906150917,66.76347208777025,97.61453621582412,89.81447582772387,31.675235949540667,28.606887992553524,12.075105212042732,54.63041449411877
51036,Virginia,Charles City,33.29105897273304,91.12616973217168,96.92638674264224,72.98199594343858,24.160545458800524,0.899782811045597,43.25024279702168,58.47579242904419
51037,Virginia,Charlotte,19.9429296131896,90.93255888996451,97.18202168939884,78.29073089905252,22.0113510143037,7.198262488364875,16.348332793784394,39.88021864074466
51041,Virginia,Chesterfield,94.1978440076094,14.101323007421747,,78.24537811063243,48.653701635692805,31.771641327955322,92.42473292327614,69.43160792526565
51043,Virginia,Clarke,70.64045656309447,87.47983220393675,99.0444462149332,66.58685415257563,39.82018393285113,4.902264970524357,99.28779540304303,70.6008258187085
51045,Virginia,Craig,31.103360811667724,95.2565343659245,97.81290453147987,83.95535627760901,36.669738117979946,0.7756748371082836,46.681774036905146,62.15792827151184
51047,Virginia,Culpeper,76.60114140773621,63.504356243949665,99.04504473586285,77.87572061175021,36.52086599872918,5.057399937946016,87.92489478795727,79.11303479313021
51049,Virginia,Cumberland,30.120481927710845,90.02904162633108,97.49015506904412,80.90246378011062,30.24817242492263,1.3962147067949218,59.33959210100356,52.89181633551778
51051,Virginia,Dickenson,10.653138871274573,90.22265246853823,97.68176760733876,85.62411681008452,17.555747836401302,4.21967111386904,5.794755584331499,42.65072624323591
51053,Virginia,Dinwiddie,70.10145846544071,78.28331719909649,94.07967729679908,76.72230515124156,27.518042928739508,11.138690660874957,82.55098737455488,60.39590950047605
51057,Virginia,Essex,38.04692454026633,89.15779283639884,97.67259423689474,75.88281510718355,27.92897760961046,7.880856345020177,26.416315959857563,46.60871677114678
51059,Virginia,Fairfax,99.90488268864934,2.6137463697967087,,67.57244816907406,64.80234958736362,13.248526217809498,99.5791518290709,77.58766073354775
51600,Virginia,Fairfax,99.8731769181991,45.24040012907389,,61.78506642038716,61.08810194324548,13.682904126590131,,90.98963290208344
51061,Virginia,Fauquier,95.27584020291692,55.43723781865118,98.63650943254098,68.10250816608202,42.21387139122151,1.4582686937635572,98.5432178698608,71.22552013939297
51063,Virginia,Floyd,52.53646163601775,93.77218457566957,98.31400453926952,87.78287725171006,29.70408321234498,3.785293205088422,53.15636128196828,67.33742751638738
51065,Virginia,Fluvanna,60.05072923272036,90.9002904162633,97.6366742609732,77.57476658694809,34.97850817880484,4.343779087806382,90.35286500485594,70.71091260319491
51067,Virginia,Franklin,43.94419784400761,68.86092287834785,97.32590384902376,87.71580639786544,30.384211800192112,9.92863791498604,46.22855292975073,55.57096704489731
51620,Virginia,Franklin,34.74952441344325,88.48015488867377,,72.49006750394024,34.03382098082178,63.72944461681664,,46.2766993919683
51069,Virginia,Frederick,91.37603043753964,47.78960955146822,97.6948565281959,81.83942963455824,39.30877092292528,28.07942910331988,90.77371317578503,64.91672703679224
51071,Virginia,Giles,28.059606848446418,84.73701193933528,98.0679563570584,89.8700605578234,32.00961230428813,15.482469748681353,32.534800906442214,60.64543410167333
51073,Virginia,Gloucester,71.05263157894737,87.31848983543078,97.24274200841944,79.16095763041585,38.0921591172332,3.2888613093391257,85.52929750728391,69.37236175565711
51075,Virginia,Goochland,97.01965757767914,83.96256857050662,97.79304361918462,83.99061598870193,44.864729938547825,9.804529941048713,94.72321139527357,76.39579578351464
51077,Virginia,Grayson,23.17691819911224,88.15747015166183,97.41232016335752,89.49275793145313,24.0185150714002,20.91219360843934,18.45257364842991,47.39250680739624
51079,Virginia,Greene,58.87761572606214,92.5459825750242,97.38616043913656,77.4124582698459,34.88429064445586,14.737821905057402,73.35707348656523,63.53896229824715
51081,Virginia,Greensville,19.97463538363982,83.76895772829945,96.82991657235084,80.69589802773037,22.759737094065468,44.306546695625194,2.5250890255746197,65.4574137512139
51083,Virginia,Halifax,32.62523779327838,64.44014198128428,98.13465379997932,82.11446629490358,27.15123403051644,29.87899472541112,8.708319844609907,44.27976292829709
51085,Virginia,Hanover,97.08306911857956,33.84962891255244,96.52164601041748,82.78782380692797,49.80833596552192,35.09152963077878,97.28067335707348,76.15226469699837
51087,Virginia,Henrico,94.57831325301204,10.229106163278477,,73.3198751636472,52.08719277836762,70.67949115730686,90.12625445127873,73.66563181460583
51089,Virginia,Henry,38.17374762206722,45.49854791868345,94.40575475616106,88.14190607787418,23.831907987702124,57.30685696556004,7.154418905794755,42.591186985654495
51091,Virginia,Highland,43.7856689917565,99.16101968376896,98.0185172598308,96.83269149874758,46.82419435994031,24.014892956872487,66.81774036905146,33.53799111320735
51093,Virginia,Isle Of Wight,83.92517438173748,71.53920619554695,97.79359400065964,78.14440876425533,38.01211497742872,11.945392491467572,91.77727419876985,67.66081003263456
51095,Virginia,James City,92.54914394419784,54.72733139722491,,78.14221432959012,63.17299415035113,42.50698107353398,93.97863386209129,68.48453086232188
51097,Virginia,King And Queen,37.571337983513,91.77153920619556,97.8504709545047,71.93980655085511,27.130640913437837,0.5274588892336425,75.1699579151829,51.33071416884713
51099,Virginia,King George,86.81039949270767,88.02839625685705,96.55673684476272,84.59825274863553,40.12502010637391,10.921501706484634,96.56846876011656,71.97888345815218
51101,Virginia,King William,69.08687381103361,91.54565989028718,97.92974345083589,79.4656959560427,34.49552570416038,0.6515668631709559,87.01845257364843,62.14051755534435
51103,Virginia,Lancaster,70.00634115409005,82.28460793804453,95.62481974225967,85.75326005585795,33.10897771982566,52.74588892336333,29.718355454839756,54.42381259455151
51105,Virginia,Lee,5.833861762840837,56.05033881897386,96.38750554446771,79.98234858992613,19.83745683354144,21.470679491157313,7.931369375202331,35.14558210337702
51107,Virginia,Loudoun,100.0,13.681832849306227,98.25516264681522,73.21947039411472,60.38331805369767,12.472851380701215,99.6115247652962,81.90970955604823
51109,Virginia,Louisa,50.031705770450216,78.02516940948692,97.72202661864772,84.71706431316647,28.706468901821623,1.210052745888916,68.69537067011979,61.507859367169594
51111,Virginia,Lunenburg,12.650602409638552,90.38399483704421,97.73998720291516,88.82469523452174,23.55995264138046,15.42041576171269,8.9025574619618,47.134065612767415
51113,Virginia,Madison,56.30944831959417,94.38528557599226,97.69104300307012,85.57911027219686,30.77574918211586,17.406143344709903,81.9682745224992,65.47081808520646
51115,Virginia,Mathews,41.81991122384274,93.67537915456599,97.835846690541,83.09285882224731,34.98908700670627,1.1790257524045984,86.20912916801554,58.76685400695521
51117,Virginia,Mecklenburg,25.93532022828155,59.30945466279445,97.57523589630064,81.7371438034143,30.45463861746124,32.33012721067328,10.197474910974426,46.509500470930874
51119,Virginia,Middlesex,78.63031071655041,88.06066473055824,96.9782100898743,82.01903783951703,27.983118058310893,8.656531182128447,68.04791194561346,63.27486344505635
51121,Virginia,Montgomery,85.22511097019657,31.687641174572445,98.50202251266391,71.29905241392028,44.49058343515117,87.40304064536147,89.28455810942052,60.75448504385736
51125,Virginia,Nelson,52.72669625871909,81.9296547273314,95.32028535825262,68.56066417903502,36.84777795133176,3.8473471920571,66.10553577209453,58.80532236295265
51127,Virginia,New Kent,78.34495878249842,86.83446272991287,96.61965390454756,81.61517183441913,40.41131089179179,4.933291964008674,93.33117513758498,75.76064952901031
51131,Virginia,Northampton,41.661382371591635,65.37592771861891,96.93152579799526,84.69919433873068,40.59898440248349,60.56469128141483,6.539333117513759,57.230746410893936
51133,Virginia,Northumberland,63.60177552314521,78.63827040980962,97.35640336060418,82.160969970848,42.678178207688546,16.196090598820973,37.84396244739398,58.83553704886259
51135,Virginia,Nottoway,20.608750792644265,79.54178767344304,97.81029513265976,83.96007478492699,27.529448195874735,16.47533354017996,12.69019100032373,41.36225855708726
51137,Virginia,Orange,61.287254280279015,82.4782187802517,97.53060421594306,84.76727623868682,33.14624554548938,3.754266211604076,94.56134671414698,60.052526679971045
51139,Virginia,Page,28.154724159797084,75.28234914488546,98.37918321238044,83.45580514929866,27.34262482043065,10.114799875892018,19.844609906118485,52.41034033320905
51141,Virginia,Patrick,20.545339251743815,88.22200709906421,94.67983257411824,88.66501758784975,21.815672254434197,14.30344399627677,14.923923599870507,54.16148144503784
51143,Virginia,Pittsylvania,36.39822447685479,47.208777024846725,97.73122803607644,84.43189887532746,24.85517368029473,28.948184920881175,11.589511168662998,50.193202306824546
51145,Virginia,Powhatan,69.68928344958782,83.9948370442078,97.00680444197312,85.75819597878323,41.2119022753105,2.1718895439032053,96.11524765296213,74.04106020919558
51147,Virginia,Prince Edward,52.98034242232086,77.28299451435947,97.6771075354082,72.15492521164863,36.35292150605599,45.982004343779096,29.13564260278407,50.04845893840919
51149,Virginia,Prince George,74.50856055802156,72.63633430138754,,77.60240835222922,35.08864860265225,43.592925845485574,45.32211071544189,66.9862931351752
51153,Virginia,Prince William,99.2707672796449,12.778315585672798,,67.07643162047214,50.14799719649571,0.7446478436239659,99.25542246681776,74.63130132347105
51155,Virginia,Pulaski,65.56753329105898,46.62794449822523,96.43354892873312,85.43306028612643,32.854391023468175,54.48340055848588,36.51667206215603,54.472218093272815
51157,Virginia,Rappahannock,62.30183893468612,96.25685705066151,97.47095098628591,83.60657112277721,34.283338936483425,1.4272417002792395,98.28423438005828,64.62171427134038
51159,Virginia,Richmond,28.63031071655041,95.2242658922233,98.46497309921524,86.46234265401105,31.74912542267582,19.51597890164443,37.32599546778893,62.35113431684608
51161,Virginia,Roanoke,92.3272035510463,40.30332365279122,,87.96022415767595,50.22946441577015,69.5314923983866,84.94658465522824,67.11096452153983
51770,Virginia,Roanoke (City),57.7996195307546,14.972571797353984,,70.18426271081749,37.30493393905949,81.22866894197952,31.887342181935903,58.46824329703953
51163,Virginia,Rockbridge,46.60748256182625,73.05582445950306,96.15673413840317,89.58605896653776,35.889458549461814,31.02699348433137,28.00258983489802,57.75333782419624
51165,Virginia,Rockingham,77.20355104629041,34.49499838657631,98.25570267711689,85.35432680454694,34.07177778729499,60.65777226186783,56.55551958562641,61.70256186712371
51167,Virginia,Russell,15.504121750158529,75.79864472410455,96.83889404479116,88.54000884940432,21.89094026254191,8.594477195159783,11.039171252832633,38.20428470696578
51169,Virginia,Scott,14.552948636651871,69.05453372055503,95.82288993196474,82.22482945636914,21.815777765620503,8.78063915606576,20.4920686306248,45.28225178929411
51171,Virginia,Shenandoah,69.62587190868737,50.37108744756373,98.1950683736461,82.05673600851803,31.74091396708663,19.391870927707103,56.3289090320492,57.8511975080748
51173,Virginia,Smyth,48.9854153455929,57.276540819619235,98.30326732676996,87.42714428789112,29.18574449445676,47.31616506360534,12.754936872774362,47.52894300804542
51175,Virginia,Southampton,69.05516804058338,82.4136818328493,97.0584259835508,82.54141866169962,29.543305548517843,23.89078498293516,30.819035286500483,63.47753498384276
51177,Virginia,Spotsylvania,94.45149017121116,41.59406260083898,96.9856301292244,68.65219120225025,41.66990148326923,4.095563139931741,96.924571058595,69.58122469836506
51179,Virginia,Stafford,98.287888395688,31.106808647950952,96.03832571035528,73.25245389535196,44.57558387516208,3.1957803288861157,99.67627063774684,74.56241201346126
51181,Virginia,Surry,46.3855421686747,96.32139399806388,98.146388140777,85.99591302543948,26.302918896171775,0.18616196090597725,77.11233408870186,55.977743228654326
51183,Virginia,Sussex,35.32022828154724,91.19070667957405,95.10953890899704,71.40340736813383,24.338675711007134,4.250698107353401,33.27937843962447,55.01209468389065
51185,Virginia,Tazewell,24.35003170577045,55.985801871571475,97.40751747094993,85.01116290813202,27.056783384674063,38.59757989450823,23.08190352865005,46.77678271505652
51187,Virginia,Warren,89.63221306277742,70.86156824782188,98.41622982845468,79.45809044535594,36.14213971339129,1.7064846416382409,84.16963418582066,60.32574249235348
51191,Virginia,Washington,58.116677235256816,57.76056792513714,97.1300416583265,89.45234269740034,38.55841363784334,45.299410487123794,40.30430560051797,51.75658180986365
51193,Virginia,Westmoreland,29.07419150285352,76.34720877702485,97.59593144432216,75.41714142735363,20.619251394693535,2.513186472230842,52.28229200388475,54.02064564714416
51195,Virginia,Wise,33.3861762840837,65.69861245563085,96.88981424500368,85.31355787535715,25.1802727128834,46.540490226497056,16.218841048883135,40.90216528993869
51197,Virginia,Wythe,33.25935320228282,57.437883188125205,98.20592435407433,88.30707832247771,31.60562338848821,49.64318957493019,21.23664616380706,50.59571614475639
51199,Virginia,York,97.78059606848446,56.276218134882214,95.86404698093249,77.72273462033156,54.69466805406187,58.42382873099597,99.54677889284558,73.78006680376569
51510,Virginia,Alexandria,99.52441344324669,5.130687318489835,,61.23625843425032,60.513697737082325,17.126900403350916,99.90288119132406,71.97653549349691
51520,Virginia,Bristol,48.92200380469245,69.53856082607292,,76.57980461606321,30.826466006031364,86.62736580825317,58.78925218517319,47.17809928772732
51530,Virginia,Buena Vista,37.285986049461,93.54630525976121,,77.26466605756333,30.548529985025432,91.03319888302823,,25.557382104193724
51540,Virginia,Charlottesville,88.26886493341787,55.663117134559535,,57.74129974956688,69.97869586106671,95.3459509773503,,70.10212999377327
51550,Virginia,Chesapeake,94.10272669625871,17.71539206195547,,73.03952254480534,46.04715931136433,36.798014272417,95.6296536095824,70.09179694067245
51560,Virginia,Clifton Forge,30.88142041851617,,,,,,,
51570,Virginia,Colonial Heights,88.20545339251744,66.11810261374636,,71.58213675518834,54.017955814923866,55.01085944771952,,63.741365535395914
51580,Virginia,Covington,43.53202282815472,82.80090351726363,,84.69178289785543,32.06056448607051,88.3338504498914,,51.79307901674331
51590,Virginia,Danville,35.44705136334813,27.266860277508876,,74.67790362473282,37.15000598756178,79.58423828730996,,49.1345930086
51595,Virginia,Emporia,18.67469879518072,68.50596966763473,,74.02878303298135,31.03840484331502,73.22370462302203,,56.95005706800614
51610,Virginia,Falls Church,99.93658845909955,30.848660858341397,,69.39144773323076,100.0,35.587961526528076,,85.33960997451408
51630,Virginia,Fredericksburg,80.81800887761572,53.63020329138431,,52.62954427321776,64.37921968486212,34.34688178715483,99.51440595662028,58.54984782981907
51640,Virginia,Galax,26.188966391883323,92.64278799612778,,85.97522957625202,34.73113628689802,91.96400868755818,,52.85780521581073
51650,Virginia,Hampton,81.2301838934686,27.589545014520812,,62.78752928741184,40.42726367754554,67.29754886751473,82.09776626740044,62.695811536578034
51660,Virginia,Harrisonburg,79.01077996195308,44.75637302355599,,66.1911636004967,53.3718895894899,96.15265280794291,70.1845257364843,58.779079330945265
51670,Virginia,Hopewell,58.24350031705771,19.71603743142949,,52.81160456765964,23.09772979307373,37.79087806391561,,48.575865659078566
51678,Virginia,Lexington,64.33100824350032,82.76863504356244,,76.95424288651556,59.459778518602235,98.38659633881477,,58.56772654267031
51680,Virginia,Lynchburg,72.79644895370959,36.91513391416586,,74.97920284038358,49.78745669543255,96.95935463853553,56.45840077695047,61.6975538214288
51683,Virginia,Manassas,96.48065948002537,58.98676992578251,,59.96366631151627,54.39201324736056,6.143344709897619,98.99643897701522,80.2766454322856
51685,Virginia,Manassas Park,95.3709575142676,72.378186511778,,60.54817201359269,51.87537360395854,2.4201054917778464,,75.19746988536707
51690,Virginia,Martinsville,38.55421686746988,80.12262020006453,,71.67530317198644,26.508384606088597,82.99720757058641,,50.14500599491012
51700,Virginia,Newport News,80.91312618896639,23.523717328170378,,61.87139566646208,41.27493215900592,57.39993794601303,69.47232113952737,61.567160326845766
51710,Virginia,Norfolk,84.46417247939125,7.357212003872217,,58.75077004293466,44.236446892084594,63.51225566242631,69.95791518290709,55.29297106455835
51720,Virginia,Norton,18.072289156626507,93.80445304937076,,77.48310722986557,33.72535230241119,88.98541731306236,,28.191500928045222
51730,Virginia,Petersburg,16.867469879518072,49.17715392061955,,48.30428440985313,31.537047920155747,46.16816630468507,,40.62881934032019
51735,Virginia,Poquoson,99.68294229549778,93.44949983865763,,79.40998851082398,49.01929132832648,47.81259695935464,97.79864033667852,64.72634958913784
51740,Virginia,Portsmouth,73.17691819911224,22.39432074862859,,55.95975232749813,43.028292378672106,52.621780949426,42.667529944966006,59.80402391122132
51750,Virginia,Radford,82.11794546607483,53.2107131332688,,60.74744481220604,33.524938933734894,92.30530561588581,92.00388475234703,45.21182938594223
51760,Virginia,Richmond City,67.27964489537096,6.421426266537593,,58.26247324271159,49.81887524035991,68.07322370462302,46.71414697313046,60.23747720119552
51775,Virginia,Salem,92.6125554850983,63.084866085834136,,78.9412956475491,54.81421197473917,90.5988209742476,,62.788932476633896
51790,Virginia,Staunton,69.59416613823716,78.83188125201677,,76.11350517306566,45.820377160467544,73.689109525287,,68.4948282204669
51800,Virginia,Suffolk,86.04946100190234,42.20716360116166,,71.03725552237466,42.14486502399504,15.544523735650017,77.0152152800259,67.0929133455996
51810,Virginia,Virginia Beach,97.65377298668358,21.10358180058083,,72.07078795854828,49.7531619158257,55.63139931740614,95.40304305600516,72.54364562425584
51820,Virginia,Waynesboro,63.88712745719721,76.21813488222007,,71.78488512369593,40.81020180005162,75.30251318647223,,57.68349986613771
51830,Virginia,Williamsburg,75.23779327837666,87.2539528880284,,65.82930870534858,40.19739613898826,83.30747750542972,,70.66092808636256
51840,Virginia,Winchester,89.25174381737476,54.2755727654082,,67.58262166492419,68.13302653606675,76.23332299100217,89.41404985432179,56.218606468667815
53001,Washington,Adams,74.35003170577045,38.68989996773153,96.21490277965314,77.27331204530289,42.20336085338949,76.04716103009619,21.916477824538685,44.14726639939879
53003,Washington,Asotin,61.98478123018389,55.759922555663124,98.08099997251004,81.05191768847088,42.625116409930435,97.82811045609681,73.00097118808677,55.80924752566194
53005,Washington,Benton,88.3005707038681,5.098418844788641,99.09602701597528,78.75078319399925,45.78748246892891,73.59602854483401,90.93557785691162,63.76956124200253
53007,Washington,Chelan,80.88142041851617,19.232010325911585,98.8289199439371,75.64192125150274,54.052361353374,84.8588271796463,68.72774360634509,69.06839539925669
53009,Washington,Clallam,55.10462904248573,40.819619232010325,97.87336466278036,75.38708444635876,47.596087406030264,78.21905057399938,56.976367756555526,54.32214208791467
53011,Washington,Clark,85.19340519974635,3.355921264924169,98.14881230252682,65.92321983975098,50.73500077477908,47.96773192677629,95.17643250242796,67.35777928664088
53013,Washington,Columbia,52.5998731769182,78.38012262020007,96.25554580797387,83.84709341114545,43.19527507135667,54.73161650636054,63.3538361929427,44.06961561029365
53015,Washington,Cowlitz,45.11731135066582,17.32817037754114,98.67990844143522,73.43968378641608,36.90173986647004,55.60037232392181,74.87860148915506,52.69830344844225
53017,Washington,Douglas,81.07165504121751,20.52274927395934,98.49552444180097,74.79234149638717,43.767503450051464,82.12845175302513,51.3434768533506,51.86656703120361
53019,Washington,Ferry,1.8072289156626504,57.37334624072281,98.04932981665593,82.41736764696917,37.34178789764461,60.28544834005585,41.34023955972806,31.68709749474953
53021,Washington,Franklin,85.57387444514902,6.227815424330429,99.28278814920547,75.33368418611254,37.8034185527574,76.85386286068879,56.94399482033021,54.63477575870331
53023,Washington,Garfield,64.80659480025365,85.7050661503711,82.89673661732493,86.14331595698084,41.760344501297354,59.04436860068259,83.39268371641307,52.943756031429
53025,Washington,Grant,56.341154090044384,11.745724427234592,97.34275031106124,79.88268761845747,38.152082832611214,79.64629227427862,38.68565878925219,51.894042134684085
53027,Washington,Grays Harbor,37.50792644261256,38.46402065182317,98.71599007328416,79.55515016455621,33.09289489159769,58.29972075705864,38.00582712852056,52.76221258336362
53029,Washington,Island,83.48129359543437,31.04227170054856,98.34965567201446,70.8539607835087,47.69346323608117,33.16785603475023,97.9605050178051,67.00634248970273
53031,Washington,Jefferson,62.90424857324033,52.791222975153275,97.68615390718172,74.68550187763596,47.09988697975059,44.896059571827486,89.80252508902558,56.38399538314479
53033,Washington,King,98.79518072289156,0.7744433688286544,99.38956975264227,55.54472723039388,63.300579992353946,27.80018616196091,96.2771123340887,82.56676843358281
53035,Washington,Kitsap,92.0418516169943,12.907389480477574,95.9614618450322,67.55737840840139,49.65822167309903,28.20353707725721,95.27355131110392,63.41973242119092
53037,Washington,Kittitas,62.52377932783767,21.942562116811875,98.71860556177546,62.906148365701824,41.82612842416701,70.08997828110456,90.44998381353189,60.18359777287561
53039,Washington,Klickitat,29.644895370957514,26.524685382381413,99.53626768957476,77.92858389859624,40.56135718120026,44.52373565001552,63.839430236322436,56.363952426214325
53041,Washington,Lewis,46.73430564362714,26.944175540496936,97.8313390106662,76.36112066586983,36.94800142795392,35.83617747440273,68.24214956296537,52.22335474685784
53043,Washington,Lincoln,54.15345592897908,31.881252016779605,96.91468843384432,86.78600788021778,35.836627171189946,40.80049643189575,88.89608287471674,51.7148792524259
53045,Washington,Mason,38.5859226379201,40.4001290738948,96.43447040701052,76.21004959715668,35.68808096372271,8.532423208191119,65.68468760116542,56.740787825661194
53047,Washington,Okanogan,26.220672162333543,22.65246853823814,97.7306321177158,77.49855465672177,36.317544000346224,75.79894508222154,33.60310780187763,55.34423395501271
53049,Washington,Pacific,43.658845909955616,46.98289770893837,98.66131826668236,80.79287478494706,30.790065794412076,67.88706174371703,37.19650372288766,55.751311577625216
53051,Washington,Pend Oreille,13.284717818642994,58.79315908357534,96.8971979331689,82.49743588881819,31.8537921382044,11.759230530561595,73.55131110391713,50.42840652431579
53053,Washington,Pierce,84.65440710209258,3.7108744756373024,96.7510272148908,65.17967099493556,45.74346726817513,17.437170338194235,95.33829718355454,67.129074685567
53055,Washington,San Juan,96.3855421686747,78.99322362052274,98.571407049719,63.87482402758056,58.079017344016954,98.88302823456407,96.60084169634186,81.60275454906608
53057,Washington,Skagit,76.50602409638554,22.039367537915457,98.16751817799928,70.3114135940339,47.837560689302485,43.034439962767614,81.83878277759793,62.481494681483866
53059,Washington,Skamania,31.769181991122387,30.945466279444982,97.75781752021418,65.60009061961186,36.20309004541049,16.568414520632942,60.79637423114277,65.21966759293679
53061,Washington,Snohomish,95.8148383005707,4.033559212649242,98.50548266393916,56.16516963988557,49.79459319846671,13.931120074464786,97.34541922952413,68.51447280460215
53063,Washington,Spokane,74.82561826252378,4.356243949661181,98.70208955985431,74.23123328733,46.10872528319832,70.58641017685386,87.05082550987375,66.47396818475077
53065,Washington,Stevens,34.27393785668992,34.462729912875126,97.95307587628156,84.02848143103839,38.64841650125063,23.921811976419477,62.09129168015539,51.31063709015135
53067,Washington,Thurston,88.49080532656943,12.971926427879962,98.2759143399455,68.7156331456613,46.20630688414787,41.70027924294136,96.34185820653931,62.97479309170155
53069,Washington,Wahkiakum,37.729866835764106,94.57889641819942,97.20089206920346,72.00404699142449,39.46441612353482,17.840521253490536,71.67368080284882,55.216492679955714
53071,Washington,Walla Walla,78.40837032339886,19.393352694417555,98.61675922498836,71.88104662388501,47.47622843336196,96.05957182748992,63.58044674651991,58.74973453490527
53073,Washington,Whatcom,75.90361445783132,16.747337850919653,98.75024288697075,64.57840964569526,48.73859253413957,73.40986658392802,94.33473616056976,64.60375684869551
53075,Washington,Whitman,61.00190234622701,38.39948370442078,99.53399016711012,59.30386098446374,38.94409569094126,93.98076326403971,98.47847199741015,51.652247673568255
53077,Washington,Yakima,48.38300570703868,8.228460793804453,98.40053911696656,71.10521219785431,38.66445719916153,82.53180266832143,29.94496600841696,54.27212182192212
54001,West Virginia,Barbour,18.421052631578945,87.44756373023556,97.54676660928288,89.2625144553048,12.844521111709897,23.23921811976419,11.621884104888313,50.745122400975525
54003,West Virginia,Berkeley,59.57514267596703,28.46079380445305,98.69674257878452,82.53676840964488,29.988008831446994,25.56624263108904,65.10197474910974,60.49679159885176
54005,West Virginia,Boone,4.09004438807863,48.98354307841239,,88.1013754840935,8.51202019689324,5.8330747750542855,7.898996438977016,55.13944169975824
54007,West Virginia,Braxton,14.521242866201648,81.80058083252662,,93.07520536801,21.797972310070826,7.725721377598518,7.122045969569441,46.03435011219431
54009,West Virginia,Brooke,28.56689917564997,33.656018070345276,99.70167356005788,91.611604605474,22.617577173815725,41.26590133416072,26.740045322110717,57.11560541155404
54011,West Virginia,Cabell,48.795180722891565,13.262342691190707,98.52146740922048,77.99136667547158,31.018563587984005,70.40024821594787,35.90158627387504,56.79386516391157
54013,West Virginia,Calhoun,3.0120481927710845,92.44917715392062,99.28106373695351,95.05161214657718,14.271110623829912,1.954700589512882,16.54257041113629,25.28370310835486
54015,West Virginia,Clay,3.0754597336715284,90.70667957405615,,76.74706543362677,17.573368547835766,2.4511324852621783,4.758821625121398,42.518022755977704
54017,West Virginia,Doddridge,25.77679137603044,90.9970958373669,96.43669132443888,95.49316936572322,16.597735070003452,3.599131244182445,48.106183230819035,60.03879053863261
54019,West Virginia,Fayette,20.735573874445148,61.181026137463704,97.63314451749532,86.07782044048018,19.05515060226402,19.019547005895134,12.884428617675622,46.86368547154936
54021,West Virginia,Gilmer,17.3430564362714,95.12746047111972,99.93306399941504,92.81134767180384,24.660633221767945,25.628296618057718,26.0925865976044,40.55409122486294
54023,West Virginia,Grant,38.205453392517434,86.6731203614069,99.27647638510818,91.74666247331412,26.147600332429995,38.380390940117906,5.956620265458077,59.15424126963686
54025,West Virginia,Greenbrier,24.857324032974,45.56308486608584,99.24554982799292,85.11095856760654,32.343429688761525,32.48526217809494,12.787309808999677,56.76416390503832
54027,West Virginia,Hampshire,24.223208623969565,80.864795095192,98.23516302743054,77.65662747862189,19.881659618678093,0.3412969283276368,14.567821301392035,48.46788888429177
54029,West Virginia,Hancock,32.3715916296766,36.07615359793482,99.615348576545,88.01551936046042,34.01234600612106,52.93205088426931,19.68274522499191,50.717162945085455
54031,West Virginia,Hardy,14.679771718452756,80.67118425298483,99.05135260406983,89.83964070460829,17.702904527241394,34.37790878063916,9.71188086759469,53.70190496741793
54033,West Virginia,Harrison,42.29549778059607,32.687963859309455,98.73412005254924,87.17416969959406,36.11634579138019,64.41203847347192,33.18225963094853,59.11242139880504
54035,West Virginia,Jackson,17.97717184527584,48.43497902549209,97.78506376671398,88.45313244054591,21.183375542318775,20.695004654049015,18.03172547750081,47.9510013074036
54037,West Virginia,Jefferson,72.76474318325936,48.46724749919329,98.932488711498,84.46939600050652,29.362207345564045,3.0406453614644846,93.03981871155716,65.17322479915109
54039,West Virginia,Kanawha,53.202282815472415,8.163923846402065,96.1432302891092,82.37553483805898,34.99316229611478,70.74154514427552,32.308190352865005,53.489708965286034
54041,West Virginia,Lewis,27.61572606214331,70.31300419490158,98.44242838194084,86.47506688644023,18.672857059221204,25.34905367669873,11.71900291356426,52.426432275600256
54043,West Virginia,Lincoln,2.28281547241598,49.88706034204582,,86.78629552097007,5.043017954439415,1.5203226807322352,4.337973454192295,50.08003674550722
54045,West Virginia,Logan,3.3925174381737477,41.949015811552115,97.15690748504971,87.20775809912055,5.141076141116469,32.547316165063606,4.888313370022661,49.421508948954184
54047,West Virginia,Mcdowell,0.0951173113506658,46.69248144562762,99.35207851331823,81.87104708124349,0.963380610160631,2.854483400558479,1.3596633214632567,39.7755664712608
54049,West Virginia,Marion,44.89537095751427,33.78509196515005,98.12321047365448,86.16550001007492,28.244601136525503,40.986658392801736,33.99158303658142,56.43733835262504
54051,West Virginia,Marshall,41.43944197844008,38.62536302032914,99.16939111682372,86.94073280876664,23.545585258272347,35.24666459820044,22.078342505665265,55.573762026511226
54053,West Virginia,Mason,9.923906150919468,43.465634075508234,99.13211924169173,92.17943522267632,13.3930279765189,21.346571517219985,13.88798964066041,53.19198556302518
54055,West Virginia,Mercer,24.730500951173113,45.88576960309778,97.19152035149584,85.81404728781668,15.804083075949077,49.20881166614956,12.398834574295888,47.24385836501506
54057,West Virginia,Mineral,29.486366518706404,66.63439819296548,99.02126970700004,90.10577843084272,22.45755511393422,40.05584858827179,14.405956620265458,61.11404895515765
54059,West Virginia,Mingo,1.4901712111604313,45.466279444982256,99.09798242727072,79.94386509495538,1.9330029362676195,8.439342227738138,6.247976691485918,39.37425471512223
54061,West Virginia,Monongalia,77.26696258719087,28.88028396256857,98.94042004443736,75.09229637674214,48.14835269881246,73.03754266211604,71.73842667529945,65.31901367939788
54063,West Virginia,Monroe,9.860494610019025,82.63956114875766,99.69438708647436,95.39220476218044,19.668932179581574,1.7375116351225586,10.877306571706054,46.52665997530979
54065,West Virginia,Morgan,25.55485098287889,76.25040335592126,97.93368485277284,90.38685694179732,24.01393540382308,1.551349674216553,36.29006150857883,60.92228947000984
54067,West Virginia,Nicholas,12.618896639188332,65.44046466602128,93.026705961853,89.38744946567437,26.519903382644184,22.991002171889534,8.157979928779541,53.51113764850027
54069,West Virginia,Ohio,61.097019657577675,18.844788641497257,97.97721137611704,84.78704330948032,43.0346545966606,76.20229599751784,53.480090644221434,53.86546400468512
54071,West Virginia,Pendleton,25.967025998731767,91.73927073249435,,90.54816633057564,30.19109101844719,6.267452683834961,33.37649724830042,43.29299950920881
54073,West Virginia,Pleasants,21.40139505389981,76.15359793481768,100.0,95.99655343331116,26.8771018220566,21.377598510704303,19.747491097442538,66.20339834372054
54075,West Virginia,Pocahontas,15.789473684210526,92.32010325911585,,84.94882495892728,21.995851324173483,21.56376047161031,30.430560051796697,35.28565259958835
54077,West Virginia,Preston,36.11287254280279,79.15456598902871,99.41281260837002,85.04824969724469,24.0531890983734,12.038473471920568,18.225963094852705,55.549313293986145
54079,West Virginia,Putnam,56.24603677869372,24.588576960309776,98.83656077650318,88.46865667913461,35.532217951176484,24.697486813527775,60.18128844286177,62.05803508116245
54081,West Virginia,Raleigh,32.21306277742549,43.49790254920942,96.62164984721754,77.09843502848877,25.947612227099587,48.58827179646292,19.488507607640013,36.37332921833104
54083,West Virginia,Randolph,32.84717818642993,68.1187479832204,96.01318165642223,89.45985720553395,26.862338182844667,65.71517219981384,23.535124635804465,54.449670251977906
54085,West Virginia,Ritchie,15.948002536461637,88.73830267828332,98.87481980715673,90.8330638273706,14.421201350811398,7.012100527458884,12.172224020718678,45.869015232839054
54087,West Virginia,Roane,4.216867469879518,68.24782187802518,99.36158560107155,89.65989236108341,15.956143128642037,4.96431895749302,11.071544189057947,37.467567239232125
54089,West Virginia,Summers,6.689917564996829,74.63697967086156,98.96565212882224,87.21792783021789,16.021122421348256,4.529941048712402,9.679507931369375,38.65620570332515
54091,West Virginia,Taylor,39.91756499682943,81.28428525330752,,91.81219553616272,18.070593074901083,28.793049953459516,23.470378763353835,54.51853464840714
54093,West Virginia,Tucker,39.315155358275206,96.06324620845434,,94.46467253884892,33.66962900635406,21.25349053676699,19.812236969893167,61.91806348661339
54095,West Virginia,Tyler,16.550412175015854,68.34462729912875,,94.38149542989632,24.71221757312456,6.919019547005902,13.208157979928782,57.494642417326375
54097,West Virginia,Upshur,30.7863031071655,72.53952888028397,99.67846543179466,82.51886022953846,25.767605155161192,36.89109525287,12.0103593395921,55.15290346229927
54099,West Virginia,Wayne,21.179454660748256,26.202000645369473,,86.49940765395296,17.19475880583896,25.131864722308407,13.143412107478149,47.76217518590459
54101,West Virginia,Webster,5.421686746987952,87.35075830913198,,78.75571882214983,14.158318138838174,15.916847657462,14.30883781158951,49.49426820798307
54103,West Virginia,Wetzel,9.226379201014584,47.88641497257179,97.28648704159572,91.981803558256,22.61384056496548,18.95749301892647,7.348656523146649,43.259080640795126
54105,West Virginia,Wirt,4.470513633481294,91.93288157470153,96.84736950029864,87.30006470582742,15.675814146016624,1.0238907849829388,49.17449012625445,47.690739575711525
54107,West Virginia,Wood,49.55611921369689,18.747983220393674,98.4115807958544,89.00201359380624,30.085733057308595,85.38628606887993,31.304629329880218,55.181797019030974
54109,West Virginia,Wyoming,1.4584654407102091,54.243304291707005,95.528005188904,86.32654625213725,7.206955995674797,4.3127520943220645,2.945937196503723,40.79029572811949
55001,Wisconsin,Adams,15.409004438807864,31.84898354307841,97.24154045429154,83.53244534760191,29.230753344305892,19.609059882097426,42.829394626092586,55.39348734944942
55003,Wisconsin,Ashland,51.68040583386176,75.12100677637947,98.21832349653025,85.29092845790738,45.65579489794184,90.5057399937946,42.27905471026222,49.90630609835939
55005,Wisconsin,Barron,57.92644261255548,39.56114875766376,99.14280583194386,87.20080066377304,44.57094732862507,77.31926776295377,60.666882486241505,59.639897224379915
55007,Wisconsin,Bayfield,50.41217501585289,86.64085188770572,97.899590955171,86.08929220970299,41.761684230618414,57.58609990691902,55.584331498866945,58.42573319847787
55009,Wisconsin,Brown,85.2568167406468,7.13133268796386,99.15730500525684,85.38966413217204,50.43740996100899,91.77784672665219,78.31013272903853,70.53428928867058
55011,Wisconsin,Buffalo,67.3430564362714,74.9919328815747,98.89172836344986,88.19728418733325,45.12273747950162,37.63574309649395,66.94723211395274,62.39328111344971
55013,Wisconsin,Burnett,24.635383639822447,74.47563730235561,95.47605917807113,85.1087357844394,37.133742606929374,30.189264660254423,59.307219164778246,59.26643522829416
55015,Wisconsin,Calumet,87.63474952441345,35.6243949661181,99.38316869987572,89.36878102296768,44.43885587384338,73.2857586099907,79.9287795403043,70.33965129133117
55017,Wisconsin,Chippewa,82.05453392517438,29.62245885769603,98.7257123339349,86.02906243557702,42.81594450579029,67.2665218740304,77.75979281320816,63.491388439056294
55019,Wisconsin,Clark,59.797083069118585,39.07712165214585,98.4083301302011,87.39198770369575,31.21023460639514,59.41669252249457,41.89057947555843,57.41213670673566
55021,Wisconsin,Columbia,68.92834495878249,15.682478218780252,98.77825408603844,85.81064750771047,39.68043485439816,29.78591374495811,87.08319844609906,64.95078873285424
55023,Wisconsin,Crawford,60.20925808497146,44.85317844465957,96.4095540231496,86.95201420527808,39.864272100095825,64.78436239528389,59.82518614438329,57.251927247718555
55025,Wisconsin,Dane,95.84654407102092,4.09809616005163,99.63420693031648,73.48573262390659,59.304148697593725,78.25007756748371,94.75558433149888,76.08851731766494
55027,Wisconsin,Dodge,73.81103360811667,15.617941271377864,99.13844311167296,85.89274295530706,40.370521801508616,59.10642258765126,70.28164454516025,66.13077124256789
55029,Wisconsin,Door,84.68611287254281,54.307841239109386,99.2681261719898,82.68890555501773,49.40285664911688,86.59633881476886,75.88216251213986,66.91722023881918
55031,Wisconsin,Douglas,72.09892200380469,34.72087770248467,98.94692025648,83.16564143347509,40.46101151422821,70.27614024201054,58.95111686629977,60.65371612056891
55033,Wisconsin,Dunn,68.00887761572606,41.69086802194256,98.8369904118222,82.85033946464497,40.9202995070134,56.90350605026373,87.89252185173196,68.18465489366027
55035,Wisconsin,Eau Claire,86.36651870640456,11.519845111326234,99.53604835095246,84.81024143599947,53.402376423097245,93.54638535525908,87.95726772418259,66.08375214798015
55037,Wisconsin,Florence,45.973367152821815,69.28041303646337,96.28259054893624,81.19417859861619,38.28273690644798,79.67731926776295,50.69601812884429,62.530230430831
55039,Wisconsin,Fond Du Lac,83.00570703868104,12.939657954178768,99.4226473205107,88.78123647269793,43.85423349520495,78.00186161960906,75.9792813208158,64.73114299340126
55041,Wisconsin,Forest,18.16740646797717,70.95837366892546,97.38777820369953,86.93826412669318,34.26865236501889,45.82686937635743,19.71511816121722,51.69076059598403
55043,Wisconsin,Grant,76.79137603043755,28.267182962245883,99.0829757732663,87.56498186718134,39.89928537331976,67.11138690660874,59.663321463256715,60.801713652378645
55045,Wisconsin,Green,89.82244768547875,30.267828331719908,99.58457667715396,88.32374554627556,45.30352898874193,47.16103009618367,70.31401748138556,71.07428845854142
55047,Wisconsin,Green Lake,68.99175649968295,35.33397870280736,99.60807304012198,87.65615286294499,40.66085205761605,47.00589512876202,62.479766914859184,60.140604475042906
55049,Wisconsin,Iowa,89.37856689917565,58.63181671506938,98.86315461309891,88.31070340620214,40.98876337882507,32.361154204157614,80.1230171576562,69.16713167797084
55051,Wisconsin,Iron,22.19403931515536,95.7405614714424,98.38502692696504,86.8981484639859,37.813085959467415,73.72013651877133,48.203302039494986,61.52881405000826
55053,Wisconsin,Jackson,39.94927076727964,43.72378186511778,98.13804246695874,83.76444363747945,37.887327494673166,48.9605957182749,62.54451278730981,55.344932065264366
55055,Wisconsin,Jefferson,81.19847812301839,12.584704743465633,99.36365412969484,85.97046662450072,42.650350445979505,44.15141172820354,87.40692780835222,72.28207524031062
55057,Wisconsin,Juneau,35.2568167406468,24.20135527589545,97.26253625990934,85.98590869189042,36.365154932082625,48.65032578343158,58.5950145678213,54.22681017012233
55059,Wisconsin,Kenosha,70.98922003804692,5.808325266214908,98.94332018150324,74.89894094943539,42.810557385565176,36.82904126590133,85.85302686953706,63.30611567253139
55061,Wisconsin,Kewaunee,87.88839568801522,75.44369151339141,98.67067950704796,89.92732405500267,41.182713624822775,39.34222773813217,57.23535124635804,70.42002703149593
55063,Wisconsin,La Crosse,83.73493975903614,10.842207163601161,99.6320533824894,79.49304311036467,56.92688755017799,90.97114489605957,81.51505341534477,72.72248319831199
55065,Wisconsin,Lafayette,79.26442612555485,47.11197160374314,98.92028610406328,90.29150363499008,36.27123576657376,39.683524666459824,48.559404337973454,62.02656447933363
55067,Wisconsin,Langlade,46.32213062777426,53.95288802839626,99.144004780252,90.23606062969208,39.79589518945111,64.50511945392492,40.20718679184202,56.63590340851589
55069,Wisconsin,Lincoln,62.87254280279011,46.11164891900613,96.36356382691692,92.04703659398106,37.53485810020334,64.44306546695626,54.61314341210747,61.89069909042433
55071,Wisconsin,Manitowoc,79.93024730500952,20.167796063246207,99.35381988376508,91.5659262015794,45.234861382060224,84.57958423828731,56.814503075428945,60.428114826113585
55073,Wisconsin,Marathon,83.6715282181357,15.714746692481446,98.9623582718026,88.11652886773219,48.56474141725106,88.89233633260937,76.27063774684363,64.83594271594156
55075,Wisconsin,Marinette,54.692454026632845,26.33107454017425,98.31026692121428,91.5295159610421,37.6211557391762,73.0995966490847,51.7643250242797,61.074955819658584
55077,Wisconsin,Marquette,48.85859226379201,43.0784123910939,99.02098979892342,88.02860478402346,28.763421666035565,25.969593546385354,75.23470378763353,64.0035898156236
55078,Wisconsin,Menominee,1.077996195307546,92.86866731203615,99.09422725392852,74.371228082057,24.16989425705527,84.51753025131865,3.949498219488508,48.62890962432126
55079,Wisconsin,Milwaukee,65.40900443880786,0.5808325266214909,99.79114772999846,69.28340089586986,44.872839362010446,64.16382252559727,53.57720945289738,61.13943687408015
55081,Wisconsin,Monroe,55.00951173113506,21.16811874798322,98.75206030972495,84.36247723806292,42.35492094221749,74.46478436239528,45.90482356749757,59.141452844787494
55083,Wisconsin,Oconto,57.641090678503495,45.143594707970315,98.43163426114644,92.1115492010738,38.71785023349444,26.217809494259996,63.28909032049207,69.91868994433868
55085,Wisconsin,Oneida,43.84908053265694,49.596644078735075,98.5036389313044,87.46411147284856,46.41563111157789,81.94228979211914,50.50178051149239,67.25345169133658
55087,Wisconsin,Outagamie,90.2029169308814,9.067441110035496,99.52188116255718,90.84220018585398,50.902617282501026,85.29320508842693,88.92845581094205,71.96379183427517
55089,Wisconsin,Ozaukee,98.06594800253646,22.491126169732173,99.59648200795822,84.89843113909082,61.570422192345774,53.61464474092461,98.57559080608613,76.30529111655507
55091,Wisconsin,Pepin,88.77615726062143,78.86414972571797,98.86196929872682,94.2588507973354,46.52622668711722,29.910021718895436,71.15571382324377,62.04603769972488
55093,Wisconsin,Pierce,82.27647431832594,51.274604711197156,99.35228839651428,77.09721094738754,43.384710012014416,24.44927086565312,92.87795403043056,72.14105123879904
55095,Wisconsin,Polk,48.95370957514268,50.82284607938045,98.29262862206431,86.3617373525384,45.790006282892314,17.964629227427864,83.36031078018776,65.78525894755863
55097,Wisconsin,Portage,78.37666455294864,23.685059696676348,99.03406453013967,88.11680172512342,45.33255067584302,84.6726652187403,85.59404337973454,69.58164844671252
55099,Wisconsin,Price,54.31198478123018,83.63988383349468,98.68832746764365,86.18055654583996,40.79762077972607,70.5243561898852,56.03755260602136,57.10494833045125
55101,Wisconsin,Racine,70.9575142675967,5.646982897708938,99.6265501438648,81.24045652418351,44.442968522632455,53.83183369531493,71.60893493039818,64.3485054616286
55103,Wisconsin,Richland,49.619530754597335,41.23910939012585,98.8228371686938,86.10604789694776,39.49750600145254,47.44027303754266,50.59889932016834,47.914500481289366
55105,Wisconsin,Rock,63.538363982244775,6.098741529525654,99.4760361431618,84.40690671208334,45.36447560607419,64.22587651256593,55.2929750728391,59.6244057686124
55107,Wisconsin,Rusk,37.95180722891566,72.18457566957083,96.66607804695197,84.070516077711,35.43182828516521,47.471300031027,39.68921981223697,53.78660627274602
55109,Wisconsin,St Croix,91.94673430564364,30.461439173927076,98.93272069410273,80.59816018970044,47.24186351531971,27.52094322060192,96.14762058918744,75.00332467691172
55111,Wisconsin,Sauk,79.86683576410907,22.813810906744113,98.8920416211064,86.78335658889246,46.5188416836714,62.209121936084394,64.00129491744902,69.79532031218403
55113,Wisconsin,Sawyer,28.37666455294864,51.597289448209104,96.10493328019064,83.89901328841357,39.29919559731668,71.2069500465405,20.84817092910327,53.57619933544818
55115,Wisconsin,Shawano,53.709575142675966,42.27170054856405,98.40440277412996,90.80603896899414,36.5074105153197,47.40924604405833,48.81838782777598,60.89602822399912
55117,Wisconsin,Sheboygan,88.07863031071655,17.231364956437563,99.1902722867048,89.14049165498598,46.45486852959645,93.01892646602545,79.37843962447394,70.38923579299853
55119,Wisconsin,Taylor,76.06214331008243,67.11842529848339,98.70740311149336,87.86541901527396,39.5584085676921,70.86565311821285,46.94075752670767,57.84151764896189
55121,Wisconsin,Trempealeau,64.45783132530121,38.593094546627945,99.15645152249324,89.61973275221783,40.66497836025455,54.26621160409557,46.13143412107478,65.97605253308478
55123,Wisconsin,Vernon,54.12175015852885,27.6540819619232,99.07170172855533,86.06429567468788,41.668344794625725,34.75023270245113,69.01910003237293,61.16241306309799
55125,Wisconsin,Vilas,41.28091312618897,56.631171345595355,99.30261289547812,86.64758637512999,47.674692559551715,83.36953149239838,54.386532858530266,64.62204650459967
55127,Wisconsin,Walworth,74.25491439441979,13.101000322684737,99.66165398623356,80.90754346108645,45.29548144653936,45.54762643499844,84.4933635480738,61.07073391483403
55129,Wisconsin,Washburn,39.50538998097654,83.15585672797677,98.4619062464298,89.12483805398841,41.10385509375167,59.07539559416692,60.99061184849466,62.99950499147217
55131,Wisconsin,Washington,91.85161699429295,16.00516295579219,99.60486098660948,88.38293903031168,51.316771993999744,38.907849829351534,95.01456782130138,70.27448888468483
55133,Wisconsin,Waukesha,96.98795180722892,4.420780897063569,99.71867362762164,84.25808360886236,64.45713679536138,61.96090598820974,98.05762382648106,79.03782836523845
55135,Wisconsin,Waupaca,65.82117945466075,32.07486285898677,99.32005352430738,88.07566443356512,41.39158121376036,45.95097735029475,61.37908708319845,68.41060522904446
55137,Wisconsin,Waushara,30.405833861762844,51.95224265892223,98.54669707944936,87.26271471989918,34.43718953064721,21.718895439031954,65.16672062156037,60.11574094401683
55139,Wisconsin,Winnebago,85.70069752694991,5.872862213617296,99.62137714980308,86.96205922007037,47.36900829513197,89.20260626745268,88.47523470378763,64.28939500468029
55141,Wisconsin,Wood,61.54090044388079,21.361729590190386,99.12177666081956,88.77671487068868,50.66297694281049,83.55569345330437,67.14146973130462,60.887809416650214
56001,Wyoming,Albany,84.11540900443882,36.269764440141984,99.46042312059528,70.29209737760229,49.985100851645186,98.8209742475954,97.57202978310131,54.630092268473135
56003,Wyoming,Big Horn,49.27076727964489,81.25201677960632,99.10492113453746,89.47393059100648,38.32607130517508,87.8374185541421,65.45807704758822,62.3501885783299
56005,Wyoming,Campbell,89.09321496512365,41.36818328493062,98.72598875490937,86.31754027057659,46.51096374127147,85.51039404281725,84.39624473939786,59.955019577733914
56007,Wyoming,Carbon,71.49651236525048,66.24717650855115,98.8849249048818,86.9331486620102,43.81175103063089,95.93546385355259,76.85335059889931,48.87064023842312
56009,Wyoming,Converse,76.4426125554851,69.34494998386576,98.9948737929532,94.2218642908147,43.649098039277824,44.7098976109215,79.57267724182583,55.17720538795045
56011,Wyoming,Crook,77.4571972098922,91.22297515327526,98.75124217394598,83.49452464543658,42.34640756674764,44.95811355879616,91.97151181612172,59.89771295908486
56013,Wyoming,Fremont,51.80722891566265,57.4701516618264,98.63994093166716,84.6013937027182,39.10782915772236,89.605957182749,44.96600841696342,56.6419504871072
56015,Wyoming,Goshen,32.149651236525045,74.28202646014843,98.90834037444554,87.25571136638757,46.72345699599214,82.15947874650946,72.61249595338298,53.435312373995416
56017,Wyoming,Hot Springs,61.69942929613189,94.54662794449823,99.56548946226792,92.538098517233,46.52784366618364,97.3316785603475,90.19100032372936,54.220329180620766
56019,Wyoming,Johnson,82.14965123652505,89.3836721523072,98.55502672435284,87.93784344710052,52.19397499821454,85.57244802978592,86.07963742311428,48.73859181233337
56021,Wyoming,Laramie,81.57894736842105,18.68344627299129,98.63994293546423,82.08069968666148,47.95920704867104,96.3388147688489,88.76659112981548,53.5317170766779
56023,Wyoming,Lincoln,86.42993024730501,66.02129719264279,98.53642251808984,91.96437970955871,47.723744276130816,48.92956872479057,85.98251861443833,60.305731887094915
56025,Wyoming,Natrona,73.20862396956245,34.0109712810584,99.46691824245453,83.96319560108267,47.728902048215055,96.8352466645982,81.64454516024603,58.964273513201505
56027,Wyoming,Niobrara,66.96258719086873,97.67666989351403,97.6401490743836,75.86905796077589,40.48570147061643,92.11914365497984,91.03269666558757,44.614403153258536
56029,Wyoming,Park,69.91122384273937,55.8889964504679,98.8415795247705,86.38083634193225,53.02409794481096,92.52249457027614,90.28811913240531,58.16194286562478
56031,Wyoming,Platte,66.39188332276474,80.8002581477896,99.05670040899923,87.90950710352382,40.23707909521872,94.44616816630469,81.09420524441568,49.35685206035141
56033,Wyoming,Sheridan,82.40329740012682,39.948370442078094,99.43013382586072,77.66391959887167,54.914183417921464,94.01179025752404,81.15895111686629,62.56315831524506
56035,Wyoming,Sublette,84.14711477488903,93.96579541787673,98.55271458141505,91.6393432419132,43.912963126594526,56.562209121936085,92.101003561023,57.76702088732647
56037,Wyoming,Sweetwater,73.96956246036778,57.663762504033556,99.22936687754314,86.63419635995217,44.41817586971528,79.025752404592,77.6626740045322,55.03073248960595
56039,Wyoming,Teton,98.44641724793912,50.98418844788641,99.49440521179692,71.10418512881205,69.96369167692919,95.6562209121936,96.01812884428618,91.02652083712978
56041,Wyoming,Uinta,66.01141407736209,66.37625040335593,99.14123882847278,94.23140092055436,44.35608444839997,82.25255972696246,69.56943994820331,63.32517100338528
56043,Wyoming,Washakie,75.74508560558021,82.18780251694095,99.32145257941124,91.8418288506898,53.219975959782275,99.28637914986038,61.346714146973135,57.85063183225048
56045,Wyoming,Weston,64.77488902980343,92.0619554695063,98.79265844939162,85.03467150306253,,61.18523115110146,83.4250566526384,53.39195042658101
