,State Name,County Name,5fipscode,UnempRte,MedHouseIncome,jobs_total_5mi_2015,ann_avg_job_growth_2004_2013,job_density_2013,employ_rate,P_less_30k,P_more_200,QOL_index,shrunk_xkid_vscore2020,shrunk_xkid_brcbalance2020,cluster,PC1,stability_score,dist_own_centroid,fragility_index
0,ALABAMA,AUTAUGA,1001.0,0.0218888889,68857.0,6825.416666666667,-0.0085944075583333,242.7051506616667,74.127065625,28.92907028125,1.73304940625,59.143956428125,652.1030511863992,4007.4854967719457,1,0.19127321677985482,52.44134432466709,1.8921237007751164,1.8921237007751166
1,ALABAMA,BALDWIN,1003.0,0.0227949698,74248.0,5750.322580645161,0.0164471287612903,160.6648857316129,74.8944749892473,-76.67498626595744,-103.14785591489364,-47.665713172340425,657.8033980751767,4161.304826643011,1,0.6500015606212171,63.47495244134432,1.6900837646090419,1.6900837646090419
2,ALABAMA,BARBOUR,1005.0,0.0443101712,45298.0,1286.111111111111,-0.0139310471111111,53.75152055555556,63.354083,48.35341656521739,0.6700245217391305,75.94290923913044,659.1570752380151,4578.703583678236,0,-1.6955738405551688,17.786937222574508,1.7698144408860368,3.5169344988323186
3,ALABAMA,BIBB,1007.0,0.024623803,56025.0,924.25,0.006795315375,6.136144325,64.37572413333334,41.4206666,0.2695348,73.13807704666667,635.2239045616421,3070.706836118648,0,-2.4440225218563563,8.909321496512366,2.186805583147097,4.37947892223847
4,ALABAMA,BLOUNT,1009.0,0.0214429478,64962.0,988.5555555555557,0.0096919170111111,12.361096366666668,68.42076108571429,33.64571577142857,1.0314736,65.94312994857144,666.1310192415532,4336.488160474253,0,-0.4868046343699034,37.79327837666455,2.0887166052012645,3.006924337106964
5,ALABAMA,BULLOCK,1011.0,0.0237777778,36204.0,935.0,0.0114977729999999,6.515550176666667,62.008699285714286,43.23705842857142,2.9872564285714285,72.07724652857142,633.540363509938,3239.043593785899,0,-3.0246611504908274,3.614457831325301,2.4514824900709464,4.8720870116594455
6,ALABAMA,BUTLER,1013.0,0.0291930292,44729.0,1302.888888888889,0.0204068687222222,88.9037969988889,65.37230136842106,48.25819915789474,0.6681924210526315,76.96441088421052,634.1652986643643,4282.509661722465,0,-1.7386811600674403,17.121116043119848,1.7735631139735664,3.497083048476095
7,ALABAMA,CALHOUN,1015.0,0.0281949934,51841.0,11478.67741935484,-0.0079389584172413,353.7170699645161,69.01372408988763,-70.98323527472527,-108.48661282417582,-42.89724645714286,654.8392141291498,4284.1369485522455,1,-0.21540349744340287,43.119847812301835,2.304427859663737,2.304427859663737
8,ALABAMA,CHAMBERS,1017.0,0.0238446411,50390.0,1936.3333333333333,-0.0310172093666666,83.61215691777778,64.51334324242426,47.384589818181816,1.2745846363636364,75.83763838787878,637.277089956864,3539.8587038342616,0,-1.8522599059345926,15.599239061509195,2.3505490632238146,3.8155139651075567
9,ALABAMA,CHEROKEE,1019.0,0.0239581576,56400.0,811.6666666666666,0.014092258875,22.034365491666662,67.09354936842105,42.729029789473685,1.8312072631578944,69.35690627368422,635.7996110741576,3234.186059836222,0,-2.039908557246172,13.443246670894101,1.940602460517322,3.935612500536854
10,ALABAMA,CHILTON,1021.0,0.0219287439,59165.0,1496.4444444444443,0.0071381152333333,28.35507124444445,69.10613816666667,37.46188866666667,1.7395858,66.12599081,635.300719073386,2850.7264794126204,0,-1.8927855174930788,15.18706404565631,2.4099473500563753,3.9878509827837703
11,ALABAMA,CHOCTAW,1023.0,0.0400379057,47432.0,749.0,0.0245832506,3.423332685,58.8598508,45.6385976,2.320184933333333,74.78440322666667,637.3645551385572,3415.5996181657592,0,-3.2391632986441112,2.8852251109701967,1.8183392287706095,4.719391256023505
12,ALABAMA,CLARKE,1025.0,0.0499275458,50868.0,840.3333333333334,-0.02802536924,10.439436015555554,56.39816508333333,48.17500425,2.0116599583333334,72.4786739375,638.9800436940857,3543.4832860505767,0,-3.33267197472822,2.5364616360177554,2.2812429303965334,4.836218311635937
13,ALABAMA,CLAY,1027.0,0.023549201,52077.0,950.25,-0.081185475,10.6720268675,66.49699169230769,43.39762438461538,0.4330593846153846,76.35436602307692,638.603689876748,3376.758844456521,0,-2.1409821662543465,12.175015852885226,3.507080197269823,4.962968631602295
14,ALABAMA,CLEBURNE,1029.0,0.02272361,59526.0,526.0,-0.0020775059,4.9266226125,66.98550909090909,39.60195036363637,1.7939417272727274,69.37764497272727,647.8715996107745,3558.261556657547,0,-1.7650733558699145,16.80405833861763,2.0052115937420814,3.988647890544985
15,ALABAMA,COFFEE,1031.0,0.0250677196,64737.0,4193.0,0.0523440566142857,154.7484703285714,68.93721381818182,37.939035030303025,1.2900118787878787,64.3540515909091,673.7214685026329,4704.446060342308,1,0.36916264001552473,56.37285986049461,2.193726776730262,2.193726776730262
16,ALABAMA,COLBERT,1033.0,0.0294227652,57770.0,15185.07142857143,0.0045588586214285,392.4377013428571,68.57158867391304,40.079257891304344,1.3326805217391304,69.14744795652175,661.7083504684613,4570.331621347854,1,0.08215712388396948,49.80976537729867,1.7901641099183057,1.7901641099183057
17,ALABAMA,CONECUH,1035.0,0.035454332,46702.0,608.8,0.198636958,8.076669488,55.07798441666666,51.95137791666667,0.9867278333333332,78.81737645,631.5870215269173,3898.3361392949696,0,-3.042215489026115,3.5193405199746355,5.928633310561881,7.3257915439026196
18,ALABAMA,COOSA,1037.0,0.0255001099,59736.0,435.0,0.0662390103333333,2.860916323333333,66.15446345454546,41.80807381818182,0.131209,73.32136639090909,629.4553043584071,3006.9511409916267,0,-2.583570498358154,7.450856055802156,2.8978986155178994,4.9703170132777394
19,ALABAMA,COVINGTON,1039.0,0.0274341044,50119.0,1877.857142857143,0.0201562645428571,57.83051146857143,69.30613334210527,44.57266418421053,1.2515413684210526,71.59915883947369,667.9486143087071,4407.263552760131,0,-0.6397338558646092,35.003170577045026,1.7021129174322138,2.6346452460143537
20,ALABAMA,CRENSHAW,1041.0,0.0266233766,49128.0,618.3333333333334,-0.0161175433333333,5.899342005,72.5368816,38.7805004,1.560631,70.08035621,640.4333405002257,3148.2925854387545,0,-2.1672205986932247,11.826252377932784,2.267853747204539,4.31786691641047
21,ALABAMA,CULLMAN,1043.0,0.02041586,61231.0,5768.222222222223,0.0037595528777777,106.83614782222224,71.25417522580646,38.94744037096774,1.528063129032258,69.4083916467742,662.8876465716587,3845.730493796927,1,-0.19054809569984832,43.75396322130628,2.201143069698533,2.201143069698533
22,ALABAMA,DALE,1045.0,0.0253325785,54697.0,3425.214285714286,0.0039786087428571,68.50037584357143,73.1373978372093,34.97299962790698,1.2387482790697677,64.5566966883721,666.0359852074147,5118.605956039545,1,0.3002113183095482,54.88268864933418,2.4387046700883332,2.4387046700883332
23,ALABAMA,DALLAS,1047.0,0.0542217626,39013.0,4338.6,0.0081163496266666,229.6197151973333,57.74791958974358,56.56930187179487,1.2295685384615385,78.26754086410257,655.4167520310676,4588.744464933275,0,-2.1078200525116686,12.714013950539,2.5520220654417245,3.947638791374165
24,ALABAMA,ELMORE,1051.0,0.0212986475,73125.0,4102.866666666667,0.0190370292893333,54.224631560000006,73.8862295,27.709251239130435,1.8974969347826087,56.55974508913043,654.8170449314673,3690.4575113976134,1,-0.08849152286161852,46.1001902346227,2.261160074120745,2.261160074120745
25,ALABAMA,ESCAMBIA,1053.0,0.0311634349,50333.0,1614.2222222222222,0.0108979948777777,71.25287235555555,59.864413600000006,48.96616903333334,0.4862049333333333,74.75828297666666,651.8409065450102,4068.039270673106,0,-1.7719325579230776,16.67723525681674,1.472398447149938,3.3854600220251494
26,ALABAMA,ETOWAH,1055.0,0.0279482627,52504.0,14146.0,0.0046618936126666,468.9371671933333,64.71666071084337,44.36237040963855,1.2071681927710842,73.96355346506024,654.443197849496,4180.348824894782,0,-0.6084753882026877,35.51046290424858,2.4023015272371167,2.414484443380349
27,ALABAMA,FAYETTE,1057.0,0.0288666059,49235.0,768.2,-0.00357298258,8.441496524,63.89113738888889,44.185176166666665,1.1256056666666667,74.01753086111111,647.0260916374265,3499.9873724270915,0,-2.3157323357334763,10.177552314521243,1.6047434187248786,4.073496756659538
28,ALABAMA,FRANKLIN,1059.0,0.0256896189,49682.0,1447.0,-0.0033628495333333,49.660136666666666,69.35615,42.139006615384616,1.8240448846153847,71.48362394230769,663.8561686424538,4372.092431171309,0,-0.7716068114323722,32.11794546607483,1.8071070989105802,2.8630341893643236
29,ALABAMA,GENEVA,1061.0,0.0244293866,50006.0,749.3333333333334,-0.03307010475,10.035579491666663,70.51198079166666,45.70896570833333,0.36770175,73.4338251875,649.6539225289955,4161.162442259654,0,-1.3497872123119194,22.352568167406467,2.279745451638869,3.7903577511447395
30,ALABAMA,GREENE,1063.0,0.0477025605,34619.0,531.0,0.0175534883333333,2.8114904383333332,53.436834399999995,59.34434159999999,2.2466806,80.11894185999999,641.171442052917,3336.280007225746,0,-4.185351941118723,0.8560558021559923,2.637521734470625,5.591767195149817
31,ALABAMA,HALE,1065.0,0.0332887253,42380.0,453.3333333333333,0.0156514493333333,4.38754759,61.57529869230769,52.22953846153847,0.6103099230769231,79.43705398461537,635.4345445616518,3325.719157754791,0,-3.218948863339056,2.9169308814204187,1.997875050989305,4.833964608302894
32,ALABAMA,HENRY,1067.0,0.0263493413,55598.0,528.3333333333334,0.0951362117499999,12.582968,65.790204125,40.0040374375,0.3239095625,69.41804169375,647.6298027231369,3544.5200804442734,0,-1.9061425980972426,15.0285351934052,2.8510814827471758,4.532388601035797
33,ALABAMA,HOUSTON,1069.0,0.0258287321,59412.0,21268.81818181818,-0.0085773741954545,637.9854740013636,72.36862131428572,40.79929155714286,2.0046817857142853,68.31227915428572,662.8778505090339,4081.5877578297054,1,0.2717557896392457,54.280279010779964,1.7571973505652738,1.7571973505652738
34,ALABAMA,JACKSON,1071.0,0.0248275275,51479.0,2039.0,0.009729352990909,132.80094723545454,68.30760286363636,38.78981997727273,1.1376051818181818,70.48961283636363,665.8731584181052,3989.4814585691634,0,-0.7753225322309656,31.99112238427394,1.713236751356281,2.620902508978175
35,ALABAMA,JEFFERSON,1073.0,0.0245276408,64726.0,73009.89570552147,-0.0085079633544171,1143.5246890061348,70.61006428378379,38.5703145057915,2.83782633011583,75.82284622162163,657.3486274392677,4029.355914318838,1,0.5264851106016691,60.30437539632213,2.0928155350159017,2.0928155350159017
36,ALABAMA,LAMAR,1075.0,0.0279562424,50929.0,1027.0,-0.0219406171,5.360949866666666,68.1172595,42.9921479375,2.2886933750000003,75.77296280625,656.3449670975383,3529.297066383396,0,-1.8222340963859387,15.884590995561194,1.857027978478508,3.88013888054007
37,ALABAMA,LAUDERDALE,1077.0,0.0253922044,63895.0,14067.227272727272,0.0040791847381818,454.2442557227273,71.40548480821917,42.124624561643834,1.4636824246575342,69.43861102191781,665.4090234021693,3923.376163552883,1,0.185087996126003,52.219403931515544,1.616451250714672,1.616451250714672
38,ALABAMA,LAWRENCE,1079.0,0.0225871314,61064.0,525.8888888888889,0.0308914904444444,11.155268749999998,68.14732483870968,37.503841419354835,0.7764239032258063,68.46530433225807,646.2652470762288,3396.974805962779,0,-1.6784196556087985,18.008877615726064,1.978554444529759,3.860704334299573
39,ALABAMA,LEE,1081.0,0.0229331823,62301.0,18026.25925925926,0.0448510105007407,554.2566849037038,75.71509375324676,-91.84125362337664,-127.69967914285716,-65.84055207272729,664.3913205617729,4001.2613765632905,1,0.7796309343307485,65.94800253646163,1.99470214180796,1.9947021418079598
40,ALABAMA,LIMESTONE,1083.0,0.0206563552,81811.0,4857.5,0.01384400939375,188.421839571875,71.94307327906976,30.084755,1.9524288604651163,62.59482095116279,659.650262486362,3596.371729881081,1,0.24697706953898171,53.55104629042485,2.1478571280164416,2.1478571280164416
41,ALABAMA,LOWNDES,1085.0,0.0457012282,42011.0,554.25,0.00904507775,3.675948785,63.802727833333336,51.11749158333333,2.010088,74.61746247500001,642.4647043639684,4002.5217925586458,0,-2.865167509040851,4.850982878883957,1.5507394969972568,4.454319928543562
42,ALABAMA,MACON,1087.0,0.0318949343,40710.0,1972.6666666666667,0.0247868334833333,178.93703801450002,65.85569419999999,52.21964875,0.9002456500000001,78.36644994000001,654.0445253395984,3662.015597796371,0,-1.7761516316684491,16.613823715916297,1.5316159701578989,3.319813509246724
43,ALABAMA,MADISON,1089.0,0.0204677795,86172.0,48876.54794520548,0.0109084963016575,767.3593074232878,75.92254014659686,31.001080408376964,4.2732120994764395,56.96542959005235,671.0466409620882,4370.642716754138,1,1.867178430783471,86.77869372225744,1.5440305662729212,1.5440305662729212
44,ALABAMA,MARENGO,1091.0,0.0333553065,47228.0,1098.0,-0.0147611393833333,12.3041825,65.03410329166667,42.76194629166667,1.210052583333333,73.1020255,644.9762951229393,4022.706647543241,0,-2.032177218342614,13.570069752694991,1.4574588190361104,3.750291820523494
45,ALABAMA,MARION,1093.0,0.0292030164,48829.0,1105.0,0.0074960597499999,13.21022501875,67.70461782142857,47.211094214285716,1.4225436785714287,77.50604955714286,663.5022522840251,4049.485265769397,0,-1.379425629081431,22.06721623335447,1.3059307017723631,3.28639850658908
46,ALABAMA,MARSHALL,1095.0,0.0205583207,59882.0,6146.166666666667,0.0072405754111111,146.01626757222223,69.42337549230768,39.62699243076923,1.8575924153846153,68.22738119076924,661.5247788184581,3529.2015200921037,0,-0.5063683068644595,37.44451490171211,2.240915627740249,2.495533136254168
47,ALABAMA,MOBILE,1097.0,0.0310043278,55538.0,46751.8347826087,0.002836792804035,870.8538479947368,67.89739172761195,-33.17441282527881,-72.3612111858736,-4.553848382899631,653.8891717111838,4373.702353262785,1,0.10573794863046855,50.44388078630311,2.107498895235767,2.107498895235767
48,ALABAMA,MONROE,1099.0,0.0427815138,49314.0,824.8571428571429,-0.0031020588285714,10.800229065714284,60.5792749047619,47.787236761904765,0.3300953809523809,76.4302449952381,638.5848111888112,3516.1903729603728,0,-2.9604779213241903,4.0266328471781865,1.491308364052152,4.337006753711834
49,ALABAMA,MONTGOMERY,1101.0,0.0281265324,60063.0,48809.307692307695,0.0087622868679538,1145.134352480923,71.283056040201,38.548318331658294,2.608671487437186,66.65001453969849,658.3926033444078,4413.902799468918,1,0.5299157349999594,60.367786937222576,1.7366845089726994,1.7366845089726994
50,ALABAMA,MORGAN,1103.0,0.019869691,70387.0,16980.40740740741,0.0037418734214814,543.0311815518518,74.51335449333332,34.47733584,1.8359653466666668,63.173651772,652.4564792722346,3788.933603372,1,0.4454848972087144,58.49714648065948,1.8852508858487793,1.8852508858487793
51,ALABAMA,PERRY,1105.0,0.0500167842,34176.0,681.6666666666666,0.04507598305,2.878508871333333,55.81958258333333,47.059890833333334,1.82241475,83.10156024999999,641.1127046361288,3625.764115891754,0,-3.8688985293490883,1.173113506658212,2.527974575877098,5.381514759927423
52,ALABAMA,PICKENS,1107.0,0.0302176697,47372.0,623.6,-0.00708195546,3.824798014,61.657503210526315,51.31340557894737,0.5491725263157894,76.15804812631579,646.0572486415992,3641.3177949072447,0,-2.5845775104840767,7.387444514901712,1.8225494051802433,4.402908941510976
53,ALABAMA,PIKE,1109.0,0.027288514,50675.0,1633.0,0.07275669825,45.13820128,70.19524517391304,48.31615704347826,1.083832,75.48065236086957,648.0946761204482,3805.601928463693,0,-1.3088282403454934,22.986683576410908,2.150632460036932,3.480037293533419
54,ALABAMA,RANDOLPH,1111.0,0.0244889488,57148.0,1236.1666666666667,-0.0004569288333333,10.583661756666666,64.45350588888888,41.44482911111111,1.177237388888889,71.56957351666667,632.6379601248691,3376.4751352852895,0,-2.155467404616956,12.048192771084338,2.0032788187023596,4.035547658856625
55,ALABAMA,RUSSELL,1113.0,0.0275583864,52312.0,29386.846153846152,-0.0023198293230769,258.2025071215385,69.12607172222222,48.47434030555556,0.33863225,75.74322849166667,645.3349724394633,4291.405656599529,1,-0.37046450648026197,40.298034242232085,2.3785042396756837,2.378504239675684
56,ALABAMA,ST CLAIR,1115.0,0.0213632938,78349.0,3215.3076923076924,0.0313723420230769,55.82675006923077,69.41225197435898,33.230770487179484,2.193434358974359,63.09193499487179,658.1833945487562,3553.9281257146154,0,-0.27375452785531623,42.168674698795186,2.39435807500245,2.5908442528215985
57,ALABAMA,SHELBY,1117.0,0.0184491585,90280.0,24709.541666666668,0.0177393218145833,458.40842421645834,79.48883725225225,18.967672776785715,6.479402142857142,53.31163127232143,664.8131826401103,4352.958112818359,1,1.9459256669754978,87.76157260621433,1.6594420300295543,1.6594420300295543
58,ALABAMA,SUMTER,1119.0,0.0368673647,37021.0,711.5,0.00886602621,2.787551635,61.47438792857143,57.98350957142857,0.4780238571428571,84.84590911428572,647.3516464867489,3249.813919030698,0,-3.2705069689231294,2.7901077996195305,1.9792219206351238,4.856024400584176
59,ALABAMA,TALLADEGA,1121.0,0.0277452555,59491.0,4697.954545454545,-0.0117423902636363,244.4307982727273,66.85668187037037,43.46420175925926,0.6065465185185185,72.55953033703703,643.1321046757727,3840.173114827745,0,-0.978738244960083,28.503487634749526,2.005462285500361,2.6447383230239723
60,ALABAMA,TALLAPOOSA,1123.0,0.0251941329,60583.0,1237.0,-0.0319132221999999,36.917191426,67.90262958333334,38.81118297222222,2.0200131666666667,68.1224244388889,658.9100991793626,3798.24867840008,0,-1.0515151814062704,27.203551046290425,2.0573569654713366,3.22628391634959
61,ALABAMA,TUSCALOOSA,1125.0,0.023399467,61117.0,34514.12765957447,0.0124004486234042,731.7455235680852,69.84280231304348,38.50614491304348,2.2221259565217393,66.59936887304347,659.5539969183128,3669.787576782002,1,0.04622372585189473,49.17564996829423,2.1360146960062822,2.1360146960062822
62,ALABAMA,WALKER,1127.0,0.0264438992,57950.0,2916.8888888888887,0.0179062249633333,56.42334813555556,62.83962153448276,40.03636643103449,1.138863172413793,70.75938257413793,649.4537137738499,4057.207349808972,0,-1.2176350284228035,24.38173747622067,1.583300780942072,2.9193040189387744
63,ALABAMA,WASHINGTON,1129.0,0.0256830601,57311.0,685.6,-0.0069366639,3.54886665,63.334678411764706,38.99320570588235,1.3275588235294116,65.10358405882353,640.9689271181717,3564.3808556298777,0,-2.208071209210478,11.28725428027901,1.9983625629597659,4.22930267622343
64,ALABAMA,WILCOX,1131.0,0.0799683294,34426.0,500.0,-0.02188362355,2.9845632775,44.322097750000005,58.564944833333335,0.76498825,77.53697617499999,635.3753255857697,3916.647614432752,0,-5.313760509545457,0.12682308180088775,4.7934637254748,7.21893410140462
65,ALABAMA,WINSTON,1133.0,0.0272876487,52280.0,1030.2857142857142,-0.0252369259857142,12.979465814285714,67.01015169565217,46.67506043478261,2.590158695652174,73.55058453913043,642.2131459100475,2925.985428392086,0,-2.3576989963469495,9.670259987317692,2.3293696845736633,4.334440401049149
66,ALABAMA,DE KALB,1049.0,0.0227067475,50614.0,2956.6428571428573,-0.0242473285642857,49.309731664285714,68.51294535849057,41.86485645283019,1.3650102075471695,73.49772191132075,664.7639067201159,4026.2292239697854,0,-0.7884993437036488,31.674064679771718,2.1628430277551103,2.9881970163708402
67,ALASKA,ALEUTIANS EAST,2013.0,0.0210150674,83000.0,777.0,0.021461507,0.13749754,,,,,665.0,5518.75,3,0.8020708363230761,66.55041217501585,2.6189956376684385,4.079040399029899
68,ALASKA,ALEUTIANS WEST,2016.0,0.0301153954,104159.0,1771.0,0.007059621,1.495614898,,,,,662.34,4901.2,3,0.9676346190971375,69.97463538363982,2.977377797416959,3.5162760987315447
69,ALASKA,ANCHORAGE,2020.0,0.0342719612,93881.0,86561.07272727272,0.0278100680327272,2295.53309743,,,,,673.7000964442568,5273.745813050265,1,2.5246043642960134,93.97590361445783,2.2641339759788774,2.2641339759788774
70,ALASKA,BETHEL,2050.0,0.0971377725,62140.0,1790.3333333333333,0.0176025056666666,4.879095470333334,,,,,675.0763773670067,4114.333325640101,0,-2.074961780393083,13.06277742549144,4.8418415907814705,5.884919450013672
71,ALASKA,BRISTOL BAY,2060.0,0.0368763557,99790.0,488.0,-0.018189199,0.99435741,,,,,690.225,4994.25,3,0.922538936532955,68.89663918833227,2.6563666594118716,4.0784083322071725
72,ALASKA,DENALI,2068.0,0.0595581172,86118.0,824.0,0.089527518,0.061248124,,,,,698.85,6318.5,3,1.0013340812035287,70.48192771084338,4.65028979545965,5.7082384868215295
73,ALASKA,DILLINGHAM,2070.0,0.0636205899,62598.0,937.5,0.0542706555,4.23750715,,,,,671.3049616340478,4799.151364942529,0,-0.9646277512445689,28.725428027901078,3.0531975067720936,4.071242565227895
74,ALASKA,FAIRBANKS NORTH STAR,2090.0,0.0380447922,86780.0,15039.894736842103,0.0240016759405263,988.2624924426316,,,,,674.3518578596813,5138.034042731443,1,1.72823525101079,84.62270133164236,1.5285300859306614,1.5285300859306614
75,ALASKA,HAINES,2100.0,0.0657065707,78649.0,661.0,0.022346457,0.32519624,,,,,681.5749999999999,4709.75,3,-0.6925049937699963,33.83005707038681,3.5176529294245524,4.416755644271871
76,ALASKA,JUNEAU,2110.0,0.0299353214,99748.0,5468.333333333333,0.0091635594,149.22176473333334,,,,,673.0879154367682,4808.967891921691,1,1.6575528065799892,83.32276474318327,1.927731042789208,1.927731042789208
77,ALASKA,KENAI PENINSULA,2122.0,0.0471778488,74185.0,1626.3076923076924,0.039967546376923,42.505863139107696,,,,,679.5556713094996,5348.223489922316,3,0.592779211677048,62.11160431198478,2.5178261327040072,2.7932448195994186
78,ALASKA,KETCHIKAN GATEWAY,2130.0,0.036757228,87760.0,5803.5,0.024453558675,603.5464117825001,,,,,674.0326220069435,4349.679073476352,1,1.0624743460716926,71.9720989220038,1.1575942653524385,1.1575942653524385
79,ALASKA,KODIAK ISLAND,2150.0,0.0441176471,86250.0,3444.0,0.05316209566,405.785580606,,,,,678.0621910393389,5160.718010256412,1,1.266733579254554,76.18896639188333,2.264042283210603,2.2640422832106024
80,ALASKA,LAKE AND PENINSULA,2164.0,0.0588235294,62547.0,685.0,0.043554179,0.02016742,,,,,679.875,5619.0,3,-0.44447824964496524,38.68103994927077,3.4739930531877206,4.707899155333864
81,ALASKA,MATANUSKA SUSITNA,2170.0,0.0482599075,94376.0,3585.625,0.1122385543608695,85.37412332282082,,,,,677.8581493936892,5039.563960898857,1,1.1675578163120437,74.12809131261889,3.7764403813395937,3.7764403813395937
82,ALASKA,NOME,2180.0,0.0768090887,75296.0,1446.5,0.0683874315,1.3156726934999998,,,,,673.249180539711,4457.45486375295,0,-1.1321392510193755,25.681674064679772,4.045806140290107,4.910314762874092
83,ALASKA,NORTH SLOPE,2185.0,0.0492819843,103556.0,2199.0,0.0590519411999999,4.4171043836666675,,,,,665.376079887218,4812.552556390978,3,0.6101099595578613,62.46036778693722,3.5987390197348357,3.621872296618742
84,ALASKA,NORTHWEST ARCTIC,2188.0,0.0963253657,78619.0,1281.5,0.01510214545,3.4551235295,,,,,648.8160809009729,4485.512934782609,0,-1.916158076933872,14.87000634115409,5.009515455352808,5.938307590620371
85,ALASKA,PRINCE OF WALES OUTER,2201.0,,,,,,,,,,656.7,4333.666666666667,0,-0.2841382332791692,41.78820545339252,1.5966149258808813,1.9347827184299147
86,ALASKA,SITKA,2220.0,0.029652578,89264.0,1961.5,0.00726121385,264.77773294,,,,,679.5298482362024,5233.430716429281,1,1.613407809212548,82.68864933417882,2.180929428476525,2.180929428476525
87,ALASKA,SKAGWAY-HOONAH-ANGOON,2232.0,,,,,,,,,,,,0,-0.16204043214131844,44.388078630310716,1.6232589875346852,1.8431424092055635
88,ALASKA,SOUTHEAST FAIRBANKS,2240.0,0.0521047984,79014.0,844.0,0.0150034697,0.1016765385,,,,,675.2188157213158,5174.5158977596475,3,-0.13440050215294616,45.0856055802156,2.7951924353552795,3.980388452145753
89,ALASKA,VALDEZ CORDOVA,2261.0,,,1204.0,0.0017070883533333,0.2283517086666666,,,,,670.4172891510362,4695.096566369338,3,-0.42018731909303464,39.12492073557387,1.9344196588940854,3.4669331700757233
90,ALASKA,WADE HAMPTON,2270.0,,,,0.0066803633,0.11474447,,,,,639.2363634282851,2889.7578386509813,0,-1.9540790205371996,14.457831325301203,2.548873816049155,4.311579426714606
91,ALASKA,WRANGELL PETERSBURG,2280.0,,,,,,,,,,680.6833333333333,4849.833333333333,3,0.4412204824514113,58.40202916930881,1.7269569972489434,1.9810486586692015
92,ALASKA,YAKUTAT,2282.0,0.0603174603,77108.0,231.0,0.020126633,0.026276374,,,,,715.75,4463.5,3,-0.3947963841816691,39.632213062777424,3.289633140576003,4.9372993938206475
93,ALASKA,YUKON KOYUKUK,2290.0,0.0903010033,49498.0,397.0,-0.0096522676249999,0.01114196185,,,,,667.4176617152327,3869.922172920893,0,-3.0283228284938937,3.5827520608750794,4.574974718586702,6.304375559291841
94,ALASKA,PRINCE OF WALES-HYDER CA,2198.0,0.0674157303,57304.0,426.75,-0.016415769,3.7116310766666665,,,,,652.4488116073437,4753.245989675986,0,-1.7541128672094362,16.994292961318962,3.1352648013642344,4.611264410864822
95,ALASKA,KUSILVAK,2158.0,0.1505657093,42029.0,,,,,,,,652.75,3410.0750000000003,0,-4.484393110508766,0.570703868103995,9.063062950199313,10.102540150418346
96,ALASKA,HOONAH-ANGOON,2105.0,0.0558572537,64720.0,234.0,0.0011330328499999,7.5869086995,,,,,680.4052631578948,4674.921052631579,0,-0.8615481115404549,30.56436271401395,2.750824402685053,3.9148895630624847
97,ALASKA,COPPER RIVER,2066.0,0.0761973875,69092.0,,,,,,,,662.35,3733.25,0,-1.4647885152520344,20.830691185795818,3.1905353686982183,4.029974947113085
98,ALASKA,CHUGACH,2063.0,0.0471098266,95180.0,,,,,,,,680.3166666666667,6366.25,3,1.9224958748985836,87.571337983513,3.824823483769356,3.855210311614414
99,ALASKA,PETERSBURG,2195.0,0.0507868383,68449.0,1095.0,0.014510282,0.59384847,,,,,697.2,5370.5,3,0.1941391564296691,52.56816740646798,2.469643224454495,4.024936127544921
100,ALASKA,WRANGELL,2275.0,0.0485961123,65011.0,885.0,0.055161297,0.34704149,,,,,671.9710526315789,4997.8421052631575,3,-0.5431904897683967,36.810399492707674,2.7845866513820314,3.9571735100456418
101,ALASKA,SKAGWAY MUNICIPALITY,2230.0,0.0582147477,79412.0,727.0,0.093978994,1.523241,,,,,673.1,6436.5,3,0.5602110771049993,61.06531388712746,4.749410111686853,5.504391174568555
102,ARIZONA,APACHE,4001.0,0.0788163868,43121.0,1205.6666666666667,0.0683655711714285,22.557621939999997,50.4940858,49.62446989090909,0.7690678181818181,78.60140304545453,653.6401490824346,3912.004493815922,0,-3.95805116339735,1.014584654407102,4.096804325087921,6.125084786128194
103,ARIZONA,COCHISE,4003.0,0.0453362912,53011.0,4189.75,0.0116935793159375,335.91950289968753,70.92012654455446,-63.124429303921566,-96.41975933333336,-22.170402954901963,670.7042157724641,4974.627590147302,1,-0.023933500182140174,47.463538363982245,2.354789210158294,2.354789210158294
104,ARIZONA,COCONINO,4005.0,0.0419991488,71528.0,15008.285714285714,0.0525951531759259,529.2115939581786,76.44584547959184,32.62404774489796,2.460322,71.02066394081632,665.2752577525885,4112.442682206885,1,0.434909306059401,58.14838300570704,1.5255401443187022,1.5255401443187022
105,ARIZONA,GILA,4007.0,0.0430466783,55804.0,922.8,0.0543252506666666,60.8269544775,61.89232564444444,42.590388422222226,0.7333400222222223,81.79300206222221,650.9236691389599,3628.225141797453,0,-2.1923747272099865,11.477488902980342,1.478718102142086,3.7355012548022026
106,ARIZONA,GRAHAM,4009.0,0.0368326335,66469.0,2833.4444444444443,0.0832241368888889,281.0099764177778,63.892030655172405,-312.5965888275862,-343.28622610344826,-282.45827523448276,653.067481645557,3521.9048613493046,2,-0.7032725351311554,33.76664552948637,3.449674892567818,4.96547622876728
107,ARIZONA,GREENLEE,4011.0,0.0285895807,71273.0,1213.6666666666667,-0.0003183306,9.18800717,68.927114125,29.181038375,0.459317625,79.826599125,652.2685320232365,3467.4118160821627,0,-1.2287387941682235,24.15979708306912,1.7500616623443546,3.2775816638849
108,ARIZONA,LA PAZ,4012.0,0.0476190476,48801.0,621.2222222222222,0.0121556206874999,130.79736687624998,64.56165866666667,-412.4110420454545,-453.47602763636365,-378.7906195863636,639.4562058401697,3623.556338493768,2,-1.8471694058726427,15.630944831959418,2.469912413388916,6.216175642372298
109,ARIZONA,MARICOPA,4013.0,0.0342015741,86973.0,125785.56892778994,0.0382105984123432,1731.4698911522134,73.92309408767014,-21.225468549301397,-43.63096839520958,16.917829031656687,662.2626108545493,4152.768716092989,1,1.5014275703465412,80.53265694356372,1.8721189760507435,1.8721189760507435
110,ARIZONA,MOHAVE,4015.0,0.0450922493,56302.0,7636.023255813953,-0.0019741960786046,247.93604616093023,65.22282920338984,40.335184618644064,1.540851220338983,73.62640729915255,654.9300757382574,4058.899461373627,0,-1.170471524084872,25.142675967026,1.690121345569565,2.50667282811279
111,ARIZONA,NAVAJO,4017.0,0.0566569412,51011.0,1187.8709677419354,0.0790643411481481,30.994314714903226,60.08708014102564,43.99818816666667,0.9406382307692308,71.15226755,654.0751622750482,3530.7157613739346,0,-2.800084559848612,5.3265694356372855,2.5038063575415315,4.6114888404852765
112,ARIZONA,PIMA,4019.0,0.0382614254,69553.0,59653.50627615063,0.0155473596160672,1122.8690644852916,72.33537679578606,-29.59463444732577,-62.20239295948136,8.238379718638575,662.8931892080302,4105.609712054141,1,0.623308239756026,62.777425491439445,1.40928380910126,1.40928380910126
113,ARIZONA,PINAL,4021.0,0.0411207724,77290.0,5555.28,0.1307248010780821,206.60900681984,65.42945232663317,-71.5332681959799,-98.87011538693469,-39.1671360241206,641.1201113102767,3235.108620164183,0,-1.0671856973026639,26.696258719086874,4.276264639810368,4.606836607461758
114,ARIZONA,SANTA CRUZ,4023.0,0.0757701915,52400.0,5118.0,0.00235792729,353.282616178,66.48392166666667,43.56696672727273,1.2702252727272727,72.01543022424244,672.3988218189462,4539.352085458716,0,-1.438149255148837,21.116043119847813,3.4764386961448364,4.098346243389988
115,ARIZONA,YAVAPAI,4025.0,0.0361016452,67317.0,6454.047619047619,0.0052782630042857,231.68452279285717,70.95596162280702,34.35852351754386,2.410247657894737,76.24889628070174,673.752309015136,4362.650851626013,1,0.17166865012925686,51.8706404565631,1.3277587900346133,1.3277587900346133
116,ARIZONA,YUMA,4027.0,0.1320121302,61225.0,18053.222222222223,0.0475578611384615,640.1071365844444,69.22992392857144,-174.47986332394365,-210.20208781690144,-143.36129510633805,659.912767197754,4421.505939606258,0,-2.1002328263113026,12.840837032339886,8.242389914808939,8.505528281256685
117,ARKANSAS,ARKANSAS,5001.0,0.0265934066,50198.0,2807.625,0.0188648032125,114.80865233875,76.51292552380953,38.012469238095235,1.3729674761904762,71.62299057619047,644.6204410685432,3411.79079194099,0,-1.04845621251513,27.235256816740648,1.9961389699869314,2.935957203099225
118,ARKANSAS,ASHLEY,5003.0,0.0562790698,49560.0,1510.7142857142858,-0.0073131924428571,41.28488612857143,67.04464304761905,42.39945961904762,0.969905523809524,72.59927384761905,639.6618726968022,3352.80888133351,0,-2.7458078115232682,5.7704502219403935,1.744948198225022,4.086633317856
119,ARKANSAS,BAXTER,5005.0,0.0358205403,48804.0,6188.777777777777,-0.0135261310488888,147.1295093,69.54018769999999,42.6016,1.4132976,75.07329140333333,675.4839842649201,4046.017863789728,0,-0.6533411792762694,34.6861128725428,1.9339554166842063,2.4106271655023073
120,ARKANSAS,BENTON,5007.0,0.0244269193,92632.0,29351.55102040816,0.0441337849387755,537.0904959122448,76.23202986956521,25.811761644927536,3.909933739130435,57.46771553695652,665.3059232303855,4149.458328672066,1,1.6113362584985793,82.6569435637286,1.7228600583630007,1.7228600583630007
121,ARKANSAS,BOONE,5009.0,0.0312973246,56154.0,4605.285714285715,0.0520524413142857,245.45804557142856,73.1820957826087,39.298172,1.5496337826086957,72.19039137826087,661.5501043285475,3690.02687924071,0,-0.5435915858713704,36.715282181357004,2.0236313179572596,2.3334921910622555
122,ARKANSAS,BRADLEY,5011.0,0.0463215259,44525.0,738.0,-0.0205830184199999,14.790073157999998,70.97741408333333,46.28923641666666,2.303421833333333,74.59787687500001,655.9749252811191,4124.127321945624,0,-1.9096336446676498,14.933417882054535,1.568176808974729,3.7402105714175957
123,ARKANSAS,CALHOUN,5013.0,0.0293242669,57689.0,618.5,0.1119300034999999,1.948670855,72.6351188,46.108298000000005,0.0,76.58197176,636.1427674341317,3235.067664255296,0,-2.0550962550695218,13.348129359543437,3.5642480805602332,5.148494870756298
124,ARKANSAS,CARROLL,5015.0,0.0293519798,53986.0,2329.6,0.0252604087,42.17750988,75.41484966666667,42.97737766666667,1.0277450555555556,76.2390236388889,666.1589057056507,4050.289742030096,0,-0.46841859618283754,38.300570703868104,1.6016455756417192,2.356843319193137
125,ARKANSAS,CHICOT,5017.0,0.0575236759,40381.0,1161.75,-0.025244313125,25.5986212275,54.67731441666667,57.70317175,1.1800078333333337,80.91712505833333,643.274046802514,3382.795885228769,0,-3.7918285598897192,1.3316423589093214,2.7106748121543576,5.201200954461875
126,ARKANSAS,CLARK,5019.0,0.0471820214,53561.0,3299.6,-0.016860957496,259.726991912,75.64607147368422,48.77544384210526,1.2434576842105265,73.86835258421053,661.0244276712637,4343.219622062119,0,-0.5884517544034846,35.85922637920101,2.090008924585396,2.3937862245441406
127,ARKANSAS,CLAY,5021.0,0.0412562721,47663.0,1047.5,-0.0186625056666666,36.46185744833333,71.06705036842105,44.53655031578947,0.5888099473684211,76.38273681052631,657.0237697098771,3700.519818089159,0,-1.761292799278547,16.83576410906785,1.2694294985460273,3.3826495722769314
128,ARKANSAS,CLEBURNE,5023.0,0.0393508226,56692.0,1499.857142857143,0.0200338735785714,45.538754100000006,69.97234813636364,38.73891445454546,1.822397090909091,69.46344166818182,657.7592875660965,3727.3183936621954,0,-1.38094435946252,22.003804692454025,0.5056581513447922,2.776154685178515
129,ARKANSAS,CLEVELAND,5025.0,0.0347085789,54458.0,503.5,-0.0082532345,1.797493485,65.957262625,41.27303875,0.794421875,69.8957366875,643.9393448574933,4336.1450244037005,0,-1.9600039440391448,14.331008243500317,1.8536989422635575,4.093369585944341
130,ARKANSAS,COLUMBIA,5027.0,0.0429027841,44175.0,2589.4,0.04182790976,160.8263676,66.27353909090908,46.99441636363636,0.5625319999999999,72.86634168181818,643.7951032227174,3556.3260278809075,0,-2.125476290935777,12.39695624603678,1.4930931592937937,3.467201332360779
131,ARKANSAS,CONWAY,5029.0,0.0376473418,53863.0,1840.5,0.0275621603166666,28.479306049999995,67.3768695,44.35078128571429,1.3169770714285711,71.47665596428571,655.1769100898631,4122.00230592769,0,-1.3813740813098259,21.972098922003806,0.7179781608670716,2.8737825251266313
132,ARKANSAS,CRAIGHEAD,5031.0,0.0274602732,60204.0,20135.529411764703,0.0149367383564705,772.9712131764705,73.94679136666667,40.9574969,2.2833871666666665,68.56354112166667,653.6331973584273,3894.2526829239505,1,0.09273546271638551,50.09511731135067,1.724564159003864,1.7245641590038638
133,ARKANSAS,CRAWFORD,5033.0,0.0336426039,63905.0,11886.818181818182,0.0057438397272727,262.19542570909096,72.00431905882353,38.98068867647059,0.7743245,72.3693150882353,657.6566988409,4000.386808924161,1,-0.1673588464875303,44.19784400760938,1.5032210758741793,1.5032210758741793
134,ARKANSAS,CRITTENDEN,5035.0,0.0421455939,52153.0,9716.75,0.03871820721,404.6739219935,67.8287079047619,43.43162673809523,1.7815433571428572,70.85084238333333,651.97401626579,4016.78166011449,0,-1.0166518961094937,27.679137603043753,1.911133801170656,2.4470481225409375
135,ARKANSAS,CROSS,5037.0,0.0340375587,47669.0,2165.1666666666665,-0.00416504505,92.34437522499998,71.51123894117646,38.91295505882353,0.9328766470588236,71.1108551,635.506466559386,3468.971667864349,0,-1.8048048434788566,16.16994292961319,1.595578649238586,3.321994086916269
136,ARKANSAS,DALLAS,5039.0,0.039289762,46701.0,846.6666666666666,-0.0169515171,28.21507752,61.394526222222225,48.413861222222216,1.428418888888889,80.12317317777777,649.8625862324313,3940.5450668189337,0,-2.3438165607854113,9.892200380469246,1.4551862772407853,3.908010258048491
137,ARKANSAS,DESHA,5041.0,0.0460310966,43469.0,782.8,-0.012447734876,10.08959789,68.206985,48.93519221428571,0.7711199285714285,73.60049791428571,631.0317473201741,3374.373822197149,0,-3.002616137607382,3.836398224476855,1.793402708411858,4.465663423032992
138,ARKANSAS,DREW,5043.0,0.0415253087,48746.0,3146.2,0.0034797698,44.048750828,70.78203316666666,47.302734944444445,0.3428642777777778,75.76981438333333,646.1361446005146,3677.818314777961,0,-1.71525395281939,17.46987951807229,0.9626207368803423,3.034152692738193
139,ARKANSAS,FAULKNER,5045.0,0.0288225611,68543.0,17848.52,0.0551492974399999,593.037703272,77.24734671666667,-134.59842898333335,-164.68858106666667,-106.47113612333332,663.2158874096027,4031.519052710104,1,0.961501066806004,69.7844007609385,2.1659504160679233,2.1659504160679233
140,ARKANSAS,FRANKLIN,5047.0,0.032149583,54077.0,1375.0,-0.0118634823333333,14.748139506666666,69.07181961538461,42.85317369230769,2.3609677692307693,73.50768133076923,665.6626917682598,4190.615599189652,0,-1.0603516569304596,26.949904882688646,1.4467699070129303,3.0157389440325324
141,ARKANSAS,FULTON,5049.0,0.038470042,46346.0,939.0,0.0364385715,3.0165421,67.38039500000001,46.97696133333333,0.0,77.53272535,671.1444023646071,3795.291905034325,0,-1.8893344656493707,15.218769816106532,1.4674034135858158,3.8647496154005356
142,ARKANSAS,GARLAND,5051.0,0.0369016117,53849.0,14648.5,-0.00033269832,531.3851355899999,71.69091592857143,41.51160942857143,2.0172711,72.37990156142857,662.887708600257,3661.8727597819975,1,-0.5512671986744562,36.556753329105895,2.09730390352216,2.0973039035221603
143,ARKANSAS,GRANT,5053.0,0.0285780669,64306.0,1763.75,0.0007408777499999,39.1171625,75.82911792307692,29.001968692307692,1.5739375384615384,60.30400114615384,635.463735948385,3532.5358676163487,0,-1.0407811990644666,27.457197209892197,1.9152956299094317,2.9835467922941055
144,ARKANSAS,GREENE,5055.0,0.033108211,55444.0,8312.777777777777,0.0033311545555555,207.5877609388889,69.9475111923077,39.799346230769224,0.686025576923077,74.24149057692308,640.0813119993526,3161.606805399052,0,-1.416391124061094,21.33798351299937,2.0788017074207548,2.9855969470192494
145,ARKANSAS,HEMPSTEAD,5057.0,0.0336943442,50576.0,2205.2,0.029032744,95.844104,72.55941014999999,48.64222065,0.7462117,76.789922715,639.7221703705386,3541.5133694995416,0,-1.5240249113279145,19.879518072289155,1.4173222086083024,3.0380100242778694
146,ARKANSAS,HOT SPRING,5059.0,0.0354640981,53767.0,3249.4285714285716,0.0137666149142857,110.91003638285714,70.863738375,38.754971,0.2691635416666667,70.0262916875,638.909515145556,3350.243985703028,0,-1.6180216990452407,18.76981610653139,1.4511017905206918,3.0158510947132586
147,ARKANSAS,HOWARD,5061.0,0.0345024781,47308.0,2081.0,-0.0123806726666666,182.6277385,75.01795191666666,43.342684166666665,1.2176845,74.88272379166666,660.1268249199294,4448.141731161374,0,-0.5432571825650693,36.74698795180723,2.0074917998369926,2.507822835447194
148,ARKANSAS,INDEPENDENCE,5063.0,0.0340976595,59695.0,4148.625,0.0011785995125,99.8311248125,72.20853735714286,46.05064360714285,1.52881625,74.90375886785715,654.1106044414086,3633.650512690423,0,-0.8874066429663792,29.86683576410907,1.392404394573762,2.2960655197213122
149,ARKANSAS,IZARD,5065.0,0.0509383378,47320.0,700.5,0.02884155795,4.881936975,63.077307700000006,46.8620244,0.4984396,77.45714835999999,671.9473981175476,3706.182400681064,0,-2.4891160384371642,8.402029169308815,1.6172658741640056,4.254739452230281
150,ARKANSAS,JACKSON,5067.0,0.0510677809,45762.0,1500.2,-0.0063871445,35.119705082,64.51991394117647,49.47840005882352,0.5956981764705882,78.19541684117647,638.7026603944591,3345.912630984918,0,-2.908449396731489,4.375396322130628,1.60050885548763,4.165435165069525
151,ARKANSAS,JEFFERSON,5069.0,0.0461265523,49581.0,9752.083333333334,-0.0187124676493913,439.88255524541665,64.62615388732394,45.70635708450705,0.8496504225352113,73.4710838112676,644.2128459645984,4132.713437096776,0,-1.4556388107539122,20.89410272669626,2.266725211365205,3.037467845939364
152,ARKANSAS,JOHNSON,5071.0,0.0436592547,50387.0,3388.6666666666665,0.0322488661666666,68.87025299166667,69.04543472222223,46.87840072222222,1.874293611111111,77.24371147222222,660.8457879260556,3673.690719983835,0,-1.499743127215841,20.164870006341154,0.9947935688729512,2.8476094464754307
153,ARKANSAS,LAFAYETTE,5073.0,0.0486142662,43824.0,585.5,0.0072207149999999,3.68250805,64.483684625,51.1553155,1.431404875,76.8882722875,636.5476996033194,3255.539401102332,0,-3.3993195163380068,2.314521242866202,1.8408939226630903,4.808066286601087
154,ARKANSAS,LAWRENCE,5075.0,0.0335600237,49015.0,1435.8333333333333,0.0200703024999999,49.70712221833333,62.591017666666666,49.27546838888889,0.1270754444444444,82.28062947222222,647.6779965330832,3422.364332217024,0,-2.237354787491449,11.065313887127457,1.2371977626102306,3.6550857141672215
155,ARKANSAS,LEE,5077.0,0.0518256773,36735.0,409.5,-0.00296352275,21.485934255,58.999103363636365,55.54913218181818,0.0,83.03286395454546,633.5317228719991,3566.8111010007233,0,-3.754101970705813,1.3950538998097652,2.2328989319963917,5.076113052169666
156,ARKANSAS,LINCOLN,5079.0,0.0399234345,53381.0,880.75,0.037182631675,34.8527052475,59.220053777777785,42.976321,1.3207378888888888,67.79188198888889,635.8014846611721,3519.859958791209,0,-2.7366812316111018,5.865567533291059,1.5741473086680062,4.144842530536091
157,ARKANSAS,LITTLE RIVER,5081.0,0.0348499516,48837.0,830.0,-0.04165180585,10.106487545,70.78784807692308,39.242291,0.3149533076923077,70.97624646923077,642.0141014233502,3546.6724929151824,0,-2.1186586050865652,12.492073557387444,2.118860696187102,4.11480436408915
158,ARKANSAS,LOGAN,5083.0,0.0400241838,51290.0,1562.0,0.0216717646666666,53.806739349999994,68.91448117647059,40.98083394117647,1.524012882352941,71.94921896470589,663.7421988307989,4311.4558952737725,0,-1.1234267857234967,25.8719086873811,1.0053887967092354,2.706091858696767
159,ARKANSAS,LONOKE,5085.0,0.0273764477,74687.0,3521.75,0.02243660255,105.251572505625,75.42259842105263,30.904057026315787,0.6726994210526316,61.523917,651.2928586813866,4703.456930184378,1,0.49211754981321515,59.63855421686747,1.7547565036694748,1.7547565036694748
160,ARKANSAS,MADISON,5087.0,0.0255114928,52262.0,684.75,0.0660729173,17.071175150000002,69.20421376923076,43.89811984615385,1.3430179999999998,,674.8817692420987,4189.818817743709,0,-0.8552892398036079,30.754597336715285,2.3482793969620848,3.5695361741203477
161,ARKANSAS,MARION,5089.0,0.0411570248,49975.0,897.5,-0.002924647,12.058901675,67.53324185714285,43.156320928571425,1.5627292857142856,77.51734460714286,654.2613684719536,3618.7567836418903,0,-2.137141752307994,12.206721623335447,0.8704251336179681,3.6535910233052413
162,ARKANSAS,MILLER,5091.0,0.0363870552,50421.0,21592.666666666668,0.0119477789083333,515.3949824166667,69.11036191891893,-222.09808310526316,-262.5754927631579,-191.1379547210526,652.9022994663493,3572.8424049235223,1,-0.5180441750970671,37.12745719720989,3.59256267861773,3.59256267861773
163,ARKANSAS,MISSISSIPPI,5093.0,0.0492370052,49484.0,5044.0,0.0169597449499999,236.03689433833335,69.0803383255814,44.89133032558139,1.5219952325581396,71.39532435581395,646.5194915715239,4002.388824943875,0,-1.4997083613669606,20.196575776791377,1.5395597963275005,2.8025087583577597
164,ARKANSAS,MONROE,5095.0,0.0393509128,40631.0,658.6666666666666,-0.0116073278666666,5.513740599999999,66.68504422222222,51.819643,1.259011,76.41302574444444,639.2430419828803,3642.118246062262,0,-2.788985926305565,5.358275206087508,1.6527797931179693,4.397777456485988
165,ARKANSAS,MONTGOMERY,5097.0,0.0490500864,48991.0,477.3333333333333,0.0068562540333333,2.4285607500000004,67.674108375,45.45063,1.872944375,76.2165894625,659.8321740234555,3979.081781174008,0,-2.3124344738994864,10.209258084971465,1.4684323031275928,4.152160778274567
166,ARKANSAS,NEVADA,5099.0,0.036661699,45562.0,718.3333333333334,0.0643805076,5.120459166666667,71.824371375,44.227771875,1.24361925,73.28597165,637.1197171610148,3051.063985855354,0,-2.631901051434251,6.8484464172479385,2.3518113578844155,4.630231285459772
167,ARKANSAS,NEWTON,5101.0,0.0338451896,46307.0,545.0,0.0190731455,1.9272149,68.9177382857143,54.16151128571429,0.8944221428571427,81.91244832857144,674.8493852332407,3488.165544228195,0,-1.9628387138091594,14.267596702599874,1.812332422443621,4.152023802671176
168,ARKANSAS,OUACHITA,5103.0,0.0386332953,49690.0,3465.6666666666665,-0.0020813945333333,130.00441558833333,70.76543126923076,46.8762613076923,0.8498584615384615,73.1662671076923,650.2764883453023,4168.025254381211,0,-1.1079785830576054,26.03043753963221,1.3480881312985107,2.521985801404878
169,ARKANSAS,PERRY,5105.0,0.0360381307,57996.0,376.3333333333333,0.013850353,2.5470227433333332,68.52398022222222,35.52262455555555,0.5478548888888889,67.69047164444444,648.6481764649569,3984.063760816347,0,-1.8960290123558183,15.091946734305644,1.4349024168827935,3.8951048325659006
170,ARKANSAS,PHILLIPS,5107.0,0.0648854962,37338.0,2034.1666666666667,-0.0014096219666666,66.60090463333334,63.231691625,55.05726741666667,1.558451625,81.91062689583333,650.7391928450504,4526.825767051383,0,-2.5158638450172615,8.211794546607482,2.6218104215498506,4.387908129948822
171,ARKANSAS,PIKE,5109.0,0.0345513299,53108.0,635.3333333333334,-0.0120573622,3.638988916666667,70.30270733333333,45.78640155555556,0.975197,75.39907625555556,655.7296224093311,3391.782938213397,0,-2.0241992444241057,13.696892834495877,1.6242546013444676,3.9701707030825815
172,ARKANSAS,POINSETT,5111.0,0.0332761924,51635.0,1091.2857142857142,0.0022532373857142,41.460852457142856,66.35086517391305,46.85155104347826,0.5072090434782609,77.15055830869565,629.1199114693999,3064.1194370543603,0,-2.555222403935313,7.67279644895371,1.8448889424338824,4.085999537595024
173,ARKANSAS,POLK,5113.0,0.036286157,47766.0,945.6666666666666,-0.0040044867,22.305811218333336,68.990848,44.98014875,1.3488408125,75.76917935,650.6514531717833,4092.4031248742176,0,-1.6863704842960425,17.913760304375394,1.0464877531847772,3.3340108263558617
174,ARKANSAS,POPE,5115.0,0.0386260077,59016.0,8352.272727272728,0.030210112690909,293.91575735,75.74405193939394,38.4778466969697,1.2199122727272729,69.9980805121212,665.0427059145046,3991.916481846464,1,-0.1356971538191993,45.05389980976538,1.5662636590631778,1.5662636590631778
175,ARKANSAS,PRAIRIE,5117.0,0.0309483248,54962.0,469.0,-0.0071184453666666,2.0567180966666667,71.99965399999999,44.5373269,0.1616162,76.86846009000001,647.7264322774,3389.1769941583952,0,-2.0216004709196325,13.760304375396323,1.9188682897974598,4.159075306134701
176,ARKANSAS,PULASKI,5119.0,0.0319375444,61344.0,70240.58947368422,0.0124180130969473,1389.5672670042106,74.6833882275862,1.950622793814432,-31.100991034364263,39.45694077422681,658.7097630741138,4397.276231859639,1,0.8072253202780575,66.64552948636651,1.546754721248338,1.546754721248338
177,ARKANSAS,RANDOLPH,5121.0,0.0354770318,51480.0,1816.25,0.005675393275,71.5002196,64.9096859375,47.5258565,1.37740075,77.21377349375,651.3400032258494,3917.155786242584,0,-1.6393808259244056,18.48446417247939,0.9032546640462192,3.0229505479389545
178,ARKANSAS,ST FRANCIS,5123.0,0.0497652582,41708.0,4555.5,0.0119204626833333,129.5927863166667,63.932906259259255,-322.28639955555553,-369.727314,-295.6487563740741,645.48197348112,4238.236009868246,2,-1.412383568261898,21.36968928344959,2.776358867674072,5.126515592338161
179,ARKANSAS,SALINE,5125.0,0.0272414187,77844.0,7360.952380952381,0.0222970564047619,188.41865642380955,77.52556714754098,24.61284029508197,1.9232944098360656,54.77386164590164,650.2627788321169,3641.841340059229,1,0.24761636784581545,53.58275206087508,1.8144299119727818,1.8144299119727818
180,ARKANSAS,SCOTT,5127.0,0.0301438685,46026.0,1631.3333333333333,0.0448875189999999,43.77224405333334,69.93922477777778,41.310576222222224,1.2310896666666666,71.38396791111111,657.9990610206071,3572.7843497632975,0,-1.5096693697582415,20.038046924540268,1.488806527937824,3.282963955926106
181,ARKANSAS,SEARCY,5129.0,0.0434782609,40688.0,489.0,0.0134934246666666,2.9568316666666665,64.3444307,50.1580665,0.1111110999999999,80.06369056999999,674.8044405680392,4511.930029844151,0,-1.9883941458336876,14.013950538998099,2.0613380754834574,4.27438045663157
182,ARKANSAS,SEBASTIAN,5131.0,0.0339832769,58112.0,37230.769230769234,-0.0013650867230769,888.5136020192308,71.06536837634408,41.95317583870968,2.1571163440860213,71.37835943978494,660.9031589438574,4010.957033480338,1,0.02057930948244791,48.636651870640456,1.8183848770253381,1.8183848770253384
183,ARKANSAS,SEVIER,5133.0,0.037690752,52845.0,2216.75,0.0252544915,127.377480425,71.88048354545455,47.43114263636364,0.6461126363636364,77.62387709090909,645.2595732720307,3553.8841132575712,0,-1.4691259922413045,20.76727964489537,1.174209560031667,2.839938406164142
184,ARKANSAS,SHARP,5135.0,0.0393939394,45258.0,862.25,-0.0037616467174999,11.4838762175,60.64187605555557,49.043958833333335,0.1578261666666666,80.42425707222223,649.48939614194,4475.929550622943,0,-2.1943838493243346,11.44578313253012,1.701557730838302,4.007028670873941
185,ARKANSAS,STONE,5137.0,0.0411712902,43767.0,840.6666666666666,-0.0194529492999999,4.83003441,68.4332183,47.897337400000005,0.4454017999999999,79.19801637,683.6812585877539,4098.311168531704,0,-1.5765727623136583,19.340519974635384,2.044291950680864,3.9057620927783065
186,ARKANSAS,UNION,5139.0,0.0463697376,49664.0,6923.5,-0.00179731941,263.9398154,68.4335461707317,42.31267656097561,1.520432975609756,71.07381457804878,651.7307339040593,3667.751802015302,0,-1.5082782290971393,20.069752694990488,1.6568556309835545,2.8113290593179423
187,ARKANSAS,VAN BUREN,5141.0,0.0402356902,50332.0,788.2,-0.00488981416,6.90950414,62.75474061538462,44.61203053846154,1.568435307692308,75.72530776923077,653.3342579038133,3635.065653746303,0,-2.469460167272646,8.719086873811035,1.2104546356472128,4.026739751924575
188,ARKANSAS,WASHINGTON,5143.0,0.022912204,66158.0,30203.4375,0.0182399932875,994.4132710434376,78.00438309090909,-54.319122576576575,-87.60798619819819,-24.258420823423425,665.9423486788218,3992.0031298314366,1,1.1312370777134793,73.36715282181358,1.5050935202534712,1.5050935202534712
189,ARKANSAS,WHITE,5145.0,0.0346930318,56178.0,6149.615384615385,0.0266978491723076,228.46307995384615,72.57755976086956,40.40607869565217,1.3768114347826086,70.0242968847826,661.4734297722636,4386.385365929619,1,-0.2056186205911691,43.310082435003174,1.704342619689499,1.7043426196894993
190,ARKANSAS,WOODRUFF,5147.0,0.035525853,43259.0,854.0,-0.00679978845,3.26789295,69.645919625,53.009932,1.178507,74.26797485,635.2673702374633,3596.835523335324,0,-2.539446010664873,7.894736842105263,1.7321110458553814,4.286417920838637
191,ARKANSAS,YELL,5149.0,0.0369367151,51997.0,2901.3333333333335,0.0716423738333333,29.864517988333333,68.96098764705883,42.4721715882353,0.4821058235294118,75.66137269411765,656.1991317902929,3545.411269768294,0,-1.5435918324069404,19.720989220038046,1.8495004597988474,3.4162005322062017
192,CALIFORNIA,ALAMEDA,6001.0,0.0407492053,119230.0,143836.71666666667,0.0247346601803342,3692.705687135833,75.01510805566218,-53.935762756447,-67.0043360382044,-11.996667653772684,682.2879533882282,4768.760221014075,1,3.1556107967672715,97.17818642993025,3.3113583539674107,3.311358353967411
193,CALIFORNIA,ALPINE,6003.0,0.0648148148,83265.0,361.0,0.01961237,0.43070057,79.539964,26.8073945,3.211009,69.54211045,676.6999999999999,4314.833333333333,3,-0.7217678633939963,33.481293595434366,3.5654771987237885,4.512478255879788
194,CALIFORNIA,AMADOR,6005.0,0.0507497917,80767.0,2124.222222222222,0.0378387032222222,27.684856066666665,65.11764082142857,26.706656285714285,2.880258892857143,67.46028790714286,685.0609508589017,4181.259842665531,0,-0.5158332545257341,37.222574508560555,2.4265778121113857,2.98024832452777
195,CALIFORNIA,BUTTE,6007.0,0.0524643673,63084.0,18833.70588235294,0.0110045520470588,684.9564526794118,68.68849889743589,37.796370728205126,2.1259949897435897,75.74082930871795,678.3289871396909,4227.752954416651,1,-0.17452999951940054,44.039315155358274,2.141889560796167,2.141889560796167
196,CALIFORNIA,CALAVERAS,6009.0,0.0421752596,77041.0,835.9,-0.00971756834,9.934911955,65.98807459999999,29.738824766666667,3.590534666666666,67.07525940333333,678.5841717386344,4454.907578186246,0,-0.6040268092943802,35.60558021559924,2.249239279553905,3.1749973284017305
197,CALIFORNIA,COLUSA,6011.0,0.1299167927,66675.0,1762.2,0.0190384483999999,11.74364616,76.07388525,29.41581765,2.49153975,82.72854309,677.3620275806683,4111.094819481911,0,-2.61933980675861,7.0703868103994925,7.453638724065839,8.256144733154006
198,CALIFORNIA,CONTRA COSTA,6013.0,0.041348686,122000.0,59346.18357487923,0.0189203536843478,1348.0744703400965,75.43586655345912,2.780696202511775,-5.173484789638932,46.10139757692308,683.6281536281982,4973.771820721913,1,3.0118142791997777,96.70259987317692,3.213851780538555,3.213851780538555
199,CALIFORNIA,DEL NORTE,6015.0,0.057079318,70231.0,3827.571428571429,0.0526212077248571,493.8276597628572,61.533958947368426,-466.10362085,-497.3428307,-431.31688174499993,677.4320012816764,4127.785606070711,2,-0.12314256861100313,45.33925174381738,2.450913500762,6.3229533400554745
200,CALIFORNIA,EL DORADO,6017.0,0.0395751041,107063.0,7643.3488372093025,0.0017093780095238,189.07115698357143,75.01900362903226,-58.205967976,-73.996766552,-9.715421948799994,687.9139214106972,5002.268154913861,1,2.189748662538622,91.02726696258719,2.483277685541364,2.483277685541364
201,CALIFORNIA,FRESNO,6019.0,0.0746247614,71271.0,73664.90954773869,0.0203473038221212,1256.6395048321608,68.05714119080068,2.1877057623089957,-31.26759928353141,39.02023126213922,669.0207456783038,4410.255340623062,1,-0.21355363087841697,43.214965123652505,3.7209660968776936,3.720966096877694
202,CALIFORNIA,GLENN,6021.0,0.0627736085,64197.0,1793.8333333333333,0.0205280573333333,97.68407139833334,68.23566130434783,34.80087313043478,4.241668173913044,72.48136853043478,683.1679835330706,5260.228851248762,0,-0.3819951922508024,39.8858592263792,3.2470843956718665,3.505857337474899
203,CALIFORNIA,HUMBOLDT,6023.0,0.0460073065,61307.0,8132.933333333333,0.001836617735,598.537847202,72.27379785981309,-55.38575043518518,-90.4365065,-17.082759648148144,684.363572968524,3982.49490570272,1,0.06737413363232936,49.49270767279645,1.914511348661343,1.9145113486613432
204,CALIFORNIA,IMPERIAL,6025.0,0.1726880782,58768.0,9881.935483870968,0.0569968206503225,802.7985762496775,63.264692375,41.876145,1.841342989583333,76.7304489625,665.0399000033634,4449.321994074068,0,-3.87391292262323,1.109701965757768,11.08368569928105,11.678434130394846
205,CALIFORNIA,INYO,6027.0,0.0378216637,71656.0,1876.0,0.0298381303333333,179.947764045,80.0739726875,32.581492,2.083142,68.42112184375,681.7964648294836,4927.281806315782,1,1.0073735004083644,70.57704502219404,1.896538348840787,1.896538348840787
206,CALIFORNIA,KERN,6029.0,0.0832156572,68436.0,47874.72847682119,0.0223438516704081,896.7700689449008,66.68959951321585,-118.9398449890351,-151.2298026381579,-81.48146113048244,664.1806370140789,4457.5506154999075,1,-0.5763344592933688,36.08116677235257,4.5836203548318775,4.5836203548318775
207,CALIFORNIA,KINGS,6031.0,0.082102624,65768.0,9820.518518518518,0.064374613776923,505.3592453074074,69.0165354125,-340.0142914691358,-368.6512755308642,-299.9605182222222,657.0130116815898,4824.469711646462,2,-0.38852911805175994,39.75903614457831,4.345622031078504,6.00574979668122
208,CALIFORNIA,LAKE,6033.0,0.0578624678,57945.0,1717.4,0.0088567782,142.4310229,63.717893520833336,41.6779794375,1.9540856875,78.40105875,674.6038361829956,4484.451753134133,0,-1.2877140860459422,23.303741280913126,2.153681819698652,3.2622661978306278
209,CALIFORNIA,LASSEN,6035.0,0.0519480519,77743.0,1218.7777777777778,0.07509677773,87.09484297777777,61.82206728,-372.7239506,-397.41104724,-333.211228644,665.9413446040413,4667.279336155957,2,-0.18576425709378225,43.817374762206725,3.0219486691842983,5.61279706254981
210,CALIFORNIA,LOS ANGELES,6037.0,0.0502513244,86499.0,266643.82593856653,0.0297981674204786,3752.5814089816017,72.46945407379613,-33.740001803051534,-54.4947547087031,13.114063965530129,680.6953685950796,5140.525603739534,1,2.1565796389517167,90.55168040583385,2.9007283957308676,2.9007283957308676
211,CALIFORNIA,MADERA,6039.0,0.074790518,66084.0,5936.347826086957,0.0120192406886956,347.1055786673913,63.4312061625,33.4284509875,2.3737384125000003,74.97758217250001,670.0273638634918,4607.200136032393,0,-1.171463504236057,25.110970196575778,3.530098552332807,3.9302122545953364
212,CALIFORNIA,MARIN,6041.0,0.033177294,139197.0,39129.29090909091,0.0118168145912962,1153.6609773181815,78.60889263218391,-156.0539982571429,-152.72316213142858,-120.18175971714284,700.0564684267875,5012.055923412751,1,4.324435036537001,99.42929613189601,4.510164637001576,4.510164637001576
213,CALIFORNIA,MARIPOSA,6043.0,0.0509009601,64352.0,812.5,-0.0057420426666666,3.506986636666667,69.36780417647059,31.60029076470588,1.8524201176470587,66.40014379411765,675.9296882152182,4885.598812809547,0,-0.8688029864132757,30.27901077996195,2.4621403918458027,3.6301110628815327
214,CALIFORNIA,MENDOCINO,6045.0,0.0469807636,65891.0,3298.85,0.00065238758,333.156250054,73.23693279487179,-91.86060448101266,-124.5884768227848,-53.55926296455696,687.9361486106719,4250.41813622957,1,0.26616198805952856,54.185161699429294,2.157269505542105,2.1572695055421045
215,CALIFORNIA,MERCED,6047.0,0.0900346416,58962.0,13947.42857142857,0.0267575369061224,759.2438710285714,66.7058705138889,36.99055234027778,2.563824284722222,75.8358226875,670.053341942646,4339.853743071657,0,-1.4784427829333437,20.640456563094485,4.649496470325908,4.958621745849752
216,CALIFORNIA,MODOC,6049.0,0.0633996937,51996.0,633.25,-0.02839498795,30.530995800000003,68.69701433333334,39.348002666666666,0.5530211666666667,76.67326511666667,679.2445647003914,4616.280538270782,0,-1.5231226186220117,19.91122384273938,2.85736648823467,4.16238627506475
217,CALIFORNIA,MONO,6051.0,0.0381234893,82973.0,1688.0,-0.0120387431333333,22.56018714,86.33507747058823,23.099662823529417,1.351398882352941,82.03754986470588,680.0952008608062,4218.369269288771,3,0.9476245254267626,69.56246036778694,1.9748680712355953,2.588393639400851
218,CALIFORNIA,MONTEREY,6053.0,0.0701490823,86809.0,29682.440860215054,0.027709602854,1058.942142687527,75.82928123144104,-191.4286215107296,-209.5398071974249,-141.8892457587983,676.8008569469587,4740.911961573026,1,1.2178545272900323,75.11097019657578,3.826100577072311,3.8261005770723107
219,CALIFORNIA,NAPA,6055.0,0.0353465883,100469.0,25061.125,0.021769742777,1205.0620485385,77.93091070754717,18.639513679245283,9.699097254716982,64.44845971792452,690.1404279939952,4900.403572836453,1,2.581977051181386,94.54660748256183,1.9846442843754575,1.9846442843754577
220,CALIFORNIA,NEVADA,6057.0,0.0391703182,87142.0,5451.9,-0.002494495435,174.76238254,73.89467596,26.327257213333333,4.876714586666667,74.985376968,690.6832009199605,4907.868795653166,1,1.3708005012018034,78.12301838934687,1.8376460107069712,1.8376460107069712
221,CALIFORNIA,ORANGE,6059.0,0.0355333623,109768.0,217252.94845360823,0.0069179974805154,2349.1319543869417,75.57681839285713,-3.720645183763028,-12.085773160175536,41.08519499451454,688.4488770805457,5197.989147870779,1,3.366603218874563,97.90741915028536,3.1198139066983024,3.1198139066983024
222,CALIFORNIA,PLACER,6061.0,0.0372588191,110020.0,44952.90588235294,0.0256558426630952,859.6344696644048,75.91145772169811,-27.70937139906103,-39.925258666666664,18.86750947605634,689.8138773593928,4919.243087747257,1,2.8352001169526275,95.87824984147116,2.5088459291157843,2.5088459291157843
223,CALIFORNIA,PLUMAS,6063.0,0.0727468678,64121.0,790.7142857142857,-0.023735436,7.804346898428571,70.58987486363637,30.93159968181818,3.0150393636363635,72.56408361818181,675.8345178039667,4442.287816307001,0,-1.5775921931589776,19.30881420418516,3.287974611306623,4.516849962749021
224,CALIFORNIA,RIVERSIDE,6065.0,0.0479967112,90251.0,41709.43708609272,0.0280362427540576,816.6727273033445,68.69325911953352,6.664144257281555,-15.471306589320388,43.75608115281553,667.9918471343259,4959.411755811751,1,1.182648098441271,74.44514901712111,2.164494064137511,2.164494064137511
225,CALIFORNIA,SACRAMENTO,6067.0,0.044495148,89984.0,119638.05362776024,0.0288480092959682,2250.4767527583595,72.44402587032967,4.287511506578946,-18.02283722697368,54.83555122642544,675.8888404319815,4550.727170063549,1,1.6858165177991986,83.76664552948637,2.0677377111290562,2.0677377111290562
226,CALIFORNIA,SAN BENITO,6069.0,0.0596457665,105112.0,6862.636363636364,0.0065731245181818,467.87539304181814,76.59176492499999,21.8463764,4.905726125,58.90527729750001,667.6582760617997,4413.394272281178,1,0.9651471692875145,69.84781230183893,2.8671732690711482,2.8671732690711482
227,CALIFORNIA,SAN BERNARDINO,6071.0,0.0465183271,84576.0,77399.49322493224,0.0190174999849051,956.4800396657452,67.03921068102657,-8.727260923992674,-33.64190963736264,29.502133409981685,668.4687389991708,4753.622249838944,1,1.0076496936162387,70.60875079264426,2.1084760459562686,2.1084760459562686
228,CALIFORNIA,SAN DIEGO,6073.0,0.0388460016,103476.0,116575.81977671452,0.0193179795542012,1993.8263484528868,74.31347671404683,-9.824838416713092,-27.374875524791086,37.9955980762117,676.6507992672549,5206.208111655373,1,2.722110832221337,95.33925174381737,2.602060909516149,2.602060909516149
229,CALIFORNIA,SAN FRANCISCO,6075.0,0.0326595968,125456.0,547749.082051282,0.0468570068942051,17350.759535589743,79.23727123661484,-29.14012285370052,-38.01899206024096,18.06288965800344,693.2481325885411,4916.759522611277,1,4.456722575077346,99.5878249841471,4.389177092278007,4.389177092278008
230,CALIFORNIA,SAN JOAQUIN,6077.0,0.0623594145,86211.0,47274.87050359712,0.0075356741066474,1230.752066771223,69.20123791898735,30.233068767088607,3.0501637417721517,68.38069838329113,666.9305530139599,4375.940451531717,1,0.38249794872533893,56.56309448319594,2.8087383764894436,2.8087383764894436
231,CALIFORNIA,SAN LUIS OBISPO,6079.0,0.0345819212,89809.0,13469.66037735849,0.0264719559509434,839.2490964028302,75.99167596296296,-97.57780610429448,-118.00557154601226,-49.58251676993865,686.98295353062,4886.376060455415,1,2.1639643784277283,90.7736207989854,1.7200590072104434,1.7200590072104436
232,CALIFORNIA,SAN MATEO,6081.0,0.030296839,151004.0,135019.50955414012,0.0155284083884713,2421.447176179618,79.66912654347826,-50.74102195464363,-48.077525859611235,-11.00175110561555,691.547637574463,5243.802152367381,1,4.940490773121873,99.65123652504757,5.09661293540081,5.09661293540081
233,CALIFORNIA,SANTA BARBARA,6083.0,0.0411412705,90155.0,31426.516853932582,0.0195069120398876,1570.1024084556066,77.18121395806452,-137.4823335942492,-152.77823527156548,-90.28001469584665,683.2488525294865,4985.038760603732,1,2.359007919931279,92.70767279644896,2.1945754705471487,2.1945754705471487
234,CALIFORNIA,SANTA CLARA,6085.0,0.0350141633,154573.0,194355.9865591398,0.013510012968387,2476.068876377984,76.06400112686566,-12.015805539534885,-12.241480437209304,26.24049056883721,686.8397882849699,4929.520370394665,1,4.448931833910329,99.55611921369689,5.205558621124505,5.205558621124505
235,CALIFORNIA,SANTA CRUZ,6087.0,0.0574025838,102723.0,29424.80769230769,0.0114779441211538,1437.9079648423078,76.99590995897435,-79.51341653571428,-94.27150114285712,-34.50370916122449,692.297663250924,4387.071787031855,1,1.9481407563740913,87.79327837666455,2.8651474169212823,2.8651474169212823
236,CALIFORNIA,SHASTA,6089.0,0.0514014265,71935.0,20585.541666666668,0.0081780609208333,602.548308696875,66.10842978625955,33.738478145038165,2.6523720076335877,73.24626695648855,676.0470876528408,4491.197582506882,1,0.07495462350392543,49.58782498414712,2.113272550055677,2.113272550055677
237,CALIFORNIA,SIERRA,6091.0,0.0465465465,67675.0,471.0,-0.039116807,0.47103798,65.226805,40.0483374,1.1771462,75.10141828,693.9730793512043,4314.516317016317,0,-1.2012966610980071,24.69879518072289,3.134907255120178,4.480604777810136
238,CALIFORNIA,SISKIYOU,6093.0,0.0638310601,58975.0,1406.7857142857142,0.0043903714928571,35.787275075714284,67.35597337837838,43.80559002702703,1.0928473513513517,81.8996647081081,684.3991228796659,4387.818307234235,0,-1.2902923776684592,23.240329740012683,2.476815635343185,3.6464377589796064
239,CALIFORNIA,SOLANO,6095.0,0.0465077341,99117.0,29548.385416666668,0.0090447792368421,1004.7809308104166,74.39114180701755,-120.87238285964914,-135.15892829473682,-71.15907032315789,671.190271398747,5168.885737895204,1,2.120103530979074,90.23462270133165,2.5608045231261376,2.5608045231261376
240,CALIFORNIA,SONOMA,6097.0,0.0361828176,100157.0,31922.858585858587,0.0082885219051515,972.4495679466668,76.68790933937824,-3.5131125684754534,-19.668024966408268,45.3304080762274,689.1492307650809,4994.128670073512,1,2.574812030121426,94.41978440076095,1.9982862905723604,1.9982862905723604
241,CALIFORNIA,STANISLAUS,6099.0,0.0643255514,81582.0,50970.10638297872,0.0020766011795744,1225.797218812766,68.26975621103895,-64.87975267207791,-94.74022625324676,-27.06889046071428,673.9291632467314,4388.649160938398,1,0.4389441204375546,58.33861762840837,3.0097994539784803,3.0097994539784803
242,CALIFORNIA,SUTTER,6101.0,0.0778414926,71968.0,19813.190476190477,0.0131180094047619,751.7210457952381,72.0856160483871,28.704121,3.031425661290323,70.23535113387096,684.4489440555902,4839.822678221174,1,0.12357632177421127,50.792644261255546,3.8245707964393696,3.8245707964393696
243,CALIFORNIA,TEHAMA,6103.0,0.0582639715,58333.0,2906.090909090909,0.0020679743227272,140.46415891636363,65.75328641860465,35.364841325581395,1.388066953488372,79.75647513023256,674.5922029996618,5018.275323137767,0,-0.741217862755581,33.13253012048193,2.7130981278500466,3.1856585177567665
244,CALIFORNIA,TRINITY,6105.0,0.0567982456,52079.0,474.6,0.0067526844,0.9080845284,59.816565,40.60750746153846,1.028116076923077,81.7538012,680.9871252200991,4401.333459686535,0,-2.324037088713637,10.050729232720355,2.628003318497431,4.764090260179713
245,CALIFORNIA,TULARE,6107.0,0.0999517119,71368.0,20226.666666666668,0.0203760117557692,921.2200019580768,68.91636101111112,-0.5906848703703723,-35.01155924444444,39.48671049814814,665.9349573734754,4409.634296552126,0,-1.1421580802002345,25.586556753329106,5.549448207821957,5.560391482187622
246,CALIFORNIA,TUOLUMNE,6109.0,0.0500525552,72329.0,2140.7272727272725,-0.01820543897,347.3724080581818,67.33019845833333,-178.70827183333333,-204.7941430625,-139.68928980625,681.558017364871,4881.512218777357,1,0.3458470260653146,55.960684844641726,3.30407128809876,3.30407128809876
247,CALIFORNIA,VENTURA,6111.0,0.0427407969,106526.0,45512.75862068965,0.0041277054496046,1146.574927321744,77.31588954205608,-51.59372019302325,-61.38441882790698,-6.427216086511624,682.510674160552,5102.033450544473,1,2.7270060090447372,95.40266328471782,2.511635200071832,2.511635200071832
248,CALIFORNIA,YOLO,6113.0,0.0469326579,91192.0,45633.31707317073,0.0247130007460975,1632.8804133634148,74.6479319180328,27.70666149180328,5.743942229508196,59.47492204180328,686.7295457318879,4451.936443007225,1,1.6502039115532081,83.19594166138236,1.8896319944410889,1.8896319944410889
249,CALIFORNIA,YUBA,6115.0,0.0666290232,71493.0,11985.0,-0.0063584046214285,312.15760292857146,67.09022734693878,34.374301183673474,1.3923583469387757,74.6495374122449,673.3973950436354,4409.218408077464,1,-0.5516459900478777,36.52504755865568,3.1226374027543704,3.12263740275437
250,COLORADO,ADAMS,8001.0,0.0341549976,95278.0,90747.61855670104,0.0447982798477319,1184.472911144536,78.34962055252917,-90.21742037692307,-113.15854388461538,-48.13878398,662.3524264152646,4206.331460831036,1,2.0278510141196895,88.83956880152188,2.176340580804007,2.176340580804007
251,COLORADO,ALAMOSA,8003.0,0.0372561359,50056.0,4726.25,0.00303444495,137.8881889225,73.30493186666666,43.32294526666667,3.3250806,80.3414294,682.0612485019203,4502.748713026362,1,-0.09880206225026873,45.84654407102093,2.113618277043874,2.113618277043874
252,COLORADO,ARAPAHOE,8005.0,0.0311153725,97560.0,139656.57823129251,0.0267321196237414,1885.2051111163264,81.13501924019609,21.795392598039214,6.238084252450981,59.44728940563726,680.5823790094968,4870.786147866957,1,2.995141935001395,96.63918833227648,2.2814282771272762,2.2814282771272762
253,COLORADO,ARCHULETA,8007.0,0.0324046921,74432.0,1455.25,0.02119206725,10.2748760275,78.3444658,26.6293378,5.6741095,67.52449074,678.9687117449083,4349.911055605906,3,0.3573942825365703,56.15091946734305,1.30769228732166,2.4223631274154442
254,COLORADO,BACA,8009.0,0.0201177625,47421.0,393.5,-0.002546981,0.71766383,84.31577874999999,38.062129,2.0704415000000003,83.0704727,700.3433210784314,4403.209908963586,3,0.18737900999022092,52.3145212428662,1.8786105984619963,4.438446830256997
255,COLORADO,BENT,8011.0,0.0302351624,44960.0,1067.0,0.0066504162,0.63918632,53.10916580000001,38.0007896,0.7943168,71.80371094,674.5451461988304,3603.028691153748,0,-2.684642379592481,6.150919467343057,2.6887946953752326,4.966599293963069
256,COLORADO,BOULDER,8013.0,0.0284688027,97170.0,51058.69117647059,0.0182929843370588,1471.7755496991176,83.68217953,22.385074195,9.203745115,54.0730364475,686.850881992163,4707.268123729084,1,2.9801058546086003,96.57577679137603,2.013502775325717,2.013502775325717
257,COLORADO,CHAFFEE,8015.0,0.0300729344,75298.0,1912.4,0.03093964728,207.2886595,79.40666926666667,29.67277373333333,2.7735266666666667,73.42545113999999,694.2443988785312,4315.109901011479,3,1.1276585302260147,73.24032974001268,1.8012718333166622,1.870855378732274
258,COLORADO,CHEYENNE,8017.0,0.021194605,63177.0,527.0,-0.0061692642,0.3632732,86.66413999999999,27.274296000000003,0.4761903333333333,75.78873443333333,701.25,4015.5,3,0.5470262305066569,60.71655041217502,1.8019711866389687,4.237546003728993
259,COLORADO,CLEAR CREEK,8019.0,0.0279167339,94093.0,829.0,-0.0016007893333333,45.974905,82.70144666666667,26.693066166666664,3.699581833333333,63.63212395,685.6331604427861,4786.0750091395885,3,1.6928266058040253,83.9568801521877,1.9009256695690318,2.7866125690378447
260,COLORADO,CONEJOS,8021.0,0.033212247,53174.0,753.0,-0.0123578215,1.01109628,77.98994233333333,45.08663133333334,0.3061485,71.84494398333334,699.07675929164,4828.368469137961,3,0.015022119666687862,48.50982878883957,1.5878037537862497,3.908336466679847
261,COLORADO,COSTILLA,8023.0,0.0443951165,38731.0,325.5,-0.0045524684999999,0.60027388,69.438623,56.56254425,1.0076315,87.944305425,682.26331738437,3900.9654173312065,0,-2.2139917277816314,11.223842739378567,2.3786949792456653,4.671934762129869
262,COLORADO,CROWLEY,8025.0,0.0422848665,46979.0,919.0,0.071636282,1.1480516,57.80686775,39.37538675,2.986261,75.36947825,674.9566965129465,4801.009243290493,0,-1.8950883165527044,15.123652504755865,3.0456684819263695,4.7810470514368415
263,COLORADO,CUSTER,8027.0,0.0318471338,77137.0,833.0,-0.014394997,0.89355218,71.89897350000001,41.12377275,3.4891735,76.664822575,698.706017152714,4131.114302819265,3,-0.06152785739812407,46.6708941027267,2.043976961886904,3.6809340045607453
264,COLORADO,DELTA,8029.0,0.0362366777,57075.0,1025.571428571429,0.0134555238571428,20.581811285714284,73.199482,33.89343975,3.0627702083333332,76.50563194166666,680.0790474447085,4608.315320902523,3,-0.34270813727602756,40.67850348763475,1.7221938505908654,2.7068272133421947
265,COLORADO,DENVER,8031.0,0.0334923675,93572.0,297582.8333333333,0.0087177178838194,5587.6968810625,80.73848106666667,10.086648413721411,-15.280641627858628,46.02084831600831,664.0823172305164,4138.717405928895,1,2.3541909047999576,92.64426125554851,2.5209617334655183,2.5209617334655183
266,COLORADO,DOLORES,8033.0,0.0289330922,57701.0,965.0,0.024211235,0.38704804,80.544973,38.209066,0.681818,72.89664455,682.625,5646.0,3,0.6468341598696068,63.348129359543435,2.025557495757189,4.090449844665045
267,COLORADO,DOUGLAS,8035.0,0.0288906321,144807.0,56950.098360655735,0.0528929617852459,712.3762658931148,84.38375041290323,9.078490535483873,12.456003929032258,35.20192026064516,692.4160258298851,5559.035039930255,1,4.90782832511194,99.61953075459733,4.963762719941542,4.963762719941542
268,COLORADO,EAGLE,8037.0,0.0262291327,110598.0,3462.214285714286,0.0189746986285714,63.92252349142857,88.43539148275862,14.967534068965518,8.608079344827585,52.956651762068965,680.5634723494957,4460.189222129756,1,2.5645492360241997,94.32466708941027,2.9684368825816057,2.968436882581606
269,COLORADO,ELBERT,8039.0,0.0264284385,123083.0,584.4285714285714,-0.0100875402857142,6.132058654285714,81.86658453333332,14.042084733333333,6.223094933333333,47.3105147,682.2722455121966,4719.8399815663515,3,2.111442028574272,90.01268230818009,3.5282017362409848,4.294368162324318
270,COLORADO,EL PASO,8041.0,0.033379157,88794.0,69183.0,0.015594793899923,1115.549174851077,78.59919262087912,-56.33340904931507,-78.45219174246574,-16.863093736164384,673.1888089597775,4472.781353903603,1,2.1054256662439093,89.91756499682943,1.3954470022035521,1.3954470022035521
271,COLORADO,FREMONT,8043.0,0.0485863874,61015.0,3187.8571428571427,0.1105102253016666,306.65474021928577,66.69703665714286,-800.6414878611112,-832.0979588055555,-769.2958837638889,675.3337989970563,5003.443680731261,2,1.1018577588821186,72.73303741280913,5.056308061665389,10.204122992593415
272,COLORADO,GARFIELD,8045.0,0.0291209665,94696.0,4257.727272727273,0.0278611804272727,142.8787667727273,84.00790708333334,20.68293936111111,2.6375437777777777,61.71431128055556,685.6587801902439,4485.933192466522,1,2.0299655772425576,88.87127457197211,1.9496951804420979,1.9496951804420979
273,COLORADO,GILPIN,8047.0,0.0267812026,88589.0,4689.0,0.014204663,34.02359,85.06600775000001,20.6814065,3.8259745,60.202107425,686.8936955764542,4237.884273772205,3,1.702983887950032,84.21052631578947,1.9563743763194863,2.1529639330306756
274,COLORADO,GRAND,8049.0,0.0273008425,93257.0,2173.3333333333335,0.0029192898666666,6.227259243333333,86.92274277777777,17.496874444444444,2.777204,59.25260288888889,696.6355542986425,4637.33245852187,3,2.009368673024556,88.5859226379201,1.758802175995631,3.149171998208428
275,COLORADO,GUNNISON,8051.0,0.0260968561,79658.0,1688.75,0.02469466715,118.9352220875,86.5731114,23.8780598,5.01290215,68.91880721999999,702.7501449867051,5234.386085939478,3,2.3877532300273607,92.96131896005073,1.764007964047183,2.817707017798977
276,COLORADO,HINSDALE,8053.0,0.0293398533,71541.0,235.0,0.0022702254,0.1772207,82.173913,23.11828,4.301075,58.8709641,717.2,5474.0,3,1.310657429654652,76.98161065313887,2.0260358511541923,4.777635822264274
277,COLORADO,HUERFANO,8055.0,0.0584890333,47855.0,695.0,0.0209961924999999,7.861296825,64.18920014285713,48.511180714285715,1.4973235714285715,75.06323294285714,673.2378408181454,4317.880684091819,0,-2.168076337022968,11.794546607482562,2.0283802798811426,4.196498012062233
278,COLORADO,JACKSON,8057.0,0.0215517241,96811.0,448.0,0.013480726,0.28381574,87.841274,32.820938,0.2849005,78.17004779999999,715.15,4595.75,3,2.093576001552875,89.72733037412809,2.353572370605637,4.592917654484961
279,COLORADO,JEFFERSON,8059.0,0.0294811287,102146.0,96602.55072463768,0.0181316615636231,1277.121056206522,82.6845335,-30.038610373170737,-42.46995469512195,4.408581238292683,681.9802825015868,4768.482197080506,1,3.1750421580112986,97.27330374128091,2.2642129192213503,2.2642129192213503
280,COLORADO,KIOWA,8061.0,0.0218894009,55523.0,395.0,0.0049905535,0.21948594,85.2603805,37.6055125,1.886305,76.6882019,702.8796296296296,5034.87037037037,3,0.8168410091384669,66.80405833861764,1.6216989262918378,4.479490457611418
281,COLORADO,KIT CARSON,8063.0,0.0184242424,55304.0,785.6666666666666,0.0048329480666666,1.1448265,75.52786,33.511261,0.7877776249999999,76.38193415,700.3692120313916,4587.716083374424,3,0.21951907313682567,52.91693088142042,1.5950589225250233,3.9262221856932222
282,COLORADO,LAKE,8065.0,0.0251164675,86215.0,1453.0,0.013433926,32.228659855000004,83.90220625,29.222636625,1.169070625,66.2469992625,685.0737808464299,4738.022677055941,3,1.652052124450897,83.2276474318326,1.436571667509292,2.499815142096801
283,COLORADO,LA PLATA,8067.0,0.0295574476,83542.0,7629.3,0.013100039031,234.04490442,84.00983221212121,22.362371181818183,3.8488296363636367,64.08078316060606,678.367302637102,4494.898482058793,1,1.7495940009366229,84.9714648065948,1.2637495629605076,1.2637495629605076
284,COLORADO,LARIMER,8069.0,0.0282988485,88519.0,45104.08219178082,0.0144438157445205,1176.4653541671232,83.38268869270833,27.509074432291666,3.672766119791667,64.31879135520833,683.1622846486995,4476.139821128645,1,2.471222372902917,93.5003170577045,1.5272770099470274,1.5272770099470274
285,COLORADO,LAS ANIMAS,8071.0,0.0498820357,52067.0,959.0,-0.0095299264499999,63.304590771666675,71.46592694117646,36.812292,0.6978962352941177,74.77822179411766,670.6152430231008,3880.5939273485046,0,-1.4404681945183995,21.084337349397593,1.4377046642113345,3.1622912481260026
286,COLORADO,LINCOLN,8073.0,0.0282384581,58034.0,935.5,0.00772983995,1.83944931,70.26202980000001,31.186604,1.4983818,76.40513154,675.8757118698295,4491.507632889986,3,-0.670430440348999,34.33734939759036,2.009210748528304,3.415761957740234
287,COLORADO,LOGAN,8075.0,0.0271831126,55415.0,1725.5,0.0083573445833333,73.04693215833333,78.9204769375,35.5219235625,2.13015625,75.7258563,689.0853070959388,5040.510797110316,3,0.8289505556682351,66.99429296131896,1.4962805813774,2.556916867567659
288,COLORADO,MESA,8077.0,0.0347341058,66339.0,26567.03448275862,0.0128488219596551,1091.9326895275865,79.68408943181818,28.855676295454543,2.636932522727273,69.67349678522727,674.4173520748287,4874.661298752713,1,1.4637516992446895,79.6131896005073,1.190023596489534,1.190023596489534
289,COLORADO,MINERAL,8079.0,0.0250521921,37108.0,268.0,0.01790951,0.34031239,83.181818,33.608815,1.928375,71.9008255,702.2,4518.5,3,-0.27397486719589537,42.136968928344956,2.2997835170639904,4.7994560684657985
290,COLORADO,MOFFAT,8081.0,0.0324214792,73875.0,2938.0,0.045172248975,265.36780795525,80.78995093333333,29.833640933333335,0.3868342666666667,70.38846385333333,676.1793289881459,4421.596883569725,1,0.9833024683010251,70.19657577679138,1.5661405864457467,1.5661405864457467
291,COLORADO,MONTEZUMA,8083.0,0.0396336386,60809.0,2770.0,0.0148726212571428,125.99043437,77.82534895454545,34.70397804545455,3.267460227272727,75.54084934090909,678.5921523567531,4631.675504670538,1,0.31969384428488956,55.358275206087505,1.7857421988190831,1.7857421988190831
292,COLORADO,MONTROSE,8085.0,0.0327100614,67113.0,4737.8,0.0053840998399999,228.33728660000003,78.50920139393939,31.02776836363636,1.6447682727272728,74.17097403939394,680.4105907942304,4349.493381112767,1,0.7384122333342376,65.06024096385542,1.2211831371336461,1.2211831371336461
293,COLORADO,MORGAN,8087.0,0.0301670893,68541.0,2500.125,0.018463124975,340.00887793625,77.727468,35.10278072,1.71513356,77.72860138,661.5296966592167,4086.916700771644,1,0.240336446734064,53.3291058972733,1.5423589675108373,1.5423589675108373
294,COLORADO,OTERO,8089.0,0.0414926931,52169.0,1304.142857142857,-0.0150699941714285,142.19060055857142,70.77109415,45.742835,0.8069245500000001,81.18235396,663.0489322927649,3883.632362711426,0,-1.2512403229318836,23.87444514901712,1.3629281259896167,2.8302894199554807
295,COLORADO,OURAY,8091.0,0.0317718941,92760.0,1410.0,0.0054064561,2.1049016,80.123424,20.366457,5.9763335,65.644282325,708.8521745960343,5699.617075095145,3,2.164982742139284,90.80532656943564,2.343463784484458,4.038703442456719
296,COLORADO,PARK,8093.0,0.0280198189,103720.0,423.6,0.0090250293799999,2.104063842,80.82064108333334,21.151109,1.353749,63.34570630833333,686.2355331924139,4525.090971505169,3,1.273363833718424,76.41090678503487,2.398840697468372,3.8526192899442577
297,COLORADO,PHILLIPS,8095.0,0.0216306156,59367.0,608.5,0.0026448936,1.94099155,81.66774233333334,31.8981285,1.1955865,76.69393411666667,694.5410954935404,4793.039900689273,3,0.6178625908589445,62.65060240963856,1.0652007954647338,3.7583970072268795
298,COLORADO,PITKIN,8097.0,0.0332869726,109268.0,3562.5,0.010636139,113.349719825,87.22244984615385,19.523066692307697,12.270801692307693,54.694001715384616,722.2854069368132,5619.699596497253,3,3.757598249711378,98.95370957514268,3.4585513561618932,3.95497327326341
299,COLORADO,PROWERS,8099.0,0.0279674797,50365.0,1259.2,-0.0339952306,201.792849424,79.76193971428572,43.17884985714286,0.9061460714285714,81.0321252,684.2003080547844,5123.74309190087,3,0.7129054696268454,64.55294863665188,2.481169864915335,3.099250975189862
300,COLORADO,PUEBLO,8101.0,0.0442745471,63801.0,25818.909090909092,0.0113503040729629,888.6816577074545,70.78889421052632,-110.90287573880596,-147.62098041044774,-71.49630702686568,672.5009584619338,4584.305616555445,1,0.6187967068769619,62.71401395053899,1.9640813072754302,1.9640813072754304
301,COLORADO,RIO BLANCO,8103.0,0.0328827183,72088.0,1310.0,0.024834505,0.941730785,81.08852414285715,19.292692142857145,1.9403771428571428,56.382402157142856,694.647931891367,4853.640096700317,3,0.8071565098906,66.6138237159163,1.043932044671355,3.3641719794570304
302,COLORADO,RIO GRANDE,8105.0,0.0397389134,55574.0,1142.3333333333333,0.0044166058666666,80.53234193333333,75.062434,40.3653096,1.7926798000000002,81.61237487,674.0664717169944,4119.396681125398,0,-0.6071217386659143,35.54216867469879,1.5021746488663261,2.4440237233651234
303,COLORADO,ROUTT,8107.0,0.0254690024,112377.0,2070.25,0.0333432055,32.347341396249995,86.855089,17.422793000000002,4.439209,59.203371542105266,717.442005070588,5099.173258118568,3,3.395704945517614,98.00253646163601,3.1024978630116724,3.9496196417736673
304,COLORADO,SAGUACHE,8109.0,0.035322054,47829.0,772.0,-0.016489498,1.19222486,77.375327,45.75359433333333,1.5095895,76.60005061666666,666.263004686286,4299.621070075757,0,-1.094992039503581,26.28408370323399,2.304823853010422,3.808689613413377
305,COLORADO,SAN JUAN,8111.0,0.0259067358,102689.0,173.0,0.012254448,0.47227269,83.959044,32.010582,0.0,84.6560822,693.5250000000001,4478.75,3,1.3133227430846164,77.01331642358909,2.5947079838639313,4.527965035681718
306,COLORADO,SAN MIGUEL,8113.0,0.0323613087,94927.0,1897.75,-0.002523852875,42.463917495,91.41208133333332,17.43902,8.3986345,54.64924239999999,691.4,4804.5,3,2.3696685896829126,92.89790741915029,2.254081285840459,2.998730598191013
307,COLORADO,SEDGWICK,8115.0,0.0309653916,45999.0,585.0,0.030408736,1.366686,81.72280066666667,38.565936,2.071234,77.00152333333334,706.0530564893711,4625.655445624196,3,0.08077324979670855,49.74635383639823,1.677733536032063,4.146046810399188
308,COLORADO,SUMMIT,8117.0,0.0227231659,105135.0,3280.8,0.02050854876,33.650399,91.03308922727273,17.909348045454546,4.443162363636364,59.28431624545454,710.3145900147479,5486.835236944279,3,3.709556411553284,98.82688649334179,3.0299494785234105,3.902127539610316
309,COLORADO,TELLER,8119.0,0.0301872934,88089.0,1516.8333333333333,0.0140265785,62.227278633333334,73.64898386666667,23.56885073333333,2.0063687999999997,64.95227508666667,677.668665716504,4936.743259427104,3,1.062007109677581,71.94039315155358,2.111136102057087,2.2258723315195046
310,COLORADO,WASHINGTON,8121.0,0.023160254,54255.0,590.0,0.01478655,0.51794282,83.8855128,30.3587428,2.2442136,75.61677397999999,704.8213700995494,5122.355958969717,3,0.8687239656488108,67.91376030437539,1.5102536444768895,4.299484346683828
311,COLORADO,WELD,8123.0,0.0326938398,90675.0,24242.766233766233,0.0413097540436363,641.6372617097403,79.50765963793103,-87.85342890857142,-111.18413697714286,-61.46727829942857,673.8385404783043,5179.636497651806,1,2.4719497127430246,93.56372859860494,1.9931794605008284,1.9931794605008282
312,COLORADO,YUMA,8125.0,0.0201342282,61870.0,1792.0,-0.0003551687,1.43989085,82.94722155555556,29.01104077777778,1.5941894444444444,75.24957527777778,706.3362963949822,5408.086288107119,3,1.5633134817297876,81.73747622067216,1.6245706581939625,3.9827736595697916
313,COLORADO,BATTLEMENT MESA,8145.0,,,,,,,,,,,,0,-0.16204043214131844,44.388078630310716,1.6232589875346852,1.8431424092055635
314,COLORADO,BROOMFIELD,8014.0,0.0302586968,113162.0,66941.11111111111,0.0683531592874999,770.2347587777778,84.54346381395348,-639.106955,-644.8113875434783,-609.885428423913,683.4195282028513,4662.0775279475165,2,4.3699473003396525,99.49270767279646,4.869799936738732,8.054234812774807
315,CONNECTICUT,FAIRFIELD,9001.0,0.0386587993,,64225.171428571426,0.0036318315574641,2035.2841101523811,78.51063437059724,-11.725589186544342,-12.683798995412843,25.910882480886848,677.1526791697539,4898.87831815513,1,1.5410805061445694,81.45212428662016,1.682976488996509,1.6829764889965093
316,CONNECTICUT,HARTFORD,9003.0,0.0377607443,,101248.82589285714,0.0053369101377232,2125.510406370089,79.5721465368421,-20.806481536731635,-38.48558413493253,11.653344321889056,671.4472037064291,4598.761450844242,1,1.4616546970302833,79.51807228915662,1.684697711715991,1.684697711715991
317,CONNECTICUT,LITCHFIELD,9005.0,0.0342457145,,9687.254901960783,0.0011242110207843,358.35269230980396,82.21638686013986,18.37147960839161,6.6247913356643355,52.774863512587416,680.1630552454964,4776.428559544534,1,1.2460334377141677,75.84020291693088,1.3901121475637135,1.3901121475637133
318,CONNECTICUT,MIDDLESEX,9007.0,0.0323183904,,22649.916666666668,0.0091158245866666,842.2498947777777,82.42271206779661,-66.8226848907563,-75.5681984369748,-35.60148355630252,675.4857958856774,4574.561257392461,1,1.4979692026907299,80.43753963221306,1.2863036525749105,1.2863036525749105
319,CONNECTICUT,NEW HAVEN,9009.0,0.0390408475,,62133.21693121693,-0.0033049522555026,2060.366217162963,78.4209074354067,9.906125267515923,-9.85815281687898,42.938230283280255,670.313254820118,4616.485112772171,1,1.2060725096159577,74.95244134432467,1.585208892687942,1.5852088926879422
320,CONNECTICUT,NEW LONDON,9011.0,0.0361651802,,21688.121212121212,0.0091949942066153,905.4754976815384,80.38886247058824,-34.540645521276595,-47.36425266489361,0.4972755957446776,663.5020853675328,4339.519218612066,1,0.8849247032739149,68.10399492707673,1.080466764864312,1.080466764864312
321,CONNECTICUT,TOLLAND,9013.0,0.033235136,,11691.137931034482,0.0140420663692758,472.70801037931034,83.7482168877551,-85.75196434693876,-95.90006284693877,-56.49373052040816,680.370628644915,4761.476901760628,1,1.5902256155195786,82.21306277742549,1.5711118703722708,1.5711118703722708
322,CONNECTICUT,WINDHAM,9015.0,0.0388383541,,6400.08,0.00645382932,339.61605222,79.27156739772728,24.419710795454545,2.466133715909091,61.54100433181818,661.6564688989844,4334.347406230646,1,0.28521064331118695,54.56563094483195,1.299957106902196,1.299957106902196
323,DELAWARE,KENT,10001.0,0.0451284823,72498.0,18309.484848484848,0.009875096503125,656.9241945625,76.81724350704225,-113.94311352777775,-136.82601624999998,-73.10468742361111,667.1264973138569,4235.727271352362,1,0.7759078780255548,65.88459099556118,1.6180539708767145,1.6180539708767148
324,DELAWARE,NEW CASTLE,10003.0,0.0388030073,86798.0,87069.81679389313,0.010308566,2052.0799840153845,77.91364403551913,-58.29959751358695,-76.03152988315217,-23.01920717608696,666.0044698862449,4623.758038178889,1,1.9522460803762423,87.92010145846544,1.645606263798472,1.645606263798472
325,DELAWARE,SUSSEX,10005.0,0.0384122919,78092.0,5693.7169811320755,0.0216061654547169,183.7471006264151,74.76848716793893,-123.3822852761194,-144.865034119403,-83.74370092835821,658.7728411797691,4173.916818890034,1,0.4567939153500414,58.68738110336081,1.7978905455859466,1.7978905455859466
326,DISTRICT OF COLUMBIA,"WASHINGTON, DC",11001.0,0.0490570017,104643.0,619863.0837988827,,10844.935405966482,77.05285290868596,-40.116684408888894,-55.16149730222222,-0.1319047599999983,668.733272858491,4627.574334392838,1,2.7136300736360477,95.30754597336716,3.5042367463057635,3.5042367463057635
327,FLORIDA,ALACHUA,12001.0,0.030843186,61843.0,51425.80357142857,0.0201117262,1398.334982275,72.93743910967743,-155.6649688129032,-190.03981897419357,-121.11148635612903,673.852660413852,4466.821791866895,1,1.240973972889582,75.52314521242866,2.2740023006276493,2.2740023006276493
328,FLORIDA,BAKER,12003.0,0.0293111491,69399.0,1453.25,-0.0046990149999999,26.587390364999997,64.01583658333334,31.595291000000003,1.587608,66.593228325,648.0894451546133,4531.626694708755,0,-0.8592492192234782,30.659480025364616,1.9643204238193936,2.984840281268881
329,FLORIDA,BAY,12005.0,0.0278266128,70859.0,23205.488372093023,0.0278185452767441,716.674939711628,77.60209616666667,-61.214638009174315,-89.70144427522936,-17.382959834862383,662.2225671189697,4718.741205609439,1,1.417659690032903,78.82054533925175,1.1790940476626468,1.1790940476626468
330,FLORIDA,BRADFORD,12007.0,0.0311358656,59468.0,1443.5,0.02137357275,44.121029975,60.283467388888894,42.187770111111114,1.1134345,67.64157188333334,644.0191495378135,4467.864536597491,0,-1.4468086106565414,20.957514267596704,1.7390852850703986,3.3014089458336247
331,FLORIDA,BREVARD,12009.0,0.0298583642,77961.0,25571.566371681416,0.0030187289970535,652.0485866132743,71.69463102531645,-63.224070827044024,-91.33192408490564,-23.64967012327044,668.4716507427578,4955.966885058452,1,1.4708396870454397,79.83512999365885,1.44714335821936,1.4471433582193598
332,FLORIDA,BROWARD,12011.0,0.0288090408,74367.0,136086.60941828255,0.0118988446664583,1946.7722260310888,76.57698369968051,7.95469425106383,-16.86333895106383,45.49862438361702,675.484408536022,5349.31701749309,1,2.3758182504160508,92.9296131896005,2.171418124260656,2.171418124260656
333,FLORIDA,CALHOUN,12013.0,0.0331271203,47523.0,969.6666666666666,-0.0090665074333333,6.713160033333334,62.2678997,42.9871838,1.0591544,77.85644073,641.913552311825,4279.5385181314305,0,-2.156048840998907,12.016487000634116,1.7355477097315692,4.012992591471943
334,FLORIDA,CHARLOTTE,12015.0,0.0346526461,71381.0,13856.5,0.0285938535342105,411.61543882105263,65.58883169158878,-61.25744544444445,-90.73680394444445,-16.63394921203703,667.1884144634929,4792.750931444904,1,0.5319169591712118,60.431198478123015,1.793872859494463,1.7938728594944635
335,FLORIDA,CITRUS,12017.0,0.0449179672,54447.0,3912.3703703703704,0.0155695345111111,95.04658764074074,63.382733770114946,-74.15891576136363,-112.26538361363636,-42.09576268522728,658.4813395890334,4654.43815669421,0,-0.9467631969451442,28.979074191502853,2.1340291295384537,2.8635364332312543
336,FLORIDA,CLAY,12019.0,0.0289367546,82249.0,15551.233333333334,0.0077405027466666,728.2151067463333,73.71732275308642,22.51928398765432,3.262108111111111,52.76001082222223,663.2858704049165,5304.337148552785,1,1.63586903803482,82.97400126823081,1.7036014067389063,1.7036014067389063
337,FLORIDA,COLLIER,12021.0,0.0287234153,91402.0,35572.739726027394,0.0180052081315068,954.8636887484932,70.98100390104166,-25.38787722797927,-43.44773386010363,12.50639300569948,665.5578491240638,4548.195181375438,1,1.5784012796310467,82.02282815472415,1.4817708272748134,1.4817708272748134
338,FLORIDA,COLUMBIA,12023.0,0.0338411171,58949.0,5484.25,0.1008375249833333,273.6493399666667,64.58922299999999,41.925015625,0.690180225,73.433212755,657.6367692332544,4041.695388367296,0,-0.8127168376432745,31.388712745719722,3.041315968853181,3.4369314651641267
339,FLORIDA,DE SOTO,12027.0,0.0358002407,54288.0,1864.7777777777776,0.0220457864444444,75.99606116666666,64.12780569230769,40.258684076923075,1.6489881923076923,73.82311306923077,651.8103501731252,4861.606474873652,0,-1.00238145181669,27.964489537095748,1.8612807661196429,2.945454954937499
340,FLORIDA,DIXIE,12029.0,0.0363151757,50966.0,770.3333333333334,0.0753157803333333,10.9584143,59.71861466666667,-730.4804721538462,-768.5005625384615,-701.3353441692308,638.8139567190473,3484.960473255223,2,-1.57821867418645,19.245402663284718,4.485982113285548,9.829754163460127
341,FLORIDA,DUVAL,12031.0,0.0314689953,69455.0,80465.37572254335,-0.0022203225892485,1465.2967813543353,72.69771751229509,-6.586877167346938,-38.11094828979592,32.404124781020414,656.0737764348486,5019.746751685982,1,1.301982313148687,76.82308180088776,1.885518327981655,1.8855183279816552
342,FLORIDA,ESCAMBIA,12033.0,0.0307400429,70838.0,45119.15492957747,0.0042836254574647,989.1511423211268,72.90308060526316,-18.14056990575916,-50.04281334031413,12.377764734031413,663.7118700184967,5239.448735266087,1,1.5025840073367243,80.59606848446417,1.7363627841882445,1.7363627841882443
343,FLORIDA,FLAGLER,12035.0,0.0371434674,74753.0,7322.5,0.03643917586,203.71584245,66.43376115686274,-164.34154532692307,-188.4658582692308,-131.9801366519231,666.2110479035442,5220.520524439062,1,0.8162347473279199,66.7723525681674,2.8141203632315084,2.8141203632315084
344,FLORIDA,FRANKLIN,12037.0,0.028708134,55816.0,767.75,0.0281274514999999,17.5320712,68.45588054545455,,,-1478.1237047615384,643.2473418745969,3674.2315709910663,0,-1.6398466301171808,18.45275840202917,6.726785309081065,7.410490531226091
345,FLORIDA,GADSDEN,12039.0,0.0386882435,51288.0,2729.6666666666665,0.0262691914444444,35.32976421111111,60.26167825,43.2178115,1.2521560625,72.7574781125,649.1135487193591,4417.200059009904,0,-1.7139028771039395,17.564996829422956,1.479619972963529,3.3250215586932117
346,FLORIDA,GILCHRIST,12041.0,0.0326552463,56884.0,549.8,0.0062232461199999,8.33157094,64.88897276923078,43.33501353846154,1.3515916153846157,70.02734111538462,656.1104844501967,5273.866780850012,0,-0.9618968851684592,28.820545339251748,2.5919524905467184,3.8086120623655293
347,FLORIDA,GLADES,12043.0,0.037608486,55240.0,469.0,0.0457175682333333,1.8398197166666663,52.5586784,-870.5101297272727,-908.7348537272728,-839.7230290545453,640.8886136584313,3789.381618978939,2,-1.7386099941524444,17.15282181357007,5.867495164914602,11.509952579257236
348,FLORIDA,GULF,12045.0,0.0268003646,66806.0,1103.6666666666667,-0.007502483,9.625101333333332,64.18636842857143,-631.7620740666666,-665.4464914,-600.9115407266667,638.8422664698476,4859.097746886123,2,0.06270569072917657,49.39759036144578,3.100223386703486,8.272897751104443
349,FLORIDA,HAMILTON,12047.0,0.0431807456,49260.0,993.6666666666666,0.0257514703333333,6.274621833333334,59.52978950000001,44.8845747,2.0884917,73.00792769,633.1384446393874,3946.974295282498,0,-2.8654770616994907,4.819277108433735,1.6042156334370354,4.351735255868116
350,FLORIDA,HARDEE,12049.0,0.0412813738,53913.0,1765.8333333333333,-0.0145887916666666,13.093523183333334,67.86761975,39.4434638,0.9229158,72.560529145,648.9641379842949,4748.8542101795565,0,-1.274057385545644,23.5573874445149,1.8096396521838356,3.281423198701007
351,FLORIDA,HENDRY,12051.0,0.0479667632,54619.0,2708.285714285714,0.0073598610833333,106.96376426666666,70.314190375,-361.61297304,-398.89947056,-331.228484656,652.8386754768114,4317.117413345177,2,-0.5350564028989147,36.90551680405834,1.7810874004108455,4.969570704882572
352,FLORIDA,HERNANDO,12053.0,0.038408814,64092.0,9592.111111111111,0.0134627533295454,231.5871292068182,62.948778,-57.13041996261682,-92.32505208411214,-22.927432800934582,657.8573135478059,4573.694802370094,1,-0.3566510196841835,40.393151553582754,2.2260831707927258,2.2260831707927253
353,FLORIDA,HIGHLANDS,12055.0,0.0427396089,51495.0,5299.37037037037,-0.0034575040038461,210.7765962259259,63.52876628947369,-337.998986164557,-378.8225544936709,-304.3848957607595,657.131271227073,3945.999163261322,2,-0.8691737443177553,30.24730500951173,2.3890231486750277,4.8685205778573
354,FLORIDA,HILLSBOROUGH,12057.0,0.0293416893,76528.0,98603.51875,0.0273634933476507,1596.7433874885894,73.87852268728523,-70.2818192724177,-97.86183662202043,-32.83006975244041,663.9464234472754,4730.647067514451,1,1.7371755342030464,84.84464172479392,1.738877463258596,1.738877463258596
355,FLORIDA,HOLMES,12059.0,0.0321816662,51582.0,802.75,0.0332029285,8.50410272,58.220479133333335,44.4414552,0.4712677333333333,73.20409292,664.1255395598743,5077.453729414932,0,-1.3786871575085238,22.130627774254915,2.6081094392028863,4.083201027050034
356,FLORIDA,INDIAN RIVER,12061.0,0.0352662892,73686.0,19999.266666666663,0.0025612475,508.62838222333335,68.96272346153846,-181.15981315053764,-208.942271827957,-145.7214077096774,663.210616612018,4884.771125184344,1,1.0314692960363794,71.30627774254914,2.5146100688179867,2.5146100688179867
357,FLORIDA,JACKSON,12063.0,0.0340418277,50923.0,1180.090909090909,0.0364374331727272,36.836334309090915,62.99464497435898,41.79759453846154,1.4263348205128206,71.18567598717948,652.1848747183394,4158.200309587867,0,-1.7021625491543653,17.66011414077362,1.2224864021720026,3.3526563399811287
358,FLORIDA,JEFFERSON,12065.0,0.0318890815,59967.0,760.6666666666666,-0.017954948,6.759364253333334,62.169977300000006,-871.5498822727272,-907.8436243636364,-847.2604262545455,655.1830281118276,4567.100662451211,2,-0.008940965116046593,47.970830691185796,5.2226193730733375,10.995646048957317
359,FLORIDA,LAFAYETTE,12067.0,0.0331125828,58096.0,623.5,0.10101710805,2.22882455,63.15167266666666,36.863318166666666,0.2356901666666666,,642.2116552294129,5346.614025245442,0,-1.2770135162123137,23.462270133164235,3.8548469317684306,5.000110713303751
360,FLORIDA,LAKE,12069.0,0.0311542275,70784.0,12781.82142857143,0.0203384501598214,431.31589219892857,68.72187745270271,35.25021778378378,1.6869428851351351,67.07004204324325,658.8604970662641,4654.700778375539,1,0.3982619506231551,56.9435637285986,1.4337356580213947,1.4337356580213947
361,FLORIDA,LEE,12071.0,0.0317700454,71811.0,30416.766467065867,0.0328028533690909,672.4116727222892,69.28102574509803,-7.794955634241247,-35.07466751361868,33.20942478774319,660.7339847638813,4672.9374275717955,1,0.7708605693614667,65.72606214331009,1.4108746997365964,1.4108746997365964
362,FLORIDA,LEON,12073.0,0.0310566309,66063.0,66870.80882352941,-0.0036159188249999,1350.9084926307353,76.19122046892656,-192.37901870056496,-222.95805190960456,-156.42851416158192,677.0443902219024,4677.367604543591,1,1.8132905729844397,85.85922637920102,2.6409132341701556,2.6409132341701556
363,FLORIDA,LEVY,12075.0,0.0351007363,53214.0,873.1111111111111,0.0098966374777777,13.710904812222225,64.06184735714285,-301.77344468965515,-343.7023711724138,-273.7415678034483,651.4603691562107,4121.258835727145,2,-1.279262462534259,23.398858592263792,2.83461951891739,4.973173744634229
364,FLORIDA,LIBERTY,12077.0,0.0327930645,51523.0,953.0,0.02323058,3.3313582,62.25331933333333,38.47172233333333,1.3189448333333331,64.05478858333333,642.7558712121212,3927.5327651515154,0,-2.2876973717280085,10.46290424857324,1.4772005754350728,4.046965975607471
365,FLORIDA,MADISON,12079.0,0.0325749099,52713.0,1395.2,0.0070774804,21.188779964,65.56979375,40.872712375,1.052030375,77.64890265,644.2876538203167,4089.6118191523456,0,-1.684807815629341,17.94546607482562,1.0705907589673982,3.276694824643412
366,FLORIDA,MANATEE,12081.0,0.0304125497,79213.0,36792.57692307692,0.022126054975641,935.3563642115384,72.07907336231884,-14.3048319375,-45.195703572115384,25.55797098701923,660.8316767542175,4097.834356700011,1,0.902041881049626,68.42105263157895,1.1964732421954667,1.1964732421954667
367,FLORIDA,MARION,12083.0,0.036371422,58584.0,18159.873015873018,0.0119242636131147,360.1595013126984,65.90979594219654,-75.8748356,-112.39466323428572,-42.93948272571428,654.1672194804988,4262.996513707419,1,-0.33731436372679857,40.71020925808497,2.1558324134749647,2.1558324134749647
368,FLORIDA,MARTIN,12085.0,0.0289105608,76430.0,26709.17142857143,0.0176141219611764,800.9457752617647,71.88913629347826,-184.03170364893617,-205.67574484042555,-147.78057063829786,671.3332444411795,4513.698249491467,1,1.4654208601590422,79.67660114140773,2.261183102568507,2.261183102568507
369,FLORIDA,MONROE,12087.0,0.0191201523,85639.0,4597.733333333334,0.0073848089682142,1006.5906454284138,76.63426014666666,-238.4460890394737,-256.81860234210524,-199.18571539605264,664.7458492515481,4976.981737150904,1,2.1848247801951937,90.96385542168674,3.278618357885159,3.278618357885159
370,FLORIDA,NASSAU,12089.0,0.02828114,92766.0,4979.5,0.0191528745499999,228.78376829083336,70.9038406923077,-226.083242925,-245.11247992499997,-187.6383242575,650.3380194421803,4598.404451829606,1,1.1717058595903516,74.19150285351934,3.1803573475377362,3.1803573475377362
371,FLORIDA,OKALOOSA,12091.0,0.0261515375,81990.0,19402.95238095238,0.0032553604980487,964.145316544878,79.06168930434782,-144.82617452991454,-166.85132126495728,-104.64193992905982,672.2680365039943,5085.326158210221,1,2.3625858646296254,92.73937856689918,2.125016724007879,2.125016724007879
372,FLORIDA,OKEECHOBEE,12093.0,0.0321262972,54297.0,3978.1666666666665,0.009622135,100.79591761818182,63.9425332962963,-316.64936592857146,-355.70887089285714,-290.79100083214286,649.094118955553,4370.1066067105085,2,-0.5378006900473635,36.87381103360812,2.532247819877446,4.586651195912495
373,FLORIDA,ORANGE,12095.0,0.0284348175,78487.0,138171.62801932366,0.0181112737313106,1637.5647097174756,76.33707050802138,5.819714826666668,-22.347671093333332,44.3483548312,665.2307868285269,4948.847921525118,1,2.056639819679908,89.28344958782498,1.806345041244689,1.8063450412446893
374,FLORIDA,OSCEOLA,12097.0,0.0336966372,76416.0,26458.024390243903,0.0447059093804878,430.3260747821952,70.73278047368422,34.223401,1.543218407894737,67.35805119999999,663.1848382518594,4634.717831626783,1,0.8175723889026993,66.86746987951807,1.4457684598185416,1.4457684598185416
375,FLORIDA,PALM BEACH,12099.0,0.0300809794,84789.0,76526.78635014837,0.0138450530377844,1289.305945826905,73.63931859474886,-84.07366128103837,-106.68001546952596,-47.39087055891648,669.9164713398221,4923.864683563832,1,2.0919798439786303,89.69562460367787,1.802396462689049,1.802396462689049
376,FLORIDA,PASCO,12101.0,0.0333108574,72065.0,19053.96992481203,0.0297034390608496,405.6848957172933,67.26013459283388,2.2901474448051933,-30.78487971753247,33.895529641233765,660.805989469351,4567.988745264883,1,0.39872507106431343,56.97526949904883,1.4698818600527974,1.4698818600527974
377,FLORIDA,PINELLAS,12103.0,0.0278225968,70684.0,84571.52653061225,-0.0019007458287704,1585.3812752991803,73.76527611961056,-9.194298386962553,-38.0867155742025,30.60715742552011,664.7807812652576,4958.935584444214,1,1.6235653244575712,82.78376664552948,1.7597652176315168,1.7597652176315166
378,FLORIDA,POLK,12105.0,0.0365104436,66709.0,26963.20779220779,0.0140639598688888,753.9008900868181,68.30342871601209,36.56873789123867,1.7230305256797582,67.93417870543807,651.7841018443452,4298.293916226535,1,-0.013743722520890955,47.84400760938491,1.6795306967253045,1.6795306967253045
379,FLORIDA,PUTNAM,12107.0,0.0397435443,51585.0,3104.294117647059,-0.01142453828125,172.27784317058823,61.009860366666665,-120.15595326229509,-163.27656231147543,-91.88563750327867,648.3518168655328,4674.04645788727,0,-1.1060521207288423,26.12555485098288,2.7964371531003023,3.441268943661773
380,FLORIDA,ST JOHNS,12109.0,0.0266243556,106281.0,15316.8,0.0367450813102564,524.841117123077,76.6342356,-221.38556119512197,-235.81480208536587,-186.89366535731708,672.2373642275028,5257.359095442018,1,3.0027816319749494,96.6708941027267,3.4844940932855186,3.4844940932855186
381,FLORIDA,ST LUCIE,12111.0,0.0351277916,66876.0,21238.613636363636,0.0062638904381818,521.7616028136364,68.28117097841726,-104.56788275177306,-140.38717762411346,-72.86683208156029,659.8633352617923,4288.66061038847,1,0.2869833137315321,54.629042485732406,1.866886403787776,1.866886403787776
382,FLORIDA,SANTA ROSA,12113.0,0.0284344942,87581.0,7565.4,0.0378177423376,224.88666022,73.89006577922078,-104.80990205128204,-124.84162928205129,-75.32755337692308,666.5332627732403,4856.034472956146,1,1.5301197356766596,81.13506658211794,1.887626556878996,1.887626556878996
383,FLORIDA,SARASOTA,12115.0,0.0301040659,78218.0,45069.77659574468,0.004451115587234,1028.828464787234,71.38122547808764,-9.825552142857145,-34.764005674603176,30.448066613492063,669.9655185316179,4189.816509318626,1,1.0846517082880838,72.35256816740647,1.201690812068612,1.201690812068612
384,FLORIDA,SEMINOLE,12117.0,0.0278176722,80698.0,77825.43023255814,0.006059392708372,1144.7326476511628,75.59358203829787,24.90681450638298,4.117643302127659,64.54565634638298,672.561587504107,4951.872973133267,1,2.02710688133165,88.80786303107165,1.5947579349439067,1.5947579349439067
385,FLORIDA,SUMTER,12119.0,0.0422217089,79334.0,7395.842105263157,0.0895053388,134.33497874210525,57.630929925,-452.59673426829266,-486.39059670731706,-424.15127162926825,649.9669769321489,4985.321038363379,2,0.31873622124576756,55.32656943563728,3.3948315825729134,6.51807267003555
386,FLORIDA,SUWANNEE,12121.0,0.0340361946,56009.0,1402.142857142857,0.0284225934714285,20.152805415714287,65.36263569230769,45.66665719230769,1.4525129615384615,74.76716011923077,662.568008287037,4118.901860027084,0,-1.3121878082805847,22.89156626506024,1.0136064995003364,3.0167471280416702
387,FLORIDA,TAYLOR,12123.0,0.0340304856,50556.0,1452.25,-0.00320172745,31.22287765,65.2789312631579,-457.48864274999994,-498.4011056000001,-431.41542625499994,639.1670267689367,4223.92706386414,2,-0.9793804105420744,28.4717818642993,1.9887536093369667,6.382362739925568
388,FLORIDA,UNION,12125.0,0.0297373562,60843.0,752.3333333333334,-0.0130710806666666,8.072066099999999,56.72895333333334,30.59308488888889,0.3956856666666666,66.95070182222223,645.6930019736942,3296.8192058223976,0,-2.579197621283542,7.5142675967026,2.233734451276053,4.474604311549469
389,FLORIDA,VOLUSIA,12127.0,0.0326890394,66111.0,26155.743362831858,-0.00306187056,650.8531946858408,68.96803906597222,1.0665128131487869,-32.3584042283737,32.398502012110725,661.0286289841008,4727.232723714361,1,0.5507690635436321,60.81166772352569,1.5463007955133936,1.5463007955133936
390,FLORIDA,WAKULLA,12129.0,0.0274456353,72916.0,1169.0,0.022865645,16.6322963,73.59156014285715,-643.1064249333334,-665.506538,-613.5952692733333,662.7910439284718,4062.357246472048,2,0.7727287258047152,65.78947368421053,2.51230726144794,7.956462399239138
391,FLORIDA,WALTON,12131.0,0.0278310399,82259.0,2708.4545454545455,0.0193012978818181,133.68017371272728,71.55793329545455,-188.57711442222225,-218.81997195555556,-159.25422155333334,662.44449634037,4373.343711790996,1,0.7718047923630968,65.7577679137603,2.739787766732449,2.739787766732449
392,FLORIDA,WASHINGTON,12133.0,0.0328633736,54678.0,1689.857142857143,-0.026097901,27.874696519999997,61.079978133333334,38.733405133333335,0.7897959333333334,72.90151444,662.3632151666297,4597.4946421142095,0,-1.2253728308859793,24.28662016487001,2.1353622168528767,3.4189759588163944
393,FLORIDA,MIAMI-DADE,12086.0,0.0182001376,72030.0,174582.84555984556,0.0227608161953203,4388.226537954054,71.70370674619289,-102.98011315307404,-133.068739076537,-68.06379050081556,672.866105313338,5968.044228831687,1,2.957956960598023,96.44895370957515,3.5950192279313407,3.5950192279313407
394,GEORGIA,APPLING,13001.0,0.0336334472,51054.0,2008.8,0.03374796116,28.612576024,69.56060107142856,40.849678999999995,0.6390910714285715,70.30044092142857,643.5866543388182,3576.19219957614,0,-1.7378198693215152,17.184527584020294,1.107848520093832,3.247117469788395
395,GEORGIA,ATKINSON,13003.0,0.0309278351,44890.0,618.0,-0.1167202861333333,4.407651841,69.5695595,52.61597333333333,0.4734848333333333,77.24989955,634.1513547794118,2911.7607720588235,0,-2.906779079723578,4.438807863031072,4.613788939961403,6.173643563318019
396,GEORGIA,BACON,13005.0,0.0293476105,48915.0,1204.0,0.0127272603,16.676754833333334,66.96589533333334,46.711475,0.9277193333333336,70.78485785555556,632.3743849500395,3213.994850904288,0,-2.4216554825882075,9.004438807863032,1.7434902842080116,4.05723582524882
397,GEORGIA,BAKER,13007.0,0.0378927911,47850.0,199.0,0.039436184,1.22001622,48.7973545,56.31881425,1.858803,84.91311454999999,643.0500000000001,4045.75,0,-3.604399743671405,1.6487000634115407,3.0788065297007883,5.691724630984698
398,GEORGIA,BALDWIN,13009.0,0.0416690614,51206.0,6126.444444444444,0.0361247993888888,283.2735036222223,58.18419025806452,48.098700838709675,0.7673344193548387,73.89073439032258,661.4233906169844,4631.024419044206,0,-1.1839918404716476,24.98414711477489,2.3604848094156416,3.124814620454835
399,GEORGIA,BANKS,13011.0,0.0219206681,70067.0,870.25,-0.004435278575,14.6057041,69.84540528571428,38.625656,1.8429762857142855,77.6424201,668.9454810488844,3631.035777482842,0,-0.6792023663662624,34.11540900443881,2.168765934317725,3.1819994483546163
400,GEORGIA,BARROW,13013.0,0.0276126909,72075.0,9501.722222222224,0.03762099685,150.4624130777778,73.03567397058823,29.04107773529412,1.009028205882353,73.0573677735294,651.8722235837733,4159.312499884217,1,0.19019640984376895,52.377932783766646,1.6203479994534207,1.6203479994534205
401,GEORGIA,BARTOW,13015.0,0.0307770595,78771.0,8873.266666666666,0.01390875812,138.68534772,71.77490308163266,30.78888626530612,1.6029198367346935,72.96650346122449,656.6937169438303,4279.235486250709,1,0.340918193706543,55.77045022194039,1.3408374019213454,1.3408374019213454
402,GEORGIA,BEN HILL,13017.0,0.0432480141,40325.0,3095.4,-0.04984348812,53.345250778,58.6502634,53.778475666666665,0.5677024666666667,80.81667608,639.903157376046,3295.756414127942,0,-3.0476697811700104,3.4559289790741916,2.7405187025632856,4.705607489559528
403,GEORGIA,BERRIEN,13019.0,0.036856299,50581.0,547.1666666666666,-0.0152971907333333,9.043541133333331,62.7469408,49.12217006666666,0.2105116666666666,88.06302593333334,630.2612608056535,3642.06041080648,0,-2.816890978716833,5.23145212428662,1.8262993789902477,4.431090162037474
404,GEORGIA,BIBB,13021.0,0.0395883796,51569.0,35373.90909090909,-0.0086028244586363,842.6328641818181,64.99099713492063,47.698157055555555,2.241790238095238,81.46819160158729,651.6658500969185,4162.120377315023,1,-0.7452006249388637,32.974001268230815,2.624982230804591,2.624982230804591
405,GEORGIA,BLECKLEY,13023.0,0.04199916,58877.0,799.0,0.0772689979999999,18.968465266666666,55.26638875,47.567178625,2.522430125,68.3896169625,641.2131781756832,4026.445715970805,0,-2.534637613082664,7.989854153455929,2.5341058934536207,4.5636736720883775
406,GEORGIA,BRANTLEY,13025.0,0.0347837588,57325.0,743.6666666666666,0.0489491879,3.9087669333333337,65.94745166666667,40.599551222222225,0.3085038888888889,70.76045398888888,628.8894301994302,3068.5859864672366,0,-2.750328805868018,5.738744451490171,2.1935782371567867,4.586447518338997
407,GEORGIA,BROOKS,13027.0,0.0339496817,46796.0,854.8,0.02260235484,8.905915794,68.70869946666667,46.0732284,1.9936194,73.22793884666666,632.7898465906738,4012.4124367207696,0,-2.127651627337359,12.365250475586556,1.4194820968371957,3.8497654431173354
408,GEORGIA,BRYAN,13029.0,0.0263544626,97746.0,2057.0,0.1055120182142857,98.59353193,75.74356692307693,-691.8385375,-711.3387356428572,-658.5386159,669.4646287360375,4574.224905418267,2,2.455828517461498,93.40519974635384,4.455526024969826,8.820625057253938
409,GEORGIA,BULLOCH,13031.0,0.0335186941,54787.0,6430.833333333333,-0.012976119525,278.4255468333333,70.48949026190476,46.468593380952385,1.2466210952380952,72.03740756190476,654.4340571803681,3796.4838949142672,0,-0.809864175855454,31.420418516169946,1.8624240908811454,2.312957540804435
410,GEORGIA,BURKE,13033.0,0.0552038209,51388.0,1308.8333333333333,-0.0021984247999999,8.81740197,58.5735418125,48.728092125,0.27365225,74.7079250875,646.3358862476863,3680.897123336953,0,-3.0383178134058135,3.551046290424857,1.812915581085992,4.4502151655100155
411,GEORGIA,BUTTS,13035.0,0.0294117647,59622.0,3347.0,0.0237040156666666,37.98075573333333,69.16907564285714,28.557245428571427,0.8387032857142857,59.0464137,637.6828399292475,3874.925788741723,0,-1.1979271537088052,24.79391249207356,1.43826096812289,2.7896712225553175
412,GEORGIA,CALHOUN,13037.0,0.027753686,41260.0,526.0,0.029928611,3.6397185,62.9485005,51.41230466666667,2.2916525,78.38367781666666,641.1447979016168,3921.604881894278,0,-2.5476387101843305,7.7996195307545975,1.9884998235256883,4.508061666833196
413,GEORGIA,CAMDEN,13039.0,0.0302694066,72185.0,3577.6,0.019689330886,83.832169635,74.27270308333333,-772.8979722400001,-798.43791476,-732.306333768,656.3693472785205,5039.987658406433,2,1.8027180669980387,85.73240329740013,3.7935556512326576,9.281479207782759
414,GEORGIA,CANDLER,13043.0,0.0246584472,49332.0,828.3333333333334,-0.0043903396666666,9.895607766666666,71.110475625,44.26329975,0.856999875,74.0110426,642.9773556427047,4153.3931769361225,0,-1.4258399755194358,21.2428662016487,1.8704189170090364,3.6017172171299427
415,GEORGIA,CARROLL,13045.0,0.0328049431,71083.0,8221.588235294117,-0.0014558733588235,145.97587372941177,71.49769411320754,35.01615669811321,2.004508924528302,63.64117251509434,662.3956078491223,4299.804598594445,1,0.15070392362668109,51.33164235890932,1.3604529471090248,1.360452947109025
416,GEORGIA,CATOOSA,13047.0,0.0266689857,70315.0,16497.81818181818,0.0165574516181818,144.1204920909091,73.1578921764706,31.396147529411763,0.7786043529411765,65.08836353823528,657.2064015617696,4423.788960658386,1,0.5147896732552187,60.1141407736208,1.3154879309304544,1.3154879309304544
417,GEORGIA,CHARLTON,13049.0,0.0307753008,52191.0,1040.0,0.09572572915,2.41783756,64.09437766666666,38.2345185,1.4176236666666668,70.75447143333334,635.6850744393896,3882.005737021942,0,-2.2348580011264936,11.097019657577679,2.9185033231654383,4.7685941209815415
418,GEORGIA,CHATHAM,13051.0,0.0293543549,70556.0,50692.80281690141,0.0108458483270422,1729.389870128873,70.77070247783251,-59.95579094634146,-94.83447706829268,-21.80944558829268,658.5472710097398,4483.908768946017,1,1.0113582518722504,70.73557387444515,1.6110848099441673,1.6110848099441673
419,GEORGIA,CHATTAHOOCHEE,13053.0,0.0449973531,57550.0,2387.2,0.0265646145,95.81113526,76.9991161,20.248872499999997,1.0204082,61.37179145,664.8011213933759,4918.346906244852,1,-0.05380732746753869,46.86112872542803,2.2752003688865075,2.2752003688865075
420,GEORGIA,CHATTOOGA,13055.0,0.0368791302,51225.0,1718.6666666666667,-0.0302585390833333,38.74524700166666,62.90333586363636,45.61267727272727,0.8370275454545454,78.45727486363636,639.284413168199,3650.894129610606,0,-2.261197930297237,10.779961953075459,1.7714685590328172,3.825442116652165
421,GEORGIA,CHEROKEE,13057.0,0.0257117634,104220.0,22282.46153846154,0.0286780362807692,295.75295053461537,78.6190116,18.131977847058824,5.435882976470588,54.51601064117647,671.5761118794421,4934.220916770545,1,2.5026430871594147,93.81737476220671,2.1316091903619463,2.1316091903619463
422,GEORGIA,CLARKE,13059.0,0.033168832,54550.0,46199.9,0.01771476153,1878.8239705133333,69.210558875,48.30341609722222,3.2849820833333334,71.70140168611111,669.6661672919711,4579.441326745859,1,0.4625030193774293,58.78249841471148,1.9881682884408625,1.9881682884408625
423,GEORGIA,CLAY,13061.0,0.0775969962,37858.0,639.0,0.0091391513,3.2551785,60.17802533333333,58.762488999999995,0.0,86.1682485,636.475,4929.75,0,-3.5326882020054837,1.9340519974635384,3.9258295979174713,5.964292546357426
424,GEORGIA,CLAYTON,13063.0,0.0409614344,57974.0,63900.32,-0.0102831359386,722.6738648679999,72.15776909600001,-43.628318444444446,-78.59582558730159,0.6613617238095281,654.4355324420424,4591.338928351176,1,0.35131341248732967,56.055802155992396,2.074447357388712,2.074447357388712
425,GEORGIA,CLINCH,13065.0,0.0282926829,45718.0,1133.5,-0.006010432,3.830940585,69.56695814285715,44.32119942857143,0.0,74.25477274285713,622.2272622811964,3186.1580000284316,0,-2.6874183439106885,6.087507926442613,2.3813968440324076,4.607628497833201
426,GEORGIA,COBB,13067.0,0.0282215754,99134.0,88640.98333333334,-0.0044439810075,1220.728680075,79.88940982571428,22.09438802,6.757965968571429,57.278196908285715,677.8775295109605,5012.943094860294,1,2.9303965277534547,96.25871908687381,2.272079273057099,2.272079273057099
427,GEORGIA,COFFEE,13069.0,0.0360216768,49804.0,2651.4444444444443,0.0009015844444444,77.36529368888888,64.05886762962963,43.98224785185185,1.8962636296296296,76.65143048888888,661.4321493242188,4110.907625201466,0,-1.3763617548322553,22.162333544705138,1.2086934164141785,2.872730320797257
428,GEORGIA,COLQUITT,13071.0,0.0284353679,47821.0,4568.8,0.01217375972,185.44314957,68.2191088,49.517349366666664,1.3148818,74.84704157333334,657.3135742014681,4326.082286133472,0,-0.7310355258280169,33.32276474318326,1.8450062995775782,2.4539505774561277
429,GEORGIA,COLUMBIA,13073.0,0.0300119732,97031.0,23860.35,0.02274062997,400.58166575,75.73596658181819,18.54041249090909,5.7493319454545455,56.46862441454545,674.3504497325447,4713.9831593343015,1,1.9831846055824314,88.142041851617,1.524742449704621,1.5247424497046211
430,GEORGIA,COOK,13075.0,0.0320752442,50258.0,869.0,-0.016854351,16.228038599999998,72.11545146666667,43.8023346,1.3456095333333336,70.72659759333332,630.1414499030521,4006.651094424432,0,-1.7862968617014927,16.328471781864298,1.8402203080169992,3.7153783355695698
431,GEORGIA,COWETA,13077.0,0.0291819184,93326.0,13154.7,0.015567014148,154.01373226,73.42765019298245,22.02233043859649,1.9973722807017544,62.41607515263158,655.6779412792372,4426.854205169282,1,1.0482618339688625,71.59162967660114,1.587025532419293,1.587025532419293
432,GEORGIA,CRAWFORD,13079.0,0.0322885196,61519.0,581.6666666666666,-0.0009616683333333,3.8460105,66.51103775,34.182245125,0.8017025,78.67459775,646.6616324716201,3145.664936549981,0,-2.254850191276343,10.906785034876346,1.8192906095634227,4.167207400333416
433,GEORGIA,CRISP,13081.0,0.0368682265,43174.0,1262.3333333333333,-0.0087530316666666,60.15930985,61.17491485000001,49.7250809,1.26942075,75.94338398,650.7032432657786,4054.874376967781,0,-2.1442880328357874,12.111604311984783,1.48323955481541,3.6925830408953417
434,GEORGIA,DADE,13083.0,0.0259850133,58644.0,1123.75,0.0292929975,17.30161995,75.530068375,34.26306025,1.89018675,65.5569362625,648.5311958180708,3580.0864545177046,0,-1.061998450556103,26.854787571337983,1.7499914597099382,3.1537055060968813
435,GEORGIA,DAWSON,13085.0,0.026174546,89330.0,2216.3333333333335,0.0302726564899999,63.788267333333344,73.6851489,23.2193575,4.1288166,64.44789162,650.3572433206107,3643.10004933271,1,0.024936377939352692,48.731769181991126,2.5404338529252293,2.5404338529252293
436,GEORGIA,DECATUR,13087.0,0.0343654601,50452.0,2412.8571428571427,-0.0028263359999999,51.80908972857144,63.07162295238095,50.181985142857144,1.6942128571428572,75.82665070952382,650.26940916819,4015.209219177773,0,-1.691925840933072,17.85034876347495,1.2089847213462415,3.164657935894567
437,GEORGIA,DODGE,13091.0,0.0383044642,46462.0,800.1666666666666,0.0436646095333333,10.735739335,64.64520076470589,41.54239052941176,0.2850221176470588,70.77891384705882,647.9455642777722,3737.8798250567343,0,-2.371474425492662,9.353202282815472,1.2391889360326749,3.967093246735617
438,GEORGIA,DOOLY,13093.0,0.0383006824,50396.0,957.6666666666666,-0.0077220471666666,5.975327,55.37107855555555,51.091019555555555,1.1051605555555557,76.83706155555555,651.20354139201,4154.589015605493,0,-2.546967271389798,7.83132530120482,1.9503681724297814,4.352794025071092
439,GEORGIA,DOUGHERTY,13095.0,0.0428428817,45863.0,23567.11111111111,-0.0127058514829629,657.2945432148148,65.29826855072464,51.07364094202899,1.570986492753623,84.97761375362319,647.9056338866848,4328.639964871968,0,-1.0410573163098598,27.42549143944198,2.700235816221638,2.9050668784898606
440,GEORGIA,DOUGLAS,13097.0,0.0344533851,79672.0,20328.1,0.01921463604,396.48647782,73.56313876363636,23.888719927272728,2.6369700000000003,65.7532279690909,661.1175442205292,4702.3087812582025,1,0.9946253897273595,70.41851616994292,0.9826490444741637,0.9826490444741637
441,GEORGIA,EARLY,13099.0,0.0387209593,43444.0,620.6,0.0036142679999999,8.40298234,59.212183153846155,49.95509046153846,1.9045636923076923,83.07795246153847,627.4303208012873,3343.340204821906,0,-3.4733652567726683,2.1242866201648702,2.0594706060729098,4.885259400754137
442,GEORGIA,ECHOLS,13101.0,0.0283997815,50311.0,322.0,0.0860582815,3.442661325,67.36226733333334,49.294766,2.1425443333333334,74.1324285,628.6021181630547,3170.831346749226,0,-2.802312747820585,5.294863665187064,3.1039315489700194,5.240690172768241
443,GEORGIA,EFFINGHAM,13103.0,0.0259295069,83900.0,2113.4,0.0446706431,31.87788876,75.72780363636365,23.434069181818185,1.423097772727273,60.5795419,652.8086326019984,4494.481148361678,1,0.485719566120827,59.3849080532657,2.3786707830945675,2.3786707830945675
444,GEORGIA,ELBERT,13105.0,0.0358146926,50367.0,1691.2,-0.0217425868,99.73018664,67.71083295,43.1078482,0.8074235999999999,75.43112395,647.8638468439343,3034.540052638407,0,-2.1021192452239283,12.809131261889664,1.9001604929969291,3.7110775715523205
445,GEORGIA,EMANUEL,13107.0,0.0420386484,46017.0,1082.0,-0.0330107061666666,9.280424746666666,65.98539944444445,47.55034327777778,1.3372226111111112,77.13796743333334,639.068043235844,3737.5705425954256,0,-2.5545880660456994,7.736207989854154,1.822708898456935,4.206354980951109
446,GEORGIA,EVANS,13109.0,0.0290296387,50831.0,811.3333333333334,0.07147882,22.826851233333333,70.8521279,39.3367002,0.6209314,71.33121872000001,625.4443706144292,3650.3273136916114,0,-1.9931059796946993,13.982244768547874,2.42133736138761,4.176809591222839
447,GEORGIA,FANNIN,13111.0,0.0281632318,60037.0,1047.2,0.04239725922,20.8144099,66.23465361111111,41.9445315,0.5806035,71.40655622777778,659.4885693231765,3764.262065662865,0,-1.3109392037263716,22.923272035510465,1.4574594001229444,3.2306646145081297
448,GEORGIA,FAYETTE,13113.0,0.0296879383,108579.0,17052.75,0.013861051578,290.21906159499997,77.73045285714286,15.3500326122449,8.206757673469388,46.75517206122449,689.2429131119762,5485.0455009714215,1,3.0491145915149622,96.89283449587826,2.7837177375947,2.7837177375947
449,GEORGIA,FLOYD,13115.0,0.0315469566,61058.0,13626.8,-0.009608310709,536.76806659,69.72974814285715,40.035070874999995,1.8580484642857145,78.72387927321428,658.469676201875,3984.075710369156,1,-0.22209496142858878,42.96131896005073,1.8455060161428785,1.8455060161428785
450,GEORGIA,FORSYTH,13117.0,0.0254172559,136347.0,33897.37777777778,0.0530719128648888,404.2875738666667,78.63081067592593,14.247696648148148,10.161507055555555,43.060628377777775,677.8060025581281,5115.2391165674535,1,3.7431232514220873,98.89029803424224,4.124339051085987,4.124339051085987
451,GEORGIA,FRANKLIN,13119.0,0.0322906155,53221.0,2175.0,-0.02647746226,38.028828832,65.3027123125,45.59997925,0.3039247499999999,72.03370714375,660.7360953921227,3612.809689337394,0,-1.5615250382036525,19.499048826886494,1.644143769866275,3.303439791158993
452,GEORGIA,FULTON,13121.0,0.0342526302,94510.0,207265.88235294115,0.0021244143821782,3972.847702176961,73.41134745387454,-41.69032647794118,-63.93103653308823,-10.159574626838236,670.5890459986066,4807.084650047375,1,2.425677308741078,93.31008243500317,2.407425391804134,2.407425391804134
453,GEORGIA,GILMER,13123.0,0.030829421,62317.0,1288.2,0.0299039426,42.738055942,69.903238625,38.856055875,3.329196375,74.234269375,664.9832569916914,4070.555281779368,0,-0.7097738026564417,33.63982244768548,1.3091398376655579,2.507010337524529
454,GEORGIA,GLASCOCK,13125.0,0.0339531124,54862.0,334.0,-0.010813969,2.2331986,72.164131,41.940887333333336,0.2192983333333333,74.05025226666667,638.645953525641,3006.2988053613058,0,-2.539197198054952,7.926442612555486,2.3088904995300648,4.639657892127214
455,GEORGIA,GLYNN,13127.0,0.0284459061,70067.0,11455.0,0.0120852803,420.6971830666667,74.04783205555556,-145.88272792727273,-177.87676472727273,-112.04546990363636,655.0060839016422,4101.454840453575,1,0.6052814744596917,62.428662016487,2.0364342017522428,2.0364342017522428
456,GEORGIA,GORDON,13129.0,0.029607978,64795.0,8693.111111111111,-0.0018343965444444,160.55823734444445,69.61829993103449,40.48590396551724,1.569475275862069,68.75011128620689,657.4338659699569,3914.0809910277103,1,-0.3540890578027787,40.48826886493342,1.867438708477076,1.867438708477076
457,GEORGIA,GRADY,13131.0,0.0306103633,52456.0,1143.6666666666667,0.018879283065,16.706873916666666,56.09361111764706,50.76214241176471,0.786236705882353,77.06890488235295,633.4532293899155,3338.690081469059,0,-2.9007857311481633,4.502219403931516,2.086876976507794,4.4978231904748025
458,GEORGIA,GREENE,13133.0,0.03323223,79890.0,878.1428571428571,0.0045474368714285,26.41752208571429,58.34546873684211,40.32796689473684,5.852972736842106,73.42013017368421,637.3625369996455,3652.2560151607304,0,-1.8233130152006205,15.852885225110972,2.247963013029691,3.856153220015188
459,GEORGIA,GWINNETT,13135.0,0.0286567188,84076.0,79332.9557522124,0.0111154600908849,977.6784775398232,77.19792808945687,22.667492731629395,4.089545482428115,60.903889865814705,679.9084993949003,5479.731656744581,1,2.630789722535227,94.73684210526315,2.174438388366326,2.174438388366326
460,GEORGIA,HABERSHAM,13137.0,0.0312129797,71753.0,4669.625,0.015659689375,83.1094954125,68.70160342307692,35.98897303846154,1.4732158846153849,67.62999108461538,661.2324464375072,3884.91166585682,0,-0.38937000433668556,39.69562460367787,1.6801497336433135,1.925288555204657
461,GEORGIA,HALL,13139.0,0.0240991961,78309.0,22131.194444444445,0.0155240716944444,544.6918394472223,73.59401353333334,27.60231068888889,3.822404255555556,69.92880442,661.078552892861,4518.119813343018,1,1.1573728735733124,73.93785668991757,1.1775390012087354,1.1775390012087354
462,GEORGIA,HANCOCK,13141.0,0.0546938776,40099.0,643.0,-0.067444735,2.53718475,45.40038271428572,61.234635857142855,0.0,87.82473535714287,628.4101481107092,4112.691053270738,0,-4.434052682066089,0.6658211794546607,4.321805258384886,6.587432473320695
463,GEORGIA,HARALSON,13143.0,0.0320774701,59384.0,1462.2,-0.00529176841,24.32270686,67.25498423529412,38.30467329411765,0.727034705882353,69.14199447058823,652.304870727806,4325.680922407179,0,-1.0881656845174694,26.379201014584652,1.3564377036805113,2.8778594165558364
464,GEORGIA,HARRIS,13145.0,0.0282313535,91977.0,1301.0,0.0456603938,8.5220546,72.4662810625,24.0967478125,6.5481125625,57.22752571875,668.4526329413909,4818.641184897293,3,0.69037237030862,64.07736207989853,2.5280724378009727,3.002607181074773
465,GEORGIA,HART,13147.0,0.0293932726,53100.0,1753.6,0.01624720918,23.84909174,66.57560157894737,42.478634684210526,1.526391,71.05068166842106,661.6273046301621,4377.916342902171,0,-1.0023015478305453,27.996195307545975,1.4092535616659245,2.8810119486847845
466,GEORGIA,HEARD,13149.0,0.0306008902,57670.0,656.6666666666666,-6.117899999999916e-05,6.343836133333333,67.228091125,38.383539625,0.767590125,72.97492075,633.1718381287999,3650.3210159063624,0,-2.1299154282942916,12.333544705136335,1.6404139879506388,3.9584156476270467
467,GEORGIA,HENRY,13151.0,0.0345797364,80908.0,16787.2,0.029390669564,243.48013004,75.27257274603176,20.819574190476192,2.412473095238095,61.78461568253969,664.8432431861893,4714.637659944748,1,1.1118667756709673,72.89156626506023,0.9873767126689919,0.9873767126689919
468,GEORGIA,HOUSTON,13153.0,0.0291281244,75266.0,19321.17391304348,0.0201422907695652,445.6472901913043,72.98096658108108,30.187435108108108,2.379405391891892,70.07606849054054,666.7783420413125,4722.047991802644,1,1.0830735694999292,72.32086239695624,1.0028974146237137,1.0028974146237137
469,GEORGIA,IRWIN,13155.0,0.0394736842,52918.0,821.0,0.02740349115,4.097581215,63.600466125,40.011839375,1.05840475,72.3331441875,636.6365018505006,3720.222469333531,0,-2.5840072198559323,7.419150285351934,1.340300171336294,4.148063923545518
470,GEORGIA,JACKSON,13157.0,0.0207291794,84439.0,4025.363636363637,0.0341668264890909,58.029470245454554,70.03757831034483,29.222184551724137,1.8340445172413793,60.01063511034483,655.807019704846,3597.4633155302145,1,-0.01455127331542896,47.78059606848446,2.577243011942226,2.5772430119422265
471,GEORGIA,JASPER,13159.0,0.028637983,67681.0,645.3333333333334,0.0082830827333333,3.62447865,71.58841214285714,34.87231371428571,1.8221717142857143,67.79090988571429,640.9806444699092,3351.847920203435,0,-1.6496389910852736,18.389346861128725,1.9791633071387142,3.8438783187685237
472,GEORGIA,JEFF DAVIS,13161.0,0.0427238501,47635.0,1474.0,-0.0155803403666666,19.40533202,66.1904259090909,40.90247027272727,0.7677811818181819,74.13849606363637,634.416427876109,3030.13343678336,0,-2.8770246692129264,4.692454026632848,1.864987961200166,4.301197270477333
473,GEORGIA,JEFFERSON,13163.0,0.0400837571,45829.0,1070.25,-0.0124148780825,7.1709681750000005,62.25142764705882,52.585729470588234,0.3580110588235294,80.81097928235295,662.2685639420822,4775.063323081928,0,-1.7162725395317324,17.43817374762207,2.0846341424118533,3.925618449640799
474,GEORGIA,JENKINS,13165.0,0.0497751124,42539.0,498.5,-0.103842635,2.044458295,68.18238712499999,51.721655875,3.0622445000000003,79.672994625,650.341651993463,4021.88859418806,0,-2.680481352562907,6.182625237793278,4.009991223357644,5.704887738712626
475,GEORGIA,JOHNSON,13167.0,0.0289396887,51602.0,499.6666666666667,0.1272984266666666,6.236971213333334,62.006394,42.944488625,1.22090925,74.01705026249999,643.2829467408585,3227.2003075869984,0,-2.6402218920135025,6.7850348763474955,3.8576786032946444,5.6159997690744685
476,GEORGIA,JONES,13169.0,0.0308370044,65524.0,4510.833333333333,-0.0142059026,23.373924915,71.48436163636364,29.561735454545452,2.399354,67.21039476363636,655.2442302131024,3868.3120448282775,0,-0.6590622510024691,34.52758402029169,1.7083209123858905,2.442285468047062
477,GEORGIA,LAMAR,13171.0,0.0335097002,63622.0,1134.3333333333333,0.016385148,23.175742033333336,63.985514333333334,39.542542833333336,0.9732685,71.41361108333334,643.8676832765573,3506.8257395829655,0,-1.8873597834553144,15.250475586556753,1.2039663493218868,3.4477629993957457
478,GEORGIA,LANIER,13173.0,0.038247012,54586.0,528.5,-0.0434233795,6.597913295,71.53408628571428,39.34905671428571,1.7058634285714285,71.11848068571429,628.6605743361381,3009.2060418972274,0,-2.6920960936270113,6.024096385542169,2.692411193254946,4.7698690867444915
479,GEORGIA,LAURENS,13175.0,0.0409782224,56867.0,4825.2307692307695,-0.003647748176923,212.45803664,60.09017577777778,46.21518588888889,1.1534358055555556,80.75258244444444,662.2238843992006,4330.292751775809,0,-1.1665275391855103,25.269499048826887,1.8974550751492683,2.797834855579013
480,GEORGIA,LEE,13177.0,0.0284965387,80806.0,7681.4,0.1186554012,29.2674526,73.8620206923077,27.085731384615386,3.223259692307692,62.425273315384615,661.4309954570826,4478.044941455025,1,0.6316747113885407,63.03107165504122,3.5662708993375114,3.566270899337512
481,GEORGIA,LIBERTY,13179.0,0.032830016,57699.0,3715.266666666667,0.0220819922857142,132.87585722142856,74.74957167741935,-595.5308380937499,-623.57973221875,-563.35909343125,654.6821727411586,4936.019323487696,2,1.0573107620256803,71.78186429930248,1.988733901228968,7.285836810888167
482,GEORGIA,LINCOLN,13181.0,0.0380434783,58502.0,642.5,-0.0266389694499999,5.63578355,65.69177214285715,45.78857671428572,0.3788107142857143,71.5771773,641.463315121816,3779.591842270587,0,-2.201175303500435,11.318960050729231,1.7266658957695111,4.036574980248822
483,GEORGIA,LONG,13183.0,0.0321399031,63146.0,302.0,0.0742700234,1.6091614466666666,67.52104833333333,,,-1369.271865842857,662.7251971282034,5069.200113035721,0,-0.7760831680923115,31.92771084337349,6.906413084629885,7.47647606361061
484,GEORGIA,LOWNDES,13185.0,0.0348118253,54984.0,21367.44,-0.0005753273836,800.2137337080001,72.3492713188406,39.96940565217391,2.0296757971014494,77.61313590724637,660.61345593451,4568.145590686619,1,0.20772488001519818,52.790107799619534,1.713558475837116,1.7135584758371158
485,GEORGIA,LUMPKIN,13187.0,0.0265878061,72676.0,1812.5,0.0605403912999999,32.054035174999996,75.57608375,38.25992875,1.5756025833333334,67.06217766666667,653.8896734539653,3910.0642783849344,0,-0.22420095888990757,42.897907419150286,2.3563159779938756,2.7060017758657624
486,GEORGIA,MCDUFFIE,13189.0,0.0486012328,53389.0,1191.0,-0.015947671798,39.75093164,65.778717,40.674639666666664,0.9831566666666666,83.59612274444444,654.695699074074,4173.941111111111,0,-1.809230858347533,16.0431198478123,1.3278848816930002,3.380285208942766
487,GEORGIA,MCINTOSH,13191.0,0.0304752882,56573.0,377.6,-0.0354220301333333,3.646090965,65.47409888888889,,,-1766.5200028909092,634.3256866849027,3995.425334767603,0,-2.099386376659735,12.872542802790107,8.203406601476976,8.968885913140248
488,GEORGIA,MACON,13193.0,0.0423617208,41895.0,651.5,0.044917474675,6.87642375,63.73896269230769,49.121465846153846,0.6199147692307693,79.38041157692307,669.6765457132982,4560.891091110396,0,-1.8704117452440843,15.472415979708307,2.009250490139029,4.092455316882565
489,GEORGIA,MADISON,13195.0,0.0289939535,65296.0,1070.0,-0.017732424,11.557623383333334,67.3176373125,36.0372289375,1.4417788125,75.54140019375001,664.808720325364,4320.566974631192,0,-0.775757028349419,31.959416613823716,1.914895787309193,3.0749597433141465
490,GEORGIA,MARION,13197.0,0.0362790698,51270.0,489.0,-0.002410275,3.592378985,60.402641,49.639535,0.4234528,87.23776855999999,641.2513296172764,4102.137149481013,0,-2.55360021444265,7.767913760304375,1.7660418517641276,4.369631408894487
491,GEORGIA,MERIWETHER,13199.0,0.0387323944,54428.0,1144.5,0.03947586575,11.745339225,66.9157243,41.2128683,0.8100341500000001,70.46712379,627.952948130187,3697.932555446515,0,-2.3212110445154988,10.082435003170577,1.4438768075220376,3.8818505415298046
492,GEORGIA,MILLER,13201.0,0.0265580737,50799.0,547.3333333333334,0.0114922995666666,9.243281886666669,64.3600888,45.392778,0.8677968,82.3532318,629.1626104355884,3808.02333506635,0,-2.3515704076388064,9.765377298668358,1.8994082539588353,4.229881233367393
493,GEORGIA,MITCHELL,13205.0,0.037327361,48774.0,2466.6,-0.007070724072,20.99793426,61.74274547058823,46.25169911764706,1.0530399411764706,76.00766395294119,636.4006260311621,3527.1784347796533,0,-2.5198878729142984,8.18008877615726,1.510170073747915,3.901831429228884
494,GEORGIA,MONROE,13207.0,0.0294164163,80692.0,1613.2,0.0526314184,30.62899746,71.37659907142857,34.63234392857143,1.131276,71.50668797857143,655.9031026422313,4297.906173148063,0,-0.07423335093836363,46.41724793912492,2.3642899512406483,2.567512448765225
495,GEORGIA,MONTGOMERY,13209.0,0.0387697079,53248.0,467.0,0.0141871846233333,5.834932733333333,62.72722342857143,45.03475385714285,0.9183992857142858,72.68666838571428,631.9347329298267,3426.715494202677,0,-2.9525140045300615,4.058338617628408,1.6452739998918198,4.486787583009525
496,GEORGIA,MORGAN,13211.0,0.0280927572,69090.0,1296.0,0.03059335608,14.7975643,70.87272666666667,34.80589911111111,4.892997,71.7972747,662.9755252813557,4636.972608530662,0,-0.19465358666106297,43.627140139505386,2.0736866466790267,2.6416162861239187
497,GEORGIA,MURRAY,13213.0,0.0410375532,63836.0,3217.375,0.00166607225,83.9939742875,66.58922561538462,39.262141692307694,0.5011143846153847,71.84667281153847,650.7600365223726,3751.879121008446,0,-1.3218495640784738,22.733037412809132,1.0700921306921003,2.598996713413721
498,GEORGIA,MUSCOGEE,13215.0,0.0422735677,52492.0,50114.22641509434,0.0290303423541509,1205.744325754717,69.89647624,42.314572288,1.7974912159999998,80.0790888656,657.9934169070882,4646.195445440572,1,0.029856573644104278,48.82688649334179,2.2492780853624135,2.249278085362413
499,GEORGIA,NEWTON,13217.0,0.0380686757,76151.0,10806.923076923076,0.0374090860153846,172.6740070076923,71.69734661764706,26.85192832352941,1.5768959411764707,57.72417415,660.5753651927167,4159.560926866898,1,0.14762720637186474,51.268230818008874,1.4015258557263675,1.4015258557263675
500,GEORGIA,OCONEE,13219.0,0.0243178834,114230.0,10070.0,0.0228033078733333,82.33664891666666,76.5876175,19.069512714285715,6.920399071428571,50.74678611428572,686.2622779793049,4565.651841038759,1,2.42205726166492,93.24667089410272,2.7430779854450114,2.7430779854450114
501,GEORGIA,OGLETHORPE,13221.0,0.0282725474,67249.0,417.5,0.010993954225,4.3773999224999995,64.96391088888889,36.82059022222222,0.6716986666666667,78.53086514444445,640.454088330441,3358.940139287116,0,-2.1060955786291453,12.777425491439443,2.012092844382234,4.189710569303867
502,GEORGIA,PAULDING,13223.0,0.0286458894,93773.0,9060.157894736842,0.0343545459421052,111.10356546315788,77.46090247826086,19.803444891304345,1.5985892173913043,62.40738789782608,661.5780506750611,4787.903422816448,1,1.5328632441683319,81.26188966391882,1.746663027301721,1.746663027301721
503,GEORGIA,PEACH,13225.0,0.0384098168,68464.0,5071.0,-0.0013827783333333,42.899811166666666,69.93854066666667,36.73183075,0.777086,71.860543875,653.3048367500156,3965.5585052219585,0,-0.7459065205853198,32.94229549778059,1.3981801249036283,2.1729630350892584
504,GEORGIA,PICKENS,13227.0,0.0274752475,78032.0,1828.8333333333333,0.0198120551166666,45.1321761,72.26377623529412,27.55502458823529,3.160765117647059,69.43297576470589,651.6186859452537,4101.563202468149,0,-0.18378513554045947,43.880786303107165,2.017089433119371,2.251899299489222
505,GEORGIA,PIERCE,13229.0,0.0305785124,56330.0,1002.25,-0.029668908225,12.880438865,64.18556124999999,41.03541675,1.2073105,70.93582694166666,652.6125599773515,3471.205785902599,0,-1.9845104145209929,14.04565630944832,1.8646598027806187,3.8845647864652117
506,GEORGIA,PIKE,13231.0,0.0272678476,80652.0,623.25,-0.0087758047499999,8.93624925,73.009303375,24.805330375,1.50696475,69.5654916875,651.1568142999553,4084.4065991777543,0,-0.4709585924941923,38.142041851616995,2.3860223072202515,3.175732407342049
507,GEORGIA,POLK,13233.0,0.0332313535,56271.0,2801.5714285714284,-0.0015151967142857,46.473166371428576,67.95001734375,40.0065349375,1.17439171875,71.529472825,651.6420198006774,3634.9549759201327,0,-1.4029344603996845,21.528218135700698,1.0755002495051662,2.8349396247719767
508,GEORGIA,PULASKI,13235.0,0.0350746269,46123.0,835.0,0.1769257359333333,12.738553519999998,60.85309933333334,42.85176911111111,0.3726287777777777,84.6077652,642.6921201354018,4102.632579357963,0,-2.2949510443555368,10.367786937222574,5.076457115352502,6.329781754009178
509,GEORGIA,PUTNAM,13237.0,0.0379817957,59068.0,1274.0,-0.00776604674,19.28640934,71.08509182352941,40.72334276470588,2.385356294117647,78.63632156470588,652.9697356433322,4637.936659544854,0,-0.8807231432750009,30.02536461636018,1.6244064187133986,2.8729407502891364
510,GEORGIA,QUITMAN,13239.0,0.0523415978,42480.0,408.0,0.0067775529,2.4663277,55.970380500000005,41.6506695,0.6542055,83.29839709999999,624.8000000000001,3103.5,0,-4.412456770332974,0.6975269499048826,2.821586965814434,5.750324389701312
511,GEORGIA,RABUN,13241.0,0.0300051073,60085.0,884.4,-0.00198114968,11.94259954,66.39574261538462,45.08953192307692,2.9466009230769235,78.69305596153846,673.7268800930391,4369.141683385249,0,-0.8515206349164178,30.81800887761573,1.7687382800795073,3.1296850522541266
512,GEORGIA,RANDOLPH,13243.0,0.0422354949,39926.0,848.5,0.087024802,3.9787536,55.39278171428571,46.72545014285714,2.4532551428571425,81.7449875,638.7349402694064,3869.560486432894,0,-3.3358633114902467,2.5047558655675335,2.9868345744151044,5.352965977847891
513,GEORGIA,RICHMOND,13245.0,0.0459049594,52073.0,44636.29787234042,-0.0070440673085106,1253.294274774468,67.80952074285715,-98.76067259285712,-141.23803767142857,-61.812827066428575,654.3506216692425,4412.735864584903,1,-0.21451953179561897,43.15155358275206,2.748321977890639,2.748321977890639
514,GEORGIA,ROCKDALE,13247.0,0.0372343896,76081.0,19680.0,0.001687601758,348.06902675333333,73.80893158695652,24.777400695652176,2.7765365217391307,67.0336525521739,665.6216673760349,4376.51784434379,1,0.6851643192878947,63.95053899809765,0.8843194241587516,0.8843194241587516
515,GEORGIA,SCHLEY,13249.0,0.0327255727,60750.0,458.0,-0.01720525,5.2334794,68.469621,42.506252,1.1401216666666667,70.9180107,631.7772727272727,4007.181818181818,0,-1.9321473196907506,14.648065948002536,1.9583908186615104,4.01657484648592
516,GEORGIA,SCREVEN,13251.0,0.0518398048,49034.0,614.0,0.0008135406,6.571842534,60.91743778571429,44.41337692857143,0.9625634285714284,70.39995002857142,646.4657740134444,3751.53603922608,0,-3.004463760638712,3.741280913126189,1.5888015915692237,4.4639308426673825
517,GEORGIA,SEMINOLE,13253.0,0.0377358491,49423.0,666.0,0.01843444296,26.1756905,60.17870355555556,50.969262444444446,0.9426920000000002,75.74509472222222,646.1876840828099,4620.658939026157,0,-1.9836629669881516,14.077362079898542,1.7471064034002903,3.8547728227843905
518,GEORGIA,SPALDING,13255.0,0.0359335682,56834.0,12396.416666666666,-0.0256845264583333,245.133247925,64.26060097142856,41.56573205714286,1.3341462857142858,72.90097917714286,656.6103155042053,4559.346992439848,0,-0.5619150298660813,36.30310716550412,2.531635483515368,2.5541121483006153
519,GEORGIA,STEPHENS,13257.0,0.0362186569,50685.0,4757.8,-0.0081084966,114.9379446,67.68911638888889,45.076648000000006,1.8133950555555556,84.60198551111111,668.5889170272407,4474.943260623411,0,-0.6517764231381113,34.78123018389347,1.8357174006055534,2.407138862500728
520,GEORGIA,STEWART,13259.0,0.0329020333,41227.0,501.5,0.043450153,2.5480957,57.546498799999995,50.5440674,0.389555,86.7516266,633.1307411971198,4371.478035893845,0,-2.8856817464704796,4.660748256182625,2.536055096372002,4.962304673008834
521,GEORGIA,SUMTER,13261.0,0.0452466514,43835.0,3240.5,0.0163013937999999,191.8517874125,68.09468423076923,46.230621538461534,0.5850820769230769,75.25519737307692,655.381133358565,4008.9073744020498,0,-1.5639202260469485,19.435637285986047,1.3091923288072649,2.908908512148865
522,GEORGIA,TALBOT,13263.0,0.0328505828,41656.0,209.66666666666663,0.0541458937333333,1.5876878333333335,61.70845933333333,56.288511166666666,0.9616395,80.52475738333334,632.14907987124,3661.866637572282,0,-3.2851819609530084,2.7266962587190866,2.589716538139967,5.27946998978345
523,GEORGIA,TALIAFERRO,13265.0,0.0379061372,46469.0,172.0,-0.033115994,0.82730412,56.24906000000001,60.17048966666667,0.755124,87.2369461,664.9,3447.722222222222,0,-3.293351616520213,2.6949904882688647,2.931560051829638,5.497329927424564
524,GEORGIA,TATTNALL,13267.0,0.0317885048,48998.0,1123.8,0.1429937388,12.59411912,62.7155585,42.7012915625,2.7264419375,70.6893828,632.7313020425003,3377.2076885050783,0,-2.599340437492723,7.228915662650602,4.176073748899478,5.705502897976678
525,GEORGIA,TAYLOR,13269.0,0.041958042,44708.0,485.0,0.0579102073333333,4.36765989,59.65448071428572,52.409566142857145,0.6023558571428572,79.47128078571428,642.0462674101261,3750.243987330604,0,-3.0829578964962505,3.2974001268230815,2.072617713186141,4.801776408942964
526,GEORGIA,TELFAIR,13271.0,0.0655203083,42203.0,1352.6666666666667,0.0672696460033333,12.476161983333334,51.320553,59.3537917,0.3718095,82.99817277,633.8892586272214,3576.1455153946827,0,-4.1871657783192395,0.8243500317057704,3.4512984170627115,5.830870159350124
527,GEORGIA,TERRELL,13273.0,0.0445026178,45616.0,688.5,0.0083201337,8.6078094,58.927606100000006,49.7304619,0.2507837,74.78954696,628.204846042008,4077.8048973784826,0,-3.0890112272224473,3.2339885859226376,1.8784592039665386,4.591441942823445
528,GEORGIA,THOMAS,13275.0,0.0354028001,54989.0,5180.909090909091,-0.0025566446818181,311.01236169090913,58.09036308333334,49.76512672222222,2.26319975,82.79449272222222,652.9358215159714,4292.664153570382,0,-1.3190952032046783,22.764743183259352,2.1344651713890905,3.0359768245966405
529,GEORGIA,TIFT,13277.0,0.0288116967,53295.0,8532.444444444445,0.0282681076111111,211.37543262222223,70.02006561290322,43.33467067741935,2.1161551935483867,68.96472191612902,656.1990817712797,3700.34935437335,0,-0.7407936650437844,33.16423589093215,1.8900416303716432,2.31441234328851
530,GEORGIA,TOOMBS,13279.0,0.0377715602,48866.0,3861.6666666666665,-0.0106968069333333,126.1932629,66.83380608333333,46.484043791666664,1.853196625,78.78635025833334,658.4101462994144,4287.913372639176,0,-1.1111343004630194,25.903614457831324,1.564725244888216,2.6644932577504923
531,GEORGIA,TOWNS,13281.0,0.0417374424,60563.0,1449.0,0.009905882,20.02597486666667,71.07674425,40.366301125,1.248149,84.8743763125,690.4764748530602,4335.278985558254,0,-0.44435639935719484,38.712745719720985,1.8970636262661376,2.7296502075122078
532,GEORGIA,TREUTLEN,13283.0,0.042680644,45699.0,525.5,0.069791093,3.874730655,61.051306571428576,49.49708128571429,1.4456787142857144,70.1445198,638.1550219298246,3805.6506091617935,0,-3.0131255130958885,3.6778693722257447,2.2709523236161546,4.848173022425255
533,GEORGIA,TROUP,13285.0,0.0282921675,60839.0,11289.285714285714,-0.0109479831428571,246.66684227857144,70.02187168292683,40.28093292682927,2.2380013658536586,77.66159067560976,644.9928016355709,4231.601738384555,1,-0.3305766022008918,40.77362079898542,2.1093174529463923,2.1093174529463923
534,GEORGIA,TURNER,13287.0,0.0398162328,42769.0,1019.5,-0.024972742,7.94826385,63.33180877777777,50.495238,0.6273298888888889,71.0215221,629.6736670707708,3664.286232535828,0,-2.970781469460551,3.963221306277743,1.9959119967888566,4.536925426358977
535,GEORGIA,TWIGGS,13289.0,0.0489614243,50700.0,1635.0,0.0282572655,7.7249849,47.60384825,51.04628275,0.6426735,73.8594799125,627.878518115942,4077.3292006852903,0,-3.561599250307209,1.8389346861128724,2.9085267925839227,5.246668169323313
536,GEORGIA,UNION,13291.0,0.0276054862,65505.0,929.6666666666666,-0.01897479585,18.916558261666665,66.25588757142857,38.334083428571425,2.0847389285714284,75.73445264285715,685.6029291271116,4330.765328914526,3,-0.41243934012862027,39.25174381737476,2.372336609133432,3.1348389922474307
537,GEORGIA,UPSON,13293.0,0.0345538938,54439.0,2844.714285714286,-0.0198049715142857,73.46574761142857,64.7727890952381,47.42512528571429,0.3158113333333333,76.13929476190476,661.4623616360673,4752.220647042837,0,-0.7803760935108643,31.83259353202283,2.1019674539301634,2.8522139428351454
538,GEORGIA,WALKER,13295.0,0.0295661356,58363.0,8722.307692307691,-0.022549734216923,92.89088677076924,71.23009002173913,37.65033960869565,1.7166148478260868,68.5572376673913,649.630587828101,3549.3100222719445,0,-0.8622878688243795,30.53265694356373,2.1268707091953605,2.6437529333354868
539,GEORGIA,WALTON,13297.0,0.0295300636,79829.0,5267.0,0.0185352612066666,82.57179840666666,73.60691926315789,28.49541386842105,2.7430929736842105,69.6219831236842,647.3431475364612,3870.6216284657935,1,-0.055762181236656924,46.70259987317692,1.9220123189872265,1.9220123189872262
540,GEORGIA,WARE,13299.0,0.0332626557,40901.0,4515.111111111111,-0.0081168752055555,323.88428261,65.87767706060606,45.66783851515152,1.1376385757575758,75.76983700000001,660.8472318511543,4539.510558595559,0,-0.9360473445114642,29.105897273303743,2.244923702693212,2.889703139817116
541,GEORGIA,WARREN,13301.0,0.0408827786,48308.0,694.0,0.009942185,4.770058,59.18566833333333,48.059877166666666,2.2667875,76.14241155,630.6221744194132,3206.9176834548184,0,-3.4544456777359303,2.251109701965758,2.007372079467018,4.8692409247611455
542,GEORGIA,WASHINGTON,13303.0,0.0418197231,48809.0,1236.2,0.0038695437399999,19.10224858,60.8473574375,47.0633725,1.1901415,70.07913446875,635.1504459041582,3540.7902283485946,0,-2.8363772222253996,5.168040583386176,1.381855900865233,4.135510976241156
543,GEORGIA,WAYNE,13305.0,0.0329458985,55797.0,2713.1666666666665,0.0011140222666666,57.59629306666667,70.22489117391305,41.05003126086957,0.9013740869565218,68.54476224347826,654.9228193089123,3942.022546117328,0,-1.0146425429351345,27.742549143944196,1.089091135919109,2.4748746480992234
544,GEORGIA,WEBSTER,13307.0,0.0364741641,45036.0,268.5,0.039676405,2.38882233,71.12617850000001,50.051635000000005,0.6410255,82.36457444999999,651.0146042363434,3620.241678611244,0,-2.367864760368393,9.511731135066583,1.8440871344680845,4.42840450404435
545,GEORGIA,WHEELER,13309.0,0.0559311616,41163.0,661.5,0.05987111695,5.3673740500000005,43.78734716666667,51.385319333333335,0.0,79.027963,638.268951854067,4040.388344796651,0,-4.263243319993717,0.7926442612555484,3.703975995606837,6.146607508992005
546,GEORGIA,WHITE,13311.0,0.0230298874,66962.0,1378.8,0.04955402958,29.67350638,69.64100891666666,38.31843175,2.5923691666666664,64.20209216666667,673.0412960813202,5029.279896368045,3,0.3123195750244922,55.16804058338618,2.3760964529558497,2.901995691570204
547,GEORGIA,WHITFIELD,13313.0,0.0386681975,63111.0,24373.944444444445,0.0024662628166666,526.8467714055555,73.8707923802817,37.52878101408451,1.88459338028169,78.30891756760563,660.4899513084979,3933.194182272024,1,0.01132032196070492,48.31959416613824,1.5035940033074608,1.5035940033074608
548,GEORGIA,WILCOX,13315.0,0.0351591414,45726.0,292.75,-0.00689581325,2.8031425199999997,54.15063633333333,46.919712833333335,0.573144,80.20873135000001,642.1025602658859,3718.299915901241,0,-3.3785483427774547,2.3779327837666457,2.4570501154129887,5.183819409668258
549,GEORGIA,WILKES,13317.0,0.0372917218,48635.0,691.0,-0.0019315105,6.0195942525,60.431405727272725,54.390020909090914,0.7431853636363637,79.35328812727272,647.1433146057517,4341.146053937326,0,-2.293570748433444,10.399492707672795,1.6818911028346377,4.128110454774253
550,GEORGIA,WILKINSON,13319.0,0.0380418756,51498.0,948.0,0.0093012966666666,8.027397266666666,62.24989366666667,38.305121,0.92422,67.24864791111112,639.8910005130006,3796.555196680936,0,-2.4769184233668136,8.623969562460369,1.1732692825714326,3.969210124164736
551,GEORGIA,WORTH,13321.0,0.0323999074,50830.0,598.6,0.0099418135499999,8.521827348,70.60302173333334,39.994961800000006,0.9570590666666666,81.65688782000001,650.0412341809758,4122.868555627168,0,-1.577910304735423,19.27710843373494,1.2846122924965748,3.5036011014315487
552,GEORGIA,DE KALB,13089.0,0.0331510105,77722.0,146653.28275862068,0.000362885601862,1328.9186256186208,75.8334136092545,-22.149302866666662,-45.980097066666666,14.90668366051282,669.599636620735,5204.874549833728,1,2.136896284803823,90.4565630944832,2.019922215914732,2.0199222159147316
553,HAWAII,HAWAII,15001.0,0.0300803264,73092.0,6251.088235294118,0.0183765735969697,355.61566325454544,,,,,690.552814518266,4830.131573666707,1,1.3568806198692847,77.86937222574508,1.378105608360283,1.378105608360283
554,HAWAII,HONOLULU,15003.0,0.027077414,102382.0,99888.00411522634,0.0227673866275744,5242.286331682645,,,,,678.1623877498874,5241.127637377959,1,3.1186094305868575,97.05136334812936,2.745211755016275,2.7452117550162756
555,HAWAII,KAUAI,15007.0,0.0258524808,90084.0,4054.357142857142,0.013344092176923,157.57274347692308,,,,,683.1306839226066,5202.811006075213,1,1.859393435652145,86.5567533291059,2.0781992953749455,2.0781992953749455
556,HAWAII,MAUI,15009.0,0.0439533866,83764.0,9542.457142857143,0.0046558528117647,744.789914332353,,,,,690.2816399439404,4845.130556909614,1,1.4572054823616902,79.45466074825617,1.6020173059125562,1.6020173059125562
557,HAWAII,KALAWAO,15005.0,,,27.0,0.52647704,3.7528145,,,,,,,0,-1.0656774536046043,26.79137603043754,15.800138766262965,16.229408769927993
558,IDAHO,ADA,16001.0,0.027423875,90513.0,89525.71186440678,0.0145170232133898,1529.3743253237287,80.69636533727811,27.468876650887573,3.097530940828402,67.78462704733728,679.7276972245917,4265.698336734497,1,2.366701643680122,92.86620164870007,1.7373751804679816,1.7373751804679818
559,IDAHO,ADAMS,16003.0,0.0604925054,59829.0,435.5,0.02927838956,0.81932319,80.29004400000001,44.11748166666666,1.008878,83.38812513333333,696.3634706604442,3605.2687060230182,0,-1.2608541833608835,23.71591629676601,3.2774942982998065,4.610408879352228
560,IDAHO,BANNOCK,16005.0,0.0309485621,67371.0,20216.31818181818,-0.0154169826363636,957.7406469431818,78.91045534999999,32.79308771666667,1.0931391333333331,76.49664121999999,673.8296499518441,4133.09100719113,1,0.9967597887550805,70.45022194039315,1.32491056694636,1.3249105669463597
561,IDAHO,BEAR LAKE,16007.0,0.0284246575,67519.0,659.5,0.01344981275,1.317052495,74.78233585714285,35.68192285714286,0.0510204285714285,80.45576367142857,702.9663583491946,4238.528005213505,3,0.06470483435871678,49.429296131896,1.3998033147867546,3.6315372099870107
562,IDAHO,BENEWAH,16009.0,0.0501993901,60872.0,1548.0,-0.0036131385,3.88623335,73.055154,37.21561011111111,0.5940324444444445,85.12106493333334,668.1601674446674,3988.6832296937314,0,-1.2878197824405115,23.272035510462903,1.616007639146276,3.311855758771998
563,IDAHO,BINGHAM,16011.0,0.0306511803,73409.0,2398.625,0.0078860327375,43.7137380375,77.110842,30.1457264,1.4418182,61.30482101,675.5250935388384,4281.809863437017,3,0.4471472927326171,58.56055802155993,1.6937757421652313,1.7727074971705719
564,IDAHO,BLAINE,16013.0,0.0269840122,94471.0,2404.75,0.04785308425,7.119546475,85.87098338461539,24.633009307692305,5.007768846153846,64.16506929230769,713.8939865382259,4663.15255222372,3,2.346524438450357,92.58084971464807,2.163402526729939,3.5418298553511103
565,IDAHO,BOISE,16015.0,0.0421878832,74433.0,1047.0,0.022770749,0.56549025,72.30069775,34.677235249999995,0.53641725,75.527537325,681.2983382368966,4736.102992263267,3,-0.2571904031928854,42.232086239695626,2.1085622110614852,3.458980256631406
566,IDAHO,BONNER,16017.0,0.043449168,68030.0,1363.2222222222222,0.0010679357666666,312.8901578555555,73.42251551428572,36.069449371428576,2.429036114285714,76.92451816571429,685.7245766554942,4473.280742737935,1,0.15065572197440924,51.2999365884591,2.0893470953443147,2.0893470953443147
567,IDAHO,BONNEVILLE,16019.0,0.0260114279,74948.0,34253.57142857143,0.0328300459809523,1246.8663722985714,81.07406007352941,29.611820102941177,2.6347579264705883,71.62479709558824,686.0659422664398,4224.634360303461,1,1.8786192058758313,87.06404565630945,1.394051903786352,1.394051903786352
568,IDAHO,BOUNDARY,16021.0,0.046583288,65044.0,1534.5,-0.0054155209999999,2.2176852,68.65341822222223,43.273817111111114,1.3835206666666666,73.8371281,700.8222783963233,4898.186440866165,3,-0.2750411922587827,42.10526315789473,2.4383922866343255,3.6709165726382476
569,IDAHO,BUTTE,16023.0,0.0392976589,57678.0,452.0,-0.10089947,0.21867062,78.465332,36.580775333333335,0.8091183333333333,77.23152923333333,695.5183746438746,4605.690541310541,3,-0.3763684638665026,40.076093849080536,3.8446872263096648,5.3402658649008785
570,IDAHO,CAMAS,16025.0,0.0320855615,72175.0,230.0,0.0073431144,0.18985698,81.547619,30.066815,1.113586,81.9599075,712.3,3548.5,3,-0.0480111061709626,46.956246036778694,2.3904395725063123,4.556711120847782
571,IDAHO,CANYON,16027.0,0.0340411681,72059.0,21125.13793103448,0.0168849789448275,728.0559032931035,74.44840264285715,38.118175095238094,1.0301160595238097,72.71520251428572,676.2748890116931,4069.2691245370224,1,0.7796841939397405,65.97970830691186,0.8982118493440374,0.8982118493440374
572,IDAHO,CARIBOU,16029.0,0.0310035355,70183.0,1484.0,0.007272308,1.7054693,75.85147385714286,27.54782042857143,1.5242894285714286,70.17896325714285,705.0651325810103,4782.405998833609,3,0.6790729566053278,63.82371591629676,1.1252898649612102,3.353553511232852
573,IDAHO,CASSIA,16031.0,0.0264181524,68267.0,4867.333333333333,0.028777523,228.11683110333337,78.45095452631578,36.93279768421053,1.6600462631578947,78.71914733157894,691.3969703868199,4294.2537534788335,1,1.0928810790861374,72.51109701965758,1.5689802054739102,1.5689802054739102
574,IDAHO,CLARK,16033.0,0.0316455696,55625.0,185.0,-0.069266714,0.092393935,83.544304,38.513514,0.0,91.5540543,695.3000000000001,4743.75,3,-0.030953641515331375,47.305009511731136,3.0335679721592133,5.158662377628691
575,IDAHO,CLEARWATER,16035.0,0.0568347421,58757.0,1146.5,-0.0255151235,8.91182133,71.28340869230769,34.658154384615386,1.3720800769230768,81.73005911538462,679.248873404821,4622.905969366655,0,-1.027141429226394,27.552314521242867,2.5616260488162927,3.6736215001630983
576,IDAHO,CUSTER,16037.0,0.0376797224,58294.0,1043.0,0.020118492,0.25259402,78.36345675,35.761191249999996,0.08532425,67.32781505,705.8327380952381,4983.268601190476,3,0.30620958596534154,54.914394419784394,1.5782685075534908,3.935021974166515
577,IDAHO,ELMORE,16039.0,0.0326043738,64247.0,1332.0,-0.0054619990999999,9.053627336,78.4519740625,30.715642000000003,1.611036125,79.370179175,671.1641447166639,4542.291575304815,3,0.01762163416448883,48.57324032974002,1.5191725365154978,2.6619909018145833
578,IDAHO,FRANKLIN,16041.0,0.0268824771,80768.0,1458.5,0.008540576805,5.72468415,79.5072662,28.360328900000003,1.4174939,61.833094419999995,710.7269515461603,4987.669539876536,3,1.6110353064090293,82.62523779327837,1.147089826128544,3.2933412468135668
579,IDAHO,FREMONT,16043.0,0.0257483511,72061.0,808.3333333333334,0.0160632110333333,7.112825363333333,81.51831233333333,-742.8909343846153,-767.8168978461539,-706.7833900384617,710.5093025923588,4897.643751945222,2,2.57226521910646,94.38807863031072,4.409195026473573,9.379427688452616
580,IDAHO,GEM,16045.0,0.03783907,62479.0,982.3333333333334,0.0213839802999999,49.435571133333326,72.274561,39.83826941666667,0.3757995833333333,70.81626923333333,678.8354282987365,3561.2901963118397,0,-0.8626727674029127,30.500951173113506,1.4572143946758365,2.753542038729553
581,IDAHO,GOODING,16047.0,0.0301507538,65662.0,2598.5,0.01062261365,10.174723,75.70685538461538,34.79772815384616,2.1219446153846153,81.38457138461538,691.543127796083,4171.5117244530065,3,0.22456081783032797,52.94863665187064,1.3762704514875792,2.4942784608421804
582,IDAHO,IDAHO,16049.0,0.0400809717,57210.0,777.0,-0.00258060808,1.4845952598,71.86542786666668,41.143649933333336,0.4430446,74.5130333,691.0799922773397,4011.871700479748,0,-1.0030039410965828,27.93278376664553,2.1899668859626384,3.6867723331249556
583,IDAHO,JEFFERSON,16051.0,0.0256014409,81566.0,2367.75,0.021817883375,38.036149795,81.37713171428571,26.721783285714285,1.1172842857142855,60.01665389285714,691.4186202699651,3709.5345348017186,3,0.9613471700520102,69.75269499048828,2.016278048068142,2.413248819631857
584,IDAHO,JEROME,16053.0,0.0308299731,62543.0,2591.4,0.0270092875999999,225.47713513999997,75.38076240000001,37.96111733333333,0.6791014666666667,83.64166235333333,703.3162655229521,4400.013804346238,3,0.7890264707776645,66.3284717818643,1.9565230927636028,2.1232569833213817
585,IDAHO,KOOTENAI,16055.0,0.0362505411,75235.0,17931.68,0.0078705025839999,721.1678490756,77.47696810606061,29.364714106060603,2.4083675,73.79807108333333,679.0093461716605,4460.644830463457,1,1.2423883878936595,75.5865567533291,0.6603579511663173,0.6603579511663173
586,IDAHO,LATAH,16057.0,0.0269370022,63916.0,3572.0,-0.0009391770571428,68.9738753,83.66052674193548,36.89828751612904,2.114664580645161,75.25878377741937,695.0651047132127,4195.564861242752,3,1.0550274018490275,71.65504121750158,1.560991058364423,2.1965389563399094
587,IDAHO,LEMHI,16059.0,0.0378192534,57562.0,593.0,0.0032703603333333,0.9669949933333336,74.05819225,45.50625625,1.751245375,83.188070325,698.8223181826488,4092.1049034121024,3,-0.7074881137118793,33.70323398858592,1.9475063477049557,3.8407717046121554
588,IDAHO,LEWIS,16061.0,0.0342754059,53212.0,363.0,0.070808542,9.059938666666667,71.19660016666667,39.922206499999994,0.1186446666666666,81.01244736666666,678.4282329660007,3908.440415368402,0,-1.2323757686799763,24.032974001268233,2.3263633029600483,3.921821240615779
589,IDAHO,LINCOLN,16063.0,0.0390593862,65511.0,1462.0,0.041282117,1.1128637,77.010205,27.5701635,0.236593,80.47644425,697.3416312648856,4866.424825687757,3,0.31565970943799504,55.294863665187066,1.6321137382389546,3.480454962555189
590,IDAHO,MADISON,16065.0,0.0217454576,58236.0,9122.0,0.01636905495,1290.69555675,84.63335022727273,-412.4735945000001,-453.5437663181818,-384.9171374863636,720.4772453624184,5014.515650973081,2,3.2466576545150074,97.46353836398225,3.8871639846590194,5.719842030162732
591,IDAHO,MINIDOKA,16067.0,0.0272795528,68029.0,3333.6,0.0092542143599999,61.74647238,79.8133214375,30.84193475,2.844066125,78.88375498125001,689.8563538033306,4020.656869613259,3,0.7254287084489827,64.83830057070386,1.657768534178811,1.9468748273016068
592,IDAHO,NEZ PERCE,16069.0,0.0277662661,70340.0,9009.3,0.0046863910555555,520.8012913250001,80.2332491111111,33.07234255555556,1.3190768333333334,74.343753175,675.8629491054404,3885.4541191002177,1,0.9061055463004388,68.54787571337984,1.269913159030519,1.269913159030519
593,IDAHO,ONEIDA,16071.0,0.0300782859,67137.0,1011.0,0.024773076,0.78829324,72.23415733333333,35.811066333333336,0.4016063333333333,70.5076701,708.8157272215417,4442.746602257118,3,0.1470352463481532,51.204819277108435,1.6395163612510584,3.7145906011139087
594,IDAHO,OWYHEE,16073.0,0.0386750224,60701.0,746.0,0.0328554408666666,12.901467036666666,71.4424645,46.967501799999994,0.8972583000000001,79.50734480999999,689.3742429817152,3948.43085646274,0,-0.7644181015850634,32.308180088776155,1.8359505952388564,3.139124338775805
595,IDAHO,PAYETTE,16075.0,0.0381659615,67532.0,2477.0,0.009521388175,28.863487925,75.601338,37.4290756,0.7186020666666667,70.09853273333333,678.6536299948283,3790.135073906789,0,-0.2886908546175698,41.724793912492075,1.7276289491922956,2.213818045825369
596,IDAHO,POWER,16077.0,0.0382039196,68403.0,1649.5,-0.026485464,2.7098285549999996,78.80243114285715,23.01543257142857,0.3522504285714286,67.79895181428572,695.2874131842436,4154.982316791766,3,0.10888977331015849,50.507292327203544,1.8546824665499442,3.283697840092813
597,IDAHO,SHOSHONE,16079.0,0.0520851358,59937.0,1346.6666666666667,0.0123120546666666,13.470347713333334,72.81385688888889,38.91493238888889,0.3015213333333333,81.45913293333334,678.3425449324039,4560.184101983659,0,-0.7492831254879577,32.78376664552949,1.9686740726087892,3.0338130222995314
598,IDAHO,TETON,16081.0,0.0229479259,94895.0,2443.0,0.028317349,4.9259548,91.21175025,29.50728875,3.86550075,56.6678219,716.9399201185239,4463.331757596123,3,2.654934091168383,95.02219403931515,2.329273712980107,3.868928402893106
599,IDAHO,TWIN FALLS,16083.0,0.0320354301,66664.0,14692.142857142857,0.0151165497714285,728.3590376364285,77.88208249056605,34.77739701886792,1.4554313962264152,79.8176602735849,686.6326408490887,4687.519953377455,1,1.368596843538324,78.05960684844642,1.1045247959094513,1.1045247959094513
600,IDAHO,VALLEY,16085.0,0.0369905956,84024.0,1021.6666666666666,0.0114498826999999,1.9422320366666668,80.36461214285714,28.107108571428572,1.1313215714285714,74.1326632,697.2470835997442,4390.0217151534525,3,0.7342358960337876,64.99682942295499,1.4631877898248682,3.2795893079696663
601,IDAHO,WASHINGTON,16087.0,0.0402361688,57369.0,825.6666666666666,-0.0066860802666666,3.9045758033333335,73.3096195,39.5398818,2.299964,72.21590805,682.5300010768643,4151.997334511681,0,-0.8920221694868286,29.7717184527584,1.9072759055402413,3.3425467398153113
602,ILLINOIS,ADAMS,17001.0,0.0362895401,63424.0,18924.5,0.0054866291277777,1342.95821365,81.11577260655737,32.7593402295082,2.421042491803279,63.344904665573765,676.6788297787496,4797.260388016527,1,1.3693215445424358,78.09131261889664,1.3240918874142642,1.3240918874142642
603,ILLINOIS,ALEXANDER,17003.0,0.0629486472,45550.0,299.5,-0.04522982975,41.15702165,59.731472,55.943373111111114,0.3340678888888889,81.62921395555556,636.1404054584289,3829.095013677992,0,-3.5583184804915393,1.8706404565630945,3.0818236789390965,5.349781396937667
604,ILLINOIS,BOND,17005.0,0.042387429,66162.0,1138.5,0.0322494626,140.24599899999998,75.0206154,33.731623666666664,1.7296556,62.118738539999995,664.2883158508158,4143.311130536131,0,-0.45547709413255466,38.490805326569436,1.6112524245190216,2.19492999753396
605,ILLINOIS,BOONE,17007.0,0.0704750451,83129.0,10255.57142857143,0.0240961110428571,690.0753198428572,75.86962644444445,21.378664814814815,4.189285814814815,48.526800888888886,673.1618083393275,4159.268664204741,1,0.10705270149705584,50.47558655675333,3.1253543695175896,3.125354369517589
606,ILLINOIS,BROWN,17009.0,0.0235864297,76076.0,3861.0,0.1473430025,120.54820675,75.39123933333333,32.570315666666666,1.3217355000000002,61.720626833333334,694.09609375,4025.82421875,1,1.0319755615663462,71.33798351299937,4.424285989001303,4.424285989001303
607,ILLINOIS,BUREAU,17011.0,0.0569219067,66854.0,2919.3,-0.0076878729339999,86.50974825,81.20452016216217,29.158330486486488,1.8308292432432431,61.90496342432432,686.6035269885267,4624.764206086386,1,0.33366852016407883,55.64362714013951,2.681781514660374,2.6817815146603734
608,ILLINOIS,CALHOUN,17013.0,0.0423304506,72574.0,401.0,-0.00702959995,2.85453365,74.4333834,30.285503799999997,1.9601094,59.84217986,713.12578125,4537.1640625,3,0.14070535725152836,51.10970196575777,1.9381917146915264,3.911098923221861
609,ILLINOIS,CARROLL,17015.0,0.043820846,61982.0,884.1666666666666,-0.0018332418166666,52.75621986666667,82.43757411111112,29.35201105555555,1.5658913333333333,62.77174123888889,672.3168889695319,4383.176979233991,3,-0.06492825515521565,46.51236525047558,2.0625674999569834,2.5863355669498165
610,ILLINOIS,CASS,17017.0,0.0437855542,64413.0,2986.2,-0.0006227819999999,229.56813564,76.9348776,31.313362,1.2076782,65.19098460666666,688.730008523257,4846.120934473798,1,0.6445664689511734,63.25301204819277,1.9723486253514577,1.9723486253514575
611,ILLINOIS,CHAMPAIGN,17019.0,0.04140472,62169.0,47919.186046511626,0.0136453062148837,3678.493538743488,82.09092381333333,36.61056174666667,3.3889486399999997,62.16913826666667,676.0435993701547,4458.8194407046185,1,1.3328216846547225,77.39378566899175,1.733115349658862,1.733115349658862
612,ILLINOIS,CHRISTIAN,17021.0,0.0505721669,72650.0,2313.9,-0.004566076035,278.39862226,77.89518124324324,33.12572254054054,1.5734055135135134,64.56823287027026,677.5581736489388,4249.85726075487,1,0.16647143794571176,51.712111604311986,2.048241888700603,2.048241888700603
613,ILLINOIS,CLARK,17023.0,0.0463293924,66923.0,2213.0,0.03369969475,46.2284945,79.8251725,28.2862528,2.7983396,65.15698911,677.658310628762,4707.3638894047035,3,0.32329166001441045,55.453392517438175,2.096479201590055,2.2474108358705576
614,ILLINOIS,CLAY,17025.0,0.0532523851,54837.0,3310.75,-0.02284627525,57.3188541,74.2611345,34.6394223,1.0115145,71.32858315000001,684.1199090699265,4264.619482989429,0,-0.6024073479568735,35.668991756499686,2.3724340212173916,2.8856481985892977
615,ILLINOIS,CLINTON,17027.0,0.0325255735,88977.0,1443.0,0.0082591076875,26.25388397,82.39265012903225,24.475117483870967,3.5126620967741933,49.86756490645161,691.4318472464769,4891.349418907204,3,1.6304439227902126,82.87888395688016,1.5055888206110353,2.593036781722023
616,ILLINOIS,COLES,17029.0,0.0441665209,57728.0,9493.083333333334,0.0150301474399999,352.23065058333333,79.15241368627451,40.53208084313725,1.3967251568627452,69.48365020980393,678.2948383966204,4006.16606071917,1,0.15388031219148884,51.42675967025999,1.691062079172557,1.691062079172557
617,ILLINOIS,COOK,17031.0,0.0442190389,80547.0,302791.55159332324,0.0009424407987214,4538.378714854097,73.553569124498,4.363553606060606,-19.72247293513649,39.79075926924618,675.2401063094065,5012.673626521908,1,2.0136532667446008,88.68103994927077,2.5918309906110255,2.591830990611025
618,ILLINOIS,CRAWFORD,17033.0,0.0401592319,64168.0,2000.5,-0.0006464621883333,388.58129418,75.17088085,34.35495025,2.02396715,65.62596902,670.7302408691993,4248.182669106764,1,-0.06476094903839089,46.544071020925806,1.7612216246700252,1.7612216246700252
619,ILLINOIS,CUMBERLAND,17035.0,0.034568722,71741.0,843.0,0.0108824564333333,6.974312933333334,81.26144181818182,30.88530872727273,1.877532636363636,62.5552538,681.251386175389,3795.826982161748,3,-0.05397773694856725,46.82942295497781,1.7377484495704607,2.973155728189328
620,ILLINOIS,DE WITT,17039.0,0.043536147,74553.0,1889.4,0.00994270588,254.35712368000003,79.48554273333335,27.320452,2.2632636666666666,58.78721226,668.5471043684595,4509.965921762652,1,0.4606505606100786,58.71908687381103,1.693431363085413,1.693431363085413
621,ILLINOIS,DOUGLAS,17041.0,0.0361752053,82895.0,1802.2,-0.00346401056,97.48338951,80.92018147368421,27.86065457894737,1.6835468421052633,57.73945597368421,692.1260507062757,4336.108344470529,3,1.1351753210609996,73.46227013316422,1.807734432143254,2.043909893407591
622,ILLINOIS,DU PAGE,17043.0,0.0337090124,107032.0,142611.97222222222,0.0070739422930555,1635.5388701851853,81.3527533063209,15.075216408427876,10.394374398703404,46.28766512949757,696.9121276152256,5563.455415948421,1,3.8881022857228658,99.20735573874445,3.281278542573861,3.281278542573861
623,ILLINOIS,EDGAR,17045.0,0.0372422966,59330.0,3303.0,-0.00274586266,67.92607029999999,75.67979485,36.92714865,1.4441942,63.84522972,666.6794776844216,4305.341827633227,0,-0.23125369306466542,42.86620164870006,1.7012668942053213,1.9112592440874032
624,ILLINOIS,EDWARDS,17047.0,0.046692607,59867.0,1557.3333333333333,-0.0569210269,94.28907323333334,76.386343875,36.698971,0.48830975,73.4287190375,685.2005861646176,3792.3761802897766,0,-0.5495070634916078,36.58845909955612,2.930308210100537,3.3511085826168077
625,ILLINOIS,EFFINGHAM,17049.0,0.0324476239,72158.0,6624.0,0.0102480799625,176.58437468750003,82.99934327999999,28.77449188,2.32772696,58.916142728,694.4831544801239,4461.884718238048,1,1.4927164281848742,80.27901077996195,1.5064319357874678,1.5064319357874678
626,ILLINOIS,FAYETTE,17051.0,0.0489560835,61952.0,1190.7142857142858,0.04993512638,97.98248172857144,77.00974134782608,34.77269039130435,0.8940343478260869,65.07778947826087,672.7279388406914,4557.540891523681,0,-0.25141320232782177,42.35890932149651,2.2987171911152844,2.6310140735525738
627,ILLINOIS,FORD,17053.0,0.0437480608,71110.0,1703.0,-0.01007735562,120.012136534,80.5740575,31.97691175,2.1603845625,72.23357605625,678.2606785211758,4171.491473092953,1,0.2625341243814151,53.963221306277745,2.092376737419821,2.092376737419821
628,ILLINOIS,FRANKLIN,17055.0,0.0548057518,52533.0,1856.0833333333333,-0.00512301815,106.915379725,67.96689753658536,39.95368009756098,0.5354659024390244,70.25065314878049,679.9144366141979,5033.42765563396,0,-0.7071531085560168,33.734939759036145,2.6459979108924916,3.2410261182996476
629,ILLINOIS,FULTON,17057.0,0.0533937273,62914.0,1946.6666666666667,0.0073261163575,256.64571696666667,74.00295318604651,33.30153960465116,1.130353046511628,67.72327228372093,673.1241509433962,4857.979938271605,1,-0.13927914522426157,44.95878249841471,2.4598023741318045,2.4598023741318045
630,ILLINOIS,GALLATIN,17059.0,0.0543052838,56852.0,484.5,0.0129882254999999,3.07820735,71.553752,40.84321771428571,1.9528825714285711,67.41671315714287,679.760576923077,4298.4807692307695,0,-1.4405517980219367,21.052631578947366,2.108422064653298,3.891476577573768
631,ILLINOIS,GREENE,17061.0,0.0444597622,59146.0,663.4,-0.0144216159999999,53.75255267,75.3484912352941,35.30013182352941,1.3421798823529412,66.97077852352942,684.897893258427,4090.017839983844,0,-0.5987916887089861,35.732403297400126,2.054218750582189,2.9360242327293493
632,ILLINOIS,GRUNDY,17063.0,0.0455533107,91254.0,4638.0,0.013670099,193.49925515,77.74085385294117,22.045525411764707,2.2332019411764708,50.13627737058824,676.1943039132004,4541.628486159529,1,1.0663048932205423,72.03551046290426,1.686513393235659,1.6865133932356589
633,ILLINOIS,HAMILTON,17065.0,0.0378578024,65472.0,716.0,-0.0201579173333333,44.95038289666666,74.20567220000001,40.0817455,0.6771632000000001,65.81630631,693.508087956022,4337.668050260584,3,-0.033913871115198266,47.17818642993025,1.9049374944054425,2.8485501335493697
634,ILLINOIS,HANCOCK,17067.0,0.0408809012,63408.0,1320.0,-0.0079100637,33.14661725714286,80.28995254545454,32.95271877272727,1.372714818181818,64.8518149590909,691.29783911102,4808.764615286647,3,0.5292343427342077,60.336081166772345,1.4717803726098149,2.6414319717312655
635,ILLINOIS,HARDIN,17069.0,0.0554400554,51216.0,332.0,-0.0124983805,4.76058075,62.97840566666667,44.59970583333333,2.5583003333333334,69.40840276666667,670.0979166666666,3790.805555555556,0,-2.6460514884558903,6.626506024096386,2.0771722404146526,4.576426913232098
636,ILLINOIS,HENDERSON,17071.0,0.0415126528,62610.0,335.3333333333333,-0.0058749967333333,2.5444287333333335,80.66601811111111,28.745218555555557,0.4128243333333333,61.35778893333333,669.7086844098562,4225.5032967118905,3,-0.7251398415769162,33.44958782498414,2.1467721522104593,3.646018134741979
637,ILLINOIS,HENRY,17073.0,0.0494969989,73198.0,2126.4615384615386,0.0082961768153846,132.5939469923077,80.90188161538461,26.44027328846154,2.167982269230769,57.390333173076925,680.1212610614027,4543.203811687856,1,0.5190955337579763,60.24096385542169,2.067902470368776,2.067902470368776
638,ILLINOIS,IROQUOIS,17075.0,0.0460001549,64995.0,786.5555555555555,-0.0026622383222222,60.19784291111111,80.80281440625001,27.7761991875,2.7220059375,59.842583184375,681.1710147263873,4626.041005364373,3,0.16036826205224136,51.521876981610646,1.9580809467880693,2.6435049866228026
639,ILLINOIS,JACKSON,17077.0,0.0439394497,48289.0,9410.785714285714,0.0018643854214285,459.8014849000001,71.27586960377359,49.984556641509435,1.1781278113207547,74.3312001509434,682.8997636150924,4436.003715530647,1,-0.2008295809080417,43.43690551680406,2.2253331100357254,2.225333110035726
640,ILLINOIS,JASPER,17079.0,0.0402809337,69924.0,1382.0,0.016374947,160.78012316333334,82.79636207692307,29.143739923076925,0.8258863076923078,60.9505583,712.7470689655172,3746.836206896552,3,0.7851231680113577,66.16994292961319,2.3281457461860695,2.815883768628746
641,ILLINOIS,JEFFERSON,17081.0,0.0470812105,60543.0,10308.09090909091,0.0059901062818181,411.6220442636364,75.19430535135135,35.335575864864865,1.9739257837837836,66.30691291351351,661.5925965984499,4177.683283939097,1,-0.218540489144993,43.08814204185162,1.6971883021964087,1.6971883021964087
642,ILLINOIS,JERSEY,17083.0,0.0389646795,70158.0,1110.1666666666667,-0.0096061233333333,18.35073953166667,76.05657711111111,25.57213327777778,1.8510116111111112,55.82897991666667,667.9794976829785,3897.614077409232,0,-0.5274371370156364,37.00063411540901,1.7579300731244734,2.635618025971279
643,ILLINOIS,JO DAVIESS,17085.0,0.0408144029,74426.0,1051.1666666666667,-0.0046791132666666,18.514558533333332,84.12963580769231,26.196766307692307,2.4397785384615385,68.63655618846154,684.5105488455589,4473.14501518274,3,0.6355936707916399,63.09448319594166,1.4949443527388409,2.6810482756857095
644,ILLINOIS,JOHNSON,17087.0,0.0582358674,63160.0,497.0,0.09195009625,114.920319525,56.80656758333333,39.040792333333336,1.0701202499999998,66.60289574166667,658.7036896966181,3924.84199602122,0,-2.3841687630040385,9.258084971464807,3.1805066071819716,4.7806790948612266
645,ILLINOIS,KANE,17089.0,0.0511184023,97543.0,57788.48780487805,0.0124564801460975,1308.1302588292683,78.39717449635036,-15.27746313138686,-31.071224890510948,22.70825743978102,667.7911890093759,4782.354486863927,1,1.8912797993277806,87.285986049461,2.241867954389369,2.241867954389369
646,ILLINOIS,KANKAKEE,17091.0,0.0584103156,68451.0,16846.068965517243,-0.0011066906844827,695.3246630068966,73.29360123809523,33.126984654761905,1.4448277142857142,61.86322493809523,661.5421755256849,4258.100673021422,1,-0.20072028354623486,43.468611287254284,2.303972684612078,2.303972684612078
647,ILLINOIS,KENDALL,17093.0,0.0382915445,114606.0,25241.9,0.03913276541,218.58851983,82.02078782051282,13.792243,4.738780333333334,37.05683241025641,676.4495485421822,4829.3034545070195,1,2.68158687068064,95.14901712111605,2.7127458036879775,2.7127458036879775
648,ILLINOIS,KNOX,17095.0,0.0549532524,57569.0,9639.0,0.0005155165125,625.7385345812501,75.0433317413793,36.48505734482759,0.9529704827586208,66.64175046551725,671.0044764300952,4507.827879648275,1,-0.1173361853655378,45.43436905516804,2.2216877075592505,2.2216877075592505
649,ILLINOIS,LAKE,17097.0,0.0503572022,108349.0,58017.68627450981,0.0041795825011842,918.0867697189544,78.7476633275,-32.151973084577115,-38.314190072139304,-1.1806586888059705,680.0117814744184,5033.790584591533,1,2.5693886174833294,94.3563728598605,2.791171773668138,2.7911717736681383
650,ILLINOIS,LA SALLE,17099.0,0.057907022,72225.0,5006.928571428572,-0.00106081945,384.03148197142855,80.1787239047619,29.178217838095236,1.6967810761904762,58.66737278190477,678.6536902067447,4393.585643158477,1,0.39421021059626576,56.84844641724794,2.2704354511216307,2.270435451121631
651,ILLINOIS,LAWRENCE,17101.0,0.0534018987,55411.0,2209.8,0.017618831,106.15830394,72.9570766111111,37.48109355555555,1.3612749444444443,66.74840524444444,665.953516585156,4240.54714326857,0,-0.9817056972068933,28.408370323398856,1.5945195368411933,2.634144341963667
652,ILLINOIS,LEE,17103.0,0.0439750074,66598.0,4185.111111111111,0.0103702959999999,158.31080558222223,78.50335921052631,26.582047289473685,2.688266289473684,58.433137381578945,672.1590674032666,4249.177278768159,1,0.17384279035941178,51.99746353836399,1.5216081542640454,1.5216081542640452
653,ILLINOIS,LIVINGSTON,17105.0,0.0407783837,68544.0,3379.2,0.004851104899,142.64600668999998,76.9666646,28.468733114285715,1.5645768285714283,69.42069788571428,677.2100061840358,4553.440943713601,1,0.43661927319697447,58.180088776157255,1.5042424544769044,1.5042424544769044
654,ILLINOIS,LOGAN,17107.0,0.0470691935,64779.0,3284.375,-0.0079521289625,187.7711124875,78.27325910344827,31.199509413793105,1.6860487586206898,59.43725599310345,676.0705022264779,4539.140259898662,1,0.23575442363891833,53.26569435637286,1.9126352669345033,1.9126352669345035
655,ILLINOIS,MCDONOUGH,17109.0,0.0463223787,50487.0,4843.1,0.00047360508,467.112621771,81.71596464705883,45.82257447058824,1.021635617647059,70.26460788235295,684.5780405628237,4837.509168297707,1,0.5552801073891943,60.93849080532657,2.357965654410193,2.357965654410193
656,ILLINOIS,MCHENRY,17111.0,0.0373275039,101205.0,23132.403846153848,-0.0017114225165384,419.2397486788462,80.81456365243902,16.28589213414634,5.655503451219512,49.58980980426829,688.1260254163457,4866.52153370107,1,2.522392573481902,93.9441978440076,2.0324674775994387,2.0324674775994387
657,ILLINOIS,MCLEAN,17113.0,0.0385506032,79622.0,52256.14634146341,0.0121943503334146,1717.523745907317,82.97842721296296,28.09554165740741,3.3221306574074077,64.14600236481482,680.4573681652852,4101.668551082207,1,1.7328076410961304,84.71781864299302,1.4477625622086254,1.4477625622086254
658,ILLINOIS,MACON,17115.0,0.0604344556,61033.0,26573.352941176472,-0.0038736180160606,784.9579977205882,73.12046515151515,36.329443323232326,2.0911967676767675,75.80173482929293,660.6970993560464,4445.616411953558,1,-0.27157910167643273,42.2003804692454,2.6267345528532857,2.626734552853286
659,ILLINOIS,MACOUPIN,17117.0,0.0410646388,70256.0,1522.076923076923,-0.0151702936615384,91.21913752384616,78.80972930769232,30.347794211538464,1.7150325961538462,60.27616464230769,674.052426459879,4172.4544846077415,1,0.08241372113151635,49.873176918199114,2.13264332122072,2.13264332122072
660,ILLINOIS,MADISON,17119.0,0.0413018538,73194.0,20811.737704918032,0.0023338968918032,581.2241182688524,75.51561840512821,31.717750923076924,2.1670785179487178,59.58452216717949,665.5341469472793,4246.505065378465,1,0.5819651996925841,61.73113506658212,1.0010511620889377,1.0010511620889375
661,ILLINOIS,MARION,17121.0,0.0487197724,54774.0,3629.75,-0.0056058124,377.4407283166666,74.41800346511629,38.40130330232558,0.7547701860465116,68.04470611627907,667.0954883640242,4154.781324354096,0,-0.6016891196684303,35.7006975269499,1.978512863650745,2.2450390811897356
662,ILLINOIS,MARSHALL,17123.0,0.0518950437,70246.0,547.8,-0.0245572077,31.95964676,78.51408008333333,27.17821825,1.64473775,58.16792965,684.6973935190337,4058.540044673582,0,-0.41444670159087516,39.18833227647432,2.6907244202008225,3.2853175011762548
663,ILLINOIS,MASON,17125.0,0.0521167145,62146.0,622.0,0.015815014,95.17097802166666,74.78287335,35.644719800000004,1.51910725,63.906686025,672.1396523260792,4189.2381188932,0,-0.8364337551657153,31.008243500317057,1.8080895299150885,2.865281417470195
664,ILLINOIS,MASSAC,17127.0,0.0503904797,58202.0,3615.0,-0.06185407375,194.3480284,69.29308485714286,38.204529071428574,0.9341637857142856,68.24326215,639.5147609444676,3373.5787299739723,0,-1.8982048502746984,15.060240963855422,2.8931737775038404,3.941439864559932
665,ILLINOIS,MENARD,17129.0,0.0390763766,80964.0,873.3333333333334,0.0005214486666666,15.558462133333334,83.11684699999999,25.63655976923077,1.8055372307692308,62.64003928461538,686.7499447899249,4709.945154373478,3,0.9351910885985653,69.21369689283449,1.397986552924005,2.7839275982901817
666,ILLINOIS,MERCER,17131.0,0.0470447919,77098.0,648.0,-0.0070746822499999,28.55379326,81.46746910526315,24.866038263157893,2.2921815789473685,54.9762744,681.577963961571,4377.508464227492,3,0.2422688656161417,53.36081166772353,2.076412529156306,2.8494982741102577
667,ILLINOIS,MONROE,17133.0,0.03071781,103032.0,2666.8333333333335,0.01467441355,76.15557116666666,82.08422306666667,16.259146133333335,5.439493933333334,52.93996466666667,690.9854198441806,4844.352410919358,3,2.254728027659124,91.97844007609385,2.4672201743826623,2.5444882075823303
668,ILLINOIS,MONTGOMERY,17135.0,0.0506685433,60599.0,2027.75,-0.00121532513875,129.0460564375,75.48674882142858,35.52100782142857,1.3732733214285715,64.83932849642858,686.452547381361,4665.097232565108,1,-0.013937780494251045,47.81230183893469,2.4529747125700703,2.4529747125700703
669,ILLINOIS,MORGAN,17137.0,0.041722832,64268.0,7658.8,-0.01878187341,531.5608577,78.62945257142857,30.650754628571427,1.5527786285714285,61.422149274285715,675.9144848982172,4153.155750688268,1,0.4147832456396363,57.450856055802156,1.619430083283825,1.6194300832838249
670,ILLINOIS,MOULTRIE,17139.0,0.036244966,72928.0,2958.5,-0.014491662575,223.4188734,80.01608271428572,26.13756007142857,2.458423428571429,61.15164157857142,682.9379858884254,4234.522719525231,1,0.7705068003471273,65.69435637285986,1.65885856145095,1.65885856145095
671,ILLINOIS,OGLE,17141.0,0.0538497081,78109.0,2075.181818181818,0.0200711574181818,62.22081470909091,80.88517572727272,25.456465363636365,1.4977557954545455,55.39102537272727,674.9709507959249,4220.009764729557,1,0.17363351528573395,51.96575776791376,2.410952690102696,2.410952690102696
672,ILLINOIS,PEORIA,17143.0,0.0546952744,62873.0,54487.458333333336,-0.0008398599416666,1502.4089324645831,76.46239860283688,-37.80744534042554,-67.79636978014184,0.4014921801418402,667.2024276089278,3806.543103734397,1,0.16450959970144902,51.648700063411546,2.4024882089771653,2.4024882089771653
673,ILLINOIS,PERRY,17145.0,0.0530126713,62830.0,1857.8333333333333,0.0078380604,66.40139453333333,71.00260899999999,35.46203195454545,0.4829997272727272,70.83946385,678.264543146545,4953.3539994636085,0,-0.32139780534932627,40.99556119213697,2.4286785043179675,2.7612894891777824
674,ILLINOIS,PIATT,17147.0,0.0378280132,81611.0,735.5,-0.01311376945,19.003186575,82.93215694117646,20.652954647058824,2.479890176470588,64.1334942,691.7809731637071,4576.901616327931,3,0.9647736723732722,69.81610653138871,1.5060379858862882,2.9165171451888194
675,ILLINOIS,PIKE,17149.0,0.0454952267,58733.0,737.0,0.01219962325,40.49314892,74.9249143,37.3132359,0.9463318,69.08163929999999,682.7751293565078,4647.511960552408,3,-0.3560584847332413,40.456563094483194,2.0435996721605196,2.809703732364256
676,ILLINOIS,POPE,17151.0,0.0394663702,58093.0,250.5,0.1033499095,1.656966695,69.14753625,32.4243975,0.66474125,72.357368475,675.7465909090909,4045.5454545454545,0,-1.510082717964679,20.006341154090045,3.2439249974729765,4.80512337922447
677,ILLINOIS,PULASKI,17153.0,0.0766423358,50863.0,664.0,0.01201425055,7.85868265,64.088728875,42.636586125,1.793485125,72.47725345,644.4387901916982,3833.447807118035,0,-3.3532164174498518,2.4413443246670896,3.038217546464895,5.255883016322575
678,ILLINOIS,PUTNAM,17155.0,0.0563617955,75469.0,1263.5,-0.0105933235,12.85997435,78.97590075,24.902324625,2.465138625,53.1675124375,687.7814500503758,4342.15942803999,3,-0.062132766382666016,46.639188332276476,2.6337242662503613,3.1939319004954347
679,ILLINOIS,RANDOLPH,17157.0,0.0400419916,70526.0,1664.111111111111,0.0046683799666666,64.54672821666666,75.07303357575758,31.943540575757577,0.870116393939394,62.43430536363636,670.2280380347058,4618.296534923544,1,0.0949382368270804,50.1585288522511,1.9635616853608222,1.9635616853608222
680,ILLINOIS,RICHLAND,17159.0,0.0421778084,57119.0,4718.0,0.02212014334,419.79718836,77.31491221428571,33.23785278571428,1.8382472142857145,63.47608048571429,700.1960942163741,4218.234192735481,1,0.4817539714594681,59.25808497146481,2.0580572647759245,2.0580572647759245
681,ILLINOIS,ROCK ISLAND,17161.0,0.0510858725,63457.0,56855.875,-0.0126663912649999,1026.76969359,78.77697648275863,31.244599318965516,2.300312965517241,61.920901035344826,669.3637037844618,4004.063483458633,1,0.4164221197573535,57.57767913760304,2.1745650334423803,2.1745650334423803
682,ILLINOIS,ST CLAIR,17163.0,0.0463335987,66007.0,42189.083333333336,6.386286500000028e-05,520.6919544716667,70.95949029648241,36.812368778894474,1.848116512562814,63.417507754271355,664.956485664311,4701.1140110340975,1,0.3764095941829036,56.46797717184528,1.7979126431732737,1.7979126431732737
683,ILLINOIS,SALINE,17165.0,0.0497393118,53318.0,2942.0,0.0011674000777777,206.0755756111111,69.28311293103448,40.816842551724136,1.2863916206896553,72.14119325862069,669.4905443994376,4337.0090212326595,0,-0.9203080813980713,29.3278376664553,1.7116934025369612,2.5332599440434085
684,ILLINOIS,SANGAMON,17167.0,0.0427826158,73004.0,70969.43396226416,0.0045741599839622,2589.4941215773583,80.32510183888888,28.696475816666663,2.664744472222222,66.77293668888889,672.218418050796,4511.1260726644905,1,1.4993292579189068,80.5009511731135,1.5796359620569382,1.5796359620569385
685,ILLINOIS,SCHUYLER,17169.0,0.0433544304,64444.0,506.0,-0.0015573493666666,62.01817416,76.618807125,31.284832875000003,0.89269275,62.7478475625,689.6547413793104,4096.64224137931,3,-0.2909270640979263,41.629676601141405,2.0767144104389503,2.847718260966616
686,ILLINOIS,SCOTT,17171.0,0.0510471204,67157.0,500.5,-0.0127896874999999,3.3403927,81.2830998,24.3285312,2.3141818,60.16961518000001,691.6572580645161,4274.596774193548,3,-0.30575408707008933,41.37603043753963,2.263840909439461,3.741645325801919
687,ILLINOIS,SHELBY,17173.0,0.0435439976,68618.0,848.6666666666666,0.04811363775,78.32386143333333,76.65414812,32.56488296,1.42618576,62.883720252,670.4595951377669,3834.1998130028023,0,-0.5196452887207726,37.09575142675967,1.9321241248861982,2.649323565167904
688,ILLINOIS,STARK,17175.0,0.0560165975,69523.0,560.0,0.01648278675,4.01867655,77.97799225,26.291270875,5.141264125,58.4210019125,690.4509038347273,4762.8692622736735,3,-0.23207367560859066,42.80279010779962,2.444400271070022,3.720666327265262
689,ILLINOIS,STEPHENSON,17177.0,0.0502337563,64926.0,7450.307692307692,-0.0094686079846153,468.9029961846154,79.1340186122449,33.75900167346939,1.369159714285714,64.35371421836736,669.7669758469765,4910.449472147692,1,0.5848380189483051,61.88966391883323,1.9955841271330559,1.9955841271330559
690,ILLINOIS,TAZEWELL,17179.0,0.0453739237,73659.0,20948.833333333332,0.0085516389401333,492.59259342,79.77401270930233,23.873279906976745,2.209620965116279,66.1815543988372,677.0894197240483,3878.867487174714,1,0.7004314414691751,64.26759670259987,1.4092244565898824,1.4092244565898824
691,ILLINOIS,UNION,17181.0,0.0544380363,64452.0,2442.6,0.01618884398,71.97578366,65.701931875,37.878816375,1.13701425,66.73785280625,654.4786958283726,4239.185017394102,0,-1.4001831119369537,21.655041217501587,1.5211950863374597,2.9305993682012987
692,ILLINOIS,VERMILION,17183.0,0.0581854662,51813.0,10385.583333333334,-0.0055653272041666,361.5456976708333,71.00783448484849,35.445533090909095,0.9593487575757575,67.28550396515152,650.0904588486909,4130.635212994243,0,-1.2302296700439797,24.128091312618896,2.408134263777367,2.9411101823748336
693,ILLINOIS,WABASH,17185.0,0.0342527492,64466.0,2385.75,-0.0155536457,91.546249125,77.41445335714286,30.62100128571429,1.186460285714286,62.29953195,677.4919055108217,4737.186923767444,3,0.5076462407171668,59.89220038046924,1.9215925692220355,1.999499007292805
694,ILLINOIS,WARREN,17187.0,0.0418383914,64493.0,3257.0,-0.01590336548,190.465264314,80.26666081818182,-423.0540606818182,-453.76051022727273,-391.41962485,676.4061417322835,4432.913385826771,2,1.1240718034415573,73.11350665821179,1.7021059254482045,5.2864099472928885
695,ILLINOIS,WASHINGTON,17189.0,0.0276060981,74848.0,1446.0,0.0149491955,69.84547110000001,83.73332121052631,25.665686157894736,1.314119947368421,55.1184062,704.0468850725221,4390.9817180076025,3,1.4647800345402582,79.64489537095751,1.183960484246641,2.476036367704329
696,ILLINOIS,WAYNE,17191.0,0.045631769,56071.0,1255.2,-0.0029505409999999,88.548947958,75.82254357894737,34.09201989473684,1.838479210526316,66.26388891578947,678.871099381205,3957.4886108757287,0,-0.686676881515154,33.95688015218769,1.7250008753024837,2.60906820271276
697,ILLINOIS,WHITE,17193.0,0.0411590385,56768.0,1315.0,-0.004270097464,109.6832402,76.64576662500001,37.4253319375,1.67818425,65.21302009375,662.8248661543672,3844.2506585733304,0,-0.8185845580643969,31.261889663918836,1.4774888312594605,2.50154189994126
698,ILLINOIS,WHITESIDE,17195.0,0.0465952424,68641.0,8147.277777777777,0.0104591551956111,344.50592329999995,78.10524677777778,29.295885253968255,1.662092396825397,63.268014755555555,678.4082881977855,4411.470726220533,1,0.5587452901912163,61.03360811667724,1.3482204445037906,1.3482204445037904
699,ILLINOIS,WILL,17197.0,0.0421194322,103587.0,42397.63157894737,0.0302767080088079,653.7964399374999,78.30400815306122,-8.190884931297711,-19.84548973282443,25.545443473282443,673.868312504286,5021.9720039997255,1,2.3920517359756563,92.99302473050095,2.2081788435858094,2.208178843585809
700,ILLINOIS,WILLIAMSON,17199.0,0.0441294895,60704.0,11106.466666666667,0.0050202242,310.54369448666665,71.64279094642858,38.147192696428576,1.344175142857143,67.35320077857143,671.8286521867365,4173.361643241594,1,-0.1919107232725308,43.722257450856056,1.637458590240384,1.637458590240384
701,ILLINOIS,WINNEBAGO,17201.0,0.0616879919,65795.0,50859.67532467532,-0.007684271671948,1254.0646266844155,73.54254027099238,-3.165307885931562,-35.90073140684411,25.4843318,659.1686653601763,4090.597403754074,1,-0.15513248724094095,44.57831325301205,2.765642636550445,2.7656426365504445
702,ILLINOIS,WOODFORD,17203.0,0.0398118779,90169.0,4022.8888888888887,0.0089278063333333,26.182830944444444,82.53549936666667,21.41563646666667,3.4307954666666665,57.19292793333333,698.5663651778575,4713.61034961787,3,1.6952877231430903,84.02029169308814,1.948218349342003,2.4167724200155063
703,ILLINOIS,DE KALB,17037.0,0.04678298,69439.0,12681.52380952381,0.0137612442090476,529.3095616380953,84.11418345,-137.77238561666667,-164.6850694833333,-110.64698890833334,676.6613800055646,4647.243089209521,1,1.4334340862795165,79.10589727330374,2.1491538927663267,2.1491538927663267
704,INDIANA,ADAMS,18001.0,0.0271878161,66567.0,5881.285714285715,-0.0168546915028571,201.16219757142855,81.8237216,29.164362200000003,1.1692550666666668,64.75661010666667,669.6073129022711,3835.782364283209,1,0.5765865966012057,61.572606214331,1.858065153661689,1.858065153661689
705,INDIANA,ALLEN,18003.0,0.0313275009,66194.0,60501.427083333336,0.0030888363644791,1084.8439448552083,76.09883691821561,30.98201644237918,2.392474256505576,73.34004817657993,667.2490846827208,3808.1240575429742,1,0.7139217332964773,64.67977171845276,1.5929065201157024,1.5929065201157022
706,INDIANA,BARTHOLOMEW,18005.0,0.0278420694,79870.0,20123.8,0.0078387669,983.5120908866668,79.00564855932204,25.912395033898303,3.051085559322034,67.92636683220339,667.2499919075664,3917.841739836829,1,1.2016929622759576,74.88902980342422,1.1381736069591828,1.1381736069591828
707,INDIANA,BENTON,18007.0,0.0260658273,64671.0,667.6666666666666,-0.0013458529,5.621614666666667,82.23297236363636,27.144432,0.893682,71.5762727909091,675.9286797064455,4161.341849644955,3,0.09081179719792173,50.0,1.4473396158667735,3.165252574555531
708,INDIANA,BLACKFORD,18009.0,0.039624609,51799.0,2165.0,-0.014725845875,151.14148605,74.89059266666666,35.098943416666664,1.195792,73.91518624166666,659.2262291230298,3654.5986792567232,0,-1.0673291918161432,26.66455294863665,1.5988011593173577,2.6784848829597174
709,INDIANA,BOONE,18011.0,0.0250432895,103970.0,19882.4,0.04396780533,264.29944770000003,80.90445824324324,21.078479972972975,7.708320108108109,59.317829802702704,667.2444988029672,4269.669331325428,1,2.1326171299986405,90.42485732403297,2.174385225023618,2.1743852250236184
710,INDIANA,BROWN,18013.0,0.0325798712,72141.0,849.25,0.0127961084999999,8.772871425,79.06155241666667,30.114424666666665,2.4757184999999997,61.078565266666665,656.504638412685,3150.5684526700434,0,-0.910761110381947,29.549778059606847,2.2605931921121116,3.3928928535455993
711,INDIANA,CARROLL,18015.0,0.0292989873,71740.0,1242.857142857143,0.0314001125714285,44.33928187142857,79.29884899999999,29.315999315789476,1.5025568421052633,59.32162947894737,657.2310550788601,3265.2011066738523,0,-0.4843788147812788,37.85668991756499,2.2752917542474935,2.8565294254677367
712,INDIANA,CASS,18017.0,0.0373472549,54436.0,5530.636363636364,0.0025278081190909,455.5600429727272,76.38272010256411,35.15636292307693,1.5541450256410256,69.24771695641026,663.7151285327075,3517.7339297416834,0,-0.5452751789360699,36.68357641090679,2.06808397680728,2.168622521376347
713,INDIANA,CLARK,18019.0,0.0306657168,71718.0,85533.26923076923,0.0012113041538461,956.8028988730769,77.09214618918918,29.955253148648648,1.3590945945945947,61.69062882702703,658.9719283575325,3602.421465974348,1,0.726771568179248,64.90171211160431,1.908767782536148,1.908767782536148
714,INDIANA,CLAY,18021.0,0.0342566227,62834.0,4063.3333333333335,0.0005746605833333,103.17812225,75.09104122222222,31.681352296296296,1.082772037037037,62.36092474814815,652.6969671406471,3668.60946201192,0,-0.6276046844793712,35.19340519974635,1.6048786359187397,2.1169222708963735
715,INDIANA,CLINTON,18023.0,0.0261047603,66119.0,5725.125,0.018335779025,429.431619775,78.99994784375,29.93588921875,0.9557911875,61.094261640625,667.8066207962911,3483.2354336760664,1,0.27906073372811246,54.375396322130634,1.8737332968488656,1.8737332968488656
716,INDIANA,CRAWFORD,18025.0,0.0355213959,56019.0,633.3333333333334,-0.008626332,6.616255766666666,68.33266822222222,38.68438044444444,0.6759486666666666,70.38982095555555,673.5044303797469,3244.650316455696,0,-1.8056772562845347,16.106531388712746,1.7338692859053881,3.86012763783668
717,INDIANA,DAVIESS,18027.0,0.0235951751,76778.0,4275.857142857143,0.0364632272857142,420.1717090428571,77.76076468965518,28.45554506896552,1.4193990344827585,64.81993694827587,666.0279573013182,3344.232469099916,1,0.401952632253223,57.16550412175015,2.191087935448634,2.191087935448634
718,INDIANA,DEARBORN,18029.0,0.0325970651,82578.0,4345.5,-0.02799280447,148.94864632,80.21321035294118,25.538731,2.4166356470588233,53.8956538382353,667.4845076358403,4274.29066673385,1,0.9249344374393169,69.02346227013317,1.8130251858754358,1.813025185875436
719,INDIANA,DECATUR,18031.0,0.0270789059,71150.0,4064.1666666666665,0.0083328702166666,321.11927185,78.97854938095239,29.498746095238097,1.2031595714285714,63.56400826666667,680.6240037793073,4666.637910207462,1,1.232455817864792,75.39632213062778,1.3236035301176161,1.3236035301176161
720,INDIANA,DEKALB,18033.0,0.0295058336,68933.0,6916.888888888889,-0.0171237342555555,210.99798605555551,77.65227751428571,30.7878688,1.0491855428571428,63.30010365142858,675.6575722150537,4178.825118130536,1,0.6894216608226452,64.04565630944832,1.445275247341353,1.445275247341353
721,INDIANA,DELAWARE,18035.0,0.0383537653,55704.0,25303.866666666665,-0.0117537733663333,1137.9420339033334,73.32028229702969,-56.733599801980205,-97.66093505940594,-27.351047359405932,649.7945799044076,3620.7127604954553,1,-0.352388071118052,40.58338617628409,2.3955385422492115,2.3955385422492115
722,INDIANA,DUBOIS,18037.0,0.02500682,74001.0,11764.57142857143,0.0033163292714285,361.0262915142858,84.84657753333335,26.579934700000003,2.0810701,69.42835286666667,696.6760977029153,3621.095657518597,1,1.552333755200506,81.6423589093215,2.0998285825880445,2.0998285825880445
723,INDIANA,ELKHART,18039.0,0.0399319537,69262.0,34169.47222222222,-0.0079512201394444,806.5884155277777,77.258151032,30.895083296,1.708968856,65.1962091608,661.8017486689431,3491.007426197222,1,0.21029047317329916,52.85351934051997,1.9139775938774033,1.913977593877403
724,INDIANA,FAYETTE,18041.0,0.043817527,60483.0,3653.714285714286,-0.0194732994,402.52421507285715,67.07295065384616,42.83929796153846,0.9105249615384616,75.20316051153847,641.5078995212716,3187.9782907933673,0,-1.7743653071663918,16.64552948636652,2.139486148344572,3.299837694828096
725,INDIANA,FLOYD,18043.0,0.0279240316,79008.0,58399.65,-0.0066163965289999,883.7071043705,77.33005654237289,30.373070084745763,2.919390220338983,70.40248641525424,658.4034908952594,3578.8531669267013,1,0.9006147168564385,68.38934686112873,1.9245466272356522,1.9245466272356522
726,INDIANA,FOUNTAIN,18045.0,0.0307597282,63747.0,1169.0,0.01450707506,389.62850162,77.56042321052631,29.94412194736842,0.5784877368421053,65.82319620526316,662.8819364971705,3665.771149013875,0,-0.27751410438826785,41.97844007609385,2.0764550040592913,2.237195785857311
727,INDIANA,FRANKLIN,18047.0,0.0314877056,77456.0,1640.4,-0.01701907516,44.23290986,77.7256555625,29.747113625,1.7236949375,59.17320275,677.6126658170559,3980.0202073674022,3,0.3406549242558375,55.73874445149018,2.080832848077665,2.252242035195644
728,INDIANA,FULTON,18049.0,0.0349166405,60258.0,1745.1666666666667,0.0355965861666666,157.11711929999998,73.2147025,35.782290499999995,1.2187753636363636,66.45002711363637,660.1176868505501,3426.7672539964624,0,-0.9469542034901517,28.947368421052634,1.5267186083065378,2.578974779202815
729,INDIANA,GIBSON,18051.0,0.0241019108,67497.0,6260.428571428572,0.0594018168571428,184.04682294285712,77.64564986206896,31.447869103448276,1.3630963448275863,59.37031950344827,677.6997724940834,3998.8393566222353,1,0.7146927917488586,64.71147748890299,1.977108622808209,1.977108622808209
730,INDIANA,GRANT,18053.0,0.0347993579,53872.0,11286.5625,0.01194964805,496.0053049125,71.37850903703703,35.91221512962963,1.3724573333333334,69.14473668703704,653.1932231679676,3553.004244288964,0,-0.792806354231496,31.610653138871275,2.0627111351767806,2.2619884560375474
731,INDIANA,GREENE,18055.0,0.0391127542,59626.0,1288.3333333333333,0.0160184470777777,76.49928413333333,74.31351315151515,35.90187027272727,0.8516613030303031,65.94481242727274,667.5038778796342,4176.38769652071,0,-0.5713117598001144,36.17628408370324,1.3037475654687807,2.240633794759496
732,INDIANA,HAMILTON,18057.0,0.0254276772,121231.0,63941.769230769234,0.0321165991589743,905.3770284179488,83.2038533047619,14.040593285714284,9.580610276190477,47.58543185142857,685.1836124423957,4589.916680589745,1,3.5965612206937423,98.57324032974,3.196693050972024,3.196693050972024
733,INDIANA,HANCOCK,18059.0,0.0280112045,94581.0,8823.7,0.01247072833,428.83768845,77.91620113513514,21.485124702702706,3.1522009459459457,62.896678297297306,671.1487634126718,3746.729574553666,1,1.2571456150821174,75.99873176918199,1.6964111023730115,1.6964111023730115
734,INDIANA,HARRISON,18061.0,0.0284716496,75443.0,2264.8333333333335,-0.0180201593333333,26.97128205,77.07121743478261,27.61487091304348,0.8778725652173912,57.27585916521739,676.9918249590899,3755.1049156168056,3,0.18552743395949395,52.25110970196576,2.2724863712778154,2.4247742799062215
735,INDIANA,HENDRICKS,18063.0,0.026561199,95323.0,26763.571428571428,0.0421832882966666,436.7151764761905,80.26750996923077,17.71872523076923,3.447161353846154,46.11036479846154,673.0871888694647,4243.943783792368,1,2.0209322010949626,88.71274571972098,1.6811885705971652,1.6811885705971652
736,INDIANA,HENRY,18065.0,0.0341246291,62048.0,4757.153846153846,-0.002569900076923,315.64478736923076,68.67303979545454,37.199023,0.9194555454545454,69.06932371363636,666.8910749667591,3528.409157669307,0,-0.7115799090319842,33.60811667723526,1.8277856692361791,2.2317140834895577
737,INDIANA,HOWARD,18067.0,0.0500296033,61548.0,27689.95,-0.017507062225,729.6311286600001,70.52199095454546,34.701115015151515,1.388066696969697,63.90217222424242,653.0030247075925,3167.943557210607,0,-1.05887557367432,27.045022194039316,2.957481527706019,3.0186099081171753
738,INDIANA,HUNTINGTON,18069.0,0.0297554051,67462.0,6858.111111111111,-0.0115780983266666,309.87656810000004,79.95872733333334,30.802222151515153,0.9996758484848484,62.75820980909091,666.6472671411568,3718.120941604658,1,0.38423384234522545,56.62650602409639,1.6987242107268077,1.6987242107268077
739,INDIANA,JACKSON,18071.0,0.0284153005,69753.0,9921.8,-0.0013407750899999,680.23288142,78.27900851428572,31.705110057142857,1.2013810571428571,66.08421097142858,654.8370782666392,3723.429780290261,1,0.3497563591975081,55.99239061509195,1.614199923117867,1.614199923117867
740,INDIANA,JASPER,18073.0,0.0357542594,75027.0,1870.625,0.014755534775,27.8762352625,77.90451076000001,22.216499439999996,1.81597224,52.528128048,666.4032396461633,4025.561429879164,0,0.00765473281912747,48.224476854787575,1.9533019277766008,2.061682920142538
741,INDIANA,JAY,18075.0,0.0306019505,61030.0,1887.142857142857,0.001588091,161.2947956142857,79.21457669565217,34.599490869565216,1.5852398695652172,68.87409657391304,672.6253054982973,4031.598516493776,1,0.11831026169945642,50.602409638554214,1.9430938162901221,1.9430938162901221
742,INDIANA,JEFFERSON,18077.0,0.0310010621,62153.0,4705.571428571428,0.0034649969714285,416.2134372285714,75.72622841666667,34.90177525,0.642325375,67.67617353749999,662.0970940966769,4212.872459901682,1,0.15144538871709598,51.363348129359544,1.421952501719283,1.421952501719283
743,INDIANA,JENNINGS,18079.0,0.0336772292,61695.0,1691.8333333333333,-0.0138627564666666,138.5481601333333,75.75388864705883,30.102783705882352,0.9009671764705882,66.20673414705882,659.249677255927,3612.69390144063,0,-0.6681120531459698,34.400760938490805,1.784841926600095,2.451613955947798
744,INDIANA,JOHNSON,18081.0,0.0267337668,91676.0,26636.227272727272,0.0006650614727272,658.2913447727274,81.44344348648649,21.34452089189189,3.31886627027027,49.872382020270265,665.160941820488,4264.459819654063,1,1.8833006614720627,87.12745719720989,1.4460600387791025,1.4460600387791025
745,INDIANA,KNOX,18083.0,0.02982329,57242.0,5596.3,0.01540783264,936.16533353,72.74365162790698,39.716586279069766,1.4389277906976743,69.8684025255814,676.3230105522232,3841.667967456915,1,0.014454561899014833,48.4147114774889,1.8143934014510956,1.8143934014510956
746,INDIANA,KOSCIUSKO,18085.0,0.0336965344,72726.0,8949.0,0.0140433371052631,326.91709812105256,80.16943417241379,25.452485637931037,2.157522068965517,59.555632460344825,666.4027329723637,4048.270483374029,1,0.7120302178702616,64.52124286620165,0.9286378970135758,0.9286378970135758
747,INDIANA,LAGRANGE,18087.0,0.0309494334,81738.0,2458.375,0.0004323197875,36.5787320875,76.70993191666666,27.129654875,1.559859125,65.60205872916667,677.8708501109904,3728.4327596066273,1,0.33091405887881303,55.58021559923906,2.1613070653920676,2.1613070653920676
748,INDIANA,LAKE,18089.0,0.050045635,69182.0,44860.00854700855,-0.0014183998451282,1080.8215690897437,69.13944545706372,8.282238511049727,-26.05362412707182,46.580525592541434,663.1561418957302,4385.252413442924,1,0.17628218887169736,52.09258084971464,2.000518313617867,2.000518313617867
749,INDIANA,LA PORTE,18091.0,0.0398087168,64204.0,11624.5,0.0012294847178571,773.9123372607144,75.55237649397591,-88.02851691666667,-117.21919153571427,-59.36322087380953,655.0454467628025,4019.1854489314487,1,0.16346482742708185,51.616994292961316,1.7164994230091632,1.7164994230091632
750,INDIANA,LAWRENCE,18093.0,0.0383179895,64958.0,3574.3,0.02547947617,420.68720677,71.68624658974359,38.0215491025641,1.334499,69.10813533076923,651.662914537704,3535.5081729333237,0,-0.8297694041780304,31.135066582117943,1.7188420009531191,2.22467095387351
751,INDIANA,MADISON,18095.0,0.0357295397,62000.0,13652.027027027028,-0.0211249460527777,475.8392989405406,72.0004654587156,35.142746238532105,1.0724143944954128,67.37555687798165,645.9886641318286,3516.2106702126644,1,-0.6851848249264657,33.988585922637924,2.4309212228739407,2.430921222873941
752,INDIANA,MARION,18097.0,0.0329372679,66653.0,140596.42410714287,-0.0012213953981696,1703.6608955446427,75.45515892088608,38.0689294778481,2.3427803196202532,76.77282800316456,652.8934128607872,3642.772681553095,1,0.5053358158874047,59.8287888395688,2.2911128829750096,2.2911128829750096
753,INDIANA,MARSHALL,18099.0,0.033952458,70390.0,4694.416666666667,0.0129974642191666,203.8862705833333,78.10495163157896,29.635625657894735,1.5373508157894735,60.734831968421055,668.3646190172543,4008.8414972486808,1,0.3505298106138373,56.024096385542165,1.2238988195818699,1.2238988195818699
754,INDIANA,MARTIN,18101.0,0.0284101599,60862.0,919.6666666666666,0.0153441386666666,30.277535533333335,76.2164747,28.4215795,0.4960839,67.15645294,691.6265756302521,3813.6087931684256,3,-0.12353183221550976,45.307545973367155,1.7584187626240528,2.7939938231598718
755,INDIANA,MIAMI,18103.0,0.0393270096,59297.0,4116.8,-0.0047167171,386.92568939,71.47471647222223,36.599340472222224,0.9635518611111112,68.341131525,667.8761869024917,4093.2124886594615,0,-0.4013749373533483,39.473684210526315,1.811878931568329,1.841465237272318
756,INDIANA,MONROE,18105.0,0.0326317276,60553.0,34375.77419354839,-0.0001228390029032,1926.0686587870969,82.06154377894737,-171.56266775789473,-207.67995053684209,-146.60678483894736,679.628381533213,3903.54715100094,1,1.416335019190165,78.7571337983513,2.6150905423320854,2.6150905423320854
757,INDIANA,MONTGOMERY,18107.0,0.0277865821,69928.0,4119.111111111111,-0.00298549527,377.0356843111111,78.14513332352942,30.28750911764706,1.4177012647058824,63.40742986764706,667.5356540488721,3967.151756207618,1,0.49489235566976353,59.73367152821814,1.4603307252690592,1.4603307252690592
758,INDIANA,MORGAN,18109.0,0.0302749378,74193.0,5410.692307692308,0.0001236939461538,332.44617855384615,76.18541615555556,26.91066582222222,2.1723196,55.43859654,647.7489082731631,3500.880215181905,1,-0.14551646694920112,44.86366518706404,2.0339478167297655,2.0339478167297655
759,INDIANA,NEWTON,18111.0,0.0388278388,70836.0,844.5,-0.0004913476925,19.691738575,75.32793076923078,27.24955,1.7451725384615384,57.75597822307691,665.8103189295383,4515.894718850247,0,-0.24721550216662924,42.45402663284718,1.9516759370145513,2.562461608718965
760,INDIANA,NOBLE,18113.0,0.0366747074,66072.0,4018.8,-0.00659196071,229.78729149,78.22418405714286,29.015992371428577,0.5494568,64.68432290000001,666.4648650691889,3575.1304648670994,1,-0.15454716882085923,44.61001902346227,1.924438006682002,1.924438006682002
761,INDIANA,OHIO,18115.0,0.0296846011,70757.0,860.5,-0.0165482926,103.72845565,84.04725950000001,27.559004166666668,0.5012531666666666,58.11613591666667,671.7472222222221,4175.138888888889,3,0.5621283482504387,61.192136968928345,2.0542274201595943,2.4582804300370267
762,INDIANA,ORANGE,18117.0,0.034287094,59750.0,1181.3333333333333,0.0013747073833333,65.847658265,72.31126763157896,40.68238715789473,0.4365812105263157,74.57518909473684,659.2007654941399,3505.825216746486,0,-1.1570299997493705,25.428027901078,1.214851275225658,2.7798873307284406
763,INDIANA,OWEN,18119.0,0.0367285928,62247.0,1135.0,0.031562597,44.743212882,74.0411964375,35.7474744375,0.641055625,71.2991941125,650.4096475791305,3002.8806917291035,0,-1.5405122731175835,19.75269499048827,1.7105763722231433,3.3451873291410217
764,INDIANA,PARKE,18121.0,0.0325728422,70989.0,716.5,0.022973369075,16.9239547,73.9293335263158,29.533981105263155,1.697361,63.99868150526317,646.2622679456671,3542.103486753461,0,-1.131912915899042,25.713379835129995,1.6530950964692182,3.15224144321345
765,INDIANA,PERRY,18123.0,0.0296703297,63098.0,3652.6,0.02576318006,147.0295488,76.64896588235294,32.67388282352941,0.612734588235294,65.02971088235294,674.5026887944077,3516.3552729139137,1,-0.10291665255836706,45.78313253012048,2.0465261700014037,2.0465261700014037
766,INDIANA,PIKE,18125.0,0.0326551547,66716.0,1301.0,0.046978051425,49.948642025,72.48452884615385,33.82969523076923,1.590827923076923,69.11993408461538,673.8563173162319,3331.598642571178,0,-0.7542400148192828,32.656943563728596,1.9238882379249886,2.8881594393169494
767,INDIANA,PORTER,18127.0,0.0368756519,79398.0,16586.59375,0.0090384319290322,477.62246610312496,76.29007925301205,-326.951269627907,-345.9945734651163,-291.89061836511627,676.0783132383058,4417.799743855102,2,1.6873742889169359,83.86176284083703,2.689385260026571,3.7902200152721095
768,INDIANA,POSEY,18129.0,0.0270622508,76228.0,2528.0,-0.0018532730428571,244.69149295714288,81.96823491666667,25.397017083333335,2.096349416666667,64.53927247083334,648.9602141187636,3245.819802736687,1,0.01207450499027741,48.35129993658846,2.613687238054104,2.613687238054104
769,INDIANA,PULASKI,18131.0,0.0288306747,70303.0,1830.25,-0.00501072565,53.16122635,76.32524076923076,30.985007384615383,1.6619627692307692,66.80824924615385,678.8664499976658,4539.335515693026,3,0.540258262330554,60.58972733037413,1.5708021212089964,2.003920951872108
770,INDIANA,PUTNAM,18133.0,0.0315974254,73137.0,3581.4285714285716,-0.0067211496857142,99.60178977142856,72.64040037037037,26.107967888888886,1.723604074074074,58.349364529629625,663.433885134576,3702.106005339053,0,-0.23972930833705802,42.612555485098284,1.937896849998015,1.9666291118102646
771,INDIANA,RANDOLPH,18135.0,0.0324758568,58725.0,1462.5,-0.0061488140625,78.0721906375,77.2656496,35.414687566666665,1.1225649666666666,67.52094497,656.1155504150227,3945.470002662431,0,-0.5747058396413534,36.144578313253014,1.6682054753912596,2.4099619055162718
772,INDIANA,RIPLEY,18137.0,0.0348231207,66942.0,1787.1666666666667,0.0064722652333333,50.24616532666666,79.9064479090909,30.556313590909088,0.9553429090909092,62.448029081818184,665.9537490467386,4228.598134662845,3,0.08572487742701759,49.93658845909955,1.9484593365950773,1.9715164041604298
773,INDIANA,RUSH,18139.0,0.027383592,65326.0,2251.2,-0.014353626,90.84177304,77.37853705882354,25.110880352941177,1.7347442352941176,61.65413982352941,649.7607376518804,3126.3532586103256,0,-0.7609787472406697,32.403297400126824,2.3900866158545475,2.971965842613696
774,INDIANA,ST JOSEPH,18141.0,0.0387452759,65977.0,59587.18666666667,-0.0095814950588,1221.367167768,76.12774452863435,35.660202995594716,2.2172210176211453,76.4733463246696,663.7069832726344,4033.750315155536,1,0.596984525045663,62.23842739378567,1.6506418078618363,1.6506418078618366
775,INDIANA,SCOTT,18143.0,0.0346646571,62584.0,3739.2,0.00399553426,208.60160654,67.61555555555555,36.275215,0.9572191111111112,73.17511325555556,654.5348857190346,3320.114200925711,0,-1.1991335714175795,24.762206721623336,1.6125168868764683,2.6404778712814325
776,INDIANA,SHELBY,18145.0,0.0275401627,71548.0,9314.7,0.0044444831599999,582.34190129,79.61661408571429,26.37270582857143,1.4901505714285714,56.538244028571434,661.7149566916801,3824.597900103398,1,0.6567129975794771,63.63348129359544,1.3471508772543874,1.3471508772543874
777,INDIANA,SPENCER,18147.0,0.0294913672,77467.0,1109.2,0.002234576082,19.3989077,79.319382625,26.580564,1.2134913125,58.4875016125,665.2499596870521,3299.2671725692785,0,-0.29596411902628644,41.471147748890296,2.4727318794745967,2.954208080285807
778,INDIANA,STARKE,18149.0,0.041248837,61259.0,1242.142857142857,0.0231942786,72.80175197142857,69.65946236363637,37.119128227272725,0.1749837727272727,69.80410029090909,648.3430668983591,3391.1464689623476,0,-1.6681606967724856,18.199112238427396,0.9976436960567326,3.064882324169927
779,INDIANA,STEUBEN,18151.0,0.0268933391,71355.0,3978.222222222222,-0.0096350488333333,108.7236687888889,80.57512041935483,26.75523577419355,2.350763258064516,62.471110190322584,663.8247222655028,3628.5942386559855,1,0.2797112484077217,54.40710209258085,2.05112531210435,2.05112531210435
780,INDIANA,SULLIVAN,18153.0,0.0376695128,59148.0,1257.2,0.0515348198799999,49.376468599999995,69.7527785,34.9098195,1.6505802500000002,64.09842873,666.49,3749.98,0,-1.1255475464166145,25.808497146480658,1.3295623901205431,2.885174488772716
781,INDIANA,SWITZERLAND,18155.0,0.0324633991,60219.0,1969.6666666666667,0.0045983917,10.551850383333331,76.03084675,31.153106,1.580084375,66.256793975,660.1036617906,4085.117702830828,0,-0.6031639747937143,35.63728598604946,1.5350571148623127,2.5926100769979943
782,INDIANA,TIPPECANOE,18157.0,0.0293791239,61681.0,52250.40540540541,0.0122543403783783,1845.4245211945947,81.57134924509803,-63.005504617647055,-95.1060860392157,-35.82368537352941,681.6479088720954,4179.985535023998,1,1.615561255087005,82.72035510462904,1.690515269810167,1.690515269810167
783,INDIANA,TIPTON,18159.0,0.0296205902,76188.0,1464.0,-0.0014395347249999,29.534549675,78.18653252941176,25.71586794117647,2.1515487058823526,58.45594407058824,664.9911794680496,3771.7538185180983,0,-0.01791661848508806,47.622067216233354,2.2183239883080486,2.379649472849776
784,INDIANA,UNION,18161.0,0.0292494481,64648.0,576.5,-0.00898724675,7.523821,76.239167,33.39138985714286,0.6934812857142857,65.13384847142858,676.5177325581395,3605.3197674418607,0,-0.6771023051598192,34.17882054533925,2.1953893128448896,3.3308821212782065
785,INDIANA,VANDERBURGH,18163.0,0.031646806,60923.0,66111.3469387755,-0.0157790006204081,2121.4116404489796,78.09321303797469,-28.15786835220126,-61.15541487421384,13.179142840880507,656.1185733483358,3422.9304684672165,1,0.42849186451666493,57.95814838300571,2.4402797115788424,2.4402797115788424
786,INDIANA,VERMILLION,18165.0,0.0413059985,58743.0,1689.2,-0.0101303838079999,78.44565938000001,76.96887536842105,37.91743310526316,1.544331,69.71456187368422,660.2980245103765,4081.319915728868,0,-0.6401837965467665,34.971464806594796,1.5896479759351487,2.3718334352023556
787,INDIANA,VIGO,18167.0,0.0378396144,50665.0,22123.35714285714,-0.00661153418,812.5673370678571,73.76675724468085,-66.82767190425531,-104.80070576595745,-38.2565074893617,662.4430820652316,3628.252441798674,1,-0.27934459037401593,41.91502853519341,2.343700049892715,2.343700049892715
788,INDIANA,WABASH,18169.0,0.0307980718,60668.0,4025.25,-0.00584665825,346.443035125,76.43689278787879,33.57491136363636,0.8828195454545456,66.37533662121211,662.7311504190312,3938.506950764388,1,-0.054450482753411196,46.797717184527585,1.745465224539064,1.745465224539064
789,INDIANA,WARREN,18171.0,0.0294259527,74750.0,991.5,0.02402728155,5.9940593,78.688452,25.28657077777778,4.112247,55.75565167777778,673.0277440722614,3682.662381056485,3,-0.1707318667779083,44.13443246670894,2.091583952140996,2.9694554865881355
790,INDIANA,WARRICK,18173.0,0.0293426504,87293.0,10985.636363636364,-0.0036744640272727,169.10898037,81.7631496744186,23.14021658139535,2.904469023255814,64.93785698604651,671.077239876877,3619.2178893457176,1,1.0925400173927986,72.47939124920735,1.8008300281774854,1.8008300281774854
791,INDIANA,WASHINGTON,18175.0,0.0305245056,55682.0,1326.3333333333333,-0.0203402610833333,210.10945595,74.59177781818181,34.42740818181819,1.0528482727272723,68.69785186818181,659.1226291100501,3207.5479413833277,0,-1.0774797910807656,26.506024096385545,2.158647112500405,3.0965788247969543
792,INDIANA,WAYNE,18177.0,0.0344757656,52956.0,13153.29411764706,-0.0110517141235294,540.2218234547059,73.26947475,38.39305528846154,1.4870019615384615,68.63459285384616,659.9250585478583,3851.5177740213535,1,-0.37716740802336396,40.01268230818009,2.041809269839618,2.041809269839618
793,INDIANA,WELLS,18179.0,0.0268996118,69833.0,4870.0,0.007482705,261.4600802142857,80.37125065384615,27.562814269230767,1.175500076923077,60.70579793076923,688.7809012979535,4196.37896047775,1,1.145050784919783,73.68421052631578,1.4544383255116897,1.45443832551169
794,INDIANA,WHITE,18181.0,0.0268048871,67077.0,2440.625,0.02345287585,145.193460225,79.11806303846153,27.80785142307692,1.2652308846153846,61.240438315384615,658.2730265678375,3585.367098198873,1,-0.08655469546510978,46.19530754597337,2.1550009427758896,2.155000942775889
795,INDIANA,WHITLEY,18183.0,0.0274431058,76326.0,2387.0,0.0043483405714285,57.47676062857143,81.61169207142858,24.28621121428571,1.1436824285714289,58.8893908,663.6830516269008,3296.8887723839534,1,0.09815713115574883,50.285351934052,2.5351871053993595,2.5351871053993595
796,IOWA,ADAIR,19001.0,0.0237825595,67873.0,1426.3333333333333,-0.0066290192,14.486417726666666,89.62325755555555,28.534383666666663,1.6096241111111111,75.77414364444445,717.95,5165.0,3,2.233494810837228,91.66138237159163,1.6160633247326082,3.78192747514849
797,IOWA,ADAMS,19003.0,0.0223953262,63399.0,512.0,0.019927985,5.806216040000001,88.00151425000001,32.8738115,2.8424929999999997,77.483377475,716.1735169491526,4679.252118644068,3,1.4435016106606628,79.13760304375397,1.2680945268164283,4.015500710901132
798,IOWA,ALLAMAKEE,19005.0,0.0384074282,65586.0,996.4,0.0361460178,36.68539014,86.74188386666667,27.976375533333332,1.437996066666667,63.895104466666666,713.4420772477802,4798.8329652007515,3,1.38082489205606,78.3132530120482,1.5342027214360168,3.2632232033805297
799,IOWA,APPANOOSE,19007.0,0.0326808228,54629.0,1699.0,-0.0039190542719999,84.607527236,77.20531271428571,38.63283492857143,0.7081513571428572,73.6301844357143,678.2031941332574,3926.902924630546,0,-0.2954331515036731,41.50285351934052,1.9290128630837173,2.3720529371913814
800,IOWA,AUDUBON,19009.0,0.0224257738,64977.0,1058.6666666666667,0.0094845753333333,29.18957788666667,87.60438077777778,32.01605555555555,2.2509377777777777,72.07196807777778,730.3163265306123,5328.306122448979,3,2.405844602293078,93.11984781230184,1.9512854657759084,4.054657106835102
801,IOWA,BENTON,19011.0,0.0332384396,86364.0,735.8571428571429,0.0096222812714285,33.36623208571429,84.1636760952381,23.767859,1.2780710476190476,54.05944788095238,698.5393347174122,4606.460026559606,3,1.4892960544562177,80.2155992390615,1.3774834747835158,2.842520846847375
802,IOWA,BLACK HAWK,19013.0,0.0321147424,61558.0,36361.15789473684,0.0049136753405263,1099.0435244763155,81.4983695940594,31.842823415841583,1.5968837920792078,62.442378091089104,669.3765633545269,3901.0962528032073,1,0.8766474967295689,68.04058338617628,1.5374874414313726,1.5374874414313728
803,IOWA,BOONE,19015.0,0.0247862106,77381.0,3065.0,0.0133528569428571,229.82225112857145,84.64947126315789,26.672428526315787,2.3614864736842107,68.58375087894737,690.9205940733476,4656.9379909641175,3,1.8733147453380368,86.87381103360812,1.8071166538082941,1.8901138648244342
804,IOWA,BREMER,19017.0,0.025149528,79410.0,3440.875,0.0067566367525,135.6662133125,85.5337239,22.4678916,2.16712505,63.83975696,711.3165433217123,4863.611583276033,3,2.4093287474544427,93.15155358275206,1.7921013229185774,2.561578133868939
805,IOWA,BUCHANAN,19019.0,0.0292256972,80402.0,1649.6666666666667,0.0069082483333333,100.77515578333332,84.19675315789473,23.077242315789473,2.543695736842105,54.18709794736842,702.6842772817072,4413.849387127602,3,1.6579283973871102,83.35447051363349,1.4813415086486448,2.3528612923176135
806,IOWA,BUENA VISTA,19021.0,0.02360974,65671.0,3505.0,0.0248211112333333,100.46561998333334,86.92889853333332,28.464315666666668,2.4660688,64.15374985333334,693.0433600876604,4473.659872935701,3,1.5726974636122641,81.95941661382372,1.6132470390973086,2.2480058609871887
807,IOWA,BUTLER,19023.0,0.0308445532,73033.0,689.4,0.00585298942,7.560460660000001,84.09018721428572,28.8521945,1.1572005714285714,74.79281344285714,702.4664898398859,4322.215483551891,3,0.8942137333244141,68.26252377932784,0.8339671691955393,3.2330545405786064
808,IOWA,CALHOUN,19025.0,0.0272289157,63597.0,634.75,-0.0047644825,5.295718175,85.67663045454546,29.01880018181818,2.8474052727272725,74.043748,702.176235037687,4795.212871105385,3,1.046509640267655,71.55992390615093,0.8451356735278708,3.604236913965295
809,IOWA,CARROLL,19027.0,0.0235428137,61806.0,4523.0,-0.0004527881,204.65313816666665,89.14365913043478,28.649347,1.8851714782608695,73.02101832173913,718.3257008634527,4604.674545462315,3,2.223531780054602,91.50285351934052,2.196233163615879,2.9928012911442363
810,IOWA,CASS,19029.0,0.0267379679,59509.0,1991.0,0.0097170433399999,96.17100122,85.152682,33.7136372,2.4267283333333336,81.05766297333334,700.0297528088482,4344.7758721252385,3,1.1340108163100089,73.43056436271401,1.4356053336176389,2.5178942551118366
811,IOWA,CEDAR,19031.0,0.0297539577,77777.0,1029.2,0.0119144023419999,17.713160879999997,88.46670594999999,21.2722349,0.93004575,66.65291423,704.3121431630334,4579.42312603998,3,1.6706069354438355,83.54470513633481,1.067456409391296,3.096648519115488
812,IOWA,CERRO GORDO,19033.0,0.0306651635,63161.0,10996.454545454546,-0.0066899321181818,304.0150418181818,86.65933054761905,32.19891090476191,2.308080642857143,72.42084030476191,688.4696512491265,4711.066870972314,1,1.6980600200369482,84.08370323398859,1.8676992532078887,1.8676992532078887
813,IOWA,CHEROKEE,19035.0,0.0247135843,70197.0,1051.75,0.0048180612749999,45.469398825,87.67329014285714,32.29540892857143,2.1088155,74.22886467857143,696.8776556289714,4567.656546705635,3,1.5037273722447062,80.65948002536462,1.077438961258798,2.833250844791623
814,IOWA,CHICKASAW,19037.0,0.0248627212,73547.0,1857.5,0.0374360295,52.2919836,81.79184435714285,29.912072714285717,2.502300714285714,66.37300927857143,734.5796195652174,4368.801777848747,3,1.91554983379028,87.44451490171211,2.0562451002413216,3.4582513189384105
815,IOWA,CLARKE,19039.0,0.0285600952,65162.0,1332.6666666666667,-0.0108253778333333,120.18107366666668,82.722914625,33.04067025,1.064046375,64.28018188749999,669.5133828932402,4309.308956688712,3,0.5012869945519248,59.765377298668355,1.997696208841253,2.192984407451285
816,IOWA,CLAY,19041.0,0.0289145389,72021.0,3751.75,0.000725652575,149.7470288375,88.46594633333333,29.74115877777778,1.494095,72.8871618888889,709.2574571878806,4971.699499652766,3,2.327444758056705,92.45402663284717,1.8662262989856528,2.6571437675257603
817,IOWA,CLAYTON,19043.0,0.0397614314,65814.0,974.1666666666666,-0.0008969859616666,8.958430786666666,86.13636268421052,28.993859631578943,1.7861698421052632,62.23415375263158,723.1008823853616,4203.19957529645,3,0.9431674448635058,69.46734305643628,1.7639632219733015,3.7191152081882644
818,IOWA,CLINTON,19045.0,0.0374977136,67095.0,8894.25,0.0006724376166666,498.349919825,82.42048097916667,29.2349173125,1.7173961666666668,59.363208297916664,665.7587881423834,3943.0202359645536,1,0.550527832105859,60.77996195307546,1.3641889177514794,1.3641889177514794
819,IOWA,CRAWFORD,19047.0,0.04798563,64170.0,1365.8,0.0146950715399999,51.63032697999999,82.51763041176471,29.850498470588235,1.9775789411764704,76.25615558235295,710.961965983532,4876.93745258059,3,0.9418991069402027,69.43563728598605,1.9376170420635697,3.080391104518306
820,IOWA,DALLAS,19049.0,0.0220939999,102189.0,27425.466666666667,0.0515120644733333,445.12359271333327,85.9855678372093,19.640732558139536,6.924335837209302,56.941930927906974,677.8523702873882,4737.4956105643505,1,3.0464658878630213,96.86112872542803,2.526374489388267,2.5263744893882665
821,IOWA,DAVIS,19051.0,0.0244690674,66410.0,945.5,-0.00105743785,3.65866725,81.503327875,32.697388375,1.864898375,67.621868125,689.83422556926,3819.9257787792535,3,0.18693142328098283,52.282815472415976,1.5838650634737,3.337016833100313
822,IOWA,DECATUR,19053.0,0.0244577757,54409.0,1138.0,0.0578608060666666,14.525905666666668,79.68192225,40.467548375,1.874509,71.306237225,692.9617841275425,4353.88210707399,3,0.3241223236640916,55.48509828788839,1.7720080297534784,3.2588155223115813
823,IOWA,DELAWARE,19055.0,0.0262323436,69339.0,1520.0,0.0245925584749999,108.486493925,87.9296,25.988286,1.6797233333333332,58.15259827222222,717.0846369101674,3926.325612595319,3,1.591128910284214,82.24476854787571,2.021572067551407,3.0979813396493703
824,IOWA,DES MOINES,19057.0,0.0416132091,60599.0,13700.09090909091,0.0072900563890909,716.1791585272726,78.63713767441861,34.23786220930233,2.045194953488372,66.32827768139535,660.828588812262,4001.210357326309,1,0.11990270180189236,50.66582117945466,1.5009335381485618,1.5009335381485616
825,IOWA,DICKINSON,19059.0,0.0289624145,80922.0,3921.6,0.00096713008,170.6439307,88.00258733333334,27.9842264,3.0905542666666665,70.41671600666668,706.900879920552,4893.652057539598,3,2.4810608603013757,93.72225745085606,1.997283328084256,2.5059107022092335
826,IOWA,DUBUQUE,19061.0,0.0290512205,72749.0,31982.23076923077,0.0106019873846153,1288.9219159615384,86.540720225,27.90743705,2.0439118625,60.28325543625,689.2395428587569,3921.361863066018,1,1.9066521336301772,87.4128091312619,1.7704264410480968,1.7704264410480968
827,IOWA,EMMET,19063.0,0.0313929314,61500.0,2417.0,0.0045947509875,158.953716025,85.45658045454546,33.388349909090905,2.8159158181818182,64.51891708181819,694.0369952436026,4769.166261987536,3,1.336669271305005,77.48890298034242,1.5812026837712119,2.250976862221269
828,IOWA,FAYETTE,19065.0,0.0322304621,62103.0,1381.2857142857142,-0.0034956103285714,69.79993262857143,82.91119754545454,33.412476954545454,1.3760921363636365,66.30827107272727,685.560573496555,4230.696293212113,3,0.5078569169961968,59.92390615091947,1.5111138659778505,2.320687021044847
829,IOWA,FLOYD,19067.0,0.0336515513,67582.0,2996.2,-0.0198580593799999,75.66736874,83.06141111764705,33.12553952941177,1.5947727058823529,65.14531707058823,681.5878545593007,5112.434113082518,3,1.252886842213179,75.93532022828154,1.899639220713018,2.3312187746355626
830,IOWA,FRANKLIN,19069.0,0.0277047168,71041.0,2319.0,0.0215500369666666,33.034068633333334,86.36835527272727,26.279630454545455,2.997329090909091,71.08371387272727,702.7602440502533,5088.955443091124,3,1.9231833333997543,87.60304375396322,1.1670117134706839,2.7999799212664884
831,IOWA,FREMONT,19071.0,0.0230352304,72129.0,860.3333333333334,-0.0135078043,5.1502566666666665,82.324521625,31.605486875,2.259795875,74.2451891875,693.2306477383307,5294.842730796999,3,1.3986417086741552,78.50348763474952,1.3669590256886965,3.567957398487823
832,IOWA,GREENE,19073.0,0.0224655465,63082.0,707.75,0.01043101125,5.69122735,86.63809111111112,31.30853677777778,3.060081,74.28638459999999,690.7365068339342,4830.741159134346,3,1.0697268611198298,72.13062777425492,0.9115930366379915,3.481947451315409
833,IOWA,GRUNDY,19075.0,0.0278909433,81093.0,952.5,0.0025021895625,11.499559925000002,86.77298016666667,20.54827925,3.178788583333333,66.437051775,708.4890305802352,4355.256636578651,3,1.5802144788600054,82.08623969562461,1.242715703131536,3.272898277858768
834,IOWA,GUTHRIE,19077.0,0.0297443034,78027.0,963.6666666666666,0.0274446293333333,5.924150933333333,84.1417306,28.415463,1.463426,74.16230622,687.7219631636755,4989.806584739462,3,1.2713914486915427,76.34749524413444,1.0502561797525884,3.1104783478733564
835,IOWA,HAMILTON,19079.0,0.0272935124,71731.0,2889.8,-0.01157744096,67.08160302,82.59755023529411,30.87735194117647,2.1613434705882355,75.12488129411766,694.2240225505082,4584.203926534343,3,1.3805700530922982,78.28154724159798,1.401147036269057,2.1761052437142685
836,IOWA,HANCOCK,19081.0,0.0276742948,67979.0,1618.75,-0.006794596575,13.1719086,86.20282684615384,26.29344907692308,1.261648153846154,76.00417854615385,710.2200242384943,4550.112754497483,3,1.4462399032532165,79.23272035510462,1.017822138190847,3.173920401742014
837,IOWA,HARDIN,19083.0,0.0308704453,67903.0,1703.8333333333333,-0.0054806854,32.15554233333334,83.19195895,30.0527893,2.0068007,72.063383855,710.7934934814864,5290.523359285131,3,1.7544301878574675,85.00317057704501,1.3940841815457539,3.144799557075813
838,IOWA,HARRISON,19085.0,0.0271512114,63139.0,770.0,0.01938800986,40.141831360000005,83.45063878571429,27.987070142857142,1.3374463571428572,67.74512427857142,689.4039527352744,4735.774755694739,3,0.9160990775643783,68.73811033608118,0.8825065267132125,2.747753197214921
839,IOWA,HENRY,19087.0,0.0330317235,65627.0,3462.4,0.0027195232,141.85280744000002,77.883039875,33.620697,2.7993835625,64.97075723125,690.9484001352073,4135.93632299054,1,0.5844995844113721,61.82625237793279,1.7096818594480523,1.7096818594480523
840,IOWA,HOWARD,19089.0,0.0318747642,67552.0,2335.6666666666665,0.0074227489666666,122.94598946666666,85.7630768,32.2366101,2.4711973,67.30922964999999,730.9023622047245,4723.356299212599,3,2.0768061583082695,89.53709575142676,1.9912321298984583,3.2255245831522426
841,IOWA,HUMBOLDT,19091.0,0.0267068273,72307.0,1691.75,-0.01172125475,98.657049845,87.28179781818181,27.170778272727272,1.4090662727272727,73.7544528,707.1228371332627,4559.483019844831,3,1.832004195255581,86.08116677235257,1.575567179957379,2.7794885532470377
842,IOWA,IDA,19093.0,0.020923705,71238.0,1907.6666666666667,-0.0015064845,21.8533094,88.45920242857143,30.80732857142857,2.2026714285714286,74.86291177142857,728.7951754385965,4310.736842105263,3,2.093701949401201,89.7590361445783,1.8913349135636872,3.6921382356582404
843,IOWA,IOWA,19095.0,0.0276572121,75419.0,2315.75,0.0015744976349999,15.26158145,89.34021521428572,21.60213428571429,2.5737914285714285,64.67914143571429,700.5409243726139,4472.422681452364,3,1.7126992825229117,84.33734939759037,1.2498909540837622,2.8987954249977754
844,IOWA,JACKSON,19097.0,0.0347464829,74910.0,1378.0,0.0016027482166666,105.37339237166668,83.99802695454547,32.02252527272727,1.8301123181818184,63.197650554545454,711.2590069580756,4208.632758200313,3,1.333554013537185,77.42549143944197,1.6798339572027274,2.645627094957835
845,IOWA,JASPER,19099.0,0.0303972551,72394.0,3100.1111111111113,0.0042366319222222,297.31360071111106,80.68133308571429,28.04936262857143,1.3713200857142858,59.37730647714286,678.3481221957438,4154.68697204606,1,0.8665202761188763,67.81864299302474,1.3849331438315846,1.3849331438315844
846,IOWA,JEFFERSON,19101.0,0.0268429883,58146.0,4033.25,0.0390518048274999,166.88846452500002,78.3005613076923,33.412972230769235,2.449085307692308,62.89165231538462,687.0807692307692,4526.957264957265,1,0.800281800949341,66.51870640456563,1.9319328927855102,1.9319328927855102
847,IOWA,JOHNSON,19103.0,0.0240360772,74665.0,43377.083333333336,0.0106499600333333,3664.691417354167,87.54402643055556,31.284080916666667,3.794990555555555,64.87966460972223,694.0961254777584,4258.31567532616,1,2.607866550465536,94.61001902346227,2.145854596731727,2.145854596731727
848,IOWA,JONES,19105.0,0.0351403679,74193.0,1673.6,0.01580257576,91.1934609,82.48817955555555,26.32082683333333,1.428883777777778,57.59341938888888,690.2273204865475,4141.548217567191,3,0.8498935668076111,67.37476220672163,1.6149494706922216,2.009604931917065
849,IOWA,KEOKUK,19107.0,0.0326623623,65656.0,495.25,0.0010956664749999,6.756736474999999,83.76936423076924,33.79791584615385,0.6336739230769232,68.92439886923077,690.8253060219789,4187.860190021955,3,0.26415538802906974,54.05833861762841,1.1505211434873357,3.2962549645457813
850,IOWA,KOSSUTH,19109.0,0.0248545102,66667.0,1716.5,0.0085881483,97.34940118833332,87.21237277777777,28.391337555555555,4.014412166666666,73.04504395,713.831345436739,5102.163844137136,3,2.175304674860976,90.86873811033608,1.5934051018642386,3.1098360501884286
851,IOWA,LEE,19111.0,0.04101616,60053.0,4916.454545454545,0.0076081170081818,403.0615310727273,78.39999711764706,34.47286332352941,0.8466115,68.13989840588235,673.2887324646074,4158.978020028958,1,0.1555977867738499,51.458465440710214,1.5103438776533549,1.5103438776533549
852,IOWA,LINN,19113.0,0.0346781619,73079.0,63719.555555555555,0.0120492860533333,1542.2189085733332,85.45993540145986,26.220710700729924,2.8221484233576644,66.77409941386861,676.1803692779378,4046.609143541214,1,1.7160016931751754,84.4007609384908,1.6018169343108744,1.6018169343108744
853,IOWA,LOUISA,19115.0,0.0322093608,76120.0,1146.3333333333333,0.0095052748,8.704132566666667,82.1935175,27.30837191666667,1.0250122499999998,63.094558416666665,664.6295344341554,3772.80523416826,3,-0.03231458162281554,47.24159797083069,2.184940145777111,2.8066108467100355
854,IOWA,LUCAS,19117.0,0.0243412238,59540.0,1533.75,-0.0097305009749999,72.38499883,75.418201,38.0660477,0.8179094000000001,62.68647843,701.9616525423729,4077.442803661468,3,0.40978087047288025,57.32403297400127,1.8665188559109769,2.7347376313829828
855,IOWA,LYON,19119.0,0.0198363157,74790.0,1362.6666666666667,0.0303523043333333,8.1100652,89.30300576923077,26.864464230769233,1.9378486923076923,75.68119635384616,713.0406358410279,4648.751180946604,3,2.0575414463459025,89.3151553582752,1.440109386773437,3.6319233506608914
856,IOWA,MADISON,19121.0,0.0346257284,84509.0,1925.6666666666667,0.0030517512666666,105.94570303333332,86.599473,26.500383916666667,4.102359833333334,51.99559100833333,689.3845971525456,4470.205824159234,3,1.608521556232906,82.59353202282816,1.8426174153423183,2.1783402659219457
857,IOWA,MAHASKA,19123.0,0.0259814769,71332.0,4027.857142857142,0.0091923040571428,255.6612963,83.42792871428571,32.42084904761904,1.2328590952380951,62.49498132380952,681.3709753124315,4277.58460693604,1,1.2677034552189785,76.25237793278376,1.5208300225487728,1.520830022548773
858,IOWA,MARION,19125.0,0.0223253416,79709.0,3619.0,0.0006622018999999,365.0205988375,85.31883242857143,25.356567,1.797978107142857,58.23581572857143,684.1863431347444,4744.1751544914105,1,2.057978032506071,89.34686112872544,1.9191867724268519,1.9191867724268517
859,IOWA,MARSHALL,19127.0,0.0634610971,64005.0,7937.5,0.03267856814,391.95615517,80.60091795121951,29.83062780487805,1.485015268292683,61.081070878048784,675.3069836840157,3903.758314429715,1,-0.20222061073785758,43.373493975903614,2.814186210703673,2.814186210703673
860,IOWA,MILLS,19129.0,0.0265066964,82260.0,2749.2,0.0405839436,103.00854124,77.80212469230769,21.572536461538466,2.4687463846153843,63.03677836923077,685.9432690921761,4372.930775809183,1,1.2157913144198942,75.04755865567533,1.8458319603556124,1.8458319603556124
861,IOWA,MITCHELL,19131.0,0.0226182317,74249.0,1100.6666666666667,0.0126121505,105.80658986666668,86.30952058333332,26.131905916666668,1.0478306666666668,59.04307778333333,732.6058333333333,4825.719444444445,3,2.4717140882794215,93.53202282815472,2.0089314188559033,3.6127541394121665
862,IOWA,MONONA,19133.0,0.0279799818,59814.0,1113.25,-0.01798476425,47.019745525000005,84.30893158333333,34.63088058333333,1.4145641666666666,78.77924600833333,707.9201928367484,4617.958714453781,3,1.1595097812637953,74.03297400126823,1.3892783193442042,3.133269164214724
863,IOWA,MONROE,19135.0,0.0275713258,65959.0,870.3333333333334,0.0185957875666666,7.97122741,78.586238125,30.280221875,0.8257976250000001,62.6088419,688.0798003565063,4348.817664194915,3,0.29119866878056505,54.75586556753329,0.8901148885304931,2.8860166341352183
864,IOWA,MONTGOMERY,19137.0,0.0264211369,60487.0,1659.25,0.0003443982,139.0568839,78.125043,36.31547391666667,2.3275341666666667,67.57857863333334,694.0066369443429,4326.599851183969,3,0.6494307053551215,63.443246670894105,1.6313911944640467,2.246681325088143
865,IOWA,MUSCATINE,19139.0,0.0317891064,66309.0,9947.1,0.0068693926958999,1012.5780772,82.77182735294117,25.60159817647059,1.7187422941176471,57.27118177941176,670.9408105799878,4097.774579588486,1,0.9869311767396148,70.25998731769182,1.194195041852419,1.1941950418524192
866,IOWA,O BRIEN,19141.0,0.0239164744,69914.0,1387.0,0.008698954875,69.51423532499999,87.6424183125,34.001965125,2.811555375,76.422973875,713.8298077298223,4610.396797861376,3,1.9297547718647965,87.69816106531388,1.3815237900882746,3.0527642587280748
867,IOWA,OSCEOLA,19143.0,0.0191885965,72569.0,1058.5,0.0050636894999999,7.106412049999999,86.360714125,30.571187,2.313872125,76.0538706875,712.7375726446859,4222.694235859645,3,1.499326342625476,80.46924540266328,1.3679290413621938,3.6010756625227023
868,IOWA,PAGE,19145.0,0.0258751903,60695.0,1828.1666666666667,0.0082689100499999,161.98525938333333,79.83160068421053,-494.66326557894735,-524.3319194736841,-462.9127285578947,693.9165130302338,4187.399013288248,2,1.5468334664770604,81.54724159797084,2.1273471230824708,6.20258803489864
869,IOWA,PALO ALTO,19147.0,0.0252175854,64952.0,867.25,0.01472942716,33.3989843,88.81560963636365,34.822160363636364,1.653859909090909,74.1782882,702.8410737869818,4630.359333343029,3,1.4841536140902611,80.02536461636018,1.0549558721641865,3.1680382218567535
870,IOWA,PLYMOUTH,19149.0,0.021088802,74765.0,2867.1666666666665,0.0248569,116.43379978333331,89.44308709090909,21.70995863636364,3.521457681818182,64.76612498636364,695.041964432934,4479.680850782967,3,2.0552221273070663,89.22003804692454,1.8216094559232767,2.482920220548855
871,IOWA,POCAHONTAS,19151.0,0.023023023,68654.0,883.3333333333334,0.0200056671,5.994415696666667,86.41555066666666,34.743941444444445,1.2647122222222222,76.50552918888889,717.3993308788558,4520.276415076748,3,1.510645826859707,80.75459733671528,1.1182675467023215,3.7172110175345074
872,IOWA,POLK,19153.0,0.0287041729,79509.0,100611.20408163263,0.0082012783329591,1489.292681212245,84.5194723820598,-7.112779013245032,-29.814520480132447,32.816335945695364,666.0500484162416,4118.737447666956,1,1.9970607422592568,88.45909955611921,1.7008322775365403,1.7008322775365403
873,IOWA,POTTAWATTAMIE,19155.0,0.0288826746,70768.0,49787.3,-0.0065235812866666,906.0674703833334,82.63927829032258,29.52937623655914,1.855888505376344,59.07909370752688,669.5008756167637,4125.653834182977,1,1.4543273976536173,79.42295497780596,1.446654106933723,1.446654106933723
874,IOWA,POWESHIEK,19157.0,0.0292460163,73434.0,4013.8,0.009000693666,164.14455120000002,87.28960211764706,27.60398570588235,2.523323235294118,71.74587900588234,692.0572839598997,4639.008145781119,3,1.8212230700643992,85.95434369055168,1.7635300761560968,1.9469908216700278
875,IOWA,RINGGOLD,19159.0,0.0221370796,61463.0,657.0,0.01506443995,2.96475515,85.02917333333333,32.852948166666664,2.1014363333333335,67.57528115000001,707.62375,4194.15,3,0.7667420513419249,65.5992390615092,1.2459699491348544,3.816347387280825
876,IOWA,SAC,19161.0,0.0239396795,72395.0,773.5,0.009539259375,13.708346925,88.20385350000001,28.86762575,2.814324875,75.624424925,707.3957969599078,4983.050445120577,3,1.8648631183139168,86.68357641090678,1.0538447742207406,3.511564136251285
877,IOWA,SCOTT,19163.0,0.0346342577,77100.0,62907.063829787236,0.0056262600197872,1266.0785723446809,80.30215236290323,29.009078048387096,3.6415078870967745,66.6228585701613,667.7983031901432,4017.9512345420194,1,1.3384613651152826,77.52060875079265,1.3244969852883883,1.3244969852883883
878,IOWA,SHELBY,19165.0,0.0243561899,68695.0,2670.5,0.0341145565,26.93490325,86.65495146666667,29.983270533333332,2.2222956000000003,73.44710540666667,698.9735510430306,4459.0450592585075,3,1.5181374244335313,80.97653772986683,1.247788573229356,2.6716825411126375
879,IOWA,SIOUX,19167.0,0.0188094521,85985.0,5508.285714285715,0.01974928788,203.63547618571428,90.87077130769232,22.408863807692303,2.9245645,54.01293365384616,731.4574859931411,4466.338831998086,3,3.304335398942548,97.71718452758402,2.875475402864757,3.4871349284812676
880,IOWA,STORY,19169.0,0.0214267751,71539.0,22847.85,0.0008874612111111,747.222425645,88.67311585714286,-287.0839702222222,-314.71481928571427,-261.5412544396825,690.6733797186034,4846.100158139424,1,3.1462109405571614,97.14648065948003,3.9528718157462275,3.952871815746228
881,IOWA,TAMA,19171.0,0.0392984735,66288.0,1976.8333333333333,-0.0059921451333333,32.83695788,82.81136375,28.1317216,3.0016825000000003,61.12108098,687.7529105788115,3752.391629285766,3,0.1678985391218964,51.77552314521243,2.051586926810538,2.5468443557675204
882,IOWA,TAYLOR,19173.0,0.0222504768,59116.0,600.6666666666666,0.01261357639,3.59302859,83.69572633333333,35.36368,2.0317545555555556,69.44793871111112,683.1831269120743,3790.9515815568448,3,-0.04591335732459326,46.98795180722892,1.8186971879356177,3.620483459931398
883,IOWA,UNION,19175.0,0.0302064105,59066.0,2658.75,0.02530765815,224.893131125,86.45330600000001,37.75995653333334,1.098975466666667,68.35662714666667,685.6348548035136,3937.174029118985,1,0.768687340967483,65.63094483195941,2.2312749349950765,2.2312749349950765
884,IOWA,VAN BUREN,19177.0,0.0305843801,57666.0,1002.0,-0.00203605145,4.21652245,77.51857433333333,33.08483966666667,1.1258437777777777,68.68589995555556,704.5521153846155,4602.55,3,0.31210481660260486,55.13633481293595,1.0853957375741803,3.411574468516912
885,IOWA,WAPELLO,19179.0,0.0348211081,61642.0,10499.636363636364,0.0095510170454545,424.1368315290909,78.17402891891892,37.80806256756757,2.075181108108108,67.07261879189188,663.7517531074163,4259.581435509774,1,0.39243045375028024,56.75332910589728,1.1409537166657393,1.1409537166657393
886,IOWA,WARREN,19181.0,0.0259928041,92695.0,5549.416666666667,0.0283778707916666,213.86266920833336,87.26280672413793,19.160502172413793,3.062194068965517,59.311586113793105,685.1733531828988,4888.319537250523,1,2.5791024611637248,94.48319594166138,2.1684330345599996,2.1684330345599996
887,IOWA,WASHINGTON,19183.0,0.0260301848,75136.0,3320.8,0.0222956019,122.04749734,86.32764494736841,25.40840347368421,1.5811594210526316,70.21588196315788,682.7190860637946,3880.180941321192,1,1.2104759186238716,74.98414711477488,2.0307489023021277,2.0307489023021277
888,IOWA,WAYNE,19185.0,0.0294995028,59904.0,619.6666666666666,-0.022544708,3.1427487,79.70239766666667,39.029668,0.8825105,70.98004976666667,689.6007733236835,4696.287327052033,3,0.19751121952607198,52.66328471781865,1.4011905200334733,3.5878347835504467
889,IOWA,WEBSTER,19187.0,0.0311645121,63557.0,9549.833333333334,-0.0007992134666666,637.571149725,82.73675681578948,34.311426684210524,1.2421648421052631,68.34226668157895,682.1480809249381,4056.0023452862065,1,1.018658227838674,71.02092580849715,1.4465510914477302,1.4465510914477302
890,IOWA,WINNEBAGO,19189.0,0.0379926859,65086.0,1246.0,-0.0126591745333333,87.22905433333334,88.95929178571429,29.98609192857143,0.8800523571428572,60.05388395714285,719.3669173441734,4509.9041147040425,3,1.544100856613313,81.48383005707038,1.9874612278667116,3.324037501495712
891,IOWA,WINNESHIEK,19191.0,0.0321551724,80932.0,2976.8,0.0220839088999999,60.60736322,89.79472835,24.49937625,2.34822285,54.583038135,716.8236696188128,4405.864401304362,3,2.2192274683478836,91.43944197844007,1.9261236619120055,2.9243250500052764
892,IOWA,WOODBURY,19193.0,0.0287143751,65984.0,22713.846153846152,0.0080726733224,1004.2974165115384,83.21281550467289,-59.33667666666667,-91.00591373148148,-28.479778410185183,663.9133047477354,3937.109336567796,1,1.1588800501784682,74.00126823081801,1.5196956572458757,1.5196956572458757
893,IOWA,WORTH,19195.0,0.0295505339,75449.0,645.6666666666666,0.03626223,8.026773833333333,88.3812413,25.8880218,3.2821045000000004,58.79970608,696.0538706462677,4487.008836430133,3,1.2442585442329397,75.71337983512998,1.2173960016396739,3.360438587749037
894,IOWA,WRIGHT,19197.0,0.025804493,74189.0,1395.6,0.02081100426,30.880911760000004,85.20946776923077,33.134334,2.2702863076923077,72.55284412307692,698.3616242928229,4539.209978374418,3,1.469536481197462,79.7717184527584,0.8755097159845843,2.651298159050412
895,KANSAS,ALLEN,20001.0,0.0281321557,54761.0,2781.0,0.00102642422,62.27090564,83.69350115384616,38.89078992307692,0.1961386923076923,68.16822961538462,658.0286796876004,3857.152932672296,0,-0.12399708037893155,45.275840202916925,2.3808255065955013,2.4869243039766524
896,KANSAS,ANDERSON,20003.0,0.0210932184,61742.0,878.0,0.00132000935,6.036117910000001,79.71821314285714,35.21777085714286,0.6948460000000001,66.0186544,682.515535298884,4328.025596591651,3,0.2603829699397113,53.83639822447685,1.2601161370933223,3.1538165533980855
897,KANSAS,ATCHISON,20005.0,0.0336196682,65818.0,3808.0,-0.0030558965749999,507.662980225,79.3246850625,32.887631,1.1253546875,64.8918228125,675.553439505093,4655.5419861671435,1,0.8747127588889377,67.97717184527585,1.391804879064572,1.391804879064572
898,KANSAS,BARBER,20007.0,0.0243470562,59514.0,801.0,0.0111773574999999,1.534002195,81.606266,33.822966,1.5429821666666663,69.01410103333333,702.9412929189166,4659.268156279357,3,0.6480014041370854,63.41154090044389,0.9138998110348682,3.7250384709962834
899,KANSAS,BARTON,20009.0,0.0266572858,58568.0,6100.125,0.0218639655875,705.6178269425001,87.49352776666666,30.160121633333333,2.2565378333333332,73.51241278,675.7006672765032,3648.373815066429,1,0.8517319993286565,67.43817374762206,2.238444096463513,2.238444096463513
900,KANSAS,BOURBON,20011.0,0.0340103159,54428.0,3395.4,-0.0199754472579999,255.194355962,74.4129725625,40.548466125,0.651615625,69.81596635625,666.0234289741472,4403.252572543815,1,-0.16539792767495345,44.29296131896005,2.0975654167487616,2.097565416748762
901,KANSAS,BROWN,20013.0,0.0281844003,58989.0,2721.6666666666665,0.0119233796333333,33.1114823,81.93181454545454,42.20849063636364,1.446703454545455,82.38820022727272,675.3845584088142,3958.792614697943,3,0.17447701131276286,52.06087507926442,1.8655667245116703,2.2933912504578506
902,KANSAS,BUTLER,20015.0,0.0266465257,76742.0,3706.923076923077,0.0156366338615384,415.9564768692308,81.34654197619048,23.74739554761905,2.576211880952381,62.816571328571435,661.0775148759168,4323.155011070321,1,1.0104975763197077,70.70386810399492,1.347859640185315,1.347859640185315
903,KANSAS,CHASE,20017.0,0.0234248788,62302.0,600.0,-0.026543159,0.58080876,80.87859399999999,41.1716865,1.084496,73.528102875,702.7891666666667,5587.283333333333,3,1.1393672770234153,73.62079898541535,2.134127594481274,4.520213090317893
904,KANSAS,CHAUTAUQUA,20019.0,0.0281588448,49510.0,695.0,-0.03134704,1.1269705,72.84086933333333,40.074262833333336,2.141983833333333,74.9827881,668.6044140383426,4035.1593692022266,0,-1.2746947616027686,23.49397590361446,2.45880187613745,4.041090762401036
905,KANSAS,CHEROKEE,20021.0,0.0268677587,55853.0,1751.8333333333333,-0.01426787165,40.573003453333335,72.72255852380952,35.191452142857145,1.119739619047619,70.21509606666666,655.9664243281409,3473.806057411412,0,-1.1063461082947892,26.093849080532657,1.7609856227440508,3.02771552719359
906,KANSAS,CHEYENNE,20023.0,0.0254306809,52424.0,746.0,0.0020237165,0.70694107,85.10551375,35.198648750000004,1.21442125,68.13972185,725.0845588235294,5871.044117647059,3,1.6833400609054159,83.70323398858592,2.5633724993170914,5.042938918294886
907,KANSAS,CLARK,20025.0,0.0199275362,64998.0,482.0,-0.019375501,0.49557164,81.2178565,38.985496,3.5446235,65.6293869,673.285294117647,3940.8823529411766,3,-0.23251784044391793,42.73937856689918,2.2717308971485415,4.029465313109084
908,KANSAS,CLAY,20027.0,0.025467353,66389.0,2823.0,0.0153180525,64.84822656,79.77030522222223,31.506383222222222,1.848108111111111,77.308442,687.4740563784043,3998.3172915007694,3,0.6466686729222602,63.28471781864299,1.687389232296043,2.0237283584569057
909,KANSAS,CLOUD,20029.0,0.0277478448,60403.0,1469.0,0.00523639165,69.513572485,82.05174433333333,39.926539166666664,0.8150979166666668,75.13173613333333,700.7514159949424,4415.652452701033,3,0.9083932625764488,68.61128725428028,1.1774029324949546,2.5548143957949527
910,KANSAS,COFFEY,20031.0,0.0329520697,67933.0,1448.3333333333333,0.0356473826666666,40.24531923333333,82.95839649999999,27.084228625,1.813900875,70.368023875,683.2934190879741,4244.801856335755,3,0.5948466216367735,62.17501585288523,1.4562726902903393,2.292431348881069
911,KANSAS,COMANCHE,20033.0,0.0256709452,51956.0,720.0,0.034991,0.74337375,92.856475,36.202368666666665,2.953216333333333,65.1898956,714.35,4552.0,3,1.1308087218649856,73.33544705136335,2.0817807859328825,4.5983445477079545
912,KANSAS,COWLEY,20035.0,0.0299382716,57549.0,4298.545454545455,0.0199790291454545,278.6872985581818,77.85301563636364,34.85500575757575,1.478419666666667,68.19238627878788,659.0163855921606,4050.846783870507,1,-0.032252503730356936,47.27330374128091,1.726572784892658,1.7265727848926582
913,KANSAS,CRAWFORD,20037.0,0.0284263428,52285.0,8045.727272727273,0.0253239104727272,378.4174634,75.47839547058823,41.70941479411765,1.111198676470588,70.60371903529412,668.2658226655196,4180.965245809949,1,0.11224288873202135,50.570703868104,1.7408031763593852,1.7408031763593852
914,KANSAS,DECATUR,20039.0,0.0288624788,54613.0,875.0,0.0264285939,19.590166869999997,85.648498,40.5481015,0.32894725,84.397327425,706.6936452241716,4990.91346528715,3,1.1530148553939006,73.8427393785669,1.2043270316491936,3.4698304103487816
915,KANSAS,DICKINSON,20041.0,0.0284255714,63417.0,1548.0,-0.0036341413833333,92.40621533333332,84.55890452631579,28.774866210526312,2.044566684210526,62.80432891578947,666.2666005539459,4173.434217708896,3,0.42998602958024323,58.02155992390615,2.0766515551754914,2.2461925140216783
916,KANSAS,DONIPHAN,20043.0,0.0250807052,63765.0,891.6666666666666,-0.0048397027666666,6.305532833333333,82.5919728,30.7842279,0.8735001,64.64718970999999,667.0269796685002,3926.683928317336,3,-0.12200568693650429,45.370957514267594,1.9704996662870466,3.1523529036176403
917,KANSAS,DOUGLAS,20045.0,0.0258335837,68561.0,26862.0,0.0147297822863636,836.8405070363638,85.74172421538462,33.48136289230769,2.881594369230769,61.86428493230769,670.092613736497,4040.365615967688,1,1.488106819433274,80.12048192771084,1.5338231960527233,1.5338231960527233
918,KANSAS,EDWARDS,20047.0,0.0234432234,59055.0,473.0,0.00730550055,22.1484526,80.76781575,31.477180250000004,2.309331,79.94236755,690.0265303030302,4217.070238095238,3,0.26808329080129734,54.24857324032975,1.2685054504145281,3.1584464945113533
919,KANSAS,ELK,20049.0,0.0248075278,48121.0,609.0,-0.015345284,0.92508513,73.34604879999999,43.329189,1.486822,75.93512192,679.4318431851797,4542.579922482952,3,-0.7334279372055351,33.227647431832594,2.2284464806655673,4.014621051148786
920,KANSAS,ELLIS,20051.0,0.0192744424,59048.0,8608.333333333334,0.0282101552666666,259.89702675,90.260624,34.688962599999996,1.68204912,73.796539008,694.5987434192642,5073.8610983698645,3,2.362791398372854,92.7710843373494,2.555468382842664,2.7666439711433757
921,KANSAS,ELLSWORTH,20053.0,0.0235201882,65396.0,1138.0,0.0210555236,6.16239887,78.83450616666666,30.127512,1.7011815,65.59766706666666,702.4995666590079,4207.792406331952,3,0.5799300587523663,61.66772352568167,1.0321046184511615,3.171106663258964
922,KANSAS,FINNEY,20055.0,0.0206671854,67640.0,10228.416666666666,-0.0107305795499999,756.6677586000001,84.64869623333334,24.3069395,3.474786866666667,60.23191226666667,675.5504332713466,4717.651422413865,1,1.8402579656812914,86.14457831325302,1.83377302822183,1.8337730282218299
923,KANSAS,FORD,20057.0,0.0213450788,68766.0,8806.0,0.0267820817142857,488.328441,80.86359212,25.913936680000003,2.17322844,61.724959719999994,666.4194171094108,4416.284175656311,1,1.233896249711259,75.45973367152821,1.3731851935884176,1.3731851935884176
924,KANSAS,FRANKLIN,20059.0,0.0251366849,67883.0,5097.8,-0.0081637870199999,192.56250646,84.61900882608695,27.793279260869564,0.7582335217391305,59.26771081304348,656.8576802657424,4047.4465735928657,1,0.7132330844156554,64.5846544071021,1.9174619852471078,1.9174619852471078
925,KANSAS,GEARY,20061.0,0.0383818362,56899.0,7929.875,0.0097687093374999,467.24557555,80.51253656,26.33858384,1.2153510400000005,77.739127044,653.6791052364275,4595.674209320606,1,0.30708837590186683,54.946100190234624,1.667353428159332,1.667353428159332
926,KANSAS,GOVE,20063.0,0.0229709035,65003.0,499.0,-0.02028283,0.88223485,84.20517033333333,31.437815333333333,2.5532933333333334,79.0364253,741.95,4684.5,3,1.5278655119456437,81.10336081166773,2.3797664229113895,4.961176571504862
927,KANSAS,GRAHAM,20065.0,0.0260190807,53247.0,772.0,0.0541716916,17.225131455,86.71828175,28.35146775,4.1219487500000005,75.031414025,701.1535787545787,3928.919938949939,3,0.4897732833270178,59.5434369055168,2.0689563809960596,3.671274665233615
928,KANSAS,GRANT,20067.0,0.0271622588,65399.0,3149.0,0.03299227,78.69681835,85.6530757142857,19.39723085714286,4.5431927142857145,50.40723908571429,677.5686216786216,4220.086666249166,3,0.94454327855933,69.4990488268865,1.8690895073179692,2.0238306667783115
929,KANSAS,GRAY,20069.0,0.0198612863,77786.0,1372.5,0.008138141,3.0310192,82.97097042857142,20.32179728571429,2.9338097142857142,53.22279792857143,700.4479996867168,4248.427369204261,3,1.2181249516907482,75.142675967026,1.2596316488934933,3.3404265445982593
930,KANSAS,GREELEY,20071.0,0.0183006536,70566.0,533.0,0.0055084187,0.69240153,90.494676,23.7254905,0.882353,70.78431705,704.0749999999999,4906.5,3,1.6764556814107001,83.57641090678504,1.6503309415278273,4.3499965798819895
931,KANSAS,GREENWOOD,20073.0,0.0274743462,59179.0,499.6666666666667,0.0118420606999999,22.618903950000004,84.89614044444444,39.302008,0.9737793333333332,70.42188602222222,659.2077256435321,4266.615488501312,3,-0.07942472030008904,46.35383639822448,2.0547629786376356,3.099822258756653
932,KANSAS,HAMILTON,20075.0,0.0179122915,72657.0,1207.0,0.034049556,1.1339598,85.4020455,29.1857655,1.0695185,66.06188205000001,685.6,4967.0,3,1.3627575247588182,77.99619530754597,1.5354755662893078,3.6893345932648627
933,KANSAS,HARPER,20077.0,0.0232391848,54423.0,714.0,0.0107625186666666,16.03976790666667,85.922839,35.97041185714286,1.642342142857143,78.1608391,685.4506315192743,4306.103325068538,3,0.4620340320250598,58.75079264426125,1.370686526011952,3.2509731205792747
934,KANSAS,HARVEY,20079.0,0.0291273313,67078.0,7538.166666666667,-0.003627523039,165.29764835,81.52655714814816,29.00926011111111,0.9633881851851852,59.76804747777778,680.1532065444723,3915.881079452161,1,0.7848097980303663,66.13823715916297,1.5573129163516157,1.5573129163516157
935,KANSAS,HASKELL,20081.0,0.019858156,68202.0,1756.0,0.039969735,2.7496836,82.44608875,20.658704,3.296336,65.728628175,682.2915495615496,4493.950516150516,3,0.8171002039806209,66.83576410906785,1.4467851529755407,3.1816648567666017
936,KANSAS,HODGEMAN,20083.0,0.0222672065,66919.0,445.0,-0.00068493368,0.5639587,77.898551,28.271605,3.08642,60.4938278,711.3882017982019,4273.496203796204,3,0.4311668558384588,58.05326569435637,1.5697148973305337,4.139657828703653
937,KANSAS,JACKSON,20085.0,0.0233663904,73051.0,2147.3333333333335,-0.0145301907666666,32.022445499999996,84.55817227272728,25.44557918181818,1.0047045454545456,55.45373016363636,667.9508973810052,4025.3591056535574,3,0.7073014007011752,64.39441978440075,2.132360544666826,2.481416389353355
938,KANSAS,JEFFERSON,20087.0,0.0247752057,81301.0,880.5,0.00991703027,5.971874125,82.46461713333333,21.412587,2.3660882666666665,51.69705366,666.7441397568406,3960.630737357692,3,0.38603046362409044,56.689917564996826,2.0296309004027444,3.024549821924552
939,KANSAS,JEWELL,20089.0,0.0279965004,56505.0,343.0,-0.0313760125,0.7903902700000001,84.98160025,36.1149045,1.20347475,80.5544052,693.0695676413699,4805.891936619909,3,0.36387918772173744,56.27774254914394,1.9031653020225956,4.350995720667717
940,KANSAS,JOHNSON,20091.0,0.0241380971,103085.0,114243.7076923077,0.0196495148092307,1580.0728672646153,85.4688833918919,-91.2759803208556,-99.13139017914438,-57.99588855775401,688.2524143267882,4972.827407904678,1,3.8811649953681964,99.17564996829424,2.878822486379786,2.878822486379786
941,KANSAS,KEARNY,20093.0,0.0199795082,71237.0,1158.0,0.011517086,1.2199283,83.03429766666666,25.749190666666667,0.9488246666666664,66.4408671,684.4329504903699,4185.527844735909,3,0.6236010227147292,62.84083703233989,1.4334254469846823,3.421429089512363
942,KANSAS,KINGMAN,20095.0,0.026937046,54731.0,746.6666666666666,0.0031202428999999,37.65430998666667,82.55756866666667,28.747008555555553,1.026066,75.8925560888889,691.0469068934311,4159.752199363667,3,0.2912627711634035,54.78757133798351,1.425549440188211,2.959557707542678
943,KANSAS,KIOWA,20097.0,0.0253164557,56222.0,1135.0,0.00021065943,1.4613106,82.43797,35.45758925,1.96366025,78.54746245,689.545652173913,3997.217391304348,3,0.0018374623423745952,48.19277108433735,1.6005666342064986,3.5816852898305847
944,KANSAS,LABETTE,20099.0,0.0294117647,49874.0,4500.25,0.0113880469075,402.49240407875,80.19116386363636,36.100998681818176,1.055272,70.93709512727273,668.9545484591858,4238.297570629971,1,0.23413719079723533,53.233988585922646,1.9305718508817853,1.9305718508817853
945,KANSAS,LANE,20101.0,0.0269886364,64875.0,660.0,0.0074667456,0.92549354,85.33882233333333,28.580004,3.379999,76.71280923333335,702.4,4499.933333333333,3,0.7704126802857603,65.66265060240963,1.0022706143268656,3.831345217877002
946,KANSAS,LEAVENWORTH,20103.0,0.0270657159,83086.0,5974.5625,0.0182924821125,579.21579375,77.82393336,25.07961734,3.21000716,52.505521104,674.0682365468041,4589.065250460063,1,1.484423480146961,80.08877615726063,1.060619915302044,1.0606199153020437
947,KANSAS,LINCOLN,20105.0,0.0213284583,53667.0,762.0,0.015287165,1.0564418,84.9386055,36.63669375,0.41666675,69.2121382,713.6961111111111,3966.633333333333,3,0.4828726376752365,59.32149651236524,1.8751025094145213,4.26038874902314
948,KANSAS,LINN,20107.0,0.0386891215,62431.0,981.0,0.0169120775,3.4642695,74.3204473,33.3516078,1.6219905999999995,62.61434782,665.5035069444444,4252.314583333334,0,-0.8429701585321644,30.913126188966395,1.5754243247676374,3.0663242979146146
949,KANSAS,LOGAN,20109.0,0.0177261614,60216.0,1462.0,-0.0024373378,1.2590936,92.36061733333334,31.446565333333336,2.1013396666666666,77.08616896666666,713.4125,5743.221590909091,3,2.398774168996122,93.0564362714014,2.5100671844415947,4.796139907654586
950,KANSAS,LYON,20111.0,0.026128266,55659.0,8703.75,-0.0141074003749999,517.3385095225,84.50839421875,39.27237525,0.7406139375,74.573148253125,675.1811903361277,4381.221662486267,1,1.0607641686245473,71.87698161065313,1.971662713681681,1.971662713681681
951,KANSAS,MCPHERSON,20113.0,0.0196635599,78908.0,5077.857142857143,0.0038297736428571,477.5905579,86.13988386206896,24.619867862068965,2.0005055172413795,67.61132942758621,681.1384238254524,4252.726431531642,1,1.8952061358403767,87.34939759036145,1.876284298458767,1.876284298458767
952,KANSAS,MARION,20115.0,0.0245584525,62268.0,786.0,-0.014777613,4.8114115625,82.95643014285714,30.411770285714283,0.5736959285714286,65.24217360714286,672.741713483146,3921.00702247191,3,-0.08910697447744106,46.06848446417248,1.9586886943451551,3.371823772660397
953,KANSAS,MARSHALL,20117.0,0.0213207547,64514.0,1080.0,0.0016797427499999,21.787826675,83.90559554545455,33.89893118181818,1.3575415454545454,77.31187092727272,705.844072261492,4385.366952917473,3,1.1791392598142152,74.31832593532023,1.0033679538041245,3.127892119386426
954,KANSAS,MEADE,20119.0,0.0210023866,71572.0,1433.0,0.0182859389,7.732686315,81.16147175,25.679508,1.4978924999999998,74.17657185,690.264665158371,4660.760294117647,3,1.087266095083842,72.4159797083069,0.7922628062312088,2.8903929456451976
955,KANSAS,MIAMI,20121.0,0.0257171118,85620.0,957.375,0.003289291385,45.480794675,82.92586913333334,20.90316496666667,3.2648899,61.23087190333333,653.1839633830654,3790.720090684126,1,0.3992957821641062,57.03868103994927,2.745430324179846,2.745430324179846
956,KANSAS,MITCHELL,20123.0,0.0195724179,60486.0,1583.0,0.0137425565,5.91560962,90.06872771428571,29.016782000000003,2.1051877142857145,73.99352374285715,691.7753723538849,4513.0514582196765,3,1.2554033657603907,75.96702599873177,1.3786386035998337,3.4407800188700066
957,KANSAS,MONTGOMERY,20125.0,0.0297990768,53379.0,4059.307692307693,0.0071615622307692,413.8705288507692,78.20392981081082,37.381871270270274,1.756348189189189,68.75226964324324,664.4648003364595,3851.8363709727946,1,-0.127419372648297,45.212428662016485,1.9753032852153025,1.9753032852153025
958,KANSAS,MORRIS,20127.0,0.0249146758,65283.0,665.0,0.0062930939999999,19.422875535,86.6875715,33.988301875,2.610479625,65.30673455,683.9540960672826,3990.7638711205873,3,0.5508377954618431,60.8433734939759,1.5103213210173934,3.085092408008637
959,KANSAS,MORTON,20129.0,0.0262681159,58093.0,912.0,-0.0017534606,1.3772198,81.894206,30.964774,2.1210096666666667,73.74925613333333,672.367931488801,3891.814009661836,3,-0.4024267130647595,39.410272669625876,2.0051916658852904,3.552948800546888
960,KANSAS,NEMAHA,20131.0,0.0171302578,74744.0,1732.0,0.0241287877333333,10.43798259,88.65462855555556,31.206150333333337,1.9614339999999997,71.2285770888889,715.7679155515594,4617.760608064033,3,2.1807051538271054,90.93214965123653,1.544080705710252,3.6018112618755826
961,KANSAS,NEOSHO,20133.0,0.0353379802,53085.0,2959.6,-0.0333354385,67.34373588,83.44714533333334,38.43014444444445,1.0877551111111112,68.20026927222222,670.8857144840587,4497.707111766906,3,0.2460627904048655,53.455928979074194,2.4690354261558842,2.6456379965462515
962,KANSAS,NESS,20135.0,0.0240496509,64935.0,584.5,0.0131808385,2.905461485,88.3612505,29.310402250000003,4.08472525,72.104947125,704.3728205128205,4709.213362332112,3,1.2430816044100406,75.68167406467977,1.028284497775637,3.862897763514364
963,KANSAS,NORTON,20137.0,0.0199846272,57738.0,2351.0,0.013549036,2.775203,80.7479118,34.337085,0.7566578,63.41501008,690.6361562037624,3940.044043542591,3,0.2629052354794553,53.99492707672796,1.714213169845582,3.2977332137472666
964,KANSAS,OSAGE,20139.0,0.0264785944,69666.0,723.0,0.0188008402,21.6774939,83.24887393333333,26.383687866666666,1.8094304666666663,58.687544366666664,661.5285567425645,3868.021242254469,3,0.016557255505572067,48.541534559289786,2.156026685742876,2.8369373003282146
965,KANSAS,OSBORNE,20141.0,0.0220463539,54638.0,1289.0,-0.0040326961,1.4520943,86.074244,39.90922175,4.083940999999999,68.331028925,715.2935483870967,5284.451612903225,3,1.497416987516857,80.40583386176284,1.7896432801242546,4.321793635208104
966,KANSAS,OTTAWA,20143.0,0.023,66956.0,634.5,0.00670515085,1.6913991899999998,86.68398266666668,20.7578705,1.9234465,56.47345096666667,674.3509428560857,4298.926853305425,3,0.4455525977761735,58.5288522511097,1.586801482576103,3.581187534986071
967,KANSAS,PAWNEE,20145.0,0.0255639098,64704.0,1390.5,-0.01739063505,25.05792998,83.49550428571429,32.39545028571428,2.554789857142857,63.550677185714285,662.7952271905201,4609.636104160874,3,0.5103598039244793,59.98731769181991,1.928664444747552,2.6979101203886104
968,KANSAS,PHILLIPS,20147.0,0.0217138426,59453.0,810.6666666666666,0.012222744,17.0128026,86.24310814285715,33.601104285714285,1.6337174285714284,77.18202972857144,690.6072334977171,4712.640602886128,3,1.0290263100078516,71.2428662016487,0.996192248796692,3.2082492810464602
969,KANSAS,POTTAWATOMIE,20149.0,0.0231934364,84434.0,2374.0,0.02331941325,38.449156875,83.89694473333334,24.1800848,2.9455946,52.97565766,680.3508169276676,4661.15598403807,3,1.6463844221905282,83.16423589093215,1.6342950636746685,2.2477376841195467
970,KANSAS,PRATT,20151.0,0.021123872,61078.0,4361.0,0.030189268,74.63185106666667,83.68821744444443,33.938927,2.116242111111111,73.18257944444446,678.1401964359433,4359.909374095285,3,1.0043772244195477,70.5136334812936,1.9173932028371785,2.1134622425034295
971,KANSAS,RAWLINS,20153.0,0.019205298,63255.0,793.0,0.0091636609,0.7592929,85.30199866666668,34.20593366666667,1.458338,78.4561081,705.520056022409,5032.924257703081,3,1.3250286580026869,77.23525681674064,1.3384175220083436,4.128935029018547
972,KANSAS,RENO,20155.0,0.0287956305,62470.0,13648.411764705885,0.0006404759588235,693.8445430688234,80.82320964406779,-136.07917989830509,-168.0641462881356,-101.26536394915254,671.3465637599838,4193.796384517469,1,1.1828281491480404,74.47685478757134,1.942940615656747,1.9429406156567472
973,KANSAS,REPUBLIC,20157.0,0.0207803223,54981.0,566.3333333333334,-0.0302750853,20.91186258,85.00046528571428,33.780744000000006,1.8422515714285712,67.53211102857144,698.1729298344256,4250.413318178294,3,0.6370677532546327,63.12618896639188,1.897692051294641,3.7109457259341028
974,KANSAS,RICE,20159.0,0.0253115265,62922.0,1168.6666666666667,0.01605352464,15.878915166666664,84.54296709090909,34.050540636363635,0.7580566363636364,65.03711666363637,674.7660478311295,3197.5057069188542,3,-0.19956949970457663,43.5003170577045,2.6490952042064815,3.3106972035345654
975,KANSAS,RILEY,20161.0,0.0256475946,63076.0,17835.785714285714,0.0461862502,3948.6324885738577,82.87830582978724,-172.90269304166668,-206.30781408333337,-135.46579599583333,682.5834584850113,4495.66022196396,1,2.1039553742169903,89.88585922637921,2.7351300789499593,2.7351300789499593
976,KANSAS,ROOKS,20163.0,0.0256629598,59998.0,923.5,0.0017728929999999,2.26454525,84.8424184,35.5198932,1.5052322,71.78996124,699.5222921960072,4703.2786065739065,3,0.8329801133930127,67.12111604311984,0.8781089027776137,3.627796031044679
977,KANSAS,RUSH,20165.0,0.0222222222,55709.0,475.5,0.0131743679999999,3.4061799699999997,86.1958185,31.447537250000003,2.25957875,67.058358175,712.2068965517242,3791.838621536898,3,0.45546156527481607,58.62396956246037,1.9428105156276074,4.205708091947812
978,KANSAS,RUSSELL,20167.0,0.0234113712,55415.0,1276.0,0.00726784205,17.41579858,84.721662,37.13019822222222,4.178985222222222,67.02934943333334,686.7939001735904,4804.779017501454,3,0.8598754690165156,67.66011414077362,1.1211084476903979,3.0313852453971215
979,KANSAS,SALINE,20169.0,0.0243068238,63587.0,21236.416666666668,-0.00704195985,629.470167525,85.6975652,30.720151844444445,1.544882111111111,77.04921093555555,665.5920426227993,3768.6691868750727,1,1.0591714272100206,71.84527584020292,1.996288711479703,1.996288711479703
980,KANSAS,SCOTT,20171.0,0.0195177956,73436.0,1940.0,0.011353167,3.0437157,80.7977225,19.926572333333333,1.1583088333333331,52.54219626666666,694.8561689625667,4702.532850631624,3,1.233534764898158,75.428027901078,1.0162164405168579,3.14467751500779
981,KANSAS,SEDGWICK,20173.0,0.0294645829,67435.0,78529.80645161291,0.0108283318919354,1125.9540218008065,79.14047958265583,33.02155973170731,2.2365021219512196,74.05370817560976,662.0055788907636,4120.366313319033,1,1.1297944857734783,73.30374128091313,1.4936292730653806,1.4936292730653806
982,KANSAS,SEWARD,20175.0,0.0250851657,66540.0,8278.0,0.02914215196,559.73536508,78.63948164705883,25.654585411764707,2.246533705882353,64.86956091176471,664.2613552671277,3998.4873542182218,1,0.6597036931623109,63.72859860494609,1.371911725599713,1.371911725599713
983,KANSAS,SHAWNEE,20177.0,0.027106164,63612.0,55753.27906976744,0.0021748693037209,1206.857455272093,78.72436121481482,-40.44766012592592,-72.04172132592593,0.4852645733333342,663.4089327624013,4165.353127434463,1,1.1657905806410243,74.09638554216868,1.5146622284716804,1.5146622284716804
984,KANSAS,SHERIDAN,20179.0,0.0208183776,65350.0,927.0,0.02983736605,15.96798168,87.23178874999999,30.344559500000003,3.40284175,72.257084875,730.5972222222222,5740.805555555556,3,2.6134722401046573,94.6417247939125,2.3754686809628227,4.491446334032725
985,KANSAS,SHERMAN,20181.0,0.0236363636,57628.0,2314.0,-0.0056239101,21.883486845,82.5923335,35.82664075,0.599631,84.6505422625,695.3945710892059,4470.723299493821,3,0.8684430670002634,67.88205453392517,1.2072036821197374,2.7730532459153894
986,KANSAS,SMITH,20183.0,0.0203777336,55568.0,1076.0,-0.00843390547,16.446166105,83.9956354,36.4122128,2.4625832,79.98011321999999,719.6204545454545,4665.329545454546,3,1.3293003631248834,77.29866835764109,1.531767436859831,3.756887054022248
987,KANSAS,STAFFORD,20185.0,0.0232804233,54808.0,550.5,0.00489123105,1.431410985,85.75590600000001,32.774825,2.0444285,76.09571265,696.5092445333472,4220.802657205062,3,0.32813485634867573,55.51680405833862,1.4840806847533063,3.977202982009806
988,KANSAS,STANTON,20187.0,0.0209723546,74063.0,677.0,-0.0086811678,0.93628973,82.772046,21.8525895,1.18272,72.0158577,687.324074074074,5671.592592592592,3,1.4962936623383238,80.37412809131263,2.031748273476791,4.18553069163677
989,KANSAS,STEVENS,20189.0,0.0214936248,68600.0,1738.0,0.039484485,28.211785805,86.1783958,25.0836496,2.5789085999999997,64.87638016000001,679.5604491286158,4678.234286928709,3,1.2950024250831027,76.72796448953709,1.4977404690949814,2.6697711333752765
990,KANSAS,SUMNER,20191.0,0.0271614032,63049.0,1569.3333333333333,0.0053220118,25.648274575,80.17237588461538,31.20336530769231,2.000097038461538,60.96121523461538,655.6045889251832,3649.875314305285,0,-0.4411609495429329,38.74445149017121,2.0560508455207787,2.7017256306880215
991,KANSAS,THOMAS,20193.0,0.0187381404,69774.0,3407.0,0.0340942852,20.31520832,87.43777542857143,33.23013114285714,3.815969714285714,70.69870702857143,702.064185997974,4471.194278238471,3,1.809822501072341,85.8275206087508,1.5112073223164915,2.9392153354136346
992,KANSAS,TREGO,20195.0,0.0295719844,56168.0,1097.0,0.019118724,1.2985144,84.6458342,23.0240794,0.2877698,68.33605116,731.6603448275862,4760.4698275862065,3,1.212275025279272,75.01585288522512,1.7909800208341127,4.355153741013635
993,KANSAS,WABAUNSEE,20197.0,0.0259671436,69893.0,558.5,-0.0081966304999999,1.495590805,82.9725925,22.20646975,0.864060375,53.7623658,704.4383518561949,5380.059515278646,3,1.3708543424879613,78.15472415979708,1.4884746943956135,4.0952038820026475
994,KANSAS,WALLACE,20199.0,0.0220417633,61157.0,465.0,0.041100401,0.51113552,87.3549325,28.969608,1.1756639999999998,74.08410645000001,695.7184210526316,5096.736842105263,3,1.08639409285264,72.38427393785669,1.710102638914216,4.328269939805932
995,KANSAS,WASHINGTON,20201.0,0.021440536,58302.0,900.5,-0.008768568,2.08109305,85.465361375,32.94588,0.461376125,70.1576595125,731.7557142857142,4667.4857142857145,3,1.4451322334448022,79.2010145846544,1.9040452932237295,4.4697847264948285
996,KANSAS,WICHITA,20203.0,0.0220588235,61825.0,669.0,0.0012761344,0.97555137,87.60930133333333,23.688845666666666,2.4644443333333332,68.6333224,701.2611111111111,5132.5317460317465,3,1.3202871421262552,77.14013950538998,1.4270282225164126,4.165134143207619
997,KANSAS,WILSON,20205.0,0.0309278351,54164.0,1225.0,-0.0091304010749999,55.26690124000001,78.03799783333334,36.84617666666667,0.5101138333333334,73.44528325,679.0929853055185,4716.267100730899,3,0.17307958844183052,51.90234622701332,1.7066567429386135,2.580471649051483
998,KANSAS,WOODSON,20207.0,0.0335120643,40327.0,566.0,0.0043766663,11.037252155,82.1196485,49.070908,1.448276,72.8087692,690.5167553191488,4998.329787234043,3,0.0016307846641952454,48.16106531388712,1.8983863785971085,3.812581182530706
999,KANSAS,WYANDOTTE,20209.0,0.0337141336,61088.0,102114.8,-0.0015649876235294,973.6178245657144,73.6303157987013,-332.9509579192547,-372.0001882111801,-303.31202310559,642.0202709290744,3710.12385226108,2,0.5392848125429621,60.5580215599239,3.4685925080638897,4.614130037065897
1000,KENTUCKY,ADAIR,21001.0,0.050304878,45974.0,847.7142857142857,-0.0200387890285714,17.95530791,63.60091193333333,47.14423526666667,0.447027,77.08445178666668,650.1911343195767,2971.649180344957,0,-3.1557754276461436,3.1388712745719722,2.0492218148308208,4.619576949926511
1001,KENTUCKY,ALLEN,21003.0,0.0399192644,56483.0,712.3333333333334,0.0248514044833333,19.97647273,67.52911806666667,44.07712126666667,0.5725078666666666,74.70159758666667,648.0960109987938,3550.899221329498,0,-2.0497799813962256,13.379835129993658,0.7526431701002897,3.534377206028201
1002,KENTUCKY,ANDERSON,21005.0,0.0331781141,78336.0,2146.2,-0.020114567,65.46652511799999,76.83497592307693,25.379280384615388,1.708565,53.24218839230769,656.3143617004627,2784.3726245795524,0,-0.7282998262873385,33.417882054533926,2.819820585462691,3.289457270695177
1003,KENTUCKY,BALLARD,21007.0,0.0488580515,69716.0,725.3333333333334,-0.0099502283333333,9.1384107,71.11177975000001,34.88451975,3.031063,66.254900925,646.5904023871532,2827.4057275541795,0,-2.2645658027499893,10.684844641724794,2.2258952748171605,4.204142857770937
1004,KENTUCKY,BARREN,21009.0,0.043903819,51068.0,4992.5,0.0111386318099999,177.0566341,72.74415288235295,43.5718925,1.3201347941176471,69.69238708235294,662.6573656959678,3227.970800189072,0,-1.3421443608336379,22.479391249207357,1.6901052224115252,2.823880755067555
1005,KENTUCKY,BATH,21011.0,0.0564427915,54247.0,621.3333333333334,0.0229331674666666,4.9007756,57.613412333333336,50.51004277777778,0.7512535555555555,82.82456801111111,634.8048518480806,2769.7140962110675,0,-3.991744306011577,0.9194673430564362,2.699145898624599,5.417805062653239
1006,KENTUCKY,BELL,21013.0,0.0561811357,35566.0,2406.1111111111113,0.0600990813666666,114.5031585777778,53.73211646153846,55.1400775,0.7236943461538462,83.61488475,654.7997529210704,3872.1063316913874,0,-3.0996438948672638,3.202282815472416,2.834394583000091,4.825704919516799
1007,KENTUCKY,BOONE,21015.0,0.0355633901,89313.0,42422.545454545456,0.0293293552363636,819.5789809727273,81.13205426315788,-151.28474720689653,-169.2764795689655,-124.88521873965516,666.9540378577416,3965.449885172072,1,1.8176326340714681,85.89093214965123,2.199060306539205,2.199060306539205
1008,KENTUCKY,BOURBON,21017.0,0.0357066724,61530.0,2153.0,0.0227764053333333,115.04297906666666,70.23803994444444,41.519062777777776,1.4934325,68.9537771,647.7148707337897,3525.1338703009133,0,-1.262120389588317,23.684210526315788,1.1687841269432753,2.6457785036479864
1009,KENTUCKY,BOYD,21019.0,0.0559600705,57112.0,19085.92307692308,-0.0110459825923076,1214.0098883076923,67.09872991891892,38.39876878378379,2.0785258378378377,66.73507432702704,654.7330149001615,3658.895932371808,0,-1.215532397306133,24.413443246670894,2.8271269394406535,3.0418573301472316
1010,KENTUCKY,BOYLE,21021.0,0.0452661779,62541.0,8940.57142857143,-0.0108839908571428,561.6644871142857,73.988538,37.86084740909091,2.0784705909090913,71.04971382727273,650.0271327419931,4149.400642153221,1,-0.403850993245174,39.37856689917565,1.9603437003618978,1.9603437003618978
1011,KENTUCKY,BRACKEN,21023.0,0.0465489567,64458.0,416.6666666666667,0.0437736476,6.335365800000001,70.23690987500001,38.89675425,1.92876075,68.9795260375,649.7979885057471,3223.8045977011498,0,-2.2228005581425863,11.1287254280279,1.7888791367468555,4.122559932220608
1012,KENTUCKY,BREATHITT,21025.0,0.0754358162,40093.0,450.0,0.0103145263714285,20.818145867142857,52.28806861538462,59.87611838461539,1.1237718461538462,81.83381242307692,650.4407110091743,3129.5045871559632,0,-4.619269152903013,0.507292327203551,3.717286828199679,6.212279499925525
1013,KENTUCKY,BRECKINRIDGE,21027.0,0.048799085,59267.0,566.0,0.0145586327499999,5.99523809,63.7800851875,37.8361110625,0.759002375,72.9326987375,655.0316972227308,3224.370256370344,0,-2.6672746990070806,6.404565630944832,1.5132752612804312,4.254322777889444
1014,KENTUCKY,BULLITT,21029.0,0.0407725322,75402.0,8882.5,0.0576282741529411,211.24588107222223,75.42091765217391,-187.392792893617,-211.77730268085105,-156.08127849148934,650.5920823988582,3053.4824873643424,1,-0.24632460506723064,42.51743817374762,3.503177061917131,3.503177061917131
1015,KENTUCKY,BUTLER,21031.0,0.0451202544,56395.0,543.0,-0.01610632916,6.784784782,64.77795233333333,43.24038344444445,0.5248922222222223,71.75827916666667,648.9399537021393,2930.96221272383,0,-2.893226049064602,4.629042485732404,1.9802739600962656,4.548286827973018
1016,KENTUCKY,CALDWELL,21033.0,0.0388519426,52719.0,1346.3333333333333,-0.0403792563333333,16.258159799999998,66.07748433333333,41.50004066666667,1.2512043333333331,71.46592330833333,648.3705201702468,3023.114210001028,0,-2.458949503478063,8.8142041851617,2.1864969662733755,4.246243023528905
1017,KENTUCKY,CALLOWAY,21035.0,0.0438699111,51424.0,7511.666666666667,0.02158808426,223.73558471888887,77.2899965483871,39.382035,1.4883525483870967,69.37304202258065,669.7427732681559,3687.992201853021,0,-0.5527741451472515,36.493341788205456,2.0096451186364552,2.202509959027886
1018,KENTUCKY,CAMPBELL,21037.0,0.0363346614,80573.0,135490.6,-0.0001557253919999,1229.522224536,78.63952004225352,29.412191591549295,2.5892198873239436,57.24946787323944,662.9506961748791,3571.9186191418503,1,1.0796698750120342,72.22574508560558,2.1042248988049925,2.1042248988049925
1019,KENTUCKY,CARLISLE,21039.0,0.0392514833,58639.0,298.3333333333333,0.0919434953333333,4.334837933333334,73.4144046,39.0884418,0.3920936,67.29011458,687.7816860465116,2776.5086298253714,0,-1.7139634501337513,17.533291058972733,3.4952008797534915,5.008849651073566
1020,KENTUCKY,CARROLL,21041.0,0.0353479853,62710.0,5462.333333333333,-0.0427270003333333,94.6946734,68.8403297,38.9198705,1.448195,68.20994148,635.7922325901687,3045.9021139518977,0,-1.6714607837896214,18.103994927076727,2.6409239143422845,3.649434243581098
1021,KENTUCKY,CARTER,21043.0,0.0758412335,50853.0,755.4285714285714,-0.0396498054285714,18.168465471428572,63.41234465,42.841446000000005,1.16569345,73.52540588000001,647.8765739460837,3363.498505359861,0,-3.5141175724354836,1.9974635383639823,3.4497115813962758,5.496244110534491
1022,KENTUCKY,CASEY,21045.0,0.0411629686,42914.0,728.0,-0.0380666977,6.591910207000001,68.93029642857142,52.72791292857143,0.3250812857142857,80.14314596428572,667.2226744186046,4112.376900085336,0,-1.8540858317217568,15.567533291058972,2.101713943335907,4.060677079791247
1023,KENTUCKY,CHRISTIAN,21047.0,0.0507060595,54934.0,9243.526315789471,0.0642378464277777,429.88720234421055,71.14461927450981,-746.3279439019608,-783.0858323529412,-716.1007216215686,654.3530668171433,4278.588518182685,2,0.47231581329233274,59.00443880786304,3.8203932290125455,9.249417689472413
1024,KENTUCKY,CLARK,21049.0,0.0377227091,72386.0,7167.3,-0.0196630842199999,204.339748006,74.04997115384616,34.197226192307696,1.9281149615384616,63.09347050769231,642.8548777578633,3587.841410586705,1,-0.5579792312813975,36.42993024730501,2.3231262138282296,2.3231262138282296
1025,KENTUCKY,CLAY,21051.0,0.0636955236,36330.0,670.1666666666666,0.0728372233666666,17.924577441666667,46.992772947368415,58.37742642105263,0.3360517368421052,82.13229450526315,645.3653243255324,2878.8387943051,0,-4.876063720100358,0.2853519340519975,4.057360887016341,6.537119887286547
1026,KENTUCKY,CLINTON,21053.0,0.0518950437,39877.0,1193.3333333333333,0.08679983,19.1797235,58.54981985714286,56.40939671428572,2.1750905714285715,84.92790982857143,667.5742424242424,3545.791666666667,0,-2.8946203965471042,4.56563094483196,2.8137764830068295,4.934724436602232
1027,KENTUCKY,CRITTENDEN,21055.0,0.0408602151,53894.0,466.5,0.052097050075,11.937858269999998,68.1118364,45.3891701,1.154748,70.82262571999999,672.9446428571429,2939.2257431930934,0,-2.18630227852688,11.636017755231451,2.087252365414711,4.267860622808898
1028,KENTUCKY,CUMBERLAND,21057.0,0.0338541667,43127.0,823.0,-0.0051046305,5.09037105,68.916463125,50.671890125,0.30712525,79.692574975,649.979583601481,2690.8519705654494,0,-2.810164846487494,5.263157894736842,2.268196363549647,4.671391393581639
1029,KENTUCKY,DAVIESS,21059.0,0.0431299509,63213.0,24179.608695652172,0.0121217972826086,1134.2281288956522,73.70938892647058,35.46055501470588,1.8502296617647056,64.64468431470588,669.6130223722425,3675.6279139807766,1,-0.01962414353633086,47.59036144578313,1.7757707462105599,1.77577074621056
1030,KENTUCKY,EDMONSON,21061.0,0.0507443909,56545.0,324.75,-0.0176995542499999,3.7007889425,66.52370545454545,-865.8444171818181,-908.6124830909092,-841.9807475818183,670.290625,3799.602678571429,2,-0.772487812935198,32.0862396956246,5.304125689159534,11.156464473991448
1031,KENTUCKY,ELLIOTT,21063.0,0.0824906865,43501.0,467.0,0.0218408635,3.16708328,50.8679455,57.92681325,0.187969875,,662.5448979591836,3335.719387755102,0,-4.627552605659144,0.4755865567533291,4.239018671079568,6.633359139041268
1032,KENTUCKY,ESTILL,21065.0,0.0498248346,45129.0,523.0,-0.0436863494,7.519836539250001,57.19921258333333,52.399045,0.99741625,78.934117,654.9024436090226,3287.0385338345864,0,-3.462512694431821,2.187698161065314,2.685269647910243,5.197692938786478
1033,KENTUCKY,FAYETTE,21067.0,0.0337734688,67320.0,114650.4512195122,0.0140906659343902,2536.4208846219512,81.23203410194175,-63.69050771634616,-91.477146125,-28.272042574519233,666.6711505097297,3470.558936317947,1,1.1334339002327107,73.39885859226379,2.2924833615149534,2.2924833615149534
1034,KENTUCKY,FLEMING,21069.0,0.0480801903,50804.0,2165.25,-0.029410515,12.3186780475,69.45421190909092,46.28427536363636,0.6876837272727273,71.16747491818181,644.8394626541668,3349.6642202908183,0,-2.351090799707458,9.79708306911858,1.801312426408199,3.9430338089244596
1035,KENTUCKY,FLOYD,21071.0,0.0598730801,40604.0,1253.4,-0.001635120837,56.74346716,52.023026756097565,51.42107392682927,0.7783617073170732,77.12528321707318,653.6843754960146,3511.7485799035267,0,-3.6232223729575765,1.5852885225110969,2.7050974223063102,5.078942701729793
1036,KENTUCKY,FRANKLIN,21073.0,0.0355175011,66920.0,22379.636363636364,0.002302882290909,1045.7056777090909,75.41907371052632,30.136200157894734,1.8879292368421052,63.50616399736842,663.7503633010131,3234.5278044049796,1,-0.017023035502876968,47.65377298668358,2.094890159791173,2.094890159791173
1037,KENTUCKY,FULTON,21075.0,0.049904943,41088.0,987.0,-0.00155046,11.62921585,67.53658077777777,40.23159666666667,0.4829353333333333,70.01448524444444,633.9799983178054,3031.135093167702,0,-3.2943177116039024,2.6632847178186427,1.9796805411709189,4.6682273055369325
1038,KENTUCKY,GALLATIN,21077.0,0.0402429765,66789.0,1421.5,0.0392524535,17.82201215,70.64083975,35.018021250000004,0.66995775,66.8007803,652.3682478090525,3388.8838462728113,0,-1.4851749487322308,20.513633481293596,1.2959535033204197,3.169911660038479
1039,KENTUCKY,GARRARD,21079.0,0.0392355398,62980.0,738.5,0.023563292375,10.670009025,71.07063875,39.56870958333334,0.4859271666666667,66.26289970833334,630.493873882915,2556.024286457638,0,-2.6135632921244074,7.165504121750159,2.4173245547034927,4.513416593415779
1040,KENTUCKY,GRANT,21081.0,0.0404949381,68309.0,1814.25,-0.0236454948,15.4064726,73.55303306666666,29.10156506666667,1.2619935333333332,63.486392466666665,635.8617137537302,3126.980358183907,0,-1.7175331914358856,17.406467977171843,2.154478529761265,3.6583337322222733
1041,KENTUCKY,GRAVES,21083.0,0.0419834926,53947.0,3050.8888888888887,0.0173284754111111,62.49887028888889,68.71884168965518,42.374760137931034,1.807366068965517,69.838162,669.4794563878615,3624.442652613913,0,-1.2938304192673094,23.145212428662017,0.9738497890045661,2.6908934088206773
1042,KENTUCKY,GRAYSON,21085.0,0.0458706661,54543.0,1079.2857142857142,0.0081571859571428,30.209279982857144,66.70867226086956,45.08092052173912,0.930769,74.89092868260869,667.5155732169907,3513.848279171599,0,-1.8800984703184642,15.282181357006975,0.8990830054973373,3.372745059938667
1043,KENTUCKY,GREEN,21087.0,0.0379289585,48153.0,379.75,0.0169760070165,7.676528475,67.47161045454546,46.19695654545455,1.8398307272727272,76.24221628181819,652.1255965147112,3435.6109842207047,0,-2.4601828987936716,8.782498414711478,1.269745815666356,4.132707718240222
1044,KENTUCKY,GREENUP,21089.0,0.0653426791,59151.0,9482.888888888889,0.0268005759111111,125.21613996666666,65.45819120689654,36.00718775862069,1.9611437931034483,63.559423979310345,658.3982378854625,4085.866519823788,0,-1.540411771410514,19.784400760938492,2.4914476370138203,3.3826539302603167
1045,KENTUCKY,HANCOCK,21091.0,0.0455525606,70998.0,2190.6666666666665,-0.081726177,26.90795157,71.897394,31.22468371428571,1.2020464285714287,64.78510775714285,673.6008620689655,3412.013297883616,0,-0.9844639618771485,28.313253012048197,3.3948107121100164,4.040591838707683
1046,KENTUCKY,HARDIN,21093.0,0.0411412425,65472.0,9542.727272727272,0.0057417612181818,457.43807787272726,73.56026626470589,-117.81320222058824,-145.30106602941177,-86.47260568088235,659.4667483236352,4435.311719001273,1,0.329798427006383,55.54850982878884,1.8034120549308632,1.8034120549308632
1047,KENTUCKY,HARLAN,21095.0,0.0660451888,36916.0,1477.2727272727273,-0.0018457921090909,30.75919937636364,47.01564951515152,53.61083354545454,0.3579591818181818,79.58958666363635,640.6401819005245,2942.964744321259,0,-4.782449842069248,0.3487634749524413,3.7615118959733187,6.192937415809362
1048,KENTUCKY,HARRISON,21097.0,0.0376025524,63689.0,1502.6,0.0428464806,31.001362949999997,70.75190257142857,45.03923771428572,1.182131357142857,69.46863883571429,643.5437655840433,3159.8243533240266,0,-1.7243548906280943,17.374762206721623,1.5799313535373527,3.404497923597514
1049,KENTUCKY,HART,21099.0,0.043986711,51921.0,1007.8,-0.0301016044,11.342788254,64.20516075,46.219336875,1.2455379375,77.83158588125,651.6118931743351,3983.817900365888,0,-2.1700315209718037,11.76284083703234,1.6040495462354063,3.8808849564545036
1050,KENTUCKY,HENDERSON,21101.0,0.0398374789,58742.0,8589.818181818182,-0.0166191813,850.7939594545455,73.26519553125,35.02466325,1.58071603125,62.818077321875,656.5085553873269,3960.5852139761982,1,-0.37635536928704905,40.10779961953075,1.979712666918282,1.979712666918282
1051,KENTUCKY,HENRY,21103.0,0.0366144201,66530.0,822.6,-0.021365927408,14.43489731,72.8124595,33.68094778571429,1.4988063571428571,66.13027654285715,653.6455606691944,2958.046844335016,0,-1.6710524310548545,18.13570069752695,2.1075204087281243,3.7664784654457235
1052,KENTUCKY,HICKMAN,21105.0,0.0447303922,56348.0,1020.0,-0.043908473,4.0780272,73.02485383333334,41.67634366666667,0.4474273333333333,72.16176161666668,642.7793493253424,3174.2893268172015,0,-2.303730493433991,10.336081166772352,2.417328324754717,4.375137486880791
1053,KENTUCKY,HOPKINS,21107.0,0.0442618461,55080.0,5533.916666666667,0.0029847781749999,360.5066034166667,70.92510263414634,40.41649282926829,1.4890857073170731,67.22148476829268,662.4231316113297,3615.762194316907,0,-1.0133992787742705,27.805960684844642,1.6664217706680609,2.359828734541825
1054,KENTUCKY,JACKSON,21109.0,0.0563654033,44713.0,530.0,-0.0233440783333333,4.968229006666667,59.1086201,59.5166919,0.9001077000000001,,660.4702586206897,3295.489224137931,0,-3.4651757000511996,2.155992390615092,2.463483245609145,5.116681192664274
1055,KENTUCKY,JEFFERSON,21111.0,0.0391120399,64977.0,124913.58638743457,0.0082826325947643,1709.3394233612566,75.94729539721254,16.98219085043478,-14.170319589565215,55.175850842434784,660.4319142161627,3808.0075410900936,1,0.5712294004417594,61.4140773620799,1.9876871912437322,1.9876871912437322
1056,KENTUCKY,JESSAMINE,21113.0,0.0349795013,75155.0,8097.111111111111,0.0022944549888888,215.84807644444444,77.83719743333333,33.1069586,3.6759538333333337,60.50175523666667,655.487793926977,3472.2813805548103,1,-0.007313125822116038,48.034242232086235,1.8423738878482563,1.8423738878482563
1057,KENTUCKY,JOHNSON,21115.0,0.0657087262,45126.0,2599.1666666666665,-0.0117037600166666,30.80293016666667,57.62138227777777,43.72110305555556,1.696280277777778,74.96193970555555,664.4171199759339,4172.8207489349825,0,-2.663239064135016,6.4996829422954985,2.680496383040951,4.535414054302616
1058,KENTUCKY,KENTON,21117.0,0.0368060749,79604.0,116893.85365853658,-0.0027031107375609,1212.7401380560975,76.85301374107144,29.911492026785712,3.4249970000000003,69.94587089196429,655.5462690526434,3835.801519982624,1,0.9403055186385131,69.40393151553583,1.9254100125479954,1.9254100125479956
1059,KENTUCKY,KNOTT,21119.0,0.0667293233,42345.0,550.4,-0.09508926322,9.77525688,55.42367564285714,47.86947071428572,0.6481196428571429,72.17284557142857,638.9434487825727,3329.820012719171,0,-4.306198511687729,0.7609384908053266,4.491925926647787,6.571649811257728
1060,KENTUCKY,KNOX,21121.0,0.0584747495,37640.0,2092.375,-0.001158092975,30.179310387499996,56.039073259259254,58.33715566666667,0.6012786296296297,85.2676532962963,642.4292926042729,3164.6602718383974,0,-3.8198028437063565,1.2682308180088777,2.5908691566651356,5.095469636322694
1061,KENTUCKY,LARUE,21123.0,0.0441100156,66310.0,636.25,0.02646410635,11.089896825,64.82384833333333,37.73017741666667,1.217577583333333,69.71842416666667,654.5167368537294,3798.3110025579817,0,-1.8591553068219395,15.53582752060875,1.0959840276158008,3.5403161263994782
1062,KENTUCKY,LAUREL,21125.0,0.0449793338,52093.0,7491.307692307692,0.0136204957076923,218.69426513846153,64.86066859459459,42.557415054054054,1.8376358378378377,70.97289823513513,654.4048591147837,4012.346756945146,0,-1.354478050421471,22.320862396956244,1.5432938251808657,2.6428634100291686
1063,KENTUCKY,LAWRENCE,21127.0,0.0573829103,46200.0,537.0,-0.00820188764,7.861715082000001,55.42141357142857,47.78733114285715,0.4128670714285714,79.50788335,649.965625,3486.8125,0,-3.6606908155909172,1.5535827520608751,2.396245440954996,5.1376021046404325
1064,KENTUCKY,LEE,21129.0,0.0580046404,37939.0,510.6666666666667,-0.0081687653333333,6.4461117,59.16486871428571,55.709838999999995,0.2067064285714285,80.1436446,655.5211734693878,3229.454081632653,0,-3.787425439172552,1.3633481293595433,2.4801424132120617,5.275337007715292
1065,KENTUCKY,LESLIE,21131.0,0.0690894569,39855.0,459.6666666666667,-0.028145475,3.0387549466666663,46.76214758333333,52.25122,1.326229,75.13691584166666,641.8375,2595.380208333333,0,-5.454773555169797,0.06341154090044387,4.4269311634845225,7.035867101301847
1066,KENTUCKY,LETCHER,21133.0,0.062594395,41737.0,1391.142857142857,-0.0018955664714285,21.290622185714287,50.96670018518518,51.917778148148145,0.3703425185185185,73.12178590370371,638.5818550698792,3832.7377410375752,0,-3.871858381825442,1.14140773620799,2.9308521060310615,5.347718708681664
1067,KENTUCKY,LEWIS,21135.0,0.08030679,46340.0,455.25,0.02995811555,3.9987013635,63.12080636363637,53.14521836363636,1.062022090909091,78.02304666363636,665.0219626168224,3676.23714953271,0,-3.5107910947730043,2.029169308814204,3.5004345264396224,5.714670953857619
1068,KENTUCKY,LINCOLN,21137.0,0.0514049227,51359.0,747.5,0.0161969192166666,21.138199166666663,66.05986994736843,44.405112631578945,0.5822537894736842,77.50398374736842,642.0072556116559,3126.6713349094907,0,-2.924419168499015,4.2485732403297405,1.5351533187429898,4.270191258963537
1069,KENTUCKY,LIVINGSTON,21139.0,0.0503161947,57586.0,1211.5,0.0693592185,9.00528685,62.64502033333333,39.80847166666667,0.7682171111111111,72.91973664444444,670.2155043610716,3573.901242832611,0,-2.13480442340152,12.23842739378567,2.0961726650322627,4.135949632019552
1070,KENTUCKY,LOGAN,21141.0,0.0411512453,61186.0,1229.5,-0.0062984711666666,16.433452916666667,72.66851138095238,40.195719714285715,1.4137371904761904,70.51038505714286,649.1531609939451,2899.5261051493603,0,-1.9642241384810066,14.23589093214965,1.7887951112620106,3.7333436592958673
1071,KENTUCKY,LYON,21143.0,0.0440849984,63989.0,698.0,-0.0121986192,6.892916033333333,66.269103,,,-1370.043593257143,647.264672966896,2986.1312913243837,0,-2.4289620508175824,8.97273303741281,6.406126701627952,7.394685604193563
1072,KENTUCKY,MCCRACKEN,21145.0,0.0404521517,60801.0,19319.41176470588,-0.0044112966117647,887.2123838705882,74.97724367924529,36.9962800754717,2.2734441320754715,65.88741665471697,660.1979162127567,3569.195114213082,1,-0.25018676981293947,42.390615091946735,1.9757368434038838,1.9757368434038838
1073,KENTUCKY,MCCREARY,21147.0,0.0592927986,36348.0,497.25,-0.0379829599999999,7.717066180000001,51.53864507142857,58.80145771428572,0.0,85.64342062857143,653.7369918699187,2742.2642276422766,0,-4.638932932199362,0.4438807863031071,3.6881097278114083,6.265979212489937
1074,KENTUCKY,MCLEAN,21149.0,0.0461899791,58403.0,696.3333333333334,0.0179024164333333,8.383888666666666,69.40776266666666,40.258173444444445,1.2883981111111114,69.23121218888889,675.4139705882353,3390.463235294118,0,-1.7771429714395108,16.582117945466074,1.4181523060980756,3.6612659287452973
1075,KENTUCKY,MADISON,21151.0,0.0385503034,65438.0,11960.78947368421,0.0264487844447368,661.6591926315789,76.34544004,-364.27528888,-398.35467222,-338.65766784,661.1441375471155,3254.8090653632953,2,0.34566684819748306,55.928979074191496,2.6213466002287626,4.764828247478578
1076,KENTUCKY,MAGOFFIN,21153.0,0.098334401,40162.0,532.75,0.014827539675,5.713690205000001,48.59312483333333,56.75917966666666,0.5007406666666667,81.59459240833333,658.8334158415842,3343.2450495049507,0,-5.241215521931542,0.15852885225110971,5.417472586189318,7.591271726883176
1077,KENTUCKY,MARION,21155.0,0.0344497608,54466.0,2049.5,0.0134656603333333,43.28102542166667,70.96436646666666,41.31593806666667,1.3842481333333334,72.60774205999999,656.440174271502,3041.8266676217713,0,-1.6530471736198182,18.29422954977806,1.453204157721962,3.2648014758718427
1078,KENTUCKY,MARSHALL,21157.0,0.0396884024,61426.0,2303.1666666666665,0.0095264029333333,54.97076771666667,73.26827822727273,30.55769409090909,1.2908162727272727,64.23907175454545,668.4149980788973,3272.9126501116534,0,-1.059444450861342,26.981610653138873,1.4245797468296977,2.6952747651224067
1079,KENTUCKY,MARTIN,21159.0,0.0832575068,35522.0,692.0,-0.0022797343333333,9.390983066666664,42.3002112,56.868611599999994,0.5876816,76.93596039,646.7031914893616,3735.702127659574,0,-5.221006610968523,0.19023462270133165,4.857389374790485,7.171326385230077
1080,KENTUCKY,MASON,21161.0,0.0515081206,56706.0,2839.4,-0.01030306208,108.23757974,67.8697790625,41.557300375,1.86448825,69.88703251875,645.1698987191113,3883.018203576582,0,-1.732616935646489,17.247939124920737,1.4576420075781205,3.086360770302179
1081,KENTUCKY,MEADE,21163.0,0.0457884845,69228.0,2073.625,0.0418332696375,62.94607086625,73.28548305000001,27.99532455,0.2860722,62.09400872,655.3457027519195,4008.585501837882,0,-0.7583337248834172,32.53012048192771,1.5160011445337307,2.397550360817785
1082,KENTUCKY,MENIFEE,21165.0,0.062310688,44734.0,382.5,0.070403055,3.8957416,49.931705,56.96660479999999,0.0,79.28834226000001,659.098828125,3339.3515625,0,-4.181694226603365,0.8877615726062142,3.55432830740359,6.0891058995630845
1083,KENTUCKY,MERCER,21167.0,0.0405856918,67348.0,2516.6,0.01048195444,43.27619536,74.45169364705882,36.28175723529411,2.0798414705882355,66.73973800588236,651.8134019063623,2958.1222207077717,0,-1.341592459656389,22.5428027901078,1.827984589611907,3.0977554912277627
1084,KENTUCKY,METCALFE,21169.0,0.0475819033,40690.0,544.6666666666666,-0.0250658290333333,4.762825956666667,72.2594897,43.900764,0.7060538000000001,76.34871596,664.3367046173308,2879.920303605313,0,-2.7647026985272136,5.611921369689283,2.473870078728026,4.789032156893622
1085,KENTUCKY,MONROE,21171.0,0.0427542754,44605.0,720.0,0.0952205944999999,7.689432375,65.69609399999999,50.743838700000005,0.5717329999999999,80.17733538,655.4945055158165,3277.3894498676655,0,-2.6679401575740145,6.372859860494611,2.7156734523275787,4.859572407559083
1086,KENTUCKY,MONTGOMERY,21173.0,0.0478373702,54848.0,3858.6666666666665,0.011909521,95.09618853333332,64.32272255555556,43.93942533333333,1.2298324444444444,70.3997675611111,642.7704133106647,3085.8750910995172,0,-2.3710982251562034,9.416613823715917,1.6598195480243378,3.635400781561925
1087,KENTUCKY,MORGAN,21175.0,0.0512585812,44587.0,540.4,0.0162098656399999,11.262105308,62.78779536363636,51.39803481818182,0.8229308181818182,73.59015829090909,661.975,3993.8203125,0,-2.559787053445505,7.641090678503487,1.4439381374212656,4.185835840428249
1088,KENTUCKY,MUHLENBERG,21177.0,0.060995347,52291.0,1557.7777777777778,0.0572046916555555,33.23173311222222,64.45461,40.501882413793105,1.4424180689655173,71.27485248965517,651.4393491096481,3154.630917028751,0,-2.8474243752815163,4.977805960684845,2.3083039737255073,4.4624757305087766
1089,KENTUCKY,NELSON,21179.0,0.0358274536,65928.0,4732.222222222223,-0.0075898263666666,180.04348783333336,73.67130826086957,33.28466491304348,1.8426780434782608,65.29166146521739,656.1173647681235,3550.2403609289927,0,-0.5931878901028299,35.82752060875079,1.823062195390892,2.1042205219610537
1090,KENTUCKY,NICHOLAS,21181.0,0.0427013931,52978.0,360.0,-0.0326297218,3.906549205,72.20325116666667,36.610174,0.0,69.33481153333334,654.7032967032967,3503.0865384615386,0,-2.1792779397565565,11.699429296131896,2.053087686774557,4.282560837474684
1091,KENTUCKY,OHIO,21183.0,0.0556110556,55512.0,999.8571428571428,-0.0004908408928571,10.71752908142857,64.42894795,38.18985125,1.0080624500000002,74.99870376,661.8993194880378,3063.278454763896,0,-2.73090835899742,5.897273303741281,1.8641908198393773,4.317903096457703
1092,KENTUCKY,OLDHAM,21185.0,0.0338348154,120818.0,11410.142857142857,3.3716535714285724e-05,90.80704457142858,76.6505031111111,14.729291888888888,10.01624088888889,46.085954461111115,680.6923759794716,4242.10013029112,1,2.095796182463343,89.79074191502853,2.9595638805146374,2.9595638805146374
1093,KENTUCKY,OWEN,21187.0,0.0373524289,64868.0,620.0,-0.0087626213333333,4.752507383333334,78.46832533333333,36.027455777777774,0.4444444444444444,64.88080638888889,649.4597129861692,3507.4378111946535,0,-1.3045756425841744,23.081800887761574,1.9902989359210879,3.5940105710302075
1094,KENTUCKY,OWSLEY,21189.0,0.0660550459,35000.0,288.0,0.3039051,5.8210141250000005,43.8976366,66.3468464,0.0,83.27398986,663.9388888888889,3249.861111111111,0,-4.7802645642351385,0.3804692454026633,9.63205390559395,11.022056128408094
1095,KENTUCKY,PENDLETON,21191.0,0.0398133294,71116.0,680.0,0.0009880305499999,6.979012943333333,71.26731654545455,32.45492318181818,1.6157442727272728,61.86215314545454,652.4481698477962,3341.352921563819,0,-1.600561381504439,19.055168040583386,1.6088984837355482,3.55052670351739
1096,KENTUCKY,PERRY,21193.0,0.0560010023,42519.0,2158.125,0.0077497106125,53.2472326375,59.55538588,47.3702704,1.10556756,70.688706972,652.1512200209634,3689.062024398803,0,-2.847886338945602,4.946100190234623,1.7930590517269247,4.168946038115723
1097,KENTUCKY,PIKE,21195.0,0.0566197481,46402.0,2472.0526315789475,0.0043419247421052,249.0192121894737,55.75835258064516,47.00656524193548,1.3629906935483873,74.16922834032258,653.6414609211441,3870.3983922620873,0,-2.642361331490518,6.658211794546608,2.2867817500319965,4.134433770344632
1098,KENTUCKY,POWELL,21197.0,0.0439945493,46014.0,1072.5,-0.0380381812,10.72560165,59.1763350909091,53.50233281818182,0.1755001818181818,78.84779774545454,637.9651678294824,3613.514436482694,0,-3.087422232230997,3.26569435637286,2.2360927445488947,4.677832447008106
1099,KENTUCKY,PULASKI,21199.0,0.0482866044,54487.0,6138.0,0.0094185214542857,153.48650986357143,67.1068408372093,47.08549665116279,2.148097,75.59655202093023,664.8301195509987,3743.3780611170014,0,-1.3149353976992946,22.828154724159795,1.4491453189161707,2.636268668492353
1100,KENTUCKY,ROBERTSON,21201.0,0.0522959184,55507.0,270.0,-0.013884821,2.612325,54.420858,51.585522,0.0,70.63610460000001,678.25,4157.0,0,-2.675859882615585,6.309448319594166,2.7762876457155907,5.022548765018488
1101,KENTUCKY,ROCKCASTLE,21203.0,0.0465655941,49406.0,869.5,0.07064441162,15.2389523,58.879665153846155,54.84293469230769,0.1457270769230769,80.2691803,662.0290322580645,3250.6189516129034,0,-2.840960899975408,5.136334812935954,2.2860898756782455,4.6421823979472485
1102,KENTUCKY,ROWAN,21205.0,0.0520730988,51712.0,2414.25,-0.0166914455,44.66832125,64.385364125,45.1337149375,1.0692780625,72.63533879375,657.9501655079575,3345.2296942783933,0,-2.3336706820481123,9.98731769181991,1.6428203649448778,3.757487762791249
1103,KENTUCKY,RUSSELL,21207.0,0.053213327,47397.0,1021.8,0.03256250146,27.631180898000004,62.3063345,50.839735625,1.4177835,82.2580647375,672.3077881832295,3233.3252757608766,0,-2.6250076514669423,6.911857958148383,1.8127750584124644,4.226320106086237
1104,KENTUCKY,SCOTT,21209.0,0.0334410659,81956.0,11528.92857142857,0.0410967492285714,351.5740736714286,79.70701213888889,22.232975055555556,3.8503100833333335,46.28367272777778,655.4330110593344,3011.9588765388517,1,0.19665190263188043,52.63157894736842,2.515775017440096,2.515775017440096
1105,KENTUCKY,SHELBY,21211.0,0.0348205855,76693.0,5468.444444444444,-0.0021128665555555,323.72980537666666,76.36602892857142,23.355869892857147,3.417472357142857,53.82695191785714,656.4389678500731,3470.4154858224383,1,-0.05286322719813192,46.89283449587825,1.8910631982693429,1.8910631982693429
1106,KENTUCKY,SIMPSON,21213.0,0.0375990182,60371.0,1947.5,0.0088137001249999,43.0816275,73.97352285714285,38.67159564285714,0.6135525,69.46830530714286,642.3219596752806,3469.601047934382,0,-1.38515728241115,21.845275840202916,1.2445155736587483,2.897347108651597
1107,KENTUCKY,SPENCER,21215.0,0.0369694642,97726.0,849.0,0.0138513605,8.963079375,79.21818277777778,18.63247544444444,1.5307293333333334,49.39123662222222,651.8099639104155,3447.0085396935515,0,-0.19266831361538106,43.69055168040583,3.1274742994888,3.446818746743551
1108,KENTUCKY,TAYLOR,21217.0,0.0380095024,52832.0,3046.8,0.0227672022,108.22049404,68.93524014285715,46.72834104761905,0.4970802857142857,77.90466798571428,661.5129163938233,3540.0924887039196,0,-1.3372946237762713,22.57450856055802,1.0532996712695168,2.686709360752026
1109,KENTUCKY,TODD,21219.0,0.0376098418,57288.0,495.25,-0.00911855025,5.489911435,70.20624122222222,37.688877,0.8646656666666667,70.5363456,656.1907931257164,3081.6110819754635,0,-2.1756593494849317,11.731135066582118,1.7577443830180741,4.096293642826864
1110,KENTUCKY,TRIGG,21221.0,0.0467885293,57844.0,583.6,0.0799614915,5.5015328320000005,62.1907563,,,-1763.5193582,643.8783132035225,3767.07968272794,0,-2.473844430473896,8.65567533291059,8.172383799957702,9.02237820935813
1111,KENTUCKY,TRIMBLE,21223.0,0.0387389794,65885.0,1088.5,-0.03473153085,5.6864606,71.44501416666667,30.0639895,0.0400641666666666,58.941967016666666,661.6406197512533,3515.1725680141776,0,-1.38798982895536,21.781864299302473,2.0001548697129694,3.5761517922017596
1112,KENTUCKY,UNION,21225.0,0.0485503517,60771.0,1212.5,0.05101411525,16.613185350000002,69.19881669230769,37.61762969230769,1.0393046153846155,68.34728826153847,645.6760961033548,3150.1119625535575,0,-2.2433970137044845,10.970196575776791,1.6994475332207317,3.887045915836238
1113,KENTUCKY,WARREN,21227.0,0.0393491615,62108.0,32957.75,0.02995450105,1474.5992486291668,78.13635547297297,40.29195391891892,2.0103281081081077,67.26728982702703,664.1618926283604,3655.759433455236,1,0.29073298224213623,54.724159797083075,1.8196545151104109,1.8196545151104109
1114,KENTUCKY,WASHINGTON,21229.0,0.0332526231,59071.0,1098.0,-0.0129822943333333,7.49661541,75.12261644444443,35.7249,1.2001887777777778,64.45377476666667,661.748857819271,3165.500270112715,0,-1.4016426287706156,21.59162967660114,1.918073782418229,3.5578891316435586
1115,KENTUCKY,WAYNE,21231.0,0.0559225011,42721.0,2305.4,0.1437843804,39.069158872,58.790808,52.72149111764706,0.4233527058823529,84.03371138235293,651.8258219018833,2668.6514797223235,0,-3.476529344190657,2.092580849714648,4.631187170630215,6.272768331589009
1116,KENTUCKY,WEBSTER,21233.0,0.0420930682,59260.0,750.75,0.02250193,10.1042995,64.78493223076923,40.938949307692305,0.4179896923076923,69.91659574615385,651.7376218365564,2835.660456581175,0,-2.623819844054884,6.975269499048826,1.7243614324467134,4.245378458858004
1117,KENTUCKY,WHITLEY,21235.0,0.0478070175,43910.0,4053.375,0.0572291320624999,185.5455234875,58.52628789655173,51.19722503448276,0.6257163448275862,80.68234331724138,657.1705859571675,3561.07599365162,0,-2.370897482157932,9.448319594166138,2.2129041124188116,3.951753835682316
1118,KENTUCKY,WOLFE,21237.0,0.0630331754,40949.0,660.5,0.00485985095,5.182168825,45.09418371428571,62.385417714285715,0.0,81.42253114285714,650.3852272727272,3101.301136363636,0,-4.78499613960572,0.31705770450221943,3.69146114744171,6.325854522011286
1119,KENTUCKY,WOODFORD,21239.0,0.0311863025,78344.0,6150.875,-0.0101482738,153.93332859999998,79.42518975,24.72055525,3.564171125,53.6141318125,649.5072754226562,3111.5642630942702,1,-0.14165504658068379,44.92707672796449,2.5808229106282274,2.5808229106282274
1120,LOUISIANA,ACADIA,22001.0,0.0371332775,43133.0,3101.75,0.02237561185,93.72908761666667,69.62070431914894,41.6501755319149,0.9267213191489362,70.21785370425532,660.9556281908932,3956.803123332978,0,-1.305183890955653,23.05009511731135,1.1936185575002118,2.7794542098006523
1121,LOUISIANA,ALLEN,22003.0,0.0419992632,47937.0,1677.0,0.0172312188,43.162215688,65.9016625,38.85623127777777,0.6233994444444444,68.95515930555555,645.609353705526,3446.8966556874325,0,-2.2904110881146056,10.431198478123019,0.8658570078813529,3.5441270986456472
1122,LOUISIANA,ASCENSION,22005.0,0.0296692462,89558.0,15711.07142857143,0.0376940076142857,239.3698165357143,77.5220384047619,25.211755119047616,3.030626785714286,49.946801816666664,665.159103926331,4305.5750318605715,1,1.3473260885409992,77.64743183259353,1.2886775942622049,1.2886775942622049
1123,LOUISIANA,ASSUMPTION,22007.0,0.0433792554,54511.0,1433.5,-0.0228158389166666,14.007420433333332,67.38350658823529,34.74609176470588,2.5179992941176472,60.5213731764706,649.3844807925195,3448.4810061511903,0,-2.161878731743469,11.953075459733672,1.3876565596157284,3.705863580977878
1124,LOUISIANA,AVOYELLES,22009.0,0.0421961326,44650.0,1632.0,0.0194559688333333,35.357442364444445,64.356071,-267.81881259374995,-310.99778659375,-242.4551093625,659.2335437940602,4122.89360982983,2,-1.3730367657391367,22.22574508560558,3.035382061815794,4.592071918911267
1125,LOUISIANA,BEAUREGARD,22011.0,0.0358050993,57108.0,3803.571428571429,0.0329768261157142,96.30667669142858,70.4930197826087,34.68508152173913,2.1151901739130436,62.49952515652174,653.6246893127692,3969.180062360367,0,-0.8993521915679888,29.708306911857957,1.194818676636164,2.262066699980316
1126,LOUISIANA,BIENVILLE,22013.0,0.0433248383,39743.0,751.8,0.02044971692,25.935789966,65.3390571875,47.2245058125,2.1540418125,73.38234925625,628.3859505896227,3724.870520889488,0,-2.9227601847689098,4.280279010779962,1.5489368060031412,4.292182717912309
1127,LOUISIANA,BOSSIER,22015.0,0.0323392953,71061.0,37552.545454545456,0.013016347490909,689.7629411272727,78.20764183561644,29.914430013698635,2.382606575342466,58.812297239726036,655.3094139219387,4309.571981227367,1,0.912045858171986,68.67469879518072,1.0863438489865807,1.0863438489865807
1128,LOUISIANA,CADDO,22017.0,0.0405524044,50773.0,50147.484375,0.0089607791365079,1109.1152648671875,71.1710890974359,-8.63261041326531,-48.11852871428571,26.66539380153061,650.0090084929143,4140.218423607909,1,-0.2858495189980562,41.75649968294229,2.2519078347550887,2.2519078347550887
1129,LOUISIANA,CALCASIEU,22019.0,0.0344509483,63912.0,25684.340909090908,0.0167251969015909,819.6394391613637,73.62181861764707,-179.73288387681157,-215.10239308695657,-152.7789029710145,651.846172481626,4097.330680519442,1,0.48713736794685586,59.41661382371591,2.5218082103094925,2.5218082103094925
1130,LOUISIANA,CALDWELL,22021.0,0.0395663957,48050.0,709.0,0.0519414033333333,3.679139466666667,70.21112122222222,38.266669111111106,2.178615888888889,65.10238054444444,635.4153370977685,3763.413750486693,0,-2.3574158400937764,9.701965757767914,1.7387269709923252,4.20327412202753
1131,LOUISIANA,CAMERON,22023.0,0.0277942046,66189.0,3398.0,-0.0022122057999999,2.074502115,75.914528,,,-1066.3755552555556,657.0968290298293,4233.441036650437,0,-0.2759288301053427,42.07355738744452,5.301910989837525,5.556446141333357
1132,LOUISIANA,CATAHOULA,22025.0,0.0428491931,40139.0,670.6666666666666,0.0483174334333333,43.38205351666667,62.927425125,42.523839875,1.65406875,72.260611075,634.4618587213347,4054.918818050686,0,-2.680399506445273,6.214331008243501,1.7949686376006762,4.250138988518078
1133,LOUISIANA,CLAIBORNE,22027.0,0.0396149574,39576.0,702.2,0.0173261542,32.90103638,65.419334,46.2842026875,1.958404875,71.7245984,640.59387309714,3610.301012327133,0,-2.6768104513324036,6.246036778693722,1.2666961847992029,4.069726804637937
1134,LOUISIANA,CONCORDIA,22029.0,0.0471356055,43136.0,3442.8,0.0494678396199999,93.169478616,63.08515394444444,51.36022027777778,1.1473316111111111,73.78244272777778,632.5040018825761,3448.6996757403263,0,-2.713387093487979,5.928979074191503,1.973914082856971,4.063462719681375
1135,LOUISIANA,DE SOTO,22031.0,0.0413155002,53165.0,1346.0,0.0074963990457142,18.387863098571433,67.39495377272728,44.39677622727272,1.7624315454545454,69.09333072727273,634.3537392450037,3604.3093316417776,0,-2.283266320772737,10.526315789473683,1.0001452918969131,3.642799233783734
1136,LOUISIANA,EAST BATON ROUGE,22033.0,0.0339963245,60205.0,91948.08695652174,0.0078219070771739,1432.987173220652,76.75248978807947,2.1494384125412567,-29.419460518151812,37.919514860726075,669.7681474545014,4587.820059006706,1,1.199475347278795,74.857324032974,1.599339959350357,1.599339959350357
1137,LOUISIANA,EAST CARROLL,22035.0,0.0879382056,34604.0,556.6666666666666,-0.020570031,22.246964966666667,57.285878499999995,58.94585075,1.421904625,80.4318041625,619.5982357032915,3279.3420426171497,0,-5.203701485739609,0.22194039315155356,4.7117880999308674,6.987630479161135
1138,LOUISIANA,EAST FELICIANA,22037.0,0.0351098762,58360.0,873.6,0.01066130804,10.03739774,66.65025175,39.0097766875,2.0574290625,60.82658766875,643.4785385195387,3442.742216642676,0,-2.1065114257412727,12.745719720989221,1.1169582094205575,3.690880647598267
1139,LOUISIANA,EVANGELINE,22039.0,0.0392622951,46178.0,1892.5,0.051253331025,123.85101747125,59.134189533333334,47.665873000000005,1.5336992333333332,72.29858106666667,651.1980816617697,3220.60558473887,0,-2.5547773059481638,7.704502219403932,1.9825197754215969,4.06756682110412
1140,LOUISIANA,FRANKLIN,22041.0,0.0518163125,42066.0,1238.0,-0.0173403907166666,46.19457734833333,69.77621772222223,44.93053072222222,0.9943778333333332,70.25039248888889,638.6136525005008,3587.0812425294384,0,-2.586879170306878,7.3557387444514895,1.7502373183408941,4.032456502345772
1141,LOUISIANA,GRANT,22043.0,0.0371009491,58560.0,847.4,0.0499334507199999,6.820154808000001,64.30939813333333,39.24277273333333,2.1531130666666667,70.92064004666666,638.6808687851775,3069.2407951977652,0,-2.6249082165790343,6.943563728598605,1.9268764105548533,4.353464423737554
1142,LOUISIANA,IBERIA,22045.0,0.041164075,51770.0,11056.2,0.0069416534133333,518.2029865266667,70.05412545283019,-147.99494216666668,-182.88647072222224,-119.9610609462963,650.74356823294,3827.351355697968,1,-0.6784153522891166,34.14711477488903,2.8544122770354288,2.8544122770354288
1143,LOUISIANA,IBERVILLE,22047.0,0.0417596659,54265.0,3574.285714285714,-0.0027430930857142,112.54888755714283,71.38312718181818,-419.1256727272728,-452.41225572727274,-394.2035636954546,656.5703365822294,4223.21701617475,2,-0.1759756802232625,44.00760938490805,1.2184108628360888,5.430022658778491
1144,LOUISIANA,JACKSON,22049.0,0.0327455919,51215.0,1231.0,0.00693248898,16.562391098,66.74223714285714,39.881295,0.2585358571428571,70.63486235714285,638.748774447279,3661.469888658589,0,-2.0682578540098113,13.094483195941661,1.1264053635620745,3.5953973460729403
1145,LOUISIANA,JEFFERSON,22051.0,0.0346731554,61168.0,120334.73015873016,-0.0112329257168,2163.8647611176,75.86935245426828,-59.75006374320241,-86.95368459214502,-22.209427102114805,672.994743949294,5158.80002105058,1,1.745211160236696,84.93975903614458,2.327080220475825,2.327080220475825
1146,LOUISIANA,JEFFERSON DAVIS,22053.0,0.0376894715,62563.0,2776.4285714285716,0.0126745756142857,165.71210767142856,65.50340665384616,42.10073765384615,2.0165849615384617,67.76736847307691,636.7333317222755,3333.160302910601,0,-1.779362979767286,16.487000634115407,1.575042554378847,3.1443642154327325
1147,LOUISIANA,LAFAYETTE,22055.0,0.0319157177,64181.0,59059.53488372093,0.0183321545627906,1391.6796688581396,78.44271637692307,33.71896733846154,4.216744738461538,69.03523161615385,666.4468569872928,4667.17144393801,1,1.3190835885614525,77.10843373493977,1.388052751870156,1.388052751870156
1148,LOUISIANA,LAFOURCHE,22057.0,0.0316852789,60107.0,7300.217391304348,0.023566133973913,543.187413773913,71.73998201470589,-111.8367026231884,-142.7401294057971,-75.69348658550726,666.451408156162,4778.976225183776,1,0.6185302889766499,62.682308180088775,1.9367850621041374,1.9367850621041371
1149,LOUISIANA,LA SALLE,22059.0,0.0303030303,57556.0,1396.6666666666667,0.030662341,21.709488033333333,69.46145357142856,35.26883107142857,1.1029561428571428,62.67944009285714,646.7332399350896,3522.472496156036,0,-1.553556786821151,19.657577679137603,1.2140904688990817,3.220235708912384
1150,LOUISIANA,LINCOLN,22061.0,0.037736738,47851.0,9830.7,0.01152871516,312.47428792,71.44580763636364,-563.0552503030302,-603.9428343939393,-539.3984522939394,657.3890789408844,4171.5124348209165,2,0.2807381512519475,54.470513633481296,1.8143875225152788,7.018596114306267
1151,LOUISIANA,LIVINGSTON,22063.0,0.0297258538,73745.0,6991.235294117647,0.0304411121764705,126.54267083529412,74.64322040740741,27.76468572222222,2.200147092592593,53.19035770925926,653.51196103065,4219.963921472951,1,0.26004117710551505,53.804692454026636,1.438358190378459,1.438358190378459
1152,LOUISIANA,MADISON,22065.0,0.0548377835,34704.0,1262.4,0.0609827439599999,299.77295442,57.3639702,61.2229306,0.8747332,81.86211166000001,626.1703507222778,3562.32334855153,0,-3.5767913574549617,1.7438173747622066,2.999011611688723,5.106075029945767
1153,LOUISIANA,MOREHOUSE,22067.0,0.059369783,37255.0,1593.0,0.022169975625,148.12886934875,62.4584652,48.569467839999994,0.7993853200000001,76.240706632,629.1914399309806,3150.2290212300936,0,-3.571314949674588,1.7755231452124285,2.5630514973420957,4.851292624324366
1154,LOUISIANA,NATCHITOCHES,22069.0,0.040641033,47476.0,4385.777777777777,0.0113858375555555,339.73652178666663,68.98311951428572,46.54509088571429,1.8518125714285711,70.54016167714286,657.4708768154425,4224.748967586841,0,-1.0067581607611231,27.86937222574509,1.6033663171830932,2.4278816801797602
1155,LOUISIANA,ORLEANS,22071.0,0.0445859147,53729.0,165997.29378531073,-0.0262626352454913,2189.058268159659,69.02250680532786,-155.8418408450704,-197.63215176257543,-124.41118890321933,665.9017080101959,5001.319260797185,1,0.8865454481207177,68.13570069752694,3.5173087540105588,3.5173087540105583
1156,LOUISIANA,OUACHITA,22073.0,0.0378371414,52904.0,30722.425,0.01067038056375,697.3624147375,70.9308600625,-46.09409814159292,-86.07094163716815,-20.205182537168145,650.3979101866523,3784.4521300581273,1,-0.4684633722366689,38.26886493341789,2.255072315201843,2.255072315201843
1157,LOUISIANA,PLAQUEMINES,22075.0,0.03267773,71460.0,6800.444444444444,-0.0095601601,141.9400856625,73.21770456521739,-382.63205725000006,-414.8944143333333,-348.61106248333334,657.2790801980113,4772.799896624191,2,1.074396339113947,72.19403931515535,1.961451556709985,4.7508478614536775
1158,LOUISIANA,POINTE COUPEE,22077.0,0.0375510204,57045.0,1608.0,0.0051162935,133.61392023333337,69.7192828125,35.5776341875,1.9875436875,62.7578845,670.9434237097875,4173.862617772433,0,-0.7116350675069538,33.576410906785036,1.3150730609774004,2.293555798634191
1159,LOUISIANA,RAPIDES,22079.0,0.0349305048,52379.0,20706.090909090908,0.0214179463712121,613.2189180706062,69.07628037113402,39.285043278350514,1.98670512371134,68.25396759793814,654.4709167289508,4165.365621239172,1,-0.4324203635760704,38.902980342422325,2.0432409812998453,2.0432409812998458
1160,LOUISIANA,RED RIVER,22081.0,0.0351108765,46817.0,1098.0,0.0960312455,20.354635,62.566543375,39.53576525,2.414716875,70.7754425875,625.198688466787,3061.964144267203,0,-3.0480814172323045,3.4242232086239692,3.131831794905427,5.143646013235766
1161,LOUISIANA,RICHLAND,22083.0,0.0457940492,45093.0,1852.8333333333333,0.015706764215,56.27179901666667,67.21973782352941,43.64145388235294,1.512824058823529,71.86835411764707,632.7875410393121,3540.13440145942,0,-2.5090128044465176,8.275206087507927,1.291090812016103,3.7487655756898084
1162,LOUISIANA,SABINE,22085.0,0.0377922494,53183.0,735.5714285714286,0.0181631585428571,22.273769304285715,65.98538052173913,43.271913391304345,1.7068814782608697,68.01758857826087,639.6582639905512,3613.850132151102,0,-2.265766003920386,10.62143310082435,0.9222359391839925,3.7021303633125435
1163,LOUISIANA,ST BERNARD,22087.0,0.0420324021,52139.0,34453.82352941176,-0.0611533071,657.6085038641177,69.88668423404256,-564.2746359600001,-598.7806199400001,-537.279106744,667.2332144300808,4705.9121610164575,2,0.9802318981710669,70.16487000634115,3.259064340277043,7.352398022194377
1164,LOUISIANA,ST CHARLES,22089.0,0.0320892495,81482.0,13758.23076923077,0.0178098142230769,248.5716646923077,74.46154711764706,27.14517597058823,2.301408411764706,53.081884367647056,666.5478422415489,4684.450727169625,1,1.1089959713573183,72.8281547241598,0.9102913086190225,0.9102913086190226
1165,LOUISIANA,ST HELENA,22091.0,0.0528531338,46835.0,779.0,0.0053096885,3.59660245,61.97870011111112,45.53439155555556,0.9489815555555556,72.3159362,632.8147916666667,3253.4363095238095,0,-3.5779424282656467,1.7121116043119846,2.0491253515959076,4.93250475698606
1166,LOUISIANA,ST JAMES,22093.0,0.0446801309,64089.0,3140.285714285714,0.0237763520428571,124.33249712857142,71.75412644444445,34.11262388888889,2.7860994444444445,56.73981622777777,662.3718693199779,4039.904319451829,0,-0.6812216887238163,34.05199746353836,1.304928101313419,2.0197174913525577
1167,LOUISIANA,ST JOHN THE BAPTIST,22095.0,0.0441246495,63183.0,7946.272727272727,0.0217197561545454,285.2595685090909,73.35825426666666,33.64501666666667,0.8670935,61.58156051333333,663.977234816489,4324.053923131102,1,-0.12657709792821714,45.24413443246671,1.4932853541997433,1.4932853541997437
1168,LOUISIANA,ST LANDRY,22097.0,0.0447686117,43051.0,5107.789473684211,0.0135434059263157,349.9636414368421,63.37150568181818,46.63785410606061,1.644608712121212,71.2111287560606,655.1925502360133,4480.17196970887,0,-1.4082900195545751,21.464806594800255,2.0043801899631997,3.03577227409515
1169,LOUISIANA,ST MARTIN,22099.0,0.035662366,54516.0,6873.0,0.0388079018545454,76.86378536363637,71.8226435,36.49626975,1.7803615625,64.500428209375,662.2167320868963,4194.211411044058,0,-0.5168881113526366,37.159162967660116,1.6378138699558957,2.0757747932584003
1170,LOUISIANA,ST MARY,22101.0,0.0419705157,51179.0,7267.0,0.01500913085625,444.6398127,68.223941,-176.625051,-215.37058043478265,-150.12413364999998,657.0842637620759,4558.05911006004,1,-0.31177772013938865,41.154090044388084,3.0195542711747585,3.0195542711747585
1171,LOUISIANA,ST TAMMANY,22103.0,0.032631438,78484.0,15906.116279069767,0.0299038649892857,490.6106176095238,76.38533504799999,-54.64494325396826,-73.96550211904761,-19.175737943650795,670.0550171490365,4849.522856335703,1,1.5186410365289167,81.00824350031705,1.0084211840726147,1.008421184072615
1172,LOUISIANA,TANGIPAHOA,22105.0,0.0428885247,55432.0,10544.75,0.02430892571,360.18509409,70.63212065151515,40.88555798484849,1.3363243333333334,66.6182706060606,661.1785747181099,4028.021998206592,0,-0.6209584964409763,35.28852251109702,1.8597554286589573,1.9537578736289807
1173,LOUISIANA,TENSAS,22107.0,0.0514372163,35670.0,306.6666666666667,-0.041097501,2.8338788833333335,66.50257,51.234861333333335,0.9184938333333332,77.02525073333334,630.7517789449837,3033.0198223292628,0,-3.984271332520392,0.9511731135066582,3.070543825946756,5.711152752611438
1174,LOUISIANA,TERREBONNE,22109.0,0.0337901962,62566.0,16560.428571428572,0.0176546811238095,563.3651661957143,71.32933711688311,-96.23582837179488,-125.96584866666667,-69.18548629358975,657.159532343853,4534.2227750204065,1,0.4331860787871822,58.08497146480659,1.6979560574019565,1.6979560574019565
1175,LOUISIANA,UNION,22111.0,0.0416666667,52753.0,739.6666666666666,-0.0289075306666666,42.55014847333333,63.520821842105256,43.72112568421053,0.910089894736842,69.45000196842106,631.4595755665123,2699.499897608126,0,-3.1705032943679465,3.1071655041217503,2.5412226896086776,4.7790379421463305
1176,LOUISIANA,VERMILION,22113.0,0.0363590981,53711.0,3466.5833333333335,0.021310780625,176.49130366666668,72.47304060465116,-189.6267530909091,-225.67620436363632,-162.76982115681818,665.9958030572553,4829.80342115412,1,0.2426213886119314,53.39251743817375,2.992666046611182,2.992666046611182
1177,LOUISIANA,VERNON,22115.0,0.0458338446,55872.0,2337.8333333333335,0.0448605348727272,78.06088840833333,73.64995702272728,-426.11419095454545,-453.45119125,-384.5858857386363,649.9225445001621,4271.876248323462,2,-0.28149261280190513,41.883322764743184,1.567672395242482,5.610203818194116
1178,LOUISIANA,WASHINGTON,22117.0,0.0427046263,45073.0,1586.6363636363635,-0.0113400272363636,122.97692633636362,59.529367533333335,49.336562433333334,1.0621734,75.05645217333334,648.2713110946437,3591.420692341809,0,-2.539547287007191,7.863031071655041,1.6613818388683195,3.8935742858888553
1179,LOUISIANA,WEBSTER,22119.0,0.0440646847,47088.0,2954.6363636363635,0.0341985722727272,277.04964646363635,70.322417,44.504612256410255,0.8188011538461538,71.54122240512821,633.3013429392615,3395.532873127942,0,-2.0333746565043205,13.506658211794548,1.8103640667517733,3.4273287277846465
1180,LOUISIANA,WEST BATON ROUGE,22121.0,0.0328243185,73173.0,30722.0,0.0493355904,272.25985180000004,77.60022557142858,32.870003857142855,2.267846714285714,57.082720214285715,652.5162513740158,4319.429843158221,1,0.752824574131015,65.34559289790742,1.521255693326866,1.521255693326866
1181,LOUISIANA,WEST CARROLL,22123.0,0.0621387283,47030.0,704.3333333333334,-0.0059866120566666,6.729628233333334,65.43255254545456,45.02959881818182,0.7708031818181819,71.19877798181818,655.2288488706319,3549.569703003851,0,-3.0128601779682995,3.709575142675967,2.079164606393033,4.638564606886592
1182,LOUISIANA,WEST FELICIANA,22125.0,0.0264365706,74368.0,1589.6666666666667,-0.0664866076666666,17.937432166666667,57.361653999999994,31.392116714285716,3.271114714285715,51.74851935714286,650.6379136027737,3794.180055329036,0,-1.4967743185710127,20.25998731769182,3.3329124092569713,4.379633670136872
1183,LOUISIANA,WINN,22127.0,0.0421074466,48430.0,1812.5,0.0270284717499999,209.403905475,61.2667945,47.2680604375,0.9216025625,73.956588025,636.82289826647,3316.122935654721,0,-2.589252962587191,7.2923272035510465,1.7259954424328763,3.869667418441185
1184,MAINE,ANDROSCOGGIN,23001.0,0.0295966962,63456.0,21343.5,-0.0038929978678571,1702.437577071429,79.44075144444444,35.23065197222222,1.4291086666666668,75.40337249722222,674.4002370901479,3896.180244718944,1,0.897341408285574,68.32593532022828,1.5212951639171703,1.5212951639171706
1185,MAINE,AROOSTOOK,23003.0,0.0389587701,56361.0,1408.625,-0.0045610893254166,31.212075247083337,73.55209549367089,-85.45777063749999,-124.0173499875,-44.89201774625,678.5667423752369,4491.958009260249,0,-0.220680302505544,42.99302473050095,2.296520313678689,2.7065069076408412
1186,MAINE,CUMBERLAND,23005.0,0.0239970635,96255.0,46972.833333333336,0.0043362624204545,1920.8912307909088,83.93482570283018,-22.223118690140844,-42.30209592018779,15.01564572910798,681.6269006523979,4002.0575038849033,1,2.6441813086993915,94.92707672796449,2.0826605109942307,2.0826605109942307
1187,MAINE,FRANKLIN,23007.0,0.0353853963,56509.0,1104.111111111111,-0.0057156801555555,17.557134664444444,75.8728091923077,35.11413426923077,1.7638536923076924,78.78222363076922,671.8370619275189,3716.403358919812,0,-0.8816669913690198,29.993658845909955,1.5640712281332527,2.9249865264823574
1188,MAINE,HANCOCK,23009.0,0.0323377889,72647.0,1789.470588235294,0.0308460697411764,33.92200721352941,81.06265708163265,-169.80308688000002,-197.45072396,-130.14332023999998,678.1988198441626,4057.686212995925,1,0.7577885846676453,65.37729866835764,2.8381454554240424,2.8381454554240424
1189,MAINE,KENNEBEC,23011.0,0.0261452586,64643.0,8033.709677419355,0.0097425820838709,338.5640338709677,78.27224453398058,29.934430417475728,2.2548617281553396,71.75031277184466,678.1986737002642,3848.147326721048,1,0.6283914390664311,62.99936588459099,1.4721927933549506,1.4721927933549508
1190,MAINE,KNOX,23013.0,0.0287100485,70533.0,4160.3,-0.008000304134,200.79093612,82.4945543,-213.35299565853657,-241.01345709756097,-172.44247725121951,682.5951149190696,4178.019047091598,1,1.433055568945494,79.07419150285352,2.8987392864703527,2.8987392864703527
1191,MAINE,LINCOLN,23015.0,0.0278586279,74569.0,1460.0,-0.0023186904111111,35.007523766666665,77.84941606060606,-547.1138099428572,-568.8177890000001,-503.53093676,673.5681793260522,3480.7490338140183,2,0.8414646676451052,67.21623335447052,2.2650058854361594,6.872780335371341
1192,MAINE,OXFORD,23017.0,0.0318950059,60220.0,1039.7058823529412,-0.0096733622270588,16.187455194117646,75.26925720833333,36.35385125,1.2231742916666668,77.70467980625,672.7957769724242,3691.305555540317,0,-0.7462678645439408,32.910589727330375,1.753357830923095,2.935018148398306
1193,MAINE,PENOBSCOT,23019.0,0.0306417163,65215.0,11782.152173913044,0.0054316370488888,617.9656199030434,78.01686156410257,35.63468488888889,1.833836769230769,75.51092157863248,678.7407223279321,4176.576559754668,1,0.8583422030107075,67.6284083703234,1.0403236397067088,1.0403236397067088
1194,MAINE,PISCATAQUIS,23021.0,0.041971831,51787.0,611.25,-0.0176016104125,7.390515263549999,72.44988357894738,40.34942142105263,1.0119846842105265,83.09652790526316,690.9184252100192,4136.827661120779,0,-1.0089298101315236,27.837666455294862,2.216650981916264,3.6226783301070697
1195,MAINE,SAGADAHOC,23023.0,0.0230453103,83180.0,7211.333333333333,0.0015433916374999,424.8654195875,81.47965833333335,-331.41660357142854,-355.5927567142857,-292.8093173214285,679.360419943619,4196.924681499647,2,2.2018951862667593,91.21750158528852,3.151994270700665,4.070375644029063
1196,MAINE,SOMERSET,23025.0,0.0417421224,56422.0,1727.3529411764705,0.013034472217647,22.36644611705882,72.84770482222223,40.79308255555556,0.9296918666666668,81.55473954222222,679.8944694106933,3683.475101757123,0,-0.9892715160651959,28.249841471147747,1.3334999387836983,2.815081949368719
1197,MAINE,WALDO,23027.0,0.0302523489,68345.0,1303.625,0.00449751298,27.8600866375,77.63490976470588,36.59877397058823,0.9534281764705884,78.11626097647058,680.9485784813238,3883.1537351092857,3,0.02219918216740329,48.7000634115409,1.72908453308203,2.4087980586553623
1198,MAINE,WASHINGTON,23029.0,0.0412686567,48104.0,784.0714285714286,-0.0158774980246153,20.237391305384616,73.85450688235294,-245.57686282857145,-285.099732,-204.22298627428572,662.1112160511256,3907.738058934199,2,-1.042968478163124,27.393785668991754,3.384417129760289,4.401651265304334
1199,MAINE,YORK,23031.0,0.0259565233,85445.0,7908.731707317073,0.000107224653275,201.4351638475,82.1397222086331,-46.04337123571429,-68.70757213571429,-5.6969218707142835,672.7160824835747,4194.032532493469,1,1.5988493227466805,82.43500317057705,1.4044692657722557,1.4044692657722557
1200,MARYLAND,ALLEGANY,24001.0,0.0280203903,54759.0,11663.04347826087,-0.0008489116326086,778.7376028395653,73.0137995,37.71440183333333,1.261635685185185,76.69298468518518,675.6011058753734,4963.0403451276015,1,0.7957866080119566,66.45529486366519,1.8860938485197736,1.8860938485197736
1201,MARYLAND,ANNE ARUNDEL,24003.0,0.018370455,116956.0,62608.03846153846,0.0075391267076923,1111.6694941153846,81.99915508387097,-114.42403922115386,-117.42314657692307,-85.51141315512821,676.7076419776034,5140.507647353881,1,3.9903199615487166,99.23906150919467,3.4374075253739607,3.4374075253739607
1202,MARYLAND,BALTIMORE,24005.0,0.0218823044,86807.0,95360.19158878503,0.0014584685887323,1390.5197332121495,79.84569403231939,-94.24234189224951,-107.10021878449906,-58.481190841776936,675.308767933127,4806.796663193231,1,2.792020795134935,95.71972098922004,2.1237761531247674,2.1237761531247674
1203,MARYLAND,BALTIMORE CITY,24510.0,0.0291641601,58616.0,277123.31,0.0341956438214,5229.0612323099995,68.8290876728395,-52.59762488973966,-89.31996415467074,-16.479689713323125,650.2417920818325,4093.443833267787,1,0.6441409916571971,63.22130627774255,2.9381471133574624,2.9381471133574624
1204,MARYLAND,CALVERT,24009.0,0.0187890175,124486.0,5002.0,-0.0070971023444444,98.14720365555554,80.92545525,-210.48748575555555,-213.7264852888889,-184.36512119111111,669.5896841446098,5219.37863253039,1,3.439109008545245,98.22447685478757,4.361346634664525,4.361346634664524
1205,MARYLAND,CAROLINE,24011.0,0.021274067,63491.0,1630.4444444444443,0.0065393655666666,134.87753335555556,78.17734047826087,25.655248347826085,2.1373342173913046,63.626589404347826,665.2026567549224,4284.023005773299,1,0.35633399692558193,56.119213696892835,2.1114518683257875,2.111451868325787
1206,MARYLAND,CARROLL,24013.0,0.0170637003,113885.0,10919.052631578948,-0.0031248675847368,234.55217324210528,81.89554966037736,-79.40191082075472,-87.69840596226416,-50.91965500377359,681.1527533759196,4757.786040080678,1,3.2086087217291537,97.36842105263158,3.015135725664748,3.015135725664748
1207,MARYLAND,CECIL,24015.0,0.0220263513,87592.0,10572.052631578948,0.0132505469526315,197.54446,78.45991629824562,20.341591333333337,3.789781982456141,55.4576668,667.6261963528722,4529.198891818375,1,1.6173273763223799,82.75206087507927,1.3967329501922516,1.3967329501922514
1208,MARYLAND,CHARLES,24017.0,0.02171808,105141.0,10650.387096774191,0.00167908866,276.31756671,79.371281,-233.84695827160496,-239.27710050617284,-206.5601163802469,671.2996772212617,5406.909628240454,1,3.186895183473828,97.33671528218136,3.709358666763643,3.7093586667636425
1209,MARYLAND,DORCHESTER,24019.0,0.0227747084,63087.0,2875.4444444444443,-0.0335108800555555,259.3927735577778,77.18831262068964,-302.5314492333334,-330.3900241,-264.08876291999997,662.9325780692275,4448.13489007188,2,0.9889037728518455,70.29169308814204,3.171423654471514,4.173563848290318
1210,MARYLAND,FREDERICK,24021.0,0.0195036629,114089.0,28986.688524590165,0.002694771762295,1166.7680285639344,83.17165616315789,13.763677536842104,7.743616257894736,44.92075063157895,676.5684695048545,4946.172997523346,1,3.4861124655749642,98.31959416613823,2.9294989596923284,2.9294989596923284
1211,MARYLAND,GARRETT,24023.0,0.02316058,65991.0,1513.7142857142858,0.0002627411857142,17.273865714285716,78.2239425,32.57332631818181,2.1782265,72.1654461909091,684.9727928710578,4580.303958913125,3,0.6472446034286312,63.37983512999366,1.063858634461131,2.5771280631375357
1212,MARYLAND,HARFORD,24025.0,0.0197777051,104553.0,22196.964912280702,0.0098689462561403,523.3137487175438,81.85532522155688,16.012798718562873,6.368375694610779,47.22906207724551,671.7285837762048,4994.760058316616,1,2.947514561918798,96.41724793912492,2.3908232141930728,2.3908232141930728
1213,MARYLAND,HOWARD,24027.0,0.0170542225,140113.0,89944.29090909091,0.0195717521872727,1126.060741109091,83.50281485714287,8.26723762987013,19.6222250974026,29.6434458012987,692.4043783234509,5434.597012327893,1,5.074658412041367,99.84147114774889,4.757457072392879,4.757457072392879
1214,MARYLAND,KENT,24029.0,0.0236092816,69781.0,2614.6,0.0139507457959999,113.7429861,80.85614894736842,-474.59118215,-494.6329289,-438.34225235,673.4998654327891,5088.039765695033,2,2.1125452754865077,90.07609384908054,2.301211440974225,5.872352821869115
1215,MARYLAND,MONTGOMERY,24031.0,0.018644006,125076.0,147522.088372093,0.0056624471197674,3587.077305455814,83.47625504567701,-4.798433395765472,2.20473188762215,20.509145996416937,694.8744097100476,5565.431326949419,1,4.981319688669349,99.714648065948,4.2805069852535125,4.2805069852535125
1216,MARYLAND,PRINCE GEORGE'S,24033.0,0.0224828738,97171.0,107119.3256880734,0.0064889566426605,1103.0007250412843,81.53936783493282,-42.61545984703633,-51.79839565583174,-6.869396052581261,667.7874943261689,5193.665590227585,1,3.1849145615493017,97.30500951173113,2.4766575766521717,2.4766575766521717
1217,MARYLAND,QUEEN ANNE'S,24035.0,0.0178034191,112527.0,2577.75,0.0068896989818181,75.60425550000001,82.79673512,,,-1031.1647248285717,670.1296075833421,4368.280252590507,1,2.276455325391245,92.13696892834496,5.528204412307078,5.528204412307078
1218,MARYLAND,ST. MARY'S,24037.0,0.0197497904,102345.0,6870.411764705882,0.0065695278529411,184.5474030117647,80.80198544444445,-343.13121066071426,-350.46059344642856,-316.40887430535713,672.6573461720915,5849.630090296082,2,3.5824345922297978,98.47812301838935,4.4235810909353095,5.010993571765434
1219,MARYLAND,SOMERSET,24039.0,0.0315789474,51841.0,1081.142857142857,0.0195261032142857,44.95865500000001,68.11743221052632,-465.21250605000006,-498.93902,-434.013755785,655.5470487598193,4793.576589375671,2,-0.08608885563702798,46.22701331642359,1.7215610435225075,6.224232629730246
1220,MARYLAND,TALBOT,24041.0,0.0219666475,80371.0,7624.1,0.00502680013,491.07926833,80.7741321111111,-335.6457185357143,-348.7110704285714,-301.23602115,678.2050212636823,5216.711270771006,2,2.7451738625715834,95.56119213696893,3.4285409863566754,4.232697104301488
1221,MARYLAND,WASHINGTON,24043.0,0.0231367448,71685.0,25902.8125,-0.00757505087,960.789100721875,77.32469318085106,-288.9414991368421,-313.2041123473684,-251.1165664473684,666.4986730481018,4186.500386299961,2,1.6820642222497915,83.63982244768548,3.490902954816605,3.5755502838996662
1222,MARYLAND,WICOMICO,24045.0,0.025409254,70975.0,20580.526315789473,0.0092804135178947,1098.1943007526315,78.54404676056338,31.44378643661972,2.4284736338028168,70.15904023380281,665.9489095566213,4382.977292903645,1,1.2676069997283312,76.22067216233354,1.0205577909175374,1.0205577909175374
1223,MARYLAND,WORCESTER,24047.0,0.0332173981,75459.0,4611.5625,-0.0046973784866666,350.395682375,78.38465069565218,-390.90309939583335,-411.24081685416667,-354.28344285416665,669.2375331799567,4889.750552737707,2,1.7808309674759177,85.44705136334812,2.1742635182670815,4.704986187028118
1224,MASSACHUSETTS,BARNSTABLE,25001.0,0.0419334701,89448.0,10831.0,,276.3653061071428,79.41418285128205,-26.81375700510204,-45.80616985204082,9.633226607142856,683.4244899664336,4843.832356221658,1,1.7908143971013022,85.51046290424857,1.4544231474539129,1.4544231474539129
1225,MASSACHUSETTS,BERKSHIRE,25003.0,0.0361783481,74535.0,9757.28205128205,,716.1799307179487,79.02992815384616,32.028134489510485,3.628171132867133,70.28520391958041,674.5188670578195,4491.205992106698,1,1.138344942571896,73.58909321496513,0.6794160888415399,0.6794160888415399
1226,MASSACHUSETTS,BRISTOL,25005.0,0.0409776802,81047.0,37672.055555555555,,1675.106390208,77.16868429381444,-21.36568928717949,-47.767404992307696,12.821169036923076,672.8425125990191,4383.217912513534,1,1.4287918789928247,78.97907419150285,1.0444902782483343,1.0444902782483343
1227,MASSACHUSETTS,DUKES,25007.0,0.0435586604,94059.0,3211.5,,130.394631,82.09796689999999,-448.1780725714286,-469.7743779523809,-420.3207933285714,682.7203118610001,4645.770234222511,2,2.241305536287355,91.75649968294229,2.467766114283359,5.599618229529783
1228,MASSACHUSETTS,ESSEX,25009.0,0.0347461629,96303.0,62113.981595092024,,1834.8956804753088,80.03028695229358,5.213471573260074,-10.118983694139194,35.822242768131865,680.6998478081298,4981.73734612448,1,2.73393334278479,95.43436905516805,1.9407945401057287,1.9407945401057287
1229,MASSACHUSETTS,FRANKLIN,25011.0,0.0285405623,71256.0,5860.0,,398.34689122777786,82.42764116129032,25.318178193548388,2.6974843387096774,67.00280688387097,682.9953391997552,4485.401945328077,1,1.4247064830952816,78.88395688015218,1.2190408201951064,1.2190408201951062
1230,MASSACHUSETTS,HAMPDEN,25013.0,0.0425680803,67155.0,70840.69902912622,,2089.1443688029126,72.27420313690476,4.861838519287834,-26.935286525222548,40.20061735252225,672.805826522109,4590.28368074725,1,0.9556320166140345,69.72098922003805,1.6319607726943677,1.6319607726943675
1231,MASSACHUSETTS,HAMPSHIRE,25015.0,0.029490221,80839.0,17977.833333333332,,920.5678693583332,82.77793143809525,-262.18952736190477,-281.56638949523807,-228.20089267333333,692.6844940078595,4526.142715233599,1,2.6312860554221653,94.76854787571338,3.2487777356835044,3.2487777356835044
1232,MASSACHUSETTS,MIDDLESEX,25017.0,0.0286262274,123288.0,248916.28301886792,,3507.4612752751573,82.86726861096375,-34.84070283053839,-41.26970804766108,5.748766024448367,689.6520190074037,4941.253669411159,1,4.322857074483974,99.3975903614458,3.75778606934193,3.75778606934193
1233,MASSACHUSETTS,NANTUCKET,25019.0,0.0579443832,108671.0,4005.0,,265.1327476,86.98797354545455,-816.8162846666668,-823.0944445,-793.0870373916667,686.6934164125516,5407.987372942488,2,3.7809760029889268,99.04882688649334,5.620461818506745,10.20698197389514
1234,MASSACHUSETTS,NORFOLK,25021.0,0.0307343574,123449.0,143779.93846153846,,1777.014611153846,82.45522861733615,-4.800071535864979,-7.812388289029537,34.9194343871308,697.3334796702462,5120.344079370682,1,4.259352012469716,99.30247305009512,3.69105597045913,3.69105597045913
1235,MASSACHUSETTS,PLYMOUTH,25023.0,0.0353212544,107828.0,28922.31,,805.55828906,80.11653269359331,-36.248474916666666,-48.380171463888885,-4.780698893333334,677.749019578986,4684.308858307645,1,2.633270380393891,94.8002536461636,2.1032754747347426,2.1032754747347426
1236,MASSACHUSETTS,SUFFOLK,25025.0,0.0323119985,91386.0,589681.8725490196,,14371.889609714775,78.34197018325435,-200.6936364876161,-226.43903376780185,-158.51177645294118,677.229316779733,4652.996051461125,1,3.292518993765346,97.59036144578313,3.738254243198006,3.7382542431980066
1237,MASSACHUSETTS,WORCESTER,25027.0,0.0349672565,93561.0,45199.151162790695,,1455.574482130814,78.91145398750001,6.2378518964285705,-12.74430054642857,39.84056920857143,674.9878203278369,4524.219865243367,1,2.123662680337638,90.26632847178186,1.4037354152926116,1.4037354152926116
1238,MICHIGAN,ALCONA,26001.0,0.0728021978,53033.0,312.8,-0.02838855436,2.727225418,62.4232199090909,-797.4462488333334,-831.8114965833333,-764.3046582583333,673.9751567678902,4306.261467571963,2,-1.4509860355556476,20.92580849714648,5.356955723609173,10.871745788890253
1239,MICHIGAN,ALGER,26003.0,0.0767148014,62543.0,793.6666666666666,0.0270294846666666,2.523175533333333,58.652935285714285,,,-1187.111689575,674.5744756017224,3797.3555183328513,0,-2.8424489102096806,5.072923272035511,6.336939174255422,7.5159069053782135
1240,MICHIGAN,ALLEGAN,26005.0,0.0341156657,78772.0,8964.0,0.0197114225666666,167.1631413,76.51833321333334,-104.74868978947369,-129.87999684210527,-72.73009315526316,663.8995878781067,3337.370178541884,1,0.3106223568978915,55.041217501585294,2.1750402837376925,2.1750402837376925
1241,MICHIGAN,ALPENA,26007.0,0.045441656,53480.0,4966.111111111111,-0.0048010239777777,453.9000679855555,74.89207936363637,-255.9879743235294,-292.8595481764706,-224.94622488235296,678.9435598881153,3890.118538163139,2,0.05427540361979579,49.30247305009512,3.1230173080542394,3.695514412659308
1242,MICHIGAN,ANTRIM,26009.0,0.0535611442,72369.0,621.1428571428571,-0.0019225502428571,17.285366571428572,75.04362381818181,-403.18774191304345,-432.7215611304348,-370.2134688,669.6073120274135,3458.4549982931944,2,-0.5820611458160709,35.95434369055168,2.436905985396182,5.854214813326559
1243,MICHIGAN,ARENAC,26011.0,0.0692346007,56213.0,792.6,-0.02424314654,15.33284096,63.337041,,,-986.7341344789472,662.7948799752667,3740.9959910148814,0,-2.6514700873139407,6.594800253646163,5.217099775668955,6.433854254414786
1244,MICHIGAN,BARAGA,26013.0,0.0621697233,55856.0,1370.0,-0.0158372852,3.60393785,66.087671,,,-1186.578816425,671.7784993194749,3852.740570401546,0,-2.123356381404123,12.428662016487001,5.794259524574414,6.767070909024151
1245,MICHIGAN,BARRY,26015.0,0.0354161015,75377.0,1059.5454545454545,0.0360906136181818,26.73887080909091,76.70877986363637,25.043867522727272,1.7973212045454543,56.20128453636364,669.8388435741211,3894.522487803168,0,-0.17028849284996334,44.16613823715917,1.9956126003309693,2.455162937781128
1246,MICHIGAN,BAY,26017.0,0.0492809435,59523.0,14222.703703703704,0.0102660816923076,654.3910365507692,74.49116673913043,-76.84349283870968,-106.20292474193548,-43.54452117096774,662.4662871550983,4217.450806330392,1,-0.01611855754412618,47.6854787571338,1.9409289161301029,1.9409289161301029
1247,MICHIGAN,BENZIE,26019.0,0.0495060373,65594.0,915.8,-0.01257256732,23.21677446,79.95415869230769,-688.5191862857143,-712.7832436428571,-653.9335201928571,649.8075722797024,3403.2248013058975,2,-0.20958322005678875,43.24667089410273,3.3429335890493292,8.783019509727527
1248,MICHIGAN,BERRIEN,26021.0,0.042089966,62758.0,12548.541666666666,-0.0066668511983333,394.2908566729166,74.05500232867132,-33.53870822222222,-67.21157142361112,-4.138950224305556,660.8091509989797,4207.694027282126,1,0.04438142688880799,49.08053265694357,1.4999074667512895,1.4999074667512895
1249,MICHIGAN,BRANCH,26023.0,0.0388627936,57641.0,3862.8333333333335,-0.0129215626083333,215.62084339166665,71.81646573809523,34.45947978571429,1.5088886666666668,66.56996118095238,665.090304924781,4146.432299162189,0,-0.5107073695405866,37.41280913126189,1.726400013057965,2.0203870583610373
1250,MICHIGAN,CALHOUN,26025.0,0.0434156911,58617.0,17267.71794871795,0.0287854839264102,447.3698451307693,73.05381905982905,36.2634865982906,1.4358125726495727,67.1491503094017,654.7645066358698,3642.09200145849,1,-0.627576892974306,35.225110970196575,2.105436097994857,2.105436097994857
1251,MICHIGAN,CASS,26027.0,0.0443244135,68720.0,3120.2727272727275,-0.0146864404,19.681766545454547,72.5588036521739,33.15620267391304,1.5836916739130436,63.27794207173913,654.4077828764905,3764.9891624954503,0,-1.024575580843,27.58402029169309,1.5339229680232844,2.703398398680892
1252,MICHIGAN,CHARLEVOIX,26029.0,0.0456899178,78405.0,1954.076923076923,0.0024736495846153,198.39638728461537,78.54028628,-356.13973273076925,-381.5110996923077,-325.0935331538461,662.0487482218502,4362.469394412413,2,0.829425152901166,67.02599873176919,2.0838189960101046,4.528329811737239
1253,MICHIGAN,CHEBOYGAN,26031.0,0.081987697,61488.0,956.25,-0.0049067288351249,32.466337762500004,71.93877252,-346.3810876538461,-382.417171,-314.22687221923076,681.0368919409577,4053.90591009196,2,-1.1678924406789193,25.206087507926444,3.9409187042421303,6.266741778530973
1254,MICHIGAN,CHIPPEWA,26033.0,0.0591075795,59852.0,2520.5,-0.0189686322833333,547.37317933,71.56640984848485,,,-1291.4652963567569,674.7260225358932,3922.5580029963658,0,-0.8628371844344931,30.437539632213063,6.317418816525298,6.463587383617073
1255,MICHIGAN,CLARE,26035.0,0.0631206868,47793.0,856.4545454545455,-0.0453588621727272,38.721354981454546,60.73190374074074,43.35817118518519,0.7440115925925925,77.3109202925926,660.7746802260688,4309.884928534459,0,-2.5235153529238032,8.116677235256816,2.896571761222455,4.668011360428721
1256,MICHIGAN,CLINTON,26037.0,0.0333135603,91911.0,21395.363636363636,0.0322949018540909,129.30861267272726,78.60361422222222,26.164139907407407,2.540001833333333,65.61319263148148,675.4012024456474,4355.886365811905,1,1.5723372959439696,81.92771084337349,1.379332031957973,1.379332031957973
1257,MICHIGAN,CRAWFORD,26039.0,0.0585648962,59220.0,560.8,-0.0212550456,8.696657052,68.57417738461538,36.01298946153846,0.6335102307692307,70.94046343076924,658.4974247483547,3891.230137921022,0,-2.1547776327662267,12.07989854153456,1.9989095272999753,4.097395198808097
1258,MICHIGAN,DELTA,26041.0,0.0520169851,58072.0,3141.090909090909,0.0091639546636363,419.2295621654546,74.88562892857144,-632.8384964666667,-665.5904798333335,-603.9451793633333,671.4240285707748,3819.621175571742,2,0.33646767363086855,55.70703868103995,2.333122283007274,7.841540222974663
1259,MICHIGAN,DICKINSON,26043.0,0.0379936809,61704.0,5943.714285714285,0.0021194649985714,408.8044526142857,76.73992757894737,33.785501789473685,1.2171164736842106,65.32402348947369,674.2879865475103,4087.637182995604,1,0.1918794195445658,52.473050095117316,1.3796677601047727,1.3796677601047727
1260,MICHIGAN,EATON,26045.0,0.0361206306,73130.0,29072.39285714286,-0.0035722103142857,528.5808466678571,79.3144880875,23.5406632375,1.7507214125,55.0788668925,664.3175279228094,4056.0014557350783,1,0.8535925428659021,67.46987951807229,1.0830120420409963,1.0830120420409963
1261,MICHIGAN,EMMET,26047.0,0.0573282856,77292.0,5695.0,-0.00539087,321.90963132499996,80.74508365384615,-343.0421851111111,-365.3158017037037,-304.68444753703704,680.6060658083169,3754.080284333994,2,0.8031345288679195,66.58211794546608,2.938370038517551,4.656936628063503
1262,MICHIGAN,GENESEE,26049.0,0.0496566211,60192.0,30179.946564885497,0.0084337849848091,558.6159753435114,62.35853574462365,10.989562753351205,-25.612720632707777,42.01867465764075,651.3895657722088,3818.32786686262,0,-1.150068127404218,25.52314521242866,2.6169085471371987,2.8226229178332667
1263,MICHIGAN,GLADWIN,26051.0,0.0586759313,51395.0,1114.3333333333333,-0.0025963753466666,11.410153526666669,61.839655375,39.161197875,1.287763625,73.65589015,668.4485244977514,3985.223388287339,0,-2.371173109786995,9.384908053265695,1.8687506941374825,4.1218384486302515
1264,MICHIGAN,GOGEBIC,26053.0,0.0474501857,48043.0,1601.428571428571,-0.0363387312571428,136.0862485724286,72.54337195833334,-357.09881132000004,-398.88577724,-327.355395812,665.877576330438,4211.239200520133,2,-0.5154285916803757,37.25428027901078,2.4480253629907756,5.264127499135641
1265,MICHIGAN,GRAND TRAVERSE,26055.0,0.0338639991,82824.0,15349.8125,0.0142977429375,733.21543811875,80.983096875,-148.02662985964912,-172.03073566666666,-106.95605040350875,676.919128611097,4213.4437082694485,1,1.7793791298028687,85.35193405199747,1.7980939322235128,1.7980939322235128
1266,MICHIGAN,GRATIOT,26057.0,0.0437252827,60251.0,4737.7,0.0005106808777777,449.3535627,71.72631510810811,38.46773478378378,1.074434027027027,68.65713903243244,655.4345129295042,3846.87804919689,0,-0.7921896789257634,31.642358909321494,1.7081870278173272,2.095908619087949
1267,MICHIGAN,HILLSDALE,26059.0,0.0424175081,58676.0,2420.1666666666665,-0.0197337922666666,150.62193181666666,69.36094929268293,34.706818731707315,1.4335862195121951,68.25541853902439,662.250970817026,4481.929890198809,0,-0.6915239135789631,33.86176284083703,1.8206046487907313,2.431443108225891
1268,MICHIGAN,HOUGHTON,26061.0,0.0462822458,56074.0,3440.5,-0.0094904175299999,315.363388822,76.89922764705882,-515.5038551944444,-554.44682975,-488.298082986111,694.3108886638898,4798.32870729088,2,1.332135721524061,77.36207989854154,2.044133222919041,6.552418135922584
1269,MICHIGAN,HURON,26063.0,0.0433639104,59319.0,1291.8333333333333,8.803204166666669e-05,45.3481852,74.9475605263158,-221.37020746153848,-255.09874969230768,-187.8834657871795,690.2921756189551,4636.604292136893,2,0.35362083124121263,56.08750792644261,3.487648105836677,3.6357153171436947
1270,MICHIGAN,INGHAM,26065.0,0.0386104426,63483.0,87254.04938271605,-0.0239100007386842,1766.310692207407,76.9743332680851,-218.87141193248945,-250.2792099915612,-191.5041098793249,661.1487240789945,3991.101093336854,1,1.0153109785509224,70.92580849714648,3.291755557380771,3.291755557380771
1271,MICHIGAN,IONIA,26067.0,0.0361877577,70177.0,4305.307692307692,-0.0044206931916666,313.4863996,71.64600982608695,-403.9019688913043,-433.98885156521743,-374.5503633652174,661.3382424890048,3410.6150893888334,2,0.129054233731543,50.887761572606216,1.9927801132927674,5.189855662111728
1272,MICHIGAN,IOSCO,26069.0,0.0596089652,52734.0,781.4444444444445,-0.0087538639555555,61.68620882222222,65.24715411538462,-330.93110181481484,-369.03966048148146,-297.26871647037035,662.0831502006013,3923.209434478437,2,-1.6170091521958434,18.80152187698161,2.8818199606134307,5.472492671106243
1273,MICHIGAN,IRON,26071.0,0.0560292326,49137.0,716.4,0.0124036813,17.417847066,70.1954713,41.6551725,1.0170966,75.85789337,684.5016296909818,3889.6159451181406,0,-1.7015971968284864,17.691819911223845,1.9005349783213206,3.7828516466929205
1274,MICHIGAN,ISABELLA,26073.0,0.0451549313,53213.0,10670.0,0.0007399865933333,524.0286016933334,76.62845037209303,42.4115136744186,1.9069896046511627,69.28970372558139,661.0075854278032,3546.817418534813,0,-0.6600910343640177,34.495878249841475,2.300823466333529,2.3175701024397504
1275,MICHIGAN,JACKSON,26075.0,0.0402557015,64070.0,24276.57894736842,-0.0029679830986842,1404.1927639236842,71.02468767175573,-42.87017765648855,-74.74150823664122,-14.06096804961832,658.6999241277634,3800.612886004347,1,-0.04802009612908024,46.92454026632847,1.8646034809586078,1.8646034809586078
1276,MICHIGAN,KALAMAZOO,26077.0,0.0367703001,67671.0,47430.24561403509,0.0213687694578947,1150.668086536842,76.97104156084656,-17.350181888888887,-50.09659819576719,20.077323961904764,667.7270270506154,3761.51234423059,1,0.6921160131662379,64.10906785034877,1.429430136256033,1.429430136256033
1277,MICHIGAN,KALKASKA,26079.0,0.0555962854,60410.0,758.0,0.0077049028,7.635293931999999,70.8671346875,37.464833,0.7540829375,73.03797101875,656.8749576736798,3606.915657611317,0,-2.0581539457375224,13.253012048192772,1.5012492427756305,3.800153370441404
1278,MICHIGAN,KENT,26081.0,0.0318217003,79715.0,98058.5546875,0.0128712907265625,1904.2648985296876,78.36992937017995,30.133008660668377,2.909053799485861,70.56083103521851,665.4311146382461,3458.182318872007,1,1.121469057239331,73.08180088776157,2.069632642527099,2.069632642527099
1279,MICHIGAN,KEWEENAW,26083.0,0.0594989562,54912.0,88.0,-0.034940049,0.264633851,79.43170666666667,,,-2466.360604275,698.05,4317.5,2,-1.1860816938145369,24.889029803424222,10.900256668345822,12.079753080722602
1280,MICHIGAN,LAKE,26085.0,0.0701842969,50660.0,309.0,0.0163326887999999,3.18591743,54.39569275,48.98074675,0.41949975,82.10499510833334,639.8905674637473,2969.3453132759873,0,-4.594360912063568,0.538998097653773,3.476693018160929,6.162037341751272
1281,MICHIGAN,LAPEER,26087.0,0.0410889902,71515.0,3730.9166666666665,-0.0221104991391304,294.7026416041667,70.1539685625,-131.94098540625,-154.42874903125,-100.633811565625,663.6284741015847,3912.032685544328,1,-0.17209710971702233,44.10272669625872,2.514986891335953,2.514986891335953
1282,MICHIGAN,LEELANAU,26089.0,0.0377779846,91727.0,1661.8333333333333,0.0159491002666666,22.8328274,79.1270549375,-563.826671882353,-584.4217663529412,-526.6572853647058,677.7926192642407,3703.50350696917,2,1.3551066733210544,77.80596068484465,2.495523849062983,7.060658709157313
1283,MICHIGAN,LENAWEE,26091.0,0.0418089844,65707.0,5405.913043478261,-0.0149316518173913,353.25185325652177,74.44455930487804,-91.72189342682928,-120.96787425609756,-60.638431248780485,659.8530281495456,4051.515082942341,1,-0.045640148507830124,47.01965757767913,1.985891699190124,1.985891699190124
1284,MICHIGAN,LIVINGSTON,26093.0,0.0273142406,103737.0,12354.83606557377,0.0303239942901639,308.14608527213113,78.57335204424778,16.980880265486725,5.051698469026548,52.92193052654868,674.2579940465691,4296.02926033882,1,1.9943421628240559,88.39568801521877,1.9024914821687504,1.9024914821687504
1285,MICHIGAN,LUCE,26095.0,0.0589539007,51664.0,551.6666666666666,0.0265656025,2.769370265,64.06101066666668,,,-3709.513517375,661.1056881327742,4397.940549734358,2,-2.163356428417722,11.92136968928345,15.151964411572036,16.8181838833125
1286,MICHIGAN,MACKINAC,26097.0,0.0893916914,51353.0,571.4,-0.0099981131599999,8.67873179,74.79431884615384,-681.9065505,-712.9529177857142,-646.99279785,673.3629926853222,3677.8096327639214,2,-1.5545933324511474,19.62587190868738,5.063573880340323,9.891581804187268
1287,MICHIGAN,MACOMB,26099.0,0.035132204,73929.0,90701.05555555556,-0.0042850547552093,1214.658901000926,74.71351653365384,-36.20811308452951,-62.02003507017544,3.7165767582137166,674.2084614664114,4764.304855889644,1,1.6440285350245847,83.10082435003171,1.5276878141030608,1.5276878141030608
1288,MICHIGAN,MANISTEE,26101.0,0.057349834,57434.0,1337.4444444444443,-0.0246351454888888,79.25165902222221,72.01875244444444,-322.0927048214286,-355.94956114285714,-289.39820711785717,673.0741756572946,4024.781086628396,2,-0.6814845246339876,34.02029169308814,2.755853928810308,4.985729878478305
1289,MICHIGAN,MARQUETTE,26103.0,0.0461936663,62319.0,5755.0,0.0262833566779166,721.79518806875,74.70399171666666,-128.04006909836065,-162.6504181967213,-99.70031394590164,675.9902189239881,4464.77959892206,1,0.4643644045306431,58.845909955611916,2.150631203597366,2.150631203597366
1290,MICHIGAN,MASON,26105.0,0.0491522903,59543.0,2445.25,0.0153619306249999,321.1753971375,78.13604473076923,-334.5958572222222,-369.40556925925927,-305.9050295814815,675.6959373611313,3835.519531319761,2,0.18198873029050558,52.124286620164874,2.304948792362687,4.519429015178369
1291,MICHIGAN,MECOSTA,26107.0,0.053314349,59260.0,3674.5454545454545,0.0089855155999999,151.18625306727273,73.68967084848485,41.0936533939394,0.8503583636363636,71.59814833939394,661.3527220229503,3771.951360246352,0,-1.067026526887558,26.727964489537097,1.6412483763409031,2.5508897250321096
1292,MICHIGAN,MENOMINEE,26109.0,0.0397758589,55853.0,5479.857142857143,0.019898204,286.1605087,76.5064611,-442.0481051904762,-475.4002683333333,-409.7963174190476,678.3385121586086,4006.8408998494183,2,0.6867801682609009,64.0139505389981,1.3983764936562784,5.470772207396794
1293,MICHIGAN,MIDLAND,26111.0,0.0396942076,73722.0,16270.105263157897,0.035287387868421,603.5446359894737,74.90600896923077,27.34832524615385,4.396336415384615,66.72753116615384,681.3113078609013,4087.3616938381874,1,0.7494928846847843,65.28218135700698,1.1517353653498668,1.1517353653498668
1294,MICHIGAN,MISSAUKEE,26113.0,0.0479008171,66397.0,789.5,0.0629744745,9.353750575,73.256607,34.24556407692308,0.8359378461538461,71.42684437692309,680.1097655732303,3991.05334964528,0,-0.8674317110312085,30.310716550412174,2.2300525349905,3.428799411835381
1295,MICHIGAN,MONROE,26115.0,0.0419170944,73617.0,14773.641025641024,-0.0050406212815789,483.7816808773685,74.2538812704918,-55.58345222764227,-79.35290081300813,-26.73470461788618,656.3453757876866,3815.9023491913754,1,0.12726123268329867,50.856055802156,1.6312547410391565,1.6312547410391565
1296,MICHIGAN,MONTCALM,26117.0,0.0426871216,64912.0,1633.3846153846157,-0.0096571677384615,52.797685538461536,70.268558125,36.3531609375,0.6309741666666667,70.17890318541667,661.8183961985591,3661.2014094067977,0,-1.1727566086792152,25.07926442612555,1.1952981957102227,2.707718109562491
1297,MICHIGAN,MONTMORENCY,26119.0,0.0749601276,47374.0,442.6,0.03983574422,7.894066984,59.08810745454546,40.028133636363634,0.4941369090909091,77.84720889090909,655.5158580815839,4016.452185892278,0,-3.4549731633688547,2.219403931515536,3.197901098708508,5.475926559915111
1298,MICHIGAN,MUSKEGON,26121.0,0.0444934476,61223.0,21902.404761904763,-0.0173428039428571,561.1054554809524,68.35003336496351,-178.2871160724638,-216.46998620289855,-147.8849708985507,647.4001075028679,3389.1552675699063,1,-0.7501554890882112,32.752060875079266,3.4627225641875765,3.4627225641875765
1299,MICHIGAN,NEWAYGO,26123.0,0.0429648241,61951.0,1909.6363636363635,0.0191269329090909,73.67936617636364,69.3995056060606,34.937346727272725,1.9708929090909093,66.76274767575758,658.8094482517456,3356.0380389083853,0,-1.4687122675118327,20.79898541534559,1.0377870976051828,2.8564274762252575
1300,MICHIGAN,OAKLAND,26125.0,0.0291540019,92230.0,105797.16863905326,0.0006037666779525,1478.8497258970417,77.32529113412018,11.678296973233405,-3.234957994646681,45.50591113426125,674.8645882882398,4580.416895535756,1,2.325192431714503,92.39061509194674,1.7880039836301416,1.7880039836301416
1301,MICHIGAN,OCEANA,26127.0,0.0572995781,61907.0,725.7142857142857,-0.0197069588,14.399626057142855,70.98601295454546,-397.9760091304348,-433.9015353478261,-366.835017826087,652.3394646222721,3356.2567568033337,2,-1.5611336889125336,19.562460367786937,2.799850821315765,6.190554129369728
1302,MICHIGAN,OGEMAW,26129.0,0.066224381,51390.0,700.4285714285714,-0.0209270175714285,17.904775878571428,62.61808833333333,42.44746333333334,1.124763,76.01123446190476,654.5918268875295,4219.468484507814,0,-2.665778777883744,6.436271401395054,2.5402527510866486,4.596065349584987
1303,MICHIGAN,ONTONAGON,26131.0,0.0699568759,51306.0,284.25,-0.0371817906666666,1.6539045899999998,67.67267724999999,,,-1044.5368076,665.2841915003894,4153.308576685743,0,-2.66396742552399,6.467977171845275,5.751078558697386,7.051063171673753
1304,MICHIGAN,OSCEOLA,26133.0,0.0475262003,55388.0,877.0,-0.0148436561166666,17.1325312,67.40282096,38.32330924,0.45168216,71.641978908,664.3324365327469,3573.925120128533,0,-1.982304432189025,14.109067850348763,1.2773532503694351,3.618040916921278
1305,MICHIGAN,OSCODA,26135.0,0.0763278227,49622.0,286.4,0.0294658138,2.659629912,63.54750854545455,42.48705436363636,0.8162440909090908,81.32217059999999,667.1930762691463,4151.571615359153,0,-3.079266440357717,3.329105897273304,3.3394829797877583,5.493463320121549
1306,MICHIGAN,OTSEGO,26137.0,0.0478440638,69029.0,2755.3333333333335,-0.02542595,96.16623398333331,75.583477,27.75503122222222,1.7109068888888888,63.85988152222222,669.1314483282789,4053.328744073213,0,-0.352759464591878,40.51997463538364,2.1693045018039143,2.3369900401098884
1307,MICHIGAN,OTTAWA,26139.0,0.0304135245,81772.0,25559.66037735849,0.0092356907754716,597.839078454717,82.08497535064934,-41.25948629032258,-61.57603536129033,-10.764142865161286,674.8132408826481,3589.119868306863,1,1.3877076383206584,78.44007609384907,1.5628767238639159,1.5628767238639159
1308,MICHIGAN,PRESQUE ISLE,26141.0,0.0765113974,54675.0,399.5,-0.0054697145833333,12.579109099999998,68.602869,-553.8042312941176,-587.3505455882353,-518.8285744647059,699.6477252467861,4118.177391939588,2,-0.9979426079501503,28.09131261889664,3.839739521920753,8.266882053251928
1309,MICHIGAN,ROSCOMMON,26143.0,0.0722877894,54305.0,846.6,-0.0152681447,33.139986723,61.42625728,43.70358156,1.2874837200000002,79.69237778,652.392796781391,3941.050691295013,0,-2.9137760959090957,4.311984781230184,2.8350939217583133,4.806166288221382
1310,MICHIGAN,SAGINAW,26145.0,0.0518650299,59188.0,28889.321428571428,0.0012713413357142,738.9512774535715,66.62772158959538,37.76372628323699,1.373779161849711,69.03655095260116,657.5436858433735,3795.59264994898,1,-0.9187316583838891,29.359543436905515,2.6328896292814763,2.6328896292814763
1311,MICHIGAN,ST CLAIR,26147.0,0.0379681089,68831.0,8861.877551020409,-0.0063560884877551,617.2302558387755,71.5417774671533,-40.59192706521739,-70.69468680434782,-11.192888843478258,663.9489148789154,3920.024541477518,1,0.04305653377728316,49.04882688649334,1.5135567085133723,1.5135567085133725
1312,MICHIGAN,ST JOSEPH,26149.0,0.0436452997,65540.0,5130.35294117647,-0.0012879820858823,226.0279673470588,71.48809271428571,31.94371303571429,1.4899182678571428,66.74760689285714,657.2333684445936,3906.8674494451825,0,-0.6480280198179663,34.908053265694356,1.6324533144787978,1.9358417221717683
1313,MICHIGAN,SANILAC,26151.0,0.0484628199,57382.0,1076.1666666666667,-0.0029501266249999,26.11578891666667,69.58690151219513,-203.1277827857143,-236.90811454761905,-170.15851093333333,671.9675562239236,4160.390842427747,0,-0.8706371293921354,30.183893468611288,3.083524794955767,3.814515112408477
1314,MICHIGAN,SCHOOLCRAFT,26153.0,0.0726779252,56019.0,818.3333333333334,0.0015111804,87.21013350666668,67.60333116666668,,,-1367.532849457143,674.5196062192965,3663.2963425412054,0,-2.1165308172077117,12.555485098287889,6.733621251236728,7.464139531784156
1315,MICHIGAN,SHIAWASSEE,26155.0,0.0433549312,63988.0,5168.764705882353,-0.009149311217647,392.42418678235293,72.15087819642856,29.505415535714285,1.271439607142857,62.654322016071426,665.8663627547106,3861.0274169627023,1,-0.46348783422439055,38.42739378566899,1.9064794562473346,1.9064794562473346
1316,MICHIGAN,TUSCOLA,26157.0,0.0500020765,64273.0,790.0,0.0018070998615384,41.94046163846154,70.49030681632652,-169.0528097,-199.22968738,-134.332567364,658.5152334974384,3973.763301003999,0,-1.0716833440176685,26.569435637285988,2.652583657155417,3.565329414555234
1317,MICHIGAN,VAN BUREN,26159.0,0.0472748749,66174.0,2646.266666666667,-0.0049956625466666,144.58033116666667,72.8082361969697,-115.08369373134327,-147.86995064179104,-84.16195952238806,654.2297105096276,3903.528603680632,0,-0.6480497368370648,34.87634749524414,2.3166872357254245,2.6256560058986897
1318,MICHIGAN,WASHTENAW,26161.0,0.0329107122,84704.0,69111.75,0.0271621141911111,2435.2638323859996,78.98378853386454,-93.1637254820717,-113.79626415537848,-59.10670691513944,683.3142759508972,4192.423751531668,1,2.1783382515881984,90.90044388078631,1.7781693994302208,1.7781693994302208
1319,MICHIGAN,WAYNE,26163.0,0.0435139412,57418.0,109594.28150572832,-0.0088520073804809,1391.3949372628902,62.59208573841059,-35.93762068660812,-75.08308620307355,-0.121588439626784,657.8933193953237,3974.98910145383,1,-0.4326521357275441,38.871274571972094,2.9177689010495165,2.9177689010495165
1320,MICHIGAN,WEXFORD,26165.0,0.0476033494,59697.0,5609.5,-0.0168130138749999,428.49560139999994,71.31224533333334,35.649638333333336,1.5222729583333334,69.515433475,670.3450818730781,3466.703363585382,0,-0.8889774470257635,29.803424223208623,2.1799421484507193,2.576361616311659
1321,MINNESOTA,AITKIN,27001.0,0.047777482,59844.0,569.0,0.0275686488166666,13.79144048,76.89914582352942,36.202030470588234,1.0234737058823529,70.6312323117647,687.6458977866639,3811.485420143013,0,-0.8569398334607776,30.69118579581484,2.074612882564285,3.3436856535371646
1322,MINNESOTA,ANOKA,27003.0,0.0275912825,96661.0,57280.50602409639,0.0257845502938554,791.8284199831326,84.03919030212765,16.765424663829787,3.147505063829787,54.84837908255319,682.1232839424291,4312.429728767532,1,2.650814255394236,94.9587824984147,1.908123127655523,1.908123127655523
1323,MINNESOTA,BECKER,27005.0,0.0298262697,71719.0,3021.6,0.028712965273,228.73243103,83.88805425,30.736905178571423,2.1975506785714285,61.321299003571426,686.2626577349271,4718.12301737475,1,1.5025479451735264,80.56436271401395,1.7351945074453172,1.7351945074453172
1324,MINNESOTA,BELTRAMI,27007.0,0.0349058852,65855.0,5380.4,0.02902897477,297.863610302,81.74148590909091,34.870308303030306,1.6131237272727272,63.955773784848475,677.8505765963367,3615.3367883762385,1,0.40343208626878724,57.22891566265061,1.7787438074869208,1.7787438074869208
1325,MINNESOTA,BENTON,27009.0,0.0361020754,74677.0,20071.777777777777,0.0235388893777777,319.4251265888889,85.59199025,26.25257125,1.265414892857143,54.25878551785714,691.0096617143364,4285.102104838169,1,1.7387661242771615,84.87634749524413,1.4350553401156771,1.4350553401156771
1326,MINNESOTA,BIG STONE,27011.0,0.0337640684,62245.0,510.6666666666667,0.037903424,33.81803295666666,84.7605105,34.29352516666667,2.0981153333333333,78.94476953333333,735.1641891891892,4728.371621621622,3,1.4782374318070413,79.96195307545973,2.013380069149232,4.050419933898287
1327,MINNESOTA,BLUE EARTH,27013.0,0.0231233654,67236.0,21596.5625,0.00321487322875,1193.7551397125,88.61188066666666,28.86794157777778,1.7802181333333331,59.20307926444445,685.7642877483833,4567.418382561007,1,2.275328929425888,92.10526315789474,1.9594995744917427,1.959499574491743
1328,MINNESOTA,BROWN,27015.0,0.0291616039,71884.0,4440.125,-0.00154535015,646.03523485,89.85871396153847,27.518470653846155,2.353777653846154,59.35129957692307,720.3892788050262,4462.66004144973,3,2.474011130757123,93.6271401395054,2.6188059452533587,2.843979388110572
1329,MINNESOTA,CARLTON,27017.0,0.0369024639,75512.0,3590.285714285714,0.0068332972857142,133.9000170857143,78.85822820689656,29.096554172413793,1.038430551724138,58.48280281724138,680.3078418190033,4061.215621228386,1,0.59487171465713,62.20672162333545,1.4286617024554091,1.4286617024554091
1330,MINNESOTA,CARVER,27019.0,0.0244616594,129437.0,25034.894736842107,0.0016007621257894,303.4701361,86.37795726086956,13.035042739130434,9.639739630434782,42.11980143695652,693.8800827514154,4423.066279523655,1,3.761351572201539,98.9854153455929,3.708496431249916,3.708496431249916
1331,MINNESOTA,CASS,27021.0,0.0439523682,61490.0,1327.5,0.00763194214,5.885597426,77.94593996428571,32.95514371428571,1.8893306785714283,66.49859946785715,668.4423979993754,3998.011952693522,0,-0.7979475296450369,31.57894736842105,1.6695995779775104,2.9572253142675757
1332,MINNESOTA,CHIPPEWA,27023.0,0.0281646549,75774.0,1345.25,0.0113644391499999,56.0045745475,86.28012474999998,26.928817,1.3160565833333333,71.95390415833333,677.9984714469633,3315.607308389018,3,0.47785780186556454,59.16296766011414,2.6008028811966124,2.8382735321983894
1333,MINNESOTA,CHISAGO,27025.0,0.0331775546,91338.0,3037.6,-0.0076160493299999,72.35207029,81.5121393,18.353975966666667,2.0447073,46.19348113,683.8748841753683,4282.778354571082,1,1.379237649533056,78.24984147114775,1.995936772771936,1.995936772771936
1334,MINNESOTA,CLAY,27027.0,0.0207391441,72172.0,47428.38461538462,0.0229743757115384,731.6440282230768,87.69595768181819,29.40039918181818,1.4915875,57.126070804545456,693.5399559526808,4276.765651574814,1,2.478561922465694,93.69055168040583,2.1059478543984946,2.1059478543984946
1335,MINNESOTA,CLEARWATER,27029.0,0.06,62435.0,897.0,0.0785911526666666,7.231925390000001,79.6847305,35.8059578,1.0631479,64.70528906,668.7960125044443,3883.935748615447,0,-1.1698431471840562,25.17438173747622,3.007837075661665,4.127600035290035
1336,MINNESOTA,COOK,27031.0,0.0361944157,62435.0,807.0,0.0224003289999999,6.9207268,86.3502358,,,-1616.7463525,675.2984123847167,3272.591578831796,0,-0.3963645837104191,39.6005072923272,7.7161765639290865,7.975582396225214
1337,MINNESOTA,COTTONWOOD,27033.0,0.0463314358,63898.0,1260.0,0.018532223375,11.730501975,85.94329930769231,31.724595076923077,2.8357872307692307,75.53031774615384,708.5168986042693,4704.985951887302,3,0.8515018195255802,67.40646797717184,1.6665842070968149,3.3586919157835826
1338,MINNESOTA,CROW WING,27035.0,0.0343200849,74540.0,5097.625,0.00242639171875,162.544898046875,80.91728881632652,32.04004967346939,1.834824326530612,63.23550687551021,679.4069784662834,4147.408950040489,1,0.874142291288161,67.94546607482562,1.2729847150414306,1.2729847150414306
1339,MINNESOTA,DAKOTA,27037.0,0.0255124032,100012.0,67054.44210526315,0.019742240910421,790.6392051778946,85.39543146551723,16.233994185344827,6.1299934482758625,51.30462704353448,685.5125230022968,4481.765893399975,1,3.0625545884178145,96.92454026632848,2.223417336254268,2.223417336254268
1340,MINNESOTA,DODGE,27039.0,0.0282964069,87661.0,1383.2,0.0237243862,36.81448616,88.51460426666668,18.384340666666667,2.08525,44.47980638666666,684.4919515054144,3881.339276630417,3,1.3626107210612135,77.96448953709574,2.1529690360164135,2.751234812740933
1341,MINNESOTA,DOUGLAS,27041.0,0.0264298893,76508.0,5048.444444444444,0.0224182955777777,195.42615453333335,85.97062164,27.60335984,2.764411,58.470784456,683.3442875945657,4377.809886909019,1,1.6639429534270507,83.41788205453392,1.6257631656496854,1.6257631656496856
1342,MINNESOTA,FARIBAULT,27043.0,0.0307128769,65264.0,1110.0,0.0025304410166666,57.92128041666667,85.30905866666666,34.29300227777778,1.9146150555555552,74.79369121666667,715.0948788546256,4946.260462555067,3,1.6537922647764274,83.25935320228281,1.2897575390844973,3.153191399438219
1343,MINNESOTA,FILLMORE,27045.0,0.0281519862,69157.0,923.8333333333334,0.0006760146999999,7.410863616666667,85.31757160869566,29.613233869565217,1.8764081739130432,58.77291106521739,711.4761830875154,4663.662078598802,3,1.3413607938055165,77.55231452124288,0.7803282495431132,3.4370865321954174
1344,MINNESOTA,FREEBORN,27047.0,0.0272595942,66215.0,6335.9,0.000105425657,475.45516007,86.04271493548387,31.893267677419352,2.288018806451613,64.26308637419355,691.8442437175155,4160.127851593595,1,1.5033888334079417,80.6277742549144,1.841155887492395,1.841155887492395
1345,MINNESOTA,GOODHUE,27049.0,0.0264278047,83979.0,3702.8,-0.0003920398599999,229.31727047,85.30257778378378,24.90975202702703,2.9458188108108105,61.9770881,690.8191949157559,4233.625657992,1,1.820664323923102,85.92263792010147,1.9121523623682375,1.9121523623682375
1346,MINNESOTA,GRANT,27051.0,0.0322184719,72935.0,913.0,0.028570193305,3.52484015,88.40224359999999,31.260970800000003,1.3355524,64.63618162,730.0716911764706,5176.297794117647,3,2.090354984714631,89.66391883322765,1.8852667054298728,4.282014171528723
1347,MINNESOTA,HENNEPIN,27053.0,0.0258148241,93642.0,228110.3143812709,0.0169890476859531,3408.8771309364547,83.25466643782117,23.055941024665984,7.308221835560124,57.52017535292909,675.9213508689614,4129.5230594956565,1,2.766415013572104,95.6563094483196,2.468551569387565,2.4685515693875644
1348,MINNESOTA,HOUSTON,27055.0,0.0250978147,77043.0,9476.4,-0.0009625217199999,63.2176372,86.12852653846154,28.93203123076923,2.124517,67.37570014615385,706.896369970086,4225.499610193517,3,2.0115395227691137,88.61762840837032,2.062529178475729,2.3609202873905315
1349,MINNESOTA,HUBBARD,27057.0,0.0431093339,72166.0,1270.571428571429,0.0119133097142857,74.77352494285715,76.593791,31.943083588235293,2.160968294117647,65.37770034705882,670.6137847258128,3936.560409379847,0,-0.294367733159873,41.53455928979074,1.777825689464944,2.181355786554436
1350,MINNESOTA,ISANTI,27059.0,0.0377212188,85799.0,3074.125,0.01110501475,63.8076157875,81.71111695454546,18.798809954545455,2.1097326363636366,50.642925781818185,682.4171484527168,3963.603701127033,1,0.8972872575623958,68.29422954977807,1.8959369713689342,1.8959369713689345
1351,MINNESOTA,ITASCA,27061.0,0.0460039524,65386.0,2904.0,0.0008848351,53.17677308454545,77.87074578048781,31.452253048780488,1.6630841219512194,62.25754742682927,678.3966695477746,3998.0511656797366,0,-0.19623115209814743,43.563728598604946,1.9654058896120865,2.140813892905261
1352,MINNESOTA,JACKSON,27063.0,0.0288184438,72413.0,1291.0,0.0259862852,77.39963882500001,89.97793346153846,26.600750615384616,2.1261509230769233,71.92103019230768,701.6425573286396,4895.6664791894655,3,1.988699245392318,88.33227647431833,1.4748704128582342,2.9016523157811793
1353,MINNESOTA,KANABEC,27065.0,0.0502727564,70384.0,893.75,-0.0016610377499999,100.7156915725,80.30595442857144,29.70203107142857,0.6193112857142857,65.37828255000001,683.1479247299427,3633.5499845269674,0,-0.3222148867470445,40.93214965123653,2.5009830605904217,2.846199132456884
1354,MINNESOTA,KANDIYOHI,27067.0,0.0291581284,69160.0,8602.333333333334,0.0140797514166666,1153.846195933333,87.26512047058823,28.05081420588235,2.8187627647058826,69.36215771176471,674.2751360279649,3699.819742748339,1,1.1930727340919443,74.66708941027267,1.8562310792459447,1.8562310792459447
1355,MINNESOTA,KITTSON,27069.0,0.0303165403,72224.0,722.5,0.026638577,1.3592183,85.589511,28.759793,1.4938305714285711,72.80351695714286,715.749259074259,5636.316787379287,3,1.8769534584131267,87.000634115409,1.9036263481876954,4.366130842122177
1356,MINNESOTA,KOOCHICHING,27071.0,0.0428373222,64009.0,1974.5,0.01078239325,104.9568160375,79.6776502142857,38.63464471428572,1.8568392142857144,66.69967025,684.6121477543866,3761.257631923223,0,-0.08716935373522436,46.131896005072925,2.176470065779406,2.240529921520283
1357,MINNESOTA,LAC QUI PARLE,27073.0,0.0275498242,67947.0,692.3333333333334,0.0226181681666666,3.75996314,89.14569900000001,24.37265875,2.949327875,72.0133090125,720.869222917269,4617.558571516095,3,1.5712015132830992,81.89600507292327,1.3843561319151965,4.0267767100049765
1358,MINNESOTA,LAKE,27075.0,0.0388532629,71573.0,1340.3333333333333,0.0135648516666666,87.59489102333333,83.33165416666667,-741.7271157692307,-767.8017788461538,-703.1279355615384,699.5649699217324,4763.514165433219,2,2.4227868992303816,93.27837666455295,3.8115289711869056,9.050095981144015
1359,MINNESOTA,LAKE OF THE WOODS,27077.0,0.0349179638,65778.0,700.0,0.0095916882,2.155896015,85.257684,33.020355,2.2957903333333336,69.16937506666666,713.3,4665.5,3,0.9395409734263851,69.3722257450856,1.1104188671594204,3.821051909597247
1360,MINNESOTA,LE SUEUR,27079.0,0.0392926085,78885.0,2119.8333333333335,0.0120884703666666,27.520858216666667,87.82231059090908,23.448377499999996,1.6804904090909092,51.924405354545456,686.1310728546081,4138.118643363306,3,1.0223643113874659,71.08433734939759,1.828370135323554,2.455246982000691
1361,MINNESOTA,LINCOLN,27081.0,0.0301850049,65021.0,816.0,0.01655082225,3.9471451,90.6318916,29.7630988,1.504529,73.63141556000001,721.3619828840627,5158.607007045242,3,1.8773655362707837,87.03233988585922,1.6516715956237908,4.2058408482842635
1362,MINNESOTA,LYON,27083.0,0.0254647492,69161.0,6731.714285714285,0.0373002084714285,416.3316064,89.87887683333334,31.440958374999997,1.6173078333333333,70.68044630833333,693.4284540336597,3896.112347503645,1,1.732860566012194,84.74952441344324,2.322769128945775,2.3227691289457746
1363,MINNESOTA,MCLEOD,27085.0,0.0322880612,75691.0,5438.0,0.0097530068571428,181.7971166142857,87.33033164285715,24.6515425,1.7889671428571428,52.38953671785714,695.0817231194998,4388.302349185611,1,1.7796277683267605,85.38363982244769,1.8371815170779584,1.8371815170779584
1364,MINNESOTA,MAHNOMEN,27087.0,0.04743255,54177.0,1007.5,0.084217165,4.644491145000001,78.1261766,36.471331,1.6542974,67.0328743,682.6776783578264,3774.871461466166,0,-1.0139541928579976,27.77425491439442,2.8734524386927482,4.041390456244503
1365,MINNESOTA,MARSHALL,27089.0,0.0419812189,69843.0,505.75,-0.00848140025,1.8807292575,87.78181683333334,25.790714249999997,1.9583758333333332,70.07088980833333,713.3985354510586,4866.152062077267,3,1.0664623017941228,72.06721623335447,1.7927854478935639,4.169378628271821
1366,MINNESOTA,MARTIN,27091.0,0.0283086357,59843.0,2726.6666666666665,0.0029345514666666,70.01632631666668,85.41404285714286,30.603292,3.0376453333333333,73.51440775238095,696.6011058905344,4300.227644958433,3,1.0562637337812573,71.71845275840202,1.4671745557127724,2.4015248749649505
1367,MINNESOTA,MEEKER,27093.0,0.0314926661,75351.0,3503.8333333333335,0.0030585723333333,98.32341698333332,85.78605595454546,23.81446136363636,1.8169834090909092,56.09661587272728,714.2915248921425,5021.81072504291,3,2.261543751435213,92.07355738744451,1.7496399268031473,2.694790177829995
1368,MINNESOTA,MILLE LACS,27095.0,0.0505578529,70512.0,1688.571428571429,-0.0034719324285714,43.53811698571428,79.54441238888889,33.355923555555556,0.7884519999999999,63.03746732222222,676.6477966482119,3844.360824486951,0,-0.3279863352528944,40.83703233988586,2.234048100655482,2.5982566006531966
1369,MINNESOTA,MORRISON,27097.0,0.0444746993,68639.0,2666.5,0.0271574344725,149.032955345,84.34697733333334,29.52637113333333,1.4200704666666666,61.41005668,691.2296210366771,3588.134487309302,1,0.38867774887890955,56.72162333544705,2.436093849110593,2.436093849110593
1370,MINNESOTA,MOWER,27099.0,0.0260767239,66578.0,10146.09090909091,0.0048371438181818,674.6509345454546,84.11150088235294,33.67052785294118,1.2835228529411766,63.45244918235295,687.2741642646942,3727.663150876757,1,1.219981763354412,75.17438173747622,1.8314181650340504,1.8314181650340504
1371,MINNESOTA,MURRAY,27101.0,0.0389471432,74801.0,924.0,0.0301817606666666,4.406577056666666,88.122678375,30.5503605,1.896571875,72.45382595,724.440373558492,4327.237518504304,3,1.3595679283883546,77.90107799619531,1.8600007568568044,3.922047171509766
1372,MINNESOTA,NICOLLET,27103.0,0.0219367119,74482.0,15524.42857142857,0.0322600818571428,496.9940455857142,90.72679476190476,19.84202676190476,3.425237476190476,49.05951690476191,707.767103575199,4440.341757662059,1,2.7850184663005955,95.68801521876982,2.5377807330557536,2.5377807330557536
1373,MINNESOTA,NOBLES,27105.0,0.0274071403,63576.0,4263.0,0.008017476595,151.77644916666665,85.61783077272727,31.396417454545453,2.064815090909091,75.08316021363636,701.3009676048932,3994.192772004196,3,1.2611855061094674,76.09384908053266,1.999858610315816,2.2759722392318955
1374,MINNESOTA,NORMAN,27107.0,0.0353899154,62716.0,542.3333333333334,0.0047393217666666,2.6224083333333335,83.72800011111111,28.893331888888888,1.6631996666666666,75.5080668111111,710.0543272166016,4765.493010029923,3,0.7287317492785804,64.96512365250476,1.0922495706017457,3.8251105455877132
1375,MINNESOTA,OLMSTED,27109.0,0.0213808269,89431.0,54600.27272727273,0.0102511536090909,3860.610091815152,85.91552396396396,21.376310585585585,5.415392405405406,58.731771328828835,683.0361405054273,3867.4024605044974,1,2.61913385551912,94.70513633481293,2.319135158137877,2.319135158137877
1376,MINNESOTA,OTTER TAIL,27111.0,0.0327972648,69107.0,2565.705882352941,0.0141485514941176,50.134542068823535,84.17704785185185,29.41245101851852,1.8901835555555555,61.04078483703704,691.5101376745241,4283.180595833163,3,0.9868288498152775,70.2282815472416,1.303819740197862,2.077122206017331
1377,MINNESOTA,PENNINGTON,27113.0,0.0326887661,73104.0,5000.0,0.01902158964,291.53740854,88.33822871428572,31.5416675,0.8601417142857143,73.16676767142857,690.9535901950162,4408.21105994944,1,1.732973583204523,84.78123018389347,1.8202874073790083,1.8202874073790083
1378,MINNESOTA,PINE,27115.0,0.0488970839,69619.0,1231.5,0.0243677974249999,34.557302095,78.34681815,32.46050025,0.9714473,66.159583475,681.0558968965901,4278.361764925193,3,-0.10986851115154539,45.62460367786937,2.1751127102198917,2.521669264383882
1379,MINNESOTA,PIPESTONE,27117.0,0.0281870596,69117.0,2006.8,0.063304673116,232.41808874000003,85.944316,33.352065090909086,1.7689022727272727,77.4122602090909,707.8487654320987,4375.537037037037,3,1.6874420193141169,83.89346861128726,2.3068145525764656,2.8448879365429143
1380,MINNESOTA,POLK,27119.0,0.0292235757,68136.0,9948.0,0.0458115567,139.445022719,85.61209996875,29.371189375,1.68454190625,58.2495390125,686.3973457326892,4250.437533596838,1,1.416278460029285,78.72542802790107,1.8201363613765245,1.8201363613765242
1381,MINNESOTA,POPE,27121.0,0.0278847635,64480.0,1056.25,0.03385489445,48.9143128275,85.95147924999999,26.0229525,3.0466691666666663,58.60675461666667,731.570918367347,4697.625,3,1.865067068493318,86.71528218135701,1.8068450727933125,3.6643358294676482
1382,MINNESOTA,RAMSEY,27123.0,0.0268827521,77764.0,191279.35766423357,0.0060260168370802,3369.585318839416,80.5618570175,2.7022734064837897,-20.875949394014963,40.26442321421447,673.6114861167507,3937.950395905143,1,1.9844296626876914,88.23715916296766,2.087984232546688,2.0879842325466877
1383,MINNESOTA,RED LAKE,27125.0,0.0388349515,70019.0,513.0,0.03109004125,2.88915655,88.63083420000001,32.0809268,0.9572622,63.37951204000001,729.622641509434,5381.16037735849,3,1.844673083108459,86.23969562460367,2.241633186538214,4.612841355802953
1384,MINNESOTA,REDWOOD,27127.0,0.0290674734,71012.0,1612.8333333333333,0.0292736483333333,70.75010594999999,84.7080303125,31.814877375,2.2694856875,72.14536236875,692.7154582070441,3852.692388470512,3,0.8767835600335351,68.07228915662651,1.7824450857462977,2.4332450323681702
1385,MINNESOTA,RENVILLE,27129.0,0.0370141888,70098.0,913.8333333333334,-0.0058827940999999,9.216782683333332,85.22331523529411,28.230504117647055,1.8330775294117647,71.7465194235294,690.2170551948052,4350.467207792208,3,0.597009399685289,62.27013316423589,1.2199386408159703,3.0008040087880996
1386,MINNESOTA,RICE,27131.0,0.0258493353,81824.0,8316.0,0.0228320215076923,643.0549674384615,86.42716381395348,25.12997958139535,2.6930076976744184,50.90390169534884,685.8473115546318,4189.419953805322,1,2.0118536068876525,88.64933417882055,1.6128716576226214,1.6128716576226212
1387,MINNESOTA,ROCK,27133.0,0.0184439973,71923.0,1084.3333333333333,0.0181038666666666,95.00282896666666,86.86177011111111,29.500326,2.014349111111111,60.54971015555556,716.3998771207723,4382.373368041828,3,1.9826568713909833,88.11033608116678,1.725088255154063,3.2281694955791966
1388,MINNESOTA,ROSEAU,27135.0,0.0281326781,74057.0,1396.4,0.0079467893199999,14.845868796,87.38659684615385,24.739296923076925,2.0993023846153847,57.9427633923077,678.7643500243664,4847.805562901331,3,1.3099517519248853,76.94990488268864,1.2121429585575536,2.7439844736796837
1389,MINNESOTA,ST LOUIS,27137.0,0.0320061439,67311.0,24030.090909090908,0.028537438190909,1691.238316954394,79.50368974162679,-13.45044156190476,-45.667688266666666,14.862967121904765,679.8789672023664,4123.906229544405,1,1.2916454647478717,76.63284717818642,1.0965121719198483,1.0965121719198483
1390,MINNESOTA,SCOTT,27139.0,0.0253282308,111370.0,29224.285714285714,0.0293346586338095,392.53517795238093,86.44590008196722,12.727952918032786,7.768895114754098,44.58157650983607,686.1326062997722,4485.383122590286,1,3.223684208293642,97.43183259353202,2.6853928037562467,2.6853928037562462
1391,MINNESOTA,SHERBURNE,27141.0,0.031734469,101487.0,8722.272727272728,0.0143478277181818,139.23883145454545,85.749784775,17.560343574999997,2.677507875,42.239372355,673.2581435716303,4026.766465051856,1,1.8894037337009864,87.22257450856056,2.1131796770931897,2.113179677093189
1392,MINNESOTA,SIBLEY,27143.0,0.0334599828,76019.0,995.75,0.006949152475,6.662298725,87.1203830625,25.2735179375,1.572404875,57.0206229625,717.1190983835006,4719.437402715551,3,1.6399689228989711,83.03741280913127,1.220677940001313,3.5696259046154877
1393,MINNESOTA,STEARNS,27145.0,0.0278922872,75116.0,29377.896551724138,0.0206270569172413,1247.0039721551725,85.56362947959182,-176.75471267346938,-201.66429390816327,-147.49171015918367,692.4594049519932,4334.8654419659815,1,2.557532219698413,94.2295497780596,2.53485858415804,2.53485858415804
1394,MINNESOTA,STEELE,27147.0,0.0299464117,78500.0,14313.875,0.0376782570875,544.6966715125001,87.23091226923076,25.399983,1.8781254615384615,66.16704135384614,680.2506428326177,4224.642735185113,1,1.8789700942941523,87.09575142675968,1.544480710595504,1.5444807105955038
1395,MINNESOTA,STEVENS,27149.0,0.0235207644,74512.0,1750.0,0.026775426,35.72936835666666,85.01044945454545,28.48995536363636,2.2922059999999997,67.87498058181818,715.499738967996,4815.445444246677,3,2.053695634227335,89.1566265060241,1.2796098418856185,3.067088303755105
1396,MINNESOTA,SWIFT,27151.0,0.0312183256,69245.0,1492.5,0.01984070215,65.7095285,84.25113633333333,27.859856166666663,1.5427595,59.83937516666666,713.4669924365194,5605.0624393693915,3,2.1511191621140577,90.48826886493342,1.8543771901253927,3.3333802869971896
1397,MINNESOTA,TODD,27153.0,0.0359059916,60951.0,755.125,0.0283148738875,23.719847449999996,82.57093076,31.11203704,1.76968344,63.609666743999995,705.1398596283848,4410.17756760148,3,0.5888214707786171,62.016487000634115,1.1473098302050477,3.0721746245632002
1398,MINNESOTA,TRAVERSE,27155.0,0.0300982801,67634.0,499.5,-0.023540762,1.73226852,85.8298498,35.5466012,2.6713452,74.93690948000001,686.6709792921,4353.982464992702,3,0.40317920811830277,57.197209892200384,1.6162209009666644,3.779455313804667
1399,MINNESOTA,WABASHA,27157.0,0.02727937,81349.0,1071.0,0.0338773914833333,153.7002972,86.34089457894737,25.247785789473685,2.2444503157894737,56.29065543684211,696.7466824173077,4087.90483860981,3,1.5331758203909875,81.29359543436905,1.9741291532924334,2.5808207361784286
1400,MINNESOTA,WADENA,27159.0,0.0472117125,55449.0,1704.0,-0.0087464944,28.888147866666667,75.72557747058823,43.084364588235296,0.7757618235294118,72.84554334705882,705.0922048285557,4531.625683229074,3,-0.027476400138114473,47.33671528218136,2.168950751739365,3.093381601254961
1401,MINNESOTA,WASECA,27161.0,0.0387126866,70833.0,3520.4,-0.01258617896,207.49287050000004,85.8494784,21.3426208,1.9803384666666664,52.42200318,684.6350854567958,5546.600271677132,3,1.8503751969462114,86.2714013950539,2.5311607264432543,2.6101185354219356
1402,MINNESOTA,WASHINGTON,27163.0,0.0243852206,111118.0,25591.16,0.0151684938677999,737.4591639879999,83.40726989051095,-131.37340769343066,-138.34219637226278,-99.87549269051094,689.3362368463401,4556.9895610337635,1,3.4290790690643242,98.19277108433735,2.890228123965704,2.8902281239657044
1403,MINNESOTA,WATONWAN,27165.0,0.0286442711,64868.0,2361.3333333333335,0.0059022873333333,110.51793829999998,87.56500925,26.929036083333333,2.45076075,61.36134306666667,705.4187840312129,4638.980045402912,3,1.6980500859424135,84.05199746353837,1.4732710701412315,2.582014927917508
1404,MINNESOTA,WILKIN,27167.0,0.0245829675,75073.0,3065.5,0.0475204855,119.0906684,88.787562875,24.349537125,1.015193,59.0564875625,701.7566852313454,3635.65855853009,3,1.5590719110644298,81.70577045022193,2.58662532931975,2.8784032115832976
1405,MINNESOTA,WINONA,27169.0,0.0234951184,71907.0,10747.8,0.02978796695,1050.73173969,86.57715578947368,35.53458434210526,1.619065,64.07319832368421,697.4837707875203,4123.804076693045,1,2.064082754953184,89.4419784400761,2.0023851205598167,2.002385120559817
1406,MINNESOTA,WRIGHT,27171.0,0.0293268422,104303.0,6098.470588235294,0.0293326755588235,172.68170815882354,86.6705806923077,17.46771856923077,3.7416640307692304,43.40441300153846,684.3581228820302,4107.013658396095,1,2.283221595715872,92.16867469879519,2.4106452028440266,2.4106452028440266
1407,MINNESOTA,YELLOW MEDICINE,27173.0,0.0300139137,69009.0,978.5,-0.0018802443,5.9567774,87.45239692857142,25.51326957142857,1.6438542142857142,71.42006546428571,686.7693285199575,4027.094186519882,3,0.5927905825437616,62.143310082435,1.4446643880853547,3.1909449080103682
1408,MISSISSIPPI,ADAMS,28001.0,0.0441219441,44385.0,6337.666666666667,-0.0120818167777777,431.0340021111111,62.544248129032255,52.70789706451613,1.2117640967741936,78.62843963548387,652.986841984166,4168.375075887765,0,-1.584575545743721,19.18199112238427,2.1132267152896302,3.160770570535962
1409,MISSISSIPPI,ALCORN,28003.0,0.0300353357,48556.0,2990.5714285714284,-0.0003142209714285,82.65582915714286,66.80058011111112,49.88916151851851,0.8454112592592593,74.08895322592592,643.7197942706972,3912.8618126498936,0,-1.4966377278924343,20.291693088142043,1.4401779825778505,3.0186486180112806
1410,MISSISSIPPI,AMITE,28005.0,0.040247678,46108.0,515.6666666666666,-0.0213040993333333,2.15180324,59.276120428571424,51.22426814285715,0.6208688571428571,79.15762872857144,643.2875579879959,3439.1621498088703,0,-3.2774301988593186,2.7584020291693085,2.1751029984955643,4.942846960959793
1411,MISSISSIPPI,ATTALA,28007.0,0.0355082113,52128.0,1254.0,0.0437872958333333,112.49587771833336,65.37051811764707,48.40476464705882,1.3362448823529414,72.06308858823529,643.5250813766885,3406.8738235835717,0,-2.043682379686525,13.41154090044388,1.4558858039756117,3.52655640417374
1412,MISSISSIPPI,BENTON,28009.0,0.0371621622,47969.0,405.0,0.020012093855,3.5449171,55.05347971428572,55.498884714285715,2.0527001428571428,78.60803875714285,627.9674836400166,3260.4244587769003,0,-3.7511288624607615,1.4267596702599872,2.4850499183682433,5.305658213178393
1413,MISSISSIPPI,BOLIVAR,28011.0,0.0361456563,39920.0,4820.875,-0.0031061508749999,252.3370060375,60.20413332142857,53.61725464285714,1.2992124285714286,76.49376679285714,655.822280956567,4298.502037608481,0,-1.6191709644135737,18.738110336081167,2.1170436121448613,3.3486960692905803
1414,MISSISSIPPI,CALHOUN,28013.0,0.0335791925,46966.0,831.8,0.0100496971999999,66.2999706,69.23398021428571,49.98101571428572,0.5856829285714286,78.18837138571429,642.9879227064055,3434.4468984962405,0,-2.060479082258688,13.221306277742551,1.2746505427814379,3.576224911258635
1415,MISSISSIPPI,CARROLL,28015.0,0.0389016018,55290.0,505.5,0.0841487895,1.381893655,51.71789322222222,48.52109766666667,0.1309757777777777,74.87270397777777,635.9087739282664,2985.3632768662847,0,-3.8121251364088757,1.2999365884590994,3.497299725801026,5.911023003005683
1416,MISSISSIPPI,CHICKASAW,28017.0,0.0419603344,44599.0,2192.0,-0.024627955825,32.07444503,63.970973066666666,50.32652486666667,0.7438637333333332,81.92869922666667,635.0759421056206,3523.9194323196343,0,-2.6384965801236997,6.816740646797717,1.7823654878684312,4.052536932677627
1417,MISSISSIPPI,CHOCTAW,28019.0,0.0273933917,50545.0,684.0,0.0871452386666666,48.0132567,65.69432477777778,47.693225,0.1312335555555555,80.04575094444445,638.4417242327194,3444.2486333354022,0,-2.112781319652612,12.58719086873811,2.686788524256512,4.402656859691521
1418,MISSISSIPPI,CLAIBORNE,28021.0,0.0734722713,28579.0,1801.6666666666667,0.0614498163333333,231.16626255333335,52.229215333333336,57.13417555555556,0.1427552222222222,78.81739595555555,628.5849337161047,3500.1636425341426,0,-4.475418227643398,0.6024096385542169,4.158915402329201,6.203852752421909
1419,MISSISSIPPI,CLARKE,28023.0,0.036293294,47811.0,692.5,0.0196956822999999,23.1028195275,68.513617875,45.842436125,0.4761556249999999,70.3324980875,642.209208220739,3348.5120360061965,0,-2.356875423306414,9.733671528218135,1.1864935713252251,3.8606168997216432
1420,MISSISSIPPI,CLAY,28025.0,0.0332619236,52673.0,2810.8,0.0542314,286.02360848,64.21960564705881,49.440746764705885,2.0476832941176473,75.93766223529413,634.1459807570828,4009.011467788202,0,-1.5659051429690782,19.403931515535827,2.0624791578224495,3.2782353959025836
1421,MISSISSIPPI,COAHOMA,28027.0,0.0492658158,35552.0,3570.1428571428573,-0.0059181754714285,462.1488872,59.612112958333334,54.51277808333333,1.331358875,79.56400569583333,645.9143051890574,4067.115400203108,0,-2.4132285853382407,9.099556119213698,2.3575762051197153,3.9642275366390494
1422,MISSISSIPPI,COPIAH,28029.0,0.0354563362,47870.0,1094.6666666666667,-0.0266730817499999,77.87291247833333,62.82927133333334,43.3381665,1.4340136666666667,71.1128478125,641.5091465853145,3074.414223368102,0,-2.6414996203703955,6.721623335447051,2.1062565901307915,4.224624604219944
1423,MISSISSIPPI,COVINGTON,28031.0,0.0272234541,48382.0,1363.25,0.02381355275,152.6927977,64.42540684615385,47.390464692307695,0.5742800769230769,73.2196044923077,633.732841835088,3493.0562034119725,0,-2.061097531561909,13.189600507292326,1.8615409652720971,3.6863989796388186
1424,MISSISSIPPI,DE SOTO,28033.0,0.0277218844,81956.0,22863.515151515152,0.0330455796393939,409.4656649172728,78.39749284848484,23.675791606060606,1.5180085606060605,54.64102973484849,649.6500288342621,4028.4577163575927,1,0.9358869357598135,69.27710843373494,1.4829638190367949,1.482963819036795
1425,MISSISSIPPI,FORREST,28035.0,0.0298159583,51328.0,24745.764705882353,0.0090175453235294,709.0301911529413,70.75559826415095,-140.62950533962265,-187.07435103773585,-115.42422456415092,652.0129673485876,3850.3790183418473,1,-0.13669302807197853,45.02219403931515,2.7579993646433834,2.7579993646433834
1426,MISSISSIPPI,FRANKLIN,28037.0,0.0432473445,48075.0,828.5,0.0186607764999999,2.09995245,64.413732625,47.93161725,0.844672,75.1767325375,644.1235365560366,3451.766036390174,0,-2.8703297645372947,4.724159797083069,1.4345131512776783,4.396676047084767
1427,MISSISSIPPI,GEORGE,28039.0,0.0390849523,63349.0,973.2,0.0268478915799999,86.22421444999999,66.33169061538462,32.858971153846156,0.6001345384615384,61.74465267692308,638.4887982631149,3598.3644739592132,0,-1.8102906723088472,16.01141407736208,1.1808086985135027,3.240803880774065
1428,MISSISSIPPI,GREENE,28041.0,0.0411904762,54057.0,887.0,0.028473651,2.67727365,59.72115677777778,45.54119744444444,0.2622328888888889,75.32800633333333,642.9455611661513,3168.670113233458,0,-3.0777184617619584,3.3608116677235254,1.8376906179332517,4.627043440745937
1429,MISSISSIPPI,GRENADA,28043.0,0.0354916067,49210.0,4744.8,0.0416635002,343.05000264,64.29816264705882,47.63922135294118,0.8924947647058824,76.09233519411765,661.8528426422715,4381.661574581349,0,-0.8965752746428136,29.74001268230818,2.00418884160077,2.6513573973952917
1430,MISSISSIPPI,HANCOCK,28045.0,0.0327179869,61126.0,3829.142857142858,-0.0017610767357142,115.39028257142856,67.222817125,-266.826588060606,-301.1901077878788,-239.8670762939394,660.5690026723299,4353.480300366341,2,-0.06763425034787338,46.480659480025366,2.812208089904643,3.7546595850748274
1431,MISSISSIPPI,HARRISON,28047.0,0.0294479657,56692.0,21037.62222222222,0.0053556683777777,850.9522655288889,75.74515024444445,-110.1369491029412,-145.3096331617647,-80.44628328455882,658.7966646185793,4841.682088989942,1,0.9656025525615498,69.87951807228916,2.04086634734288,2.04086634734288
1432,MISSISSIPPI,HINDS,28049.0,0.0308530665,50965.0,58968.671875,-0.0141082980281249,952.4511804026564,68.756313,43.20664325405406,2.1112219729729733,72.6007527345946,658.7624342504752,4059.2584387052207,1,-0.1483082010302184,44.76854787571338,2.45258298330909,2.45258298330909
1433,MISSISSIPPI,HOLMES,28051.0,0.057282145,30542.0,629.6,0.03843886884,5.60959836,54.168317894736845,61.82712568421053,0.3208771052631579,84.65348214736842,624.0087467409164,3371.200042640225,0,-4.669473700693608,0.4121750158528852,3.1578274171038245,5.984993246755026
1434,MISSISSIPPI,HUMPHREYS,28053.0,0.0663834307,31538.0,1508.0,-0.008817207,101.2999923,55.81443566666667,59.160126000000005,1.079666,83.94965022222223,632.3015239291958,3749.778763111888,0,-3.9512390339834793,1.046290424857324,3.1839598646959555,5.417459332813105
1435,MISSISSIPPI,ISSAQUENA,28055.0,0.0750853242,36986.0,132.0,0.036140259,0.2832621,50.705617,57.2109585,2.95858,82.3978424,632.5749999999999,4078.25,0,-5.051213810746103,0.2536461636017755,4.334747718085232,6.997404690360675
1436,MISSISSIPPI,ITAWAMBA,28057.0,0.0294417278,56977.0,1205.0,0.02831145122,84.476096,69.43667427777778,42.964419666666664,0.5507678333333333,70.99192471666667,643.0013941525586,2913.6388337204235,0,-1.8717759327947125,15.440710209258086,1.9318793140120927,3.6452021702761526
1437,MISSISSIPPI,JACKSON,28059.0,0.0326631442,66751.0,13602.42857142857,0.0204572818071428,345.41656560714284,71.73046048,-67.0164455049505,-95.96461931683169,-38.75492511287128,658.2497138285242,4219.550167407345,1,0.28897080753130516,54.66074825618262,1.3676888552620605,1.3676888552620605
1438,MISSISSIPPI,JASPER,28061.0,0.0372968349,46577.0,953.25,-0.023766724,30.488218507499997,63.67473023076923,47.05897953846154,2.1890863846153845,76.92223621538461,622.8157602660497,2636.893127170168,0,-3.3955978397212228,2.346227013316424,2.7389305119666467,5.009272169969821
1439,MISSISSIPPI,JEFFERSON,28063.0,0.1187953151,37617.0,1698.0,0.077662712,100.5518247,40.068127,58.96016457142856,0.0,83.81615121428571,639.9351687178236,3554.4056819150505,0,-5.965893834449281,0.03170577045022194,7.5540263883847905,9.24723976825545
1440,MISSISSIPPI,JEFFERSON DAVIS,28065.0,0.0400311931,39794.0,487.3333333333333,0.002614924,3.4342320466666667,59.652819666666666,55.567590083333336,1.4463904166666666,79.72133129166666,637.1219353959924,3405.382936425459,0,-3.5152169536466773,1.9657577679137603,2.0449523019614118,5.0016474792767855
1441,MISSISSIPPI,JONES,28067.0,0.031637469,50310.0,9245.714285714286,-0.0029216551142857,223.2020041,68.67671868627451,-153.9338369423077,-189.71228323076923,-124.53684821346154,661.0864644217812,3791.2031675211338,0,-0.5235584060260758,37.064045656309446,2.9194206346016705,2.935469839652935
1442,MISSISSIPPI,KEMPER,28069.0,0.0455849538,42461.0,1378.0,0.264133102,6.69340975,66.59323011111111,50.77099977777778,1.1024273333333334,79.2532658111111,636.8312278144016,3236.6031186612577,0,-2.9000974825785537,4.5339251743817375,7.691263625398248,8.740192856390465
1443,MISSISSIPPI,LAFAYETTE,28071.0,0.0247992864,72838.0,9579.9,0.04218512668,570.86742759,72.2813686,-292.3079521333333,-330.70919406666667,-267.57022577666663,664.9154575266786,4115.704163551574,2,1.0989384329435596,72.63792010145846,3.058930996933983,3.750074405659829
1444,MISSISSIPPI,LAMAR,28073.0,0.0245722086,63079.0,10357.125,0.0198327990125,202.5296751375,73.30157553571429,35.33572942857143,2.763408607142857,58.60198998928571,667.307386873521,4448.38132118284,1,0.5112074679051668,60.01902346227014,1.414648295688278,1.414648295688278
1445,MISSISSIPPI,LAUDERDALE,28075.0,0.0322259373,51437.0,13824.947368421052,-0.0003239091059999,638.9831199736842,68.9061011060606,44.18016159090909,2.5039705606060605,71.58078407121212,649.6193338347293,4214.049442157102,1,-0.539529463151222,36.84210526315789,2.220121613855532,2.2201216138555315
1446,MISSISSIPPI,LAWRENCE,28077.0,0.037848182,49431.0,735.3333333333334,-0.0001829416233333,6.338129123333334,63.39992218181818,42.63398027272728,0.9869669090909092,68.95368853636363,629.510570690122,3420.562120314756,0,-2.9504310783037293,4.121750158528852,1.6923272518893318,4.447305470323145
1447,MISSISSIPPI,LEAKE,28079.0,0.0315101832,47849.0,743.2,-0.04831781736,18.223179202,63.45767438888889,49.04120477777778,0.5322885555555555,75.62184525555556,628.7133087554844,3069.005788838259,0,-2.9748676765176634,3.9315155358275207,2.8041163632383594,4.9097270769554635
1448,MISSISSIPPI,LEE,28081.0,0.0278361614,64744.0,18764.57894736842,-0.0102550167842105,458.3463367684211,74.09043405454545,-141.30486351785714,-176.0624904642857,-112.5385484375,649.1153471836021,3193.5627161738917,1,-0.09233455393275648,46.00507292327203,2.971172795891914,2.971172795891914
1449,MISSISSIPPI,LEFLORE,28083.0,0.0487889674,33945.0,5497.25,-0.00674557505,659.83323488875,52.62542968965517,56.820650517241376,0.7515749655172413,83.5982021413793,651.1959569104991,4271.983702716692,0,-2.5133831290740907,8.243500317057704,3.054359452456498,4.416685503886366
1450,MISSISSIPPI,LINCOLN,28085.0,0.0314150681,52040.0,3410.3333333333335,-0.0096874198999999,211.56125765,64.96020896153846,42.42478469230769,1.3897912307692306,73.99124131153846,640.6809733067219,3348.4906790515433,0,-1.8075021901384143,16.074825618262523,1.8955339345511466,3.332712893221858
1451,MISSISSIPPI,LOWNDES,28087.0,0.0327072005,53883.0,6267.5,0.00666558155,194.90019875714285,70.79327297727274,44.30638859090909,2.1011474545454547,71.24379795681818,656.6612262168495,4442.075512182796,0,-0.3970078428441074,39.568801521876985,1.8721702456351934,1.962918424583348
1452,MISSISSIPPI,MADISON,28089.0,0.0254900851,82057.0,22788.61904761905,0.0233481004904761,523.0487623528571,73.77989261666667,29.991482583333333,7.31087425,63.727419255,666.7674372456844,4344.671725262203,1,1.227405654591953,75.20608750792644,1.0932000639427848,1.0932000639427848
1453,MISSISSIPPI,MARION,28091.0,0.03152927,47020.0,2252.0,-0.0016208345,129.24010891666666,62.22838228571428,47.46684542857143,1.5514559047619048,73.5200130047619,653.0004222938544,4585.199837710594,0,-1.2744043042564903,23.52568167406468,1.9405967895032228,3.1496501792696487
1454,MISSISSIPPI,MARSHALL,28093.0,0.0359125983,52334.0,1563.3333333333333,-0.0080276231666666,54.4315144,64.07264500000001,42.90126026086956,1.489614347826087,74.02286014782608,623.136963145492,3664.8789957805375,0,-2.372410051206025,9.32149651236525,1.742674240964728,3.8402049275565506
1455,MISSISSIPPI,MONROE,28095.0,0.0382183118,50639.0,2337.222222222222,-0.0286970425922222,115.46942345444444,66.07249989285715,42.040048285714285,0.758719,74.2269892,650.3693084667555,3922.5909572149585,0,-1.588321780487242,19.150285351934052,1.6419540781941322,3.156117822909069
1456,MISSISSIPPI,MONTGOMERY,28097.0,0.0353130016,46424.0,843.6666666666666,-0.0479773515666666,28.938228536666667,61.25937463636364,49.208488,0.6122657272727273,79.4577512,643.7966825599077,3209.716733007172,0,-2.8214290550510355,5.199746353836398,2.4973312480718928,4.638219060776952
1457,MISSISSIPPI,NESHOBA,28099.0,0.0352626709,49446.0,2628.0,-0.004253069,200.87874811428568,71.2953625,41.40050025,1.5486309583333335,72.11615069583333,646.4903494049009,3257.1938499436887,0,-1.620526406414914,18.706404565630944,1.6904504255869413,3.127761870993681
1458,MISSISSIPPI,NEWTON,28101.0,0.0359289261,49338.0,1946.0,-0.0043333926,81.02705983999999,71.2349847,41.39068575,1.3963343,72.909656715,632.4991102505662,2875.0908542795105,0,-2.276207102184643,10.558021559923906,2.0716223078304408,3.8888556801099434
1459,MISSISSIPPI,NOXUBEE,28103.0,0.046927036,37567.0,757.0,-0.0164698423333333,87.68078479999998,58.9182724,57.6426248,0.0,83.63830567,654.8050926745951,3762.4735418775304,0,-2.8631268848348044,4.882688649334179,1.9779241864954362,4.3689797877622825
1460,MISSISSIPPI,OKTIBBEHA,28105.0,0.0331374092,47584.0,11032.625,0.0189782877499999,521.443281125,73.23296281481481,49.92188566666667,2.647670111111111,72.47231406296297,679.6186653088682,4536.18004366744,1,0.22794969117437539,53.043753963221306,1.949595209701457,1.9495952097014573
1461,MISSISSIPPI,PANOLA,28107.0,0.0389156827,46097.0,1711.1666666666667,0.0016533237833333,103.59066466666668,64.61969157142858,44.14282371428571,1.0654490476190477,72.61220549047619,630.3859795726789,3336.2332528301395,0,-2.574792784509783,7.545973367152822,1.6491132730164213,3.8839594317296195
1462,MISSISSIPPI,PEARL RIVER,28109.0,0.0303286306,54266.0,1900.6666666666667,0.0066480488888888,113.38181726333332,66.09943064516129,40.38738441935484,1.5068700322580646,68.1719496967742,648.8164602628691,3865.663781671278,0,-1.3684275731861306,22.289156626506024,1.242156468099339,2.8508729397746313
1463,MISSISSIPPI,PERRY,28111.0,0.0378751787,46201.0,691.6666666666666,0.0627905620666666,3.479745566666667,62.4593077,43.2889617,0.7081547,75.40186578000001,643.21245764432,3871.362541394059,0,-2.62267368304289,7.0069752694990495,1.9872252321322765,4.504145401676868
1464,MISSISSIPPI,PIKE,28113.0,0.0395824271,41815.0,6158.75,-0.0032440794125,211.6692826125,66.12657033333333,45.382008166666665,1.9101816333333337,75.90766422666667,655.2392306592732,4374.395191159559,0,-1.2422314633889986,23.96956246036779,1.8966126755106276,2.8609357138229967
1465,MISSISSIPPI,PONTOTOC,28115.0,0.0270022561,51490.0,2041.0,0.02869065215,53.15582298333333,69.91028715789474,37.83178031578947,0.577168,69.67906168947368,640.7037506480799,2901.5996964575306,0,-1.9259863240666357,14.774889029803424,2.062258357363085,3.7442526637062685
1466,MISSISSIPPI,PRENTISS,28117.0,0.0277291571,50292.0,2456.0,-0.032401834718,109.11832318,64.2733422,44.22062695,0.4023077499999999,75.53422547,635.5490484175699,3355.603300111933,0,-2.033105414392828,13.53836398224477,2.3479858028955123,3.857754212999965
1467,MISSISSIPPI,QUITMAN,28119.0,0.0476190476,35150.0,346.0,-0.0062393186666666,72.72140504666667,58.17158388888889,56.91605144444444,0.6756186666666666,82.94728004444444,629.1709526750576,3391.948926184532,0,-3.8199848425062437,1.2365250475586558,2.4776587860669137,5.15500722776823
1468,MISSISSIPPI,RANKIN,28121.0,0.0232329069,70794.0,26155.85185185185,0.0102983893444444,346.08515607777775,76.71920050666667,24.785349893333333,3.0499277866666668,51.31505795333333,658.9617923450975,3898.6222760362666,1,0.7193612002073899,64.7431832593532,1.4631490871034167,1.4631490871034167
1469,MISSISSIPPI,SCOTT,28123.0,0.0257323191,48112.0,3305.1666666666665,0.0700044895,105.98312866666669,68.992099,43.378862181818185,1.5162615454545454,77.53605114545454,627.3927580713686,3384.7005526260123,0,-1.7876242770955555,16.29676601141408,2.658770697315998,3.913679641034585
1470,MISSISSIPPI,SHARKEY,28125.0,0.0618120237,37098.0,1118.0,-0.0030480454999999,179.32291475,63.304278333333336,46.43958416666667,0.3917025,71.90254085,636.5542926056856,3597.733344380616,0,-3.245519573387258,2.8535193405199744,2.4493583489433264,4.644469657774212
1471,MISSISSIPPI,SIMPSON,28127.0,0.0300371889,53352.0,1022.2,-0.01293592004,98.56947341,65.41857707999999,38.72055124,0.6873394400000001,72.030669248,634.0987691494522,3059.496354045851,0,-2.312271608467082,10.240963855421686,2.093569904625165,3.994701138073142
1472,MISSISSIPPI,SMITH,28129.0,0.0282975104,53814.0,600.0,0.179755211,3.862083866666667,66.3490936,44.13230326666667,2.4352352666666666,71.62017415333334,639.6697407306383,3622.07258154201,0,-2.1177610673846727,12.523779327837667,5.230110969661699,6.455887890279593
1473,MISSISSIPPI,STONE,28131.0,0.0341207349,56686.0,1293.6666666666667,-0.0017382006666666,101.92514423333334,69.17050122222221,35.45034088888889,2.1539467777777777,65.08458837777778,643.7390966927812,3383.0077922733253,0,-1.6890684940209364,17.882054533925174,1.3381196420766261,3.1749278388254973
1474,MISSISSIPPI,SUNFLOWER,28133.0,0.0460597826,43980.0,2022.7142857142856,-0.0181231525142857,174.8846882,52.78457716,53.68317704,1.27576296,81.53504974399999,628.6291213971394,3083.2246437313593,0,-3.614071556872789,1.6169942929613188,2.8967853522457463,5.021753247539849
1475,MISSISSIPPI,TALLAHATCHIE,28135.0,0.0330613099,42319.0,1105.0,0.0015045585,143.636525925,60.65927475,54.9741905,0.3671661666666666,80.3760058,644.4926816367937,3670.304207160056,0,-2.368838979430703,9.48002536461636,1.6987349277398285,3.8656254646028163
1476,MISSISSIPPI,TATE,28137.0,0.0327229569,62784.0,1082.6,-0.0255878180199999,123.950164992,68.68011075,33.7552429375,2.2212313750000003,64.02588248125,643.4657984296831,3288.0579288801096,0,-1.598044326427371,19.08687381103361,1.969301029522134,3.3946441525456845
1477,MISSISSIPPI,TIPPAH,28139.0,0.0276322548,53452.0,2741.0,-0.021648044,125.3327276,67.4773184375,45.342581125,1.1097226875,74.16507864375001,641.0987204286818,3063.6401887379943,0,-1.8020477049206023,16.201648700063412,2.2567365758441795,3.6227131782112103
1478,MISSISSIPPI,TISHOMINGO,28141.0,0.0321260233,47264.0,2049.5,-0.0005230495,40.328442725,66.75723329411764,46.123439705882355,1.4421995294117649,76.36861912941175,641.3734326625387,2951.8306385937412,0,-2.366621218012572,9.575142675967026,1.8302991901520862,3.9254346382923924
1479,MISSISSIPPI,TUNICA,28143.0,0.0346878097,39659.0,8435.0,0.0015789439999999,23.005849333333337,62.484444,,,-1359.3556267857143,626.0945052026558,2968.033926232765,0,-2.8423738481718677,5.104629042485732,6.580208291381504,7.498573285453505
1480,MISSISSIPPI,UNION,28145.0,0.0225886918,55304.0,2740.5,0.0529434383333333,76.48969493333334,72.58444689473684,42.643134,1.576446842105263,72.22187222105264,645.0635369483622,3114.95618436027,0,-1.2441234655723905,23.937856689917563,2.4125478355813645,3.4430498070915707
1481,MISSISSIPPI,WALTHALL,28147.0,0.0408968237,48909.0,808.3333333333334,-0.0097190550333333,101.24849496666668,60.509785538461536,48.543222769230766,1.597939,75.04326600769231,659.5373483315653,4022.7209452786697,0,-2.02340776241252,13.728598604946098,1.4871030516809212,3.611084722918694
1482,MISSISSIPPI,WARREN,28149.0,0.0343072273,55783.0,7224.25,-0.0277626994166666,442.378423675,67.84770664102564,43.42918238461539,1.9702480512820513,69.2233296,656.9644761666492,3808.152659705306,0,-0.8352952721980951,31.03994927076728,2.2252666552911142,2.542890150767863
1483,MISSISSIPPI,WASHINGTON,28151.0,0.0494435836,39081.0,8011.157894736843,-0.0082833660573684,538.4775875263158,58.43603961111111,55.567768740740746,1.0066965925925926,79.37711027407407,638.7860031470082,3496.9273645601593,0,-2.6896747221132293,6.055802155992391,2.6464846869066965,4.166325654063172
1484,MISSISSIPPI,WAYNE,28153.0,0.0363926345,45573.0,1183.75,-0.0244478597249999,89.08746640000001,65.01989817647059,50.38165829411765,1.2780271764705884,77.41001107058823,635.6202985927044,3178.3704094187183,0,-2.614519713982181,7.133798351299937,2.034702799932942,4.14698469963075
1485,MISSISSIPPI,WEBSTER,28155.0,0.0305665349,54929.0,632.6666666666666,0.0130838283333333,60.59422886666667,60.718388375,48.260039875,1.897917375,75.7766285,648.3441655951685,3380.658223791575,0,-2.257199705850121,10.811667723525682,1.5873668813485309,3.8757167702674638
1486,MISSISSIPPI,WILKINSON,28157.0,0.0551149881,36240.0,805.5,0.0217090605,2.96713305,57.68085575,45.310367875,0.870458125,73.0794019375,648.3077285565174,3777.230459178262,0,-3.5939635693300858,1.6804058338617627,2.244930861208599,5.092771591963636
1487,MISSISSIPPI,WINSTON,28159.0,0.0340232492,48990.0,1704.8,0.0122293776999999,43.649989414,69.10113,47.951522157894736,0.2967289473684211,75.71675211578948,626.0858625763973,3007.898886973592,0,-2.47973853988052,8.592263792010147,1.9379674959531843,4.026656776624817
1488,MISSISSIPPI,YALOBUSHA,28161.0,0.035003144,50790.0,949.3333333333334,0.0012844102999999,21.534497166666668,63.8664345,47.128868,1.0270716666666668,74.252231275,638.60126483624,3412.6016197325916,0,-2.490528783083332,8.370323398858591,1.3229463842703129,3.938418666871953
1489,MISSISSIPPI,YAZOO,28163.0,0.0342017675,42434.0,2100.8333333333335,0.011481081815,168.72201483333333,61.41426549999999,53.61208681818182,0.9915585,76.78449682272728,636.093584834262,3212.316411831983,0,-2.628651182178015,6.880152187698162,1.9632628353213997,4.033753038990013
1490,MISSOURI,ADAIR,29001.0,0.0363193669,56954.0,6145.714285714285,0.0531208018285714,569.4558958885715,78.927542,-352.32481759999996,-399.01874292,-326.03590134399997,682.5206705286561,4575.775472344191,2,1.3499796907560222,77.71084337349397,2.5623382343890038,4.6045237861905886
1491,MISSOURI,ANDREW,29003.0,0.0259561394,75926.0,1073.25,0.0108097758425,11.1645971775,83.89044764285714,23.059645857142858,1.519807142857143,65.01002638571428,668.196295822348,4240.662827773945,3,0.5857127520498048,61.921369689283445,1.6275545919754089,2.7008152915753523
1492,MISSOURI,ATCHISON,29005.0,0.0268484097,56797.0,817.5,-0.0055778474,3.09887885,81.02484871428571,31.507725714285716,2.1173542857142857,75.29703412857144,693.6895452817876,4697.590661729378,3,0.3924592824090925,56.785034876347495,1.030955120457231,3.5051938240655818
1493,MISSOURI,AUDRAIN,29007.0,0.033467617,55957.0,4127.285714285715,0.0158835646285714,107.81738889857142,73.09737266666666,35.3024755,0.8804165416666666,69.90068197083333,673.024367080445,3716.7660417387087,0,-0.5244211381193449,37.03233988585923,1.5728164522544186,2.102819928814135
1494,MISSOURI,BARRY,29009.0,0.0349112851,53303.0,2052.714285714286,0.0095269020428571,82.45522345714286,75.33206648275862,37.56001748275862,0.8999759310344828,74.13778094827586,657.7839566195539,3501.217265174748,0,-1.0662746624195487,26.759670259987317,1.3512551295777284,2.654942107372554
1495,MISSOURI,BARTON,29011.0,0.0302566067,50185.0,1075.6666666666667,-0.0072759256666666,47.290964566666666,75.04168458333334,37.921460333333336,1.7884184166666666,72.81036185833334,683.9389157429214,5280.48233364321,3,0.2927026531573736,54.81927710843374,2.041726085255828,3.1093880728779166
1496,MISSOURI,BATES,29013.0,0.031950965,56178.0,857.25,0.00156545175,48.411045405,77.81855878571427,39.24340592857143,1.1082518571428572,67.12725038571429,657.0811266247524,4253.497195386343,0,-0.5491617420971577,36.62016487000634,1.7510162640773057,2.6423470467404138
1497,MISSOURI,BENTON,29015.0,0.0430122494,50946.0,551.3333333333334,0.0453733886999999,6.498595343333334,62.6619660625,43.64761775,1.6201265625,76.315484525,671.7027686640845,3758.91571352624,0,-2.1891831312877557,11.540900443880787,1.5988167468789916,4.094776798981382
1498,MISSOURI,BOLLINGER,29017.0,0.029746116,53134.0,565.3333333333334,0.0236764308666666,4.273358363333333,69.69527963636364,42.06585909090909,0.6042765454545455,72.32788744545455,677.4029285741843,3661.213543529957,0,-1.3871545797236187,21.813570069752693,1.7664589159256614,3.7079556061923626
1499,MISSOURI,BOONE,29019.0,0.0247571232,70153.0,46379.0,0.032226744867931,1800.8006320448276,83.21569947126437,-195.62807556321837,-227.06277612643677,-158.9675573505747,677.8511704389937,3975.382735509451,1,2.063335773882128,89.41027266962587,2.8011083405256727,2.8011083405256727
1500,MISSOURI,BUCHANAN,29021.0,0.0287254833,60575.0,31747.4,0.003524971168,919.621947876,78.71547870833334,33.48666019444445,1.0061990694444445,65.66857912777778,665.117927972837,4484.120954990306,1,1.0122792184606733,70.76727964489538,1.3368891255588258,1.3368891255588258
1501,MISSOURI,BUTLER,29023.0,0.0437064932,48059.0,6702.6,0.00561865684,323.49803220999996,70.561042,47.69727277777778,1.193098,76.76670625277778,659.0958753572991,3723.876471117978,0,-1.1856874273397617,24.920735573874445,1.667650233199322,2.543807519942282
1502,MISSOURI,CALDWELL,29025.0,0.030809031,62916.0,813.5,-0.005399749,3.26418945,75.5314828,35.407218,1.0572215,66.59659996,663.3701090737158,4282.399337001028,0,-0.628399755312504,35.161699429296135,2.0123609147733927,3.184499730947818
1503,MISSOURI,CALLAWAY,29027.0,0.0283554741,64214.0,5432.875,0.034677472625,130.96231846125,78.0056390882353,-267.2088387941177,-291.94297311764706,-236.40687594117645,664.446409223741,3865.612376632496,2,0.6134742236471191,62.55548509828789,3.109671353841863,3.5043814569857634
1504,MISSOURI,CAMDEN,29029.0,0.0376596832,63903.0,3042.181818181818,0.0174731293636363,72.06929700909092,74.81852393333334,33.71664593333333,1.828715366666667,69.80043296666666,668.7546575180689,3719.186728057656,0,-0.4863692777170135,37.824984147114776,1.4406307136393972,2.019554087377019
1505,MISSOURI,CAPE GIRARDEAU,29031.0,0.0274292743,67445.0,16964.75,0.02982144783125,1027.00631823125,81.01127385714287,32.89355494642857,1.625574392857143,65.31086130714286,675.4634740809123,4151.49744790626,1,1.2462644083619776,75.87190868738111,1.181034774624669,1.181034774624669
1506,MISSOURI,CARROLL,29033.0,0.0280210158,56690.0,791.3333333333334,0.0130170333333333,27.339743356666663,77.67651845454544,32.92307709090909,1.0683485454545456,60.352342081818186,652.8284149286625,3962.6077511403255,0,-0.7596842625850376,32.466708941027264,1.7258259056632523,2.9021058011751197
1507,MISSOURI,CARTER,29035.0,0.0443247722,43801.0,642.0,0.0973196995,2.7193199000000003,72.1281215,49.7380575,2.1343846666666666,77.54717253333334,673.9704081632653,4267.7295918367345,0,-1.5534237063232603,19.689283449587826,3.037271418921424,4.587517072920009
1508,MISSOURI,CASS,29037.0,0.0296588068,85283.0,10028.8,0.005699879095,206.43150549,80.58311831578948,20.26509603508772,2.402992333333333,51.40151712982456,662.6480294494689,4176.559429836053,1,1.1716393887002992,74.15979708306912,1.1729663543190068,1.1729663543190068
1509,MISSOURI,CEDAR,29039.0,0.0349490692,48789.0,1057.3333333333333,-0.0127975836666666,26.252433943333333,66.86156592857142,49.15904728571429,0.3458366428571429,82.4100053,671.4240939154864,3913.868714929768,0,-1.470718247046362,20.672162333544705,1.3773026875214394,3.30703184018682
1510,MISSOURI,CHARITON,29041.0,0.0265899123,56070.0,702.0,0.0537490900333333,3.0086213666666666,79.85474422222222,36.17142111111111,0.4938723333333333,68.63299392222223,677.9845914634217,4277.804033483847,3,-0.21952320570561207,43.02473050095117,1.9140578598255962,3.557401682057052
1511,MISSOURI,CHRISTIAN,29043.0,0.025172908,79714.0,8392.0,0.0249759912357142,119.79809871428571,79.41395191666668,24.158801694444445,2.6370985555555553,54.80994955833333,674.0739644970414,4085.643984220907,1,1.1150067668494983,72.95497780596068,1.319268432972614,1.319268432972614
1512,MISSOURI,CLARK,29045.0,0.0381756757,56191.0,442.6666666666667,0.0137588716,7.605681183333334,74.10799957142856,40.517995,0.4799321428571428,71.13300868571429,691.8,4309.946428571428,3,-0.6155442418129334,35.38363982244769,1.722427764864852,3.402307701371519
1513,MISSOURI,CLAY,29047.0,0.0270945276,84816.0,44245.65909090909,0.0239319658818181,557.7632585590909,82.15598733552632,22.75680450657895,2.5260803289473683,64.38038629144737,671.2389427280567,4388.486014338826,1,1.9934116978035095,88.36398224476855,1.2573560734213107,1.2573560734213105
1514,MISSOURI,CLINTON,29049.0,0.0303001964,76875.0,913.25,0.0085499249249999,57.03393745,80.69770394117647,25.09715994117647,1.4409694705882352,56.52421659411765,657.5315739704059,3927.0087261657272,0,0.08527856711583179,49.90488268864933,2.362339632728755,2.386758309519146
1515,MISSOURI,COLE,29051.0,0.0249646964,74002.0,24129.2,0.032889116902,1096.2598529666668,80.64025937037037,26.723020296296298,1.964463074074074,66.25904665740741,676.4048319134114,4256.466328930418,1,1.6308885028862523,82.91058972733038,1.192471336598894,1.192471336598894
1516,MISSOURI,COOPER,29053.0,0.0301961338,70769.0,2687.6,-0.00964019052,122.07644384,77.27752642857142,34.809250142857145,1.2223958571428573,64.35604204285714,659.2985426929309,3869.687215055224,1,-0.009976262348638965,47.90741915028535,1.9249349234773856,1.9249349234773856
1517,MISSOURI,CRAWFORD,29055.0,0.0341735108,55253.0,1114.3333333333333,0.0271144201166666,25.004263045,72.70638485714287,42.34205819047619,0.7247276666666667,76.57431847142857,651.6891657599876,3672.1092033558607,0,-1.3890155684961247,21.71845275840203,0.9835908874421879,3.0363173248828255
1518,MISSOURI,DADE,29057.0,0.029717682,53959.0,814.0,-0.0123401665,3.4845170999999997,70.93742288888889,43.24033933333333,0.999905111111111,77.29054978888888,682.2779818594105,5292.898110355253,3,-0.17659569859184068,43.97590361445783,2.1975948512834362,3.7680467505448094
1519,MISSOURI,DALLAS,29059.0,0.0310056249,63112.0,786.3333333333334,0.0143776413333333,10.640734356666666,69.26781573333332,35.7490988,0.6158437999999999,69.43786113333334,667.2789925671813,3765.5521216715674,0,-1.1236880631583264,25.84020291693088,1.3192580027721967,3.116730076780639
1520,MISSOURI,DAVIESS,29061.0,0.0278269669,59385.0,736.5,0.0255274615,3.0754845,74.5973825,33.666641874999996,2.25612675,69.7232480125,693.3529011678758,4034.141759702286,3,-0.35248484580704653,40.551680405833864,1.638116834778268,3.439099856623357
1521,MISSOURI,DENT,29065.0,0.0351412067,49324.0,1430.0,0.05129315625,185.76813875,67.52651983333334,44.23978925,0.8975630833333333,75.63416099166666,671.1866979424685,4249.49088871977,0,-0.9099377785483516,29.58148383005707,1.8240859273336725,2.8602330935699842
1522,MISSOURI,DOUGLAS,29067.0,0.0331588133,43336.0,1514.6666666666667,0.1819247733333333,12.756828782333336,63.22391354545454,48.90707854545454,0.9700216363636364,81.65089383636364,664.6541455352404,3651.801218026884,0,-1.976669674385018,14.140773620798985,5.19301608843514,6.287223037078538
1523,MISSOURI,DUNKLIN,29069.0,0.0503819571,45570.0,1992.4,0.00559469014,104.90866234,63.60487175757576,48.38917736363637,1.0281788484848484,78.30487221515152,649.676300444388,3890.892515435817,0,-2.245474965984757,10.93849080532657,1.2983994439842952,3.5291775857158645
1524,MISSOURI,FRANKLIN,29071.0,0.0280807438,70389.0,5831.294117647059,-0.0003605769017647,127.0444827117647,77.7091693846154,29.25319530769231,1.7777526,61.06952100461538,662.6970383362274,3929.196626994926,1,0.31493121653119543,55.26315789473685,1.518631138617701,1.518631138617701
1525,MISSOURI,GASCONADE,29073.0,0.026962412,62203.0,1644.0,0.01069010146,68.70543233999999,78.63056384615385,33.890511076923076,0.6988323076923078,68.24613601538462,680.2492246131491,3861.86106210732,3,0.12003485555802734,50.69752694990488,1.9177239044525651,2.2476764734496584
1526,MISSOURI,GENTRY,29075.0,0.0263575738,54610.0,991.5,0.0119077293,4.48388365,78.86359471428571,37.89718085714286,1.083814,73.26718738571428,706.7624999999999,4532.95,3,0.4150416957123778,57.48256182625238,1.0655120837164798,3.5110198982105856
1527,MISSOURI,GREENE,29077.0,0.02553178,59740.0,78156.48387096774,0.0300651306016129,1770.2186988387098,78.51440973053892,38.808420664670656,1.8896565928143711,69.48280166766467,670.7527148856176,4054.493373462435,1,1.145932094860946,73.71591629676601,1.8812169760468165,1.8812169760468165
1528,MISSOURI,GRUNDY,29079.0,0.0313368714,48491.0,2430.0,0.010057733075,123.7951437525,80.9238075,37.28062925,1.680093,74.508504225,668.0709494448205,3690.945875271682,0,-0.4143959542921839,39.220038046924536,2.1293900074063843,2.532269615712391
1529,MISSOURI,HARRISON,29081.0,0.0304443225,50489.0,779.0,0.0036635396666666,54.39231493333333,77.00453509090909,39.717281,1.039919181818182,72.90326585454545,680.5648560254507,4377.918085797364,3,-0.24273810180310895,42.549143944197844,1.8009482471578624,2.7791006283196173
1530,MISSOURI,HENRY,29083.0,0.0309756338,55216.0,2192.6666666666665,-0.0061304426666666,129.47782325,76.83134376190476,39.14502528571428,1.6239852380952382,71.28392991428571,652.7171275827789,3584.7081622484084,0,-0.8069832165203221,31.452124286620165,1.7995867261836653,2.5838676245601357
1531,MISSOURI,HICKORY,29085.0,0.0358000961,48213.0,653.0,0.0099496549533333,4.861563713333333,60.882314111111114,52.486902666666666,0.1489325555555555,84.47470176666667,668.4668732965608,3579.251745158449,0,-2.3676513274325965,9.543436905516804,1.5689873395966827,4.192485540194834
1532,MISSOURI,HOLT,29087.0,0.0243499794,61260.0,729.0,0.0132261459333333,4.099844623333333,84.08601083333333,33.99867883333334,1.1978146666666667,71.85833486666667,703.845,4218.25,3,0.646805537135201,63.31642358909322,1.0378293785860986,3.5762531935176214
1533,MISSOURI,HOWARD,29089.0,0.0305686191,57674.0,802.3333333333334,0.0182011082,8.357661533333333,77.69604939999999,35.3885895,1.2689107,66.06686744,661.3335418603311,3425.773499815168,0,-1.1037233851800157,26.1572606214331,1.7989066319962947,3.3470592942516837
1534,MISSOURI,HOWELL,29091.0,0.0367838946,48727.0,4192.875,0.011700582595,133.9447661625,67.698606625,45.4725933125,0.733062125,77.887759203125,668.1811609814346,3609.6761567431854,0,-1.2536808015218306,23.8427393785669,1.3481952156132802,2.6914927910751034
1535,MISSOURI,IRON,29093.0,0.0494905386,48241.0,807.5,0.0191162215,16.6840209,62.13446288888888,45.912444666666666,0.3615852222222222,77.24124316666666,650.9856249225815,3416.420045986622,0,-2.868091864441169,4.787571337983513,1.2770091309000664,4.201205979744184
1536,MISSOURI,JACKSON,29095.0,0.0337644033,66102.0,99820.0351758794,0.0041413775316666,2015.222321326131,76.21264098529412,-37.973066397810214,-70.44006635583942,-0.113703329744527,657.3644366822858,4160.361934260382,1,0.9790516484492728,70.13316423589093,1.723707059579911,1.723707059579911
1537,MISSOURI,JASPER,29097.0,0.0300046882,55152.0,22491.636363636364,0.0214258690554545,669.1652589681818,77.19914642553192,39.972841074468086,1.3619059468085106,71.59495020531915,662.6737444258123,3737.8751754747086,1,0.14360693654494872,51.14140773620799,1.818818268254777,1.818818268254777
1538,MISSOURI,JEFFERSON,29099.0,0.0281747994,81517.0,12615.880952380952,-5.416564714285785e-05,202.6418929761905,78.63402420930232,24.80014908527132,1.4110702790697671,55.78616797674419,662.2406309239492,4327.279274778518,1,1.1137997846369694,72.92327203551046,1.0703369025073004,1.0703369025073004
1539,MISSOURI,JOHNSON,29101.0,0.0326053923,68326.0,5102.222222222223,0.0102877978333333,228.3175562,80.18669385714286,36.2017026,0.7606111714285714,65.48399494,667.4792378534997,4290.7128413660785,1,0.6278670802852103,62.93595434369055,1.1437438910036117,1.1437438910036117
1540,MISSOURI,KNOX,29103.0,0.03188929,50083.0,525.0,0.0034212429999999,2.33332245,75.9816608,46.0407922,2.3423146,77.07803038,700.9555555555555,5185.444444444444,3,0.09211047557510277,50.06341154090045,1.7299357611614843,4.042063260372956
1541,MISSOURI,LACLEDE,29105.0,0.0324253442,52211.0,8203.666666666666,-0.0109691962833333,295.06125008333333,72.67305860714285,41.81924742857143,1.4663069285714287,75.06603226428571,672.8411994878836,4302.195461587721,1,-0.04488054976709262,47.05136334812936,1.9090225859379415,1.9090225859379415
1542,MISSOURI,LAFAYETTE,29107.0,0.0290525317,67178.0,1440.142857142857,-0.0024385521428571,17.52651595714286,79.42992633333333,25.9417401,0.6758660666666666,56.94888483333333,660.4667739176699,5050.908402856955,3,0.4671493691884938,58.97273303741281,1.9005740277353182,2.643804737772318
1543,MISSOURI,LAWRENCE,29109.0,0.0309079202,58128.0,2655.8571428571427,0.0141052507714285,75.40528481428571,72.42568858064516,41.02023848387097,0.9626166129032258,73.4066959483871,668.7178553281068,3733.640418118466,0,-0.6311062787157367,35.12999365884591,1.4094271486849148,2.2557766344855295
1544,MISSOURI,LEWIS,29111.0,0.0292125318,57912.0,610.5,-0.00532009337,7.6408409,79.68032745454546,31.76271609090909,0.166487909090909,69.2055203,664.3533247379772,3491.382665916228,0,-0.9245703512833233,29.26442612555485,2.175772041721725,3.478488535965742
1545,MISSOURI,LINCOLN,29113.0,0.0312806466,79954.0,2358.4285714285716,0.0161233611571428,41.29580798571428,78.30619253846154,26.65083342307692,1.0110646538461538,58.03176667307692,664.930082366498,3663.729742242047,1,0.1193007785799593,50.634115409004444,2.133538556494745,2.133538556494745
1546,MISSOURI,LINN,29115.0,0.0382040173,53836.0,1237.8,-0.0384870214,59.00582483000001,71.9118043125,36.6117610625,2.0931429375,68.9523990125,690.1164790844514,4424.552787208497,3,-0.3733251972773734,40.1712111604312,2.567193641145299,3.0979570599898603
1547,MISSOURI,LIVINGSTON,29117.0,0.0238265088,59389.0,4070.4,0.01446115166,469.66066389,74.0645990909091,38.18599654545455,0.4955477272727272,67.83589762727273,665.0230241758175,3999.211790383842,1,0.07081493616629392,49.52441344324667,1.8206388650314418,1.8206388650314418
1548,MISSOURI,MCDONALD,29119.0,0.0325511644,54452.0,1730.25,0.028464146,16.53187255,72.12348594117647,43.59521829411764,1.0313158235294118,74.3818909,641.4760018324599,3897.549451256744,0,-1.400421813213343,21.623335447051364,1.1865259364469367,3.0807190783893685
1549,MISSOURI,MACON,29121.0,0.033338144,58887.0,2584.0,0.00312184434,38.48753614,76.08926876470589,40.13066764705883,0.8202625882352941,74.06212706470588,668.8886465995612,3175.652171247903,0,-0.8841847789170266,29.961953075459736,1.8341635021452274,2.8323986844965656
1550,MISSOURI,MADISON,29123.0,0.0369944412,52339.0,1205.0,0.0692446024233333,58.20486976666667,72.20523916666667,39.1875895,0.7755133333333334,76.403344475,647.2305066549906,3643.6385637911458,0,-1.5331889627558994,19.816106531388712,1.8299518215062358,3.428322054877591
1551,MISSOURI,MARIES,29125.0,0.0323834197,58983.0,409.3333333333333,-0.0003773607333333,3.3629542166666666,76.23712157142857,30.95574285714286,1.1614334285714285,66.49490192857142,684.4633515979491,4717.6277657261735,3,-0.23210647448567237,42.77108433734939,1.4158096566667615,3.525510869468505
1552,MISSOURI,MARION,29127.0,0.0311724339,60780.0,5656.125,0.014124830125,370.686119525,77.95448927586207,36.17865248275862,1.6840241724137932,69.12582476206896,674.3829149557448,4362.70880134144,1,0.5646899940946537,61.255548509828785,1.2618160672148082,1.2618160672148082
1553,MISSOURI,MERCER,29129.0,0.0279295689,55282.0,296.5,-0.0573280185,1.453820215,80.37138225,39.19214125,0.5788385,67.462407075,701.042105263158,4032.5263157894738,3,-0.2788880478518526,41.94673430564363,2.71888162953042,4.6536243746270065
1554,MISSOURI,MILLER,29131.0,0.031451425,55031.0,1979.2,0.0223547574,75.08221076,76.7737899047619,41.30166114285714,1.5005854285714286,71.28384163809524,660.7674273605908,3373.083421480052,0,-0.8887613475897983,29.835129993658843,1.6742545933343846,2.7136798399323254
1555,MISSOURI,MISSISSIPPI,29133.0,0.0377172196,48342.0,1461.75,0.0148265851,92.1215425,65.67890053846153,50.288804,0.2623259230769231,79.93657801538461,630.0841530613742,3419.224999266561,0,-2.4173541460086296,9.067850348763475,1.4685195577507353,3.74378356179485
1556,MISSOURI,MONITEAU,29135.0,0.025893611,63971.0,970.75,0.010679103575,57.401527075,77.87470758333333,30.83818791666667,0.2631969999999999,60.960298558333335,677.3608512257018,3707.428947906786,3,-0.10848266269287392,45.68801521876982,2.0986183340975,2.561415801223122
1557,MISSOURI,MONROE,29137.0,0.0321715818,54624.0,654.6666666666666,-0.0286139183333333,2.8305225466666664,74.340547,33.31503836363636,0.4594156363636363,72.19908628181818,656.460416941364,3717.860671012342,0,-1.4877328871408575,20.38681039949271,2.0774707087725752,3.8525737617661857
1558,MISSOURI,MONTGOMERY,29139.0,0.0302207131,57686.0,674.5,-0.017192210925,6.01887145,77.68256264285715,35.78918014285714,0.7622851428571428,68.91032028571429,661.5983952702703,4086.707422496025,0,-0.7686446751065475,32.244768547875715,2.101448498431339,3.322611121870422
1559,MISSOURI,MORGAN,29141.0,0.0373409442,52072.0,801.8,0.01155385732,32.718327699999996,66.98552270588235,39.77943652941176,0.104465294117647,77.13004526470588,653.6198138714734,4098.526718553063,0,-1.6330111613025349,18.579581483830058,0.7355441938461477,3.1927806146362294
1560,MISSOURI,NEW MADRID,29143.0,0.0367844093,53843.0,1971.6666666666667,0.0389803743333333,53.87485928333333,66.63012523809523,47.245851333333334,0.7983260476190476,75.66148484761905,631.4879217469929,3398.0484799631563,0,-2.16409147777415,11.889663918833229,1.4934664608152228,3.596098068753855
1561,MISSOURI,NEWTON,29145.0,0.03024401,63292.0,8102.166666666667,-0.0091779604083333,180.445100525,76.18545586666667,35.562037555555555,1.9904177777777776,68.18202066222223,668.8906131195678,4801.180466087951,1,0.707180387802901,64.36271401395054,1.5294614745159472,1.5294614745159472
1562,MISSOURI,NODAWAY,29147.0,0.0282900627,55749.0,2631.2,-0.001236672508,247.78850242000004,82.666072,40.46456144444445,0.9347780555555556,71.50281037777778,711.4502013292505,4225.879927837722,3,1.1182623018456255,73.01838934686113,2.064587580786344,2.663230700579605
1563,MISSOURI,OREGON,29149.0,0.0352605652,41462.0,716.6666666666666,0.0344782326666666,4.436783896666666,62.910250700000006,54.872215800000006,0.9565371,80.59957391,656.9466202369566,3545.369048750429,0,-2.6214779825670944,7.038681039949271,1.5983129569079755,4.353688995195465
1564,MISSOURI,OSAGE,29151.0,0.0242526791,73660.0,832.75,0.012103979075,5.59270665,80.28378154545454,24.174789181818184,0.5055208181818182,59.620830190909096,707.7962980056981,4323.787,3,0.9675234193812143,69.94292961318959,0.917818568752,3.322953856340136
1565,MISSOURI,OZARK,29153.0,0.0471035693,45234.0,727.5,0.026122141,1.9547709,59.54301399999999,46.5214241,0.5298532,82.74700774,675.0215748987854,3586.5956860098963,0,-2.7454221106415204,5.802155992390615,1.9684119631466563,4.611836927136197
1566,MISSOURI,PEMISCOT,29155.0,0.048629074,42080.0,1228.5,0.0191598894166666,92.32746008333334,63.319885526315794,49.42297363157895,0.7991917368421053,78.14375927894737,621.742087010922,3730.967290540407,0,-2.9885237889720604,3.868103994927077,1.8925256226658798,4.276779002211445
1567,MISSOURI,PERRY,29157.0,0.0251702084,64302.0,2935.4,0.0084297613,270.00348943999995,80.2617209375,30.6111793125,1.99814775,65.0802195,687.0064024138101,4000.334578740181,1,0.7840754037219719,66.07482561826252,1.8467902406285053,1.8467902406285053
1568,MISSOURI,PETTIS,29159.0,0.0311768514,55021.0,9034.181818181818,0.0101805460636363,553.0949256363637,76.81431260526315,40.44607436842105,1.0763665,72.26316617105263,665.716005729937,3688.822638061491,1,-0.09195945559831795,46.036778693722255,1.8474629459677347,1.8474629459677347
1569,MISSOURI,PHELPS,29161.0,0.030963132,53151.0,6044.2,0.01354761104,354.304432179,74.79140281081081,36.672874216216215,1.3953812432432433,69.1203236945946,679.4327097304928,4205.169562878694,1,0.17322429336786177,51.934051997463534,1.7106080458542126,1.7106080458542123
1570,MISSOURI,PIKE,29163.0,0.031730636,59147.0,1187.8,0.0196946728,127.7764301,72.99609952941177,36.72940341176471,1.0093615882352942,64.8974441117647,652.382411094824,3404.474729599422,0,-1.1589570188312954,25.396322130627773,1.4545397502169692,2.8115603326210405
1571,MISSOURI,PLATTE,29165.0,0.0257424437,96353.0,29755.05,0.03958390464,502.19589585000006,83.99248912903225,-141.00368195238096,-153.50336107936508,-104.5077473968254,672.1280110316708,4850.129395363344,1,2.921935840278218,96.19530754597336,2.468626400015281,2.468626400015281
1572,MISSOURI,POLK,29167.0,0.0308467742,56628.0,1945.25,0.00539566465,11.48200385,73.20891295454545,39.82106072727272,1.0933896818181816,71.67101045454545,664.7522730141903,4054.800567235625,0,-0.7641887366496088,32.33988585922638,1.3944089152025427,2.699167730570544
1573,MISSOURI,PULASKI,29169.0,0.0362541898,71856.0,2423.222222222222,0.0437797393444444,53.50123846555555,76.73039155172414,27.946163310344826,0.4137224137931034,76.14880042068965,668.7321020188,4729.136484255604,1,0.44004021339349925,58.370323398858595,1.964286709513041,1.9642867095130407
1574,MISSOURI,PUTNAM,29171.0,0.0307328605,51967.0,1199.0,0.0706469665,7.7199668,76.577771,43.28619,0.6289308333333333,77.12991715,703.7099056603773,4299.523584905661,3,0.014729568323130241,48.47812301838935,2.242303918072517,3.686103258801785
1575,MISSOURI,RALLS,29173.0,0.0277726002,68550.0,1181.3333333333333,0.0309675616666666,9.5105541,77.22018666666666,26.353051666666666,1.0693659999999998,62.908840166666664,653.5335171872865,3651.47398652588,0,-0.6524621574878264,34.717818642993024,1.9742941349454886,2.9864054292280526
1576,MISSOURI,RANDOLPH,29175.0,0.0350527783,59692.0,3647.3333333333335,0.0107511523333333,219.44508581666665,70.321132,40.44163761904762,0.5902426666666667,73.20146052380953,659.4441666215729,3959.766354166667,0,-0.6560713536974013,34.62270133164236,1.3940759727625431,1.9603421719615635
1577,MISSOURI,RAY,29177.0,0.0329499817,70993.0,977.0,0.009221674,37.111456825,72.978178,26.172649176470586,1.0481752352941176,57.044787011764704,646.5267084867032,3450.3871625863153,0,-1.1064662623135968,26.062143310082437,1.586217535304372,2.944766999573891
1578,MISSOURI,REYNOLDS,29179.0,0.0338110989,43674.0,689.5,0.0075546437,1.55808735,65.95371683333333,43.692815499999995,0.1652978333333333,78.76235833333334,684.7018518518519,3888.314814814815,0,-1.758764306181038,16.930881420418515,2.062305932869022,4.15843531874714
1579,MISSOURI,RIPLEY,29181.0,0.0413030832,43485.0,663.0,0.0259589359999999,13.18961021,69.31866921428572,47.39250457142857,0.3986932142857142,82.37126486428572,653.5475710611621,3698.246234906357,0,-2.2180044710821893,11.192136968928345,0.9813511302429632,3.8012727071976258
1580,MISSOURI,ST CHARLES,29183.0,0.0254817729,98765.0,48470.86075949367,0.0151666467148227,771.5487886911392,83.02951144047618,-42.30560842011834,-55.20560316568047,-5.038553295266268,675.0074753604913,4685.678774002078,1,2.8639299777925316,95.97336715282181,1.929266931668895,1.929266931668895
1581,MISSOURI,ST CLAIR,29185.0,0.0376077305,50578.0,563.0,-0.0155761105333333,2.8692477133333334,70.15109255555555,45.50943911111111,0.1576044444444444,77.23041237777778,670.7517336620516,4181.788097050666,0,-1.4856487408758468,20.481927710843372,1.8164049671681401,3.785177298393475
1582,MISSOURI,STE GENEVIEVE,29186.0,0.0280085197,71557.0,2456.5,-0.0003983640749999,54.7940872,77.35508133333333,31.1090032,0.997413,64.00286228666667,693.0823390088989,3891.4887861262728,3,0.5632378693222552,61.22384273937856,1.8041428424268584,2.1693281559495583
1583,MISSOURI,ST FRANCOIS,29187.0,0.0387478452,55578.0,6219.181818181818,0.0108030320818181,408.6881514272727,71.41734574418605,40.14111141860465,1.0281168837209302,71.47070463488372,664.8877167720779,3762.976499972729,0,-0.6567318369681522,34.59099556119214,1.727785622932888,1.998785144599487
1584,MISSOURI,ST LOUIS,29510.0,0.0368469963,55231.0,203787.78301886792,-0.0102852313383962,3643.892174792453,71.96114242339833,18.009559216666666,-26.49831775,53.548974152777774,651.572745845447,3926.8214582775263,1,0.2285447109255004,53.107165504121745,2.7545499248672987,2.7545499248672987
1585,MISSOURI,ST LOUIS,29189.0,0.0295369903,81631.0,107078.05025125628,-0.0050596638827386,1535.071296643216,79.32247164544138,10.766452157514452,-7.618865531791906,46.98523399595376,676.214574063096,4626.2967997603855,1,2.1966647355163897,91.12238427393787,1.6233254400713353,1.623325440071335
1586,MISSOURI,SALINE,29195.0,0.0295528689,53943.0,3171.5,0.01782310357875,259.77667188375,75.72188441666667,38.666059624999995,0.4745286666666666,71.01244989583334,670.4718179039849,4208.135458992535,1,-0.02330516433689527,47.49524413443247,1.853710337187988,1.8537103371879877
1587,MISSOURI,SCHUYLER,29197.0,0.038569033,52078.0,269.0,-0.0097044995499999,1.85989565,70.3596176,48.506345,1.0245,78.17241822,683.4806451612903,4030.8064516129034,0,-1.5076317060292153,20.10145846544071,2.2025470084077794,4.134693992404165
1588,MISSOURI,SCOTLAND,29199.0,0.0239651416,57063.0,1084.0,0.0696485735,55.794273995,78.61396214285715,39.36687057142857,3.420636714285714,70.6942117,708.3134090909091,4288.75,3,0.7135463670687305,64.64806594800253,2.2289252577462904,3.384842018896841
1589,MISSOURI,SCOTT,29201.0,0.0298228793,60088.0,4652.8,0.0156984615899999,161.44268404,76.03405405714285,41.10159565714286,1.3167337142857145,72.9300172,646.132284701066,3716.552860858615,0,-0.5432190512996126,36.77869372225745,1.8750595303709536,2.1614597283285213
1590,MISSOURI,SHANNON,29203.0,0.0456621005,44439.0,605.5,0.02392853105,1.661870905,71.295201875,46.134460625,0.82586925,78.786503775,672.8985729684908,3784.888424543947,0,-2.012954547551846,13.855421686746988,1.7087051505959523,4.109367463721266
1591,MISSOURI,SHELBY,29205.0,0.0270176654,56121.0,561.6666666666666,0.0098536052333333,4.166381333333333,79.25891200000001,44.89189771428572,0.2336448571428571,76.70563944285713,703.3041666666667,3444.684523809524,3,-0.38525217712599086,39.85415345592898,2.207785525328556,3.92352636270593
1592,MISSOURI,STODDARD,29207.0,0.038961039,51741.0,1788.5,-0.002117808275,162.892711975,70.79554819230769,41.17877334615385,1.215038230769231,72.92408282307693,639.9362388380077,3281.4003449384645,0,-1.8737462751980243,15.34559289790742,1.5317445501703761,3.291160238367088
1593,MISSOURI,STONE,29209.0,0.0464960571,62394.0,3018.0,-0.0115555919,20.117743766666667,71.72665675,34.862169625,1.4201784583333332,69.57389449583333,655.1130309505995,3868.35496541751,0,-1.2319737762774172,24.064679771718453,1.282401579755961,2.7912992481652643
1594,MISSOURI,SULLIVAN,29211.0,0.0329847144,51492.0,377.0,-0.0253702819999999,4.230801203333333,73.856975375,45.06021775,1.024271375,77.8867311625,684.2920737327189,4012.3877770463023,3,-1.0473513396724743,27.33037412809131,2.383885075295026,3.891833193142702
1595,MISSOURI,TANEY,29213.0,0.0490532567,54514.0,6006.5,-0.01029493809,167.188911328,76.73491088235293,36.8282885,1.4049363235294117,71.19521882058824,669.9915118848226,3717.426176384161,0,-0.6991442304111711,33.79835129993659,2.0753742129358157,2.4433007401828015
1596,MISSOURI,TEXAS,29215.0,0.0376712329,47273.0,1363.5,0.0103831627699999,5.4341283350000005,65.26254336363637,42.828883636363635,1.639164090909091,77.25366714090909,673.4451943445605,3848.535211023786,0,-1.779134026247527,16.51870640456563,1.2811467854167815,3.6210245298919723
1597,MISSOURI,VERNON,29217.0,0.0345866339,53602.0,1973.3333333333333,0.0428355896833333,172.36547085833334,77.48596422222222,40.88668966666667,0.6665054444444444,75.47951041666666,659.5422676267661,3605.450580756248,0,-0.7428607193345973,33.03741280913126,1.8320911207996682,2.5805660960580243
1598,MISSOURI,WARREN,29219.0,0.0293030623,77075.0,1498.0,-0.0079911192,33.59892482,79.85143768421052,28.444369947368425,2.4788984210526315,60.64384398947368,669.2712088538508,4112.875705619667,3,0.40563715512323456,57.26062143310082,1.9403804142272716,2.2301618552234275
1599,MISSOURI,WASHINGTON,29221.0,0.0380277473,49510.0,1623.2,0.04760166588,38.203300874,63.97000221052631,44.66552068421053,0.6350445263157894,77.09096526842104,641.9441114027126,3106.9390346485716,0,-2.5381909365429083,7.958148383005708,1.6898260719274667,4.013500023517447
1600,MISSOURI,WAYNE,29223.0,0.04489455,41315.0,622.0,0.1436751884,6.204907862500001,64.91210553333333,49.8492378,0.619088,79.92285258666668,659.5248953777385,4965.953191804205,0,-1.7805918279699238,16.455294863665188,4.452557015750154,5.6970391421972435
1601,MISSOURI,WEBSTER,29225.0,0.0273603947,69841.0,1224.375,0.0155011623875,24.194014725,69.66462278260869,33.13416713043478,1.2190958695652174,67.75858092173912,662.5476328052702,4033.106602557229,0,-0.5636071834061976,36.23969562460368,1.6124397771311791,2.584583454118247
1602,MISSOURI,WORTH,29227.0,0.024822695,50765.0,361.0,-0.015362507,1.5303079,88.23389233333334,33.02524833333334,1.14941,69.30147046666666,703.809375,4394.15625,3,0.4659905279115137,58.941027266962585,1.885091226223255,4.426271835666086
1603,MISSOURI,WRIGHT,29229.0,0.0349686848,47612.0,957.0,0.0218805114999999,14.321756762499998,65.07485415789473,50.51417210526316,0.5499986842105263,82.80944784736842,661.0287030039104,3545.3667282218985,0,-2.079006514326443,13.031071655041218,1.0261645489027618,3.68684829953214
1604,MISSOURI,DE KALB,29063.0,0.0285147533,63946.0,1841.0,0.0245079775,8.11406255,70.9681368,29.0034631,0.8112355000000001,63.75686091,689.0583680161568,4320.485916926481,3,-0.0811090834279572,46.290424857324034,1.6757236829741595,2.7646954519567952
1605,MONTANA,BEAVERHEAD,30001.0,0.0244230769,63084.0,1916.0,0.0237116102333333,69.88272911133333,82.04939125,38.164507375,0.904256,79.2943620625,699.8561064837908,4480.594451826814,3,1.153708585028254,73.87444514901712,1.192204091670503,2.4472835600361096
1606,MONTANA,BIG HORN,30003.0,0.0435729847,51259.0,867.4,0.0855404331539999,0.7791058329999999,70.36511427272727,41.90318027272727,0.8480755454545456,67.30871096363636,647.5669109800764,3520.6830011040665,0,-2.3617761733096843,9.63855421686747,2.576682538151942,4.687406797062572
1607,MONTANA,BLAINE,30005.0,0.0357798165,56865.0,457.6666666666667,-0.0163888273249999,0.2489338225,68.462148,42.0410685,1.4307525,76.42907905,651.3634332579186,3429.046178086619,0,-2.3203172251430906,10.145846544071022,2.0737977815567645,4.469162134046127
1608,MONTANA,BROADWATER,30007.0,0.0354759396,72933.0,1236.0,0.0132731214999999,49.958946710000006,81.42951675,31.6395685,1.4535915,78.1027813,702.1644576354962,5171.230111387306,3,1.4477739497798345,79.29613189600508,1.2800923548807086,2.738262738195667
1609,MONTANA,CARBON,30009.0,0.0275229358,72463.0,454.0,0.02062747862,19.034201642000003,83.97517963636363,29.497797272727272,1.224089909090909,75.78427019090908,690.4089700996678,4558.438123466441,3,0.9193830281669522,68.80152187698161,0.8401178588677511,3.0386727034284395
1610,MONTANA,CARTER,30011.0,0.0203488372,55704.0,184.0,-0.014566174,0.050886746,80.678678,38.3528515,0.9775015,78.44537349999999,732.05,4536.0,3,0.6165138036248065,62.618896639188335,2.4762095294674364,5.224280080871287
1611,MONTANA,CASCADE,30013.0,0.0287168579,65018.0,19328.0,0.0060509466954545,1007.3188739095456,80.80768895833334,34.02685984722222,1.5713519444444444,76.97337939722223,671.7187534953453,4608.218511502841,1,1.3600664124375503,77.93278376664553,1.1441170724437961,1.1441170724437961
1612,MONTANA,CHOUTEAU,30015.0,0.0315117671,61903.0,539.5,-0.00295741585,0.34847994,78.08663183333333,37.82879233333333,2.7074223333333336,77.34798431666667,672.4378078078079,3711.7617217217216,3,-0.9329157317793656,29.137603043753963,2.3511497722414245,3.856221404252038
1613,MONTANA,CUSTER,30017.0,0.027940943,58850.0,3914.3333333333335,0.05297768135,655.0616546766668,82.37816757142856,36.5047605,1.4507842142857144,78.69465037857142,686.5168721405036,4271.980244956214,1,1.0137659158016121,70.83069118579581,2.106223113941753,2.1062231139417524
1614,MONTANA,DANIELS,30019.0,0.0194508009,56695.0,661.0,0.055944301,0.49785957,87.847006,32.1057115,1.3980865,74.2209053,733.8,5650.5,3,2.117383540723505,90.13950538998098,2.9200834505917483,5.367547093096286
1615,MONTANA,DAWSON,30021.0,0.025868096,60663.0,2417.0,-0.0167835733666666,33.858082589333335,83.71892181818181,27.85791427272727,1.5610690909090907,70.98703522727273,708.3273994935859,4405.646198496201,3,1.1985868885322575,74.79391249207356,1.464273066001943,2.9302499791547048
1616,MONTANA,DEER LODGE,30023.0,0.0275950292,56648.0,1581.0,0.005713682,18.274403433333333,74.41577063636363,42.366420909090905,1.8296288181818183,79.66645085454546,672.4126054169268,4125.078831922913,0,-0.4299465153559289,38.93468611287254,1.7558794193664091,2.6185839641277187
1617,MONTANA,FALLON,30025.0,0.0171044594,66776.0,1447.0,0.029202007,0.9489305,91.11662966666664,32.247104,2.4262783333333333,69.8472201,729.4000000000001,5751.5,3,2.7976598390577307,95.75142675967025,2.711666744492253,5.032473161484776
1618,MONTANA,FERGUS,30027.0,0.03054221,63717.0,1904.0,0.0134330595,155.77312100999998,83.85596283333334,38.250298,2.4666876666666666,74.93667983333333,687.070500597716,4350.455129598898,3,0.9035176450493821,68.51616994292962,1.5969478399879624,2.00874897951327
1619,MONTANA,FLATHEAD,30029.0,0.0347499675,74150.0,7907.9473684210525,0.0214197063421052,623.3423009021053,80.3057172173913,31.813938942857146,2.829984942857143,76.39106412857143,678.0909083805873,4249.409431366795,1,1.100605198752944,72.70133164235891,0.8448368473404891,0.8448368473404891
1620,MONTANA,GALLATIN,30031.0,0.0209886426,90942.0,19061.0,0.0321212328636363,895.5136058518182,86.57304315,27.57560983333333,4.700784516666667,67.79784710999999,696.37600568857,4351.578303125414,1,2.871775926080153,96.00507292327204,2.200088996278226,2.200088996278226
1621,MONTANA,GARFIELD,30033.0,0.0336473755,53069.0,238.0,0.00091116678,0.052402426,86.564626,38.115632,0.214133,64.882225,732.2,5207.0,3,1.0140952410445747,70.89410272669626,2.4759396781504703,5.255563123116939
1622,MONTANA,GLACIER,30035.0,0.0542757417,51416.0,973.0,0.01587153725,32.397319007,77.2739088,36.74406046666666,1.4419726000000002,65.12796803333333,656.7418429637265,3322.1396195310317,0,-1.8733720078638283,15.377298668357643,1.7738146530307441,3.6580286456197597
1623,MONTANA,GOLDEN VALLEY,30037.0,0.0288713911,47927.0,180.0,0.079426646,0.16080426,79.723502,40.432099,0.617284,83.3333282,711.65,5216.0,3,0.24689273257839156,53.519340519974634,2.965100185190981,5.2923451795814715
1624,MONTANA,GRANITE,30039.0,0.0406599882,65695.0,675.0,-0.0050584162,0.35949668,79.25228533333335,35.440007,0.816668,77.77490236666667,713.9328125,4774.1328125,3,0.4087204503877218,57.29232720355104,1.7130848650978867,4.1045871645694385
1625,MONTANA,HILL,30041.0,0.0248138958,51435.0,2682.1666666666665,0.0530723521666666,111.301447505,79.15082884210526,37.11027268421053,1.0275356842105263,73.91049595789474,664.1611021899901,3558.6879516412737,0,-0.3875622915738669,39.79074191502854,2.4688746072395222,2.8284461110966252
1626,MONTANA,JEFFERSON,30043.0,0.0290612245,85163.0,2550.6666666666665,-0.0076250842333333,2.7630906,78.463823,23.7790217,2.6121009,66.02327385,674.2944465559298,3686.411629472948,3,0.23353890852742756,53.17057704502219,2.4513111556362714,3.0170926984187476
1627,MONTANA,JUDITH BASIN,30045.0,0.0277777778,57166.0,349.0,0.0068922462,0.19627547,75.575217,35.340151000000006,1.6243375,76.71995925,729.7425000000001,5527.9875,3,0.8885335316078621,68.19911223842739,2.4645275261704263,5.034244490358212
1628,MONTANA,LAKE,30047.0,0.035921448,60882.0,984.0,-0.0193352075775,7.1585793175,73.84465776,40.193005320000005,0.85874324,70.015813304,681.9138628617951,3992.352252449374,0,-0.6761903522746838,34.21052631578947,2.0214766088381952,3.1515557304824746
1629,MONTANA,LEWIS AND CLARK,30049.0,0.0258317834,76816.0,12338.42857142857,0.0521295488571428,471.86241413357146,85.50125092156863,24.403947215686276,1.8012853725490197,66.22249026862745,680.0526021553667,4348.068276893963,1,1.8737799668432733,86.93722257450857,1.71920863687954,1.71920863687954
1630,MONTANA,LIBERTY,30051.0,0.0247524752,60846.0,471.0,0.0029741528,0.3181718,63.0648405,39.490026,2.248394,76.708271,737.1500000000001,5169.0,3,0.3128885218872364,55.199746353836396,3.2210173161563342,5.224454206012946
1631,MONTANA,LINCOLN,30053.0,0.0524379025,51941.0,894.2,0.01855288946,227.42183465,70.04518894117646,47.41521494117647,1.5654076470588236,82.71685632941177,687.1375076638824,4183.120031422847,0,-0.9913141019587364,28.218135700697527,2.0908848526154107,3.104092551392529
1632,MONTANA,MCCONE,30055.0,0.0203045685,56696.0,489.0,0.0,0.19635497,88.024896,30.037025,1.9253685,72.14865495000001,722.05,4724.0,3,1.229382258815648,75.30120481927712,1.9353702681700955,4.76273034259659
1633,MONTANA,MADISON,30057.0,0.0303764033,73316.0,1025.0,0.0449863739999999,0.67058695,85.59302085714286,34.082598857142855,2.7385874285714285,71.50654984285714,708.5755668355515,5097.627807395645,3,1.4843138703413024,80.05707038681041,1.5848577576430838,4.014371164899314
1634,MONTANA,MEAGHER,30059.0,0.0256916996,55193.0,505.0,0.0081396736,0.19607736,80.53623999999999,39.453376,1.968388,86.05857465,716.2,4795.5,3,0.5613035285184802,61.1287254280279,1.578191640716474,4.413862291203668
1635,MONTANA,MINERAL,30061.0,0.0494680851,58832.0,522.0,-0.0054012405,0.7797759200000001,63.51431875,41.25563775,0.579143,87.0074463,703.4244094673442,3885.969038208169,0,-1.6647709955473946,18.230818008877616,2.817997911352129,4.5447289240707835
1636,MONTANA,MISSOULA,30063.0,0.0285032883,72882.0,30657.2,0.0081143694,1848.4544489345,83.10837719736843,33.696957302631574,2.579918315789474,71.96044377631578,686.8167191381111,4656.727547205107,1,2.160591920644296,90.71020925808497,1.439425822132329,1.4394258221323293
1637,MONTANA,MUSSELSHELL,30065.0,0.0305439331,55991.0,679.0,0.090797818965,36.70164593,74.2749936,36.0535912,0.4269794,61.36735610000001,703.9311980135866,5053.548159316638,3,0.5377854059090574,60.49461001902346,2.811161987905498,3.9520333915350836
1638,MONTANA,PARK,30067.0,0.0285352552,63958.0,1410.3333333333333,-0.0228608056666666,123.52879535016666,80.67181652941177,-555.8711084705882,-585.9623305294118,-513.7964881470589,678.195326445076,4188.604893692422,2,1.3499798512293513,77.74254914394419,2.2141776141996856,6.921080706386166
1639,MONTANA,PETROLEUM,30069.0,0.0326086957,50164.0,68.0,0.01791963,0.053176351,81.661891,39.516129,2.016129,81.8548355,720.55,4303.5,3,-0.30745105956405433,41.31261889663919,2.5690474992895367,5.27134812940542
1640,MONTANA,PHILLIPS,30071.0,0.0420215786,53212.0,1070.0,-0.0017921531,0.21517363,72.74299575,36.82871675,1.05215175,69.132766725,683.9538793103449,3918.603448275862,0,-1.3069542755736476,23.018389346861127,2.151025630955409,3.8791868438953983
1641,MONTANA,PONDERA,30073.0,0.0286036884,47659.0,772.0,0.01315722655,1.052698885,78.86707485714285,36.452652,2.420887857142857,78.23029328571428,677.4969681057798,3910.4898058821022,3,-0.8730868037276392,30.152187698161065,2.17156686007744,3.8032035481965534
1642,MONTANA,POWDER RIVER,30075.0,0.0245579568,56746.0,470.0,0.020730421,0.12949997,82.0278765,34.9280385,2.6907985,66.9622879,730.3,5189.0,3,1.191696686713484,74.63538363982245,2.083553017981554,4.8722991830323945
1643,MONTANA,POWELL,30077.0,0.0300100033,61354.0,1123.5,0.0178706194,2.6614540179999997,77.854582,,,-1188.483386525,676.1840523910569,3884.113806636033,3,-0.4178998109604619,39.1566265060241,5.7440920979562975,6.148871549726368
1644,MONTANA,PRAIRIE,30079.0,0.0252225519,52555.0,221.0,-0.0049269074,0.12667432,69.740634,40.839695,0.763359,84.3511429,733.75,5461.0,3,0.4126183211374906,57.38744451490171,3.049141750580886,5.450087416918951
1645,MONTANA,RAVALLI,30081.0,0.0305237132,70624.0,1049.4,0.01068922484,6.474762788,74.46882351612902,36.96099754838709,2.074248064516129,76.22998292903226,682.8954562046919,3936.4090425153113,3,-0.23140301268518684,42.83449587824984,1.7213099667049194,2.8714279144056842
1646,MONTANA,RICHLAND,30083.0,0.0263157895,74540.0,1496.75,0.10792391675,24.5624175775,88.67183575,28.767247625,3.58586425,64.300165175,699.3864637357888,4488.821112612811,3,1.6867951109547088,83.79835129993658,3.0774707118537497,4.002507608514896
1647,MONTANA,ROOSEVELT,30085.0,0.0384074941,51596.0,1160.6666666666667,0.023105229,1.5969038666666666,62.31020390909091,35.340121818181814,1.5334226363636363,67.30527878181819,665.6163798701299,3961.8234618506494,0,-2.0336029627104213,13.474952441344323,1.4698463670912794,3.9418402507653245
1648,MONTANA,ROSEBUD,30087.0,0.0341736695,60218.0,968.75,0.03263411325,13.6134424225,74.235210875,31.937158875,1.264797375,71.789565575,650.916502068334,3471.8063573639006,0,-1.379559470024735,22.03551046290425,1.3626731131636869,3.2351712968652655
1649,MONTANA,SANDERS,30089.0,0.0482146094,54599.0,765.3333333333334,0.0001723701,0.7915675066666666,70.34593609999999,48.7198697,0.2447372,79.76445770000001,687.4170944269922,4000.0698061506505,0,-1.4871715003371024,20.41851616994293,2.1636603064183895,3.9989307568887322
1650,MONTANA,SHERIDAN,30091.0,0.0226218097,58094.0,661.5,0.071633037,0.83430491,88.3090538,33.8775486,2.391238,71.5768959,729.1561170212766,5541.890957446809,3,1.984071425596928,88.17374762206721,2.9069046011617212,5.235993883366257
1651,MONTANA,SILVER BOW,30093.0,0.0336573174,58406.0,11549.5,0.0073760655999999,868.3687807375,78.68392437837838,39.22278324324324,1.235685837837838,78.74642665405405,684.2478627345325,4299.92253637226,1,0.8335951151152258,67.15282181357007,1.3752022028045572,1.3752022028045572
1652,MONTANA,STILLWATER,30095.0,0.024123214,81392.0,953.3333333333334,0.0102733936666666,2.49244755,82.02041942857143,27.33958914285714,2.10528,66.74978964285715,695.1071910755148,4387.193830311565,3,1.0558652165262918,71.6867469879518,1.1389240812777017,3.306830418509826
1653,MONTANA,SWEET GRASS,30097.0,0.0230487166,70052.0,1320.0,-0.021816121,0.6382044,83.7347398,36.9849668,0.6172839999999999,76.09711154,730.3911764705882,5698.970588235294,3,2.227923810947679,91.56626506024097,2.54002172500624,4.84551107881501
1654,MONTANA,TETON,30099.0,0.0294012191,71393.0,540.3333333333334,-0.0064343003333333,0.8377069033333333,75.786652,33.97363014285715,1.630674857142857,75.10690252857144,702.4600829725829,4662.215999278499,3,0.3826153152865324,56.59480025364616,1.3619373715731344,3.798041867266644
1655,MONTANA,TOOLE,30101.0,0.0215414074,52399.0,557.0,-0.0621974771333333,29.406406536666665,75.497945,,,-1184.7512579,681.9168525364101,4165.174916261735,3,-0.24663672279067414,42.4857324032974,6.183203695076473,6.5675597052658325
1656,MONTANA,TREASURE,30103.0,0.0265486726,61560.0,239.0,-0.1282447,0.23531868,76.072235,36.904762,0.892857,80.0595245,713.5,4702.5,3,0.15255278932046373,51.39505389980976,4.629501651761651,6.251751777295761
1657,MONTANA,VALLEY,30105.0,0.0247349823,63507.0,953.3333333333334,-0.0004054625333333,84.42749646866666,82.46648025,31.18925475,0.966146875,73.1864991125,669.9255646758703,4254.696101440576,3,0.4154069876536503,57.514267596702595,1.8492704404023528,2.420977687050235
1658,MONTANA,WHEATLAND,30107.0,0.0397350993,47545.0,488.0,0.0031037237,0.35764602,75.04884,44.689529,0.0,79.3581581,712.8,4761.5,3,-0.40450229452567826,39.34686112872543,2.1972268577183267,4.4577135310724145
1659,MONTANA,WIBAUX,30109.0,0.0274599542,56108.0,273.0,0.0052266023,0.26988581,83.556405,33.333333,2.380952,61.1111107,728.05,4885.0,3,0.8675214910098945,67.85034876347495,1.9788741135814465,4.868372982776087
1660,MONTANA,YELLOWSTONE,30111.0,0.0260401315,70221.0,41586.25,0.016279571503125,1451.8278810228126,84.02081272321428,28.618330089285713,2.558558044642857,69.59514436071429,674.2145372824319,4191.897298871912,1,1.7429416833089695,84.90805326569436,1.4431597367815632,1.4431597367815634
1661,MONTANA,YELLOWSTONE NAT PARK PT,30113.0,,,,,,,,,,,,0,-0.16204043214131844,44.388078630310716,1.6232589875346852,1.8431424092055635
1662,NEBRASKA,ADAMS,31001.0,0.0208418234,66695.0,9791.888888888889,0.0145223074999999,1182.0552310777778,85.80895086206895,29.044130068965515,2.889357689655172,58.10704245172414,681.0736353351671,3859.0252748343846,1,1.4953809373888407,80.3424223208624,1.9442787230666296,1.9442787230666296
1663,NEBRASKA,ANTELOPE,31003.0,0.0190611664,65907.0,654.0,0.0260392061766666,32.98410164,83.6757765,35.61387325,1.168707375,77.825167675,723.1411182362117,4692.160038300225,3,1.7052548225705702,84.27393785668991,1.5056888501662502,3.6948366563872286
1664,NEBRASKA,ARTHUR,31005.0,0.0275229358,54974.0,76.0,0.033021033,0.099251427,87.364621,27.777778,2.222222,81.1111069,720.6500000000001,6820.0,3,1.872993710314044,86.8421052631579,4.124366233796012,6.5169837139769005
1665,NEBRASKA,BANNER,31007.0,0.0287206266,67307.0,154.0,0.032481033,0.24124999,86.282306,48.220065,0.323625,69.902916,726.1,5047.5,3,1.2573683076654953,76.03043753963222,2.1565244291713785,5.035450405351917
1666,NEBRASKA,BLAINE,31009.0,0.036437247,52512.0,99.0,-0.022145867,0.14489205,86.885246,37.295082,0.409836,80.7377014,721.5,6711.0,3,1.516488049522242,80.94483195941662,4.110046529726514,6.4259433125577585
1667,NEBRASKA,BOONE,31011.0,0.0165652468,66345.0,2156.0,0.0260072938,54.1134086,90.1610272857143,30.378051571428575,3.6865167142857143,77.56734792857142,743.0044642857142,5317.508928571428,3,3.163973960111836,97.2415979708307,2.7423944506963713,4.4166290994766975
1668,NEBRASKA,BOX BUTTE,31013.0,0.0216195714,66613.0,1253.3333333333333,0.0072663362666666,24.336788713333338,82.65032033333334,34.59952375,1.1207674166666666,63.602335458333336,673.2531604488768,4283.935370762524,3,0.5821122892105175,61.76284083703234,1.4883378539626704,2.570283449348962
1669,NEBRASKA,BOYD,31015.0,0.0237859267,49077.0,485.0,0.0098377718,0.92232472,84.5531365,35.9522345,1.4044945,74.4671898,733.7631578947369,4642.210526315789,3,0.9303332360882258,69.11857958148383,2.1635525018929385,4.853899184451124
1670,NEBRASKA,BROWN,31017.0,0.0253439537,58896.0,1084.0,0.0014617038,0.87772948,82.696347,43.231731,1.1024645,77.21842194999999,729.3934782608695,5415.565217391304,3,1.5934636939787294,82.33988585922638,2.0372184269721925,4.594660796833144
1671,NEBRASKA,BUFFALO,31019.0,0.0184375328,76686.0,14329.90909090909,0.0184875743636363,987.6774417636364,88.72019615789475,30.652256921052633,1.658963631578947,60.18036842105263,688.7143512349388,4395.557237348125,1,2.5138388899433735,93.88078630310717,2.073003835467143,2.073003835467143
1672,NEBRASKA,BURT,31021.0,0.0248236953,67113.0,547.6666666666666,0.017629787,3.537233033333333,83.25692716666667,31.04263366666667,2.361165,74.37184016666667,703.9561814393886,4604.7485906504,3,0.9231220271296232,68.96005072923272,0.67552046383067,3.6142947167432284
1673,NEBRASKA,BUTLER,31023.0,0.0167922497,74710.0,1547.6666666666667,0.01766072,20.35033852,83.28237542857143,23.98801457142857,1.9962322857142856,70.6662058142857,712.2983238139681,4125.286112678493,3,1.569406649419933,81.83259353202283,1.560083123628528,3.215589688611665
1674,NEBRASKA,CASS,31025.0,0.0232302506,83291.0,1201.0,0.0150532722,20.990604566666665,83.85116852380952,18.314857095238093,3.155082904761905,61.694587880952376,664.3924267685899,4623.258950423962,3,1.1202919417619572,73.05009511731136,1.872719550459783,2.6055057496427896
1675,NEBRASKA,CEDAR,31027.0,0.0179265659,69895.0,1244.5,0.01113198175,3.2692127500000003,87.07614844444444,33.461740999999996,2.393115777777778,75.84733539999999,730.2671060887923,4866.906063526557,3,2.1516403105154964,90.51997463538363,1.7858202149393272,4.2611922869473755
1676,NEBRASKA,CHASE,31029.0,0.0166142793,67334.0,1603.0,0.017987257,1.8704879,89.230086,33.830596,0.72649575,78.775049225,700.4526376376376,4464.226156156156,3,1.4911511483780264,80.24730500951172,1.4856921527656166,3.7646925637628943
1677,NEBRASKA,CHERRY,31031.0,0.0187198068,55132.0,1027.5,0.0146697692499999,0.791994633,90.24776942857144,31.520985,3.016646142857143,61.61694444285714,673.4673039773733,4501.359054401756,3,0.58338032255892,61.79454660748256,2.031032014005887,3.983292561546412
1678,NEBRASKA,CHEYENNE,31033.0,0.0241286863,60177.0,3307.3333333333335,0.0036954625333333,217.6358412666667,89.8262396,25.2469365,2.4123013999999996,69.27231637,697.0703317232034,4703.087062299678,3,1.8528510011341155,86.33481293595435,1.9813125245323129,2.591618044163973
1679,NEBRASKA,CLAY,31035.0,0.0241751062,67568.0,1037.0,0.0162988452,3.3664384000000003,85.03517142857143,30.41578357142857,1.9964167142857143,76.37030248571429,712.2518435960019,4763.027409172597,3,1.411095960047261,78.66201648700063,0.8546446586469948,3.6568787131662375
1680,NEBRASKA,COLFAX,31037.0,0.0180072029,70792.0,1780.0,0.0240793798666666,49.92717406666667,86.6996532,29.9866,1.7111459,60.56363716,709.0158964101123,4880.503935484993,3,2.1580065324658007,90.58338617628408,1.4467728782758942,3.0964325570617928
1681,NEBRASKA,CUMING,31039.0,0.01875,65814.0,1214.0,-0.0130867226333333,9.543232666666666,86.14242937499999,29.967817125,1.74318175,76.153676975,725.6794341462047,5502.398553532887,3,2.364489371794697,92.83449587824984,2.1040516035719876,4.300099258116969
1682,NEBRASKA,CUSTER,31041.0,0.0171755725,65151.0,1045.25,0.02566383755,41.04326026,86.35688769230771,29.380019076923077,0.8924451538461539,65.42944072307692,705.7941789647225,4406.157066789446,3,1.5365122441487928,81.32530120481928,1.404960669810856,3.2057041875984296
1683,NEBRASKA,DAKOTA,31043.0,0.026630187,70126.0,32197.75,0.0120622562499999,423.94061175,84.34685346153846,29.06175307692308,0.9210376153846156,64.23022166153847,670.9279410405551,3872.263829178297,1,1.302885689640408,76.85478757133798,1.5126128465644044,1.5126128465644046
1684,NEBRASKA,DAWES,31045.0,0.0200924252,54925.0,1549.5,-0.015161915165,48.34585848,84.89108075,42.162675375,0.66971975,69.3658375875,683.5598539166274,4081.2304088027463,3,0.5782663668442097,61.63601775523146,1.9863803770377597,2.956994211451082
1685,NEBRASKA,DAWSON,31047.0,0.0238306035,67619.0,2750.8571428571427,0.0210723192714285,136.47568897142858,83.9702575652174,30.318123347826084,0.6706056956521739,63.888558078260864,687.7624207583674,4475.974751687549,3,1.3468308885665743,77.61572606214331,1.579606557705328,1.9672783919689776
1686,NEBRASKA,DEUEL,31049.0,0.0262605042,58676.0,479.0,0.020204213,1.1867654,86.6507655,35.462909499999995,2.29487,67.44182585,697.1366666666667,5180.366666666667,3,0.9755072418345604,70.06975269499048,1.3969379212263633,4.1424006403450555
1687,NEBRASKA,DIXON,31051.0,0.02002002,67521.0,406.0,-0.038827531,1.7809061000000002,85.08290128571427,29.38673714285714,1.1742457142857143,60.831764757142864,708.4173420227871,4917.5504285646175,3,1.2944055361328668,76.69625871908687,2.0029966685862015,4.459327991657784
1688,NEBRASKA,DODGE,31053.0,0.0219055414,66833.0,10568.111111111111,0.0003474963444444,612.9966436777778,86.2546256875,30.3962349375,1.33495928125,65.252368509375,684.7164463287321,4453.124935851944,1,1.8566300137316578,86.49334178820546,1.789407771243316,1.789407771243316
1689,NEBRASKA,DOUGLAS,31055.0,0.0256337421,77747.0,127395.3717948718,0.0184617607207692,2038.440518179487,82.56841381287727,-11.785567913480884,-36.02555964788732,26.373063404225352,670.6071977359887,4102.086221153881,1,2.075902787409672,89.50538998097653,1.7969295165355879,1.7969295165355879
1690,NEBRASKA,DUNDY,31057.0,0.0170648464,55818.0,513.0,0.0077922358,0.62848085,82.94372566666667,34.08178566666667,3.166926666666667,80.33410646666665,715.9778846153846,4334.509615384615,3,0.6953265046723225,64.14077362079898,1.7854460316848326,4.4554269438275265
1691,NEBRASKA,FILLMORE,31059.0,0.0190504989,69021.0,1027.0,0.012024514,3.583233,89.493179,28.131359600000003,1.4690936,73.35087128,705.4270841694303,4892.682261263404,3,1.8078129450566116,85.76410906785034,1.2768817240207622,3.828765493627804
1692,NEBRASKA,FRANKLIN,31061.0,0.0211640212,58346.0,345.5,0.0140927643,1.193375665,86.4186995,34.463749500000006,2.1929295,75.751029975,719.4546875,4956.7109375,3,1.2632285676860713,76.12555485098288,1.683539672005924,4.596981242747354
1693,NEBRASKA,FRONTIER,31063.0,0.0204350692,62676.0,715.0,-0.059103221,0.67720646,82.51367333333333,28.518928666666667,1.0774763333333333,75.88903553333334,723.2099137931034,5163.011360671016,3,1.4450447958523727,79.16930881420419,2.7796049914806256,5.011411006986287
1694,NEBRASKA,FURNAS,31065.0,0.0185933711,59530.0,1792.0,0.025381751,2.4237552,83.0833135,38.42076133333333,1.7678983333333331,83.88633981666668,698.4799160945844,4690.24118993135,3,1.0140926532148606,70.86239695624603,1.18822124132263,3.5192787067943474
1695,NEBRASKA,GAGE,31067.0,0.0258723874,66947.0,4953.428571428572,-0.0035829495914285,288.6792069857143,83.12370295454546,34.891684318181824,1.455174272727273,65.02698829090909,692.0727074800374,5012.289555199315,1,1.80917646977545,85.79581483830057,2.0141100561190184,2.0141100561190184
1696,NEBRASKA,GARDEN,31069.0,0.0203703704,44135.0,566.0,0.0092495279,0.29513878,87.8862355,30.174093,1.5789475,82.66897965000001,726.2102272727273,5038.034090909091,3,1.177233694399077,74.28662016487002,2.395303685325686,5.080148969770983
1697,NEBRASKA,GARFIELD,31071.0,0.0197663971,51135.0,732.0,0.013817341,1.2688886,83.4821745,30.505179,1.5898355,74.97169115,735.0232142857143,4623.392857142857,3,1.1423511848660497,73.65250475586556,2.1395336210371987,4.728624436446739
1698,NEBRASKA,GOSPER,31073.0,0.0215703192,73056.0,421.0,-0.0026675046,0.89707631,84.581506,28.572916,2.039528,81.5092125,691.3017841458059,4540.874407114624,3,0.8357355430899505,67.18452758402029,1.3270524567301605,3.904348241729356
1699,NEBRASKA,GRANT,31075.0,0.0149625935,63607.0,199.0,0.0279018,0.25250444,83.611111,37.037037,0.0,69.958847,730.25,4485.0,3,1.1381149021449757,73.5573874445149,2.3290150015643127,5.100013516179416
1700,NEBRASKA,GREELEY,31077.0,0.0199501247,60686.0,630.0,-0.00067659206,0.86168927,87.841226,35.111004,0.965251,67.65068435,739.6198863636364,5651.9375,3,2.3005968655737745,92.29549778059607,2.716520787361548,5.2884530903004086
1701,NEBRASKA,HALL,31079.0,0.0231806897,69725.0,21002.0,0.0111198141357142,804.52978055,86.81724319148935,28.39689646808511,1.7634174468085109,63.296974144680846,679.5242098326969,3973.332051632976,1,1.7223638643725705,84.55928979074191,1.7442660306436002,1.7442660306436002
1702,NEBRASKA,HAMILTON,31081.0,0.0193353474,84805.0,1144.0,0.0209035598666666,30.01849163333333,86.16014411111111,22.557462444444443,3.215739,65.4504051,706.6851083022402,4525.415374085836,3,2.08553293856785,89.60050729232721,1.524261940796919,3.1403628984792715
1703,NEBRASKA,HARLAN,31083.0,0.0188571429,63159.0,784.0,0.008649827,1.3081201,85.69555733333334,30.564430666666667,1.75473,78.84026593333334,726.9836538461539,5356.471153846154,3,1.949816772205152,87.856689917565,1.9765622499408793,4.635162565182294
1704,NEBRASKA,HAYES,31085.0,0.0155172414,59966.0,202.0,0.039091617,0.29310215,88.047138,26.588235,2.352941,81.6470566,743.55,5269.0,3,2.00630679335229,88.55421686746988,2.9917204828491073,5.721069423621251
1705,NEBRASKA,HITCHCOCK,31087.0,0.026645768,55551.0,686.0,-0.0031817288,0.91979218,84.8975795,33.685927,0.16666675,69.3336401,695.6948529411765,4573.568593171534,3,0.42680558091185894,57.863031071655044,1.283143530134955,3.9019279273028613
1706,NEBRASKA,HOLT,31089.0,0.0178126113,65815.0,1006.75,0.0174850452999999,15.92706773,89.26373641666667,30.93022691666667,2.4934155,74.389108325,719.6320134401426,5571.140557311381,3,2.5394784805816846,94.0710209258085,2.0510058546097607,4.211143408237844
1707,NEBRASKA,HOOKER,31091.0,0.0252808989,53010.0,286.0,-0.028138496,0.33142844,93.085106,38.095238,1.70068,73.1292572,735.3,5949.5,3,2.1585939202173114,90.61509194673431,3.4769494071468032,5.995017982983362
1708,NEBRASKA,HOWARD,31093.0,0.0190124858,68795.0,742.0,0.0060081595,2.4638771200000003,86.56682333333333,28.169062333333333,1.5175790000000002,61.6333027,709.7512442024603,4827.5444646098,3,1.571124422986779,81.86429930247306,1.189457260758377,3.949432235680725
1709,NEBRASKA,JEFFERSON,31095.0,0.0196407186,63707.0,3127.0,0.0167112918666666,222.42167039999995,87.98928466666666,34.26796733333333,1.5661723333333335,66.41853395,698.2361256992048,4967.792204318767,3,2.132066742582441,90.39315155358275,1.9597568372688539,2.6619230582091604
1710,NEBRASKA,JOHNSON,31097.0,0.03125,64134.0,798.5,0.0049328052,7.52853024,73.72440850000001,35.0430445,1.1021575,65.76453302499999,709.8502884615384,6092.461263736263,3,1.2715873652788343,76.37920101458465,2.5100190566487166,4.263048320092595
1711,NEBRASKA,KEARNEY,31099.0,0.0172367358,77458.0,2224.0,0.0145711925,45.66467645,89.6091662,20.8309486,3.4148328,68.85386658,709.2674871670588,4260.323512192276,3,2.1890360288395487,90.99556119213696,1.8444055565067183,3.123672611224167
1712,NEBRASKA,KEITH,31101.0,0.0184742447,57160.0,1754.6666666666667,-0.0030984893333333,846.8303814566666,87.59402066666667,33.58840333333333,1.2762166666666666,64.4883473888889,702.781772645757,5196.134538595085,3,2.208006682949362,91.31261889663918,2.60138715509402,3.2061735527609785
1713,NEBRASKA,KEYA PAHA,31103.0,0.0218181818,52077.0,140.0,0.043836076,0.16557319,84.32304,40.379404,1.084011,75.6097565,738.1500000000001,5055.5,3,1.098063648210969,72.60621433100825,2.815617003404987,5.593430042808092
1714,NEBRASKA,KIMBALL,31105.0,0.0201863354,59686.0,1429.0,-0.0040503386,1.4119931,84.51910699999999,31.2544235,1.44780975,67.37348175,697.609642046284,5794.397064363801,3,1.6326810001605412,82.94229549778059,2.1082509477456135,4.270220200558249
1715,NEBRASKA,KNOX,31107.0,0.0215621562,60057.0,866.0,0.0056266091333333,2.5440061000000003,85.843774,36.52827366666667,1.5074883333333335,68.85820706666667,689.2134975531716,4289.52070057272,3,0.5666626234223127,61.31896005072923,1.2657012334168734,3.5713989370420944
1716,NEBRASKA,LANCASTER,31109.0,0.0211593358,71171.0,87635.37837837837,0.0189187777978082,2185.6415567175673,85.61100612935323,-119.5359252039801,-146.42265611442787,-80.31220266965174,676.5321349555778,4129.560039123865,1,2.4096681743361916,93.18325935320229,2.400813134797068,2.400813134797068
1717,NEBRASKA,LINCOLN,31111.0,0.021607794,63632.0,7385.0,0.0033064151625,450.30089661125,83.38361991428572,31.291321085714287,1.9035484,60.356709294285714,671.806844310676,4027.7037968517575,1,1.0262890129399451,71.14774889029803,1.7297873542699926,1.7297873542699926
1718,NEBRASKA,LOGAN,31113.0,0.0243902439,66333.0,174.0,0.14864582,0.31717661,90.726817,26.219512,0.304878,75.9146347,726.0,5074.5,3,1.71892688364956,84.52758402029168,4.690304850811185,6.541538050308862
1719,NEBRASKA,LOUP,31115.0,0.0287206266,61608.0,76.0,-0.024206948,0.1354942,80.674847,40.343348,0.858369,,722.85,3953.0,3,-0.11443648653526821,45.49778059606848,2.763304610531749,5.273298285087063
1720,NEBRASKA,MCPHERSON,31117.0,0.0211267606,55174.0,64.0,0.041442364,0.057044666,76.388889,30.813953,1.744186,,721.3,6897.5,3,1.432332510344703,79.0424857324033,4.368761475872697,6.635616655481124
1721,NEBRASKA,MADISON,31119.0,0.0201858699,68218.0,13467.666666666666,0.0037178122222222,521.2521385,85.7980672,34.00588116666667,2.302297233333334,64.59637108,683.5533053403024,3936.463449749,1,1.6020102550329243,82.49841471147748,1.9099538146225004,1.9099538146225004
1722,NEBRASKA,MERRICK,31121.0,0.0195800896,72297.0,715.0,0.0252916011333333,32.418753,86.777916625,29.945845125,0.8766046249999999,61.09139825,709.3089851766799,4785.32441244621,3,1.8897166211930982,87.25428027901077,1.2525195362255175,3.3885900222059537
1723,NEBRASKA,MORRILL,31123.0,0.0215256798,62245.0,1418.0,0.032376319,1.0253975,80.1762742,32.5859654,1.3367174,80.50882568,701.1029545454545,5069.82534965035,3,1.0278413580808388,71.17945466074825,1.3288966978827628,3.7592725900768955
1724,NEBRASKA,NANCE,31125.0,0.0214504597,61228.0,1065.0,0.037680272,2.2711165,81.6389896,35.682000200000004,0.9930874,76.43035047999999,705.0459180845287,4523.760511882137,3,0.8187977754343497,66.89917564996829,1.2062048629739834,3.669675455519827
1725,NEBRASKA,NEMAHA,31127.0,0.0224719101,65868.0,2859.0,-0.006615437,31.143499149999997,81.07462325,33.057761375,1.031552125,71.1889953625,706.1172371313054,4714.055090851621,3,1.4513173159363872,79.39124920735574,1.2068750093578116,2.730603651414323
1726,NEBRASKA,NUCKOLLS,31129.0,0.0203169443,58951.0,717.0,0.0187569161999999,24.490752655,85.7145194,43.5292086,1.6452392,83.94635772000001,715.0692230891377,5248.168079975502,3,1.7756741439846964,85.28852251109701,1.5443920237303526,3.841743188093778
1727,NEBRASKA,OTOE,31131.0,0.0215399262,76448.0,1933.8,-0.00263749356,295.936269572,87.64022391666667,30.944978416666668,1.7488101666666669,58.43534946666667,693.272628210325,4171.397570949444,3,1.7764957797053642,85.32022828154724,2.1579431558798015,2.422350763438954
1728,NEBRASKA,PAWNEE,31133.0,0.0202839757,55574.0,741.0,0.025780076,1.6656034,87.13713733333333,33.642505,1.2851516666666667,70.22531256666666,728.9019230769231,5178.528846153846,3,1.722648341894068,84.59099556119214,2.0433990298137292,4.6935161694085386
1729,NEBRASKA,PERKINS,31135.0,0.0165929204,71521.0,1073.0,0.012886239,1.1649034,88.52829333333334,23.254075666666665,2.5922033333333334,72.79031116666667,698.8777655677656,4144.354945054944,3,1.2414655265047303,75.55485098287889,1.6747366230676328,3.8895488681765635
1730,NEBRASKA,PHELPS,31137.0,0.0179239708,70550.0,3429.6666666666665,0.0353471833333333,68.37097419999999,86.91116727272727,26.912097636363637,1.901467181818182,71.41358496363637,708.3232887832887,4892.546292446293,3,2.328947244275565,92.4857324032974,1.7829744619664307,2.939747616281878
1731,NEBRASKA,PIERCE,31139.0,0.0183028286,78454.0,993.0,0.0138144195,3.4170258,90.1431245,23.019010666666663,0.948129,57.39110756666667,720.5906357830687,4613.483468703459,3,2.208508925546671,91.34432466708941,1.7456347970632617,4.10979308606509
1732,NEBRASKA,PLATTE,31141.0,0.0196398455,76785.0,8849.857142857143,0.0145779073857142,739.9914373142858,87.45828596428571,23.40088239285714,1.827430428571429,59.412528178571435,680.9728765985654,4201.737557327716,1,2.0417727248587934,89.06150919467343,1.8449566611610557,1.8449566611610557
1733,NEBRASKA,POLK,31143.0,0.0194107452,79938.0,710.0,0.0108581485,3.0665513,85.4641542,25.4141414,1.3589559999999998,73.94106444,705.425996421809,4492.277701282245,3,1.5394621559833288,81.42041851616995,1.2662988381130433,3.713386634478923
1734,NEBRASKA,RED WILLOW,31145.0,0.0192176871,60614.0,3055.3333333333335,0.0021268134,108.64156285333333,87.92806541666666,31.945873583333334,0.8729465,64.61573187500001,701.0426000108267,4770.311408692566,3,1.8914273786535283,87.31769181991123,1.7569490269837627,2.805190721854874
1735,NEBRASKA,RICHARDSON,31147.0,0.0210970464,60839.0,734.6666666666666,-0.0062512464666666,12.66057423,79.49245914285714,36.58549642857143,0.968644,72.27445221428572,685.823758670288,4322.5013844257865,3,0.3111077989328326,55.07292327203551,1.3110425981698237,3.1175753862908078
1736,NEBRASKA,ROCK,31149.0,0.0150462963,56969.0,397.0,-0.0005405416,0.40661776,87.908434,33.292925000000004,1.3233785,69.49480059999999,742.6500000000001,5401.5,3,2.107759129800285,89.94927076727964,2.8777296656063487,5.560275019376898
1737,NEBRASKA,SALINE,31151.0,0.0244686801,76586.0,1553.0,0.028943602,33.6409187675,81.2350627,29.9942912,2.1520332,62.8111248,705.5856405690843,4828.325778716472,3,1.6776906512266354,83.60811667723526,1.070934023466875,2.744046666825652
1738,NEBRASKA,SARPY,31153.0,0.0219981576,101902.0,52481.0,0.0444928310967441,601.4215301627908,86.8056982189781,16.370842350364963,2.892566131386862,57.415194908759126,676.6655259981771,5167.614796822464,1,3.491676989013449,98.35129993658846,2.7771855418533242,2.7771855418533242
1739,NEBRASKA,SAUNDERS,31155.0,0.0191437522,85732.0,939.6,0.00894527726,25.67040968,85.5865996875,25.14842275,3.24350425,63.37597488125,701.6633154525354,4341.127075964139,3,1.8216474496598054,85.9860494610019,1.5586684399224842,3.1322326515195424
1740,NEBRASKA,SCOTTS BLUFF,31157.0,0.0262923847,57571.0,8862.545454545454,0.0141744136818181,426.4136833190909,83.08539816666666,34.65108266666667,1.5110315277777775,66.56079790555556,661.4381685027575,4237.172735021509,1,0.7037022218558157,64.29930247305009,1.6555250368354262,1.655525036835426
1741,NEBRASKA,SEWARD,31159.0,0.0202269918,81819.0,3771.75,0.0022861590999999,75.519819075,88.39421550000002,22.442845916666663,3.4627700833333335,62.04826355833333,708.519504352285,5242.790070020161,3,2.901372816308539,96.13189600507293,2.07401244681963,3.0681049120377324
1742,NEBRASKA,SHERIDAN,31161.0,0.0202131569,59842.0,738.0,0.0119853158,1.3325639150000002,84.61677266666668,38.718118833333335,1.912285,73.11590576666667,688.6995423773101,4403.97568392006,3,0.5085677810555929,59.95561192136969,1.2881091811149552,3.733746965642778
1743,NEBRASKA,SHERMAN,31163.0,0.0218049667,57592.0,752.0,0.021943919,1.3643723,83.17845766666666,32.575782,1.358344,66.89773686666666,735.120588235294,5336.470588235294,3,1.7016677856380191,84.17882054533925,2.1764067654589527,4.779227903778221
1744,NEBRASKA,SIOUX,31165.0,0.0210526316,61344.0,164.0,-0.085880786,0.077416606,79.9278845,32.2295505,4.2409165,64.71303175,726.5,5565.0,3,1.197359892663455,74.76220672162334,3.913297653664389,6.11866965679788
1745,NEBRASKA,STANTON,31167.0,0.019050327,78112.0,350.0,0.0082935763,3.24644237,88.59655116666666,23.094050833333338,1.0847606666666667,59.155582433333336,689.7914322301572,5653.191561245169,3,1.9960620260257307,88.427393785669,2.1230261378258035,4.344014766378231
1746,NEBRASKA,THAYER,31169.0,0.0182156134,63574.0,1149.5,0.00795560495,4.0280776,84.84356199999999,34.8013834,1.6972349999999998,79.20102383999999,729.1035714285714,5125.803571428572,3,1.9803470944344712,88.04692454026633,1.7756901490529293,4.28174815812313
1747,NEBRASKA,THOMAS,31171.0,0.0336538462,56844.0,221.0,-0.020423789,0.27480385,85.089463,28.353659,4.573171,52.7439003,738.6500000000001,5857.5,3,1.5454934705830772,81.51553582752061,3.1595444417963243,5.705567480447107
1748,NEBRASKA,THURSTON,31173.0,0.0271921784,57810.0,1453.5,0.0463169605,6.7053709,75.64899266666667,33.61617483333333,1.7765421666666663,64.28447213333332,643.2195238702716,3855.8769118201712,0,-1.0706955840686214,26.63284717818643,1.960269760398689,3.3396440838520816
1749,NEBRASKA,VALLEY,31175.0,0.0217601547,56604.0,1594.0,0.0062470694,19.953886465,87.4409428,33.031098,1.5412108000000002,77.81425172,714.9947999098391,5111.245877271536,3,1.8224666791007034,86.01775523145211,1.5183316983832562,3.6497800332387342
1750,NEBRASKA,WASHINGTON,31177.0,0.0214248389,88234.0,3819.6,0.0289371585199999,78.60833162,84.60494366666666,20.437587055555557,3.150702388888889,57.21984057777778,703.2646753848088,5052.2886886381875,3,2.6441477641775815,94.89537095751427,2.032221096068735,2.6765220413876283
1751,NEBRASKA,WAYNE,31179.0,0.0201048951,68309.0,2143.0,0.05267866765,105.58630045,89.2427466,30.766754,0.4625935,57.655600930000006,716.9264418575625,4892.154007332664,3,2.4577590536628477,93.43690551680406,2.182441586928673,3.407917829287881
1752,NEBRASKA,WEBSTER,31181.0,0.0252859723,57002.0,456.5,0.0131888993,1.58145565,79.2166945,36.7938835,0.6864429999999999,80.94327547500001,722.25125,5286.475,3,1.0231645684977368,71.11604311984782,1.7807433699747612,4.482319442420778
1753,NEBRASKA,WHEELER,31183.0,0.0168855535,56377.0,308.0,0.030675959,0.47463238,89.748954,37.68997,3.951368,67.4772034,738.6,5105.0,3,1.866448167529532,86.74698795180723,2.6876000243004228,5.433415065182648
1754,NEBRASKA,YORK,31185.0,0.0223585549,73671.0,3794.5,-0.00068319743,79.99588915,87.82156863636364,27.108431454545453,3.912819999999999,72.63372248181818,718.6731032614463,5668.703702911198,3,3.023913305848817,96.76601141407735,2.386838151440069,3.5588854043682923
1755,NEVADA,CHURCHILL,32001.0,0.0426108152,72065.0,1806.7142857142856,0.0229324223285714,299.49888260999995,75.18998245,24.8114312,0.9984924,72.55114860500001,663.4418340358899,4663.563426858473,1,0.19285736327339392,52.50475586556753,1.7697688420770774,1.7697688420770774
1756,NEVADA,CLARK,32003.0,0.0543172189,75103.0,159042.68583162216,0.0459486756597286,1570.7516352895072,73.69050023333334,-35.21410317310665,-58.34218967851623,4.680493857264296,658.3687358465753,4354.4805795815,1,0.7603776762773179,65.50412175015853,2.6037746372319073,2.6037746372319073
1757,NEVADA,DOUGLAS,32005.0,0.0454164276,82025.0,5322.176470588235,-0.01984751029125,165.9317279,78.97509253333334,-606.156958875,-619.1163456875,-570.226308528125,676.4260721201055,5365.8693956547195,2,2.3644427088658024,92.80279010779961,2.8821604143117048,7.422740230690004
1758,NEVADA,ELKO,32007.0,0.037808642,85829.0,5185.928571428572,0.06924648245,579.9019030014285,79.83452248648649,21.394943810810812,2.373274864864865,57.91476543513513,671.0631856609547,3798.6864287503254,1,0.8659779791868544,67.78693722257451,2.1804220637350222,2.1804220637350222
1759,NEVADA,ESMERALDA,32009.0,0.0396659708,59057.0,422.0,0.11358371,0.11027741,62.4897165,52.523162,2.5254364999999996,86.99828335000001,671.225,3955.5,0,-2.0204151403980863,13.792010145846545,3.569845916804892,5.288417248603753
1760,NEVADA,EUREKA,32011.0,0.0371859296,81661.0,593.0,-0.0042712172,0.1585369,72.15795449999999,26.0353205,0.5800465,63.034769049999994,696.875,5465.5,3,0.6280374452010925,62.96766011414078,2.3758496969948935,4.199189169276472
1761,NEVADA,HUMBOLDT,32013.0,0.0389394133,81500.0,2545.25,0.02700720239,177.94390346,78.50212942857142,24.76517007142857,2.767928857142857,61.04479395,664.1019006442915,4633.071851378339,1,0.739945604131851,65.12365250475587,1.5577213027557157,1.557721302755716
1762,NEVADA,LANDER,32015.0,0.0358616312,87398.0,2954.0,0.083437487,0.53241241,72.7599106,23.4112442,2.5886072,52.00722579999999,654.7949446292178,4612.739609125819,0,-0.0030237889380181696,48.065948002536466,3.528707757577225,3.8131480351685787
1763,NEVADA,LINCOLN,32017.0,0.0468441815,67577.0,512.5,0.020411917,0.1069374695,63.607673,39.435818999999995,0.538793,71.51266667499999,687.3297615023021,4979.7816011462055,0,-0.9972090821591482,28.12301838934686,3.044917329465357,4.342661979296499
1764,NEVADA,LYON,32019.0,0.0578998603,75195.0,1647.7,0.0048158803699999,32.63446005,67.19389661538462,-340.3395031851852,-369.9912531111112,-308.79166517777776,658.9996486108867,4327.305824326589,2,-0.5575945627670446,36.46163601775523,2.4911968517098755,5.05204550822108
1765,NEVADA,MINERAL,32021.0,0.0683477107,58039.0,609.0,-0.059088215,2.5902427505000003,61.1419885,47.7252425,0.133452,82.945350675,666.9239216963381,4160.990688473971,0,-2.685349368492739,6.119213696892835,3.5563517239177713,5.348989792374329
1766,NEVADA,NYE,32023.0,0.0641102784,63071.0,1214.0,0.0189907991777777,15.692842434444444,63.20490472727273,-397.4786014782609,-433.9793609130435,-360.40673297391305,654.7969008887134,3713.190594597389,2,-1.76812703146769,16.772352568167406,2.7967666971567704,6.234923517452276
1767,NEVADA,PERSHING,32027.0,0.0466975179,66928.0,1554.0,0.0020421664,0.26405755,65.14065719999999,29.299062600000003,0.210084,58.62799226,661.4406402439024,4212.276387416048,0,-1.6068594314681908,18.896639188332276,1.9148491984848144,3.806255397457273
1768,NEVADA,STOREY,32029.0,0.0429705745,88684.0,4275.0,0.13560876,11.528221,69.84849833333334,18.510778666666667,2.315869333333333,66.40951916666667,683.0016079916815,4640.4535940285205,1,0.5169731415709643,60.17755231452124,4.433252699807471,4.433252699807471
1769,NEVADA,WASHOE,32031.0,0.0407151722,84282.0,67727.01785714286,0.0207057457104629,1336.4038327404182,78.09025679478827,-132.87449341346155,-156.523258,-95.07412376378204,664.5553449277726,4390.900767653072,1,1.7048989566123032,84.2422320862397,1.9811853598892855,1.9811853598892855
1770,NEVADA,WHITE PINE,32033.0,0.0336590662,70635.0,1532.0,0.1204004576666666,7.925594206666666,68.24819266666667,31.656382222222224,1.4716813333333334,72.17631023333334,667.0695683918603,4230.194563151486,0,-0.6107638888004787,35.47875713379835,3.5279113786492964,4.207090459171681
1771,NEVADA,COURTLANDT,32119.0,,,,,,,,,,,,0,-0.16204043214131844,44.388078630310716,1.6232589875346852,1.8431424092055635
1772,NEVADA,CARSON CITY,32510.0,0.0448919978,72823.0,18359.5,-0.0181996006846153,1116.2017103,75.29000769047619,-204.50432941860464,-230.2144086511628,-166.6112750255814,667.6024613640791,4639.670733332435,1,1.1484936810250852,73.77932783766646,2.7852845643638893,2.7852845643638893
1773,NEW HAMPSHIRE,BELKNAP,33001.0,0.0214022855,91333.0,6025.8,-0.0006890575199999,239.92536125333336,79.92329006122449,24.59341373469388,3.048612306122449,64.9980413489796,681.2204453184141,4927.35371786863,1,2.201061833578729,91.1857958148383,1.9386458111242337,1.9386458111242337
1774,NEW HAMPSHIRE,CARROLL,33003.0,0.0226719944,77303.0,1524.2727272727273,0.0015450745181818,23.75298491818182,79.7818304,24.33677325,3.0110645,71.29590863749999,697.6699675570119,5176.186029137147,3,1.6870209275591967,83.83005707038681,1.240620585626919,2.8728414986843767
1775,NEW HAMPSHIRE,CHESHIRE,33005.0,0.0232372414,84008.0,6607.75,-0.00336895970625,256.0995841375,84.76716315254237,26.30807733898305,2.8091721186440677,66.5225110440678,677.315299454112,4262.90557655045,1,1.7802834458021044,85.4153455928979,1.6768551801562206,1.6768551801562208
1776,NEW HAMPSHIRE,COOS,33007.0,0.0264509321,59592.0,1088.7272727272727,-0.0257387651445454,35.717160953636366,78.54505030555555,36.517071666666666,1.6439056111111112,78.469436225,702.003054406752,4915.047820808453,3,0.9003027167369938,68.3576410906785,1.5469510525090087,3.158771057121197
1777,NEW HAMPSHIRE,GRAFTON,33009.0,0.0194190837,81537.0,5537.9473684210525,0.0062351928999999,170.6438613794737,79.8220659,27.225212757142856,5.053869157142858,65.18702010714286,688.7181648372904,4464.279353599456,1,1.765161678715082,85.12999365884592,1.7660536648743168,1.7660536648743168
1778,NEW HAMPSHIRE,HILLSBOROUGH,33011.0,0.0230469093,103181.0,47021.75581395349,-0.0033551189131395,1753.396802005814,82.71007569516729,-15.51052567037037,-31.23864458888889,17.494718305925925,682.0505776782355,5108.8320355907645,1,3.4475966044363267,98.2561826252378,2.5452984551557836,2.5452984551557836
1779,NEW HAMPSHIRE,MERRIMACK,33013.0,0.0190337284,91357.0,16944.583333333332,0.0088276023916666,824.4879374416666,81.65971909900989,21.351070306930698,4.363051039603961,56.54064481683168,683.9354707968745,4740.752029799255,1,2.638961060719961,94.86366518706404,1.8439503694916834,1.8439503694916837
1780,NEW HAMPSHIRE,ROCKINGHAM,33015.0,0.0230404421,109660.0,19872.96923076923,0.0004978129646153,572.7986116661539,84.4650406111111,-94.48244644505492,-102.4109458186813,-62.92216003901099,687.7019119094621,4854.4150101721925,1,3.4979956787449273,98.38300570703868,2.795994371877704,2.7959943718777045
1781,NEW HAMPSHIRE,STRAFFORD,33017.0,0.0205331462,84762.0,14170.36,0.0025314105139999,520.94116358,83.58251516883116,24.39843953246753,4.108526558441558,61.489934379220784,679.6830532469229,4516.418318575395,1,2.2276827892139255,91.53455928979074,1.5827956728099006,1.5827956728099009
1782,NEW HAMPSHIRE,SULLIVAN,33019.0,0.0188082264,74730.0,2532.2,0.01939173195,55.70042493000001,81.57768968421053,24.78281042105263,2.677565236842105,65.6411366263158,672.3507648507058,5157.4451100338365,3,1.5752370223186831,81.99112238427394,1.9072433715160737,2.4058115639003543
1783,NEW JERSEY,ATLANTIC,34001.0,0.0586710669,75904.0,28433.927536231884,0.0135855882214492,2128.6234518188407,76.40084017486339,-27.370937722826085,-50.52290611956522,9.168894092934789,658.5900066827182,4412.95955654112,1,0.5449357836299467,60.65313887127457,2.2705208201862943,2.2705208201862943
1784,NEW JERSEY,BERGEN,34003.0,0.0386219366,116157.0,275642.46927374305,-3.3442967709497586e-05,2501.2637599888267,77.88547750948166,16.856856930467764,13.218819790139063,44.32903218710493,696.1855884924262,6041.000750006063,1,4.260712614592189,99.33417882054533,4.255075588135507,4.255075588135507
1785,NEW JERSEY,BURLINGTON,34005.0,0.0394878199,102384.0,65823.19298245614,0.0128140487559649,883.0166776017544,79.55843520143885,-91.93743472759856,-100.2827396200717,-59.34342220215054,671.3785415499975,5032.354684844594,1,2.7012502929313693,95.24413443246671,2.362156168742005,2.362156168742005
1786,NEW JERSEY,CAMDEN,34007.0,0.0482825042,82678.0,169355.56692913387,0.0024606432884251,1491.1689252409449,76.10684668324608,25.810717589005236,4.9100653717277485,59.19181742251309,666.2761000722835,4562.48102428042,1,1.415414731797153,78.69372225745086,2.140370862472866,2.140370862472866
1787,NEW JERSEY,CAPE MAY,34009.0,0.0762336458,81007.0,7961.25,-0.00193885749375,397.4723469375,78.58762406666666,-84.63803372527472,-104.9436034065934,-48.680107538461534,660.2716398634883,4997.645770941308,1,0.3952554003016785,56.91185795814838,3.831543317220175,3.831543317220175
1788,NEW JERSEY,CUMBERLAND,34011.0,0.0648066093,64240.0,15034.088235294115,-0.0091277555845161,844.5841022088234,70.6117337244898,-371.08109164,-397.802315,-335.00223018699995,651.4989545020375,4164.080139529323,2,-0.24126967757064455,42.58084971464807,2.95863943690485,5.290852799919485
1789,NEW JERSEY,ESSEX,34013.0,0.0554048614,80005.0,218066.73333333337,0.0056085501238571,3638.088839666667,72.90256347690014,-2.3341642712369604,-19.95592035767511,28.99772059210134,674.9732992680084,5215.969234603105,1,1.7149061478982603,84.36905516804059,2.9783080120659324,2.9783080120659324
1790,NEW JERSEY,GLOUCESTER,34015.0,0.0430237797,96965.0,40877.12698412698,0.0150434160936507,713.9840617460317,78.51553080104712,19.18853537696335,4.891405246073298,51.86865525549738,670.1973678701042,4985.544287191805,1,2.067914940323213,89.47368421052632,1.899369853344373,1.8993698533443728
1791,NEW JERSEY,HUDSON,34017.0,0.0437516198,88469.0,1640374.5361445784,0.006415282896271,7999.839840120481,74.89928032574032,-129.18380566966292,-151.5243283707865,-85.1399608611236,676.5772916936196,5763.787495587942,1,3.4016238425259813,98.03424223208624,4.276390123323645,4.276390123323645
1792,NEW JERSEY,HUNTERDON,34019.0,0.0349095525,136407.0,10973.923076923076,0.0155969203592307,379.5336683846154,81.64263064556962,11.826598164556962,17.657444037974685,35.208822275949366,693.5163537515632,5144.553611650862,1,3.7183962948246863,98.858592263792,4.03684668503137,4.03684668503137
1793,NEW JERSEY,MERCER,34021.0,0.0389032738,95502.0,86716.67532467532,0.0200362007689473,2853.9236657142856,77.0283810123967,-19.45471614049587,-31.76950937190083,11.030539189669422,677.2560271015532,4764.0974855229615,1,2.3941537898046232,93.02473050095116,1.9453082303426272,1.945308230342627
1794,NEW JERSEY,MIDDLESEX,34023.0,0.0409554355,104637.0,112509.46285714286,0.0074761614729714,1947.3977919657143,76.89586599235182,-1.6649250401529636,-10.975777743785851,28.40816495047801,690.7487684284434,5645.541793492568,1,3.3269549538541137,97.81230183893469,3.1467752508483975,3.1467752508483975
1795,NEW JERSEY,MONMOUTH,34025.0,0.0384298305,117752.0,41834.145833333336,0.0085514281769718,1023.4237320307692,78.83312795299145,-3.7486487142857143,-8.576839240938167,23.806937810021324,678.4264085732407,5493.229797949188,1,3.301779384619615,97.68547875713381,3.196337661659689,3.196337661659689
1796,NEW JERSEY,MORRIS,34027.0,0.036520228,134308.0,71157.01,0.0071530045496,1256.46810381,80.78442063050846,11.879152440677966,17.056176844067796,36.39296010915255,697.7853935967232,5368.1976144875225,1,4.2678029430927085,99.36588459099556,4.20895357965021,4.208953579650211
1797,NEW JERSEY,OCEAN,34029.0,0.0423420804,85239.0,28303.444444444445,0.0120552765222764,563.0157039672,74.65303208174387,-268.352990484127,-285.9247399074074,-234.65834694656084,673.6821520683252,5247.683150305435,1,2.1108883012801876,89.98097653772986,3.495987070741882,3.495987070741882
1798,NEW JERSEY,PASSAIC,34031.0,0.0551144343,81823.0,167747.15,-0.0027860630028,3040.5151952899996,72.01914060714286,-26.384422224657538,-49.53418490684932,6.29471107753425,676.3812859108599,5146.040526867481,1,1.6690255167101327,83.51299936588458,2.884272859040359,2.884272859040359
1799,NEW JERSEY,SALEM,34033.0,0.0549667399,84008.0,14615.041666666666,-0.0094781713125,260.3698416625,74.33463365306123,-173.87024222,-196.96034334,-139.139724202,661.1489940361463,4666.447737010722,1,0.7963068252011204,66.48700063411542,2.891614982056216,2.891614982056216
1800,NEW JERSEY,SOMERSET,34035.0,0.0378411198,140242.0,65654.55882352941,0.0172153362444117,997.3674017647058,80.41398655801105,11.83037738674033,16.952206635359115,37.66704706850829,692.1600485853734,5570.2410250064195,1,4.3674688281050145,99.46100190234623,4.557512872937386,4.557512872937386
1801,NEW JERSEY,SUSSEX,34037.0,0.0425986842,109884.0,7690.121951219512,0.0176700323731707,191.20081767317075,81.30513262037037,14.141360231481482,7.871184055555555,43.45168837777778,684.5033455449766,5227.764912794412,1,2.52578606795655,94.00760938490805,2.7493862932738633,2.7493862932738633
1802,NEW JERSEY,UNION,34039.0,0.0472691988,100031.0,165465.47222222222,-0.0010061925099074,2787.5067480648145,77.55525648681055,20.421959541966427,9.937677505995204,52.18218070047962,678.1144241400435,5640.356536162195,1,2.933363859171374,96.32213062777424,3.237564840236489,3.237564840236489
1803,NEW JERSEY,WARREN,34041.0,0.0404316259,98857.0,13806.608695652174,0.0091381806956521,500.7045062173913,79.7410346835443,17.674477506329115,5.622720392405063,50.557910141772155,684.5808031181989,4896.972386953994,1,2.1994144459544316,91.15409004438808,1.8474490635896594,1.8474490635896592
1804,NEW MEXICO,BERNALILLO,35001.0,0.0345509593,68286.0,103793.1503267974,0.037932568790915,1867.248108143791,75.7518540275862,-14.186094786697248,-42.5553690412844,23.4611270206422,672.6583634887562,4541.564208283049,1,1.462403551811768,79.54977805960685,1.600481241712691,1.6004812417126912
1805,NEW MEXICO,CATRON,35003.0,0.0487156776,45802.0,539.0,0.049219724,0.067882881,63.438697,40.462851666666666,0.0,77.96615093333334,696.7875315547354,5063.930139097119,0,-1.4246645886397484,21.274571972098922,3.456793941589297,4.937897168238858
1806,NEW MEXICO,CHAVES,35005.0,0.0381193013,51179.0,10146.5625,0.02294853164375,475.87391942375,73.68870817307692,40.76697276923077,0.9255646538461538,81.5496248153846,662.2049904396998,4429.918626073204,1,-0.1522437585288939,44.67343056436272,1.7919673800048783,1.7919673800048783
1807,NEW MEXICO,CIBOLA,35006.0,0.0518954729,47530.0,1595.142857142857,-0.0195020767142857,124.36154161914286,58.29685185714286,43.406128,0.4550476666666667,75.39962295714285,663.75154544138,4501.633122247801,0,-1.95337105469831,14.489537095751427,2.2982803746158122,3.8536335720675545
1808,NEW MEXICO,COLFAX,35007.0,0.0344891872,54255.0,1387.6666666666667,-0.0112010089999999,1.4562507333333334,74.235709125,42.250007875,0.8970933125,81.6090114125,656.5727202455852,3955.993131867265,0,-1.3230887969981449,22.637920101458462,1.761386107258842,3.5327212005206245
1809,NEW MEXICO,CURRY,35009.0,0.0290245765,53858.0,9804.25,0.029988773925,432.9482682858333,76.2324675,39.886181775,1.0214013,76.370478295,662.4192071584471,4734.500071699193,1,0.47993790009399484,59.19467343056436,1.7278107790376054,1.7278107790376056
1810,NEW MEXICO,DE BACA,35011.0,0.0331491713,48234.0,379.0,0.0024272797,0.17953838,63.855881,46.471322,1.258993,80.87973785,681.6823529411764,5104.058823529412,3,-1.251199212584506,23.906150919467343,3.0281343173506055,4.604931332453091
1811,NEW MEXICO,DONA ANA,35013.0,0.0429747536,56233.0,21067.90243902439,0.0278927852292682,831.5143330439025,72.29632301550387,43.82672802325582,1.780844488372093,79.39602145193798,670.6669948388795,4617.668037868422,1,0.24317867697892923,53.424223208623964,1.7468285786673652,1.7468285786673654
1812,NEW MEXICO,EDDY,35015.0,0.0263852243,66485.0,8074.5,0.0525228513333333,503.5634833116667,77.34147290909091,31.83060684090909,2.6276747045454547,69.40888989545455,658.1109521023201,4245.316326423718,1,0.5846257749536632,61.857958148383005,1.6676076036456235,1.6676076036456235
1813,NEW MEXICO,GRANT,35017.0,0.0350922131,48454.0,2588.25,0.0239984644625,94.93408597125,71.119817,41.87531668,1.33273232,79.80598571600001,661.3196012668772,4358.811351365763,0,-0.7999440469778808,31.51553582752061,1.4114797322304318,2.4354871796657256
1814,NEW MEXICO,GUADALUPE,35019.0,0.0404777704,43463.0,1303.0,0.011302559,0.37386793,62.0514915,52.7060815,0.74930225,79.51265335,675.4955824074491,4600.604940923336,0,-1.8377475539258814,15.726062143310083,2.3261746365860207,4.303873896431372
1815,NEW MEXICO,HARDING,35021.0,0.037037037,47606.0,148.0,0.055978019,0.075278461,77.722772,47.736626,1.234568,86.8312759,698.25,5053.25,3,-0.4799969817976042,38.01521876981611,2.634783758063511,4.9334940142199875
1816,NEW MEXICO,HIDALGO,35023.0,0.0328984685,45343.0,593.0,-0.003209175775,85.6408196605,75.42227833333334,38.86971566666667,0.1201923333333333,72.84156543333334,659.8504202544967,4304.5749928243395,0,-0.9409284249489819,29.010779961953077,1.8246093296998518,3.068422147542584
1817,NEW MEXICO,LEA,35025.0,0.0349407167,60820.0,10562.111111111111,0.0454639542666666,481.2949842127778,71.02578103333333,32.674045183333334,1.7249010666666669,70.85757156999999,651.5869133482372,4834.148237957253,1,0.1352568077649952,50.982878883956886,1.9624197628933628,1.9624197628933628
1818,NEW MEXICO,LINCOLN,35027.0,0.0321834013,59386.0,1869.0,-0.00551604574,46.535838076,77.74904021428571,34.04717735714286,1.5921479285714286,76.27570752142857,648.0234021199191,3945.377918765643,0,-0.6691131064438536,34.36905516804059,1.7023656611190832,2.5252190513800974
1819,NEW MEXICO,LOS ALAMOS,35028.0,0.0185326225,146208.0,6710.5,0.0235018035,114.082991025,83.25196347058824,8.679927647058824,15.013510411764706,33.1237968,685.5936074088853,4507.740046128248,1,3.756441422280202,98.92200380469245,4.661003025656583,4.661003025656582
1820,NEW MEXICO,LUNA,35029.0,0.1003072653,38641.0,4177.333333333333,0.04316479195,343.23347418,69.23494011764706,52.25972070588235,0.8813538235294117,81.32165482941177,642.7936697240959,4645.822575718474,0,-2.7594140340779703,5.707038681039949,5.3520303309011314,6.294685535162223
1821,NEW MEXICO,MCKINLEY,35031.0,0.0518198643,41427.0,3016.823529411765,0.1578922850588235,151.90969226164705,55.84610262264151,51.353646,1.0313332641509434,77.03292291886792,653.3299492416346,3994.7235966949297,0,-2.527856830754224,8.084971464806594,4.783869229458986,5.934982916710731
1822,NEW MEXICO,MORA,35033.0,0.0495824635,45685.0,769.0,-0.022285324,0.30394444,76.130818,44.2882888,0.0,75.72846833999999,683.184632034632,4830.873737373738,3,-1.0384809247378275,27.488902980342424,2.8589066736521156,4.353085028260444
1823,NEW MEXICO,OTERO,35035.0,0.0401633764,51298.0,6199.125,0.0470305711125,507.33247402337497,72.6645230212766,38.19546289361702,1.81860985106383,71.37160280638298,664.1059691546304,4659.718780713981,1,-0.16040281885605673,44.48319594166138,2.160329438606426,2.160329438606426
1824,NEW MEXICO,QUAY,35037.0,0.0415540541,43312.0,1343.3333333333333,-0.0002657743333333,48.74675056,65.64605416666667,46.06070616666667,0.5269417500000001,81.81632867500001,645.1532486657496,3911.790095960532,0,-2.188678006744907,11.572606214331008,1.0372870640743,3.551737014818185
1825,NEW MEXICO,RIO ARRIBA,35039.0,0.0344440506,51703.0,1689.888888888889,0.0471942759555555,138.65892862222222,67.915755,36.67778248275862,0.9951600344827586,68.73739413448276,656.8925018971058,4012.0621705269577,0,-1.1890908381075018,24.82561826252378,1.3955670797410282,2.8098988953764144
1826,NEW MEXICO,ROOSEVELT,35041.0,0.03640993,51111.0,2794.2,0.0413354944,343.064221134,77.58860329411765,37.37058464705882,1.263051,77.89917866470589,659.6450773875555,3894.1624748167246,0,-0.5279167974008165,36.96892834495878,1.977077594601987,2.314208917025802
1827,NEW MEXICO,SANDOVAL,35043.0,0.0364420795,81557.0,15520.607142857143,0.0856278517976923,295.7067855335714,72.27337905633803,-113.09427794444444,-135.70853404166667,-73.87019496111112,665.1127867838136,4149.368450519671,1,0.8125067661263679,66.74064679771719,2.635553362940904,2.635553362940904
1828,NEW MEXICO,SAN JUAN,35045.0,0.0417772535,57296.0,10948.25,0.0672825544580645,409.4801759390303,68.61445759793814,32.37812642268041,1.8429586907216493,69.76443866701031,658.6337170125305,4048.135042208028,0,-0.6391850984692001,35.03487634749524,2.4213574966697777,2.512083594784475
1829,NEW MEXICO,SAN MIGUEL,35047.0,0.0463922426,46318.0,3838.428571428571,0.0515981665714285,200.53185242428572,63.04293454166666,51.904380833333335,0.5939670416666667,84.47538376666667,677.6074795312218,4936.006701650738,0,-0.820999466325994,31.23018389346861,2.705343624475278,3.2832339673127944
1830,NEW MEXICO,SANTA FE,35049.0,0.0335635776,78366.0,22398.28,0.0453952725629387,1089.36815131064,78.32772398019802,-69.43921287254902,-92.98114479411764,-32.4909687,684.4084558303475,4461.714784514684,1,1.799563813738884,85.63728598604946,1.3549527167277882,1.3549527167277884
1831,NEW MEXICO,SIERRA,35051.0,0.0598400825,40498.0,1209.75,0.0346239785,144.4113125325,61.157261000000005,46.59845025,0.54487175,79.9551100625,662.7164015627619,4975.623080589074,0,-1.9264249355235539,14.743183259353202,2.828818162874418,4.225372411378076
1832,NEW MEXICO,SOCORRO,35053.0,0.0421393841,46070.0,2383.2,0.0292840144199999,265.646758392,57.1900525,42.540786583333336,2.2147720833333335,72.920902875,662.8870628286505,4477.624419850748,0,-1.6509949700378814,18.357641090678502,2.132098461631686,3.4796403112029783
1833,NEW MEXICO,TAOS,35055.0,0.044165316,53935.0,1543.8333333333333,0.0223827723333333,25.948033618333337,75.04189490909091,45.34281031818182,1.618654090909091,79.98680981818183,663.4218590326078,4114.343415957768,0,-1.0154326440568444,27.710843373493976,1.1415674769668593,2.720613366497536
1834,NEW MEXICO,TORRANCE,35057.0,0.0507364975,44780.0,870.0,-0.0400022815,5.4721124085,58.73620972727272,47.56479081818182,0.7165422727272727,79.56382336363636,647.5972519710311,3961.573834556052,0,-3.0458025361472507,3.487634749524413,2.411176475206943,4.817026537000159
1835,NEW MEXICO,UNION,35059.0,0.0313520575,45458.0,1247.0,0.048753969,0.4090232,73.61160366666667,37.79325266666667,3.981980333333333,82.6598104,689.0556411843341,4124.036883532191,3,-0.9167094007787445,29.39124920735574,2.4785137012491307,4.002435952546278
1836,NEW MEXICO,VALENCIA,35061.0,0.040507611,56785.0,2712.1666666666665,0.0023000328223529,96.22341644111113,66.98555850980392,-159.9834210980392,-194.79724666666667,-120.31075181568627,662.4511269704806,4324.95359120141,0,-0.6381567327966479,35.066582117945465,2.5920840890557004,2.9940873559381895
1837,NEW YORK,ALBANY,36001.0,0.0328715953,81193.0,102014.53333333334,0.0039584391073333,2878.9010904453335,79.46187076170213,27.31556078297872,3.876662021276595,62.53056348765957,679.1532198759415,4710.0363317082465,1,2.2519666737286057,91.91502853519341,1.6832178721177031,1.6832178721177031
1838,NEW YORK,ALLEGANY,36003.0,0.0426826125,57488.0,989.6153846153846,-0.0085965522333333,17.56217263076923,76.42523686363637,34.190839227272726,0.9804842272727272,78.41585063863637,686.3022879578427,4302.0644058885955,3,-0.42552696094228687,38.966391883322764,1.8990899789034468,2.9188490653371773
1839,NEW YORK,BRONX,36005.0,0.0682682169,46894.0,479783.17109144543,0.024542010926,7120.876171918879,65.86731342142858,-268.26075209965336,-310.44680637954934,-221.62896307053728,668.8194452513753,4989.128696653138,2,0.4848769212862544,59.353202282815474,5.390492387238963,5.506552681068621
1840,NEW YORK,BROOME,36007.0,0.0393748266,63590.0,34079.90909090909,0.0077377719945454,1852.8187513818184,74.97161830882352,34.93398974509804,2.2108275637254904,74.1057232122549,674.8433336928404,4170.478953476304,1,0.6714001380570227,63.79201014584655,1.3764324909003718,1.3764324909003718
1841,NEW YORK,CATTARAUGUS,36009.0,0.042663766,55944.0,3710.904761904762,-0.0109476420894736,350.39726412761905,76.19321834177215,-90.3731918875,-123.8523262,-48.4367584725,669.0916091843447,4192.696911661223,1,-0.0627637251520891,46.57577679137603,2.170238465252675,2.170238465252675
1842,NEW YORK,CAYUGA,36011.0,0.0360567487,66431.0,7044.1578947368425,0.0134206380526315,593.6021043473685,77.76646672,-103.17830082894736,-130.1832514736842,-62.9257845631579,673.8470212941021,4513.6242521253525,1,0.974972045006731,70.03804692454027,1.397668973328952,1.397668973328952
1843,NEW YORK,CHAUTAUQUA,36013.0,0.0427299034,56040.0,8869.485714285714,-0.0032393043011428,587.8037624542857,74.81431159504133,-44.91263128688525,-80.87828881967212,-4.994331490163933,669.538378104112,4240.644193132705,1,0.054634126309073695,49.33417882054534,1.701793631941677,1.7017936319416769
1844,NEW YORK,CHEMUNG,36015.0,0.0399780467,60456.0,19532.18181818182,0.0023177964761904,1049.143301240909,74.20006147126438,-80.23380633333333,-113.0446644597701,-42.71585752183909,664.0155601882491,3903.97926082246,1,0.1834846076167003,52.18769816106531,1.7695014677098189,1.7695014677098189
1845,NEW YORK,CHENANGO,36017.0,0.0347715274,57407.0,2596.5833333333335,0.018804368875,398.5376940833334,74.2552698235294,33.83115878431373,1.512843333333333,75.33274654117648,680.6921744300068,4568.052808522825,1,0.2623377845908624,53.93151553582752,1.7876823095354593,1.7876823095354593
1846,NEW YORK,CLINTON,36019.0,0.035189633,64282.0,10116.894736842103,0.0096132405894736,1062.482403978947,75.66995805263159,-98.97718636363638,-127.92921790909092,-60.02636933766234,673.5994160265692,4820.9458691385435,1,1.1286268881054828,73.27203551046291,1.5547572402306358,1.5547572402306358
1847,NEW YORK,COLUMBIA,36021.0,0.0298337137,73112.0,2641.0476190476193,0.0098829644190476,217.20545386190472,78.13661749180328,24.693636918032787,4.731269803278689,62.47970306557377,678.3906322867595,4401.840360190739,1,0.843348276477159,67.24793912492073,1.3664062084102884,1.3664062084102884
1848,NEW YORK,CORTLAND,36023.0,0.0424953179,63890.0,9922.916666666666,0.0109759445675,1293.879287525,78.696759,30.314570638297873,1.543863,72.08071241914894,683.4713490909571,4447.719188646058,1,0.8619333461457276,67.72352568167406,1.3461611616308349,1.3461611616308349
1849,NEW YORK,DELAWARE,36025.0,0.0403342439,56163.0,1182.857142857143,-0.0025940768142857,220.3466977571429,75.58703641818182,-148.55912130909093,-180.81075287272728,-107.04570548545456,682.9277370105016,5014.3217145164335,1,0.5311248967816029,60.3994927076728,2.9955855650401273,2.9955855650401273
1850,NEW YORK,DUTCHESS,36027.0,0.0326450665,96374.0,20038.113924050635,-0.0062971801331168,756.3679018911392,78.2157190201613,-141.40219127016127,-154.87686832258066,-109.85147111532258,680.5045085743044,4799.700814256242,1,2.4732392292267393,93.59543436905517,2.219320346566004,2.219320346566004
1851,NEW YORK,ERIE,36029.0,0.0380027388,70443.0,105175.35443037975,0.002202070551451,1936.139180566949,75.82101403608247,-56.26628975481387,-87.21552863928113,-19.726643118870346,670.3497141035504,4567.082799209792,1,1.4702300953348562,79.80342422320862,1.6398275415197536,1.6398275415197536
1852,NEW YORK,ESSEX,36031.0,0.0381316099,70902.0,1019.5384615384615,-0.0041722498992307,13.63463864,75.62678881578947,-234.17227434210528,-261.52750136842104,-191.4432018710526,690.2999952591275,5332.675826300221,3,1.1115311388698426,72.85986049461002,3.5514415035080575,4.056754159376759
1853,NEW YORK,FRANKLIN,36033.0,0.0381555532,63624.0,1882.642857142857,0.0199988640357142,142.9241246357143,72.21668592857142,34.054269976190476,1.719709619047619,72.58348073809523,684.4187915323214,4880.624712435116,1,0.3075926936144283,54.97780596068485,2.0932657170668003,2.0932657170668003
1854,NEW YORK,FULTON,36035.0,0.0436727643,63409.0,8350.4,-0.0138412508066666,471.362622918,73.21428517857143,32.55440032142857,1.090934,74.65367338392856,668.3076244809729,4447.903281620565,1,0.08188380304280503,49.778059606848444,1.652795539740117,1.652795539740117
1855,NEW YORK,GENESEE,36037.0,0.0329316191,71749.0,6853.866666666667,0.0019850053857142,739.2567178733333,80.80116789473685,28.051979228070177,1.1723176140350875,69.57507846491228,674.1644365281564,4801.802970924967,1,1.3685763784288054,78.0279010779962,1.13696986589512,1.13696986589512
1856,NEW YORK,GREENE,36039.0,0.0382947625,70789.0,2803.3333333333335,0.0026493648571428,56.19709571333333,69.57008158139534,-202.11436272093025,-230.6370413023255,-162.86070996976744,685.2382302444157,4640.326788868921,1,0.5449251819900917,60.62143310082435,3.0760135925457974,3.0760135925457974
1857,NEW YORK,HAMILTON,36041.0,0.049955397,68529.0,309.25,0.0194866787,0.8008660175,77.49599825,26.152752125,2.919573125,69.2289219,702.3791666666667,5395.015625,3,0.2323660435563469,53.138871274571976,2.4536216483654183,4.4274441991533475
1858,NEW YORK,HERKIMER,36043.0,0.0407353477,63771.0,3976.2631578947367,0.0115869959742105,238.25539465578947,76.54013982258066,34.55738622580645,1.5439277903225803,75.0668339580645,679.1531301195292,4106.502064688894,1,0.1269377447380182,50.82435003170577,1.5305136305914187,1.5305136305914187
1859,NEW YORK,JEFFERSON,36045.0,0.0435273146,61664.0,5860.038461538462,0.0052654972708333,604.3249061804,78.57418088421052,-492.45233525,-519.53765440625,-451.7043625135416,667.5623906155396,4822.635214477517,2,1.3510226448372247,77.77425491439442,1.6045577689845103,5.968862542091786
1860,NEW YORK,KINGS,36047.0,0.0552572743,76353.0,926632.5085413927,0.0328576986631417,13125.893892144735,69.27678706526007,-210.79618732278175,-240.4241639611511,-160.1604170511271,684.469505048629,5466.151587758497,1,2.4899725449147834,93.75396322130628,4.712497625525731,4.712497625525731
1861,NEW YORK,LEWIS,36049.0,0.0438048616,64941.0,859.2857142857143,0.0308378194142857,5.163096617142857,76.15879168181817,30.506434636363636,1.1116361363636365,75.5726776090909,695.004469437288,4676.516566710692,3,-0.015590879486286856,47.717184527584024,1.6327297109942727,3.2401088623349437
1862,NEW YORK,LIVINGSTON,36051.0,0.035151117,70185.0,2825.4,0.0141205516806666,406.76476226,76.39980504444445,-195.60340126666665,-221.001126,-154.80287492444444,679.7466387725138,4095.9889114270095,1,0.7940304136773648,66.42358909321496,2.574628297155422,2.574628297155422
1863,NEW YORK,MADISON,36053.0,0.037233881,73680.0,912.9375,-0.0016545563375,214.216328125,69.08714664705883,25.064459294117647,4.4783345294117645,66.2432479882353,671.1054313635304,4922.050027627254,1,0.1298784350380021,50.91946734305643,2.3850379404905473,2.3850379404905473
1864,NEW YORK,MONROE,36055.0,0.0366607448,73263.0,112530.71354166669,-0.0005600556198958,1667.7389352895834,75.66487680033003,-50.59915962561577,-78.87646156814449,-14.088412498193762,673.7421384451314,4314.275811475629,1,1.4606722148473075,79.4863665187064,1.5837700643585324,1.5837700643585324
1865,NEW YORK,MONTGOMERY,36057.0,0.0459703099,61463.0,6230.5,0.00386316338125,576.8174396875,74.35824197619047,34.2123335,1.1214306904761904,73.45013681904761,676.2146204326566,4971.82236743207,1,0.4651932791270793,58.90932149651237,1.859702349681568,1.8597023496815677
1866,NEW YORK,NASSAU,36059.0,0.0312076904,140466.0,169898.4157706093,0.0165907368619784,2540.764332860215,77.78552568189806,-56.9494703455818,-54.79493941469816,-32.3859603744532,694.0696119650141,5890.265331807473,1,5.017117753412886,99.74635383639823,4.988533777835007,4.988533777835008
1867,NEW YORK,NEW YORK,36061.0,0.0459428598,100869.0,2159785.5243055555,0.0241396950534385,104593.70510820832,77.31584106122449,-803.0929203264958,-813.8907137700855,-763.4293706701709,683.7483057924743,5253.534957453768,2,5.034365220052134,99.80976537729866,7.10288967262793,10.450274408556545
1868,NEW YORK,NIAGARA,36063.0,0.0406692303,65932.0,24287.868852459014,-0.0010523654585,801.1315114590163,75.03818712068966,-80.35751542613637,-112.0283196193182,-40.98475948409091,666.647662596692,4444.082611852135,1,0.7500510843505795,65.31388712745719,1.4146022160588587,1.4146022160588587
1869,NEW YORK,ONEIDA,36065.0,0.0371239854,61566.0,27113.391891891893,-0.0016206442980555,1326.6277387013513,73.93808283908047,-304.26751009550566,-334.98483015730335,-267.3258330657303,666.0987258081828,4343.490067919197,2,1.012943078041015,70.7989854153456,2.9569946107965426,3.7804901474518853
1870,NEW YORK,ONONDAGA,36067.0,0.0349531726,74388.0,84323.27857142857,0.0113476233925179,2088.624726098143,76.75975380526316,30.452151476315787,3.2861472999999997,66.72856572157895,667.9715063337966,4243.545754705913,1,1.306043868609312,76.91819911223843,1.3714482512785044,1.3714482512785044
1871,NEW YORK,ONTARIO,36069.0,0.0328318836,79364.0,8283.2,0.0046554477,586.821826752,80.85043659756097,-96.18044018292684,-119.23045467073172,-56.46736177804879,677.2800608859012,4352.6640277968245,1,1.5651291984586062,81.76918199112238,1.2683560577776478,1.2683560577776478
1872,NEW YORK,ORANGE,36071.0,0.0343784208,93492.0,17306.886075949365,0.0167577696773417,716.3276142392406,76.39553666304349,-14.84585939130435,-30.19583979710145,16.679917369202897,672.398516511232,4750.163231513672,1,1.8558474251639514,86.46163601775523,1.2181546054944319,1.2181546054944319
1873,NEW YORK,ORLEANS,36073.0,0.03969129,65156.0,3017.0,-0.0077178008,217.28246867,74.89895866666667,-294.1374115483871,-321.57499325806447,-252.68605274516128,660.2006175741152,4322.484863505776,2,0.34346943113585904,55.89727330374128,2.490058558975971,3.7960938088531044
1874,NEW YORK,OSWEGO,36075.0,0.0431010038,68613.0,5719.862068965517,-0.0081720611689655,489.0039043724138,73.31638265432099,-90.79837008536585,-120.73291720731709,-49.36706970853658,664.3354386936034,4177.843299562627,1,0.13919228803838019,51.07799619530755,1.7916721089643874,1.7916721089643874
1875,NEW YORK,OTSEGO,36077.0,0.0383616532,63863.0,5013.764705882353,-0.0031932329562499,639.2117123247059,80.466754125,30.51031121428571,2.327017535714286,72.12858711428571,686.254125276244,4246.738541798583,1,0.7764729107243968,65.91629676601141,1.5253873628934191,1.5253873628934191
1876,NEW YORK,PUTNAM,36079.0,0.0312577857,120930.0,9992.315789473683,0.022435686768421,167.55740423157894,80.75194065217391,12.917594391304348,12.866420927536232,37.95172268695652,704.6657278306063,5754.422202192136,1,3.7924518442110897,99.08053265694356,3.8499061176365448,3.8499061176365448
1877,NEW YORK,QUEENS,36081.0,0.0460298526,81399.0,711269.9103139014,0.0269150197474809,5313.988352313772,73.71055025875371,-342.1955673906071,-362.33838466723944,-295.14035107943874,691.8798291993927,6036.833835069144,2,3.642585696036344,98.66835764109068,5.413949755366108,5.589499808834482
1878,NEW YORK,RENSSELAER,36083.0,0.0330344103,82846.0,35708.30952380953,0.0043121086592857,1053.563199759524,81.00052464800001,26.914756991999997,2.691966448,64.0411744808,671.657622177986,4547.676270601396,1,1.84200237704548,86.17628408370324,1.043208676757435,1.043208676757435
1879,NEW YORK,RICHMOND,36085.0,0.0488112972,93337.0,121473.30275229356,0.0199709146508256,1688.9568344568806,69.58456973941368,-897.5503283313609,-910.7710259319526,-871.0115353970414,684.9782487798207,5614.043994699753,2,3.678503918404834,98.73176918199113,6.292701587951165,10.981740886062175
1880,NEW YORK,ROCKLAND,36087.0,0.0311896491,105923.0,59936.06153846154,0.0156547811276923,1269.2527905230768,76.73561738916257,-32.065949403940884,-37.06707076847291,-5.810010905911329,692.9797508851278,6050.309074907506,1,3.7704698191664447,99.01712111604311,3.4445957064210275,3.4445957064210275
1881,NEW YORK,ST LAWRENCE,36089.0,0.043721297,57832.0,2584.8928571428573,0.0133789736857142,262.0981245067857,72.77834989719626,-152.05384887850468,-185.38092185046727,-112.92057344299064,676.5496436581091,4100.317038571196,1,-0.1584118520774112,44.5149017121116,2.6367977842966965,2.6367977842966965
1882,NEW YORK,SARATOGA,36091.0,0.0288238749,94394.0,17360.96,0.0176645304020408,563.93303966,81.92117957246377,-51.982775517985615,-67.24521582014387,-16.10484025323741,678.7465267368146,4630.994402197608,1,2.40992438419552,93.2149651236525,1.4706199216618114,1.4706199216618114
1883,NEW YORK,SCHENECTADY,36093.0,0.0350904017,74791.0,47586.58139534884,-0.005850043088372,2318.1489290697677,79.1274656884058,-44.9800385942029,-69.55575146376812,-7.594749810869568,668.581269711019,4383.937863373635,1,1.5573643195327374,81.67406467977172,1.2866096283580315,1.2866096283580315
1884,NEW YORK,SCHOHARIE,36095.0,0.0415579201,63768.0,1485.75,-0.01208242765,118.1247943125,75.76754548484848,26.060287636363633,1.7118065151515152,66.88624122424243,684.3164234916618,4921.091402657655,3,0.3779287334495228,56.49968294229549,2.1115854212796887,2.3564360557837527
1885,NEW YORK,SCHUYLER,36097.0,0.0391795628,65210.0,873.0,0.0263547203999999,20.21493832,76.27298210526317,30.40379947368421,1.0559143684210526,75.18612370526316,663.9765254567352,5047.887338243833,3,-0.04339648920543347,47.08306911857958,2.0790835193400112,2.777968914715472
1886,NEW YORK,SENECA,36099.0,0.0348741794,58581.0,4690.3,0.0059988816999999,73.76646353,74.22376799999999,30.61546445945946,1.081646837837838,71.46140412972973,684.3297398865616,4281.642930552546,1,0.09710399593768965,50.25364616360177,1.825199198736262,1.825199198736262
1887,NEW YORK,STEUBEN,36101.0,0.0397000655,64261.0,5043.133333333333,0.0259584426556666,544.2239348893333,73.91103276086956,31.839581097826088,1.646189152173913,74.51876515434783,669.1059774039506,4273.956275365441,1,0.09425550118023614,50.126823081800886,1.3495750952055767,1.3495750952055767
1888,NEW YORK,SUFFOLK,36103.0,0.0339044405,123219.0,70245.58204334366,0.0132263282598136,1002.638227332298,77.46514808116233,-45.91295472472472,-48.94392724624625,-18.384657475575573,678.7103010345116,5371.772105616267,1,3.583889927610972,98.50982878883957,3.4354548674425547,3.4354548674425547
1889,NEW YORK,SULLIVAN,36105.0,0.0331780538,68063.0,2738.1666666666665,0.0054012023125,64.67354899166666,71.11787785897435,31.926724410256412,3.0829934615384613,70.9260688923077,669.4617870108274,4376.106785700338,0,-0.09301641474796302,45.90995561192137,1.746558450524707,1.8285511297151393
1890,NEW YORK,TIOGA,36107.0,0.0338416265,67616.0,3160.2,0.0152623921999999,183.48006206,81.01466164444444,25.983966022222223,2.398531111111111,67.14316440444443,677.9176614939826,3868.96247892138,1,0.4383678039433777,58.275206087507925,1.6322315362126312,1.6322315362126312
1891,NEW YORK,TOMPKINS,36109.0,0.0312702659,68222.0,20630.608695652172,0.0136989419695652,1880.9045017434785,79.18332934375,30.36180784375,4.1540181875,67.08574265,690.3437962711281,4304.014551138679,1,1.5092549895081433,80.72289156626506,1.251064790303327,1.251064790303327
1892,NEW YORK,ULSTER,36111.0,0.0344671918,84593.0,10857.148936170212,0.0008442079404255,460.7934163148936,78.09661548026315,24.612727486842108,4.438861447368422,61.80167526907896,674.2721772778065,4578.998700040836,1,1.4278695200478912,78.94736842105263,0.8980392372146654,0.8980392372146655
1893,NEW YORK,WARREN,36113.0,0.0368369196,73115.0,15724.368421052632,-0.0079174857842105,1163.92617649,80.0688550212766,26.275545936170214,3.0138031063829787,66.27254980638298,690.1159979127156,4896.970614966936,1,1.799740788786691,85.66899175649968,1.5018991165880418,1.5018991165880418
1894,NEW YORK,WASHINGTON,36115.0,0.0339858422,71396.0,4532.64705882353,0.0258321470470588,64.04602561470588,75.86242569565218,26.86093391304348,1.5051705434782607,70.34953630869565,673.1415247135654,4509.228527347163,1,0.5074273949397419,59.860494610019025,1.419770402308264,1.4197704023082642
1895,NEW YORK,WAYNE,36117.0,0.0336153723,73028.0,4837.95652173913,0.007620897,180.4111274363636,77.92553403278689,-135.35073516129034,-160.18073982258065,-93.45651497580644,666.5339824656738,4263.480233221892,1,0.7908159178812199,66.36017755231452,1.8045651679608323,1.8045651679608323
1896,NEW YORK,WESTCHESTER,36119.0,0.0337050157,114020.0,122836.08968609864,0.0089290410089999,2959.734405466368,77.04062186142856,-66.71553985795454,-67.13816363494318,-39.94853232386364,689.9970859925091,5430.274310087066,1,3.7970067141967476,99.11223842739378,3.366279859077852,3.366279859077852
1897,NEW YORK,WYOMING,36121.0,0.0392395525,70775.0,1205.090909090909,0.0009971885699999,29.051258127272728,78.54138347727273,27.51477147727273,0.6947644545454545,70.308574675,686.6363652263901,4599.151984034249,3,0.44311888460232235,58.43373493975904,1.350142348187039,2.375288489212517
1898,NEW YORK,YATES,36123.0,0.0315726598,66155.0,1577.8,0.01194797746,24.66937048,78.81733200000001,29.84265314285714,3.552125285714286,70.83284378095239,678.0068379560236,4357.144814644,3,0.2680807604066641,54.21686746987952,1.3002710837040259,2.1972725352911993
1899,NORTH CAROLINA,ALAMANCE,37001.0,0.0339492509,66395.0,22110.25,0.0010648012872222,474.9351828944445,76.53627266371682,35.83636262831858,2.192896876106195,66.17517358407079,665.5205400455972,3784.316581311395,1,0.34288107528647643,55.86556753329106,1.359490307087766,1.359490307087766
1900,NORTH CAROLINA,ALEXANDER,37003.0,0.0321989674,62976.0,3195.1428571428573,-0.0261328871428571,51.12699465714286,72.86001441666666,37.812305333333335,1.4749027083333337,69.74973679166666,672.7040419247944,3755.751106277661,0,-0.4484792728596477,38.61762840837032,1.9975389637479084,2.4569034053646033
1901,NORTH CAROLINA,ALLEGHANY,37005.0,0.0447726207,46571.0,958.6666666666666,-0.0102474836666666,23.206278066666663,70.91577972727272,47.26311327272727,0.4045334545454546,79.83859182727272,665.9338802091546,3911.6697116082073,0,-1.673986391732298,18.040583386176284,1.2231365064260238,3.3858177478689506
1902,NORTH CAROLINA,ANSON,37007.0,0.0403390821,50503.0,2085.6666666666665,-0.008671356,20.570328391666667,65.08397642105263,43.770460842105265,1.497232947368421,76.88785854736841,644.9004092447877,2848.392658949783,0,-2.6604186664818816,6.53138871274572,1.823889852657844,4.131974523203346
1903,NORTH CAROLINA,ASHE,37009.0,0.0300312012,54589.0,1910.1666666666667,-0.0342587341466666,25.752225943333332,73.8099495,42.56080822727273,1.544517818181818,72.00777782727272,677.9351301983006,3877.672452214999,0,-0.5874597715937381,35.89093214965124,2.238096374280685,3.005349879372544
1904,NORTH CAROLINA,AVERY,37011.0,0.0302641703,55922.0,1342.8,0.035367944854,22.23247464,71.3226126875,40.689483875,3.038609125,73.22333884375,664.7132493318061,3702.235376405239,0,-1.0824675626820277,26.410906785034875,1.295702039264214,2.939213014599952
1905,NORTH CAROLINA,BEAUFORT,37013.0,0.0404624277,55960.0,2784.0,0.0158563110545454,160.86936017272726,69.16811545714285,42.24823342857143,0.833942,70.37809437714286,670.1087331839327,3772.9870907753007,0,-0.9829957842280069,28.344958782498413,1.1853539696447608,2.3606284867478613
1906,NORTH CAROLINA,BERTIE,37015.0,0.0437686514,44371.0,1275.5,-0.032801331,6.6663493,63.88930152631579,-454.9882751,-499.5510727000001,-429.757016375,650.1251768531718,3188.399572344975,2,-2.1315439564119276,12.301838934686113,3.1288545495769964,7.061936815020519
1907,NORTH CAROLINA,BLADEN,37017.0,0.0422379935,49661.0,1888.6666666666667,-0.0103964885,22.7093837,66.05619177419355,50.021719612903226,1.294006258064516,74.97376177419355,645.9618758442432,3379.5186997271317,0,-2.3471099884480378,9.828788839568801,1.2111448285088804,3.7072153171337217
1908,NORTH CAROLINA,BRUNSWICK,37019.0,0.0420598681,76797.0,4076.0,0.045094603459375,71.51181408125001,69.19161074157304,-80.2529608888889,-108.18267306666668,-49.74466088666667,657.7843217044257,4094.376968298185,0,-0.2820545134407483,41.85161699429296,2.2857826768332847,2.300715817823404
1909,NORTH CAROLINA,BUNCOMBE,37021.0,0.0270656555,71218.0,32718.678571428572,0.0332311170551785,982.1809347267856,77.52631677272727,34.292863941558444,2.8033513441558444,75.16491415649351,668.4586176348741,3655.7871876458794,1,0.8545042697606474,67.56499682942295,1.614840338594754,1.614840338594754
1910,NORTH CAROLINA,BURKE,37023.0,0.0328021574,55616.0,9080.222222222224,-0.0251172212944444,188.7514515488889,70.23362834482758,40.38926553448276,1.0551282586206896,71.86281821896551,657.3420517406665,3193.558513866621,0,-1.0814526077442512,26.442612555485102,2.3246414907435766,2.913511525364371
1911,NORTH CAROLINA,CABARRUS,37025.0,0.0324456636,85540.0,26366.08108108108,0.013457328674054,471.6951351621622,74.6426384787234,30.739535829787236,2.6908429893617023,69.39572888404255,657.2428395120227,3527.9967929554928,1,0.5450610326275257,60.68484464172479,1.7599888428980608,1.7599888428980608
1912,NORTH CAROLINA,CALDWELL,37027.0,0.0338371741,56239.0,9018.411764705885,-0.0015122993464705,239.0541648411765,69.51450922580645,45.93398367741936,1.212029580645161,73.14849902258065,650.631794694308,3197.4640089067893,0,-1.2129258932034273,24.540266328471784,2.034340893464812,2.7707967833805403
1913,NORTH CAROLINA,CAMDEN,37029.0,0.0325288562,84656.0,568.5,0.0055152699999999,4.4591464,72.7697854,,,-1610.3655840666668,658.3941797254055,3950.095116546717,0,-0.46478713489514056,38.36398224476854,7.540520777435429,7.827430228223724
1914,NORTH CAROLINA,CARTERET,37031.0,0.0324248264,76397.0,5356.324324324324,0.0021738112666666,303.8415192105405,77.90925694202897,-388.748998875,-413.6693015,-349.28702863333336,666.7585070601723,4495.920224303313,2,1.531077259989488,81.16677235256817,1.9555980873796268,4.6078020089422465
1915,NORTH CAROLINA,CASWELL,37033.0,0.0355216285,57865.0,1167.3333333333333,0.0030673984166666,5.413370703333334,68.76972988888889,39.600661833333334,0.701980888888889,70.97669665555556,650.4594615112994,2861.920128476749,0,-2.2551145222922857,10.875079264426125,1.8028761747635815,4.059183536536823
1916,NORTH CAROLINA,CATAWBA,37035.0,0.0329104036,65898.0,24959.548387096773,-0.0055339448025806,472.7701427741936,74.87511722105263,33.92900131578948,2.4478658736842105,65.41677168,658.1726024847995,3664.902451295902,1,0.08234073983850519,49.84147114774889,1.7059477705400896,1.7059477705400896
1917,NORTH CAROLINA,CHATHAM,37037.0,0.0295716574,95716.0,3988.076923076923,0.0306835184307692,51.827560553846155,76.88312374285714,28.061254142857145,3.3712028,66.77005544857143,664.7686049780683,3758.0955792279738,1,0.7003201542345976,64.23589093214966,2.238338944356197,2.238338944356197
1918,NORTH CAROLINA,CHEROKEE,37039.0,0.0386579139,53926.0,1024.857142857143,-0.0354886708571428,19.138054424285713,62.696683761904765,43.37029,0.2588795714285714,75.71673256190476,654.7543565238309,3247.067011386476,0,-2.4035491687315385,9.13126188966392,1.9559336144343988,4.136487853863549
1919,NORTH CAROLINA,CHOWAN,37041.0,0.0360040568,60808.0,1384.0,-0.0483167836666666,104.89395663333332,69.6626365,,,-1365.4952436214285,654.8910746617416,3384.531218882538,0,-1.3317393315938364,22.606214331008243,6.515352326461787,6.95295251933837
1920,NORTH CAROLINA,CLAY,37043.0,0.037098692,53229.0,1448.5,0.0288226095,13.5835346,67.72640871428571,38.099324,1.005224,69.78703744285714,678.5453687423687,4834.079902319902,0,-0.6485541258147566,34.812935954343686,2.028191289413026,3.0759927925786967
1921,NORTH CAROLINA,CLEVELAND,37045.0,0.0346627436,61411.0,8994.90909090909,-0.0102300180227272,252.5543781872727,69.92046293506495,41.35416738961039,1.172741181818182,71.16085483766234,652.4083643752225,3393.89426353845,0,-0.9115247777697693,29.518072289156628,2.033320077742476,2.452490565995096
1922,NORTH CAROLINA,COLUMBUS,37047.0,0.0399462606,50837.0,1975.076923076923,0.0006074840307692,37.442431500000005,65.45534819148936,42.98080759574468,1.4227592765957446,72.26421022978724,645.7367735119237,3737.8871382687744,0,-1.999806639240133,13.918833227647431,0.7888913965203228,3.299252973389634
1923,NORTH CAROLINA,CRAVEN,37049.0,0.0346624907,61761.0,8454.42857142857,-0.0027677407614285,414.9202986857143,73.541343078125,-123.571872125,-154.35746807812498,-82.56607037500001,657.4331369267844,4694.564175015166,1,0.489181766565822,59.48002536461636,2.0060719201088064,2.0060719201088064
1924,NORTH CAROLINA,CUMBERLAND,37051.0,0.0471444465,61511.0,31949.382352941175,0.0135493995087878,573.896542725,74.07690964432989,-377.2848651282051,-408.4830455333333,-337.2643684569231,661.2326399285867,4614.563156593605,2,0.9030879233773517,68.48446417247939,2.32886196443372,4.713503067459025
1925,NORTH CAROLINA,CURRITUCK,37053.0,0.0305759022,86047.0,901.5,0.0246575545714285,21.478606128571432,78.24991092307692,,,-1276.1193695,655.8767247515699,4405.163790647959,1,0.4162566398106801,57.545973367152826,6.21708828673068,6.21708828673068
1926,NORTH CAROLINA,DARE,37055.0,0.0395457912,79646.0,3022.818181818182,-0.0122868403333333,198.33403779,86.48874154166667,,,-2449.78488183125,669.0879270372332,4484.559932032216,2,1.2820115411033934,76.53772986683578,10.294457751482522,10.926638777814624
1927,NORTH CAROLINA,DAVIDSON,37057.0,0.0336850899,63551.0,13305.029411764706,0.0070850377794117,233.70436653235296,73.18610075925926,35.8023871574074,1.513973777777778,65.73999094537037,648.614826397928,3338.5589620774504,0,-0.6577080895088416,34.559289790741914,2.212449861911978,2.266410448706502
1928,NORTH CAROLINA,DAVIE,37059.0,0.0314022478,76153.0,3872.428571428571,0.0156163032999999,61.43386744285714,75.48352344,28.569181,3.3292878000000004,69.297095496,675.803718054668,4078.386569266147,1,0.42238132824933877,57.73620798985415,1.5397723022889396,1.5397723022889396
1929,NORTH CAROLINA,DUPLIN,37061.0,0.0331478724,52947.0,1679.5454545454545,0.0131619107272727,29.824210172727273,72.14164388235294,45.370613294117646,0.7379869117647059,75.9165216382353,651.5856067867135,3289.9320521217655,0,-1.606787995317169,18.928344958782496,1.2368648256583363,3.2110350488227306
1930,NORTH CAROLINA,DURHAM,37063.0,0.0305756282,81413.0,86002.46666666666,0.0030746206256666,1927.3130727666664,77.74979483660131,-33.00165798692811,-61.69597377777778,3.719127942483659,674.4415761827921,4248.075620545674,1,1.8734460196257365,86.90551680405834,1.4179112958473168,1.4179112958473168
1931,NORTH CAROLINA,EDGECOMBE,37065.0,0.0573181682,49972.0,7461.285714285715,-0.0261788538714285,117.33898968571428,67.31894891489362,46.66177468085107,0.6196500425531914,75.7573219106383,651.1756487188472,4179.259003519298,0,-1.6339172654953706,18.547875713379835,2.3151779080219193,3.3735341274881705
1932,NORTH CAROLINA,FORSYTH,37067.0,0.0353355578,65556.0,56333.25806451613,0.0182334898377419,1117.7118730612904,73.34504197530865,34.522342074074075,3.75565283127572,72.07388008189301,661.9772887452455,3937.713869746578,1,0.4166846387605395,57.609384908053265,1.5552063229601993,1.5552063229601993
1933,NORTH CAROLINA,FRANKLIN,37069.0,0.034866065,70898.0,2279.4166666666665,0.0360122239166666,30.45116524166667,71.2717472,37.33536676666667,1.2897677333333335,66.63526726,652.0913559526952,3110.4511114322213,0,-1.2282150464418464,24.19150285351934,1.784917491676677,3.0679203760228866
1934,NORTH CAROLINA,GASTON,37071.0,0.0339184588,67076.0,24080.33846153846,0.02871321318,433.2979356246154,71.50466575144509,37.06494333526012,2.062300473988439,68.00416643872832,644.6660630160143,3478.9400114407545,1,-0.4531693532628567,38.52251109701966,2.2008373870217732,2.2008373870217732
1935,NORTH CAROLINA,GATES,37073.0,0.0334422449,64047.0,409.6666666666667,-0.0010078703333333,4.303073966666666,70.6546912,35.650838199999995,1.0954728,61.71150587,645.1579577784504,3383.005919872657,0,-1.9125446371540955,14.901712111604311,1.746952691424475,3.9471855795633317
1936,NORTH CAROLINA,GRAHAM,37075.0,0.043537415,51841.0,585.3333333333334,-0.0222770990333333,7.0819896,71.0974525,45.786087375,2.324399,73.690071575,657.2138417477493,3744.6540983689288,0,-1.9609947327549644,14.299302473050096,1.5220097287862921,3.8300339636241074
1937,NORTH CAROLINA,GRANVILLE,37077.0,0.0304780027,72896.0,3502.6153846153848,0.0024207480166666,95.08555897692308,67.668676,-282.07636421875,-311.26931653125,-251.90227318125,663.6599920143168,4390.739211619106,2,0.3998663607973968,57.102092580849714,2.736059432924869,3.7688224033846542
1938,NORTH CAROLINA,GREENE,37079.0,0.0289059262,52145.0,756.0,0.0202563819249999,12.69074445,65.91292169230769,-734.6885497692308,-768.1336836923076,-708.2031651923078,646.048415765491,2837.9905069168744,2,-1.2810554696050136,23.33544705136335,4.3316112212397035,9.695939573612153
1939,NORTH CAROLINA,GUILFORD,37081.0,0.0391404333,65890.0,70345.52100840336,0.0115398397936974,1226.202036965546,74.90611997250859,3.094175575342464,-31.21245930136986,39.7830540630137,660.4149713850146,3907.257821673907,1,0.4740437346709816,59.06785034876347,1.616778776893974,1.616778776893974
1940,NORTH CAROLINA,HALIFAX,37083.0,0.0517795995,48520.0,4639.416666666667,0.0047058549166666,285.99423620833335,61.62411921568628,48.66947762745098,1.0966441764705883,77.11052053333334,657.779390836205,3881.806752356957,0,-1.908287462862262,14.996829422954978,1.8210787036626348,3.303537277569223
1941,NORTH CAROLINA,HARNETT,37085.0,0.0390525313,70074.0,3634.6666666666665,0.0472527151229629,60.341879470370365,71.89847440983607,35.96870495081967,0.8932432131147541,64.79181661311476,649.7604174230016,3966.528888333249,0,-0.6657688297866761,34.464172479391245,1.6392164125410738,2.2854904126038114
1942,NORTH CAROLINA,HAYWOOD,37087.0,0.0301173403,64553.0,3949.5,0.02583612488,161.76845515,74.21668565957447,-174.3936694375,-206.6747281875,-143.12540856458335,664.2278006021362,3840.101536615111,1,0.15740372400841976,51.49017121116043,2.6226760694314213,2.6226760694314213
1943,NORTH CAROLINA,HENDERSON,37089.0,0.0290719344,63765.0,13026.222222222224,0.0036203939384615,336.3973189888889,73.73305214084506,-106.15883613888889,-136.6196613472222,-66.30195744722222,667.816808854615,3765.4441833905057,1,0.34160420135365815,55.83386176284084,1.8833575378252183,1.8833575378252179
1944,NORTH CAROLINA,HERTFORD,37091.0,0.0467023173,48964.0,2461.8,0.0038200505799999,47.03508196,64.6534107368421,46.76892821052632,0.9776301578947368,75.92881133157894,657.7384624760163,3394.079998117666,0,-2.211936662894333,11.255548509828788,1.1139042456160828,3.5021330014676257
1945,NORTH CAROLINA,HOKE,37093.0,0.0443848965,60257.0,1831.4444444444443,0.0711034915,99.02586136666666,68.53506691666666,-366.01590436,-399.6114946400001,-336.28569747200004,651.5263050047769,4116.309391002472,2,-0.5836589962991228,35.92263792010146,2.4293341449315418,5.270773339287293
1946,NORTH CAROLINA,HYDE,37095.0,0.0580608794,49781.0,1259.0,0.021323171,1.9911865,75.92632275,,,-3291.9317792333336,653.7759445415695,3000.233561577312,2,-2.381254666668643,9.289790741915029,13.626751830874467,15.11359823644145
1947,NORTH CAROLINA,IREDELL,37097.0,0.0324595292,84335.0,16732.522727272728,0.0200740858704545,336.6809858977273,73.86239725892857,30.4467955625,3.6651101875,59.73087340178571,655.51756184942,3425.8388591077105,1,0.2527571200210395,53.67786937222575,1.8979691946850326,1.8979691946850326
1948,NORTH CAROLINA,JACKSON,37099.0,0.0359460809,55462.0,3236.6666666666665,0.0151974652999999,44.29087078777778,74.61245157692308,42.468312000000005,1.0789978846153845,71.44042953846154,662.844031631307,3480.9006886776674,0,-0.984948949978768,28.28154724159797,1.3031536549411429,2.561350384431665
1949,NORTH CAROLINA,JOHNSTON,37101.0,0.0317958429,79666.0,6451.76,0.0356363087839999,160.216793772,73.24657388095238,33.57493588095238,1.3756300833333333,62.32766841785714,661.25661082535,3697.198229534686,1,0.10978150118025334,50.538998097653774,1.7312048332423982,1.7312048332423982
1950,NORTH CAROLINA,JONES,37103.0,0.0315789474,53001.0,410.3333333333333,-0.014976936,2.4339429,70.90425857142857,38.21453842857143,0.7069048571428571,71.99283652857143,639.8492416988648,3831.618292966225,0,-2.0289904206145266,13.633481293595434,1.9396513560893034,4.168922201640718
1951,NORTH CAROLINA,LEE,37105.0,0.0398381575,62680.0,11175.692307692309,0.0078180025815384,320.7074966923077,76.52712510810811,34.02819,0.9947592972972974,64.69481210810811,663.7368154343138,3466.082544666419,1,-0.30586592076994606,41.34432466708941,1.8913605155549613,1.8913605155549613
1952,NORTH CAROLINA,LENOIR,37107.0,0.0343412527,51601.0,8782.666666666666,0.014791767122,438.5205970266667,69.946232,45.84651072340426,0.7658887021276596,75.56888126170213,658.5294634622229,3324.7648840151614,0,-1.0446935931164272,27.362079898541538,2.0256103151336067,2.5893306670868848
1953,NORTH CAROLINA,LINCOLN,37109.0,0.030020507,79109.0,7800.166666666667,0.0015815717,160.23069762777777,74.04644968,30.87483212,3.43672054,60.296530828,654.6511044983225,3400.6608922792548,1,-0.08700036986973017,46.16360177552315,2.0606358150466524,2.0606358150466524
1954,NORTH CAROLINA,MCDOWELL,37111.0,0.0322055632,53697.0,5264.6,0.04413974611,153.99474439,70.51557738709678,42.134799032258066,1.1550784838709678,74.35597461612903,664.4135243034696,4037.926606906632,0,-0.5601170032479436,36.36651870640456,1.762247835784106,2.2036415439294634
1955,NORTH CAROLINA,MACON,37113.0,0.0316555488,58765.0,1811.2222222222224,0.0056360230211111,82.35249332222222,72.28635875,38.88299871428571,1.4495732142857145,74.273496625,675.6139451751952,4186.227099459994,0,-0.3115567873903831,41.1857958148383,1.641897821755801,2.1510486128003965
1956,NORTH CAROLINA,MADISON,37115.0,0.0316653636,59505.0,833.1666666666666,-0.0038913034999999,9.794522283333334,68.6222560625,40.198040875,0.4100028125,69.235442875,663.1786951925579,4252.649399882904,0,-1.0591517696537764,27.013316423589096,1.4606135423947608,3.126521203551759
1957,NORTH CAROLINA,MARTIN,37117.0,0.0436039787,49033.0,2447.3333333333335,0.03029439795,42.89540291666666,64.98241928571429,45.30370823809524,0.5978494285714285,72.1881812,647.2859459537161,2885.116419290948,0,-2.598373214102491,7.260621433100824,1.6784585165804897,3.9702437470999734
1958,NORTH CAROLINA,MECKLENBURG,37119.0,0.0335769384,84796.0,122710.82403433476,0.0435760644120171,2057.4130068708155,79.40000014673913,-63.69539970450451,-83.81061842162163,-26.24069680234234,668.6670483387205,4171.479032299633,1,1.9771216059750094,88.0152187698161,1.9263965675677455,1.9263965675677455
1959,NORTH CAROLINA,MITCHELL,37121.0,0.0362049459,56746.0,2033.25,0.009084839,30.6221069,69.10327542857144,45.14946507142857,1.9551447857142856,73.09402902142857,679.3721478207987,3752.6033299913497,0,-0.9617320192959885,28.852251109701964,1.2653649750552072,2.71107998375384
1960,NORTH CAROLINA,MONTGOMERY,37123.0,0.0362454359,55005.0,1568.0,0.0103051079999999,18.801139433333333,63.099571454545455,46.203357090909094,1.350662409090909,75.16465775454546,663.1918242423652,3522.1808275277754,0,-1.877856788818372,15.313887127457196,0.9880199712361993,3.41273704308865
1961,NORTH CAROLINA,MOORE,37125.0,0.0344130495,78955.0,7746.277777777777,0.0121193272444444,200.01402683333333,72.39154524561403,34.1147288245614,3.386367526315789,73.08093020701754,670.3675726241798,3838.8387704917736,1,0.2619313008529698,53.89980976537729,1.365118387943074,1.365118387943074
1962,NORTH CAROLINA,NASH,37127.0,0.0455118297,65457.0,11488.277777777776,0.0078708453944444,325.5724826833333,73.19772555384615,36.6187226,2.3838882153846153,66.3268277476923,660.1900190630279,3737.9533186977583,1,-0.457701531199888,38.45909955611921,1.8302330373313143,1.8302330373313143
1963,NORTH CAROLINA,NEW HANOVER,37129.0,0.03142696,79106.0,47397.555555555555,0.0260313795477272,1171.787818727273,77.94514248305084,-135.174499575,-162.535016475,-98.38290221083334,664.0506540462852,4215.149386763038,1,1.6014686742388478,82.46670894102726,1.8223446651890245,1.8223446651890245
1964,NORTH CAROLINA,NORTHAMPTON,37131.0,0.0459548707,44182.0,1718.6,-0.01061463442,9.00712058,61.9262325,46.775541136363636,0.203153,73.85858761363636,642.270428507788,3482.1825548979928,0,-2.944854836266005,4.153455928979074,1.5880317836529434,4.3009310756375765
1965,NORTH CAROLINA,ONSLOW,37133.0,0.0401247879,66982.0,12421.15625,0.0275681364133333,345.24904666451613,78.15965102105264,-491.93654761458333,-519.6529524062499,-447.60041416145833,656.5378667841023,4906.320387118858,2,1.5148254975559223,80.84971464806596,1.7962342592257887,5.917076094841018
1966,NORTH CAROLINA,ORANGE,37135.0,0.0289120356,86736.0,38953.78571428572,0.0413236009114285,948.6747227928572,80.19313068,-101.69558570666666,-123.95778790666668,-72.32316880399999,686.1266182657026,4145.401803069723,1,2.231482261515532,91.62967660114141,1.8671799274138599,1.8671799274138599
1967,NORTH CAROLINA,PAMLICO,37137.0,0.0326164875,61996.0,671.25,0.0218507920499999,6.7244475,69.01828925,-737.4443722307692,-767.4538577692308,-697.2204504692307,644.7562687175943,3464.486659732508,2,-0.6483339807380228,34.84464172479391,3.8140666635913227,9.433291448154785
1968,NORTH CAROLINA,PASQUOTANK,37139.0,0.0405460831,59463.0,7287.9,0.0125706244169999,589.340126159,73.24799128000001,-351.5146782307692,-382.78969665384614,-322.03783945,667.6066059674903,4618.711496815807,2,0.7601349492823383,65.47241597970832,2.018108440182633,4.361775810348608
1969,NORTH CAROLINA,PENDER,37141.0,0.0319527379,72161.0,1407.6875,0.0188849110133333,32.20576144533333,74.81736080645162,-279.45225503125,-309.93281965625,-248.620402753125,659.5016393505891,4178.530474224246,2,0.2643913357736434,54.09004438807863,2.752586469199513,3.907381077949592
1970,NORTH CAROLINA,PERQUIMANS,37143.0,0.0400158479,61157.0,578.6666666666666,-0.0008519056666666,10.583437266666667,64.4642136,,,-1608.4830207666666,654.1724959748694,4020.3268949548674,0,-1.7295715491258201,17.279644895370957,7.247381470305454,7.936516421932773
1971,NORTH CAROLINA,PERSON,37145.0,0.0348825065,64466.0,2127.1428571428573,-0.0044917843571428,147.1209902,73.97056884615384,38.56643280769231,0.7851063076923077,67.09347313461538,659.2027139167164,3790.110251504619,0,-0.5704051527240876,36.20798985415345,1.5525819464626207,2.116232377718523
1972,NORTH CAROLINA,PITT,37147.0,0.0393285479,60268.0,22777.75,0.01979372280625,742.77554026875,77.24607821875,41.2534468125,2.2030637291666664,68.9799969,662.6257989004921,3621.9798182195304,1,-0.011991534328479724,47.875713379835126,1.7753078935598259,1.7753078935598259
1973,NORTH CAROLINA,POLK,37149.0,0.0328440173,59012.0,2307.5714285714284,0.0295096727142857,56.71364378571429,68.08789741666666,32.68797083333333,1.571754,76.17862765,657.9166419229635,3395.61661846925,0,-1.3428760010117267,22.447685478757133,1.2039870540796902,2.8680890059261883
1974,NORTH CAROLINA,RANDOLPH,37151.0,0.0360633173,59336.0,12485.607142857143,-0.0034100951367857,271.433325125,74.29945958139534,35.86106373255814,1.0787032441860465,67.62781103139535,663.5901424864878,3907.8107635067095,1,-0.16672892090424063,44.26125554850983,1.6215342075325003,1.6215342075325003
1975,NORTH CAROLINA,RICHMOND,37153.0,0.0456570156,50242.0,4905.636363636364,0.0093924179090909,174.59832814545456,62.56401912195122,46.04544392682927,0.6918295609756098,75.87231008292683,651.9984040837645,3215.8092644955123,0,-2.19584478814157,11.382371591629676,1.6981616873726118,3.482489745701779
1976,NORTH CAROLINA,ROBESON,37155.0,0.0496889258,42180.0,6262.806451612903,-0.0043746658019354,312.0477366696774,60.382185602272735,50.674032125,1.2333252159090908,76.96783516477272,645.7626435372625,3123.304894645671,0,-2.7102358791532666,5.960684844641725,2.3872710128171364,4.096766147686522
1977,NORTH CAROLINA,ROCKINGHAM,37157.0,0.039703869,58508.0,4340.619047619048,0.0021092267142857,133.32984374761904,69.93291382608696,38.39197365217392,1.100116811594203,71.90117899275363,657.4804835280438,3992.954821542482,0,-0.8693064494106976,30.215599239061508,1.2309020524766265,2.1274958126327665
1978,NORTH CAROLINA,ROWAN,37159.0,0.0338293033,65139.0,14377.033333333333,0.0074732152559999,369.80527112,70.98653521276596,36.04528372340426,1.306276829787234,67.97255491808511,653.6160888714356,3467.7652946014164,1,-0.5137374150083833,37.317691819911225,2.046901671919279,2.046901671919279
1979,NORTH CAROLINA,RUTHERFORD,37161.0,0.0461216792,50714.0,4276.538461538462,0.0054567017907692,112.18459376923076,65.98574113461538,42.404710807692304,1.4718047500000002,72.96722492692308,662.4833809693463,3111.4892669786286,0,-1.9568727961013859,14.426125554850982,1.6182746959711332,3.350872552766581
1980,NORTH CAROLINA,SAMPSON,37163.0,0.0354921724,53637.0,2509.5454545454545,0.0064658890090909,38.85306397272728,71.32836748888889,40.74869331111111,1.153212111111111,70.53716286888888,644.9238029114135,3434.67476350707,0,-1.6132585253141027,18.864933417882053,1.1166516456896245,3.0486788294071854
1981,NORTH CAROLINA,SCOTLAND,37165.0,0.0630678781,45604.0,6890.0,-0.0196278713285714,136.02530342857142,57.18979292592593,51.90559155555556,0.8500462962962964,78.23539947407407,642.8469046980429,3252.75004980967,0,-3.1981486473807417,3.0437539632213064,2.9769571830759185,4.737292725721505
1982,NORTH CAROLINA,STANLY,37167.0,0.0302284272,65784.0,4423.538461538462,0.0019124686692307,178.30710632307694,72.39429002173914,38.26145543478261,1.0847613260869564,66.88818856956522,652.4584013037487,3770.7525782505513,0,-0.4678940432084443,38.33227647431833,1.7843278144865702,1.9692437646408387
1983,NORTH CAROLINA,STOKES,37169.0,0.0310461296,61374.0,2863.222222222222,0.00220851047,34.96170345555556,71.22095896774194,37.885381,0.5025264838709677,68.2617265,671.1873140106421,4225.969991674903,0,-0.34428560908709255,40.646797717184526,1.5880357569851453,2.1561148503644647
1984,NORTH CAROLINA,SURRY,37171.0,0.0316978638,58211.0,5377.318181818182,0.0016889638954545,188.75569075,71.69574716949153,41.21858515254237,1.4579387118644067,70.40553445084747,664.15360176681,3801.304338927919,0,-0.4963382881061875,37.66645529486367,1.6986799569411746,1.9589045792699635
1985,NORTH CAROLINA,SWAIN,37173.0,0.0293580559,54357.0,1920.2,0.0766015407999999,24.476843696,70.16810254545454,-796.1153896666666,-832.9859218333332,-771.5777181083334,648.8575644206146,3153.6776130148055,2,-0.37076838109459603,40.26632847178186,4.836108718997746,10.20901023607761
1986,NORTH CAROLINA,TRANSYLVANIA,37175.0,0.0322753808,62002.0,2432.1428571428573,-0.0002045919428571,59.55302897142858,73.28790248,35.19087908,2.00058972,65.308465572,665.0349625043044,4032.8797841494343,0,-0.4339260745409765,38.83956880152188,1.4627265039239303,2.074172737019436
1987,NORTH CAROLINA,TYRRELL,37177.0,0.0505660377,46072.0,745.0,0.0061558578,1.9612631,68.12323925,,,-1940.61318512,664.0027420343138,4575.037216605392,2,-1.7831015659089504,16.423589093214964,8.641661663315945,9.464919030508634
1988,NORTH CAROLINA,UNION,37179.0,0.029963956,98776.0,17116.60975609756,0.0638566999902439,207.35409,76.93538895145632,20.784530990291262,5.827413990291262,46.925768878640774,664.1679555126151,3964.375507846804,1,1.3494671181482654,77.67913760304376,2.2636542343832535,2.2636542343832535
1989,NORTH CAROLINA,VANCE,37181.0,0.0538443171,45408.0,8312.0,0.00776596111,335.495100632,62.7113560909091,47.61400887878788,1.1347530303030302,74.08507653939394,667.2143373201784,3270.067210141548,0,-2.0663779834911047,13.126188966391883,2.328283402605566,3.6376157857748708
1990,NORTH CAROLINA,WAKE,37183.0,0.0300086003,103084.0,97580.4705882353,0.044097291991016,1390.263611900535,79.2779978370044,-88.5763646065934,-102.97509305714286,-53.92561663406593,682.5153650937581,4154.77696839984,1,2.7400900703780797,95.49778059606848,2.516620968780112,2.516620968780112
1991,NORTH CAROLINA,WARREN,37185.0,0.0537019384,47866.0,554.6666666666666,0.0524043799999999,9.943386516666669,59.41045246666667,43.59353753333333,0.9245439333333334,72.51390177333333,651.5768318044438,3403.852132857543,0,-3.249710058021337,2.8218135700697524,2.0835326023717884,4.801352087195956
1992,NORTH CAROLINA,WASHINGTON,37187.0,0.0479055774,47239.0,884.3333333333334,-0.0503840086666666,15.786366466666664,63.85223914285714,-625.5672575333333,-665.8321732,-599.3651267933333,641.7881396785401,3367.3762647512995,2,-1.919340331344976,14.838300570703868,3.69872016973628,8.770578436309622
1993,NORTH CAROLINA,WATAUGA,37189.0,0.0299976643,62045.0,8048.923076923077,0.0092741156230769,238.24726773846157,81.93083464516128,43.05804235483871,2.308020193548387,65.93421443870967,690.6512547517635,3965.7755168936246,1,0.902730108833155,68.45275840202916,1.694276443558935,1.6942764435589348
1994,NORTH CAROLINA,WAYNE,37191.0,0.0374334667,56313.0,11335.615384615385,0.0013670857884615,290.1369958269231,73.64980113333334,38.80635541333333,1.1773527333333331,68.516885324,660.9399050841627,4114.032204530141,1,-0.2531479523103901,42.32720355104629,1.6533927008282876,1.6533927008282874
1995,NORTH CAROLINA,WILKES,37193.0,0.0372536361,50848.0,5660.928571428572,-0.0147277769285714,148.92753248571427,66.41476573584906,48.41734335849056,1.2894273396226414,76.26279299245283,674.800819857419,4206.679686401311,0,-0.7491202221523858,32.815472415979706,1.9294982680388644,2.5102775640852895
1996,NORTH CAROLINA,WILSON,37195.0,0.0494372754,52620.0,15467.78947368421,0.0045201895310526,553.3035531789474,69.98921556363636,42.97682196363636,1.0039982545454544,73.19827246909091,660.9506422331135,3444.3340804516683,0,-1.1554724494385495,25.459733671528216,2.3027243336234533,2.7213613754334625
1997,NORTH CAROLINA,YADKIN,37197.0,0.0314629714,61626.0,1327.428571428571,0.0131614141285714,33.46830137142857,73.01156289285714,40.421812571428575,1.8039085357142857,69.16230200714286,663.5216078856323,3797.200356091479,0,-0.787337926637753,31.705770450221944,1.2320242925834073,2.54357462615441
1998,NORTH CAROLINA,YANCEY,37199.0,0.0311790706,54913.0,928.6,0.0514143846,12.93554806,71.78773346153847,40.54793169230769,0.7125383846153847,69.97258465384616,668.7686309389424,2916.53957291597,0,-1.6379921440861753,18.516169942929615,2.1654300950693526,3.8952457725159917
1999,NORTH DAKOTA,ADAMS,38001.0,0.0178571429,58192.0,905.0,0.00073367835,0.92343301,85.28606233333333,36.56862533333334,3.0254353333333337,75.21924589999999,739.9066666666668,5506.316666666667,3,2.123932995652829,90.29803424223208,2.5980000596803134,5.124338456343556
2000,NORTH DAKOTA,BARNES,38003.0,0.0211538462,70559.0,2102.5,0.0388689315,215.3700123125,88.84554861538462,29.37233953846154,3.852464461538461,70.75030341538462,715.8611149669108,5658.2695031211115,3,2.98957193434336,96.60748256182626,2.5852552272647613,3.633071248470952
2001,NORTH DAKOTA,BENSON,38005.0,0.0268980477,60632.0,487.25,0.063145499925,1.8046402875,77.167604875,42.692752625,1.71144875,74.212420475,657.8931136553505,3456.2477631104275,0,-1.2154401457990451,24.445149017121114,2.633225282504443,4.119973417922116
2002,NORTH DAKOTA,BILLINGS,38007.0,0.0172043011,82565.0,535.0,0.14229622,0.48134965,84.163701,23.646724,3.703704,69.8005676,738.8,5236.5,3,2.5141788138122787,93.91249207355739,4.665135769812288,6.33376809271285
2003,NORTH DAKOTA,BOTTINEAU,38009.0,0.023611573,74272.0,1297.6666666666667,-0.0122074913333333,100.69256588666669,80.15171585714286,33.91618057142857,4.671088714285714,69.56255614285713,698.7838352450909,5051.680446624571,3,1.6564673131067598,83.29105897273304,1.5620743750405521,2.6927559403424057
2004,NORTH DAKOTA,BOWMAN,38011.0,0.0128865979,68434.0,780.0,0.036757858,38.827308505,89.05230925000001,25.62055525,3.7580265,64.220001225,737.7531250000001,6554.578125,3,3.6998412936126446,98.76347495244134,3.8116995952742285,5.5267985005414175
2005,NORTH DAKOTA,BURKE,38013.0,0.015917603,79188.0,605.0,0.093276501,0.78653967,82.5910145,32.485996,4.9475345,64.00512885,740.25,6480.5,3,3.162749810102984,97.20989220038047,4.382295600982897,6.2691998874330785
2006,NORTH DAKOTA,BURLEIGH,38015.0,0.0174999519,86521.0,37451.0,0.0609438475315789,1929.7504083515787,88.51271854545455,23.368197545454542,2.9036996545454548,62.69986443818182,690.619857818591,4895.535011520412,1,3.421580753438955,98.16106531388714,2.8322386248715112,2.8322386248715112
2007,NORTH DAKOTA,CASS,38017.0,0.0168554974,75477.0,72715.45454545454,0.0419664123969696,2486.5572113342423,89.43427788541668,29.200766677083333,3.988791010416667,68.516108634375,689.3238351800009,4285.471131057853,1,2.930736188413475,96.29042485732403,2.643768464139925,2.6437684641399244
2008,NORTH DAKOTA,CAVALIER,38019.0,0.0223189984,80749.0,1301.0,0.0076922365,72.172110115,84.9315316,20.9375314,2.3966774,65.72857206,739.740625,5742.2734375,3,3.2526261656446476,97.52694990488268,2.778131797960871,4.310618555045642
2009,NORTH DAKOTA,DICKEY,38021.0,0.0168290523,72643.0,591.6666666666666,0.0278838850666666,27.351148483333333,89.99112142857143,35.64388357142857,3.668045857142858,74.25145448571428,726.1736130390077,5830.935479724953,3,3.0231393050016866,96.73430564362714,2.6302463528071556,4.640837071463998
2010,NORTH DAKOTA,DIVIDE,38023.0,0.0116429495,75310.0,1013.0,0.066429146,0.81219172,90.952274,28.9643255,5.7275615,65.34791945,735.05,6430.5,3,3.6193002504678597,98.63665187064046,4.032169253635572,6.038529526811633
2011,NORTH DAKOTA,DUNN,38025.0,0.0113815997,87618.0,2846.0,0.1406444,1.3393346,87.26045633333335,26.529484333333333,7.311024,52.57119753333333,694.3810083791851,4679.23280109325,3,2.2491707669061105,91.88332276474318,4.432352113394382,5.360490966134583
2012,NORTH DAKOTA,EDDY,38027.0,0.0263157895,66603.0,624.0,0.0011982312,1.0362266,87.57825700000001,36.39956633333333,1.1474693333333337,80.62045543333333,740.4256097560975,5018.963414634146,3,1.9182764342148668,87.50792644261256,2.1880912285364302,4.848504279337994
2013,NORTH DAKOTA,EMMONS,38029.0,0.0414402174,65012.0,866.0,-0.010893655,0.58791006,84.98037575000001,40.04378125,2.844703,76.658667575,756.6606481481482,5380.986111111111,3,1.8586767762948608,86.52504755865567,3.1934213224639976,5.4271689297506605
2014,NORTH DAKOTA,FOSTER,38031.0,0.0184331797,71345.0,1519.0,0.0031604809,2.3605208,86.54510333333333,33.38027,3.7703333333333338,69.536349,730.8214285714286,6106.736607142857,3,2.9237712243477523,96.2270133164236,2.858865971549403,4.986208936362822
2015,NORTH DAKOTA,GOLDEN VALLEY,38033.0,0.0162037037,59464.0,695.0,0.017095836,0.628506,88.347956,41.805195,0.5064935,64.1038971,739.05,5485.5,3,2.2873367338595307,92.2003804692454,2.6749621858221837,5.275928074923354
2016,NORTH DAKOTA,GRAND FORKS,38035.0,0.0171750698,72369.0,22737.88888888889,0.0134605698138888,1192.9291055722222,87.36597451851851,31.557230555555552,3.2935210555555554,59.77551527222222,675.5519192345613,4338.067469516344,1,2.1943978827652177,91.09067850348764,1.9503638546522764,1.9503638546522764
2017,NORTH DAKOTA,GRANT,38037.0,0.0161681487,51827.0,604.0,-0.007801617,0.32185367,83.70015649999999,35.071828000000004,2.3328245,71.99338915,743.9115384615385,5356.538461538461,3,1.7547240641156656,85.03487634749524,2.878648362865297,5.461624861106383
2018,NORTH DAKOTA,GRIGGS,38039.0,0.0194741967,71071.0,845.0,0.010547621,1.2838329,85.050407,28.4000975,1.508568,80.3658104,740.1428571428571,5696.107142857143,3,2.5636040708532284,94.26125554850982,2.6148279424262455,5.049959715171782
2019,NORTH DAKOTA,HETTINGER,38041.0,0.0162962963,64506.0,318.5,0.0161609468,0.54427402,82.554654,34.242727333333335,4.593769,78.69824473333334,747.6567307692308,5871.288461538461,3,2.3206705308218596,92.35890932149651,3.1914538309893454,5.744796668037702
2020,NORTH DAKOTA,KIDDER,38043.0,0.031507877,60473.0,566.0,-0.0056509236,0.38188589,87.299466,34.023567,2.512977,65.92536923333334,748.520652173913,5550.788043478261,3,1.9997950901172998,88.52251109701966,2.9122912983516103,5.444463983130653
2021,NORTH DAKOTA,LA MOURE,38045.0,0.0180608365,69797.0,634.0,0.009900424555,1.229761915,89.79327975000001,27.50527275,2.913891,69.20498942500001,750.6391304347826,5075.913043478261,3,2.5807359530198806,94.51490171211161,2.7555985218723036,5.285878050288987
2022,NORTH DAKOTA,LOGAN,38047.0,0.0233372229,61043.0,531.0,0.024214387,0.54592079,86.54435749999999,30.2816355,3.090891,76.32498555000001,751.8499999999999,6024.5,3,2.5462551801027984,94.13443246670894,3.3641550173247423,5.817005226627361
2023,NORTH DAKOTA,MCHENRY,38049.0,0.0280433397,68973.0,576.5,0.01810180905,0.6553756,83.47319225,34.05777325,2.988424,64.653209675,708.21417206436,5772.795445730127,3,1.5858625568107785,82.18135700697526,1.9638485571995608,4.467753572995261
2024,NORTH DAKOTA,MCINTOSH,38051.0,0.018639329,60218.0,942.0,-0.011024464,0.93871862,82.91733466666666,40.92200666666667,2.1587433333333332,76.86997733333332,745.5229166666667,6092.416666666667,3,2.4771239918284538,93.65884590995562,3.3006250826879855,5.595069636888544
2025,NORTH DAKOTA,MCKENZIE,38053.0,0.012649189,99157.0,4155.25,0.2497595075,77.38534607,80.58000249999999,27.94280116666667,6.990479833333333,60.740153633333335,681.5367857142858,4427.307142857143,1,2.2963350263178834,92.26379201014585,7.600341533538392,7.600341533538392
2026,NORTH DAKOTA,MCLEAN,38055.0,0.0241952451,78277.0,1579.0,0.0256778175,1.78319358,81.5626428,27.2224625,2.4449763,67.13959923,688.8701378883436,4450.748178645621,3,0.9520092643182954,69.6575776791376,1.1999286089145271,3.140375248230828
2027,NORTH DAKOTA,MERCER,38057.0,0.0256760448,85274.0,2926.3333333333335,0.0404420063333333,45.971343166666664,83.70652,25.923861,2.0163335714285715,62.58232607142857,689.9341826618188,4288.329718481799,3,1.596209285701385,82.3715916296766,1.853143275943844,2.269286507524124
2028,NORTH DAKOTA,MORTON,38059.0,0.0232395189,80159.0,11343.8,0.0183394083799999,428.369850088,88.79207445,25.29119435,2.9113805000000004,53.222513395,691.6588682288622,4483.017611097495,1,2.459548507274256,93.46861128725428,1.9259210434678642,1.9259210434678642
2029,NORTH DAKOTA,MOUNTRAIL,38061.0,0.0122801698,73541.0,2391.6666666666665,0.100607461,7.425204566666667,84.8525785,23.054802166666665,6.018011833333333,55.187274300000006,684.8618181506208,5050.952218443876,3,1.8601036436744989,86.58845909955612,3.152991065002121,4.164384023642318
2030,NORTH DAKOTA,NELSON,38063.0,0.0248618785,69274.0,858.0,0.0083081182,0.88003868,86.57053875,35.68271175,1.46986925,77.585544575,735.2029411764706,5175.632352941177,3,2.033729141727553,88.93468611287254,2.019839517322232,4.659108968586186
2031,NORTH DAKOTA,OLIVER,38065.0,0.0305775764,81382.0,804.0,0.010964908,0.97714776,81.7918565,23.5969695,0.6976745,56.81472015,741.1404411764706,6131.426470588235,3,2.6386507941942163,94.83195941661381,3.126262277828325,5.248255448301743
2032,NORTH DAKOTA,PEMBINA,38067.0,0.0281037678,75603.0,605.8,0.0103031030599999,41.036074,87.004624,26.7000946,1.6871835999999998,72.6181858,675.59619995767,4130.798330212035,3,0.7879129321447349,66.23335447051363,1.7175112406524897,2.761605006913973
2033,NORTH DAKOTA,PIERCE,38069.0,0.0252643948,61222.0,785.0,0.0053324669,1.6140976500000002,88.9806554,35.559475400000004,1.3177034,75.67010954,703.3162903696556,4479.391895333685,3,0.9892559424694976,70.35510462904249,1.2381441641398092,3.907096927541149
2034,NORTH DAKOTA,RAMSEY,38071.0,0.0205128205,70084.0,3129.6666666666665,0.0224083967333333,189.95962991,84.89857500000001,32.289905,2.640747333333333,60.73189259166667,675.8903489901076,4246.405791604875,1,1.2703060380160534,76.31578947368422,1.9327413118249956,1.9327413118249956
2035,NORTH DAKOTA,RANSOM,38073.0,0.0152671756,78270.0,604.6666666666666,0.0095735682733333,53.80586043333333,86.589718,28.158239499999997,0.7646718333333333,59.70443661666667,728.7353260869565,5819.739130434782,3,3.1379280185017033,97.1147748890298,2.6986504910368794,4.501654017304163
2036,NORTH DAKOTA,RENVILLE,38075.0,0.0170454545,74336.0,724.0,0.025979407,0.96801448,86.56105566666668,21.456014666666665,2.889965666666667,63.6686185,738.8499999999999,7064.0,3,3.58700555697308,98.54153455928979,4.337778855426454,6.331679203155894
2037,NORTH DAKOTA,RICHLAND,38077.0,0.0168671989,76371.0,2225.5,0.01482711225,176.10753819666664,88.24489059999999,25.52470793333333,2.620482733333333,58.24507623333333,682.6119814283459,4651.212977990474,3,2.0226432805466374,88.74445149017122,2.0506660452040397,2.4463174181263856
2038,NORTH DAKOTA,ROLETTE,38079.0,0.0551330798,56952.0,1013.0,0.0575206148,11.41162223,62.72977958333333,48.94993266666666,1.364669,72.79971027500001,663.8290286795917,4348.981454266795,0,-1.9291554637542727,14.711477488902979,2.0674055793835624,3.9810091484175802
2039,NORTH DAKOTA,SARGENT,38081.0,0.0151380232,79053.0,1309.0,0.0206487715,3.8704488,86.451577,29.6986165,1.6522741666666667,72.15623028333333,733.9910714285714,5386.8125,3,2.8552017535774885,95.94166138237159,2.354976558555931,4.5662976951982674
2040,NORTH DAKOTA,SHERIDAN,38083.0,0.0261538462,62251.0,208.0,0.0080436552,0.23653328,80.996068,36.170213,1.309329,81.8330612,742.595,4585.891666666666,3,0.9310189067715751,69.15028535193404,2.4150305892641315,5.167391095449362
2041,NORTH DAKOTA,SIOUX,38085.0,0.0237510238,46931.0,707.5,0.1207903035,2.080869065,62.544014,47.76944175,1.453475,72.0083599,649.7895535714287,3703.181150793651,0,-2.2399790169930216,11.033608116677234,3.765564698665954,5.429873623493281
2042,NORTH DAKOTA,SLOPE,38087.0,0.0235988201,56665.0,160.0,0.16161054,0.21235931,79.830149,39.930556,3.125,,757.3,5941.5,3,1.8748318803665205,86.96892834495878,5.805466643617409,7.642847184479106
2043,NORTH DAKOTA,STARK,38089.0,0.0153532317,82174.0,10643.375,0.08718516375,780.6265936725,88.92803345833333,23.556481875,2.9512185,63.38201841666666,700.4289329396657,5152.39435431094,1,3.375273813598076,97.93912492073558,3.5122671288411085,3.5122671288411085
2044,NORTH DAKOTA,STEELE,38091.0,0.020063358,87300.0,522.0,-0.0075601251,0.67535782,87.936012,24.9348475,3.246773,71.49106599999999,735.8208333333333,6341.658333333333,3,3.351948807019763,97.87571337983513,3.5757329433528264,5.747745583633639
2045,NORTH DAKOTA,STUTSMAN,38093.0,0.0182122282,69088.0,6163.166666666667,0.0271707596666666,388.599383875,87.92286381818181,29.856362045454546,1.9564379545454544,71.40642288636364,701.904162054129,4946.558451439635,3,2.56399451242532,94.29296131896005,2.393999681107708,2.566032133938047
2046,NORTH DAKOTA,TOWNER,38095.0,0.0200174064,76241.0,678.0,-0.026344525,0.63246596,88.106446,28.949308,4.488619333333333,70.85992943333333,733.53,5527.025,3,2.5530401064044854,94.16613823715916,2.718750689583371,5.142735724303321
2047,NORTH DAKOTA,TRAILL,38097.0,0.0168711656,82020.0,656.0,0.033993696125,61.70906167,87.7768313,26.461314,1.3465135,59.553486250000006,708.641730470595,5683.706055056474,3,2.886512557575863,96.03677869372225,2.4015087101992285,3.9719226425718612
2048,NORTH DAKOTA,WALSH,38099.0,0.0292363916,80235.0,1163.3333333333333,0.01736192202,88.65720885166667,87.11320023076922,28.74332246153846,1.9684,73.3407317,671.0696798749933,4743.770845770519,3,1.4029149112110988,78.5986049461002,1.8630353405877176,2.340967121794215
2049,NORTH DAKOTA,WARD,38101.0,0.0208960785,71754.0,16645.846153846152,0.0654609518461538,1044.236221623077,88.58255988,-176.07281300000002,-197.38704431999997,-133.927974248,676.3739157365952,5073.924854322128,1,2.8867133614823173,96.06848446417247,3.233288488178723,3.233288488178723
2050,NORTH DAKOTA,WELLS,38103.0,0.0276473657,74681.0,678.5,-0.0084438845499999,85.81164490500001,83.8483416,34.890066000000004,3.1251362,75.99210968,734.4826923076923,5952.615384615385,3,2.798709124363974,95.78313253012048,2.8273646165605544,4.439723714032491
2051,NORTH DAKOTA,WILLIAMS,38105.0,0.0164573029,92537.0,14553.42857142857,0.2014435445714285,1124.9258007857145,87.35275494444444,19.100226777777777,6.057908222222222,53.87805525555555,689.552417056164,4843.100676185313,1,3.325550641760642,97.74889029803424,6.148867552607934,6.148867552607935
2052,OHIO,ADAMS,39001.0,0.0504905049,55693.0,848.0,-0.0058038956666666,15.647396023333334,62.365595863636365,43.93540022727273,0.5925237272727273,74.84474320909091,662.8205975507879,3417.305656065276,0,-2.480111439605066,8.560558021559924,1.4602397689777749,4.015058247954339
2053,OHIO,ALLEN,39003.0,0.0372099966,65665.0,23083.39393939394,-0.010148767960606,642.3022182242424,74.65809502173913,-71.98757358695651,-107.13976042391305,-42.52721437717391,658.8145066511453,3888.370506931602,1,0.28596508419519495,54.59733671528218,1.712882835599827,1.712882835599827
2054,OHIO,ASHLAND,39005.0,0.0343541116,66149.0,5573.363636363636,0.002122540090909,390.02279205454545,76.63256702272727,32.77257847727273,1.3188511363636364,67.42584401363636,677.9566789398461,4475.216601930311,1,0.685080145656931,63.91883322764743,1.1287137899376742,1.1287137899376742
2055,OHIO,ASHTABULA,39007.0,0.0396919846,58152.0,5382.64,-0.0025751384599999,233.173698908,72.39390560215054,-68.2798284787234,-105.60073130851065,-38.85409783723403,657.3799891335997,3866.956039337955,0,-0.5469176127012525,36.651870640456565,1.988816267448038,2.1096918020199342
2056,OHIO,ATHENS,39009.0,0.0443486295,53616.0,7106.4,0.0072826730993333,1167.07492234,72.11076475,45.645550875,1.7264338124999998,73.21991475624999,682.9967922240864,4589.367724588469,1,0.13751200784823492,51.0145846544071,2.0242565222737063,2.0242565222737063
2057,OHIO,AUGLAIZE,39011.0,0.0263264644,73542.0,5445.363636363636,0.0261403142636363,205.25378574545456,81.59809573170732,24.325824219512196,1.251132024390244,58.40059177804878,685.8176704628556,4604.539175299078,1,1.5386575175223216,81.3570069752695,1.421420348621787,1.421420348621787
2058,OHIO,BELMONT,39013.0,0.0435849329,56716.0,12395.15,0.00875250844,302.19058598,73.42616167647058,36.80224420588235,1.0869314852941176,67.87619624558823,671.7935196898303,4058.195912247276,1,-0.23500997276897467,42.67596702599874,1.7114203553492178,1.7114203553492175
2059,OHIO,BROWN,39015.0,0.0407810434,68289.0,781.1111111111111,0.0061488001,20.34060311111111,69.203270375,31.44713965625,1.02307784375,65.4728195625,653.0969772778087,3816.2357685678808,0,-1.3793462514835584,22.09892200380469,1.0104318448093628,3.039976716858112
2060,OHIO,BUTLER,39017.0,0.0320545926,80066.0,45373.7375,-0.0079640705811392,767.83209910625,76.77733316853931,-8.234221554307116,-34.973700303370784,19.38311899250936,670.544466759944,4020.4384980026553,1,1.2651437862234591,76.1572606214331,1.2036024799002594,1.2036024799002591
2061,OHIO,CARROLL,39019.0,0.0390848427,67044.0,1624.0,-0.0080830295714285,29.62167445714286,73.25446784,31.71721284,0.95245924,68.512843168,668.1382523747005,3900.2370283395967,0,-0.6545287683442235,34.654407102092584,1.4398925013093817,2.441611686698939
2062,OHIO,CHAMPAIGN,39021.0,0.0318160825,70230.0,3265.5,0.00293774815,169.30676404899998,75.51898164705882,29.017584088235292,1.5965780588235294,59.34981374705882,662.5557702626713,3881.52140924469,1,-0.02010623359685155,47.558655675332915,1.6242074060553964,1.6242074060553964
2063,OHIO,CLARK,39023.0,0.0360622548,58684.0,22120.136363636364,-0.0157270894295454,587.5053918477273,73.39744839705882,37.14493143382353,1.1421073970588236,67.4372987125,647.9523907775254,3733.532575594401,1,-0.42107046312349566,39.061509194673434,2.1890476147972606,2.1890476147972606
2064,OHIO,CLERMONT,39025.0,0.0318878251,82143.0,20339.55,0.002265218135,322.59187696,78.28254025423728,23.88806118644068,3.8509279491525423,50.535521749999994,667.4355454662183,4057.456706652592,1,1.0829756260182464,72.28915662650603,0.9556472855412743,0.9556472855412743
2065,OHIO,CLINTON,39027.0,0.0396759795,67813.0,4976.222222222223,-0.0178190357888888,228.48990498888887,75.6757496875,34.17311034375,1.99397890625,66.269729615625,660.12522635764,3952.664601963056,1,-0.17861630200889725,43.91249207355739,1.796507684698277,1.7965076846982768
2066,OHIO,COLUMBIANA,39029.0,0.0419028565,55744.0,5591.375,-0.0063757659375,353.4913066291667,73.48351664893617,35.456363914893615,1.1847778617021276,66.92542903829788,655.8289165180859,3815.810940749645,0,-0.7765190832921325,31.896005072923273,1.7807439212308322,2.1627416784866305
2067,OHIO,COSHOCTON,39031.0,0.0446144961,57694.0,4554.4,-0.01578455835,284.61437626000003,72.20337421212122,36.12278730303031,0.8039225454545456,70.96439857878788,678.2285587470019,4677.734646528484,1,-0.024929636908792102,47.43183259353202,2.1320976426214115,2.1320976426214115
2068,OHIO,CRAWFORD,39033.0,0.0426406804,58982.0,4698.538461538462,-0.0136092512615384,371.6084852769231,74.53632291666666,35.138873124999996,0.6422101875,70.78605910208334,672.9969076578795,3658.522373090806,0,-0.47943780553293613,38.07863031071655,2.0991202274594714,2.1712577908810906
2069,OHIO,CUYAHOGA,39035.0,0.0384656669,61912.0,135376.25112107623,-0.0093699423114662,1813.2432030919283,72.98661736355785,-5.231464932874354,-39.69149915404475,30.79477159991394,668.9326861672254,4426.890983953525,1,0.9066124821179201,68.57958148383005,1.9931349330500383,1.9931349330500383
2070,OHIO,DARKE,39037.0,0.0312524264,67609.0,3909.8333333333335,-0.0054265165833333,175.09137890833333,78.38995665384616,32.40445473076923,1.7019329230769231,65.73635336346155,677.5788245140537,4149.373238007971,1,0.5391130339188255,60.526315789473685,1.4770306892605145,1.4770306892605145
2071,OHIO,DEFIANCE,39039.0,0.0346554373,72241.0,5434.0,0.0036581239244444,262.3542735777778,77.81603891666667,29.70098275,1.468201638888889,62.92551178055555,672.602513929255,3894.609159368055,1,0.4208551236831255,57.70450221940393,1.2525983110106584,1.2525983110106584
2072,OHIO,DELAWARE,39041.0,0.0279964629,128300.0,42154.6,0.02738106597,753.2188305599999,82.93504285227273,14.806024238636365,11.185936852272729,42.79962322386364,681.7918982276398,4102.044495755329,1,3.2492427402694557,97.49524413443247,3.4519972662897347,3.4519972662897347
2073,OHIO,ERIE,39043.0,0.0439802089,62547.0,12853.526315789471,-0.0101231732888888,825.0324635277778,77.47800072463768,-111.56671641428572,-140.17568847142857,-82.12468340999999,659.0480457960387,4416.920149342261,1,0.4911852990204735,59.606848446417246,1.9854371606104253,1.9854371606104253
2074,OHIO,FAIRFIELD,39045.0,0.0313014012,84701.0,14367.107142857143,0.0202017193035714,633.2876405714286,77.96870356382979,25.5647080106383,2.3489871382978724,54.85500983617021,673.6769303203758,4407.32736909319,1,1.4890059323150089,80.18389346861129,0.7232436582580746,0.7232436582580746
2075,OHIO,FAYETTE,39047.0,0.0359508042,63348.0,4831.142857142857,0.0200354808857142,101.7041782,76.32175803846154,37.58015780769231,1.0627938076923078,70.42708572307691,653.8131804049378,4020.811516424149,0,-0.3158177924187855,41.09067850348763,1.6544416919557823,1.7426500604571227
2076,OHIO,FRANKLIN,39049.0,0.0314215016,71730.0,156399.8838028169,0.0007198357391197,2045.3512466267607,76.86403678280543,-23.10259972942503,-52.68825218263811,14.041269612175874,660.8229586317362,3961.651810685552,1,1.230314434556284,75.33291058972733,1.8929751229104954,1.8929751229104952
2077,OHIO,FULTON,39051.0,0.035328574,70724.0,3027.6666666666665,0.0113134542777777,163.26045507777778,81.4077214516129,24.892148193548387,1.2595969677419354,56.81893951290323,678.5614449351962,3898.26816324366,1,0.5166010051016412,60.14584654407103,1.6167567435670152,1.6167567435670152
2078,OHIO,GALLIA,39053.0,0.0430504305,53956.0,3133.0,-0.0082259369428571,68.57620514285715,67.6095364,40.25267848,1.54746876,68.029204568,664.6615467085811,3512.4998940344617,0,-1.5306591575303772,19.847812301838935,1.2084257173073194,2.9349832953356922
2079,OHIO,GEAUGA,39055.0,0.0314492486,99863.0,7301.571428571428,-0.0021527982857142,121.56527345714288,80.55798884615385,20.854347753846152,6.146435661538462,59.584776895384614,692.8358536570862,4673.524769408145,1,2.21877908523908,91.40773620798986,2.1141498187289476,2.1141498187289476
2080,OHIO,GREENE,39057.0,0.0322435804,84015.0,25090.02857142857,0.0035927085122857,456.1737153742857,76.58037903571429,27.249504589285714,3.391981625,53.94693162857143,677.2087644660853,4540.431964583796,1,1.5666588870868772,81.80088776157261,0.8767693352654946,0.8767693352654946
2081,OHIO,GUERNSEY,39059.0,0.0434368878,54757.0,5757.5,0.00907196112,220.35144688,71.30080382857143,41.36657857142857,0.5672614571428571,71.43316399999999,679.8418384069529,4277.3491031135145,0,-0.32245186393135045,40.900443880786305,1.948236508889638,1.9739550612490129
2082,OHIO,HAMILTON,39061.0,0.0323463925,68810.0,131143.55855855855,-0.0098494080889009,2703.996587077027,76.72236880631277,18.863461609756097,-9.814976527977043,53.646624812338594,666.3131466743099,3975.609332289739,1,1.1468847661733697,73.74762206721624,1.94806322604837,1.94806322604837
2083,OHIO,HANCOCK,39063.0,0.028774822,72065.0,20941.153846153848,0.0139644294999999,790.8951283076924,80.41054129032258,29.18692019354839,1.9819521612903224,61.855057566129034,662.5148378054054,3777.763868039596,1,0.8608960568079734,67.69181991122383,1.3201014284536334,1.3201014284536334
2084,OHIO,HARDIN,39065.0,0.0375800602,59713.0,1616.7142857142858,0.0046993736957142,91.21577155714286,75.14353142857144,36.171086714285714,0.9267229285714286,70.04157447857143,663.1913209112483,3879.720881177918,0,-0.6798241729308131,34.08370323398859,1.2917575001553843,2.247126321849318
2085,OHIO,HARRISON,39067.0,0.041133042,57050.0,1162.6,0.0014128448599999,14.33386782,69.85686982352941,40.712650999999994,1.1564534705882352,70.56572161764706,667.87566649729,3671.2477303523033,0,-1.470064282815358,20.703868103994928,0.9089780327960119,3.1323897409045314
2086,OHIO,HENRY,39069.0,0.0418507324,81899.0,2693.1428571428573,0.0016752975857142,86.76497564285714,80.0475262962963,27.717964666666667,1.3307126666666669,60.47421207407407,673.6349558410288,4467.340401800779,1,0.7427171739616172,65.18706404565631,1.728141641870257,1.728141641870257
2087,OHIO,HIGHLAND,39071.0,0.0455535182,61760.0,1588.6666666666667,0.0035563300555555,86.08692345555556,70.97514011428571,36.781243828571434,0.8513633714285714,70.59577211142857,655.7096508396645,3929.527698934985,0,-1.1772391749187219,25.047558655675335,0.9764930279214672,2.5599547428394636
2088,OHIO,HOCKING,39073.0,0.0369233131,58018.0,2423.8571428571427,-0.0058989691571428,44.532726485714285,72.75844086956522,37.66141713043478,0.6918327826086957,67.53394882173913,658.928743315508,3632.110570249277,0,-1.080867448577426,26.47431832593532,1.1632502094120407,2.5999310781968923
2089,OHIO,HOLMES,39075.0,0.0283170407,74490.0,4258.375,0.0339258406249999,61.8553869875,72.71251469565217,28.02911334782609,1.4142269130434784,67.24293750434782,704.931661852609,3894.498736511546,3,0.7091534914426234,64.42612555485098,2.2834534791065675,2.332805224796856
2090,OHIO,HURON,39077.0,0.0448072497,64331.0,3788.307692307693,-0.0165872592253846,179.21166675384617,79.02972679166666,29.358169729166665,1.15171425,62.03734096666667,667.9229669445479,4295.460013810183,1,0.05663940413664285,49.36588459099556,1.9031021644878348,1.9031021644878348
2091,OHIO,JACKSON,39079.0,0.0456788159,54431.0,2827.285714285714,0.0160058727857142,83.22907098571429,65.7065924,41.602438633333335,1.2372866,72.31290537333332,646.3647713681285,3569.409041335176,0,-1.959851845229794,14.362714013950539,0.953116582764914,3.147698852744652
2092,OHIO,JEFFERSON,39081.0,0.0509842005,56276.0,10300.130434782608,-0.0062748875056521,489.3399307304349,68.04592779104479,39.44059695522388,1.3828044179104475,71.15983297014925,668.1768399296423,4097.735391613431,0,-0.77673576730865,31.864299302473047,2.244344814670742,2.4072834079019008
2093,OHIO,KNOX,39083.0,0.0326413286,66844.0,5622.0,0.0040478685583333,114.18966335833332,76.80381706521739,28.9019985,1.822477608695652,62.16386886086957,679.7003684957293,4331.209621909505,1,0.5673059507317881,61.35066582117945,1.3008384233049102,1.3008384233049102
2094,OHIO,LAKE,39085.0,0.0335499639,73559.0,36064.47457627119,-0.0139891828844827,738.8920661896552,81.60235912987014,-39.660294109677416,-61.71560948387097,0.4022771412903239,681.1629000298415,4666.3566279724155,1,1.8974890937660351,87.38110336081166,1.3583391827260713,1.3583391827260711
2095,OHIO,LAWRENCE,39087.0,0.0409898801,56879.0,15993.0625,0.0063391832249999,307.407649333125,67.02063835087719,38.44787714035088,0.918024701754386,70.81091549649122,651.0208884169422,3794.823672327668,0,-1.00202135860996,28.027901077996198,1.9441412571582413,2.342661142874619
2096,OHIO,LICKING,39089.0,0.0309679091,76496.0,16982.75,0.00743872724125,383.4803341125,77.71862316964287,29.00856261607143,2.324394339285714,57.65325317142857,663.7277261954149,4722.403474396728,1,1.245909262520699,75.80849714648066,0.8416039690538144,0.8416039690538144
2097,OHIO,LOGAN,39091.0,0.0303096667,68964.0,3925.5454545454545,-0.0100908886936363,330.3875255363636,75.43045623076922,33.67273238461538,1.4061146410256409,64.85672906923077,667.4775631016613,3697.398954245531,1,0.04955859816549033,49.23906150919468,1.7946226847358557,1.7946226847358557
2098,OHIO,LORAIN,39093.0,0.03802225,75496.0,25785.671232876713,-0.0024691619057534,651.1135479589041,75.23499411442786,-18.871361029702967,-47.66039354950495,10.851356192079209,660.3366368779874,4062.875529131772,1,0.642226198533758,63.18960050729233,1.0850960867911088,1.0850960867911088
2099,OHIO,LUCAS,39095.0,0.0418518825,60525.0,76761.11023622047,-0.0157845879464566,1348.9280824102364,72.3858499395466,14.929072165829144,-23.238799537688443,43.24406546180905,654.8175988418819,3842.860084289703,1,-0.025750971663303843,47.4001268230818,2.2816808616636393,2.2816808616636393
2100,OHIO,MADISON,39097.0,0.0295340705,81836.0,4617.083333333333,0.0274857678,179.06007065000003,77.00779510714287,25.644371214285712,5.315080714285714,52.95381354642858,663.481122847794,4154.460452731687,1,0.7133232206245179,64.61636017755231,1.3038790819547812,1.303879081954781
2101,OHIO,MAHONING,39099.0,0.0424673953,52914.0,39395.45714285714,-0.00818500691,700.9065382857143,72.0863408888889,41.798315467592595,1.3463906388888889,70.33491252407407,668.3175489214472,4229.830293427135,1,-0.03989318569068769,47.14648065948003,2.039939308562959,2.039939308562959
2102,OHIO,MARION,39101.0,0.0343128173,56991.0,10954.111111111111,-0.002044876025,745.6899690333333,72.56288466666668,-139.08716224561402,-174.37397322807016,-108.45910577719296,655.237402613508,3609.5848294319426,1,-0.24875882312014286,42.42232086239696,2.602053767647515,2.602053767647515
2103,OHIO,MEDINA,39103.0,0.0312300635,90211.0,16861.45945945946,0.0025515425521621,341.24138384054055,80.59240631818182,19.7135875,3.959987336363637,46.901320434545454,683.288735965244,4814.927751524198,1,2.165209330112439,90.83703233988587,1.395792446355527,1.395792446355527
2104,OHIO,MEIGS,39105.0,0.0538434702,50127.0,1137.3333333333333,0.0065454519666666,37.20386015,63.79688426086957,42.63297713043478,0.2672349565217391,73.11093272173913,658.9528899402369,3356.429700586802,0,-2.5829137119543355,7.482561826252378,1.414418330952547,3.954474614688387
2105,OHIO,MERCER,39107.0,0.0225045529,79974.0,5197.0,0.0163401017666666,105.4430916,82.1182773939394,25.316445696969694,1.2716412121212122,57.94347404545454,706.0178655026091,4501.456594547744,3,2.036417018268346,88.96639188332276,1.8078056724591132,2.16701101357714
2106,OHIO,MIAMI,39109.0,0.032215341,75735.0,11970.857142857143,-0.0097370808142857,235.91941388571428,78.4255041744186,29.275636674418603,1.4251941395348835,60.68298310930232,667.9909450690675,3921.420280163424,1,0.6858913114386913,63.98224476854788,1.2566837000121893,1.2566837000121893
2107,OHIO,MONROE,39111.0,0.0551484767,54285.0,1053.0,-0.005023912325,11.154736375,67.76973662500001,33.151455375,1.146544,69.73720835625001,695.3234375,4657.828125,0,-0.9959685702952851,28.186429930247304,2.6198572233697646,3.7537828185941216
2108,OHIO,MONTGOMERY,39113.0,0.0379770443,62650.0,76184.85620915033,-0.000351167066013,1116.8275709071895,73.48389677326969,13.260037257142857,-21.721560473809525,51.719949871428575,658.8546888310701,4214.07412574723,1,0.4770409188387033,59.131261889663925,1.6853512716437795,1.6853512716437795
2109,OHIO,MORGAN,39115.0,0.0445285215,52585.0,635.25,0.005999677975,12.137566675,68.3085262,41.9292938,0.5603486,72.76322885333335,653.2063954420868,3611.371441980432,0,-2.188386035247135,11.60431198478123,0.8220058106457351,3.706265285781635
2110,OHIO,MORROW,39117.0,0.0349924057,70109.0,1014.1666666666666,-0.0372272904,10.899280016666664,75.56170669565218,27.090476826086956,0.6265203913043479,59.657481152173915,666.1009635278223,4252.447171593503,0,-0.3563972786153841,40.42485732403298,2.4050795868273216,3.035434358836746
2111,OHIO,MUSKINGUM,39119.0,0.0378391473,58806.0,11348.947368421052,-0.0109949106052631,467.32201492105264,73.33453269333334,40.41379750666666,0.9296501866666668,70.160940704,659.4792107833704,3818.4091431345423,1,-0.3723450681960673,40.23462270133164,1.8851423641744052,1.8851423641744047
2112,OHIO,NOBLE,39121.0,0.0490837696,61751.0,920.0,0.0286498017333333,17.4848235,66.86499633333334,38.511736,0.1889425833333333,,694.850826446281,4157.30785123967,0,-0.9673092628008707,28.662016487000635,2.071250999118834,3.353338454226712
2113,OHIO,OTTAWA,39123.0,0.0478114478,76582.0,2253.3076923076924,0.0058162267076923,155.69657084615386,80.56604530232558,25.176867441860463,2.681601558139535,55.48739092093023,663.4383379775164,4530.716651636323,1,0.3730248905766985,56.436271401395054,1.9323664428833878,1.9323664428833878
2114,OHIO,PAULDING,39125.0,0.0306343241,67692.0,895.4,0.00270788102,25.237361080000003,74.2457338235294,32.53683770588235,1.777480058823529,64.14482003529412,657.6762262837963,3585.6166557144284,0,-0.8603185318477045,30.627774254914392,1.5917722364440376,2.850044942817191
2115,OHIO,PERRY,39127.0,0.0402463299,62677.0,846.3333333333334,-0.0117440800833333,34.579028933333326,72.2195475,37.426233821428575,1.0964896785714286,68.87018639642858,657.2002958870457,4228.375533252805,0,-0.9645797159317767,28.757133798351298,1.3735507892067025,2.787679690274429
2116,OHIO,PICKAWAY,39129.0,0.0330134499,76471.0,3508.846153846154,-0.0049526720692307,402.5012771461539,72.50771900000001,-249.83565983333332,-276.17011247222223,-221.65428537777777,660.0959927140256,3948.752276867031,2,0.4888739786077581,59.44831959416614,3.1887261894293357,3.290024781654103
2117,OHIO,PIKE,39131.0,0.0464597824,54256.0,2545.8333333333335,-0.0114299587666666,41.50174466666667,64.70465918181819,37.66519940909091,0.7964692727272727,68.97191204090909,642.2278021812806,3626.989531798369,0,-2.184685994688159,11.667723525681675,1.2536368581029809,3.4774746280472892
2118,OHIO,PORTAGE,39133.0,0.0345268542,73911.0,13512.628571428571,0.0068696802028571,408.73731794857144,79.26869523762376,-168.82483514851484,-195.8274432079208,-140.69228828415842,667.5954521074681,3976.53732104724,1,1.054041238278165,71.62333544705136,2.093037658838913,2.093037658838913
2119,OHIO,PREBLE,39135.0,0.0308075451,76621.0,1953.0833333333333,-0.0072956633333333,92.34092486666668,77.99331147058824,27.93611388235294,1.855734676470588,61.31568212647059,666.1095696243544,4230.398181856076,1,0.42923347619573304,57.98985415345593,1.8050942895594317,1.8050942895594317
2120,OHIO,PUTNAM,39137.0,0.0263074317,79412.0,1548.428571428571,0.0056361078142857,29.31846438571429,85.71058003703703,21.161237,1.7223722592592594,49.614881588888885,699.5499265187099,4096.89670446136,3,1.3980828834324632,78.4717818642993,1.4155688872337018,2.6988563436787723
2121,OHIO,RICHLAND,39139.0,0.0414813936,57261.0,18443.0,-0.00991074312,639.19891157,75.14172623157894,33.671909747368424,1.231523494736842,65.81775685789474,661.9788785829767,4186.5005178750835,1,-0.0011544834481092045,48.09765377298668,1.7081495837237934,1.7081495837237934
2122,OHIO,ROSS,39141.0,0.0337997969,61651.0,9998.529411764706,0.0126933438141176,377.32616018823535,70.65452487096773,34.97717148387097,1.5213918064516128,66.25411845967743,660.3116247965135,3933.044611149718,1,-0.29277620081474376,41.566265060240966,1.6116096495137493,1.6116096495137493
2123,OHIO,SANDUSKY,39143.0,0.0353435904,64744.0,7742.266666666666,0.0042806946666666,520.2015980333333,78.717605,29.617948796610168,0.877371779661017,62.586886,658.2866289698427,3979.375539313929,1,0.2018059223726624,52.694990488268864,1.3441041351773457,1.3441041351773457
2124,OHIO,SCIOTO,39145.0,0.0480327204,52447.0,7317.65,0.0015312984499999,738.7209576299999,63.21694631506849,45.47297676712329,0.91256798630137,71.55320776301369,651.6695682051503,4354.115256615718,0,-1.2303576658850017,24.096385542168676,2.231199461409034,2.8278971584618446
2125,OHIO,SENECA,39147.0,0.0358641019,62966.0,4998.0,-0.0088919898814285,257.3170698571429,78.18720145614034,33.43802159649123,1.1382813333333333,66.24618640526316,666.9028458064241,4085.581096604172,1,0.1475526896982601,51.23652504755866,1.535738859821978,1.5357388598219783
2126,OHIO,SHELBY,39149.0,0.031429537,67351.0,11612.3,-0.01963018446,497.44844350000005,78.13153930769231,29.200327743589742,1.405330717948718,60.8058994,679.0008551335447,3731.4122841190474,1,0.6027692982044022,62.365250475586556,1.6995296300234686,1.6995296300234686
2127,OHIO,STARK,39151.0,0.036785509,63673.0,43023.91860465116,-0.0014359665243023,1079.5538454709304,76.38226430797101,33.59745779347826,2.077786847826087,64.91750122934782,668.2506713344956,3944.9359303542824,1,0.5518668388937493,60.87507926442613,1.476734831595915,1.476734831595915
2128,OHIO,SUMMIT,39153.0,0.0369101212,69786.0,68808.80740740741,-0.002654402512274,1131.8216249481482,75.40790885398229,33.347919878318585,2.9021341150442477,73.3711668920354,665.532940280343,4521.543958068712,1,1.0617091775232732,71.90868738110336,1.3875096891626222,1.3875096891626222
2129,OHIO,TRUMBULL,39155.0,0.0437351108,51668.0,22615.6,-0.0158802292818181,520.0063103018182,70.15756818134714,37.604058507772024,0.8950272642487047,69.35192039015544,659.8941870712864,4260.017860066177,1,-0.48291439839954303,37.92010145846544,2.2806929562465426,2.2806929562465426
2130,OHIO,TUSCARAWAS,39157.0,0.0357628592,62098.0,7157.142857142857,-0.0049290520714285,328.4187396857143,75.9718117012987,34.83027188311688,1.279753142857143,68.5632151857143,669.6361887319173,3890.030052621112,1,0.02142835712813453,48.66835764109068,1.5286914536511043,1.528691453651104
2131,OHIO,UNION,39159.0,0.0278608273,104592.0,8151.7,0.0207213775,182.2276431,78.2551636,-312.4838345333334,-329.5319051999999,-287.21494502,674.2394370048157,3775.851894405506,2,2.0412290068808265,89.0298034242232,3.7077884760138895,4.198612422880617
2132,OHIO,VAN WERT,39161.0,0.0282902829,60555.0,3992.222222222222,0.0055916428111111,292.8239724888889,79.15567946428573,31.918974214285715,0.7660677857142856,66.72715745357144,674.5320290086529,3527.4835081104184,1,0.10000152586383472,50.34876347495244,2.0346807176654274,2.0346807176654274
2133,OHIO,VINTON,39163.0,0.0476102941,52999.0,738.3333333333334,0.0531472033333333,8.198503933333333,61.33726291666667,41.96329658333333,0.36561,76.30407207500001,634.3771217476934,3229.3967471647325,0,-3.203536957352712,2.9803424223208625,2.0372898034183655,4.708546919259615
2134,OHIO,WARREN,39165.0,0.0301025178,107973.0,33671.72727272727,0.0087073943181818,488.1632045393939,79.14041638888888,-74.75681106481481,-86.15311076851852,-38.44634658518518,669.484896752292,4282.095730398132,1,2.358310638013373,92.67596702599873,2.1841092554094383,2.1841092554094383
2135,OHIO,WASHINGTON,39167.0,0.042428077,59646.0,12637.8125,0.0308774273875,606.34020018125,72.20088589361701,33.36833095744681,2.285409914893617,64.88458162765957,658.597360443571,4137.799713958374,1,-0.27602836365403716,42.04185161699429,1.696892848747053,1.696892848747053
2136,OHIO,WAYNE,39169.0,0.0281527824,69834.0,9758.4375,-0.0060998908906249,407.03389225,79.23388831325302,29.078224891566265,1.6556494819277108,61.754540454216865,672.1150600460755,4065.841164945861,1,0.8572744946323453,67.59670259987318,1.1832875552659563,1.1832875552659563
2137,OHIO,WILLIAMS,39171.0,0.0314856608,61183.0,3916.444444444444,-0.0006238262111111,257.78896605555553,77.63806138888889,34.87954166666667,0.8892590833333333,67.01844660555555,674.2164589806705,3958.818328890576,1,0.18261860917196,52.15599239061509,1.6368755198777898,1.6368755198777898
2138,OHIO,WOOD,39173.0,0.0322060502,73906.0,23516.714285714286,0.0058675637210714,685.0308230571428,81.80737525555556,-82.3634691888889,-109.04104044444443,-54.43568949444444,672.7444480014558,4196.347074256646,1,1.5113630690646676,80.78630310716551,1.1829104220387572,1.1829104220387572
2139,OHIO,WYANDOT,39175.0,0.026062998,69913.0,2713.5,-0.0026831047166666,111.1699104,83.88397259090908,30.820483545454543,1.1015108181818185,62.37436467727273,678.348933399634,4278.226106256444,3,1.0283243516799652,71.21116043119848,1.8006828941216904,1.8766199849499685
2140,OKLAHOMA,ADAIR,40001.0,0.0376221869,44808.0,916.0,-0.03723822388,42.6300636436,63.64032727777778,47.91978094444445,0.4553004444444444,77.34505950555555,655.7673781951407,3627.0980088930896,0,-2.2628729684278728,10.748256182625237,1.9018338730598068,4.004755230085385
2141,OKLAHOMA,ALFALFA,40003.0,0.0265647744,57517.0,478.0,0.03591713,2.6405182466666663,77.56389060000001,32.8365868,3.6368234,64.8021538,690.5605555555557,4626.35546875,3,0.025172446372172978,48.76347495244134,1.346077563719408,3.6453999035615494
2142,OKLAHOMA,ATOKA,40005.0,0.0375911009,49815.0,832.5,0.052615332625,9.678889715,65.87159208333334,44.147018,1.3959279999999998,72.454043075,645.8792143362627,3951.9646002485506,0,-2.095665983376474,12.93595434369055,1.4021307894461745,3.8464326459326563
2143,OKLAHOMA,BEAVER,40007.0,0.0211242392,67112.0,573.3333333333334,0.1013581879,28.33430175,75.02222185714287,28.016322857142857,2.014076,60.48217065714285,677.6108724608724,4505.344325813076,3,0.2958232560114745,54.85098287888396,3.1040384901036124,3.838658157244206
2144,OKLAHOMA,BECKHAM,40009.0,0.0296275657,51960.0,2570.5,0.051630405,36.270520125,71.39147877777778,31.055473055555556,3.2116152777777778,55.19552188333333,655.4322934967767,4343.804812383909,0,-0.7418616440740823,33.10082435003171,1.7938535675619003,2.7552170289812414
2145,OKLAHOMA,BLAINE,40011.0,0.0227117874,58573.0,727.2,0.0634816606,9.378774702,77.20237441666667,33.549068416666664,2.1448514166666666,66.20254070833333,639.9124333159976,3422.5959731345183,0,-1.2569727630064902,23.811033608116677,2.6550558145523793,3.971891817133448
2146,OKLAHOMA,BRYAN,40013.0,0.0294503154,50105.0,6078.0,0.0412545770363636,478.2344299527272,73.0873374516129,40.78706461290322,1.3430805806451611,72.42196323548387,655.9651702339303,3913.603113096117,0,-0.5049675173346011,37.476220672162334,2.1755430501982693,2.2813635787952546
2147,OKLAHOMA,CADDO,40015.0,0.0335731415,50742.0,1247.75,0.042445924725,12.64366362625,67.80663921428571,40.36879325,0.8604506428571428,71.51099871785713,657.6156476471662,3777.668238980957,0,-1.6577632981471286,18.26252377932784,1.1306653437646803,3.396818240730101
2148,OKLAHOMA,CANADIAN,40017.0,0.027366899,86539.0,18101.51724137931,0.0568285987862068,425.1418785448276,80.46113916666667,19.002890743589745,3.418606807692308,47.493771034615385,673.3172769932592,4647.213274180867,1,1.9481791496588323,87.82498414711478,1.644766029301284,1.644766029301284
2149,OKLAHOMA,CARTER,40019.0,0.0367778974,56270.0,6298.272727272727,0.0541381512727272,513.3704959545455,72.16474902380952,39.2111034047619,1.2533727857142858,71.10077177142857,660.7331159017849,4265.102382323365,1,-0.2571816466616338,42.26379201014584,2.0415113662588653,2.0415113662588653
2150,OKLAHOMA,CHEROKEE,40021.0,0.0352196469,50434.0,4474.0,0.0039590237777777,167.56592833444444,66.46013584375,43.2440239375,0.76980546875,73.690362209375,666.7415766975959,4399.059634936027,0,-0.7427902475658937,33.069118579581485,1.7088258335682125,2.371648180980605
2151,OKLAHOMA,CHOCTAW,40023.0,0.0391102065,44307.0,2077.8,0.044368871068,40.28543976,68.76066452941177,52.016817411764706,0.7432603529411765,75.85654628235295,633.1608628327624,3155.4781848659773,0,-2.5078139804318766,8.306911857958148,1.7881348784101212,3.9925141984380845
2152,OKLAHOMA,CIMARRON,40025.0,0.0198019802,56166.0,613.0,0.1456334805,13.09878654,80.4676465,41.1096045,1.07394125,70.666225425,693.902946532634,4947.129492035742,3,0.8306122831374358,67.08941027266962,4.19069450851188,5.2477183180599445
2153,OKLAHOMA,CLEVELAND,40027.0,0.0278574276,74889.0,37000.6129032258,0.0476879735093548,1347.628786864516,79.33654899999999,28.14418052601156,2.822079739884393,56.33649425433526,674.6161602395647,4664.556678821599,1,1.836064227226688,86.11287254280279,1.4457056194498694,1.4457056194498694
2154,OKLAHOMA,COAL,40029.0,0.0404672507,46921.0,557.0,-0.0007463112,1.979192665,69.08822983333333,42.891074,0.8385203333333333,74.75104521666667,654.2686615054049,4712.85980861244,0,-1.6996637402992274,17.723525681674065,2.0010944649535722,4.02172215412182
2155,OKLAHOMA,COMANCHE,40031.0,0.0391634201,56973.0,17876.625,0.017522431053125,625.5784082896876,77.45345615476191,-324.5806193690476,-355.39668460714284,-294.31194884404766,656.3713707556382,4650.993844063937,2,0.9363633323615307,69.30881420418517,2.643715408287446,4.07907915450766
2156,OKLAHOMA,COTTON,40033.0,0.0305676856,52735.0,652.0,0.01875959245,2.12576125,76.46793033333334,32.52231183333333,1.2729325,66.32263563333333,638.5066491850846,3449.270009392694,0,-1.8468822438538095,15.66265060240964,2.0263897406354,4.061497689544369
2157,OKLAHOMA,CRAIG,40035.0,0.0341463415,49914.0,2791.4,0.0102536405999999,53.843308704,71.415571,36.901797153846154,0.9295437692307692,69.09087401538461,654.3238964197093,3686.661855547678,0,-1.2996845163228894,23.113506658211794,1.0200483283212665,2.7399969832540334
2158,OKLAHOMA,CREEK,40037.0,0.034203146,58195.0,7213.190476190476,0.0217410447238095,205.09540319666667,72.87479725531915,34.03950161702127,1.846545404255319,67.0182716638298,653.9898607977261,3981.316945578859,0,-0.4745454082052279,38.11033608116677,1.6947041978805588,1.7997495992220167
2159,OKLAHOMA,CUSTER,40039.0,0.0275169958,55458.0,2348.0,0.0284463234,31.13083742,78.73764681818182,36.510169954545454,1.9180494545454545,64.51400010909092,667.8869132737337,4182.900215634211,3,-0.10231542818379,45.814838300570706,2.022041169457753,2.3537700877175984
2160,OKLAHOMA,DELAWARE,40041.0,0.0332907787,48763.0,1304.0,0.0711719683333333,28.04415683222222,68.18703831034483,41.85328368965517,1.3768514137931034,73.04844757241379,650.2610841793911,3974.3901169269952,0,-1.5819363901438734,19.213696892834495,1.864065147346171,3.583815022551684
2161,OKLAHOMA,DEWEY,40043.0,0.0204841713,55952.0,405.6666666666667,0.0438542102,1.677538966666667,70.60477,31.0874436,4.0671164,62.95946578,667.8875974111236,3642.1007282174232,0,-1.3148504584552796,22.859860494610018,2.4742276049723926,4.152052596342353
2162,OKLAHOMA,ELLIS,40045.0,0.0234962406,57212.0,625.0,0.015855621,0.848852775,79.18911033333335,31.203308000000003,2.500652,58.05190150000001,685.8319356843618,4739.542775631614,3,0.1455154564601837,51.17311350665821,1.32301909826646,3.74919200038457
2163,OKLAHOMA,GARFIELD,40047.0,0.0321507346,61132.0,10520.5,0.0061519352333333,449.167639225,79.77498039130434,34.229014695652175,1.8610630217391304,67.14621949782608,666.9506932717044,4217.850574454903,1,0.5770911840466431,61.60431198478123,1.1889888334066352,1.188988833406635
2164,OKLAHOMA,GARVIN,40049.0,0.0307762627,57170.0,1310.2222222222222,0.0820065312222222,57.378866577777785,69.30787053846153,41.92489888461539,1.8566061538461536,71.42154370384615,659.8392976511755,4214.892401170419,0,-0.824829153126374,31.19847812301839,2.3293094899608184,3.258702190380843
2165,OKLAHOMA,GRADY,40051.0,0.029232005,70838.0,3630.2,0.0172592576,201.76165933,74.5344291025641,34.75100215384615,1.3713257435897437,64.66891860256409,657.7736848128715,3753.011915225119,1,-0.11258590749534163,45.561192136968934,1.7512284969152876,1.7512284969152876
2166,OKLAHOMA,GRANT,40053.0,0.0203588682,57737.0,767.5,0.042137986,1.2443466,82.10213399999999,30.258055,2.23686525,66.23129465,675.94280888831,4844.606074152141,3,0.3791365058519781,56.53138871274572,1.7668902102576458,3.7818850031601676
2167,OKLAHOMA,GREER,40055.0,0.0384815393,43089.0,556.0,0.018833005,1.59698198,67.56729716666666,36.782101833333336,0.4782053333333333,73.69207955,644.0437523124085,4239.982449608593,0,-2.307209274013469,10.272669625871908,1.6777632709517714,4.252562582787688
2168,OKLAHOMA,HARMON,40057.0,0.0257441673,45931.0,560.0,-0.011314944,1.1392533,70.877051,47.2277455,3.094627,67.963089,649.9541463352468,2993.782857691825,0,-2.4187008933690892,9.036144578313253,2.5198818265021026,4.72378454158538
2169,OKLAHOMA,HARPER,40059.0,0.0233793836,62950.0,487.0,0.038772354,1.00750893,79.0117085,32.8410865,1.8222715,63.9483681,678.794301628897,4022.8147714131046,3,-0.2911492913368087,41.59797083069118,1.9198696994075315,3.762363390225323
2170,OKLAHOMA,HASKELL,40061.0,0.0478640125,49471.0,870.75,0.0456902344999999,8.72809825,64.86098072727272,43.50678172727272,1.4153306363636364,74.2474868,655.5903677838238,3589.8268646000606,0,-2.488697121457026,8.465440710209258,1.3201025409089928,4.054103088679504
2171,OKLAHOMA,HUGHES,40063.0,0.0398421349,50872.0,1290.2,0.0796702842,41.923617351999994,63.89110407142857,45.21674185714286,2.5730152142857143,73.10931477142857,649.2943079478384,3081.555736071197,0,-2.4615244991975542,8.750792644261256,2.323207625172298,4.314905734280538
2172,OKLAHOMA,JACKSON,40065.0,0.0294486216,58371.0,4841.75,0.030737798825,165.4547555425,76.16537182608695,35.9952902173913,1.4397587826086955,67.81012262608697,665.1728719198234,4284.713557706767,1,0.12190528384740336,50.7292327203551,1.6456832358627265,1.6456832358627265
2173,OKLAHOMA,JEFFERSON,40067.0,0.0357002746,43298.0,313.3333333333333,-0.0031224348333333,1.5010499,70.59488666666667,42.124142666666664,0.8541080000000001,71.5189018,654.6307773253532,4345.242226746468,0,-1.938830313097548,14.616360177552314,2.0221140246951546,4.2723209913510205
2174,OKLAHOMA,JOHNSTON,40069.0,0.0382968601,49984.0,675.6666666666666,-0.053954056,2.8299825999999997,65.12559622222221,42.868920555555555,0.9640426666666668,73.75017293333333,653.5623171725987,3621.447585207757,0,-2.429722242184991,8.941027266962587,2.460623314746661,4.593950996553589
2175,OKLAHOMA,KAY,40071.0,0.0358954982,55440.0,8062.090909090909,0.0110820392181818,300.7302972090909,75.08370221052631,39.648771947368424,1.1276937105263158,70.73371253947369,661.8284125732794,4245.928771673433,1,-0.1160098770023203,45.466074825618264,1.5661617915406714,1.5661617915406711
2176,OKLAHOMA,KINGFISHER,40073.0,0.0225021533,72345.0,1432.0,0.0208008276,21.711371000000003,81.401142,26.387735181818183,1.6032752727272728,55.13508225454545,668.4750900374615,4606.889147286822,3,0.7888815833583681,66.26506024096386,1.5263471363415724,2.43160758315834
2177,OKLAHOMA,KIOWA,40075.0,0.036,44393.0,640.0,-0.0031744001666666,3.285365383333333,71.21797488888889,42.60643322222222,1.3852386666666667,71.95729234444444,644.541529686799,4003.785218579923,0,-2.0653552553911854,13.157894736842104,1.5664715304066366,3.989420448805477
2178,OKLAHOMA,LATIMER,40077.0,0.0474619289,41241.0,967.3333333333334,0.00932062,5.054616066666667,68.671780375,35.5825035,1.7889085,69.80225705,647.0575891069878,3870.8083723682375,0,-2.502564600696757,8.33861762840837,1.278019274455446,4.066028548263584
2179,OKLAHOMA,LE FLORE,40079.0,0.0402318783,50469.0,4096.916666666667,0.0346374855833333,41.04605071,67.37691064102563,43.116069,0.6047647948717948,73.07141787948717,655.9041716206327,4361.291197963251,0,-1.1845955339633483,24.952441344324665,1.2820364953937557,2.732282314374194
2180,OKLAHOMA,LINCOLN,40081.0,0.03220289,56344.0,921.7142857142856,0.0217249079571428,8.8970801,72.57615708333334,35.60950166666667,0.8814030416666666,66.25095177083334,656.3708440478869,4323.4405293882255,0,-0.9785358252285473,28.53519340519975,1.4071918210673044,3.036490218878169
2181,OKLAHOMA,LOGAN,40083.0,0.0306280587,77836.0,2557.0,0.031273926,96.5047305125,74.53966240625,35.416364,3.03116903125,61.7332670125,658.0996322285608,4591.991274784506,1,0.4201407706712702,57.67279644895371,1.748738050708729,1.748738050708729
2182,OKLAHOMA,LOVE,40085.0,0.0272668603,58771.0,3333.6666666666665,0.1283148672666666,48.76891722666667,72.43579042857144,37.05603714285714,2.270823142857143,67.99312591428571,658.7345616838799,3614.1822025981114,0,-0.7097343603379938,33.6715282181357,3.7247211804101754,4.220786789635303
2183,OKLAHOMA,MCCLAIN,40087.0,0.0287109732,80952.0,1690.6666666666667,0.0460376426666666,44.83652342333334,76.78936625,28.60036335,2.3388171499999997,56.01567879,662.4598482699029,4054.735084086411,1,0.28016556154002364,54.438807863031066,2.2521381016452247,2.2521381016452247
2184,OKLAHOMA,MCCURTAIN,40089.0,0.0415502369,48589.0,1630.125,0.0068268880625,24.422415975,69.79883453125,48.27806753125,1.05458509375,75.107164384375,641.4842342445894,3720.4462267085464,0,-2.0202566582982526,13.823715916296766,0.8084014757186883,3.384507399320558
2185,OKLAHOMA,MCINTOSH,40091.0,0.0544752264,46509.0,879.1666666666666,-0.0215600176833333,39.37418562333333,60.39684265,45.857162,0.6395,76.100825125,647.597332272084,3849.801127880936,0,-2.8466608793105808,5.009511731135067,1.9280902478289847,4.326746426093216
2186,OKLAHOMA,MAJOR,40093.0,0.0263361735,64527.0,822.0,0.0955228447999999,9.414183716666663,80.03237857142858,30.863488571428572,3.1325350000000003,62.707622528571434,688.7780820081031,5056.698841668512,3,0.8538591779554584,67.50158528852252,2.631153248978037,3.939633758354536
2187,OKLAHOMA,MARSHALL,40095.0,0.0323990743,54966.0,1809.25,0.0391846315,57.88434719999999,73.08657154545455,39.23362936363637,1.1133299090909092,67.42082525454545,660.1973143936812,3772.343868903793,0,-0.928930718163528,29.201014584654406,1.3099075591053342,2.6194176944412093
2188,OKLAHOMA,MAYES,40097.0,0.0324353239,59498.0,2719.1111111111113,0.0763049934777777,109.54309795555557,69.9819819375,38.54738528125,0.31462859375,70.1214537625,655.6728236215931,4002.0441887138927,0,-0.752786504277699,32.68864933417882,2.1769768555374047,2.8606960636474854
2189,OKLAHOMA,MURRAY,40099.0,0.0338810774,63623.0,3267.6666666666665,0.0878672847666666,26.164268833333335,74.785734,35.45390178571429,1.7730017142857142,66.84205082142857,652.357044510404,3522.814433851142,0,-0.8647365221656399,30.342422320862394,2.585748248870585,3.3615940469922827
2190,OKLAHOMA,MUSKOGEE,40101.0,0.039171151,52188.0,12365.4375,0.0050728654999999,377.38824595625,69.1843499180328,44.31071790163934,1.1388577540983609,74.20655064918033,663.8455748687526,4242.240019097925,1,-0.49888011603799953,37.60304375396322,1.9881318241226242,1.9881318241226242
2191,OKLAHOMA,NOBLE,40103.0,0.026249791,60758.0,2408.75,0.0458744664,62.804536575,75.01883036363637,32.68827972727273,0.5990581818181818,64.81673223636363,650.4122272755448,3386.0040399890195,0,-0.8297106223849512,31.166772352568167,2.024136868334839,2.86449119374954
2192,OKLAHOMA,NOWATA,40105.0,0.0302713987,54831.0,948.75,-0.0445598338,10.025703227749998,70.72348733333332,40.653733583333334,0.969616,70.10281245833333,655.8857084153693,3431.736928403855,0,-1.6514748037752163,18.325935320228282,2.2597940762775255,3.9079395085545783
2193,OKLAHOMA,OKFUSKEE,40107.0,0.0413719185,44661.0,919.25,0.025154443225,13.127362607500002,62.67458133333333,43.88615608333333,0.5956150833333332,78.02754021666667,654.3094945419139,3253.2818704713927,0,-2.7664881363765366,5.5485098287888395,1.3333772915727842,4.199206214956831
2194,OKLAHOMA,OKLAHOMA,40109.0,0.0315603831,65979.0,107172.6141078838,0.0124005006122821,2110.548045950166,76.75805477609681,20.658045763993947,-11.719632341906204,59.64888700468987,662.3368673158265,4408.562256908625,1,1.2318650413666525,75.36461636017755,1.6099124671503342,1.6099124671503342
2195,OKLAHOMA,OKMULGEE,40111.0,0.0420018422,53938.0,2697.9,0.0288750078,58.986102970000005,70.46725374285714,41.95017228571429,1.037362942857143,72.07535051714285,652.4159554481388,4030.163380616384,0,-1.2594923182820355,23.747622067216234,0.832976028784079,2.6037395461879904
2196,OKLAHOMA,OSAGE,40113.0,0.0367438178,61279.0,8239.818181818182,0.0874464505727272,19.748871629090907,69.53067402857143,38.011457799999995,0.9501102571428572,67.64188788285713,656.8926637383589,3896.709720718944,0,-0.8563497167094068,30.72289156626506,2.5203414284130643,3.2194663848116782
2197,OKLAHOMA,OTTAWA,40115.0,0.0304034301,48937.0,5114.888888888889,0.05168395416,427.11618278888886,71.33634886206896,42.989446586206896,0.7582354827586206,75.27725365172414,660.7675382242365,4722.693246960683,1,-0.1277007646930268,45.18072289156627,2.416264366723265,2.416264366723265
2198,OKLAHOMA,PAWNEE,40117.0,0.0351699883,52744.0,852.8,0.0549685881999999,29.072610039999994,75.30076625,37.066681625,0.84425825,67.6833934875,644.3605826029711,3820.442695072378,0,-1.3839594123012517,21.87698161065314,1.680552473865575,3.351563161216302
2199,OKLAHOMA,PAYNE,40119.0,0.030031651,56811.0,13946.411764705885,0.024403176,1068.274968517647,79.65017948148149,44.282901370370375,1.639428,71.3287934925926,680.8920814490169,4506.535725609516,1,1.0712449201755412,72.16233354470513,1.4718417268525825,1.4718417268525827
2200,OKLAHOMA,PITTSBURG,40121.0,0.0451697595,51514.0,4044.5384615384614,0.035557508225,129.3900322123077,70.93745742857143,36.96729430952381,1.758152333333333,67.66434818809523,656.8568715760073,3972.323585546104,0,-1.1676046936103839,25.237793278376664,1.285069458975835,2.5297963398499848
2201,OKLAHOMA,PONTOTOC,40123.0,0.0309123649,61269.0,9206.3,0.0473300944999999,638.22276532,75.93742775,39.9420229375,1.3035108125,70.1534447625,668.9296884099853,5161.738958559585,1,1.0320638415893548,71.36968928344959,1.9073424834524788,1.907342483452479
2202,OKLAHOMA,POTTAWATOMIE,40125.0,0.0361608058,57089.0,8123.25,0.00870034075,320.262511385,72.14046916981131,38.54426996226415,1.5757116603773589,70.11630198301887,647.287285351351,3825.2207916031407,0,-0.745178585531887,33.005707038681045,1.7928567922242287,2.072570259086673
2203,OKLAHOMA,PUSHMATAHA,40127.0,0.0392115303,45012.0,852.3333333333334,-0.0250578246666666,2.755778516666666,68.41692922222222,50.92866744444444,0.434732,79.35246955555556,646.9197523333581,3313.1701468138535,0,-2.6535094343518835,6.5630944831959415,1.930268150611416,4.4420276617412044
2204,OKLAHOMA,ROGER MILLS,40129.0,0.0237324703,57132.0,746.0,0.019870928,0.73435593,69.347068,31.112354,4.540255,55.14853413333333,653.3917310953208,3862.059004198797,0,-1.4954581316393076,20.323398858592263,2.0324789627032174,3.9318905863005966
2205,OKLAHOMA,ROGERS,40131.0,0.0294847007,73688.0,7404.535714285715,0.0547167626607142,231.9609146428572,78.781935875,24.3962774375,2.1550648333333333,53.031029660416664,666.316847600982,4413.035256656123,1,0.9346429489593621,69.18199112238428,1.4757614137706994,1.4757614137706991
2206,OKLAHOMA,SEMINOLE,40133.0,0.0475212973,49000.0,1801.3333333333333,0.0299055023888888,116.0623302111111,67.39477148148148,45.26844092592592,1.0076002592592592,73.45338284814815,648.0963779710308,4321.909736142506,0,-1.6140988778602288,18.833227647431833,1.307986576992604,3.075104327780667
2207,OKLAHOMA,SEQUOYAH,40135.0,0.0368746033,48050.0,3350.6666666666665,0.0482062589066666,62.480058723333336,67.92360123076922,43.83455219230769,1.0074016923076925,70.67861880384615,653.5422085862142,4094.8748551269314,0,-1.322976188611603,22.66962587190869,1.377566705370748,2.900254246328113
2208,OKLAHOMA,STEPHENS,40137.0,0.0354354354,56649.0,8417.181818181818,0.0345702547545454,322.43572814545456,74.51275545714286,33.023719542857144,1.400299457142857,64.32170399142856,660.0277850244969,3794.371986743075,1,-0.3777137593663636,39.980976537729866,1.8624437506933555,1.8624437506933555
2209,OKLAHOMA,TEXAS,40139.0,0.0208147004,67901.0,5254.2,0.03420946,245.531941408,78.70581150000001,28.6593418,1.733442,59.536554720000005,675.3648821582175,4454.041126400437,1,1.0998692526040463,72.66962587190868,1.5906010380390847,1.5906010380390847
2210,OKLAHOMA,TILLMAN,40141.0,0.046769852,46314.0,993.2,0.00327126844,15.782665472,66.2289421,49.2830985,0.2793295999999999,80.21579018,635.8613298800652,3532.370086109935,0,-2.778727471450836,5.485098287888396,1.2652512511916612,4.097004443603066
2211,OKLAHOMA,TULSA,40143.0,0.0319578933,65619.0,94180.79428571428,0.0156324017894571,1506.8403192697142,77.79303950351289,32.23742769086651,3.8085563325526928,71.77563420983607,666.0976759153609,4465.772014400803,1,1.2889940383868186,76.56943563728599,1.498322781243844,1.498322781243844
2212,OKLAHOMA,WAGONER,40145.0,0.0321966925,80246.0,12660.545454545454,0.0679831038181818,52.89256250454546,73.57177757142857,28.303888571428573,1.4777663095238096,56.77884256428572,660.1424230687174,4157.975817907281,1,0.42283378074944766,57.76791376030438,2.1482712587190007,2.1482712587190007
2213,OKLAHOMA,WASHINGTON,40147.0,0.0339383018,66236.0,13213.615384615385,0.0541499634084615,655.3486780923078,77.4743171627907,34.082697046511626,2.9733183953488376,63.49659516744186,670.2976183937466,4354.796648740868,1,0.7889977329532301,66.29676601141408,1.405728676840725,1.405728676840725
2214,OKLAHOMA,WASHITA,40149.0,0.0313369182,54874.0,492.75,0.014079319375,2.5594200175,76.27480033333333,34.53211111111111,2.2015072222222223,60.55540297777778,652.7006424137637,3834.4957794250704,0,-1.3836203435213132,21.908687381103363,1.7938274766044275,3.700133566009597
2215,OKLAHOMA,WOODS,40151.0,0.019379845,56740.0,1208.6666666666667,0.0182026226,47.51735943333335,80.9934621,34.9363262,1.327281,63.170875550000005,662.9996543457221,3985.4564946580167,3,-0.014909695648794734,47.74889029803424,2.3045565664663616,2.761736724480853
2216,OKLAHOMA,WOODWARD,40153.0,0.0300851676,59312.0,4241.6,0.03683767902,128.74467252,77.745975,30.34038652631579,2.4141695789473685,60.75035355263157,665.1500098980932,4261.309501122501,1,0.16249851143477737,51.5852885225111,1.7286163491215205,1.7286163491215207
2217,OREGON,BAKER,41001.0,0.0434843993,59123.0,1196.0,0.0117708280166666,105.36132568833334,73.02424288235295,39.41016505882353,1.718659176470588,79.58742568235294,688.0731175382346,4331.260744785837,0,-0.31112951331344246,41.217501585288524,1.956442084860146,2.4461136473364324
2218,OREGON,BENTON,41003.0,0.030073969,74800.0,19808.5,0.0131744612866666,1271.2047132055554,77.76561139344263,37.27128344262295,3.504421655737705,68.78779874426229,698.2860034344218,4186.071721327455,1,1.6445150745961692,83.13253012048193,1.4046114094518956,1.4046114094518956
2219,OREGON,CLACKAMAS,41005.0,0.0336154615,100376.0,59471.9375,0.005296479692625,946.4730652423812,77.42513038709677,21.36797176497696,5.568258239631336,57.57989826912443,688.9717666464344,4293.802119662906,1,2.333203649880794,92.51743817374762,1.9576604597165872,1.9576604597165874
2220,OREGON,CLATSOP,41007.0,0.0367093756,65160.0,2930.909090909091,0.0093851684054545,420.1292927818182,77.5905852972973,-230.90362957894737,-261.431194,-189.25306952105265,685.7514239209235,4058.842575251028,1,0.8303901390414039,67.05770450221941,3.071696646339935,3.071696646339935
2221,OREGON,COLUMBIA,41009.0,0.0437777867,81463.0,4647.7,0.00629101229,150.990305054,71.9385675,28.31755488888889,1.7827673333333334,67.9382735388889,679.5508144831068,3839.094385624146,1,0.09556718442438701,50.19023462270133,1.8287190516178804,1.8287190516178804
2222,OREGON,COOS,41011.0,0.0452312193,61386.0,6360.076923076923,0.0075014929923076,391.4962051807692,73.20108573015872,-118.46939365625,-154.82857871875,-76.6856283578125,678.6623811913448,4169.800296781897,1,0.16756603624906968,51.7438173747622,2.104832604012119,2.104832604012119
2223,OREGON,CROOK,41013.0,0.0553914989,73421.0,1322.25,0.0121893725999999,6.9020971077499995,71.5954886875,37.283286375,0.4974646875,82.56035090625,686.3980741881666,3812.023570953183,0,-0.9243671789272043,29.296131896005072,2.283452951547571,3.3973503791954127
2224,OREGON,CURRY,41015.0,0.0464008859,55238.0,1090.8,-0.00906272256,132.57661947,67.9568096875,-547.9101613529411,-587.6105417058824,-514.2279007941177,692.1171839164036,4731.23042822995,2,0.44443002316710545,58.46544071020926,2.0701440751468896,7.154508777755041
2225,OREGON,DESCHUTES,41017.0,0.0367850796,95414.0,19450.208333333332,0.013432327025,628.2629349116667,77.30042995294119,28.33619750588235,3.1209568235294123,70.39143317764706,686.2129983785217,3814.401400700128,1,1.505517971463574,80.69118579581483,1.711208780287432,1.7112087802874318
2226,OREGON,DOUGLAS,41019.0,0.0469741493,60296.0,4068.681818181818,-0.0101759769318181,98.789189225,69.14960876190476,-81.94259855294116,-116.49588651764704,-39.514718901176465,682.0712724410708,4554.962336777184,1,-0.1544723245880559,44.64172479391249,2.4859640673381853,2.4859640673381853
2227,OREGON,GILLIAM,41021.0,0.0415335463,74010.0,648.0,0.00017108643,0.53950465,79.96355733333333,34.20760333333333,1.4259953333333335,76.12954963333334,701.5,4311.5,3,0.17098406848528236,51.83893468611287,1.6880101822053446,3.765246801172273
2228,OREGON,GRANT,41023.0,0.0502512563,61024.0,922.0,-0.01839549205,0.5078319465,78.296587625,42.445314125,2.599848875,80.862545975,683.1412598001481,4336.566640262174,3,-0.7579947830950321,32.561826252377934,2.5081436939145836,3.874573214577553
2229,OREGON,HARNEY,41025.0,0.0419426049,56649.0,1058.0,0.0406282529999999,0.6996403855,76.53284528571429,38.659810285714286,0.3991159999999999,81.31484877142857,684.2276721150703,3717.6874975482183,0,-1.0549536290615298,27.10843373493976,2.29205039132841,3.7760639738947708
2230,OREGON,HOOD RIVER,41027.0,0.0295528283,79092.0,4313.75,0.0225888154999999,543.637496725,83.89642163157895,24.19979968421053,2.6895188421052634,67.35729428421052,703.3513174206275,4817.623105985915,1,2.2339862341878,91.69308814204186,1.9914351348116512,1.9914351348116512
2231,OREGON,JACKSON,41029.0,0.043395761,71030.0,26499.19512195122,0.0018298958682926,1082.7870310819512,74.71593025984252,33.901358929133856,2.413650094488189,74.44813375433071,684.8345849300368,4449.651153716078,1,0.9892248129053818,70.32339885859227,1.3337863227739377,1.3337863227739377
2232,OREGON,JEFFERSON,41031.0,0.0458876142,68419.0,1374.0,-0.0041332018533333,43.53320683333334,72.49218875,30.1755490625,1.08501925,77.30419064375,668.4499077981724,3806.742476892606,0,-0.874184775873408,30.08877615726062,1.4291615769827744,2.599542164534911
2233,OREGON,JOSEPHINE,41033.0,0.0506268891,61575.0,8320.25,0.0040279142125,468.997849940625,65.71206259259259,42.01241285185185,1.429387,81.46641873148148,684.0108583559207,4604.150346250267,1,-0.21934743578063315,43.056436271401395,2.390783394701828,2.390783394701828
2234,OREGON,KLAMATH,41035.0,0.0518830128,54630.0,8401.95,0.001493702705,393.1511381845,70.50156040298508,39.95264008955223,1.245926656716418,80.11171938955223,681.1330272174243,4194.393507850302,1,-0.4837710050158227,37.88839568801522,2.3513048316360665,2.3513048316360665
2235,OREGON,LAKE,41037.0,0.0499306519,56518.0,1057.5,0.037660096,0.861121944,72.948211,41.13387044444445,1.0716186666666667,76.75374221111112,678.5531960685631,5257.7839571975765,3,-0.6178030139217061,35.35193405199746,2.787329703674764,3.9982587230429063
2236,OREGON,LANE,41039.0,0.0395078538,70065.0,50475.77906976744,0.0049260758779069,1391.1925298282558,74.72725656809338,-3.779023965116277,-36.70315174418605,35.47577412054263,687.9393991277867,4231.635895730035,1,1.1951817606662751,74.69879518072288,1.3721907502994894,1.3721907502994897
2237,OREGON,LINCOLN,41041.0,0.0424428201,61603.0,2673.5,0.0025200321588235,349.6130856882353,73.99360223076923,-214.5675631,-248.595595075,-176.3928705175,680.6179573784368,4063.673060833656,1,0.22751460493593273,53.01204819277109,3.0927744357637934,3.0927744357637934
2238,OREGON,LINN,41043.0,0.0406970022,70242.0,12272.714285714286,0.0029393086338095,604.7369675276191,72.43995132941176,31.50919211764706,1.2422098352941175,75.02938017176471,673.483037195215,4002.7724477271463,1,0.22827092153957246,53.07545973367153,1.2707411939537383,1.2707411939537383
2239,OREGON,MALHEUR,41045.0,0.0365929617,53762.0,4031.571428571429,0.00337192352,239.1026910085714,71.039401,-282.7753972580645,-321.41552,-245.44311573870968,671.6175954245135,3759.971273760443,2,-0.20371147126661482,43.34178820545339,2.7314969126955955,3.958029331352638
2240,OREGON,MARION,41047.0,0.0372725615,73210.0,52965.620689655174,0.0108579816701724,1213.0075223477586,75.12607849479167,30.482555104166668,1.8613366302083336,74.16702095364583,675.81599687755,3944.6958887325495,1,0.9200615675686421,68.83322764743183,1.3086484239325074,1.3086484239325074
2241,OREGON,MORROW,41049.0,0.0341039515,80508.0,2405.5,0.030929313,5.275467699999999,75.95305209090908,32.55916709090909,2.2287516363636364,71.86187604545454,695.9144647273652,4794.7256698853525,3,0.9355700164694629,69.24540266328472,1.4592483524552187,2.782961197431458
2242,OREGON,MULTNOMAH,41051.0,0.0356278856,83290.0,220914.23391812865,0.016133438015959,4243.189924005848,79.66967769865643,8.865306788867562,-14.68771827831094,46.11050440364683,676.1080511063473,4077.118219871534,1,2.037359287283575,88.99809765377299,2.0906451289676373,2.0906451289676373
2243,OREGON,POLK,41053.0,0.0375210793,79970.0,26039.666666666668,0.0227832370416666,483.1843527666667,74.90044597560976,28.8730296097561,2.2510518536585367,69.15877547073171,682.5854676507007,4067.723361892713,1,1.0455992520383575,71.5282181357007,1.0472846951281012,1.0472846951281012
2244,OREGON,SHERMAN,41055.0,0.038262668,73123.0,645.0,0.02951793,0.66408157,78.833856,35.998736,2.2584805,72.8363342,700.6,4972.0,3,0.5747432582831562,61.47748890298034,1.483018266440586,3.7843014286972827
2245,OREGON,TILLAMOOK,41057.0,0.0376458984,68717.0,1052.0,0.0122375861125,22.0930289875,72.01361953571428,-312.2939328275862,-342.9201852068965,-267.01792775172413,693.5769898213241,4252.927094216413,2,0.4384051379137935,58.30691185795814,2.651395738113404,4.4685468167900435
2246,OREGON,UMATILLA,41059.0,0.0407740331,62890.0,3165.3333333333335,0.0113375789559999,111.47247602266664,77.585126421875,30.326067203125,2.16302065625,73.054718559375,670.7819335683495,4353.794027092599,1,0.045191273128319304,49.14394419784401,1.6585693487403845,1.6585693487403845
2247,OREGON,UNION,41061.0,0.039293708,63524.0,1667.125,0.01168032865,275.6417223925,76.68322873076923,36.68011169230769,2.0400734615384617,76.84902234230769,678.8162904532583,3910.8630629696504,1,-0.11192725614829517,45.59289790741915,1.9571151053344564,1.9571151053344567
2248,OREGON,WALLOWA,41063.0,0.0443514644,61173.0,731.0,0.0051368406333333,1.7443468366666668,78.77423528571428,34.23920128571429,1.125179857142857,76.19083622857143,707.4011464764486,4147.74133086775,3,-0.23319325463270033,42.70767279644895,1.8810708467392185,3.7822961249867553
2249,OREGON,WASCO,41065.0,0.0401548505,65701.0,4838.625,0.028523492225,544.4746031275,75.28950181818182,31.70983818181818,2.506428409090909,73.24997970454545,674.7024941240212,3815.682562171605,1,0.009706888454418118,48.25618262523779,1.588412717409417,1.588412717409417
2250,OREGON,WASHINGTON,41067.0,0.0321996855,103486.0,106448.32692307692,0.0141800900068269,1627.7655745701925,79.3288738118812,21.400147742574255,4.686190561056105,58.84064257623763,688.9457605070403,4675.0216578870495,1,2.975899181718331,96.5440710209258,2.3469161949746242,2.3469161949746242
2251,OREGON,WHEELER,41069.0,0.0275689223,46315.0,299.0,0.030424723,0.18253399,77.379192,37.410573,1.7770169999999998,82.5053177,715.8,5885.5,3,0.6583459033669519,63.69689283449588,2.8183421425102537,5.244956786583819
2252,OREGON,YAMHILL,41071.0,0.0345067533,86887.0,8865.529411764706,0.019594624117647,642.2735000235294,76.76446633333333,27.112890907407408,2.4725865370370372,65.09446807777778,679.7819456425408,4114.178959065953,1,1.2289490223851838,75.26949904882689,1.0514338417656965,1.0514338417656965
2253,PENNSYLVANIA,ADAMS,42001.0,0.025976857,77041.0,9330.217391304348,0.0028440526982608,412.6269416173913,82.36105316071429,24.05529096428571,2.5322930892857145,64.89018882500001,674.148839656259,4327.09162520755,1,1.4887835453093397,80.15218769816107,1.1108082813498659,1.1108082813498659
2254,PENNSYLVANIA,ALLEGHENY,42003.0,0.0330460475,76488.0,146769.03233830846,-0.0007268074394761,2921.925984266169,78.1241616520548,-58.36775912909091,-86.94283043272728,-21.82099840090909,675.3032187031959,4811.364416290756,1,2.2424194971935587,91.78820545339251,1.9235576452976428,1.9235576452976428
2255,PENNSYLVANIA,ARMSTRONG,42005.0,0.0392869783,61521.0,3301.684210526316,-0.0011460279157894,352.42591421052634,75.18665448484849,33.72810224242424,1.200765818181818,77.47305516818182,688.0328785847739,4491.788308822592,1,0.414709504191596,57.41915028535194,1.7502535903036338,1.7502535903036338
2256,PENNSYLVANIA,BEAVER,42007.0,0.0407218767,66846.0,18698.21568627451,0.0010341810392156,631.5829887215687,76.86678507462686,32.35009523134328,1.6585290447761192,72.18170322462686,666.9840269639843,4416.025600892086,1,0.6158000022017398,62.587190868738105,1.0582841252673907,1.0582841252673907
2257,PENNSYLVANIA,BEDFORD,42009.0,0.03509342,58319.0,1919.5454545454545,-0.0198537748454545,152.3045322181818,76.53287621428571,36.46028583333333,1.0276298095238094,80.19638733571429,692.9621518268659,4762.646517712282,3,0.5523732576171616,60.90678503487634,2.018028938117302,2.4190764349231832
2258,PENNSYLVANIA,BERKS,42011.0,0.0347890383,75655.0,52852.48888888889,-0.0108828167888888,1440.6841046944444,78.26930909811321,28.463449086792455,2.660307781132076,68.67697973584906,673.7839877418011,4364.541778700729,1,1.4659093711881992,79.70830691185796,1.2950617386675765,1.2950617386675762
2259,PENNSYLVANIA,BLAIR,42013.0,0.0332757277,54909.0,18847.29411764706,0.0090136117317647,1417.4453916764703,76.79031238053096,36.23518666371682,1.8522762389380532,77.90713673097345,674.4410637536585,4180.4307079065575,1,0.5489791933245929,60.74825618262524,1.5144848336487522,1.514484833648752
2260,PENNSYLVANIA,BRADFORD,42015.0,0.0327467376,61270.0,3585.5,0.0139797738785714,383.91929247857144,74.21694310169492,33.33351896610169,1.9922023220338985,75.42078341016949,687.5204415526944,4013.730975128545,1,0.2507637281642067,53.6144578313253,1.7092725888574725,1.7092725888574727
2261,PENNSYLVANIA,BUCKS,42017.0,0.0300702271,107006.0,60928.66433566433,0.0047821924266433,911.612012772028,80.91016221052631,-10.277892435695538,-18.21003672178478,23.430668077427825,683.3302484614304,5125.0262435055565,1,3.2667830956449384,97.5586556753329,2.5085175179497994,2.5085175179497994
2262,PENNSYLVANIA,BUTLER,42019.0,0.031112597,80978.0,16670.022727272728,0.0204866707715909,749.7218609522727,80.105679275,24.4377817,3.276514533333333,64.68056216083333,683.2572298299233,4944.135805067484,1,2.054551878994127,89.18833227647431,1.1984384958213925,1.1984384958213925
2263,PENNSYLVANIA,CAMBRIA,42021.0,0.0413662239,55592.0,14279.690476190475,-0.0004283970571428,903.8693624857142,74.08171782222222,36.948558740740744,1.177015274074074,78.44134083407407,680.4466303890207,4512.525062096915,1,0.40054192227965324,57.13379835129994,1.6792109107338853,1.6792109107338853
2264,PENNSYLVANIA,CAMERON,42023.0,0.0504201681,51035.0,887.5,0.0225843235,660.27878415,75.534961,33.225736833333336,0.4237956666666667,81.21655273333333,689.0223591549295,4148.81338028169,0,-0.5015228128239756,37.53963221306278,2.5276790556394024,2.918074433412562
2265,PENNSYLVANIA,CARBON,42025.0,0.0387102678,64894.0,3707.75,0.0191858564166666,255.5923048,75.47901550980392,29.53954141176471,1.1906764313725489,72.00793187647058,678.4335476884195,4575.5144027127,1,0.42684306317531256,57.89473684210527,1.410946046015436,1.410946046015436
2266,PENNSYLVANIA,CENTRE,42027.0,0.0270439386,69999.0,23675.322580645163,0.0182676496103225,1593.8633163096774,81.46832977777778,-575.8484305454546,-603.1137615151515,-539.8367357383838,690.4288637353357,4650.283243739008,2,2.9695073348791223,96.51236525047558,3.033408508695461,6.90011501850672
2267,PENNSYLVANIA,CHESTER,42029.0,0.0257151567,120925.0,41131.99137931035,0.019452724815,851.465443537069,81.71156664905659,-22.138747128301887,-25.47824587924529,6.952663831698115,684.3780888811543,4552.37545863712,1,3.416430058124394,98.1293595434369,2.99832130548362,2.99832130548362
2268,PENNSYLVANIA,CLARION,42031.0,0.0415235717,56911.0,1237.0,-0.01420510174,189.60424662,75.68292727777778,35.52770805555556,1.541871111111111,77.76088937222222,690.7825672341961,4037.887572716896,0,-0.23796298337070337,42.64426125554851,2.315651610290253,2.5821219347497553
2269,PENNSYLVANIA,CLEARFIELD,42033.0,0.0392423727,60213.0,3819.25,-0.0071082524675,408.027287135,74.15293733846153,37.22422712307692,1.0732951538461537,79.9735197276923,678.3805123584282,4338.24243913136,1,0.09953949044468668,50.31705770450222,1.707286810004261,1.707286810004261
2270,PENNSYLVANIA,CLINTON,42035.0,0.0403365218,55946.0,2548.1111111111113,0.0178409059444444,337.3078740444445,75.9951458918919,37.588416648648646,0.972054,78.38369162432431,677.6529090768873,4163.640137203158,1,-0.14611728902438245,44.83195941661383,1.9045286447627257,1.9045286447627257
2271,PENNSYLVANIA,COLUMBIA,42037.0,0.0361176436,63605.0,8153.933333333333,0.0009814470033333,518.1250155800001,75.89156594545454,33.641055709090914,1.507941181818182,75.32091827272727,687.3219489039528,4508.174903959765,1,0.8095127315161852,66.67723525681673,1.3092608521956184,1.3092608521956184
2272,PENNSYLVANIA,CRAWFORD,42039.0,0.0367355568,60545.0,4541.391304347826,0.003911813093913,375.3722024956522,74.36218103571429,36.20914858333333,1.0539110952380952,76.89475763214286,680.8447649611528,5244.241537820668,1,0.8124530870702779,66.70894102726696,1.9985015873577126,1.9985015873577126
2273,PENNSYLVANIA,CUMBERLAND,42041.0,0.0267835581,82507.0,64720.4081632653,0.0218071398832653,1488.4305296510204,82.95239634437085,-109.1794728874172,-128.93478639072848,-69.69515422847682,682.0602767076999,4696.743377708144,1,2.745611200774217,95.59289790741914,1.9434744204418002,1.9434744204418002
2274,PENNSYLVANIA,DAUPHIN,42043.0,0.0320820868,73929.0,76440.24615384615,0.005285933942,1782.1437434215386,79.69700734210527,27.337405489473685,2.951357452631579,67.50246190578947,667.9389666143944,4308.0076496136835,1,1.53927323369688,81.38871274571972,1.3313311304817885,1.3313311304817885
2275,PENNSYLVANIA,DELAWARE,42045.0,0.0318029754,84180.0,122932.40972222222,0.0077054407616666,1727.4875255763889,78.00839524541284,0.6014716064073208,-16.230638130434784,34.202672661784895,674.574046747693,4570.231220224581,1,2.1314106807118174,90.36144578313254,1.5629230500614846,1.5629230500614844
2276,PENNSYLVANIA,ELK,42047.0,0.0332782141,66378.0,2502.4444444444443,-0.0151691495888888,112.5994982588889,78.84767914814815,30.760684814814816,0.8961034814814816,79.74190367037036,696.7719277692546,5009.172710099674,3,1.195482474086446,74.73050095117311,1.729458752607763,2.327287227456057
2277,PENNSYLVANIA,ERIE,42049.0,0.0384439034,60721.0,44004.90140845071,0.0005236505407042,1789.011957690141,76.4114244978355,-138.15850846351933,-169.44835898283262,-98.70969522145924,665.9331788618771,3803.3774576827545,1,0.633175332298107,63.06277742549143,2.32623807810368,2.32623807810368
2278,PENNSYLVANIA,FAYETTE,42051.0,0.045451228,54030.0,8046.138888888889,-0.0039318996124999,417.6332368916667,68.35013770408163,40.504978336734695,1.0860151326530614,80.28086319285714,672.7919652801902,4568.670064190212,1,-0.37685559264157203,40.04438807863031,2.2004104864588623,2.2004104864588623
2279,PENNSYLVANIA,FOREST,42053.0,0.0524781341,48084.0,471.3333333333333,-0.0058311533333333,3.0287044333333335,59.111900250000005,39.490939625,0.541288875,85.8648815,693.7234375,4795.4765625,0,-1.8269609065953596,15.821179454660747,3.03845183754342,4.734213709403514
2280,PENNSYLVANIA,FRANKLIN,42055.0,0.028896491,75532.0,11714.888888888889,0.0020581450833333,580.9116953444444,79.94823666292135,26.00700593258427,1.7377384943820224,70.61150609325843,678.2316958383107,4484.778896588989,1,1.4790237121250498,79.99365884590995,0.854890949260209,0.854890949260209
2281,PENNSYLVANIA,FULTON,42057.0,0.030871753,62044.0,1099.0,-0.0262052216666666,17.135414899999997,75.66014118181819,28.698885090909087,1.0527345454545456,75.1785750090909,669.3576673510414,4300.563146753799,3,-0.3165497391313592,41.058972733037415,2.1049977228171475,2.8278931936030376
2282,PENNSYLVANIA,GREENE,42059.0,0.0369256368,60627.0,3756.8888888888887,0.0325505532111111,262.4479829111111,70.53922167567568,35.810926243243244,1.1746075405405405,74.32867493783783,678.8916852377725,5518.977695331581,1,0.6614339981545363,63.76030437539632,2.5018432760421767,2.5018432760421767
2283,PENNSYLVANIA,HUNTINGDON,42061.0,0.0432251417,61812.0,1999.8333333333333,0.0045799872,179.10970762499997,75.02348115,34.190862625,1.151875875,78.3952617625,673.2019627443466,4033.00027409976,0,-0.39168860895415786,39.66391883322765,1.669390203771772,2.0171390574240964
2284,PENNSYLVANIA,INDIANA,42063.0,0.0405283944,57110.0,7402.391304347826,0.0010011567434782,1035.679142317391,77.18721701428571,35.91573705714286,1.5347526857142857,76.23288378285714,687.5942712115337,4933.990446543511,1,0.9151729482406042,68.70640456563095,1.88390983395535,1.88390983395535
2285,PENNSYLVANIA,JEFFERSON,42065.0,0.0383090469,49430.0,2871.6923076923076,0.0145335738538461,402.72796632307694,75.48434977272727,36.259057613636365,1.179063159090909,79.49259853636364,684.767713757787,4822.030698654474,1,0.263649301976614,54.02663284717819,2.229242674258379,2.2292426742583786
2286,PENNSYLVANIA,JUNIATA,42067.0,0.0341826238,59755.0,1196.6,0.0433206512,18.509528699999997,76.48774578947369,31.37397331578947,0.509536894736842,77.66216518421052,702.0539350283726,4751.247194850224,3,0.47273275344668453,59.036144578313255,1.4121095850399985,2.9976112349068846
2287,PENNSYLVANIA,LACKAWANNA,42069.0,0.0374515508,57570.0,42422.779661016946,0.0068328082849152,1488.6298319288137,76.96869715469613,33.620382762430935,2.321689950276243,73.79138395469613,677.9701724625409,4989.002146315853,1,1.242788872617898,75.64996829422955,1.7878650644242884,1.7878650644242884
2288,PENNSYLVANIA,LANCASTER,42071.0,0.0270959723,80210.0,42293.11224489796,0.0085624267497346,1482.0881647040817,80.05655835276073,25.504735113496935,2.794979634969325,66.8762992815951,677.343857247411,4024.846007936503,1,1.7178991396364693,84.49587824984147,1.3115047002588047,1.311504700258805
2289,PENNSYLVANIA,LAWRENCE,42073.0,0.0421326796,61686.0,11118.464285714286,-0.0024866697039285,709.0176255071428,74.42685842857144,35.322221064935064,1.3882320779220778,75.04509621818183,674.177079639932,4857.4193454729775,1,0.598675881698287,62.33354470513633,1.5782471185245834,1.5782471185245834
2290,PENNSYLVANIA,LEBANON,42075.0,0.0283224691,78284.0,16497.064516129034,0.0161331669838709,747.3933019032258,81.26885210588235,26.66240957647059,2.176708882352941,69.11448624352941,673.5722428390268,4481.783446955474,1,1.6646491706732105,83.44958782498415,0.8164345383343108,0.8164345383343108
2291,PENNSYLVANIA,LEHIGH,42077.0,0.0364603171,76270.0,78941.81578947368,-0.0002582215178947,2119.840929414474,79.05850433739838,27.760125146341466,3.2728787642276425,66.58136681747968,677.1394554443242,4719.930292104155,1,1.88638934744617,87.15916296766011,1.5076362004347725,1.5076362004347723
2292,PENNSYLVANIA,LUZERNE,42079.0,0.0434199592,60165.0,32310.43269230769,-0.0002765755799038,1070.885702226923,75.7899956713781,0.3099509187279163,-33.1845835689046,39.01984301095407,678.428374512917,5186.697465904078,1,1.1825805001152208,74.4134432466709,1.9377734715709978,1.937773471570998
2293,PENNSYLVANIA,LYCOMING,42081.0,0.0353969541,62063.0,17223.655172413793,0.0057979124793103,890.3562588865518,78.1718939375,-143.62598269911504,-175.6151323982301,-100.97058213539825,674.4023298640165,3824.603113429718,1,0.7610327179341385,65.53582752060875,2.098593665407218,2.098593665407218
2294,PENNSYLVANIA,MCKEAN,42083.0,0.0435823755,59522.0,2742.8333333333335,0.002850731675,436.37805655000005,73.55883505882353,35.00293758823529,0.9820167647058824,78.9040673235294,673.482511484177,4417.379027403521,1,-0.14915877056640076,44.73684210526316,1.8693835087531927,1.869383508753193
2295,PENNSYLVANIA,MERCER,42085.0,0.0377591365,61530.0,11687.366666666669,-0.0057997674506666,511.24266163666664,73.83738115315315,34.762197774774776,1.3355844504504506,77.56362884234234,668.1892313488372,3935.184560010928,1,-0.02322260045056845,47.526949904882684,1.529483401903848,1.5294834019038477
2296,PENNSYLVANIA,MIFFLIN,42087.0,0.0346188172,58758.0,5419.583333333333,-0.0004039488666666,542.2044441333334,72.51514934210526,37.10460660526316,0.9219635789473684,81.25893403421053,678.7192356432148,5558.545131845979,1,0.9393238060580275,69.34051997463538,2.4086898618830697,2.4086898618830697
2297,PENNSYLVANIA,MONROE,42089.0,0.0447670755,73408.0,7021.363636363636,0.001617562260606,282.9698149272727,74.76608810638298,25.348561127659572,2.2839509893617023,63.98245600319149,676.8109981591318,4790.744160597526,1,0.6976098046455529,64.20418516169943,1.4379367459064554,1.4379367459064551
2298,PENNSYLVANIA,MONTGOMERY,42091.0,0.0276775482,106780.0,96685.71090047392,0.0084221155176777,1587.05137350237,82.36077121785715,-0.943404416071429,-7.109862985714286,29.999574768392858,686.7643845011988,5034.857870561188,1,3.5463829137973866,98.41471147748891,2.683939068057976,2.683939068057976
2299,PENNSYLVANIA,MONTOUR,42093.0,0.026857082,73087.0,11090.0,0.0110904162499999,796.88936475,76.47721776923078,31.912073923076925,3.28106376923077,70.53330729230768,691.729212214315,4843.116495541603,1,1.736427698001849,84.81293595434369,1.3831126817781145,1.3831126817781145
2300,PENNSYLVANIA,NORTHAMPTON,42095.0,0.0345807104,84051.0,44679.044117647056,0.015038013062647,1155.102689264706,79.3214507029703,25.05003125742574,3.528962,64.02424099702971,674.4493739211152,4572.683755992107,1,1.8609135055916497,86.62016487000635,1.0621913755977423,1.0621913755977423
2301,PENNSYLVANIA,NORTHUMBERLAND,42097.0,0.0395568879,58834.0,6752.875,-0.0036874702979166,786.4589138166666,74.70344606521739,37.36515333695652,0.916925195652174,79.96421585978261,681.7994355901943,5150.36881727642,1,0.8257922133367448,66.93088142041852,1.9769028546073641,1.9769028546073641
2302,PENNSYLVANIA,PERRY,42099.0,0.028614819,71392.0,3726.0,-0.0045701864999999,19.878735130000003,80.26815262857143,22.96276157142857,0.8874605428571429,67.46827458,665.6454021070314,4281.111134925911,3,0.4557258837084438,58.6556753329106,1.9429385541775759,2.036319355265546
2303,PENNSYLVANIA,PHILADELPHIA,42101.0,0.0423137608,60196.0,337443.9505208333,0.0323977240353002,8234.363168955677,65.56990633584337,-15.970878420658684,-57.97121768413174,27.945833964595806,659.7704336063783,4295.5646071627425,1,0.4815621536703607,59.22637920101459,3.0928747584790997,3.0928747584791
2304,PENNSYLVANIA,PIKE,42103.0,0.0462409926,71698.0,1882.8333333333333,0.0286724060444444,233.6407398222222,72.90716225581396,22.01670509302326,2.2969156279069765,63.68382900930233,683.488328064729,4986.03603529922,1,0.481778474848249,59.28979074191503,2.187147215449124,2.187147215449124
2305,PENNSYLVANIA,POTTER,42105.0,0.0475981895,57850.0,950.4,-0.0112643032,7.432396880000001,72.069838375,36.98271225,1.9448065625,78.91468286875,682.4745148127007,4159.838501702992,0,-1.0476020613840995,27.29866835764109,1.8750729799218255,3.334299360101349
2306,PENNSYLVANIA,SCHUYLKILL,42107.0,0.0401760063,63479.0,9011.775,0.018355717275,651.1831739275,74.98315228148148,34.66764173333333,1.046491140740741,76.18339698370372,671.4469320366123,4743.235939187013,1,0.5751244766090194,61.50919467343057,1.2673995319531206,1.2673995319531208
2307,PENNSYLVANIA,SNYDER,42109.0,0.0339384771,68089.0,6684.125,-0.0010048288749999,498.598208525,80.68031646666667,29.1005492,1.4278760333333331,75.21239815,687.2596470020317,4828.802755519867,1,1.4224560000280333,78.85225110970197,1.4241952039711048,1.4241952039711048
2308,PENNSYLVANIA,SOMERSET,42111.0,0.0395796202,59562.0,4051.380952380952,-0.0162823414985714,253.10236843142857,75.0993956388889,35.3090405,1.562630263888889,78.72545343333333,685.8521602477733,4420.541475342447,1,0.2599248775547145,53.772986683576406,1.9264528901398683,1.9264528901398683
2309,PENNSYLVANIA,SULLIVAN,42113.0,0.0390413606,59604.0,757.0,0.0091429755,3.80881725,69.42745566666666,38.056251,1.5009775,79.11322276666667,700.0428571428572,4351.357142857143,3,-0.6129653078558225,35.41534559289791,2.011642465263363,3.5322277029397404
2310,PENNSYLVANIA,SUSQUEHANNA,42115.0,0.0322911578,70021.0,809.3636363636364,0.0187237191181818,64.68078191818182,76.055308675,31.065954749999996,1.2667535,74.7543068,682.2535228741224,4470.636820461055,3,0.32096715156493477,55.42168674698795,1.4837688217159675,2.2516679249017724
2311,PENNSYLVANIA,TIOGA,42117.0,0.0384615385,62918.0,1165.7,0.0225115852,78.97791359,76.24385402857143,34.677850514285716,1.2947674285714286,78.55782514571429,677.2737861257679,4628.492175905846,3,0.07934174813033124,49.714648065948005,1.8229865112178847,2.178141374625226
2312,PENNSYLVANIA,UNION,42119.0,0.028562808,82708.0,8484.1,0.0464884112444444,583.22486078,77.24715727586208,34.756988896551725,2.7961917241379313,77.94015739655173,698.5160998778517,4904.079308798647,1,2.0837527562011555,89.56880152187698,1.8970716336540254,1.8970716336540254
2313,PENNSYLVANIA,VENANGO,42121.0,0.0423192269,57256.0,5040.0625,8.484025624999969e-05,421.53452558125,75.24358703921568,35.600940470588235,0.6405049019607844,79.83572970980393,682.9327949542289,4270.6992665371245,1,0.10002036417505196,50.38046924540266,1.768303398067363,1.768303398067363
2314,PENNSYLVANIA,WARREN,42123.0,0.0370540324,57469.0,3569.769230769231,0.0086067166538461,479.7840964438462,76.67882122727272,33.348268977272724,1.4998842272727273,76.71840295227273,676.7399933503492,4097.041304040792,1,0.06668650762636433,49.461001902346226,1.6642233181041952,1.6642233181041952
2315,PENNSYLVANIA,WASHINGTON,42125.0,0.0343868037,76957.0,15929.915254237289,0.0148826780282881,811.3536646203389,77.70193242331288,29.57379844171779,2.894105202453988,68.60241418220859,672.9106694386138,4591.233625973239,1,1.3207065717242428,77.1718452758402,0.5802640752303357,0.5802640752303359
2316,PENNSYLVANIA,WAYNE,42127.0,0.0388243515,68429.0,2103.4285714285716,0.0237009272571428,84.6594140742857,73.22416233333334,30.398697755555556,1.830497533333333,72.64232855777777,697.5161671855186,5177.405213861527,3,0.8539285108207397,67.53329105897274,1.978728402719743,2.449166780446776
2317,PENNSYLVANIA,WESTMORELAND,42129.0,0.0348337777,70985.0,18280.56,0.0060214014861999,721.433479971,77.78093823109243,30.82379831512605,2.4819231260504204,70.21750291638655,686.5510238604503,4718.245648633559,1,1.4672226588746078,79.74001268230818,1.0379429093513264,1.0379429093513264
2318,PENNSYLVANIA,WYOMING,42131.0,0.0367175404,66855.0,1498.857142857143,0.0412736001142857,25.19353615714286,76.70184186363636,30.25206690909091,1.587710909090909,71.94068076363637,678.8671141273041,4871.988744239631,3,0.3704344084566927,56.40456563094484,1.679102673117744,2.451911799333039
2319,PENNSYLVANIA,YORK,42133.0,0.0297921046,81213.0,40518.84444444445,0.0078140135778888,1468.1323257344443,80.28134087888199,24.62616955590062,2.6037303385093167,65.42375233354038,670.2340772848075,4561.100775604016,1,1.8880003501449032,87.19086873811034,1.0991897783819633,1.0991897783819633
2320,PUERTO RICO,,,,,,,,,,,,,,0,-0.16204043214131844,44.388078630310716,1.6232589875346852,1.8431424092055635
2321,RHODE ISLAND,BRISTOL,44001.0,0.0252525253,99802.0,25213.363636363636,0.0156326871636363,887.2702471818183,82.1333067368421,22.499580552631578,8.924866789473684,64.504205,689.2423232781177,4941.942107111974,1,3.0366542835689243,96.79771718452758,2.132114494776094,2.132114494776094
2322,RHODE ISLAND,KENT,44003.0,0.026973398,89914.0,61428.205128205125,-0.0157064648702564,877.6540045461538,80.12941818032786,-59.18721228688525,-77.71763009836066,-23.285634344262295,683.23558299572,4726.410801451995,1,2.6537206567446714,94.99048826886494,1.916159285478939,1.9161592854789393
2323,RHODE ISLAND,NEWPORT,44005.0,0.0262537718,99912.0,20753.608695652172,0.0023518939045454,1314.1056166818182,83.19463810169492,-303.28002264516135,-315.9193195322581,-272.15464320806456,675.833119224023,5421.379538656546,1,3.649877969421518,98.70006341154091,4.229317588228753,4.229317588228753
2324,RHODE ISLAND,PROVIDENCE,44007.0,0.0328915509,75307.0,119929.45390070922,-0.0084192964084397,2755.812899204964,76.27928948096192,32.51690299799599,3.485528781563126,67.87332402805612,665.7432865194651,4572.360484848263,1,1.6071559750703768,82.56182625237794,1.7805366692965963,1.7805366692965965
2325,RHODE ISLAND,WASHINGTON,44009.0,0.0248155411,101749.0,11156.413793103447,0.019757417275,394.2813412857143,82.40717534065934,-194.23153097872344,-205.69911018085105,-162.63421160106384,673.3030377921158,4788.464836718307,1,2.843779240173823,95.90995561192138,2.904816666150614,2.904816666150614
2326,SOUTH CAROLINA,ABBEVILLE,45001.0,0.0366962886,51580.0,1096.3333333333333,-0.03537713094,11.887760933333333,66.08473342857143,45.16543909523809,0.3700781428571429,71.99349213333333,638.3749919277338,3171.0040086835925,0,-2.5870630078033354,7.324032974001268,2.1006711695374736,4.319294295390861
2327,SOUTH CAROLINA,AIKEN,45003.0,0.0298714785,67769.0,15716.484848484848,0.0503443507666666,227.0814071321212,69.80252081132075,-56.788840121495326,-91.24941771028038,-19.336762331775702,654.5922974263289,3927.870747456291,1,0.017788081911003985,48.60494610019023,2.0105801277085837,2.0105801277085837
2328,SOUTH CAROLINA,ALLENDALE,45005.0,0.0529487731,35477.0,813.3333333333334,-0.0186389759999999,5.488049666666666,50.6615292,55.737922000000005,2.0163179,81.32293243000001,630.1919128732361,3446.351024690648,0,-4.449390797215835,0.6341154090044389,3.127777203247814,5.845085532011036
2329,SOUTH CAROLINA,ANDERSON,45007.0,0.0276460038,64813.0,14975.435897435897,0.0036337853961538,362.3023501205128,69.27663316,39.758480303999995,1.395900184,77.5643056944,652.1475519939303,3790.4612438598338,1,-0.29031125222801907,41.69308814204185,1.9577169781155308,1.957716978115531
2330,SOUTH CAROLINA,BAMBERG,45009.0,0.053217012,41555.0,921.5,-0.00942258005,8.880442175,63.37366888235294,48.36476811764706,1.5225397058823529,72.35229245294119,632.3048876083091,3558.943567997616,0,-3.3651430236732254,2.4096385542168677,1.959507565089682,4.719147268711208
2331,SOUTH CAROLINA,BARNWELL,45011.0,0.0433420366,46482.0,941.1666666666666,-0.0509457598333333,16.54723063333333,60.541822526315784,-457.5417589,-499.44649205,-433.9900053049999,634.631945973155,3670.5579474390647,2,-2.1952240185288514,11.414077362079897,3.3307926528661342,7.190709762728156
2332,SOUTH CAROLINA,BEAUFORT,45013.0,0.0278522229,82199.0,9566.975609756097,0.04462133694,286.9650028175,75.96182391891892,-65.37190418750001,-81.39057389285713,-28.030900095535717,663.0548613033344,4952.624352870692,1,1.5273525527937937,81.03994927076728,1.6354236184777862,1.6354236184777862
2333,SOUTH CAROLINA,BERKELEY,45015.0,0.0268793896,82414.0,24441.444444444445,0.0155992123266666,241.61357716355556,72.66776437373737,-270.9830813,-298.15866258,-230.772888598,660.0950081347847,4909.0148696052265,1,1.7639705468382263,85.09828788839569,3.427227508682832,3.4272275086828325
2334,SOUTH CAROLINA,CALHOUN,45017.0,0.0325757576,58916.0,1449.0,0.0572166837666666,10.3317181,71.21288925,37.98293483333333,2.27663025,75.66699059166666,641.4902342075079,3976.689402039919,0,-1.3469755121336457,22.38427393785669,1.712583703790716,3.3572723168428267
2335,SOUTH CAROLINA,CHARLESTON,45019.0,0.024340036,88111.0,64785.61627906977,0.0190225592624705,2431.865402928588,76.09719641025642,-8.705244740425533,-37.37777535319149,26.47332695659575,658.6239899396588,4532.796367807847,1,1.969694430742514,87.98351299936589,1.6959139073566338,1.6959139073566338
2336,SOUTH CAROLINA,CHEROKEE,45021.0,0.0419143749,57768.0,7688.923076923077,-0.0101988112223076,157.72223116153845,63.74203924390244,48.115225341463415,0.6958739268292683,77.57366934146341,641.7282534072568,3403.1672095759177,0,-1.821243794723848,15.916296766011415,1.8685243613466986,3.190780395862506
2337,SOUTH CAROLINA,CHESTER,45023.0,0.0393740902,51383.0,1508.8181818181818,-0.0085296738181818,103.79587386727272,62.01439325806451,47.94523703225806,0.5720977096774194,73.78025965806452,637.0633146188792,3383.1959526995765,0,-2.480540521692228,8.528852251109702,1.6012723818721712,3.8143074831075885
2338,SOUTH CAROLINA,CHESTERFIELD,45025.0,0.0320785597,50962.0,1724.0,0.0585484263,29.2791275,65.53077284848484,48.53922660606061,0.5118634242424243,76.78554535757576,644.6413235375575,3293.2639869254385,0,-2.1106737316848254,12.682308180088775,1.804664579366804,3.836048798076106
2339,SOUTH CAROLINA,CLARENDON,45027.0,0.0397427441,47675.0,546.0,-0.0346386049999999,13.1078711775,60.608792333333334,-288.1433054333333,-332.3115944,-260.66901562333334,656.9998783717116,4049.6741350220377,2,-1.8360753408913282,15.757767913760304,3.5483139618825645,5.458874429120944
2340,SOUTH CAROLINA,COLLETON,45029.0,0.0310547593,48504.0,1871.2,0.0091480045555555,67.88166380666667,64.63927656666667,-275.83797629032256,-321.4553196451613,-250.05702036774193,638.4676769797676,3833.348686579924,2,-1.3881476332442395,21.75015852885225,3.215317548517542,4.688274183653349
2341,SOUTH CAROLINA,DARLINGTON,45031.0,0.0327368248,46249.0,5222.9375,0.00336306520625,230.6446013,66.29273534545455,42.41458645454546,1.4098745636363634,80.02609815454545,641.5206144089262,3979.808250483766,0,-1.4259842563933904,21.21116043119848,1.7460739780001544,2.904338424085414
2342,SOUTH CAROLINA,DILLON,45033.0,0.0437816286,45269.0,1317.8333333333333,-0.0149355617333333,35.2740654,61.09801271428571,54.90534314285714,0.6467407142857143,81.17854745357144,638.184911013942,3686.44102940956,0,-2.7663013489103814,5.580215599239061,1.585751299679089,4.112013911377454
2343,SOUTH CAROLINA,DORCHESTER,45035.0,0.0255300322,78329.0,21413.24,0.0362465845264,330.478951804,74.32376891044777,28.178553238805968,2.394057880597015,66.7940680402985,657.3711850671388,4664.905065713134,1,1.1378398725186292,73.52568167406469,1.3725332638090735,1.3725332638090735
2344,SOUTH CAROLINA,EDGEFIELD,45037.0,0.0308077404,62851.0,1264.8333333333333,-0.0037355328499999,14.652666150000002,67.86563984210527,37.39161721052632,0.6068573684210526,74.65881710000001,633.0302283056735,3556.976335696457,0,-1.805127108456541,16.13823715916297,1.6028660495288003,3.5486491221947603
2345,SOUTH CAROLINA,FAIRFIELD,45039.0,0.0398815191,48123.0,1925.2,0.09835124144,22.94567524,65.64559777777778,42.16906588888889,1.2150586666666667,70.96892992777778,632.7537265091313,3208.0856528958752,0,-2.6185659056988837,7.102092580849714,2.8756100703312395,4.707912832909014
2346,SOUTH CAROLINA,FLORENCE,45041.0,0.0297079482,56144.0,19343.18181818182,0.0165215760242424,573.7058481087879,68.90175724299066,38.89051947663552,1.9331708411214952,78.35180054392524,648.4984501080975,3902.918926538223,1,-0.4901348448928241,37.76157260621433,2.1516017976907196,2.1516017976907196
2347,SOUTH CAROLINA,GEORGETOWN,45043.0,0.0325172583,69379.0,2904.266666666667,0.0042120430792857,136.19971118,65.4668654,-177.69420167391306,-213.94250017391303,-143.22584641304348,649.2492632600006,3592.4492142502254,0,-0.765317383014833,32.27647431832594,2.969161703768234,3.30426900984624
2348,SOUTH CAROLINA,GREENVILLE,45045.0,0.026473737,76281.0,70236.77477477478,0.0021775631439639,1313.8303759297296,72.98800290588235,34.88673443137255,3.329818968627451,72.15024035411764,661.9471934317054,4234.725111240007,1,1.153834265795918,73.90615091946734,1.5507070759499417,1.5507070759499415
2349,SOUTH CAROLINA,GREENWOOD,45047.0,0.0352314352,56726.0,8395.42857142857,-0.0291673489,212.60674797642855,68.08550926530611,43.869434469387755,1.5250007551020408,79.38220401428572,653.1795290031959,3556.18340115357,0,-1.0935684722355232,26.31578947368421,2.145549034876591,2.764329157479285
2350,SOUTH CAROLINA,HAMPTON,45049.0,0.0279832347,44774.0,874.2,0.01081309542,9.308970392,66.6980780625,43.34342275,1.414107,71.634635925,638.6202761236109,3284.5316931678926,0,-2.486990394868563,8.497146480659481,1.7732396281327094,4.2210593264396
2351,SOUTH CAROLINA,HORRY,45051.0,0.0341667509,68684.0,15899.944444444443,0.02854185449,517.465360243662,74.14543258783783,-31.097253724832218,-65.10336318791947,10.089151367785234,655.3364600156925,4177.057280663404,1,0.3932934464564477,56.81674064679771,1.130243666995577,1.130243666995577
2352,SOUTH CAROLINA,JASPER,45053.0,0.0263961606,61816.0,1983.4,0.050074463,13.5957622625,77.19234660000001,-586.3212639375,-623.6999020625,-554.95334243125,660.8668390468227,4453.557466555184,2,0.9214711462424535,68.86493341788206,2.401780074165645,7.438297262473926
2353,SOUTH CAROLINA,KERSHAW,45055.0,0.029668585,69277.0,4313.0,-0.00777907928,60.53207592666666,70.85034713953488,34.88006888372093,1.9857798372093023,75.03436119302326,659.0260520796824,3918.2650687498663,0,-0.37253982788321116,40.20291693088142,1.793638753756915,2.064933081427066
2354,SOUTH CAROLINA,LANCASTER,45057.0,0.0328040443,74417.0,7049.5,0.03011553665,232.4204662142857,64.80271447826087,42.65151373913043,1.1874789130434782,72.18824668913044,642.7912891098202,3767.031736045673,0,-0.7738044579065364,32.05453392517438,2.1440358590919875,2.4345415473582497
2355,SOUTH CAROLINA,LAURENS,45059.0,0.0315555125,56237.0,3381.8823529411766,0.0363746125882352,61.082937182352936,69.7598537586207,38.87298129310345,0.9041180689655172,72.7059232137931,637.4389166845566,4009.3311227113113,0,-1.1832972471739378,25.015852885225108,1.4941812278385442,2.7637022636028057
2356,SOUTH CAROLINA,LEE,45061.0,0.0390684848,46256.0,788.0,0.0346951605,7.615253135714286,58.532432,-538.8145995294117,-587.9917355294118,-514.0013975235295,633.7190007553619,3510.6372340484304,2,-2.2632831046099775,10.716550412175016,3.225887631407096,7.935643919991964
2357,SOUTH CAROLINA,LEXINGTON,45063.0,0.0245331075,76559.0,37624.90540540541,0.0180997335986486,507.7720586540541,77.8266508627451,-529.6000982530863,-553.4202111481482,-491.48221912716053,662.3087172812519,4372.443922437541,2,2.2391908207929276,91.72479391249207,2.58109146138408,6.281561107486594
2358,SOUTH CAROLINA,MCCORMICK,45065.0,0.0331986143,58475.0,451.6666666666667,0.050672394,3.4869789833333336,60.961763875,39.491468,1.104448375,74.544553775,630.3289768122276,3108.752148634148,0,-3.021085842663615,3.6461636017755232,2.428246794334537,4.908106806880458
2359,SOUTH CAROLINA,MARION,45067.0,0.0444514254,40171.0,937.5,-0.0342937585,14.31351891875,64.72648393548387,49.672683870967745,0.8432675483870967,77.25790478709678,642.437188464409,4080.207357617486,0,-2.567753837986325,7.5776791376030435,1.990593611295848,4.293702134914206
2360,SOUTH CAROLINA,MARLBORO,45069.0,0.0718762502,42308.0,827.4285714285714,-0.0142939662857142,20.21582288571429,60.184637708333334,53.39141195833333,0.7946442916666667,83.04905700833334,632.928037602803,3699.2520158027314,0,-3.852600031910719,1.2048192771084338,3.083260709334838,5.435198145605976
2361,SOUTH CAROLINA,NEWBERRY,45071.0,0.0288461538,57325.0,3321.5,-0.003816522075,75.670930625,72.93383441935484,36.46458858064516,1.5936264193548388,64.92839826129033,648.1761263671262,4048.0949058051456,0,-0.6899938188992251,33.92517438173748,1.6345099254978035,2.3482453700374415
2362,SOUTH CAROLINA,OCONEE,45073.0,0.0276588001,67161.0,5374.066666666667,0.0130348647466666,129.00843924666663,68.63948919230769,38.30853828846154,1.616174076923077,77.28767512115384,651.9311478636097,4094.327171150824,0,-0.3865025635045089,39.82244768547876,1.8475502735403153,1.9679863226172793
2363,SOUTH CAROLINA,ORANGEBURG,45075.0,0.0441722568,50959.0,5348.95,-0.0092905407095,350.469840605,65.0803766891892,45.39747139189189,1.085317756756757,82.34653410540541,644.232476968015,3887.967191407656,0,-1.6268944521264883,18.6429930247305,1.7764360512237505,2.9771442689621805
2364,SOUTH CAROLINA,PICKENS,45077.0,0.0291293,58480.0,7262.535714285715,-0.0149347917214285,387.67577764857145,74.54488847222223,-100.84657329166666,-137.21882830555555,-71.12266360833333,648.9352517049994,3539.060413376769,1,-0.32817783296377306,40.805326569435636,2.599024314315218,2.599024314315218
2365,SOUTH CAROLINA,RICHLAND,45079.0,0.0298357655,61508.0,82281.65168539326,0.0100577404157303,1524.363297750674,77.07447073469389,-252.0328257387755,-282.7594941755102,-215.00998942367343,662.992397195162,4723.773294034139,1,1.7118099658871886,84.30564362714014,3.352811167242197,3.3528111672421974
2366,SOUTH CAROLINA,SALUDA,45081.0,0.028363047,60220.0,931.0,-0.0241219167999999,10.669692772,71.45551046666667,37.71399933333333,1.5126304666666668,75.74954706666668,632.6235728854479,3354.8480862887113,0,-1.8405764633496513,15.694356372859861,2.176521589798566,3.9266907756750267
2367,SOUTH CAROLINA,SPARTANBURG,45083.0,0.0289510074,64649.0,29673.666666666668,0.0064271205782608,463.7897601478261,71.51098883589744,37.00131226153846,1.581743676923077,76.24264511692307,650.1260511242227,3634.543818448623,1,-0.1669358910883677,44.22954977805961,2.0076252383291924,2.0076252383291924
2368,SOUTH CAROLINA,SUMTER,45085.0,0.0384111424,55481.0,12520.565217391304,0.0027724959160869,486.73318380000006,67.30741820588234,40.3305390882353,1.0627412352941177,81.58707523529412,649.7983843273472,4673.350764547263,1,-0.43918627475544303,38.77615726062144,2.1975800629428606,2.1975800629428606
2369,SOUTH CAROLINA,UNION,45087.0,0.0406809254,40008.0,2822.6666666666665,0.0350672261222222,142.13309126666667,66.84231348148148,47.23991185185186,0.534257,75.77183786666667,632.1850508119371,3275.5358036261496,0,-2.5216368895593155,8.14838300570704,1.8827746748488978,3.8971167422938615
2370,SOUTH CAROLINA,WILLIAMSBURG,45089.0,0.0476693897,43711.0,976.3636363636364,-0.000992508305,11.36387756,57.75084306451613,-260.06865640625,-311.84810465625,-235.03858339375,624.4722512666036,3236.299834558319,0,-3.294558749857922,2.631578947368421,4.242514034782125,5.922381009924379
2371,SOUTH CAROLINA,YORK,45091.0,0.028136912,82495.0,28132.043478260868,0.0227963846076087,630.2302111456521,77.17780124770643,-61.93359824770643,-88.78192431192659,-24.79166914403669,656.9203285349562,3983.154643905036,1,1.1853980352474134,74.571972098922,1.3594460780238267,1.3594460780238267
2372,SOUTH DAKOTA,AURORA,46003.0,0.0159893404,66789.0,822.0,0.021999093,1.134912,88.06119225,32.84274525,1.900971,78.432847975,740.4130434782609,5645.440217391304,3,2.671132733706452,95.0856055802156,2.754743221863889,5.226083014379203
2373,SOUTH DAKOTA,BEADLE,46005.0,0.018394287,59721.0,4314.166666666667,0.01758694505,511.27605217,86.58283852941177,29.280994529411764,2.1880895882352944,74.87756482352941,690.3290135246973,4644.401277476037,1,1.7991917085550966,85.60558021559925,2.340279913706516,2.3402799137065156
2374,SOUTH DAKOTA,BENNETT,46007.0,0.0307835821,48547.0,778.0,0.0147397649999999,27.885398315,65.58541375,45.23401,2.48059925,73.16774939999999,662.9768013989221,3643.4399226006194,0,-1.7898949698124587,16.265060240963855,1.1741355928468589,3.5066532129513512
2375,SOUTH DAKOTA,BON HOMME,46009.0,0.0191437522,67069.0,822.0,-0.02677526605,2.81936815,82.715915,33.8722336,1.4786078,65.18510664,737.855,4081.9056121736703,3,1.3293849993308056,77.33037412809132,2.471711042648717,4.6242894800982555
2376,SOUTH DAKOTA,BROOKINGS,46011.0,0.0198312018,75209.0,8784.0,0.0186464793833333,268.54566508333335,90.62495561904764,34.05503233333333,1.6313376666666666,62.796260466666666,690.8652878506059,4175.519995289668,1,2.205552252933277,91.28091312618896,2.272521422605002,2.272521422605002
2377,SOUTH DAKOTA,BROWN,46013.0,0.0199711141,67491.0,11302.625,0.026358934875,1112.571907855,88.15327364516129,30.91907122580645,1.9431381612903225,74.98688002580644,678.4774008220029,4904.27799951912,1,2.2957512350422973,92.23208623969562,2.1075520173800606,2.107552017380061
2378,SOUTH DAKOTA,BRULE,46015.0,0.0171690195,69383.0,761.0,0.0073917485,20.02803275,88.23328400000001,32.002182499999996,1.6184026666666669,76.86953735,699.314853250463,4101.603459691264,3,1.313644465757234,77.04502219403932,1.5516092947968312,3.40925939814154
2379,SOUTH DAKOTA,BUFFALO,46017.0,0.0442225392,32803.0,489.0,0.013429189,1.0500993,70.1839995,48.1858035,0.0,,662.225,2810.9500000000003,0,-3.2163146621993954,2.9486366518706406,2.536798382125575,5.169771537116517
2380,SOUTH DAKOTA,BUTTE,46019.0,0.0191215449,62368.0,1307.5,0.03246568415,9.748306195,80.469582625,38.33387175,1.96919725,66.4883971125,678.2255560278762,3931.661933614331,3,0.1910916494688604,52.40963855421686,1.8344175677922097,3.0304587801637424
2381,SOUTH DAKOTA,CAMPBELL,46021.0,0.0245795602,64367.0,415.0,0.013415325,0.55474001,84.7081095,41.982199,1.67723,76.6755333,749.4571428571428,5023.410714285714,3,1.784468637149449,85.47875713379835,2.539687351947921,5.224437040500354
2382,SOUTH DAKOTA,CHARLES MIX,46023.0,0.0219724067,59721.0,1023.6666666666666,0.01747939719,2.7859819,77.239608375,41.7862485,1.958387,69.8356947875,675.5240008155909,3889.425804952612,3,-0.38929096491618087,39.72733037412809,1.947786146202965,3.343755793502966
2383,SOUTH DAKOTA,CLARK,46025.0,0.0203888099,65768.0,901.0,0.025435289,0.89807475,86.60789316666667,31.571208666666667,4.254655166666667,75.56694985,736.7202127659575,5203.73670212766,3,2.1179201309062115,90.1712111604312,2.192337331510193,4.794202030201729
2384,SOUTH DAKOTA,CLAY,46027.0,0.0206962719,63752.0,3030.0,0.027222883,824.2375521333333,87.82481408333332,41.64649983333333,1.2531556666666666,74.7835706,699.384769668737,4420.104399585921,3,1.9208028722410408,87.53963221306277,2.454658483100627,2.501323122208788
2385,SOUTH DAKOTA,CODINGTON,46029.0,0.0180648354,66288.0,8722.57142857143,0.0122630935714285,496.3438535571429,89.3109760952381,33.77013947619047,2.1026273809523808,77.99308231428572,678.4661034704634,4791.822263670353,1,2.159014840236892,90.67850348763476,2.2239321353618893,2.2239321353618893
2386,SOUTH DAKOTA,CORSON,46031.0,0.0303265941,42911.0,313.5,0.03349691905,0.41024009,63.40472925,50.0656305,2.410686,74.7837124,657.3859156413762,2899.512165641376,0,-3.1214755148381146,3.1705770450221937,2.6203242479515034,5.2452842608645005
2387,SOUTH DAKOTA,CUSTER,46033.0,0.0251646284,76579.0,890.5,0.008894112,18.908112635,78.10480916666667,28.8173015,0.4029689999999999,61.813259116666664,684.9354800345764,4463.43127608477,3,0.7264695057322471,64.87000634115408,1.1081064801656788,2.588007319903082
2388,SOUTH DAKOTA,DAVISON,46035.0,0.0172118591,67847.0,6203.75,0.01557973475,314.69665077499997,91.28810822222222,29.341529277777777,1.2313704444444444,73.33127847777777,680.0350437386306,5104.138395048616,1,2.4462469199693753,93.37349397590361,2.6259569219487124,2.6259569219487124
2389,SOUTH DAKOTA,DAY,46037.0,0.0270778488,60503.0,545.0,-0.0017814866666666,16.495474050000002,83.21813350000001,37.68015183333333,0.808224,71.15985426666667,689.2064222738572,4203.002433788114,3,0.32047846156241605,55.389980976537736,1.2015262993434044,3.1486012216441175
2390,SOUTH DAKOTA,DEUEL,46039.0,0.0275743214,67290.0,1270.0,0.027127177,17.4825956,88.13047275,28.62021475,3.1515062499999997,73.333347325,735.1679878048781,4868.283536585366,3,2.1587727349460515,90.64679771718453,1.8445957588210977,3.9681770734865704
2391,SOUTH DAKOTA,DEWEY,46041.0,0.0566202091,48477.0,1072.5,0.0147767445,40.277409005,66.7300732,43.738089200000005,1.8579328,70.22739637999999,661.1219753014842,3061.5831030576564,0,-2.6741418830442814,6.3411540900443875,1.7913816226625023,4.159251187603663
2392,SOUTH DAKOTA,DOUGLAS,46043.0,0.0194369973,68324.0,1020.0,0.017807424,2.301981,87.05553233333335,30.37668533333333,4.408524,73.3431905,751.2750000000001,4634.35,3,2.2219336222399497,91.4711477488903,2.5326474502403613,4.900320593677561
2393,SOUTH DAKOTA,EDMUNDS,46045.0,0.02039801,74870.0,551.5,0.028589991,0.98702524,88.5730685,27.635223,3.12768,71.668422725,735.1279999999999,5725.3150000000005,3,2.6925085218033282,95.18072289156626,2.680321607403019,5.1652051731677835
2394,SOUTH DAKOTA,FALL RIVER,46047.0,0.0256410256,58834.0,1080.0,0.042171886,19.43288502,80.885261,45.38309983333334,1.5073151666666664,68.5048205,674.1849489795918,4194.303571428572,3,0.07689956286328549,49.65123652504756,1.7568529800255894,2.817759235851763
2395,SOUTH DAKOTA,FAULK,46049.0,0.0181983621,66810.0,480.0,0.012615211,0.48688567,83.31936933333333,35.34020233333333,4.106266000000001,76.86043803333332,745.04765625,4602.2421875,3,1.6290109773877464,82.81547241597971,2.408182923841729,5.045124579440949
2396,SOUTH DAKOTA,GRANT,46051.0,0.0244504262,73409.0,1905.5,-0.00909585925,8.583666055,87.55744822222222,32.136326333333336,1.0357984444444444,75.90786742222222,726.0065573770491,5258.508196721312,3,2.441239952055979,93.3417882054534,1.8489545335336357,3.9524006319614684
2397,SOUTH DAKOTA,GREGORY,46053.0,0.0188590288,54134.0,615.0,0.0052259731999999,1.31287513,84.639955,40.8464745,1.5288895,83.004232425,713.3460164855416,4201.0342587912355,3,0.6420082482456406,63.1578947368421,1.7371579604437595,4.2948262338013725
2398,SOUTH DAKOTA,HAAKON,46055.0,0.0175763182,62682.0,699.0,-0.010473916,0.36674261,89.3231945,31.6555385,3.5401935,68.5801277,737.0,3740.6590909090905,3,1.2680908490573042,76.28408370323399,2.8467300312723016,5.1175094283696225
2399,SOUTH DAKOTA,HAMLIN,46057.0,0.0176295091,87571.0,793.5,0.018349402,2.8018193,86.1156362,27.0777358,4.1427461999999995,57.09475861999999,736.422193877551,5014.798469387755,3,2.6973288589970363,95.21242866201649,2.3590558950168536,4.618955388753557
2400,SOUTH DAKOTA,HAND,46059.0,0.0159253158,69681.0,1130.0,0.01627768605,12.446879269999998,90.3232905,30.56359025,1.4886685,77.228588125,744.92,5341.05,3,3.0424506128158706,96.8294229549778,2.6592366211780623,4.803471307281139
2401,SOUTH DAKOTA,HANSON,46061.0,0.0223214286,72307.0,635.0,0.025513444,1.2818949,87.76762933333333,23.711262,1.5048226666666666,70.80951943333334,735.40125,5437.625,3,2.3997648453065,93.08814204185161,2.308376671948743,4.8727351044066705
2402,SOUTH DAKOTA,HARDING,46063.0,0.0192572215,59255.0,435.0,0.042682298,0.13850544,85.620915,30.943396,3.584906,61.3207512,744.05,5195.5,3,1.8434874874496694,86.20798985415345,2.754230743171424,5.4060884501599835
2403,SOUTH DAKOTA,HUGHES,46065.0,0.0155642023,75885.0,6983.75,0.0340714936125,299.1593848475,88.28143106666667,26.679772733333333,2.8438573999999996,65.75917613333334,686.0984186053953,4196.764484021614,1,2.1115894143823093,90.0443880786303,2.3023833669802345,2.302383366980235
2404,SOUTH DAKOTA,HUTCHINSON,46067.0,0.0206690237,68648.0,799.0,-0.0099221117333333,3.478671543333333,83.38592557142859,32.99554942857143,3.653432571428571,74.86372157142857,744.6552966101694,5283.612288135593,3,2.244558049908679,91.81991122384274,2.42729665046321,4.824907379640727
2405,SOUTH DAKOTA,HYDE,46069.0,0.0183206107,66253.0,492.0,-0.0052884966,0.57058257,82.9134435,31.4499125,0.7853405,61.842931750000005,664.9250000000001,3513.25,3,-0.43828658455493674,38.807863031071655,2.759688686017021,4.152295256741178
2406,SOUTH DAKOTA,JACKSON,46071.0,0.0324881141,47946.0,298.5,0.0301197005,0.345291455,72.0394895,29.163986,1.791532,68.10811615,665.375,3334.75,0,-2.1326105372543593,12.270133164235892,2.230183057052004,4.552892245559891
2407,SOUTH DAKOTA,JERAULD,46073.0,0.016722408,57613.0,1180.0,0.021566037,2.8713517,87.7705225,30.4136285,2.4289665,78.42218015,744.2029411764706,4570.058823529412,3,1.9259298900615907,87.66645529486367,2.444923260563468,4.805043171971903
2408,SOUTH DAKOTA,JONES,46075.0,0.0248565966,60640.0,333.0,-0.0020683114,0.3289752,79.316239,33.256881,2.752294,67.2018356,722.85,4843.0,3,0.7388395438483796,65.09194673430564,1.769547648098495,4.600924025376875
2409,SOUTH DAKOTA,KINGSBURY,46077.0,0.0188679245,67518.0,757.0,0.0181290085,2.00880965,87.28576199999999,27.617809,1.2684715,73.44690833333333,739.3592592592593,5501.055555555556,3,2.4926107695683104,93.7856689917565,2.4538489816723015,4.960696240845055
2410,SOUTH DAKOTA,LAKE,46079.0,0.0189995547,70136.0,2879.6666666666665,0.0097229895666666,78.43904962333333,88.51491933333334,27.712079444444445,1.5214245555555557,70.27973896666667,708.578556847128,4525.05129396429,3,2.130985297209239,90.32974001268231,1.6764893235656955,2.860898619020165
2411,SOUTH DAKOTA,LAWRENCE,46081.0,0.0186241495,69088.0,2077.0,0.021810493622,309.26848488,86.22450458823529,35.59415911764706,1.8704715294117649,64.8083734117647,691.1382653896079,3871.646970382355,3,1.3721569330383911,78.1864299302473,2.34915942632154,2.492202012040791
2412,SOUTH DAKOTA,LINCOLN,46083.0,0.0160615256,102130.0,21247.636363636364,0.0549140934545454,148.17766701818184,90.16004496666667,15.137228233333332,6.3803988333333335,50.86709293666667,684.9046320259021,4713.515230944741,1,3.3803778877204493,97.9708306911858,3.0957678381251137,3.0957678381251137
2413,SOUTH DAKOTA,LYMAN,46085.0,0.0280701754,55274.0,601.0,0.0084499275,1.105171985,85.14001975,30.14459225,0.81433225,66.6943817,675.2566666666667,3740.8733333333334,3,-0.46852681290663495,38.23715916296766,2.17490199164306,3.86817248292552
2414,SOUTH DAKOTA,MCCOOK,46087.0,0.0170239596,85702.0,575.5,-0.00616160875,1.95322915,88.38447866666667,26.370073333333337,2.713818,70.5875187,738.608686440678,4833.622881355932,3,2.617901955736009,94.67343056436272,2.5297777701861053,4.8858986876369785
2415,SOUTH DAKOTA,MCPHERSON,46089.0,0.0243161094,55704.0,583.0,0.0044169771,0.47508276,79.77522499999999,38.93988133333333,1.214197,68.5353025,738.25,5461.5,3,1.4021182876339395,78.53519340519975,2.475019954012924,5.064986591121313
2416,SOUTH DAKOTA,MARSHALL,46091.0,0.0253623188,69480.0,1601.0,0.032255601,1.8196658,85.03611566666667,30.906423,2.3025146666666667,64.37065123333333,672.0837866725637,3737.5992493488625,3,0.16099532504819136,51.553582752060876,2.1518372241623953,3.334805385087521
2417,SOUTH DAKOTA,MEADE,46093.0,0.0205240473,74577.0,1381.4,0.0298368686599999,39.990995592,85.38620188235295,-559.6206814117647,-586.0046332941176,-530.9955208764706,673.9112097665459,4461.762139171619,2,2.1157565847712596,90.10779961953077,2.776899742143399,7.0309556616117455
2418,SOUTH DAKOTA,MELLETTE,46095.0,0.0317040951,48596.0,291.0,0.0062654512,0.2378938,69.494428,44.1192425,0.7598785,73.22095110000001,669.0,3787.0,0,-1.9415541300934174,14.584654407102093,2.123274754493042,4.41022163697677
2419,SOUTH DAKOTA,MINER,46097.0,0.0171875,69943.0,649.0,0.0049269036,1.0941399,89.76900066666667,32.16497533333334,3.949787666666667,72.15009816666667,736.4,4831.2,3,2.202969509817469,91.24920735573875,2.2493089113891997,4.872587740926261
2420,SOUTH DAKOTA,MINNEHAHA,46099.0,0.0182569958,73277.0,72308.14285714286,0.0233482739409523,1719.0072993880954,87.08818689166667,26.272305208333332,2.795675,69.4948188775,677.5488332984643,3925.76421342633,1,2.228558953358272,91.5979708306912,2.26510355599273,2.26510355599273
2421,SOUTH DAKOTA,MOODY,46101.0,0.0201622818,72783.0,2205.0,0.0240072,9.7373438,88.07293766666668,24.324425166666668,2.9096810000000004,69.85588138333333,685.3464785622549,4230.330294208158,3,1.3032830883050306,76.88649334178821,1.508179709017459,2.9155590535260596
2422,SOUTH DAKOTA,PENNINGTON,46103.0,0.0190537892,74641.0,29196.869565217392,0.0156714305895652,943.4819488517392,85.42920955223882,31.0697392238806,2.5484867462686567,73.80989498955223,673.5334837259556,4062.0413298082785,1,1.9156863688350303,87.47622067216233,1.7733261133186673,1.7733261133186673
2423,SOUTH DAKOTA,PERKINS,46105.0,0.0202797203,56922.0,984.0,-0.018895416,0.33478746,85.24547566666666,37.666169,3.243407,67.8527298,730.8868421052632,3791.7477661545167,3,0.7842128706407313,66.10653138871274,2.6192756455020487,4.82582913817194
2424,SOUTH DAKOTA,POTTER,46107.0,0.0236071766,70243.0,847.0,0.033188988,0.94409734,86.52563649999999,32.2088465,1.310003,78.32376865,693.8631216931217,3823.810052910053,3,0.5731588719763064,61.44578313253012,1.8316608302133013,3.8191360662080776
2425,SOUTH DAKOTA,ROBERTS,46109.0,0.0305971724,65069.0,838.25,0.07502007925,25.660393937499997,78.97886116666666,33.75365716666666,1.87029475,64.499775575,673.932136441963,3304.1608319547836,0,-0.5303294307388736,36.93722257450856,2.7935445031756063,3.519384151598683
2426,SOUTH DAKOTA,SANBORN,46111.0,0.018018018,67523.0,497.0,-0.038606368,0.90458637,84.61095766666666,34.126957,1.8856093333333332,75.94860583333333,732.1541666666667,5158.625,3,1.8614910303611216,86.65187064045656,2.581970422116319,5.06840898999129
2427,SOUTH DAKOTA,SHANNON,46113.0,,,,,,48.30222366666666,56.197717,1.3956784444444443,,630.5530983049869,2637.01388212829,0,-3.3477488386939878,2.4730500951173116,3.3424556195772395,5.207516218020006
2428,SOUTH DAKOTA,SPINK,46115.0,0.0219123506,69262.0,1370.0,0.0254566416233333,33.36141836666666,84.07490614285715,34.16387471428572,3.438545714285714,72.98651667142857,728.1840909090909,4997.886363636364,3,2.1632142756281167,90.74191502853519,1.638015614711744,3.6099897969821373
2429,SOUTH DAKOTA,STANLEY,46117.0,0.0179028133,82778.0,1133.0,0.036683451,0.7650066,88.72868299999999,20.740149,4.889628,71.1897163,691.2571212121212,4625.362154512154,3,1.6945080484288384,83.98858592263791,1.8522881864510257,3.8827916132534854
2430,SOUTH DAKOTA,SULLY,46119.0,0.0157004831,74496.0,495.0,0.027767388,0.44099373,90.953606,27.3821515,2.8726565,66.66807935,739.4,4988.5,3,2.505182861753611,93.84908053265694,2.6208287158529706,5.21742201693197
2431,SOUTH DAKOTA,TODD,46121.0,0.0336189848,50268.0,1389.0,0.0506357385,2.34329555,59.19803257142858,48.322658142857144,1.199685142857143,80.39389582857143,638.3688262664069,2659.651201035685,0,-3.325827503012408,2.568167406467977,2.7306849109223594,5.153395267514416
2432,SOUTH DAKOTA,TRIPP,46123.0,0.0162284972,58195.0,1932.0,0.009137633,24.306158755,90.8406434,34.867831,1.4527818,66.70896072000001,693.6847216010733,4631.615011926058,3,1.6061924769104856,82.53012048192771,1.6823141303423217,3.315240627831073
2433,SOUTH DAKOTA,TURNER,46125.0,0.0186027284,75454.0,942.5,-0.00032619775,2.9381819,87.818032375,28.349240125,2.143108875,71.2273840875,723.351099537037,3745.7037863279897,3,1.462879797998779,79.58148383005708,2.247116839625503,4.25717300057403
2434,SOUTH DAKOTA,UNION,46127.0,0.0213156085,97016.0,2800.0,0.0005675446,28.349757333333333,87.80744688888889,21.423026888888888,6.088937666666666,61.90728674444444,680.5142493324531,5118.919096233194,3,2.5384272078489754,94.03931515535827,2.4047634372461975,3.0156645295305586
2435,SOUTH DAKOTA,WALWORTH,46129.0,0.0318072289,57426.0,1053.0,-0.0118392224,45.684338995000005,84.7634355,32.997690999999996,2.512706833333333,65.71277238333333,681.7993328196194,4337.3126206110965,3,0.39468496435524275,56.880152187698165,1.6087895701151138,2.7205553705189804
2436,SOUTH DAKOTA,YANKTON,46135.0,0.0175409148,73061.0,8106.6,-0.00959287982,725.696394244,85.08373436842105,30.91690889473685,2.1921714736842106,59.55994314210527,682.1220628160903,3917.1202611466274,1,1.6632343435447714,83.3861762840837,2.1021893049485056,2.1021893049485056
2437,SOUTH DAKOTA,ZIEBACH,46137.0,0.0436590437,42254.0,207.0,0.016646748,0.12185969,68.2252175,46.288868,0.0,73.43283464999999,652.8913349959868,2746.8091629400296,0,-3.4817246770485486,2.060875079264426,2.6712695778649445,5.44761243437215
2438,TENNESSEE,ANDERSON,47001.0,0.0323496346,61009.0,17069.666666666668,0.0154328519472222,371.55996596666665,71.07883992307691,-154.7647506037736,-186.61826318867924,-125.99810294528302,667.3317585938312,4006.584490848028,1,0.31319399437630624,55.23145212428662,2.263516190310535,2.2635161903105354
2439,TENNESSEE,BEDFORD,47003.0,0.0330465031,69272.0,4845.888888888889,0.0032614987777777,123.11308370222224,71.0302272,39.49901396,1.0376616,68.597985372,654.2196365120143,3024.2668749495933,0,-0.975069735777457,28.598604946100192,2.069092756175166,2.736017693133396
2440,TENNESSEE,BENTON,47005.0,0.0412675018,52795.0,1927.8,-0.0001674162199999,68.74572406000001,65.09538476923078,45.44440823076923,0.2520866153846154,77.03343025384615,651.2774901114683,2687.5074358550924,0,-2.488955630639438,8.433734939759036,1.9375409982702547,3.9913721555481216
2441,TENNESSEE,BLEDSOE,47007.0,0.0534197586,50731.0,1353.3333333333333,0.1897607406666666,4.94607299,62.1915405,47.953537875,0.284715,80.0461339875,668.0498014012682,4004.512748352093,0,-2.190170673293892,11.509194673430564,5.49630360503275,6.64074964748069
2442,TENNESSEE,BLOUNT,47009.0,0.0300847458,77206.0,17489.14285714286,0.0118765478460714,377.4076000946429,74.74482544871795,-96.9513525,-126.29755178205129,-66.83529323076922,662.9933083015504,3546.3906346985095,1,0.5872337283981522,61.953075459733675,1.8427425161157192,1.8427425161157192
2443,TENNESSEE,BRADLEY,47011.0,0.0351435792,61440.0,20237.894736842107,0.0099617383210526,686.5895848315789,72.13431207272728,40.1548916,1.4564743818181818,70.96606307090909,655.4362030392815,4000.958580110691,1,-0.09297876627409764,45.94166138237159,1.5721411648053683,1.5721411648053683
2444,TENNESSEE,CAMPBELL,47013.0,0.0414624454,50443.0,2041.909090909091,0.0064590892454545,75.82840508181818,59.44999025,49.62114840625,0.44184321875,79.53161478125,640.1626156030419,3303.9836946757214,0,-2.6760183111527027,6.2777425491439445,1.5832779698730448,3.9362640249674907
2445,TENNESSEE,CANNON,47015.0,0.0293528064,60098.0,580.6666666666666,0.038211918,6.275630866666667,69.55847309999999,39.6395473,0.4041558999999999,69.91207047,655.5756339651005,2876.3773681981634,0,-1.9949925546849534,13.950538998097652,2.1254089718070035,4.1655736383357524
2446,TENNESSEE,CARROLL,47017.0,0.0409689758,51159.0,934.875,-0.0115936895071428,17.4415665325,69.8749125,-395.20431195652174,-433.5895493478261,-365.05688078260874,648.4886582114325,3258.3099096722026,2,-1.5582424911309052,19.59416613823716,2.59225016810491,6.005015391906317
2447,TENNESSEE,CARTER,47019.0,0.0367079146,48885.0,10350.70588235294,-0.0065068681647058,367.42602405647057,70.0129032368421,45.85338507894737,0.8039681842105263,78.09936764736842,658.986430505351,4009.419905850098,0,-0.7483280408672679,32.87888395688015,2.0143336568098595,2.273602766956171
2448,TENNESSEE,CHEATHAM,47021.0,0.0257550007,82030.0,2161.222222222222,0.0337965018444444,67.45743346666667,76.89228561904763,26.021339333333337,1.3307757142857144,56.24680091904762,653.7042372881356,3854.593220338983,1,0.20914607280855282,52.82181357006975,2.2156143995006126,2.2156143995006126
2449,TENNESSEE,CHESTER,47023.0,0.0313199105,65714.0,1179.0,0.0393544900366666,139.5476043633333,71.62499488888889,36.07124066666667,1.9930503333333331,68.7796278888889,649.0584827439985,3695.819588954259,0,-0.9068639121679947,29.613189600507294,1.6052863870108756,2.6444477110703737
2450,TENNESSEE,CLAIBORNE,47025.0,0.0393657736,53195.0,1421.7777777777778,-0.0078283915555555,35.95864253333334,63.64355195454546,46.1427705,1.0753490909090908,76.51616148181819,660.4303698032234,3555.483655376766,0,-1.959834733395277,14.39441978440076,1.058745485050641,3.420002640797685
2451,TENNESSEE,CLAY,47027.0,0.0438750439,46575.0,730.0,-0.0286617145,5.508672949999999,65.776879,48.59592357142857,1.087785714285714,81.2861448,677.2887096774193,3436.524193548387,0,-2.256728472723428,10.843373493975903,2.0626687169466305,4.293661685859317
2452,TENNESSEE,COCKE,47029.0,0.0452975828,47491.0,1596.7777777777778,-0.0119636745222222,37.65770027477778,65.49552696153846,-321.94571851851856,-369.3375913703704,-293.48303844074076,644.4319513273192,2815.3146622715285,2,-2.287585634478854,10.494610019023462,3.527376143376583,5.73970069064425
2453,TENNESSEE,COFFEE,47031.0,0.0337848418,65038.0,6409.0,0.0112351473818181,290.3507223056667,70.71123133333333,-252.86108852941177,-292.9914140882353,-224.26605605882352,662.1193213722743,3491.9938752131934,2,-0.09666500132373389,45.878249841471145,3.1599191936251163,3.576272905580847
2454,TENNESSEE,CROCKETT,47033.0,0.032618278,56083.0,1179.4,0.01888406842,15.086599356,73.48140216666667,39.183223166666664,1.5917235833333334,72.53713545000001,654.924057402084,3291.3972841058808,0,-1.504452357048055,20.13316423589093,1.355347658374241,3.3060781410471165
2455,TENNESSEE,CUMBERLAND,47035.0,0.0417403013,60632.0,4537.285714285715,0.0021107900928571,82.65341681857144,67.87867221875,41.3284030625,1.20248246875,75.33718718125,657.582496678091,3831.373961214516,0,-1.127118289704178,25.745085605580215,1.0904837539057015,2.3849293392417823
2456,TENNESSEE,DAVIDSON,47037.0,0.0265224248,80216.0,131898.21118012423,0.0081016383521428,1963.5680979801243,77.83236774946921,-93.59113429386892,-122.49438203171248,-54.420006573361526,659.9338303360428,3976.640814921046,1,1.716344069729428,84.43246670894102,2.1083660810530396,2.1083660810530396
2457,TENNESSEE,DECATUR,47039.0,0.0451938518,52000.0,853.0,0.0301327868925,18.9844159375,65.6216593,45.4566567,3.2552320999999997,71.26809579,652.0171862483311,3555.78254852624,0,-2.3207311076337263,10.114140773620798,0.8113746522372517,3.7260828613344277
2458,TENNESSEE,DICKSON,47043.0,0.0273489815,74028.0,3063.4,0.03443878761,58.60779895,74.2328265,33.83896146666667,1.7855286333333331,65.93424848000001,663.3971486903129,3851.7721906269194,1,0.0005774121936365181,48.129359543436905,1.9986151669926848,1.9986151669926848
2459,TENNESSEE,DYER,47045.0,0.0353293413,57548.0,6209.625,-0.0141378298375,212.57091468125,72.46417284615384,41.10728353846154,1.2241697307692307,71.16121819615384,648.2365682829031,3449.678999342948,0,-1.0170294308983032,27.647431832593533,1.9250854738229701,2.563955966296652
2460,TENNESSEE,FAYETTE,47047.0,0.0363005051,76680.0,1867.8181818181815,0.0574525173636363,13.916097602727271,73.18043642424242,28.963632606060607,4.787218818181818,55.2507023,639.9813449614619,3462.3730283556542,0,-1.0922068581452744,26.347495244134432,2.2012001098207126,3.298645095634177
2461,TENNESSEE,FENTRESS,47049.0,0.0381818182,47860.0,1983.0,-0.00062290075,26.3317128025,60.13672158333333,52.80506508333334,0.6688083333333333,81.820508325,675.6911993605285,4018.963480677531,0,-1.7083438547332774,17.596702599873176,1.5684389504956389,3.492744815014352
2462,TENNESSEE,FRANKLIN,47051.0,0.0345286885,64243.0,2487.4444444444443,0.0025753495999999,73.04470458888889,71.89764681481482,35.8265677037037,1.731936925925926,66.96066622222222,658.4421564003703,3248.8682368590485,0,-1.0753177373605711,26.537729866835765,1.518535160699345,2.6836021728814696
2463,TENNESSEE,GIBSON,47053.0,0.0348472261,57630.0,1814.571428571429,0.0045552175142857,34.178727019285716,70.71794643589743,-209.469306375,-248.752227775,-178.46253061500002,639.5173134190051,3359.035182202684,0,-1.346899661450466,22.415979708306914,3.1656693979707846,4.0456379246141
2464,TENNESSEE,GILES,47055.0,0.0329081286,60422.0,1184.375,-0.0124722219749999,17.57108147875,67.15686531578947,41.666950684210526,1.065754263157895,72.30982348947369,644.3067961776447,3691.315819817604,0,-1.693847314343866,17.81864299302473,1.3167342096715005,3.3666598278010325
2465,TENNESSEE,GRAINGER,47057.0,0.0366813119,57132.0,1027.0,0.01425664058,13.150172,66.6881318125,44.9978521875,1.0373873125,76.0703689875,635.6762603369821,3362.005126775127,0,-2.3059705141689473,10.304375396322131,1.2437980194941234,3.8019199882773957
2466,TENNESSEE,GREENE,47059.0,0.0415081166,54188.0,6583.0,-0.0210860568446666,119.76463944666666,69.218817875,41.901578020833334,1.4979704375,74.14904244583333,660.0085570345866,3625.915673265141,0,-1.2052113589078617,24.66708941027267,1.712388797654797,2.692316984528948
2467,TENNESSEE,GRUNDY,47061.0,0.0446728602,41370.0,456.0,0.0480971404999999,5.44012585,60.97989927272727,54.18587281818182,0.7490493636363638,79.69205683636363,674.5347355072464,3110.33269450801,0,-3.003728547055948,3.804692454026633,2.3061010822760886,4.9041458252076255
2468,TENNESSEE,HAMBLEN,47063.0,0.0355973231,55904.0,16914.75,0.0017235926059166,547.6166288333334,70.72618680952381,40.119030499999994,1.2858733095238095,70.53090694761904,657.3910494719418,3950.642970696756,1,-0.3999730227486813,39.53709575142676,1.8829540602622623,1.8829540602622623
2469,TENNESSEE,HAMILTON,47065.0,0.032031772,73319.0,56278.23170731707,0.0141265167270731,1192.5288578843902,75.77134788571429,-47.110795198380565,-77.47692101619432,-19.338170004858306,663.4182280512202,4118.5002797705465,1,1.1243716165316961,73.14521242866202,1.2167785872975119,1.2167785872975119
2470,TENNESSEE,HANCOCK,47067.0,0.0440722785,39077.0,369.5,-0.06044326,3.3835011099999996,53.4452654,57.066954800000005,0.0,,665.037109375,2829.05859375,0,-3.9590702586282336,0.9828788839568802,3.6831788957971288,6.080815111702869
2471,TENNESSEE,HARDEMAN,47069.0,0.0442829567,47551.0,1159.1666666666667,-0.0241766963333333,15.019311241666664,61.92506827777778,-511.4362653888889,-554.8734509444445,-486.28003798888886,652.7754582916837,4013.230258438501,2,-1.4631403519089314,20.862396956246037,2.3994674351000405,7.249261865304033
2472,TENNESSEE,HARDIN,47071.0,0.0395981087,49126.0,2308.8333333333335,0.0117859563666666,58.56894556666666,63.03117342105263,45.967960789473686,3.391068368421053,76.63706247894737,651.8624269868365,3577.01787161131,0,-2.0916842473053907,12.999365884590997,0.9386513865790688,3.3657659448381803
2473,TENNESSEE,HAWKINS,47073.0,0.0387510215,54454.0,3014.0,0.0139508943076923,101.57212698923075,68.32322983333333,41.84311636111111,1.083841388888889,73.01631121666667,661.1391309525908,3338.0870743134933,0,-1.486278716238917,20.450221940393153,1.1530801170487506,2.8478902430186874
2474,TENNESSEE,HAYWOOD,47075.0,0.0435424354,42579.0,2158.8333333333335,0.01137332695,53.56192987,67.83695106666667,45.40611,0.8003298666666667,77.98355713333333,639.4035793619431,3123.460864378334,0,-2.6072041140490945,7.19720989220038,1.535559301774593,3.9064923484356986
2475,TENNESSEE,HENDERSON,47077.0,0.0369864184,55656.0,2896.1666666666665,0.0028423887833333,31.8955723,68.52785236842105,41.7482677368421,1.1692856842105264,72.5357830631579,644.4373932829991,2888.4446508619585,0,-2.0980131777545536,12.904248573240329,1.6914772161705094,3.628343825638649
2476,TENNESSEE,HENRY,47079.0,0.0378604446,52064.0,4274.777777777777,-0.0056432606444444,178.07100956888888,67.61947010714286,41.313937571428575,1.3364827857142856,75.57412596785714,662.9540639307144,4346.232999074194,0,-0.8007892842738493,31.48383005707039,1.6408527458149686,2.3398937200527934
2477,TENNESSEE,HICKMAN,47081.0,0.0278500126,59650.0,582.8333333333334,0.0284295105,6.277531711666668,68.39700878571429,35.76028028571428,0.8213350714285715,69.00676890714286,648.6599062835604,2975.447104166593,0,-2.0938619159895873,12.967660114140775,2.009600562152999,4.154359254297792
2478,TENNESSEE,HOUSTON,47083.0,0.0455822666,56951.0,472.6666666666667,-0.0158939738,10.443247266666663,65.72040685714286,43.67509128571429,0.5820827142857142,77.43145971428571,648.6182481648057,3546.13769127378,0,-2.447221394815182,8.877615726062144,1.4399832809194686,4.065434145669268
2479,TENNESSEE,HUMPHREYS,47085.0,0.0325670498,63017.0,1157.6,0.0294965986,19.40406836,70.0138545625,36.3713860625,0.80897875,68.77627659375,648.8608592426596,3517.2222406126484,0,-1.4456354442033383,20.989220038046923,1.178637665169387,3.141542585978221
2480,TENNESSEE,JACKSON,47087.0,0.0406843313,48285.0,339.25,0.04895464275,5.2992883275,57.20840100000001,44.845166666666664,1.1298791111111113,79.20019871111111,666.3936363636363,3359.511363636364,0,-2.9649087405362753,3.9949270767279645,2.2103172526877963,4.854531269923853
2481,TENNESSEE,JEFFERSON,47089.0,0.0354967949,62730.0,3288.1111111111113,0.0627743347444444,60.37397154444445,74.144135125,38.94041059375,1.15127353125,70.931462646875,650.2437242616033,3756.3169820675103,0,-0.7825367376147115,31.800887761572604,1.892882754054035,2.6600093810106706
2482,TENNESSEE,JOHNSON,47091.0,0.0318011758,51597.0,1497.6,0.0686873882,15.558376480000002,68.40571341666667,48.70613533333333,1.0287953333333333,76.10112761666666,657.0389284251353,3093.757644682041,0,-1.9213221704991894,14.806594800253647,2.1419005933692725,3.9850269318741343
2483,TENNESSEE,KNOX,47093.0,0.0281154625,70457.0,60033.28571428572,0.017275289608125,1298.5562994848212,76.99121689669423,33.30387618181818,3.783336628099174,61.113780676859506,668.7526322946244,4045.490361955059,1,1.16022757360131,74.06467977171846,1.3329072788944987,1.3329072788944987
2484,TENNESSEE,LAKE,47095.0,0.0428837787,40778.0,863.5,0.0736973545,11.37718175,54.415741142857144,,,-1359.351812085714,620.439576333628,2549.9545453524765,0,-4.316569095818343,0.7292327203551047,7.050499180467686,8.525064237696975
2485,TENNESSEE,LAUDERDALE,47097.0,0.0506586698,51486.0,2326.5555555555557,0.0953004295555555,62.145698499999995,62.19900729166667,46.20171466666667,1.2768090416666666,76.2010445625,620.8746347594392,2820.3780588486043,0,-3.3016198564617127,2.599873176918199,3.405208225984878,5.240638974612458
2486,TENNESSEE,LAWRENCE,47099.0,0.0347736093,55845.0,1737.8181818181818,0.0222920326863636,40.620176325454544,72.05119626666666,40.558651266666665,1.236452,73.07932192,666.8780048872374,3327.8204618981654,0,-1.2406859324467079,24.00126823081801,1.2626621778204359,2.915959715390505
2487,TENNESSEE,LEWIS,47101.0,0.0334599385,55231.0,1236.0,0.02034349845,13.7307768,66.86929542857142,47.057663857142856,0.9234678571428572,74.19125148571428,651.5912648625103,4828.696375974085,0,-1.0538406521321322,27.140139505389982,1.7830279976595649,3.200891471881497
2488,TENNESSEE,LINCOLN,47103.0,0.0315258512,60974.0,1785.3333333333333,0.0139624707777777,27.049021994444445,72.95758741666667,39.1421265,1.1794315,70.14389260833333,654.9674903779198,3109.7911826784034,0,-1.3421104195734002,22.511097019657576,1.5899275851410442,3.1432861300896615
2489,TENNESSEE,LOUDON,47105.0,0.0326170844,81605.0,6210.1,0.02044749341,125.22264408,71.90741361290323,30.223547322580647,2.502892258064516,59.966024335483866,650.4356855371304,3374.5484032770487,1,-0.35739985276632347,40.36144578313253,2.257769719012046,2.257769719012046
2490,TENNESSEE,MCMINN,47107.0,0.0419342652,55852.0,6039.5,-0.02161060485,162.14102419,69.21706076470589,42.22107844117647,0.881765205882353,72.89139557058824,647.2292961004937,3883.545491073031,0,-1.2129283098413337,24.50856055802156,1.7439749934113207,2.6517215991629874
2491,TENNESSEE,MCNAIRY,47109.0,0.0471404642,54516.0,788.7142857142857,-0.0084446011428571,7.5266147185714285,63.32556636842105,44.73738442105263,0.8874987894736843,75.6514880631579,648.031396631865,3167.398393998792,0,-2.8681902044704266,4.7558655675332915,1.62476129040585,4.34862949475595
2492,TENNESSEE,MACON,47111.0,0.0308522296,57496.0,1173.5,0.005236577975,15.524746375,67.70489661538461,44.51271361538462,0.7532951538461539,73.13298533076923,658.4473725060849,3756.549569502545,0,-1.4177702558383005,21.306277742549142,1.041540927320871,3.1364295447201958
2493,TENNESSEE,MADISON,47113.0,0.0334380841,60663.0,27035.74074074074,0.0073131989851851,546.1770916666667,69.25530887142857,41.95474092857143,1.7902637142857143,70.30330611857143,662.7151747622353,3886.778411036809,1,-0.15651753751251482,44.546607482561825,1.7764229732875394,1.7764229732875396
2494,TENNESSEE,MARION,47115.0,0.0391630478,57109.0,1141.5,0.03078227843,23.692680433333333,68.75915363157895,37.143033,0.965647052631579,66.62881932631578,637.3319807168722,3023.3144883125688,0,-2.3311462941853645,10.019023462270134,1.5451689412749081,3.859449116547446
2495,TENNESSEE,MARSHALL,47117.0,0.0317581301,73770.0,3519.8333333333335,0.0001065612833333,151.2498403,72.98499036842105,38.28156547368421,1.469455105263158,68.69769909473685,656.4783602639296,3331.3417612414464,0,-0.5166973254320945,37.19086873811034,2.0650758159931075,2.3093262521696456
2496,TENNESSEE,MAURY,47119.0,0.0275185006,74164.0,6874.294117647059,0.0091216870470588,253.70873448117644,74.16561877999999,37.72486436,1.66271694,68.89040066,658.4703599185065,3568.8846776509217,1,0.04170629243002123,49.01712111604312,1.7804272207394274,1.7804272207394274
2497,TENNESSEE,MEIGS,47121.0,0.0495468278,56161.0,635.3333333333334,0.0175610961333333,8.883711866666667,63.43205683333333,43.1788465,0.419189,68.17866898333334,642.4331533923419,3640.961265539624,0,-2.693659000298017,5.9923906150919475,1.245588471424293,4.12845020423128
2498,TENNESSEE,MONROE,47123.0,0.0360203341,58980.0,3042.5714285714284,-0.0123269578857142,33.37103782142857,67.68789025,41.75498492857143,1.3384762499999998,71.84279931785714,660.2029928302014,3199.5577577558265,0,-1.563481611102051,19.46734305643627,1.5246953287836735,3.1753917432353065
2499,TENNESSEE,MONTGOMERY,47125.0,0.0372499888,74701.0,15820.820512820514,0.0312683609156756,516.552647097436,75.82143002352942,-206.37354167058825,-233.73506690588235,-175.70978792470586,660.9440302833758,4551.483669909937,1,1.1724273695587286,74.22320862396955,2.509843910603479,2.509843910603479
2500,TENNESSEE,MOORE,47127.0,0.025047645,66435.0,882.0,-0.03321855,14.43910085,78.6390105,37.64564125,0.7314324999999999,69.84099295,657.7345256387523,3443.592969274368,0,-0.6679375251550272,34.43246670894103,2.650110434132562,3.465375800971439
2501,TENNESSEE,MORGAN,47129.0,0.0404929577,55668.0,599.4,0.0154801616,9.167515218000002,63.21624406666667,-631.6308098000001,-665.7883738666667,-602.5533767666667,645.5637706531531,3316.0381741580723,2,-1.593672922200795,19.11857958148383,3.140943184461329,8.52891356528074
2502,TENNESSEE,OBION,47131.0,0.0381608484,54428.0,2908.9,-0.0244173432479999,59.270418410000005,71.66761467857143,38.58649032142857,1.640916357142857,69.22949995,653.4302204174124,3478.6724425400344,0,-1.4064874611420524,21.496512365250474,1.581458120806542,3.0029144434659196
2503,TENNESSEE,OVERTON,47133.0,0.035216144,52236.0,1529.428571428571,-0.0190299917428571,18.71604654,64.69344986666667,45.35105480000001,0.8627902,76.15550486666667,673.8688983837291,3464.281564973062,0,-1.707406770174142,17.6284083703234,1.6443454657053334,3.5601911720024675
2504,TENNESSEE,PERRY,47135.0,0.051590106,50014.0,953.5,-0.0418313115,4.155748,64.05316128571428,46.51870814285714,0.2348337142857142,78.91014588571429,648.8043496953617,3351.4909464262314,0,-2.976959048229571,3.8998097653772987,2.323114438132688,4.720889098889062
2505,TENNESSEE,PICKETT,47137.0,0.0408259033,46177.0,992.0,0.012864391,5.3074322,74.353376,40.1921504,1.7425842,71.56375502,675.4797297297297,4544.668918918919,0,-0.962634135832759,28.78883956880152,1.9189371863761577,3.3844874579103035
2506,TENNESSEE,POLK,47139.0,0.0390713477,57045.0,398.4,-0.02305991738,3.872392828,67.45489075,41.56408641666667,0.972706,72.86763064166666,647.3917705278592,4380.493980616158,0,-1.8174910090407124,15.979708306911858,1.9352490211291282,4.003501911198755
2507,TENNESSEE,PUTNAM,47141.0,0.0346856964,57896.0,17010.466666666667,0.0226669807733333,522.6451442666666,68.35906797560976,45.11471997560975,1.6084931463414631,71.76434986585366,666.4120988586448,3636.372325623063,1,-0.49599941826098376,37.69816106531389,2.0761521154594136,2.0761521154594136
2508,TENNESSEE,RHEA,47143.0,0.0451110945,57682.0,3873.6666666666665,0.0366131355666666,86.89576626666667,68.27160389473684,42.96777231578947,1.094402263157895,73.43986591578948,642.6187344094005,3426.458285806103,0,-1.7850281266953574,16.36017755231452,1.35398210272844,3.0917267649630813
2509,TENNESSEE,ROANE,47145.0,0.0363856125,65970.0,2955.818181818182,0.0163539662499999,59.9391053,69.83692275,-209.70663131707315,-242.28636597560975,-180.15469142195124,654.0644002453122,3363.154332461863,0,-0.7991666020972085,31.54724159797083,3.1403044129831477,3.563731375042991
2510,TENNESSEE,ROBERTSON,47147.0,0.0272153168,81529.0,8330.42857142857,0.0458958648142857,303.51523057142856,77.15823020588236,26.389434970588237,2.370783294117647,57.67735548823529,657.947933003562,3446.055832998585,1,0.42660059729391886,57.831325301204814,2.070296791484871,2.070296791484871
2511,TENNESSEE,RUTHERFORD,47149.0,0.0261857658,81987.0,32823.61224489796,0.0401260570089795,545.502916767347,79.66878875609757,24.644478195121952,2.248611853658536,55.12332492113821,656.8906662214531,3587.9340975602213,1,1.006823494772367,70.54533925174383,1.898015518163533,1.898015518163533
2512,TENNESSEE,SCOTT,47151.0,0.0477005871,46923.0,1041.8,-0.01643811108,14.131664238,64.7092440625,52.8711473125,0.7095989375,80.3786284875,666.5404197080292,3361.7272993681377,0,-2.4706071250206247,8.687381103360812,1.5966287406450828,4.077003660585422
2513,TENNESSEE,SEQUATCHIE,47153.0,0.039178515,62157.0,894.6666666666666,0.0227957409999999,20.17832514,63.696032375,48.412176375,1.5326665,74.844861975,663.7176295747522,2973.2381101010574,0,-2.1442436523659336,12.143310082435004,1.604063277603144,3.851769380171617
2514,TENNESSEE,SEVIER,47155.0,0.0300722376,60704.0,8746.666666666666,0.0176810177494444,209.79709084183332,79.25597444186047,-193.02104561363635,-225.53033472727273,-160.8304009931818,666.0301677081505,4104.956355943999,1,0.7430898631832876,65.21876981610653,2.5787958706254743,2.578795870625474
2515,TENNESSEE,SHELBY,47157.0,0.0434972875,62402.0,93366.02714932126,-0.00121271258638,1560.4927576779187,71.205512696,-73.4438506066879,-108.10277604458598,-37.53905294044586,658.9803633360798,4195.340967115543,1,0.39883647670163813,57.00697526949905,2.194244063476099,2.1942440634760993
2516,TENNESSEE,SMITH,47159.0,0.0301107754,72153.0,1387.8,0.008882468,46.279911858,69.05827290909092,35.98400736363636,1.8188433636363637,65.24787728181819,651.5082269936896,3303.143159913374,0,-1.1519153876746724,25.491439441978443,1.6936074258471916,2.9809253891715657
2517,TENNESSEE,STEWART,47161.0,0.03600281,60634.0,404.6,0.035231271,3.8056934816,66.15489766666667,,,-1764.6113433909088,646.7485970115279,3769.181421905087,0,-1.965769266174939,14.204185161699428,7.975675920767365,8.733461791768516
2518,TENNESSEE,SULLIVAN,47163.0,0.0347521122,57016.0,19880.5641025641,0.015616933185641,443.8909620205128,70.48115607207207,39.50542534234234,2.1719130810810814,69.47099792252253,659.5479023066242,3645.095980251981,1,-0.49829328091038455,37.634749524413444,2.0170151282923294,2.0170151282923294
2519,TENNESSEE,SUMNER,47165.0,0.0262805672,86376.0,12395.0,0.0519796241833333,273.39647083571424,78.12035581914894,24.733167340425535,3.1949430319148933,55.02298862446808,660.7205979040087,3496.9135553875835,1,0.7866212032861908,66.20164870006342,2.1349982636778773,2.1349982636778773
2520,TENNESSEE,TIPTON,47167.0,0.0377013177,70886.0,2163.5384615384614,0.0084852105076923,112.57345959923076,71.92232502857142,32.08632634285714,1.2318838,60.92195815428571,656.2291428976474,4162.964671400978,0,-0.4210485400456185,39.09321496512365,1.5015864537952996,1.8997489285810902
2521,TENNESSEE,TROUSDALE,47169.0,0.0313463515,62658.0,1383.0,0.0005098675,51.36790565,74.3109306,36.2842768,2.402967,70.20744934,640.4509570337893,2845.7407430815383,0,-1.604873653044372,18.991756499682943,2.1514543607604684,3.5644833175571344
2522,TENNESSEE,UNICOI,47171.0,0.0420084866,54955.0,2079.0,0.0023618431249999,288.952270675,66.215549,47.34592249999999,0.9198995714285714,75.37020956428572,660.9029090029165,4125.060612651846,0,-1.1635949266026486,25.301204819277107,1.3500384015704814,2.5687407865810097
2523,TENNESSEE,UNION,47173.0,0.0376643074,64244.0,911.5,-0.0052632111999999,16.948290595,60.15568557142858,47.73804978571428,0.7247792857142857,74.84318732142857,646.1247111609649,4522.855071910034,0,-1.6305884675512492,18.611287254280278,1.8138192098526433,3.5898131468542
2524,TENNESSEE,VAN BUREN,47175.0,0.0451339915,58584.0,334.0,-0.0490955545,3.85921504,69.064755,42.6896695,1.4310809999999998,79.919620525,656.7971153846154,2691.7115384615386,0,-2.760217336732296,5.643627140139505,2.965876121447079,5.059993196953406
2525,TENNESSEE,WARREN,47177.0,0.0413908272,49436.0,3318.6666666666665,0.0032864797555555,98.85867541111112,67.44690918518519,45.03068996296296,1.9361085925925925,74.70928291111112,661.1235559636616,3558.597936119503,0,-1.6016835415398158,19.023462270133166,1.0836850116649843,2.9161670423356223
2526,TENNESSEE,WASHINGTON,47179.0,0.032681864,62028.0,26741.956521739132,0.0115415542826086,829.2784492391305,73.48863456410257,-90.31211028205128,-125.36724293589744,-61.091615898717954,660.4286323613767,3523.5684354879445,1,0.134310906040247,50.951173113506655,2.09350544575188,2.09350544575188
2527,TENNESSEE,WAYNE,47181.0,0.0400185414,51817.0,861.25,-0.02740484475,4.6864707925,64.07902776923078,43.926153538461534,0.5953451538461538,74.07082483846153,645.0463725665613,3434.380225005094,0,-2.6406714416737813,6.753329105897274,1.7965807731563577,4.322048903771841
2528,TENNESSEE,WEAKLEY,47183.0,0.0362415215,55285.0,3287.909090909091,-0.0199672381818181,150.6175469109091,74.36751604,42.978885119999994,1.49680792,69.24340164,659.374047310048,3851.1009104315513,0,-0.7216636020715635,33.512999365884596,1.75453629092249,2.36273771234981
2529,TENNESSEE,WHITE,47185.0,0.0353233831,63690.0,1938.3333333333333,0.0089009623333333,47.88653779999999,70.84901288235294,42.426912,0.7953847647058823,74.52623704117647,656.6584659802892,3561.0300415859647,0,-1.1080944181723127,25.998731769181994,1.042474050890953,2.5953904533479677
2530,TENNESSEE,WILLIAMSON,47187.0,0.0246498161,136007.0,44546.89189189189,0.0404456440056756,879.6167890324324,80.20967971604938,14.359035888888888,13.595557543209877,41.567482708641975,686.6870025623439,4619.234044829245,1,3.824134114670072,99.14394419784401,3.9719029661808603,3.9719029661808603
2531,TENNESSEE,WILSON,47189.0,0.0272528156,96466.0,10515.333333333334,0.0291979274880952,256.0575011857143,77.35301386885246,22.54948198360656,3.269605426229508,49.77314165245902,660.5927483127299,3981.180588862193,1,1.242717686881662,75.61826252377932,1.7399585948635532,1.7399585948635532
2532,TENNESSEE,DE KALB,47041.0,0.0413909433,57936.0,1277.25,0.0106348975,36.72611475,70.94967638461539,40.69167292307692,2.610476076923077,70.63255397692308,645.7264803459119,3042.949960691824,0,-2.028368778867022,13.665187064045655,1.3679067881588343,3.527847090762361
2533,TEXAS,ANDERSON,48001.0,0.0352827876,56548.0,3783.909090909091,0.00326065704,166.72045645545455,66.41390092307692,36.872384025641026,2.069812230769231,64.92639643333334,646.1307582716782,3980.148448817817,0,-1.2140926788484376,24.47685478757134,1.333107991113817,2.537926425639139
2534,TEXAS,ANDREWS,48003.0,0.029979729,80936.0,2856.0,0.1308498344999999,478.0739657650001,75.55580645454546,31.23309290909091,4.124246,54.71048563636363,665.0687359309971,4800.765531537404,1,1.0807577991483612,72.25745085605581,3.7911612469080125,3.791161246908012
2535,TEXAS,ANGELINA,48005.0,0.0436693686,57298.0,14163.764705882351,0.0330675465058823,462.3259519235294,71.47982409615385,39.36813130769231,1.766605076923077,70.40550492307692,657.039528940158,4371.86225768699,1,-0.31074709103226167,41.24920735573874,1.862376822411343,1.862376822411343
2536,TEXAS,ARANSAS,48007.0,0.0488342785,60112.0,2687.4,0.04218435104,186.14166434,70.63766688888889,-491.42515136842104,-523.6168644210526,-464.0677355736842,660.3656454536339,5251.071875448626,2,0.5909482401810171,62.07989854153456,1.9383678513678173,6.403227597045919
2537,TEXAS,ARCHER,48009.0,0.0351920694,71672.0,3219.3333333333335,0.0497127709333333,2.97839112,77.27870577777779,25.805569333333334,3.242142555555555,54.4263312,665.0239412408741,4324.421359185272,3,-0.05523091079280025,46.76601141407736,2.303286196819177,2.772410518672867
2538,TEXAS,ARMSTRONG,48011.0,0.0327004219,68555.0,226.0,-0.011257742,0.31789368,72.30513833333333,29.635256,0.4237286666666666,52.16097133333333,673.1166666666667,5528.933333333333,3,-0.15129120947561758,44.705136334812934,2.6282940503358434,4.430016640875467
2539,TEXAS,ATASCOSA,48013.0,0.0380600261,58330.0,1638.375,0.051465360475,35.7295674375,73.5194366,34.24818448,1.39260976,63.003800128,647.0536009550998,4325.785542737387,0,-0.9034948495809968,29.676601141407737,1.6014589913504955,2.7785731135076994
2540,TEXAS,AUSTIN,48015.0,0.0367636915,73248.0,1381.1666666666667,0.0254203615833333,14.683056483333331,75.82241404999999,33.1136386,3.4472815500000005,59.856910885000005,665.1499432211697,4741.495635646523,3,0.09651758763983906,50.221940393151556,1.9111226445172234,2.423872367740881
2541,TEXAS,BAILEY,48017.0,0.0472305711,51193.0,1932.0,0.012468343,2.6475666,76.68984816666666,41.505274,0.6221208333333333,68.02536391666666,652.1027864271691,4421.3640534357955,0,-1.2632540442635927,23.652504755865568,1.836434399451913,3.4225465946394524
2542,TEXAS,BANDERA,48019.0,0.0351943984,66649.0,563.2,0.0395703804,6.64932235,69.14807258333333,29.99370525,2.3369483333333334,64.12722778333334,657.336452920944,4325.382239430935,0,-1.061810531253937,26.886493341788203,1.6577579307005026,3.2987520101929446
2543,TEXAS,BASTROP,48021.0,0.0341109155,77345.0,1567.2,0.03534111397,57.13977787,75.79571548717949,29.149365358974357,2.44500758974359,56.95490807692307,657.3349691496925,4614.457757924286,1,0.24665919296195501,53.48763474952442,2.074588262612085,2.074588262612085
2544,TEXAS,BAYLOR,48023.0,0.0254912374,49566.0,1002.0,-0.011707948,1.092818,72.7245356,37.9653286,1.048363,72.53187332,667.7294089090555,4460.8031306921675,3,-0.885331889920422,29.898541534559293,2.40463346706016,3.753678257930969
2545,TEXAS,BEE,48025.0,0.0511339324,54072.0,3755.285714285714,0.0672432401428571,286.6928982728572,62.521481,-379.227679,-414.19347404166666,-348.8798894916667,653.3879439449391,4936.779330308512,2,-0.46473970842600754,38.395688015218774,2.8728874100228508,5.651720084804378
2546,TEXAS,BELL,48027.0,0.0449337867,69562.0,22721.384615384617,0.0290334129950819,697.439418863077,74.47401625925926,-73.59890972105264,-103.29873044210524,-42.53552562157895,658.1983838506959,4829.912151325079,1,0.7751289453274891,65.85288522511097,1.685260932339793,1.6852609323397927
2547,TEXAS,BEXAR,48029.0,0.0373750431,69755.0,121408.89071038252,0.0404455698611845,1536.311226311202,73.77688713796296,-3.3376326614391143,-33.800708781365316,25.483024469649447,662.8219965206187,4965.875957205261,1,1.4022922504016688,78.56689917564998,1.9699097600634348,1.9699097600634348
2548,TEXAS,BLANCO,48031.0,0.027613941,91031.0,1545.0,0.027234206,4.6112157,78.14282228571429,26.718532571428568,3.124198,58.73239134285715,676.0291058591059,4755.40187070187,3,1.0625493942251392,72.00380469245403,1.8884573888066027,2.9015074769139444
2549,TEXAS,BORDEN,48033.0,0.0176630435,80738.0,158.0,0.26252428,0.18162714,84.935897,18.410042,14.225941,39.7489548,682.6,3909.25,3,0.5249227849320034,60.27266962587191,7.961142003323287,8.756105516309411
2550,TEXAS,BOSQUE,48035.0,0.035,66325.0,777.5714285714286,0.0478166244285714,98.33748774714286,68.98568153333333,35.76191373333334,1.907294933333333,66.01851069333334,649.9024231649711,3713.165291673972,0,-1.2262995030680641,24.254914394419785,1.5187130972806822,2.9904458726997425
2551,TEXAS,BOWIE,48037.0,0.0422838465,55343.0,18097.88888888889,0.0317120586822222,529.1571167833333,69.12612667567568,-96.17799658108108,-133.27712122972974,-68.62682301351352,652.9440619822625,4225.240657241033,1,-0.35200546046389797,40.6150919467343,2.3236601223380258,2.3236601223380258
2552,TEXAS,BRAZORIA,48039.0,0.0438388439,93071.0,13935.529411764706,0.040969164044,531.967426298,74.07386015254238,-87.20926153932584,-109.02933008426967,-61.551622550561795,661.3629423560784,4900.6093421759715,1,1.4247561614602269,78.91566265060241,2.062392071817612,2.062392071817612
2553,TEXAS,BRAZOS,48041.0,0.0310470948,55724.0,49625.28571428572,0.0375363088071428,1489.3152067869046,79.88403696610169,-128.0486869322034,-166.37959320338985,-104.01938713135594,672.0283992194633,4538.549165990783,1,1.4499749451372206,79.35954343690553,2.2812538616172127,2.281253861617213
2554,TEXAS,BREWSTER,48043.0,0.0323749151,57871.0,1947.6666666666667,0.0118080059666666,154.43383921333333,81.08385766666667,36.41857811111111,2.2545241111111114,66.01716995555556,670.7829464896073,4940.734727763203,3,0.6234981182617436,62.80913126188966,1.999772059622019,2.109031363108043
2555,TEXAS,BRISCOE,48045.0,0.0375203915,57983.0,333.0,0.027642986,0.21444421,70.438328,44.596651,0.608828,68.4931488,666.975,7043.25,3,0.21715518544917956,52.885225110970204,4.49210875406082,5.80762715280493
2556,TEXAS,BROOKS,48047.0,0.0553376906,36695.0,894.0,-0.0055264524,156.714161105,57.591790571428575,72.01403028571428,0.1547188571428571,81.62735802857142,652.4745386343577,4870.766623581415,0,-2.451310284767766,8.845909955611923,2.831581655651123,4.537224897772576
2557,TEXAS,BROWN,48049.0,0.0429916052,57744.0,5973.666666666667,0.0651063533466666,327.98037479,66.2574636875,39.11806325,1.92994203125,70.482542515625,652.0373803760677,4396.40024479504,0,-0.8413395074782788,30.944831959416614,2.2995398908566806,2.7205685027045563
2558,TEXAS,BURLESON,48051.0,0.0361881785,63764.0,1229.0,0.0524893456,46.6986249,71.56604271428571,33.788909714285715,1.745712,62.6232733,642.6464866520307,3752.178583229395,0,-1.2695985231745848,23.589093214965125,1.5115988364126567,3.022761758869102
2559,TEXAS,BURNET,48053.0,0.0308862857,77824.0,2039.5,0.0450177939625,52.96318424,73.30358111111111,30.448068555555555,2.5434682592592592,59.97840287407408,657.1165084217326,4422.951906185067,1,0.12266630056506288,50.76093849080533,2.1342196384112055,2.1342196384112055
2560,TEXAS,CALDWELL,48055.0,0.035353764,63395.0,2130.25,0.13352370375,95.1931594875,69.83480412,36.16238036,1.96285252,66.08122177199999,659.9384304216784,4602.246331147301,0,-0.32159144344047247,40.963855421686745,3.911963647175955,4.145654103620571
2561,TEXAS,CALHOUN,48057.0,0.0331981124,68885.0,3150.2,0.0357501492,191.09980738,73.32211229411764,-521.5010349444444,-552.6322637777778,-493.6580876222222,663.4486555371616,4966.90847281196,2,1.3450099973241516,77.5840202916931,1.602997794088758,6.393097690425523
2562,TEXAS,CALLAHAN,48059.0,0.035948734,63378.0,679.6666666666666,0.0310236720999999,23.862297233333337,71.90573041666667,32.28583975,1.4855959166666668,63.51116245,651.0390310198169,4496.035579818223,0,-0.8511589983108192,30.849714648065945,1.5418790963789697,2.8900202233471206
2563,TEXAS,CAMERON,48061.0,0.0541512661,51716.0,32888.941860465115,0.0259818142918604,1129.2903902939536,62.142402382882885,-84.41678562222224,-131.8801392088889,-58.04529870933333,665.3223121179207,6029.632399753158,1,0.34098621906878807,55.80215599239061,4.083888311211276,4.083888311211276
2564,TEXAS,CAMP,48063.0,0.0437913585,53775.0,2220.3333333333335,0.0729824166666666,135.4564203,70.98827777777778,41.99590233333333,2.559631888888889,71.91070854444445,644.2420178992411,2999.7784211640815,0,-1.9744637936881972,14.172479391249206,2.3657166177289555,3.836152037956962
2565,TEXAS,CARSON,48065.0,0.0297127765,73716.0,414.0,-0.00712590195,0.79614785,78.69260683333333,26.126511166666663,1.8523021666666668,53.13863118333333,674.7705902777778,5101.68648989899,3,0.3581643440571104,56.18262523779328,1.779024565866261,3.790029890153294
2566,TEXAS,CASS,48067.0,0.0469244874,52092.0,2134.714285714286,0.0055859287142857,45.43692776428571,69.55332353571428,44.26134953571428,0.8478904285714286,70.76661981785715,643.246434041482,4418.090758785279,0,-1.4952663062860176,20.355104629042486,1.2861205226061339,3.0110743535776248
2567,TEXAS,CASTRO,48069.0,0.0305297815,55135.0,656.6666666666666,0.0529722018,10.097438316666668,73.35673742857144,38.098246714285715,0.7435520000000001,72.40077591428572,643.0954226551287,4006.4616527403537,0,-1.3835465057972713,21.940393151553582,1.8211741556055459,3.570513673538962
2568,TEXAS,CHAMBERS,48071.0,0.053649551,103034.0,1865.5,0.06684029334,24.631786933333338,71.60289033333333,-980.01020915,-995.77940935,-949.684074795,665.2400987650622,4582.289281066341,2,1.8506483846522164,86.30310716550412,6.621793769239059,12.050686004248039
2569,TEXAS,CHEROKEE,48073.0,0.0440454414,57691.0,4347.0,0.0591349575833333,145.98518716666666,66.67025737142856,42.298678114285714,1.1599119142857142,70.30890296285715,660.2150787756999,4250.506688762539,0,-0.9530978357116725,28.915662650602407,1.8532619456483748,2.6587557181490657
2570,TEXAS,CHILDRESS,48075.0,0.0276999689,53921.0,691.5,0.1429600915,59.14062483,73.18858742857142,,,-1373.5046010714286,643.3140559639552,4251.075097091226,0,-0.8747932151100782,30.0570703868104,7.436385811165223,7.813083956365323
2571,TEXAS,CLAY,48077.0,0.0373256768,73557.0,386.3333333333333,0.0325111296666666,15.003545706666666,76.6533050909091,26.242016363636363,1.5617952727272728,55.88086700909091,643.4212038420404,4656.703817977055,0,-0.5136093627353308,37.34939759036144,2.377201448812507,3.228309152859516
2572,TEXAS,COCHRAN,48079.0,0.039543058,46409.0,372.0,-0.060323782,0.50699866,70.458494,36.209119333333334,0.704214,69.94115703333334,644.9462063064859,4428.458781897927,0,-2.120578436700411,12.460367786937223,3.092002050252562,4.926790197245179
2573,TEXAS,COKE,48081.0,0.0334572491,56786.0,234.5,-0.0255210344999999,0.532902805,76.414475,36.47583725,2.0422535,67.787884725,673.0796296296297,4207.925925925926,3,-1.0587273124650978,27.07672796448954,2.4584023685356806,4.2179991009967095
2574,TEXAS,COLEMAN,48083.0,0.0456621005,48955.0,689.0,0.0256288166666666,23.293613893333333,61.0830759090909,49.46492172727273,1.6460071818181818,76.47492634545455,637.5006072177566,3828.7483540240505,0,-2.783250318637229,5.389980976537729,1.3160735228982472,4.145282863417758
2575,TEXAS,COLLIN,48085.0,0.0350098107,120149.0,115631.1447368421,0.067657830751788,1309.477925450658,80.75307882452431,-6.235028433403805,-10.3764778372093,23.040297757082453,679.5668411251762,5106.862392279146,1,3.6034339684331584,98.60494610019023,3.6120347280965026,3.612034728096502
2576,TEXAS,COLLINGSWORTH,48087.0,0.0360685302,48858.0,677.0,-0.031721327,0.669613,79.68735775,37.75440375,5.91900225,68.783277525,658.6163668378576,4106.502146700206,0,-1.2591738668590233,23.779327837666457,2.620950226599406,4.114146658307668
2577,TEXAS,COLORADO,48089.0,0.0345251608,61410.0,1320.2,0.04555087084,10.1385487,73.73138738888889,36.004338555555556,3.6047213888888887,66.46637704444444,656.9956358212114,5185.672848983617,3,-0.20119458938490967,43.40519974635384,2.544487779137022,3.119110846561065
2578,TEXAS,COMAL,48091.0,0.0360387034,99871.0,12754.875,0.0473169950833333,489.94996285,78.64726546875,22.509607734375,6.159155640625,49.52593183125,664.952477190263,4661.6320422665995,1,1.7942511407961383,85.54216867469879,1.8821737456035563,1.882173745603556
2579,TEXAS,COMANCHE,48093.0,0.0355832137,54726.0,1450.5,0.0001872365999999,62.98880615,64.32318564285714,39.799013928571426,0.8035901428571429,72.08516691428572,659.6617225040601,4365.563799389657,0,-1.2218799564638787,24.318325935320228,1.285857492120347,2.8812612519097898
2580,TEXAS,CONCHO,48095.0,0.0313666916,54909.0,668.0,0.025288718,0.78268021,62.50268766666667,35.485522333333336,0.922755,59.24521383333333,667.75,4911.25,0,-1.2782038804919231,23.430564362714016,2.5361852418713866,4.1353143491385485
2581,TEXAS,COOKE,48097.0,0.0332798912,75003.0,5608.125,0.045019004225,193.0317656375,78.2344157,30.78210196666667,2.7175199666666665,62.616069413333335,669.9149390187077,4463.691439606676,1,0.8491543209417044,67.31135066582118,1.2942427327431525,1.2942427327431525
2582,TEXAS,CORYELL,48099.0,0.0448245473,72724.0,7288.315789473684,0.09774165444375,211.70154804157897,72.0322615,-811.0797577708332,-832.1717379166666,-779.1840352625,659.4231849193361,4863.04252871586,2,1.592631907416924,82.30818008877617,4.80219665104065,9.992949439457435
2583,TEXAS,COTTLE,48101.0,0.0262881178,52342.0,203.0,-0.0067903837,0.28093538,78.28678966666666,40.306858,1.235226,75.0857188,652.45,4020.6666666666665,0,-1.397561480359573,21.686746987951807,2.741003098828103,4.443696541230386
2584,TEXAS,CRANE,48103.0,0.0446118192,58133.0,1149.0,0.018409954,1.8928273,67.52220179999999,31.316452199999997,2.2067896,62.746377540000005,652.9510650935299,5356.103277821945,0,-1.0614120704624237,26.918199112238426,2.678774466955432,3.9098795483951982
2585,TEXAS,CROCKETT,48105.0,0.0332667997,58833.0,1066.0,0.035778828,0.365116,85.889288,32.420002600000004,0.495356,60.421981800000005,657.525,4502.75,3,-0.22417509399335878,42.92961318960051,2.3247074130022716,3.7171537519077593
2586,TEXAS,CROSBY,48107.0,0.0419925895,46106.0,355.3333333333333,-0.0271490169,1.12624134,73.29974183333333,43.017541333333334,2.328618666666667,75.16668063333333,634.648339826337,4150.441476551521,0,-2.3347175060984693,9.95561192136969,2.399120405046791,4.60563761425977
2587,TEXAS,CULBERSON,48109.0,0.0321027287,54183.0,673.0,0.021455284,0.17493714,85.10843425,49.65842,0.0,84.52500535,659.3613705738705,5050.91163003663,3,-0.12858270270678213,45.14901712111604,2.31771710305407,4.0617796591645465
2588,TEXAS,DALLAM,48111.0,0.0256213169,61424.0,2009.5,0.0830146289999999,157.71051765,82.45399883333333,33.84526733333333,2.437140833333333,65.84735425000001,645.84599029449,4429.954459129829,1,0.2808653868000126,54.50221940393152,3.0560299604230985,3.0560299604230985
2589,TEXAS,DALLAS,48113.0,0.0383770159,74352.0,199998.26465028356,0.0136864968451228,2773.9622889432894,74.94612473060734,-4.9814088550029965,-30.818773166566807,33.540491734991015,661.5828935341498,4723.070107079834,1,1.5496259139035589,81.61065313887127,1.9761536551687418,1.9761536551687415
2590,TEXAS,DAWSON,48115.0,0.0422947132,55057.0,3980.0,0.0434306825,165.5817302675,70.1302292857143,41.683086714285714,2.5168124285714284,68.08749662857143,641.4312364738397,4823.515808532379,0,-0.7603970221874209,32.43500317057704,2.177356386699458,2.6792396391635664
2591,TEXAS,DEAF SMITH,48117.0,0.0312534881,60118.0,3145.25,0.0225172352,431.468975725,71.26311894117646,33.289845647058826,0.9083002352941176,69.33906735882353,668.3276210776605,3871.0475757927966,0,-0.3349371577249052,40.74191502853519,1.8341008562363548,1.8891124603059972
2592,TEXAS,DELTA,48119.0,0.0445859873,56945.0,526.0,0.0333250293849999,37.946803395,69.4642905,41.05946575,0.58517025,64.66284275000001,630.723515570842,4247.548338665813,0,-1.8948943780889813,15.155358275206087,1.5275585363195838,3.6117772823217864
2593,TEXAS,DENTON,48121.0,0.0350092356,107401.0,76909.65693430656,0.0760436212284671,878.0418708036497,82.95502240583555,-9.312711748677248,-18.885386097883597,13.3953372989418,670.329626232713,5081.36963451538,1,3.095202580040653,96.9562460367787,3.1186598125998493,3.1186598125998497
2594,TEXAS,DE WITT,48123.0,0.033135835,61067.0,1370.4,0.008006452,7.33572058,70.59646141176471,34.678922647058826,4.218447058823529,67.13818134705882,642.6654590497299,4089.1992408092215,0,-1.3155723459527462,22.796448953709575,1.2807392864756602,3.1404047550475696
2595,TEXAS,DICKENS,48125.0,0.0509868421,47356.0,296.0,-0.018337909,0.35487577,67.32016633333333,46.285866666666664,1.8981686666666668,72.69700626666666,636.4721875,4181.917534722223,0,-2.9108007965903813,4.343690551680406,2.4189458972568167,4.956606695281903
2596,TEXAS,DIMMIT,48127.0,0.032283715,45002.0,2937.5,0.183306725,5.3618105,69.70278442857143,52.80376114285714,0.3802281428571428,73.82131577142857,649.3392243082627,4545.44618776366,0,-1.2101365538743385,24.571972098922004,5.36838266190964,6.106566387246734
2597,TEXAS,DONLEY,48129.0,0.0387007602,48934.0,553.0,0.06271969,71.88750996499999,72.9700275,33.786063,1.6005232500000002,63.159626,647.0476851851852,4205.00462962963,0,-1.4090260351912824,21.43310082435003,1.8946037446826776,3.4718407589319247
2598,TEXAS,DUVAL,48131.0,0.0439141769,40415.0,956.0,0.0627727806666666,2.496876533333334,71.5135269,47.3650265,1.0039193,75.19277839,636.5084398264327,3816.484113023702,0,-2.532097736139344,8.02155992390615,2.144229851749421,4.492869500799408
2599,TEXAS,EASTLAND,48133.0,0.0460155417,52188.0,1397.8,0.0142026062,7.506401080000001,65.90698389473684,44.07095310526316,2.388951368421053,73.17895688947368,647.6621454861338,3820.7054254953414,0,-2.2406039717149913,11.001902346227013,0.78906747071651,3.6677950115728373
2600,TEXAS,ECTOR,48135.0,0.0332977415,66813.0,44175.25,0.0507724549178571,1042.442267732143,78.42305755963302,30.467499880733943,2.541598064220184,57.61568916238532,658.9431065607779,4762.558801124285,1,1.2175858167294809,75.07926442612556,1.6844636331236278,1.6844636331236278
2601,TEXAS,EDWARDS,48137.0,0.0245253165,51691.0,260.0,-0.010337976,0.12040468,83.344507,36.2326655,3.219697,71.51387025,684.4,5971.75,3,0.6955510401505269,64.1724793912492,2.7768509994648176,5.051912169365667
2602,TEXAS,ELLIS,48139.0,0.0369259412,90077.0,7731.1612903225805,0.0492467012816129,181.0197202,78.73764828723405,23.85576240425532,4.432439723404255,50.886229463829785,650.7408056949483,4421.500026208575,1,0.9095853051679658,68.6429930247305,1.831727554430309,1.831727554430309
2603,TEXAS,EL PASO,48141.0,0.0438594176,58656.0,63184.36645962733,0.0487238365654088,1586.1596694531363,69.15056710176125,2.6802709317738804,-37.27658923976608,31.50811872261209,666.5168789367663,5183.343446133299,1,0.7374108205498503,65.0285351934052,2.543603970622557,2.543603970622557
2604,TEXAS,ERATH,48143.0,0.035090159,63564.0,4663.0,0.0660830798,251.40980022875,77.15316624137931,38.81477775862069,2.4862209310344827,70.90380425517242,666.6975292843102,4672.039117133695,1,0.49440509696967666,59.701965757767915,2.033895146649725,2.033895146649725
2605,TEXAS,FALLS,48145.0,0.040772223,49940.0,811.8333333333334,0.0123735364999999,80.78218327166667,64.21438500000001,44.05254315384615,0.4929853846153846,73.48794379230769,633.876133915981,3746.491546146672,0,-2.3935128007784465,9.194673430564363,1.2145393862941343,3.725356996924211
2606,TEXAS,FANNIN,48147.0,0.0339631004,66381.0,1253.6666666666667,0.010811094,23.488069864444448,69.8145875,-298.4750111,-331.3203243666667,-269.22346394666664,639.0667780452262,4077.388345014119,2,-0.6758576020799992,34.242232086239696,2.7397002568993125,4.526342560942509
2607,TEXAS,FAYETTE,48149.0,0.0336940482,71442.0,1615.857142857143,0.0262511134857142,32.932369585714284,77.9898434,35.25766788,4.21640964,63.949280084,669.1003871163331,4840.268914786918,3,0.49392017599002624,59.670259987317685,1.6906952497530594,2.1500039912726128
2608,TEXAS,FISHER,48151.0,0.0330679731,61808.0,376.5,0.0012888912999999,0.868903085,80.47769439999999,35.3154298,1.466539,65.17707213999999,640.3971451480263,4120.312159340112,0,-1.1592887581118358,25.36461636017755,2.506084918716392,3.99079275653776
2609,TEXAS,FLOYD,48153.0,0.0426579163,46817.0,755.0,0.0085123695,1.70689695,80.450623125,44.704659375,0.981399,69.2875051625,649.3672665106657,4715.616118639449,0,-1.1335204483969663,25.64996829422955,2.481057447803828,3.8902488819601517
2610,TEXAS,FOARD,48155.0,0.0329289428,50030.0,304.0,-0.041462153,0.41311932,74.761255,45.981308,0.0,69.1588745,669.9499999999999,5012.0,3,-0.8627424084246885,30.469245402663287,2.86443927097831,4.551761908322262
2611,TEXAS,FORT BEND,48157.0,0.0396787394,106213.0,55414.53947368421,0.0631763428381578,740.0772043407895,74.81935164593301,17.81487138755981,9.41677118181818,50.86491358947368,676.4346103692941,5569.150688805166,1,2.7432574223880026,95.5294863665187,3.170699129101247,3.1706991291012465
2612,TEXAS,FRANKLIN,48159.0,0.0378126818,59972.0,1800.0,0.0549966606666666,52.51870716666667,76.96173014285715,31.68024285714286,4.280294285714286,59.385010828571424,645.5093316441441,3841.403411528411,0,-0.9129090979140373,29.454660748256185,1.770777455444723,2.80164867595783
2613,TEXAS,FREESTONE,48161.0,0.0510328068,58850.0,1236.857142857143,0.0865972135714285,107.15151437142856,70.31111846153846,33.56218207692307,1.7126676923076924,65.44408915384615,639.7073306209326,3801.2300217863,0,-1.7688646084313024,16.740646797717183,2.472934204486432,3.842175549552155
2614,TEXAS,FRIO,48163.0,0.0325055952,50112.0,2232.0,0.1291002396666667,4.907133433333333,62.89134908333333,-798.4533833333334,-831.9732720833334,-771.6432444333333,631.9398655468779,4088.4068348553064,2,-0.8153613294064278,31.357006975269496,5.745047038592931,10.791746126837712
2615,TEXAS,GAINES,48165.0,0.0290797781,66019.0,3417.3333333333335,0.07691663,246.25936833333336,75.42037484615385,33.07645307692308,3.315385076923077,61.518490715384615,655.468053206599,5135.296192245866,1,0.657424050775459,63.66518706404566,2.678475743052212,2.678475743052212
2616,TEXAS,GALVESTON,48167.0,0.0425743199,83080.0,25237.28787878788,0.0240800945560606,992.398488881818,76.8346957150259,-21.310686907216496,-46.77074911340206,13.632846064432988,660.0194827325009,4566.526273505372,1,1.1881408283167605,74.60367786937222,1.1507411947015358,1.1507411947015358
2617,TEXAS,GARZA,48169.0,0.0343260979,53190.0,1670.0,0.084335208,1.8905052,56.50663060000001,39.035054200000005,2.8305584,64.15189819999999,639.266373664773,4287.206431892334,0,-2.363241658342294,9.606848446417247,2.9423569430670518,4.815395742963546
2618,TEXAS,GILLESPIE,48171.0,0.0258497863,76238.0,1835.8,0.032226772,24.481039046,80.710550125,26.6586430625,2.8093511875,58.7800383625,685.46925,4983.4175000000005,3,1.355728134570143,77.83766645529487,1.2382304792844199,2.459658152938107
2619,TEXAS,GLASSCOCK,48173.0,0.0244173141,99602.0,444.0,0.055344097,0.39323807,81.9476975,17.278317,4.8101400000000005,35.1305294,699.375,5534.25,3,2.103380920906954,89.85415345592898,2.875382004600104,4.684747455938258
2620,TEXAS,GOLIAD,48175.0,0.0373626374,64024.0,618.5,0.0718014005,2.433671765,68.6889805,35.17592116666666,3.4501864999999996,61.404920583333336,649.7995104895105,4485.256936553031,0,-1.3095916627322137,22.954977805960684,2.3898071198763393,3.9518665591611106
2621,TEXAS,GONZALES,48177.0,0.0344029458,56350.0,2465.1666666666665,0.0148150565833333,261.76588746333334,73.6077990625,40.97218425,2.5501880624999997,70.93781185,644.5541706614371,4307.823683882061,0,-0.6367381846275038,35.09828788839569,1.7071789721461443,2.203482156275647
2622,TEXAS,GRAY,48179.0,0.0410553411,56726.0,4444.285714285715,0.0044154465142857,341.63201464285714,76.00586566666666,31.475389125000003,1.9891527083333336,64.32543015833333,660.2519534617768,4692.637442861278,1,-0.00832360003367599,48.00253646163602,1.796383763466782,1.796383763466782
2623,TEXAS,GRAYSON,48181.0,0.0369319409,69442.0,9054.03846153846,0.0131345032230769,275.89800532692306,75.25686717391304,33.03978583695652,2.250562836956522,64.71138939673914,652.3732324970288,4020.329862315717,1,-0.026716825704723404,47.368421052631575,1.3514201812606088,1.3514201812606088
2624,TEXAS,GREGG,48183.0,0.042250129,61254.0,30878.24,0.01258214624,757.11958184,76.75720322340426,-70.33111023157895,-102.57008195789471,-40.79012723368421,666.0553549873142,4409.858603266851,1,0.6798926364734442,63.85542168674698,1.4842317499857467,1.4842317499857467
2625,TEXAS,GRIMES,48185.0,0.0440161589,64708.0,1117.1666666666667,0.0324982682,9.563675046666669,67.09271572222222,34.164444055555556,2.3020988333333334,61.38166025,633.4419108561677,3757.742915011973,0,-2.0561003002640144,13.316423589093215,1.322183485231271,3.6460217126772143
2626,TEXAS,GUADALUPE,48187.0,0.0339633383,94952.0,15375.93103448276,0.0563130364413793,355.6552065448276,79.17060424324323,23.52985166216216,2.378624027027027,49.77491558513513,661.2937653655753,4939.102229521858,1,1.8549216497981642,86.3982244768548,2.0070369766845566,2.0070369766845566
2627,TEXAS,HALE,48189.0,0.0488018191,52487.0,6444.222222222223,0.0249723484555555,311.07550903333333,75.94811236666666,36.9922354,1.9753516333333332,69.54751307666668,649.9836909171262,4462.807549078468,0,-0.5786147230599774,36.049461001902344,2.173569581301445,2.288444177177116
2628,TEXAS,HALL,48191.0,0.0426716141,40725.0,605.0,-0.024756152,0.73345315,70.65536533333334,48.12006466666667,1.072797,79.3745626,637.3588038490568,3559.714660392189,0,-2.8939369146006766,4.597336715282181,2.2666876018096325,4.807365048089552
2629,TEXAS,HAMILTON,48193.0,0.0338189386,59403.0,1267.6666666666667,0.0581171181999999,46.62136130333334,71.00228166666666,35.402299,2.013529888888889,70.76034714444444,674.7096100750986,4730.543025110207,0,-0.20889114122497876,43.27837666455295,2.288367852367023,2.7625302242147467
2630,TEXAS,HANSFORD,48195.0,0.0260342368,68171.0,971.5,0.0127203619999999,2.5935830099999997,79.1160698,28.7508772,3.4233768,59.83264388,678.4649778965819,4904.949725471885,3,0.5136437613567721,60.08243500317057,1.140267808799674,3.1812792997044648
2631,TEXAS,HARDEMAN,48197.0,0.0475644699,50431.0,1125.0,0.00086409517,1.3005061,71.5223526,42.148304,0.1186944,73.96185532,648.0617769064991,3859.4367018706703,0,-2.1665007576972513,11.857958148383005,1.4953894763044782,3.9723050121387806
2632,TEXAS,HARDIN,48199.0,0.0490335306,73943.0,2872.0,0.0334838430363636,57.130936536363635,72.42719491891891,30.666653783783783,1.8866807567567567,57.048491451351346,654.0455653787004,3976.2714926687154,0,-0.7589491945538832,32.498414711477494,1.6626737329787105,2.3962929714957646
2633,TEXAS,HARRIS,48201.0,0.0425168392,72348.0,193221.2697201018,0.0326836680878626,2549.068270587786,74.69453636724218,16.803386433302236,-8.115039150652985,53.26545502383396,668.9255096717679,5211.476283205222,1,1.7564564695043885,85.06658211794547,2.395737567205471,2.395737567205471
2634,TEXAS,HARRISON,48203.0,0.0468870369,62710.0,5937.071428571428,0.0314435314142857,122.25514345714284,74.05173444230769,36.30913798076923,2.3353342884615382,63.16556974807692,655.0485349044319,4404.142658402996,0,-0.42347967019396154,39.02980342422321,1.8510723380318805,1.9606508980545314
2635,TEXAS,HARTLEY,48205.0,0.0208574739,88312.0,2097.0,0.099736594,1.3453869,67.8302615,22.55241325,4.87981175,48.080246,689.4382574427073,5252.650674662668,3,1.095907830860186,72.5428027901078,3.6807911194154515,4.4968727473151695
2636,TEXAS,HASKELL,48207.0,0.0382558618,49755.0,727.5,0.0230890305,1.731226965,75.22928316666666,40.19013733333333,1.6509438333333335,68.17681315,653.7796730449134,5078.075151808785,0,-0.939223134631609,29.042485732403296,2.528269562217172,3.829941229800328
2637,TEXAS,HAYS,48209.0,0.0326494672,88491.0,10840.72,0.0730831340488,696.0299094679999,78.55180652499999,-96.81639375,-119.8740857875,-73.94976643125001,665.6984479230149,5096.3731153769995,1,2.0525359125916527,89.12492073557388,2.4761313323647682,2.4761313323647682
2638,TEXAS,HEMPHILL,48211.0,0.035279025,72565.0,2000.0,0.076103121,2.3656991,81.1552655,28.877614,4.7378735,63.1696491,686.8471815304371,5265.836576819057,3,1.0392268590284217,71.4013950538998,2.372635809620093,3.663204266587495
2639,TEXAS,HENDERSON,48213.0,0.0407153442,58965.0,2291.3529411764707,0.0406811175770588,72.29960994705883,70.68560518518518,37.506354592592594,1.9297852037037035,68.65904327037036,650.0658676251438,4405.499373199388,0,-0.8843263199325179,29.930247305009512,1.4026187815786655,2.4838121882685362
2640,TEXAS,HIDALGO,48215.0,0.0609417551,53160.0,44193.50442477876,0.0508915009626548,824.3119886920354,67.2592325887574,17.85682307964602,-27.962732666666664,,664.7702455756777,5316.439134309011,1,-0.0732911693153825,46.44895370957514,3.5138313629237627,3.5138313629237627
2641,TEXAS,HILL,48217.0,0.040373707,61840.0,1591.6363636363635,0.013236516990909,152.6279274272727,71.569467125,38.724587375,1.1648204166666667,69.53862063333334,651.7662206614508,4056.221009835399,0,-0.9297724209484515,29.169308814204186,1.120162165359273,2.3041251248806187
2642,TEXAS,HOCKLEY,48219.0,0.0363112927,60851.0,4365.142857142857,0.0336434400714285,199.3818997971429,77.39246483333334,32.72280788888889,2.904468722222222,59.603386994444435,633.7588631130452,3749.0540372160817,0,-0.7739776261853717,32.02282815472416,2.048635860594605,2.4720092759791417
2643,TEXAS,HOOD,48221.0,0.0368360843,82428.0,3860.7,0.06752524744,129.20274053999998,75.29344513333334,26.108240366666667,3.8748297333333337,57.19728966666666,663.6258495213052,4573.15303920748,1,0.6506093194234768,63.506658211794544,2.0940742006310074,2.0940742006310074
2644,TEXAS,HOPKINS,48223.0,0.0347288297,61112.0,5736.444444444444,0.0324698408888888,242.93922644666665,76.04714918518519,34.939235296296296,1.739201925925926,66.83230138518519,659.4098303178936,4881.546312845345,1,0.39976769064743645,57.0703868103995,1.6575422274520577,1.6575422274520577
2645,TEXAS,HOUSTON,48225.0,0.032423846,52649.0,1479.0,0.1047399927428571,114.46800003142856,65.70858714285714,-431.8866931428571,-474.2070004761904,-406.520288,636.829747247866,4215.023388877894,2,-0.7398244548860602,33.19594166138237,3.3851422862409093,6.5704529907902955
2646,TEXAS,HOWARD,48227.0,0.0425383543,63398.0,6628.8,0.047231546,335.88979529,67.95018646428572,34.55030514285714,0.8729798928571428,66.25129467857143,653.9338986919635,4415.913184471859,0,-0.5125541955895915,37.38110336081167,2.09570225169019,2.139284881029721
2647,TEXAS,HUDSPETH,48229.0,0.037775446,47693.0,760.0,0.12054785,0.21570852,63.36860933333333,55.07428166666667,1.2083843333333333,81.0180461,664.7770741815102,4059.4285202390856,0,-2.1563369813422524,11.984781230183895,3.644485815079715,5.363407572247483
2648,TEXAS,HUNT,48231.0,0.0413501059,70427.0,3815.0,0.0249888906789473,169.21255853157896,72.00013872131147,37.69687452459016,1.9103928196721311,66.54243888360656,649.6339401943632,4160.665666028265,0,-0.4805691886106286,37.983512999365885,1.657191630964913,1.8581440856551728
2649,TEXAS,HUTCHINSON,48233.0,0.0432477021,64752.0,5292.142857142857,0.0415723367142857,574.91392875,73.4877615,32.962443,1.3882596363636364,63.97612155454545,653.3194754489912,4674.065819647022,1,-0.009270737063507253,47.93912492073558,1.8607129736052543,1.8607129736052543
2650,TEXAS,IRION,48235.0,0.0325814536,75689.0,782.0,0.093457744,0.62478423,81.93495100000001,26.0745385,4.466504,66.56855965,668.5,4446.75,3,0.17423071828510855,52.029169308814204,3.0000303534610944,4.13055421237545
2651,TEXAS,JACK,48237.0,0.0355080831,62721.0,794.3333333333334,0.0596029,68.34749502333334,67.26358483333333,30.155687666666665,2.7212856666666667,61.99177743333333,658.258171062271,4589.957017213591,0,-0.7848192648478483,31.73747622067216,2.0181161479657947,3.021547513929048
2652,TEXAS,JACKSON,48239.0,0.0332165382,62026.0,1628.0,0.026317015,6.382490533333335,71.180654,29.162142818181817,2.4022233636363635,59.37811868181818,645.7057665247879,4506.8750044674625,0,-0.9151856333376979,29.422954977805958,1.6484024193899858,3.002458323336566
2653,TEXAS,JASPER,48241.0,0.0626636126,58113.0,2795.0,0.0410130301875,123.401957525,66.88077185185185,41.24362755555555,0.9946642592592594,69.09324844814815,651.3562777778266,4128.47193279692,0,-1.7443846151776927,17.089410272669625,2.1284395956600064,3.464988760951879
2654,TEXAS,JEFF DAVIS,48243.0,0.031840796,63614.0,977.0,0.080143631,0.63191223,76.2435745,29.8811095,3.0122655,66.9599724,684.3000000000001,6259.25,3,0.9450242775163135,69.53075459733672,3.4575506058650176,4.886967093946579
2655,TEXAS,JEFFERSON,48245.0,0.0625883811,59298.0,33667.958333333336,0.0042248685623943,842.3800769694444,71.858223092233,-155.24659542512077,-191.08774297584543,-128.27070402512078,659.0662052033834,4452.324150308025,1,-0.11369768424471015,45.529486366518704,3.338873194242919,3.338873194242919
2656,TEXAS,JIM HOGG,48247.0,0.0470016207,44736.0,363.0,-0.0145908799999999,3.79680335,73.81761625,37.578764,2.126467,70.442044275,635.3213987580892,4070.882496758065,0,-2.4010636361420925,9.162967660114141,2.069837094860742,4.408174752438323
2657,TEXAS,JIM WELLS,48249.0,0.0519414708,50814.0,9444.42857142857,0.0425738355,394.7372380000001,71.648034,37.78361380645161,1.4319040322580645,66.4394345483871,650.3749486869586,4577.1722635298665,0,-0.7692115216315735,32.18135700697527,2.465355895946225,2.6619875253285543
2658,TEXAS,JOHNSON,48251.0,0.0359629532,83229.0,10540.67857142857,0.0500554993642857,266.7802127607143,75.47733486597939,23.57355375257732,2.27934981443299,55.97849936082474,651.5565656255957,4506.303141836932,1,0.7272717401845319,64.93341788205453,1.592985091834768,1.592985091834768
2659,TEXAS,JONES,48253.0,0.0461279461,51671.0,721.3333333333334,0.0266167961199999,13.503068738333331,68.5818949375,-589.31997175,-623.6974582500001,-558.36178613125,658.5783718960056,4712.2528891904485,2,-0.44609874073554,38.649334178820546,2.205124872362017,7.768348416841902
2660,TEXAS,KARNES,48255.0,0.0312222551,62059.0,1373.0,0.08097224475,5.677130625,67.7528065,42.378311333333336,2.5995855000000003,66.35136604166667,652.5880963522286,4519.646765073176,0,-0.9658994651257335,28.693722257450855,2.55047425449806,3.704353190866488
2661,TEXAS,KAUFMAN,48257.0,0.0408186983,90064.0,4020.444444444444,0.0434524662505555,107.23523163888888,76.22012566101695,26.846360203389832,2.5435000847457627,53.443670933898304,647.0666077927275,4293.944852442968,1,0.33463853113460984,55.675332910589724,2.1197599050117564,2.1197599050117564
2662,TEXAS,KENDALL,48259.0,0.0331621122,112618.0,3425.5,0.0527150675,252.4336286,78.11493947619047,19.57491680952381,8.622482904761904,52.19405010476191,661.847864663213,5279.8394090634965,1,2.1927565126206683,91.05897273303741,3.0922170615074025,3.0922170615074025
2663,TEXAS,KENEDY,48261.0,0.0708661417,43037.0,162.0,0.051126488,0.12137179,72.765957,,,-4955.15476225,629.4,6040.5,2,-2.03093862741316,13.601775523145212,20.679165709437708,22.58170786367725
2664,TEXAS,KENT,48263.0,0.0214521452,62437.0,209.0,0.020043898,0.29805863,87.927565,41.116751,0.761421,72.8426361,659.475,4732.5,3,0.13846684567311876,51.04629042485732,2.401972507065978,4.418881152503567
2665,TEXAS,KERR,48265.0,0.0352883805,64662.0,5825.6,0.0200031424999999,224.27617532,75.00135554545454,34.2914616969697,3.101448909090909,64.31922686969696,657.3831787454611,4409.26151859114,1,0.0867270095701749,49.96829422954978,1.3346911425875863,1.3346911425875863
2666,TEXAS,KIMBLE,48267.0,0.0340022297,54562.0,1120.0,-0.00292923882,125.779938305,80.125259,31.595140200000003,1.62193,65.01236344,654.7174507897615,5309.227097056389,3,0.2557057732454513,53.74128091312619,2.694072513522415,2.8547770636451633
2667,TEXAS,KING,48269.0,0.0100603622,85720.0,22.0,-0.012059944,0.028544076,86.982249,22.330097,0.0,46.601944,679.7,4914.5,3,1.0301370658922355,71.27457197209893,3.4429500827148107,5.711748824118563
2668,TEXAS,KINNEY,48271.0,0.0459952419,53572.0,354.0,0.0019685547,0.29337049,55.86845099999999,45.171505333333336,0.3590663333333333,72.5058212,666.1,6072.5,0,-1.5688080160379656,19.372225745085604,4.264523391361445,5.563060449733988
2669,TEXAS,KLEBERG,48273.0,0.0463897958,52903.0,6838.0,0.0235841999799999,432.06993284,75.51860340909091,-397.9193797391304,-432.4334391304348,-371.1722699043478,655.6888646079123,4979.158726147752,2,0.6104613757565979,62.49207355738744,2.043697223279172,5.185129223561641
2670,TEXAS,KNOX,48275.0,0.0354796321,55414.0,453.0,0.0131474,1.464752935,78.94730825,45.05394925,0.5371095,73.940979,640.6430555555555,5308.430555555556,3,-0.6903215606012344,33.893468611287254,3.033047168242038,4.141034245917749
2671,TEXAS,LAMAR,48277.0,0.0428529498,56275.0,9249.916666666666,0.0197320470416666,306.192329575,71.39479018421052,42.53970655263158,1.3168755,71.73961669473684,652.1332570349783,4645.727704612205,1,-0.37574698483732705,40.139505389980975,1.9791653673090313,1.979165367309031
2672,TEXAS,LAMB,48279.0,0.0414456885,57113.0,591.6,-0.00581023256,4.37864916,78.60795266666666,42.88355791666667,1.132436166666667,70.82694625833334,644.9670974990861,4410.35314537764,0,-1.1610688000995155,25.33291058972733,2.0593035416035175,3.567536550687017
2673,TEXAS,LAMPASAS,48281.0,0.0379653907,71484.0,2782.8,0.013717335776,66.114486836,73.90208713333332,31.736323066666667,1.6282686,63.6596738,662.5526067289227,5243.342603156604,1,0.46395541748806746,58.8142041851617,2.1536673838555283,2.1536673838555283
2674,TEXAS,LA SALLE,48283.0,0.0257985258,48675.0,3335.0,0.11092457,1.6936942,60.395313,52.6896928,1.8089854000000003,75.52374191999999,653.4010240996851,4405.468711275952,0,-1.6056791114538524,18.96005072923272,3.644690547619082,4.905800751357969
2675,TEXAS,LAVACA,48285.0,0.0329067642,64145.0,978.1666666666666,0.0078488486166666,50.0285415,79.42322911111111,32.98371433333333,2.387736611111111,64.45270793333333,661.0124737174096,4335.646001269515,0,-0.10683721222364782,45.75142675967026,1.9754754906297665,2.314605942647673
2676,TEXAS,LEE,48287.0,0.0316659511,71112.0,3398.75,0.0327683349,43.53810315,76.6969783076923,26.918842923076923,1.5532487692307693,60.45379990769231,656.9210836773306,4460.288303730757,1,0.20674442625807657,52.758402029169304,1.8157238802802864,1.8157238802802864
2677,TEXAS,LEON,48289.0,0.0472705093,59488.0,1634.6666666666667,0.0193062152333333,4.5431739,68.98860615384615,39.73655069230769,4.1584513076923075,61.699798738461546,642.4381917677055,4243.866752674883,0,-1.735729487508215,17.216233354470514,1.2913379754614498,3.452398916011418
2678,TEXAS,LIBERTY,48291.0,0.0547676857,72329.0,1262.571428571429,0.0476914775571428,29.15142955357143,68.24197864705881,-163.68542658823532,-194.17663884313723,-136.5207961627451,653.1226960359171,4257.448540069948,0,-0.9562065288853331,28.88395688015219,3.020239061237731,3.7291984287317406
2679,TEXAS,LIMESTONE,48293.0,0.0421838954,53482.0,2082.25,0.0879154549875,203.5281127625,69.2359848888889,39.125763166666665,0.7776155,66.92506472222222,638.980619615713,3557.1250951811658,0,-1.7460907030965287,17.057704502219405,2.506673235162459,3.758741078837806
2680,TEXAS,LIPSCOMB,48295.0,0.0315717227,67386.0,521.0,-0.014899506,1.6509631500000002,81.7755305,26.2990225,2.932943,54.66691395,680.9229166666667,5155.445535714286,3,0.5350840922387086,60.46290424857324,1.577516882932552,3.733120237152246
2681,TEXAS,LIVE OAK,48297.0,0.0379797176,59202.0,907.0,0.05203566125,134.55121259,70.82181829999999,33.507524000000004,2.9019918,66.17866631,660.8477964812993,4379.055560227891,0,-0.7305522228307686,33.35447051363348,1.7290247145813904,2.6758016250036256
2682,TEXAS,LLANO,48299.0,0.0358744395,71475.0,799.6666666666666,0.0558751516166666,46.51868216166667,68.52007633333334,37.29306822222222,4.322643444444444,60.83428151111111,659.1923959416715,5203.581949293064,0,-0.13866958012325922,44.99048826886493,2.787146115226771,3.123646332699499
2683,TEXAS,LOVING,48301.0,0.0031230481,86760.0,19.0,0.0067588072,0.02541391,81.25,45.714286,0.0,80.0,,,3,0.23881697131068202,53.29740012682308,3.8947115650372295,5.8077286846445935
2684,TEXAS,LUBBOCK,48303.0,0.0333407759,57883.0,66652.73529411765,0.0286853205245588,1363.064629720588,80.79208485714287,-109.49205898039216,-143.97123431862744,-81.50849635294118,656.6510610166667,4461.5490273297855,1,1.2041720824129896,74.92073557387444,2.1523220967120613,2.1523220967120613
2685,TEXAS,LYNN,48305.0,0.0326842837,57338.0,362.6666666666667,0.0639478399999999,9.572226886666666,78.85781675,36.51876175,1.3834855,66.721780775,636.9051928827752,4372.596227073365,0,-1.0532392115007638,27.1718452758402,2.612296712316744,3.8843255916261428
2686,TEXAS,MCCULLOCH,48307.0,0.0411178927,47814.0,1050.3333333333333,0.0865022903333333,69.04970671,78.382059,39.5681121,3.7923035,70.14263876999999,635.9741525857111,3389.731240189293,0,-1.7551255691852106,16.96258719086874,2.7754905652071873,4.129963404768104
2687,TEXAS,MCLENNAN,48309.0,0.0367748766,63377.0,34023.92156862745,0.0106783691607843,836.8078429392157,75.16551531707317,-22.267074727272725,-58.591803266666666,6.500738534545455,653.7013419263322,4169.140575824568,1,0.3853423665046377,56.65821179454661,1.3682234481439264,1.3682234481439264
2688,TEXAS,MCMULLEN,48311.0,0.0168878166,71112.0,530.0,0.15046185,0.30366167,89.662447,39.446367,0.0,68.8581314,671.725,5174.25,3,1.3178149197420417,77.07672796448954,4.705076677760022,5.938096137923244
2689,TEXAS,MADISON,48313.0,0.046163575,53301.0,2094.75,0.13279017475,33.201303275,67.64606263636364,36.98756381818182,1.324508090909091,66.00423221818181,640.9508666258154,4095.194954101357,0,-1.7600704206496542,16.899175649968296,3.641122471017304,4.762275143067866
2690,TEXAS,MARION,48315.0,0.0478380865,47660.0,424.75,0.036993780775,21.97185628,70.9363203,47.393733000000005,2.6341899,72.49058456,628.0858632921738,3358.834010874132,0,-2.845259247077837,5.0412175015852885,1.8401510862563195,4.40583467524201
2691,TEXAS,MARTIN,48317.0,0.0266849128,81637.0,601.5,0.319277335,3.14948129,71.391823,34.172408250000004,1.8612315,64.74114797499999,659.1332291666666,4465.581972789116,0,-0.10853266787473062,45.65630944831959,9.562193141706341,9.812485134960198
2692,TEXAS,MASON,48319.0,0.0345385861,62435.0,1077.0,0.17267715745,58.495291115,78.6221504,37.3117592,5.584408,65.68068084000001,674.25,5423.75,3,0.7595767709539011,65.44071020925809,5.222000467254802,5.503153118284323
2693,TEXAS,MATAGORDA,48321.0,0.0542165159,58996.0,1570.4,0.0109743308999999,73.26813345000001,72.05092985714286,-241.418289,-275.86858069444446,-212.66084130555555,658.805490071282,4494.372519980315,2,-0.5979634024620423,35.79581483830057,3.1459276571145502,3.9628756163750567
2694,TEXAS,MAVERICK,48323.0,0.074884308,46052.0,8895.555555555555,0.1033627053777777,748.9425597222222,69.70720865517241,50.863754965517245,0.970670724137931,77.08731617586207,659.1606050236802,4956.661595130209,0,-1.1417444967302133,25.61826252377933,4.663615164787481,4.931465903078713
2695,TEXAS,MEDINA,48325.0,0.0379097919,70707.0,998.375,0.0310033635249999,8.507665825,70.38378273076923,33.28676188461539,2.08202,58.01663076153846,652.4972933806126,4853.946539790678,0,-0.5795816399185877,36.01775523145213,2.0929758087712935,3.0330590362558145
2696,TEXAS,MENARD,48327.0,0.0365135453,45438.0,408.0,0.019410329,0.47448531,76.22632833333334,45.45333566666667,5.358761,75.39391073333333,662.0509803921568,4168.441176470588,0,-1.5614430010490055,19.530754597336717,2.1327960078830936,4.131875572008018
2697,TEXAS,MIDLAND,48329.0,0.0248181582,94375.0,51138.48148148148,0.0314691195185185,1472.6205007777778,81.05094443750001,-79.84723439175258,-96.27392881443298,-42.01090570824742,667.8313237486495,5036.27215220281,1,2.889796473493553,96.1001902346227,2.162071898424005,2.162071898424005
2698,TEXAS,MILAM,48331.0,0.041609385,63456.0,813.8571428571429,0.0509249780714285,44.28399082,71.92773505,41.20468655,1.98253115,68.95182857,640.526136741718,3884.3924185747696,0,-1.444026938805981,21.020925808497147,1.4881743977688988,3.201556308970068
2699,TEXAS,MILLS,48333.0,0.0391001607,56328.0,644.0,-0.0243877605,2.38839709,68.9240105,41.91181616666667,2.116947666666667,70.6210219,669.6620138888889,4453.597222222222,0,-1.2795611832515696,23.36715282181357,2.0861147624337253,3.7606676787162647
2700,TEXAS,MITCHELL,48335.0,0.0397775877,53255.0,914.0,0.0456935709999999,5.79507188,63.280951,,,-1369.111434385714,642.3620644439202,4751.846587914624,0,-1.7266445332482308,17.31135066582118,6.447825543254086,7.23254471605964
2701,TEXAS,MONTAGUE,48337.0,0.0352252535,60336.0,1484.5,0.08499019805,108.67871787333333,74.29593757142857,34.21324666666666,2.501278285714286,65.73071325238095,667.5920815574179,4811.487802248098,0,0.03797401833528633,48.89029803424223,2.935313372552374,2.993553708692362
2702,TEXAS,MONTGOMERY,48339.0,0.039349273,92578.0,28913.03389830509,0.0639977291999999,723.1672801932203,75.81245252688171,23.744132478494624,7.487312537634408,58.210244687096775,666.3741215286865,4973.643002293815,1,1.7653628129085392,85.16169942929614,2.159722755598548,2.1597227555985485
2703,TEXAS,MOORE,48341.0,0.0269050358,64003.0,5041.0,0.01618895815,371.6957718249999,81.4611634,30.992158133333337,1.7196928666666669,66.25105311333333,656.9453047894244,4214.81814166731,1,0.5621250158987829,61.16043119847813,1.531223521619118,1.531223521619118
2704,TEXAS,MORRIS,48343.0,0.0587717367,51598.0,2457.3333333333335,0.0148144203333333,81.60853676666666,67.11600607142857,41.66887342857143,1.7624855,72.21739741428571,635.4259860595397,3125.6974868852813,0,-2.7813548690409706,5.453392517438173,2.0598854217184606,4.124742450073349
2705,TEXAS,MOTLEY,48345.0,0.0395256917,48952.0,153.0,-0.03518286,0.16471934,72.688316,40.639401,0.0,76.92300415,669.55,4257.0,0,-1.7963109619331854,16.233354470513632,2.851484624330163,4.766355186489175
2706,TEXAS,NACOGDOCHES,48347.0,0.0434040738,52516.0,9736.46153846154,0.0177398637615384,546.01224166,73.1764347948718,42.87874730769231,1.4864254102564105,68.44350981282051,660.7664726790073,4746.107783540338,1,-0.10793676550744186,45.719720989220036,1.9592976440546614,1.9592976440546614
2707,TEXAS,NAVARRO,48349.0,0.0395416194,59659.0,2183.0,0.043263190068,438.546837265,74.34102131428571,39.12252131428571,2.1743824285714286,68.23751221142857,646.6096329438442,4288.7124828320075,0,-0.5609020142600953,36.33481293595434,1.9646653754605494,2.266249995785767
2708,TEXAS,NEWTON,48351.0,0.070741483,51302.0,250.25,-0.0745325015,0.7996153525,66.28066078571429,38.36996621428572,1.7476520714285717,69.02429907142857,632.551364652726,4044.106602843968,0,-3.5404400691506392,1.9023462270133165,4.163777081090704,6.189772946809242
2709,TEXAS,NOLAN,48353.0,0.0348447296,53370.0,3335.4,0.0073706842,286.38432532,78.14691658823529,38.65757764705882,2.3013228823529412,69.55877303529412,636.8553793537934,4200.490805181798,0,-0.5983774135824713,35.76410906785035,2.1154390294713177,2.39136077396943
2710,TEXAS,NUECES,48355.0,0.0423568808,63669.0,48059.0,0.0266789613209876,1233.7443691950616,74.28465302904564,-47.538874342975205,-80.24531897107438,-19.049600682231404,657.6377182409618,4930.104686287855,1,0.8873049420116071,68.16740646797717,1.8269301456459932,1.8269301456459932
2711,TEXAS,OCHILTREE,48357.0,0.0333584148,71770.0,2813.3333333333335,0.0428382583333333,300.6116658,78.70214800000001,29.073421777777774,2.6874232222222223,52.90631061111111,675.9252136838444,5080.27861646258,1,1.1845583559682293,74.54026632847179,1.8344834831705181,1.8344834831705181
2712,TEXAS,OLDHAM,48359.0,0.0297239915,68640.0,888.0,0.023634998,0.51315099,79.595043,32.236509999999996,2.1770725,57.0238533,682.4029411764706,4161.558823529412,3,-0.040920382565267414,47.1147748890298,1.505094895016836,3.4337471575775123
2713,TEXAS,ORANGE,48361.0,0.0540327129,66029.0,6491.952380952381,0.0200939247042857,124.01048393809523,70.6389778923077,33.58709718461539,1.873525876923077,61.43155068769231,657.7052190764858,4305.277716445043,0,-0.7120976545623239,33.54470513633481,1.9288566699830527,2.2915745790087945
2714,TEXAS,PALO PINTO,48363.0,0.0373089601,55417.0,3820.222222222222,0.0133404441111111,279.6902491333333,72.704060375,36.42137941666667,2.7758310416666667,64.87099825833333,657.9287345057098,4719.8695512275035,1,-0.21416130589163518,43.18325935320228,1.9338328883864124,1.9338328883864124
2715,TEXAS,PANOLA,48365.0,0.0445066916,63482.0,2856.3333333333335,0.087063144,68.23092771666667,70.70444538095238,31.22596904761905,2.1248489523809524,61.04259880952381,653.1860779100231,4097.9290872171305,0,-0.9273573726849841,29.23272035510463,2.3832474531728307,3.153397265289044
2716,TEXAS,PARKER,48367.0,0.0334113586,98121.0,4865.0,0.0668051173315789,160.98247442105264,75.72035534545455,22.735030145454548,4.951448981818182,47.3483182,664.2975115491196,4797.847900771939,1,1.4169654815805508,78.78883956880152,2.4089474237377555,2.4089474237377555
2717,TEXAS,PARMER,48369.0,0.0261667643,62913.0,2797.5,0.054576269,6.79782975,78.14630700000001,30.07580288888889,2.5588321111111108,64.95785691111111,656.1714416560517,4927.862173766318,3,0.2516512070547566,53.64616360177552,2.452038294749753,2.9809074573037675
2718,TEXAS,PECOS,48371.0,0.0356286947,58265.0,1620.75,0.0497445215,211.52094797,72.974474,36.40325542857143,1.190632857142857,64.74408205714285,650.3291987161713,4747.189095928813,0,-0.3662495174603334,40.32974001268231,2.1986818605466336,2.4944542518679826
2719,TEXAS,POLK,48373.0,0.0535545521,57009.0,1171.1,0.075899905123,23.82010494,65.80679793548387,38.66973477419355,1.5770083870967742,71.11994110322581,647.1724894219684,3815.114252600814,0,-2.1961475366374965,11.350665821179454,2.10135794599206,4.050476569722621
2720,TEXAS,POTTER,48375.0,0.0313343167,51177.0,48286.26470588235,0.0096304477088235,1413.461828811765,76.09545201041666,-61.77486278350516,-101.67341121649484,-30.392163706185567,645.5769080944389,4403.868052656159,1,0.4368376685364673,58.211794546607486,2.2263731576585304,2.2263731576585304
2721,TEXAS,PRESIDIO,48377.0,0.0625411455,42699.0,675.0,0.0464688835,0.55190579,77.10166116666666,44.92553016666667,1.8059523333333332,76.65409849999999,670.8377379116349,5305.098737814637,0,-1.2914555608721432,23.20862396956246,3.703000520258622,4.9280503625360765
2722,TEXAS,RAINS,48379.0,0.0349149508,63796.0,904.5,0.0242073132,7.0707136,74.8008926,35.400124600000005,0.3624674,67.53750688,647.8577566964285,3348.2782568993507,0,-1.4817196573992797,20.577045022194042,1.5755039327150924,3.4489203513412408
2723,TEXAS,RANDALL,48381.0,0.0294106175,81705.0,47926.58620689655,0.0218741553482758,831.2555366448275,82.92647677083333,25.354496302083337,3.9737884583333334,52.62189949479167,669.6328198753141,4938.2189153723875,1,2.2588479351833053,92.01014584654406,1.470616076552915,1.470616076552915
2724,TEXAS,REAGAN,48383.0,0.0356460853,72585.0,1536.0,0.043276336,1.6693596,76.94523674999999,22.845229250000003,1.45686,56.26705265,651.076769005848,4580.6658051378445,0,-0.3277366265332188,40.86873811033608,2.475013801422982,3.1840018649510005
2725,TEXAS,REAL,48385.0,0.0507706256,49014.0,600.0,0.043698963,0.93107074,66.58368133333333,50.25894,0.334672,81.26441193333334,680.559110394812,5293.093973701069,0,-1.2676371662485553,23.620798985415345,3.1647874722672573,4.555087770373162
2726,TEXAS,RED RIVER,48387.0,0.0475432664,49265.0,548.5,0.026075969325,2.4618289875,68.93611406666668,46.98940793333334,0.7644734,76.13049875333333,645.7509393423699,4178.716417186579,0,-2.274872800686729,10.589727330374128,1.5010132727706262,4.11062720774717
2727,TEXAS,REEVES,48389.0,0.0308379645,57179.0,1534.0,0.0463395548,238.49860225460003,65.77409263636363,43.26311863636363,0.2127942727272727,66.82572729090909,640.1038272177015,4470.87542931397,0,-1.037481429265168,27.520608750792647,2.042004341425433,2.9685898670297535
2728,TEXAS,REFUGIO,48391.0,0.0385737439,52641.0,1126.5,0.0438790374999999,5.2702039549999995,72.13356437499999,37.450277,1.0081575,65.9901049125,633.5895304902242,3921.632481404168,0,-1.90925119089371,14.965123652504756,1.5609954076675259,3.7484745222445572
2729,TEXAS,ROBERTS,48393.0,0.0359897172,76634.0,128.0,0.10229513,0.20020388,77.88162,27.377522,5.18732,46.6858788,693.95,5455.5,3,0.5556120948737725,60.97019657577679,3.5259323351467824,5.306355010559006
2730,TEXAS,ROBERTSON,48395.0,0.0364392272,60078.0,684.0,0.0293011036,5.441439819999999,69.653958,42.45164914285714,4.745962642857143,66.13482230714285,638.6988997923789,3967.2100670534046,0,-1.783375987095599,16.391883322764745,1.316571234393962,3.622194102400019
2731,TEXAS,ROCKWALL,48397.0,0.0359273586,118175.0,13941.363636363636,0.0626423596363636,356.4608990909091,78.7348465,15.0435008,6.9729613666666665,47.99818547,670.0387338112013,5105.90253701193,1,2.6610585152635977,95.05389980976537,3.1793525455047127,3.1793525455047122
2732,TEXAS,RUNNELS,48399.0,0.0391276459,61643.0,857.25,0.0105182762999999,38.035545107500006,72.28573241666668,40.58623583333333,1.0476895,69.69790266666666,648.3175298123487,4367.129752320419,0,-1.006197895163978,27.901077996195305,1.2449453192631046,2.75225318048531
2733,TEXAS,RUSK,48401.0,0.0405393573,65812.0,3821.923076923077,0.0228968350692307,103.7252391823077,72.34361068292682,34.28986329268293,2.8529875365853656,63.705305043902435,651.5412345289085,4133.962706085577,0,-0.6041108774452983,35.573874445149016,1.3800824450546612,1.925667362922001
2734,TEXAS,SABINE,48403.0,0.0679988898,58723.0,644.0,0.0359952363333333,3.2921852233333335,56.5431053,46.7619503,0.4776599,74.41187744,628.7780808004053,3875.948969942587,0,-3.670906319729474,1.5218769816106532,3.04308989272948,5.448091689086323
2735,TEXAS,SAN AUGUSTINE,48405.0,0.0536953243,50908.0,922.3333333333334,0.1126983283333333,27.709803836666666,58.227370375,56.776311,2.581085375,82.0044107375,639.6071955814584,3749.808226145297,0,-3.0042354394016617,3.772986683576411,3.385539946182196,5.274491080680245
2736,TEXAS,SAN JACINTO,48407.0,0.0466613672,66009.0,414.5,0.02733198445,3.7497235,69.52025873333334,30.679314733333335,3.511258066666667,60.92068327333333,625.021762549619,3443.1490057607703,0,-2.563818044366713,7.609384908053266,2.0226967575799137,4.404283651187562
2737,TEXAS,SAN PATRICIO,48409.0,0.0480743425,61411.0,3639.125,0.07456342870625,192.92202671875,73.80500895555555,31.33236973333333,2.579712444444444,59.131203884444446,642.4519535686553,4509.862850278897,0,-0.6709896711619404,34.30564362714014,2.6031753219216704,2.925562437084629
2738,TEXAS,SAN SABA,48411.0,0.0378208014,52325.0,626.5,-0.0084189214999999,34.061673705,67.9842826,42.425033,2.0002042,77.88726656,665.4285952096875,4282.84912381515,0,-1.3220665435117178,22.70133164235891,1.3348290513959684,3.1972200241530704
2739,TEXAS,SCHLEICHER,48413.0,0.035042735,60063.0,865.0,0.063340113,0.66303992,80.32030866666666,38.08059,4.7155689999999995,56.662415833333334,668.1750000000001,4999.75,3,-0.08336472965910424,46.25871908687381,2.384064709554115,3.8673850436098705
2740,TEXAS,SCURRY,48415.0,0.0409550917,69881.0,1598.0,0.03214936875,75.8066163,74.81388514285713,31.05893364285714,2.8474709999999996,61.53847720714286,642.8312511231575,4051.9538517352535,0,-0.7525407119948229,32.72035510462904,1.5800490564606675,2.4240526465765257
2741,TEXAS,SHACKELFORD,48417.0,0.026984127,68681.0,1282.0,0.083548866,1.6056244,76.527893,31.69835725,1.73216375,64.13115215,663.9138907469343,4961.809754738016,3,0.18912836857994042,52.34622701331643,2.8298791745144913,3.8193917888922617
2742,TEXAS,SHELBY,48419.0,0.0445354948,54359.0,2057.1666666666665,0.0991788610366666,57.12188175,70.87801329999999,42.800921800000005,3.13552055,68.577093505,639.5192086599458,4088.163418797249,0,-1.496946491147955,20.228281547241597,2.703883040273254,3.858989480036875
2743,TEXAS,SHERMAN,48421.0,0.0315552216,66202.0,819.0,0.04821305,0.92520869,79.0896395,23.3796595,1.6661215,61.6195221,689.5203703703704,4291.851851851852,3,0.04845314172709641,49.207355738744454,1.608276914132276,3.5470836201882077
2744,TEXAS,SMITH,48423.0,0.0363718279,71348.0,35093.51219512195,0.0162028463536585,1007.1765808707316,76.2493257131783,-43.6880072,-73.28802246923077,-14.219257300769227,657.7817988711809,4577.56631649082,1,1.0570588814599418,71.75015852885225,1.080544300929438,1.080544300929438
2745,TEXAS,SOMERVELL,48425.0,0.0359435173,78913.0,3771.0,0.058246237,237.3622385,73.6080034,28.120160199999997,4.9036664000000005,57.56084862,671.9680850735012,4624.292414660683,1,0.7097553685109855,64.48953709575143,1.7985602955107158,1.798560295510716
2746,TEXAS,STARR,48427.0,0.0934663505,38824.0,2616.5333333333333,0.0754889554666666,261.6741791746667,63.73547727027028,59.08726548648649,1.5140326486486486,,664.0820323410435,4436.823426797833,0,-2.7716745356945554,5.516804058338617,4.986514842268778,6.099316685980884
2747,TEXAS,STEPHENS,48429.0,0.0385674931,59099.0,2331.0,0.0487521599999999,53.05724946,73.8982256,41.1368085,2.3318497999999996,68.17582855,649.1568943583134,4153.548915445618,0,-0.8403481643422811,30.976537729866838,1.4919860767653677,2.535228472302869
2748,TEXAS,STERLING,48431.0,0.0399201597,80859.0,481.0,0.044000719,0.50896043,71.599045,36.206897,1.724138,66.3793106,675.85,5813.5,3,0.3612659106147889,56.2143310082435,3.0338511832111665,4.376203165599713
2749,TEXAS,STONEWALL,48433.0,0.026993865,56413.0,356.0,-0.0043370584,0.41034013,79.8423275,31.469639,3.9540815,62.664157849999995,656.4537037037037,4279.574074074074,3,-0.860587815545939,30.596068484464173,2.4528533998082875,4.036585627898047
2750,TEXAS,SUTTON,48435.0,0.0576923077,63893.0,1727.0,0.03908043,1.5344659,77.3588775,21.225159750000003,4.672804,66.8717995,656.2675110521662,5703.818430101189,3,-0.3200324695752102,41.02726696258719,3.6706718075739504,4.236251066540095
2751,TEXAS,SWISHER,48437.0,0.0455075846,52350.0,609.0,0.0216974963333333,41.091949846666665,70.7389665,38.285016,1.353963125,68.52672145,644.8765019966734,4247.22545608289,0,-1.6975555257965511,17.75523145212429,1.1138487835782676,3.322070383874551
2752,TEXAS,TARRANT,48439.0,0.0371443116,80083.0,97941.918767507,0.0338633566898879,1343.6916952770307,77.27247477210885,1.7769999056924377,-20.918360680543756,39.665769379524214,660.3762529873646,4717.851648943243,1,1.6291367118396447,82.84717818642993,1.5825125817166237,1.5825125817166237
2753,TEXAS,TAYLOR,48441.0,0.0334718506,62128.0,35761.10526315789,0.0076073394108108,956.5546109473684,78.32822867826087,-136.8167248189655,-170.30928762068964,-106.63516367068964,658.0541002572904,4359.204535724298,1,1.0095187397936836,70.6721623335447,2.0025297478954664,2.002529747895467
2754,TEXAS,TERRELL,48443.0,0.0347593583,47947.0,85.0,-0.047148328,0.038167521,68.719611,43.052392,1.138952,67.1981735,673.425,4718.75,0,-1.7144213941562334,17.501585288522513,3.5364256060999946,5.249480642330586
2755,TEXAS,TERRY,48445.0,0.0390709789,44361.0,2714.6666666666665,0.0588962249999999,94.13597198666666,75.66996069230768,43.15916915384616,2.0551894615384616,75.7750616923077,637.5765869457904,3866.472540462016,0,-1.4350827321690067,21.147748890298036,2.022111592221794,3.288509177242749
2756,TEXAS,THROCKMORTON,48447.0,0.0355029586,51546.0,332.0,-0.0032628747,0.36710235,73.643223,34.341366,2.107107,73.0787926,662.025,5121.5,3,-0.979386618197411,28.440076093849083,2.667619033912593,4.264139620057633
2757,TEXAS,TITUS,48449.0,0.0420922089,57559.0,6671.25,0.01382459115,372.794805625,72.76708086363637,39.77519836363636,1.4497387727272728,70.56408831363636,657.21618204042,4016.3052570786112,0,-0.5809699117763121,35.9860494610019,1.7293342146715116,1.8481507878320942
2758,TEXAS,TOM GREEN,48451.0,0.0349961056,60379.0,25650.0,0.018014056108,745.62708834,78.86017061458334,-170.07648088659792,-204.56807440206185,-141.16105274329897,660.636611540064,4807.521019741961,1,1.2375924881844884,75.49143944197844,2.380153974649555,2.380153974649555
2759,TEXAS,TRAVIS,48453.0,0.0326512153,97544.0,178417.9495412844,0.0340766538950458,2644.9637691591747,80.97384689137931,-41.88318685517241,-62.2463987413793,-5.923466009827587,669.0445022642139,4570.7962816279,1,2.7563846694209038,95.62460367786937,2.3198966306381137,2.3198966306381137
2760,TEXAS,TRINITY,48455.0,0.049603923,49277.0,553.2,0.0794066252,53.995179588,61.157671785714285,39.589709285714285,1.0992313571428571,75.11092867142858,638.9751459504181,4202.404403611652,0,-2.531366246812485,8.053265694356373,2.471535061252105,4.486818427323035
2761,TEXAS,TYLER,48457.0,0.0584177928,54438.0,1052.6,0.05053869916,72.922622568,61.546241375,40.93853825,0.7260548125,74.507253175,635.4889752791069,3633.977759086628,0,-2.8594025302746946,4.914394419784401,2.1296790508956,4.335174012574002
2762,TEXAS,UPSHUR,48459.0,0.0423131947,61533.0,1758.0,0.0695672601142857,67.53680251428571,72.10189448148148,32.24901366666667,2.0657935555555555,62.86596948518518,655.4807196950866,4217.1496247098485,0,-0.8349828316976042,31.0716550412175,1.9204140093674158,2.834709703950197
2763,TEXAS,UPTON,48461.0,0.017130621,59047.0,607.5,0.0355369625,1.04227773,73.70769666666666,30.279772999999995,0.860966,55.848721833333336,643.3634615384615,4035.9134615384614,0,-1.0954675649973062,26.252377932783766,2.6770043714447866,4.07118533744522
2764,TEXAS,UVALDE,48463.0,0.0420622948,49006.0,3308.0,0.0022911665999999,264.25870842,69.51756666666667,42.77169311111111,2.282503,70.62402512777777,667.243954115915,5798.805947951538,1,0.0776115942565373,49.68294229549778,3.2371709391204693,3.2371709391204693
2765,TEXAS,VAL VERDE,48465.0,0.0545577313,56619.0,7962.0,0.04403902783,602.929605664,73.12620636363637,-256.5909478823529,-293.18369752941175,-225.2246791529412,667.5896239519909,5084.455690621467,2,0.48926993878026687,59.51173113506658,3.5063840368425514,3.981204588218759
2766,TEXAS,VAN ZANDT,48467.0,0.035430325,66356.0,1664.6,0.05836693406,50.59909277,69.57075535135135,34.50202621621622,1.82026972972973,67.06030087837838,649.1881850045331,4158.969299138816,0,-0.8644129700327897,30.37412809131262,1.7057873569183366,2.748476965418543
2767,TEXAS,VICTORIA,48469.0,0.0405525954,69442.0,16181.347826086956,0.0406810887173913,963.573329537826,78.227271703125,-122.16631189230768,-151.34506524615384,-94.10660658923076,656.0181104305044,4418.296468749729,1,0.8650339699213746,67.75523145212429,1.885352187938657,1.8853521879386572
2768,TEXAS,WALKER,48471.0,0.0459154233,56863.0,8956.9,0.0169244954,900.72171083,59.22601265789474,-494.1679796842105,-524.7809097105263,-465.0587044789474,661.2385672451162,4659.124501144613,2,-0.032504746213125546,47.20989220038047,2.2240456204591315,6.467933497106267
2769,TEXAS,WALLER,48473.0,0.045566924,77209.0,3775.5,0.0094415606,245.8448655,72.1551522631579,-498.4440023684211,-523.5345938421053,-472.18972357894734,655.6043815574932,4926.937262766208,2,1.0418250528606086,71.43310082435002,1.5078105133383561,6.144885481440093
2770,TEXAS,WARD,48475.0,0.0303030303,65610.0,2170.0,0.02331556,204.90268773333332,70.991156,37.381559800000005,4.155347900000001,65.50466460999999,638.4879172648143,4011.2898115057938,0,-0.7576367097329388,32.59353202282816,1.7503831982512028,2.385666469265768
2771,TEXAS,WASHINGTON,48477.0,0.0394447585,67927.0,5498.5,0.0202339723333333,115.66843915,73.00507091666667,38.296097,1.8387079166666669,65.70185852916667,672.4060672331832,4635.644107618671,1,0.2612382427346968,53.868103994927075,1.4473316505905895,1.4473316505905893
2772,TEXAS,WEBB,48479.0,0.0399293901,57899.0,43921.91803278688,0.0422962356819672,1420.0195472586886,66.26658569285715,-26.481373007092195,-69.536359,2.4718439787233986,658.9073947916078,5172.3111802534195,1,0.4765390403157753,59.099556119213695,2.560757663739263,2.560757663739263
2773,TEXAS,WHARTON,48481.0,0.0385182455,60496.0,1981.090909090909,0.0272743377272727,33.11168967272727,78.15651702857143,40.25474668571429,2.456890028571429,65.90418123428572,662.1683751473704,4607.546507763113,0,-0.1468660429246475,44.800253646163604,1.923223350998104,2.2524909430935294
2774,TEXAS,WHEELER,48483.0,0.0367327211,54682.0,1288.5,0.064053703,3.705248,83.2570388,33.362702999999996,4.1299592,62.64268264,649.2415777972028,4327.272765151515,0,-0.6420818699522575,34.93975903614458,2.7017282554458024,3.6082709265960196
2775,TEXAS,WICHITA,48485.0,0.0389810469,61622.0,22383.864864864863,-0.0025673660721621,729.8314823027027,76.87914581904762,-251.29205618867925,-281.09184441509433,-219.09413470754717,655.9500255605877,4575.711569407816,1,0.9183649397812766,68.7698161065314,3.23104402602967,3.23104402602967
2776,TEXAS,WILBARGER,48487.0,0.0495169082,53416.0,4345.25,-0.0153335164999999,93.806678315,72.25640491666667,40.27521333333333,1.476734166666667,70.09007421666666,636.459469971245,3607.7875861760463,0,-1.7716809719830786,16.708941027266963,1.7959928036155532,3.223766281896892
2777,TEXAS,WILLACY,48489.0,0.0778308514,42279.0,1064.4,0.045335492,16.082559694,48.97648433333333,-572.7428150625,-624.0876685,-551.128113275,656.4190876855445,4457.600053569474,2,-2.759722596789572,5.675332910589727,4.734046955205372,9.143559500030497
2778,TEXAS,WILLIAMSON,48491.0,0.0339322406,111183.0,37951.629213483146,0.0810819544853932,621.0575811146067,80.60835213580248,16.832728913580247,4.102690810699588,42.65251777160494,670.4015379402839,4848.461186876077,1,2.739411347750121,95.46607482561826,3.106410226573573,3.106410226573573
2779,TEXAS,WILSON,48493.0,0.0318689165,85288.0,931.2727272727273,0.0588768708545454,26.35412896363636,78.99711851724138,21.450322862068965,3.228789379310345,47.35148523103448,659.3408178080538,4896.7115838821155,3,0.7493719992205,65.25047558655676,2.5716867806307104,2.876675706219971
2780,TEXAS,WINKLER,48495.0,0.0341451767,67901.0,2169.0,0.11848258,208.83749739000004,74.72400177777779,31.52016622222222,1.6036993333333334,61.713184766666664,639.07105013103,4396.672835862973,0,-0.2762224367660312,42.01014584654407,3.694621635670316,3.7648411619430395
2781,TEXAS,WISE,48497.0,0.0365420162,89873.0,1850.1818181818185,0.1006809816363636,72.43252661818183,73.53863705714285,21.997343771428575,3.4661825142857143,53.472488951428566,653.5805065271367,4581.12569908552,1,0.41057457331239927,57.35573874445149,3.3559141430985235,3.3559141430985235
2782,TEXAS,WOOD,48499.0,0.0437983867,58813.0,1114.2,0.05740205459,59.457433679999994,69.889546,36.37598657142857,1.7702042142857144,66.86741120714285,657.124087397146,4135.746221658822,0,-1.208819650538261,24.603677869372227,1.466125095861503,2.9839513671623217
2783,TEXAS,YOAKUM,48501.0,0.0339777387,64634.0,1732.0,0.0322817245,8.560334749999999,76.745929,26.267204833333334,3.617485,59.84530515,648.147746584063,4750.413808026313,0,-0.3042737119554951,41.407736207989856,2.1863693197096685,2.7899216163089497
2784,TEXAS,YOUNG,48503.0,0.0337475634,64187.0,2610.75,0.0480791477725,347.87779675,77.62039447058824,37.23119394117647,3.462530117647059,64.70680528235295,657.5020649235845,5583.7134889009185,1,0.8933109121467768,68.23081800887762,2.6262624453025105,2.6262624453025105
2785,TEXAS,ZAPATA,48505.0,0.0639692586,41688.0,1213.0,0.0812347532,113.45958823333332,67.31340622222223,54.010565444444445,2.433694111111111,,651.1917729384509,4372.302080334473,0,-2.2212186259580466,11.160431198478122,3.0132518563612045,4.5114928467965205
2786,TEXAS,ZAVALA,48507.0,0.0731988473,36878.0,632.5,-0.006006011825,37.58950146,64.86162644444444,58.29952522222223,0.662761,,647.6909853021231,4662.698763771159,0,-2.9068133965962604,4.40710209258085,3.2586643618466944,5.1242941857628495
2787,UTAH,BEAVER,49001.0,0.0296074518,67100.0,1226.0,0.0201972175,1.51184638,77.73509116666666,31.147058,3.5084880000000003,66.82259561666667,673.3886999054008,3868.090662624699,3,-0.40465105548777347,39.28344958782499,1.9452399591210416,3.196001741132134
2788,UTAH,BOX ELDER,49003.0,0.0248473216,83493.0,4074.272727272727,0.0012230479454545,367.5097565409091,77.6256867,22.262217375,1.4192629,67.90115738,680.9364213922263,4175.231891819359,1,1.274841249021774,76.47431832593531,1.4597603535815282,1.4597603535815282
2789,UTAH,CACHE,49005.0,0.0228660027,83027.0,18344.5,0.0592817805080769,872.2895182115384,82.55202184415585,27.845192285714287,2.3368088181818183,60.2642859948052,697.1184201699047,4816.562031314304,1,2.674573572276532,95.11731135066583,2.239084014908616,2.239084014908616
2790,UTAH,CARBON,49007.0,0.0367577757,59838.0,3116.4,0.01981720326,226.546088066,76.23912399999999,34.52078864285714,0.5934332142857143,73.42440605,672.7478300592066,4267.093809084257,1,0.044813685989387536,49.112238427393784,1.5914743580496185,1.5914743580496187
2791,UTAH,DAGGETT,49009.0,0.0417690418,65231.0,254.0,-0.012828341,0.30273509,64.991023,30.029155,2.040816,64.139946,710.5999999999999,5412.0,3,-0.3131513913067817,41.122384273937854,3.0933926112657506,4.919194792258728
2792,UTAH,DAVIS,49011.0,0.024179611,111081.0,36914.2962962963,0.031842356281037,880.9383149907408,80.41563021290322,16.31808961935484,3.825275070967742,56.54922733290323,685.1109790178135,4943.201860139601,1,3.295380565461594,97.62206721623336,2.6636893926818637,2.6636893926818637
2793,UTAH,DUCHESNE,49013.0,0.0287584756,75705.0,2507.0,0.0668319152333333,58.951541803333335,73.69362983333333,24.085396,2.360358666666667,67.10483041666667,670.8707611128079,3415.64821823652,0,-0.17396705413943858,44.0710209258085,2.6214536405899915,2.7889053173449017
2794,UTAH,EMERY,49015.0,0.0309148265,68823.0,1019.0,-0.0157614146666666,2.3615652733333334,75.83012155555555,23.383943444444444,0.71119,57.720979477777774,681.6577164204741,3778.925974750945,3,-0.4249177921344664,38.99809765377299,2.0999385981106657,3.3281115132738948
2795,UTAH,GARFIELD,49017.0,0.0642527512,64844.0,933.0,0.0106773781999999,0.52530819,81.06486,30.1812435,1.8478965,79.09230805,670.0828668114973,3807.558363970588,0,-1.3700158342931748,22.2574508560558,2.997319609460144,4.326362396644833
2796,UTAH,GRAND,49019.0,0.0358204729,67360.0,2226.0,0.0305113225,112.73968108,83.619049,32.71560328571429,1.288311714285714,83.65071215714286,677.8367110475982,4901.8236568985085,3,1.042042882281349,71.46480659480025,1.7933222885360207,2.008715565434197
2797,UTAH,IRON,49021.0,0.0259802742,68170.0,2196.5,0.0240171021125,210.78704097375,72.02494703703704,35.12178611111111,1.8094570370370369,70.50622982962963,676.0087739329555,4334.9833038077295,1,0.33123052141207343,55.611921369689284,1.7723457750353662,1.7723457750353662
2798,UTAH,JUAB,49023.0,0.0234827691,85382.0,1486.0,0.0444852164,46.62750229,80.851858,23.97969542857143,0.9733061428571428,62.21856744285714,699.7263976432064,3896.1683310985873,3,1.293767936677595,76.66455294863665,2.1006984227032466,2.7816736205114205
2799,UTAH,KANE,49025.0,0.0274296524,69247.0,1374.5,0.05272333935,3.098996125,81.80600257142858,32.230690857142854,1.3324974285714286,78.07210867142858,693.7121621621621,4224.387387387387,3,0.603653925553324,62.39695624603678,1.516934366442087,3.2784621005079035
2800,UTAH,MILLARD,49027.0,0.0234231476,66467.0,1341.6666666666667,-0.0002728858999999,1.7171046326666668,79.01572054545454,31.56567972727273,1.544723090909091,60.698860509090906,700.2669506897435,3861.6873478848306,3,0.28273853972623136,54.533925174381736,1.6274659386966688,3.5038656745194197
2801,UTAH,MORGAN,49029.0,0.0208367247,122672.0,922.5,0.0162429226,2.134418405,78.3059054,11.0662018,3.1996,48.31812362,712.8152163806562,4321.579105147884,3,2.3258991144948706,92.42232086239696,3.5685330094166527,4.636928697977538
2802,UTAH,PIUTE,49031.0,0.0486381323,58106.0,273.0,0.014878314,0.30747265,67.9561575,43.471706999999995,0.510204,68.7113495,733.45,4672.0,3,-0.5624115910549007,36.2714013950539,3.193744325300027,5.114761455937253
2803,UTAH,RICH,49033.0,0.023633678,78332.0,529.0,-0.028730776,0.45685402,76.692251,26.246737,2.2272425,68.54359055,728.5,4761.0,3,1.2451905798357175,75.77679137603045,2.299622899771953,4.621451666089689
2804,UTAH,SALT LAKE,49035.0,0.0265215129,94013.0,149361.9716981132,0.022052659981415,2177.5644848306606,80.7798496792144,-10.63107933986928,-28.454062122549015,29.13674887973856,680.6371555618528,4617.469989449144,1,2.9192488803402616,96.16360177552315,2.1176370816617367,2.1176370816617367
2805,UTAH,SAN JUAN,49037.0,0.0401633764,57941.0,980.25,0.0037151548249999,0.44221535,66.05535427272729,39.22853809090909,0.7064280909090909,68.76349085454545,672.7613010184701,3845.165478698567,0,-1.7478927194243772,17.02599873176918,1.7081376323171675,3.9104309091406724
2806,UTAH,SANPETE,49039.0,0.0289156627,67295.0,1213.0,0.005932565252,8.52931328,73.33032142105263,29.01296347368421,1.7694107368421057,62.75531587894737,691.7500762875978,4176.486991719201,3,0.011216290808998108,48.287888395688014,1.436548780335277,2.8278840400601606
2807,UTAH,SEVIER,49041.0,0.0279931908,75024.0,1455.8,0.0275902017259999,29.580063394,80.5022510625,29.9005311875,1.0675916875,67.60443235,675.6058031943774,3994.644474692326,3,0.4528294857397949,58.592263792010144,1.7417428882142083,2.272635715009949
2808,UTAH,SUMMIT,49043.0,0.0243786723,139848.0,6640.153846153846,0.0434257460833333,140.49774498930768,82.19343268571428,-262.0866483333333,-265.2297809166667,-234.17316089166667,720.7712366586364,5479.635723834152,1,5.024358746474205,99.77805960684844,5.778453021181954,5.778453021181954
2809,UTAH,TOOELE,49045.0,0.0279711332,94200.0,3861.4545454545455,0.0529070185,259.32794727818185,76.44268919354838,-294.83718878125,-310.10203665625,-266.95282018125,674.4934673505096,3947.4664978922488,2,1.640122779036114,83.06911857958148,3.53328531088347,3.9434797980790597
2810,UTAH,UINTAH,49047.0,0.0327353059,70989.0,3197.8333333333335,0.044636217,262.80840632,76.9064027368421,21.78850415789474,3.2643396315789475,61.08383661578948,676.4213149650909,4247.706822275768,1,0.5893639611403008,62.048192771084345,1.502285720647713,1.502285720647713
2811,UTAH,UTAH,49049.0,0.0257217699,100617.0,47761.265625,0.0434733802937007,1254.261694317961,78.97698787790698,-95.25184978550725,-111.76316230144928,-68.08870715565217,694.764581714548,4775.433138934972,1,3.2177236500829225,97.4001268230818,2.538330466975388,2.538330466975388
2812,UTAH,WASATCH,49051.0,0.0241706415,121397.0,3519.0,0.052309839,218.1515241,81.4657659,18.2556806,6.3185322,59.22145348,711.8701159026538,4700.914644651414,1,3.3490099766797385,97.8440076093849,3.7724523699677506,3.772452369967751
2813,UTAH,WASHINGTON,49053.0,0.0277750419,78094.0,14225.809523809525,0.0300837795333333,530.8705076852381,73.99720647368422,29.082653736842104,1.9608351754385969,63.30696447192983,679.5191315695585,4492.069670103508,1,1.2987609272058867,76.75967025998732,0.977416399111233,0.9774163991112331
2814,UTAH,WAYNE,49055.0,0.0426065163,60858.0,745.0,-0.01768323,0.26131031,86.41779149999999,35.29474,1.805869,68.15454295,724.05,5059.0,3,0.9909505010985732,70.3868103994927,2.2956079776909846,4.666527794679697
2815,UTAH,WEBER,49057.0,0.0276784437,86678.0,52771.52,0.011850429917,1130.854304212,79.09093186896553,24.8604178,2.1960984620689654,69.51871769241379,675.607622628863,4273.826905054703,1,1.9626124359090598,87.95180722891565,1.297659904166077,1.297659904166077
2816,VERMONT,ADDISON,50001.0,0.017142591,82234.0,2205.2,0.005344598778,118.19918335,84.9796166,23.181955533333333,3.0503508,64.13497792,699.949805426313,4321.707585289262,3,2.032741609285733,88.90298034242232,1.9171656724407138,2.579455571763589
2817,VERMONT,BENNINGTON,50003.0,0.0247601191,67124.0,3886.25,-0.0006287882491666,215.57980747499997,81.02557771428572,29.90641645714286,3.2025019714285716,72.23065479714286,689.6253515403789,4217.743678536611,1,1.117890122605379,72.98668357641091,1.7637244852630904,1.7637244852630907
2818,VERMONT,CALEDONIA,50005.0,0.0234011435,64229.0,2066.5,-0.00287261898,43.850834437,80.33298676923076,32.09396042307692,1.3018768846153843,75.65549630384615,686.1760206708292,4047.674846358735,3,0.5688846565697001,61.38237159162968,1.6038055889402534,2.3588735739189453
2819,VERMONT,CHITTENDEN,50007.0,0.0156376301,96142.0,36319.74285714285,0.0006391136045714,1778.8787077885715,86.95370832,-77.68860933,-94.66545185,-41.405049949,691.3376593217521,4318.4634857223655,1,3.415097756706374,98.09765377298667,2.6868547871129356,2.6868547871129356
2820,VERMONT,ESSEX,50009.0,0.0290803344,58359.0,279.6666666666667,-0.022832159,1.9644235133333336,75.3998635,42.068402166666665,1.0729378333333333,85.5109876,692.0416666666667,4424.140277777778,3,-0.4014837108013955,39.44197844007609,1.8760699619869292,4.018032903718566
2821,VERMONT,FRANKLIN,50011.0,0.0184821491,85765.0,3253.8,0.01841490684,433.89517791,82.82448672972973,25.660811216216217,1.6899305675675675,67.09788884594595,675.8936284766847,3771.722053257709,1,1.4494021167912876,79.3278376664553,2.1311132750196298,2.1311132750196298
2822,VERMONT,GRAND ISLE,50013.0,0.0208234737,82896.0,448.0,-0.000276979,11.68687215,85.279483875,22.497681875,5.739730125,62.39432525,703.7322368421053,4320.741228070176,3,1.4763605029885076,79.89854153455929,1.466231926043775,3.558918510835794
2823,VERMONT,LAMOILLE,50015.0,0.0248370497,72811.0,1511.0,0.0059015227142857,24.856566285714287,82.36443653333332,27.95168626666667,3.2921717333333333,70.50832774,698.0426098511425,4233.888378857237,3,1.0877005290153055,72.44768547875712,1.0105792564391791,2.6026484143866644
2824,VERMONT,ORANGE,50017.0,0.0202711106,73771.0,1167.4,0.00305294885,14.16601924,83.09064813043479,24.20983517391304,2.5282024782608694,68.66089845217391,695.4217032166083,4331.42033721642,3,1.181478614574275,74.38173747622068,1.0241024437403758,2.926773240202981
2825,VERMONT,ORLEANS,50019.0,0.0344827586,59906.0,2329.8,0.01523233316,130.01384942,77.401324,37.005385576923075,1.1793028076923078,80.06911967692307,684.1494643550893,3893.255944055944,1,0.014557459454894535,48.44641724793913,2.0034735725762456,2.0034735725762456
2826,VERMONT,RUTLAND,50021.0,0.0240365515,62634.0,6268.6,0.00493268017,466.77385317,81.69733681666666,30.7160957,2.0459402,70.32196115166667,681.205153353461,4166.409914671352,1,1.0575729343272382,71.8135700697527,1.584737930446458,1.584737930446458
2827,VERMONT,WASHINGTON,50023.0,0.0197891088,79916.0,6585.368421052632,0.0251771810878947,632.2969103105264,84.4458272264151,25.611126226415095,2.9774830000000003,65.37314217924529,689.5340139224357,4049.1911271739705,1,1.9305950495258286,87.72986683576411,1.8886226494628193,1.8886226494628193
2828,VERMONT,WINDHAM,50025.0,0.0231766762,64436.0,2982.277777777778,-0.0007102516783333,148.10915337777777,81.94023237500001,29.35232333333333,2.2019334791666667,70.27216068541667,695.2568207955983,4143.872808336151,3,1.0964290355795705,72.57450856055803,1.8064078737260942,2.155770148943648
2829,VERMONT,WINDSOR,50027.0,0.0182044972,77932.0,4678.666666666667,0.0035848255538888,89.88639148888889,83.00440772727273,27.702865254545458,2.897371090909091,66.94513361818181,682.0873848210808,3996.504275288577,1,1.376493076790295,78.21813570069752,2.0728555420873236,2.0728555420873236
2830,VIRGINIA,ACCOMACK,51001.0,0.0352425626,56039.0,1780.090909090909,0.0551227849,33.83598874,74.0122653548387,,,-1150.6000726878788,658.1557267561122,4984.914920085159,0,-0.19531994327276508,43.59543436905517,5.699965566856185,5.8437178732472255
2831,VIRGINIA,ALBEMARLE,51003.0,0.026410805,102750.0,33318.27272727273,0.009902830540909,883.6885721227274,78.08157715151515,-282.47861250000005,-293.6667317424243,,680.4488538260907,4497.316621747567,1,2.939853788671216,96.35383639822447,3.5086775334672917,3.5086775334672917
2832,VIRGINIA,ALLEGHANY,51005.0,0.034971499,58215.0,1407.0,0.0018178846333333,59.47138966666666,74.9768458,30.53179353333333,1.3166015999999998,,654.0452497567643,3599.0648190050124,0,-1.0624869897924472,26.82308180088776,1.2664869179034883,2.6845241058302993
2833,VIRGINIA,AMELIA,51007.0,0.0303030303,71112.0,1079.5,0.0014858189999999,6.249959199999999,72.82794022222222,26.391734777777778,3.030198777777778,59.6548038,652.3242023856315,3942.1922099182552,0,-0.8177703824648352,31.293595434369053,1.733594906604218,3.001826103242857
2834,VIRGINIA,AMHERST,51009.0,0.0318581712,61499.0,12935.666666666666,0.0177195253477777,77.18627226666666,75.07861204761905,34.481553999999996,0.5481667142857143,66.0947766952381,663.0622039000997,4501.881096325211,1,0.2783381155991638,54.3436905516804,1.4511651811077646,1.4511651811077646
2835,VIRGINIA,APPOMATTOX,51011.0,0.0364338946,64701.0,862.3333333333334,0.110595078,12.4099704,72.66611708333333,32.46749633333334,0.74073375,60.34490711666666,649.8668819843479,4035.815788014126,0,-1.07082356524237,26.601141407736208,3.0834434120448266,4.1235819364744515
2836,VIRGINIA,ARLINGTON,51013.0,0.0213972338,138416.0,619046.2542372881,0.0265102206948275,12347.292513389832,87.20360275977654,-99.68076642541436,-90.6065798287293,-77.65288834530386,696.9570769559682,5604.883745712336,1,6.124894000127932,99.96829422954978,5.498264026299734,5.498264026299734
2837,VIRGINIA,AUGUSTA,51015.0,0.0249708758,72831.0,4397.692307692308,0.0124568197538461,53.731562,76.99378061538462,-164.7735139423077,-191.05580517307692,,678.9253462230836,4404.582348664944,1,1.136577546785877,73.49397590361446,2.3473634168489244,2.3473634168489244
2838,VIRGINIA,BATH,51017.0,0.0281340505,60234.0,1997.0,0.086302385,3.6265159,81.1024412,23.9804746,1.0025062,65.67389144,684.2,5035.354166666667,3,0.7402562673109709,65.15535827520608,2.4897871191272607,3.7446318349595766
2839,VIRGINIA,BEDFORD,51019.0,0.0290264577,72742.0,4082.0,-0.0089168299470588,49.80619269375,76.29047341860465,25.534784790697675,2.756249139534884,,672.2503262713063,4564.3076791695685,1,0.6511598146644852,63.57006975269499,1.7163365020252008,1.7163365020252008
2840,VIRGINIA,BEDFORD,51515.0,,,,,,77.4448544,42.1911218,0.8125,,661.404144539923,4275.022180403782,0,-0.11972512148322982,45.40266328471782,1.750513912828569,1.8737114177781973
2841,VIRGINIA,BLAND,51021.0,0.0298141003,57748.0,980.0,0.0263074245,5.6521983,65.415069,29.96626,1.73812,69.80026563333332,678.5102678571429,4149.129464285714,0,-1.0484280164749866,27.266962587190868,1.7602096961603786,3.367190410980046
2842,VIRGINIA,BOTETOURT,51023.0,0.0254429052,84395.0,5227.125,0.0074924648875,71.334172975,80.33330829166667,21.20363,3.5280245833333335,60.11451530833333,682.9116488136821,4426.094675728892,1,1.4947115520308902,80.31071655041218,1.6291892890562167,1.6291892890562165
2843,VIRGINIA,BRUNSWICK,51025.0,0.0459903702,51441.0,1643.8,-0.0190318890199999,97.18766822,65.1282202,-627.9150219333334,-665.9570500666666,-599.0406061666666,653.889415687161,3894.1634752002064,2,-0.8155970487137401,31.32530120481928,2.533503348620499,8.132215250742876
2844,VIRGINIA,BUCHANAN,51027.0,0.0442092154,43446.0,906.4285714285714,0.0816566672714285,15.356550434285714,50.177104250000006,49.02756175,0.7380815,76.81260999166666,660.366073234493,4092.1043476710634,0,-2.941768075002304,4.185161699429296,3.0766853637529112,5.157204918959693
2845,VIRGINIA,BUCKINGHAM,51029.0,0.039233439,57701.0,739.25,0.1365778032,4.8667203,66.69432490909091,39.57815809090909,0.6408905454545455,70.79972527272727,642.0330165465396,3907.42061093212,0,-2.010892589369165,13.88712745719721,3.801137816162438,5.241249858340294
2846,VIRGINIA,CAMPBELL,51031.0,0.0328464362,69570.0,8900.5,0.0240902294583333,159.59370343333333,74.63989032432433,32.91441170270271,1.024954945945946,,672.7160080320087,4485.445426154037,1,0.6191418919284821,62.74571972098922,1.0081692304188024,1.0081692304188024
2847,VIRGINIA,CAROLINE,51033.0,0.0310268562,80562.0,661.7142857142857,-0.0101998326857142,13.017378011428573,76.30601155555556,-532.5503929444444,-553.6459622222222,-502.7297250833333,656.6784484703137,4328.090900518291,2,0.7833880949884603,66.0431198478123,2.165901081839852,6.849916861800624
2848,VIRGINIA,CARROLL,51035.0,0.037485538,53694.0,932.4285714285714,-0.0082119909571428,14.272425490000002,71.95223722727273,44.21685668181818,0.1389915909090908,,664.7621478471839,3749.099435667224,0,-1.4027396583952725,21.559923906150917,1.1597566492387512,3.20495397164069
2849,VIRGINIA,CHARLES CITY,51036.0,0.0318059299,73068.0,845.0,-0.03113539283,8.028246633333334,72.16179866666666,27.860351,2.349717,60.88102849999999,647.1431183591072,4327.93240240985,0,-0.7315003261882486,33.29105897273304,2.3465862764170207,3.303995383171717
2850,VIRGINIA,CHARLOTTE,51037.0,0.0348053892,50878.0,833.0,-0.037225466,4.98313208,69.0508423,43.8191391,1.1884921,76.22626876000001,656.4821314659572,4320.233624678304,0,-1.5129808667142284,19.9429296131896,2.0938033860049634,3.820114264446535
2851,VIRGINIA,CHESTERFIELD,51041.0,0.0287088036,99401.0,36275.09859154929,0.0187435304654929,619.3790146112676,79.15776350595239,16.252696630952382,5.149419452380952,54.69040096845238,676.9658576800416,4882.305243577008,1,2.5575249241760725,94.19784400760939,1.8172959948805458,1.8172959948805458
2852,VIRGINIA,CLARKE,51043.0,0.0250699924,101205.0,1177.3333333333333,-0.0076822400333333,17.69034506666667,80.26012527272728,15.537652272727271,8.781522636363635,36.43395441818182,664.7989239474997,4091.3372608486175,3,1.0079826656856574,70.64045656309447,2.8082965893335112,3.0151945236546105
2853,VIRGINIA,CRAIG,51045.0,0.0324347094,61531.0,558.0,-0.009588765,1.7084732,76.00985233333334,28.989992666666662,0.0,65.618927,672.6057692307693,3970.875,3,-0.832944929917494,31.103360811667724,2.1238463108567016,3.5471751733686143
2854,VIRGINIA,CULPEPER,51047.0,0.027504011,90465.0,3791.375,0.0097483149875,130.95632477499998,75.27282455,20.28469525,3.3097681999999997,49.44998751,665.925405327933,4840.718738733223,1,1.2903737193555658,76.60114140773621,1.7501046209581277,1.7501046209581277
2855,VIRGINIA,CUMBERLAND,51049.0,0.0351022094,55713.0,661.5,-0.1171059204999999,4.76183965,74.672096,39.556442375,3.26491325,64.8820405,654.771808884067,4811.049541903112,0,-0.8741223451458849,30.120481927710845,4.563102843819543,5.2581079195417475
2856,VIRGINIA,DICKENSON,51051.0,0.0435908502,48157.0,968.25,0.107186025375,14.772999375,57.0208741875,45.866242375,0.496634875,76.2500705625,668.2913793103448,4052.5560344827586,0,-2.265378727425561,10.653138871274571,3.187628415404981,4.898299200463931
2857,VIRGINIA,DINWIDDIE,51053.0,0.0325329202,83334.0,4836.571428571428,-0.0248775055,115.42482275571427,68.04865342105263,-474.90673095,-498.67705715,,654.2521680721211,4618.258904972374,2,0.976798479362512,70.10145846544071,3.2860973069748822,5.617662807817302
2858,VIRGINIA,ESSEX,51057.0,0.0366261666,62679.0,1099.3333333333333,-0.006881917,40.7365387,74.95738377777778,33.56832111111111,0.6691277777777778,66.96014997777777,654.1163375240831,4574.128538723182,0,-0.4797884047163969,38.04692454026633,1.7969202832492395,2.5299985721796014
2859,VIRGINIA,FAIRFAX,51059.0,0.0248182009,141353.0,148933.3449612403,0.0135525905008023,2361.749461631783,83.12544322136223,-52.77081715716487,-41.197332377503855,,698.3635727594886,6028.963967570402,1,5.62054085196034,99.90488268864934,5.232406416644203,5.232406416644203
2860,VIRGINIA,FAIRFAX,51600.0,0.0243479572,119079.0,144630.6,-0.00967642286,3516.8447800000004,83.3423598235294,10.776596,15.22945205882353,,698.9676980405211,6238.52326763563,1,5.105927626038769,99.8731769181991,4.610127308647697,4.610127308647697
2861,VIRGINIA,FAUQUIER,51061.0,0.0252539613,111254.0,3409.1176470588234,0.0047017245647058,68.32326897647059,82.03703736111112,13.310663472222224,10.12035211111111,43.22332832777778,679.6544957077061,5261.775138311971,1,2.7120768667759463,95.27584020291692,3.072617783377721,3.0726177833777206
2862,VIRGINIA,FLOYD,51063.0,0.0261437908,61164.0,902.6666666666666,-0.001131298,8.0992611,79.709120125,31.7390295,2.324516625,64.3837557,668.817746322021,4781.615223316336,3,0.1938678617810792,52.53646163601775,1.4924920336453458,2.998006903790725
2863,VIRGINIA,FLUVANNA,51065.0,0.0253872927,86462.0,1800.5,0.0087636895,52.5192871,79.44973638461539,19.834524615384616,4.160837461538462,45.27338233846154,660.2494128767111,3825.609139934964,1,0.5122747549387336,60.05072923272036,2.2865874393317642,2.2865874393317647
2864,VIRGINIA,FRANKLIN,51067.0,0.0298452469,63692.0,1440.4,0.03171290867,48.90904506,74.46328615624999,34.8795671875,1.92924778125,64.62186133750001,672.9247493664203,4115.621537082685,0,-0.17772276235452994,43.94419784400761,1.7709157235674862,2.227323169070317
2865,VIRGINIA,FRANKLIN,51620.0,0.0383747178,53310.0,5991.0,0.0225147045,430.324725,67.02876483333334,46.23502133333333,1.0989518333333332,,655.6521714626577,4529.389878768828,0,-0.6523601505147306,34.74952441344325,1.9687576018538253,2.22389830382652
2866,VIRGINIA,FREDERICK,51069.0,0.0248635878,92108.0,16574.64285714286,0.0224963889692857,124.98054166428572,80.2976663478261,20.15842643478261,4.135802804347826,,681.6584172081746,4794.942436143638,1,2.2156309596552344,91.37603043753964,1.6875977636698356,1.6875977636698358
2867,VIRGINIA,GILES,51071.0,0.028841551,63384.0,1105.5,0.0040375822899999,14.38691295,72.81440706666667,33.24370666666667,2.423022066666667,65.25683924666666,661.520597277518,3541.5480912164676,0,-0.9980161286883724,28.059606848446418,1.530501295540251,3.000732978117132
2868,VIRGINIA,GLOUCESTER,51073.0,0.0264851115,79016.0,3116.375,-0.0057276919999999,68.6955365875,78.52667529166666,20.816445333333338,3.166991,50.6283459625,665.6491240738627,4763.245736410078,1,1.018916459982464,71.05263157894737,1.8215235663751526,1.8215235663751526
2869,VIRGINIA,GOOCHLAND,51075.0,0.0285175776,122002.0,6657.8,-0.0284400266,73.70308844,76.28182078571429,15.038492785714286,12.3353,46.399149214285714,683.510928666677,5810.87752445654,1,3.111504311238053,97.01965757767914,4.037773721825187,4.037773721825187
2870,VIRGINIA,GRAYSON,51077.0,0.0273493976,42665.0,1111.2,0.00040524702,4.6807001,67.69309770588235,47.378634235294115,1.3473202352941176,75.96009782352941,665.7574332978139,4503.827759201447,0,-1.29191068676431,23.17691819911224,2.048093376322259,3.7085679081956973
2871,VIRGINIA,GREENE,51079.0,0.0250637988,83927.0,1231.6666666666667,0.0056129846666666,22.531434199999996,79.3690692,17.4600067,3.667977099999999,51.63711644,664.718602040917,4001.0261465696904,3,0.4647452613520977,58.87761572606214,2.1964474632240276,2.496698339144376
2872,VIRGINIA,GREENSVILLE,51081.0,0.0374680009,53908.0,1821.0,-0.025488458,2220.4374844,56.617714166666666,,,,656.7502817000939,4101.219384107183,0,-1.5113000257780485,19.97463538363982,2.8334763923218245,3.6268314310331724
2873,VIRGINIA,HALIFAX,51083.0,0.0396694215,50813.0,2013.4444444444443,0.0064623674588888,70.49625377222222,69.66087829032259,43.58430941935484,1.6171820322580646,72.21421050645162,663.0979141205996,4753.779078544956,0,-0.7554464120354852,32.62523779327838,1.6829787821777427,2.6217919064351123
2874,VIRGINIA,HANOVER,51085.0,0.0250886811,111485.0,19658.82608695652,0.0162031441438695,294.86774952173914,82.68621958181818,15.7395186,7.778992527272727,48.55420341818182,681.4073496423017,5003.899764559691,1,3.135485346498273,97.08306911857957,2.6251247818650874,2.6251247818650874
2875,VIRGINIA,HENRICO,51087.0,0.0289326297,85877.0,106578.40625,0.0019646462781249,1489.2329344859374,81.63854956470588,-37.6837440994152,-53.136779631578946,1.708260647953216,674.3537974830173,4770.996543060164,1,2.5929793063408533,94.57831325301204,1.7571330937760274,1.7571330937760274
2876,VIRGINIA,HENRY,51089.0,0.0346889952,51959.0,6521.142857142857,-0.0019725058999999,99.06386839285716,71.95780624390244,43.90214270731707,1.3943563414634146,,663.2307780189457,4315.936815203866,0,-0.47060146551739446,38.17374762206722,1.7413610507856845,2.059900366402442
2877,VIRGINIA,HIGHLAND,51091.0,0.0232403718,56021.0,665.0,-0.014317961,1.1296958,75.15200133333333,25.734540999999997,1.1258033333333335,63.5992915,710.65,3901.0,3,-0.18601321471217924,43.7856689917565,2.1445324580917378,4.175815941268084
2878,VIRGINIA,ISLE OF WIGHT,51093.0,0.0282510989,88536.0,2264.0,-0.0133500468249999,61.8067696,78.99942116666666,22.724495708333333,3.47,46.875317341666666,669.7507781794955,5469.745805624107,3,1.6883473260584543,83.92517438173748,2.541676596352916,2.657862846600518
2879,VIRGINIA,JAMES CITY,51095.0,0.0280816155,109735.0,17290.81818181818,0.0160539485181818,374.1928648181818,78.3796542962963,16.843042296296296,7.932473111111111,,676.4832971689269,4458.590021636196,1,2.3433460621415905,92.54914394419784,2.1681880234367417,2.168188023436742
2880,VIRGINIA,KING AND QUEEN,51097.0,0.0266465561,66578.0,1304.5,0.01094350681,2.7845436,74.5118274,27.6509898,1.3395638,68.94916228,660.7750043879731,4173.465937881563,0,-0.4992390838592448,37.571337983513,2.0269876568817047,3.0329317184359836
2881,VIRGINIA,KING GEORGE,51099.0,0.0262857909,101323.0,1841.0,0.0008447788399999,29.40283658,79.85462918181817,14.735059454545455,6.469146090909091,36.36617522727273,669.1836327157341,5217.2205021463315,3,1.8678960962409659,86.81039949270767,2.6741768071861713,2.9070286491250417
2882,VIRGINIA,KING WILLIAM,51101.0,0.0270791075,88124.0,961.25,-0.0265237039999999,61.82316225,78.3763352,20.4306789,1.9858647,45.485112,667.9422805302042,4582.613573220565,3,0.9298515550801632,69.08687381103361,2.410114795916104,2.6171568447472784
2883,VIRGINIA,LANCASTER,51103.0,0.0372497824,66220.0,1320.0,-0.0216111213333333,34.573292933333335,79.04757966666666,-742.2923217692307,-766.4659073846154,-704.9090737615384,664.836452888056,4138.059380333103,2,0.9695015983740642,70.00634115409005,3.4391916678520826,9.071339911435171
2884,VIRGINIA,LEE,51105.0,0.0380004795,44110.0,621.0,-0.0218348910333333,18.924164388333335,57.172432791666665,47.21591275,0.4778875,77.40706014583334,651.6409740005995,3874.866189089609,0,-2.7392627244309895,5.833861762840837,1.9663873422293776,4.435347729261533
2885,VIRGINIA,LOUDOUN,51107.0,0.0251383677,173655.0,61073.692307692305,0.0814104041938461,963.3103901707692,84.36247035403727,-55.51928628834356,-41.68277350306748,-35.67967031165644,691.3050655914577,6129.526592260719,1,6.285840413432122,100.0,7.0464681507075015,7.046468150707502
2886,VIRGINIA,LOUISA,51109.0,0.0265566463,79459.0,1330.0,0.0458780245166666,15.69140345,76.31856664705883,25.210532882352943,3.100361235294118,55.11868633529412,647.6033698927381,4438.469635953252,0,0.09119945169063996,50.031705770450216,2.62678851292732,2.7612049778564103
2887,VIRGINIA,LUNENBURG,51111.0,0.0332399627,51013.0,681.6666666666666,0.0202350023333333,5.7171087,61.95328144444444,42.32922144444444,1.170313222222222,71.84082495555555,655.6304728831391,3958.5229706371742,0,-2.1114679044465055,12.650602409638553,1.3313551781974435,3.914131454080053
2888,VIRGINIA,MADISON,51113.0,0.0229899987,76864.0,1410.0,-0.00831917815,8.2780375,77.79069528571429,27.801858,1.707007857142857,54.73572541428571,669.2802083268792,4245.016760062009,3,0.3646042847387766,56.30944831959417,1.8548682592733818,2.731877960942434
2889,VIRGINIA,MATHEWS,51115.0,0.0280551593,73034.0,802.5,0.01052464,14.660968,74.12696600000001,,,-1193.34094475,663.4133333333333,4045.325,0,-0.2828011660571688,41.81991122384274,5.6923949337221496,5.948690895520141
2890,VIRGINIA,MECKLENBURG,51117.0,0.0356344118,53288.0,1724.0,0.0096404139444444,22.602999477777775,66.53827328571428,44.41994064285715,1.3806208928571428,73.6871068107143,665.7291922669749,4365.8901888583205,0,-1.111096499027189,25.93532022828155,1.1736597436000322,2.8625810454288527
2891,VIRGINIA,MIDDLESEX,51119.0,0.0270524141,67586.0,876.75,0.00070495035,25.368079025,75.04424354545455,-810.49699075,-829.6547150833334,-783.3614142666667,669.2961274633674,4617.221479880278,2,1.4101610507872608,78.63031071655041,4.208719239676582,9.856750040944371
2892,VIRGINIA,MONTGOMERY,51121.0,0.0280893651,67620.0,16557.9375,0.07986671163,713.2382686625,82.24703189655172,-308.46148648275863,-340.71631744827584,,681.7606646508274,3925.624935634051,1,1.7681430331327412,85.22511097019657,4.096862748855504,4.096862748855504
2893,VIRGINIA,NELSON,51125.0,0.0270984798,77049.0,988.3333333333334,-0.0021155815333333,8.295961133333334,76.90441891666667,29.6104785,1.9761414166666669,60.24893888333333,668.6008626205263,4361.205818058652,3,0.20583806699232302,52.72669625871909,1.7333805743973132,2.727939965864594
2894,VIRGINIA,NEW KENT,51127.0,0.0255997659,115854.0,1237.3333333333333,-0.0203306576666666,14.090816366666669,81.7581567,17.3907074,3.2786141,44.56094036,663.2096947700028,3997.6383013792474,3,1.381208512362295,78.34495878249842,3.648259977462115,3.7188799266925647
2895,VIRGINIA,NORTHAMPTON,51131.0,0.0354170356,53822.0,1337.0,-0.0151925523333333,17.731092666666665,74.07024133333333,-727.7892344615385,-764.9380944615385,-705.2387445923076,647.9838546481092,3633.805945378151,2,-0.29084366240873755,41.661382371591635,3.564005175523217,9.226603220399905
2896,VIRGINIA,NORTHUMBERLAND,51133.0,0.0426100909,69662.0,699.6666666666666,-0.0271083466333333,10.868739766666666,76.33829308333334,-744.9512881538461,-766.0764683846154,-715.2971442307693,657.7255895167881,4545.98706409835,2,0.6534357680867702,63.60177552314521,3.658263986145824,9.303626372513188
2897,VIRGINIA,NOTTOWAY,51135.0,0.0296627387,58168.0,1352.75,0.02271424065,16.0936668,68.3815021875,34.1579098125,1.630789125,66.36281085,649.9172445705253,3670.7788871905695,0,-1.479096247433303,20.608750792644262,1.1060029639564841,3.1670266368334525
2898,VIRGINIA,ORANGE,51137.0,0.0302996422,82738.0,1736.6,0.0063382660199999,46.2875251,73.8360206875,22.653297875,2.6965445000000003,50.74369119375,666.0129779014951,4693.706857331193,1,0.5648974273078441,61.287254280279015,2.0420828639523836,2.0420828639523836
2899,VIRGINIA,PAGE,51139.0,0.0345342983,57960.0,1115.8,-0.02144059186,16.258219880000002,76.62392114285714,33.65830476190476,1.887410857142857,65.00009609047619,649.5419832344247,3995.884634560167,0,-0.9971630056309471,28.154724159797084,1.7702215949012006,3.0704478740608185
2900,VIRGINIA,PATRICK,51141.0,0.0349774559,51200.0,1212.75,-0.00736610415,9.6720464,66.80895288235294,38.84390952941176,0.777349411764706,76.84890454705882,665.3489871487369,4072.8126178373823,0,-1.4822698536481922,20.545339251743815,1.2378880066734796,3.323600204347636
2901,VIRGINIA,PITTSYLVANIA,51143.0,0.0307642696,54627.0,3354.3125,0.00064328170625,17.760641754375,72.90119718181819,36.426398954545455,0.6931058181818182,,665.14111771049,4246.5498796152515,0,-0.5595958031557003,36.39822447685479,1.5790661351941409,2.458787650508444
2902,VIRGINIA,POWHATAN,51145.0,0.0265381569,100814.0,1825.4,0.0297202152,35.60668502,75.9949027142857,16.254897500000002,6.429734071428571,38.91086482142857,664.0583129419539,4212.826592241668,1,0.9531466567389059,69.68928344958782,2.5713339453299806,2.57133394532998
2903,VIRGINIA,PRINCE EDWARD,51147.0,0.0413806629,55264.0,2350.4,0.04409255914,1711.05223548,72.87862978571428,37.209277785714285,0.733553,64.66246957857143,667.7842020218925,5115.124045588751,1,0.22479672074534449,52.98034242232086,2.5083265015005276,2.508326501500527
2904,VIRGINIA,PRINCE GEORGE,51149.0,0.0338535112,82207.0,15924.714285714286,0.0405687012857142,106.14181914285714,72.01061885714286,17.66453842857143,2.2002165714285717,,667.3022357738674,5137.136767258958,1,1.1831456671089733,74.50856055802156,1.8072940430562674,1.8072940430562674
2905,VIRGINIA,PRINCE WILLIAM,51153.0,0.0273813308,128758.0,35717.77108433735,0.0307708583203902,525.0747632746989,82.15789419736842,-120.7177962478261,-118.07075714347827,,677.4920528497144,5320.005949718265,1,4.034181337232481,99.2707672796449,3.845415068636345,3.845415068636345
2906,VIRGINIA,PULASKI,51155.0,0.0279850746,59839.0,4014.2,0.0135730306444444,129.205403969,71.35951193333334,-591.95335571875,-623.9882770625,-560.852298859375,670.3403667930406,4034.7428436914256,2,0.7640655887565048,65.56753329105898,1.8355390606861501,7.221871396004352
2907,VIRGINIA,RAPPAHANNOCK,51157.0,0.0258370683,88237.0,565.0,0.0083006825,4.904571750000001,74.3981334,25.5749378,6.8765412,62.8303711,670.9752200679917,4863.068413518247,3,0.5976004034335489,62.30183893468612,2.0599028622837565,3.2754871443399374
2908,VIRGINIA,RICHMOND,51159.0,0.0313432836,61655.0,1220.0,-0.00992249375,11.20762435,67.97018133333334,35.89762316666667,2.4204811666666664,58.157734549999994,659.5612884510838,4312.1132434075325,0,-0.9675164600304618,28.63031071655041,1.552045861420849,3.001959781262902
2909,VIRGINIA,ROANOKE,51161.0,0.0257097052,80929.0,41833.166666666664,0.0068568074888888,653.8229659388888,82.1638127037037,20.520225574074075,3.338919314814815,,686.3548391089951,4614.923459112273,1,2.319111099313796,92.3272035510463,1.4130700595900598,1.41307005959006
2910,VIRGINIA,ROANOKE (CITY),51770.0,0.0319292668,51782.0,86580.47826086957,0.0006032467217391,2450.0195480869565,75.77544905263157,39.32393835526316,1.4584274473684211,81.01689815131579,655.7271189639399,4115.734420336362,1,0.4260883569264304,57.7996195307546,2.2575333457920475,2.2575333457920475
2911,VIRGINIA,ROCKBRIDGE,51163.0,0.0273338177,64813.0,1355.0,-0.006315845225,10.890637275,73.70898555555556,31.27648822222222,3.215660277777778,,675.388393743795,4461.26681223748,3,-0.06218961330288931,46.60748256182625,1.6555344432601624,2.681943036675522
2912,VIRGINIA,ROCKINGHAM,51165.0,0.0251680901,79332.0,8029.631578947368,0.0318715713894736,90.80511441157896,81.02744029787235,26.58887072340426,2.2821722127659574,,683.970404864926,4078.415424452837,1,1.3234403588034551,77.20355104629041,1.5963885956649544,1.5963885956649544
2913,VIRGINIA,RUSSELL,51167.0,0.0363215526,51459.0,980.4285714285714,0.0095660021428571,15.82455355714286,60.78475460714286,46.1567425,0.5408618214285714,76.46261963571429,660.7788664944552,4159.142246319572,0,-1.870311549402586,15.504121750158529,1.2301378681731887,3.5846656963233703
2914,VIRGINIA,SCOTT,51169.0,0.0322649345,46015.0,2265.5,0.0327312999,23.830466206666667,65.6930311,42.1908574,0.9821138,71.616871655,650.9246758373763,3570.790119672914,0,-1.9424847066922075,14.552948636651871,1.2014561390908438,3.4744080162018878
2915,VIRGINIA,SHENANDOAH,51171.0,0.0266953998,75129.0,1422.5555555555557,-0.0192379951,42.73330950888889,79.79805953846154,29.31811173076923,1.1224867692307692,58.246477565384616,688.740646713379,4423.619563029062,3,0.9497577928909625,69.62587190868737,1.477710851209182,2.433380170967749
2916,VIRGINIA,SMYTH,51173.0,0.0319835473,52646.0,2488.0,-0.0199271612444444,40.566343394444445,68.84716546428571,44.20443135714286,1.2200073571428571,73.09262684285714,671.6845904266154,5543.193703521935,3,0.041662711012053696,48.9854153455929,2.9395126600486883,3.25537481001101
2917,VIRGINIA,SOUTHAMPTON,51175.0,0.0255939525,65742.0,1599.4,0.01184687892,35.142835822,69.3264949,-969.6062177,-998.6048018,,651.112813527047,4315.619124371735,2,0.9277500240951837,69.05516804058338,6.27931003828746,10.974621013660647
2918,VIRGINIA,SPOTSYLVANIA,51177.0,0.0300495923,109834.0,22770.666666666668,-0.0033114888216666,332.31857047666665,78.00291662857143,-125.476489056338,-135.45218938028168,,666.2072685616268,4839.869159204994,1,2.577205894190861,94.45149017121116,2.613211653075591,2.613211653075591
2919,VIRGINIA,STAFFORD,51179.0,0.0293331963,130751.0,15271.777777777776,0.0160499671444444,230.13931056296295,79.3673591935484,9.484821661290322,9.717840677419357,37.326879098387096,674.4106458166078,5493.164886569641,1,3.4754683709951135,98.28788839568801,3.8120520898225396,3.8120520898225396
2920,VIRGINIA,SURRY,51181.0,0.0265674814,68714.0,1332.5,0.0067994783,11.2184278,76.62915828571428,26.267494,0.4605002857142857,54.3115496,654.0077336298626,4531.528085674725,3,-0.07451228087921401,46.3855421686747,2.121874600447678,2.6433732557190206
2921,VIRGINIA,SUSSEX,51183.0,0.0405405405,53020.0,703.2,0.03418433086,184.67113686,62.64398563636364,-873.6065104545454,-908.7696462727272,-845.3247212454545,642.2784410315851,3951.810159192987,2,-0.6207002146659243,35.32022828154724,5.120093640071478,10.93675703849727
2922,VIRGINIA,TAZEWELL,51185.0,0.0401650442,45959.0,2677.0,0.0590104270363636,51.55388015454545,64.3534533888889,41.90830086111111,0.975239972222222,73.76396390833332,662.8995734368701,4667.471994373123,0,-1.2186543393894658,24.35003170577045,2.0841824556248603,3.3118921306937033
2923,VIRGINIA,WARREN,51187.0,0.0285419209,89337.0,6141.0,0.0267141973249999,431.93054095,80.3772267037037,24.977498740740742,2.8948186296296297,49.24385028518518,667.9332747390964,5320.980873425362,1,2.08712037187724,89.63221306277742,1.9277455405726533,1.9277455405726536
2924,VIRGINIA,WASHINGTON,51191.0,0.0294860368,57758.0,6990.461538461538,0.0392501996461538,169.61112288615385,72.81519365714286,34.32821928571429,2.014982857142857,,674.5524101786029,4751.467831415517,1,0.43447070336554766,58.116677235256816,1.8104338637304607,1.8104338637304607
2925,VIRGINIA,WESTMORELAND,51193.0,0.0326742976,66975.0,728.25,-0.0025816047,18.892815675,70.5982681875,30.4934253125,1.1118555,62.13012325625,654.4160627194426,4126.395881389156,0,-0.9386354308033406,29.07419150285352,1.4319983391991233,2.900451014521401
2926,VIRGINIA,WISE,51195.0,0.0416441737,50442.0,2664.4545454545455,0.0169075467418181,60.42369594545455,58.39223285185185,-672.6488015000001,-713.4152738928572,,663.3537170512534,4123.876457550893,2,-0.7286653967147537,33.3861762840837,3.9359264042163193,8.155138221987592
2927,VIRGINIA,WYTHE,51197.0,0.0297643654,59026.0,2859.6666666666665,0.0257575314666666,27.172979866666665,78.0369205,37.03534154166667,2.3384695,67.02853886666666,651.0262018393886,3588.533795969943,0,-0.7333104771530627,33.25935320228282,1.752537495511155,2.651286369388404
2928,VIRGINIA,YORK,51199.0,0.0273788282,101987.0,36533.142857142855,0.0079179112,269.54436614285714,79.295922075,-230.73309846341465,-238.0033870487805,,682.5854329170339,5351.296838275981,1,3.3259115464562523,97.78059606848446,3.3702050963535335,3.3702050963535335
2929,VIRGINIA,ALEXANDRIA,51510.0,0.0233804095,109902.0,292505.44736842107,-0.0054154498060526,5647.724660526315,85.16609902830189,13.243809886792452,15.075120113207548,55.49545079716981,679.0280897339934,5498.219999259857,1,4.377931882734448,99.52441344324667,3.764433325058122,3.764433325058122
2930,VIRGINIA,BRISTOL,51520.0,0.0365302698,45240.0,19334.5,-0.0113962363749999,857.621215,67.80425307692308,49.70301984615385,0.7294624615384616,,667.8535267456175,5073.733327418708,1,0.04125550274676614,48.92200380469245,2.6743376700180046,2.6743376700180046
2931,VIRGINIA,BUENA VISTA,51530.0,0.0265837104,53778.0,2620.0,0.0036255629,386.33652,77.32975733333333,44.466624333333336,0.0,,657.8893489132084,3492.0319077543086,0,-0.5152420457518972,37.285986049461,2.2414917090926174,2.50882239580086
2932,VIRGINIA,CHARLOTTESVILLE,51540.0,0.0243736794,72542.0,68870.58333333333,0.0360617802833333,3939.2387841666664,78.2535288108108,34.55999783783784,4.337007135135136,,683.058239391373,4364.004896819934,1,1.985170884632937,88.26886493341787,1.803707394893332,1.803707394893332
2933,VIRGINIA,CHESAPEAKE,51550.0,0.029007526,91582.0,82801.78048780488,0.0235838893,930.4202972146342,78.93177227868853,19.606902360655734,4.17462318852459,55.269666725409834,665.6533274946897,5229.7927957505535,1,2.544470394295998,94.10272669625871,2.0593896124741664,2.0593896124741664
2934,VIRGINIA,CLIFTON FORGE,51560.0,,,,,,,,,,647.575,3665.0,0,-0.8495148134395039,30.88142041851617,1.4148112284178602,2.4014152549798595
2935,VIRGINIA,COLONIAL HEIGHTS,51570.0,0.0312358019,70161.0,29899.2,-0.00571312688,1068.701064,77.40716872727272,20.307913454545453,1.1269764545454546,,681.8367031620668,5381.238311376568,1,1.9843043315506852,88.20545339251744,1.8895146028345486,1.8895146028345486
2936,VIRGINIA,COVINGTON,51580.0,0.0413005272,49519.0,4548.5,-0.0309780604999999,622.0808750000001,69.474153,34.145825,1.041921,,676.3459213710237,4800.40932776576,1,-0.19759367322548124,43.53202282815472,2.6832866831761235,2.6832866831761235
2937,VIRGINIA,DANVILLE,51590.0,0.0456961234,45423.0,24023.1875,0.010648356725,869.427563125,67.86998328205128,51.35810005128205,1.084490897435897,,663.0560548014771,4426.69863553037,1,-0.6117854285630456,35.44705136334813,2.5355351470495253,2.535535147049525
2938,VIRGINIA,EMPORIA,51595.0,0.0458675898,45894.0,3953.0,-0.0217275369999999,543.2353049999999,65.37157071428571,48.21052257142857,1.633770857142857,,641.9746415632202,4251.259759104908,0,-1.6255962392593373,18.67469879518072,2.2258808507365853,3.265945965358704
2939,VIRGINIA,FALLS CHURCH,51610.0,0.0233825199,145755.0,276132.3333333333,-0.0028862035666666,4268.902433333333,86.707887,8.545736875,25.8439565,,705.7090371903486,5596.738367237872,1,5.927514983291036,99.93658845909955,5.526874868849353,5.526874868849354
2940,VIRGINIA,FREDERICKSBURG,51630.0,0.0340140655,75915.0,42755.5,0.000194697,3246.2100916666664,77.8632879375,31.8728423125,3.80616925,,670.7803394110249,4431.653409858032,1,1.5125205884413935,80.81800887761572,1.2469119092097998,1.2469119092097998
2941,VIRGINIA,GALAX,51640.0,0.0385940731,46891.0,5931.5,-0.0175696715,702.995975,68.240469125,59.968812750000005,1.40058875,,661.860710180624,3771.734761904762,0,-1.1017139967606804,26.188966391883323,2.145036178362734,2.7469039883508652
2942,VIRGINIA,HAMPTON,51650.0,0.0372263434,67764.0,62755.63636363636,-0.0193221625151515,1265.8119255454546,76.44116345360824,-176.36497732653064,-202.18587178571423,-136.8498765377551,664.0037286461119,4830.908228045203,1,1.5326514606732597,81.2301838934686,2.6416590870226795,2.6416590870226795
2943,VIRGINIA,HARRISONBURG,51660.0,0.0350282486,58597.0,36250.36363636364,0.0123874111218181,2120.1463136363636,80.52138207407407,44.76265629629629,2.2663875555555557,,689.9901394976612,4473.490030553125,1,1.43101759606713,79.01077996195308,1.6995398424311545,1.6995398424311545
2944,VIRGINIA,HOPEWELL,51670.0,0.0443730549,49111.0,21842.0,-0.0276706658571428,781.7408247142857,66.5661071875,-551.078097882353,-587.7731472352941,,656.8773741207065,4822.300483431134,2,0.4371901278555224,58.24350031705771,3.728867199936759,6.703821679357353
2945,VIRGINIA,LEXINGTON,51678.0,0.0442629996,62342.0,4193.0,0.00047737043,1494.994,76.06438533333333,43.87732533333334,11.889540333333334,,690.4298034249302,4668.280742333732,1,0.7039795299191978,64.33100824350032,1.934979498174804,1.934979498174804
2946,VIRGINIA,LYNCHBURG,51680.0,0.0422873221,58962.0,44369.78947368421,0.0153323925052631,2424.4136657894737,73.56934285714286,-367.2368607551021,-405.8629468163265,,670.1645533619086,4339.337176502173,2,1.1063755071583075,72.79644895370959,3.6671207616053487,4.385163419353625
2947,VIRGINIA,MANASSAS,51683.0,0.0249944009,92198.0,55107.0,0.0025858662805714,2220.612157142857,78.86690256,17.47436284,6.3788698,,674.0767923935947,5474.376616976381,1,2.9648554838639027,96.48065948002537,2.4023025499825574,2.402302549982557
2948,VIRGINIA,MANASSAS PARK,51685.0,0.0255314922,92611.0,53171.5,-0.0257127807499999,848.5653649999999,81.691276,10.940425375,2.989136375,,670.9632084012629,5104.044630106386,1,2.72434883957667,95.3709575142676,2.307484806179113,2.307484806179113
2949,VIRGINIA,MARTINSVILLE,51690.0,0.047272081,44547.0,17479.6,0.0322719747999999,952.440826,68.27296366666666,49.99643186666666,2.5213639999999997,,671.8242437369083,4573.885632947336,1,-0.45304588908633814,38.55421686746988,2.6247886555369924,2.6247886555369924
2950,VIRGINIA,NEWPORT NEWS,51700.0,0.0340244492,63911.0,57498.90909090909,-0.0083057914954545,1428.2680783181818,80.96764055905511,-50.63042491338582,-76.57595354330708,-7.992604713385832,661.0839733214243,4814.361285932722,1,1.5162743867769486,80.91312618896639,1.7420027543275338,1.7420027543275336
2951,VIRGINIA,NORFOLK,51710.0,0.0337212378,61098.0,109341.04938271604,-0.0070560646826249,2449.0226974625,77.51322974193548,-284.6077082169312,-315.15222038624336,-244.7869716888889,652.1571220188548,4928.382419734786,1,1.7168911098070374,84.46417247939125,3.964084218724082,3.964084218724082
2952,VIRGINIA,NORTON,51720.0,0.0412561576,42618.0,5777.0,-0.058417227,434.30023,72.2114845,41.11709475,0.650195,,638.1432898905067,3529.6154531726934,0,-1.6731317776820327,18.072289156626507,3.027511497718888,3.8356950266321355
2953,VIRGINIA,PETERSBURG,51730.0,0.0544196772,46216.0,26347.545454545456,-0.0148430578636363,641.0500276363637,62.291841035714285,44.70907896428571,0.9542980357142856,,643.3345632876502,3994.031699569854,0,-1.7611888525993742,16.867469879518072,2.9311809053199656,3.585375123835267
2954,VIRGINIA,POQUOSON,51735.0,0.0250267053,108161.0,15423.0,-0.0227529083333333,156.84790283333334,79.56918399999999,-896.3916134545453,-902.3886631818182,,698.9870124055544,5934.473928085222,2,4.972296591152319,99.68294229549778,6.968407034806108,10.401049819840555
2955,VIRGINIA,PORTSMOUTH,51740.0,0.0365259561,57012.0,94202.93548387096,0.0021155314709677,1523.681687064516,76.5227724125,-93.8876111,-123.2832662,-50.939112377499995,651.4244288196852,4993.357082984229,1,1.125732412150858,73.17691819911224,2.4146932290219514,2.414693229021951
2956,VIRGINIA,RADFORD,51750.0,0.0359866796,47325.0,7722.666666666667,0.0023342933333333,707.5441966666667,77.93115745454546,-865.7030587272726,-908.1939904545452,,675.2221054113994,4376.160231349457,2,1.582799395435516,82.11794546607483,5.443396858351541,9.78437559470306
2957,VIRGINIA,RICHMOND CITY,51760.0,0.0349739999,64903.0,165920.65151515152,0.0026225240346969,3680.4521140757574,74.88729761490683,40.29276891925466,3.4948713416149073,76.8709264962733,652.5723400869375,4234.359014423918,1,0.8468552237075576,67.27964489537096,2.197449378121086,2.197449378121086
2958,VIRGINIA,SALEM,51775.0,0.0294361839,63701.0,48249.0,-0.01072901152,1503.094982,78.76494735,30.5539999,4.3555945000000005,,686.8578235033616,5732.600814902327,1,2.3481087597534898,92.6125554850983,2.664170159832658,2.664170159832658
2959,VIRGINIA,STAUNTON,51790.0,0.0262707912,59926.0,15889.666666666666,-0.0068751477999999,1696.3230383333332,77.8777144,35.471653950000004,1.7097224,,674.9027404527376,4227.622662634011,1,0.9485023955933725,69.59416613823716,1.5515099796778493,1.5515099796778493
2960,VIRGINIA,SUFFOLK,51800.0,0.0308304432,81297.0,10789.5,0.0281191785285714,431.3135159453571,77.10575419178082,-243.33896564,-262.92750357333335,-220.6917819,659.1505547071921,5046.352266524395,1,1.8247395523163905,86.04946100190234,3.0827106446767982,3.0827106446767982
2961,VIRGINIA,VIRGINIA BEACH,51810.0,0.0282678269,90275.0,81052.75,0.0101718872132323,1249.3960857545455,81.57929665333333,-50.093707576158934,-61.70461881456954,-9.844191408940398,669.5690490928232,5923.4292959718405,1,3.3013653798205715,97.65377298668358,2.8960068684078957,2.8960068684078957
2962,VIRGINIA,WAYNESBORO,51820.0,0.0292094685,56438.0,13337.4,0.0044113516999999,1250.602666,75.3899955882353,37.42122376470588,2.540790117647059,,673.6674422329978,4447.524377348605,1,0.6818088479598177,63.88712745719721,1.4666928842257487,1.4666928842257487
2963,VIRGINIA,WILLIAMSBURG,51830.0,0.0403306256,70270.0,29776.666666666668,0.0055584540333333,1214.20705,75.71053277777777,27.46441311111111,4.872989222222222,,673.9874533194079,4886.257110086883,1,1.228707377259626,75.23779327837666,1.2851384502976375,1.2851384502976377
2964,VIRGINIA,WINCHESTER,51840.0,0.0284032753,63514.0,41602.6,-0.0059198853399999,2794.48858,78.976091375,35.02436804166667,3.7705200416666664,,678.9529348603219,5355.201441552209,1,2.05616392013331,89.25174381737476,2.1856173031108748,2.1856173031108743
2965,WASHINGTON,ADAMS,53001.0,0.0460451097,67056.0,3508.4,0.00297056874,410.128602192,78.00051373333334,32.35423986666667,1.2078494666666666,79.20865606666666,705.6821961450717,4966.112808130541,1,1.1800537658506174,74.35003170577045,2.3573401803526752,2.3573401803526752
2966,WASHINGTON,ASOTIN,53003.0,0.0340641762,64789.0,7939.166666666667,0.0056191132833333,612.4437918833333,75.63183109523808,35.511717142857144,1.787248666666667,79.58261416666667,679.2558200615479,4234.729534185431,1,0.5887677754558691,61.98478123018389,1.1002825293226335,1.1002825293226335
2967,WASHINGTON,BENTON,53005.0,0.0454344659,83040.0,25131.324324324323,0.0398317935405405,949.8363166672432,75.76757507462686,-195.7373617810219,-215.86584554744525,-159.28380435839415,688.0997582145405,4868.46975398385,1,1.9866128117222315,88.3005707038681,2.783383606169417,2.783383606169417
2968,WASHINGTON,CHELAN,53007.0,0.0426858082,74848.0,10704.92857142857,-0.0023826728928571,623.7605631592858,79.09504656363636,26.87092143636364,3.0252335818181817,72.13406584181818,697.8954441859773,4707.098194726997,1,1.5151581518442265,80.88142041851617,1.6290042458365162,1.6290042458365162
2969,WASHINGTON,CLALLAM,53009.0,0.0524207238,67071.0,4612.772727272727,0.0110455868398571,426.2860993990476,70.73362372222222,-149.61423254545454,-180.16655652727275,-108.90562438727274,690.221518769256,4369.1373220192445,1,0.31148018619753026,55.10462904248573,2.736876726159158,2.736876726159158
2970,WASHINGTON,CLARK,53011.0,0.0431972132,97240.0,59280.77884615384,0.0131451445938461,1080.268091941346,75.87115520357143,21.853005557142858,3.667963782142857,61.54205496571428,679.6292102773965,4287.67465562163,1,1.7661270582676918,85.19340519974635,1.8554665687693923,1.8554665687693923
2971,WASHINGTON,COLUMBIA,53013.0,0.0440069485,66267.0,1046.0,-0.0025511312,1.1880791,75.0751794,34.204876999999996,4.1365728,70.07368240000001,700.6681629045366,5076.66039707419,3,0.1942229010687507,52.5998731769182,1.899795181811549,3.7296207499990066
2972,WASHINGTON,COWLITZ,53015.0,0.0506738656,71996.0,16974.791666666668,-0.0032073757583333,753.6825164533334,69.77859419101124,33.61803686516854,1.802018370786517,74.48280518539326,676.0417487622128,3805.116938980758,1,-0.12938595788341792,45.11731135066582,2.0907203498911797,2.0907203498911797
2973,WASHINGTON,DOUGLAS,53017.0,0.0468075333,69808.0,13926.625,-0.00632484155,562.5376673275,79.49316234482758,26.35565624137931,1.6890139655172414,72.53712765517241,693.4142182254842,5152.734942039097,1,1.5277243826815923,81.07165504121751,2.0639108483461412,2.0639108483461412
2974,WASHINGTON,FERRY,53019.0,0.0836236934,57090.0,508.3333333333333,0.0118110026333333,1.0582800433333337,60.779233857142856,43.994891,1.0925815714285714,79.68360028571429,668.5026412271436,3495.992791669702,0,-3.5659227590859297,1.8072289156626504,3.8997795823243577,6.005976007505195
2975,WASHINGTON,FRANKLIN,53021.0,0.056999586,82542.0,32131.615384615383,0.0514637856538461,683.5846546461538,75.99001252083333,-175.11802771428572,-201.9850855510204,-135.60994464285713,684.5175014059392,5163.237876582024,1,1.7951844303675069,85.57387444514902,3.3067810378615676,3.306781037861568
2976,WASHINGTON,GARFIELD,53023.0,0.0549872123,63313.0,530.0,-0.0012092016,0.77108598,78.45340533333334,27.8623,1.4678543333333334,69.134037,711.787168266516,6142.61994165255,3,0.7231630936075009,64.80659480025365,3.4127671483766266,5.129228856995357
2977,WASHINGTON,GRANT,53025.0,0.0524673619,71374.0,5137.6875,0.02893081529375,153.024002906875,76.2692583478261,33.84541967391304,2.21622852173913,75.3643219978261,683.4682652076644,4541.653829942052,1,0.36752790919693373,56.341154090044384,1.9976281999090972,1.9976281999090972
2978,WASHINGTON,GRAYS HARBOR,53027.0,0.0632412434,65758.0,3718.9375,-0.010791807660625,201.478344720625,69.27246750819671,-126.83924543548387,-160.18826853225806,-85.27477405806451,673.1797483654901,4444.98556689312,0,-0.5015877166293663,37.50792644261256,3.281311187614779,3.3212298457539466
2979,WASHINGTON,ISLAND,53029.0,0.0433764766,88451.0,3655.227272727273,0.0069540666571428,289.7650691,76.04416576785715,-153.2875159473684,-172.7128264385965,-112.68401139122804,679.2302641362974,5191.859015054575,1,1.6666492072964887,83.48129359543437,2.5912523011234763,2.5912523011234763
2980,WASHINGTON,JEFFERSON,53031.0,0.050219912,77856.0,1437.571428571429,0.0021516932142857,161.2069796042857,70.24804369230769,-339.1857865555555,-367.3400712222222,-300.7262985888889,686.9326049535961,4508.811217347979,2,0.6252009973218914,62.90424857324033,2.4249800446372594,4.63015340860932
2981,WASHINGTON,KING,53033.0,0.0339570519,120672.0,174702.82115869017,0.01895099768,4688.018782119395,80.83262627887324,-2.337716246132208,-12.052340187060478,29.864308211603376,687.5320382919413,4659.40484958438,1,3.708034241693737,98.79518072289156,3.4035860798891986,3.4035860798891986
2982,WASHINGTON,KITSAP,53035.0,0.0411699548,98894.0,17915.418181818182,0.0117533182061111,639.9203718888888,75.28118233950617,-162.35570599390243,-179.1063456707317,-123.94155166890243,677.8148262007136,5043.601367173601,1,2.2603973199891945,92.0418516169943,2.5858550957326383,2.5858550957326383
2983,WASHINGTON,KITTITAS,53037.0,0.0509688835,66374.0,4426.625,0.0152275348075,258.84071673374996,78.27850252,33.39812636,1.36928144,72.609524396,692.7589178385368,4614.282468630315,1,0.6124254343064242,62.52377932783767,2.0628725045812453,2.0628725045812453
2984,WASHINGTON,KLICKITAT,53039.0,0.0505321897,69596.0,1957.6666666666667,0.0280071936666666,5.048956466666667,66.40047847368422,35.04281442105263,1.275463894736842,77.62635803157895,683.2463406123202,4299.564885308008,0,-0.9064348985966575,29.644895370957514,2.0776763565970726,3.264368439931361
2985,WASHINGTON,LEWIS,53041.0,0.0539471421,67877.0,5746.85,-0.00645217321,205.7374649165,70.50710799999999,33.34556148387097,1.065778080645161,74.8973681483871,683.7504619693532,4543.68271807341,1,-0.0553139587827958,46.73430564362714,2.3034252581204964,2.3034252581204964
2986,WASHINGTON,LINCOLN,53043.0,0.0485665383,71908.0,976.75,-0.0177927858,120.54052972,75.10452981818182,32.928993727272726,2.295082,73.09628989090909,683.98744475568,4879.406374494242,3,0.26565042289931506,54.15345592897908,2.5362796129237553,2.694967281538207
2987,WASHINGTON,MASON,53045.0,0.0549415975,75138.0,2869.4285714285716,0.0056160213571428,172.89536890214285,67.84281332653062,31.145072653061224,1.5209660816326531,72.78677017959183,678.2181676573024,4253.687939195049,0,-0.4511530505467437,38.5859226379201,2.3268179651347665,2.50523947070412
2988,WASHINGTON,OKANOGAN,53047.0,0.0547945205,58085.0,1399.8,0.00640533892,24.31410069,69.9970733409091,37.139636045454544,1.5373108863636362,79.23670630227274,683.0549435302979,4204.8608803536345,0,-1.1014334104256558,26.220672162333546,1.8399582397556449,3.1671659218720576
2989,WASHINGTON,PACIFIC,53049.0,0.0601732615,61773.0,885.625,-0.0125501902428571,114.52209948571428,67.00187284210526,-463.27390545,-498.51588035,-423.96067314,676.7036301853171,4808.831287115716,2,-0.1926969804150683,43.658845909955616,2.2625651447917203,6.476041348665986
2990,WASHINGTON,PEND OREILLE,53051.0,0.0600349718,63611.0,558.0,-0.0523035984,7.607505051999999,60.69865599999999,42.201341142857146,1.916853,76.6488413,679.647851677189,4127.618337006397,0,-2.0572208458461714,13.284717818642994,3.1415327264964032,4.738008205708354
2991,WASHINGTON,PIERCE,53053.0,0.0469247841,97493.0,56351.20930232558,0.0137488777404069,1284.917523393779,75.85406308960573,-30.890592223214284,-50.48315890535714,8.741101730357142,670.4256760685861,4476.463099820228,1,1.7284933135059675,84.65440710209258,1.9551378712313827,1.9551378712313827
2992,WASHINGTON,SAN JUAN,53055.0,0.0343244174,86442.0,1359.2,0.008267245825,90.52989424999998,80.08586507692308,-689.3448418571428,-709.0788022142857,-651.9955972928572,721.4168087619274,4588.600760430562,2,2.9455842289884986,96.3855421686747,3.930891862527454,8.580752624471538
2993,WASHINGTON,SKAGIT,53057.0,0.0461565946,90432.0,11230.6,0.004360683675862,673.3096593741379,75.90247480246914,-95.77693823170732,-119.538486097561,-55.28607978170732,680.678137101807,4195.330552193526,1,1.276936929590446,76.50602409638554,1.8223899839659148,1.8223899839659148
2994,WASHINGTON,SKAMANIA,53059.0,0.047997113,85131.0,731.2,-0.0032429723999999,10.03362766694,70.93068960000001,25.6314267,2.6358791,64.30734902,672.9649477834612,3759.93101596826,0,-0.7832064333576719,31.769181991122387,2.3099348466242904,3.298284301380783
2995,WASHINGTON,SNOHOMISH,53061.0,0.0347384098,106067.0,58331.153333333335,0.0152349148197986,1094.0361749432886,78.99537008416834,-22.21851496806387,-35.60401800998004,13.392096781237523,684.4865426712436,4703.810968315175,1,2.811040800148829,95.8148383005707,2.176166616259275,2.176166616259275
2996,WASHINGTON,SPOKANE,53063.0,0.0424412726,73380.0,65438.695238095235,0.0101600014513333,1506.6586183245715,76.35967983540372,31.223179118012425,2.6092824658385094,71.75905457298136,681.3314183909988,4234.710012430225,1,1.1986417855891367,74.82561826252378,1.4430887972987787,1.443088797298779
2997,WASHINGTON,STEVENS,53065.0,0.0599301683,67525.0,1493.0833333333333,0.0060775389833333,155.6867189641667,66.92924826470589,35.070788529411765,1.3935457352941176,77.54333495588236,681.7445498429489,4660.478289857245,0,-0.6728186997030509,34.27393785668992,2.6243407630412343,3.1231505224380096
2998,WASHINGTON,THURSTON,53067.0,0.0413774693,92357.0,38038.8,0.0269579464285714,911.4341338306124,77.19904586875,-40.42450096273292,-59.01916639130435,-2.1454372285714283,681.2097849151453,4640.209405333909,1,1.9981511558704197,88.49080532656943,1.518447621980677,1.518447621980677
2999,WASHINGTON,WAHKIAKUM,53069.0,0.0637362637,69726.0,657.0,0.018149929,2.4641671,70.3667568,28.2338722,2.4920982,78.73187714000001,688.6112169959783,5443.5677019583845,3,-0.4911375154312373,37.729866835764106,3.5567519067183007,4.466605738943338
3000,WASHINGTON,WALLA WALLA,53071.0,0.0415056629,71348.0,15350.75,0.0115882711333333,935.7189227583334,77.32131025581396,-202.7800843023256,-230.38207913953488,-164.06897504651164,678.5793896073657,4523.260849955046,1,1.3868094853963249,78.40837032339886,2.4666949245491105,2.4666949245491105
3001,WASHINGTON,WHATCOM,53073.0,0.0432397183,75920.0,20664.852941176472,0.0155375144038235,1116.5114126120588,78.76357659803921,-70.50754837254902,-95.27273110784311,-30.794341028431376,687.3325629262894,4001.9944936817433,1,1.2520771497217411,75.90361445783132,1.4703291143786517,1.4703291143786517
3002,WASHINGTON,WHITMAN,53075.0,0.0404361264,59044.0,4373.0,-0.00499119597,133.111274314,79.38211990909092,43.69522712121212,2.198049787878788,76.57757013939394,703.4378875883439,4167.356399337302,3,0.5559468480118551,61.00190234622701,2.2118713261338017,2.279277151566926
3003,WASHINGTON,YAKIMA,53077.0,0.057804004,67112.0,24683.48888888889,0.0142265568299999,831.6683163777778,75.81183302013423,33.96151081208053,1.9034616845637584,75.27486574563758,671.9341478818325,3954.280023258529,1,0.013447512798616475,48.38300570703868,2.2548197928971057,2.2548197928971057
3004,WEST VIRGINIA,BARBOUR,54001.0,0.0484433896,51353.0,1284.5,0.0689107872249999,36.02295072,67.248115875,43.633946875,0.7429544375,76.23096251875,651.6633489190117,4402.628163913128,0,-1.6456286678935,18.421052631578945,1.9497311787470486,3.6095846283233586
3005,WEST VIRGINIA,BERKELEY,54003.0,0.0340399614,78995.0,13188.714285714286,0.0303215729285714,548.4484143357142,76.0944390923077,28.129713092307693,1.923611769230769,57.38610499384616,653.469514620285,3937.143068572787,1,0.49010343380214466,59.57514267596703,1.2811263176413354,1.2811263176413354
3006,WEST VIRGINIA,BOONE,54005.0,0.0420515649,48034.0,1571.375,0.049885761875,26.639444,58.38002194117647,38.28809582352942,1.123889411764706,63.80192027058824,640.3452194940476,3303.5476333562274,0,-2.950905255457162,4.09004438807863,1.8737530862645062,4.367791880088001
3007,WEST VIRGINIA,BRAXTON,54007.0,0.0506329114,50038.0,1252.6666666666667,0.0027950389999999,7.919386433333334,63.37573123076923,47.31819653846154,1.2849113846153846,75.06858239230769,666.4556034482758,4351.043103448275,0,-1.9428221758193926,14.521242866201648,1.5492552373371893,3.75875883819353
3008,WEST VIRGINIA,BROOKE,54009.0,0.0501810657,49187.0,9132.0,-0.0137269536666666,154.80917441666665,74.38355327272728,34.862632454545455,1.0163609545454546,66.6253624,659.0916965193422,3956.956420583893,0,-0.9783275292928124,28.56689917564997,2.06256367191561,2.6245958159242466
3009,WEST VIRGINIA,CABELL,54011.0,0.0366380872,55031.0,30097.344827586207,0.0078303064586206,2229.5808286689653,69.51573932926829,42.85222770731708,2.4014776341463415,70.3015814792683,650.6942020415821,4596.904072828777,1,0.029665929285103795,48.795180722891565,2.1312756992936905,2.1312756992936905
3010,WEST VIRGINIA,CALHOUN,54013.0,0.0718031464,45793.0,684.5,0.0034035495,4.9527273,54.14888916666666,52.11969416666667,0.7700051666666666,78.10388056666666,676.0468085106384,4246.742021276596,0,-3.20274905178394,3.0120481927710845,3.3869629832450663,5.496038596129902
3011,WEST VIRGINIA,CLAY,54015.0,0.0580666447,45291.0,436.3333333333333,0.03806785397,3.8384715,62.500808375,46.59807175,0.163934375,76.06448126250001,655.0802083333333,3663.4375,0,-3.1828837043763496,3.0754597336715284,2.064641449111698,4.842427690907945
3012,WEST VIRGINIA,DODDRIDGE,54017.0,0.0318059299,56985.0,735.0,0.025351493,4.9425355,62.73282175,47.530466625,0.627240125,82.986084925,668.2256329113925,4817.28164556962,0,-1.1256371756877381,25.776791376030438,2.1767366284945147,3.6939800485635956
3013,WEST VIRGINIA,FAYETTE,54019.0,0.0440816327,49739.0,2813.4166666666665,0.0024120025833333,105.58442870333332,60.534391615384614,43.93598166666667,0.5453917435897436,72.08395883846154,662.2213632726664,4532.320510970349,0,-1.4693899603979186,20.735573874445148,1.7565442195841567,3.1597921697186324
3014,WEST VIRGINIA,GILMER,54021.0,0.0530066815,43671.0,2050.0,0.084430232265,25.7407441,64.780266,44.84271444444445,1.6280966666666663,73.16253533333332,672.3387096774194,4373.258064516129,0,-1.7245635038715683,17.3430564362714,2.677747841600383,4.131930884943974
3015,WEST VIRGINIA,GRANT,54023.0,0.0375679684,53187.0,1130.6666666666667,0.0329348908666666,12.852915366666666,75.56592850000001,36.6794219,0.3702649,68.91580658000001,679.1471590909091,4472.170454545454,3,-0.4693471476957918,38.205453392517434,1.83714080193898,2.892124258767599
3016,WEST VIRGINIA,GREENBRIER,54025.0,0.0367535467,47309.0,2655.285714285714,0.0162873276285714,49.652391514285725,68.11503996774194,42.75549925806451,1.7653992258064517,74.49248861612902,658.4535049098113,4325.772876643378,0,-1.1890458747680934,24.857324032974002,1.1415359526576327,2.7450924703545105
3017,WEST VIRGINIA,HAMPSHIRE,54027.0,0.0284304933,63290.0,783.8,0.0287397982,7.112957879999999,66.160916875,50.277203625,0.27632975,80.588316675,663.6260271886646,3953.302079709189,0,-1.2275052281222554,24.223208623969565,1.5430119566113718,3.353419523690873
3018,WEST VIRGINIA,HANCOCK,54029.0,0.057792663,58478.0,10001.25,0.0533670647125,273.0671408875,72.86910593548386,40.18808770967742,1.7558410322580644,69.2405402967742,661.4155910369986,4109.648403248286,0,-0.7635604637996988,32.3715916296766,2.541847346956712,2.743418689492689
3019,WEST VIRGINIA,HARDY,54031.0,0.043403078,52212.0,1845.6666666666667,0.0263443093333333,11.022577366666669,69.90788283333333,42.380256,0.868858,73.831993425,652.6797239847486,3535.187081418787,0,-1.9303509204029299,14.679771718452757,0.7770824802789671,3.3909606666597147
3020,WEST VIRGINIA,HARRISON,54033.0,0.0326332132,58897.0,8222.818181818182,0.0864692447,714.1290695272727,71.2403505,39.252862803571425,1.106400892857143,76.53091417857142,654.2768309696042,4071.9215744690514,1,-0.2565521121196783,42.29549778059607,2.763132114305314,2.763132114305314
3021,WEST VIRGINIA,JACKSON,54035.0,0.0415977506,52503.0,1705.8333333333333,0.0302711151666666,36.71909658333333,67.14478473913044,35.215035173913044,1.937886695652174,66.07783060869565,649.2904027448802,4008.3184254513135,0,-1.6810894549249644,17.97717184527584,0.6187949813540027,3.057365116122813
3022,WEST VIRGINIA,JEFFERSON,54037.0,0.0268490863,92747.0,7129.133333333333,0.0274527484666666,324.3688325533333,78.03275871875,22.073129125,3.9558038125,60.354199415625,651.7142131038285,4168.741111009476,1,1.1043343910795451,72.76474318325936,1.6977941894738975,1.6977941894738973
3023,WEST VIRGINIA,KANAWHA,54039.0,0.0360414202,56633.0,33034.1320754717,-0.0013657494509433,1896.1143115849056,75.32189132163742,34.58708432748538,3.223838187134503,74.77805639649124,655.4859693802345,4149.305449528976,1,0.23408799612627137,53.202282815472415,1.8022549178522698,1.8022549178522695
3024,WEST VIRGINIA,LEWIS,54041.0,0.0459733162,52827.0,2689.2,0.0542778086,126.8043592,68.0081102,44.415675666666665,2.267294,71.9296412,664.9501497005988,4367.146671095133,0,-1.0197964949707858,27.61572606214331,1.7660050858021656,2.791584384542954
3025,WEST VIRGINIA,LINCOLN,54043.0,0.0485409253,47435.0,487.8,0.0339082648,8.624587842,54.470842857142856,43.189913380952376,0.5705600476190476,73.70893678095237,647.2269791122468,3597.6350785450504,0,-3.417504224210592,2.28281547241598,2.0828309477205558,4.911156071036792
3026,WEST VIRGINIA,LOGAN,54045.0,0.0415197461,48745.0,1152.2222222222222,0.0586463444444444,45.371943244444445,53.71252141935483,41.878816451612906,0.5066148709677419,70.04602406774194,640.4989292110649,3485.691648982602,0,-3.0728410549814296,3.3925174381737477,2.3262496091046665,4.647955905299703
3027,WEST VIRGINIA,MCDOWELL,54047.0,0.064229249,35161.0,520.125,0.039526618,11.3315667625,39.04675174074074,59.77396344444445,0.527389037037037,84.88549309999999,628.8839909385456,3585.4378722575952,0,-5.344048126087051,0.09511731135066583,4.426650913675938,6.962958515754125
3028,WEST VIRGINIA,MARION,54049.0,0.0403402964,62449.0,10831.888888888889,0.0331928512555555,638.2136383777778,70.00623484745762,40.04461808474576,0.941030627118644,67.23129915254238,665.2519066831989,4209.590320646308,1,-0.14225695753689654,44.89537095751427,1.6064367138438185,1.6064367138438185
3029,WEST VIRGINIA,MARSHALL,54051.0,0.0497300586,59661.0,7493.222222222223,0.0236657811111111,486.7281373444445,72.0275193939394,37.206630545454544,1.0182358787878787,66.68652227878788,673.1740592832369,4225.421851225932,1,-0.30182636517151495,41.43944197844008,1.9337750120356456,1.9337750120356456
3030,WEST VIRGINIA,MASON,54053.0,0.0455263678,52054.0,1782.5,0.0329290573333333,60.65310124999999,63.73836959090909,41.28939863636363,1.2891110454545454,72.10463575454546,646.6252395955695,3420.3351755645035,0,-2.3372181155412943,9.923906150919468,1.1265855464946115,3.597838462175466
3031,WEST VIRGINIA,MERCER,54055.0,0.0440428315,47084.0,6928.1875,0.044308550875,431.981532275,62.058200224489795,44.37464608163265,1.5042278979591837,76.80927237755103,654.9077189466943,4577.019871932114,0,-1.2011550467501928,24.730500951173113,2.355959197227358,3.0562195222744846
3032,WEST VIRGINIA,MINERAL,54057.0,0.040931835,59085.0,4650.857142857143,0.1009154659285714,52.78190908571428,67.6375894,46.3093313,0.9821198,73.99132309000001,665.1900410640137,4030.9726241412095,0,-0.9128350885453034,29.486366518706404,2.775030348893676,3.473195864093118
3033,WEST VIRGINIA,MINGO,54059.0,0.0530795419,38358.0,1309.857142857143,0.0472705024428571,43.53889098571428,52.52207588,44.12983508,0.7605609200000001,71.040604248,641.7806765053649,3477.8014579201504,0,-3.696169456728671,1.4901712111604313,2.6094873438177566,5.096792853432719
3034,WEST VIRGINIA,MONONGALIA,54061.0,0.0310493083,62330.0,30849.625,0.0629715854929166,1284.320139625,75.34129577,-59.80050421000001,-96.7214759,-27.370155013,689.9397590966466,4300.83411744828,1,1.3262661797919229,77.26696258719087,2.0853613667133737,2.0853613667133737
3035,WEST VIRGINIA,MONROE,54063.0,0.030033557,47797.0,524.6666666666666,0.0314893894666666,4.1060021,68.18504058333333,39.73077925,0.0,70.6632166,645.2563443068451,3407.4875247608684,0,-2.344509694254088,9.860494610019023,1.6996054563805965,4.236644515578228
3036,WEST VIRGINIA,MORGAN,54065.0,0.0313637965,61802.0,1294.25,-0.0260979842,28.6203057,69.00084992307691,45.20906776923077,0.522605,76.19605577692309,648.4676453987822,4068.3380830017686,0,-1.1472803300096783,25.554850982878886,1.6992158835718167,3.066466925013707
3037,WEST VIRGINIA,NICHOLAS,54067.0,0.0464186563,48515.0,1102.142857142857,0.0285797499671428,14.6508218,62.899724285714285,41.15671557142857,2.5686690476190477,71.28915532857143,663.6353621882068,3997.817104591024,0,-2.112025094740333,12.618896639188332,1.0661130520432682,3.6823123230287274
3038,WEST VIRGINIA,OHIO,54069.0,0.0381328402,59882.0,24216.055555555555,0.0147801311277777,1676.7093527777777,76.407200125,40.600499875,1.5956655833333333,79.16253081875,670.4627243212133,4219.037018156099,1,0.5608997755333776,61.097019657577675,1.3518572463720722,1.351857246372072
3039,WEST VIRGINIA,PENDLETON,54071.0,0.0263866451,53640.0,464.3333333333333,-0.0035248937333333,1.8906734766666664,76.97826575,43.9265565,0.2588114999999999,70.1656136375,672.4512134851527,3598.8101126578367,0,-1.1084646408460435,25.967025998731767,2.372621781828751,3.9126760052393563
3040,WEST VIRGINIA,PLEASANTS,54073.0,0.0540540541,60991.0,1468.0,0.0268360117999999,23.6397688,65.66636271428571,37.055206428571424,0.0,65.0571855857143,674.1141447368421,4166.266447368421,0,-1.4111353512650486,21.40139505389981,1.5603378701594595,3.239466181732416
3041,WEST VIRGINIA,POCAHONTAS,54075.0,0.0450204638,43632.0,677.0,0.060884308,2.866638025,70.80852311111111,43.76610288888889,0.678537,81.75431907777778,677.7614285714286,3862.15,0,-1.8331631111796942,15.789473684210526,2.1546038948670097,4.197533561028064
3042,WEST VIRGINIA,PRESTON,54077.0,0.0387747189,54881.0,1368.25,0.0451000465,23.424875175,70.46811887878789,32.60064878787879,1.1683666363636365,65.98596723030302,679.7551355505183,4559.1972018809965,0,-0.5748902395777246,36.11287254280279,1.8897177598829191,2.86286092228927
3043,WEST VIRGINIA,PUTNAM,54079.0,0.0328338229,72073.0,6441.3,0.03349556116,289.4302209,72.3986065128205,26.009976025641024,2.9511191025641024,66.63145750512821,663.0956378728276,4410.266228663042,1,0.3637267726701526,56.24603677869372,1.2158899178951084,1.2158899178951081
3044,WEST VIRGINIA,RALEIGH,54081.0,0.0366963337,53456.0,11531.764705882351,0.0247556820882352,417.3395022058823,64.23989287719299,39.43446340350877,1.3675735789473684,69.47346242631579,658.8796120458272,4225.798592262429,0,-0.7689736155969746,32.21306277742549,2.0624448737631798,2.3134418964536705
3045,WEST VIRGINIA,RANDOLPH,54083.0,0.0475704195,50868.0,3552.8571428571427,0.0310532964999999,360.7299395428571,67.90108303703704,40.914031111111115,0.9095380370370372,71.03509324074074,668.2625528956386,4615.7024173889495,0,-0.7484903767430433,32.84717818642993,2.0567332859380167,2.554761300295741
3046,WEST VIRGINIA,RITCHIE,54085.0,0.0427179615,55110.0,1154.3333333333333,0.0153312560666666,9.237140033333333,63.865685600000006,43.6371359,0.7454225999999999,75.55338287,674.5288659793814,3707.210051546392,0,-1.8182959084166836,15.948002536461637,1.1459839405758099,3.5431345413706814
3047,WEST VIRGINIA,ROANE,54087.0,0.0602530629,48285.0,1343.25,0.037915486,36.934008425,57.070818625,53.9690615625,0.48112975,80.24999118125,662.2068276766894,3618.42522636088,0,-2.9359401921139536,4.216867469879518,2.2055081943723844,4.503682651048274
3048,WEST VIRGINIA,SUMMERS,54089.0,0.0387561965,44218.0,537.0,0.01070967275,237.091253875,57.31623758333333,44.24327758333334,0.3671275833333333,80.01812615833333,641.7151964830138,3879.522981354764,0,-2.642341205566803,6.689917564996829,1.949970208234864,4.174534268139894
3049,WEST VIRGINIA,TAYLOR,54091.0,0.0370464028,57821.0,751.75,0.11139672575,16.525148225,68.89158465,-440.6746027619048,-474.42494276190473,-413.9305706952381,666.9697174527366,4161.224002305053,2,-0.3816658047483065,39.91756499682943,3.3152595327326986,6.665404803055868
3050,WEST VIRGINIA,TUCKER,54093.0,0.0343959732,55563.0,839.3333333333334,-0.0033721215333333,6.6852901,74.0398485,41.320362125,0.5062450000000001,72.3856105875,683.8733050847458,4587.71186440678,3,-0.4045916221163713,39.315155358275206,1.617919802978578,3.16543565196821
3051,WEST VIRGINIA,TYLER,54095.0,0.059348199,58892.0,1628.0,0.0586787256666666,22.66541736666667,59.1517744,38.0842111,1.1287478,72.04098625,671.0831818181819,4535.122727272727,0,-1.7789397843496406,16.550412175015854,2.60582179149478,4.088577537236301
3052,WEST VIRGINIA,UPSHUR,54097.0,0.0462039487,53380.0,4813.666666666667,0.0468622759666666,504.6161260833333,66.595003,40.30355763157895,1.1413548947368422,73.04316149473685,665.2893144810171,4312.2235283873215,0,-0.8524248004572186,30.7863031071655,2.07479848832613,2.5570358026513054
3053,WEST VIRGINIA,WAYNE,54099.0,0.0411742035,51532.0,9069.181818181818,0.0797667367818181,182.5015808636364,62.86182525,44.27046802777778,1.408729388888889,71.390042725,657.6091825139628,3774.087247565548,0,-1.4324045031143924,21.179454660748256,2.5060288972331892,3.4095564379177916
3054,WEST VIRGINIA,WEBSTER,54101.0,0.051104517,40727.0,655.6666666666666,-0.0398645699999999,3.6252408666666662,60.16344428571428,55.53107071428571,0.490918,82.53028541428571,665.9408333333333,4106.197222222222,0,-2.7821708347891105,5.421686746987952,2.5641212654922803,4.856488479464471
3055,WEST VIRGINIA,WETZEL,54103.0,0.0586505726,56296.0,1757.8,0.00732047088,73.74723394,58.62864566666667,41.405377888888886,1.2075062777777776,69.57844840555555,661.0260574234186,3760.78491643254,0,-2.391725363611409,9.226379201014584,1.9001233700816447,3.907464585311039
3056,WEST VIRGINIA,WIRT,54105.0,0.0579839429,54506.0,229.0,-0.00054419085,1.942552445,64.369155,30.96498425,1.02053275,68.066347125,675.032,3267.35,0,-2.904530311995244,4.470513633481294,2.4963323918443647,4.990623273906176
3057,WEST VIRGINIA,WOOD,54107.0,0.0410350593,56353.0,22259.346153846152,0.0058034394323076,935.0057888692309,71.84958182608696,37.76874472463768,1.7166165942028986,66.79980380144927,666.1347674997126,4390.970907420265,1,0.07354241749577255,49.55611921369689,1.6637607416258975,1.6637607416258975
3058,WEST VIRGINIA,WYOMING,54109.0,0.0428591179,47212.0,1048.3333333333333,0.03745049905,10.409627766666668,47.622397684210526,43.680171,0.1741258947368421,71.71315404210526,637.3238305911118,3536.4258743288387,0,-3.713328770320213,1.4584654407102093,2.763538229387277,5.293721678180888
3059,WISCONSIN,ADAMS,55001.0,0.0509609423,57944.0,797.5714285714286,0.0233199952857142,8.55608662857143,72.7696885,32.70536511111111,0.7034424444444444,70.6714861,658.2952398229784,3553.160744679019,0,-1.872674943403378,15.409004438807864,1.2844775369631505,3.607070338421156
3060,WISCONSIN,ASHLAND,55003.0,0.0374501992,52158.0,1510.2857142857142,-0.0082244337999999,188.48651079428572,79.50178305882353,-518.7107217777778,-554.5192182222222,-487.3713654444445,673.4000403037209,3382.5672941945695,2,0.16558597930217434,51.68040583386176,2.1656017276589963,6.741872109516297
3061,WISCONSIN,BARRON,55005.0,0.0356843341,66507.0,4138.9,0.00147089143,116.11607994,82.32140645,31.987856925,1.585523625,67.12376957000001,675.2481351802058,3948.740358871025,1,0.42784776495439275,57.92644261255548,1.6834926508361323,1.6834926508361323
3062,WISCONSIN,BAYFIELD,55007.0,0.04536862,64339.0,649.4,0.0027258054,3.27345228,79.04085476923078,-683.1081472857143,-712.6788455,-655.2666399714286,682.3321173006973,3398.778754381685,2,0.10186036156773567,50.41217501585289,3.4880237406425327,8.862203065032649
3063,WISCONSIN,BROWN,55009.0,0.0271261563,77645.0,64535.51851851852,0.0199391497415094,1607.677596537037,82.42583446511627,-30.385743912790694,-55.25544640116279,10.910539746511624,676.8332305488021,3725.917156344807,1,1.775420619930656,85.2568167406468,1.7310696406819397,1.7310696406819397
3064,WISCONSIN,BUFFALO,55011.0,0.0441439974,73869.0,603.2,0.0121867645199999,32.970707292,82.82035415384615,31.375841153846157,1.3843796923076923,74.45326877692308,705.3360326671706,4594.746482837184,3,0.849348348389838,67.3430564362714,1.5588534010802995,3.082789425427321
3065,WISCONSIN,BURNETT,55013.0,0.0459025246,67061.0,709.8333333333334,-0.00123952478,5.7707164,77.34706061538462,37.42548169230769,1.387804,70.08667754615385,664.0937461696587,3550.3353296223263,0,-1.2069205665739535,24.635383639822447,1.8429523879363725,3.4182677415052134
3066,WISCONSIN,CALUMET,55015.0,0.0236987184,86890.0,30759.363636363636,0.0810519158090909,277.10229949090905,85.97702303030303,18.317451848484847,2.3128563636363637,59.68336284545455,681.7740269262014,3575.648758046478,1,1.9239404819152517,87.63474952441345,2.908905112411416,2.9089051124114156
3067,WISCONSIN,CHIPPEWA,55017.0,0.0351894139,76637.0,7988.272727272727,0.0440876161727272,225.8234067272727,83.03955815217391,28.08242852173913,1.4760380000000002,59.94851253695652,689.3407942383091,4523.4886569072005,1,1.5791188167989911,82.05453392517438,1.5366222057909757,1.5366222057909757
3068,WISCONSIN,CLARK,55019.0,0.0277011494,66994.0,1223.625,0.0074700238499999,16.7306933375,81.81657406896552,33.50312882758621,1.4087433103448277,68.66189089310345,688.8239364991114,4108.205424598043,3,0.50168574553386,59.797083069118585,1.0947478970320286,2.643200096511641
3069,WISCONSIN,COLUMBIA,55021.0,0.0260119157,79582.0,3276.8333333333335,0.0252985109416666,93.50003423333332,85.93633406818182,21.665665795454547,2.2034427954545452,64.54444729772727,670.4085204605509,3634.4227942407815,1,0.922745807982426,68.92834495878249,2.2051342334868482,2.2051342334868487
3070,WISCONSIN,CRAWFORD,55023.0,0.0393226177,57014.0,1611.0,0.0243676861499999,321.93479319833335,81.3830684375,35.6541761875,1.4370540625,67.16356443125,700.725629976412,4149.790441562934,3,0.5184353723790139,60.20925808497146,2.2218990159722263,2.4327566619448713
3071,WISCONSIN,DANE,55025.0,0.0226456243,84190.0,88986.65420560748,0.0376426639213333,3336.3119595895237,86.72532127272727,-138.77315619032257,-156.74496413225805,-103.12953117483872,682.597476860867,3861.0067471059606,1,2.8187157735687918,95.84654407102093,2.8269469386354054,2.8269469386354054
3072,WISCONSIN,DODGE,55027.0,0.0261807087,73861.0,4793.45,0.0302847766949999,353.237949625,83.5297036716418,24.16381310447761,1.4715623880597015,56.119047538805965,678.702602060859,3904.192955747158,1,1.1514257553250569,73.81103360811667,1.6125988386912347,1.6125988386912347
3073,WISCONSIN,DOOR,55029.0,0.0303399615,74247.0,2334.6666666666665,0.0184677548222222,81.88322192222222,87.09777557692307,-340.99122892592595,-367.77478233333335,-300.89135473703703,693.3766852070889,3832.5360592633274,2,1.732550318077678,84.68611287254281,3.139587487394559,4.589578364260607
3074,WISCONSIN,DOUGLAS,55031.0,0.043485801,73372.0,22967.5,0.044898294075,562.9729043149999,81.28381758536585,-208.1470393571429,-236.81089421428572,-176.89118858571427,667.8075112339699,3846.407781549528,1,1.067410226707222,72.09892200380469,2.883020081089301,2.883020081089301
3075,WISCONSIN,DUNN,55033.0,0.0338196014,71215.0,4922.125,0.0081729098375,176.48009372500002,82.92585223333334,30.363243633333333,1.0724812,62.018251676666665,680.5822418534452,4043.311351177312,1,0.8750146202126124,68.00887761572606,1.4229132923816,1.4229132923816
3076,WISCONSIN,EAU CLAIRE,55035.0,0.0270532513,72806.0,34394.8,0.01281966892,1639.1922183499998,85.51447868115942,34.56231553623188,1.952659855072464,61.77463332753623,687.5922962574488,3832.327767503397,1,1.8537378049486575,86.36651870640456,1.8211587222956707,1.8211587222956707
3077,WISCONSIN,FLORENCE,55037.0,0.0342935528,66442.0,426.0,0.0936683865,1.991253925,73.7021642,30.7458304,0.6649702,68.19715957999999,707.0999999999999,4281.5,3,-0.09244646702098804,45.973367152821815,2.924619417517523,4.455009087929954
3078,WISCONSIN,FOND DU LAC,55039.0,0.0265909293,73485.0,17830.5,0.03228261324,847.9915501400001,84.9042860116279,25.103588895348835,1.9950826046511627,55.607011265116284,685.0313910819456,3855.7737250870578,1,1.6379023406560143,83.00570703868104,1.6525134603988434,1.6525134603988436
3079,WISCONSIN,FOREST,55041.0,0.0483911832,59190.0,731.0,-0.0081698465,5.0636794875,71.82576320000001,37.3735475,1.0709755,70.36600723000001,663.3532120504829,3811.286972856008,0,-1.670102135595324,18.16740646797717,1.4389042295895318,3.5859017411973264
3080,WISCONSIN,GRANT,55043.0,0.0290949888,63246.0,1795.5,0.0110466819083333,74.64735049166667,84.08705232608695,31.716317804347824,1.2663515869565216,64.67923893913044,701.2973249312022,4683.755691927263,3,1.3002319603251653,76.79137603043755,1.0910112122249964,2.4833545285529395
3081,WISCONSIN,GREEN,55045.0,0.0243695898,78114.0,5357.625,0.013608629475,184.7530468125,86.06022584375,23.39541690625,2.29575115625,55.305502771875,689.5435447570809,4744.7472097189675,1,2.1019740214979823,89.82244768547875,1.8593202330345642,1.859320233034564
3082,WISCONSIN,GREEN LAKE,55047.0,0.0341118957,64516.0,1888.8333333333333,-0.019310766,78.66818378333333,83.9367457,28.40190915,2.10849425,60.32292575,698.3964966920046,4313.0281355574325,3,0.9246187206414594,68.99175649968295,1.6735426210091386,2.520039447057667
3083,WISCONSIN,IOWA,55049.0,0.0259336849,77433.0,1595.3333333333333,0.0116332238333333,42.4270175,85.82728805,24.63712765,2.0290408500000003,54.440091905,712.9069723559727,4797.080988552001,3,2.062404658474256,89.37856689917565,1.2313091538895602,2.9477284774598975
3084,WISCONSIN,IRON,55051.0,0.0547998445,58900.0,1222.6666666666667,-0.0039844203333333,30.381451726666665,76.569664,,,-1182.68373585,669.7224309722652,3366.934262295082,0,-1.3754702225232287,22.194039315155358,5.655510890861149,6.260383098993402
3085,WISCONSIN,JACKSON,55053.0,0.0389075539,61023.0,1640.2,0.0331736480799999,57.40325829999999,79.205239,32.781232875,1.33588575,67.10945439375,682.4195194975463,3499.2296209624255,0,-0.3803941345632863,39.94927076727964,2.084794091669634,2.6205118512148853
3086,WISCONSIN,JEFFERSON,55055.0,0.0275588847,82356.0,5671.05,0.0299028079245,361.95337097,84.77848793103448,25.618984655172415,1.6682557068965518,55.91993181206896,681.1076131130471,3961.813084623264,1,1.532261166479959,81.19847812301839,1.6247152029886773,1.6247152029886773
3087,WISCONSIN,JUNEAU,55057.0,0.0319047269,63587.0,1937.571428571429,-0.0346510047,61.3041503,77.52571075,33.5034575,1.3462060416666668,64.37521203333334,661.4299951826911,3422.481745645881,0,-0.6259348495076655,35.2568167406468,2.3428002675297726,2.9096339228665653
3088,WISCONSIN,KENOSHA,55059.0,0.0343950574,75699.0,28076.285714285714,0.0121223887628571,935.8283190857144,79.04580448031496,-50.732684421875,-75.3746106171875,-22.422231176562494,660.6352272327639,3963.767204959763,1,1.0173452297649261,70.98922003804692,1.114355677988337,1.114355677988337
3089,WISCONSIN,KEWAUNEE,55061.0,0.025023084,77472.0,1963.0,0.032598418975,131.2294726,85.111508,-531.9717123333334,-554.2995906111112,-504.3315984944445,687.8895101682232,3634.2850732513534,2,1.9509513306011155,87.88839568801522,2.8045291685496316,6.677800731187846
3090,WISCONSIN,LA CROSSE,55063.0,0.0256471324,71260.0,32920.96,0.03260378016,1378.633485692,85.59681673255814,30.344534651162792,2.123910441860465,70.38406873255813,677.4933092573748,3865.479060128935,1,1.6848297324365986,83.73493975903614,1.7812519707470735,1.7812519707470735
3091,WISCONSIN,LAFAYETTE,55065.0,0.0227994767,73114.0,799.8,0.021353846776,6.389654500000001,85.1146145625,27.9576839375,1.3236911875,61.387283575,716.7397725285249,4356.784137515075,3,1.4475994954161298,79.26442612555485,1.1898020028934275,3.6468284632803933
3092,WISCONSIN,LANGLADE,55067.0,0.0355517017,57907.0,2003.6666666666667,0.0053492373333333,168.58867955000002,78.3512049047619,36.263430047619046,1.4807284761904762,69.76237525238096,678.2966197764587,3953.291141603099,0,-0.0794921970478593,46.32213062777426,2.00899007442383,2.0286619229375744
3093,WISCONSIN,LINCOLN,55069.0,0.0321697467,71871.0,1998.6,0.0633901376,234.52742881600005,81.74296115384615,29.791702884615383,0.8820258461538462,61.83399597307692,688.7051137194676,3604.660764746443,1,0.624119038572752,62.87254280279011,2.5671568802882803,2.56715688028828
3094,WISCONSIN,MANITOWOC,55071.0,0.0300230947,69652.0,10672.105263157897,0.0128381342736842,605.3263499000001,84.11566982432433,-104.81068134666668,-131.68065857333332,-62.159042514666666,683.1396096441262,3940.813094918504,1,1.477139753157123,79.93024730500952,1.7464602994048162,1.7464602994048162
3095,WISCONSIN,MARATHON,55073.0,0.0274241883,74505.0,17545.0,0.0232563104777777,825.9245287259259,84.37297055339806,26.212832514563107,2.2503440194174757,68.98653163495145,682.8838522324835,4047.941270738889,1,1.6827666677225448,83.6715282181357,1.3466614390795926,1.3466614390795923
3096,WISCONSIN,MARINETTE,55075.0,0.0400398825,62650.0,4360.833333333333,0.0328364393333333,250.018820825,78.4776622195122,-203.77835445238097,-236.6406958809524,-172.5377787142857,680.086577677169,3523.0630731292167,1,0.2901111287481599,54.692454026632845,3.1083447983817147,3.1083447983817147
3097,WISCONSIN,MARQUETTE,55077.0,0.0373663188,67207.0,649.2,-0.0084171538399999,8.64014238,79.80003950000001,32.70365957142857,0.6567755714285715,65.26623917142857,680.3886860694427,4481.492628205128,3,0.031267928258623984,48.85859226379201,1.401761446464849,2.9834640311033103
3098,WISCONSIN,MENOMINEE,55078.0,0.0613861386,49791.0,1107.0,0.01448516845,14.12309795,61.90061733333334,41.782402,0.0,73.35764056666666,631.2079162289916,2690.515769432773,0,-3.882282803427961,1.077996195307546,2.730876693505588,5.252634814286373
3099,WISCONSIN,MILWAUKEE,55079.0,0.0376525338,63304.0,184758.17508417508,0.0400149013761279,2949.633702212121,75.34822865810969,1.903046580908032,-32.716373282887076,40.09381363038416,660.5379441591382,3890.952649531632,1,0.7580113622962951,65.40900443880786,2.3016405225948695,2.301640522594869
3100,WISCONSIN,MONROE,55081.0,0.0267928834,63372.0,3270.0,0.0691910831111111,176.07217115555557,80.75490811428571,31.168702657142855,1.1457320285714288,61.461969111428566,674.3795613396568,3638.9955857600457,1,0.3103751208992992,55.00951173113506,2.5728779386945466,2.5728779386945466
3101,WISCONSIN,OCONTO,55083.0,0.0326217896,69599.0,792.4,-0.0009703569799999,12.904547392,80.81685428571429,-314.5866903103448,-343.50173237931034,-284.6478762827586,672.8339025031427,3901.6646385415224,2,0.4173274089182768,57.641090678503495,2.8570363014865587,4.60051007415906
3102,WISCONSIN,ONEIDA,55085.0,0.0344164055,66650.0,2107.1428571428573,0.0324114867857142,139.17925757285715,80.03498610526316,31.805842263157896,2.203290105263158,75.0615077868421,665.6321906538691,3525.2060614862603,0,-0.18561452439008028,43.84908053265694,2.1252617589823917,2.2078798995895577
3103,WISCONSIN,OUTAGAMIE,55087.0,0.0258032233,86098.0,55688.65,0.0393412476317499,1468.308503255,85.02216919083969,24.064579396946566,2.5892943664122137,66.22673121755726,683.7764554006609,3600.4143538192207,1,2.1181756074765,90.20291693088141,2.252559957586699,2.252559957586699
3104,WISCONSIN,OZAUKEE,55089.0,0.0260379872,98394.0,18049.61111111111,-0.0003808376111111,512.9896543333333,86.67346493333334,-149.5590294262295,-153.6439040327869,-116.27921890491804,694.024463848806,4863.0012812302075,1,3.4031230444938716,98.06594800253646,2.7797308836125056,2.7797308836125056
3105,WISCONSIN,PEPIN,55091.0,0.0312650313,70012.0,1033.5,0.00830003595,9.73630835,85.03827016666666,30.445011833333336,1.9928375,60.42665926666666,736.883207070707,5105.19203981113,3,2.0245357385392966,88.77615726062143,1.843568811645491,4.104266608682527
3106,WISCONSIN,PIERCE,55093.0,0.0348126708,95522.0,1975.0,0.0059219443624999,130.7846475625,87.16458684615385,25.02161503846154,2.495960807692308,51.34713494230769,684.1812994486958,3993.1686408915534,1,1.5914876599828642,82.27647431832594,2.4297987591365926,2.4297987591365926
3107,WISCONSIN,POLK,55095.0,0.0412845858,71613.0,1450.7,0.00598608166,24.36701148,82.24328696875,27.50721346875,1.90421315625,59.424454209375,681.3260387476969,3760.273691187519,3,0.04160778265199845,48.95370957514268,2.0803736234494536,2.5539717791265777
3108,WISCONSIN,PORTAGE,55097.0,0.0296948543,71295.0,13394.714285714286,0.0251013987142857,878.0695346142857,85.0622201153846,30.98905026923077,1.949337846153846,59.83047580961538,680.3616820677004,3885.8718417555287,1,1.3860182223410338,78.37666455294864,1.4779319314123125,1.4779319314123125
3109,WISCONSIN,PRICE,55099.0,0.0336515887,60223.0,857.3333333333334,0.0069685446833333,20.185246033333332,81.76166111764707,34.922738,1.245456,69.51131864705883,699.8417737771889,4076.6999736264784,3,0.2781871860566179,54.31198478123018,1.2599170297698756,2.9790269555292084
3110,WISCONSIN,RACINE,55101.0,0.0355180593,74555.0,28113.81818181818,0.0099223801560909,1259.6621121363637,77.66208119277108,-30.967501898203594,-57.258520215568865,8.003836913173652,666.5917791875601,4020.6135744825806,1,1.0157308155285545,70.9575142675967,0.9188878480163929,0.9188878480163929
3111,WISCONSIN,RICHLAND,55103.0,0.0301689917,60639.0,2016.8,0.0210761884,59.37110084000001,82.8792201875,29.604872,1.278209125,66.20891905,694.1335065739067,3154.721677199615,3,0.07499031591151847,49.619530754597335,2.679143651997059,3.0181699014042502
3112,WISCONSIN,ROCK,55105.0,0.0338885438,73656.0,16932.0,0.0105541459799999,861.6216482128947,79.25852700847459,30.3737573220339,1.603752652542373,61.06690026525423,661.0821763135368,3780.720936876989,1,0.6508411041898668,63.538363982244775,1.2294929946233695,1.2294929946233693
3113,WISCONSIN,RUSK,55107.0,0.0372807018,58513.0,924.8,-0.0207464438,92.766869908,79.96376426666667,40.017756266666666,0.8136234666666666,72.95836741333332,674.0232287592976,3686.254618127444,0,-0.48080733505821066,37.95180722891566,2.218247130564929,2.8114989851882193
3114,WISCONSIN,ST CROIX,55109.0,0.0352614038,103731.0,6379.5,0.0273769572357142,276.1070347928571,86.30052034782608,17.044274217391305,4.2600207173913045,54.71976699347826,684.1190158568787,4275.947687679578,1,2.2530067431315586,91.94673430564363,2.2443893875308953,2.2443893875308953
3115,WISCONSIN,SAUK,55111.0,0.0264679211,79349.0,5070.384615384615,0.0130934538461538,146.53516306923078,86.74432015789473,27.56564455263158,1.8587025263157897,69.02714769210526,672.8862727875959,4217.685720280607,1,1.4735687920489404,79.86683576410907,1.6838687157938592,1.6838687157938592
3116,WISCONSIN,SAWYER,55113.0,0.042201382,59053.0,988.3333333333334,0.0547302868333333,19.233307871666664,77.35741377777778,35.08504994444444,1.4876525,69.15852823333334,661.9217035981189,3828.461434504829,0,-0.9826893858156523,28.37666455294864,1.7389692760109743,3.09448013466197
3117,WISCONSIN,SHAWANO,55115.0,0.0299863255,67562.0,2549.0,0.0415171888545454,119.2532941818182,82.53811946666666,29.7729355,1.311614533333333,64.74156101666667,673.9737433268439,3507.27801497369,1,0.25570544041317306,53.709575142675966,2.3102836964683897,2.3102836964683897
3118,WISCONSIN,SHEBOYGAN,55117.0,0.0246294403,73970.0,20190.57692307692,0.0237935824846153,837.4423263846154,84.45307541791045,-122.24825355882352,-145.29888188235296,-79.68131576176471,681.590355831709,4046.9628735335114,1,1.9816571732406327,88.07863031071655,1.925756208325034,1.9257562083250341
3119,WISCONSIN,TAYLOR,55119.0,0.037210172,65125.0,3074.8333333333335,0.0256527599,174.45961326333335,83.30923452941177,33.961091823529415,1.2437308235294118,67.27594577058824,709.2851841952971,4393.066187362847,3,1.2595707958913918,76.06214331008243,1.8754973455227013,2.307834216079374
3120,WISCONSIN,TREMPEALEAU,55121.0,0.034562212,69119.0,1628.5,0.0131897643375,17.7049936625,84.64237286363635,29.58362022727273,1.191367909090909,61.918304627272725,702.0209544692212,3895.014298233693,3,0.7092621862034446,64.45783132530121,1.4848209791214537,2.828414571847371
3121,WISCONSIN,VERNON,55123.0,0.0281911755,69389.0,1138.142857142857,0.0254180093571428,30.736302371428568,80.57880676923077,30.532386961538464,1.0668711153846155,63.23064701538461,689.3257092910446,3632.797287017256,3,0.26478262036912276,54.12175015852885,1.8706273095084236,2.7042946307264484
3122,WISCONSIN,VILAS,55125.0,0.0394950751,63779.0,1181.2,-0.0202883525999999,12.50129426,79.813987125,34.45152975,2.325582625,67.68106198125,676.8387142702328,4032.764422023784,3,-0.3088809138814874,41.28091312618897,2.0399862116874705,2.8755320753108586
3123,WISCONSIN,WALWORTH,55127.0,0.0292480758,76573.0,6251.954545454545,0.0279978541272727,319.3805245909091,83.07649619767442,24.702971162790696,3.232912581395349,54.21782777441861,673.9092755879471,4061.823382654127,1,1.1728650670976768,74.25491439441979,1.264445544229353,1.264445544229353
3124,WISCONSIN,WASHBURN,55129.0,0.0374902369,63438.0,1064.8,0.0092595827,7.89719724,76.98965253333334,35.86757,1.0060185333333334,67.93310801333334,669.533509742984,4370.449129935115,3,-0.40102015205213243,39.50538998097654,1.7456911059095688,2.739078787695016
3125,WISCONSIN,WASHINGTON,55131.0,0.0255070444,93830.0,14007.42857142857,0.02208036225,399.12090097857146,86.25538544578313,17.899250602409637,3.834038686746988,56.79330357228916,687.9248031414132,3892.944142289773,1,2.246600798643554,91.85161699429297,2.031279940949716,2.031279940949716
3126,WISCONSIN,WAUKESHA,55133.0,0.0264533705,99168.0,56294.848837209305,0.0201907236837209,1041.4265685465116,85.21891751839465,15.906682632107024,7.399961749163879,49.19867193846154,688.9544782496409,4561.309669963716,1,3.109933003793569,96.98795180722891,2.1870515036322935,2.1870515036322935
3127,WISCONSIN,WAUPACA,55135.0,0.0304131448,68545.0,3118.5,-0.0300200241183333,85.46735589166667,82.1768069512195,28.29333387804878,1.1378914390243902,60.75472734146341,678.6053817159376,4281.853532340772,3,0.7729039023219166,65.82117945466075,2.1292777137190635,2.1433356838173356
3128,WISCONSIN,WAUSHARA,55137.0,0.0347500668,70336.0,878.0,0.0604291699885714,10.310366657142856,79.1443558095238,30.93124042857143,0.879301,65.91060675714286,659.6854120686546,3228.053795513634,0,-0.8639697682089976,30.405833861762844,2.4859332741481395,3.531723575898785
3129,WISCONSIN,WINNEBAGO,55139.0,0.0265997383,70720.0,39162.07317073171,0.0258925352146341,1407.1511868414634,82.9455273206107,-48.33416290839695,-74.00168567938931,-5.301765962595419,681.0648683065687,4020.3566592176144,1,1.8013012379174769,85.70069752694991,1.5076940724965409,1.5076940724965409
3130,WISCONSIN,WOOD,55141.0,0.0353815837,67068.0,9439.588235294115,0.0193318300529411,599.507112982353,83.22987113888888,29.634690111111112,2.269710263888889,73.78234619722222,672.140203554827,3577.075355960373,1,0.5753514008353613,61.54090044388079,1.6768444599944283,1.6768444599944283
3131,WYOMING,ALBANY,56001.0,0.0260108883,59633.0,,0.0040789753899999,1228.907984444,86.82140889285714,41.44942403571429,2.204357642857143,74.09915569642858,694.2330098436018,4754.83362189616,3,1.700076878357665,84.11540900443882,2.45406305838618,2.4603563763620047
3132,WYOMING,BIG HORN,56003.0,0.0325581395,60818.0,,0.0065333357666666,1.5725428533333332,78.21679222222222,26.257513666666668,1.9641418888888889,57.39297952222223,696.0043747484332,4165.2700285759465,3,0.05312407987775905,49.27076727964489,1.4178912992853925,3.1839661605690566
3133,WYOMING,CAMPBELL,56005.0,0.0266820849,89749.0,,0.0264609695142857,629.8170273285714,87.062737,14.75563948,3.59373576,50.138099736,678.3133459429254,4475.038127709301,1,2.0445202998420053,89.09321496512365,2.0735150116422694,2.07351501164227
3134,WYOMING,CARBON,56007.0,0.0295091009,67773.0,,0.02424576188,44.6228851274,87.77189320000001,21.394762066666665,1.247935866666667,62.40433501333334,675.9592128459393,4446.013386015964,3,1.0447662380947231,71.49651236525048,1.5814909387855185,2.2570315127007676
3135,WYOMING,CONVERSE,56009.0,0.0233735878,77224.0,,0.0475727172499999,37.02224701,85.19313954545454,19.716685636363636,3.1060405454545457,60.10277385454546,671.9116849875093,4507.790710640107,3,1.274063403491524,76.4426125554851,1.951255628105069,2.415145696476617
3136,WYOMING,CROOK,56011.0,0.0236747298,77897.0,,0.0251215695,0.908344035,82.2048504,21.6610426,1.6296034,70.50531846,695.0695528083028,4798.239468864469,3,1.3340556810593638,77.4571972098922,1.2354642747691753,3.3453145740701817
3137,WYOMING,FREMONT,56013.0,0.0338273027,64170.0,,0.02587969235,314.691829174,81.8848385483871,33.15078758064516,1.9296412903225808,72.44519990967741,664.1387811688688,3904.276770397335,1,0.1687127570809141,51.80722891566265,1.8623240385373983,1.8623240385373985
3138,WYOMING,GOSHEN,56015.0,0.0256250971,63191.0,0.0,0.030971168175,49.876630635,79.61498491666667,33.02170041666667,0.8752504999999999,67.072185825,692.0000677379234,4236.7301913014535,3,-0.7705716583474044,32.149651236525045,4.551962318382643,6.389452325848503
3139,WYOMING,HOT SPRINGS,56017.0,0.0257179597,60811.0,,0.01359204565,326.828677575,83.6861055,35.82479325,2.51354575,77.55908775,680.5316307031303,3768.5731463263546,1,0.5803067996218744,61.69942929613189,2.2024106170725823,2.202410617072582
3140,WYOMING,JOHNSON,56019.0,0.0276634659,66100.0,,0.0258360955,51.001061825,89.00228200000001,24.9647044,2.4581506,67.00809174,706.7672354276159,4333.897280617933,3,1.585335875392933,82.14965123652505,1.4633783284297703,2.8193535666873633
3141,WYOMING,LARAMIE,56021.0,0.029679478,75131.0,,0.0353981750190476,948.6398654390476,84.59076564705883,-121.1781076231884,-142.4863156231884,-80.84965816811594,669.360964757129,4494.3622142788045,1,1.5490529083967421,81.57894736842105,2.1508483209755753,2.1508483209755753
3142,WYOMING,LINCOLN,56023.0,0.0288981926,88037.0,,0.0212525698149999,13.715065345,82.09529192307693,20.677669846153847,2.1883736923076924,59.07556006153846,708.9337642401456,4660.017998096686,3,1.8557138612422697,86.42993024730501,1.430186822448909,2.889946097162416
3143,WYOMING,NATRONA,56025.0,0.0316398162,73110.0,,0.0155997158055555,896.5255171666666,85.40900799999999,25.3268631875,3.418292791666667,65.47729055416666,670.3701359415376,4271.389646919927,1,1.1265169680824276,73.20862396956245,1.6851980899277208,1.6851980899277208
3144,WYOMING,NIOBRARA,56027.0,0.0256849315,56477.0,,0.030955529,0.32215843,79.954658,36.87440533333333,2.3485066666666667,73.0863622,697.8574074074073,5242.555555555556,3,0.8279668028024709,66.96258719086873,1.662317584414992,3.854981193983488
3145,WYOMING,PARK,56029.0,0.0286221997,70330.0,,0.0275482664,376.780796796,84.29609219047619,29.031533857142858,1.6899492857142857,70.95001638095239,680.4915107326318,3986.1705078257414,1,0.9660567147441539,69.91122384273937,1.861775212927472,1.8617752129274718
3146,WYOMING,PLATTE,56031.0,0.0293496126,64207.0,,0.0029230409999999,1.40760294,83.30413133333333,35.99237311111111,0.9583376666666668,71.20976173333332,695.1652653507216,4659.971327038411,3,0.7940153036957238,66.39188332276474,0.9512078231857238,3.265025637781646
3147,WYOMING,SHERIDAN,56033.0,0.0272012772,71080.0,,0.0156473600366666,586.6285670083333,85.27136490476191,26.662465904761905,2.5981670952380953,66.73201806190475,680.1243977482882,4764.41755321959,1,1.5963646901464512,82.40329740012682,1.8649237175747888,1.8649237175747886
3148,WYOMING,SUBLETTE,56035.0,0.0329228449,78217.0,,0.0556511326,0.84819102,86.15969225,13.87557175,4.57119825,45.823820125,686.0222222222222,5619.11111111111,3,1.7002178526218694,84.14711477488903,2.3917048657328017,3.921247605670578
3149,WYOMING,SWEETWATER,56037.0,0.0333810676,76442.0,,0.0350500792075,217.9217932733333,83.94920252941176,17.35102282352941,3.922565264705882,51.76235341176471,666.8886540788344,4712.77785180257,1,1.157589195102335,73.96956246036778,1.7699751620053135,1.7699751620053135
3150,WYOMING,TETON,56039.0,0.021469383,130156.0,,0.0187641735,76.4917905925,89.52863742857143,15.229819,6.505123428571429,59.91922992142857,692.4600260416667,4670.529947916667,3,3.5534636354523284,98.44641724793912,4.083554845526874,4.191791000837864
3151,WYOMING,UINTA,56041.0,0.0317722076,79086.0,,0.0103101082666666,30.337931333333337,83.2775035625,24.7732211875,3.454857875,60.11879705625,665.6490860767942,4402.625510892769,3,0.7830091390903956,66.01141407736209,1.855753804461046,2.0378389768487453
3152,WYOMING,WASHAKIE,56043.0,0.0330470986,62794.0,,0.0235281696666666,705.5093977466668,85.733343375,31.51192675,2.807290375,70.61572935,695.8477871130618,4295.49290465074,1,1.2450051729405436,75.74508560558021,2.1511645205601218,2.1511645205601218
3153,WYOMING,WESTON,56045.0,0.0208978328,66429.0,,0.01629191035,16.88988561,80.7490552,25.227633599999997,1.0202266,65.30716402,691.368688368823,4038.532539494293,3,0.7226873809791724,64.77488902980343,1.3851487249082233,2.628348224776279
